brand_name,model_name,production_start,production_end
Abarth,1000 OTR Berlinetta Bertone,,
Abarth,1000 SP,,
Abarth,1100 Scorpione Spider (Boano),,
Abarth,124 Spider,2016,2016
Abarth,1500 Biposto,,
Abarth,204A,,
Abarth,205A Berlinetta,,
Abarth,207A Spyder Corsa Boano,,
Abarth,208A Spyder Boano,,
Abarth,209A Coupé Boano,,
Abarth,210A Spyder Boano,,
Abarth,215A Coupé Bertone,,
Abarth,216A Spyder Bertone,,
Abarth,3000 Prototipo,,
Abarth,500,2008,2008
Abarth,500 Assetto Corse,2009,2010
Abarth,500 Custom,2013,2013
Abarth,500 Esseesse,2008,2008
Abarth,500C,2010,2010
Abarth,595,,
Abarth,595 Competizione,2012,2016
Abarth,595C Turismo,2013,2013
Abarth,695,,
Abarth,695 Tributo Ferrari,2010,2010
Abarth,750,,
Abarth,750 Spider Allemano,,
Abarth,Grande Punto,2007,2007
Abarth,Grande Punto Esseesse,2007,2007
Abarth,Monomille,,
Abarth,OT 1300,,
Abarth,Punto Evo,2010,2010
Abarth,Punto Evo Esseesse,2010,2010
Abarth,Zagato,,
Acura,1.6EL,2000,2000
Acura,1.7EL,2003,2004
Acura,3.2CL,2001,2003
Acura,3.2TL,2000,2003
Acura,3.5RL,2000,2004
Acura,ADX,2024,2026
Acura,CL,1997,2004
Acura,CSX,2005,2011
Acura,EL,1997,2000
Acura,ILX,2012,2022
Acura,Integra,1986,2026
Acura,MDX,2001,2026
Acura,NSX,1991,2022
Acura,NSX-T,2000,2003
Acura,RDX,2006,2026
Acura,RL,2004,2012
Acura,RLX,2013,2020
Acura,RSX,2002,2006
Acura,RSX TYPE-S,2005,2006
Acura,TL,1995,2014
Acura,TLX,2015,2025
Acura,TSX,2003,2014
Acura,ZDX,2009,2026
Alfa Romeo,12C,,
Alfa Romeo,147,2001,2007
Alfa Romeo,147 (937),2000,2007
Alfa Romeo,156,1997,2004
Alfa Romeo,156 (932),2000,2003
Alfa Romeo,156 Sportwagon,2000,2005
Alfa Romeo,156 Sportwagon (932),2000,2004
Alfa Romeo,159,2005,2010
Alfa Romeo,159 (939),2004,2009
Alfa Romeo,159 Sportwagon,2006,2011
Alfa Romeo,159 Sportwagon (939),2005,2009
Alfa Romeo,166,1998,2006
Alfa Romeo,166 (936),2000,2005
Alfa Romeo,33 Stradale,,
Alfa Romeo,4C,2013,2020
Alfa Romeo,4C (960),2012,2012
Alfa Romeo,4C SPIDER (960),2013,2013
Alfa Romeo,6C,,
Alfa Romeo,8C,2006,2006
Alfa Romeo,8C Competizione,,
Alfa Romeo,8C Competizione Spider,2000,2013
Alfa Romeo,8C SPIDER,2007,2007
Alfa Romeo,Brera,2005,2009
Alfa Romeo,Crosswagon Q4,2004,2007
Alfa Romeo,GIULIETTA (940),2009,2012
Alfa Romeo,GT (937),2003,2007
Alfa Romeo,GTA,,
Alfa Romeo,GTV (916C_),2000,2002
Alfa Romeo,Giulia,2016,2025
Alfa Romeo,Giulia (952),2016,2027
Alfa Romeo,Giulia GTA,2020,2026
Alfa Romeo,Giulia Quadrifoglio,2016,2022
Alfa Romeo,Giulia TZ,,
Alfa Romeo,Giulia Veloce,2016,2022
Alfa Romeo,Giulietta,2010,2015
Alfa Romeo,Giulietta Quadrifoglio Verde,2011,2016
Alfa Romeo,Gt,2003,2007
Alfa Romeo,Gtv,1997,2003
Alfa Romeo,Junior,2024,2026
Alfa Romeo,MITO (955),2007,2012
Alfa Romeo,MiTo Veloce,2016,2018
Alfa Romeo,Mito,2008,2014
Alfa Romeo,Mito Quadrifoglio Verde,2010,2010
Alfa Romeo,SPIDER (916S_),2002,2002
Alfa Romeo,SPIDER (939),2005,2008
Alfa Romeo,Spider,1998,2009
Alfa Romeo,Stelvio,2017,2026
Alfa Romeo,Stelvio Quadrifoglio,2017,2023
Alfa Romeo,Tonale,2022,2026
Alpina,B10,,
Alpina,B10 (E39),2002,2002
Alpina,B10 Estate (E39),2002,2002
Alpina,B12,,
Alpina,B3,2001,2002
Alpina,B3 (E46),2001,2002
Alpina,B3 Convertible (E46),2000,2002
Alpina,B3 Coupe (E46),2002,2002
Alpina,B3 Estate (E46),2000,2002
Alpina,B3 S,,
Alpina,B4,,
Alpina,B5,,
Alpina,B5 (E60),2004,2009
Alpina,B5 (F10),2009,2011
Alpina,B5 Estate (E61),2004,2009
Alpina,B5 Estate (F11),2009,2011
Alpina,B6,,
Alpina,B7,,
Alpina,B7 (E65),2003,2003
Alpina,"B7 (F01, F02)",2008,2011
Alpina,B8,,
Alpina,C1,,
Alpina,D10,,
Alpina,D3,,
Alpina,D3 (F30),2012,2012
Alpina,D3 Estate (F31),2012,2012
Alpina,D3 S,,
Alpina,D4,,
Alpina,D4 Convertible (F33),2012,2012
Alpina,D4 Coupe (F32),2012,2012
Alpina,D4 S,,
Alpina,D5,,
Alpina,D5 (F10),2010,2010
Alpina,D5 Touring (F11),2010,2010
Alpina,ROADSTER S (Z4),2003,2003
Alpina,Roadster S,,
Alpina,XB7,,
Alpina,XD3,,
Alpina,XD3 (F25),2012,2012
Alpina,XD4,,
Alpina,Z8,,
Alpine,A110,1962,2026
Alpine,A110S,2019,2026
Alpine,A290,2024,2026
Alpine,A390,2025,2026
Aston Martin,AR1,,
Aston Martin,Bulldog,,
Aston Martin,Cygnet,2011,2013
Aston Martin,DB AR1,2003,2004
Aston Martin,DB1,,
Aston Martin,DB11,2016,2023
Aston Martin,DB11 Volante,2018,2023
Aston Martin,DB12,2023,2026
Aston Martin,DB12 Volante,2023,2026
Aston Martin,DB2,,
Aston Martin,DB2/4,,
Aston Martin,DB3,,
Aston Martin,DB3S,,
Aston Martin,DB4,,
Aston Martin,DB5,,
Aston Martin,DB7,1993,2004
Aston Martin,DB7 Coupe,2002,2002
Aston Martin,DB7 Vantage,,
Aston Martin,DB7 Volante,1996,2003
Aston Martin,DB7 Zagato,,
Aston Martin,DB9 Convertible,2003,2011
Aston Martin,DB9 Coupe,2003,2011
Aston Martin,DBS (2007–2012),,
Aston Martin,DBS (Classic),,
Aston Martin,DBS Coupe,2006,2006
Aston Martin,DBS Superleggera,,
Aston Martin,DBS Volante,2009,2012
Aston Martin,DBX,2020,2026
Aston Martin,Db9,2003,2015
Aston Martin,Db9 Volante,2004,2013
Aston Martin,Dbs,2007,2011
Aston Martin,Lagonda Taraf,,
Aston Martin,Lagonda Vision Concept,,
Aston Martin,One-77,2009,2012
Aston Martin,Rapide,2010,2010
Aston Martin,Rapide AMR,2017,2020
Aston Martin,Rapide E,2019,2019
Aston Martin,Rapide S,2013,2018
Aston Martin,V12 Speedster,2020,2022
Aston Martin,V12 Vantage,2009,2013
Aston Martin,V12 Vantage AMR,2017,2019
Aston Martin,V12 Vantage Roadster,2012,2013
Aston Martin,V12 Vantage S,2013,2013
Aston Martin,V12 Vantage S Roadster,2014,2014
Aston Martin,V12 Zagato,2012,2012
Aston Martin,V8 Vantage,2005,2014
Aston Martin,V8 Vantage (1977–1989),,
Aston Martin,V8 Vantage (2005–2017),,
Aston Martin,V8 Vantage (2018–),,
Aston Martin,V8 Vantage Roadster,2006,2014
Aston Martin,V8 Vantage S,2011,2012
Aston Martin,V8 Vantage S Roadster,2011,2011
Aston Martin,V8 Volante,1978,2014
Aston Martin,VANQUISH (R2_),2001,2003
Aston Martin,VANTAGE Coupe,2004,2012
Aston Martin,VANTAGE Roadster,2006,2012
Aston Martin,VIRAGE Convertible,2010,2010
Aston Martin,VIRAGE Coupe,2010,2010
Aston Martin,Valhalla,2022,2026
Aston Martin,Valiant,2024,2026
Aston Martin,Valkyrie,,
Aston Martin,Valour,2024,2024
Aston Martin,Vanquish,2013,2015
Aston Martin,Vanquish (2001–2007),,
Aston Martin,Vanquish (2012–2018),,
Aston Martin,Vanquish S,2004,2018
Aston Martin,Vanquish Volante,2013,2026
Aston Martin,Vanquish Zagato,,
Aston Martin,Vantage,2020,2026
Aston Martin,Vantage (Classic),,
Aston Martin,Vantage GT12,2015,2016
Aston Martin,Vantage GT8,2016,2017
Aston Martin,Victor,,
Aston Martin,Virage,1988,2012
Aston Martin,Virage (2011–2012),,
Aston Martin,Virage Volante,1992,2012
Aston Martin,Vulcan,2015,2016
Aston Martin,ZAGATO Coupe,2011,2011
Audi,100 C1,,
Audi,100 C2,,
Audi,100 C3,,
Audi,100 C4,,
Audi,200 C2,,
Audi,200 C3,,
Audi,50,,
Audi,60,,
Audi,72,,
Audi,80 B1,,
Audi,80 B2,,
Audi,80 B3,,
Audi,80 B4,,
Audi,90 B2,,
Audi,90 B3,,
Audi,A1,2010,2011
Audi,"A1 (8X1, 8XF)",2009,2013
Audi,A1 8X,,
Audi,A1 GB,,
Audi,A1 Quattro,2012,2012
Audi,A1 Sportback,2012,2012
Audi,"A1 Sportback (8XA, 8XK)",2010,2013
Audi,A2,1999,2003
Audi,A2 (8Z0),2000,2003
Audi,A2 8Z,,
Audi,A3,1996,2025
Audi,A3 (8L1),2000,2001
Audi,A3 (8P1),2003,2010
Audi,A3 (8V1),2011,2012
Audi,A3 8L,,
Audi,A3 8P,,
Audi,A3 8V,,
Audi,A3 8Y,,
Audi,A3 Cabriolet,,
Audi,A3 Convertible (8P7),2007,2010
Audi,A3 Convertible (8V7),2012,2012
Audi,A3 Limousine (8VS),2012,2012
Audi,A3 Sedan,2013,2014
Audi,A3 Sportback,2004,2014
Audi,A3 Sportback (8PA),2003,2010
Audi,A3 Sportback (8VA),2011,2012
Audi,A3 allstreet,2024,2026
Audi,A4,1996,2025
Audi,"A4 (8D2, B5)",2000,2000
Audi,"A4 (8E2, B6)",2000,2003
Audi,"A4 (8EC, B7)",2003,2005
Audi,"A4 (8K2, B8)",2006,2012
Audi,A4 Allroad,2009,2025
Audi,"A4 Allroad (8KH, B8)",2008,2012
Audi,A4 Allroad B8,,
Audi,A4 Allroad B9,,
Audi,A4 Avant,1996,2025
Audi,"A4 Avant (8D5, B5)",2000,2000
Audi,"A4 Avant (8E5, B6)",2000,2003
Audi,"A4 Avant (8ED, B7)",2003,2005
Audi,"A4 Avant (8K5, B8)",2006,2012
Audi,A4 Avant B5,,
Audi,A4 Avant B6,,
Audi,A4 Avant B7,,
Audi,A4 Avant B8,,
Audi,A4 Avant B9,,
Audi,A4 B5,,
Audi,A4 B6,,
Audi,A4 B7,,
Audi,A4 B8,,
Audi,A4 B9,,
Audi,A4 Cabriolet B6,,
Audi,A4 Cabriolet B7,,
Audi,"A4 Convertible (8H7, B6, 8HE, B7)",2002,2005
Audi,A4 DTM Edition,2005,2007
Audi,A5,2007,2025
Audi,A5 (8T3),2006,2012
Audi,A5 8T,,
Audi,A5 Avant,2024,2026
Audi,A5 Cabriolet,2009,2015
Audi,A5 Cabriolet 8F,,
Audi,A5 Cabriolet F5,,
Audi,A5 Convertible (8F7),2008,2012
Audi,A5 F5,,
Audi,A5 Sportback,2009,2014
Audi,A5 Sportback (8TA),2008,2012
Audi,A5 Sportback 8TA,,
Audi,A5 Sportback F5,,
Audi,A6,1997,2025
Audi,"A6 (4B2, C5)",2000,2003
Audi,"A6 (4F2, C6)",2003,2008
Audi,"A6 (4G2, C7, 4GC)",2009,2013
Audi,A6 Allroad,2000,2016
Audi,"A6 Allroad (4FH, C6)",2005,2007
Audi,"A6 Allroad (4GH, 4GJ)",2011,2012
Audi,A6 Allroad C5,,
Audi,A6 Allroad C6,,
Audi,A6 Allroad C7,,
Audi,A6 Allroad C8,,
Audi,A6 Avant,1994,2026
Audi,"A6 Avant (4B5, C5)",2000,2003
Audi,"A6 Avant (4F5, C6)",2004,2008
Audi,"A6 Avant (4G5, C7, 4GD)",2010,2013
Audi,A6 Avant C4,,
Audi,A6 Avant C5,,
Audi,A6 Avant C6,,
Audi,A6 Avant C7,,
Audi,A6 Avant C8,,
Audi,A6 C4,,
Audi,A6 C5,,
Audi,A6 C6,,
Audi,A6 C7,,
Audi,A6 C8,,
Audi,A7,2010,2025
Audi,A7 4G8,,
Audi,A7 4K8,,
Audi,"A7 Sportback (4GA, 4GF)",2009,2012
Audi,A7 Sportback 4G8,,
Audi,A7 Sportback 4K8,,
Audi,A7 e,2021,2022
Audi,A8,1995,2025
Audi,"A8 (4D2, 4D8)",2000,2001
Audi,A8 (4E_),2002,2006
Audi,A8 (4H_),2008,2012
Audi,A8 D2,,
Audi,A8 D3,,
Audi,A8 D4,,
Audi,A8 D5,,
Audi,A8 L,2021,2027
Audi,A8 L D4,,
Audi,A8 L D5,,
Audi,A8 L e,2021,2021
Audi,A8 e,2020,2020
Audi,"ALLROAD (4BH, C5)",2000,2003
Audi,Allroad,2000,2026
Audi,Andere,,
Audi,Cabriolet,1991,2000
Audi,Coupé,,
Audi,E5,2025,2026
Audi,Nuvolari,2026,2026
Audi,Q2,2016,2026
Audi,Q2 GA,,
Audi,Q3,2011,2025
Audi,Q3 (8U),2010,2013
Audi,Q3 8U,,
Audi,Q3 F3,,
Audi,Q3 Rs,2013,2015
Audi,Q3 Sportback F3,,
Audi,Q4,2021,2026
Audi,Q4 Sportback e-tron FZ,,
Audi,Q4 e-tron,2021,2026
Audi,Q4 e-tron FZ,,
Audi,Q5,2008,2025
Audi,Q5 (8R),2007,2012
Audi,Q5 8R,,
Audi,Q5 FY,,
Audi,Q5 Sportback FY,,
Audi,Q5 e,2020,2025
Audi,Q5L,,
Audi,Q6,2024,2026
Audi,Q6 e-tron,,
Audi,Q7,2006,2025
Audi,Q7 (4L),2005,2010
Audi,Q7 4L,,
Audi,Q7 4M,,
Audi,Q8,2018,2026
Audi,Q8 4M,,
Audi,Q8 e-tron,2022,2026
Audi,Quattro (Ur-Quattro),,
Audi,R8,2007,2021
Audi,R8 42,,
Audi,R8 4S,,
Audi,R8 GT,2010,2024
Audi,R8 Spyder,,
Audi,R8 V10,,
Audi,RS,2003,2025
Audi,RS 3,2010,2026
Audi,RS 4,2005,2009
Audi,RS 4 Avant,2000,2025
Audi,RS 5,2010,2026
Audi,RS 6,2003,2004
Audi,RS 6 Avant,2021,2026
Audi,RS 7,2014,2027
Audi,RS Q3,2013,2015
Audi,RS Q3 8U,,
Audi,RS Q3 F3,,
Audi,RS Q5 FY,,
Audi,RS Q8,2019,2026
Audi,RS Q8 4M,,
Audi,RS e-tron GT,,
Audi,RS2 Avant,,
Audi,RS3 8P,,
Audi,RS3 8V,,
Audi,RS3 8Y,,
Audi,RS4 Avant B5,,
Audi,RS4 Avant B7,,
Audi,RS4 Avant B8,,
Audi,RS4 Avant B9,,
Audi,RS5 8T,,
Audi,RS5 Avant,2026,2026
Audi,RS5 F5,,
Audi,RS5 Sportback F5,,
Audi,RS6 Avant,2002,2026
Audi,RS6 Avant C5,,
Audi,RS6 Avant C6,,
Audi,RS6 Avant C7,,
Audi,RS6 Avant C8,,
Audi,RS7 4G8,,
Audi,RS7 4K8,,
Audi,RS7 Avant,,
Audi,Rs3,2011,2015
Audi,Rs4,2000,2005
Audi,Rs5,2010,2010
Audi,Rs6,2002,2015
Audi,Rs7,2013,2013
Audi,S e-tron GT,2025,2027
Audi,S1,2014,2014
Audi,S1 Sportback,2014,2014
Audi,S2 Avant,,
Audi,S2 Coupé,,
Audi,S3,1998,2025
Audi,S3 8L,,
Audi,S3 8P,,
Audi,S3 8V,,
Audi,S3 8Y,,
Audi,S4,1997,2025
Audi,S4 Avant,1997,2023
Audi,S4 B5,,
Audi,S4 B6,,
Audi,S4 B7,,
Audi,S4 B8,,
Audi,S4 B9,,
Audi,S5,2007,2025
Audi,S5 8T,,
Audi,S5 Avant,2024,2026
Audi,S5 F5,,
Audi,S5 Sportback F5,,
Audi,S6,1999,2025
Audi,S6 Avant,1994,2026
Audi,S6 C4,,
Audi,S6 C5,,
Audi,S6 C6,,
Audi,S6 C7,,
Audi,S6 C8,,
Audi,S7,2012,2025
Audi,S7 4G8,,
Audi,S7 4K8,,
Audi,S8,1999,2025
Audi,S8 D2,,
Audi,S8 D3,,
Audi,S8 D4,,
Audi,S8 D5,,
Audi,S8 Plus,2015,2019
Audi,SQ2,2018,2026
Audi,SQ5 8R,,
Audi,SQ5 FY,,
Audi,SQ6,2024,2026
Audi,SQ7,2016,2026
Audi,SQ7 4M,,
Audi,SQ8,2019,2026
Audi,SQ8 4M,,
Audi,SQ8 e-tron,2023,2026
Audi,Sq5,2013,2013
Audi,TT (8J3),2005,2010
Audi,TT (8N3),2002,2004
Audi,TT (FV3),2012,2013
Audi,TT 8J,,
Audi,TT 8N,,
Audi,TT FV/8S,,
Audi,TT RS 8J,,
Audi,TT RS FV/8S,,
Audi,TT Roadster (8J9),2006,2011
Audi,TT Roadster (8N9),2000,2004
Audi,TT Roadster (FV9),2013,2013
Audi,TT Roadster 8J,,
Audi,TT Roadster 8N,,
Audi,TT Roadster FV/8S,,
Audi,Tt,1998,2013
Audi,Tt Rs,2009,2009
Audi,Tts,2008,2008
Audi,e-tron,2019,2026
Audi,e-tron GT,2021,2026
Audi,e-tron S,,
Audi,e-tron Sportback,2020,2022
BMW,1 (E81),2005,2010
BMW,1 (E87),2003,2010
BMW,1 (F20),2009,2013
BMW,1 (F21),2010,2013
BMW,1 Convertible (E88),2007,2007
BMW,1 Coupe (E82),2006,2010
BMW,1 Series,2002,2015
BMW,1 Series M,2010,2012
BMW,1 Series M Coupé (E82),,
BMW,1 Series – E81/E82/E87/E88,,
BMW,1 Series – F20/F21,,
BMW,1 Series – F40,,
BMW,114i,,
BMW,116d,,
BMW,116i,,
BMW,118d,,
BMW,118i,,
BMW,120d,,
BMW,120i,,
BMW,123d,,
BMW,125d,,
BMW,125i,,
BMW,128i,2008,2013
BMW,128ti,,
BMW,130i,,
BMW,135i,2008,2013
BMW,135is,2013,2013
BMW,1602,,
BMW,1M,2011,2011
BMW,2 Active Tourer (F45),2012,2013
BMW,2 Convertible (F23),2013,2013
BMW,2 Coupe (F22),2012,2013
BMW,2 Series,2014,2015
BMW,2 Series Active Tourer,2014,2026
BMW,2 Series Gran,2019,2026
BMW,2 Series Gran Coupé – F44,,
BMW,2 Series Gran Tourer,2015,2021
BMW,2 Series – F22/F23,,
BMW,2 Series – F45/F46 (Active/Gran Tourer),,
BMW,2 Series – G42,,
BMW,218d,,
BMW,218i,,
BMW,220d,,
BMW,220i,,
BMW,225d,,
BMW,225i,,
BMW,228,2026,2027
BMW,228i,2014,2024
BMW,228i xDrive,,
BMW,230i,2017,2024
BMW,3 (E46),2000,2002
BMW,3 (E90),2004,2010
BMW,"3 (F30, F35, F80)",2010,2012
BMW,3 Compact (E46),2001,2002
BMW,3 Convertible (E46),2000,2005
BMW,3 Convertible (E93),2005,2009
BMW,3 Coupe (E46),2000,2004
BMW,3 Coupe (E92),2005,2009
BMW,3 Gran Turismo (F34),2012,2012
BMW,3 Series,1992,2015
BMW,3 Series Compact,1994,2005
BMW,3 Series Gran Turismo,2013,2020
BMW,3 Series – E21,,
BMW,3 Series – E30,,
BMW,3 Series – E36,,
BMW,3 Series – E46,,
BMW,3 Series – E90/E91/E92/E93,,
BMW,3 Series – F30/F31/F34/F35,,
BMW,3 Series – G20/G21/G28,,
BMW,3 Touring (E46),2000,2002
BMW,3 Touring (E91),2004,2011
BMW,3 Touring (F31),2010,2012
BMW,316d,,
BMW,316i,,
BMW,318d,,
BMW,318i,,
BMW,318ti,1981,2000
BMW,3200 CS,,
BMW,320d,,
BMW,320e,,
BMW,320i,2013,2018
BMW,320xi,2013,2013
BMW,323Ci,2000,2000
BMW,323i,2000,2011
BMW,323iC,1998,2000
BMW,323is,1998,2000
BMW,325Ci,2000,2006
BMW,325d,,
BMW,325i,2001,2006
BMW,325xi,2001,2006
BMW,328Ci,1999,2000
BMW,328d,2014,2018
BMW,328i,2000,2016
BMW,328iC,1996,2000
BMW,328iS,1996,2000
BMW,328xi,2007,2013
BMW,330Ci,2001,2006
BMW,330d,,
BMW,330e,2016,2024
BMW,330i,2001,2025
BMW,330xi,2001,2006
BMW,335,2014,2014
BMW,335d,2009,2011
BMW,335i,2007,2016
BMW,335is,2011,2015
BMW,335xi,2007,2013
BMW,340d,,
BMW,340i,2016,2019
BMW,"4 Convertible (F33, F83)",2012,2012
BMW,"4 Coupe (F32, F82)",2012,2013
BMW,4 Gran Coupe (F36),2012,2013
BMW,4 Series,2013,2014
BMW,4 Series Gran,2014,2026
BMW,4 Series – F32/F33/F36,,
BMW,4 Series – G22/G23/G26,,
BMW,418d,,
BMW,418i,,
BMW,420d,,
BMW,420i,,
BMW,425d,,
BMW,425i,,
BMW,428i,2014,2016
BMW,430d,,
BMW,430i,2017,2025
BMW,435d,,
BMW,435i,2014,2016
BMW,440d,,
BMW,440i,2017,2020
BMW,5 (E39),2000,2000
BMW,5 (E60),2003,2007
BMW,"5 (F10, F18)",2009,2012
BMW,5 Gran Turismo (F07),2008,2012
BMW,5 Series,1995,2014
BMW,5 Series Gran Turismo,2009,2017
BMW,5 Series – E12,,
BMW,5 Series – E28,,
BMW,5 Series – E34,,
BMW,5 Series – E39,,
BMW,5 Series – E60/E61,,
BMW,5 Series – F10/F11/F07,,
BMW,5 Series – G30/G31/G38,,
BMW,5 Touring (E39),2000,2000
BMW,5 Touring (E61),2003,2007
BMW,5 Touring (F11),2009,2012
BMW,503,,
BMW,507,,
BMW,518d,,
BMW,520d,,
BMW,520i,,
BMW,523i,,
BMW,525d,,
BMW,525i,2001,2007
BMW,525iA,2003,2003
BMW,525xi,2006,2007
BMW,528i,2000,2016
BMW,528xi,2008,2013
BMW,530d,,
BMW,530e,2018,2023
BMW,530i,2001,2024
BMW,530iA,2003,2003
BMW,530xi,2006,2007
BMW,535d,2014,2016
BMW,535i,2008,2017
BMW,535xi,2008,2013
BMW,540d,2018,2018
BMW,540i,2000,2024
BMW,540iA,2003,2003
BMW,545e,,
BMW,545i,2004,2005
BMW,550d,,
BMW,550e,2025,2027
BMW,550i,2006,2017
BMW,550xi,2010,2013
BMW,6 (E63),2003,2006
BMW,6 Convertible (E64),2003,2006
BMW,6 Convertible (F12),2010,2012
BMW,6 Coupe (F13),2009,2012
BMW,6 Gran Coupe (F06),2010,2012
BMW,6 Series,2002,2013
BMW,6 Series Gran,2012,2018
BMW,6 Series Gran Turismo,2017,2026
BMW,6 Series – E24,,
BMW,6 Series – E63/E64,,
BMW,6 Series – F06/F12/F13,,
BMW,600,,
BMW,630d,,
BMW,630i,,
BMW,635d,,
BMW,635i,,
BMW,640d,,
BMW,640i,2012,2019
BMW,640xi,2018,2019
BMW,645Ci,2004,2005
BMW,645i,2004,2004
BMW,650i,2006,2019
BMW,"650i, Alpina B6",2015,2016
BMW,"650i, B6",2017,2019
BMW,650xi,2012,2015
BMW,7 (E38),2000,2000
BMW,"7 (E65, E66, E67)",2001,2004
BMW,"7 (F01, F02, F03, F04)",2007,2011
BMW,7 Series,1995,2012
BMW,7 Series – E23,,
BMW,7 Series – E32,,
BMW,7 Series – E38,,
BMW,7 Series – E65/E66/E67/E68,,
BMW,7 Series – F01/F02/F03/F04,,
BMW,7 Series – G11/G12,,
BMW,7 Series – G70,,
BMW,700,,
BMW,730d,,
BMW,730i,,
BMW,740Ld,2015,2015
BMW,740Li,2011,2022
BMW,740Lxi,2013,2013
BMW,740d,,
BMW,740e,2017,2019
BMW,740i,2000,2022
BMW,740iL,1993,2001
BMW,745Le,2022,2022
BMW,745Li,2002,2005
BMW,745e,2020,2022
BMW,745i,2002,2005
BMW,750Li,2000,2022
BMW,"750Li, Alpina B7",2012,2015
BMW,750Lxi,2010,2015
BMW,"750Lxi, Alpina B7",2012,2012
BMW,750d,,
BMW,750e,2024,2026
BMW,750i,2006,2022
BMW,"750i, Alpina B7",2012,2015
BMW,"750i, B7",2017,2019
BMW,750iL,2000,2001
BMW,750xi,2010,2015
BMW,"750xi, Alpina B7",2012,2012
BMW,760Li,2003,2015
BMW,760i,2004,2025
BMW,8 Series,1989,2026
BMW,8 Series Gran,2019,2022
BMW,8 Series – E31,,
BMW,8 Series – G14/G15/G16,,
BMW,840d,,
BMW,840i,2020,2025
BMW,850i,,
BMW,ActiveE,2012,2012
BMW,ActiveHybrid,2012,2016
BMW,ActiveHybrid 3,,
BMW,ActiveHybrid 5,,
BMW,ActiveHybrid 7,,
BMW,Alpina,2003,2023
BMW,Alpina B8,2022,2025
BMW,B7,2019,2022
BMW,Isetta,,
BMW,L7,,
BMW,M,2000,2008
BMW,M Series,1998,2015
BMW,M135i,,
BMW,M135i xDrive,,
BMW,M140i,,
BMW,M140i xDrive,,
BMW,M2,2015,2026
BMW,M2 CS,2019,2026
BMW,M2 Competition,,
BMW,M235,2025,2027
BMW,M235i,2014,2024
BMW,M235i xDrive,,
BMW,M240i,2017,2024
BMW,M240i xDrive,,
BMW,M3,1986,2026
BMW,M3 CS,2025,2026
BMW,M3 Competition,,
BMW,M3 Touring,,
BMW,M340i,2020,2026
BMW,M3Ci,2001,2006
BMW,M4,2014,2026
BMW,M4 CS,2017,2026
BMW,M4 CSL,,
BMW,M4 Competition,,
BMW,M4 Convertible,,
BMW,M4 GTS,2015,2016
BMW,M440i,2021,2027
BMW,M5,1979,2026
BMW,M5 CS,,
BMW,M5 Competition,,
BMW,M5 Touring,,
BMW,M550i,2018,2023
BMW,M6,1984,2019
BMW,M6 Cabrio,2006,2018
BMW,M6 Convertible,,
BMW,M6 Gran,2013,2018
BMW,M6 Gran Coupé,,
BMW,M760Li,,
BMW,M760e,,
BMW,M760i,2017,2022
BMW,M8,2019,2026
BMW,M8 Competition Convertible,,
BMW,M8 Competition Coupé,,
BMW,M8 Competition Gran Coupé,,
BMW,M8 Gran,2022,2026
BMW,M850i,2019,2026
BMW,Neue Klasse,,
BMW,X Series,1999,2015
BMW,X1,2009,2026
BMW,X1 (E84),2008,2012
BMW,X1 M35i xDrive,,
BMW,X1 – E84,,
BMW,X1 – F48,,
BMW,X1 – U11,,
BMW,X2,2018,2026
BMW,X2 M35i xDrive,,
BMW,X2 – F39,,
BMW,X2 – U10,,
BMW,X3,2004,2026
BMW,X3 (E83),2003,2008
BMW,X3 (F25),2009,2012
BMW,X3 M,2019,2026
BMW,X3 M40i,,
BMW,X3 – E83,,
BMW,X3 – F25,,
BMW,X3 – G01,,
BMW,X4,2014,2026
BMW,X4 (F26),2012,2012
BMW,X4 M,2019,2026
BMW,X4 M40i,,
BMW,X4 – F26,,
BMW,X4 – G02,,
BMW,X5,2000,2026
BMW,X5 (E53),2000,2003
BMW,X5 (E70),2006,2011
BMW,"X5 (F15, F85)",2011,2013
BMW,X5 M,2009,2026
BMW,X5 M50i,,
BMW,X5 – E53,,
BMW,X5 – E70,,
BMW,X5 – F15/F85,,
BMW,X5 – G05/G18,,
BMW,X6,2008,2026
BMW,"X6 (E71, E72)",2007,2011
BMW,"X6 (F16, F86)",2012,2013
BMW,X6 M,2009,2026
BMW,X6 M50i,,
BMW,X6 – E71/E72,,
BMW,X6 – F16/F86,,
BMW,X6 – G06,,
BMW,X7,2018,2026
BMW,X7 M60i,,
BMW,X7 – G07,,
BMW,XM,2022,2026
BMW,Z Series,1994,2013
BMW,Z3,1996,2003
BMW,Z3 (E36),2000,2001
BMW,Z3 Coupe (E36),2000,2001
BMW,Z3 M,,
BMW,Z4,2002,2026
BMW,Z4 (E85),2002,2005
BMW,Z4 (E89),2008,2012
BMW,Z4 Coupe (E86),2005,2005
BMW,Z4 M40i,,
BMW,Z4 – E85/E86,,
BMW,Z4 – E89,,
BMW,Z4 – G29,,
BMW,Z8,2000,2003
BMW,Z8 (E52),2000,2000
BMW,i3,2013,2026
BMW,i3s,,
BMW,i4,2021,2026
BMW,i4 M50,,
BMW,i5,2023,2026
BMW,i5 M60 xDrive,,
BMW,i7,2022,2026
BMW,i7 M70,,
BMW,i8,2014,2020
BMW,iX,2021,2026
BMW,iX M,2022,2025
BMW,iX M60,,
BMW,iX1,2022,2026
BMW,iX2,2023,2026
BMW,iX3,2020,2026
BYD,ATTO 2,2025,2026
BYD,ATTO 3,2022,2026
BYD,DOLPHIN,2025,2026
BYD,Sealion 7,2024,2026
Bentley,3 Litre,,
Bentley,4½ Litre,,
Bentley,6½ Litre,,
Bentley,8 Litre,,
Bentley,ARMOURED ARNAGE,2004,2009
Bentley,Arnage,2002,2008
Bentley,Arnage Drophead Coupe,2005,2005
Bentley,Azure,2006,2006
Bentley,Bacalar,,
Bentley,Batur,2024,2026
Bentley,Bentayga,2015,2026
Bentley,Bentayga Speed,2019,2026
Bentley,Blower Bentley,,
Bentley,Brooklands,2008,2008
Bentley,Continental,2003,2010
Bentley,Continental Flying Spur,2005,2009
Bentley,Continental GT,2011,2026
Bentley,Continental GT Speed,,
Bentley,Continental GTC,2006,2026
Bentley,Continental R,,
Bentley,Continental S,,
Bentley,Continental Supersports,,
Bentley,Continental T,,
Bentley,Corniche,,
Bentley,EXP 10 Speed 6,,
Bentley,EXP 100 GT,,
Bentley,Eight,,
Bentley,Flying Spur,2014,2026
Bentley,Mark VI,,
Bentley,Mulliner,2020,2026
Bentley,Mulsanne,2010,2015
Bentley,R Type,,
Bentley,Roll Royce Silver Seraph,2009,2009
Bentley,Rolls-Royce Park Ward,2009,2009
Bentley,S1,,
Bentley,S2,,
Bentley,S3,,
Bentley,Speed Six,,
Bentley,State Limousine,,
Bentley,T-Series,,
Bentley,Turbo R,,
Bentley,Turbo RT,,
Brilliance,BC3,,
Brilliance,BS2,,
Brilliance,BS4,,
Brilliance,BS6,,
Brilliance,C3,,
Brilliance,Dolphin,,
Brilliance,FRV,,
Brilliance,FRV Cross,,
Brilliance,FSV,,
Brilliance,Galena,2004,2006
Brilliance,Grandeur,,
Brilliance,H220,,
Brilliance,H230,2012,2026
Brilliance,H3,,
Brilliance,H320,,
Brilliance,H330,2013,2026
Brilliance,H530,2011,2026
Brilliance,H530 EV,,
Brilliance,H7,,
Brilliance,Jinbei,2007,2007
Brilliance,JunJie,,
Brilliance,JunJie Cross,,
Brilliance,JunJie FRV,,
Brilliance,JunJie FSV,,
Brilliance,JunJie Wagon,,
Brilliance,Junjine Tun,,
Brilliance,Kubao,,
Brilliance,M1,2004,2006
Brilliance,M2,,
Brilliance,M3,,
Brilliance,Splendor,,
Brilliance,Tun,,
Brilliance,V3,2015,2026
Brilliance,V5,2012,2026
Brilliance,V6,,
Brilliance,V7,2018,2026
Brilliance,X1,,
Brilliance,X3,,
Brilliance,Zhonghua,,
Brilliance,Zunchi,,
Bugatti,16C Galibier,,
Bugatti,18/3 Chiron,,
Bugatti,Bolide,2022,2026
Bugatti,Brouillard,2025,2026
Bugatti,Centodieci,2019,2022
Bugatti,Chiron,2016,2026
Bugatti,Chiron Pur Sport,,
Bugatti,Chiron Super Sport,,
Bugatti,Chiron Super Sport 300+,,
Bugatti,Chiron Supersport,2020,2024
Bugatti,Divo,2018,2021
Bugatti,EB 110 GT,,
Bugatti,EB 110 SS,,
Bugatti,EB 112,,
Bugatti,EB 118,,
Bugatti,EB 218,,
Bugatti,EB110,1994,2027
Bugatti,La Voiture Noire,2019,2019
Bugatti,Mistral,2022,2026
Bugatti,Tourbillon,2024,2026
Bugatti,Type 101,,
Bugatti,Type 101 Antem,,
Bugatti,Type 13,,
Bugatti,Type 17,,
Bugatti,Type 18,,
Bugatti,Type 22,,
Bugatti,Type 23,,
Bugatti,Type 251,,
Bugatti,Type 30,,
Bugatti,Type 32,,
Bugatti,Type 35,,
Bugatti,Type 37,,
Bugatti,Type 41 Royale,,
Bugatti,Type 43,,
Bugatti,Type 44,,
Bugatti,Type 46,,
Bugatti,Type 49,,
Bugatti,Type 50,,
Bugatti,Type 51,,
Bugatti,Type 52,,
Bugatti,Type 53,,
Bugatti,Type 54,,
Bugatti,Type 55,,
Bugatti,Type 56,,
Bugatti,Type 57,,
Bugatti,Type 57 Atlantic,,
Bugatti,Type 57C,,
Bugatti,Type 57S,,
Bugatti,Type 57SC Atlantic,,
Bugatti,Type 59,,
Bugatti,Veyron,2005,2015
Bugatti,Veyron 16.4,2005,2005
Bugatti,Veyron 16.4 Grand Sport,,
Bugatti,Veyron 16.4 Super Sport,,
Bugatti,Veyron Grand Sport Vitesse,,
Bugatti,Vision Gran Turismo,,
Buick,Allure,2005,2009
Buick,Apollo,,
Buick,Cascada,2016,2019
Buick,Century,1939,2005
Buick,Century Custom,,
Buick,Eight,,
Buick,Electra,,
Buick,Enclave,2007,2026
Buick,Encore,2013,2026
Buick,Encore GX,,
Buick,Enspire,,
Buick,Envision,2014,2026
Buick,Envista,2023,2026
Buick,Estate Wagon,,
Buick,Excelle,2011,2011
Buick,GL6,,
Buick,GL8,,
Buick,GL8 Avenir,,
Buick,GS,,
Buick,Incomplete,2001,2001
Buick,Invicta,,
Buick,LA CROSSE Saloon,2008,2008
Buick,LaCrosse,2004,2019
Buick,LeSabre,1991,2005
Buick,Limited,,
Buick,Lucerne,2005,2011
Buick,Master Six,,
Buick,Park,2000,2005
Buick,Park Avenue,1991,2005
Buick,REGAL (4WF_),2002,2002
Buick,RENDEZVOUZ,2000,2000
Buick,Rainier,2003,2007
Buick,Regal,2000,2020
Buick,Regal TourX,,
Buick,Rendezvous,2002,2007
Buick,Roadmaster,,
Buick,Series 40,,
Buick,Series 50,,
Buick,Series 60,,
Buick,Series 70,,
Buick,Series 80,,
Buick,Series 90,,
Buick,Skylark Custom,,
Buick,Special,,
Buick,Terraza,2005,2007
Buick,Velite,,
Buick,Velite 6,,
Buick,Velite 7,,
Buick,Verano,2012,2017
Buick,Wildcat,,
Buick,Y-Job,,
Cadillac,ATS,2012,2019
Cadillac,ATS Coupe,,
Cadillac,ATS-V,2015,2019
Cadillac,BLS Wagon,2006,2009
Cadillac,Bls,2005,2005
Cadillac,CT4,2019,2026
Cadillac,CT4-V,2019,2026
Cadillac,CT5,2019,2026
Cadillac,CT5-V,2019,2026
Cadillac,CT6,2016,2023
Cadillac,CTS Coupe,,
Cadillac,CTS Sport,2009,2014
Cadillac,CTS Sport Wagon,2007,2011
Cadillac,CTS V-Series,2003,2019
Cadillac,CTS-V,2012,2015
Cadillac,CTS-V Sport,2010,2014
Cadillac,Calais,,
Cadillac,Catera,1997,2001
Cadillac,Celestiq,2023,2026
Cadillac,Cimarron,,
Cadillac,Commercial Chassis,1985,2001
Cadillac,Cts,2004,2004
Cadillac,DTS,2005,2011
Cadillac,DeVille,1994,2005
Cadillac,ELR,2014,2016
Cadillac,ESCALADE Crew Cab Pickup,2007,2007
Cadillac,ESCALADE Pickup,2009,2009
Cadillac,Eldorado,1957,2003
Cadillac,Escalade,2000,2026
Cadillac,Escalade ESV,2002,2024
Cadillac,Escalade EXT,2001,2013
Cadillac,Escalade IQ,,
Cadillac,Escalade IQL,2025,2026
Cadillac,Fleetwood,,
Cadillac,Fleetwood Brougham,,
Cadillac,Hearse,1997,2011
Cadillac,Limousine,1998,2011
Cadillac,Lyriq,2022,2026
Cadillac,Lyriq-V,2025,2026
Cadillac,Optiq,2023,2026
Cadillac,Optiq-V,2025,2026
Cadillac,SRX,2004,2016
Cadillac,STS,2004,2011
Cadillac,STS-V,,
Cadillac,Seville,1992,2004
Cadillac,Sixty Special,,
Cadillac,V-Series.R,,
Cadillac,Vistiq,2023,2026
Cadillac,XLR,2003,2009
Cadillac,XLR V-Series,2008,2009
Cadillac,XT4,2018,2025
Cadillac,XT5,2016,2025
Cadillac,XT6,2019,2025
Cadillac,XTS,2013,2019
Caterham,21,,
Caterham,7 160,,
Caterham,7 165,,
Caterham,7 270,,
Caterham,7 275,,
Caterham,7 310,,
Caterham,7 340,,
Caterham,7 420,,
Caterham,7 485,,
Caterham,7 485 CSR,,
Caterham,7 620R,,
Caterham,7 620S,,
Caterham,CSR 175,,
Caterham,CSR 200,,
Caterham,Classic,2000,2005
Caterham,Csr,2010,2010
Caterham,Roadsport,2007,2009
Caterham,Seven 160,2013,2026
Caterham,Seven 620,2013,2026
Caterham,Super Seven 1600,,
Caterham,Super Seven 2000,,
Caterham,Super Seven 600,,
Caterham,Superlight,2013,2026
Caterham,Superlight R300,,
Caterham,Superlight R400,,
Caterham,Superlight R500,,
Caterham,Superlight R500 Duratec,,
Caterham,Supersport,2012,2026
Caterham,The Super Seven 1600,2020,2026
Chery,Qq,2003,2003
Chery,TIGGO 7,2024,2026
Chery,TIGGO 8,2022,2026
Chery,TIGGO 9,2025,2026
Chery,Tiggo,2008,2008
Chevrolet,3 ton,2001,2004
Chevrolet,ASTRA Hatchback,2002,2002
Chevrolet,ASTRA Saloon,2002,2002
Chevrolet,ASTRO Extended Cargo Van,2001,2001
Chevrolet,ASTRO Extended Passenger Van,2001,2001
Chevrolet,AVALANCHE 1500 Crew Cab Pickup,2001,2003
Chevrolet,AVALANCHE 2500 Crew Cab Pickup,2001,2003
Chevrolet,AVALANCHE Crew Cab Pickup,2005,2009
Chevrolet,AVEO Hatchback (T200),2004,2004
Chevrolet,"AVEO Hatchback (T250, T255)",2007,2007
Chevrolet,AVEO Hatchback (T300),2010,2012
Chevrolet,"AVEO Saloon (T250, T255)",2004,2008
Chevrolet,AVEO Saloon (T300),2010,2011
Chevrolet,Agile,2008,2008
Chevrolet,Astra,1998,2010
Chevrolet,Astro,1994,2005
Chevrolet,Astro Van,1985,2005
Chevrolet,Avalanche,2001,2013
Chevrolet,Aveo,2004,2011
Chevrolet,Aveo / Kalos,2002,2016
Chevrolet,B7,1991,2002
Chevrolet,BLAZER S10,2002,2002
Chevrolet,Beat,2010,2012
Chevrolet,Blazer,1995,2026
Chevrolet,Bolt,2016,2026
Chevrolet,Bolt EUV,2022,2023
Chevrolet,Bolt EV,2017,2023
Chevrolet,BrightDrop,2025,2027
Chevrolet,C/K Pickup,1981,2006
Chevrolet,C3500,2000,2002
Chevrolet,C5,1981,2009
Chevrolet,C6,1981,2009
Chevrolet,C7,1981,2009
Chevrolet,CAMARO Convertible,2010,2010
Chevrolet,"CAPTIVA (C100, C140)",2005,2010
Chevrolet,CORSA Pickup,2001,2001
Chevrolet,CORVETTE (C6),2003,2007
Chevrolet,CORVETTE (C7),2012,2012
Chevrolet,CORVETTE Convertible (C6),2003,2011
Chevrolet,CORVETTE Convertible (C7),2012,2012
Chevrolet,CRUZE (J300),2008,2012
Chevrolet,CRUZE Hatchback (J305),2010,2012
Chevrolet,CRUZE Station Wagon (J308),2011,2012
Chevrolet,Cab,2000,2012
Chevrolet,Camaro,2000,2024
Chevrolet,Caprice,2011,2017
Chevrolet,Caprice Police Vehicle,2011,2027
Chevrolet,Captiva,2006,2015
Chevrolet,Captiva Sport,2010,2027
Chevrolet,Cavalier,1994,2005
Chevrolet,Celta,2000,2003
Chevrolet,Chevy,2000,2012
Chevrolet,City,2015,2018
Chevrolet,City Express,2015,2018
Chevrolet,Classic,2004,2005
Chevrolet,Cobalt,2005,2013
Chevrolet,Colorado,2003,2026
Chevrolet,Colorado Regular Cab,2003,2012
Chevrolet,Corsa,1998,2008
Chevrolet,Corvette,1953,2026
Chevrolet,Corvette E-Ray,2023,2026
Chevrolet,Corvette Grand Sport,2026,2026
Chevrolet,Corvette Z06,2008,2026
Chevrolet,Corvette ZR1,2008,2026
Chevrolet,Cruze,2009,2019
Chevrolet,Cruze Limited,2016,2016
Chevrolet,Cutaway,2000,2013
Chevrolet,EPICA (KL1_),2004,2006
Chevrolet,EXPRESS Bus,2006,2006
Chevrolet,Epica,2004,2007
Chevrolet,Equinox,2004,2026
Chevrolet,Estate,2005,2007
Chevrolet,Evanda,2004,2006
Chevrolet,Express,1995,2026
Chevrolet,GMT-400,1987,2002
Chevrolet,Geo Prizm,1998,2027
Chevrolet,HHR,2005,2011
Chevrolet,Impala,1958,2020
Chevrolet,Impala Limited,2014,2016
Chevrolet,KALOS Saloon,2004,2004
Chevrolet,Kalos,2008,2008
Chevrolet,LACETTI (J200),2004,2006
Chevrolet,LACETTI Estate (J200),2004,2006
Chevrolet,LANOS Saloon,2004,2004
Chevrolet,LUMINA Saloon,2003,2003
Chevrolet,Lacetti,2005,2007
Chevrolet,Lumina,1990,2001
Chevrolet,MALIBU (V300),2011,2011
Chevrolet,MALIBU Hatchback,2003,2003
Chevrolet,"MATIZ (M200, M250)",2004,2006
Chevrolet,MW,2000,2000
Chevrolet,Malibu,2000,2025
Chevrolet,Malibu Classic,2004,2005
Chevrolet,Malibu Limited,2016,2016
Chevrolet,Malibu Maxx,2003,2008
Chevrolet,Matiz,2004,2012
Chevrolet,Matiz / Spark,2000,2022
Chevrolet,Meriva,2002,2010
Chevrolet,Metro,1998,2001
Chevrolet,Montana,2004,2004
Chevrolet,Monte,2000,2007
Chevrolet,Monte Carlo,2005,2007
Chevrolet,NIVA,2002,2009
Chevrolet,NUBIRA Estate,2004,2006
Chevrolet,NUBIRA Saloon,2004,2005
Chevrolet,Nubira,2005,2007
Chevrolet,Nubira / Lacetti,2002,2009
Chevrolet,OPTRA (1J_),2003,2003
Chevrolet,OPTRA Estate,2005,2005
Chevrolet,OPTRA Hatchback,2005,2005
Chevrolet,ORLANDO (J309),2010,2011
Chevrolet,Onix,2012,2019
Chevrolet,Optra,2004,2008
Chevrolet,Optra5,2004,2008
Chevrolet,Orlando,2011,2013
Chevrolet,Pickup,2000,2000
Chevrolet,Prisma,2003,2007
Chevrolet,Prizm,2000,2002
Chevrolet,REZZO,2004,2004
Chevrolet,RV,2000,2013
Chevrolet,S-10,1997,2004
Chevrolet,S-10 Blazer,1982,2000
Chevrolet,S-10 Pickup,1982,2005
Chevrolet,S10,2000,2007
Chevrolet,SILVERADO 1500,2006,2006
Chevrolet,SILVERADO 1500 Crew Cab Pickup,2005,2008
Chevrolet,SILVERADO 1500 Extended Cab Pickup,2005,2009
Chevrolet,SILVERADO 1500 Standard Cab Pickup,2005,2009
Chevrolet,SILVERADO 2500 Cab & Chassis,2011,2011
Chevrolet,SILVERADO 2500 Crew Cab Pickup,2011,2011
Chevrolet,SILVERADO 2500 Extended Cab Pickup,2009,2009
Chevrolet,SILVERADO 2500 HD,2006,2006
Chevrolet,SILVERADO 2500 HD Crew Cab Pickup,2009,2009
Chevrolet,SILVERADO 2500 HD Standard Cab Pickup,2006,2011
Chevrolet,SILVERADO 2500 Standard Cab Pickup,2009,2009
Chevrolet,SILVERADO 3500 Cab & Chassis,2009,2009
Chevrolet,SILVERADO 3500 Crew Cab Pickup,2000,2000
Chevrolet,SILVERADO 3500 Extended Cab Pickup,2009,2011
Chevrolet,SILVERADO 3500 HD Cab & Chassis,2006,2008
Chevrolet,SILVERADO 3500 HD Crew Cab Pickup,2007,2009
Chevrolet,SILVERADO 3500 HD Extended Cab Pickup,2009,2009
Chevrolet,SILVERADO 3500 HD Standard Cab Pickup,2009,2009
Chevrolet,SILVERADO 3500 Standard Cab Pickup,2008,2008
Chevrolet,SPARK (M300),2009,2009
Chevrolet,SS,2013,2017
Chevrolet,SSR,2003,2006
Chevrolet,SUBURBAN (GMT 900),2006,2010
Chevrolet,SUBURBAN 1500 Closed Off-Road Vehicle,2006,2006
Chevrolet,SUBURBAN 2500 Closed Off-Road Vehicle,2006,2009
Chevrolet,Silverado,2000,2025
Chevrolet,Silverado 2500HD,2007,2026
Chevrolet,Silverado 3500HD,2008,2013
Chevrolet,Silverado HD,2019,2027
Chevrolet,Silverado Hybrid,2008,2013
Chevrolet,Silverado LD,2019,2027
Chevrolet,Silverado LTD,2022,2027
Chevrolet,Sonic,2011,2020
Chevrolet,Sonic RS,2012,2020
Chevrolet,Spark,2010,2022
Chevrolet,Spark EV,2013,2016
Chevrolet,Spark Gt,2010,2012
Chevrolet,Spin,2012,2018
Chevrolet,Suburban,1999,2026
Chevrolet,Suburban HD,2024,2027
Chevrolet,TAHOE (B2W),2000,2003
Chevrolet,TAHOE (GMT900),2006,2008
Chevrolet,TAVERA,2003,2003
Chevrolet,TRAILBLAZER (31UX),2011,2011
Chevrolet,TRAILBLAZER (KC_),2001,2004
Chevrolet,TRANS SPORT,2000,2001
Chevrolet,Tacuma,2004,2004
Chevrolet,Tahoe,1991,2026
Chevrolet,Tornado,2004,2004
Chevrolet,Tosca,2006,2007
Chevrolet,Tracker,2000,2013
Chevrolet,TrailBlazer,2000,2026
Chevrolet,Traverse,2008,2026
Chevrolet,Traverse Limited,2024,2027
Chevrolet,Trax,2013,2025
Chevrolet,U100,2004,2005
Chevrolet,Uplander,2004,2009
Chevrolet,VIVA,2003,2003
Chevrolet,VIVANT,2004,2004
Chevrolet,Vectra,1998,2005
Chevrolet,Vectra Gt-X,2003,2003
Chevrolet,Venture,1996,2005
Chevrolet,Volt,2011,2019
Chevrolet,ZAFIRA (F75),2000,2003
Chevrolet,Zafira,2001,2009
Chrysler,200,2011,2017
Chrysler,300,2005,2023
Chrysler,300 C,2010,2010
Chrysler,300 C (LX),2003,2009
Chrysler,300 C Touring (LX),2003,2006
Chrysler,300 M (LR),2000,2000
Chrysler,300C,2005,2005
Chrysler,300M,1998,2004
Chrysler,AVENGER,,
Chrysler,Airflow,,
Chrysler,Aspen,2006,2009
Chrysler,Atlantic Concept,,
Chrysler,CALIBER,,
Chrysler,CARAVAN,,
Chrysler,CARAVAN (RG_),,
Chrysler,CHALLENGER Coupe,,
Chrysler,CHARGER,,
Chrysler,CROSSFIRE Roadster,2003,2003
Chrysler,Cirrus,2000,2000
Chrysler,Concorde,1993,2004
Chrysler,Cordoba,,
Chrysler,Crossfire,2003,2008
Chrysler,DAKOTA,,
Chrysler,DART,,
Chrysler,DELTA,2010,2010
Chrysler,DURANGO,,
Chrysler,Dynasty,,
Chrysler,E-Class,,
Chrysler,Fifth Avenue,,
Chrysler,GRAND VOYAGER V (RT),2006,2011
Chrysler,Grand,2000,2000
Chrysler,Grand Caravan,2021,2027
Chrysler,Grand Voyager,2008,2015
Chrysler,Imperial,,
Chrysler,Intrepid,,
Chrysler,JOURNEY,,
Chrysler,LHS,2000,2001
Chrysler,Laser,,
Chrysler,NEON II,2000,2002
Chrysler,NITRO,,
Chrysler,Neon,,
Chrysler,Newport,,
Chrysler,PT,2001,2010
Chrysler,PT CRUISER (PT_),2000,2004
Chrysler,PT CRUISER Convertible,2003,2003
Chrysler,Pacifica,2003,2026
Chrysler,Phaeton Concept,,
Chrysler,Prowler,2001,2002
Chrysler,Pt Cruiser,2000,2005
Chrysler,RAM 1500 Crew Cab Pickup,,
Chrysler,RAM 1500 Extended Crew Cab Pickup,,
Chrysler,"RAM 1500 Pickup (D1, DC, DH, DM, DR)",,
Chrysler,"RAM 1500 Pickup (DJ, DS)",,
Chrysler,RAM 1500 Standard Cab Pickup,,
Chrysler,RAM 2500 Cab & Chassis,,
Chrysler,RAM 2500 Crew Cab Pickup,,
Chrysler,RAM 2500 Extended Crew Cab Pickup,,
Chrysler,"RAM 2500 Pickup (D1, DC, DH, DM, DR)",,
Chrysler,"RAM 2500 Pickup (DJ, DS)",,
Chrysler,RAM 2500 Standard Cab Pickup,,
Chrysler,RAM 3500 Cab & Chassis,,
Chrysler,RAM 3500 Crew Cab Pickup,,
Chrysler,RAM 3500 Extended Crew Cab Pickup,,
Chrysler,RAM 3500 Standard Cab Pickup,,
Chrysler,"RAM 4000 Pickup (DR, D1, DC, DM, DH)",,
Chrysler,"RAM 4000 Platform/Chassis (DH, DR, D1, DC, DM)",,
Chrysler,RAM 4000 Standard Cab Pickup,,
Chrysler,Ram 4500 Cab & Chassis,,
Chrysler,Ram 5500 Cab & Chassis,,
Chrysler,SEBRING (JR),2001,2001
Chrysler,SEBRING (JS),2006,2006
Chrysler,SEBRING Convertible (JR),2001,2001
Chrysler,SEBRING Convertible (JS),2006,2006
Chrysler,Sebring,2000,2010
Chrysler,Stratus,,
Chrysler,TC by Maserati,,
Chrysler,Town,2000,2016
Chrysler,Town & Country,2000,2016
Chrysler,Town and Country,1990,2016
Chrysler,VIPER Convertible,,
Chrysler,VIPER Coupe,,
Chrysler,"VOYAGER IV (RG, RS)",2000,2004
Chrysler,Valiant,,
Chrysler,Vision,,
Chrysler,Voyager,2000,2025
Chrysler,Windsor,,
Chrysler,YPSILON,2010,2010
Citroen,Berlingo,2000,2010
Citroen,C-Crosser,2007,2008
Citroen,C1,2005,2005
Citroen,C2,2003,2006
Citroen,C3,2002,2009
Citroen,C3 Picasso,2009,2010
Citroen,C3 Pluriel,2002,2004
Citroen,C4,2004,2011
Citroen,C4 Cactus,2014,2014
Citroen,C4 Coupe,2004,2008
Citroen,C4 Grand Picasso,2006,2010
Citroen,C4 Picasso,2007,2010
Citroen,C5,2001,2010
Citroen,C6,2005,2006
Citroen,C8,2002,2007
Citroen,CITROEN AMI,2020,2026
Citroen,CITROEN Berlingo,1996,2026
Citroen,CITROEN C-Crosser,2007,2012
Citroen,CITROEN C-Elysee,2013,2016
Citroen,CITROEN C-Zero,2010,2020
Citroen,CITROEN C1,2005,2022
Citroen,CITROEN C2,2003,2010
Citroen,CITROEN C3,2002,2026
Citroen,CITROEN C3 Aircross,2017,2026
Citroen,CITROEN C3 Picasso,2008,2017
Citroen,CITROEN C3 Pluriel,2003,2010
Citroen,CITROEN C4,2004,2026
Citroen,CITROEN C4 Aircross,2012,2017
Citroen,CITROEN C4 Cactus,2014,2020
Citroen,CITROEN C4 Picasso,2007,2018
Citroen,CITROEN C5,2001,2019
Citroen,CITROEN C5 Aircross,2018,2026
Citroen,CITROEN C5 Crosstourer,2014,2019
Citroen,CITROEN C5 X,2021,2026
Citroen,CITROEN C6,2005,2012
Citroen,CITROEN C8,2002,2014
Citroen,CITROEN DS3,2009,2014
Citroen,CITROEN DS4,2010,2014
Citroen,CITROEN DS5,2011,2018
Citroen,CITROEN E-Mehari,2016,2019
Citroen,CITROEN Evasion,1994,2002
Citroen,CITROEN Grand C4 Picasso,2006,2018
Citroen,CITROEN Nemo,2008,2015
Citroen,CITROEN Saxo,1996,2003
Citroen,CITROEN XM,1989,2000
Citroen,CITROEN XM Break,1992,2000
Citroen,CITROEN Xantia,1993,2001
Citroen,CITROEN Xantia Break,1995,2001
Citroen,CITROEN Xsara,1997,2004
Citroen,CITROEN Xsara Break,2000,2005
Citroen,CITROEN Xsara Picasso,1999,2012
Citroen,Ds3,2010,2014
Citroen,Ds4,2011,2014
Citroen,Ds5,2011,2014
Citroen,Evasion,1998,2000
Citroen,Jumper,2002,2011
Citroen,Jumpy,1999,2010
Citroen,Nemo,2008,2010
Citroen,Saxo,2000,2000
Citroen,Xantia,1999,2000
Citroen,Xsara,1999,2003
Citroen,Xsara Picasso,2004,2005
Citroën,BERLINGO (B9),2007,2009
Citroën,BERLINGO (MF),2000,2004
Citroën,BERLINGO Box (B9),2007,2012
Citroën,BERLINGO Box (M_),2000,2004
Citroën,BERLINGO Platform/Chassis (B9),2007,2007
Citroën,C-CROSSER (EP_),2006,2009
Citroën,C-CROSSER ENTERPRISE,2008,2008
Citroën,C-ELYSEE,2011,2011
Citroën,"C1 (PM_, PN_)",2004,2004
Citroën,C15 (VD-_),2000,2000
Citroën,C2 (JM_),2003,2005
Citroën,C2 ENTERPRISE,2008,2008
Citroën,C3 I (FC_),2002,2008
Citroën,C3 II,2008,2013
Citroën,C3 Picasso,2008,2012
Citroën,C3 Pluriel (HB_),2003,2004
Citroën,C4 AIRCROSS,2011,2011
Citroën,C4 CACTUS,2012,2012
Citroën,C4 Coupe (LA_),2003,2007
Citroën,C4 Grand Picasso I (UA_),2005,2009
Citroën,C4 Grand Picasso II,2012,2012
Citroën,C4 I (LC_),2003,2008
Citroën,C4 II (B7),2008,2012
Citroën,C4 Picasso I (UD_),2006,2009
Citroën,C4 Picasso II,2012,2012
Citroën,C4 Saloon,2005,2005
Citroën,C5 I (DC_),2001,2001
Citroën,C5 I Break (DE_),2001,2003
Citroën,C5 II (RC_),2003,2005
Citroën,C5 II Break (RE_),2003,2005
Citroën,C5 III (RD_),2007,2011
Citroën,C5 III Break (TD_),2007,2011
Citroën,C6 (TD_),2004,2008
Citroën,"C8 (EA_, EB_)",2002,2006
Citroën,DS3,2008,2013
Citroën,DS3 Convertible,2012,2013
Citroën,DS4,2010,2012
Citroën,DS5,2010,2012
Citroën,"EVASION (22, U6)",2000,2000
Citroën,JUMPER Box,2005,2010
Citroën,JUMPER Box (230L),2000,2001
Citroën,JUMPER Box (244),2002,2003
Citroën,JUMPER Bus,2005,2010
Citroën,JUMPER Bus (230P),2000,2000
Citroën,"JUMPER Bus (244, Z_)",2002,2002
Citroën,JUMPER Platform/Chassis,2005,2010
Citroën,JUMPER Platform/Chassis (230),2000,2000
Citroën,JUMPER Platform/Chassis (244),2002,2003
Citroën,JUMPY,2006,2010
Citroën,JUMPY (U6U),2000,2000
Citroën,JUMPY Box,2006,2010
Citroën,"JUMPY Box (BS_, BT_, BY_, BZ_)",2000,2002
Citroën,"JUMPY Platform/Chassis (BU_, BV_, BW_, BX_)",2003,2003
Citroën,NEMO Box (AA_),2007,2009
Citroën,NEMO Estate,2008,2009
Citroën,"SAXO (S0, S1)",2000,2001
Citroën,XSARA (N1),2000,2002
Citroën,XSARA Box,2000,2000
Citroën,XSARA Break (N2),2000,2002
Citroën,XSARA Coupe (N0),2000,2002
Citroën,XSARA PICASSO (N68),2000,2004
Cupra,Ateca,2018,2020
Cupra,Born,2021,2026
Cupra,Formentor,2020,2026
Cupra,Leon,2020,2026
Cupra,Leon Sportstourer,2020,2026
Cupra,Raval,2026,2026
Cupra,Tavascan,2023,2026
Cupra,Terramar,2024,2026
DS,AUTOMOBILES DS 3,2014,2026
DS,AUTOMOBILES DS 3 Cabrio,2013,2018
DS,AUTOMOBILES DS 3 Crossback,2018,2022
DS,AUTOMOBILES DS 4,2021,2026
DS,AUTOMOBILES DS 5,2016,2018
DS,AUTOMOBILES DS 5LS,2014,2018
DS,AUTOMOBILES DS 7,2017,2026
DS,AUTOMOBILES DS 9,2020,2026
DS,AUTOMOBILES DS N8,2024,2026
Dacia,1310,1979,2005
Dacia,1310 Break,1980,2004
Dacia,1325 Liberta,,
Dacia,1410,,
Dacia,Bigster,2024,2026
Dacia,DOKKER Express,2011,2012
Dacia,Dokker,2013,2015
Dacia,Dokker Van,2012,2021
Dacia,Duster,2011,2013
Dacia,Duster Pick-Up,2020,2026
Dacia,JOGGER,2020,2026
Dacia,LOGAN (LS_),2003,2009
Dacia,LOGAN EXPRESS (FS_),2008,2009
Dacia,LOGAN II,2011,2012
Dacia,LOGAN MCV (KS_),2006,2009
Dacia,LOGAN MCV II,2012,2012
Dacia,LOGAN Pickup (US_),2007,2009
Dacia,Lodgy,2011,2013
Dacia,Logan,2004,2026
Dacia,Logan MCV,2006,2020
Dacia,Logan MCV Stepway,2017,2020
Dacia,Logan Pick-Up,2007,2012
Dacia,Logan Stepway,,
Dacia,Logan Van,2007,2012
Dacia,Pick-Up,,
Dacia,SANDERO II,2011,2012
Dacia,Sandero,2011,2013
Dacia,Sandero MCV,,
Dacia,Sandero Stepway,2013,2013
Dacia,Solenza,2003,2005
Dacia,Spring,2021,2026
Dacia,Striker,2026,2026
Dacia,SuperNova,1999,2003
Daewoo,ADVENTRA,2002,2002
Daewoo,AVEO,2002,2002
Daewoo,Alpheon,,
Daewoo,Arcadia,,
Daewoo,Brougham,,
Daewoo,Chairman,,
Daewoo,Chairman W,,
Daewoo,Damas,,
Daewoo,Damas II,2003,2011
Daewoo,EVANDA (KLAL),2002,2002
Daewoo,Epica,2006,2007
Daewoo,Evanda,,
Daewoo,G2X,2006,2009
Daewoo,GENTRA Hatchback,2004,2004
Daewoo,GENTRA Saloon,2012,2012
Daewoo,Gentra,2008,2014
Daewoo,Istana,,
Daewoo,KALOS (KLAS),2002,2002
Daewoo,KALOS Saloon (KLAS),2002,2003
Daewoo,Kalos,,
Daewoo,Korando,,
Daewoo,LACETTI Hatchback (KLAN),2003,2003
Daewoo,LACETTI Saloon (J200),2003,2003
Daewoo,LEGANZA (KLAV),2000,2000
Daewoo,Lacetti,2005,2007
Daewoo,Laganza V-car,2003,2007
Daewoo,Lanos,1996,2002
Daewoo,LeMans,,
Daewoo,Leganza,1997,2002
Daewoo,Leganza V-200 & variants/derivatives,2003,2007
Daewoo,Lublin,,
Daewoo,MATIZ (KLYA),2002,2002
Daewoo,Magnus,2002,2006
Daewoo,Matiz,1998,2009
Daewoo,Matiz Creative,2010,2012
Daewoo,Musso,,
Daewoo,NEXIA Saloon,2007,2007
Daewoo,NUBIRA (KLAJ),2002,2002
Daewoo,NUBIRA Saloon (KLAJ),2000,2000
Daewoo,NUBIRA Saloon (KLAN),2003,2003
Daewoo,NUBIRA Wagon (KLAJ),2000,2000
Daewoo,NUBIRA Wagon (KLAN),2003,2003
Daewoo,Nexia,,
Daewoo,Nubira,2000,2007
Daewoo,Prince,,
Daewoo,REXTON (GAB_),2002,2005
Daewoo,REZZO (KLAU),2000,2001
Daewoo,Racer,,
Daewoo,Rezzo,,
Daewoo,Royale,,
Daewoo,Statesman,2003,2006
Daewoo,Super Salon,,
Daewoo,Tacuma,2000,2008
Daewoo,Tico,1991,2001
Daewoo,Tosca,2006,2007
Daewoo,Winstorm,2006,2007
Daihatsu,ALTIS,2005,2005
Daihatsu,AYLA,2012,2012
Daihatsu,BEGO,2004,2004
Daihatsu,BOON LUMINAS,2007,2007
Daihatsu,CERIA,2002,2004
Daihatsu,CHARADE,2010,2010
Daihatsu,CHARADE (L2_),2002,2002
Daihatsu,COO,2005,2005
Daihatsu,COPEN,2003,2005
Daihatsu,CUORE VI (L7_),2000,2000
Daihatsu,CUORE VII (L251),2002,2003
Daihatsu,CUORE VIII,2006,2006
Daihatsu,ESSE,2004,2004
Daihatsu,EXTOL Box,2000,2003
Daihatsu,"EXTOL Bus (S22_, S23_)",2000,2003
Daihatsu,HIJET Pickup,2001,2001
Daihatsu,LUXIO,2008,2008
Daihatsu,MATERIA (M4_),2005,2005
Daihatsu,MAX,2000,2002
Daihatsu,MIRA GINO,2005,2005
Daihatsu,MOVE,2002,2002
Daihatsu,RUSH,2004,2004
Daihatsu,SIRION (M1),2000,2002
Daihatsu,SIRION (M3_),2004,2007
Daihatsu,SIRION (M4_),2009,2010
Daihatsu,SONICA,2004,2005
Daihatsu,STORIA,2004,2004
Daihatsu,TANTO,2002,2002
Daihatsu,TERIOS (J1),2000,2002
Daihatsu,TERIOS (J2_),2004,2009
Daihatsu,TREVIS,2005,2005
Daihatsu,XENIA,2010,2010
Daihatsu,YRV (M2),2001,2002
Dodge,Aspen,,
Dodge,Avenger,2000,2014
Dodge,C/V,2012,2015
Dodge,Cab,2000,2012
Dodge,Caliber,2006,2012
Dodge,Caliber SRT4,2007,2009
Dodge,Caravan,1983,2014
Dodge,Caravan/Grand Caravan,1995,2008
Dodge,Challenger,2007,2023
Dodge,Challenger SRT,2009,2026
Dodge,Charger,1966,2026
Dodge,Charger SRT,2006,2023
Dodge,Colt,,
Dodge,Coronet,,
Dodge,Dakota,1996,2011
Dodge,Dakota Club Cab,2004,2011
Dodge,Dakota Quad Cab,2004,2011
Dodge,Dart,2013,2016
Dodge,Daytona,,
Dodge,Diplomat,,
Dodge,Durango,1997,2026
Dodge,Durango SRT,2017,2026
Dodge,Grand,2000,2020
Dodge,Grand Caravan,,
Dodge,Hornet,2022,2026
Dodge,Intrepid,2000,2004
Dodge,Journey,2008,2020
Dodge,Lancer,,
Dodge,Magnum,2004,2008
Dodge,Magnum SRT8,2005,2008
Dodge,Mirada,,
Dodge,Monaco,,
Dodge,Neon,2000,2005
Dodge,Nitro,2006,2012
Dodge,Omni,,
Dodge,Pickup,2000,2012
Dodge,Polara,,
Dodge,ProMaster,2014,2025
Dodge,Raider,,
Dodge,Ram,1993,2013
Dodge,Ram 1500,2003,2014
Dodge,Ram 2500,2003,2013
Dodge,Ram 3500,2003,2013
Dodge,Ram Chassis Cab,2007,2013
Dodge,Ram Van,,
Dodge,Ram Wagon,1981,2003
Dodge,Ramcharger,,
Dodge,SRT-4,2003,2005
Dodge,Shadow,,
Dodge,Spirit,,
Dodge,Sprinter,2003,2009
Dodge,Stealth,,
Dodge,Stratus,2000,2006
Dodge,Super Bee,,
Dodge,Viper,2000,2017
Donkervoort,D10,,
Donkervoort,D8,,
Donkervoort,D8 Cosworth,,
Donkervoort,D8 GTO,,
Donkervoort,D8 Zetec,,
Donkervoort,F22,,
Donkervoort,S8,,
Dr Motor,Dr5,2007,2007
Effedi,Gasolone,2009,2009
Ferrari,125 S,,
Ferrari,12Cilindri,2024,2026
Ferrari,166 Inter,,
Ferrari,195 Inter,,
Ferrari,208 GTB,,
Ferrari,208 GTS,,
Ferrari,208 Turbo,,
Ferrari,212 Inter,,
Ferrari,250 Europa,,
Ferrari,250 GT,,
Ferrari,250 GT California,,
Ferrari,250 GTE,,
Ferrari,250 GTO,,
Ferrari,275 GTB,,
Ferrari,288 GTO,,
Ferrari,288 GTO/F40/F50/Enzo/LaFerrari,1984,2015
Ferrari,296,2022,2026
Ferrari,296 GTB,2022,2026
Ferrari,296 GTS,2022,2026
Ferrari,296 Speciale,2025,2026
Ferrari,296 Speciale A,2026,2027
Ferrari,308 GTB,,
Ferrari,308 GTS,,
Ferrari,330 GT,,
Ferrari,360,2000,2005
Ferrari,360 (F131),2001,2003
Ferrari,360 Challenge Stradale,2003,2005
Ferrari,360 Modena,1999,2003
Ferrari,360 Spider,,
Ferrari,360 Spider (F131),2000,2000
Ferrari,365 GTB/4 Daytona,,
Ferrari,365 GTC,,
Ferrari,365 GTS,,
Ferrari,430,2007,2009
Ferrari,430 Scuderia,,
Ferrari,456 GT,1992,2003
Ferrari,456M,2000,2003
Ferrari,458,2011,2015
Ferrari,458 Italia,2010,2014
Ferrari,458 Speciale,2013,2015
Ferrari,458 Speciale A,2014,2015
Ferrari,458 Spider,,
Ferrari,488,2016,2019
Ferrari,488 Gtb,2015,2015
Ferrari,488 Pista,2018,2020
Ferrari,488 Pista Spider,,
Ferrari,488 Spider,2015,2015
Ferrari,512 BB,,
Ferrari,512 TR,,
Ferrari,550 Barchetta,2001,2001
Ferrari,550 Barchetta/575M Superamerica,2000,2006
Ferrari,550 Maranello,,
Ferrari,550/575M Maranello,1996,2006
Ferrari,575 Maranello,2001,2006
Ferrari,575M Maranello,,
Ferrari,599,2006,2012
Ferrari,599 Fiorano,2006,2009
Ferrari,599 GTB Fiorano,,
Ferrari,599 GTB/GTO,2005,2009
Ferrari,599 Gto,2010,2010
Ferrari,599 SA,2009,2009
Ferrari,612 Scaglietti,2004,2006
Ferrari,812,2017,2024
Ferrari,812 Superfast,,
Ferrari,849 Testarossa,2026,2027
Ferrari,Amalfi,2025,2026
Ferrari,California,2009,2012
Ferrari,California T,2014,2017
Ferrari,California T F149M,2015,2015
Ferrari,Challenge Stradale,2004,2004
Ferrari,Daytona,2021,2026
Ferrari,Daytona SP3,2023,2025
Ferrari,Dino 206 GT,,
Ferrari,Dino 246 GT,,
Ferrari,ENZO FERRARI,2002,2002
Ferrari,Enzo,2004,2004
Ferrari,F12 Berlinetta,2012,2012
Ferrari,F12 Special Series,2016,2016
Ferrari,F12 TRS,2014,2014
Ferrari,F12 tdf (Tour de France),2017,2017
Ferrari,F12tdf,2015,2017
Ferrari,F149 California,2008,2017
Ferrari,F40,,
Ferrari,F430,2004,2009
Ferrari,F430 Spider,2004,2007
Ferrari,F50,,
Ferrari,F512 M,,
Ferrari,F60 America,2014,2016
Ferrari,F8,2019,2023
Ferrari,F8 Tributo,,
Ferrari,F80,2024,2026
Ferrari,FXX,2005,2007
Ferrari,Ff,2011,2011
Ferrari,GTC4Lusso,2016,2020
Ferrari,GTC4Lusso T,2016,2020
Ferrari,La Ferrari,2010,2017
Ferrari,LaFerrari,2016,2018
Ferrari,Luce,2026,2026
Ferrari,Monza,2018,2022
Ferrari,Monza SP1,,
Ferrari,Monza SP1/SP2,2023,2023
Ferrari,Monza SP2,,
Ferrari,P4/5 By Pininfarina,2006,2006
Ferrari,Portofino,2017,2026
Ferrari,Portofino M,2021,2023
Ferrari,Purosangue,2022,2026
Ferrari,Roma,2019,2026
Ferrari,SF90,2019,2026
Ferrari,SF90 Spider,,
Ferrari,SF90 Stradale,,
Ferrari,SUPERAMERICA,2004,2004
Ferrari,Sa Aperta,2011,2011
Ferrari,Scuderia,2008,2009
Ferrari,Testarossa,2025,2026
Ferrari,Testarossa/512 TR/512M,1984,2026
Fiat,1100,,
Fiat,124,1966,2021
Fiat,124 Spider,2016,2016
Fiat,126,1972,2000
Fiat,1500,,
Fiat,1800,,
Fiat,2100,,
Fiat,2300,,
Fiat,500,2007,2024
Fiat,500 (312),2006,2012
Fiat,500 3+1,2020,2026
Fiat,500 Abarth,2008,2026
Fiat,500 C (312),2008,2012
Fiat,500 Hybrid,,
Fiat,500 c,2015,2019
Fiat,500C,2009,2015
Fiat,500L,2012,2020
Fiat,500L Living,2013,2022
Fiat,500L Trekking,2013,2017
Fiat,500L Urban,2017,2022
Fiat,500X,2015,2023
Fiat,500e,2013,2025
Fiat,600,1955,2026
Fiat,Albea,2002,2002
Fiat,Albea / Siena,2002,2012
Fiat,BRAVA (182),2000,2001
Fiat,BRAVO I (182),2000,2000
Fiat,BRAVO II (198),2005,2008
Fiat,BRAVO Van (198),2007,2007
Fiat,Barchetta,1995,2005
Fiat,Brava,1995,2001
Fiat,Bravo,1998,2014
Fiat,CROMA (194),2004,2004
Fiat,Croma,2005,2005
Fiat,DOBLO (119),2001,2004
Fiat,DOBLO Box Body / Estate (263),2009,2012
Fiat,DOBLO Cargo (223),2001,2005
Fiat,"DOBLO MPV (152, 263)",2009,2010
Fiat,DOBLO Platform/Chassis (263),2009,2012
Fiat,DUCATO Box (230L),2000,2001
Fiat,DUCATO Box (244),2002,2003
Fiat,DUCATO Box (250),2005,2010
Fiat,DUCATO Bus (230),2000,2001
Fiat,"DUCATO Bus (244, Z_)",2002,2003
Fiat,DUCATO Bus (250),2005,2010
Fiat,DUCATO Platform/Chassis (230),2000,2001
Fiat,DUCATO Platform/Chassis (244),2002,2003
Fiat,DUCATO Platform/Chassis (250),2005,2010
Fiat,Doblo,2001,2014
Fiat,Ducato,2002,2011
Fiat,FIORINO Box Body / Estate (225),2006,2008
Fiat,FREEMONT (JF_),2010,2010
Fiat,Fiorino,2001,2011
Fiat,Freemont,2011,2012
Fiat,Fullback,2016,2019
Fiat,Grande Panda,2024,2026
Fiat,Grande Punto,2005,2011
Fiat,Grande Punto / Punto Evo,2005,2012
Fiat,Idea,2004,2010
Fiat,LINEA (323),2006,2008
Fiat,Linea,2007,2009
Fiat,MAREA (185),2000,2001
Fiat,MAREA Weekend (185),2000,2001
Fiat,MULTIPLA (186),2000,2003
Fiat,Marea,1998,2001
Fiat,Marea Weekend,1996,2002
Fiat,Mille,2005,2005
Fiat,Multipla,1999,2003
Fiat,Ottimo,2012,2012
Fiat,PALIO (178BX),2003,2003
Fiat,PALIO Weekend (178DX),2001,2004
Fiat,PANDA (169),2003,2009
Fiat,"PANDA (519, 319)",2011,2012
Fiat,PANDA Van (141_),2000,2000
Fiat,PANDA Van (169),2003,2009
Fiat,PUNTO (188),2001,2006
Fiat,PUNTO (199),2011,2012
Fiat,PUNTO / GRANDE PUNTO (199),2004,2009
Fiat,PUNTO EVO (199),2007,2008
Fiat,PUNTO Van (188AX),2000,2004
Fiat,PUNTO Van (199),2007,2011
Fiat,Palio,2001,2010
Fiat,Palio Weekend,2012,2019
Fiat,Panda,2003,2016
Fiat,Panda 4X4,1986,2023
Fiat,Panda City Cross,2017,2020
Fiat,Panda Cross,2014,2017
Fiat,Punto,1999,2015
Fiat,Punto Evo,2009,2010
Fiat,QUBO (225),2007,2009
Fiat,Qubo,2008,2015
Fiat,SCUDO (270_),2006,2010
Fiat,SCUDO Box (220L),2000,2002
Fiat,SCUDO Box (270_),2006,2010
Fiat,SCUDO Combinato (220P),2000,2003
Fiat,SCUDO Platform/Chassis (270_),2006,2010
Fiat,SIENA (178_),2000,2006
Fiat,STILO (192),2001,2004
Fiat,STILO Multi Wagon (192),2002,2004
Fiat,STRADA Pickup (178E),2000,2005
Fiat,STRADA Pickup (578_),2009,2009
Fiat,Scudo,2004,2011
Fiat,Sedici,2006,2006
Fiat,Siena,1998,2010
Fiat,Stilo,2001,2005
Fiat,Stilo Multi,2003,2010
Fiat,Strada,1999,2010
Fiat,Talento,,
Fiat,Tipo,2015,2017
Fiat,Tipo Cross,2020,2026
Fiat,Tipo Station,2016,2021
Fiat,Topolino,1936,2026
Fiat,ULYSSE (179AX),2002,2007
Fiat,ULYSSE (220),2000,2000
Fiat,Ulysse,1999,2008
Fiat,Uno,2001,2006
Fiat,Viaggio,2012,2012
Ford,'34,1985,2027
Ford,B-750,2002,2002
Ford,B-MAX Van,2011,2011
Ford,B-Max,2012,2015
Ford,Bantam,2005,2005
Ford,Bronco,1966,2026
Ford,Bronco Sport,2021,2027
Ford,C-MAX (DM2),2006,2008
Ford,C-MAX II,2009,2011
Ford,C-MAX II Van,2009,2011
Ford,C-Max,2007,2018
Ford,COUGAR (EC_),2000,2000
Ford,COURIER Pickup (PG),,
Ford,COURIER Pickup (PH),,
Ford,COURIER Platform/Chassis (PG),,
Ford,COURIER Platform/Chassis (PH),,
Ford,Cab,2000,2012
Ford,Capri SUV,2024,2026
Ford,Contour,2000,2000
Ford,Contour/Mondeo,1997,2000
Ford,Cougar,1998,2001
Ford,Crown,2000,2011
Ford,Crown Victoria,1998,2007
Ford,Cutaway,2000,2012
Ford,E SERIES Box,,
Ford,E SERIES Bus,,
Ford,E-150,1981,2014
Ford,E-250,1981,2014
Ford,E-350,1981,2027
Ford,E-450,1995,2027
Ford,E-550,2002,2015
Ford,E-Tourneo,2023,2026
Ford,E-Transit,2022,2024
Ford,E450,2000,2012
Ford,E550,2002,2003
Ford,ECONOVAN Box (JH),,
Ford,"ESCAPE (BA, ZA, ZB, ZC, ZD)",,
Ford,Econoline,2000,2012
Ford,Econovan,1999,2005
Ford,Ecosport,2004,2015
Ford,Edge,2007,2024
Ford,Edge ST,2018,2024
Ford,Escape,2001,2024
Ford,Escort,1980,2002
Ford,Everest,2015,2015
Ford,Excursion,2000,2005
Ford,Expedition,1996,2026
Ford,Expedition EL,2017,2017
Ford,Expedition MAX,2007,2027
Ford,Explorer,2000,2024
Ford,Explorer Electric,2023,2026
Ford,Explorer Sport,2001,2005
Ford,Explorer Sport Trac,2002,2010
Ford,F-150,1997,2024
Ford,F-150 Heritage,2004,2004
Ford,F-150 Lightning,,
Ford,F-150 Raptor,2009,2026
Ford,F-150 Regular Cab,1996,2014
Ford,F-150 Super Cab,2001,2026
Ford,F-150 Super Crew,2001,2026
Ford,F-250,2013,2024
Ford,F-250 Super Duty,1998,2015
Ford,F-350,2013,2024
Ford,F-350 Super Duty,1998,2015
Ford,F-450,1999,2027
Ford,F-450 Super Duty,1998,2015
Ford,F-550,1999,2027
Ford,F-550 Super Duty,1998,2015
Ford,F-600,1981,2027
Ford,F-650,2000,2027
Ford,F-750,2000,2027
Ford,F-800,1981,2002
Ford,F150 Pickup,,
Ford,F450,2000,2012
Ford,F550,2000,2012
Ford,FAIRLANE Saloon (BA),,
Ford,FAIRLANE Saloon (BF),,
Ford,FAIRMONT Saloon (BA),,
Ford,FAIRMONT Saloon (BF),,
Ford,FALCON Estate (BA),,
Ford,FALCON Estate (BF),,
Ford,FALCON Pickup (BA),,
Ford,FALCON Pickup (BF),,
Ford,FALCON Pickup (FG),,
Ford,FALCON Platform/Chassis (AU),,
Ford,FALCON Platform/Chassis (BA),,
Ford,FALCON Platform/Chassis (BF),,
Ford,FALCON Platform/Chassis (FG),,
Ford,FALCON Saloon (BA),,
Ford,FALCON Saloon (BF),,
Ford,FALCON Saloon (FG),,
Ford,"FIESTA Box (J5_, J3_)",2000,2000
Ford,FIESTA Box (JV_),2000,2000
Ford,"FIESTA Hatchback (WP, WQ)",,
Ford,FIESTA Hatchback (WS),,
Ford,"FIESTA IV (JA_, JB_)",2000,2000
Ford,FIESTA Saloon,2011,2011
Ford,"FIESTA V (JH_, JD_)",2001,2004
Ford,FIESTA VI,2007,2012
Ford,FIESTA Van,2003,2003
Ford,"FOCUS (DAW, DBW)",2001,2002
Ford,FOCUS C-MAX,2003,2005
Ford,FOCUS Estate (DNW),2001,2002
Ford,FOCUS Hatchback (LR),,
Ford,FOCUS Hatchback (LT),,
Ford,FOCUS Hatchback (LV),,
Ford,FOCUS II (DA_),2003,2009
Ford,FOCUS II Convertible,2005,2005
Ford,FOCUS II Estate (DA_),2003,2008
Ford,FOCUS II Saloon (DA_),2004,2007
Ford,FOCUS III,2010,2013
Ford,FOCUS III Saloon,2010,2013
Ford,FOCUS III Turnier,2010,2013
Ford,FOCUS Saloon (DFW),2001,2002
Ford,FOCUS Saloon (LR),,
Ford,"FOCUS Saloon (LS, LT)",,
Ford,FOCUS Saloon (LV),,
Ford,FUSION (JU_),2002,2009
Ford,Fiesta,1999,2019
Ford,Fiesta ST,2012,2021
Ford,Figo,2010,2026
Ford,Five,2005,2007
Ford,Five Hundred,2004,2007
Ford,Flex,2009,2019
Ford,Focus,1998,2018
Ford,Focus CC,2006,2011
Ford,Focus Rs,2002,2016
Ford,Focus St,2002,2012
Ford,Focus US,1998,2026
Ford,Freda,2001,2001
Ford,Freestar,2003,2007
Ford,Freestyle,2004,2007
Ford,Fusion,2002,2020
Ford,Fusion European,2002,2012
Ford,Fusion North American,2005,2020
Ford,GALAXY (WA6),2005,2010
Ford,GALAXY (WGR),2000,2004
Ford,GRAND C-MAX Van,2009,2011
Ford,GT,2004,2022
Ford,GT MKII,2023,2027
Ford,Galaxy,2006,2015
Ford,Granada,,
Ford,Grand C-MAX,2011,2015
Ford,KA (RB_),2000,2005
Ford,KA (RU8),2007,2007
Ford,KA Van (RB),2002,2002
Ford,KUGA I,2007,2009
Ford,KUGA II (DM2),2012,2012
Ford,KUGA II Van,2012,2012
Ford,Ka,1996,2010
Ford,Ka+,2016,2019
Ford,Ka+ Active,2018,2019
Ford,Kuga,2008,2015
Ford,LASER Hatchback (KQ),,
Ford,LASER Saloon (KQ),,
Ford,LTD Saloon (BA),,
Ford,METROSTAR,2000,2000
Ford,"MONDEO Estate (MB, MC)",,
Ford,"MONDEO Hatchback (MA, MB, MC)",,
Ford,MONDEO II (BAP),2000,2000
Ford,MONDEO II Saloon (BFP),2000,2000
Ford,MONDEO III (B5Y),2000,2003
Ford,MONDEO III Estate (BWY),2000,2003
Ford,MONDEO III Saloon (B4Y),2000,2003
Ford,MONDEO IV (BA7),2006,2010
Ford,MONDEO IV Saloon (BA7),2006,2009
Ford,MONDEO IV Turnier (BA7),2006,2010
Ford,MONDEO Saloon (HE),,
Ford,"MONDEO Saloon (MA, MB)",,
Ford,MONDEO V Hatchback,2012,2012
Ford,MONDEO V Turnier,2012,2012
Ford,Mach-E,,
Ford,Maverick,2021,2026
Ford,Model A,,
Ford,Model T,,
Ford,Mondeo,1996,2015
Ford,Mondeo St,1999,2007
Ford,Motorhome Chassis,1999,2027
Ford,Mustang,2000,2024
Ford,Mustang GTD,2025,2027
Ford,Mustang MACH-E,2020,2026
Ford,Mustang Mach 1,2020,2026
Ford,PUMA (EC_),2000,2000
Ford,Pickup,2000,2012
Ford,Police,2014,2024
Ford,Puma,1997,2000
Ford,"RANGER (ER, EQ)",2002,2004
Ford,"RANGER (ES, ET)",2005,2005
Ford,RANGER (TKE),2010,2010
Ford,RANGER Pickup (PJ),,
Ford,RANGER Pickup (PK),,
Ford,RANGER Platform/Chassis (PJ),,
Ford,RANGER Platform/Chassis (PK),,
Ford,RV,2000,2011
Ford,Ranger,2000,2024
Ford,Ranger Regular Cab,2000,2017
Ford,Ranger Super Cab,2000,2017
Ford,Ranger Tremor,2023,2026
Ford,Ranger Wildtrak,2023,2026
Ford,Raptor Ranger,2018,2022
Ford,S-MAX (WA6),2005,2010
Ford,S-Max,2006,2015
Ford,S-Max +,2010,2011
Ford,SSV,2019,2020
Ford,STREET KA (RL2),2003,2003
Ford,Special,2014,2018
Ford,SportKa,2003,2008
Ford,StreetKa,2003,2006
Ford,Super Duty,2021,2026
Ford,"TERRITORY (SX, SY)",,
Ford,TOURNEO CONNECT / GRAND TOURNEO CONNECT Kombi,2012,2012
Ford,TOURNEO COURIER Kombi,2012,2012
Ford,TOURNEO CUSTOM Bus,2011,2011
Ford,TRANSIT Box,2012,2012
Ford,TRANSIT Box (FA_ _),2000,2003
Ford,TRANSIT Box (VM),,
Ford,TRANSIT Bus,2012,2012
Ford,"TRANSIT Bus (FD_ _, FB_ _, FS_ _, FZ_ _, FC_ _)",2000,2003
Ford,"TRANSIT Bus (VH, VJ)",,
Ford,TRANSIT Bus (VM),,
Ford,"TRANSIT CONNECT (P65_, P70_, P80_)",2002,2005
Ford,TRANSIT CONNECT Box,2012,2012
Ford,TRANSIT CONNECT Kombi,2012,2012
Ford,TRANSIT COURIER Box,2012,2012
Ford,TRANSIT COURIER Kombi,2012,2012
Ford,TRANSIT CUSTOM Box,2011,2011
Ford,TRANSIT CUSTOM Bus,2011,2011
Ford,TRANSIT Platform/Chassis,2012,2012
Ford,"TRANSIT Platform/Chassis (FM_ _, FN_ _)",2000,2003
Ford,"TRANSIT Platform/Chassis (VH, VJ)",,
Ford,TRANSIT Platform/Chassis (VM),,
Ford,TRANSIT TOURNEO,2005,2007
Ford,Taunus,,
Ford,Taurus,2000,2019
Ford,Taurus SHO,2009,2019
Ford,Taurus X,2007,2009
Ford,Territory,2018,2022
Ford,Thunderbird,1955,2005
Ford,Tourneo,2003,2024
Ford,Tourneo Connect,2015,2016
Ford,Tourneo Courier,2015,2015
Ford,Tourneo Custom,,
Ford,Transit,2000,2023
Ford,Transit Connect,2002,2006
Ford,Transit Courier,,
Ford,Transit Custom,2019,2023
Ford,Transit Van,,
Ford,Transit-150,2015,2024
Ford,Transit-250,2015,2024
Ford,Transit-350,2015,2024
Ford,Wildtrak,2019,2026
Ford,Windstar,1998,2004
Ford,ZX2,1999,2003
GMC,Acadia,2007,2025
GMC,C-Series,,
GMC,C3500,2000,2002
GMC,C5,1981,2009
GMC,C6,1981,2009
GMC,C7,1981,2009
GMC,C7500,2006,2006
GMC,Cab,2000,2012
GMC,Caballero,,
GMC,Canyon,2004,2025
GMC,Canyon Regular Cab,2004,2013
GMC,Cruise Origin AV,2024,2027
GMC,Cutaway,2012,2013
GMC,Electric Vehicle,1997,2000
GMC,Envoy,2000,2009
GMC,Envoy XL,2001,2006
GMC,Envoy XUV,2003,2005
GMC,Hummer,2022,2025
GMC,Hummer EV,2021,2026
GMC,Hummer EV Pickup,,
GMC,Hummer EV SUV,2023,2026
GMC,Jimmy,1997,2005
GMC,Jimmy Utility,1981,2005
GMC,K-Series,,
GMC,Pickup,2000,2000
GMC,RV,2012,2013
GMC,SIERRA 1500 Crew Cab Pickup,2006,2009
GMC,SIERRA 1500 Extended Cab Pickup,2006,2008
GMC,SIERRA 1500 HD Crew Cab Pickup,2000,2000
GMC,SIERRA 1500 Standard Cab Pickup,2006,2009
GMC,SIERRA 2500 HD Cab & Chassis,2006,2011
GMC,SIERRA 2500 HD Crew Cab Pickup,2006,2011
GMC,SIERRA 2500 HD Extended Cab Pickup,2007,2011
GMC,SIERRA 2500 HD Standard Cab Pickup,2006,2011
GMC,SIERRA 3500 Cab & Chassis,2000,2000
GMC,SIERRA 3500 Crew Cab Pickup,2000,2000
GMC,SIERRA 3500 HD Cab & Chassis,2005,2009
GMC,SIERRA 3500 HD Crew Cab Pickup,2006,2010
GMC,SIERRA 3500 HD Extended Cab Pickup,2006,2009
GMC,SIERRA 3500 HD Standard Cab Pickup,2006,2010
GMC,Safari,1994,2005
GMC,Savana,1995,2026
GMC,Sierra,2000,2025
GMC,Sierra 1500,,
GMC,Sierra 2500,,
GMC,Sierra 2500HD,2008,2022
GMC,Sierra 3500,,
GMC,Sierra 3500HD,2008,2019
GMC,Sierra EV,,
GMC,Sierra HD,2019,2027
GMC,Sierra Limited,2019,2027
GMC,Sonoma,2000,2004
GMC,Sprint,,
GMC,Suburban,,
GMC,Syclone,,
GMC,Terrain,2009,2026
GMC,TopKick,,
GMC,Tracker,2004,2004
GMC,Vandura,,
GMC,Yukon,1999,2026
GMC,Yukon XL,1999,2026
GWM,C50,2014,2014
GWM,Cannon,,
GWM,Cannon Alpha,,
GWM,Hover 5,2010,2013
GWM,Hover 6,2014,2014
GWM,Ora 03,,
GWM,Ora Ballet Cat,,
GWM,Ora Funky Cat,,
GWM,Ora Good Cat,,
GWM,Ora Lightning Cat,,
GWM,Poer,,
GWM,Poer King Kong,,
GWM,Steed 5,2010,2010
GWM,Tank 300,,
GWM,Tank 400,,
GWM,Tank 500,,
GWM,Tank 700,,
GWM,Ute,,
GWM,V200,2010,2010
GWM,X200,2010,2010
Geely,CK,2005,2016
Geely,Emgrand Ec7,2009,2009
Geely,Galaxy,2023,2026
Geely,Galaxy M9,2025,2026
Geely,LC,2009,2017
Geely,MK,2006,2014
Genesis,Electrified,2023,2025
Genesis,G70,2017,2026
Genesis,G70 Shooting Brake,2021,2026
Genesis,G80,2016,2026
Genesis,G90,2016,2026
Genesis,GV60,2022,2026
Genesis,GV70,2020,2026
Genesis,GV80,2021,2026
Great Wall,Poer,2019,2026
Great Wall,Steed,2006,2020
Great Wall,Voleex C30,2010,2017
Great Wall,Wingle,2006,2026
Holden,ADVENTRA Estate (VY),2003,2003
Holden,ADVENTRA Estate (VZ),2003,2005
Holden,ASTRA (AH),2004,2006
Holden,ASTRA Convertible (TS),2002,2002
Holden,ASTRA Estate (AH),2006,2007
Holden,ASTRA Hatchback (TS),2000,2003
Holden,ASTRA SPORTSBACK (AH),2004,2006
Holden,ASTRA Saloon (TS),2000,2000
Holden,ASTRA TWINTOP (AH),2007,2007
Holden,Acadia,,
Holden,Adventra,2003,2007
Holden,Apollo,,
Holden,Astra,2004,2009
Holden,Astra Caravan,2003,2009
Holden,Astra TwinTop,2007,2009
Holden,BARINA Hatchback (TK),2004,2004
Holden,BARINA Hatchback (XC),2000,2003
Holden,BARINA Saloon (TK),2004,2004
Holden,Barina,2000,2018
Holden,Barina RS,2013,2016
Holden,Barina Spark,2010,2012
Holden,Belmont,,
Holden,Berlina,,
Holden,Brougham,,
Holden,Business,,
Holden,CALAIS Estate (VE),2005,2007
Holden,CALAIS Estate (VF),2012,2012
Holden,CALAIS Saloon (VE),2005,2007
Holden,CALAIS Saloon (VF),2012,2012
Holden,CALAIS Saloon (VX),2000,2000
Holden,CALAIS Saloon (VY),2002,2003
Holden,CALAIS Saloon (VZ),2003,2004
Holden,CAPRICE Saloon (WH),2000,2001
Holden,CAPRICE Saloon (WK),2003,2003
Holden,CAPRICE Saloon (WL),2003,2005
Holden,CAPRICE Saloon (WM),2005,2005
Holden,CAPTIVA (CG),2005,2008
Holden,CAPTIVA 5 (CG),2010,2010
Holden,COLORADO Pickup (RC),2007,2007
Holden,COLORADO Platform/Chassis (RC),2007,2007
Holden,COMBO Box (XC),2002,2004
Holden,COMMODORE Estate (VE),2007,2008
Holden,COMMODORE Estate (VF),2012,2012
Holden,COMMODORE Estate (VX),2000,2000
Holden,COMMODORE Estate (VY),2002,2002
Holden,COMMODORE Estate (VZ),2003,2005
Holden,COMMODORE Pickup (VE),2006,2008
Holden,COMMODORE Pickup (VU),2000,2000
Holden,COMMODORE Pickup (VY),2002,2002
Holden,COMMODORE Pickup (VZ),2003,2005
Holden,COMMODORE Saloon (VE),2005,2008
Holden,COMMODORE Saloon (VX),2000,2000
Holden,COMMODORE Saloon (VY),2002,2002
Holden,COMMODORE Saloon (VZ),2003,2004
Holden,CREWMAN Pickup (VY),2003,2003
Holden,CREWMAN Pickup (VZ),2003,2005
Holden,CRUZE Hatchback (YG),2002,2002
Holden,"CRUZE Saloon (JG, JH)",2008,2008
Holden,Calais,,
Holden,Calibra,,
Holden,Camira,,
Holden,Caprice,,
Holden,Caprice/Statesman,1999,2017
Holden,Captiva,2006,2014
Holden,Captiva MaXX,2006,2011
Holden,Cascada,,
Holden,Colorado,2008,2008
Holden,Combo,2002,2012
Holden,Commodore,1997,2020
Holden,Crewman,2003,2007
Holden,Cruze,,
Holden,Cruze Mk I,2002,2005
Holden,Cruze Mk II,2008,2016
Holden,EPICA Saloon (EP),2006,2007
Holden,Epica,2006,2007
Holden,Frontera,,
Holden,Frontera MX,1997,2003
Holden,Insignia,,
Holden,Jackaroo,1998,2002
Holden,Kingswood,,
Holden,MONARO Coupe (V2),2001,2003
Holden,MONARO Coupe (VZ),2003,2003
Holden,Malibu,2013,2016
Holden,Monaro,2001,2006
Holden,ONE TONNER Platform/Chassis (VY),2003,2003
Holden,ONE TONNER Platform/Chassis (VZ),2003,2003
Holden,One Tonner,,
Holden,Premier,,
Holden,RODEO Pickup (RA),2002,2006
Holden,RODEO Pickup (TF),2001,2001
Holden,RODEO Platform/Chassis (RA),2002,2006
Holden,Rodeo,1996,2008
Holden,STATESMAN Saloon (WH),2001,2002
Holden,STATESMAN Saloon (WK),2003,2003
Holden,STATESMAN Saloon (WL),2003,2005
Holden,STATESMAN Saloon (WM),2005,2005
Holden,Statesman,1999,2010
Holden,Sunbird,,
Holden,TIGRA (XC),2004,2004
Holden,TRAX (TJ),2012,2012
Holden,Tigra,2005,2009
Holden,Torana,,
Holden,Trailblazer,,
Holden,Trax,2013,2013
Holden,Ute,2003,2017
Holden,VECTRA Hatchback (JS),2000,2000
Holden,VECTRA Hatchback (ZC),2002,2002
Holden,VECTRA Saloon (JS),2000,2000
Holden,VECTRA Saloon (ZC),2002,2002
Holden,VIVA Estate (JF),2004,2004
Holden,VIVA Hatchback (JF),2004,2004
Holden,VIVA Saloon (JF),2004,2004
Holden,Vectra,1995,2005
Holden,Viva,2005,2007
Holden,Volt,,
Holden,ZAFIRA (TT),2001,2001
Holden,Zafira,1999,2005
Honda,ACCORD Coupe (CM),2003,2005
Honda,"ACCORD VI (CG, CK)",2001,2001
Honda,ACCORD VI Aerodeck (CF),2003,2003
Honda,ACCORD VI Coupe (CG),2001,2001
Honda,ACCORD VI Hatchback (CH),2000,2000
Honda,ACCORD VII (CL),2002,2005
Honda,ACCORD VII (CM),2002,2003
Honda,ACCORD VII (CP),2006,2006
Honda,ACCORD VII Tourer (CM),2002,2003
Honda,ACCORD VIII (CU),2007,2007
Honda,ACCORD VIII Estate,2007,2007
Honda,Accord,2000,2025
Honda,Accord Crosstour,2009,2016
Honda,Accord Euro,1998,2010
Honda,Accord Tourer,1993,2012
Honda,Accord Type R,1998,2005
Honda,Airwave,2005,2010
Honda,Avancier,1999,2003
Honda,BRIO,2010,2010
Honda,CITY Saloon,2012,2013
Honda,CITY Saloon (GM),2007,2012
Honda,CIVIC IX (FK),2011,2012
Honda,"CIVIC IX Saloon (FB, FG)",2010,2012
Honda,CIVIC IX Tourer (FK),2012,2012
Honda,CIVIC VII Coupe (EM2),2001,2001
Honda,"CIVIC VII Hatchback (EU, EP, EV)",2000,2002
Honda,CIVIC VII Saloon (ES),2000,2003
Honda,"CIVIC VIII Hatchback (FN, FK)",2004,2007
Honda,"CIVIC VIII Saloon (FD, FA)",2004,2011
Honda,CR-V II (RD_),2001,2004
Honda,CR-V III (RE),2005,2008
Honda,CR-V IV (RE),2011,2012
Honda,CR-Z,2010,2016
Honda,CR-Z (ZF1),2009,2011
Honda,City,2002,2002
Honda,Civic,2000,2025
Honda,Civic Aero Deck,1998,2001
Honda,Civic Si,1990,2027
Honda,Civic Si Sedan US,2024,2026
Honda,Civic Tourer,2013,2017
Honda,Civic Type R,2017,2027
Honda,Civic Type-R,2001,2026
Honda,Clarity,2007,2021
Honda,Cr-V,2004,2015
Honda,Crossroad,2007,2007
Honda,Crosstour,2012,2015
Honda,ELYSION,2003,2003
Honda,Element,2003,2011
Honda,FCX Clarity,2004,2014
Honda,FR-V (BE),2003,2006
Honda,FR-V / Edix,2004,2011
Honda,Fit,2007,2020
Honda,Fit Aria,2002,2002
Honda,Fit EV,2012,2014
Honda,Fr-V,2004,2004
Honda,Freed,,
Honda,Hr-V,2005,2005
Honda,INSIGHT (ZE),2000,2000
Honda,INSIGHT (ZE_),2008,2008
Honda,INTEGRA (DC5),2002,2003
Honda,Insight,1999,2022
Honda,Integra,,
Honda,JAZZ II (GD),2002,2002
Honda,JAZZ III (GE),2007,2010
Honda,JAZZ IV (GK),2012,2012
Honda,JAZZ Saloon,2003,2003
Honda,Jazz,2002,2002
Honda,Jazz / Fit,2002,2026
Honda,LAGREAT,2002,2004
Honda,LEGEND III (KA9),2003,2003
Honda,LEGEND IV (KB_),2005,2007
Honda,LIFE,2003,2003
Honda,Legend,1987,2017
Honda,Logo / Fit,1996,2001
Honda,MDX,2003,2006
Honda,Mobilio,2001,2001
Honda,N-Box,,
Honda,N-One,,
Honda,N-WGN,,
Honda,NBOX (JF),2010,2010
Honda,NSX,1991,2021
Honda,ODYSSEY (RB_),2002,2007
Honda,Odyssey,2000,2026
Honda,Partner,2001,2001
Honda,Passport,2000,2026
Honda,Pilot,2003,2026
Honda,Prelude,1979,2026
Honda,Prologue,2023,2026
Honda,Ridgeline,2005,2026
Honda,S2000,2000,2009
Honda,S2000 (AP),2003,2003
Honda,S660,2015,2022
Honda,STREAM (RN),2001,2001
Honda,Shuttle,1995,2001
Honda,Stepwgn,,
Honda,Stream,2000,2009
Honda,THATS,2003,2003
Honda,That's,2002,2007
Honda,WR-V,,
Honda,ZR-V,2023,2026
Honda,e,2020,2026
Honda,e:Ny1,2023,2026
Hummer,H2,2003,2009
Hummer,H3,2006,2010
Hummer,H3T,2009,2010
Hyundai,ACCENT II (LC),2000,2002
Hyundai,ACCENT II Saloon (LC),2000,2002
Hyundai,ACCENT III (MC),2004,2004
Hyundai,ACCENT III Saloon (MC),2004,2004
Hyundai,ACCENT IV (RB),2009,2009
Hyundai,ACCENT IV Saloon (RB),2009,2010
Hyundai,ATOS (MX),2001,2003
Hyundai,ATOS PRIME (MX),2001,2004
Hyundai,Accent,1996,2022
Hyundai,Atos,2003,2008
Hyundai,Atos Multi,1998,2003
Hyundai,Atos Spirit,1999,2003
Hyundai,Avante,2000,2010
Hyundai,Azera,2006,2017
Hyundai,Bayon,2021,2026
Hyundai,COUPE (GK),2001,2006
Hyundai,COUPE (RD),2001,2001
Hyundai,Casper,,
Hyundai,Click,2002,2005
Hyundai,Coupe,2002,2008
Hyundai,Coupe / Tiburon,1996,2009
Hyundai,Creta,,
Hyundai,ELANTRA (XD),2000,2003
Hyundai,ELANTRA Saloon (HD),2004,2005
Hyundai,"ELANTRA Saloon (MD, UD)",2009,2010
Hyundai,ELANTRA Saloon (XD),2000,2003
Hyundai,EQUUS / CENTENNIAL,2008,2012
Hyundai,Elantra,1999,2025
Hyundai,Elantra GT,2012,2020
Hyundai,Elantra N,2020,2026
Hyundai,Elantra Touring,2009,2009
Hyundai,Entourage,2006,2014
Hyundai,Equus,2010,2016
Hyundai,Excel,1989,2000
Hyundai,GENESIS (BH),2007,2007
Hyundai,GETZ (TB),2002,2004
Hyundai,GRAND AVEGA,2010,2010
Hyundai,GRAND SANTA FÉ,2012,2012
Hyundai,GRANDEUR (HG),2010,2010
Hyundai,GRANDEUR (TG),2004,2009
Hyundai,Genesis,2008,2016
Hyundai,Genesis Coupe,2009,2013
Hyundai,Getz,2002,2009
Hyundai,Grand Starex,2007,2007
Hyundai,Grandeur,2007,2014
Hyundai,Grandeur / Azera,2005,2026
Hyundai,H-1,2003,2011
Hyundai,H-1 / STAREX,2001,2005
Hyundai,H-1 Box,2000,2003
Hyundai,H-1 Cargo (TQ),2007,2010
Hyundai,H-1 Platform/Chassis,2000,2000
Hyundai,H-1 Travel (TQ),2007,2010
Hyundai,H-100,2009,2009
Hyundai,H-200,2000,2005
Hyundai,H100 Platform/Chassis,2003,2003
Hyundai,H350,,
Hyundai,HIGHWAY VAN,2000,2000
Hyundai,Hb20,2012,2012
Hyundai,I10,2008,2014
Hyundai,I20,2009,2015
Hyundai,I30,2007,2015
Hyundai,I40,2011,2015
Hyundai,I800,2008,2011
Hyundai,Iload,2007,2007
Hyundai,Inster,,
Hyundai,Ioniq,2016,2026
Hyundai,Ioniq 3,2026,2026
Hyundai,Ioniq 5,2023,2026
Hyundai,Ioniq 5 N,2025,2027
Hyundai,Ioniq 6,2022,2026
Hyundai,Ioniq 6 N,2026,2027
Hyundai,Ioniq 9,2024,2026
Hyundai,Ix20,2010,2015
Hyundai,Ix35,2010,2015
Hyundai,Ix55,2009,2011
Hyundai,Kona,2017,2026
Hyundai,Kona Electric,2018,2026
Hyundai,Kona N,2021,2023
Hyundai,Lantra,1991,2001
Hyundai,MATRIX (FC),2001,2004
Hyundai,Matrix,2001,2008
Hyundai,Mistra,2014,2017
Hyundai,NEXO,2018,2026
Hyundai,PORTER Box,2002,2002
Hyundai,PORTER Bus,2002,2002
Hyundai,PORTER Pickup,2002,2002
Hyundai,Palisade,2019,2026
Hyundai,Porter,,
Hyundai,SANTA FÉ I (SM),2000,2004
Hyundai,SANTA FÉ II (CM),2004,2009
Hyundai,SANTA FÉ III (DM),2011,2011
Hyundai,SONATA IV (EF),2001,2002
Hyundai,SONATA V (NF),2004,2008
Hyundai,SONATA VI (YF),2008,2010
Hyundai,Santa,2001,2025
Hyundai,Santa Cruz,2021,2026
Hyundai,Santa Fe,2000,2016
Hyundai,Santa Fe Sport,2013,2018
Hyundai,Santa Fe XL,2019,2027
Hyundai,Satellite,1997,2000
Hyundai,Sonata,1998,2025
Hyundai,Sonata Hybrid,2010,2019
Hyundai,Sonica,2001,2008
Hyundai,Starex,2000,2003
Hyundai,Staria,2021,2026
Hyundai,Stellar,,
Hyundai,TERRACAN (HP),2001,2003
Hyundai,TIBURON Coupe,2005,2005
Hyundai,TRAJET (FO),2000,2004
Hyundai,TUCSON (JM),2003,2009
Hyundai,Tb,2002,2005
Hyundai,Terracan,2001,2004
Hyundai,Tiburon,1997,2008
Hyundai,Trajet,1999,2004
Hyundai,Tucson,2004,2025
Hyundai,Tucson Ix,2009,2010
Hyundai,Tuscani,2001,2007
Hyundai,VELOSTER (FS),2010,2011
Hyundai,Veloster,2011,2022
Hyundai,Veloster N,2019,2022
Hyundai,Venue,2019,2026
Hyundai,Veracruz,2006,2012
Hyundai,Verna,2002,2008
Hyundai,XG,1999,2005
Hyundai,XG (XG),2002,2002
Hyundai,XG300,2001,2001
Hyundai,XG350,2002,2005
Hyundai,Xcent,,
Hyundai,Xcient,2023,2027
Hyundai,i10 (IA),2012,2012
Hyundai,i10 (PA),2006,2010
Hyundai,i20 (GB),2013,2013
Hyundai,"i20 (PB, PBT)",2007,2011
Hyundai,i20 Active,2015,2020
Hyundai,i20 N,2020,2026
Hyundai,i30 (FD),2006,2009
Hyundai,i30 (GD),2010,2011
Hyundai,i30 CW (FD),2006,2009
Hyundai,i30 CW (GD),2011,2011
Hyundai,i30 Coupe,2012,2012
Hyundai,i30 N,2017,2026
Hyundai,i40 (VF),2011,2011
Hyundai,i40 CW (VF),2010,2011
Hyundai,i800 / H-1,2008,2018
Hyundai,ix20 (JC),2009,2010
Hyundai,"ix35 (LM, EL, ELH)",2009,2012
Hyundai,ix35 / Tucson,2004,2026
Hyundai,ix55 / Veracruz,2009,2012
Ikco,Samand Lx,2012,2014
Infiniti,EX35,2008,2013
Infiniti,EX37,2013,2013
Infiniti,Ex,2008,2012
Infiniti,FX35,2003,2012
Infiniti,FX37,2013,2013
Infiniti,FX45,2003,2008
Infiniti,FX50,2009,2013
Infiniti,Fx,2009,2013
Infiniti,G,2007,2012
Infiniti,G20,1991,2002
Infiniti,G25,2011,2012
Infiniti,G35,2001,2008
Infiniti,G37,2008,2013
Infiniti,I,1995,2004
Infiniti,I30,1996,2001
Infiniti,I35,2002,2004
Infiniti,JX,2012,2014
Infiniti,JX35,2013,2013
Infiniti,M,2010,2011
Infiniti,M30,,
Infiniti,M35,2006,2010
Infiniti,M35h,2012,2013
Infiniti,M37,2011,2013
Infiniti,M45,2003,2010
Infiniti,M56,2011,2013
Infiniti,Q,1989,2006
Infiniti,Q30,,
Infiniti,Q40,2014,2015
Infiniti,Q45,2000,2006
Infiniti,Q50,2014,2024
Infiniti,Q60,2013,2022
Infiniti,Q70,2014,2019
Infiniti,Q70L,2015,2022
Infiniti,QX,1997,2014
Infiniti,QX30,2015,2019
Infiniti,QX4,2000,2003
Infiniti,QX55,2021,2026
Infiniti,QX60,2013,2026
Infiniti,QX65,2026,2026
Infiniti,Qx50,2014,2014
Infiniti,Qx56,2011,2011
Infiniti,Qx70,2014,2014
Infiniti,Qx80,2014,2014
Isuzu,117 Coupé,,
Isuzu,4200R,,
Isuzu,Alterra,,
Isuzu,Amigo,1997,2003
Isuzu,Amigo Cabrio,1998,2003
Isuzu,Ascender,2001,2008
Isuzu,Aska,,
Isuzu,Axiom,2001,2004
Isuzu,BISON Bus,2012,2012
Isuzu,BISON Platform/Chassis,2012,2012
Isuzu,Bellel,,
Isuzu,Bellett,,
Isuzu,D-MAX (8DH),2002,2006
Isuzu,D-MAX Platform/Chassis (8DH),2006,2006
Isuzu,D-Max,2000,2011
Isuzu,ELF Box (NKR8_),2003,2003
Isuzu,"ELF Platform/Chassis (NKR8_, NKQ8_)",2003,2003
Isuzu,F6,1997,2002
Isuzu,F7,1997,2002
Isuzu,FRR,1995,2004
Isuzu,Fargo,,
Isuzu,Filly,,
Isuzu,Florian,,
Isuzu,Gemini,,
Isuzu,H-Series,2005,2008
Isuzu,Hombre,1995,2000
Isuzu,Journey,,
Isuzu,KB,2009,2009
Isuzu,MU,,
Isuzu,MU-7,2004,2013
Isuzu,MU-X Closed Off-Road Vehicle,2012,2012
Isuzu,Mu-X,2013,2015
Isuzu,NPR,1987,2027
Isuzu,NPR/NPR-HD,2000,2027
Isuzu,NQR,1999,2027
Isuzu,NQR/NRR,2005,2015
Isuzu,NRR,1989,2027
Isuzu,PANTHER,2012,2012
Isuzu,Piazza,,
Isuzu,Rodeo,2000,2004
Isuzu,Rodeo / D-Max,2002,2019
Isuzu,T6F,2003,2010
Isuzu,T7F,2003,2010
Isuzu,T8F,2003,2010
Isuzu,TROOPER Open Off-Road Vehicle,2000,2000
Isuzu,Trooper,1998,2002
Isuzu,V-Cross,2012,2012
Isuzu,VehiCROSS,2000,2001
Isuzu,i-280,2006,2006
Isuzu,i-290,2007,2008
Isuzu,i-350,2006,2006
Isuzu,i-370,2007,2008
Isuzu,i-Series,2005,2009
Iveco,DAILY Box Body / Estate,2012,2012
Iveco,DAILY III Box Body / Estate,2001,2004
Iveco,DAILY III Platform/Chassis,2001,2004
Iveco,DAILY IV Box Body / Estate,2005,2006
Iveco,DAILY IV Bus,2005,2008
Iveco,DAILY IV Dumptruck,2005,2006
Iveco,DAILY IV Platform/Chassis,2005,2007
Iveco,DAILY Platform/Chassis,2012,2012
Iveco,DAILY V Box Body / Estate,2010,2010
Iveco,DAILY V Dumptruck,2010,2010
Iveco,DAILY V Platform/Chassis,2010,2010
Iveco,MASSIF Pickup,2007,2007
Iveco,MASSIF Single Cab,2007,2007
Iveco,MASSIF Station Wagon,2007,2007
Jaguar,C-X16,2011,2011
Jaguar,E-Pace,2017,2024
Jaguar,F-Pace,2016,2025
Jaguar,F-Pace SVR,2018,2026
Jaguar,F-TYPE Convertible,2011,2013
Jaguar,F-TYPE Coupe,2012,2013
Jaguar,F-Type,2013,2024
Jaguar,F-Type SVR,2016,2020
Jaguar,I-Pace,2018,2024
Jaguar,S-TYPE (CCX),2001,2003
Jaguar,S-Type,2000,2008
Jaguar,S-Type R,2002,2007
Jaguar,Vanden Plas,1988,2004
Jaguar,X-TYPE (CF1),2001,2006
Jaguar,X-TYPE Estate,2003,2006
Jaguar,X-Type,2001,2008
Jaguar,XE (X760),2013,2013
Jaguar,XE SV,2017,2019
Jaguar,"XF (_J05_, CC9)",2007,2011
Jaguar,XF SPORTBRAKE (CC9),2011,2012
Jaguar,XF Sportbrake,2012,2026
Jaguar,XFR-S,2013,2015
Jaguar,"XJ (X350, X358)",2003,2004
Jaguar,"XJ (X35_, _J12_, _J24_)",2008,2012
Jaguar,XJ8,1998,2009
Jaguar,XJR,1990,2019
Jaguar,XJR575,2018,2019
Jaguar,XK 8 Convertible (QDV),2002,2002
Jaguar,XK 8 Coupe (QEV),2002,2002
Jaguar,XK Convertible (_J43_),2005,2010
Jaguar,XK Coupe (_J43_),2005,2010
Jaguar,XK8,1997,2009
Jaguar,XKR,1998,2015
Jaguar,XKR-S,2012,2015
Jaguar,XKR175,2011,2011
Jaguar,Xe,2015,2015
Jaguar,Xf,2008,2016
Jaguar,Xfr,2009,2013
Jaguar,Xj,2003,2015
Jaguar,Xk,2002,2013
Jeep,Avenger,2022,2026
Jeep,CHEROKEE (KJ),2001,2003
Jeep,CHEROKEE (KK),2007,2009
Jeep,COMMANDER (XK),2004,2005
Jeep,COMPASS (MK49),2005,2010
Jeep,Cherokee,2000,2023
Jeep,Cherokee/Liberty,1984,2012
Jeep,Commander,2005,2010
Jeep,Compass,2006,2026
Jeep,"GRAND CHEROKEE II (WJ, WG)",2001,2003
Jeep,"GRAND CHEROKEE III (WH, WK)",2004,2008
Jeep,"GRAND CHEROKEE IV (WK, WK2)",2009,2012
Jeep,Gladiator,2020,2026
Jeep,Grand,2022,2025
Jeep,Grand Cherokee,2000,2025
Jeep,Grand Cherokee L,,
Jeep,Grand Wagoneer,,
Jeep,Grand Wagoneer L,2024,2027
Jeep,Liberty,1993,2013
Jeep,PATRIOT (MK74),2006,2010
Jeep,Patriot,2007,2017
Jeep,Recon,2025,2026
Jeep,Renegade,2014,2023
Jeep,WRANGLER II (TJ),2002,2005
Jeep,WRANGLER III (JK),2006,2010
Jeep,Wagoneer,1962,2026
Jeep,Wagoneer L,2024,2025
Jeep,Wagoneer S,2024,2027
Jeep,Wrangler,2000,2025
Jeep,Wrangler JK,2018,2018
Jeep,Wrangler Rubicon,2023,2026
Jeep,Wrangler Unlimited,2004,2024
Jmc,New Generation Transit,2014,2014
KTM,X-Bow,2007,2007
KTM,X-Bow GT,,
KTM,X-Bow GT-XR,,
KTM,X-Bow GT2,,
KTM,X-Bow GT4,,
KTM,X-Bow GTX,,
KTM,X-Bow R,,
KTM,X-Bow RR,,
Kia,Amanti,2004,2009
Kia,BONGO Bus,2003,2003
Kia,BONGO MPV,2003,2003
Kia,BONGO Platform/Chassis,2003,2003
Kia,Bongo,2002,2002
Kia,Borrego,2009,2010
Kia,Borrego / Mohave,2009,2013
Kia,CARENS I (FC),2000,2000
Kia,CARENS II (FJ),2002,2004
Kia,CARENS III (UN),2005,2009
Kia,CARENS IV,2012,2012
Kia,CARNIVAL / GRAND CARNIVAL III (VQ),2005,2010
Kia,CARNIVAL I (UP),2000,2000
Kia,CARNIVAL II (GQ),2001,2003
Kia,CEE'D Hatchback (ED),2005,2009
Kia,CEE'D SW (ED),2006,2009
Kia,CEE`D Sportswagon,2011,2012
Kia,CERATO (LD),2003,2005
Kia,CERATO Hatchback,2011,2011
Kia,CERATO II Saloon (TD),2008,2009
Kia,CERATO KOUP (TD),2008,2009
Kia,CERATO KOUP Coupe,2012,2012
Kia,CERATO Saloon,2001,2001
Kia,CERATO Saloon (LD),2003,2005
Kia,Cadenza,2014,2020
Kia,Carens,2002,2013
Kia,Carnival,2002,2025
Kia,Carnival / Sedona,2002,2026
Kia,Ceed,2006,2015
Kia,Ceed Gt,2013,2013
Kia,Cerato,2002,2006
Kia,Cerato / Spectra,2004,2009
Kia,Cerato/Forte,2013,2018
Kia,EV2,2026,2026
Kia,EV3,2024,2026
Kia,EV4,2025,2026
Kia,EV5,2023,2026
Kia,EV6,2021,2026
Kia,EV9,2023,2026
Kia,Forte,2009,2024
Kia,Forte 5 Door,2010,2018
Kia,Forte Koup,2009,2016
Kia,Forte5,2014,2018
Kia,Joice,1999,2003
Kia,K2500 (SD),2002,2009
Kia,K2900,2007,2007
Kia,K4,2024,2026
Kia,K5,2019,2026
Kia,K7 / Cadenza,2013,2019
Kia,K9,2012,2021
Kia,K900,2015,2020
Kia,MAGENTIS (GD),2001,2003
Kia,MAGENTIS (MG),2004,2008
Kia,Magentis,2005,2010
Kia,Mohave,2010,2010
Kia,Morning,2007,2007
Kia,Niro,2016,2025
Kia,OPIRUS (GH),2003,2005
Kia,Opirus,2003,2003
Kia,Opirus / Amanti,2003,2010
Kia,Optima,2001,2020
Kia,Optima / Magentis,2001,2026
Kia,Optima Sportswagon,2016,2019
Kia,PICANTO (BA),2003,2008
Kia,PICANTO (TA),2010,2012
Kia,PREGIO Box (TB),2002,2002
Kia,PRIDE (DA),2004,2004
Kia,PRO CEE'D (ED),2007,2009
Kia,PRO CEE´D,2012,2012
Kia,PV5,2026,2026
Kia,Picanto,2007,2011
Kia,Picanto X-Line,2017,2020
Kia,Pride,2008,2008
Kia,Pro cee'd,2007,2025
Kia,RAY,2010,2010
Kia,RETONA (CE),2000,2000
Kia,RIO Estate (DC),2000,2002
Kia,RIO II (JB),2004,2007
Kia,RIO II Saloon (JB),2004,2007
Kia,RIO III (UB),2010,2011
Kia,RIO III Saloon (UB),2010,2011
Kia,RIO Saloon (DC_),2000,2002
Kia,Rio,2001,2023
Kia,Rio5,2006,2011
Kia,Rondo,2007,2016
Kia,SHUMA (FB),2001,2001
Kia,SHUMA II (FB),2001,2002
Kia,SHUMA II Saloon (FB),2001,2001
Kia,SORENTO I (JC),2002,2006
Kia,SORENTO II (XM),2008,2012
Kia,SORENTO III,2013,2013
Kia,SOUL (AM),2008,2011
Kia,SOUL II (PS),2012,2012
Kia,SPORTAGE (JE_),2003,2007
Kia,SPORTAGE (K00),2000,2000
Kia,SPORTAGE (SL),2009,2012
Kia,Sedona,2002,2021
Kia,Seltos,2019,2026
Kia,Sephia,1993,2001
Kia,Shuma,1998,2004
Kia,Sorento,2002,2025
Kia,Soul,2004,2025
Kia,Spectra,2000,2009
Kia,Spectra5,2005,2009
Kia,Sportage,2000,2025
Kia,Stinger,2017,2026
Kia,Stonic,2017,2025
Kia,Stonic GT-Line,2020,2026
Kia,Syros,2024,2026
Kia,Tasman,2024,2026
Kia,Telluride,2019,2026
Kia,VENGA (YN),2009,2009
Kia,Venga,2009,2010
Kia,XCeed,2019,2026
Kia,cee'd,2007,2021
Kia,cee'd SW,2007,2018
Kia,pro_cee’d GT,2013,2018
LDV,CONVOY Box,2001,2002
LDV,CONVOY Platform/Chassis,2001,2002
LDV,MAXUS Box,2004,2006
LDV,MAXUS Bus,2004,2005
LDV,MAXUS Platform/Chassis,2004,2005
Lada,110,2000,2000
Lada,111,2000,2005
Lada,112,2000,2005
Lada,GRANTA (2190),2010,2010
Lada,KALINA Estate (1117),2003,2009
Lada,KALINA Estate (2194),2012,2012
Lada,KALINA Hatchback (1119),2003,2009
Lada,KALINA Hatchback (2192),2012,2012
Lada,KALINA Saloon (1118),2003,2009
Lada,NIVA (2121),2000,2009
Lada,NIVA II (2123),2002,2003
Lada,PRIORA Estate (2171),2008,2008
Lada,PRIORA Hatchback (2172),2007,2007
Lada,PRIORA Saloon (2170),2007,2008
Lada,SAMARA FORMA (21099),2000,2003
Lamborghini,147,2002,2002
Lamborghini,350 GT,,
Lamborghini,400 GT,,
Lamborghini,Aventador,2011,2026
Lamborghini,Centenario,2016,2017
Lamborghini,Diablo,1990,2001
Lamborghini,Fenomeno,2026,2026
Lamborghini,Gallardo,2003,2012
Lamborghini,Huracan,2014,2014
Lamborghini,Huracán,,
Lamborghini,Islero,,
Lamborghini,Murcielago,2001,2006
Lamborghini,Murciélago,,
Lamborghini,Reventon,2008,2009
Lamborghini,Revuelto,2023,2026
Lamborghini,Roadster,1989,2000
Lamborghini,Sian,2019,2026
Lamborghini,Temerario,2024,2026
Lamborghini,Urus,2018,2026
Lamborghini,Veneno,2013,2014
Lancia,DELTA III (844),2007,2010
Lancia,Delta,2008,2010
Lancia,FLAVIA Convertible (JS),2011,2011
Lancia,Flavia,1960,2015
Lancia,Fulvia,,
Lancia,HPE,,
Lancia,Jolly,,
Lancia,Kappa,1995,2000
Lancia,Kappa SW,1996,2000
Lancia,LC1,,
Lancia,LC2,,
Lancia,LYBRA (839AX),2000,2002
Lancia,LYBRA SW (839BX),2000,2002
Lancia,Lambda,,
Lancia,Lince,,
Lancia,Lybra,1999,2005
Lancia,Lybra SW,1999,2005
Lancia,MUSA (350),2003,2009
Lancia,Montecarlo,,
Lancia,Musa,2004,2011
Lancia,New Ypsilon,2011,2011
Lancia,PHEDRA (179),2002,2007
Lancia,Phedra,2002,2010
Lancia,Scorpion,,
Lancia,Stratos Zero,,
Lancia,THEMA (LX),2010,2010
Lancia,THESIS (841AX),2002,2005
Lancia,Thema,2011,2011
Lancia,Thesis,2001,2009
Lancia,VOYAGER MPV (RT),2010,2012
Lancia,Voyager,2011,2011
Lancia,Y,,
Lancia,Y (840A),2000,2000
Lancia,YPSILON (843),2003,2009
Lancia,YPSILON (846),2010,2012
Lancia,Ypsilon,2011,2011
Lancia,ZETA (220),2000,2000
Lancia,Zeta,1994,2001
Land Rover,DEFENDER Cabrio (LD),2006,2010
Land Rover,DEFENDER Pickup (LD_),2006,2010
Land Rover,DEFENDER Station Wagon (LD),2006,2010
Land Rover,DISCOVERY III (TAA),2003,2004
Land Rover,DISCOVERY IV (LA),2008,2012
Land Rover,DISCOVERY SPORT (LC),2013,2013
Land Rover,Defender,2012,2024
Land Rover,Defender 110,1991,2025
Land Rover,Defender 130,2022,2026
Land Rover,Defender 90,1991,2025
Land Rover,Defender Octa,2024,2026
Land Rover,Discovery,2000,2025
Land Rover,Discovery SVX,2018,2020
Land Rover,Discovery Sport,2015,2016
Land Rover,FREELANDER (LN),2000,2001
Land Rover,FREELANDER 2 (FA_),2005,2010
Land Rover,Freelander,2002,2011
Land Rover,LR2,2008,2015
Land Rover,LR3,2005,2009
Land Rover,LR4,2010,2016
Land Rover,New Range Rover,2022,2022
Land Rover,RANGE ROVER EVOQUE (LV),2010,2010
Land Rover,RANGE ROVER III (LM),2002,2009
Land Rover,RANGE ROVER IV (LG),2011,2012
Land Rover,RANGE ROVER SPORT (LS),2004,2011
Land Rover,RANGE ROVER SPORT (LW),2012,2012
Land Rover,Range,2000,2025
Land Rover,Range Rover,2002,2015
Land Rover,Range Rover Evoque,2011,2015
Land Rover,Range Rover L,2014,2021
Land Rover,Range Rover PHEV,2013,2022
Land Rover,Range Rover Sport,2005,2006
Land Rover,Range Rover Sport PHEV,2017,2022
Land Rover,Range Rover Sport SVR,2015,2022
Land Rover,Range Rover Velar,2017,2026
Lexus,CT,2011,2022
Lexus,CT (ZWA1_),2009,2009
Lexus,ES,2000,2026
Lexus,"ES (AVV6_, GSV6_, ASV6_)",2011,2011
Lexus,"ES (GSV4_, ACV4_)",2005,2005
Lexus,"ES (MCV_, VZV_)",2001,2003
Lexus,"GS (GRL1_, GWL1_)",2011,2012
Lexus,"GS (GRS19_, UZS19_, GWS19_)",2004,2007
Lexus,"GS (UZS161, JZS160)",2000,2000
Lexus,GS F,2015,2020
Lexus,GX (URJ15_),2008,2009
Lexus,GX (_J12_),2001,2001
Lexus,Gs,2005,2008
Lexus,Gx,2009,2009
Lexus,HS,2009,2013
Lexus,HS (ANF10),2008,2008
Lexus,IS C (GSE2_),2008,2009
Lexus,"IS I (JCE1_, GXE1_)",2001,2001
Lexus,"IS II (GSE2_, ALE2_, USE2_)",2004,2009
Lexus,"IS III (GSE3_, AVE3_)",2012,2012
Lexus,IS SportCross,2001,2002
Lexus,Is,2005,2013
Lexus,LBX,2023,2026
Lexus,LC,2016,2026
Lexus,LFA,2010,2013
Lexus,LFA (LFA10_),2009,2010
Lexus,LM,2023,2026
Lexus,LS (UCF30),2000,2000
Lexus,"LS (UVF4_, USF4_)",2005,2011
Lexus,LX (URJ201),2006,2011
Lexus,LX (UZJ100),2001,2002
Lexus,Ls,2001,2008
Lexus,Lx,2007,2007
Lexus,NX,2014,2026
Lexus,NX (AYZ1_),2012,2012
Lexus,RC,2014,2025
Lexus,"RC (GSC1_, USC1_)",2012,2012
Lexus,RC F,2014,2025
Lexus,"RX (GYL1_, GGL15, AGL10)",2007,2011
Lexus,RX (MCU15),2000,2000
Lexus,"RX (MHU3_, GSU3_, MCU3_)",2002,2005
Lexus,RZ,2022,2026
Lexus,Rx,2006,2006
Lexus,SC,1991,2010
Lexus,SC (UZZ40_),2001,2001
Lexus,TX,2023,2026
Lexus,TZ,2026,2026
Lexus,UX,2018,2025
Lincoln,Aviator,2002,2026
Lincoln,Blackwood,2002,2003
Lincoln,Continental,1958,2020
Lincoln,Corsair,2019,2026
Lincoln,LS,1999,2006
Lincoln,MKC,2014,2019
Lincoln,MKS,2008,2016
Lincoln,MKT,2009,2019
Lincoln,MKX,2006,2018
Lincoln,MKZ,2006,2020
Lincoln,Mark,2006,2008
Lincoln,Mark LT,2005,2014
Lincoln,Nautilus,2017,2026
Lincoln,Navigator,1998,2025
Lincoln,Navigator L,2006,2024
Lincoln,Town,2000,2011
Lincoln,Town Car,1998,2011
Lincoln,Zephyr,1936,2026
Lotus,2 Eleven,2007,2015
Lotus,2-Eleven,2008,2012
Lotus,3 Eleven,2018,2018
Lotus,340R,2007,2008
Lotus,Cortina,,
Lotus,Eagle,2008,2009
Lotus,Eclat,1981,2008
Lotus,Eletre,2022,2026
Lotus,Eleven,,
Lotus,Elise,1999,2011
Lotus,Emeya,2023,2026
Lotus,Emira,2021,2024
Lotus,Esprit,1976,2004
Lotus,Europa,2006,2006
Lotus,Evija,2020,2026
Lotus,Evora,2008,2010
Lotus,Exige,2004,2006
Lotus,MEL,2007,2009
Lotus,Monaco,2007,2008
Lotus,Monza,2007,2008
Lotus,Seven,,
Lotus,Spa,2007,2008
Lotus,Turbo Esprit,1981,2000
Lotus,Type 14,,
Lotus,Type 23,,
Lotus,Type 25,,
Lotus,Type 49,,
Lotus,Type 72,,
Lotus,Type 79,,
Lotus,Type 97T,,
Lotus,Type 99T,,
Lti Vehicles,Tx4,2006,2006
Luxgen,Luxgen 7,2009,2009
Lynk & Co,01,2017,2026
Lynk & Co,02,2018,2026
Lynk & Co,03,2018,2026
Lynk & Co,05,2020,2026
Lynk & Co,06,2020,2026
Lynk & Co,09,2021,2026
MG,EXPRESS Box,2002,2002
MG,F/ TF,1995,2005
MG,GS,2015,2019
MG,HS,2019,2024
MG,IM5,2025,2026
MG,IM6,2025,2026
MG,MG 3,2013,2026
MG,MG 4,2022,2026
MG,MG 5,2021,2026
MG,MG 6,2011,2016
MG,MG 6 Hatchback,2009,2011
MG,MG 6 Saloon,2009,2011
MG,MG 7,2006,2006
MG,MG Cyberster,,
MG,MG HS,,
MG,MG HS PHEV,,
MG,MG Marvel R,,
MG,MG TF,2002,2002
MG,MG ZR,2001,2002
MG,MG ZS,,
MG,MG ZS EV,,
MG,MG ZS Hatchback,2001,2003
MG,MG ZT,2001,2003
MG,MG ZT- T,2001,2003
MG,MG3,,
MG,MG5,,
MG,MG6,,
MG,MGF (RD),2000,2001
MG,Marvel R,2021,2026
MG,S5 EV,2025,2026
MG,U9,2025,2026
MG,XPower,2004,2005
MG,ZR,2001,2005
MG,ZS,2001,2026
MG,ZT,2001,2005
MG,ZT-T,2001,2005
Mahindra,Armored Light Specialist Vehicle,,
Mahindra,BE 6,,
Mahindra,Bolero,2011,2020
Mahindra,Bolero Neo,,
Mahindra,Goa,2012,2012
Mahindra,Jeeto,,
Mahindra,KUV100,,
Mahindra,Major,,
Mahindra,Marazzo,,
Mahindra,Marksman,,
Mahindra,Maxx,,
Mahindra,Maxximo,,
Mahindra,Mine Protected Vehicle,,
Mahindra,NuvoSport,,
Mahindra,Roxor,,
Mahindra,Scorpio,2012,2012
Mahindra,Scorpio / GOA,2002,2014
Mahindra,Scorpio Getaway,,
Mahindra,Scorpio N,,
Mahindra,Thar,2010,2010
Mahindra,Thar Roxx,,
Mahindra,Verito,2012,2019
Mahindra,Verito Vibe,,
Mahindra,XUV 3XO,,
Mahindra,XUV300,,
Mahindra,XUV700,,
Mahindra,Xuv500,2011,2016
Maruti,Alto K10,,
Maruti,Baleno,,
Maruti,Brezza,,
Maruti,Celerio,,
Maruti,Ciaz,,
Maruti,Dzire,,
Maruti,Ertiga,,
Maruti,Fronx,,
Maruti,Grand Vitara,,
Maruti,Ignis,,
Maruti,Invicto,,
Maruti,S-Presso,,
Maruti,Swift,,
Maruti,Wagon R,,
Maruti,XL6,,
Maserati,3200 GT,,
Maserati,3200 GTA,,
Maserati,Coupe,1998,2004
Maserati,Coupe (4200 Gt),2002,2002
Maserati,Coupé,,
Maserati,GHIBLI (M157),2012,2012
Maserati,GRAN TURISMO,2007,2012
Maserati,GRANSPORT Convertible,2003,2003
Maserati,GRANSPORT Coupe,2003,2003
Maserati,GT2 Stradale,2024,2026
Maserati,Ghibli,2013,2013
Maserati,Ghibli III,,
Maserati,Ghibli III Diesel,,
Maserati,Ghibli III S,,
Maserati,GranCabrio II,,
Maserati,GranSport Spyder,,
Maserati,GranTurismo II,,
Maserati,GranTurismo S,,
Maserati,Grancabrio,2010,2013
Maserati,Gransport,2004,2006
Maserati,Granturismo,2007,2012
Maserati,Grecale,2022,2026
Maserati,Grecale Trofeo,2022,2026
Maserati,Levante,2016,2026
Maserati,Levante Hybrid,,
Maserati,MC 12,2004,2005
Maserati,MC12,,
Maserati,MC20,2020,2026
Maserati,MC20 Cielo,,
Maserati,MCPura,2025,2026
Maserati,MCPura Cielo,2025,2026
Maserati,QUATTROPORTE VI,2011,2012
Maserati,Quattroporte,2004,2014
Maserati,Quattroporte Sport GT S,2009,2013
Maserati,Quattroporte V,,
Maserati,Quattroporte V S,,
Maserati,Quattroporte V6 Evoluzione,,
Maserati,Quattroporte V8 Evoluzione,,
Maserati,Quattroporte VI Diesel,,
Maserati,Quattroporte VI GTS,,
Maserati,Quattroporte VI S,,
Maserati,SPYDER Coupe,2002,2004
Maserati,Spyder,2001,2007
Maserati,Spyder (4200 Gt),2001,2006
Mazda,2,2002,2015
Mazda,2 (DE),2006,2010
Mazda,2 (DY),2002,2002
Mazda,2 / Demio,2002,2026
Mazda,2 Saloon (DE),2009,2009
Mazda,3,2003,2025
Mazda,3 (BK),2003,2005
Mazda,3 (BL),2007,2009
Mazda,3 (BM),2012,2013
Mazda,3 / Axela,2004,2026
Mazda,3 MPS / MAZDASPEED 3,2006,2013
Mazda,3 Saloon (BK),2000,2005
Mazda,3 Saloon (BL),2007,2009
Mazda,3 Saloon (BM),2012,2013
Mazda,323 F VI (BJ),2001,2001
Mazda,323 S VI (BJ),2000,2001
Mazda,5,2005,2015
Mazda,5 (CR19),2004,2004
Mazda,5 (CW),2009,2012
Mazda,5 / Premacy,2005,2013
Mazda,6,2003,2021
Mazda,6 (GG),2002,2006
Mazda,6 (GH),2006,2009
Mazda,6 / Atenza,2002,2019
Mazda,6 Estate (GH),2007,2009
Mazda,"6 Estate (GJ, GH)",2011,2012
Mazda,6 Hatchback (GG),2002,2006
Mazda,6 Hatchback (GH),2006,2009
Mazda,"6 Saloon (GJ, GH)",2011,2012
Mazda,6 Station Wagon (GY),2002,2004
Mazda,626,1988,2002
Mazda,626 V Station Wagon (GW),2000,2000
Mazda,6e,2025,2026
Mazda,Atenza,2014,2014
Mazda,Axela,2004,2004
Mazda,B Series / Bravo Dual Cab,1999,2006
Mazda,B Series / Bravo Freestyle Cab,1999,2006
Mazda,B-SERIE (UN),2000,2002
Mazda,B-Series,1981,2010
Mazda,B2300,2001,2009
Mazda,B2500,2000,2001
Mazda,B3000,2000,2007
Mazda,B4000,2000,2009
Mazda,"BT-50 (CD, UN)",2005,2005
Mazda,"BT-50 Platform/Chassis (CD, UN)",2005,2005
Mazda,Biante,2008,2018
Mazda,Bongo,2001,2001
Mazda,Bt-50,2006,2006
Mazda,Bt2500,2001,2004
Mazda,CX-30,2019,2026
Mazda,"CX-5 (KE, GH)",2010,2012
Mazda,CX-50,2021,2026
Mazda,CX-60,2022,2026
Mazda,CX-6e,2026,2026
Mazda,CX-7 (ER),2005,2011
Mazda,CX-70,2024,2026
Mazda,CX-8,2017,2023
Mazda,CX-80,2024,2026
Mazda,CX-9,2007,2024
Mazda,CX-9 (TB),2006,2006
Mazda,CX-90,2023,2026
Mazda,Cx-3,2016,2016
Mazda,Cx-5,2012,2012
Mazda,Cx-7,2005,2009
Mazda,DEMIO (DW),2000,2000
Mazda,E-SERIE Box (SG),2002,2003
Mazda,FIGHTER Pickup,2002,2002
Mazda,Flair,2012,2017
Mazda,Flairwagon,2012,2013
Mazda,MPV,1989,2006
Mazda,MPV II (LW),2000,2002
Mazda,MPV III (LY),2005,2005
Mazda,MX-30,2019,2026
Mazda,MX-5 / Miata,1989,2026
Mazda,MX-5 II (NB),2000,2002
Mazda,MX-5 III (NC),2004,2004
Mazda,Mazda BT-50,,
Mazda,Mazda CX-30,,
Mazda,Mazda CX-5,,
Mazda,Mazda CX-50,,
Mazda,Mazda CX-50 Hybrid,,
Mazda,Mazda CX-70,,
Mazda,Mazda CX-70 PHEV,,
Mazda,Mazda CX-90,,
Mazda,Mazda CX-90 PHEV,,
Mazda,Mazda MX-30 EV,,
Mazda,Mazda MX-5 Miata,,
Mazda,Mazda RX-7,,
Mazda,Mazda RX-8,,
Mazda,Mazda2,,
Mazda,Mazda3,2004,2027
Mazda,Mazda3 Hatchback,,
Mazda,Mazda3 Sedan,,
Mazda,Mazda5,,
Mazda,Mazda6,,
Mazda,Millenia,1995,2002
Mazda,Mx-5,2006,2016
Mazda,PREMACY (CP),2000,2004
Mazda,Protege,2000,2003
Mazda,Protege5,2002,2003
Mazda,RX 8 (SE17),2003,2003
Mazda,RX-7,1970,2002
Mazda,Rx-8,2003,2003
Mazda,TRIBUTE (EP),2000,2005
Mazda,Tribute,2001,2011
Mazda,Verisa,2004,2015
Mazda,XEDOS 9 (TA),2000,2000
Mazda,Xedos 9,1993,2002
McLaren,12C GT Sprint,2013,2014
McLaren,540C,2015,2021
McLaren,570GT,2016,2021
McLaren,570S,2015,2021
McLaren,600LT,2018,2020
McLaren,600LT Spider,,
McLaren,620R,2019,2021
McLaren,625C,2009,2021
McLaren,650S,2014,2017
McLaren,650S Spider,,
McLaren,675LT,2015,2017
McLaren,675LT Spider,,
McLaren,720S,2017,2023
McLaren,750S,2023,2026
McLaren,750S Spider,,
McLaren,765LT,2020,2026
McLaren,765LT Spider,,
McLaren,Artura,2021,2026
McLaren,Artura Spider,,
McLaren,Elva,2020,2026
McLaren,GT,2019,2023
McLaren,GTS,2023,2026
McLaren,MP4-12C Spider,,
McLaren,Mp4-12C,2011,2012
McLaren,P1,2013,2015
McLaren,SENNA GTR,2017,2021
McLaren,Senna,2018,2020
McLaren,Speedtail,2018,2026
Mercedes,A,1998,2012
Mercedes,A-CLASS (W168),,
Mercedes,A-CLASS (W169),,
Mercedes,A-CLASS (W176),,
Mercedes,A220,2019,2022
Mercedes,A35,2020,2021
Mercedes,AMG GT / GT S (C190),,
Mercedes,B,2005,2015
Mercedes,B-CLASS (W245),,
Mercedes,"B-CLASS (W246, W242)",,
Mercedes,B200,2006,2011
Mercedes,B250,2013,2016
Mercedes,B250e,2016,2017
Mercedes,C,1996,2015
Mercedes,C-CLASS (W203),,
Mercedes,C-CLASS (W204),,
Mercedes,C-CLASS (W205),,
Mercedes,C-CLASS Coupe (C204),,
Mercedes,C-CLASS Coupe (CL203),,
Mercedes,C-CLASS Estate (S202),,
Mercedes,C-CLASS T-Model (S203),,
Mercedes,C-CLASS T-Model (S204),,
Mercedes,C-CLASS T-Model (S205),,
Mercedes,C230,2000,2007
Mercedes,C240,2001,2005
Mercedes,C250,2012,2015
Mercedes,C280,2000,2007
Mercedes,C300,2008,2025
Mercedes,C32,2002,2004
Mercedes,C320,2001,2005
Mercedes,C350,2006,2015
Mercedes,C350e,2016,2018
Mercedes,C400,2015,2015
Mercedes,C43,2000,2025
Mercedes,C450,2016,2016
Mercedes,C55,2005,2006
Mercedes,C63,2008,2023
Mercedes,CITAN Box (415),,
Mercedes,CITAN Combi (415),,
Mercedes,CITAN Mixto (415),,
Mercedes,CL500,2000,2006
Mercedes,CL55,2001,2006
Mercedes,CL550,2007,2014
Mercedes,CL600,2001,2014
Mercedes,CL63,2008,2014
Mercedes,CL65,2005,2014
Mercedes,CLA Coupe (C117),,
Mercedes,CLA Shooting Brake (X117),,
Mercedes,CLA250,2014,2025
Mercedes,CLA35,2020,2025
Mercedes,CLA45,2014,2023
Mercedes,CLC-CLASS (CL203),,
Mercedes,CLK (C208),,
Mercedes,CLK (C209),,
Mercedes,CLK Convertible (A208),,
Mercedes,CLK Convertible (A209),,
Mercedes,CLK320,2000,2005
Mercedes,CLK350,2006,2009
Mercedes,CLK430,2000,2003
Mercedes,CLK500,2003,2006
Mercedes,CLK55,2001,2006
Mercedes,CLK550,2007,2009
Mercedes,CLK63,2007,2008
Mercedes,CLS (C218),,
Mercedes,CLS (C219),,
Mercedes,CLS Shooting Brake (X218),,
Mercedes,CLS400,2015,2017
Mercedes,CLS450,2019,2023
Mercedes,CLS500,2006,2006
Mercedes,CLS53,2019,2021
Mercedes,CLS55,2006,2006
Mercedes,CLS550,2007,2018
Mercedes,CLS63,2007,2018
Mercedes,Citan,2012,2013
Mercedes,Cl,1999,2010
Mercedes,Cla,2012,2013
Mercedes,Clc,2008,2009
Mercedes,Clk,1997,2007
Mercedes,Cls,2004,2014
Mercedes,E,1995,2014
Mercedes,E-CLASS (W210),,
Mercedes,E-CLASS (W211),,
Mercedes,E-CLASS (W212),,
Mercedes,E-CLASS Convertible (A207),,
Mercedes,E-CLASS Coupe (C207),,
Mercedes,E-CLASS Estate (S210),,
Mercedes,E-CLASS T-Model (S211),,
Mercedes,E-CLASS T-Model (S212),,
Mercedes,E250,2014,2016
Mercedes,E300,2017,2019
Mercedes,E320,2000,2009
Mercedes,E350,2006,2024
Mercedes,E400,2013,2018
Mercedes,E43,2017,2018
Mercedes,E430,2000,2002
Mercedes,E450,2019,2025
Mercedes,E500,2003,2006
Mercedes,E53,2019,2023
Mercedes,E55,2000,2006
Mercedes,E550,2007,2017
Mercedes,E63,2007,2023
Mercedes,EQB250+,2023,2025
Mercedes,EQB300,2022,2025
Mercedes,EQB350,2022,2025
Mercedes,EQS450+,2023,2023
Mercedes,G,1997,2015
Mercedes,G-CLASS (W461),,
Mercedes,G-CLASS (W463),,
Mercedes,G-CLASS Cabrio (W463),,
Mercedes,G500,2002,2008
Mercedes,G55,2003,2011
Mercedes,G550,2009,2024
Mercedes,G63,2013,2025
Mercedes,G65,2016,2018
Mercedes,GL-CLASS (X164),,
Mercedes,GL-CLASS (X166),,
Mercedes,GL320,2007,2009
Mercedes,GL350,2010,2016
Mercedes,GL450,2007,2016
Mercedes,GL550,2008,2016
Mercedes,GL63,2014,2016
Mercedes,GLA-CLASS (X156),,
Mercedes,GLA250,2015,2025
Mercedes,GLA35,2021,2025
Mercedes,GLA45,2015,2023
Mercedes,GLB250,2020,2025
Mercedes,GLB35,2021,2025
Mercedes,GLC300,2016,2025
Mercedes,GLC350e,2018,2020
Mercedes,GLC43,2017,2023
Mercedes,GLC63,2018,2021
Mercedes,GLE300d,2016,2016
Mercedes,GLE350,2016,2025
Mercedes,GLE400,2016,2019
Mercedes,GLE43,2017,2019
Mercedes,GLE450,2016,2025
Mercedes,GLE53,2021,2025
Mercedes,GLE550e,2016,2018
Mercedes,GLE580,2020,2025
Mercedes,GLE63,2016,2025
Mercedes,GLK-CLASS (X204),,
Mercedes,GLK250,2013,2015
Mercedes,GLK350,2010,2015
Mercedes,GLS350d,2017,2017
Mercedes,GLS450,2017,2025
Mercedes,GLS550,2017,2019
Mercedes,GLS580,2020,2025
Mercedes,GLS63,2017,2025
Mercedes,Gl,2006,2013
Mercedes,Gla,2014,2014
Mercedes,Glk,2008,2012
Mercedes,Gt,2015,2015
Mercedes,Gt-S,2015,2015
Mercedes,M,1997,2014
Mercedes,M-CLASS (W163),,
Mercedes,M-CLASS (W164),,
Mercedes,M-CLASS (W166),,
Mercedes,MERCEDES BENZ A-Class,2018,2023
Mercedes,MERCEDES BENZ A-Klasse,1997,2026
Mercedes,MERCEDES BENZ A-Klasse AMG,2013,2015
Mercedes,MERCEDES BENZ A-Klasse Saloon,2022,2026
Mercedes,MERCEDES BENZ B-Klasse,2005,2026
Mercedes,MERCEDES BENZ C-Class,2016,2022
Mercedes,MERCEDES BENZ C-Class EV,2026,2026
Mercedes,MERCEDES BENZ C-Klasse,2011,2018
Mercedes,MERCEDES BENZ C-Klasse AMG,1984,2015
Mercedes,MERCEDES BENZ C-Klasse All-Terrain,2021,2026
Mercedes,MERCEDES BENZ C-Klasse Coupe AMG,2011,2016
Mercedes,MERCEDES BENZ C-Klasse SportCoupe AMG,2002,2004
Mercedes,MERCEDES BENZ C-Klasse SportCoupe/CLC,2000,2011
Mercedes,MERCEDES BENZ C-Klasse T-Modell,1996,2026
Mercedes,MERCEDES BENZ C-Klasse T-Modell AMG,2004,2007
Mercedes,MERCEDES BENZ C-Klasse and predecessors,1982,2026
Mercedes,MERCEDES BENZ CL AMG,2000,2014
Mercedes,MERCEDES BENZ CL-Klasse and predecessors,1952,2014
Mercedes,MERCEDES BENZ CLA 45,2013,2016
Mercedes,MERCEDES BENZ CLA Klasse,2013,2026
Mercedes,MERCEDES BENZ CLA Shooting Brake,2015,2026
Mercedes,MERCEDES BENZ CLE,2023,2026
Mercedes,MERCEDES BENZ CLK AMG,1999,2009
Mercedes,MERCEDES BENZ CLK AMG Cabrio,2000,2009
Mercedes,MERCEDES BENZ CLS AMG,2004,2018
Mercedes,MERCEDES BENZ CLS Shooting Brake,2012,2017
Mercedes,MERCEDES BENZ CLS Shooting Brake AMG,2014,2018
Mercedes,MERCEDES BENZ CLS-Klasse,2004,2026
Mercedes,MERCEDES BENZ Citan,2021,2026
Mercedes,MERCEDES BENZ E-Class T-Modell All-Terrain,2017,2026
Mercedes,MERCEDES BENZ E-Klasse AMG,1996,2016
Mercedes,MERCEDES BENZ E-Klasse Cabriolet and predecessors,1992,2024
Mercedes,MERCEDES BENZ E-Klasse Coupe and predecessors,1969,2020
Mercedes,MERCEDES BENZ E-Klasse T-Modell,1965,2020
Mercedes,MERCEDES BENZ E-Klasse T-Modell AMG,2004,2017
Mercedes,MERCEDES BENZ E-Klasse and predecessors,1946,2026
Mercedes,MERCEDES BENZ EQA,2021,2026
Mercedes,MERCEDES BENZ EQB,2021,2026
Mercedes,MERCEDES BENZ EQC,2019,2023
Mercedes,MERCEDES BENZ EQE,2021,2026
Mercedes,MERCEDES BENZ EQE SUV,2022,2026
Mercedes,MERCEDES BENZ EQS,2021,2026
Mercedes,MERCEDES BENZ EQS SUV,2022,2026
Mercedes,MERCEDES BENZ EQS SUV Maybach,2023,2026
Mercedes,MERCEDES BENZ EQT,2023,2026
Mercedes,MERCEDES BENZ EQV,2019,2023
Mercedes,MERCEDES BENZ G-Klasse,1979,2026
Mercedes,MERCEDES BENZ G-Klasse AMG,1999,2018
Mercedes,MERCEDES BENZ G-Klasse Kurz,1979,2012
Mercedes,MERCEDES BENZ GL-Klasse,2006,2016
Mercedes,MERCEDES BENZ GL-Klasse AMG,2012,2016
Mercedes,MERCEDES BENZ GLA,2013,2026
Mercedes,MERCEDES BENZ GLB,2019,2026
Mercedes,MERCEDES BENZ GLC Class,2015,2026
Mercedes,MERCEDES BENZ GLE-Class,2015,2026
Mercedes,MERCEDES BENZ GLK-Klasse,2008,2016
Mercedes,MERCEDES BENZ GLS Maybach,2020,2026
Mercedes,MERCEDES BENZ GLS-Class,2016,2026
Mercedes,MERCEDES BENZ M-Klasse,1997,2015
Mercedes,MERCEDES BENZ M-Klasse AMG,1999,2015
Mercedes,MERCEDES BENZ Maybach EQS SUV,2023,2026
Mercedes,MERCEDES BENZ Pullman,1930,2020
Mercedes,MERCEDES BENZ R-Klasse,2005,2013
Mercedes,MERCEDES BENZ R-Klasse AMG,2006,2008
Mercedes,MERCEDES BENZ R-Klasse Lang,2005,2013
Mercedes,MERCEDES BENZ S-Class,1952,2020
Mercedes,MERCEDES BENZ S-Class Coupe AMG,2014,2017
Mercedes,MERCEDES BENZ S-Class Maybach,2015,2026
Mercedes,MERCEDES BENZ S-Klasse,2014,2020
Mercedes,MERCEDES BENZ S-Klasse AMG,1999,2017
Mercedes,MERCEDES BENZ S-Klasse and predecessors,1951,2026
Mercedes,MERCEDES BENZ SL AMG,1999,2019
Mercedes,MERCEDES BENZ SL Monogram Maybach,2025,2026
Mercedes,MERCEDES BENZ SL-Klasse,1954,2020
Mercedes,MERCEDES BENZ SLC-Class,2016,2020
Mercedes,MERCEDES BENZ SLK AMG,2000,2016
Mercedes,MERCEDES BENZ SLK-Klasse,1955,2016
Mercedes,MERCEDES BENZ SLR McLaren,2003,2009
Mercedes,MERCEDES BENZ SLS AMG,2010,2015
Mercedes,MERCEDES BENZ T-Class,2022,2026
Mercedes,MERCEDES BENZ V-Class and predecessors,1996,2023
Mercedes,MERCEDES BENZ VANEO,2002,2006
Mercedes,MERCEDES BENZ VIANO,2003,2014
Mercedes,MERCEDES BENZ VLE,2026,2026
Mercedes,MERCEDES BENZ Vito,2020,2026
Mercedes,MERCEDES BENZ X-Class,2017,2020
Mercedes,ML250,2015,2015
Mercedes,ML320,2000,2009
Mercedes,ML350,2003,2015
Mercedes,ML400,2015,2015
Mercedes,ML430,2000,2001
Mercedes,ML450,2010,2011
Mercedes,ML500,2002,2007
Mercedes,ML55,2000,2003
Mercedes,ML550,2008,2014
Mercedes,ML63,2007,2015
Mercedes,Maybach,2021,2023
Mercedes,Metris,2016,2023
Mercedes,Ml,2011,2011
Mercedes,R,2005,2010
Mercedes,"R-CLASS (W251, V251)",,
Mercedes,R320,2007,2009
Mercedes,R350,2006,2012
Mercedes,R500,2006,2007
Mercedes,R63,2007,2007
Mercedes,S,1998,2013
Mercedes,S-CLASS (W220),,
Mercedes,S-CLASS (W221),,
Mercedes,"S-CLASS (W222, V222, X222)",,
Mercedes,S-CLASS Coupe (C215),,
Mercedes,S-CLASS Coupe (C216),,
Mercedes,S-CLASS Coupe (C217),,
Mercedes,S350,2006,2013
Mercedes,S400,2010,2013
Mercedes,S430,2000,2006
Mercedes,S450,2018,2020
Mercedes,S500,2000,2025
Mercedes,S55,2001,2006
Mercedes,S550,2007,2017
Mercedes,S550e,2015,2017
Mercedes,S560,2018,2021
Mercedes,S560e,2019,2020
Mercedes,S580,2021,2025
Mercedes,S580e,2023,2025
Mercedes,S600,2001,2017
Mercedes,S63,2008,2021
Mercedes,S65,2006,2020
Mercedes,SL (R129),,
Mercedes,SL (R230),,
Mercedes,SL (R231),,
Mercedes,SL400,2015,2016
Mercedes,SL43,2023,2025
Mercedes,SL450,2017,2020
Mercedes,SL500,2000,2006
Mercedes,SL55,2003,2025
Mercedes,SL550,2007,2020
Mercedes,SL600,2000,2009
Mercedes,SL63,2009,2025
Mercedes,SL65,2005,2018
Mercedes,SLC300,2017,2020
Mercedes,SLC43,2017,2020
Mercedes,SLK (R170),,
Mercedes,SLK (R171),,
Mercedes,SLK (R172),,
Mercedes,SLK230,2000,2004
Mercedes,SLK250,2012,2015
Mercedes,SLK280,2006,2008
Mercedes,SLK300,2009,2016
Mercedes,SLK32,2002,2004
Mercedes,SLK320,2001,2004
Mercedes,SLK350,2005,2016
Mercedes,SLK55,2005,2016
Mercedes,SLR,2005,2009
Mercedes,SLR (R199),,
Mercedes,SLR ROADSTER (R199),,
Mercedes,SLS,2011,2015
Mercedes,SLS AMG (C197),,
Mercedes,SLS AMG Convertible (A197),,
Mercedes,"SPRINTER 2-t Box (901, 902)",,
Mercedes,"SPRINTER 2-t Bus (901, 902)",,
Mercedes,"SPRINTER 2-t Platform/Chassis (901, 902)",,
Mercedes,"SPRINTER 3,5-t Box (906)",,
Mercedes,"SPRINTER 3,5-t Bus (906)",,
Mercedes,"SPRINTER 3,5-t Platform/Chassis (906)",,
Mercedes,SPRINTER 3-t Box (903),,
Mercedes,SPRINTER 3-t Box (906),,
Mercedes,SPRINTER 3-t Bus (903),,
Mercedes,SPRINTER 3-t Bus (906),,
Mercedes,SPRINTER 3-t Platform/Chassis (903),,
Mercedes,SPRINTER 3-t Platform/Chassis (906),,
Mercedes,"SPRINTER 4,6-t Box (906)",,
Mercedes,"SPRINTER 4,6-t Platform/Chassis (906)",,
Mercedes,SPRINTER 4-t Box (904),,
Mercedes,SPRINTER 4-t Bus (904),,
Mercedes,SPRINTER 4-t Platform/Chassis (904),,
Mercedes,SPRINTER 5-t Box (906),,
Mercedes,SPRINTER 5-t Platform/Chassis (905),,
Mercedes,SPRINTER 5-t Platform/Chassis (906),,
Mercedes,"SPRINTER CLASSIC 3,5-t Box (909)",,
Mercedes,"SPRINTER CLASSIC 4,6-t Bus (909)",,
Mercedes,SPRINTER Dumptruck (905),,
Mercedes,Sl,1998,2011
Mercedes,Slk,1996,2012
Mercedes,Sportcoupe,2000,2005
Mercedes,Sprinter,2000,2025
Mercedes,V,2014,2014
Mercedes,V-CLASS (W447),,
Mercedes,VANEO (414),,
Mercedes,VARIO Box Body / Estate,,
Mercedes,VARIO Bus,,
Mercedes,VARIO Cab with engine,,
Mercedes,VARIO Dumptruck,,
Mercedes,VARIO Platform/Chassis,,
Mercedes,VIANO (W639),,
Mercedes,VITO / MIXTO Box (W639),,
Mercedes,VITO Box (W447),,
Mercedes,VITO Bus (W639),,
Mercedes,VITO Mixto (W447),,
Mercedes,VITO Tourer (W447),,
Mercedes,Vaneo,2001,2001
Mercedes,Viano,1996,2010
Mercedes,Vito,1996,2010
Mercury,Cougar,2000,2000
Mercury,Grand,2000,2011
Mercury,Mariner,2005,2011
Mercury,Milan,2006,2011
Mercury,Montego,2005,2007
Mercury,Monterey,2005,2007
Mercury,Mountaineer,2000,2010
Mercury,Mystique,2000,2000
Mercury,Sable,2000,2009
Mercury,Villager,2000,2000
Mini,(F54) Clubman,2015,2015
Mini,(F55),2014,2015
Mini,(F56),2014,2015
Mini,(F57) Cabrio,2015,2015
Mini,(R50),2000,2002
Mini,(R52) Cabrio,2002,2003
Mini,(R53),2000,2006
Mini,(R55 Lci) Clubman,2009,2010
Mini,(R55) Clubman,2006,2009
Mini,(R56 Lci),2009,2010
Mini,(R56),2005,2009
Mini,(R57 Lci) Cabrio,2009,2010
Mini,(R57) Cabrio,2007,2008
Mini,(R58) Coupe,2009,2010
Mini,(R59) Roadster,2011,2011
Mini,(R60) Countryman,2009,2011
Mini,Aceman,2024,2026
Mini,Classic,1997,2026
Mini,Clubman,2007,2023
Mini,Clubvan,2012,2014
Mini,Convertible,2004,2026
Mini,Cooper,2002,2025
Mini,Cooper Convertible,2004,2027
Mini,Cooper Coupe,2012,2015
Mini,Cooper Roadster,2012,2015
Mini,Countryman,2010,2026
Mini,Coupe,2011,2015
Mini,Hardtop,2009,2027
Mini,Hatch,1997,2026
Mini,MINI (F55),2012,2013
Mini,MINI (F56),2012,2012
Mini,"MINI (R50, R53)",2001,2005
Mini,MINI (R56),2005,2011
Mini,MINI CLUBMAN (R55),2006,2010
Mini,MINI CLUBVAN (R55),2011,2011
Mini,MINI COUNTRYMAN (R60),2009,2013
Mini,MINI Convertible (R52),2003,2003
Mini,MINI Convertible (R57),2007,2010
Mini,MINI Coupe (R58),2010,2010
Mini,MINI PACEMAN (R61),2011,2013
Mini,MINI Roadster (R59),2011,2011
Mini,Mini 3-Door Hatch,,
Mini,Mini 5-Door Hatch,,
Mini,Mini Clubman,,
Mini,Mini Convertible,,
Mini,Mini Countryman,,
Mini,Mini Coupe,,
Mini,Mini Electric,,
Mini,Mini John Cooper Works,,
Mini,Mini Paceman,,
Mini,Mini Roadster,,
Mini,Paceman,2013,2016
Mini,Roadster,2011,2015
Mitsubishi,3000 GT,1990,2001
Mitsubishi,380 (DB),2004,2004
Mitsubishi,ASX (GA_W_),2009,2012
Mitsubishi,ASX / RVR / Outlander Sport,2010,2026
Mitsubishi,ASX Van (GA_W_),2009,2009
Mitsubishi,Adventure,1998,2000
Mitsubishi,Airtrek,2001,2004
Mitsubishi,Aspire,2000,2000
Mitsubishi,Asx,2010,2013
Mitsubishi,Attrage,2013,2024
Mitsubishi,"CANTER Platform/Chassis (FB_, FE_, FG_)",2001,2005
Mitsubishi,CARISMA (DA_),2000,2000
Mitsubishi,CARISMA Saloon (DA_),2000,2000
Mitsubishi,COLT CZC Convertible (RG),2005,2005
Mitsubishi,COLT PLUS VII (Z2_W),2003,2011
Mitsubishi,"COLT V (CJ_, CP_)",2000,2002
Mitsubishi,"COLT VI (Z3_A, Z2_A)",2003,2009
Mitsubishi,Carisma,2000,2000
Mitsubishi,Challenger,2008,2008
Mitsubishi,Colt,2004,2008
Mitsubishi,Colt CZC,2006,2012
Mitsubishi,Colt Plus,2004,2006
Mitsubishi,DELICA D2 (MB1_),2010,2010
Mitsubishi,"DELICA D3 (BVM2_, BM2_)",2010,2010
Mitsubishi,DELICA D5 (CV_W),2006,2012
Mitsubishi,"DIAMANTE Saloon (F4_A, F3_A)",2001,2003
Mitsubishi,Delica,,
Mitsubishi,Delica D5,2010,2013
Mitsubishi,Diamante,2001,2001
Mitsubishi,Dignity,2012,2012
Mitsubishi,Dion,2000,2004
Mitsubishi,ECLIPSE IV (DK_A),2004,2004
Mitsubishi,"ENDEAVOR (D8_W, D7_W)",2002,2002
Mitsubishi,Eclipse,1999,2025
Mitsubishi,Eclipse Cross,2017,2026
Mitsubishi,Endeavor,2002,2011
Mitsubishi,Freeca,2000,2000
Mitsubishi,Fuzion,2005,2005
Mitsubishi,"GALANT Saloon (DJ_, ED_, EF_)",2003,2003
Mitsubishi,GALANT VI (EA_),2000,2003
Mitsubishi,GALANT VI Estate (EA_),2000,2000
Mitsubishi,"GRANDIS (N9_, N8_)",2000,2000
Mitsubishi,GRANDIS (NA_W),2003,2006
Mitsubishi,Galant,1999,2012
Mitsubishi,Galant Fortis,2007,2007
Mitsubishi,Galant Station,1997,2001
Mitsubishi,Grandis,2003,2005
Mitsubishi,Grunder,2006,2006
Mitsubishi,L 200,1995,2019
Mitsubishi,"L 200 (K7_T, K6_T)",2001,2002
Mitsubishi,"L 200 (KB_T, KA_T)",2004,2009
Mitsubishi,"L 200 Platform/Chassis (K6_T, K7_T)",2000,2002
Mitsubishi,"L 200 Platform/Chassis (KA_T, KB_T)",2008,2009
Mitsubishi,"L 300 Box (P0_W, P1_W)",2000,2005
Mitsubishi,"L 300 Bus (P0_W, P1_W, P2_W)",2000,2000
Mitsubishi,L200,1999,2016
Mitsubishi,LANCER Estate (CS_W),2003,2004
Mitsubishi,LANCER Estate (CV_1),2007,2007
Mitsubishi,LANCER SPORTBACK (CX_A),2007,2010
Mitsubishi,"LANCER Saloon (CS_A, CT0)",2003,2005
Mitsubishi,LANCER Saloon (CY/Z_A),2007,2012
Mitsubishi,LANCER VI (CJ-CP_),2000,2000
Mitsubishi,Lancer,2003,2017
Mitsubishi,Lancer Combi,1989,2006
Mitsubishi,Lancer Evolution,1996,2010
Mitsubishi,Lancer SportBack,2004,2017
Mitsubishi,Legnum,1999,2000
Mitsubishi,MAGNA Estate,2003,2003
Mitsubishi,MAGNA Estate (TJ),2000,2000
Mitsubishi,MAGNA Saloon (TJ),2000,2002
Mitsubishi,MAGNA Saloon (TW),2003,2003
Mitsubishi,MAVEN,2004,2004
Mitsubishi,MINICAB Bus (U6_V),2010,2010
Mitsubishi,MINICAB Platform/Chassis (U6_T),2010,2010
Mitsubishi,MIRAGE Estate,2001,2001
Mitsubishi,MIRAGE G4 (A10_),2012,2012
Mitsubishi,MIRAGE Hatchback,2011,2011
Mitsubishi,Mirage,2012,2024
Mitsubishi,Mirage G4,2013,2019
Mitsubishi,Montero,1999,2009
Mitsubishi,Montero Sport,2001,2001
Mitsubishi,Nativa,2001,2001
Mitsubishi,Nimbus,2000,2000
Mitsubishi,OUTLANDER I (CU_W),2001,2003
Mitsubishi,OUTLANDER II (CW_W),2005,2009
Mitsubishi,OUTLANDER II Van (CW_W),2005,2009
Mitsubishi,"OUTLANDER III (GG_W, GF_W)",2011,2011
Mitsubishi,"OUTLANDER III Van (GF_W, GG_W)",2012,2012
Mitsubishi,Outlander,2003,2025
Mitsubishi,Outlander / Airtrek,2003,2026
Mitsubishi,Outlander PHEV,,
Mitsubishi,Outlander Sport,2011,2027
Mitsubishi,PAJERO CLASSIC (V2_W),2002,2005
Mitsubishi,"PAJERO III (V7_W, V6_W)",2000,2001
Mitsubishi,"PAJERO III Canvas Top (V6_W, V7_W)",2000,2003
Mitsubishi,"PAJERO IV (V8_W, V9_W)",2006,2009
Mitsubishi,"PAJERO IV Van (V90, V80)",2005,2009
Mitsubishi,"PAJERO PININ (H6_W, H7_W)",2000,2001
Mitsubishi,PAJERO SPORT (K90),2000,2003
Mitsubishi,"PAJERO SPORT II (KG_, KH_)",2007,2009
Mitsubishi,"PROUDIA/DIGNITY (BHGY5_, BY_5)",2011,2011
Mitsubishi,Pajero,1998,2012
Mitsubishi,Pajero Pinin / Shogun Pinin / Montero iO,1998,2007
Mitsubishi,Pajero Sport,,
Mitsubishi,Raider,2005,2009
Mitsubishi,Rvr,1999,2000
Mitsubishi,SAVRIN,2001,2003
Mitsubishi,SPACE RUNNER (N6_W),2000,2000
Mitsubishi,SPACE STAR (DG_A),2000,2002
Mitsubishi,SPACE STAR Hatchback (A0_A),2011,2011
Mitsubishi,"SPACE WAGON (N9_W, N8_W)",2000,2002
Mitsubishi,Shogun Sport,2001,2001
Mitsubishi,Space Runner,1999,2000
Mitsubishi,Space Star,1998,2002
Mitsubishi,TOPPO (_H8_),2007,2007
Mitsubishi,Triton,2001,2005
Mitsubishi,VERADA Estate (KL),2003,2003
Mitsubishi,VERADA Estate (KW),2003,2003
Mitsubishi,VERADA Saloon (KJ),2000,2003
Mitsubishi,VERADA Saloon (KL),2003,2003
Mitsubishi,VERADA Saloon (KW),2003,2003
Mitsubishi,"VERYCA Box Body / Estate (CA9_W, CA8_W)",2010,2010
Mitsubishi,ZINGER MPV (KB0_A),2004,2007
Mitsubishi,eK Hatchback (_H82_),2000,2005
Mitsubishi,i (HA_),2005,2010
Mitsubishi,i-MiEV,2009,2021
Mitsubishi Fuso,Canter,2006,2013
Nissan,200 SX,1989,2000
Nissan,240SX,1989,2001
Nissan,350 Z (Z33),2002,2004
Nissan,350 Z Roadster (Z33),2004,2005
Nissan,350Z,2003,2009
Nissan,370 Z (Z34),2008,2012
Nissan,370 Z Roadster (Z34),2009,2009
Nissan,370Z,2009,2020
Nissan,370Z Nismo,2009,2021
Nissan,ALMERA Classic (B10),2005,2005
Nissan,ALMERA II (N16),2000,2003
Nissan,ALMERA II Hatchback (N16),2000,2003
Nissan,ALMERA TINO (V10),2000,2003
Nissan,ALTIMA Coupe,2005,2005
Nissan,Almera,2002,2012
Nissan,Almera / Pulsar,1995,2019
Nissan,Almera Classic,2011,2011
Nissan,Almera Tino,2000,2006
Nissan,Altima,1998,2026
Nissan,Altra-EV,1999,2004
Nissan,Ariya,2020,2026
Nissan,Ariya Hatchback,2023,2024
Nissan,Ariya MPV,2025,2027
Nissan,Armada,2003,2026
Nissan,Atleon,1999,2014
Nissan,Avenir,2003,2003
Nissan,BASSARA,2002,2002
Nissan,BLUEBIRD SYLPHY,2004,2004
Nissan,"CABSTAR Platform/Chassis (F23, H41, H42)",2000,2005
Nissan,CARAVAN,2000,2002
Nissan,CEDRIC,2000,2000
Nissan,CEFIRO I Saloon (J31),2000,2003
Nissan,CIMA,2001,2001
Nissan,CLIPPER VAN,2002,2002
Nissan,CUBE (Z10),2000,2000
Nissan,CUBE (Z11),2002,2002
Nissan,CUBE (Z12),2009,2009
Nissan,Cabstar,2006,2007
Nissan,Cube,2002,2014
Nissan,DAYZ,2012,2012
Nissan,DAYZ ROOX,2012,2012
Nissan,ELGRAND (E50),2000,2000
Nissan,ELGRAND (E51),2002,2002
Nissan,ELGRAND (E52),2009,2009
Nissan,Elgrand,2025,2026
Nissan,FUGA,2008,2009
Nissan,Frontier,1998,2027
Nissan,GLORIA,2000,2000
Nissan,GT-R (R35),2008,2012
Nissan,GT-R Nismo,2014,2026
Nissan,Grand Livina,2006,2013
Nissan,Gt-R,2007,2011
Nissan,INTERSTAR Box (X70),2002,2005
Nissan,INTERSTAR Bus (X70),2002,2005
Nissan,INTERSTAR Platform/Chassis,2003,2005
Nissan,JUKE (F15),2009,2012
Nissan,Juke,2010,2017
Nissan,Juke EV,2026,2026
Nissan,Juke Nismo,2013,2017
Nissan,KIX,2007,2007
Nissan,KUBISTAR (X76),2003,2005
Nissan,KUBISTAR Box (X80),2003,2005
Nissan,Kicks,2016,2026
Nissan,Kicks MPV,2025,2027
Nissan,Kicks Play,2025,2027
Nissan,LAFESTA,2004,2004
Nissan,LATIO Saloon,2006,2006
Nissan,"LIVINA / GRAND LIVINA (L10, L11)",2006,2012
Nissan,Leaf,2010,2026
Nissan,Liberty,1999,2004
Nissan,Lp300,2008,2008
Nissan,MAXIMA QX (A33),2000,2003
Nissan,MICRA C+C (K12),2004,2004
Nissan,MICRA II (K11),2000,2000
Nissan,MICRA III (K12),2002,2004
Nissan,MICRA IV (K13),2009,2010
Nissan,MOCO,2005,2005
Nissan,MURANO (Z50),2003,2003
Nissan,MURANO (Z51),2006,2009
Nissan,Maxima,2004,2023
Nissan,Micra,2005,2005
Nissan,Micra C+C,2005,2008
Nissan,Murano,2005,2025
Nissan,Murano CrossCabriolet,2011,2014
Nissan,N7,2024,2026
Nissan,NAVARA (D22),2000,2000
Nissan,NAVARA (D40),2004,2009
Nissan,NAVARA Platform/Chassis (D22),2002,2002
Nissan,NAVARA Platform/Chassis (D40),2007,2009
Nissan,NOTE (E11),2005,2009
Nissan,NV,2009,2019
Nissan,NV1500,2012,2021
Nissan,NV200,2013,2027
Nissan,NV200 Box,2009,2012
Nissan,NV200 EVALIA,2009,2012
Nissan,NV2500,2012,2021
Nissan,NV350 Bus,2011,2011
Nissan,NV3500,2012,2021
Nissan,NV400 Box,2010,2012
Nissan,NV400 Bus,2010,2012
Nissan,NV400 Platform/Chassis,2010,2012
Nissan,Navara,2005,2010
Nissan,Navara / Frontier,2005,2026
Nissan,Nissan Z,2023,2027
Nissan,Note,2011,2011
Nissan,Np300,2008,2013
Nissan,Nv 200,2011,2011
Nissan,Nv 400,2010,2010
Nissan,OTTI,2005,2005
Nissan,PATHFINDER (R50),2000,2000
Nissan,PATHFINDER (R51),2004,2009
Nissan,PATHFINDER (R52),2012,2012
Nissan,PATROL GR II Wagon (Y61),2000,2003
Nissan,PATROL II (GU),2006,2006
Nissan,PATROL III (Y62),2009,2009
Nissan,PICK UP (D22),2001,2007
Nissan,PINO,2006,2006
Nissan,PIXO (UA0),2008,2008
Nissan,PRESAGE (U30),2001,2001
Nissan,PRIMASTAR Box (X83),2002,2007
Nissan,PRIMASTAR Bus (X83),2001,2007
Nissan,PRIMASTAR Platform/Chassis,2002,2002
Nissan,PRIMERA (P12),2002,2002
Nissan,PRIMERA Estate (WP12),2002,2002
Nissan,PRIMERA Hatchback (P11),2000,2000
Nissan,PRIMERA Hatchback (P12),2002,2002
Nissan,PULSAR Hatchback (C12),2011,2012
Nissan,PULSAR Hatchback (C13),2013,2013
Nissan,Pathfinder,2005,2025
Nissan,Patrol,2002,2010
Nissan,Patrol LWB,1988,2026
Nissan,Patrol SWB,1988,2010
Nissan,Pixo,2009,2013
Nissan,Platina,2006,2010
Nissan,Presage,2001,2001
Nissan,Primastar,2010,2010
Nissan,Primera,2002,2004
Nissan,Primera Break,1990,2007
Nissan,Pulsar,,
Nissan,"QASHQAI / QASHQAI +2 (J10, JJ10)",2006,2012
Nissan,QUEST (V42),2003,2003
Nissan,Qashqai,2007,2015
Nissan,Quest,2004,2017
Nissan,ROOX,2008,2008
Nissan,Rogue,2007,2026
Nissan,Rogue Select,2014,2014
Nissan,Rogue Sport,2017,2022
Nissan,SENTRA (B17),2011,2011
Nissan,SERENA (C24),2000,2000
Nissan,SERENA (C25),2004,2005
Nissan,SERENA (C26),2009,2009
Nissan,SKYLINE Coupe (V35),2003,2005
Nissan,STAGEA (M35),2001,2005
Nissan,SUNNY Coupe,2000,2000
Nissan,SUNNY Hatchback,2000,2000
Nissan,SUNNY Saloon,2000,2000
Nissan,SYLPHY (B17),2011,2011
Nissan,Sakura,2022,2026
Nissan,Sentra,2005,2025
Nissan,Serena,1991,2022
Nissan,Skyline,2001,2010
Nissan,Sunny,1993,2019
Nissan,TEANA I (J31),2003,2003
Nissan,TEANA II (J32),2007,2012
Nissan,TEANA III (J33),2012,2012
Nissan,TERRANO II (R20),2002,2002
Nissan,TERRANO Van (R20),2002,2002
Nissan,TIIDA Hatchback,2003,2003
Nissan,TIIDA Hatchback (C11X),2006,2006
Nissan,TIIDA Saloon (C12),2010,2011
Nissan,TIIDA Saloon (SC11X),2006,2006
Nissan,Teana,2004,2009
Nissan,Terrano,1988,2019
Nissan,Tiida,2012,2012
Nissan,Tiida / Versa,2006,2026
Nissan,Titan,2004,2024
Nissan,Townstar,,
Nissan,URVAN Box (E25),2000,2002
Nissan,URVAN Bus (V2_),2000,2002
Nissan,URVAN NV350 / CARAVAN (E26),2012,2012
Nissan,Versa,2007,2025
Nissan,Versa Note,2014,2020
Nissan,WINGROAD,2003,2003
Nissan,X-TRAIL (T30),2001,2003
Nissan,X-TRAIL (T31),2006,2007
Nissan,X-TRAIL (T32),2012,2012
Nissan,X-Trail,2003,2014
Nissan,XTERRA (N50),2004,2004
Nissan,XTerra,2002,2015
Nissan,Z,2023,2025
Nissan,Z Nismo,2021,2026
Opel,AGILA (A) (H00),2000,2003
Opel,AGILA (B) (H08),2007,2010
Opel,ASTRA G Box (F70),2000,2003
Opel,ASTRA G Convertible (F67),2001,2002
Opel,ASTRA G Coupe (F07_),2000,2002
Opel,ASTRA G Estate (F35_),2000,2006
Opel,"ASTRA G Hatchback (F48_, F08_)",2000,2006
Opel,ASTRA G Saloon (F69_),2000,2006
Opel,ASTRA GTC J,2010,2012
Opel,ASTRA H (L48),2003,2008
Opel,ASTRA H Box (L70),2003,2006
Opel,ASTRA H Estate (L35),2003,2008
Opel,ASTRA H GTC (L08),2004,2006
Opel,ASTRA H Saloon (L69),2006,2009
Opel,ASTRA H TwinTop (L67),2004,2006
Opel,ASTRA J Saloon,2011,2012
Opel,ASTRA J Sports Tourer,2009,2012
Opel,Adam,2012,2016
Opel,Adam Rocks,2013,2019
Opel,Agila,2000,2010
Opel,Agila A,,
Opel,Agila B,,
Opel,Ampera,2011,2019
Opel,Antara,2006,2010
Opel,Ascona A,,
Opel,Ascona B,,
Opel,Ascona C,,
Opel,Astra,1997,2015
Opel,Astra Caravan,1994,2011
Opel,Astra F,,
Opel,Astra G,,
Opel,Astra GTC,2011,2018
Opel,Astra H,,
Opel,Astra J,,
Opel,Astra K,,
Opel,Astra L,,
Opel,Astra OPC,2000,2018
Opel,Astra Sports Tourer,2010,2026
Opel,Astra Twin Top /,2006,2011
Opel,CAMPO (TF_),2001,2001
Opel,CASCADA (W13),2012,2012
Opel,COMBO Box Body / Estate,2001,2005
Opel,COMBO Box Body / Estate (X12),2011,2011
Opel,COMBO Tour,2001,2005
Opel,COMBO Tour (X12),2011,2011
Opel,"CORSA C (F08, F68)",2000,2003
Opel,"CORSA C Box (F08, W5L)",2000,2004
Opel,CORSA D Van,2005,2009
Opel,CORSA E Van,2012,2013
Opel,Cascada,2013,2013
Opel,Combo,2001,2012
Opel,Combo A,,
Opel,Combo B,,
Opel,Combo C,,
Opel,Combo D,,
Opel,Combo E,,
Opel,Commodore A,,
Opel,Commodore B,,
Opel,Commodore C,,
Opel,Corsa,1994,2015
Opel,Corsa A,,
Opel,Corsa B,,
Opel,Corsa C,,
Opel,Corsa D,,
Opel,Corsa E,,
Opel,Corsa F,,
Opel,Corsa G,,
Opel,Corsa GSE,2026,2026
Opel,Corsa OPC,2007,2019
Opel,Crossland,2017,2026
Opel,FRONTERA B (6B_),2002,2002
Opel,Frontera,1999,2001
Opel,Frontera A,,
Opel,Frontera B,,
Opel,GT Convertible,2006,2006
Opel,Grandland,2017,2026
Opel,Grandland X,,
Opel,Gt,2007,2007
Opel,INSIGNIA Estate,2007,2013
Opel,INSIGNIA Saloon,2007,2013
Opel,Insignia,2008,2015
Opel,Insignia A,,
Opel,Insignia B,,
Opel,Insignia Country Tourer,2013,2017
Opel,Insignia GSi,2017,2020
Opel,Insignia OPC,2009,2013
Opel,Insignia Sports Tourer,2009,2020
Opel,Insignia Sports Tourer GSi,2017,2020
Opel,Insignia Sports Tourer OPC,2009,2017
Opel,Kadett A,,
Opel,Kadett B,,
Opel,Kadett C,,
Opel,Kadett D,,
Opel,Kadett E,,
Opel,Kadett F,,
Opel,Karl,2015,2019
Opel,MOVANO B Box,2009,2012
Opel,MOVANO B Bus,2009,2012
Opel,MOVANO B Platform/Chassis,2009,2012
Opel,MOVANO Box (F9),2000,2003
Opel,MOVANO Combi (J9),2000,2006
Opel,MOVANO Dumptruck (H9),2000,2005
Opel,"MOVANO Platform/Chassis (U9, E9)",2000,2005
Opel,Manta A,,
Opel,Manta B,,
Opel,Meriva,2003,2013
Opel,Meriva A,,
Opel,Meriva B,,
Opel,Mokka,2012,2015
Opel,Mokka X,,
Opel,Movano,2000,2014
Opel,"OMEGA B (25_, 26_, 27_)",2000,2001
Opel,"OMEGA B Estate (21_, 22_, 23_)",2000,2001
Opel,Omega,1997,2001
Opel,Omega A,,
Opel,Omega B,,
Opel,Omega Caravan,1986,2003
Opel,Rekord C,,
Opel,Rekord D,,
Opel,Rekord E,,
Opel,Rocks-e,2021,2026
Opel,Senator A,,
Opel,Senator B,,
Opel,Signum,2002,2006
Opel,Speedster,2001,2003
Opel,Tigra A,,
Opel,Tigra B (TwinTop),,
Opel,Tigra Twintop,2005,2005
Opel,VECTRA B (36_),2000,2000
Opel,VECTRA B Estate (31_),2000,2000
Opel,VECTRA B Hatchback (38_),2000,2000
Opel,VECTRA C Estate,2003,2006
Opel,VECTRA C GTS,2002,2005
Opel,VIVARO Box,2012,2012
Opel,VIVARO Box (F7),2001,2005
Opel,VIVARO Combi,2012,2012
Opel,VIVARO Combi (J7),2001,2005
Opel,VIVARO Platform/Chassis (E7),2005,2005
Opel,Vectra,1995,2007
Opel,Vectra A,,
Opel,Vectra B,,
Opel,Vectra C,,
Opel,Vectra Caravan,1996,2008
Opel,Vectra OPC,2005,2008
Opel,Vita,1994,2005
Opel,Vivaro,2001,2014
Opel,Vivaro A,,
Opel,Vivaro B,,
Opel,Vivaro C,,
Opel,ZAFIRA A (F75_),2000,2003
Opel,ZAFIRA B (A05),2004,2012
Opel,ZAFIRA B Van,2004,2008
Opel,ZAFIRA TOURER C (P12),2010,2013
Opel,Zafira,1999,2013
Opel,Zafira A,,
Opel,Zafira B,,
Opel,Zafira C (Tourer),,
Opel,Zafira Life,,
Opel,Zafira Tourer,2011,2013
Oreion Motors,Reeper,2003,2003
Peugeot,1007,2005,2007
Peugeot,1007 (KM_),2004,2006
Peugeot,106,1999,2001
Peugeot,106 Van (1_),2000,2000
Peugeot,107,2005,2005
Peugeot,108,2014,2022
Peugeot,2008,2013,2026
Peugeot,204,,
Peugeot,206,1998,2004
Peugeot,206 CC,2001,2007
Peugeot,206 CC (2D),2000,2004
Peugeot,206 Hatchback (2A/C),2000,2005
Peugeot,206 Plus,2008,2008
Peugeot,206 SW,2002,2007
Peugeot,206 SW (2E/K),2002,2004
Peugeot,206 Saloon,2006,2007
Peugeot,206 Van,2001,2001
Peugeot,206+,2009,2013
Peugeot,206+ (T3E),2008,2009
Peugeot,207,2006,2010
Peugeot,"207 (WA_, WC_)",2005,2008
Peugeot,207 CC,2007,2014
Peugeot,207 CC (WD_),2006,2009
Peugeot,207 SW,2007,2012
Peugeot,207 SW (WK_),2006,2008
Peugeot,207 Saloon,2006,2008
Peugeot,207 Van,2006,2006
Peugeot,208,2012,2014
Peugeot,208 GTI,2013,2018
Peugeot,208 XY,2013,2015
Peugeot,3008,2009,2010
Peugeot,301,2012,2026
Peugeot,304,,
Peugeot,305,,
Peugeot,306,1999,2000
Peugeot,"306 (7B, N3, N5)",2000,2000
Peugeot,"306 Break (7E, N3, N5)",2000,2000
Peugeot,"306 Convertible (7D, N3, N5)",2000,2000
Peugeot,"306 Hatchback (7A, 7C, N3, N5)",2000,2000
Peugeot,307,2000,2005
Peugeot,307 (3A/C),2000,2007
Peugeot,307 Break (3E),2002,2006
Peugeot,307 CC,2003,2008
Peugeot,307 CC (3B),2003,2004
Peugeot,307 SW,2002,2008
Peugeot,307 SW (3H),2002,2006
Peugeot,308,2007,2010
Peugeot,"308 (4A_, 4C_)",2006,2012
Peugeot,308 CC,2008,2015
Peugeot,308 II,2012,2012
Peugeot,308 SW,2008,2026
Peugeot,308 SW II,2012,2012
Peugeot,309,,
Peugeot,4007,2007,2008
Peugeot,4007 (GP_),2006,2009
Peugeot,4008,2012,2017
Peugeot,406,2000,2001
Peugeot,406 (8B),2000,2001
Peugeot,406 Break,1996,2004
Peugeot,406 Break (8E/F),2000,2001
Peugeot,406 Coupe (8C),2000,2002
Peugeot,407,2000,2008
Peugeot,407 (6D_),2003,2009
Peugeot,407 Coupe (6C_),2004,2009
Peugeot,407 SW,2004,2010
Peugeot,407 SW (6E_),2003,2009
Peugeot,408,2010,2026
Peugeot,5008,2009,2010
Peugeot,508,2009,2012
Peugeot,508 RXH,2011,2018
Peugeot,508 SW,2010,2026
Peugeot,607,2000,2006
Peugeot,"607 (9D, 9U)",2000,2005
Peugeot,806,1999,2000
Peugeot,806 (221),2000,2000
Peugeot,807,2002,2009
Peugeot,807 (E),2002,2008
Peugeot,BIPPER (AA_),2007,2009
Peugeot,BIPPER Tepee,2007,2009
Peugeot,BOXER Box,2005,2010
Peugeot,BOXER Box (230L),2000,2001
Peugeot,BOXER Box (244),2002,2004
Peugeot,BOXER Bus,2005,2010
Peugeot,BOXER Bus (230P),2000,2000
Peugeot,"BOXER Bus (244, Z_)",2002,2003
Peugeot,BOXER Platform/Chassis,2005,2010
Peugeot,BOXER Platform/Chassis (244),2002,2003
Peugeot,BOXER Platform/Chassis (ZCT_),2000,2001
Peugeot,Bipper,2005,2011
Peugeot,Boxer,2000,2011
Peugeot,EXPERT (224),2000,2003
Peugeot,EXPERT Box (222),2000,2002
Peugeot,"EXPERT Box (VF3A_, VF3U_, VF3X_)",2006,2011
Peugeot,EXPERT Platform/Chassis,2006,2006
Peugeot,EXPERT Platform/Chassis (223),2000,2000
Peugeot,EXPERT Tepee (VF3V_),2006,2010
Peugeot,Expert,2000,2009
Peugeot,Hoggar,2010,2014
Peugeot,Landtrek,2020,2026
Peugeot,PARTNER Box,2007,2012
Peugeot,PARTNER Box (5),2000,2005
Peugeot,PARTNER Combispace (5F),2000,2005
Peugeot,PARTNER Platform/Chassis,2008,2008
Peugeot,PARTNER Tepee,2007,2012
Peugeot,Partner,2000,2010
Peugeot,Partner Combi,2002,2008
Peugeot,Pick Up,2017,2020
Peugeot,RCZ R,2013,2015
Peugeot,RIFTER,2018,2023
Peugeot,Ranch,2000,2006
Peugeot,Rcz,2010,2010
Peugeot,Tepee,2007,2017
Peugeot,Traveller,2016,2026
Peugeot,iOn,2010,2012
Polestar,1,2019,2022
Polestar,2,2019,2026
Polestar,3,2022,2026
Polestar,4,2023,2026
Polestar,5,2025,2026
Pontiac,Aztek,2005,2005
Pontiac,Bonneville,2005,2005
Pontiac,G3,2009,2010
Pontiac,G5,2006,2010
Pontiac,G6,2005,2010
Pontiac,G8,2008,2009
Pontiac,GTO,2005,2006
Pontiac,Grand,2005,2008
Pontiac,Montana,2005,2009
Pontiac,Pursuit,2005,2005
Pontiac,Solstice,2006,2010
Pontiac,Sunfire,2005,2005
Pontiac,Torrent,2006,2009
Pontiac,Vibe,2005,2010
Pontiac,Wave,2005,2008
Porsche,356,,
Porsche,550,,
Porsche,718,2017,2026
Porsche,718 Boxster,2016,2026
Porsche,718 Boxster GTS,2017,2026
Porsche,718 Boxster S,2016,2026
Porsche,718 Cayman,2016,2026
Porsche,718 Cayman GT4,2015,2026
Porsche,718 Cayman GTS,2017,2026
Porsche,718 Cayman S,2016,2026
Porsche,718 Spyder,2020,2025
Porsche,911,2005,2023
Porsche,911 (991),2010,2012
Porsche,911 (996),2000,2003
Porsche,911 (997),2003,2010
Porsche,911 Carrera,1997,2011
Porsche,911 Carrera 4,1995,2012
Porsche,911 Carrera 4 Cabriolet,1998,2012
Porsche,911 Carrera 4 Gts,2012,2013
Porsche,911 Carrera 4 Gts Cabriolet,2012,2012
Porsche,911 Carrera 4S,2001,2012
Porsche,911 Carrera 4S Cabriolet,2003,2012
Porsche,911 Carrera Cabriolet,1998,2012
Porsche,911 Carrera Gts,2010,2012
Porsche,911 Carrera Gts Cabriolet,2010,2012
Porsche,911 Carrera S,2004,2012
Porsche,911 Carrera S Cabriolet,2005,2012
Porsche,911 Carrera T,2017,2026
Porsche,911 Carrera Targa,2002,2002
Porsche,911 Carrera Targa 4,2006,2014
Porsche,911 Carrera Targa 4S,2006,2014
Porsche,911 Carrera Targa Cabriolet,2002,2002
Porsche,911 Convertible (991),2011,2012
Porsche,911 Convertible (996),2001,2003
Porsche,911 Convertible (997),2004,2009
Porsche,911 Gt2,1995,2007
Porsche,911 Gt2 Rs,2010,2010
Porsche,911 Gt3,2000,2013
Porsche,911 Gt3 Rs,2003,2016
Porsche,911 R,2016,2019
Porsche,911 Speedster,2005,2005
Porsche,911 Speedster Cabriolet,2010,2010
Porsche,911 Sport Classic,2009,2009
Porsche,911 Targa (991),2012,2012
Porsche,911 Targa (996),2001,2001
Porsche,911 Targa (997),2005,2007
Porsche,911 Targa 4 Gts,2014,2014
Porsche,911 Targa 4S,2006,2026
Porsche,911 Turbo,1995,2016
Porsche,911 Turbo 4,2001,2001
Porsche,911 Turbo Cabriolet,2004,2016
Porsche,911 Turbo S,1996,2016
Porsche,911 Turbo S Cabriolet,2004,2016
Porsche,918,2013,2015
Porsche,918 Spyder,2014,2014
Porsche,924,,
Porsche,BOXSTER (981),2011,2012
Porsche,BOXSTER (986),2002,2003
Porsche,BOXSTER (987),2003,2009
Porsche,Boxster,1996,2016
Porsche,Boxster Black Edition,2015,2016
Porsche,Boxster Gts,2014,2014
Porsche,Boxster Rs 60 Spyder,2007,2007
Porsche,Boxster S,1999,2012
Porsche,Boxster S 550 Spyder,2004,2004
Porsche,Boxster Spyder,2010,2015
Porsche,CAYENNE (955),2002,2008
Porsche,CAYMAN (981),2012,2012
Porsche,CAYMAN (987),2004,2009
Porsche,Carrera,2005,2005
Porsche,Carrera Gt,2003,2003
Porsche,Cayenne,2003,2023
Porsche,Cayenne Diesel,2009,2014
Porsche,Cayenne E-Hybrid,2014,2014
Porsche,Cayenne Electric,2026,2026
Porsche,Cayenne Gts,2007,2013
Porsche,Cayenne S,2002,2011
Porsche,Cayenne S Diesel,2013,2014
Porsche,Cayenne S E-Hybrid,2014,2019
Porsche,Cayenne S Electric,2026,2026
Porsche,Cayenne S Hybrid,2010,2010
Porsche,Cayenne S TransSyberia,2009,2011
Porsche,Cayenne Turbo,2002,2014
Porsche,Cayenne Turbo E-Hybrid,2023,2026
Porsche,Cayenne Turbo S,2006,2015
Porsche,Cayenne Turbo S E-Hybrid,2019,2023
Porsche,Cayman,2006,2016
Porsche,Cayman Gt4,2015,2015
Porsche,Cayman Gts,2014,2014
Porsche,Cayman R,2010,2010
Porsche,Cayman S,2005,2013
Porsche,Macan,2015,2024
Porsche,Macan 4 Electric,2024,2026
Porsche,Macan Gts,2015,2015
Porsche,Macan S,2014,2026
Porsche,Macan S Diesel,2014,2014
Porsche,Macan T,2022,2026
Porsche,Macan Turbo,2014,2021
Porsche,Macan Turbo Electric,2024,2026
Porsche,Panamera,2009,2023
Porsche,Panamera 4,2009,2026
Porsche,Panamera 4 E-Hybrid,2016,2020
Porsche,Panamera 4 E-Hybrid Sport Turismo,2017,2020
Porsche,Panamera 4 Sport Turismo,2017,2020
Porsche,Panamera 4S,2009,2013
Porsche,Panamera 4S Diesel,2016,2020
Porsche,Panamera 4S Diesel Sport Turismo,2017,2020
Porsche,Panamera 4S E-Hybrid,2020,2026
Porsche,Panamera 4S Sport Turismo,2017,2020
Porsche,Panamera Diesel,2011,2016
Porsche,Panamera GTS Sport Turismo,2018,2026
Porsche,Panamera Gts,2012,2012
Porsche,Panamera S,2009,2013
Porsche,Panamera S E-Hybrid,2013,2013
Porsche,Panamera S Hybrid,2011,2011
Porsche,Panamera Turbo,2009,2013
Porsche,Panamera Turbo E Hybrid,2023,2026
Porsche,Panamera Turbo S,2011,2014
Porsche,Panamera Turbo S E-Hybrid,2017,2020
Porsche,Panamera Turbo S E-Hybrid Sport Turismo,2017,2023
Porsche,Panamera Turbo S Sport Turismo,2020,2026
Porsche,Panamera Turbo Sport Turismo,2017,2020
Porsche,Speedster,2019,2019
Porsche,Taycan,2019,2026
Porsche,Taycan Cross Turismo,2021,2026
Porsche,Taycan GTS,2021,2026
Porsche,Taycan GTS Sport Turismo,2021,2026
Porsche,Taycan Sport Turismo,2024,2026
Porsche,Taycan Turbo,2019,2026
Proton,37257,2004,2004
Proton,Arena / Jumbuck,2002,2011
Proton,Ertiga,2016,2018
Proton,Exora,2009,2019
Proton,GEN 2 (CM_),2003,2007
Proton,Gen-2,2004,2013
Proton,IMPIAN,2001,2001
Proton,Inspira,2010,2015
Proton,Iriz,2014,2017
Proton,JUMBUCK Pickup,2002,2002
Proton,PERSONA 300 (C9_M),2000,2000
Proton,PERSONA 400 (C9_S),2000,2004
Proton,"PERSONA 400 Hatchback (C9_C, C9_S)",2000,2004
Proton,PERSONA Saloon,2007,2007
Proton,Perdana,2016,2020
Proton,Persona,2007,2019
Proton,Preve,2011,2018
Proton,SAGA II Saloon,2008,2009
Proton,SATRIA (C9_M),2000,2000
Proton,Saga,2011,2019
Proton,Satria,,
Proton,Satria Neo,2006,2015
Proton,Savvy,2005,2012
Proton,Suprima S,2013,2019
Proton,WIRA Hatchback,2000,2004
Proton,Waja,,
Proton,Waja / Impian,2001,2011
Proton,Wira,,
Proton,X50,,
Proton,X70,,
Ram,1500,,
Ram,2500,,
Ram,3500,,
Ram,Ram,2000,2003
Renault,17,,
Renault,4,,
Renault,4 E-Tech,2025,2026
Renault,5 E-Tech,2024,2026
Renault,5 EV,,
Renault,6,,
Renault,AVANTIME (DE0_),2001,2002
Renault,Alaskan,2016,2025
Renault,Arkana,2019,2026
Renault,Austral,2022,2026
Renault,Avantime,2001,2003
Renault,Boreal,2025,2026
Renault,CLIO Grandtour (KR0/1_),2007,2009
Renault,CLIO Grandtour IV,2012,2012
Renault,"CLIO II (BB0/1/2_, CB0/1/2_)",2000,2006
Renault,CLIO II Box (SB0/1/2_),2000,2003
Renault,"CLIO III (BR0/1, CR0/1)",2004,2009
Renault,CLIO IV,2011,2012
Renault,Captur,2013,2015
Renault,City K-ZE,2019,2026
Renault,Clio,2011,2013
Renault,Clio RS,2013,2016
Renault,Clio Symbol / Thalia,2000,2013
Renault,Dauphine,,
Renault,Duster,2011,2011
Renault,Duster OROCH,2015,2022
Renault,ESPACE III (JE0_),2000,2001
Renault,ESPACE IV (JK0/1_),2002,2005
Renault,Espace,2003,2015
Renault,Express,,
Renault,FLUENCE (L30_),2009,2012
Renault,Filante,2026,2026
Renault,Fluence,2009,2009
Renault,GRAND SCÉNIC II (JM0/1_),2003,2005
Renault,GRAND SCÉNIC III (JZ0/1_),2008,2012
Renault,Grand Kangoo,2023,2026
Renault,Grand Modus,2008,2012
Renault,Grand Scenic,2009,2009
Renault,KANGOO (KC0/1_),2000,2004
Renault,KANGOO / GRAND KANGOO (KW0/1_),2007,2012
Renault,KANGOO BE BOP (KW0/1_),2008,2009
Renault,KANGOO Express (FC0/1_),2000,2004
Renault,KANGOO Express (FW0/1_),2007,2012
Renault,KOLEOS (HY_),2007,2007
Renault,Kadjar,2015,2015
Renault,Kangoo,2006,2010
Renault,Kardian,2023,2026
Renault,Kiger,2021,2026
Renault,Koleos,2008,2014
Renault,Kwid,2015,2019
Renault,LAGUNA Coupe (DT0/1),2007,2011
Renault,LAGUNA II (BG0/1_),2001,2005
Renault,LAGUNA II Grandtour (KG0/1_),2001,2005
Renault,LAGUNA III (BT0/1),2006,2007
Renault,LAGUNA III Grandtour (KT0/1),2006,2007
Renault,LATITUDE (L70_),2009,2010
Renault,LOGAN EXPRESS,2006,2006
Renault,LOGAN I (LS_),2003,2010
Renault,LOGAN I Estate (KS_),2006,2010
Renault,LOGAN II,2012,2012
Renault,LOGAN II Estate,2012,2012
Renault,Laguna,2007,2010
Renault,Latitude,2010,2015
Renault,Logan,2014,2022
Renault,MASTER II Box (FD),2000,2005
Renault,MASTER II Bus (JD),2000,2005
Renault,MASTER II Platform/Chassis (ED/HD/UD),2000,2005
Renault,MASTER III Box (FV),2009,2012
Renault,MASTER III Bus (JV),2010,2012
Renault,"MASTER III Platform/Chassis (EV, HV, UV)",2009,2012
Renault,MEGANE CC (EZ0/1_),2009,2012
Renault,MEGANE I (BA0/1_),2000,2001
Renault,MEGANE I Cabriolet (EA0/1_),2002,2002
Renault,MEGANE I Classic (LA0/1_),2001,2001
Renault,MEGANE I Coach (DA0/1_),2001,2002
Renault,MEGANE I Grandtour (KA0/1_),2001,2001
Renault,"MEGANE II (BM0/1_, CM0/1_)",2002,2006
Renault,MEGANE II Coupé-Cabriolet (EM0/1_),2003,2006
Renault,MEGANE II Estate (KM0/1_),2003,2007
Renault,MEGANE II Saloon (LM0/1_),2003,2006
Renault,MEGANE III Coupe (DZ0/1_),2007,2012
Renault,MEGANE III Grandtour (KZ0/1),2007,2012
Renault,MEGANE III Hatchback (BZ0_),2007,2012
Renault,MODUS / GRAND MODUS (F/JP0_),2003,2010
Renault,Master,2001,2013
Renault,Maxity,2007,2007
Renault,Megane,2009,2013
Renault,Megane E-Tech,2021,2026
Renault,Modus,2011,2011
Renault,Mégane,,
Renault,Pulse,2011,2017
Renault,Rafale,2023,2026
Renault,SANDERO/STEPWAY I,2006,2009
Renault,SANDERO/STEPWAY II,2012,2012
Renault,SCENIC XMOD,2013,2016
Renault,SCÉNIC I (JA0/1_),2000,2002
Renault,SCÉNIC II (JM0/1_),2003,2007
Renault,SCÉNIC III (JZ0/1_),2008,2012
Renault,Safrane,2004,2004
Renault,Sandero,2008,2014
Renault,Sandero GT,2012,2015
Renault,Scala,2012,2017
Renault,Scenic,2009,2013
Renault,Scénic,,
Renault,Symbioz,2024,2026
Renault,Symbol,,
Renault,THALIA I (LB0/1/2_),2000,2004
Renault,THALIA II (LU1/2_),2007,2008
Renault,THALIA III,2012,2012
Renault,TRAFIC II Box (FL),2001,2006
Renault,TRAFIC II Bus (JL),2001,2007
Renault,TRAFIC II Platform/Chassis (EL),2001,2006
Renault,TWINGO I (C06_),2001,2003
Renault,TWINGO II (CN0_),2006,2010
Renault,TWIZY (MAM_),2011,2011
Renault,Talisman,2015,2015
Renault,Trafic,2008,2010
Renault,Triber,2019,2025
Renault,Twingo,2014,2014
Renault,Twingo RS,2008,2013
Renault,Twizy,2012,2023
Renault,VEL SATIS (BJ0_),2002,2005
Renault,Vel Satis,2002,2002
Renault,WIND (E4M_),2009,2010
Renault,Wind,2010,2013
Renault,ZOE,2013,2024
Renault Samsung,Sm3,2010,2010
Renault Samsung,Sm5,2005,2005
Renault Samsung,Sm7,2004,2004
Rover,25 (RF),2000,2003
Rover,45 (RT),2000,2003
Rover,45 Saloon (RT),2000,2003
Rover,75 (RJ),2001,2003
Rover,75 Tourer (RJ),2001,2003
Rover,CITYROVER,2003,2003
Rover,STREETWISE,2003,2003
SATURN,Astra,2008,2009
SATURN,Aura,2007,2010
SATURN,Ion,2003,2007
SATURN,L200,2003,2003
SATURN,L300,2003,2005
SATURN,LS,2000,2002
SATURN,LS1,2000,2002
SATURN,LS2,2000,2002
SATURN,LW1,2000,2002
SATURN,LW2,2000,2002
SATURN,LW200,2003,2003
SATURN,LW300,2003,2004
SATURN,Outlook,2007,2010
SATURN,Relay,2005,2007
SATURN,SC1,1991,2002
SATURN,SC2,1991,2002
SATURN,SL,1994,2002
SATURN,SL1,1991,2002
SATURN,SL2,1991,2002
SATURN,SW1,1993,2001
SATURN,SW2,1993,2001
SATURN,Sky,2007,2010
SATURN,Vue,2002,2010
SHELBY,Cobra,2023,2026
SHELBY,GT,2022,2026
SHELBY,Mustang,2007,2013
Saab,9-2X,2004,2006
Saab,9-3,1998,2012
Saab,9-3 (YS3D),2000,2001
Saab,9-3 (YS3F),2002,2010
Saab,9-3 Aero,2014,2014
Saab,9-3 Cabriolet (YS3D),2001,2001
Saab,9-3 Convertible (YS3F),2003,2010
Saab,9-3 Estate,2004,2010
Saab,9-3 Sport,1998,2012
Saab,9-3 SportCombi,2004,2012
Saab,9-3X,2009,2012
Saab,9-4X,2011,2011
Saab,9-5,1997,2012
Saab,9-5 (YS3E),2000,2007
Saab,9-5 (YS3G),2009,2009
Saab,9-5 Estate (YS3E),2000,2007
Saab,9-5 SportCombi,1998,2009
Saab,9-7X,2005,2009
Saab,92,,
Saab,93,1998,2009
Saab,95,1998,2010
Saab,96,,
Saab,99,,
Saab,Sonett,,
Saic Mg,Mg3,2013,2013
Saic Mg,Mg6,2011,2011
Saic Mg,Mg6 Gt,2011,2011
Saic Mg,W5,2011,2011
Saleen,S7,2000,2004
Saleen,S7 Twin Turbo,2005,2005
Saleen,S7TT,2005,2006
Scion,Fr-S,2012,2012
Scion,iA,2016,2017
Scion,iM,2016,2017
Scion,iQ,2011,2016
Scion,tC,2003,2016
Scion,xA,2003,2006
Scion,xB,2003,2015
Scion,xD,2007,2014
Seat,ALHAMBRA (710),2009,2011
Seat,"ALHAMBRA (7V8, 7V9)",2000,2004
Seat,ALTEA (5P1),2003,2009
Seat,"ALTEA XL (5P5, 5P8)",2005,2009
Seat,AROSA (6H),2000,2000
Seat,Alhambra,1996,2011
Seat,Altea,2004,2010
Seat,Arona,2017,2026
Seat,Arosa,1997,2000
Seat,Ateca,2016,2026
Seat,CORDOBA (6K2),2000,2000
Seat,CORDOBA (6L2),2002,2005
Seat,Cordoba,1995,2006
Seat,Cordoba Cupra,2000,2003
Seat,Cordoba SX,1996,2003
Seat,Cordoba Vario,1996,2003
Seat,EXEO (3R2),2007,2009
Seat,EXEO ST (3R5),2008,2009
Seat,Exeo,2008,2011
Seat,Exeo ST,2009,2013
Seat,IBIZA III (6K1),2000,2000
Seat,IBIZA IV (6L1),2002,2006
Seat,IBIZA V (6J5),2007,2012
Seat,IBIZA V SPORTCOUPE (6J1),2007,2012
Seat,IBIZA V ST (6J8),2009,2012
Seat,INCA (6K9),2000,2000
Seat,Ibiza,1995,2010
Seat,Ibiza Bocanegra,2009,2017
Seat,Ibiza Cupra,1996,2017
Seat,Ibiza FR,2009,2017
Seat,Ibiza ST,2010,2017
Seat,Inca,1995,2000
Seat,LEON (1M1),2000,2004
Seat,LEON (1P1),2004,2009
Seat,LEON (5F1),2011,2012
Seat,LEON SC (5F5),2012,2012
Seat,LEON ST (5F8),2012,2013
Seat,Leon,1999,2014
Seat,Leon Cupra,2001,2018
Seat,Leon Cupra R,2002,2018
Seat,Leon FR / Topsport,2002,2012
Seat,Leon SC,2013,2020
Seat,Leon ST,2013,2026
Seat,Leon ST Cupra,2015,2020
Seat,Leon X-Perience,2014,2017
Seat,Mii,2011,2014
Seat,Mii (KF1_),2010,2011
Seat,Ronda,,
Seat,TOLEDO II (1M2),2000,2004
Seat,TOLEDO III (5P2),2003,2006
Seat,TOLEDO IV (KG3),2011,2012
Seat,Tarraco,2018,2024
Seat,Toledo,1996,2012
Skoda,Citigo,2011,2014
Skoda,Enyaq,,
Skoda,FABIA (6Y2),2000,2004
Skoda,FABIA (NJ3),2012,2012
Skoda,FABIA Combi,2006,2010
Skoda,FABIA Combi (6Y5),2000,2005
Skoda,FABIA Estate (NJ5),2013,2013
Skoda,FABIA Praktik,2001,2004
Skoda,FABIA Saloon (6Y3),2000,2005
Skoda,Fabia,1999,2010
Skoda,Kamiq,,
Skoda,Karoq,,
Skoda,Kodiaq,,
Skoda,OCTAVIA (1U2),2000,2004
Skoda,OCTAVIA (1Z3),2003,2009
Skoda,OCTAVIA (5E3),2011,2012
Skoda,OCTAVIA Combi (1U5),2000,2002
Skoda,OCTAVIA Combi (1Z5),2003,2010
Skoda,OCTAVIA Combi (5E5),2011,2012
Skoda,Octavia,1996,2013
Skoda,RAPID (NH3),2011,2012
Skoda,RAPID Spaceback (NH1),2011,2012
Skoda,ROOMSTER (5J),2005,2009
Skoda,ROOMSTER Praktik (5J),2006,2009
Skoda,Rapid,2010,2013
Skoda,Roomster,2006,2010
Skoda,SUPERB (3T4),2007,2009
Skoda,SUPERB (3U4),2001,2006
Skoda,SUPERB Estate (3T5),2008,2009
Skoda,Scala,,
Skoda,Slavia,,
Skoda,Superb,2001,2011
Skoda,YETI (5L),2008,2012
Skoda,Yeti,2009,2010
Smart,1,2022,2026
Smart,3,2023,2026
Smart,5,2024,2026
Smart,City-Coupé,,
Smart,EQ Fortwo,2018,2027
Smart,Electric Drive,2012,2021
Smart,Forfour,2004,2014
Smart,Fortwo,1998,2017
Smart,Fortwo Brabus,2003,2010
Smart,Fortwo Electric Drive,2013,2015
Smart,Roadster,2003,2003
Smart,Roadster Brabus,2004,2004
Smart,Smart #1,,
Smart,Smart #3,,
Smart,Smart #5,,
Smart,crossblade,2002,2003
Smart,forfour Brabus,2005,2006
Smart,fortwo Cabrio,2000,2024
Smart,fortwo Cabrio Brabus,2003,2014
Smart,smart,2000,2004
Ssangyong,ACTYON I,2004,2006
Ssangyong,ACTYON II,2011,2011
Ssangyong,ACTYON SPORTS I (QJ),2006,2010
Ssangyong,ACTYON SPORTS II,2011,2011
Ssangyong,Actyon,2006,2011
Ssangyong,Chairman,2004,2017
Ssangyong,KORANDO (KJ),2002,2002
Ssangyong,KORANDO Cabrio (KJ),2002,2002
Ssangyong,Korando,1997,2023
Ssangyong,Kyron,2004,2014
Ssangyong,MUSSO (FJ),2002,2002
Ssangyong,Musso,1998,2023
Ssangyong,Musso Sports,1998,2005
Ssangyong,REXTON (GAB_),2002,2010
Ssangyong,REXTON W,2011,2011
Ssangyong,RODIUS II,2012,2012
Ssangyong,Rexton,2004,2009
Ssangyong,Rodius,2004,2013
Ssangyong,Stavic,,
Ssangyong,TURISMO,2012,2012
Ssangyong,Tivoli,2015,2023
Ssangyong,Tivoli XLV,2016,2023
Ssangyong,Torres,,
Ssangyong,XLV,,
Subaru,Ascent,2019,2026
Subaru,B9,2006,2007
Subaru,B9 Tribeca,2006,2014
Subaru,Baja,2003,2006
Subaru,Brz,2012,2012
Subaru,Crosstrek,2015,2026
Subaru,Exiga Liberty,2008,2018
Subaru,FORESTER (SF),2001,2001
Subaru,FORESTER (SG),2002,2004
Subaru,FORESTER (SH),2007,2009
Subaru,FORESTER (SJ),2012,2012
Subaru,Forester,2003,2025
Subaru,Getaway,2026,2026
Subaru,IMPREZA Estate,2006,2006
Subaru,"IMPREZA Estate (GD, GG)",2000,2005
Subaru,IMPREZA Hatchback,2002,2004
Subaru,IMPREZA Hatchback (GP),2010,2011
Subaru,"IMPREZA Hatchback (GR, GH, G3)",2007,2010
Subaru,"IMPREZA Saloon (GD, GG)",2000,2005
Subaru,IMPREZA Saloon (GP),2010,2012
Subaru,IMPREZA Saloon (GR),2006,2010
Subaru,Impreza,2001,2025
Subaru,Impreza WRX STi,1998,2014
Subaru,"JUSTY II (JMA, MS)",2001,2001
Subaru,JUSTY III (G3X),2003,2003
Subaru,JUSTY IV,2006,2007
Subaru,Justy,1989,2016
Subaru,"LEGACY III (BE, BH)",2000,2002
Subaru,"LEGACY III Estate (BE, BH)",2000,2002
Subaru,"LEGACY IV (BL, BP)",2003,2007
Subaru,"LEGACY IV Estate (BL, BP, B13_)",2003,2007
Subaru,"LEGACY V (BM, BR)",2008,2009
Subaru,"LEGACY V Estate (BM, BR)",2008,2012
Subaru,Legacy,2003,2025
Subaru,Levorg,2014,2019
Subaru,Liberty,2008,2015
Subaru,"OUTBACK (BE, BH)",2000,2000
Subaru,"OUTBACK (BL, BP)",2003,2007
Subaru,"OUTBACK (BM, BR)",2008,2012
Subaru,Outback,2000,2025
Subaru,Outback Wilderness,2023,2026
Subaru,R1,2005,2010
Subaru,R2,1969,2010
Subaru,Solterra,2021,2026
Subaru,Stella,2006,2011
Subaru,TRIBECA (B9),2004,2008
Subaru,Trailseeker,2026,2026
Subaru,Trezia,2010,2014
Subaru,Tribeca,2008,2014
Subaru,Uncharted,2025,2026
Subaru,Vivio,1992,2000
Subaru,WRX,2014,2026
Subaru,XV CrossTrek,2012,2015
Subaru,Xv,2011,2011
Suzuki,ALTO III (EF),2000,2010
Suzuki,ALTO IV (FF),2002,2002
Suzuki,ALTO V (GF),2008,2008
Suzuki,APV,2004,2009
Suzuki,APV (GD),2004,2004
Suzuki,Across,2020,2026
Suzuki,Aerio,2002,2007
Suzuki,Aerio / Liana,2001,2007
Suzuki,Alto,2014,2014
Suzuki,Baleno,2016,2019
Suzuki,CARRY Box (FD),2000,2000
Suzuki,CARRY Pickup (FD),2000,2010
Suzuki,CULTUS,2010,2010
Suzuki,Carry,2013,2013
Suzuki,Celerio,,
Suzuki,Ciaz,,
Suzuki,DZIRE,2007,2007
Suzuki,EVERY,2011,2011
Suzuki,Equator,2009,2012
Suzuki,Ertiga,2012,2015
Suzuki,Escudo / Grand Vitara,1991,2019
Suzuki,Escudo / Vitara,1989,2008
Suzuki,Esteem,1995,2002
Suzuki,FARMWORKER Pickup,2010,2010
Suzuki,FARMWORKER Platform/Chassis,2010,2010
Suzuki,Forenza,2004,2008
Suzuki,"GRAND VITARA I (FT, GT)",2000,2003
Suzuki,GRAND VITARA II (JT),2004,2013
Suzuki,Grand,2005,2009
Suzuki,Grand Vitara,2006,2011
Suzuki,Grand Vitara XL-7,2002,2008
Suzuki,IGNIS (FH),2000,2000
Suzuki,IGNIS II,2003,2003
Suzuki,Ignis,2000,2003
Suzuki,JIMNY (FJ),2000,2012
Suzuki,Jimny,2004,2015
Suzuki,KARIMUN WAGON R,2012,2012
Suzuki,KIZASHI (FR),2009,2011
Suzuki,Kizashi,2009,2009
Suzuki,LANDY (SC25),2006,2006
Suzuki,LANDY (SC26),2009,2009
Suzuki,LAPIN,2012,2012
Suzuki,LIANA (ER),2001,2004
Suzuki,LIANA Estate (ER),2001,2004
Suzuki,Liana,,
Suzuki,MR WAGON,2009,2010
Suzuki,PALETTE,2011,2011
Suzuki,Reno,2004,2008
Suzuki,S-Cross,2014,2014
Suzuki,SAMURAI (SJ),2000,2000
Suzuki,SOLIO,2010,2010
Suzuki,SPACIA,2012,2012
Suzuki,"SWIFT II Hatchback (EA, MA)",2001,2001
Suzuki,"SWIFT III (MZ, EZ)",2004,2005
Suzuki,"SWIFT IV (FZ, NZ)",2009,2011
Suzuki,"SX4 (EY, GY)",2005,2009
Suzuki,SX4 Crossover,2006,2021
Suzuki,SX4 S-Cross,2012,2012
Suzuki,SX4 Saloon (GY),2006,2006
Suzuki,Splash,2008,2012
Suzuki,Swace,2020,2026
Suzuki,Swift,2006,2010
Suzuki,Sx4,2006,2011
Suzuki,VITARA (ET),2003,2003
Suzuki,VITARA (LY),2013,2013
Suzuki,VITARA Cabrio (ET),2003,2003
Suzuki,Verona,2004,2006
Suzuki,Vitara,2004,2004
Suzuki,WAGON R+ (MM),2000,2011
Suzuki,Wagon R,2008,2008
Suzuki,XL-7,2005,2006
Suzuki,Xl7,2007,2007
Tata,Altroz,,
Tata,Aria,,
Tata,Harrier,,
Tata,Hexa,,
Tata,Indica,,
Tata,Indica Vista,2012,2012
Tata,Indigo,,
Tata,Indigo Manza,2010,2010
Tata,MOTORS Altroz,2019,2026
Tata,MOTORS Aria,2010,2017
Tata,MOTORS Harrier,2018,2023
Tata,MOTORS Indica,1998,2015
Tata,MOTORS Indigo,2002,2016
Tata,MOTORS Indigo SW,2004,2009
Tata,MOTORS Nano,2008,2018
Tata,MOTORS Nexon,2017,2023
Tata,MOTORS Safari,2005,2020
Tata,MOTORS Sumo,2008,2011
Tata,MOTORS Telcoline,1988,2005
Tata,Nano,,
Tata,Nexon,,
Tata,Punch,,
Tata,Safari,,
Tata,Sierra,,
Tata,Sumo,,
Tata,Tiago,,
Tata,Tigor,,
Tata,Vista,,
Tata,Zest,,
Tesla,Cybertruck,2021,2026
Tesla,Model,2016,2025
Tesla,Model 3,2017,2026
Tesla,Model S,2012,2026
Tesla,Model X,2015,2026
Tesla,Model Y,2019,2026
Tesla,Roadster,2008,2026
Toyota,"4 RUNNER (KZN18_, VZN18_, RZN18_)",2000,2002
Toyota,4Runner,1990,2026
Toyota,86,2017,2020
Toyota,AGYA (B1_),2011,2011
Toyota,"ALLION I (ZZT24_, NZT24_, AZT24_)",2001,2001
Toyota,"ALLION II (NZT26_, ZRT26_)",2006,2006
Toyota,"ALPHARD (ATH1_, MNH1_, ANH1_)",2002,2003
Toyota,"ALPHARD / VELLFIRE (GGH2_, ANH2_, ATH2_)",2007,2010
Toyota,"ALTEZZA (SXE1_, JCE1_, GXE1_)",2001,2001
Toyota,"ALTEZZA GITA (SXE1_, GXE1_)",2001,2001
Toyota,AQUA (_NHP1_),2010,2010
Toyota,ASCENT Hatchback,2001,2001
Toyota,ASCENT Saloon,2001,2001
Toyota,"AURION (ACV5_, GSV5_)",2010,2010
Toyota,"AURION (GSV4_, ACV4_)",2000,2005
Toyota,"AURIS (NRE15_, ZZE15_, ADE15_, ZRE15_, NDE15_)",2005,2009
Toyota,"AURIS (NZE18_, ZRE18_)",2011,2011
Toyota,"AURIS TOURING SPORTS (ADE18_, ZWE18_, ZRE18_)",2012,2012
Toyota,"AURIS VAN Box (ZRE18_, NZE18_)",2012,2012
Toyota,AVALON Saloon (GSX3_),2004,2004
Toyota,AVALON Saloon (MCX2_),2000,2001
Toyota,"AVANZA (F602_, F601_)",2003,2005
Toyota,AVANZA (F65_),2005,2010
Toyota,AVENSIS (T25_),2002,2005
Toyota,AVENSIS (_T22_),2000,2000
Toyota,AVENSIS Estate (T25),2002,2005
Toyota,"AVENSIS Estate (ZRT27, ADT27)",2008,2010
Toyota,AVENSIS Liftback (_T22_),2000,2002
Toyota,AVENSIS Saloon (T25),2002,2005
Toyota,"AVENSIS Saloon (ZRT27, ADT27)",2008,2010
Toyota,AVENSIS Station Wagon (_T22_),2000,2002
Toyota,"AVENSIS VERSO (_CLM2_, _ACM2_)",2001,2003
Toyota,"AYGO (PAB4_, KGB4_)",2012,2012
Toyota,"AYGO (WNB1_, KGB1_)",2004,2004
Toyota,Agya,2012,2017
Toyota,Allion,2007,2007
Toyota,Alphard,2008,2008
Toyota,Aqua,2021,2026
Toyota,Aurion,2007,2007
Toyota,Auris,2006,2015
Toyota,Avalon,2005,2022
Toyota,Avensis,2003,2015
Toyota,Avensis Verso,2001,2006
Toyota,Aygo,2005,2005
Toyota,Aygo X,2021,2026
Toyota,Blade,2006,2006
Toyota,C-HR,2016,2026
Toyota,"CALDINA (ST21_, CT21_, AT21_)",2000,2000
Toyota,"CALDINA (ZZT24_, ST24_, AZT24_)",2002,2002
Toyota,"CAMI Closed Off-Road Vehicle (J12_E, J10_E)",2001,2001
Toyota,"CAMRY (MCV3_, ACV3_, _XV3_)",2001,2005
Toyota,"CAMRY (_CV2_, _XV2_)",2000,2000
Toyota,"CAMRY SOLARA Convertible (MCV2_, SXV2_)",2000,2000
Toyota,"CAMRY SOLARA Convertible (MCV3_, ACV3_)",2003,2003
Toyota,"CAMRY SOLARA Coupe (MCV3_, ACV3_)",2003,2003
Toyota,"CAMRY Saloon (AVV5_, XV5_)",2010,2011
Toyota,CAMRY Saloon (_XV4_),2005,2009
Toyota,CELSIOR (UCF3_),2000,2000
Toyota,"COASTER Bus (TRB5_, XZB5_, RZB4_, HZB5_, BZB5_, BB4_)",2003,2003
Toyota,"COROLLA (ZZE12_, NDE12_, ZDE12_)",2001,2004
Toyota,COROLLA (_E11_),2000,2000
Toyota,COROLLA Compact (_E11_),2000,2000
Toyota,"COROLLA Estate (NKE16_, NZE16_)",2011,2013
Toyota,"COROLLA Estate (_E12J_, _E12T_)",2001,2003
Toyota,COROLLA Estate (_E14_),2005,2005
Toyota,COROLLA Liftback (_E11_),2000,2000
Toyota,"COROLLA RUMION (_AZE15_, _NZE15_, _ZRE15_)",2006,2006
Toyota,COROLLA Saloon (E15_),2005,2011
Toyota,"COROLLA Saloon (NRE18_, ZRE17_, ZRE18_, NDE18_)",2012,2012
Toyota,"COROLLA Saloon (_E12J_, _E12T_)",2001,2006
Toyota,COROLLA Saloon (_NZE16_),2011,2011
Toyota,"COROLLA Verso (ZDE12_, CDE12_)",2001,2002
Toyota,"COROLLA Verso (ZER_, ZZE12_, R1_)",2003,2004
Toyota,COROLLA Wagon (__E11_),2000,2000
Toyota,COROLLA iM,2017,2018
Toyota,"CROWN Saloon (CRS_, JZS_, GRS18_, UZS_)",2003,2003
Toyota,CROWN Saloon (GRS20_),2007,2008
Toyota,"CROWN Saloon (GRS21_, AWS21_)",2011,2011
Toyota,Camry,2005,2025
Toyota,Camry Solara,1999,2009
Toyota,Celica,1990,2006
Toyota,Century,2023,2026
Toyota,Century SUV,2023,2026
Toyota,Commuter,2005,2005
Toyota,Corolla,2004,2025
Toyota,Corolla Altis,2006,2006
Toyota,Corolla Cross,2020,2026
Toyota,Corolla Matrix,2003,2013
Toyota,Corolla Verso,2004,2005
Toyota,Crown,2008,2025
Toyota,Crown SUV,2022,2026
Toyota,Crown Signia,2025,2027
Toyota,DYNA 250 Box,2003,2003
Toyota,DYNA 400 Platform/Chassis (XZU_),2000,2003
Toyota,"DYNA Bus (XZU3_, XZU4_, WU4_, WU3_, LY2_, KDY2_)",2001,2005
Toyota,"DYNA Platform/Chassis (KD_, LY_, TRY2_, KDY2_, XZU4_, XZU3_,",2001,2010
Toyota,"ECHO Hatchback (NCP13_, NCP12_)",2000,2002
Toyota,"ESQUIRE (ZRR8_, ZWR8_)",2013,2013
Toyota,"ETIOS (NUK1_, NGK1_)",2009,2009
Toyota,Echo,2000,2005
Toyota,Estima,2006,2006
Toyota,Etios,2010,2010
Toyota,Etios Liva,2011,2020
Toyota,FCHV-adv,2009,2010
Toyota,FJ,2007,2009
Toyota,FJ CRUISER (GSJ1_),2005,2010
Toyota,FJ Cruiser,2006,2016
Toyota,"FORTUNER Closed Off-Road Vehicle (TGN6_, KUN6_, GGN6_, TGN5_",2003,2011
Toyota,Fortuner,2005,2005
Toyota,GR,2023,2025
Toyota,GR 86,2021,2026
Toyota,GR Corolla,2022,2026
Toyota,GR Supra,2022,2026
Toyota,GR Yaris,2020,2026
Toyota,GR86,2022,2025
Toyota,GT 86,2012,2021
Toyota,GT 86 Coupe (ZN6_),2011,2011
Toyota,Grand,2024,2025
Toyota,Grand Highlander,2023,2026
Toyota,Gt86,2012,2012
Toyota,"HARRIER (MCU3_, MHU3_, ACU3_, GSU3_)",2003,2004
Toyota,"HARRIER (SXU1_, MCU1_, ACU1_)",2000,2000
Toyota,HARRIER (ZSU6_),2012,2012
Toyota,"HIACE / COMMUTER IV (TRH2_, KDH2_)",2004,2007
Toyota,"HIACE III Box (YH7_, LH6_, LH7_, LH5_, YH5_, YH6_)",2001,2001
Toyota,"HIACE III Wagon (LH1_, RZH1_)",2001,2001
Toyota,"HIACE IV Box (LXH1_, RZH1_, LH1_)",2001,2005
Toyota,"HIACE IV Box (TRH2_, KDH2_)",2004,2007
Toyota,HIACE IV Bus (LH1_),2001,2005
Toyota,"HILUX Closed Off-Road Vehicle (RZN1_, LN1_)",2000,2002
Toyota,"HILUX II Pickup (RN6_, RN5_, LN6_, YN6_, YN5_, LN5_)",2000,2002
Toyota,"HILUX III Pickup (TGN1_, GGN2_, GGN1_, KUN2_, KUN1_)",2003,2009
Toyota,"HILUX III Platform/Chassis (KUN1_, TGN3_, TGN2_, TGN1_, KUN2",2004,2004
Toyota,Harrier,2014,2020
Toyota,Hiace,2005,2005
Toyota,Highlander,2005,2025
Toyota,Highlander / Kluger,2001,2026
Toyota,Hilux,2005,2016
Toyota,Hilux Extra Cab,2011,2017
Toyota,"IQ (KPJ1_, NGJ1_, KGJ1_, NUJ1_)",2008,2011
Toyota,"ISIS (ZNM1_, ANM1_, ZGM1_)",2003,2006
Toyota,IST (NCP6_),2003,2003
Toyota,Innova,2011,2013
Toyota,Iq,2008,2008
Toyota,"KIJANG INNOVA (_TGN4_, _KUN4_)",2003,2003
Toyota,"KLUGER (_MCU2_, _ACU2_)",2000,2004
Toyota,"KLUGER (_MHU4_, _GSU4_, _ASU4_)",2006,2006
Toyota,"LAND CRUISER (KDJ12_, GRJ12_)",2002,2003
Toyota,"LAND CRUISER (PZJ7_, KZJ7_, HZJ7_, BJ7_, LJ7_, RJ7_)",2001,2006
Toyota,"LAND CRUISER (VDJ20_, UZJ20_)",2006,2011
Toyota,LAND CRUISER 100 (UZJ100),2002,2002
Toyota,"LAND CRUISER 150 (KDJ15_, GRJ15_)",2009,2009
Toyota,LAND CRUISER 90 (_J9_),2000,2002
Toyota,LAND CRUISER Pickup (_J7_),2006,2006
Toyota,Land Cruiser,2002,2025
Toyota,Land Cruiser / Prado,1996,2026
Toyota,Land Cruiser V8 and predecessors,1984,2021
Toyota,MARK X I (GRX12_),2003,2003
Toyota,MARK X II (GRX13_),2008,2008
Toyota,"MARK X ZiO (GGA1_, ANA1_)",2006,2006
Toyota,MATRIX (ZZE13_),2001,2001
Toyota,MR2,1985,2005
Toyota,Mark X,2005,2010
Toyota,Matrix,2005,2009
Toyota,Mirai,2015,2026
Toyota,"NOAH/VOXY (ZRR8_, ZWR8_)",2012,2012
Toyota,NOAH/VOXY (_AZR6_),2001,2001
Toyota,NOAH/VOXY (_ZRR7_),2006,2006
Toyota,"OPA (ZCT1_, ACT1_)",2000,2000
Toyota,ORIGIN (JCG1_),2000,2000
Toyota,"PASSO (_NC1_, _XC1_)",2004,2007
Toyota,"PASSO (_NGC3_, _KGC3_)",2009,2009
Toyota,PICNIC (_XM10),2000,2001
Toyota,PIXIS Bus (S3_M),2011,2011
Toyota,"PIXIS EPOCH (LA31_, LA30_)",2011,2011
Toyota,PIXIS Platform/Chassis (S2_),2011,2011
Toyota,"PIXIS SPACE (L58_A, L57_A)",2010,2010
Toyota,PLATZ (NCP1_),2002,2002
Toyota,PORTE (_NNP1_),2003,2003
Toyota,PORTE II (NCP14_),2011,2011
Toyota,"PREMIO (NZT26_, ZRT26_)",2006,2006
Toyota,"PREMIO (ZZT24_, NZT24_, AZT24_)",2001,2001
Toyota,"PREVIA (MCR3_, ACR3_, CLR3_)",2000,2002
Toyota,"PREVIA III (ACR5_, GSR5_)",2004,2011
Toyota,PRIUS (ZVW3_),2008,2008
Toyota,PRIUS C (NHP10_),2011,2011
Toyota,PRIUS Hatchback (NHW20_),2003,2003
Toyota,PRIUS PLUS (ZVW4_),2010,2010
Toyota,PRIUS Saloon (NHW11_),2000,2000
Toyota,PROACE Box Body / Estate,2012,2012
Toyota,"PROBOX/SUCCEED (_NLP5_, _NCP5_)",2002,2002
Toyota,Paseo,1996,2000
Toyota,Picnic,1996,2001
Toyota,Premio,2007,2007
Toyota,Previa / Estima,1992,2016
Toyota,Prius,2003,2025
Toyota,Prius C,2012,2021
Toyota,Prius Prime,2016,2022
Toyota,Prius Prime (PHEV),2017,2027
Toyota,Prius V,2012,2017
Toyota,Prius v/Prius+,2011,2021
Toyota,Proace,2013,2013
Toyota,"RACTIS (SCP10_, NCP10_)",2004,2004
Toyota,RAUM MPV (NCZ2_),2003,2003
Toyota,"RAV 4 II (CLA2_, XA2_, ZCA2_, ACA2_)",2000,2003
Toyota,"RAV 4 III (ACA3_, ACE_, ALA3_, GSA3_, ZSA3_)",2004,2008
Toyota,"RAV 4 IV (ZSA4_, ALA4_)",2011,2012
Toyota,RAV4 Prime (PHEV),2021,2027
Toyota,"REGIUSACE Box (TRH2_, KDH2_)",2003,2003
Toyota,"REGIUSACE Bus (TRH2_, KDH2_)",2003,2003
Toyota,RUSH Closed Off-Road Vehicle (J2_),2005,2005
Toyota,Ractis,2009,2009
Toyota,Rav4,2006,2015
Toyota,Reiz,2010,2010
Toyota,Rukus,2007,2015
Toyota,SAI (AZK1_),2008,2008
Toyota,"SEQUOIA (UCK45_, UCK35_)",2000,2000
Toyota,"SEQUOIA (UCK6_, UPK6_, USK6_)",2006,2006
Toyota,"SIENNA (ASL3_, GSL3_)",2009,2009
Toyota,"SIENNA (MCL2_, GSL2_)",2003,2003
Toyota,SIENTA (NCP8_),2003,2003
Toyota,SOLUNA VIOS,2002,2002
Toyota,SPADE (NCP14_),2011,2011
Toyota,"SPARKY (S23_, S22_)",2000,2000
Toyota,"STALLION (RZF5_, LF5_)",2000,2000
Toyota,Scion FR-S,2013,2016
Toyota,Scion iA,2016,2016
Toyota,Scion iM,2016,2016
Toyota,Scion iQ,2011,2015
Toyota,Scion tC,2005,2016
Toyota,Scion xA,2004,2006
Toyota,Scion xB,2004,2015
Toyota,Scion xD,2008,2014
Toyota,Sequoia,2005,2025
Toyota,Sienna,1998,2026
Toyota,Solara,2004,2008
Toyota,Supra,1993,2026
Toyota,"TOWN ACE Box (KM8_, KM7_, CM8_, CM7_)",2001,2001
Toyota,"TOWN ACE Bus (SR5_, SR4_, KR4_, CR5_, CR4_)",2001,2003
Toyota,"TUNDRA Pickup (_K4_, _K3_)",2003,2003
Toyota,TUNDRA Pickup (_K5_),2006,2008
Toyota,"TUV Platform/Chassis (YF_, RZF_, LF_, KF_)",2003,2003
Toyota,Tacoma,2005,2025
Toyota,Tundra,2005,2025
Toyota,"URBAN CRUISER (NSP1_, NLP1_, ZSP1_, NCP11_)",2006,2009
Toyota,Urban Cruiser,2009,2009
Toyota,"VANGUARD (ACA3_, GSA3_)",2004,2004
Toyota,"VENZA (GGV1_, AGV1_)",2007,2007
Toyota,"VEROSSA (JZX11_, GX11_)",2000,2000
Toyota,"VERSO (_AUR2_, _ZGR2_)",2008,2012
Toyota,"VERSO S (NLP12_, NCP12_, NSP12_)",2009,2009
Toyota,VERSO-S,2010,2017
Toyota,"VIOS (SCP4_, NCP4_, AXP4_)",2002,2002
Toyota,VIOS/YARIS Saloon (NCP15_),2012,2012
Toyota,"VIOS/YARIS Saloon (ZSP9_, NCP9_)",2006,2006
Toyota,"VISTA Saloon (SV5_, ZV5_)",2001,2002
Toyota,Venza,2009,2026
Toyota,Verso,2012,2012
Toyota,Verso S,2011,2011
Toyota,Vios,2007,2007
Toyota,Vitz,2003,2006
Toyota,WILL CYPHA (NCP7_),2001,2001
Toyota,"WILL VS (ZZE12_, NZE12_)",2001,2001
Toyota,WILL Vi (NCP19_),2000,2000
Toyota,WINDOM (MCV3_),2001,2001
Toyota,WISH MPV (ZGE2_),2008,2008
Toyota,"WISH MPV (ZNE1_, ANE1_)",2002,2002
Toyota,Wish,2004,2004
Toyota,YARIS (NCP15_),2012,2012
Toyota,"YARIS (NHP13_, NSP13_, NCP13_, KSP13_, NLP13_)",2009,2011
Toyota,"YARIS (SCP1_, NLP1_, NCP1_)",2001,2004
Toyota,"YARIS (SCP9_, NSP9_, KSP9_, NCP9_, ZSP9_)",2004,2009
Toyota,"YARIS VERSO (_NLP2_, _NCP2_)",2000,2003
Toyota,Yaris,1999,2020
Toyota,Yaris Cross,2020,2026
Toyota,Yaris TS,2007,2010
Toyota,Yaris Verso,2001,2003
Toyota,Yaris iA,2017,2019
Toyota,ZELAS Coupe (AGT20),2009,2009
Toyota,bB I (NCP3_),2000,2000
Toyota,bB II (QNC2_),2004,2004
Toyota,bZ,2026,2026
Toyota,bZ Woodland,2026,2027
Toyota,bZ4X,2022,2026
Triumph,CHIMAERA,2000,2000
Triumph,GRIFFITH (TCT_),2000,2000
Troller,Pantanal,2006,2006
Troller,T4,2005,2014
Vauxhall,AGILA Mk I (A),2000,2003
Vauxhall,AGILA Mk II (B),2007,2010
Vauxhall,"ANTARA (J26, H26)",2005,2009
Vauxhall,ASTRA GTC Mk VI (J),2010,2012
Vauxhall,ASTRA Mk IV (G) Convertible,2001,2002
Vauxhall,ASTRA Mk IV (G) Coupe (F67),2000,2002
Vauxhall,ASTRA Mk IV (G) Estate,2000,2002
Vauxhall,ASTRA Mk IV (G) Hatchback,2000,2002
Vauxhall,ASTRA Mk IV (G) Saloon,2000,2002
Vauxhall,ASTRA Mk V (H) Estate,2003,2006
Vauxhall,ASTRA Mk V (H) Hatchback,2003,2006
Vauxhall,ASTRA Mk V (H) Sport Hatch,2004,2008
Vauxhall,ASTRA Mk VI (J),2008,2012
Vauxhall,ASTRA Mk VI (J) Saloon,2011,2011
Vauxhall,ASTRA Mk VI (J) Sports Tourer,2009,2012
Vauxhall,ASTRA TwinTop Mk V (H),2004,2007
Vauxhall,ASTRAVAN Mk IV (G),2000,2003
Vauxhall,ASTRAVAN Mk V (H),2004,2010
Vauxhall,Adam,,
Vauxhall,Agila,2000,2000
Vauxhall,Agila A,,
Vauxhall,Agila B,,
Vauxhall,Ampera,,
Vauxhall,Antara,2007,2015
Vauxhall,Astra,2004,2026
Vauxhall,Astra F,,
Vauxhall,Astra G,,
Vauxhall,Astra H,,
Vauxhall,Astra J,,
Vauxhall,Astra K,,
Vauxhall,Astra L,,
Vauxhall,Astra Sport Hatch,2004,2010
Vauxhall,Astra Twin Top,2007,2010
Vauxhall,Astra VXR,2005,2015
Vauxhall,BRAVA Pickup,2001,2001
Vauxhall,CASCADA Convertible,2012,2012
Vauxhall,COMBO Mk II (C) Box Body / Estate (F25),2001,2005
Vauxhall,COMBO Mk III (D) Box Body / Estate,2010,2010
Vauxhall,COMBO TOUR Mk II (C) (F25),2001,2005
Vauxhall,"CORSA Mk II (C) (W5L, F08)",2000,2004
Vauxhall,CORSA Mk III (D) (L_8),2005,2011
Vauxhall,CORSA Mk IV (E),2012,2012
Vauxhall,CORSAVAN Mk II (C),2000,2003
Vauxhall,CORSAVAN Mk III (D),2005,2009
Vauxhall,CORSAVAN Mk IV (E),2013,2013
Vauxhall,Cascada,,
Vauxhall,Combo A,,
Vauxhall,Combo B,,
Vauxhall,Combo C,,
Vauxhall,Combo D,,
Vauxhall,Combo E,,
Vauxhall,Corsa,2001,2023
Vauxhall,Corsa A,,
Vauxhall,Corsa B,,
Vauxhall,Corsa C,,
Vauxhall,Corsa D,,
Vauxhall,Corsa E,,
Vauxhall,Corsa F,,
Vauxhall,Corsa G,,
Vauxhall,Corsa GSE,2026,2026
Vauxhall,Corsa VXR,2011,2013
Vauxhall,Crossland,,
Vauxhall,Crossland X,2017,2018
Vauxhall,Frontera A,,
Vauxhall,Frontera B,,
Vauxhall,Grandland,2021,2026
Vauxhall,Grandland X,,
Vauxhall,INSIGNIA Estate,2007,2013
Vauxhall,INSIGNIA Saloon,2007,2013
Vauxhall,Insignia,2008,2017
Vauxhall,Insignia A,,
Vauxhall,Insignia B,,
Vauxhall,Insignia Country Tourer,2013,2017
Vauxhall,Insignia Sports Tourer,2009,2017
Vauxhall,Insignia VXR,2012,2017
Vauxhall,Insignia VXR Sports Tourer,2010,2019
Vauxhall,MAGNUM Estate,2013,2013
Vauxhall,MERIVA Mk I (A),2002,2005
Vauxhall,MERIVA Mk II (B),2009,2012
Vauxhall,"MOVANO Mk I (A) Chassis/Cab (ED, UD, HD)",2000,2005
Vauxhall,MOVANO Mk I (A) Combi (JD),2000,2005
Vauxhall,MOVANO Mk I (A) Van (FD),2000,2005
Vauxhall,MOVANO Mk II (B) Chassis/Cab,2009,2012
Vauxhall,MOVANO Mk II (B) Combi,2009,2012
Vauxhall,MOVANO Mk II (B) VAN,2009,2012
Vauxhall,Meriva,2003,2017
Vauxhall,Meriva A,,
Vauxhall,Meriva B,,
Vauxhall,Meriva VXR,2003,2009
Vauxhall,Mokka,2012,2016
Vauxhall,Mokka X,2016,2019
Vauxhall,Mokka-e,,
Vauxhall,Monaro,2001,2007
Vauxhall,Monaro VXR,2005,2007
Vauxhall,OMEGA (B),2000,2001
Vauxhall,OMEGA (B) Estate,2000,2001
Vauxhall,Omega A,,
Vauxhall,Omega B,,
Vauxhall,SPEEDSTER,2001,2001
Vauxhall,Signum,2005,2008
Vauxhall,TIGRA TwinTop,2003,2003
Vauxhall,Tigra A,,
Vauxhall,Tigra B (TwinTop),,
Vauxhall,Tigra Twin Top,2004,2009
Vauxhall,VECTRA (B),2000,2000
Vauxhall,VECTRA (B) Estate,2000,2000
Vauxhall,VECTRA (B) Hatchback,2000,2000
Vauxhall,VECTRA Mk II (C),2000,2005
Vauxhall,VECTRA Mk II (C) Estate,2003,2005
Vauxhall,VECTRA Mk II (C) GTS,2002,2005
Vauxhall,VIVARO Box,2012,2012
Vauxhall,VIVARO Box (F7),2001,2005
Vauxhall,VIVARO Combi,2012,2012
Vauxhall,VIVARO Combi (J7),2001,2005
Vauxhall,VIVARO Platform/Chassis (E7),2002,2005
Vauxhall,VX 220,2000,2005
Vauxhall,VX220,2000,2001
Vauxhall,VXR8,2008,2017
Vauxhall,VXR8 Estate,2007,2007
Vauxhall,VXR8 MALOO,2007,2007
Vauxhall,VXR8 Saloon,2006,2012
Vauxhall,Vectra,2005,2008
Vauxhall,Vectra A,,
Vauxhall,Vectra B,,
Vauxhall,Vectra C,,
Vauxhall,Vectra Estate VXR,2005,2008
Vauxhall,Vectra Saloon,2005,2008
Vauxhall,Vectra VXR,2005,2008
Vauxhall,Viva,2015,2019
Vauxhall,Viva (new),,
Vauxhall,Viva (old),,
Vauxhall,Vivaro A,,
Vauxhall,Vivaro B,,
Vauxhall,Vivaro C,,
Vauxhall,ZAFIRA Mk I (A) (F75),2000,2002
Vauxhall,ZAFIRA Mk II (B) (M75),2004,2012
Vauxhall,ZAFIRA Mk III (P12),2010,2013
Vauxhall,Zafira,2006,2006
Vauxhall,Zafira A,,
Vauxhall,Zafira B,,
Vauxhall,Zafira C (Tourer),,
Vauxhall,Zafira Life,,
Vauxhall,Zafira VXR,2005,2010
Volga,GAZ-21,,
Volga,GAZ-22,,
Volga,GAZ-24,,
Volga,GAZ-24-10,,
Volga,GAZ-3102,,
Volga,GAZ-3110,,
Volga,GAZ-31105,,
Volga,Siber,,
Volkswagen,"AMAROK (2H_, S1B)",2009,2011
Volkswagen,Amarok,2010,2012
Volkswagen,Ameo,2016,2020
Volkswagen,Arteon,2017,2026
Volkswagen,Arteon Shooting Brake,2020,2026
Volkswagen,Atlas,2017,2026
Volkswagen,Atlas Cross Sport,2019,2026
Volkswagen,BEETLE (5C1),2010,2013
Volkswagen,BEETLE Convertible (5C7),2011,2013
Volkswagen,BORA (1J2),2000,2002
Volkswagen,BORA Estate (1J6),2000,2003
Volkswagen,Beetle,2011,2019
Volkswagen,Beetle (Classic),,
Volkswagen,Beetle A5,,
Volkswagen,Beetle Cabrio,2003,2019
Volkswagen,Bora,1998,2009
Volkswagen,CADDY II Box (9K9A),2000,2000
Volkswagen,CADDY II Estate (9K9B),2000,2000
Volkswagen,"CADDY III Box (2KA, 2KH, 2CA, 2CH)",2003,2011
Volkswagen,"CADDY III Estate (2KB, 2KJ, 2CB, 2CJ)",2003,2011
Volkswagen,CC,2009,2017
Volkswagen,CC (358),2010,2011
Volkswagen,CRAFTER 30-35 Bus (2E_),2005,2012
Volkswagen,CRAFTER 30-50 Box (2E_),2005,2012
Volkswagen,CRAFTER 30-50 Platform/Chassis (2F_),2005,2012
Volkswagen,Caddy,1995,2012
Volkswagen,California,1996,2009
Volkswagen,City Jetta,1999,2001
Volkswagen,Crafter,2006,2011
Volkswagen,Cross UP!,2013,2019
Volkswagen,Crossfox,2006,2014
Volkswagen,"EOS (1F7, 1F8)",2005,2012
Volkswagen,Eos,2006,2016
Volkswagen,"FOX (5Z1, 5Z3)",2003,2009
Volkswagen,Fox,2003,2014
Volkswagen,GLI,2008,2009
Volkswagen,GOL III,2002,2002
Volkswagen,GOL IV,2004,2004
Volkswagen,GOLF ALLTRACK (BA5),2013,2013
Volkswagen,GOLF IV (1J1),2000,2003
Volkswagen,GOLF IV Variant (1J5),2000,2002
Volkswagen,"GOLF PLUS (5M1, 521)",2004,2009
Volkswagen,GOLF V (1K1),2003,2006
Volkswagen,GOLF V Variant (1K5),2006,2007
Volkswagen,GOLF VI (5K1),2007,2010
Volkswagen,GOLF VI Convertible (517),2010,2012
Volkswagen,GOLF VI Variant (AJ5),2008,2009
Volkswagen,"GOLF VII (5G1, BE1)",2011,2012
Volkswagen,GOLF VII Estate (BA5),2012,2013
Volkswagen,GTI,2005,2024
Volkswagen,Gol,2002,2014
Volkswagen,Golf,1995,2025
Volkswagen,Golf Alltrack,2014,2026
Volkswagen,Golf Cabrio,1993,2016
Volkswagen,Golf GTD Variant,2015,2021
Volkswagen,Golf GTI / GTD / GTE,1976,2026
Volkswagen,Golf GTI cabrio,2012,2015
Volkswagen,Golf I (Mk1),,
Volkswagen,Golf II (Mk2),,
Volkswagen,Golf III (Mk3),,
Volkswagen,Golf IV (Mk4),,
Volkswagen,Golf Plus,2007,2011
Volkswagen,Golf R,2002,2026
Volkswagen,Golf R Cabrio,2013,2017
Volkswagen,Golf R Variant,2015,2026
Volkswagen,Golf Sportsvan,2014,2020
Volkswagen,Golf V (Mk5),,
Volkswagen,Golf VI (Mk6),,
Volkswagen,Golf VII (Mk7),,
Volkswagen,Golf VIII (Mk8),,
Volkswagen,Golf Variant,1993,2026
Volkswagen,ID. Buzz,2023,2026
Volkswagen,ID.3,2020,2026
Volkswagen,ID.3 GTX,2024,2026
Volkswagen,ID.4,2020,2026
Volkswagen,ID.5,2021,2026
Volkswagen,ID.5 GTX,2021,2026
Volkswagen,ID.7,2023,2026
Volkswagen,ID.7 GTX,2024,2026
Volkswagen,ID.7 GTX Tourer,2024,2026
Volkswagen,ID.7 Tourer,2024,2026
Volkswagen,ID.Buzz,,
Volkswagen,ID.Polo GTI,2026,2026
Volkswagen,JETTA III (1K2),2004,2008
Volkswagen,"JETTA IV (162, 163)",2009,2012
Volkswagen,Jetta,1996,2025
Volkswagen,Jetta / Vento / Bora,1992,2026
Volkswagen,Jetta GLI,2021,2026
Volkswagen,Jetta I,,
Volkswagen,Jetta II,,
Volkswagen,Jetta III,,
Volkswagen,Jetta IV,,
Volkswagen,Jetta V,,
Volkswagen,Jetta VI,,
Volkswagen,Jetta VII,,
Volkswagen,Kombi,2004,2009
Volkswagen,"LT 28-35 II Bus (2DB, 2DE, 2DK)",2001,2001
Volkswagen,"LT 28-46 II Box (2DA, 2DD, 2DH)",2001,2002
Volkswagen,"LT 28-46 II Platform/Chassis (2DC, 2DF, 2DG, 2DL, 2DM)",2001,2002
Volkswagen,"LUPO (6X1, 6E1)",2000,2001
Volkswagen,Lavida,2009,2009
Volkswagen,Lt,1999,2009
Volkswagen,Lupo,1998,2002
Volkswagen,"MULTIVAN V (7HM, 7HN, 7HF, 7EF, 7EM, 7EN)",2002,2011
Volkswagen,Magotan,2007,2007
Volkswagen,Multivan,2004,2009
Volkswagen,"NEW BEETLE (9C1, 1C1)",2000,2004
Volkswagen,NEW BEETLE Convertible (1Y7),2002,2004
Volkswagen,New,2005,2009
Volkswagen,New Beetle,1998,2005
Volkswagen,Nivus,2020,2026
Volkswagen,PARATI III,2002,2002
Volkswagen,PARATI IV,2003,2003
Volkswagen,PASSAT (362),2009,2012
Volkswagen,PASSAT (3B2),2000,2000
Volkswagen,PASSAT (3B3),2000,2003
Volkswagen,PASSAT (3C2),2004,2008
Volkswagen,PASSAT (3G2),2012,2013
Volkswagen,PASSAT ALLTRACK (365),2011,2012
Volkswagen,PASSAT CC (357),2007,2010
Volkswagen,PASSAT Variant (365),2009,2012
Volkswagen,PASSAT Variant (3B5),2000,2000
Volkswagen,PASSAT Variant (3B6),2000,2003
Volkswagen,PASSAT Variant (3C5),2004,2008
Volkswagen,PASSAT Variant (3G5),2012,2013
Volkswagen,PHAETON (3D_),2002,2012
Volkswagen,POLO (6N2),2000,2000
Volkswagen,"POLO (6R, 6C)",2008,2013
Volkswagen,POLO (9N_),2001,2007
Volkswagen,POLO Saloon,2009,2009
Volkswagen,POLO Saloon (9A4),2002,2003
Volkswagen,Parati,2002,2011
Volkswagen,Passat,1994,2022
Volkswagen,Passat Alltrack,2012,2023
Volkswagen,Passat B1,,
Volkswagen,Passat B2,,
Volkswagen,Passat B3,,
Volkswagen,Passat B4,,
Volkswagen,Passat B5,,
Volkswagen,Passat B5.5,,
Volkswagen,Passat B6,,
Volkswagen,Passat B7,,
Volkswagen,Passat B8,,
Volkswagen,Passat Cc,2008,2012
Volkswagen,Passat GTE,2015,2022
Volkswagen,Passat R,2008,2010
Volkswagen,Passat Variant,1974,2026
Volkswagen,Passat Variant GTE,2015,2023
Volkswagen,Phaeton,2002,2011
Volkswagen,Pointer,2005,2005
Volkswagen,Polo,1994,2014
Volkswagen,Polo BlueGT,2013,2019
Volkswagen,Polo GTI,2005,2026
Volkswagen,Polo I (Mk1),,
Volkswagen,Polo II (Mk2),,
Volkswagen,Polo III (Mk3),,
Volkswagen,Polo IV (Mk4),,
Volkswagen,Polo V (Mk5),,
Volkswagen,Polo VI (Mk6),,
Volkswagen,Polo Variant,1997,2001
Volkswagen,Polocross,2005,2010
Volkswagen,R32,2008,2008
Volkswagen,Rabbit,2005,2009
Volkswagen,Routan,2008,2013
Volkswagen,"SCIROCCO (137, 138)",2007,2012
Volkswagen,"SHARAN (7M8, 7M9, 7M6)",2000,2005
Volkswagen,SHARAN (7N),2009,2012
Volkswagen,Sagitar,2005,2013
Volkswagen,Saveiro,2002,2009
Volkswagen,Scirocco,2008,2011
Volkswagen,Scirocco I,,
Volkswagen,Scirocco II,,
Volkswagen,Scirocco III,,
Volkswagen,Scirocco R,2009,2018
Volkswagen,Sharan,1995,2011
Volkswagen,Sharan I,,
Volkswagen,Sharan II,,
Volkswagen,Spacefox,2006,2006
Volkswagen,T-Cross,2018,2026
Volkswagen,T-Roc,2017,2026
Volkswagen,T-Roc R,2019,2026
Volkswagen,TIGUAN (5N_),2006,2011
Volkswagen,"TOUAREG (7LA, 7L6, 7L7)",2002,2006
Volkswagen,TOUAREG (7P5),2009,2012
Volkswagen,"TOURAN (1T1, 1T2)",2002,2008
Volkswagen,TOURAN (1T3),2009,2012
Volkswagen,TRANSPORTER IV Box (70XA),2000,2000
Volkswagen,"TRANSPORTER IV Bus (70XB, 70XC, 7DB, 7DW)",2000,2000
Volkswagen,TRANSPORTER IV Platform/Chassis (70XD),2000,2000
Volkswagen,"TRANSPORTER V Box (7HA, 7HH, 7EA, 7EH)",2002,2011
Volkswagen,"TRANSPORTER V Bus (7HB, 7HJ, 7EB, 7EJ, 7EF)",2002,2011
Volkswagen,"TRANSPORTER V Platform/Chassis (7JD, 7JE, 7JL, 7JY, 7JZ, 7FD",2002,2011
Volkswagen,Taigo,2021,2026
Volkswagen,Taos,2022,2026
Volkswagen,Tayron,2025,2026
Volkswagen,Tiguan,2007,2024
Volkswagen,Tiguan Allspace,2017,2026
Volkswagen,Tiguan I,,
Volkswagen,Tiguan II,,
Volkswagen,Touareg,2002,2017
Volkswagen,Touareg I,,
Volkswagen,Touareg II,,
Volkswagen,Touareg III,,
Volkswagen,Touareg R,2020,2026
Volkswagen,Touran,2003,2010
Volkswagen,Transporter,1995,2009
Volkswagen,Transporter Kombi,2015,2024
Volkswagen,Transporter T1,,
Volkswagen,Transporter T2,,
Volkswagen,Transporter T3,,
Volkswagen,Transporter T4,,
Volkswagen,Transporter T5,,
Volkswagen,Transporter T6,,
Volkswagen,Transporter T7,,
Volkswagen,Up,2011,2014
Volkswagen,Vento,1995,2011
Volkswagen,Voyage,1996,2012
Volkswagen,XL1,2013,2016
Volkswagen,e-Golf,2014,2021
Volkswagen,e-UP!,2013,2023
Volkswagen,up!,2012,2023
Volkswagen,up! GTI,2018,2023
Volvo,C30,2005,2009
Volvo,C40,2021,2026
Volvo,C70,1998,2009
Volvo,C70 / C30,2012,2012
Volvo,C70 I Convertible,2000,2002
Volvo,C70 I Coupe,2000,2000
Volvo,C70 II Convertible,2005,2009
Volvo,Cab Behind Engine,1986,2027
Volvo,Cab Over Engine HT,1986,2027
Volvo,Cab Over Engine LT,1986,2027
Volvo,EC40,2025,2027
Volvo,EM90,2023,2026
Volvo,ES90,2025,2026
Volvo,EX30,2023,2026
Volvo,EX30 CC,2026,2027
Volvo,EX30 Cross Country,2025,2026
Volvo,EX40,2025,2027
Volvo,EX60,2026,2026
Volvo,EX60 Cross Country,2026,2026
Volvo,EX90,2022,2026
Volvo,F12 w/F7 Cab,1986,2027
Volvo,F6 w/F7 Cab,1986,2027
Volvo,S40,1998,2009
Volvo,S40 I (VS),2000,2001
Volvo,S40 II (MS),2003,2009
Volvo,S60,2000,2025
Volvo,S60 Cross Country,2015,2018
Volvo,S60 I,2000,2004
Volvo,S60 II,2009,2012
Volvo,S60 Polestar,2014,2018
Volvo,S70,1999,2000
Volvo,S80,1999,2016
Volvo,"S80 I (TS, XY)",2000,2003
Volvo,S80 II (AS),2005,2013
Volvo,S90,1997,2026
Volvo,V40,1998,2012
Volvo,V40 Cross Country,2012,2019
Volvo,V40 Estate (VW),2000,2001
Volvo,V40 Hatchback,2011,2012
Volvo,V50,2005,2009
Volvo,V50 (MW),2003,2009
Volvo,V60,2010,2025
Volvo,V60 Cross Country,2015,2026
Volvo,V60 Polestar,2013,2018
Volvo,V60CC,2015,2027
Volvo,V70,2001,2012
Volvo,V70 II (SW),2000,2004
Volvo,V70 III (BW),2006,2012
Volvo,V90,1997,2025
Volvo,V90 Cross Country,2016,2025
Volvo,V90CC,2017,2027
Volvo,VS,2019,2027
Volvo,VT,2019,2027
Volvo,XC40,2017,2026
Volvo,XC60 Polestar,2018,2021
Volvo,XC70 CROSS COUNTRY,2000,2004
Volvo,XC70 II,2006,2012
Volvo,XC90 I,2002,2011
Volvo,XC90 II,2012,2012
Volvo,Xc60,2008,2015
Volvo,Xc70,2001,2011
Volvo,Xc90,2006,2010
hernr_1138,CABRIO (450),2000,2002
hernr_1138,CITY-COUPE (450),2001,2002
hernr_1138,CROSSBLADE (450),2002,2002
hernr_1138,FORFOUR (454),2003,2004
hernr_1138,FORFOUR Hatchback (453),2012,2013
hernr_1138,FORTWO Cabrio (450),2003,2003
hernr_1138,FORTWO Cabrio (451),2006,2012
hernr_1138,FORTWO Coupe (450),2003,2003
hernr_1138,FORTWO Coupe (451),2006,2012
hernr_1138,FORTWO Coupe (453),2012,2013
hernr_1138,ROADSTER (452),2002,2003
hernr_1138,ROADSTER Coupe (452),2002,2003
hernr_1139,FORZA Hatchback,2012,2012
hernr_1139,FORZA Saloon,2012,2012
hernr_1139,LANOS Hatchback,2003,2003
hernr_1139,LANOS PICK-UP,2003,2003
hernr_1139,LANOS Saloon,2003,2003
hernr_1139,SLAVUTA (1103),2001,2001
hernr_1139,VIDA Hatchback,2011,2011
hernr_1139,VIDA Saloon,2011,2011
hernr_124,10 (188),2004,2004
hernr_124,KORAL,2002,2002
hernr_1280,BOLERO Offroader,2001,2001
hernr_1280,BOLERO Pickup,2002,2002
hernr_1280,MAXX,2000,2000
hernr_1280,QUADRO,2000,2000
hernr_1280,SCORPIO,2002,2002
hernr_1480,A.751,2004,2004
hernr_1490,SEVEN (CF),2000,2012
hernr_1505,CL Coupe,2000,2001
hernr_1505,MDX (YD1),2000,2004
hernr_1505,MDX (YD2),2005,2005
hernr_1505,RDX,2005,2005
hernr_1505,RL,2003,2004
hernr_1505,RSX Coupe (DC_),2001,2004
hernr_1505,TL,2001,2001
hernr_1505,TL (UC_),2003,2004
hernr_1505,TSX (CL_),2003,2004
hernr_1506,HUMMER H2,2002,2007
hernr_1506,HUMMER H2  SUT,2003,2006
hernr_1506,HUMMER H3,2004,2007
hernr_1513,BE UP,2002,2003
hernr_1513,NOVA,2002,2002
hernr_1516,TS 250,2002,2002
hernr_1516,TS 500,2002,2002
hernr_1518,650S Coupe,2012,2012
hernr_1518,650S Spider,2012,2012
hernr_1518,MP4 Coupe,2010,2010
hernr_1518,MP4 SPIDER,2011,2011
hernr_1520,TAXI,2001,2001
hernr_1526,EX,2007,2009
hernr_1526,FX,2007,2012
hernr_1526,G Convertible,2009,2009
hernr_1526,G Coupe,2006,2009
hernr_1526,G Saloon,2002,2002
hernr_1526,M (Y51),2009,2010
hernr_1526,M35,2004,2009
hernr_1526,M37,2009,2009
hernr_1526,M45,2004,2004
hernr_1526,Q45 III (F50),2001,2001
hernr_1526,Q50,2012,2012
hernr_1526,Q60 Convertible,2012,2012
hernr_1526,Q60 Coupe,2012,2012
hernr_1526,Q70 (Y51),2012,2012
hernr_1526,QX50,2012,2012
hernr_1526,QX56,2009,2011
hernr_1526,QX70,2012,2012
hernr_1533,ALZA,2008,2008
hernr_1533,AXIA,2012,2012
hernr_1533,KANCIL,2002,2002
hernr_1533,KELISA (L7_),2002,2003
hernr_1533,KENARI (L9_),2000,2000
hernr_1533,MYVI,2005,2005
hernr_1533,MYVI II,2010,2010
hernr_1533,VIVA,2006,2006
hernr_1553,2206,2012,2012
hernr_1553,HUNTER (3151),2003,2006
hernr_1553,PATRIOT,2003,2005
hernr_1553,PICKUP (2360),2003,2003
hernr_1556,AMERICA,2009,2009
hernr_1556,ASTROLAB,2009,2009
hernr_1556,FETISH,2006,2006
hernr_1558,GT MF4 Coupe,2003,2009
hernr_1558,GT MF5 Coupe,2006,2009
hernr_1558,MF3 Roadster,2003,2003
hernr_1558,MF4 Roadster,2008,2009
hernr_1558,MF5 Roadster,2008,2009
hernr_171,300/350,2005,2005
hernr_171,PS10/ANIBAL,2002,2002
hernr_171,PS10/ANIBAL Pickup,2002,2003
hernr_178,ARIA,2009,2009
hernr_178,INDICA (40_V2),2003,2003
hernr_178,INDIGO (4_V2),2002,2002
hernr_178,INDIGO MARINA (4_V2),2002,2002
hernr_178,SAFARI (42_FD),2003,2006
hernr_178,XENON Pickup,2008,2008
hernr_181,APE CALESSINO Convertible,2006,2006
hernr_181,APE CLASSIC Platform/Chassis,2006,2006
hernr_181,M500,2003,2003
hernr_181,PORTER Box,2010,2010
hernr_181,PORTER Bus,2003,2010
hernr_181,PORTER Dumptruck,2010,2010
hernr_181,PORTER Platform/Chassis,2010,2010
hernr_181,QUARGO Platform/Chassis,2003,2003
hernr_2164,MAYBACH (240_),2002,2010
hernr_2242,FORA,2003,2003
hernr_2589,LANDWIND,2004,2004
hernr_2590,BL Coupe,2004,2004
hernr_2590,CK Saloon,2004,2004
hernr_2590,HISOON Hatchback,2003,2003
hernr_2590,HISOON Saloon,2003,2003
hernr_2590,HQ Hatchback,2004,2004
hernr_2590,HQ SRV,2004,2004
hernr_2590,HQ Sedan,2004,2004
hernr_2590,MARINDO,2004,2004
hernr_2590,MK Hatchback,2011,2011
hernr_2590,MK Saloon,2011,2011
hernr_2590,MR Hatchback,2004,2004
hernr_2590,MR Sedan,2004,2004
hernr_2590,PANDA,2007,2007
hernr_2590,PU,2004,2004
hernr_2590,URBAN NANNY,2003,2003
hernr_2590,VISION,2005,2008
hernr_2755,C12 Coupe,2006,2006
hernr_2755,C8 Aileron,2009,2009
hernr_2755,C8 Coupe,2000,2000
hernr_2755,C8 Spyder,2000,2000
hernr_2760,X-Bow Convertible,2007,2012
hernr_2852,CV6 Hatchback,2008,2008
hernr_2852,STAR Pickup,2010,2010
hernr_2855,DELICIA Bus,2003,2003
hernr_2857,"800 Saloon (E65, TA)",2000,2000
hernr_2863,FUTURE MPV,2001,2003
hernr_2864,EVEREST (25N_),2003,2005
hernr_2864,"FALCON (BF5_, P54, R54_)",2002,2002
hernr_2864,FALCON Pickup (BF_D),2002,2003
hernr_2864,I-MAX MPV,2006,2006
hernr_2864,"LASER / LASER LIDEA (BA_2, BA_3, BA_4, BJ_2)",2000,2000
hernr_2864,"LASER Hatchback (BA_3, BF_3, BF_4, BG_3, BJ_4)",2000,2000
hernr_2864,"LYNX (BJ_2A, BJ_2P)",2001,2002
hernr_2866,SAIBAO 3 Saloon,2004,2004
hernr_2867,ALPHA Box,2002,2002
hernr_2867,ALPHA Bus,2002,2002
hernr_2867,AUMARK MPV (BJ1_),2003,2003
hernr_2867,AUMARK Platform/Chassis (BJ1_),2003,2003
hernr_2867,FORLAND Platform/Chassis (BJ1_),2004,2004
hernr_2867,SEA LION Bus,2001,2001
hernr_2867,"SUP Platform/Chassis (BJ2_, BJ6_)",2003,2003
hernr_2867,SURF,2000,2000
hernr_2867,SURFING,2003,2003
hernr_2867,T SERIE Platform/Chassis,2003,2003
hernr_2867,VIEW Bus (BJ6_),2002,2002
hernr_2867,VIEW MPV (BJ5_),2002,2002
hernr_2887,A1,2006,2006
hernr_2887,A3 Hatchback,2008,2009
hernr_2887,A3 Saloon,2007,2009
hernr_2887,A5,2005,2005
hernr_2887,CRISTAL Hatchback,2012,2012
hernr_2887,CRISTAL Saloon,2012,2012
hernr_2887,E5,2010,2010
hernr_2887,EASTAR CROSS,2006,2006
hernr_2887,FULWIN Hatchback,2005,2005
hernr_2887,FULWIN Saloon,2005,2005
hernr_2887,Q21 Bus,2010,2010
hernr_2887,Q22 Bus,2009,2012
hernr_2887,QIYUN,2003,2007
hernr_2887,QIYUN 2,2009,2009
hernr_2887,QIYUN 3,2009,2009
hernr_2887,QIYUN 5,2011,2011
hernr_2887,QQ3,2003,2005
hernr_2887,QQ6,2005,2005
hernr_2887,TIGGO,2009,2011
hernr_2887,TIGGO 3,2006,2008
hernr_2887,TIGGO DR,2008,2008
hernr_2887,TRANSCAB,2011,2011
hernr_2887,TRANSCAR,2011,2011
hernr_2887,V2 Bus,2006,2006
hernr_2887,V5 MPV,2005,2005
hernr_2887,X1 Hatchback,2009,2009
hernr_2888,HAISE VI Bus,2007,2007
hernr_2901,CITY COURSER,2003,2003
hernr_2901,ELEGANTEST,2002,2003
hernr_2901,PICK UP,2003,2003
hernr_2902,COXSWAIN,2003,2003
hernr_2902,JETSTAR,2003,2003
hernr_2902,KYLIN,2003,2003
hernr_2902,TROY Platform/Chassis,2003,2003
hernr_2902,VICTOR,2002,2002
hernr_2903,COOLBEAR MPV,2008,2008
hernr_2903,DEER Platform/Chassis,2000,2000
hernr_2903,FENGJUN 5 Pickup,2010,2012
hernr_2903,HOVER,2005,2007
hernr_2903,HOVER H3 Closed Off-Road Vehicle,2008,2008
hernr_2903,HOVER H5,2009,2012
hernr_2903,HOVER M4,2011,2012
hernr_2903,MONSTER Platform/Chassis,2000,2000
hernr_2903,PEGASUS,2003,2003
hernr_2903,SAILING Platform/Chassis,2002,2002
hernr_2903,SING,2003,2003
hernr_2903,STEED Pickup,2005,2012
hernr_2903,TENGYI C10 Hatchback,2009,2009
hernr_2903,TENGYI C20R Hatchback,2012,2012
hernr_2903,TENGYI C30 Saloon,2009,2009
hernr_2903,TENGYI C50 Saloon,2010,2010
hernr_2904,GALUE Saloon (J32),2000,2003
hernr_2904,HIMIKO Convertible (NCEC),2007,2007
hernr_2904,LA SEYDE Convertible,2000,2000
hernr_2904,LA SEYDE Coupe,2000,2000
hernr_2904,NOUERA,2002,2002
hernr_2904,OROCHI,2005,2005
hernr_2904,RAY,2001,2001
hernr_2904,RYOGA,2002,2002
hernr_2904,VIEWT,2004,2004
hernr_2906,PEGASUS MPV,2003,2003
hernr_3035,TIGUAN,2009,2009
hernr_3047,TX,2002,2008
hernr_3070,CITRA,2004,2005
hernr_3070,FORZA,2005,2005
hernr_3070,RIA,2001,2001
hernr_3070,SURIA,2005,2005
hernr_3070,SUTERA,2005,2005
hernr_3071,HAICE Bus,2002,2002
hernr_3076,BS6,2006,2006
hernr_3086,320,2005,2005
hernr_3086,520 Hatchback,2005,2005
hernr_3086,520 Saloon,2005,2005
hernr_3086,620 Saloon,2007,2007
hernr_3086,FENGSHUN MPV,2009,2010
hernr_3086,X60 Closed Off-Road Vehicle,2010,2010
hernr_3122,F0 Hatchback,2007,2007
hernr_3122,F3,2004,2008
hernr_3122,F3R Hatchback,2006,2006
hernr_3122,F6,2007,2007
hernr_3122,FLYER,2001,2003
hernr_3122,G3,2008,2009
hernr_3122,G6 Saloon,2010,2010
hernr_3122,M6,2009,2009
hernr_3122,S6 Closed Off-Road Vehicle,2010,2010
hernr_3124,5 SERIES (E60),2003,2003
hernr_3127,PRIDE Hatchback,2004,2004
hernr_3127,PRIDE Saloon,2004,2004
hernr_3129,ODYSSEY MPV,2008,2008
hernr_3130,FJ CRUISER,2008,2008
hernr_3130,HIGHLANDER,2008,2010
hernr_3133,7,2006,2006
hernr_3137,LAND CRUISER 200,2006,2006
hernr_3137,PRADO,2003,2003
hernr_3141,TEANA (J31),2005,2005
hernr_3141,TEANA (J32),2007,2012
hernr_3141,TIIDA Hatchback (C12),2010,2010
hernr_3141,TIIDA QIDA Hatchback (C11),2004,2004
hernr_3141,TIIDA YIDA Saloon (C11),2004,2004
hernr_3156,SCEO Closed Off-Road Vehicle,2004,2004
hernr_3158,XML,2000,2001
hernr_3208,QM5,2005,2006
hernr_3276,AVALANCHE Estate (VY),2003,2003
hernr_3276,AVALANCHE Estate (VZ),2003,2003
hernr_3276,AVALANCHE Pickup (VY),2003,2003
hernr_3276,AVALANCHE Pickup (VZ),2003,2003
hernr_3276,CLUBSPORT Estate (VF),2012,2012
hernr_3276,CLUBSPORT Saloon (VE),2005,2011
hernr_3276,CLUBSPORT Saloon (VF),2012,2012
hernr_3276,CLUBSPORT Saloon (VX),2000,2000
hernr_3276,CLUBSPORT Saloon (VY),2002,2003
hernr_3276,CLUBSPORT Saloon (VZ),2003,2003
hernr_3276,GRANGE Saloon (VF),2012,2012
hernr_3276,GRANGE Saloon (WH),2000,2000
hernr_3276,GRANGE Saloon (WK),2003,2003
hernr_3276,GRANGE Saloon (WL),2003,2003
hernr_3276,SENATOR Saloon (VF),2012,2012
hernr_3297,FALCON Pickup (BA),2003,2003
hernr_3297,FALCON Pickup (BF),2004,2004
hernr_3297,FALCON Saloon (BA),2003,2003
hernr_3300,V80 Box,2009,2009
hernr_3300,V80 Bus,2009,2009
hernr_3332,EC 7 RV Hatchback,2008,2008
hernr_3332,EC 7 Saloon,2008,2008
hernr_3495,GT,2008,2008
hernr_3497,DR 1,2009,2009
hernr_3497,DR 2,2009,2009
hernr_3497,DR 5,2010,2010
hernr_3514,CITY,2007,2009
hernr_3652,PLUTUS,2009,2009
hernr_3677,HD 5000,2006,2006
hernr_3677,LORIMAS Platform/Chassis,2000,2000
hernr_3697,GX2,2009,2009
hernr_3742,7 Closed Off-Road Vehicle,2010,2010
hernr_3762,B70,2011,2011
hernr_3913,V10,2011,2011
hernr_4176,H5C,2009,2009
hernr_4260,QM3,2012,2012
hernr_4260,QM5,2005,2005
hernr_4260,SM7 (EX2),2003,2003
hernr_4260,SM7 (L47),2010,2010
hernr_609,COBRA Mk IV (291N),2008,2008
hernr_694,MASCOTT Box Body / Estate,2001,2003
hernr_694,MASCOTT Dumptruck,2000,2000
hernr_694,MASCOTT Platform/Chassis,2001,2003
hernr_701,AVENTADOR Convertible,2012,2012
hernr_701,AVENTADOR Coupe,2010,2012
hernr_701,GALLARDO,2003,2011
hernr_701,GALLARDO SPYDER,2004,2010
hernr_701,MURCIÉLAGO,2001,2008
hernr_701,MURCIÉLAGO Roadster,2003,2006
hernr_705,CORNICHE Convertible,2000,2000
hernr_705,GHOST,2007,2007
hernr_705,PARK WARD,2000,2000
hernr_705,PHANTOM,2002,2002
hernr_705,PHANTOM Coupe,2006,2006
hernr_705,PHANTOM Drophead Coupe,2005,2005
hernr_705,WRAITH Coupe,2012,2012
hernr_774,SOLSTICE,2004,2004
hernr_775,LANOS Hatchback,2003,2003
hernr_775,LANOS Saloon,2003,2003
hernr_788,VEYRON EB 16.4,2003,2009
hernr_788,VEYRON Grand Sport EB 16.4,2008,2009
hernr_802,2 ELEVEN,2006,2006
hernr_802,ELISE,2000,2006
hernr_802,ELISE 340 R,2000,2000
hernr_802,EUROPA S,2005,2007
hernr_802,EVORA,2008,2009
hernr_802,EXIGE,2011,2011
hernr_802,EXIGE (SCC_),2000,2007
hernr_803,AERO 8,2000,2007
hernr_803,AERO Coupe,2011,2011
hernr_803,AERO SUPERSPORTS,2009,2009
hernr_803,AEROMAX Coupe,2006,2007
hernr_803,EVA,2011,2011
hernr_803,PLUS EIGHT,2009,2009
hernr_803,PLUS FOUR,2003,2012
hernr_803,ROADSTER Convertible,2003,2010
hernr_815,ARNAGE,2002,2002
hernr_815,AZURE II,2005,2005
hernr_815,CONTINENTAL Convertible,2005,2012
hernr_815,CONTINENTAL Coupe,2003,2013
hernr_815,CONTINENTAL FLYING SPUR,2004,2012
hernr_815,MULSANNE,2008,2012
hernr_907,SEVEN,2000,2009
hernr_907,XTR,2001,2003
