car_brand,car_model,production_start,production_end,source,status
Abarth,1000 OTR Berlinetta Bertone,,,DanielKohut/car-data,added_missing
Abarth,1000 SP,,,DanielKohut/car-data,added_missing
Abarth,1100 Scorpione Spider (Boano),,,DanielKohut/car-data,added_missing
Abarth,1500 Biposto,,,DanielKohut/car-data,added_missing
Abarth,204A,,,DanielKohut/car-data,added_missing
Abarth,205A Berlinetta,,,DanielKohut/car-data,added_missing
Abarth,207A Spyder Corsa Boano,,,DanielKohut/car-data,added_missing
Abarth,208A Spyder Boano,,,DanielKohut/car-data,added_missing
Abarth,209A Coupé Boano,,,DanielKohut/car-data,added_missing
Abarth,210A Spyder Boano,,,DanielKohut/car-data,added_missing
Abarth,215A Coupé Bertone,,,DanielKohut/car-data,added_missing
Abarth,216A Spyder Bertone,,,DanielKohut/car-data,added_missing
Abarth,3000 Prototipo,,,DanielKohut/car-data,added_missing
Abarth,595,,,DanielKohut/car-data,added_missing
Abarth,695,,,DanielKohut/car-data,added_missing
Abarth,750,,,DanielKohut/car-data,added_missing
Abarth,750 Spider Allemano,,,DanielKohut/car-data,added_missing
Abarth,Monomille,,,DanielKohut/car-data,added_missing
Abarth,OT 1300,,,DanielKohut/car-data,added_missing
Abarth,Zagato,,,DanielKohut/car-data,added_missing
Acura,ADX,2024,2026,gor3a/vehicle-makes-models,added_missing
Acura,CL,1997,2004,gor3a/vehicle-makes-models,added_missing
Acura,CSX,2005,2011,gor3a/vehicle-makes-models,added_missing
Acura,EL,1997,2000,gor3a/vehicle-makes-models,added_missing
Acura,ILX,2012,2022,gor3a/vehicle-makes-models,added_missing
Acura,Integra,1986,2026,gor3a/vehicle-makes-models,added_missing
Acura,MDX,2001,2026,gor3a/vehicle-makes-models,added_missing
Acura,NSX,1991,2022,gor3a/vehicle-makes-models,added_missing
Acura,RDX,2006,2026,gor3a/vehicle-makes-models,added_missing
Acura,RL,2004,2012,gor3a/vehicle-makes-models,added_missing
Acura,RLX,2013,2020,gor3a/vehicle-makes-models,added_missing
Acura,RSX,2002,2006,gor3a/vehicle-makes-models,added_missing
Acura,RSX TYPE-S,2005,2006,gor3a/vehicle-makes-models,added_missing
Acura,TL,1995,2014,gor3a/vehicle-makes-models,added_missing
Acura,TLX,2015,2024,gor3a/vehicle-makes-models,added_missing
Acura,TSX,2003,2014,gor3a/vehicle-makes-models,added_missing
Acura,ZDX,2009,2026,gor3a/vehicle-makes-models,added_missing
Alfa Romeo,12C,,,DanielKohut/car-data,added_missing
Alfa Romeo,147 (937),2000,2007,itdiag8-dotcom/database (vivid_cars2000.db),added_from_vivid
Alfa Romeo,156 (932),2000,2003,itdiag8-dotcom/database (vivid_cars2000.db),added_from_vivid
Alfa Romeo,156 Sportwagon,2000,2005,gor3a/vehicle-makes-models,added_missing
Alfa Romeo,156 Sportwagon (932),2000,2004,itdiag8-dotcom/database (vivid_cars2000.db),added_from_vivid
Alfa Romeo,159 (939),2004,2009,itdiag8-dotcom/database (vivid_cars2000.db),added_from_vivid
Alfa Romeo,159 Sportwagon,2006,2011,gor3a/vehicle-makes-models,added_missing
Alfa Romeo,159 Sportwagon (939),2005,2009,itdiag8-dotcom/database (vivid_cars2000.db),added_from_vivid
Alfa Romeo,166 (936),2000,2005,itdiag8-dotcom/database (vivid_cars2000.db),added_from_vivid
Alfa Romeo,33 Stradale,,,DanielKohut/car-data,added_missing
Alfa Romeo,4C (960),2012,2012,itdiag8-dotcom/database (vivid_cars2000.db),added_from_vivid
Alfa Romeo,4C SPIDER (960),2013,2013,itdiag8-dotcom/database (vivid_cars2000.db),added_from_vivid
Alfa Romeo,6C,,,DanielKohut/car-data,added_missing
Alfa Romeo,8C Competizione,,,DanielKohut/car-data,added_missing
Alfa Romeo,8C Competizione Spider,2000,2013,plowman/open-vehicle-db,added_missing
Alfa Romeo,8C SPIDER,2007,2007,itdiag8-dotcom/database (vivid_cars2000.db),added_from_vivid
Alfa Romeo,Crosswagon Q4,2004,2007,gor3a/vehicle-makes-models,added_missing
Alfa Romeo,GIULIETTA (940),2009,2012,itdiag8-dotcom/database (vivid_cars2000.db),added_from_vivid
Alfa Romeo,GT (937),2003,2007,itdiag8-dotcom/database (vivid_cars2000.db),added_from_vivid
Alfa Romeo,GTA,,,DanielKohut/car-data,added_missing
Alfa Romeo,GTV (916C_),2000,2002,itdiag8-dotcom/database (vivid_cars2000.db),added_from_vivid
Alfa Romeo,Giulia (952),2016,2027,plowman/open-vehicle-db,added_missing
Alfa Romeo,Giulia GTA,2020,2026,gor3a/vehicle-makes-models,added_missing
Alfa Romeo,Giulia Quadrifoglio,2016,2022,gor3a/vehicle-makes-models,added_missing
Alfa Romeo,Giulia TZ,,,DanielKohut/car-data,added_missing
Alfa Romeo,Giulia Veloce,2016,2022,gor3a/vehicle-makes-models,added_missing
Alfa Romeo,Giulietta Quadrifoglio Verde,2011,2016,gor3a/vehicle-makes-models,added_missing
Alfa Romeo,Junior,2024,2026,gor3a/vehicle-makes-models,added_missing
Alfa Romeo,MITO (955),2007,2012,itdiag8-dotcom/database (vivid_cars2000.db),added_from_vivid
Alfa Romeo,MiTo Veloce,2016,2018,gor3a/vehicle-makes-models,added_missing
Alfa Romeo,SPIDER (916S_),2002,2002,itdiag8-dotcom/database (vivid_cars2000.db),added_from_vivid
Alfa Romeo,SPIDER (939),2005,2008,itdiag8-dotcom/database (vivid_cars2000.db),added_from_vivid
Alfa Romeo,Stelvio,2017,2026,gor3a/vehicle-makes-models,added_missing
Alfa Romeo,Stelvio Quadrifoglio,2017,2023,gor3a/vehicle-makes-models,added_missing
Alfa Romeo,Tonale,2022,2026,gor3a/vehicle-makes-models,added_missing
Alpina,B10,,,DanielKohut/car-data,added_missing
Alpina,B10 (E39),2002,2002,itdiag8-dotcom/database (vivid_cars2000.db),added_from_vivid
Alpina,B10 Estate (E39),2002,2002,itdiag8-dotcom/database (vivid_cars2000.db),added_from_vivid
Alpina,B12,,,DanielKohut/car-data,added_missing
Alpina,B3 (E46),2001,2002,itdiag8-dotcom/database (vivid_cars2000.db),added_from_vivid
Alpina,B3 Convertible (E46),2000,2002,itdiag8-dotcom/database (vivid_cars2000.db),added_from_vivid
Alpina,B3 Coupe (E46),2002,2002,itdiag8-dotcom/database (vivid_cars2000.db),added_from_vivid
Alpina,B3 Estate (E46),2000,2002,itdiag8-dotcom/database (vivid_cars2000.db),added_from_vivid
Alpina,B3 S,,,DanielKohut/car-data,added_missing
Alpina,B4,,,DanielKohut/car-data,added_missing
Alpina,B5,,,DanielKohut/car-data,added_missing
Alpina,B5 (E60),2004,2009,itdiag8-dotcom/database (vivid_cars2000.db),added_from_vivid
Alpina,B5 (F10),2009,2011,itdiag8-dotcom/database (vivid_cars2000.db),added_from_vivid
Alpina,B5 Estate (E61),2004,2009,itdiag8-dotcom/database (vivid_cars2000.db),added_from_vivid
Alpina,B5 Estate (F11),2009,2011,itdiag8-dotcom/database (vivid_cars2000.db),added_from_vivid
Alpina,B6,,,DanielKohut/car-data,added_missing
Alpina,B7,,,DanielKohut/car-data,added_missing
Alpina,B7 (E65),2003,2003,itdiag8-dotcom/database (vivid_cars2000.db),added_from_vivid
Alpina,"B7 (F01, F02)",2008,2011,itdiag8-dotcom/database (vivid_cars2000.db),added_from_vivid
Alpina,B8,,,DanielKohut/car-data,added_missing
Alpina,C1,,,DanielKohut/car-data,added_missing
Alpina,D10,,,DanielKohut/car-data,added_missing
Alpina,D3,,,DanielKohut/car-data,added_missing
Alpina,D3 (F30),2012,2012,itdiag8-dotcom/database (vivid_cars2000.db),added_from_vivid
Alpina,D3 Estate (F31),2012,2012,itdiag8-dotcom/database (vivid_cars2000.db),added_from_vivid
Alpina,D3 S,,,DanielKohut/car-data,added_missing
Alpina,D4,,,DanielKohut/car-data,added_missing
Alpina,D4 Convertible (F33),2012,2012,itdiag8-dotcom/database (vivid_cars2000.db),added_from_vivid
Alpina,D4 Coupe (F32),2012,2012,itdiag8-dotcom/database (vivid_cars2000.db),added_from_vivid
Alpina,D4 S,,,DanielKohut/car-data,added_missing
Alpina,D5,,,DanielKohut/car-data,added_missing
Alpina,D5 (F10),2010,2010,itdiag8-dotcom/database (vivid_cars2000.db),added_from_vivid
Alpina,D5 Touring (F11),2010,2010,itdiag8-dotcom/database (vivid_cars2000.db),added_from_vivid
Alpina,ROADSTER S (Z4),2003,2003,itdiag8-dotcom/database (vivid_cars2000.db),added_from_vivid
Alpina,Roadster S,,,DanielKohut/car-data,added_missing
Alpina,XB7,,,DanielKohut/car-data,added_missing
Alpina,XD3,,,DanielKohut/car-data,added_missing
Alpina,XD3 (F25),2012,2012,itdiag8-dotcom/database (vivid_cars2000.db),added_from_vivid
Alpina,XD4,,,DanielKohut/car-data,added_missing
Alpina,Z8,,,DanielKohut/car-data,added_missing
Alpine,A110,1962,2026,gor3a/vehicle-makes-models,added_missing
Alpine,A110S,2019,2026,gor3a/vehicle-makes-models,added_missing
Alpine,A290,2024,2026,gor3a/vehicle-makes-models,added_missing
Alpine,A390,2025,2026,gor3a/vehicle-makes-models,added_missing
Aston Martin,AR1,,,DanielKohut/car-data,added_missing
Aston Martin,Bulldog,,,DanielKohut/car-data,added_missing
Aston Martin,Cygnet,2011,2013,gor3a/vehicle-makes-models,added_missing
Aston Martin,DB AR1,2003,2004,gor3a/vehicle-makes-models,added_missing
Aston Martin,DB1,,,DanielKohut/car-data,added_missing
Aston Martin,DB11,2016,2023,gor3a/vehicle-makes-models,added_missing
Aston Martin,DB11 Volante,2018,2023,gor3a/vehicle-makes-models,added_missing
Aston Martin,DB12,2023,2026,gor3a/vehicle-makes-models,added_missing
Aston Martin,DB12 Volante,2023,2026,gor3a/vehicle-makes-models,added_missing
Aston Martin,DB2,,,DanielKohut/car-data,added_missing
Aston Martin,DB2/4,,,DanielKohut/car-data,added_missing
Aston Martin,DB3,,,DanielKohut/car-data,added_missing
Aston Martin,DB3S,,,DanielKohut/car-data,added_missing
Aston Martin,DB4,,,DanielKohut/car-data,added_missing
Aston Martin,DB5,,,DanielKohut/car-data,added_missing
Aston Martin,DB7,1993,2004,gor3a/vehicle-makes-models,added_missing
Aston Martin,DB7 Coupe,2002,2002,itdiag8-dotcom/database (vivid_cars2000.db),added_from_vivid
Aston Martin,DB7 Vantage,,,DanielKohut/car-data,added_missing
Aston Martin,DB7 Volante,1996,2003,gor3a/vehicle-makes-models,added_missing
Aston Martin,DB7 Zagato,,,DanielKohut/car-data,added_missing
Aston Martin,DB9 Convertible,2003,2011,itdiag8-dotcom/database (vivid_cars2000.db),added_from_vivid
Aston Martin,DB9 Coupe,2003,2011,itdiag8-dotcom/database (vivid_cars2000.db),added_from_vivid
Aston Martin,DBS (2007–2012),,,DanielKohut/car-data,added_missing
Aston Martin,DBS (Classic),,,DanielKohut/car-data,added_missing
Aston Martin,DBS Coupe,2006,2006,itdiag8-dotcom/database (vivid_cars2000.db),added_from_vivid
Aston Martin,DBS Superleggera,,,DanielKohut/car-data,added_missing
Aston Martin,DBS Volante,2009,2012,gor3a/vehicle-makes-models,added_missing
Aston Martin,DBX,2020,2026,gor3a/vehicle-makes-models,added_missing
Aston Martin,Lagonda Taraf,,,DanielKohut/car-data,added_missing
Aston Martin,Lagonda Vision Concept,,,DanielKohut/car-data,added_missing
Aston Martin,One-77,2009,2012,gor3a/vehicle-makes-models,added_missing
Aston Martin,Rapide AMR,2017,2020,gor3a/vehicle-makes-models,added_missing
Aston Martin,Rapide E,2019,2019,gor3a/vehicle-makes-models,added_missing
Aston Martin,Rapide S,2013,2018,gor3a/vehicle-makes-models,added_missing
Aston Martin,V12 Speedster,2020,2022,gor3a/vehicle-makes-models,added_missing
Aston Martin,V12 Vantage AMR,2017,2019,gor3a/vehicle-makes-models,added_missing
Aston Martin,V8 Vantage (1977–1989),,,DanielKohut/car-data,added_missing
Aston Martin,V8 Vantage (2005–2017),,,DanielKohut/car-data,added_missing
Aston Martin,V8 Vantage (2018–),,,DanielKohut/car-data,added_missing
Aston Martin,V8 Volante,1978,2014,gor3a/vehicle-makes-models,added_missing
Aston Martin,VANQUISH (R2_),2001,2003,itdiag8-dotcom/database (vivid_cars2000.db),added_from_vivid
Aston Martin,VANTAGE Coupe,2004,2012,itdiag8-dotcom/database (vivid_cars2000.db),added_from_vivid
Aston Martin,VANTAGE Roadster,2006,2012,itdiag8-dotcom/database (vivid_cars2000.db),added_from_vivid
Aston Martin,VIRAGE Convertible,2010,2010,itdiag8-dotcom/database (vivid_cars2000.db),added_from_vivid
Aston Martin,VIRAGE Coupe,2010,2010,itdiag8-dotcom/database (vivid_cars2000.db),added_from_vivid
Aston Martin,Valhalla,2022,2026,gor3a/vehicle-makes-models,added_missing
Aston Martin,Valiant,2024,2026,plowman/open-vehicle-db,added_missing
Aston Martin,Valkyrie,,,DanielKohut/car-data,added_missing
Aston Martin,Valour,2024,2024,plowman/open-vehicle-db,added_missing
Aston Martin,Vanquish (2001–2007),,,DanielKohut/car-data,added_missing
Aston Martin,Vanquish (2012–2018),,,DanielKohut/car-data,added_missing
Aston Martin,Vanquish S,2004,2018,gor3a/vehicle-makes-models,added_missing
Aston Martin,Vanquish Volante,2013,2026,gor3a/vehicle-makes-models,added_missing
Aston Martin,Vanquish Zagato,,,DanielKohut/car-data,added_missing
Aston Martin,Vantage,2020,2026,gor3a/vehicle-makes-models,added_missing
Aston Martin,Vantage (Classic),,,DanielKohut/car-data,added_missing
Aston Martin,Vantage GT12,2015,2016,gor3a/vehicle-makes-models,added_missing
Aston Martin,Vantage GT8,2016,2017,gor3a/vehicle-makes-models,added_missing
Aston Martin,Victor,,,DanielKohut/car-data,added_missing
Aston Martin,Virage,1988,2012,gor3a/vehicle-makes-models,added_missing
Aston Martin,Virage (2011–2012),,,DanielKohut/car-data,added_missing
Aston Martin,Virage Volante,1992,2012,gor3a/vehicle-makes-models,added_missing
Aston Martin,Vulcan,2015,2016,gor3a/vehicle-makes-models,added_missing
Aston Martin,ZAGATO Coupe,2011,2011,itdiag8-dotcom/database (vivid_cars2000.db),added_from_vivid
Audi,100 C1,,,DanielKohut/car-data,added_missing
Audi,100 C2,,,DanielKohut/car-data,added_missing
Audi,100 C3,,,DanielKohut/car-data,added_missing
Audi,100 C4,,,DanielKohut/car-data,added_missing
Audi,200 C2,,,DanielKohut/car-data,added_missing
Audi,200 C3,,,DanielKohut/car-data,added_missing
Audi,50,,,DanielKohut/car-data,added_missing
Audi,60,,,DanielKohut/car-data,added_missing
Audi,72,,,DanielKohut/car-data,added_missing
Audi,80 B1,,,DanielKohut/car-data,added_missing
Audi,80 B2,,,DanielKohut/car-data,added_missing
Audi,80 B3,,,DanielKohut/car-data,added_missing
Audi,80 B4,,,DanielKohut/car-data,added_missing
Audi,90 B2,,,DanielKohut/car-data,added_missing
Audi,90 B3,,,DanielKohut/car-data,added_missing
Audi,"A1 (8X1, 8XF)",2009,2013,itdiag8-dotcom/database (vivid_cars2000.db),added_from_vivid
Audi,A1 8X,,,DanielKohut/car-data,added_missing
Audi,A1 GB,,,DanielKohut/car-data,added_missing
Audi,"A1 Sportback (8XA, 8XK)",2010,2013,itdiag8-dotcom/database (vivid_cars2000.db),added_from_vivid
Audi,A2 (8Z0),2000,2003,itdiag8-dotcom/database (vivid_cars2000.db),added_from_vivid
Audi,A2 8Z,,,DanielKohut/car-data,added_missing
Audi,A3 (8L1),2000,2001,itdiag8-dotcom/database (vivid_cars2000.db),added_from_vivid
Audi,A3 (8P1),2003,2010,itdiag8-dotcom/database (vivid_cars2000.db),added_from_vivid
Audi,A3 (8V1),2011,2012,itdiag8-dotcom/database (vivid_cars2000.db),added_from_vivid
Audi,A3 8L,,,DanielKohut/car-data,added_missing
Audi,A3 8P,,,DanielKohut/car-data,added_missing
Audi,A3 8V,,,DanielKohut/car-data,added_missing
Audi,A3 8Y,,,DanielKohut/car-data,added_missing
Audi,A3 Cabriolet,,,DanielKohut/car-data,added_missing
Audi,A3 Convertible (8P7),2007,2010,itdiag8-dotcom/database (vivid_cars2000.db),added_from_vivid
Audi,A3 Convertible (8V7),2012,2012,itdiag8-dotcom/database (vivid_cars2000.db),added_from_vivid
Audi,A3 Limousine (8VS),2012,2012,itdiag8-dotcom/database (vivid_cars2000.db),added_from_vivid
Audi,A3 Sportback (8PA),2003,2010,itdiag8-dotcom/database (vivid_cars2000.db),added_from_vivid
Audi,A3 Sportback (8VA),2011,2012,itdiag8-dotcom/database (vivid_cars2000.db),added_from_vivid
Audi,A3 allstreet,2024,2026,gor3a/vehicle-makes-models,added_missing
Audi,"A4 (8D2, B5)",2000,2000,itdiag8-dotcom/database (vivid_cars2000.db),added_from_vivid
Audi,"A4 (8E2, B6)",2000,2003,itdiag8-dotcom/database (vivid_cars2000.db),added_from_vivid
Audi,"A4 (8EC, B7)",2003,2005,itdiag8-dotcom/database (vivid_cars2000.db),added_from_vivid
Audi,"A4 (8K2, B8)",2006,2012,itdiag8-dotcom/database (vivid_cars2000.db),added_from_vivid
Audi,A4 Allroad,2009,2025,gor3a/vehicle-makes-models,added_missing
Audi,"A4 Allroad (8KH, B8)",2008,2012,itdiag8-dotcom/database (vivid_cars2000.db),added_from_vivid
Audi,A4 Allroad B8,,,DanielKohut/car-data,added_missing
Audi,A4 Allroad B9,,,DanielKohut/car-data,added_missing
Audi,A4 Avant,1996,2025,gor3a/vehicle-makes-models,added_missing
Audi,"A4 Avant (8D5, B5)",2000,2000,itdiag8-dotcom/database (vivid_cars2000.db),added_from_vivid
Audi,"A4 Avant (8E5, B6)",2000,2003,itdiag8-dotcom/database (vivid_cars2000.db),added_from_vivid
Audi,"A4 Avant (8ED, B7)",2003,2005,itdiag8-dotcom/database (vivid_cars2000.db),added_from_vivid
Audi,"A4 Avant (8K5, B8)",2006,2012,itdiag8-dotcom/database (vivid_cars2000.db),added_from_vivid
Audi,A4 Avant B5,,,DanielKohut/car-data,added_missing
Audi,A4 Avant B6,,,DanielKohut/car-data,added_missing
Audi,A4 Avant B7,,,DanielKohut/car-data,added_missing
Audi,A4 Avant B8,,,DanielKohut/car-data,added_missing
Audi,A4 Avant B9,,,DanielKohut/car-data,added_missing
Audi,A4 B5,,,DanielKohut/car-data,added_missing
Audi,A4 B6,,,DanielKohut/car-data,added_missing
Audi,A4 B7,,,DanielKohut/car-data,added_missing
Audi,A4 B8,,,DanielKohut/car-data,added_missing
Audi,A4 B9,,,DanielKohut/car-data,added_missing
Audi,A4 Cabriolet B6,,,DanielKohut/car-data,added_missing
Audi,A4 Cabriolet B7,,,DanielKohut/car-data,added_missing
Audi,"A4 Convertible (8H7, B6, 8HE, B7)",2002,2005,itdiag8-dotcom/database (vivid_cars2000.db),added_from_vivid
Audi,A4 DTM Edition,2005,2007,gor3a/vehicle-makes-models,added_missing
Audi,A5 (8T3),2006,2012,itdiag8-dotcom/database (vivid_cars2000.db),added_from_vivid
Audi,A5 8T,,,DanielKohut/car-data,added_missing
Audi,A5 Avant,2024,2026,gor3a/vehicle-makes-models,added_missing
Audi,A5 Cabriolet 8F,,,DanielKohut/car-data,added_missing
Audi,A5 Cabriolet F5,,,DanielKohut/car-data,added_missing
Audi,A5 Convertible (8F7),2008,2012,itdiag8-dotcom/database (vivid_cars2000.db),added_from_vivid
Audi,A5 F5,,,DanielKohut/car-data,added_missing
Audi,A5 Sportback (8TA),2008,2012,itdiag8-dotcom/database (vivid_cars2000.db),added_from_vivid
Audi,A5 Sportback 8TA,,,DanielKohut/car-data,added_missing
Audi,A5 Sportback F5,,,DanielKohut/car-data,added_missing
Audi,"A6 (4B2, C5)",2000,2003,itdiag8-dotcom/database (vivid_cars2000.db),added_from_vivid
Audi,"A6 (4F2, C6)",2003,2008,itdiag8-dotcom/database (vivid_cars2000.db),added_from_vivid
Audi,"A6 (4G2, C7, 4GC)",2009,2013,itdiag8-dotcom/database (vivid_cars2000.db),added_from_vivid
Audi,"A6 Allroad (4FH, C6)",2005,2007,itdiag8-dotcom/database (vivid_cars2000.db),added_from_vivid
Audi,"A6 Allroad (4GH, 4GJ)",2011,2012,itdiag8-dotcom/database (vivid_cars2000.db),added_from_vivid
Audi,A6 Allroad C5,,,DanielKohut/car-data,added_missing
Audi,A6 Allroad C6,,,DanielKohut/car-data,added_missing
Audi,A6 Allroad C7,,,DanielKohut/car-data,added_missing
Audi,A6 Allroad C8,,,DanielKohut/car-data,added_missing
Audi,A6 Avant,1994,2026,gor3a/vehicle-makes-models,added_missing
Audi,"A6 Avant (4B5, C5)",2000,2003,itdiag8-dotcom/database (vivid_cars2000.db),added_from_vivid
Audi,"A6 Avant (4F5, C6)",2004,2008,itdiag8-dotcom/database (vivid_cars2000.db),added_from_vivid
Audi,"A6 Avant (4G5, C7, 4GD)",2010,2013,itdiag8-dotcom/database (vivid_cars2000.db),added_from_vivid
Audi,A6 Avant C4,,,DanielKohut/car-data,added_missing
Audi,A6 Avant C5,,,DanielKohut/car-data,added_missing
Audi,A6 Avant C6,,,DanielKohut/car-data,added_missing
Audi,A6 Avant C7,,,DanielKohut/car-data,added_missing
Audi,A6 Avant C8,,,DanielKohut/car-data,added_missing
Audi,A6 C4,,,DanielKohut/car-data,added_missing
Audi,A6 C5,,,DanielKohut/car-data,added_missing
Audi,A6 C6,,,DanielKohut/car-data,added_missing
Audi,A6 C7,,,DanielKohut/car-data,added_missing
Audi,A6 C8,,,DanielKohut/car-data,added_missing
Audi,A7 4G8,,,DanielKohut/car-data,added_missing
Audi,A7 4K8,,,DanielKohut/car-data,added_missing
Audi,"A7 Sportback (4GA, 4GF)",2009,2012,itdiag8-dotcom/database (vivid_cars2000.db),added_from_vivid
Audi,A7 Sportback 4G8,,,DanielKohut/car-data,added_missing
Audi,A7 Sportback 4K8,,,DanielKohut/car-data,added_missing
Audi,A7 e,2021,2022,plowman/open-vehicle-db,added_missing
Audi,"A8 (4D2, 4D8)",2000,2001,itdiag8-dotcom/database (vivid_cars2000.db),added_from_vivid
Audi,A8 (4E_),2002,2006,itdiag8-dotcom/database (vivid_cars2000.db),added_from_vivid
Audi,A8 (4H_),2008,2012,itdiag8-dotcom/database (vivid_cars2000.db),added_from_vivid
Audi,A8 D2,,,DanielKohut/car-data,added_missing
Audi,A8 D3,,,DanielKohut/car-data,added_missing
Audi,A8 D4,,,DanielKohut/car-data,added_missing
Audi,A8 D5,,,DanielKohut/car-data,added_missing
Audi,A8 L,2021,2027,plowman/open-vehicle-db,added_missing
Audi,A8 L D4,,,DanielKohut/car-data,added_missing
Audi,A8 L D5,,,DanielKohut/car-data,added_missing
Audi,A8 L e,2021,2021,plowman/open-vehicle-db,added_missing
Audi,A8 e,2020,2020,plowman/open-vehicle-db,added_missing
Audi,"ALLROAD (4BH, C5)",2000,2003,itdiag8-dotcom/database (vivid_cars2000.db),added_from_vivid
Audi,Allroad,2000,2026,gor3a/vehicle-makes-models,added_missing
Audi,Andere,,,DanielKohut/car-data,added_missing
Audi,Cabriolet,1991,2000,gor3a/vehicle-makes-models,added_missing
Audi,Coupé,,,DanielKohut/car-data,added_missing
Audi,E5,2025,2026,gor3a/vehicle-makes-models,added_missing
Audi,Nuvolari,2026,2026,gor3a/vehicle-makes-models,added_missing
Audi,Q2,2016,2026,gor3a/vehicle-makes-models,added_missing
Audi,Q2 GA,,,DanielKohut/car-data,added_missing
Audi,Q3 (8U),2010,2013,itdiag8-dotcom/database (vivid_cars2000.db),added_from_vivid
Audi,Q3 8U,,,DanielKohut/car-data,added_missing
Audi,Q3 F3,,,DanielKohut/car-data,added_missing
Audi,Q3 Sportback F3,,,DanielKohut/car-data,added_missing
Audi,Q4,2021,2026,gor3a/vehicle-makes-models,added_missing
Audi,Q4 Sportback e-tron FZ,,,DanielKohut/car-data,added_missing
Audi,Q4 e-tron,2021,2026,gor3a/vehicle-makes-models,added_missing
Audi,Q4 e-tron FZ,,,DanielKohut/car-data,added_missing
Audi,Q5 (8R),2007,2012,itdiag8-dotcom/database (vivid_cars2000.db),added_from_vivid
Audi,Q5 8R,,,DanielKohut/car-data,added_missing
Audi,Q5 FY,,,DanielKohut/car-data,added_missing
Audi,Q5 Sportback FY,,,DanielKohut/car-data,added_missing
Audi,Q5 e,2020,2025,plowman/open-vehicle-db,added_missing
Audi,Q5L,,,DanielKohut/car-data,added_missing
Audi,Q6,2024,2026,gor3a/vehicle-makes-models,added_missing
Audi,Q6 e-tron,,,DanielKohut/car-data,added_missing
Audi,Q7 (4L),2005,2010,itdiag8-dotcom/database (vivid_cars2000.db),added_from_vivid
Audi,Q7 4L,,,DanielKohut/car-data,added_missing
Audi,Q7 4M,,,DanielKohut/car-data,added_missing
Audi,Q8,2018,2026,gor3a/vehicle-makes-models,added_missing
Audi,Q8 4M,,,DanielKohut/car-data,added_missing
Audi,Q8 e-tron,2022,2026,gor3a/vehicle-makes-models,added_missing
Audi,Quattro (Ur-Quattro),,,DanielKohut/car-data,added_missing
Audi,R8 42,,,DanielKohut/car-data,added_missing
Audi,R8 4S,,,DanielKohut/car-data,added_missing
Audi,R8 GT,2010,2024,gor3a/vehicle-makes-models,added_missing
Audi,R8 Spyder,,,DanielKohut/car-data,added_missing
Audi,R8 V10,,,DanielKohut/car-data,added_missing
Audi,RS 3,2010,2026,gor3a/vehicle-makes-models,added_missing
Audi,RS 4,2005,2009,gor3a/vehicle-makes-models,added_missing
Audi,RS 4 Avant,2000,2025,gor3a/vehicle-makes-models,added_missing
Audi,RS 5,2010,2026,gor3a/vehicle-makes-models,added_missing
Audi,RS 6,2003,2004,plowman/open-vehicle-db,added_missing
Audi,RS 6 Avant,2021,2026,plowman/open-vehicle-db,added_missing
Audi,RS 7,2014,2027,plowman/open-vehicle-db,added_missing
Audi,RS Q3,2013,2015,gor3a/vehicle-makes-models,added_missing
Audi,RS Q3 8U,,,DanielKohut/car-data,added_missing
Audi,RS Q3 F3,,,DanielKohut/car-data,added_missing
Audi,RS Q5 FY,,,DanielKohut/car-data,added_missing
Audi,RS Q8,2019,2026,gor3a/vehicle-makes-models,added_missing
Audi,RS Q8 4M,,,DanielKohut/car-data,added_missing
Audi,RS e-tron GT,,,DanielKohut/car-data,added_missing
Audi,RS2 Avant,,,DanielKohut/car-data,added_missing
Audi,RS3 8P,,,DanielKohut/car-data,added_missing
Audi,RS3 8V,,,DanielKohut/car-data,added_missing
Audi,RS3 8Y,,,DanielKohut/car-data,added_missing
Audi,RS4 Avant B5,,,DanielKohut/car-data,added_missing
Audi,RS4 Avant B7,,,DanielKohut/car-data,added_missing
Audi,RS4 Avant B8,,,DanielKohut/car-data,added_missing
Audi,RS4 Avant B9,,,DanielKohut/car-data,added_missing
Audi,RS5 8T,,,DanielKohut/car-data,added_missing
Audi,RS5 Avant,2026,2026,gor3a/vehicle-makes-models,added_missing
Audi,RS5 F5,,,DanielKohut/car-data,added_missing
Audi,RS5 Sportback F5,,,DanielKohut/car-data,added_missing
Audi,RS6 Avant,2002,2026,gor3a/vehicle-makes-models,added_missing
Audi,RS6 Avant C5,,,DanielKohut/car-data,added_missing
Audi,RS6 Avant C6,,,DanielKohut/car-data,added_missing
Audi,RS6 Avant C7,,,DanielKohut/car-data,added_missing
Audi,RS6 Avant C8,,,DanielKohut/car-data,added_missing
Audi,RS7 4G8,,,DanielKohut/car-data,added_missing
Audi,RS7 4K8,,,DanielKohut/car-data,added_missing
Audi,RS7 Avant,,,DanielKohut/car-data,added_missing
Audi,S e-tron GT,2025,2027,plowman/open-vehicle-db,added_missing
Audi,S2 Avant,,,DanielKohut/car-data,added_missing
Audi,S2 Coupé,,,DanielKohut/car-data,added_missing
Audi,S3 8L,,,DanielKohut/car-data,added_missing
Audi,S3 8P,,,DanielKohut/car-data,added_missing
Audi,S3 8V,,,DanielKohut/car-data,added_missing
Audi,S3 8Y,,,DanielKohut/car-data,added_missing
Audi,S4 Avant,1997,2023,gor3a/vehicle-makes-models,added_missing
Audi,S4 B5,,,DanielKohut/car-data,added_missing
Audi,S4 B6,,,DanielKohut/car-data,added_missing
Audi,S4 B7,,,DanielKohut/car-data,added_missing
Audi,S4 B8,,,DanielKohut/car-data,added_missing
Audi,S4 B9,,,DanielKohut/car-data,added_missing
Audi,S5 8T,,,DanielKohut/car-data,added_missing
Audi,S5 Avant,2024,2026,gor3a/vehicle-makes-models,added_missing
Audi,S5 F5,,,DanielKohut/car-data,added_missing
Audi,S5 Sportback F5,,,DanielKohut/car-data,added_missing
Audi,S6 Avant,1994,2026,gor3a/vehicle-makes-models,added_missing
Audi,S6 C4,,,DanielKohut/car-data,added_missing
Audi,S6 C5,,,DanielKohut/car-data,added_missing
Audi,S6 C6,,,DanielKohut/car-data,added_missing
Audi,S6 C7,,,DanielKohut/car-data,added_missing
Audi,S6 C8,,,DanielKohut/car-data,added_missing
Audi,S7 4G8,,,DanielKohut/car-data,added_missing
Audi,S7 4K8,,,DanielKohut/car-data,added_missing
Audi,S8 D2,,,DanielKohut/car-data,added_missing
Audi,S8 D3,,,DanielKohut/car-data,added_missing
Audi,S8 D4,,,DanielKohut/car-data,added_missing
Audi,S8 D5,,,DanielKohut/car-data,added_missing
Audi,S8 Plus,2015,2019,gor3a/vehicle-makes-models,added_missing
Audi,SQ2,2018,2026,gor3a/vehicle-makes-models,added_missing
Audi,SQ5 8R,,,DanielKohut/car-data,added_missing
Audi,SQ5 FY,,,DanielKohut/car-data,added_missing
Audi,SQ6,2024,2026,gor3a/vehicle-makes-models,added_missing
Audi,SQ7,2016,2026,gor3a/vehicle-makes-models,added_missing
Audi,SQ7 4M,,,DanielKohut/car-data,added_missing
Audi,SQ8,2019,2026,gor3a/vehicle-makes-models,added_missing
Audi,SQ8 4M,,,DanielKohut/car-data,added_missing
Audi,SQ8 e-tron,2023,2026,gor3a/vehicle-makes-models,added_missing
Audi,TT (8J3),2005,2010,itdiag8-dotcom/database (vivid_cars2000.db),added_from_vivid
Audi,TT (8N3),2002,2004,itdiag8-dotcom/database (vivid_cars2000.db),added_from_vivid
Audi,TT (FV3),2012,2013,itdiag8-dotcom/database (vivid_cars2000.db),added_from_vivid
Audi,TT 8J,,,DanielKohut/car-data,added_missing
Audi,TT 8N,,,DanielKohut/car-data,added_missing
Audi,TT FV/8S,,,DanielKohut/car-data,added_missing
Audi,TT RS 8J,,,DanielKohut/car-data,added_missing
Audi,TT RS FV/8S,,,DanielKohut/car-data,added_missing
Audi,TT Roadster (8J9),2006,2011,itdiag8-dotcom/database (vivid_cars2000.db),added_from_vivid
Audi,TT Roadster (8N9),2000,2004,itdiag8-dotcom/database (vivid_cars2000.db),added_from_vivid
Audi,TT Roadster (FV9),2013,2013,itdiag8-dotcom/database (vivid_cars2000.db),added_from_vivid
Audi,TT Roadster 8J,,,DanielKohut/car-data,added_missing
Audi,TT Roadster 8N,,,DanielKohut/car-data,added_missing
Audi,TT Roadster FV/8S,,,DanielKohut/car-data,added_missing
Audi,e-tron,2019,2026,gor3a/vehicle-makes-models,added_missing
Audi,e-tron GT,2021,2026,gor3a/vehicle-makes-models,added_missing
Audi,e-tron S,,,DanielKohut/car-data,added_missing
Audi,e-tron Sportback,2020,2022,plowman/open-vehicle-db,added_missing
BMW,1 (E81),2005,2010,itdiag8-dotcom/database (vivid_cars2000.db),added_from_vivid
BMW,1 (E87),2003,2010,itdiag8-dotcom/database (vivid_cars2000.db),added_from_vivid
BMW,1 (F20),2009,2013,itdiag8-dotcom/database (vivid_cars2000.db),added_from_vivid
BMW,1 (F21),2010,2013,itdiag8-dotcom/database (vivid_cars2000.db),added_from_vivid
BMW,1 Convertible (E88),2007,2007,itdiag8-dotcom/database (vivid_cars2000.db),added_from_vivid
BMW,1 Coupe (E82),2006,2010,itdiag8-dotcom/database (vivid_cars2000.db),added_from_vivid
BMW,1 Series M,2010,2012,gor3a/vehicle-makes-models,added_missing
BMW,1 Series M Coupé (E82),,,DanielKohut/car-data,added_missing
BMW,1 Series – E81/E82/E87/E88,,,DanielKohut/car-data,added_missing
BMW,1 Series – F20/F21,,,DanielKohut/car-data,added_missing
BMW,1 Series – F40,,,DanielKohut/car-data,added_missing
BMW,114i,,,DanielKohut/car-data,added_missing
BMW,116d,,,DanielKohut/car-data,added_missing
BMW,116i,,,DanielKohut/car-data,added_missing
BMW,118d,,,DanielKohut/car-data,added_missing
BMW,118i,,,DanielKohut/car-data,added_missing
BMW,120d,,,DanielKohut/car-data,added_missing
BMW,120i,,,DanielKohut/car-data,added_missing
BMW,123d,,,DanielKohut/car-data,added_missing
BMW,125d,,,DanielKohut/car-data,added_missing
BMW,125i,,,DanielKohut/car-data,added_missing
BMW,128i,,,DanielKohut/car-data,added_missing
BMW,128ti,,,DanielKohut/car-data,added_missing
BMW,130i,,,DanielKohut/car-data,added_missing
BMW,135i,,,DanielKohut/car-data,added_missing
BMW,1602,,,DanielKohut/car-data,added_missing
BMW,1M,2011,2011,plowman/open-vehicle-db,added_missing
BMW,2 Active Tourer (F45),2012,2013,itdiag8-dotcom/database (vivid_cars2000.db),added_from_vivid
BMW,2 Convertible (F23),2013,2013,itdiag8-dotcom/database (vivid_cars2000.db),added_from_vivid
BMW,2 Coupe (F22),2012,2013,itdiag8-dotcom/database (vivid_cars2000.db),added_from_vivid
BMW,2 Series Active Tourer,2014,2026,gor3a/vehicle-makes-models,added_missing
BMW,2 Series Gran,2019,2026,gor3a/vehicle-makes-models,added_missing
BMW,2 Series Gran Coupé – F44,,,DanielKohut/car-data,added_missing
BMW,2 Series Gran Tourer,2015,2021,gor3a/vehicle-makes-models,added_missing
BMW,2 Series – F22/F23,,,DanielKohut/car-data,added_missing
BMW,2 Series – F45/F46 (Active/Gran Tourer),,,DanielKohut/car-data,added_missing
BMW,2 Series – G42,,,DanielKohut/car-data,added_missing
BMW,218d,,,DanielKohut/car-data,added_missing
BMW,218i,,,DanielKohut/car-data,added_missing
BMW,220d,,,DanielKohut/car-data,added_missing
BMW,220i,,,DanielKohut/car-data,added_missing
BMW,225d,,,DanielKohut/car-data,added_missing
BMW,225i,,,DanielKohut/car-data,added_missing
BMW,228,2026,2027,plowman/open-vehicle-db,added_missing
BMW,228i,,,DanielKohut/car-data,added_missing
BMW,228i xDrive,,,DanielKohut/car-data,added_missing
BMW,230i,,,DanielKohut/car-data,added_missing
BMW,3 (E46),2000,2002,itdiag8-dotcom/database (vivid_cars2000.db),added_from_vivid
BMW,3 (E90),2004,2010,itdiag8-dotcom/database (vivid_cars2000.db),added_from_vivid
BMW,"3 (F30, F35, F80)",2010,2012,itdiag8-dotcom/database (vivid_cars2000.db),added_from_vivid
BMW,3 Compact (E46),2001,2002,itdiag8-dotcom/database (vivid_cars2000.db),added_from_vivid
BMW,3 Convertible (E46),2000,2005,itdiag8-dotcom/database (vivid_cars2000.db),added_from_vivid
BMW,3 Convertible (E93),2005,2009,itdiag8-dotcom/database (vivid_cars2000.db),added_from_vivid
BMW,3 Coupe (E46),2000,2004,itdiag8-dotcom/database (vivid_cars2000.db),added_from_vivid
BMW,3 Coupe (E92),2005,2009,itdiag8-dotcom/database (vivid_cars2000.db),added_from_vivid
BMW,3 Gran Turismo (F34),2012,2012,itdiag8-dotcom/database (vivid_cars2000.db),added_from_vivid
BMW,3 Series Compact,1994,2005,gor3a/vehicle-makes-models,added_missing
BMW,3 Series Gran Turismo,2013,2020,gor3a/vehicle-makes-models,added_missing
BMW,3 Series – E21,,,DanielKohut/car-data,added_missing
BMW,3 Series – E30,,,DanielKohut/car-data,added_missing
BMW,3 Series – E36,,,DanielKohut/car-data,added_missing
BMW,3 Series – E46,,,DanielKohut/car-data,added_missing
BMW,3 Series – E90/E91/E92/E93,,,DanielKohut/car-data,added_missing
BMW,3 Series – F30/F31/F34/F35,,,DanielKohut/car-data,added_missing
BMW,3 Series – G20/G21/G28,,,DanielKohut/car-data,added_missing
BMW,3 Touring (E46),2000,2002,itdiag8-dotcom/database (vivid_cars2000.db),added_from_vivid
BMW,3 Touring (E91),2004,2011,itdiag8-dotcom/database (vivid_cars2000.db),added_from_vivid
BMW,3 Touring (F31),2010,2012,itdiag8-dotcom/database (vivid_cars2000.db),added_from_vivid
BMW,316d,,,DanielKohut/car-data,added_missing
BMW,316i,,,DanielKohut/car-data,added_missing
BMW,318d,,,DanielKohut/car-data,added_missing
BMW,318i,,,DanielKohut/car-data,added_missing
BMW,318ti,1981,2000,plowman/open-vehicle-db,added_missing
BMW,3200 CS,,,DanielKohut/car-data,added_missing
BMW,320d,,,DanielKohut/car-data,added_missing
BMW,320e,,,DanielKohut/car-data,added_missing
BMW,320i,,,DanielKohut/car-data,added_missing
BMW,323i,,,DanielKohut/car-data,added_missing
BMW,323iC,1998,2000,plowman/open-vehicle-db,added_missing
BMW,323is,1998,2000,plowman/open-vehicle-db,added_missing
BMW,325Ci,2000,2006,plowman/open-vehicle-db,added_missing
BMW,325d,,,DanielKohut/car-data,added_missing
BMW,325i,,,DanielKohut/car-data,added_missing
BMW,325xi,2002,2006,plowman/open-vehicle-db,added_missing
BMW,328Ci,1999,2000,plowman/open-vehicle-db,added_missing
BMW,328d,2014,2018,plowman/open-vehicle-db,added_missing
BMW,328i,,,DanielKohut/car-data,added_missing
BMW,328iC,1996,2000,plowman/open-vehicle-db,added_missing
BMW,328iS,1996,2000,plowman/open-vehicle-db,added_missing
BMW,328xi,2007,2008,plowman/open-vehicle-db,added_missing
BMW,330Ci,2001,2006,plowman/open-vehicle-db,added_missing
BMW,330d,,,DanielKohut/car-data,added_missing
BMW,330e,,,DanielKohut/car-data,added_missing
BMW,330i,,,DanielKohut/car-data,added_missing
BMW,330xi,2002,2006,plowman/open-vehicle-db,added_missing
BMW,335,2014,2014,plowman/open-vehicle-db,added_missing
BMW,335d,,,DanielKohut/car-data,added_missing
BMW,335i,,,DanielKohut/car-data,added_missing
BMW,335is,2011,2015,plowman/open-vehicle-db,added_missing
BMW,335xi,2007,2008,plowman/open-vehicle-db,added_missing
BMW,340d,,,DanielKohut/car-data,added_missing
BMW,340i,,,DanielKohut/car-data,added_missing
BMW,"4 Convertible (F33, F83)",2012,2012,itdiag8-dotcom/database (vivid_cars2000.db),added_from_vivid
BMW,"4 Coupe (F32, F82)",2012,2013,itdiag8-dotcom/database (vivid_cars2000.db),added_from_vivid
BMW,4 Gran Coupe (F36),2012,2013,itdiag8-dotcom/database (vivid_cars2000.db),added_from_vivid
BMW,4 Series Gran,2014,2026,gor3a/vehicle-makes-models,added_missing
BMW,4 Series – F32/F33/F36,,,DanielKohut/car-data,added_missing
BMW,4 Series – G22/G23/G26,,,DanielKohut/car-data,added_missing
BMW,418d,,,DanielKohut/car-data,added_missing
BMW,418i,,,DanielKohut/car-data,added_missing
BMW,420d,,,DanielKohut/car-data,added_missing
BMW,420i,,,DanielKohut/car-data,added_missing
BMW,425d,,,DanielKohut/car-data,added_missing
BMW,425i,,,DanielKohut/car-data,added_missing
BMW,428i,,,DanielKohut/car-data,added_missing
BMW,430d,,,DanielKohut/car-data,added_missing
BMW,430i,,,DanielKohut/car-data,added_missing
BMW,435d,,,DanielKohut/car-data,added_missing
BMW,435i,,,DanielKohut/car-data,added_missing
BMW,440d,,,DanielKohut/car-data,added_missing
BMW,440i,,,DanielKohut/car-data,added_missing
BMW,5 (E39),2000,2000,itdiag8-dotcom/database (vivid_cars2000.db),added_from_vivid
BMW,5 (E60),2003,2007,itdiag8-dotcom/database (vivid_cars2000.db),added_from_vivid
BMW,"5 (F10, F18)",2009,2012,itdiag8-dotcom/database (vivid_cars2000.db),added_from_vivid
BMW,5 Gran Turismo (F07),2008,2012,itdiag8-dotcom/database (vivid_cars2000.db),added_from_vivid
BMW,5 Series Gran Turismo,2009,2017,gor3a/vehicle-makes-models,added_missing
BMW,5 Series – E12,,,DanielKohut/car-data,added_missing
BMW,5 Series – E28,,,DanielKohut/car-data,added_missing
BMW,5 Series – E34,,,DanielKohut/car-data,added_missing
BMW,5 Series – E39,,,DanielKohut/car-data,added_missing
BMW,5 Series – E60/E61,,,DanielKohut/car-data,added_missing
BMW,5 Series – F10/F11/F07,,,DanielKohut/car-data,added_missing
BMW,5 Series – G30/G31/G38,,,DanielKohut/car-data,added_missing
BMW,5 Touring (E39),2000,2000,itdiag8-dotcom/database (vivid_cars2000.db),added_from_vivid
BMW,5 Touring (E61),2003,2007,itdiag8-dotcom/database (vivid_cars2000.db),added_from_vivid
BMW,5 Touring (F11),2009,2012,itdiag8-dotcom/database (vivid_cars2000.db),added_from_vivid
BMW,503,,,DanielKohut/car-data,added_missing
BMW,507,,,DanielKohut/car-data,added_missing
BMW,518d,,,DanielKohut/car-data,added_missing
BMW,520d,,,DanielKohut/car-data,added_missing
BMW,520i,,,DanielKohut/car-data,added_missing
BMW,523i,,,DanielKohut/car-data,added_missing
BMW,525d,,,DanielKohut/car-data,added_missing
BMW,525i,,,DanielKohut/car-data,added_missing
BMW,525iA,2003,2003,plowman/open-vehicle-db,added_missing
BMW,525xi,2006,2007,plowman/open-vehicle-db,added_missing
BMW,528i,,,DanielKohut/car-data,added_missing
BMW,528xi,2008,2013,plowman/open-vehicle-db,added_missing
BMW,530d,,,DanielKohut/car-data,added_missing
BMW,530e,,,DanielKohut/car-data,added_missing
BMW,530i,,,DanielKohut/car-data,added_missing
BMW,530iA,2003,2003,plowman/open-vehicle-db,added_missing
BMW,530xi,2006,2007,plowman/open-vehicle-db,added_missing
BMW,535d,,,DanielKohut/car-data,added_missing
BMW,535i,,,DanielKohut/car-data,added_missing
BMW,535xi,2008,2008,plowman/open-vehicle-db,added_missing
BMW,540d,,,DanielKohut/car-data,added_missing
BMW,540i,,,DanielKohut/car-data,added_missing
BMW,540iA,2003,2003,plowman/open-vehicle-db,added_missing
BMW,545e,,,DanielKohut/car-data,added_missing
BMW,545i,2004,2005,plowman/open-vehicle-db,added_missing
BMW,550d,,,DanielKohut/car-data,added_missing
BMW,550e,2025,2027,plowman/open-vehicle-db,added_missing
BMW,550i,,,DanielKohut/car-data,added_missing
BMW,6 (E63),2003,2006,itdiag8-dotcom/database (vivid_cars2000.db),added_from_vivid
BMW,6 Convertible (E64),2003,2006,itdiag8-dotcom/database (vivid_cars2000.db),added_from_vivid
BMW,6 Convertible (F12),2010,2012,itdiag8-dotcom/database (vivid_cars2000.db),added_from_vivid
BMW,6 Coupe (F13),2009,2012,itdiag8-dotcom/database (vivid_cars2000.db),added_from_vivid
BMW,6 Gran Coupe (F06),2010,2012,itdiag8-dotcom/database (vivid_cars2000.db),added_from_vivid
BMW,6 Series Gran,2012,2018,gor3a/vehicle-makes-models,added_missing
BMW,6 Series Gran Turismo,2017,2026,gor3a/vehicle-makes-models,added_missing
BMW,6 Series – E24,,,DanielKohut/car-data,added_missing
BMW,6 Series – E63/E64,,,DanielKohut/car-data,added_missing
BMW,6 Series – F06/F12/F13,,,DanielKohut/car-data,added_missing
BMW,600,,,DanielKohut/car-data,added_missing
BMW,630d,,,DanielKohut/car-data,added_missing
BMW,630i,,,DanielKohut/car-data,added_missing
BMW,635d,,,DanielKohut/car-data,added_missing
BMW,635i,,,DanielKohut/car-data,added_missing
BMW,640d,,,DanielKohut/car-data,added_missing
BMW,640i,,,DanielKohut/car-data,added_missing
BMW,640xi,2018,2019,plowman/open-vehicle-db,added_missing
BMW,645Ci,,,DanielKohut/car-data,added_missing
BMW,645i,2004,2004,plowman/open-vehicle-db,added_missing
BMW,650i,,,DanielKohut/car-data,added_missing
BMW,"650i, Alpina B6",2015,2016,plowman/open-vehicle-db,added_missing
BMW,"650i, B6",2017,2019,plowman/open-vehicle-db,added_missing
BMW,650xi,2012,2015,plowman/open-vehicle-db,added_missing
BMW,7 (E38),2000,2000,itdiag8-dotcom/database (vivid_cars2000.db),added_from_vivid
BMW,"7 (E65, E66, E67)",2001,2004,itdiag8-dotcom/database (vivid_cars2000.db),added_from_vivid
BMW,"7 (F01, F02, F03, F04)",2007,2011,itdiag8-dotcom/database (vivid_cars2000.db),added_from_vivid
BMW,7 Series – E23,,,DanielKohut/car-data,added_missing
BMW,7 Series – E32,,,DanielKohut/car-data,added_missing
BMW,7 Series – E38,,,DanielKohut/car-data,added_missing
BMW,7 Series – E65/E66/E67/E68,,,DanielKohut/car-data,added_missing
BMW,7 Series – F01/F02/F03/F04,,,DanielKohut/car-data,added_missing
BMW,7 Series – G11/G12,,,DanielKohut/car-data,added_missing
BMW,7 Series – G70,,,DanielKohut/car-data,added_missing
BMW,700,,,DanielKohut/car-data,added_missing
BMW,730d,,,DanielKohut/car-data,added_missing
BMW,730i,,,DanielKohut/car-data,added_missing
BMW,740Li,2011,2022,plowman/open-vehicle-db,added_missing
BMW,740d,,,DanielKohut/car-data,added_missing
BMW,740e,,,DanielKohut/car-data,added_missing
BMW,740i,,,DanielKohut/car-data,added_missing
BMW,740iL,1993,2001,plowman/open-vehicle-db,added_missing
BMW,745Le,2022,2022,plowman/open-vehicle-db,added_missing
BMW,745Li,2002,2005,plowman/open-vehicle-db,added_missing
BMW,745e,,,DanielKohut/car-data,added_missing
BMW,745i,2002,2005,plowman/open-vehicle-db,added_missing
BMW,750Li,2000,2022,plowman/open-vehicle-db,added_missing
BMW,"750Li, Alpina B7",2012,2015,plowman/open-vehicle-db,added_missing
BMW,750Lxi,2010,2015,plowman/open-vehicle-db,added_missing
BMW,"750Lxi, Alpina B7",2012,2012,plowman/open-vehicle-db,added_missing
BMW,750d,,,DanielKohut/car-data,added_missing
BMW,750e,2024,2026,plowman/open-vehicle-db,added_missing
BMW,750i,,,DanielKohut/car-data,added_missing
BMW,"750i, Alpina B7",2012,2015,plowman/open-vehicle-db,added_missing
BMW,"750i, B7",2017,2019,plowman/open-vehicle-db,added_missing
BMW,750xi,2010,2015,plowman/open-vehicle-db,added_missing
BMW,"750xi, Alpina B7",2012,2012,plowman/open-vehicle-db,added_missing
BMW,760Li,2003,2015,plowman/open-vehicle-db,added_missing
BMW,760i,,,DanielKohut/car-data,added_missing
BMW,8 Series,1989,2026,gor3a/vehicle-makes-models,added_missing
BMW,8 Series Gran,2019,2022,gor3a/vehicle-makes-models,added_missing
BMW,8 Series – E31,,,DanielKohut/car-data,added_missing
BMW,8 Series – G14/G15/G16,,,DanielKohut/car-data,added_missing
BMW,840d,,,DanielKohut/car-data,added_missing
BMW,840i,,,DanielKohut/car-data,added_missing
BMW,850i,,,DanielKohut/car-data,added_missing
BMW,ActiveE,2012,2012,plowman/open-vehicle-db,added_missing
BMW,ActiveHybrid 3,,,DanielKohut/car-data,added_missing
BMW,ActiveHybrid 5,,,DanielKohut/car-data,added_missing
BMW,ActiveHybrid 7,,,DanielKohut/car-data,added_missing
BMW,Alpina,2003,2003,plowman/open-vehicle-db,added_missing
BMW,Alpina B8,2022,2025,plowman/open-vehicle-db,added_missing
BMW,B7,2019,2022,plowman/open-vehicle-db,added_missing
BMW,Isetta,,,DanielKohut/car-data,added_missing
BMW,L7,,,DanielKohut/car-data,added_missing
BMW,M135i,,,DanielKohut/car-data,added_missing
BMW,M135i xDrive,,,DanielKohut/car-data,added_missing
BMW,M140i,,,DanielKohut/car-data,added_missing
BMW,M140i xDrive,,,DanielKohut/car-data,added_missing
BMW,M2,2015,2026,gor3a/vehicle-makes-models,added_missing
BMW,M2 CS,2019,2026,gor3a/vehicle-makes-models,added_missing
BMW,M2 Competition,,,DanielKohut/car-data,added_missing
BMW,M235,2025,2027,plowman/open-vehicle-db,added_missing
BMW,M235i,,,DanielKohut/car-data,added_missing
BMW,M235i xDrive,,,DanielKohut/car-data,added_missing
BMW,M240i,,,DanielKohut/car-data,added_missing
BMW,M240i xDrive,,,DanielKohut/car-data,added_missing
BMW,M3,1986,2026,gor3a/vehicle-makes-models,added_missing
BMW,M3 CS,2025,2026,gor3a/vehicle-makes-models,added_missing
BMW,M3 Competition,,,DanielKohut/car-data,added_missing
BMW,M3 Touring,,,DanielKohut/car-data,added_missing
BMW,M340i,2020,2026,plowman/open-vehicle-db,added_missing
BMW,M3Ci,2001,2006,plowman/open-vehicle-db,added_missing
BMW,M4,2014,2026,gor3a/vehicle-makes-models,added_missing
BMW,M4 CS,2017,2026,gor3a/vehicle-makes-models,added_missing
BMW,M4 CSL,,,DanielKohut/car-data,added_missing
BMW,M4 Competition,,,DanielKohut/car-data,added_missing
BMW,M4 Convertible,,,DanielKohut/car-data,added_missing
BMW,M4 GTS,2015,2016,gor3a/vehicle-makes-models,added_missing
BMW,M440i,2021,2027,plowman/open-vehicle-db,added_missing
BMW,M5,1979,2026,gor3a/vehicle-makes-models,added_missing
BMW,M5 CS,,,DanielKohut/car-data,added_missing
BMW,M5 Competition,,,DanielKohut/car-data,added_missing
BMW,M5 Touring,,,DanielKohut/car-data,added_missing
BMW,M550i,2018,2023,plowman/open-vehicle-db,added_missing
BMW,M6,1984,2018,gor3a/vehicle-makes-models,added_missing
BMW,M6 Cabrio,2006,2018,gor3a/vehicle-makes-models,added_missing
BMW,M6 Convertible,,,DanielKohut/car-data,added_missing
BMW,M6 Gran,2013,2018,gor3a/vehicle-makes-models,added_missing
BMW,M6 Gran Coupé,,,DanielKohut/car-data,added_missing
BMW,M760Li,,,DanielKohut/car-data,added_missing
BMW,M760e,,,DanielKohut/car-data,added_missing
BMW,M760i,2017,2021,plowman/open-vehicle-db,added_missing
BMW,M8,2019,2026,gor3a/vehicle-makes-models,added_missing
BMW,M8 Competition Convertible,,,DanielKohut/car-data,added_missing
BMW,M8 Competition Coupé,,,DanielKohut/car-data,added_missing
BMW,M8 Competition Gran Coupé,,,DanielKohut/car-data,added_missing
BMW,M8 Gran,2022,2026,gor3a/vehicle-makes-models,added_missing
BMW,M850i,2020,2026,plowman/open-vehicle-db,added_missing
BMW,Neue Klasse,,,DanielKohut/car-data,added_missing
BMW,X1,2009,2026,gor3a/vehicle-makes-models,added_missing
BMW,X1 (E84),2008,2012,itdiag8-dotcom/database (vivid_cars2000.db),added_from_vivid
BMW,X1 M35i xDrive,,,DanielKohut/car-data,added_missing
BMW,X1 – E84,,,DanielKohut/car-data,added_missing
BMW,X1 – F48,,,DanielKohut/car-data,added_missing
BMW,X1 – U11,,,DanielKohut/car-data,added_missing
BMW,X2,2018,2026,gor3a/vehicle-makes-models,added_missing
BMW,X2 M35i xDrive,,,DanielKohut/car-data,added_missing
BMW,X2 – F39,,,DanielKohut/car-data,added_missing
BMW,X2 – U10,,,DanielKohut/car-data,added_missing
BMW,X3,2004,2026,gor3a/vehicle-makes-models,added_missing
BMW,X3 (E83),2003,2008,itdiag8-dotcom/database (vivid_cars2000.db),added_from_vivid
BMW,X3 (F25),2009,2012,itdiag8-dotcom/database (vivid_cars2000.db),added_from_vivid
BMW,X3 M,2019,2026,gor3a/vehicle-makes-models,added_missing
BMW,X3 M40i,,,DanielKohut/car-data,added_missing
BMW,X3 – E83,,,DanielKohut/car-data,added_missing
BMW,X3 – F25,,,DanielKohut/car-data,added_missing
BMW,X3 – G01,,,DanielKohut/car-data,added_missing
BMW,X4,2014,2026,gor3a/vehicle-makes-models,added_missing
BMW,X4 (F26),2012,2012,itdiag8-dotcom/database (vivid_cars2000.db),added_from_vivid
BMW,X4 M,2019,2026,gor3a/vehicle-makes-models,added_missing
BMW,X4 M40i,,,DanielKohut/car-data,added_missing
BMW,X4 – F26,,,DanielKohut/car-data,added_missing
BMW,X4 – G02,,,DanielKohut/car-data,added_missing
BMW,X5,2000,2026,gor3a/vehicle-makes-models,added_missing
BMW,X5 (E53),2000,2003,itdiag8-dotcom/database (vivid_cars2000.db),added_from_vivid
BMW,X5 (E70),2006,2011,itdiag8-dotcom/database (vivid_cars2000.db),added_from_vivid
BMW,"X5 (F15, F85)",2011,2013,itdiag8-dotcom/database (vivid_cars2000.db),added_from_vivid
BMW,X5 M,2009,2026,gor3a/vehicle-makes-models,added_missing
BMW,X5 M50i,,,DanielKohut/car-data,added_missing
BMW,X5 – E53,,,DanielKohut/car-data,added_missing
BMW,X5 – E70,,,DanielKohut/car-data,added_missing
BMW,X5 – F15/F85,,,DanielKohut/car-data,added_missing
BMW,X5 – G05/G18,,,DanielKohut/car-data,added_missing
BMW,X6,2008,2026,gor3a/vehicle-makes-models,added_missing
BMW,"X6 (E71, E72)",2007,2011,itdiag8-dotcom/database (vivid_cars2000.db),added_from_vivid
BMW,"X6 (F16, F86)",2012,2013,itdiag8-dotcom/database (vivid_cars2000.db),added_from_vivid
BMW,X6 M,2009,2026,gor3a/vehicle-makes-models,added_missing
BMW,X6 M50i,,,DanielKohut/car-data,added_missing
BMW,X6 – E71/E72,,,DanielKohut/car-data,added_missing
BMW,X6 – F16/F86,,,DanielKohut/car-data,added_missing
BMW,X6 – G06,,,DanielKohut/car-data,added_missing
BMW,X7,2018,2026,gor3a/vehicle-makes-models,added_missing
BMW,X7 M60i,,,DanielKohut/car-data,added_missing
BMW,X7 – G07,,,DanielKohut/car-data,added_missing
BMW,XM,2022,2026,gor3a/vehicle-makes-models,added_missing
BMW,Z3,1996,2003,gor3a/vehicle-makes-models,added_missing
BMW,Z3 (E36),2000,2001,itdiag8-dotcom/database (vivid_cars2000.db),added_from_vivid
BMW,Z3 Coupe (E36),2000,2001,itdiag8-dotcom/database (vivid_cars2000.db),added_from_vivid
BMW,Z3 M,,,DanielKohut/car-data,added_missing
BMW,Z4,2002,2026,gor3a/vehicle-makes-models,added_missing
BMW,Z4 (E85),2002,2005,itdiag8-dotcom/database (vivid_cars2000.db),added_from_vivid
BMW,Z4 (E89),2008,2012,itdiag8-dotcom/database (vivid_cars2000.db),added_from_vivid
BMW,Z4 Coupe (E86),2005,2005,itdiag8-dotcom/database (vivid_cars2000.db),added_from_vivid
BMW,Z4 M40i,,,DanielKohut/car-data,added_missing
BMW,Z4 – E85/E86,,,DanielKohut/car-data,added_missing
BMW,Z4 – E89,,,DanielKohut/car-data,added_missing
BMW,Z4 – G29,,,DanielKohut/car-data,added_missing
BMW,Z8,2000,2003,gor3a/vehicle-makes-models,added_missing
BMW,Z8 (E52),2000,2000,itdiag8-dotcom/database (vivid_cars2000.db),added_from_vivid
BMW,i3,2013,2026,gor3a/vehicle-makes-models,added_missing
BMW,i3s,,,DanielKohut/car-data,added_missing
BMW,i4,2021,2026,gor3a/vehicle-makes-models,added_missing
BMW,i4 M50,,,DanielKohut/car-data,added_missing
BMW,i5,2023,2026,gor3a/vehicle-makes-models,added_missing
BMW,i5 M60 xDrive,,,DanielKohut/car-data,added_missing
BMW,i7,2022,2026,gor3a/vehicle-makes-models,added_missing
BMW,i7 M70,,,DanielKohut/car-data,added_missing
BMW,i8,2014,2020,gor3a/vehicle-makes-models,added_missing
BMW,iX,2021,2026,gor3a/vehicle-makes-models,added_missing
BMW,iX M,2022,2025,gor3a/vehicle-makes-models,added_missing
BMW,iX M60,,,DanielKohut/car-data,added_missing
BMW,iX1,2022,2026,gor3a/vehicle-makes-models,added_missing
BMW,iX2,2023,2026,gor3a/vehicle-makes-models,added_missing
BMW,iX3,2020,2026,gor3a/vehicle-makes-models,added_missing
BYD,ATTO 2,2025,2026,gor3a/vehicle-makes-models,added_missing
BYD,ATTO 3,2022,2026,gor3a/vehicle-makes-models,added_missing
BYD,DOLPHIN,2025,2026,gor3a/vehicle-makes-models,added_missing
BYD,Sealion 7,2024,2026,gor3a/vehicle-makes-models,added_missing
Bentley,3 Litre,,,DanielKohut/car-data,added_missing
Bentley,4½ Litre,,,DanielKohut/car-data,added_missing
Bentley,6½ Litre,,,DanielKohut/car-data,added_missing
Bentley,8 Litre,,,DanielKohut/car-data,added_missing
Bentley,ARMOURED ARNAGE,2004,2009,plowman/open-vehicle-db,added_missing
Bentley,Bacalar,,,DanielKohut/car-data,added_missing
Bentley,Batur,2024,2026,gor3a/vehicle-makes-models,added_missing
Bentley,Bentayga,2015,2026,gor3a/vehicle-makes-models,added_missing
Bentley,Bentayga Speed,2019,2026,gor3a/vehicle-makes-models,added_missing
Bentley,Blower Bentley,,,DanielKohut/car-data,added_missing
Bentley,Continental GT,2011,2026,gor3a/vehicle-makes-models,added_missing
Bentley,Continental GT Speed,,,DanielKohut/car-data,added_missing
Bentley,Continental GTC,2006,2026,gor3a/vehicle-makes-models,added_missing
Bentley,Continental R,,,DanielKohut/car-data,added_missing
Bentley,Continental S,,,DanielKohut/car-data,added_missing
Bentley,Continental Supersports,,,DanielKohut/car-data,added_missing
Bentley,Continental T,,,DanielKohut/car-data,added_missing
Bentley,Corniche,,,DanielKohut/car-data,added_missing
Bentley,EXP 10 Speed 6,,,DanielKohut/car-data,added_missing
Bentley,EXP 100 GT,,,DanielKohut/car-data,added_missing
Bentley,Eight,,,DanielKohut/car-data,added_missing
Bentley,Flying Spur,2014,2026,gor3a/vehicle-makes-models,added_missing
Bentley,Mark VI,,,DanielKohut/car-data,added_missing
Bentley,Mulliner,2020,2026,gor3a/vehicle-makes-models,added_missing
Bentley,R Type,,,DanielKohut/car-data,added_missing
Bentley,Roll Royce Silver Seraph,2009,2009,plowman/open-vehicle-db,added_missing
Bentley,Rolls-Royce Park Ward,2009,2009,plowman/open-vehicle-db,added_missing
Bentley,S1,,,DanielKohut/car-data,added_missing
Bentley,S2,,,DanielKohut/car-data,added_missing
Bentley,S3,,,DanielKohut/car-data,added_missing
Bentley,Speed Six,,,DanielKohut/car-data,added_missing
Bentley,State Limousine,,,DanielKohut/car-data,added_missing
Bentley,T-Series,,,DanielKohut/car-data,added_missing
Bentley,Turbo R,,,DanielKohut/car-data,added_missing
Bentley,Turbo RT,,,DanielKohut/car-data,added_missing
Brilliance,BC3,,,DanielKohut/car-data,added_missing
Brilliance,BS2,,,DanielKohut/car-data,added_missing
Brilliance,BS4,,,DanielKohut/car-data,added_missing
Brilliance,BS6,,,DanielKohut/car-data,added_missing
Brilliance,C3,,,DanielKohut/car-data,added_missing
Brilliance,Dolphin,,,DanielKohut/car-data,added_missing
Brilliance,FRV,,,DanielKohut/car-data,added_missing
Brilliance,FRV Cross,,,DanielKohut/car-data,added_missing
Brilliance,FSV,,,DanielKohut/car-data,added_missing
Brilliance,Grandeur,,,DanielKohut/car-data,added_missing
Brilliance,H220,,,DanielKohut/car-data,added_missing
Brilliance,H230,2012,2026,gor3a/vehicle-makes-models,added_missing
Brilliance,H3,,,DanielKohut/car-data,added_missing
Brilliance,H320,,,DanielKohut/car-data,added_missing
Brilliance,H330,2013,2026,gor3a/vehicle-makes-models,added_missing
Brilliance,H530,2011,2026,gor3a/vehicle-makes-models,added_missing
Brilliance,H530 EV,,,DanielKohut/car-data,added_missing
Brilliance,H7,,,DanielKohut/car-data,added_missing
Brilliance,JunJie,,,DanielKohut/car-data,added_missing
Brilliance,JunJie Cross,,,DanielKohut/car-data,added_missing
Brilliance,JunJie FRV,,,DanielKohut/car-data,added_missing
Brilliance,JunJie FSV,,,DanielKohut/car-data,added_missing
Brilliance,JunJie Wagon,,,DanielKohut/car-data,added_missing
Brilliance,Junjine Tun,,,DanielKohut/car-data,added_missing
Brilliance,Kubao,,,DanielKohut/car-data,added_missing
Brilliance,M2,,,DanielKohut/car-data,added_missing
Brilliance,M3,,,DanielKohut/car-data,added_missing
Brilliance,Splendor,,,DanielKohut/car-data,added_missing
Brilliance,Tun,,,DanielKohut/car-data,added_missing
Brilliance,V3,2015,2026,gor3a/vehicle-makes-models,added_missing
Brilliance,V5,2012,2026,gor3a/vehicle-makes-models,added_missing
Brilliance,V6,,,DanielKohut/car-data,added_missing
Brilliance,V7,2018,2026,gor3a/vehicle-makes-models,added_missing
Brilliance,X1,,,DanielKohut/car-data,added_missing
Brilliance,X3,,,DanielKohut/car-data,added_missing
Brilliance,Zhonghua,,,DanielKohut/car-data,added_missing
Brilliance,Zunchi,,,DanielKohut/car-data,added_missing
Bugatti,16C Galibier,,,DanielKohut/car-data,added_missing
Bugatti,18/3 Chiron,,,DanielKohut/car-data,added_missing
Bugatti,Bolide,2022,2026,gor3a/vehicle-makes-models,added_missing
Bugatti,Brouillard,2025,2026,gor3a/vehicle-makes-models,added_missing
Bugatti,Centodieci,2019,2022,gor3a/vehicle-makes-models,added_missing
Bugatti,Chiron,2016,2026,gor3a/vehicle-makes-models,added_missing
Bugatti,Chiron Pur Sport,,,DanielKohut/car-data,added_missing
Bugatti,Chiron Super Sport,,,DanielKohut/car-data,added_missing
Bugatti,Chiron Super Sport 300+,,,DanielKohut/car-data,added_missing
Bugatti,Chiron Supersport,2020,2024,plowman/open-vehicle-db,added_missing
Bugatti,Divo,2018,2021,gor3a/vehicle-makes-models,added_missing
Bugatti,EB 110 GT,,,DanielKohut/car-data,added_missing
Bugatti,EB 110 SS,,,DanielKohut/car-data,added_missing
Bugatti,EB 112,,,DanielKohut/car-data,added_missing
Bugatti,EB 118,,,DanielKohut/car-data,added_missing
Bugatti,EB 218,,,DanielKohut/car-data,added_missing
Bugatti,EB110,1994,2027,plowman/open-vehicle-db,added_missing
Bugatti,La Voiture Noire,2019,2019,gor3a/vehicle-makes-models,added_missing
Bugatti,Mistral,2022,2026,gor3a/vehicle-makes-models,added_missing
Bugatti,Tourbillon,2024,2026,gor3a/vehicle-makes-models,added_missing
Bugatti,Type 101,,,DanielKohut/car-data,added_missing
Bugatti,Type 101 Antem,,,DanielKohut/car-data,added_missing
Bugatti,Type 13,,,DanielKohut/car-data,added_missing
Bugatti,Type 17,,,DanielKohut/car-data,added_missing
Bugatti,Type 18,,,DanielKohut/car-data,added_missing
Bugatti,Type 22,,,DanielKohut/car-data,added_missing
Bugatti,Type 23,,,DanielKohut/car-data,added_missing
Bugatti,Type 251,,,DanielKohut/car-data,added_missing
Bugatti,Type 30,,,DanielKohut/car-data,added_missing
Bugatti,Type 32,,,DanielKohut/car-data,added_missing
Bugatti,Type 35,,,DanielKohut/car-data,added_missing
Bugatti,Type 37,,,DanielKohut/car-data,added_missing
Bugatti,Type 41 Royale,,,DanielKohut/car-data,added_missing
Bugatti,Type 43,,,DanielKohut/car-data,added_missing
Bugatti,Type 44,,,DanielKohut/car-data,added_missing
Bugatti,Type 46,,,DanielKohut/car-data,added_missing
Bugatti,Type 49,,,DanielKohut/car-data,added_missing
Bugatti,Type 50,,,DanielKohut/car-data,added_missing
Bugatti,Type 51,,,DanielKohut/car-data,added_missing
Bugatti,Type 52,,,DanielKohut/car-data,added_missing
Bugatti,Type 53,,,DanielKohut/car-data,added_missing
Bugatti,Type 54,,,DanielKohut/car-data,added_missing
Bugatti,Type 55,,,DanielKohut/car-data,added_missing
Bugatti,Type 56,,,DanielKohut/car-data,added_missing
Bugatti,Type 57,,,DanielKohut/car-data,added_missing
Bugatti,Type 57 Atlantic,,,DanielKohut/car-data,added_missing
Bugatti,Type 57C,,,DanielKohut/car-data,added_missing
Bugatti,Type 57S,,,DanielKohut/car-data,added_missing
Bugatti,Type 57SC Atlantic,,,DanielKohut/car-data,added_missing
Bugatti,Type 59,,,DanielKohut/car-data,added_missing
Bugatti,Veyron,2005,2015,gor3a/vehicle-makes-models,added_missing
Bugatti,Veyron 16.4 Grand Sport,,,DanielKohut/car-data,added_missing
Bugatti,Veyron 16.4 Super Sport,,,DanielKohut/car-data,added_missing
Bugatti,Veyron Grand Sport Vitesse,,,DanielKohut/car-data,added_missing
Bugatti,Vision Gran Turismo,,,DanielKohut/car-data,added_missing
Buick,Allure,2005,2009,plowman/open-vehicle-db,added_missing
Buick,Apollo,,,DanielKohut/car-data,added_missing
Buick,Cascada,2016,2019,gor3a/vehicle-makes-models,added_missing
Buick,Century,1939,2005,gor3a/vehicle-makes-models,added_missing
Buick,Century Custom,,,DanielKohut/car-data,added_missing
Buick,Eight,,,DanielKohut/car-data,added_missing
Buick,Electra,,,DanielKohut/car-data,added_missing
Buick,Enclave,2007,2026,gor3a/vehicle-makes-models,added_missing
Buick,Encore,2013,2026,gor3a/vehicle-makes-models,added_missing
Buick,Encore GX,,,DanielKohut/car-data,added_missing
Buick,Enspire,,,DanielKohut/car-data,added_missing
Buick,Envision,2014,2026,gor3a/vehicle-makes-models,added_missing
Buick,Envista,2023,2026,gor3a/vehicle-makes-models,added_missing
Buick,Estate Wagon,,,DanielKohut/car-data,added_missing
Buick,GL6,,,DanielKohut/car-data,added_missing
Buick,GL8,,,DanielKohut/car-data,added_missing
Buick,GL8 Avenir,,,DanielKohut/car-data,added_missing
Buick,GS,,,DanielKohut/car-data,added_missing
Buick,Incomplete,2001,2001,plowman/open-vehicle-db,added_missing
Buick,Invicta,,,DanielKohut/car-data,added_missing
Buick,LA CROSSE Saloon,2008,2008,itdiag8-dotcom/database (vivid_cars2000.db),added_from_vivid
Buick,LaCrosse,2004,2019,gor3a/vehicle-makes-models,added_missing
Buick,LeSabre,1991,2005,gor3a/vehicle-makes-models,added_missing
Buick,Limited,,,DanielKohut/car-data,added_missing
Buick,Lucerne,2005,2011,gor3a/vehicle-makes-models,added_missing
Buick,Master Six,,,DanielKohut/car-data,added_missing
Buick,Park Avenue,1991,2005,gor3a/vehicle-makes-models,added_missing
Buick,REGAL (4WF_),2002,2002,itdiag8-dotcom/database (vivid_cars2000.db),added_from_vivid
Buick,RENDEZVOUZ,2000,2000,itdiag8-dotcom/database (vivid_cars2000.db),added_from_vivid
Buick,Rainier,2003,2007,gor3a/vehicle-makes-models,added_missing
Buick,Regal TourX,,,DanielKohut/car-data,added_missing
Buick,Rendezvous,2002,2007,gor3a/vehicle-makes-models,added_missing
Buick,Roadmaster,,,DanielKohut/car-data,added_missing
Buick,Series 40,,,DanielKohut/car-data,added_missing
Buick,Series 50,,,DanielKohut/car-data,added_missing
Buick,Series 60,,,DanielKohut/car-data,added_missing
Buick,Series 70,,,DanielKohut/car-data,added_missing
Buick,Series 80,,,DanielKohut/car-data,added_missing
Buick,Series 90,,,DanielKohut/car-data,added_missing
Buick,Skylark Custom,,,DanielKohut/car-data,added_missing
Buick,Special,,,DanielKohut/car-data,added_missing
Buick,Terraza,2005,2007,gor3a/vehicle-makes-models,added_missing
Buick,Velite,,,DanielKohut/car-data,added_missing
Buick,Velite 6,,,DanielKohut/car-data,added_missing
Buick,Velite 7,,,DanielKohut/car-data,added_missing
Buick,Verano,2012,2017,gor3a/vehicle-makes-models,added_missing
Buick,Wildcat,,,DanielKohut/car-data,added_missing
Buick,Y-Job,,,DanielKohut/car-data,added_missing
Cadillac,ATS,2012,2019,gor3a/vehicle-makes-models,added_missing
Cadillac,ATS Coupe,,,DanielKohut/car-data,added_missing
Cadillac,ATS-V,2015,2019,gor3a/vehicle-makes-models,added_missing
Cadillac,BLS Wagon,2006,2009,itdiag8-dotcom/database (vivid_cars2000.db),added_from_vivid
Cadillac,CT4,2019,2026,gor3a/vehicle-makes-models,added_missing
Cadillac,CT4-V,2019,2026,gor3a/vehicle-makes-models,added_missing
Cadillac,CT5,2019,2026,gor3a/vehicle-makes-models,added_missing
Cadillac,CT5-V,2019,2026,gor3a/vehicle-makes-models,added_missing
Cadillac,CT6,2016,2023,gor3a/vehicle-makes-models,added_missing
Cadillac,CTS Coupe,,,DanielKohut/car-data,added_missing
Cadillac,CTS Sport,2009,2014,gor3a/vehicle-makes-models,added_missing
Cadillac,CTS Sport Wagon,2007,2011,itdiag8-dotcom/database (vivid_cars2000.db),added_from_vivid
Cadillac,CTS V-Series,2003,2019,gor3a/vehicle-makes-models,added_missing
Cadillac,CTS-V,2012,2015,gor3a/vehicle-makes-models,added_missing
Cadillac,CTS-V Sport,2010,2014,gor3a/vehicle-makes-models,added_missing
Cadillac,Calais,,,DanielKohut/car-data,added_missing
Cadillac,Catera,1997,2001,gor3a/vehicle-makes-models,added_missing
Cadillac,Celestiq,2023,2026,gor3a/vehicle-makes-models,added_missing
Cadillac,Cimarron,,,DanielKohut/car-data,added_missing
Cadillac,Commercial Chassis,1985,2001,plowman/open-vehicle-db,added_missing
Cadillac,DTS,2005,2011,gor3a/vehicle-makes-models,added_missing
Cadillac,DeVille,1994,2005,gor3a/vehicle-makes-models,added_missing
Cadillac,ELR,2014,2016,gor3a/vehicle-makes-models,added_missing
Cadillac,ESCALADE Crew Cab Pickup,2007,2007,itdiag8-dotcom/database (vivid_cars2000.db),added_from_vivid
Cadillac,ESCALADE Pickup,2009,2009,itdiag8-dotcom/database (vivid_cars2000.db),added_from_vivid
Cadillac,Eldorado,1957,2003,gor3a/vehicle-makes-models,added_missing
Cadillac,Escalade,2000,2026,gor3a/vehicle-makes-models,added_missing
Cadillac,Escalade ESV,2002,2024,gor3a/vehicle-makes-models,added_missing
Cadillac,Escalade EXT,2001,2013,gor3a/vehicle-makes-models,added_missing
Cadillac,Escalade IQ,,,DanielKohut/car-data,added_missing
Cadillac,Escalade IQL,2025,2026,gor3a/vehicle-makes-models,added_missing
Cadillac,Fleetwood,,,DanielKohut/car-data,added_missing
Cadillac,Fleetwood Brougham,,,DanielKohut/car-data,added_missing
Cadillac,Hearse,1997,2011,plowman/open-vehicle-db,added_missing
Cadillac,Limousine,1998,2011,plowman/open-vehicle-db,added_missing
Cadillac,Lyriq,2022,2026,gor3a/vehicle-makes-models,added_missing
Cadillac,Lyriq-V,2025,2026,gor3a/vehicle-makes-models,added_missing
Cadillac,Optiq,2023,2026,gor3a/vehicle-makes-models,added_missing
Cadillac,Optiq-V,2025,2026,gor3a/vehicle-makes-models,added_missing
Cadillac,SRX,2004,2016,gor3a/vehicle-makes-models,added_missing
Cadillac,STS,2004,2010,gor3a/vehicle-makes-models,added_missing
Cadillac,STS-V,,,DanielKohut/car-data,added_missing
Cadillac,Seville,1992,2004,gor3a/vehicle-makes-models,added_missing
Cadillac,Sixty Special,,,DanielKohut/car-data,added_missing
Cadillac,V-Series.R,,,DanielKohut/car-data,added_missing
Cadillac,Vistiq,2023,2026,gor3a/vehicle-makes-models,added_missing
Cadillac,XLR,2003,2009,gor3a/vehicle-makes-models,added_missing
Cadillac,XLR V-Series,2008,2009,gor3a/vehicle-makes-models,added_missing
Cadillac,XT4,2018,2025,gor3a/vehicle-makes-models,added_missing
Cadillac,XT5,2016,2024,gor3a/vehicle-makes-models,added_missing
Cadillac,XT6,2019,2025,gor3a/vehicle-makes-models,added_missing
Cadillac,XTS,2013,2019,gor3a/vehicle-makes-models,added_missing
Caterham,21,,,DanielKohut/car-data,added_missing
Caterham,7 160,,,DanielKohut/car-data,added_missing
Caterham,7 165,,,DanielKohut/car-data,added_missing
Caterham,7 270,,,DanielKohut/car-data,added_missing
Caterham,7 275,,,DanielKohut/car-data,added_missing
Caterham,7 310,,,DanielKohut/car-data,added_missing
Caterham,7 340,,,DanielKohut/car-data,added_missing
Caterham,7 420,,,DanielKohut/car-data,added_missing
Caterham,7 485,,,DanielKohut/car-data,added_missing
Caterham,7 485 CSR,,,DanielKohut/car-data,added_missing
Caterham,7 620R,,,DanielKohut/car-data,added_missing
Caterham,7 620S,,,DanielKohut/car-data,added_missing
Caterham,CSR 175,,,DanielKohut/car-data,added_missing
Caterham,CSR 200,,,DanielKohut/car-data,added_missing
Caterham,Classic,2000,2005,gor3a/vehicle-makes-models,added_missing
Caterham,Roadsport,2007,2009,gor3a/vehicle-makes-models,added_missing
Caterham,Seven 160,2013,2026,gor3a/vehicle-makes-models,added_missing
Caterham,Seven 620,2013,2026,gor3a/vehicle-makes-models,added_missing
Caterham,Super Seven 1600,,,DanielKohut/car-data,added_missing
Caterham,Super Seven 2000,,,DanielKohut/car-data,added_missing
Caterham,Super Seven 600,,,DanielKohut/car-data,added_missing
Caterham,Superlight,2013,2026,gor3a/vehicle-makes-models,added_missing
Caterham,Superlight R300,,,DanielKohut/car-data,added_missing
Caterham,Superlight R400,,,DanielKohut/car-data,added_missing
Caterham,Superlight R500,,,DanielKohut/car-data,added_missing
Caterham,Superlight R500 Duratec,,,DanielKohut/car-data,added_missing
Caterham,Supersport,2012,2026,gor3a/vehicle-makes-models,added_missing
Caterham,The Super Seven 1600,2020,2026,gor3a/vehicle-makes-models,added_missing
Chery,TIGGO 7,2024,2026,gor3a/vehicle-makes-models,added_missing
Chery,TIGGO 8,2022,2026,gor3a/vehicle-makes-models,added_missing
Chery,TIGGO 9,2025,2026,gor3a/vehicle-makes-models,added_missing
Chevrolet,3 ton,2001,2004,plowman/open-vehicle-db,added_missing
Chevrolet,ASTRA Hatchback,2002,2002,itdiag8-dotcom/database (vivid_cars2000.db),added_from_vivid
Chevrolet,ASTRA Saloon,2002,2002,itdiag8-dotcom/database (vivid_cars2000.db),added_from_vivid
Chevrolet,ASTRO Extended Cargo Van,2001,2001,itdiag8-dotcom/database (vivid_cars2000.db),added_from_vivid
Chevrolet,ASTRO Extended Passenger Van,2001,2001,itdiag8-dotcom/database (vivid_cars2000.db),added_from_vivid
Chevrolet,AVALANCHE 1500 Crew Cab Pickup,2001,2003,itdiag8-dotcom/database (vivid_cars2000.db),added_from_vivid
Chevrolet,AVALANCHE 2500 Crew Cab Pickup,2001,2003,itdiag8-dotcom/database (vivid_cars2000.db),added_from_vivid
Chevrolet,AVALANCHE Crew Cab Pickup,2005,2009,itdiag8-dotcom/database (vivid_cars2000.db),added_from_vivid
Chevrolet,AVEO Hatchback (T200),2004,2004,itdiag8-dotcom/database (vivid_cars2000.db),added_from_vivid
Chevrolet,"AVEO Hatchback (T250, T255)",2007,2007,itdiag8-dotcom/database (vivid_cars2000.db),added_from_vivid
Chevrolet,AVEO Hatchback (T300),2010,2012,itdiag8-dotcom/database (vivid_cars2000.db),added_from_vivid
Chevrolet,"AVEO Saloon (T250, T255)",2004,2008,itdiag8-dotcom/database (vivid_cars2000.db),added_from_vivid
Chevrolet,AVEO Saloon (T300),2010,2011,itdiag8-dotcom/database (vivid_cars2000.db),added_from_vivid
Chevrolet,Astro,1994,2005,gor3a/vehicle-makes-models,added_missing
Chevrolet,Astro Van,1985,2005,plowman/open-vehicle-db,added_missing
Chevrolet,Avalanche,2001,2013,gor3a/vehicle-makes-models,added_missing
Chevrolet,Aveo / Kalos,2002,2016,gor3a/vehicle-makes-models,added_missing
Chevrolet,B7,1991,2002,plowman/open-vehicle-db,added_missing
Chevrolet,BLAZER S10,2002,2002,itdiag8-dotcom/database (vivid_cars2000.db),added_from_vivid
Chevrolet,Blazer,1995,2026,gor3a/vehicle-makes-models,added_missing
Chevrolet,Bolt,2016,2026,gor3a/vehicle-makes-models,added_missing
Chevrolet,Bolt EUV,2022,2023,plowman/open-vehicle-db,added_missing
Chevrolet,Bolt EV,2017,2023,plowman/open-vehicle-db,added_missing
Chevrolet,BrightDrop,2025,2027,plowman/open-vehicle-db,added_missing
Chevrolet,C/K Pickup,1981,2006,plowman/open-vehicle-db,added_missing
Chevrolet,C5,1981,2009,plowman/open-vehicle-db,added_missing
Chevrolet,C6,1981,2009,plowman/open-vehicle-db,added_missing
Chevrolet,C7,1981,2009,plowman/open-vehicle-db,added_missing
Chevrolet,CAMARO Convertible,2010,2010,itdiag8-dotcom/database (vivid_cars2000.db),added_from_vivid
Chevrolet,"CAPTIVA (C100, C140)",2005,2010,itdiag8-dotcom/database (vivid_cars2000.db),added_from_vivid
Chevrolet,CORSA Pickup,2001,2001,itdiag8-dotcom/database (vivid_cars2000.db),added_from_vivid
Chevrolet,CORVETTE (C6),2003,2007,itdiag8-dotcom/database (vivid_cars2000.db),added_from_vivid
Chevrolet,CORVETTE (C7),2012,2012,itdiag8-dotcom/database (vivid_cars2000.db),added_from_vivid
Chevrolet,CORVETTE Convertible (C6),2003,2011,itdiag8-dotcom/database (vivid_cars2000.db),added_from_vivid
Chevrolet,CORVETTE Convertible (C7),2012,2012,itdiag8-dotcom/database (vivid_cars2000.db),added_from_vivid
Chevrolet,CRUZE (J300),2008,2012,itdiag8-dotcom/database (vivid_cars2000.db),added_from_vivid
Chevrolet,CRUZE Hatchback (J305),2010,2012,itdiag8-dotcom/database (vivid_cars2000.db),added_from_vivid
Chevrolet,CRUZE Station Wagon (J308),2011,2012,itdiag8-dotcom/database (vivid_cars2000.db),added_from_vivid
Chevrolet,Caprice Police Vehicle,2011,2027,plowman/open-vehicle-db,added_missing
Chevrolet,Captiva Sport,2010,2027,plowman/open-vehicle-db,added_missing
Chevrolet,Cavalier,1994,2005,gor3a/vehicle-makes-models,added_missing
Chevrolet,City Express,2015,2018,plowman/open-vehicle-db,added_missing
Chevrolet,Colorado,2003,2026,gor3a/vehicle-makes-models,added_missing
Chevrolet,Colorado Regular Cab,2003,2012,gor3a/vehicle-makes-models,added_missing
Chevrolet,Corvette,1953,2026,gor3a/vehicle-makes-models,added_missing
Chevrolet,Corvette E-Ray,2023,2026,gor3a/vehicle-makes-models,added_missing
Chevrolet,Corvette Grand Sport,2026,2026,gor3a/vehicle-makes-models,added_missing
Chevrolet,Corvette Z06,2008,2026,gor3a/vehicle-makes-models,added_missing
Chevrolet,Corvette ZR1,2008,2026,gor3a/vehicle-makes-models,added_missing
Chevrolet,Cruze Limited,2016,2016,plowman/open-vehicle-db,added_missing
Chevrolet,EPICA (KL1_),2004,2006,itdiag8-dotcom/database (vivid_cars2000.db),added_from_vivid
Chevrolet,EXPRESS Bus,2006,2006,itdiag8-dotcom/database (vivid_cars2000.db),added_from_vivid
Chevrolet,Equinox,2004,2026,gor3a/vehicle-makes-models,added_missing
Chevrolet,Evanda,2004,2006,gor3a/vehicle-makes-models,added_missing
Chevrolet,Express,1995,2026,gor3a/vehicle-makes-models,added_missing
Chevrolet,GMT-400,1987,2002,plowman/open-vehicle-db,added_missing
Chevrolet,Geo Prizm,1998,2027,plowman/open-vehicle-db,added_missing
Chevrolet,HHR,2005,2011,gor3a/vehicle-makes-models,added_missing
Chevrolet,Impala,1958,2020,gor3a/vehicle-makes-models,added_missing
Chevrolet,Impala Limited,2014,2016,plowman/open-vehicle-db,added_missing
Chevrolet,KALOS Saloon,2004,2004,itdiag8-dotcom/database (vivid_cars2000.db),added_from_vivid
Chevrolet,LACETTI (J200),2004,2006,itdiag8-dotcom/database (vivid_cars2000.db),added_from_vivid
Chevrolet,LACETTI Estate (J200),2004,2006,itdiag8-dotcom/database (vivid_cars2000.db),added_from_vivid
Chevrolet,LANOS Saloon,2004,2004,itdiag8-dotcom/database (vivid_cars2000.db),added_from_vivid
Chevrolet,LUMINA Saloon,2003,2003,itdiag8-dotcom/database (vivid_cars2000.db),added_from_vivid
Chevrolet,Lumina,1990,2001,plowman/open-vehicle-db,added_missing
Chevrolet,MALIBU (V300),2011,2011,itdiag8-dotcom/database (vivid_cars2000.db),added_from_vivid
Chevrolet,MALIBU Hatchback,2003,2003,itdiag8-dotcom/database (vivid_cars2000.db),added_from_vivid
Chevrolet,"MATIZ (M200, M250)",2004,2006,itdiag8-dotcom/database (vivid_cars2000.db),added_from_vivid
Chevrolet,MW,2000,2000,itdiag8-dotcom/database (vivid_cars2000.db),added_from_vivid
Chevrolet,Malibu Classic,2004,2005,plowman/open-vehicle-db,added_missing
Chevrolet,Malibu Limited,2016,2016,plowman/open-vehicle-db,added_missing
Chevrolet,Malibu Maxx,2003,2008,gor3a/vehicle-makes-models,added_missing
Chevrolet,Matiz,2004,2012,plowman/open-vehicle-db,added_missing
Chevrolet,Matiz / Spark,2000,2022,gor3a/vehicle-makes-models,added_missing
Chevrolet,Metro,1998,2001,plowman/open-vehicle-db,added_missing
Chevrolet,Monte Carlo,2005,2007,gor3a/vehicle-makes-models,added_missing
Chevrolet,NIVA,2002,2009,itdiag8-dotcom/database (vivid_cars2000.db),added_from_vivid
Chevrolet,NUBIRA Estate,2004,2006,itdiag8-dotcom/database (vivid_cars2000.db),added_from_vivid
Chevrolet,NUBIRA Saloon,2004,2005,itdiag8-dotcom/database (vivid_cars2000.db),added_from_vivid
Chevrolet,Nubira / Lacetti,2002,2009,gor3a/vehicle-makes-models,added_missing
Chevrolet,OPTRA (1J_),2003,2003,itdiag8-dotcom/database (vivid_cars2000.db),added_from_vivid
Chevrolet,OPTRA Estate,2005,2005,itdiag8-dotcom/database (vivid_cars2000.db),added_from_vivid
Chevrolet,OPTRA Hatchback,2005,2005,itdiag8-dotcom/database (vivid_cars2000.db),added_from_vivid
Chevrolet,ORLANDO (J309),2010,2011,itdiag8-dotcom/database (vivid_cars2000.db),added_from_vivid
Chevrolet,Onix,2012,2019,gor3a/vehicle-makes-models,added_missing
Chevrolet,REZZO,2004,2004,itdiag8-dotcom/database (vivid_cars2000.db),added_from_vivid
Chevrolet,S-10,1997,2004,gor3a/vehicle-makes-models,added_missing
Chevrolet,S-10 Blazer,1982,2000,plowman/open-vehicle-db,added_missing
Chevrolet,S-10 Pickup,1982,2005,plowman/open-vehicle-db,added_missing
Chevrolet,SILVERADO 1500,2006,2006,itdiag8-dotcom/database (vivid_cars2000.db),added_from_vivid
Chevrolet,SILVERADO 1500 Crew Cab Pickup,2005,2008,itdiag8-dotcom/database (vivid_cars2000.db),added_from_vivid
Chevrolet,SILVERADO 1500 Extended Cab Pickup,2005,2009,itdiag8-dotcom/database (vivid_cars2000.db),added_from_vivid
Chevrolet,SILVERADO 1500 Standard Cab Pickup,2005,2009,itdiag8-dotcom/database (vivid_cars2000.db),added_from_vivid
Chevrolet,SILVERADO 2500 Cab & Chassis,2011,2011,itdiag8-dotcom/database (vivid_cars2000.db),added_from_vivid
Chevrolet,SILVERADO 2500 Crew Cab Pickup,2011,2011,itdiag8-dotcom/database (vivid_cars2000.db),added_from_vivid
Chevrolet,SILVERADO 2500 Extended Cab Pickup,2009,2009,itdiag8-dotcom/database (vivid_cars2000.db),added_from_vivid
Chevrolet,SILVERADO 2500 HD,2006,2006,itdiag8-dotcom/database (vivid_cars2000.db),added_from_vivid
Chevrolet,SILVERADO 2500 HD Crew Cab Pickup,2009,2009,itdiag8-dotcom/database (vivid_cars2000.db),added_from_vivid
Chevrolet,SILVERADO 2500 HD Standard Cab Pickup,2006,2011,itdiag8-dotcom/database (vivid_cars2000.db),added_from_vivid
Chevrolet,SILVERADO 2500 Standard Cab Pickup,2009,2009,itdiag8-dotcom/database (vivid_cars2000.db),added_from_vivid
Chevrolet,SILVERADO 3500 Cab & Chassis,2009,2009,itdiag8-dotcom/database (vivid_cars2000.db),added_from_vivid
Chevrolet,SILVERADO 3500 Crew Cab Pickup,2000,2000,itdiag8-dotcom/database (vivid_cars2000.db),added_from_vivid
Chevrolet,SILVERADO 3500 Extended Cab Pickup,2009,2011,itdiag8-dotcom/database (vivid_cars2000.db),added_from_vivid
Chevrolet,SILVERADO 3500 HD Cab & Chassis,2006,2008,itdiag8-dotcom/database (vivid_cars2000.db),added_from_vivid
Chevrolet,SILVERADO 3500 HD Crew Cab Pickup,2007,2009,itdiag8-dotcom/database (vivid_cars2000.db),added_from_vivid
Chevrolet,SILVERADO 3500 HD Extended Cab Pickup,2009,2009,itdiag8-dotcom/database (vivid_cars2000.db),added_from_vivid
Chevrolet,SILVERADO 3500 HD Standard Cab Pickup,2009,2009,itdiag8-dotcom/database (vivid_cars2000.db),added_from_vivid
Chevrolet,SILVERADO 3500 Standard Cab Pickup,2008,2008,itdiag8-dotcom/database (vivid_cars2000.db),added_from_vivid
Chevrolet,SPARK (M300),2009,2009,itdiag8-dotcom/database (vivid_cars2000.db),added_from_vivid
Chevrolet,SS,2013,2017,gor3a/vehicle-makes-models,added_missing
Chevrolet,SSR,2003,2006,gor3a/vehicle-makes-models,added_missing
Chevrolet,SUBURBAN (GMT 900),2006,2010,itdiag8-dotcom/database (vivid_cars2000.db),added_from_vivid
Chevrolet,SUBURBAN 1500 Closed Off-Road Vehicle,2006,2006,itdiag8-dotcom/database (vivid_cars2000.db),added_from_vivid
Chevrolet,SUBURBAN 2500 Closed Off-Road Vehicle,2006,2009,itdiag8-dotcom/database (vivid_cars2000.db),added_from_vivid
Chevrolet,Silverado 2500HD,2007,2026,gor3a/vehicle-makes-models,added_missing
Chevrolet,Silverado 3500HD,2008,2013,gor3a/vehicle-makes-models,added_missing
Chevrolet,Silverado HD,2019,2027,plowman/open-vehicle-db,added_missing
Chevrolet,Silverado Hybrid,2008,2013,gor3a/vehicle-makes-models,added_missing
Chevrolet,Silverado LD,2019,2027,plowman/open-vehicle-db,added_missing
Chevrolet,Silverado LTD,2022,2027,plowman/open-vehicle-db,added_missing
Chevrolet,Sonic RS,2012,2020,gor3a/vehicle-makes-models,added_missing
Chevrolet,Spark EV,2013,2016,gor3a/vehicle-makes-models,added_missing
Chevrolet,Spin,2012,2018,gor3a/vehicle-makes-models,added_missing
Chevrolet,Suburban,1999,2026,gor3a/vehicle-makes-models,added_missing
Chevrolet,Suburban HD,2024,2027,plowman/open-vehicle-db,added_missing
Chevrolet,TAHOE (B2W),2000,2003,itdiag8-dotcom/database (vivid_cars2000.db),added_from_vivid
Chevrolet,TAHOE (GMT900),2006,2008,itdiag8-dotcom/database (vivid_cars2000.db),added_from_vivid
Chevrolet,TAVERA,2003,2003,itdiag8-dotcom/database (vivid_cars2000.db),added_from_vivid
Chevrolet,TRAILBLAZER (31UX),2011,2011,itdiag8-dotcom/database (vivid_cars2000.db),added_from_vivid
Chevrolet,TRAILBLAZER (KC_),2001,2004,itdiag8-dotcom/database (vivid_cars2000.db),added_from_vivid
Chevrolet,TRANS SPORT,2000,2001,itdiag8-dotcom/database (vivid_cars2000.db),added_from_vivid
Chevrolet,Tahoe,1991,2026,gor3a/vehicle-makes-models,added_missing
Chevrolet,TrailBlazer,2000,2026,gor3a/vehicle-makes-models,added_missing
Chevrolet,Traverse,2008,2026,gor3a/vehicle-makes-models,added_missing
Chevrolet,Traverse Limited,2024,2027,plowman/open-vehicle-db,added_missing
Chevrolet,U100,2004,2005,plowman/open-vehicle-db,added_missing
Chevrolet,Uplander,2004,2009,gor3a/vehicle-makes-models,added_missing
Chevrolet,VIVA,2003,2003,itdiag8-dotcom/database (vivid_cars2000.db),added_from_vivid
Chevrolet,VIVANT,2004,2004,itdiag8-dotcom/database (vivid_cars2000.db),added_from_vivid
Chevrolet,Venture,1996,2005,gor3a/vehicle-makes-models,added_missing
Chevrolet,Volt,2011,2019,gor3a/vehicle-makes-models,added_missing
Chevrolet,ZAFIRA (F75),2000,2003,itdiag8-dotcom/database (vivid_cars2000.db),added_from_vivid
Chrysler,200,2011,2016,gor3a/vehicle-makes-models,added_missing
Chrysler,300,2011,2023,gor3a/vehicle-makes-models,added_missing
Chrysler,300 C,2010,2010,itdiag8-dotcom/database (vivid_cars2000.db),added_from_vivid
Chrysler,300 C (LX),2003,2009,itdiag8-dotcom/database (vivid_cars2000.db),added_from_vivid
Chrysler,300 C Touring (LX),2003,2006,itdiag8-dotcom/database (vivid_cars2000.db),added_from_vivid
Chrysler,300 M (LR),2000,2000,itdiag8-dotcom/database (vivid_cars2000.db),added_from_vivid
Chrysler,300M,1998,2004,gor3a/vehicle-makes-models,added_missing
Chrysler,AVENGER,,,itdiag8-dotcom/database (vivid_cars2000.db),added_from_vivid
Chrysler,Airflow,,,DanielKohut/car-data,added_missing
Chrysler,Aspen,2006,2009,gor3a/vehicle-makes-models,added_missing
Chrysler,Atlantic Concept,,,DanielKohut/car-data,added_missing
Chrysler,CALIBER,,,itdiag8-dotcom/database (vivid_cars2000.db),added_from_vivid
Chrysler,CARAVAN,,,itdiag8-dotcom/database (vivid_cars2000.db),added_from_vivid
Chrysler,CARAVAN (RG_),,,itdiag8-dotcom/database (vivid_cars2000.db),added_from_vivid
Chrysler,CHALLENGER Coupe,,,itdiag8-dotcom/database (vivid_cars2000.db),added_from_vivid
Chrysler,CHARGER,,,itdiag8-dotcom/database (vivid_cars2000.db),added_from_vivid
Chrysler,CROSSFIRE Roadster,2003,2003,itdiag8-dotcom/database (vivid_cars2000.db),added_from_vivid
Chrysler,Cirrus,,,DanielKohut/car-data,added_missing
Chrysler,Concorde,1993,2004,gor3a/vehicle-makes-models,added_missing
Chrysler,Cordoba,,,DanielKohut/car-data,added_missing
Chrysler,DAKOTA,,,itdiag8-dotcom/database (vivid_cars2000.db),added_from_vivid
Chrysler,DART,,,itdiag8-dotcom/database (vivid_cars2000.db),added_from_vivid
Chrysler,DELTA,2010,2010,itdiag8-dotcom/database (vivid_cars2000.db),added_from_vivid
Chrysler,DURANGO,,,itdiag8-dotcom/database (vivid_cars2000.db),added_from_vivid
Chrysler,Dynasty,,,DanielKohut/car-data,added_missing
Chrysler,E-Class,,,DanielKohut/car-data,added_missing
Chrysler,Fifth Avenue,,,DanielKohut/car-data,added_missing
Chrysler,GRAND VOYAGER V (RT),2006,2011,itdiag8-dotcom/database (vivid_cars2000.db),added_from_vivid
Chrysler,Grand Caravan,2021,2027,plowman/open-vehicle-db,added_missing
Chrysler,Grand Voyager,2008,2015,gor3a/vehicle-makes-models,added_missing
Chrysler,Imperial,,,DanielKohut/car-data,added_missing
Chrysler,Intrepid,,,DanielKohut/car-data,added_missing
Chrysler,JOURNEY,,,itdiag8-dotcom/database (vivid_cars2000.db),added_from_vivid
Chrysler,LHS,,,DanielKohut/car-data,added_missing
Chrysler,Laser,,,DanielKohut/car-data,added_missing
Chrysler,NEON II,2000,2002,itdiag8-dotcom/database (vivid_cars2000.db),added_from_vivid
Chrysler,NITRO,,,itdiag8-dotcom/database (vivid_cars2000.db),added_from_vivid
Chrysler,Neon,,,DanielKohut/car-data,added_missing
Chrysler,Newport,,,DanielKohut/car-data,added_missing
Chrysler,PT CRUISER (PT_),2000,2004,itdiag8-dotcom/database (vivid_cars2000.db),added_from_vivid
Chrysler,PT CRUISER Convertible,2003,2003,itdiag8-dotcom/database (vivid_cars2000.db),added_from_vivid
Chrysler,Pacifica,2003,2026,gor3a/vehicle-makes-models,added_missing
Chrysler,Phaeton Concept,,,DanielKohut/car-data,added_missing
Chrysler,Prowler,,,DanielKohut/car-data,added_missing
Chrysler,RAM 1500 Crew Cab Pickup,,,itdiag8-dotcom/database (vivid_cars2000.db),added_from_vivid
Chrysler,RAM 1500 Extended Crew Cab Pickup,,,itdiag8-dotcom/database (vivid_cars2000.db),added_from_vivid
Chrysler,"RAM 1500 Pickup (D1, DC, DH, DM, DR)",,,itdiag8-dotcom/database (vivid_cars2000.db),added_from_vivid
Chrysler,"RAM 1500 Pickup (DJ, DS)",,,itdiag8-dotcom/database (vivid_cars2000.db),added_from_vivid
Chrysler,RAM 1500 Standard Cab Pickup,,,itdiag8-dotcom/database (vivid_cars2000.db),added_from_vivid
Chrysler,RAM 2500 Cab & Chassis,,,itdiag8-dotcom/database (vivid_cars2000.db),added_from_vivid
Chrysler,RAM 2500 Crew Cab Pickup,,,itdiag8-dotcom/database (vivid_cars2000.db),added_from_vivid
Chrysler,RAM 2500 Extended Crew Cab Pickup,,,itdiag8-dotcom/database (vivid_cars2000.db),added_from_vivid
Chrysler,"RAM 2500 Pickup (D1, DC, DH, DM, DR)",,,itdiag8-dotcom/database (vivid_cars2000.db),added_from_vivid
Chrysler,"RAM 2500 Pickup (DJ, DS)",,,itdiag8-dotcom/database (vivid_cars2000.db),added_from_vivid
Chrysler,RAM 2500 Standard Cab Pickup,,,itdiag8-dotcom/database (vivid_cars2000.db),added_from_vivid
Chrysler,RAM 3500 Cab & Chassis,,,itdiag8-dotcom/database (vivid_cars2000.db),added_from_vivid
Chrysler,RAM 3500 Crew Cab Pickup,,,itdiag8-dotcom/database (vivid_cars2000.db),added_from_vivid
Chrysler,RAM 3500 Extended Crew Cab Pickup,,,itdiag8-dotcom/database (vivid_cars2000.db),added_from_vivid
Chrysler,RAM 3500 Standard Cab Pickup,,,itdiag8-dotcom/database (vivid_cars2000.db),added_from_vivid
Chrysler,"RAM 4000 Pickup (DR, D1, DC, DM, DH)",,,itdiag8-dotcom/database (vivid_cars2000.db),added_from_vivid
Chrysler,"RAM 4000 Platform/Chassis (DH, DR, D1, DC, DM)",,,itdiag8-dotcom/database (vivid_cars2000.db),added_from_vivid
Chrysler,RAM 4000 Standard Cab Pickup,,,itdiag8-dotcom/database (vivid_cars2000.db),added_from_vivid
Chrysler,Ram 4500 Cab & Chassis,,,itdiag8-dotcom/database (vivid_cars2000.db),added_from_vivid
Chrysler,Ram 5500 Cab & Chassis,,,itdiag8-dotcom/database (vivid_cars2000.db),added_from_vivid
Chrysler,SEBRING (JR),2001,2001,itdiag8-dotcom/database (vivid_cars2000.db),added_from_vivid
Chrysler,SEBRING (JS),2006,2006,itdiag8-dotcom/database (vivid_cars2000.db),added_from_vivid
Chrysler,SEBRING Convertible (JR),2001,2001,itdiag8-dotcom/database (vivid_cars2000.db),added_from_vivid
Chrysler,SEBRING Convertible (JS),2006,2006,itdiag8-dotcom/database (vivid_cars2000.db),added_from_vivid
Chrysler,Stratus,,,DanielKohut/car-data,added_missing
Chrysler,TC by Maserati,,,DanielKohut/car-data,added_missing
Chrysler,Town & Country,2000,2016,gor3a/vehicle-makes-models,added_missing
Chrysler,Town and Country,1990,2016,plowman/open-vehicle-db,added_missing
Chrysler,VIPER Convertible,,,itdiag8-dotcom/database (vivid_cars2000.db),added_from_vivid
Chrysler,VIPER Coupe,,,itdiag8-dotcom/database (vivid_cars2000.db),added_from_vivid
Chrysler,"VOYAGER IV (RG, RS)",2000,2004,itdiag8-dotcom/database (vivid_cars2000.db),added_from_vivid
Chrysler,Valiant,,,DanielKohut/car-data,added_missing
Chrysler,Vision,,,DanielKohut/car-data,added_missing
Chrysler,Windsor,,,DanielKohut/car-data,added_missing
Chrysler,YPSILON,2010,2010,itdiag8-dotcom/database (vivid_cars2000.db),added_from_vivid
Citroen,CITROEN AMI,2020,2026,gor3a/vehicle-makes-models,added_missing
Citroen,CITROEN Berlingo,1996,2026,gor3a/vehicle-makes-models,added_missing
Citroen,CITROEN C-Crosser,2007,2012,gor3a/vehicle-makes-models,added_missing
Citroen,CITROEN C-Elysee,2013,2016,gor3a/vehicle-makes-models,added_missing
Citroen,CITROEN C-Zero,2010,2020,gor3a/vehicle-makes-models,added_missing
Citroen,CITROEN C1,2005,2022,gor3a/vehicle-makes-models,added_missing
Citroen,CITROEN C2,2003,2010,gor3a/vehicle-makes-models,added_missing
Citroen,CITROEN C3,2002,2026,gor3a/vehicle-makes-models,added_missing
Citroen,CITROEN C3 Aircross,2017,2026,gor3a/vehicle-makes-models,added_missing
Citroen,CITROEN C3 Picasso,2008,2017,gor3a/vehicle-makes-models,added_missing
Citroen,CITROEN C3 Pluriel,2003,2010,gor3a/vehicle-makes-models,added_missing
Citroen,CITROEN C4,2004,2026,gor3a/vehicle-makes-models,added_missing
Citroen,CITROEN C4 Aircross,2012,2017,gor3a/vehicle-makes-models,added_missing
Citroen,CITROEN C4 Cactus,2014,2020,gor3a/vehicle-makes-models,added_missing
Citroen,CITROEN C4 Picasso,2007,2018,gor3a/vehicle-makes-models,added_missing
Citroen,CITROEN C5,2001,2019,gor3a/vehicle-makes-models,added_missing
Citroen,CITROEN C5 Aircross,2018,2026,gor3a/vehicle-makes-models,added_missing
Citroen,CITROEN C5 Crosstourer,2014,2019,gor3a/vehicle-makes-models,added_missing
Citroen,CITROEN C5 X,2021,2026,gor3a/vehicle-makes-models,added_missing
Citroen,CITROEN C6,2005,2012,gor3a/vehicle-makes-models,added_missing
Citroen,CITROEN C8,2002,2014,gor3a/vehicle-makes-models,added_missing
Citroen,CITROEN DS3,2009,2014,gor3a/vehicle-makes-models,added_missing
Citroen,CITROEN DS4,2010,2014,gor3a/vehicle-makes-models,added_missing
Citroen,CITROEN DS5,2011,2018,gor3a/vehicle-makes-models,added_missing
Citroen,CITROEN E-Mehari,2016,2019,gor3a/vehicle-makes-models,added_missing
Citroen,CITROEN Evasion,1994,2002,gor3a/vehicle-makes-models,added_missing
Citroen,CITROEN Grand C4 Picasso,2006,2018,gor3a/vehicle-makes-models,added_missing
Citroen,CITROEN Nemo,2008,2015,gor3a/vehicle-makes-models,added_missing
Citroen,CITROEN Saxo,1996,2003,gor3a/vehicle-makes-models,added_missing
Citroen,CITROEN XM,1989,2000,gor3a/vehicle-makes-models,added_missing
Citroen,CITROEN XM Break,1992,2000,gor3a/vehicle-makes-models,added_missing
Citroen,CITROEN Xantia,1993,2001,gor3a/vehicle-makes-models,added_missing
Citroen,CITROEN Xantia Break,1995,2001,gor3a/vehicle-makes-models,added_missing
Citroen,CITROEN Xsara,1997,2004,gor3a/vehicle-makes-models,added_missing
Citroen,CITROEN Xsara Break,2000,2005,gor3a/vehicle-makes-models,added_missing
Citroen,CITROEN Xsara Picasso,1999,2012,gor3a/vehicle-makes-models,added_missing
Citroën,BERLINGO (B9),2007,2009,itdiag8-dotcom/database (vivid_cars2000.db),added_from_vivid
Citroën,BERLINGO (MF),2000,2004,itdiag8-dotcom/database (vivid_cars2000.db),added_from_vivid
Citroën,BERLINGO Box (B9),2007,2012,itdiag8-dotcom/database (vivid_cars2000.db),added_from_vivid
Citroën,BERLINGO Box (M_),2000,2004,itdiag8-dotcom/database (vivid_cars2000.db),added_from_vivid
Citroën,BERLINGO Platform/Chassis (B9),2007,2007,itdiag8-dotcom/database (vivid_cars2000.db),added_from_vivid
Citroën,C-CROSSER (EP_),2006,2009,itdiag8-dotcom/database (vivid_cars2000.db),added_from_vivid
Citroën,C-CROSSER ENTERPRISE,2008,2008,itdiag8-dotcom/database (vivid_cars2000.db),added_from_vivid
Citroën,C-ELYSEE,2011,2011,itdiag8-dotcom/database (vivid_cars2000.db),added_from_vivid
Citroën,"C1 (PM_, PN_)",2004,2004,itdiag8-dotcom/database (vivid_cars2000.db),added_from_vivid
Citroën,C15 (VD-_),2000,2000,itdiag8-dotcom/database (vivid_cars2000.db),added_from_vivid
Citroën,C2 (JM_),2003,2005,itdiag8-dotcom/database (vivid_cars2000.db),added_from_vivid
Citroën,C2 ENTERPRISE,2008,2008,itdiag8-dotcom/database (vivid_cars2000.db),added_from_vivid
Citroën,C3 I (FC_),2002,2008,itdiag8-dotcom/database (vivid_cars2000.db),added_from_vivid
Citroën,C3 II,2008,2013,itdiag8-dotcom/database (vivid_cars2000.db),added_from_vivid
Citroën,C3 Picasso,2008,2012,itdiag8-dotcom/database (vivid_cars2000.db),added_from_vivid
Citroën,C3 Pluriel (HB_),2003,2004,itdiag8-dotcom/database (vivid_cars2000.db),added_from_vivid
Citroën,C4 AIRCROSS,2011,2011,itdiag8-dotcom/database (vivid_cars2000.db),added_from_vivid
Citroën,C4 CACTUS,2012,2012,itdiag8-dotcom/database (vivid_cars2000.db),added_from_vivid
Citroën,C4 Coupe (LA_),2003,2007,itdiag8-dotcom/database (vivid_cars2000.db),added_from_vivid
Citroën,C4 Grand Picasso I (UA_),2005,2009,itdiag8-dotcom/database (vivid_cars2000.db),added_from_vivid
Citroën,C4 Grand Picasso II,2012,2012,itdiag8-dotcom/database (vivid_cars2000.db),added_from_vivid
Citroën,C4 I (LC_),2003,2008,itdiag8-dotcom/database (vivid_cars2000.db),added_from_vivid
Citroën,C4 II (B7),2008,2012,itdiag8-dotcom/database (vivid_cars2000.db),added_from_vivid
Citroën,C4 Picasso I (UD_),2006,2009,itdiag8-dotcom/database (vivid_cars2000.db),added_from_vivid
Citroën,C4 Picasso II,2012,2012,itdiag8-dotcom/database (vivid_cars2000.db),added_from_vivid
Citroën,C4 Saloon,2005,2005,itdiag8-dotcom/database (vivid_cars2000.db),added_from_vivid
Citroën,C5 I (DC_),2001,2001,itdiag8-dotcom/database (vivid_cars2000.db),added_from_vivid
Citroën,C5 I Break (DE_),2001,2003,itdiag8-dotcom/database (vivid_cars2000.db),added_from_vivid
Citroën,C5 II (RC_),2003,2005,itdiag8-dotcom/database (vivid_cars2000.db),added_from_vivid
Citroën,C5 II Break (RE_),2003,2005,itdiag8-dotcom/database (vivid_cars2000.db),added_from_vivid
Citroën,C5 III (RD_),2007,2011,itdiag8-dotcom/database (vivid_cars2000.db),added_from_vivid
Citroën,C5 III Break (TD_),2007,2011,itdiag8-dotcom/database (vivid_cars2000.db),added_from_vivid
Citroën,C6 (TD_),2004,2008,itdiag8-dotcom/database (vivid_cars2000.db),added_from_vivid
Citroën,"C8 (EA_, EB_)",2002,2006,itdiag8-dotcom/database (vivid_cars2000.db),added_from_vivid
Citroën,DS3,2008,2013,itdiag8-dotcom/database (vivid_cars2000.db),added_from_vivid
Citroën,DS3 Convertible,2012,2013,itdiag8-dotcom/database (vivid_cars2000.db),added_from_vivid
Citroën,DS4,2010,2012,itdiag8-dotcom/database (vivid_cars2000.db),added_from_vivid
Citroën,DS5,2010,2012,itdiag8-dotcom/database (vivid_cars2000.db),added_from_vivid
Citroën,"EVASION (22, U6)",2000,2000,itdiag8-dotcom/database (vivid_cars2000.db),added_from_vivid
Citroën,JUMPER Box,2005,2010,itdiag8-dotcom/database (vivid_cars2000.db),added_from_vivid
Citroën,JUMPER Box (230L),2000,2001,itdiag8-dotcom/database (vivid_cars2000.db),added_from_vivid
Citroën,JUMPER Box (244),2002,2003,itdiag8-dotcom/database (vivid_cars2000.db),added_from_vivid
Citroën,JUMPER Bus,2005,2010,itdiag8-dotcom/database (vivid_cars2000.db),added_from_vivid
Citroën,JUMPER Bus (230P),2000,2000,itdiag8-dotcom/database (vivid_cars2000.db),added_from_vivid
Citroën,"JUMPER Bus (244, Z_)",2002,2002,itdiag8-dotcom/database (vivid_cars2000.db),added_from_vivid
Citroën,JUMPER Platform/Chassis,2005,2010,itdiag8-dotcom/database (vivid_cars2000.db),added_from_vivid
Citroën,JUMPER Platform/Chassis (230),2000,2000,itdiag8-dotcom/database (vivid_cars2000.db),added_from_vivid
Citroën,JUMPER Platform/Chassis (244),2002,2003,itdiag8-dotcom/database (vivid_cars2000.db),added_from_vivid
Citroën,JUMPY,2006,2010,itdiag8-dotcom/database (vivid_cars2000.db),added_from_vivid
Citroën,JUMPY (U6U),2000,2000,itdiag8-dotcom/database (vivid_cars2000.db),added_from_vivid
Citroën,JUMPY Box,2006,2010,itdiag8-dotcom/database (vivid_cars2000.db),added_from_vivid
Citroën,"JUMPY Box (BS_, BT_, BY_, BZ_)",2000,2002,itdiag8-dotcom/database (vivid_cars2000.db),added_from_vivid
Citroën,"JUMPY Platform/Chassis (BU_, BV_, BW_, BX_)",2003,2003,itdiag8-dotcom/database (vivid_cars2000.db),added_from_vivid
Citroën,NEMO Box (AA_),2007,2009,itdiag8-dotcom/database (vivid_cars2000.db),added_from_vivid
Citroën,NEMO Estate,2008,2009,itdiag8-dotcom/database (vivid_cars2000.db),added_from_vivid
Citroën,"SAXO (S0, S1)",2000,2001,itdiag8-dotcom/database (vivid_cars2000.db),added_from_vivid
Citroën,XSARA (N1),2000,2002,itdiag8-dotcom/database (vivid_cars2000.db),added_from_vivid
Citroën,XSARA Box,2000,2000,itdiag8-dotcom/database (vivid_cars2000.db),added_from_vivid
Citroën,XSARA Break (N2),2000,2002,itdiag8-dotcom/database (vivid_cars2000.db),added_from_vivid
Citroën,XSARA Coupe (N0),2000,2002,itdiag8-dotcom/database (vivid_cars2000.db),added_from_vivid
Citroën,XSARA PICASSO (N68),2000,2004,itdiag8-dotcom/database (vivid_cars2000.db),added_from_vivid
Cupra,Ateca,2018,2020,gor3a/vehicle-makes-models,added_missing
Cupra,Born,2021,2026,gor3a/vehicle-makes-models,added_missing
Cupra,Formentor,2020,2026,gor3a/vehicle-makes-models,added_missing
Cupra,Leon,2020,2026,gor3a/vehicle-makes-models,added_missing
Cupra,Leon Sportstourer,2020,2026,gor3a/vehicle-makes-models,added_missing
Cupra,Raval,2026,2026,gor3a/vehicle-makes-models,added_missing
Cupra,Tavascan,2023,2026,gor3a/vehicle-makes-models,added_missing
Cupra,Terramar,2024,2026,gor3a/vehicle-makes-models,added_missing
DS,AUTOMOBILES DS 3,2014,2026,gor3a/vehicle-makes-models,added_missing
DS,AUTOMOBILES DS 3 Cabrio,2013,2018,gor3a/vehicle-makes-models,added_missing
DS,AUTOMOBILES DS 3 Crossback,2018,2022,gor3a/vehicle-makes-models,added_missing
DS,AUTOMOBILES DS 4,2021,2026,gor3a/vehicle-makes-models,added_missing
DS,AUTOMOBILES DS 5,2016,2018,gor3a/vehicle-makes-models,added_missing
DS,AUTOMOBILES DS 5LS,2014,2018,gor3a/vehicle-makes-models,added_missing
DS,AUTOMOBILES DS 7,2017,2026,gor3a/vehicle-makes-models,added_missing
DS,AUTOMOBILES DS 9,2020,2026,gor3a/vehicle-makes-models,added_missing
DS,AUTOMOBILES DS N8,2024,2026,gor3a/vehicle-makes-models,added_missing
Dacia,1310,1979,2005,gor3a/vehicle-makes-models,added_missing
Dacia,1310 Break,1980,2004,gor3a/vehicle-makes-models,added_missing
Dacia,1325 Liberta,,,DanielKohut/car-data,added_missing
Dacia,1410,,,DanielKohut/car-data,added_missing
Dacia,Bigster,2024,2026,gor3a/vehicle-makes-models,added_missing
Dacia,DOKKER Express,2011,2012,itdiag8-dotcom/database (vivid_cars2000.db),added_from_vivid
Dacia,Dokker Van,2012,2021,gor3a/vehicle-makes-models,added_missing
Dacia,Duster Pick-Up,2020,2026,gor3a/vehicle-makes-models,added_missing
Dacia,JOGGER,2020,2026,gor3a/vehicle-makes-models,added_missing
Dacia,LOGAN (LS_),2003,2009,itdiag8-dotcom/database (vivid_cars2000.db),added_from_vivid
Dacia,LOGAN EXPRESS (FS_),2008,2009,itdiag8-dotcom/database (vivid_cars2000.db),added_from_vivid
Dacia,LOGAN II,2011,2012,itdiag8-dotcom/database (vivid_cars2000.db),added_from_vivid
Dacia,LOGAN MCV (KS_),2006,2009,itdiag8-dotcom/database (vivid_cars2000.db),added_from_vivid
Dacia,LOGAN MCV II,2012,2012,itdiag8-dotcom/database (vivid_cars2000.db),added_from_vivid
Dacia,LOGAN Pickup (US_),2007,2009,itdiag8-dotcom/database (vivid_cars2000.db),added_from_vivid
Dacia,Logan,2004,2026,gor3a/vehicle-makes-models,added_missing
Dacia,Logan MCV,2006,2020,gor3a/vehicle-makes-models,added_missing
Dacia,Logan MCV Stepway,2017,2020,gor3a/vehicle-makes-models,added_missing
Dacia,Logan Pick-Up,2007,2012,gor3a/vehicle-makes-models,added_missing
Dacia,Logan Stepway,,,DanielKohut/car-data,added_missing
Dacia,Logan Van,2007,2012,gor3a/vehicle-makes-models,added_missing
Dacia,Pick-Up,,,DanielKohut/car-data,added_missing
Dacia,SANDERO II,2011,2012,itdiag8-dotcom/database (vivid_cars2000.db),added_from_vivid
Dacia,Sandero MCV,,,DanielKohut/car-data,added_missing
Dacia,Solenza,2003,2005,gor3a/vehicle-makes-models,added_missing
Dacia,Spring,2021,2026,gor3a/vehicle-makes-models,added_missing
Dacia,Striker,2026,2026,gor3a/vehicle-makes-models,added_missing
Dacia,SuperNova,1999,2003,gor3a/vehicle-makes-models,added_missing
Daewoo,ADVENTRA,2002,2002,itdiag8-dotcom/database (vivid_cars2000.db),added_from_vivid
Daewoo,AVEO,2002,2002,itdiag8-dotcom/database (vivid_cars2000.db),added_from_vivid
Daewoo,Alpheon,,,DanielKohut/car-data,added_missing
Daewoo,Arcadia,,,DanielKohut/car-data,added_missing
Daewoo,Brougham,,,DanielKohut/car-data,added_missing
Daewoo,Chairman,,,DanielKohut/car-data,added_missing
Daewoo,Chairman W,,,DanielKohut/car-data,added_missing
Daewoo,Damas,,,DanielKohut/car-data,added_missing
Daewoo,Damas II,2003,2011,gor3a/vehicle-makes-models,added_missing
Daewoo,EVANDA (KLAL),2002,2002,itdiag8-dotcom/database (vivid_cars2000.db),added_from_vivid
Daewoo,Evanda,,,DanielKohut/car-data,added_missing
Daewoo,G2X,2006,2009,gor3a/vehicle-makes-models,added_missing
Daewoo,GENTRA Hatchback,2004,2004,itdiag8-dotcom/database (vivid_cars2000.db),added_from_vivid
Daewoo,GENTRA Saloon,2012,2012,itdiag8-dotcom/database (vivid_cars2000.db),added_from_vivid
Daewoo,Istana,,,DanielKohut/car-data,added_missing
Daewoo,KALOS (KLAS),2002,2002,itdiag8-dotcom/database (vivid_cars2000.db),added_from_vivid
Daewoo,KALOS Saloon (KLAS),2002,2003,itdiag8-dotcom/database (vivid_cars2000.db),added_from_vivid
Daewoo,Kalos,,,DanielKohut/car-data,added_missing
Daewoo,Korando,,,DanielKohut/car-data,added_missing
Daewoo,LACETTI Hatchback (KLAN),2003,2003,itdiag8-dotcom/database (vivid_cars2000.db),added_from_vivid
Daewoo,LACETTI Saloon (J200),2003,2003,itdiag8-dotcom/database (vivid_cars2000.db),added_from_vivid
Daewoo,LEGANZA (KLAV),2000,2000,itdiag8-dotcom/database (vivid_cars2000.db),added_from_vivid
Daewoo,Laganza V-car,2003,2007,plowman/open-vehicle-db,added_missing
Daewoo,Lanos,1996,2002,gor3a/vehicle-makes-models,added_missing
Daewoo,LeMans,,,DanielKohut/car-data,added_missing
Daewoo,Leganza,1997,2002,gor3a/vehicle-makes-models,added_missing
Daewoo,Leganza V-200 & variants/derivatives,2003,2007,plowman/open-vehicle-db,added_missing
Daewoo,Lublin,,,DanielKohut/car-data,added_missing
Daewoo,MATIZ (KLYA),2002,2002,itdiag8-dotcom/database (vivid_cars2000.db),added_from_vivid
Daewoo,Magnus,2002,2006,gor3a/vehicle-makes-models,added_missing
Daewoo,Matiz,1998,2009,gor3a/vehicle-makes-models,added_missing
Daewoo,Musso,,,DanielKohut/car-data,added_missing
Daewoo,NEXIA Saloon,2007,2007,itdiag8-dotcom/database (vivid_cars2000.db),added_from_vivid
Daewoo,NUBIRA (KLAJ),2002,2002,itdiag8-dotcom/database (vivid_cars2000.db),added_from_vivid
Daewoo,NUBIRA Saloon (KLAJ),2000,2000,itdiag8-dotcom/database (vivid_cars2000.db),added_from_vivid
Daewoo,NUBIRA Saloon (KLAN),2003,2003,itdiag8-dotcom/database (vivid_cars2000.db),added_from_vivid
Daewoo,NUBIRA Wagon (KLAJ),2000,2000,itdiag8-dotcom/database (vivid_cars2000.db),added_from_vivid
Daewoo,NUBIRA Wagon (KLAN),2003,2003,itdiag8-dotcom/database (vivid_cars2000.db),added_from_vivid
Daewoo,Nexia,,,DanielKohut/car-data,added_missing
Daewoo,Prince,,,DanielKohut/car-data,added_missing
Daewoo,REXTON (GAB_),2002,2005,itdiag8-dotcom/database (vivid_cars2000.db),added_from_vivid
Daewoo,REZZO (KLAU),2000,2001,itdiag8-dotcom/database (vivid_cars2000.db),added_from_vivid
Daewoo,Racer,,,DanielKohut/car-data,added_missing
Daewoo,Rezzo,,,DanielKohut/car-data,added_missing
Daewoo,Royale,,,DanielKohut/car-data,added_missing
Daewoo,Statesman,2003,2006,gor3a/vehicle-makes-models,added_missing
Daewoo,Super Salon,,,DanielKohut/car-data,added_missing
Daewoo,Tacuma,2000,2008,gor3a/vehicle-makes-models,added_missing
Daewoo,Tico,1991,2001,gor3a/vehicle-makes-models,added_missing
Daihatsu,ALTIS,2005,2005,itdiag8-dotcom/database (vivid_cars2000.db),added_from_vivid
Daihatsu,AYLA,2012,2012,itdiag8-dotcom/database (vivid_cars2000.db),added_from_vivid
Daihatsu,BEGO,2004,2004,itdiag8-dotcom/database (vivid_cars2000.db),added_from_vivid
Daihatsu,BOON LUMINAS,2007,2007,itdiag8-dotcom/database (vivid_cars2000.db),added_from_vivid
Daihatsu,CERIA,2002,2004,itdiag8-dotcom/database (vivid_cars2000.db),added_from_vivid
Daihatsu,CHARADE,2010,2010,itdiag8-dotcom/database (vivid_cars2000.db),added_from_vivid
Daihatsu,CHARADE (L2_),2002,2002,itdiag8-dotcom/database (vivid_cars2000.db),added_from_vivid
Daihatsu,COO,2005,2005,itdiag8-dotcom/database (vivid_cars2000.db),added_from_vivid
Daihatsu,COPEN,2003,2005,itdiag8-dotcom/database (vivid_cars2000.db),added_from_vivid
Daihatsu,CUORE VI (L7_),2000,2000,itdiag8-dotcom/database (vivid_cars2000.db),added_from_vivid
Daihatsu,CUORE VII (L251),2002,2003,itdiag8-dotcom/database (vivid_cars2000.db),added_from_vivid
Daihatsu,CUORE VIII,2006,2006,itdiag8-dotcom/database (vivid_cars2000.db),added_from_vivid
Daihatsu,ESSE,2004,2004,itdiag8-dotcom/database (vivid_cars2000.db),added_from_vivid
Daihatsu,EXTOL Box,2000,2003,itdiag8-dotcom/database (vivid_cars2000.db),added_from_vivid
Daihatsu,"EXTOL Bus (S22_, S23_)",2000,2003,itdiag8-dotcom/database (vivid_cars2000.db),added_from_vivid
Daihatsu,HIJET Pickup,2001,2001,itdiag8-dotcom/database (vivid_cars2000.db),added_from_vivid
Daihatsu,LUXIO,2008,2008,itdiag8-dotcom/database (vivid_cars2000.db),added_from_vivid
Daihatsu,MATERIA (M4_),2005,2005,itdiag8-dotcom/database (vivid_cars2000.db),added_from_vivid
Daihatsu,MAX,2000,2002,itdiag8-dotcom/database (vivid_cars2000.db),added_from_vivid
Daihatsu,MIRA GINO,2005,2005,itdiag8-dotcom/database (vivid_cars2000.db),added_from_vivid
Daihatsu,MOVE,2002,2002,itdiag8-dotcom/database (vivid_cars2000.db),added_from_vivid
Daihatsu,RUSH,2004,2004,itdiag8-dotcom/database (vivid_cars2000.db),added_from_vivid
Daihatsu,SIRION (M1),2000,2002,itdiag8-dotcom/database (vivid_cars2000.db),added_from_vivid
Daihatsu,SIRION (M3_),2004,2007,itdiag8-dotcom/database (vivid_cars2000.db),added_from_vivid
Daihatsu,SIRION (M4_),2009,2010,itdiag8-dotcom/database (vivid_cars2000.db),added_from_vivid
Daihatsu,SONICA,2004,2005,itdiag8-dotcom/database (vivid_cars2000.db),added_from_vivid
Daihatsu,STORIA,2004,2004,itdiag8-dotcom/database (vivid_cars2000.db),added_from_vivid
Daihatsu,TANTO,2002,2002,itdiag8-dotcom/database (vivid_cars2000.db),added_from_vivid
Daihatsu,TERIOS (J1),2000,2002,itdiag8-dotcom/database (vivid_cars2000.db),added_from_vivid
Daihatsu,TERIOS (J2_),2004,2009,itdiag8-dotcom/database (vivid_cars2000.db),added_from_vivid
Daihatsu,TREVIS,2005,2005,itdiag8-dotcom/database (vivid_cars2000.db),added_from_vivid
Daihatsu,XENIA,2010,2010,itdiag8-dotcom/database (vivid_cars2000.db),added_from_vivid
Daihatsu,YRV (M2),2001,2002,itdiag8-dotcom/database (vivid_cars2000.db),added_from_vivid
Dodge,Aspen,,,DanielKohut/car-data,added_missing
Dodge,Avenger,2007,2014,gor3a/vehicle-makes-models,added_missing
Dodge,Caliber SRT4,2007,2009,gor3a/vehicle-makes-models,added_missing
Dodge,Caravan,1983,2014,gor3a/vehicle-makes-models,added_missing
Dodge,Caravan/Grand Caravan,1995,2008,plowman/open-vehicle-db,added_missing
Dodge,Challenger SRT,2009,2026,gor3a/vehicle-makes-models,added_missing
Dodge,Charger,1966,2026,gor3a/vehicle-makes-models,added_missing
Dodge,Charger SRT,2006,2023,gor3a/vehicle-makes-models,added_missing
Dodge,Colt,,,DanielKohut/car-data,added_missing
Dodge,Coronet,,,DanielKohut/car-data,added_missing
Dodge,Dakota,1996,2004,gor3a/vehicle-makes-models,added_missing
Dodge,Dakota Club Cab,2004,2011,gor3a/vehicle-makes-models,added_missing
Dodge,Dakota Quad Cab,2004,2011,gor3a/vehicle-makes-models,added_missing
Dodge,Daytona,,,DanielKohut/car-data,added_missing
Dodge,Diplomat,,,DanielKohut/car-data,added_missing
Dodge,Durango,1997,2026,gor3a/vehicle-makes-models,added_missing
Dodge,Durango SRT,2017,2026,gor3a/vehicle-makes-models,added_missing
Dodge,Grand Caravan,,,DanielKohut/car-data,added_missing
Dodge,Hornet,2022,2026,gor3a/vehicle-makes-models,added_missing
Dodge,Intrepid,,,DanielKohut/car-data,added_missing
Dodge,Journey,2008,2020,gor3a/vehicle-makes-models,added_missing
Dodge,Lancer,,,DanielKohut/car-data,added_missing
Dodge,Magnum,2004,2008,gor3a/vehicle-makes-models,added_missing
Dodge,Magnum SRT8,2005,2008,gor3a/vehicle-makes-models,added_missing
Dodge,Mirada,,,DanielKohut/car-data,added_missing
Dodge,Monaco,,,DanielKohut/car-data,added_missing
Dodge,Nitro,2006,2012,gor3a/vehicle-makes-models,added_missing
Dodge,Omni,,,DanielKohut/car-data,added_missing
Dodge,Polara,,,DanielKohut/car-data,added_missing
Dodge,Raider,,,DanielKohut/car-data,added_missing
Dodge,Ram,1993,2013,gor3a/vehicle-makes-models,added_missing
Dodge,Ram Van,,,DanielKohut/car-data,added_missing
Dodge,Ram Wagon,1981,2003,plowman/open-vehicle-db,added_missing
Dodge,Ramcharger,,,DanielKohut/car-data,added_missing
Dodge,Shadow,,,DanielKohut/car-data,added_missing
Dodge,Spirit,,,DanielKohut/car-data,added_missing
Dodge,Sprinter,2005,2009,plowman/open-vehicle-db,added_missing
Dodge,Stealth,,,DanielKohut/car-data,added_missing
Dodge,Super Bee,,,DanielKohut/car-data,added_missing
Donkervoort,D10,,,DanielKohut/car-data,added_missing
Donkervoort,D8,,,DanielKohut/car-data,added_missing
Donkervoort,D8 Cosworth,,,DanielKohut/car-data,added_missing
Donkervoort,D8 GTO,,,DanielKohut/car-data,added_missing
Donkervoort,D8 Zetec,,,DanielKohut/car-data,added_missing
Donkervoort,F22,,,DanielKohut/car-data,added_missing
Donkervoort,S8,,,DanielKohut/car-data,added_missing
Ferrari,125 S,,,DanielKohut/car-data,added_missing
Ferrari,12Cilindri,2024,2026,gor3a/vehicle-makes-models,added_missing
Ferrari,166 Inter,,,DanielKohut/car-data,added_missing
Ferrari,195 Inter,,,DanielKohut/car-data,added_missing
Ferrari,208 GTB,,,DanielKohut/car-data,added_missing
Ferrari,208 GTS,,,DanielKohut/car-data,added_missing
Ferrari,208 Turbo,,,DanielKohut/car-data,added_missing
Ferrari,212 Inter,,,DanielKohut/car-data,added_missing
Ferrari,250 Europa,,,DanielKohut/car-data,added_missing
Ferrari,250 GT,,,DanielKohut/car-data,added_missing
Ferrari,250 GT California,,,DanielKohut/car-data,added_missing
Ferrari,250 GTE,,,DanielKohut/car-data,added_missing
Ferrari,250 GTO,,,DanielKohut/car-data,added_missing
Ferrari,275 GTB,,,DanielKohut/car-data,added_missing
Ferrari,288 GTO,,,DanielKohut/car-data,added_missing
Ferrari,288 GTO/F40/F50/Enzo/LaFerrari,1984,2015,gor3a/vehicle-makes-models,added_missing
Ferrari,296,2022,2026,plowman/open-vehicle-db,added_missing
Ferrari,296 GTB,2022,2026,gor3a/vehicle-makes-models,added_missing
Ferrari,296 GTS,2022,2026,gor3a/vehicle-makes-models,added_missing
Ferrari,296 Speciale,2025,2026,gor3a/vehicle-makes-models,added_missing
Ferrari,296 Speciale A,2026,2027,plowman/open-vehicle-db,added_missing
Ferrari,308 GTB,,,DanielKohut/car-data,added_missing
Ferrari,308 GTS,,,DanielKohut/car-data,added_missing
Ferrari,330 GT,,,DanielKohut/car-data,added_missing
Ferrari,360,2000,2005,gor3a/vehicle-makes-models,added_missing
Ferrari,360 (F131),2001,2003,itdiag8-dotcom/database (vivid_cars2000.db),added_from_vivid
Ferrari,360 Challenge Stradale,2003,2005,gor3a/vehicle-makes-models,added_missing
Ferrari,360 Spider,,,DanielKohut/car-data,added_missing
Ferrari,360 Spider (F131),2000,2000,itdiag8-dotcom/database (vivid_cars2000.db),added_from_vivid
Ferrari,365 GTB/4 Daytona,,,DanielKohut/car-data,added_missing
Ferrari,365 GTC,,,DanielKohut/car-data,added_missing
Ferrari,365 GTS,,,DanielKohut/car-data,added_missing
Ferrari,430,2007,2009,plowman/open-vehicle-db,added_missing
Ferrari,430 Scuderia,,,DanielKohut/car-data,added_missing
Ferrari,456 GT,1992,2003,gor3a/vehicle-makes-models,added_missing
Ferrari,456M,2000,2003,plowman/open-vehicle-db,added_missing
Ferrari,458,2011,2015,gor3a/vehicle-makes-models,added_missing
Ferrari,458 Speciale,2013,2015,gor3a/vehicle-makes-models,added_missing
Ferrari,458 Speciale A,2014,2015,gor3a/vehicle-makes-models,added_missing
Ferrari,458 Spider,,,DanielKohut/car-data,added_missing
Ferrari,488,2016,2019,gor3a/vehicle-makes-models,added_missing
Ferrari,488 Pista,2018,2020,gor3a/vehicle-makes-models,added_missing
Ferrari,488 Pista Spider,,,DanielKohut/car-data,added_missing
Ferrari,512 BB,,,DanielKohut/car-data,added_missing
Ferrari,512 TR,,,DanielKohut/car-data,added_missing
Ferrari,550 Barchetta,2001,2001,plowman/open-vehicle-db,added_missing
Ferrari,550 Barchetta/575M Superamerica,2000,2006,gor3a/vehicle-makes-models,added_missing
Ferrari,550 Maranello,,,DanielKohut/car-data,added_missing
Ferrari,550/575M Maranello,1996,2006,gor3a/vehicle-makes-models,added_missing
Ferrari,575M Maranello,,,DanielKohut/car-data,added_missing
Ferrari,599,2006,2012,gor3a/vehicle-makes-models,added_missing
Ferrari,599 GTB Fiorano,,,DanielKohut/car-data,added_missing
Ferrari,599 GTB/GTO,2005,2009,itdiag8-dotcom/database (vivid_cars2000.db),added_from_vivid
Ferrari,599 SA,2009,2009,itdiag8-dotcom/database (vivid_cars2000.db),added_from_vivid
Ferrari,812,2017,2024,gor3a/vehicle-makes-models,added_missing
Ferrari,812 Superfast,,,DanielKohut/car-data,added_missing
Ferrari,849 Testarossa,2026,2027,plowman/open-vehicle-db,added_missing
Ferrari,Amalfi,2025,2026,gor3a/vehicle-makes-models,added_missing
Ferrari,California T,2014,2017,gor3a/vehicle-makes-models,added_missing
Ferrari,Challenge Stradale,2004,2004,plowman/open-vehicle-db,added_missing
Ferrari,Daytona,2021,2026,gor3a/vehicle-makes-models,added_missing
Ferrari,Daytona SP3,2023,2025,plowman/open-vehicle-db,added_missing
Ferrari,Dino 206 GT,,,DanielKohut/car-data,added_missing
Ferrari,Dino 246 GT,,,DanielKohut/car-data,added_missing
Ferrari,ENZO FERRARI,2002,2002,itdiag8-dotcom/database (vivid_cars2000.db),added_from_vivid
Ferrari,F12 Special Series,2016,2016,plowman/open-vehicle-db,added_missing
Ferrari,F12 TRS,2014,2014,gor3a/vehicle-makes-models,added_missing
Ferrari,F12 tdf (Tour de France),2017,2017,plowman/open-vehicle-db,added_missing
Ferrari,F12tdf,2015,2017,gor3a/vehicle-makes-models,added_missing
Ferrari,F149 California,2008,2017,gor3a/vehicle-makes-models,added_missing
Ferrari,F40,,,DanielKohut/car-data,added_missing
Ferrari,F430 Spider,2004,2007,itdiag8-dotcom/database (vivid_cars2000.db),added_from_vivid
Ferrari,F50,,,DanielKohut/car-data,added_missing
Ferrari,F512 M,,,DanielKohut/car-data,added_missing
Ferrari,F60 America,2014,2016,gor3a/vehicle-makes-models,added_missing
Ferrari,F8,2019,2023,gor3a/vehicle-makes-models,added_missing
Ferrari,F8 Tributo,,,DanielKohut/car-data,added_missing
Ferrari,F80,2024,2026,gor3a/vehicle-makes-models,added_missing
Ferrari,FXX,2005,2007,gor3a/vehicle-makes-models,added_missing
Ferrari,GTC4Lusso,2016,2020,gor3a/vehicle-makes-models,added_missing
Ferrari,GTC4Lusso T,2016,2020,gor3a/vehicle-makes-models,added_missing
Ferrari,La Ferrari,2010,2017,plowman/open-vehicle-db,added_missing
Ferrari,LaFerrari,2016,2018,gor3a/vehicle-makes-models,added_missing
Ferrari,Luce,2026,2026,gor3a/vehicle-makes-models,added_missing
Ferrari,Monza,2018,2022,gor3a/vehicle-makes-models,added_missing
Ferrari,Monza SP1,,,DanielKohut/car-data,added_missing
Ferrari,Monza SP1/SP2,2023,2023,plowman/open-vehicle-db,added_missing
Ferrari,Monza SP2,,,DanielKohut/car-data,added_missing
Ferrari,Portofino,2017,2026,gor3a/vehicle-makes-models,added_missing
Ferrari,Portofino M,2021,2023,plowman/open-vehicle-db,added_missing
Ferrari,Purosangue,2022,2026,gor3a/vehicle-makes-models,added_missing
Ferrari,Roma,2019,2026,gor3a/vehicle-makes-models,added_missing
Ferrari,SF90,2019,2026,gor3a/vehicle-makes-models,added_missing
Ferrari,SF90 Spider,,,DanielKohut/car-data,added_missing
Ferrari,SF90 Stradale,,,DanielKohut/car-data,added_missing
Ferrari,SUPERAMERICA,2004,2004,itdiag8-dotcom/database (vivid_cars2000.db),added_from_vivid
Ferrari,Scuderia,2008,2009,gor3a/vehicle-makes-models,added_missing
Ferrari,Testarossa,2025,2026,gor3a/vehicle-makes-models,added_missing
Ferrari,Testarossa/512 TR/512M,1984,2026,gor3a/vehicle-makes-models,added_missing
Fiat,1100,,,DanielKohut/car-data,added_missing
Fiat,124,1966,2021,gor3a/vehicle-makes-models,added_missing
Fiat,126,1972,2000,gor3a/vehicle-makes-models,added_missing
Fiat,1500,,,DanielKohut/car-data,added_missing
Fiat,1800,,,DanielKohut/car-data,added_missing
Fiat,2100,,,DanielKohut/car-data,added_missing
Fiat,2300,,,DanielKohut/car-data,added_missing
Fiat,500 (312),2006,2012,itdiag8-dotcom/database (vivid_cars2000.db),added_from_vivid
Fiat,500 3+1,2020,2026,gor3a/vehicle-makes-models,added_missing
Fiat,500 Abarth,2008,2026,gor3a/vehicle-makes-models,added_missing
Fiat,500 C (312),2008,2012,itdiag8-dotcom/database (vivid_cars2000.db),added_from_vivid
Fiat,500 Hybrid,,,DanielKohut/car-data,added_missing
Fiat,500L Living,2013,2022,gor3a/vehicle-makes-models,added_missing
Fiat,500L Trekking,2013,2017,gor3a/vehicle-makes-models,added_missing
Fiat,500L Urban,2017,2022,gor3a/vehicle-makes-models,added_missing
Fiat,500e,2013,2020,gor3a/vehicle-makes-models,added_missing
Fiat,600,1955,2026,gor3a/vehicle-makes-models,added_missing
Fiat,Albea / Siena,2002,2012,gor3a/vehicle-makes-models,added_missing
Fiat,BRAVA (182),2000,2001,itdiag8-dotcom/database (vivid_cars2000.db),added_from_vivid
Fiat,BRAVO I (182),2000,2000,itdiag8-dotcom/database (vivid_cars2000.db),added_from_vivid
Fiat,BRAVO II (198),2005,2008,itdiag8-dotcom/database (vivid_cars2000.db),added_from_vivid
Fiat,BRAVO Van (198),2007,2007,itdiag8-dotcom/database (vivid_cars2000.db),added_from_vivid
Fiat,Barchetta,1995,2005,gor3a/vehicle-makes-models,added_missing
Fiat,Brava,1995,2001,gor3a/vehicle-makes-models,added_missing
Fiat,CROMA (194),2004,2004,itdiag8-dotcom/database (vivid_cars2000.db),added_from_vivid
Fiat,DOBLO (119),2001,2004,itdiag8-dotcom/database (vivid_cars2000.db),added_from_vivid
Fiat,DOBLO Box Body / Estate (263),2009,2012,itdiag8-dotcom/database (vivid_cars2000.db),added_from_vivid
Fiat,DOBLO Cargo (223),2001,2005,itdiag8-dotcom/database (vivid_cars2000.db),added_from_vivid
Fiat,"DOBLO MPV (152, 263)",2009,2010,itdiag8-dotcom/database (vivid_cars2000.db),added_from_vivid
Fiat,DOBLO Platform/Chassis (263),2009,2012,itdiag8-dotcom/database (vivid_cars2000.db),added_from_vivid
Fiat,DUCATO Box (230L),2000,2001,itdiag8-dotcom/database (vivid_cars2000.db),added_from_vivid
Fiat,DUCATO Box (244),2002,2003,itdiag8-dotcom/database (vivid_cars2000.db),added_from_vivid
Fiat,DUCATO Box (250),2005,2010,itdiag8-dotcom/database (vivid_cars2000.db),added_from_vivid
Fiat,DUCATO Bus (230),2000,2001,itdiag8-dotcom/database (vivid_cars2000.db),added_from_vivid
Fiat,"DUCATO Bus (244, Z_)",2002,2003,itdiag8-dotcom/database (vivid_cars2000.db),added_from_vivid
Fiat,DUCATO Bus (250),2005,2010,itdiag8-dotcom/database (vivid_cars2000.db),added_from_vivid
Fiat,DUCATO Platform/Chassis (230),2000,2001,itdiag8-dotcom/database (vivid_cars2000.db),added_from_vivid
Fiat,DUCATO Platform/Chassis (244),2002,2003,itdiag8-dotcom/database (vivid_cars2000.db),added_from_vivid
Fiat,DUCATO Platform/Chassis (250),2005,2010,itdiag8-dotcom/database (vivid_cars2000.db),added_from_vivid
Fiat,FIORINO Box Body / Estate (225),2006,2008,itdiag8-dotcom/database (vivid_cars2000.db),added_from_vivid
Fiat,FREEMONT (JF_),2010,2010,itdiag8-dotcom/database (vivid_cars2000.db),added_from_vivid
Fiat,Fullback,2016,2019,gor3a/vehicle-makes-models,added_missing
Fiat,Grande Panda,2024,2026,gor3a/vehicle-makes-models,added_missing
Fiat,Grande Punto / Punto Evo,2005,2012,gor3a/vehicle-makes-models,added_missing
Fiat,LINEA (323),2006,2008,itdiag8-dotcom/database (vivid_cars2000.db),added_from_vivid
Fiat,MAREA (185),2000,2001,itdiag8-dotcom/database (vivid_cars2000.db),added_from_vivid
Fiat,MAREA Weekend (185),2000,2001,itdiag8-dotcom/database (vivid_cars2000.db),added_from_vivid
Fiat,MULTIPLA (186),2000,2003,itdiag8-dotcom/database (vivid_cars2000.db),added_from_vivid
Fiat,Marea Weekend,1996,2002,gor3a/vehicle-makes-models,added_missing
Fiat,PALIO (178BX),2003,2003,itdiag8-dotcom/database (vivid_cars2000.db),added_from_vivid
Fiat,PALIO Weekend (178DX),2001,2004,itdiag8-dotcom/database (vivid_cars2000.db),added_from_vivid
Fiat,PANDA (169),2003,2009,itdiag8-dotcom/database (vivid_cars2000.db),added_from_vivid
Fiat,"PANDA (519, 319)",2011,2012,itdiag8-dotcom/database (vivid_cars2000.db),added_from_vivid
Fiat,PANDA Van (141_),2000,2000,itdiag8-dotcom/database (vivid_cars2000.db),added_from_vivid
Fiat,PANDA Van (169),2003,2009,itdiag8-dotcom/database (vivid_cars2000.db),added_from_vivid
Fiat,PUNTO (188),2001,2006,itdiag8-dotcom/database (vivid_cars2000.db),added_from_vivid
Fiat,PUNTO (199),2011,2012,itdiag8-dotcom/database (vivid_cars2000.db),added_from_vivid
Fiat,PUNTO / GRANDE PUNTO (199),2004,2009,itdiag8-dotcom/database (vivid_cars2000.db),added_from_vivid
Fiat,PUNTO EVO (199),2007,2008,itdiag8-dotcom/database (vivid_cars2000.db),added_from_vivid
Fiat,PUNTO Van (188AX),2000,2004,itdiag8-dotcom/database (vivid_cars2000.db),added_from_vivid
Fiat,PUNTO Van (199),2007,2011,itdiag8-dotcom/database (vivid_cars2000.db),added_from_vivid
Fiat,Palio Weekend,2012,2019,gor3a/vehicle-makes-models,added_missing
Fiat,Panda 4X4,1986,2023,gor3a/vehicle-makes-models,added_missing
Fiat,Panda City Cross,2017,2020,gor3a/vehicle-makes-models,added_missing
Fiat,Panda Cross,2014,2017,gor3a/vehicle-makes-models,added_missing
Fiat,QUBO (225),2007,2009,itdiag8-dotcom/database (vivid_cars2000.db),added_from_vivid
Fiat,SCUDO (270_),2006,2010,itdiag8-dotcom/database (vivid_cars2000.db),added_from_vivid
Fiat,SCUDO Box (220L),2000,2002,itdiag8-dotcom/database (vivid_cars2000.db),added_from_vivid
Fiat,SCUDO Box (270_),2006,2010,itdiag8-dotcom/database (vivid_cars2000.db),added_from_vivid
Fiat,SCUDO Combinato (220P),2000,2003,itdiag8-dotcom/database (vivid_cars2000.db),added_from_vivid
Fiat,SCUDO Platform/Chassis (270_),2006,2010,itdiag8-dotcom/database (vivid_cars2000.db),added_from_vivid
Fiat,SIENA (178_),2000,2006,itdiag8-dotcom/database (vivid_cars2000.db),added_from_vivid
Fiat,STILO (192),2001,2004,itdiag8-dotcom/database (vivid_cars2000.db),added_from_vivid
Fiat,STILO Multi Wagon (192),2002,2004,itdiag8-dotcom/database (vivid_cars2000.db),added_from_vivid
Fiat,STRADA Pickup (178E),2000,2005,itdiag8-dotcom/database (vivid_cars2000.db),added_from_vivid
Fiat,STRADA Pickup (578_),2009,2009,itdiag8-dotcom/database (vivid_cars2000.db),added_from_vivid
Fiat,Stilo Multi,2003,2010,gor3a/vehicle-makes-models,added_missing
Fiat,Talento,,,DanielKohut/car-data,added_missing
Fiat,Tipo Cross,2020,2026,gor3a/vehicle-makes-models,added_missing
Fiat,Tipo Station,2016,2021,gor3a/vehicle-makes-models,added_missing
Fiat,Topolino,1936,2026,gor3a/vehicle-makes-models,added_missing
Fiat,ULYSSE (179AX),2002,2007,itdiag8-dotcom/database (vivid_cars2000.db),added_from_vivid
Fiat,ULYSSE (220),2000,2000,itdiag8-dotcom/database (vivid_cars2000.db),added_from_vivid
Ford,'34,1985,2027,plowman/open-vehicle-db,added_missing
Ford,B-750,2002,2002,plowman/open-vehicle-db,added_missing
Ford,B-MAX Van,2011,2011,itdiag8-dotcom/database (vivid_cars2000.db),added_from_vivid
Ford,Bronco,1966,2026,gor3a/vehicle-makes-models,added_missing
Ford,Bronco Sport,2021,2027,plowman/open-vehicle-db,added_missing
Ford,C-MAX (DM2),2006,2008,itdiag8-dotcom/database (vivid_cars2000.db),added_from_vivid
Ford,C-MAX II,2009,2011,itdiag8-dotcom/database (vivid_cars2000.db),added_from_vivid
Ford,C-MAX II Van,2009,2011,itdiag8-dotcom/database (vivid_cars2000.db),added_from_vivid
Ford,COUGAR (EC_),2000,2000,itdiag8-dotcom/database (vivid_cars2000.db),added_from_vivid
Ford,COURIER Pickup (PG),,,itdiag8-dotcom/database (vivid_cars2000.db),added_from_vivid
Ford,COURIER Pickup (PH),,,itdiag8-dotcom/database (vivid_cars2000.db),added_from_vivid
Ford,COURIER Platform/Chassis (PG),,,itdiag8-dotcom/database (vivid_cars2000.db),added_from_vivid
Ford,COURIER Platform/Chassis (PH),,,itdiag8-dotcom/database (vivid_cars2000.db),added_from_vivid
Ford,Capri SUV,2024,2026,gor3a/vehicle-makes-models,added_missing
Ford,Contour/Mondeo,1997,2000,gor3a/vehicle-makes-models,added_missing
Ford,Cougar,1998,2001,gor3a/vehicle-makes-models,added_missing
Ford,Crown Victoria,1998,2007,gor3a/vehicle-makes-models,added_missing
Ford,E SERIES Box,,,itdiag8-dotcom/database (vivid_cars2000.db),added_from_vivid
Ford,E SERIES Bus,,,itdiag8-dotcom/database (vivid_cars2000.db),added_from_vivid
Ford,E-150,1981,2014,plowman/open-vehicle-db,added_missing
Ford,E-250,1981,2014,plowman/open-vehicle-db,added_missing
Ford,E-350,1981,2027,plowman/open-vehicle-db,added_missing
Ford,E-450,1995,2027,plowman/open-vehicle-db,added_missing
Ford,E-550,2002,2015,plowman/open-vehicle-db,added_missing
Ford,E-Tourneo,2023,2026,gor3a/vehicle-makes-models,added_missing
Ford,ECONOVAN Box (JH),,,itdiag8-dotcom/database (vivid_cars2000.db),added_from_vivid
Ford,"ESCAPE (BA, ZA, ZB, ZC, ZD)",,,itdiag8-dotcom/database (vivid_cars2000.db),added_from_vivid
Ford,Econovan,1999,2005,gor3a/vehicle-makes-models,added_missing
Ford,Edge ST,2018,2024,gor3a/vehicle-makes-models,added_missing
Ford,Escort,1980,2000,gor3a/vehicle-makes-models,added_missing
Ford,Excursion,2000,2005,gor3a/vehicle-makes-models,added_missing
Ford,Expedition,1996,2026,gor3a/vehicle-makes-models,added_missing
Ford,Expedition EL,2017,2017,plowman/open-vehicle-db,added_missing
Ford,Expedition MAX,2007,2027,plowman/open-vehicle-db,added_missing
Ford,Explorer Electric,2023,2026,gor3a/vehicle-makes-models,added_missing
Ford,Explorer Sport,2001,2005,gor3a/vehicle-makes-models,added_missing
Ford,Explorer Sport Trac,2002,2010,gor3a/vehicle-makes-models,added_missing
Ford,F-150 Heritage,2004,2004,plowman/open-vehicle-db,added_missing
Ford,F-150 Lightning,,,DanielKohut/car-data,added_missing
Ford,F-150 Raptor,2009,2026,gor3a/vehicle-makes-models,added_missing
Ford,F-150 Regular Cab,1996,2014,gor3a/vehicle-makes-models,added_missing
Ford,F-150 Super Cab,2001,2026,gor3a/vehicle-makes-models,added_missing
Ford,F-150 Super Crew,2001,2026,gor3a/vehicle-makes-models,added_missing
Ford,F-250,,,DanielKohut/car-data,added_missing
Ford,F-350,,,DanielKohut/car-data,added_missing
Ford,F-450,1999,2027,plowman/open-vehicle-db,added_missing
Ford,F-550,1999,2027,plowman/open-vehicle-db,added_missing
Ford,F-600,1981,2027,plowman/open-vehicle-db,added_missing
Ford,F-650,2000,2027,plowman/open-vehicle-db,added_missing
Ford,F-750,2000,2027,plowman/open-vehicle-db,added_missing
Ford,F-800,1981,2002,plowman/open-vehicle-db,added_missing
Ford,F150 Pickup,,,itdiag8-dotcom/database (vivid_cars2000.db),added_from_vivid
Ford,FAIRLANE Saloon (BA),,,itdiag8-dotcom/database (vivid_cars2000.db),added_from_vivid
Ford,FAIRLANE Saloon (BF),,,itdiag8-dotcom/database (vivid_cars2000.db),added_from_vivid
Ford,FAIRMONT Saloon (BA),,,itdiag8-dotcom/database (vivid_cars2000.db),added_from_vivid
Ford,FAIRMONT Saloon (BF),,,itdiag8-dotcom/database (vivid_cars2000.db),added_from_vivid
Ford,FALCON Estate (BA),,,itdiag8-dotcom/database (vivid_cars2000.db),added_from_vivid
Ford,FALCON Estate (BF),,,itdiag8-dotcom/database (vivid_cars2000.db),added_from_vivid
Ford,FALCON Pickup (BA),,,itdiag8-dotcom/database (vivid_cars2000.db),added_from_vivid
Ford,FALCON Pickup (BF),,,itdiag8-dotcom/database (vivid_cars2000.db),added_from_vivid
Ford,FALCON Pickup (FG),,,itdiag8-dotcom/database (vivid_cars2000.db),added_from_vivid
Ford,FALCON Platform/Chassis (AU),,,itdiag8-dotcom/database (vivid_cars2000.db),added_from_vivid
Ford,FALCON Platform/Chassis (BA),,,itdiag8-dotcom/database (vivid_cars2000.db),added_from_vivid
Ford,FALCON Platform/Chassis (BF),,,itdiag8-dotcom/database (vivid_cars2000.db),added_from_vivid
Ford,FALCON Platform/Chassis (FG),,,itdiag8-dotcom/database (vivid_cars2000.db),added_from_vivid
Ford,FALCON Saloon (BA),,,itdiag8-dotcom/database (vivid_cars2000.db),added_from_vivid
Ford,FALCON Saloon (BF),,,itdiag8-dotcom/database (vivid_cars2000.db),added_from_vivid
Ford,FALCON Saloon (FG),,,itdiag8-dotcom/database (vivid_cars2000.db),added_from_vivid
Ford,"FIESTA Box (J5_, J3_)",2000,2000,itdiag8-dotcom/database (vivid_cars2000.db),added_from_vivid
Ford,FIESTA Box (JV_),2000,2000,itdiag8-dotcom/database (vivid_cars2000.db),added_from_vivid
Ford,"FIESTA Hatchback (WP, WQ)",,,itdiag8-dotcom/database (vivid_cars2000.db),added_from_vivid
Ford,FIESTA Hatchback (WS),,,itdiag8-dotcom/database (vivid_cars2000.db),added_from_vivid
Ford,"FIESTA IV (JA_, JB_)",2000,2000,itdiag8-dotcom/database (vivid_cars2000.db),added_from_vivid
Ford,FIESTA Saloon,2011,2011,itdiag8-dotcom/database (vivid_cars2000.db),added_from_vivid
Ford,"FIESTA V (JH_, JD_)",2001,2004,itdiag8-dotcom/database (vivid_cars2000.db),added_from_vivid
Ford,FIESTA VI,2007,2012,itdiag8-dotcom/database (vivid_cars2000.db),added_from_vivid
Ford,FIESTA Van,2003,2003,itdiag8-dotcom/database (vivid_cars2000.db),added_from_vivid
Ford,"FOCUS (DAW, DBW)",2001,2002,itdiag8-dotcom/database (vivid_cars2000.db),added_from_vivid
Ford,FOCUS C-MAX,2003,2005,itdiag8-dotcom/database (vivid_cars2000.db),added_from_vivid
Ford,FOCUS Estate (DNW),2001,2002,itdiag8-dotcom/database (vivid_cars2000.db),added_from_vivid
Ford,FOCUS Hatchback (LR),,,itdiag8-dotcom/database (vivid_cars2000.db),added_from_vivid
Ford,FOCUS Hatchback (LT),,,itdiag8-dotcom/database (vivid_cars2000.db),added_from_vivid
Ford,FOCUS Hatchback (LV),,,itdiag8-dotcom/database (vivid_cars2000.db),added_from_vivid
Ford,FOCUS II (DA_),2003,2009,itdiag8-dotcom/database (vivid_cars2000.db),added_from_vivid
Ford,FOCUS II Convertible,2005,2005,itdiag8-dotcom/database (vivid_cars2000.db),added_from_vivid
Ford,FOCUS II Estate (DA_),2003,2008,itdiag8-dotcom/database (vivid_cars2000.db),added_from_vivid
Ford,FOCUS II Saloon (DA_),2004,2007,itdiag8-dotcom/database (vivid_cars2000.db),added_from_vivid
Ford,FOCUS III,2010,2013,itdiag8-dotcom/database (vivid_cars2000.db),added_from_vivid
Ford,FOCUS III Saloon,2010,2013,itdiag8-dotcom/database (vivid_cars2000.db),added_from_vivid
Ford,FOCUS III Turnier,2010,2013,itdiag8-dotcom/database (vivid_cars2000.db),added_from_vivid
Ford,FOCUS Saloon (DFW),2001,2002,itdiag8-dotcom/database (vivid_cars2000.db),added_from_vivid
Ford,FOCUS Saloon (LR),,,itdiag8-dotcom/database (vivid_cars2000.db),added_from_vivid
Ford,"FOCUS Saloon (LS, LT)",,,itdiag8-dotcom/database (vivid_cars2000.db),added_from_vivid
Ford,FOCUS Saloon (LV),,,itdiag8-dotcom/database (vivid_cars2000.db),added_from_vivid
Ford,FUSION (JU_),2002,2009,itdiag8-dotcom/database (vivid_cars2000.db),added_from_vivid
Ford,Fiesta ST,2012,2021,gor3a/vehicle-makes-models,added_missing
Ford,Figo,2010,2026,gor3a/vehicle-makes-models,added_missing
Ford,Five Hundred,2004,2007,gor3a/vehicle-makes-models,added_missing
Ford,Flex,2009,2019,gor3a/vehicle-makes-models,added_missing
Ford,Focus CC,2006,2011,gor3a/vehicle-makes-models,added_missing
Ford,Focus US,1998,2026,gor3a/vehicle-makes-models,added_missing
Ford,Freestar,2003,2007,gor3a/vehicle-makes-models,added_missing
Ford,Freestyle,2004,2007,gor3a/vehicle-makes-models,added_missing
Ford,Fusion European,2002,2012,gor3a/vehicle-makes-models,added_missing
Ford,Fusion North American,2005,2020,gor3a/vehicle-makes-models,added_missing
Ford,GALAXY (WA6),2005,2010,itdiag8-dotcom/database (vivid_cars2000.db),added_from_vivid
Ford,GALAXY (WGR),2000,2004,itdiag8-dotcom/database (vivid_cars2000.db),added_from_vivid
Ford,GRAND C-MAX Van,2009,2011,itdiag8-dotcom/database (vivid_cars2000.db),added_from_vivid
Ford,GT,2004,2022,gor3a/vehicle-makes-models,added_missing
Ford,GT MKII,2023,2027,plowman/open-vehicle-db,added_missing
Ford,Granada,,,DanielKohut/car-data,added_missing
Ford,Grand C-MAX,2011,2015,gor3a/vehicle-makes-models,added_missing
Ford,KA (RB_),2000,2005,itdiag8-dotcom/database (vivid_cars2000.db),added_from_vivid
Ford,KA (RU8),2007,2007,itdiag8-dotcom/database (vivid_cars2000.db),added_from_vivid
Ford,KA Van (RB),2002,2002,itdiag8-dotcom/database (vivid_cars2000.db),added_from_vivid
Ford,KUGA I,2007,2009,itdiag8-dotcom/database (vivid_cars2000.db),added_from_vivid
Ford,KUGA II (DM2),2012,2012,itdiag8-dotcom/database (vivid_cars2000.db),added_from_vivid
Ford,KUGA II Van,2012,2012,itdiag8-dotcom/database (vivid_cars2000.db),added_from_vivid
Ford,Ka+,2016,2019,gor3a/vehicle-makes-models,added_missing
Ford,Ka+ Active,2018,2019,gor3a/vehicle-makes-models,added_missing
Ford,LASER Hatchback (KQ),,,itdiag8-dotcom/database (vivid_cars2000.db),added_from_vivid
Ford,LASER Saloon (KQ),,,itdiag8-dotcom/database (vivid_cars2000.db),added_from_vivid
Ford,LTD Saloon (BA),,,itdiag8-dotcom/database (vivid_cars2000.db),added_from_vivid
Ford,METROSTAR,2000,2000,itdiag8-dotcom/database (vivid_cars2000.db),added_from_vivid
Ford,"MONDEO Estate (MB, MC)",,,itdiag8-dotcom/database (vivid_cars2000.db),added_from_vivid
Ford,"MONDEO Hatchback (MA, MB, MC)",,,itdiag8-dotcom/database (vivid_cars2000.db),added_from_vivid
Ford,MONDEO II (BAP),2000,2000,itdiag8-dotcom/database (vivid_cars2000.db),added_from_vivid
Ford,MONDEO II Saloon (BFP),2000,2000,itdiag8-dotcom/database (vivid_cars2000.db),added_from_vivid
Ford,MONDEO III (B5Y),2000,2003,itdiag8-dotcom/database (vivid_cars2000.db),added_from_vivid
Ford,MONDEO III Estate (BWY),2000,2003,itdiag8-dotcom/database (vivid_cars2000.db),added_from_vivid
Ford,MONDEO III Saloon (B4Y),2000,2003,itdiag8-dotcom/database (vivid_cars2000.db),added_from_vivid
Ford,MONDEO IV (BA7),2006,2010,itdiag8-dotcom/database (vivid_cars2000.db),added_from_vivid
Ford,MONDEO IV Saloon (BA7),2006,2009,itdiag8-dotcom/database (vivid_cars2000.db),added_from_vivid
Ford,MONDEO IV Turnier (BA7),2006,2010,itdiag8-dotcom/database (vivid_cars2000.db),added_from_vivid
Ford,MONDEO Saloon (HE),,,itdiag8-dotcom/database (vivid_cars2000.db),added_from_vivid
Ford,"MONDEO Saloon (MA, MB)",,,itdiag8-dotcom/database (vivid_cars2000.db),added_from_vivid
Ford,MONDEO V Hatchback,2012,2012,itdiag8-dotcom/database (vivid_cars2000.db),added_from_vivid
Ford,MONDEO V Turnier,2012,2012,itdiag8-dotcom/database (vivid_cars2000.db),added_from_vivid
Ford,Mach-E,,,DanielKohut/car-data,added_missing
Ford,Maverick,2021,2026,gor3a/vehicle-makes-models,added_missing
Ford,Model A,,,DanielKohut/car-data,added_missing
Ford,Model T,,,DanielKohut/car-data,added_missing
Ford,Motorhome Chassis,1999,2027,plowman/open-vehicle-db,added_missing
Ford,Mustang GTD,2025,2027,plowman/open-vehicle-db,added_missing
Ford,Mustang MACH-E,2020,2026,gor3a/vehicle-makes-models,added_missing
Ford,Mustang Mach 1,2020,2026,gor3a/vehicle-makes-models,added_missing
Ford,PUMA (EC_),2000,2000,itdiag8-dotcom/database (vivid_cars2000.db),added_from_vivid
Ford,"RANGER (ER, EQ)",2002,2004,itdiag8-dotcom/database (vivid_cars2000.db),added_from_vivid
Ford,"RANGER (ES, ET)",2005,2005,itdiag8-dotcom/database (vivid_cars2000.db),added_from_vivid
Ford,RANGER (TKE),2010,2010,itdiag8-dotcom/database (vivid_cars2000.db),added_from_vivid
Ford,RANGER Pickup (PJ),,,itdiag8-dotcom/database (vivid_cars2000.db),added_from_vivid
Ford,RANGER Pickup (PK),,,itdiag8-dotcom/database (vivid_cars2000.db),added_from_vivid
Ford,RANGER Platform/Chassis (PJ),,,itdiag8-dotcom/database (vivid_cars2000.db),added_from_vivid
Ford,RANGER Platform/Chassis (PK),,,itdiag8-dotcom/database (vivid_cars2000.db),added_from_vivid
Ford,Ranger Regular Cab,2000,2017,gor3a/vehicle-makes-models,added_missing
Ford,Ranger Super Cab,2000,2017,gor3a/vehicle-makes-models,added_missing
Ford,Ranger Tremor,2023,2026,gor3a/vehicle-makes-models,added_missing
Ford,Ranger Wildtrak,2023,2026,gor3a/vehicle-makes-models,added_missing
Ford,Raptor Ranger,2018,2022,gor3a/vehicle-makes-models,added_missing
Ford,S-MAX (WA6),2005,2010,itdiag8-dotcom/database (vivid_cars2000.db),added_from_vivid
Ford,STREET KA (RL2),2003,2003,itdiag8-dotcom/database (vivid_cars2000.db),added_from_vivid
Ford,SportKa,2003,2008,gor3a/vehicle-makes-models,added_missing
Ford,StreetKa,2003,2006,gor3a/vehicle-makes-models,added_missing
Ford,Super Duty,2021,2026,gor3a/vehicle-makes-models,added_missing
Ford,"TERRITORY (SX, SY)",,,itdiag8-dotcom/database (vivid_cars2000.db),added_from_vivid
Ford,TOURNEO CONNECT / GRAND TOURNEO CONNECT Kombi,2012,2012,itdiag8-dotcom/database (vivid_cars2000.db),added_from_vivid
Ford,TOURNEO COURIER Kombi,2012,2012,itdiag8-dotcom/database (vivid_cars2000.db),added_from_vivid
Ford,TOURNEO CUSTOM Bus,2011,2011,itdiag8-dotcom/database (vivid_cars2000.db),added_from_vivid
Ford,TRANSIT Box,2012,2012,itdiag8-dotcom/database (vivid_cars2000.db),added_from_vivid
Ford,TRANSIT Box (FA_ _),2000,2003,itdiag8-dotcom/database (vivid_cars2000.db),added_from_vivid
Ford,TRANSIT Box (VM),,,itdiag8-dotcom/database (vivid_cars2000.db),added_from_vivid
Ford,TRANSIT Bus,2012,2012,itdiag8-dotcom/database (vivid_cars2000.db),added_from_vivid
Ford,"TRANSIT Bus (FD_ _, FB_ _, FS_ _, FZ_ _, FC_ _)",2000,2003,itdiag8-dotcom/database (vivid_cars2000.db),added_from_vivid
Ford,"TRANSIT Bus (VH, VJ)",,,itdiag8-dotcom/database (vivid_cars2000.db),added_from_vivid
Ford,TRANSIT Bus (VM),,,itdiag8-dotcom/database (vivid_cars2000.db),added_from_vivid
Ford,"TRANSIT CONNECT (P65_, P70_, P80_)",2002,2005,itdiag8-dotcom/database (vivid_cars2000.db),added_from_vivid
Ford,TRANSIT CONNECT Box,2012,2012,itdiag8-dotcom/database (vivid_cars2000.db),added_from_vivid
Ford,TRANSIT CONNECT Kombi,2012,2012,itdiag8-dotcom/database (vivid_cars2000.db),added_from_vivid
Ford,TRANSIT COURIER Box,2012,2012,itdiag8-dotcom/database (vivid_cars2000.db),added_from_vivid
Ford,TRANSIT COURIER Kombi,2012,2012,itdiag8-dotcom/database (vivid_cars2000.db),added_from_vivid
Ford,TRANSIT CUSTOM Box,2011,2011,itdiag8-dotcom/database (vivid_cars2000.db),added_from_vivid
Ford,TRANSIT CUSTOM Bus,2011,2011,itdiag8-dotcom/database (vivid_cars2000.db),added_from_vivid
Ford,TRANSIT Platform/Chassis,2012,2012,itdiag8-dotcom/database (vivid_cars2000.db),added_from_vivid
Ford,"TRANSIT Platform/Chassis (FM_ _, FN_ _)",2000,2003,itdiag8-dotcom/database (vivid_cars2000.db),added_from_vivid
Ford,"TRANSIT Platform/Chassis (VH, VJ)",,,itdiag8-dotcom/database (vivid_cars2000.db),added_from_vivid
Ford,TRANSIT Platform/Chassis (VM),,,itdiag8-dotcom/database (vivid_cars2000.db),added_from_vivid
Ford,TRANSIT TOURNEO,2005,2007,itdiag8-dotcom/database (vivid_cars2000.db),added_from_vivid
Ford,Taunus,,,DanielKohut/car-data,added_missing
Ford,Taurus SHO,2009,2019,gor3a/vehicle-makes-models,added_missing
Ford,Taurus X,2007,2009,gor3a/vehicle-makes-models,added_missing
Ford,Territory,2018,2022,gor3a/vehicle-makes-models,added_missing
Ford,Thunderbird,1955,2005,gor3a/vehicle-makes-models,added_missing
Ford,Tourneo,2003,2024,gor3a/vehicle-makes-models,added_missing
Ford,Tourneo Custom,,,DanielKohut/car-data,added_missing
Ford,Transit Courier,,,DanielKohut/car-data,added_missing
Ford,Transit Custom,2019,2023,gor3a/vehicle-makes-models,added_missing
Ford,Transit Van,,,DanielKohut/car-data,added_missing
Ford,Wildtrak,2019,2026,gor3a/vehicle-makes-models,added_missing
Ford,Windstar,1998,2004,gor3a/vehicle-makes-models,added_missing
Ford,ZX2,1999,2003,plowman/open-vehicle-db,added_missing
GMC,Acadia,2007,2023,gor3a/vehicle-makes-models,added_missing
GMC,C-Series,,,DanielKohut/car-data,added_missing
GMC,C5,1981,2009,plowman/open-vehicle-db,added_missing
GMC,C6,1981,2009,plowman/open-vehicle-db,added_missing
GMC,C7,1981,2009,plowman/open-vehicle-db,added_missing
GMC,Caballero,,,DanielKohut/car-data,added_missing
GMC,Canyon,2004,2021,gor3a/vehicle-makes-models,added_missing
GMC,Canyon Regular Cab,2004,2013,gor3a/vehicle-makes-models,added_missing
GMC,Cruise Origin AV,2024,2027,plowman/open-vehicle-db,added_missing
GMC,Electric Vehicle,1997,2000,plowman/open-vehicle-db,added_missing
GMC,Envoy,2001,2009,gor3a/vehicle-makes-models,added_missing
GMC,Envoy XL,2001,2006,gor3a/vehicle-makes-models,added_missing
GMC,Envoy XUV,2003,2005,gor3a/vehicle-makes-models,added_missing
GMC,Hummer EV,2021,2026,gor3a/vehicle-makes-models,added_missing
GMC,Hummer EV Pickup,,,DanielKohut/car-data,added_missing
GMC,Hummer EV SUV,2023,2026,gor3a/vehicle-makes-models,added_missing
GMC,Jimmy,1997,2001,gor3a/vehicle-makes-models,added_missing
GMC,Jimmy Utility,1981,2005,plowman/open-vehicle-db,added_missing
GMC,K-Series,,,DanielKohut/car-data,added_missing
GMC,SIERRA 1500 Crew Cab Pickup,2006,2009,itdiag8-dotcom/database (vivid_cars2000.db),added_from_vivid
GMC,SIERRA 1500 Extended Cab Pickup,2006,2008,itdiag8-dotcom/database (vivid_cars2000.db),added_from_vivid
GMC,SIERRA 1500 HD Crew Cab Pickup,2000,2000,itdiag8-dotcom/database (vivid_cars2000.db),added_from_vivid
GMC,SIERRA 1500 Standard Cab Pickup,2006,2009,itdiag8-dotcom/database (vivid_cars2000.db),added_from_vivid
GMC,SIERRA 2500 HD Cab & Chassis,2006,2011,itdiag8-dotcom/database (vivid_cars2000.db),added_from_vivid
GMC,SIERRA 2500 HD Crew Cab Pickup,2006,2011,itdiag8-dotcom/database (vivid_cars2000.db),added_from_vivid
GMC,SIERRA 2500 HD Extended Cab Pickup,2007,2011,itdiag8-dotcom/database (vivid_cars2000.db),added_from_vivid
GMC,SIERRA 2500 HD Standard Cab Pickup,2006,2011,itdiag8-dotcom/database (vivid_cars2000.db),added_from_vivid
GMC,SIERRA 3500 Cab & Chassis,2000,2000,itdiag8-dotcom/database (vivid_cars2000.db),added_from_vivid
GMC,SIERRA 3500 Crew Cab Pickup,2000,2000,itdiag8-dotcom/database (vivid_cars2000.db),added_from_vivid
GMC,SIERRA 3500 HD Cab & Chassis,2005,2009,itdiag8-dotcom/database (vivid_cars2000.db),added_from_vivid
GMC,SIERRA 3500 HD Crew Cab Pickup,2006,2010,itdiag8-dotcom/database (vivid_cars2000.db),added_from_vivid
GMC,SIERRA 3500 HD Extended Cab Pickup,2006,2009,itdiag8-dotcom/database (vivid_cars2000.db),added_from_vivid
GMC,SIERRA 3500 HD Standard Cab Pickup,2006,2010,itdiag8-dotcom/database (vivid_cars2000.db),added_from_vivid
GMC,Safari,1994,2005,gor3a/vehicle-makes-models,added_missing
GMC,Savana,1995,2026,gor3a/vehicle-makes-models,added_missing
GMC,Sierra 1500,,,DanielKohut/car-data,added_missing
GMC,Sierra 2500,,,DanielKohut/car-data,added_missing
GMC,Sierra 2500HD,2008,2022,gor3a/vehicle-makes-models,added_missing
GMC,Sierra 3500,,,DanielKohut/car-data,added_missing
GMC,Sierra 3500HD,2008,2019,gor3a/vehicle-makes-models,added_missing
GMC,Sierra EV,,,DanielKohut/car-data,added_missing
GMC,Sierra HD,2019,2027,plowman/open-vehicle-db,added_missing
GMC,Sierra Limited,2019,2027,plowman/open-vehicle-db,added_missing
GMC,Sonoma,,,DanielKohut/car-data,added_missing
GMC,Sprint,,,DanielKohut/car-data,added_missing
GMC,Suburban,,,DanielKohut/car-data,added_missing
GMC,Syclone,,,DanielKohut/car-data,added_missing
GMC,Terrain,2009,2026,gor3a/vehicle-makes-models,added_missing
GMC,TopKick,,,DanielKohut/car-data,added_missing
GMC,Vandura,,,DanielKohut/car-data,added_missing
GMC,Yukon,1999,2026,gor3a/vehicle-makes-models,added_missing
GMC,Yukon XL,1999,2026,gor3a/vehicle-makes-models,added_missing
GWM,Cannon,,,DanielKohut/car-data,added_missing
GWM,Cannon Alpha,,,DanielKohut/car-data,added_missing
GWM,Ora 03,,,DanielKohut/car-data,added_missing
GWM,Ora Ballet Cat,,,DanielKohut/car-data,added_missing
GWM,Ora Funky Cat,,,DanielKohut/car-data,added_missing
GWM,Ora Good Cat,,,DanielKohut/car-data,added_missing
GWM,Ora Lightning Cat,,,DanielKohut/car-data,added_missing
GWM,Poer,,,DanielKohut/car-data,added_missing
GWM,Poer King Kong,,,DanielKohut/car-data,added_missing
GWM,Tank 300,,,DanielKohut/car-data,added_missing
GWM,Tank 400,,,DanielKohut/car-data,added_missing
GWM,Tank 500,,,DanielKohut/car-data,added_missing
GWM,Tank 700,,,DanielKohut/car-data,added_missing
GWM,Ute,,,DanielKohut/car-data,added_missing
Geely,CK,2005,2016,gor3a/vehicle-makes-models,added_missing
Geely,Galaxy,2023,2026,gor3a/vehicle-makes-models,added_missing
Geely,Galaxy M9,2025,2026,gor3a/vehicle-makes-models,added_missing
Geely,LC,2009,2017,gor3a/vehicle-makes-models,added_missing
Geely,MK,2006,2014,gor3a/vehicle-makes-models,added_missing
Genesis,G70,2017,2026,gor3a/vehicle-makes-models,added_missing
Genesis,G70 Shooting Brake,2021,2026,gor3a/vehicle-makes-models,added_missing
Genesis,G80,2016,2026,gor3a/vehicle-makes-models,added_missing
Genesis,G90,2016,2026,gor3a/vehicle-makes-models,added_missing
Genesis,GV60,2022,2026,gor3a/vehicle-makes-models,added_missing
Genesis,GV70,2020,2026,gor3a/vehicle-makes-models,added_missing
Genesis,GV80,2023,2026,gor3a/vehicle-makes-models,added_missing
Great Wall,Poer,2019,2026,gor3a/vehicle-makes-models,added_missing
Great Wall,Steed,2006,2020,gor3a/vehicle-makes-models,added_missing
Great Wall,Voleex C30,2010,2017,gor3a/vehicle-makes-models,added_missing
Great Wall,Wingle,2006,2026,gor3a/vehicle-makes-models,added_missing
Holden,ADVENTRA Estate (VY),2003,2003,itdiag8-dotcom/database (vivid_cars2000.db),added_from_vivid
Holden,ADVENTRA Estate (VZ),2003,2005,itdiag8-dotcom/database (vivid_cars2000.db),added_from_vivid
Holden,ASTRA (AH),2004,2006,itdiag8-dotcom/database (vivid_cars2000.db),added_from_vivid
Holden,ASTRA Convertible (TS),2002,2002,itdiag8-dotcom/database (vivid_cars2000.db),added_from_vivid
Holden,ASTRA Estate (AH),2006,2007,itdiag8-dotcom/database (vivid_cars2000.db),added_from_vivid
Holden,ASTRA Hatchback (TS),2000,2003,itdiag8-dotcom/database (vivid_cars2000.db),added_from_vivid
Holden,ASTRA SPORTSBACK (AH),2004,2006,itdiag8-dotcom/database (vivid_cars2000.db),added_from_vivid
Holden,ASTRA Saloon (TS),2000,2000,itdiag8-dotcom/database (vivid_cars2000.db),added_from_vivid
Holden,ASTRA TWINTOP (AH),2007,2007,itdiag8-dotcom/database (vivid_cars2000.db),added_from_vivid
Holden,Acadia,,,DanielKohut/car-data,added_missing
Holden,Adventra,2003,2007,gor3a/vehicle-makes-models,added_missing
Holden,Apollo,,,DanielKohut/car-data,added_missing
Holden,Astra,2004,2009,gor3a/vehicle-makes-models,added_missing
Holden,Astra Caravan,2003,2009,gor3a/vehicle-makes-models,added_missing
Holden,Astra TwinTop,2007,2009,gor3a/vehicle-makes-models,added_missing
Holden,BARINA Hatchback (TK),2004,2004,itdiag8-dotcom/database (vivid_cars2000.db),added_from_vivid
Holden,BARINA Hatchback (XC),2000,2003,itdiag8-dotcom/database (vivid_cars2000.db),added_from_vivid
Holden,BARINA Saloon (TK),2004,2004,itdiag8-dotcom/database (vivid_cars2000.db),added_from_vivid
Holden,Barina,2000,2018,gor3a/vehicle-makes-models,added_missing
Holden,Barina RS,2013,2016,gor3a/vehicle-makes-models,added_missing
Holden,Belmont,,,DanielKohut/car-data,added_missing
Holden,Berlina,,,DanielKohut/car-data,added_missing
Holden,Brougham,,,DanielKohut/car-data,added_missing
Holden,Business,,,DanielKohut/car-data,added_missing
Holden,CALAIS Estate (VE),2005,2007,itdiag8-dotcom/database (vivid_cars2000.db),added_from_vivid
Holden,CALAIS Estate (VF),2012,2012,itdiag8-dotcom/database (vivid_cars2000.db),added_from_vivid
Holden,CALAIS Saloon (VE),2005,2007,itdiag8-dotcom/database (vivid_cars2000.db),added_from_vivid
Holden,CALAIS Saloon (VF),2012,2012,itdiag8-dotcom/database (vivid_cars2000.db),added_from_vivid
Holden,CALAIS Saloon (VX),2000,2000,itdiag8-dotcom/database (vivid_cars2000.db),added_from_vivid
Holden,CALAIS Saloon (VY),2002,2003,itdiag8-dotcom/database (vivid_cars2000.db),added_from_vivid
Holden,CALAIS Saloon (VZ),2003,2004,itdiag8-dotcom/database (vivid_cars2000.db),added_from_vivid
Holden,CAPRICE Saloon (WH),2000,2001,itdiag8-dotcom/database (vivid_cars2000.db),added_from_vivid
Holden,CAPRICE Saloon (WK),2003,2003,itdiag8-dotcom/database (vivid_cars2000.db),added_from_vivid
Holden,CAPRICE Saloon (WL),2003,2005,itdiag8-dotcom/database (vivid_cars2000.db),added_from_vivid
Holden,CAPRICE Saloon (WM),2005,2005,itdiag8-dotcom/database (vivid_cars2000.db),added_from_vivid
Holden,CAPTIVA (CG),2005,2008,itdiag8-dotcom/database (vivid_cars2000.db),added_from_vivid
Holden,CAPTIVA 5 (CG),2010,2010,itdiag8-dotcom/database (vivid_cars2000.db),added_from_vivid
Holden,COLORADO Pickup (RC),2007,2007,itdiag8-dotcom/database (vivid_cars2000.db),added_from_vivid
Holden,COLORADO Platform/Chassis (RC),2007,2007,itdiag8-dotcom/database (vivid_cars2000.db),added_from_vivid
Holden,COMBO Box (XC),2002,2004,itdiag8-dotcom/database (vivid_cars2000.db),added_from_vivid
Holden,COMMODORE Estate (VE),2007,2008,itdiag8-dotcom/database (vivid_cars2000.db),added_from_vivid
Holden,COMMODORE Estate (VF),2012,2012,itdiag8-dotcom/database (vivid_cars2000.db),added_from_vivid
Holden,COMMODORE Estate (VX),2000,2000,itdiag8-dotcom/database (vivid_cars2000.db),added_from_vivid
Holden,COMMODORE Estate (VY),2002,2002,itdiag8-dotcom/database (vivid_cars2000.db),added_from_vivid
Holden,COMMODORE Estate (VZ),2003,2005,itdiag8-dotcom/database (vivid_cars2000.db),added_from_vivid
Holden,COMMODORE Pickup (VE),2006,2008,itdiag8-dotcom/database (vivid_cars2000.db),added_from_vivid
Holden,COMMODORE Pickup (VU),2000,2000,itdiag8-dotcom/database (vivid_cars2000.db),added_from_vivid
Holden,COMMODORE Pickup (VY),2002,2002,itdiag8-dotcom/database (vivid_cars2000.db),added_from_vivid
Holden,COMMODORE Pickup (VZ),2003,2005,itdiag8-dotcom/database (vivid_cars2000.db),added_from_vivid
Holden,COMMODORE Saloon (VE),2005,2008,itdiag8-dotcom/database (vivid_cars2000.db),added_from_vivid
Holden,COMMODORE Saloon (VX),2000,2000,itdiag8-dotcom/database (vivid_cars2000.db),added_from_vivid
Holden,COMMODORE Saloon (VY),2002,2002,itdiag8-dotcom/database (vivid_cars2000.db),added_from_vivid
Holden,COMMODORE Saloon (VZ),2003,2004,itdiag8-dotcom/database (vivid_cars2000.db),added_from_vivid
Holden,CREWMAN Pickup (VY),2003,2003,itdiag8-dotcom/database (vivid_cars2000.db),added_from_vivid
Holden,CREWMAN Pickup (VZ),2003,2005,itdiag8-dotcom/database (vivid_cars2000.db),added_from_vivid
Holden,CRUZE Hatchback (YG),2002,2002,itdiag8-dotcom/database (vivid_cars2000.db),added_from_vivid
Holden,"CRUZE Saloon (JG, JH)",2008,2008,itdiag8-dotcom/database (vivid_cars2000.db),added_from_vivid
Holden,Calais,,,DanielKohut/car-data,added_missing
Holden,Calibra,,,DanielKohut/car-data,added_missing
Holden,Camira,,,DanielKohut/car-data,added_missing
Holden,Caprice,,,DanielKohut/car-data,added_missing
Holden,Caprice/Statesman,1999,2017,gor3a/vehicle-makes-models,added_missing
Holden,Captiva MaXX,2006,2011,gor3a/vehicle-makes-models,added_missing
Holden,Cascada,,,DanielKohut/car-data,added_missing
Holden,Combo,2002,2012,gor3a/vehicle-makes-models,added_missing
Holden,Commodore,1997,2020,gor3a/vehicle-makes-models,added_missing
Holden,Crewman,2003,2007,gor3a/vehicle-makes-models,added_missing
Holden,Cruze,,,DanielKohut/car-data,added_missing
Holden,Cruze Mk I,2002,2005,gor3a/vehicle-makes-models,added_missing
Holden,Cruze Mk II,2008,2016,gor3a/vehicle-makes-models,added_missing
Holden,EPICA Saloon (EP),2006,2007,itdiag8-dotcom/database (vivid_cars2000.db),added_from_vivid
Holden,Frontera,,,DanielKohut/car-data,added_missing
Holden,Frontera MX,1997,2003,gor3a/vehicle-makes-models,added_missing
Holden,Insignia,,,DanielKohut/car-data,added_missing
Holden,Jackaroo,1998,2002,gor3a/vehicle-makes-models,added_missing
Holden,Kingswood,,,DanielKohut/car-data,added_missing
Holden,MONARO Coupe (V2),2001,2003,itdiag8-dotcom/database (vivid_cars2000.db),added_from_vivid
Holden,MONARO Coupe (VZ),2003,2003,itdiag8-dotcom/database (vivid_cars2000.db),added_from_vivid
Holden,Malibu,2013,2016,gor3a/vehicle-makes-models,added_missing
Holden,Monaro,2001,2006,gor3a/vehicle-makes-models,added_missing
Holden,ONE TONNER Platform/Chassis (VY),2003,2003,itdiag8-dotcom/database (vivid_cars2000.db),added_from_vivid
Holden,ONE TONNER Platform/Chassis (VZ),2003,2003,itdiag8-dotcom/database (vivid_cars2000.db),added_from_vivid
Holden,One Tonner,,,DanielKohut/car-data,added_missing
Holden,Premier,,,DanielKohut/car-data,added_missing
Holden,RODEO Pickup (RA),2002,2006,itdiag8-dotcom/database (vivid_cars2000.db),added_from_vivid
Holden,RODEO Pickup (TF),2001,2001,itdiag8-dotcom/database (vivid_cars2000.db),added_from_vivid
Holden,RODEO Platform/Chassis (RA),2002,2006,itdiag8-dotcom/database (vivid_cars2000.db),added_from_vivid
Holden,Rodeo,1996,2008,gor3a/vehicle-makes-models,added_missing
Holden,STATESMAN Saloon (WH),2001,2002,itdiag8-dotcom/database (vivid_cars2000.db),added_from_vivid
Holden,STATESMAN Saloon (WK),2003,2003,itdiag8-dotcom/database (vivid_cars2000.db),added_from_vivid
Holden,STATESMAN Saloon (WL),2003,2005,itdiag8-dotcom/database (vivid_cars2000.db),added_from_vivid
Holden,STATESMAN Saloon (WM),2005,2005,itdiag8-dotcom/database (vivid_cars2000.db),added_from_vivid
Holden,Statesman,1999,2010,gor3a/vehicle-makes-models,added_missing
Holden,Sunbird,,,DanielKohut/car-data,added_missing
Holden,TIGRA (XC),2004,2004,itdiag8-dotcom/database (vivid_cars2000.db),added_from_vivid
Holden,TRAX (TJ),2012,2012,itdiag8-dotcom/database (vivid_cars2000.db),added_from_vivid
Holden,Tigra,2005,2009,gor3a/vehicle-makes-models,added_missing
Holden,Torana,,,DanielKohut/car-data,added_missing
Holden,Trailblazer,,,DanielKohut/car-data,added_missing
Holden,Ute,2003,2017,gor3a/vehicle-makes-models,added_missing
Holden,VECTRA Hatchback (JS),2000,2000,itdiag8-dotcom/database (vivid_cars2000.db),added_from_vivid
Holden,VECTRA Hatchback (ZC),2002,2002,itdiag8-dotcom/database (vivid_cars2000.db),added_from_vivid
Holden,VECTRA Saloon (JS),2000,2000,itdiag8-dotcom/database (vivid_cars2000.db),added_from_vivid
Holden,VECTRA Saloon (ZC),2002,2002,itdiag8-dotcom/database (vivid_cars2000.db),added_from_vivid
Holden,VIVA Estate (JF),2004,2004,itdiag8-dotcom/database (vivid_cars2000.db),added_from_vivid
Holden,VIVA Hatchback (JF),2004,2004,itdiag8-dotcom/database (vivid_cars2000.db),added_from_vivid
Holden,VIVA Saloon (JF),2004,2004,itdiag8-dotcom/database (vivid_cars2000.db),added_from_vivid
Holden,Vectra,1995,2005,gor3a/vehicle-makes-models,added_missing
Holden,Volt,,,DanielKohut/car-data,added_missing
Holden,ZAFIRA (TT),2001,2001,itdiag8-dotcom/database (vivid_cars2000.db),added_from_vivid
Holden,Zafira,1999,2005,gor3a/vehicle-makes-models,added_missing
Honda,ACCORD Coupe (CM),2003,2005,itdiag8-dotcom/database (vivid_cars2000.db),added_from_vivid
Honda,"ACCORD VI (CG, CK)",2001,2001,itdiag8-dotcom/database (vivid_cars2000.db),added_from_vivid
Honda,ACCORD VI Aerodeck (CF),2003,2003,itdiag8-dotcom/database (vivid_cars2000.db),added_from_vivid
Honda,ACCORD VI Coupe (CG),2001,2001,itdiag8-dotcom/database (vivid_cars2000.db),added_from_vivid
Honda,ACCORD VI Hatchback (CH),2000,2000,itdiag8-dotcom/database (vivid_cars2000.db),added_from_vivid
Honda,ACCORD VII (CL),2002,2005,itdiag8-dotcom/database (vivid_cars2000.db),added_from_vivid
Honda,ACCORD VII (CM),2002,2003,itdiag8-dotcom/database (vivid_cars2000.db),added_from_vivid
Honda,ACCORD VII (CP),2006,2006,itdiag8-dotcom/database (vivid_cars2000.db),added_from_vivid
Honda,ACCORD VII Tourer (CM),2002,2003,itdiag8-dotcom/database (vivid_cars2000.db),added_from_vivid
Honda,ACCORD VIII (CU),2007,2007,itdiag8-dotcom/database (vivid_cars2000.db),added_from_vivid
Honda,ACCORD VIII Estate,2007,2007,itdiag8-dotcom/database (vivid_cars2000.db),added_from_vivid
Honda,Accord Crosstour,2009,2016,gor3a/vehicle-makes-models,added_missing
Honda,Accord Euro,1998,2010,gor3a/vehicle-makes-models,added_missing
Honda,Accord Tourer,1993,2012,gor3a/vehicle-makes-models,added_missing
Honda,Accord Type R,1998,2005,gor3a/vehicle-makes-models,added_missing
Honda,Airwave,2005,2010,gor3a/vehicle-makes-models,added_missing
Honda,Avancier,1999,2003,gor3a/vehicle-makes-models,added_missing
Honda,BRIO,2010,2010,itdiag8-dotcom/database (vivid_cars2000.db),added_from_vivid
Honda,CITY Saloon,2012,2013,itdiag8-dotcom/database (vivid_cars2000.db),added_from_vivid
Honda,CITY Saloon (GM),2007,2012,itdiag8-dotcom/database (vivid_cars2000.db),added_from_vivid
Honda,CIVIC IX (FK),2011,2012,itdiag8-dotcom/database (vivid_cars2000.db),added_from_vivid
Honda,"CIVIC IX Saloon (FB, FG)",2010,2012,itdiag8-dotcom/database (vivid_cars2000.db),added_from_vivid
Honda,CIVIC IX Tourer (FK),2012,2012,itdiag8-dotcom/database (vivid_cars2000.db),added_from_vivid
Honda,CIVIC VII Coupe (EM2),2001,2001,itdiag8-dotcom/database (vivid_cars2000.db),added_from_vivid
Honda,"CIVIC VII Hatchback (EU, EP, EV)",2000,2002,itdiag8-dotcom/database (vivid_cars2000.db),added_from_vivid
Honda,CIVIC VII Saloon (ES),2000,2003,itdiag8-dotcom/database (vivid_cars2000.db),added_from_vivid
Honda,"CIVIC VIII Hatchback (FN, FK)",2004,2007,itdiag8-dotcom/database (vivid_cars2000.db),added_from_vivid
Honda,"CIVIC VIII Saloon (FD, FA)",2004,2011,itdiag8-dotcom/database (vivid_cars2000.db),added_from_vivid
Honda,CR-V II (RD_),2001,2004,itdiag8-dotcom/database (vivid_cars2000.db),added_from_vivid
Honda,CR-V III (RE),2005,2008,itdiag8-dotcom/database (vivid_cars2000.db),added_from_vivid
Honda,CR-V IV (RE),2011,2012,itdiag8-dotcom/database (vivid_cars2000.db),added_from_vivid
Honda,CR-Z,2010,2016,gor3a/vehicle-makes-models,added_missing
Honda,CR-Z (ZF1),2009,2011,itdiag8-dotcom/database (vivid_cars2000.db),added_from_vivid
Honda,Civic Aero Deck,1998,2001,gor3a/vehicle-makes-models,added_missing
Honda,Civic Si,1990,2027,plowman/open-vehicle-db,added_missing
Honda,Civic Si Sedan US,2024,2026,gor3a/vehicle-makes-models,added_missing
Honda,Civic Tourer,2013,2017,gor3a/vehicle-makes-models,added_missing
Honda,Civic Type R,2017,2027,plowman/open-vehicle-db,added_missing
Honda,Civic Type-R,2001,2026,gor3a/vehicle-makes-models,added_missing
Honda,Clarity,2007,2014,gor3a/vehicle-makes-models,added_missing
Honda,Crosstour,2012,2015,plowman/open-vehicle-db,added_missing
Honda,ELYSION,2003,2003,itdiag8-dotcom/database (vivid_cars2000.db),added_from_vivid
Honda,Element,2003,2011,gor3a/vehicle-makes-models,added_missing
Honda,FCX Clarity,2004,2014,plowman/open-vehicle-db,added_missing
Honda,FR-V (BE),2003,2006,itdiag8-dotcom/database (vivid_cars2000.db),added_from_vivid
Honda,FR-V / Edix,2004,2011,gor3a/vehicle-makes-models,added_missing
Honda,Fit,,,DanielKohut/car-data,added_missing
Honda,Fit EV,2012,2014,gor3a/vehicle-makes-models,added_missing
Honda,Freed,,,DanielKohut/car-data,added_missing
Honda,INSIGHT (ZE),2000,2000,itdiag8-dotcom/database (vivid_cars2000.db),added_from_vivid
Honda,INSIGHT (ZE_),2008,2008,itdiag8-dotcom/database (vivid_cars2000.db),added_from_vivid
Honda,INTEGRA (DC5),2002,2003,itdiag8-dotcom/database (vivid_cars2000.db),added_from_vivid
Honda,Insight,1999,2022,gor3a/vehicle-makes-models,added_missing
Honda,Integra,,,DanielKohut/car-data,added_missing
Honda,JAZZ II (GD),2002,2002,itdiag8-dotcom/database (vivid_cars2000.db),added_from_vivid
Honda,JAZZ III (GE),2007,2010,itdiag8-dotcom/database (vivid_cars2000.db),added_from_vivid
Honda,JAZZ IV (GK),2012,2012,itdiag8-dotcom/database (vivid_cars2000.db),added_from_vivid
Honda,JAZZ Saloon,2003,2003,itdiag8-dotcom/database (vivid_cars2000.db),added_from_vivid
Honda,Jazz / Fit,2002,2026,gor3a/vehicle-makes-models,added_missing
Honda,LAGREAT,2002,2004,itdiag8-dotcom/database (vivid_cars2000.db),added_from_vivid
Honda,LEGEND III (KA9),2003,2003,itdiag8-dotcom/database (vivid_cars2000.db),added_from_vivid
Honda,LEGEND IV (KB_),2005,2007,itdiag8-dotcom/database (vivid_cars2000.db),added_from_vivid
Honda,LIFE,2003,2003,itdiag8-dotcom/database (vivid_cars2000.db),added_from_vivid
Honda,Legend,1987,2017,gor3a/vehicle-makes-models,added_missing
Honda,Logo / Fit,1996,2001,gor3a/vehicle-makes-models,added_missing
Honda,MDX,2003,2006,gor3a/vehicle-makes-models,added_missing
Honda,N-Box,,,DanielKohut/car-data,added_missing
Honda,N-One,,,DanielKohut/car-data,added_missing
Honda,N-WGN,,,DanielKohut/car-data,added_missing
Honda,NBOX (JF),2010,2010,itdiag8-dotcom/database (vivid_cars2000.db),added_from_vivid
Honda,NSX,1991,2021,gor3a/vehicle-makes-models,added_missing
Honda,ODYSSEY (RB_),2002,2007,itdiag8-dotcom/database (vivid_cars2000.db),added_from_vivid
Honda,Odyssey,2005,2026,gor3a/vehicle-makes-models,added_missing
Honda,Passport,2018,2026,gor3a/vehicle-makes-models,added_missing
Honda,Pilot,2009,2026,gor3a/vehicle-makes-models,added_missing
Honda,Prelude,1979,2026,gor3a/vehicle-makes-models,added_missing
Honda,Prologue,2023,2026,gor3a/vehicle-makes-models,added_missing
Honda,Ridgeline,2005,2026,gor3a/vehicle-makes-models,added_missing
Honda,S2000 (AP),2003,2003,itdiag8-dotcom/database (vivid_cars2000.db),added_from_vivid
Honda,S660,2015,2022,gor3a/vehicle-makes-models,added_missing
Honda,STREAM (RN),2001,2001,itdiag8-dotcom/database (vivid_cars2000.db),added_from_vivid
Honda,Shuttle,1995,2001,gor3a/vehicle-makes-models,added_missing
Honda,Stepwgn,,,DanielKohut/car-data,added_missing
Honda,Stream,2000,2009,gor3a/vehicle-makes-models,added_missing
Honda,THATS,2003,2003,itdiag8-dotcom/database (vivid_cars2000.db),added_from_vivid
Honda,That's,2002,2007,gor3a/vehicle-makes-models,added_missing
Honda,WR-V,,,DanielKohut/car-data,added_missing
Honda,ZR-V,2023,2026,gor3a/vehicle-makes-models,added_missing
Honda,e,2020,2026,gor3a/vehicle-makes-models,added_missing
Honda,e:Ny1,2023,2026,gor3a/vehicle-makes-models,added_missing
Hyundai,ACCENT II (LC),2000,2002,itdiag8-dotcom/database (vivid_cars2000.db),added_from_vivid
Hyundai,ACCENT II Saloon (LC),2000,2002,itdiag8-dotcom/database (vivid_cars2000.db),added_from_vivid
Hyundai,ACCENT III (MC),2004,2004,itdiag8-dotcom/database (vivid_cars2000.db),added_from_vivid
Hyundai,ACCENT III Saloon (MC),2004,2004,itdiag8-dotcom/database (vivid_cars2000.db),added_from_vivid
Hyundai,ACCENT IV (RB),2009,2009,itdiag8-dotcom/database (vivid_cars2000.db),added_from_vivid
Hyundai,ACCENT IV Saloon (RB),2009,2010,itdiag8-dotcom/database (vivid_cars2000.db),added_from_vivid
Hyundai,ATOS (MX),2001,2003,itdiag8-dotcom/database (vivid_cars2000.db),added_from_vivid
Hyundai,ATOS PRIME (MX),2001,2004,itdiag8-dotcom/database (vivid_cars2000.db),added_from_vivid
Hyundai,Atos,2003,2008,gor3a/vehicle-makes-models,added_missing
Hyundai,Atos Multi,1998,2003,gor3a/vehicle-makes-models,added_missing
Hyundai,Atos Spirit,1999,2003,gor3a/vehicle-makes-models,added_missing
Hyundai,Bayon,2021,2026,gor3a/vehicle-makes-models,added_missing
Hyundai,COUPE (GK),2001,2006,itdiag8-dotcom/database (vivid_cars2000.db),added_from_vivid
Hyundai,COUPE (RD),2001,2001,itdiag8-dotcom/database (vivid_cars2000.db),added_from_vivid
Hyundai,Casper,,,DanielKohut/car-data,added_missing
Hyundai,Coupe / Tiburon,1996,2009,gor3a/vehicle-makes-models,added_missing
Hyundai,Creta,,,DanielKohut/car-data,added_missing
Hyundai,ELANTRA (XD),2000,2003,itdiag8-dotcom/database (vivid_cars2000.db),added_from_vivid
Hyundai,ELANTRA Saloon (HD),2004,2005,itdiag8-dotcom/database (vivid_cars2000.db),added_from_vivid
Hyundai,"ELANTRA Saloon (MD, UD)",2009,2010,itdiag8-dotcom/database (vivid_cars2000.db),added_from_vivid
Hyundai,ELANTRA Saloon (XD),2000,2003,itdiag8-dotcom/database (vivid_cars2000.db),added_from_vivid
Hyundai,EQUUS / CENTENNIAL,2008,2012,itdiag8-dotcom/database (vivid_cars2000.db),added_from_vivid
Hyundai,Elantra GT,2012,2020,gor3a/vehicle-makes-models,added_missing
Hyundai,Elantra N,2020,2026,gor3a/vehicle-makes-models,added_missing
Hyundai,Entourage,2006,2014,plowman/open-vehicle-db,added_missing
Hyundai,Equus,2010,2016,gor3a/vehicle-makes-models,added_missing
Hyundai,Excel,1989,2000,gor3a/vehicle-makes-models,added_missing
Hyundai,GENESIS (BH),2007,2007,itdiag8-dotcom/database (vivid_cars2000.db),added_from_vivid
Hyundai,GETZ (TB),2002,2004,itdiag8-dotcom/database (vivid_cars2000.db),added_from_vivid
Hyundai,GRAND AVEGA,2010,2010,itdiag8-dotcom/database (vivid_cars2000.db),added_from_vivid
Hyundai,GRAND SANTA FÉ,2012,2012,itdiag8-dotcom/database (vivid_cars2000.db),added_from_vivid
Hyundai,GRANDEUR (HG),2010,2010,itdiag8-dotcom/database (vivid_cars2000.db),added_from_vivid
Hyundai,GRANDEUR (TG),2004,2009,itdiag8-dotcom/database (vivid_cars2000.db),added_from_vivid
Hyundai,Genesis,2008,2016,gor3a/vehicle-makes-models,added_missing
Hyundai,Grandeur / Azera,2005,2026,gor3a/vehicle-makes-models,added_missing
Hyundai,H-1 / STAREX,2001,2005,itdiag8-dotcom/database (vivid_cars2000.db),added_from_vivid
Hyundai,H-1 Box,2000,2003,itdiag8-dotcom/database (vivid_cars2000.db),added_from_vivid
Hyundai,H-1 Cargo (TQ),2007,2010,itdiag8-dotcom/database (vivid_cars2000.db),added_from_vivid
Hyundai,H-1 Platform/Chassis,2000,2000,itdiag8-dotcom/database (vivid_cars2000.db),added_from_vivid
Hyundai,H-1 Travel (TQ),2007,2010,itdiag8-dotcom/database (vivid_cars2000.db),added_from_vivid
Hyundai,H100 Platform/Chassis,2003,2003,itdiag8-dotcom/database (vivid_cars2000.db),added_from_vivid
Hyundai,H350,,,DanielKohut/car-data,added_missing
Hyundai,HIGHWAY VAN,2000,2000,itdiag8-dotcom/database (vivid_cars2000.db),added_from_vivid
Hyundai,Inster,,,DanielKohut/car-data,added_missing
Hyundai,Ioniq,2016,2026,gor3a/vehicle-makes-models,added_missing
Hyundai,Ioniq 3,2026,2026,gor3a/vehicle-makes-models,added_missing
Hyundai,Ioniq 5,2023,2026,gor3a/vehicle-makes-models,added_missing
Hyundai,Ioniq 5 N,2025,2027,plowman/open-vehicle-db,added_missing
Hyundai,Ioniq 6,2022,2026,gor3a/vehicle-makes-models,added_missing
Hyundai,Ioniq 6 N,2026,2027,plowman/open-vehicle-db,added_missing
Hyundai,Ioniq 9,2024,2026,gor3a/vehicle-makes-models,added_missing
Hyundai,Kona,2017,2026,gor3a/vehicle-makes-models,added_missing
Hyundai,Kona Electric,2018,2026,gor3a/vehicle-makes-models,added_missing
Hyundai,Kona N,2021,2023,gor3a/vehicle-makes-models,added_missing
Hyundai,Lantra,1991,2001,gor3a/vehicle-makes-models,added_missing
Hyundai,MATRIX (FC),2001,2004,itdiag8-dotcom/database (vivid_cars2000.db),added_from_vivid
Hyundai,Mistra,2014,2017,gor3a/vehicle-makes-models,added_missing
Hyundai,NEXO,2018,2026,gor3a/vehicle-makes-models,added_missing
Hyundai,PORTER Box,2002,2002,itdiag8-dotcom/database (vivid_cars2000.db),added_from_vivid
Hyundai,PORTER Bus,2002,2002,itdiag8-dotcom/database (vivid_cars2000.db),added_from_vivid
Hyundai,PORTER Pickup,2002,2002,itdiag8-dotcom/database (vivid_cars2000.db),added_from_vivid
Hyundai,Palisade,2019,2026,gor3a/vehicle-makes-models,added_missing
Hyundai,Porter,,,DanielKohut/car-data,added_missing
Hyundai,SANTA FÉ I (SM),2000,2004,itdiag8-dotcom/database (vivid_cars2000.db),added_from_vivid
Hyundai,SANTA FÉ II (CM),2004,2009,itdiag8-dotcom/database (vivid_cars2000.db),added_from_vivid
Hyundai,SANTA FÉ III (DM),2011,2011,itdiag8-dotcom/database (vivid_cars2000.db),added_from_vivid
Hyundai,SONATA IV (EF),2001,2002,itdiag8-dotcom/database (vivid_cars2000.db),added_from_vivid
Hyundai,SONATA V (NF),2004,2008,itdiag8-dotcom/database (vivid_cars2000.db),added_from_vivid
Hyundai,SONATA VI (YF),2008,2010,itdiag8-dotcom/database (vivid_cars2000.db),added_from_vivid
Hyundai,Santa Cruz,2021,2026,gor3a/vehicle-makes-models,added_missing
Hyundai,Santa Fe Sport,2013,2018,plowman/open-vehicle-db,added_missing
Hyundai,Santa Fe XL,2019,2027,plowman/open-vehicle-db,added_missing
Hyundai,Satellite,1997,2000,gor3a/vehicle-makes-models,added_missing
Hyundai,Sonata Hybrid,2010,2019,gor3a/vehicle-makes-models,added_missing
Hyundai,Staria,2021,2026,gor3a/vehicle-makes-models,added_missing
Hyundai,Stellar,,,DanielKohut/car-data,added_missing
Hyundai,TERRACAN (HP),2001,2003,itdiag8-dotcom/database (vivid_cars2000.db),added_from_vivid
Hyundai,TIBURON Coupe,2005,2005,itdiag8-dotcom/database (vivid_cars2000.db),added_from_vivid
Hyundai,TRAJET (FO),2000,2004,itdiag8-dotcom/database (vivid_cars2000.db),added_from_vivid
Hyundai,TUCSON (JM),2003,2009,itdiag8-dotcom/database (vivid_cars2000.db),added_from_vivid
Hyundai,VELOSTER (FS),2010,2011,itdiag8-dotcom/database (vivid_cars2000.db),added_from_vivid
Hyundai,Veloster N,2019,2022,plowman/open-vehicle-db,added_missing
Hyundai,Venue,2019,2026,gor3a/vehicle-makes-models,added_missing
Hyundai,XG,1999,2005,gor3a/vehicle-makes-models,added_missing
Hyundai,XG (XG),2002,2002,itdiag8-dotcom/database (vivid_cars2000.db),added_from_vivid
Hyundai,XG300,2001,2001,plowman/open-vehicle-db,added_missing
Hyundai,XG350,2002,2005,plowman/open-vehicle-db,added_missing
Hyundai,Xcent,,,DanielKohut/car-data,added_missing
Hyundai,Xcient,2023,2027,plowman/open-vehicle-db,added_missing
Hyundai,i10 (IA),2012,2012,itdiag8-dotcom/database (vivid_cars2000.db),added_from_vivid
Hyundai,i10 (PA),2006,2010,itdiag8-dotcom/database (vivid_cars2000.db),added_from_vivid
Hyundai,i20 (GB),2013,2013,itdiag8-dotcom/database (vivid_cars2000.db),added_from_vivid
Hyundai,"i20 (PB, PBT)",2007,2011,itdiag8-dotcom/database (vivid_cars2000.db),added_from_vivid
Hyundai,i20 Active,2015,2020,gor3a/vehicle-makes-models,added_missing
Hyundai,i20 N,2020,2026,gor3a/vehicle-makes-models,added_missing
Hyundai,i30 (FD),2006,2009,itdiag8-dotcom/database (vivid_cars2000.db),added_from_vivid
Hyundai,i30 (GD),2010,2011,itdiag8-dotcom/database (vivid_cars2000.db),added_from_vivid
Hyundai,i30 CW (FD),2006,2009,itdiag8-dotcom/database (vivid_cars2000.db),added_from_vivid
Hyundai,i30 CW (GD),2011,2011,itdiag8-dotcom/database (vivid_cars2000.db),added_from_vivid
Hyundai,i30 Coupe,2012,2012,itdiag8-dotcom/database (vivid_cars2000.db),added_from_vivid
Hyundai,i30 N,2017,2026,gor3a/vehicle-makes-models,added_missing
Hyundai,i40 (VF),2011,2011,itdiag8-dotcom/database (vivid_cars2000.db),added_from_vivid
Hyundai,i40 CW (VF),2010,2011,itdiag8-dotcom/database (vivid_cars2000.db),added_from_vivid
Hyundai,i800 / H-1,2008,2018,gor3a/vehicle-makes-models,added_missing
Hyundai,ix20 (JC),2009,2010,itdiag8-dotcom/database (vivid_cars2000.db),added_from_vivid
Hyundai,"ix35 (LM, EL, ELH)",2009,2012,itdiag8-dotcom/database (vivid_cars2000.db),added_from_vivid
Hyundai,ix35 / Tucson,2004,2026,gor3a/vehicle-makes-models,added_missing
Hyundai,ix55 / Veracruz,2009,2012,gor3a/vehicle-makes-models,added_missing
Infiniti,EX35,2008,2013,plowman/open-vehicle-db,added_missing
Infiniti,FX35,2003,2012,plowman/open-vehicle-db,added_missing
Infiniti,FX37,2013,2013,plowman/open-vehicle-db,added_missing
Infiniti,FX45,2003,2008,plowman/open-vehicle-db,added_missing
Infiniti,FX50,2009,2013,plowman/open-vehicle-db,added_missing
Infiniti,G20,1991,2002,gor3a/vehicle-makes-models,added_missing
Infiniti,G25,2011,2012,plowman/open-vehicle-db,added_missing
Infiniti,G35,2001,2008,gor3a/vehicle-makes-models,added_missing
Infiniti,G37,2008,2013,plowman/open-vehicle-db,added_missing
Infiniti,I,1995,2004,gor3a/vehicle-makes-models,added_missing
Infiniti,I30,1996,2001,plowman/open-vehicle-db,added_missing
Infiniti,I35,2002,2004,plowman/open-vehicle-db,added_missing
Infiniti,JX,2012,2014,gor3a/vehicle-makes-models,added_missing
Infiniti,JX35,2013,2013,plowman/open-vehicle-db,added_missing
Infiniti,M30,,,DanielKohut/car-data,added_missing
Infiniti,M35,2006,2010,plowman/open-vehicle-db,added_missing
Infiniti,M35h,2012,2013,plowman/open-vehicle-db,added_missing
Infiniti,M37,2011,2013,plowman/open-vehicle-db,added_missing
Infiniti,M45,2003,2010,plowman/open-vehicle-db,added_missing
Infiniti,M56,2011,2013,plowman/open-vehicle-db,added_missing
Infiniti,Q,1989,2006,gor3a/vehicle-makes-models,added_missing
Infiniti,Q30,,,DanielKohut/car-data,added_missing
Infiniti,Q40,2014,2015,gor3a/vehicle-makes-models,added_missing
Infiniti,Q45,,,DanielKohut/car-data,added_missing
Infiniti,Q60,2013,2022,gor3a/vehicle-makes-models,added_missing
Infiniti,Q70L,2015,2022,plowman/open-vehicle-db,added_missing
Infiniti,QX,1997,2014,gor3a/vehicle-makes-models,added_missing
Infiniti,QX30,2015,2019,gor3a/vehicle-makes-models,added_missing
Infiniti,QX4,,,DanielKohut/car-data,added_missing
Infiniti,QX55,2021,2026,gor3a/vehicle-makes-models,added_missing
Infiniti,QX60,2013,2026,gor3a/vehicle-makes-models,added_missing
Infiniti,QX65,2026,2026,gor3a/vehicle-makes-models,added_missing
Isuzu,117 Coupé,,,DanielKohut/car-data,added_missing
Isuzu,4200R,,,DanielKohut/car-data,added_missing
Isuzu,Alterra,,,DanielKohut/car-data,added_missing
Isuzu,Amigo,1997,2003,gor3a/vehicle-makes-models,added_missing
Isuzu,Amigo Cabrio,1998,2003,gor3a/vehicle-makes-models,added_missing
Isuzu,Ascender,2001,2008,gor3a/vehicle-makes-models,added_missing
Isuzu,Aska,,,DanielKohut/car-data,added_missing
Isuzu,Axiom,2001,2004,gor3a/vehicle-makes-models,added_missing
Isuzu,BISON Bus,2012,2012,itdiag8-dotcom/database (vivid_cars2000.db),added_from_vivid
Isuzu,BISON Platform/Chassis,2012,2012,itdiag8-dotcom/database (vivid_cars2000.db),added_from_vivid
Isuzu,Bellel,,,DanielKohut/car-data,added_missing
Isuzu,Bellett,,,DanielKohut/car-data,added_missing
Isuzu,D-MAX (8DH),2002,2006,itdiag8-dotcom/database (vivid_cars2000.db),added_from_vivid
Isuzu,D-MAX Platform/Chassis (8DH),2006,2006,itdiag8-dotcom/database (vivid_cars2000.db),added_from_vivid
Isuzu,ELF Box (NKR8_),2003,2003,itdiag8-dotcom/database (vivid_cars2000.db),added_from_vivid
Isuzu,"ELF Platform/Chassis (NKR8_, NKQ8_)",2003,2003,itdiag8-dotcom/database (vivid_cars2000.db),added_from_vivid
Isuzu,F6,1997,2002,plowman/open-vehicle-db,added_missing
Isuzu,F7,1997,2002,plowman/open-vehicle-db,added_missing
Isuzu,FRR,1995,2004,plowman/open-vehicle-db,added_missing
Isuzu,Fargo,,,DanielKohut/car-data,added_missing
Isuzu,Filly,,,DanielKohut/car-data,added_missing
Isuzu,Florian,,,DanielKohut/car-data,added_missing
Isuzu,Gemini,,,DanielKohut/car-data,added_missing
Isuzu,H-Series,2005,2008,plowman/open-vehicle-db,added_missing
Isuzu,Hombre,1995,2000,gor3a/vehicle-makes-models,added_missing
Isuzu,Journey,,,DanielKohut/car-data,added_missing
Isuzu,KB,2009,2009,itdiag8-dotcom/database (vivid_cars2000.db),added_from_vivid
Isuzu,MU,,,DanielKohut/car-data,added_missing
Isuzu,MU-7,2004,2013,gor3a/vehicle-makes-models,added_missing
Isuzu,MU-X Closed Off-Road Vehicle,2012,2012,itdiag8-dotcom/database (vivid_cars2000.db),added_from_vivid
Isuzu,NPR,1987,2027,plowman/open-vehicle-db,added_missing
Isuzu,NPR/NPR-HD,2000,2027,plowman/open-vehicle-db,added_missing
Isuzu,NQR,1999,2027,plowman/open-vehicle-db,added_missing
Isuzu,NQR/NRR,2005,2015,plowman/open-vehicle-db,added_missing
Isuzu,NRR,1989,2027,plowman/open-vehicle-db,added_missing
Isuzu,PANTHER,2012,2012,itdiag8-dotcom/database (vivid_cars2000.db),added_from_vivid
Isuzu,Piazza,,,DanielKohut/car-data,added_missing
Isuzu,Rodeo,,,DanielKohut/car-data,added_missing
Isuzu,Rodeo / D-Max,2002,2019,gor3a/vehicle-makes-models,added_missing
Isuzu,T6F,2003,2010,plowman/open-vehicle-db,added_missing
Isuzu,T7F,2003,2010,plowman/open-vehicle-db,added_missing
Isuzu,T8F,2003,2010,plowman/open-vehicle-db,added_missing
Isuzu,TROOPER Open Off-Road Vehicle,2000,2000,itdiag8-dotcom/database (vivid_cars2000.db),added_from_vivid
Isuzu,Trooper,1998,2002,gor3a/vehicle-makes-models,added_missing
Isuzu,VehiCROSS,,,DanielKohut/car-data,added_missing
Isuzu,i-280,2006,2006,plowman/open-vehicle-db,added_missing
Isuzu,i-290,2007,2008,plowman/open-vehicle-db,added_missing
Isuzu,i-350,2006,2006,plowman/open-vehicle-db,added_missing
Isuzu,i-370,2007,2008,plowman/open-vehicle-db,added_missing
Isuzu,i-Series,2005,2009,gor3a/vehicle-makes-models,added_missing
Iveco,DAILY Box Body / Estate,2012,2012,itdiag8-dotcom/database (vivid_cars2000.db),added_from_vivid
Iveco,DAILY III Box Body / Estate,2001,2004,itdiag8-dotcom/database (vivid_cars2000.db),added_from_vivid
Iveco,DAILY III Platform/Chassis,2001,2004,itdiag8-dotcom/database (vivid_cars2000.db),added_from_vivid
Iveco,DAILY IV Box Body / Estate,2005,2006,itdiag8-dotcom/database (vivid_cars2000.db),added_from_vivid
Iveco,DAILY IV Bus,2005,2008,itdiag8-dotcom/database (vivid_cars2000.db),added_from_vivid
Iveco,DAILY IV Dumptruck,2005,2006,itdiag8-dotcom/database (vivid_cars2000.db),added_from_vivid
Iveco,DAILY IV Platform/Chassis,2005,2007,itdiag8-dotcom/database (vivid_cars2000.db),added_from_vivid
Iveco,DAILY Platform/Chassis,2012,2012,itdiag8-dotcom/database (vivid_cars2000.db),added_from_vivid
Iveco,DAILY V Box Body / Estate,2010,2010,itdiag8-dotcom/database (vivid_cars2000.db),added_from_vivid
Iveco,DAILY V Dumptruck,2010,2010,itdiag8-dotcom/database (vivid_cars2000.db),added_from_vivid
Iveco,DAILY V Platform/Chassis,2010,2010,itdiag8-dotcom/database (vivid_cars2000.db),added_from_vivid
Iveco,MASSIF Pickup,2007,2007,itdiag8-dotcom/database (vivid_cars2000.db),added_from_vivid
Iveco,MASSIF Single Cab,2007,2007,itdiag8-dotcom/database (vivid_cars2000.db),added_from_vivid
Iveco,MASSIF Station Wagon,2007,2007,itdiag8-dotcom/database (vivid_cars2000.db),added_from_vivid
Jaguar,E-Pace,2017,2024,gor3a/vehicle-makes-models,added_missing
Jaguar,F-Pace SVR,2018,2026,gor3a/vehicle-makes-models,added_missing
Jaguar,F-TYPE Convertible,2011,2013,itdiag8-dotcom/database (vivid_cars2000.db),added_from_vivid
Jaguar,F-TYPE Coupe,2012,2013,itdiag8-dotcom/database (vivid_cars2000.db),added_from_vivid
Jaguar,F-Type SVR,2016,2020,gor3a/vehicle-makes-models,added_missing
Jaguar,I-Pace,2018,2024,gor3a/vehicle-makes-models,added_missing
Jaguar,S-TYPE (CCX),2001,2003,itdiag8-dotcom/database (vivid_cars2000.db),added_from_vivid
Jaguar,S-Type R,2002,2007,gor3a/vehicle-makes-models,added_missing
Jaguar,Vanden Plas,1988,2004,plowman/open-vehicle-db,added_missing
Jaguar,X-TYPE (CF1),2001,2006,itdiag8-dotcom/database (vivid_cars2000.db),added_from_vivid
Jaguar,X-TYPE Estate,2003,2006,itdiag8-dotcom/database (vivid_cars2000.db),added_from_vivid
Jaguar,XE (X760),2013,2013,itdiag8-dotcom/database (vivid_cars2000.db),added_from_vivid
Jaguar,XE SV,2017,2019,gor3a/vehicle-makes-models,added_missing
Jaguar,"XF (_J05_, CC9)",2007,2011,itdiag8-dotcom/database (vivid_cars2000.db),added_from_vivid
Jaguar,XF SPORTBRAKE (CC9),2011,2012,itdiag8-dotcom/database (vivid_cars2000.db),added_from_vivid
Jaguar,XF Sportbrake,2012,2026,gor3a/vehicle-makes-models,added_missing
Jaguar,"XJ (X350, X358)",2003,2004,itdiag8-dotcom/database (vivid_cars2000.db),added_from_vivid
Jaguar,"XJ (X35_, _J12_, _J24_)",2008,2012,itdiag8-dotcom/database (vivid_cars2000.db),added_from_vivid
Jaguar,XJ8,1998,2003,plowman/open-vehicle-db,added_missing
Jaguar,XJR,1990,2019,gor3a/vehicle-makes-models,added_missing
Jaguar,XK 8 Convertible (QDV),2002,2002,itdiag8-dotcom/database (vivid_cars2000.db),added_from_vivid
Jaguar,XK 8 Coupe (QEV),2002,2002,itdiag8-dotcom/database (vivid_cars2000.db),added_from_vivid
Jaguar,XK Convertible (_J43_),2005,2010,itdiag8-dotcom/database (vivid_cars2000.db),added_from_vivid
Jaguar,XK Coupe (_J43_),2005,2010,itdiag8-dotcom/database (vivid_cars2000.db),added_from_vivid
Jaguar,XK8,1997,2004,plowman/open-vehicle-db,added_missing
Jaguar,XKR,1998,2014,gor3a/vehicle-makes-models,added_missing
Jeep,Avenger,2022,2026,gor3a/vehicle-makes-models,added_missing
Jeep,CHEROKEE (KJ),2001,2003,itdiag8-dotcom/database (vivid_cars2000.db),added_from_vivid
Jeep,CHEROKEE (KK),2007,2009,itdiag8-dotcom/database (vivid_cars2000.db),added_from_vivid
Jeep,COMMANDER (XK),2004,2005,itdiag8-dotcom/database (vivid_cars2000.db),added_from_vivid
Jeep,COMPASS (MK49),2005,2010,itdiag8-dotcom/database (vivid_cars2000.db),added_from_vivid
Jeep,Cherokee/Liberty,1984,2012,gor3a/vehicle-makes-models,added_missing
Jeep,Commander,2005,2010,gor3a/vehicle-makes-models,added_missing
Jeep,Compass,2006,2026,gor3a/vehicle-makes-models,added_missing
Jeep,"GRAND CHEROKEE II (WJ, WG)",2001,2003,itdiag8-dotcom/database (vivid_cars2000.db),added_from_vivid
Jeep,"GRAND CHEROKEE III (WH, WK)",2004,2008,itdiag8-dotcom/database (vivid_cars2000.db),added_from_vivid
Jeep,"GRAND CHEROKEE IV (WK, WK2)",2009,2012,itdiag8-dotcom/database (vivid_cars2000.db),added_from_vivid
Jeep,Gladiator,2020,2026,gor3a/vehicle-makes-models,added_missing
Jeep,Grand Cherokee L,,,DanielKohut/car-data,added_missing
Jeep,Grand Wagoneer,,,DanielKohut/car-data,added_missing
Jeep,Grand Wagoneer L,2024,2027,plowman/open-vehicle-db,added_missing
Jeep,Liberty,1993,2013,plowman/open-vehicle-db,added_missing
Jeep,PATRIOT (MK74),2006,2010,itdiag8-dotcom/database (vivid_cars2000.db),added_from_vivid
Jeep,Recon,2025,2026,gor3a/vehicle-makes-models,added_missing
Jeep,WRANGLER II (TJ),2002,2005,itdiag8-dotcom/database (vivid_cars2000.db),added_from_vivid
Jeep,WRANGLER III (JK),2006,2010,itdiag8-dotcom/database (vivid_cars2000.db),added_from_vivid
Jeep,Wagoneer,1962,2026,gor3a/vehicle-makes-models,added_missing
Jeep,Wagoneer L,2024,2025,plowman/open-vehicle-db,added_missing
Jeep,Wagoneer S,2024,2027,plowman/open-vehicle-db,added_missing
Jeep,Wrangler JK,2018,2018,plowman/open-vehicle-db,added_missing
Jeep,Wrangler Rubicon,2023,2026,gor3a/vehicle-makes-models,added_missing
Jeep,Wrangler Unlimited,2004,2024,gor3a/vehicle-makes-models,added_missing
KTM,X-Bow GT,,,DanielKohut/car-data,added_missing
KTM,X-Bow GT-XR,,,DanielKohut/car-data,added_missing
KTM,X-Bow GT2,,,DanielKohut/car-data,added_missing
KTM,X-Bow GT4,,,DanielKohut/car-data,added_missing
KTM,X-Bow GTX,,,DanielKohut/car-data,added_missing
KTM,X-Bow R,,,DanielKohut/car-data,added_missing
KTM,X-Bow RR,,,DanielKohut/car-data,added_missing
Kia,Amanti,2004,2009,plowman/open-vehicle-db,added_missing
Kia,BONGO Bus,2003,2003,itdiag8-dotcom/database (vivid_cars2000.db),added_from_vivid
Kia,BONGO MPV,2003,2003,itdiag8-dotcom/database (vivid_cars2000.db),added_from_vivid
Kia,BONGO Platform/Chassis,2003,2003,itdiag8-dotcom/database (vivid_cars2000.db),added_from_vivid
Kia,Borrego / Mohave,2009,2013,gor3a/vehicle-makes-models,added_missing
Kia,CARENS I (FC),2000,2000,itdiag8-dotcom/database (vivid_cars2000.db),added_from_vivid
Kia,CARENS II (FJ),2002,2004,itdiag8-dotcom/database (vivid_cars2000.db),added_from_vivid
Kia,CARENS III (UN),2005,2009,itdiag8-dotcom/database (vivid_cars2000.db),added_from_vivid
Kia,CARENS IV,2012,2012,itdiag8-dotcom/database (vivid_cars2000.db),added_from_vivid
Kia,CARNIVAL / GRAND CARNIVAL III (VQ),2005,2010,itdiag8-dotcom/database (vivid_cars2000.db),added_from_vivid
Kia,CARNIVAL I (UP),2000,2000,itdiag8-dotcom/database (vivid_cars2000.db),added_from_vivid
Kia,CARNIVAL II (GQ),2001,2003,itdiag8-dotcom/database (vivid_cars2000.db),added_from_vivid
Kia,CEE'D Hatchback (ED),2005,2009,itdiag8-dotcom/database (vivid_cars2000.db),added_from_vivid
Kia,CEE'D SW (ED),2006,2009,itdiag8-dotcom/database (vivid_cars2000.db),added_from_vivid
Kia,CEE`D Sportswagon,2011,2012,itdiag8-dotcom/database (vivid_cars2000.db),added_from_vivid
Kia,CERATO (LD),2003,2005,itdiag8-dotcom/database (vivid_cars2000.db),added_from_vivid
Kia,CERATO Hatchback,2011,2011,itdiag8-dotcom/database (vivid_cars2000.db),added_from_vivid
Kia,CERATO II Saloon (TD),2008,2009,itdiag8-dotcom/database (vivid_cars2000.db),added_from_vivid
Kia,CERATO KOUP (TD),2008,2009,itdiag8-dotcom/database (vivid_cars2000.db),added_from_vivid
Kia,CERATO KOUP Coupe,2012,2012,itdiag8-dotcom/database (vivid_cars2000.db),added_from_vivid
Kia,CERATO Saloon,2001,2001,itdiag8-dotcom/database (vivid_cars2000.db),added_from_vivid
Kia,CERATO Saloon (LD),2003,2005,itdiag8-dotcom/database (vivid_cars2000.db),added_from_vivid
Kia,Cadenza,2014,2020,plowman/open-vehicle-db,added_missing
Kia,Carnival / Sedona,2002,2026,gor3a/vehicle-makes-models,added_missing
Kia,Cerato / Spectra,2004,2009,gor3a/vehicle-makes-models,added_missing
Kia,Cerato/Forte,2013,2018,gor3a/vehicle-makes-models,added_missing
Kia,EV2,2026,2026,gor3a/vehicle-makes-models,added_missing
Kia,EV3,2024,2026,gor3a/vehicle-makes-models,added_missing
Kia,EV4,2025,2026,gor3a/vehicle-makes-models,added_missing
Kia,EV5,2023,2026,gor3a/vehicle-makes-models,added_missing
Kia,EV6,2021,2026,gor3a/vehicle-makes-models,added_missing
Kia,EV9,2023,2026,gor3a/vehicle-makes-models,added_missing
Kia,Forte 5 Door,2010,2018,gor3a/vehicle-makes-models,added_missing
Kia,Forte Koup,2009,2016,gor3a/vehicle-makes-models,added_missing
Kia,Joice,1999,2003,gor3a/vehicle-makes-models,added_missing
Kia,K2500 (SD),2002,2009,itdiag8-dotcom/database (vivid_cars2000.db),added_from_vivid
Kia,K2900,2007,2007,itdiag8-dotcom/database (vivid_cars2000.db),added_from_vivid
Kia,K4,2024,2026,gor3a/vehicle-makes-models,added_missing
Kia,K5,2019,2026,gor3a/vehicle-makes-models,added_missing
Kia,K7 / Cadenza,2013,2019,gor3a/vehicle-makes-models,added_missing
Kia,K9,2012,2021,gor3a/vehicle-makes-models,added_missing
Kia,K900,2015,2020,plowman/open-vehicle-db,added_missing
Kia,MAGENTIS (GD),2001,2003,itdiag8-dotcom/database (vivid_cars2000.db),added_from_vivid
Kia,MAGENTIS (MG),2004,2008,itdiag8-dotcom/database (vivid_cars2000.db),added_from_vivid
Kia,Niro,2016,2021,gor3a/vehicle-makes-models,added_missing
Kia,OPIRUS (GH),2003,2005,itdiag8-dotcom/database (vivid_cars2000.db),added_from_vivid
Kia,Opirus / Amanti,2003,2010,gor3a/vehicle-makes-models,added_missing
Kia,Optima / Magentis,2001,2026,gor3a/vehicle-makes-models,added_missing
Kia,Optima Sportswagon,2016,2019,gor3a/vehicle-makes-models,added_missing
Kia,PICANTO (BA),2003,2008,itdiag8-dotcom/database (vivid_cars2000.db),added_from_vivid
Kia,PICANTO (TA),2010,2012,itdiag8-dotcom/database (vivid_cars2000.db),added_from_vivid
Kia,PREGIO Box (TB),2002,2002,itdiag8-dotcom/database (vivid_cars2000.db),added_from_vivid
Kia,PRIDE (DA),2004,2004,itdiag8-dotcom/database (vivid_cars2000.db),added_from_vivid
Kia,PRO CEE'D (ED),2007,2009,itdiag8-dotcom/database (vivid_cars2000.db),added_from_vivid
Kia,PRO CEE´D,2012,2012,itdiag8-dotcom/database (vivid_cars2000.db),added_from_vivid
Kia,PV5,2026,2026,gor3a/vehicle-makes-models,added_missing
Kia,Picanto X-Line,2017,2020,gor3a/vehicle-makes-models,added_missing
Kia,Pro cee'd,2007,2025,gor3a/vehicle-makes-models,added_missing
Kia,RAY,2010,2010,itdiag8-dotcom/database (vivid_cars2000.db),added_from_vivid
Kia,RETONA (CE),2000,2000,itdiag8-dotcom/database (vivid_cars2000.db),added_from_vivid
Kia,RIO Estate (DC),2000,2002,itdiag8-dotcom/database (vivid_cars2000.db),added_from_vivid
Kia,RIO II (JB),2004,2007,itdiag8-dotcom/database (vivid_cars2000.db),added_from_vivid
Kia,RIO II Saloon (JB),2004,2007,itdiag8-dotcom/database (vivid_cars2000.db),added_from_vivid
Kia,RIO III (UB),2010,2011,itdiag8-dotcom/database (vivid_cars2000.db),added_from_vivid
Kia,RIO III Saloon (UB),2010,2011,itdiag8-dotcom/database (vivid_cars2000.db),added_from_vivid
Kia,RIO Saloon (DC_),2000,2002,itdiag8-dotcom/database (vivid_cars2000.db),added_from_vivid
Kia,Rondo,2008,2016,gor3a/vehicle-makes-models,added_missing
Kia,SHUMA (FB),2001,2001,itdiag8-dotcom/database (vivid_cars2000.db),added_from_vivid
Kia,SHUMA II (FB),2001,2002,itdiag8-dotcom/database (vivid_cars2000.db),added_from_vivid
Kia,SHUMA II Saloon (FB),2001,2001,itdiag8-dotcom/database (vivid_cars2000.db),added_from_vivid
Kia,SORENTO I (JC),2002,2006,itdiag8-dotcom/database (vivid_cars2000.db),added_from_vivid
Kia,SORENTO II (XM),2008,2012,itdiag8-dotcom/database (vivid_cars2000.db),added_from_vivid
Kia,SORENTO III,2013,2013,itdiag8-dotcom/database (vivid_cars2000.db),added_from_vivid
Kia,SOUL (AM),2008,2011,itdiag8-dotcom/database (vivid_cars2000.db),added_from_vivid
Kia,SOUL II (PS),2012,2012,itdiag8-dotcom/database (vivid_cars2000.db),added_from_vivid
Kia,SPORTAGE (JE_),2003,2007,itdiag8-dotcom/database (vivid_cars2000.db),added_from_vivid
Kia,SPORTAGE (K00),2000,2000,itdiag8-dotcom/database (vivid_cars2000.db),added_from_vivid
Kia,SPORTAGE (SL),2009,2012,itdiag8-dotcom/database (vivid_cars2000.db),added_from_vivid
Kia,Seltos,2019,2026,gor3a/vehicle-makes-models,added_missing
Kia,Sephia,1993,2001,plowman/open-vehicle-db,added_missing
Kia,Shuma,1998,2004,gor3a/vehicle-makes-models,added_missing
Kia,Spectra,2000,2009,plowman/open-vehicle-db,added_missing
Kia,Stinger,2017,2026,gor3a/vehicle-makes-models,added_missing
Kia,Stonic,2017,2025,gor3a/vehicle-makes-models,added_missing
Kia,Stonic GT-Line,2020,2026,gor3a/vehicle-makes-models,added_missing
Kia,Syros,2024,2026,gor3a/vehicle-makes-models,added_missing
Kia,Tasman,2024,2026,gor3a/vehicle-makes-models,added_missing
Kia,Telluride,2019,2026,gor3a/vehicle-makes-models,added_missing
Kia,VENGA (YN),2009,2009,itdiag8-dotcom/database (vivid_cars2000.db),added_from_vivid
Kia,XCeed,2019,2026,gor3a/vehicle-makes-models,added_missing
Kia,cee'd,2007,2021,gor3a/vehicle-makes-models,added_missing
Kia,cee'd SW,2007,2018,gor3a/vehicle-makes-models,added_missing
Kia,pro_cee’d GT,2013,2018,gor3a/vehicle-makes-models,added_missing
LDV,CONVOY Box,2001,2002,itdiag8-dotcom/database (vivid_cars2000.db),added_from_vivid
LDV,CONVOY Platform/Chassis,2001,2002,itdiag8-dotcom/database (vivid_cars2000.db),added_from_vivid
LDV,MAXUS Box,2004,2006,itdiag8-dotcom/database (vivid_cars2000.db),added_from_vivid
LDV,MAXUS Bus,2004,2005,itdiag8-dotcom/database (vivid_cars2000.db),added_from_vivid
LDV,MAXUS Platform/Chassis,2004,2005,itdiag8-dotcom/database (vivid_cars2000.db),added_from_vivid
Lada,110,2000,2000,itdiag8-dotcom/database (vivid_cars2000.db),added_from_vivid
Lada,111,2000,2005,itdiag8-dotcom/database (vivid_cars2000.db),added_from_vivid
Lada,112,2000,2005,itdiag8-dotcom/database (vivid_cars2000.db),added_from_vivid
Lada,GRANTA (2190),2010,2010,itdiag8-dotcom/database (vivid_cars2000.db),added_from_vivid
Lada,KALINA Estate (1117),2003,2009,itdiag8-dotcom/database (vivid_cars2000.db),added_from_vivid
Lada,KALINA Estate (2194),2012,2012,itdiag8-dotcom/database (vivid_cars2000.db),added_from_vivid
Lada,KALINA Hatchback (1119),2003,2009,itdiag8-dotcom/database (vivid_cars2000.db),added_from_vivid
Lada,KALINA Hatchback (2192),2012,2012,itdiag8-dotcom/database (vivid_cars2000.db),added_from_vivid
Lada,KALINA Saloon (1118),2003,2009,itdiag8-dotcom/database (vivid_cars2000.db),added_from_vivid
Lada,NIVA (2121),2000,2009,itdiag8-dotcom/database (vivid_cars2000.db),added_from_vivid
Lada,NIVA II (2123),2002,2003,itdiag8-dotcom/database (vivid_cars2000.db),added_from_vivid
Lada,PRIORA Estate (2171),2008,2008,itdiag8-dotcom/database (vivid_cars2000.db),added_from_vivid
Lada,PRIORA Hatchback (2172),2007,2007,itdiag8-dotcom/database (vivid_cars2000.db),added_from_vivid
Lada,PRIORA Saloon (2170),2007,2008,itdiag8-dotcom/database (vivid_cars2000.db),added_from_vivid
Lada,SAMARA FORMA (21099),2000,2003,itdiag8-dotcom/database (vivid_cars2000.db),added_from_vivid
Lamborghini,147,2002,2002,plowman/open-vehicle-db,added_missing
Lamborghini,350 GT,,,DanielKohut/car-data,added_missing
Lamborghini,400 GT,,,DanielKohut/car-data,added_missing
Lamborghini,Aventador,2011,2026,gor3a/vehicle-makes-models,added_missing
Lamborghini,Centenario,2016,2017,gor3a/vehicle-makes-models,added_missing
Lamborghini,Diablo,1990,2001,gor3a/vehicle-makes-models,added_missing
Lamborghini,Fenomeno,2026,2026,gor3a/vehicle-makes-models,added_missing
Lamborghini,Huracán,,,DanielKohut/car-data,added_missing
Lamborghini,Islero,,,DanielKohut/car-data,added_missing
Lamborghini,Murciélago,,,DanielKohut/car-data,added_missing
Lamborghini,Reventon,2008,2009,gor3a/vehicle-makes-models,added_missing
Lamborghini,Revuelto,2023,2026,gor3a/vehicle-makes-models,added_missing
Lamborghini,Roadster,1989,2000,plowman/open-vehicle-db,added_missing
Lamborghini,Sian,2019,2026,gor3a/vehicle-makes-models,added_missing
Lamborghini,Temerario,2024,2026,gor3a/vehicle-makes-models,added_missing
Lamborghini,Urus,2018,2026,gor3a/vehicle-makes-models,added_missing
Lamborghini,Veneno,2013,2014,gor3a/vehicle-makes-models,added_missing
Lancia,DELTA III (844),2007,2010,itdiag8-dotcom/database (vivid_cars2000.db),added_from_vivid
Lancia,FLAVIA Convertible (JS),2011,2011,itdiag8-dotcom/database (vivid_cars2000.db),added_from_vivid
Lancia,Flavia,1960,2015,gor3a/vehicle-makes-models,added_missing
Lancia,Fulvia,,,DanielKohut/car-data,added_missing
Lancia,HPE,,,DanielKohut/car-data,added_missing
Lancia,Jolly,,,DanielKohut/car-data,added_missing
Lancia,Kappa,1995,2000,gor3a/vehicle-makes-models,added_missing
Lancia,Kappa SW,1996,2000,gor3a/vehicle-makes-models,added_missing
Lancia,LC1,,,DanielKohut/car-data,added_missing
Lancia,LC2,,,DanielKohut/car-data,added_missing
Lancia,LYBRA (839AX),2000,2002,itdiag8-dotcom/database (vivid_cars2000.db),added_from_vivid
Lancia,LYBRA SW (839BX),2000,2002,itdiag8-dotcom/database (vivid_cars2000.db),added_from_vivid
Lancia,Lambda,,,DanielKohut/car-data,added_missing
Lancia,Lince,,,DanielKohut/car-data,added_missing
Lancia,Lybra,1999,2005,gor3a/vehicle-makes-models,added_missing
Lancia,Lybra SW,1999,2005,gor3a/vehicle-makes-models,added_missing
Lancia,MUSA (350),2003,2009,itdiag8-dotcom/database (vivid_cars2000.db),added_from_vivid
Lancia,Montecarlo,,,DanielKohut/car-data,added_missing
Lancia,PHEDRA (179),2002,2007,itdiag8-dotcom/database (vivid_cars2000.db),added_from_vivid
Lancia,Phedra,2002,2010,gor3a/vehicle-makes-models,added_missing
Lancia,Scorpion,,,DanielKohut/car-data,added_missing
Lancia,Stratos Zero,,,DanielKohut/car-data,added_missing
Lancia,THEMA (LX),2010,2010,itdiag8-dotcom/database (vivid_cars2000.db),added_from_vivid
Lancia,THESIS (841AX),2002,2005,itdiag8-dotcom/database (vivid_cars2000.db),added_from_vivid
Lancia,Thesis,2001,2009,gor3a/vehicle-makes-models,added_missing
Lancia,VOYAGER MPV (RT),2010,2012,itdiag8-dotcom/database (vivid_cars2000.db),added_from_vivid
Lancia,Y,,,DanielKohut/car-data,added_missing
Lancia,Y (840A),2000,2000,itdiag8-dotcom/database (vivid_cars2000.db),added_from_vivid
Lancia,YPSILON (843),2003,2009,itdiag8-dotcom/database (vivid_cars2000.db),added_from_vivid
Lancia,YPSILON (846),2010,2012,itdiag8-dotcom/database (vivid_cars2000.db),added_from_vivid
Lancia,ZETA (220),2000,2000,itdiag8-dotcom/database (vivid_cars2000.db),added_from_vivid
Lancia,Zeta,1994,2001,gor3a/vehicle-makes-models,added_missing
Land Rover,DEFENDER Cabrio (LD),2006,2010,itdiag8-dotcom/database (vivid_cars2000.db),added_from_vivid
Land Rover,DEFENDER Pickup (LD_),2006,2010,itdiag8-dotcom/database (vivid_cars2000.db),added_from_vivid
Land Rover,DEFENDER Station Wagon (LD),2006,2010,itdiag8-dotcom/database (vivid_cars2000.db),added_from_vivid
Land Rover,DISCOVERY III (TAA),2003,2004,itdiag8-dotcom/database (vivid_cars2000.db),added_from_vivid
Land Rover,DISCOVERY IV (LA),2008,2012,itdiag8-dotcom/database (vivid_cars2000.db),added_from_vivid
Land Rover,DISCOVERY SPORT (LC),2013,2013,itdiag8-dotcom/database (vivid_cars2000.db),added_from_vivid
Land Rover,Defender 110,1991,2025,gor3a/vehicle-makes-models,added_missing
Land Rover,Defender 130,2022,2026,gor3a/vehicle-makes-models,added_missing
Land Rover,Defender 90,1991,2025,gor3a/vehicle-makes-models,added_missing
Land Rover,Defender Octa,2024,2026,gor3a/vehicle-makes-models,added_missing
Land Rover,Discovery SVX,2018,2020,gor3a/vehicle-makes-models,added_missing
Land Rover,FREELANDER (LN),2000,2001,itdiag8-dotcom/database (vivid_cars2000.db),added_from_vivid
Land Rover,FREELANDER 2 (FA_),2005,2010,itdiag8-dotcom/database (vivid_cars2000.db),added_from_vivid
Land Rover,LR2,2008,2015,plowman/open-vehicle-db,added_missing
Land Rover,LR3,2005,2009,plowman/open-vehicle-db,added_missing
Land Rover,LR4,2010,2016,plowman/open-vehicle-db,added_missing
Land Rover,New Range Rover,2022,2022,plowman/open-vehicle-db,added_missing
Land Rover,RANGE ROVER EVOQUE (LV),2010,2010,itdiag8-dotcom/database (vivid_cars2000.db),added_from_vivid
Land Rover,RANGE ROVER III (LM),2002,2009,itdiag8-dotcom/database (vivid_cars2000.db),added_from_vivid
Land Rover,RANGE ROVER IV (LG),2011,2012,itdiag8-dotcom/database (vivid_cars2000.db),added_from_vivid
Land Rover,RANGE ROVER SPORT (LS),2004,2011,itdiag8-dotcom/database (vivid_cars2000.db),added_from_vivid
Land Rover,RANGE ROVER SPORT (LW),2012,2012,itdiag8-dotcom/database (vivid_cars2000.db),added_from_vivid
Land Rover,Range Rover L,2014,2021,gor3a/vehicle-makes-models,added_missing
Land Rover,Range Rover PHEV,2013,2022,gor3a/vehicle-makes-models,added_missing
Land Rover,Range Rover Sport PHEV,2017,2022,gor3a/vehicle-makes-models,added_missing
Land Rover,Range Rover Sport SVR,2015,2022,gor3a/vehicle-makes-models,added_missing
Land Rover,Range Rover Velar,2017,2026,gor3a/vehicle-makes-models,added_missing
Lexus,CT,2011,2022,gor3a/vehicle-makes-models,added_missing
Lexus,CT (ZWA1_),2009,2009,itdiag8-dotcom/database (vivid_cars2000.db),added_from_vivid
Lexus,ES,2002,2026,gor3a/vehicle-makes-models,added_missing
Lexus,"ES (AVV6_, GSV6_, ASV6_)",2011,2011,itdiag8-dotcom/database (vivid_cars2000.db),added_from_vivid
Lexus,"ES (GSV4_, ACV4_)",2005,2005,itdiag8-dotcom/database (vivid_cars2000.db),added_from_vivid
Lexus,"ES (MCV_, VZV_)",2001,2003,itdiag8-dotcom/database (vivid_cars2000.db),added_from_vivid
Lexus,"GS (GRL1_, GWL1_)",2011,2012,itdiag8-dotcom/database (vivid_cars2000.db),added_from_vivid
Lexus,"GS (GRS19_, UZS19_, GWS19_)",2004,2007,itdiag8-dotcom/database (vivid_cars2000.db),added_from_vivid
Lexus,"GS (UZS161, JZS160)",2000,2000,itdiag8-dotcom/database (vivid_cars2000.db),added_from_vivid
Lexus,GS F,2015,2020,gor3a/vehicle-makes-models,added_missing
Lexus,GX (URJ15_),2008,2009,itdiag8-dotcom/database (vivid_cars2000.db),added_from_vivid
Lexus,GX (_J12_),2001,2001,itdiag8-dotcom/database (vivid_cars2000.db),added_from_vivid
Lexus,HS,2009,2013,gor3a/vehicle-makes-models,added_missing
Lexus,HS (ANF10),2008,2008,itdiag8-dotcom/database (vivid_cars2000.db),added_from_vivid
Lexus,IS C (GSE2_),2008,2009,itdiag8-dotcom/database (vivid_cars2000.db),added_from_vivid
Lexus,"IS I (JCE1_, GXE1_)",2001,2001,itdiag8-dotcom/database (vivid_cars2000.db),added_from_vivid
Lexus,"IS II (GSE2_, ALE2_, USE2_)",2004,2009,itdiag8-dotcom/database (vivid_cars2000.db),added_from_vivid
Lexus,"IS III (GSE3_, AVE3_)",2012,2012,itdiag8-dotcom/database (vivid_cars2000.db),added_from_vivid
Lexus,IS SportCross,2001,2002,itdiag8-dotcom/database (vivid_cars2000.db),added_from_vivid
Lexus,LBX,2023,2026,gor3a/vehicle-makes-models,added_missing
Lexus,LC,2016,2026,gor3a/vehicle-makes-models,added_missing
Lexus,LFA,2010,2013,gor3a/vehicle-makes-models,added_missing
Lexus,LFA (LFA10_),2009,2010,itdiag8-dotcom/database (vivid_cars2000.db),added_from_vivid
Lexus,LM,2023,2026,gor3a/vehicle-makes-models,added_missing
Lexus,LS (UCF30),2000,2000,itdiag8-dotcom/database (vivid_cars2000.db),added_from_vivid
Lexus,"LS (UVF4_, USF4_)",2005,2011,itdiag8-dotcom/database (vivid_cars2000.db),added_from_vivid
Lexus,LX (URJ201),2006,2011,itdiag8-dotcom/database (vivid_cars2000.db),added_from_vivid
Lexus,LX (UZJ100),2001,2002,itdiag8-dotcom/database (vivid_cars2000.db),added_from_vivid
Lexus,NX,2014,2026,gor3a/vehicle-makes-models,added_missing
Lexus,NX (AYZ1_),2012,2012,itdiag8-dotcom/database (vivid_cars2000.db),added_from_vivid
Lexus,RC,2014,2025,gor3a/vehicle-makes-models,added_missing
Lexus,"RC (GSC1_, USC1_)",2012,2012,itdiag8-dotcom/database (vivid_cars2000.db),added_from_vivid
Lexus,RC F,2014,2025,gor3a/vehicle-makes-models,added_missing
Lexus,"RX (GYL1_, GGL15, AGL10)",2007,2011,itdiag8-dotcom/database (vivid_cars2000.db),added_from_vivid
Lexus,RX (MCU15),2000,2000,itdiag8-dotcom/database (vivid_cars2000.db),added_from_vivid
Lexus,"RX (MHU3_, GSU3_, MCU3_)",2002,2005,itdiag8-dotcom/database (vivid_cars2000.db),added_from_vivid
Lexus,RZ,2022,2026,gor3a/vehicle-makes-models,added_missing
Lexus,SC,1991,2010,gor3a/vehicle-makes-models,added_missing
Lexus,SC (UZZ40_),2001,2001,itdiag8-dotcom/database (vivid_cars2000.db),added_from_vivid
Lexus,TX,2023,2026,gor3a/vehicle-makes-models,added_missing
Lexus,TZ,2026,2026,gor3a/vehicle-makes-models,added_missing
Lexus,UX,2018,2023,gor3a/vehicle-makes-models,added_missing
Lincoln,Aviator,2002,2026,gor3a/vehicle-makes-models,added_missing
Lincoln,Continental,1958,2020,gor3a/vehicle-makes-models,added_missing
Lincoln,Corsair,2019,2026,gor3a/vehicle-makes-models,added_missing
Lincoln,LS,1999,2006,gor3a/vehicle-makes-models,added_missing
Lincoln,MKC,2014,2019,gor3a/vehicle-makes-models,added_missing
Lincoln,MKS,2008,2016,gor3a/vehicle-makes-models,added_missing
Lincoln,MKT,2009,2019,gor3a/vehicle-makes-models,added_missing
Lincoln,MKX,2006,2018,gor3a/vehicle-makes-models,added_missing
Lincoln,MKZ,2006,2020,gor3a/vehicle-makes-models,added_missing
Lincoln,Mark LT,2005,2014,gor3a/vehicle-makes-models,added_missing
Lincoln,Nautilus,2017,2026,gor3a/vehicle-makes-models,added_missing
Lincoln,Navigator,1998,2024,gor3a/vehicle-makes-models,added_missing
Lincoln,Navigator L,2006,2024,gor3a/vehicle-makes-models,added_missing
Lincoln,Town Car,1998,2011,gor3a/vehicle-makes-models,added_missing
Lincoln,Zephyr,1936,2026,gor3a/vehicle-makes-models,added_missing
Lotus,2 Eleven,2007,2015,gor3a/vehicle-makes-models,added_missing
Lotus,2-Eleven,2008,2012,plowman/open-vehicle-db,added_missing
Lotus,3 Eleven,2018,2018,gor3a/vehicle-makes-models,added_missing
Lotus,340R,2007,2008,plowman/open-vehicle-db,added_missing
Lotus,Cortina,,,DanielKohut/car-data,added_missing
Lotus,Eagle,2008,2009,plowman/open-vehicle-db,added_missing
Lotus,Eclat,1981,2008,plowman/open-vehicle-db,added_missing
Lotus,Eletre,2022,2026,gor3a/vehicle-makes-models,added_missing
Lotus,Eleven,,,DanielKohut/car-data,added_missing
Lotus,Emeya,2023,2026,gor3a/vehicle-makes-models,added_missing
Lotus,Emira,2021,2024,gor3a/vehicle-makes-models,added_missing
Lotus,Esprit,1976,2004,gor3a/vehicle-makes-models,added_missing
Lotus,Evija,2020,2026,gor3a/vehicle-makes-models,added_missing
Lotus,MEL,2007,2009,plowman/open-vehicle-db,added_missing
Lotus,Monaco,2007,2008,plowman/open-vehicle-db,added_missing
Lotus,Monza,2007,2008,plowman/open-vehicle-db,added_missing
Lotus,Seven,,,DanielKohut/car-data,added_missing
Lotus,Spa,2007,2008,plowman/open-vehicle-db,added_missing
Lotus,Turbo Esprit,1981,2000,plowman/open-vehicle-db,added_missing
Lotus,Type 14,,,DanielKohut/car-data,added_missing
Lotus,Type 23,,,DanielKohut/car-data,added_missing
Lotus,Type 25,,,DanielKohut/car-data,added_missing
Lotus,Type 49,,,DanielKohut/car-data,added_missing
Lotus,Type 72,,,DanielKohut/car-data,added_missing
Lotus,Type 79,,,DanielKohut/car-data,added_missing
Lotus,Type 97T,,,DanielKohut/car-data,added_missing
Lotus,Type 99T,,,DanielKohut/car-data,added_missing
Lynk & Co,01,2017,2026,gor3a/vehicle-makes-models,added_missing
Lynk & Co,02,2018,2026,gor3a/vehicle-makes-models,added_missing
Lynk & Co,03,2018,2026,gor3a/vehicle-makes-models,added_missing
Lynk & Co,05,2020,2026,gor3a/vehicle-makes-models,added_missing
Lynk & Co,06,2020,2026,gor3a/vehicle-makes-models,added_missing
Lynk & Co,09,2021,2026,gor3a/vehicle-makes-models,added_missing
MG,EXPRESS Box,2002,2002,itdiag8-dotcom/database (vivid_cars2000.db),added_from_vivid
MG,F/ TF,1995,2005,gor3a/vehicle-makes-models,added_missing
MG,GS,2015,2019,gor3a/vehicle-makes-models,added_missing
MG,HS,2019,2024,gor3a/vehicle-makes-models,added_missing
MG,IM5,2025,2026,gor3a/vehicle-makes-models,added_missing
MG,IM6,2025,2026,gor3a/vehicle-makes-models,added_missing
MG,MG 3,2013,2026,gor3a/vehicle-makes-models,added_missing
MG,MG 4,2022,2026,gor3a/vehicle-makes-models,added_missing
MG,MG 5,2021,2026,gor3a/vehicle-makes-models,added_missing
MG,MG 6,2011,2016,gor3a/vehicle-makes-models,added_missing
MG,MG 6 Hatchback,2009,2011,itdiag8-dotcom/database (vivid_cars2000.db),added_from_vivid
MG,MG 6 Saloon,2009,2011,itdiag8-dotcom/database (vivid_cars2000.db),added_from_vivid
MG,MG 7,2006,2006,itdiag8-dotcom/database (vivid_cars2000.db),added_from_vivid
MG,MG Cyberster,,,DanielKohut/car-data,added_missing
MG,MG HS,,,DanielKohut/car-data,added_missing
MG,MG HS PHEV,,,DanielKohut/car-data,added_missing
MG,MG Marvel R,,,DanielKohut/car-data,added_missing
MG,MG TF,2002,2002,itdiag8-dotcom/database (vivid_cars2000.db),added_from_vivid
MG,MG ZR,2001,2002,itdiag8-dotcom/database (vivid_cars2000.db),added_from_vivid
MG,MG ZS,,,DanielKohut/car-data,added_missing
MG,MG ZS EV,,,DanielKohut/car-data,added_missing
MG,MG ZS Hatchback,2001,2003,itdiag8-dotcom/database (vivid_cars2000.db),added_from_vivid
MG,MG ZT,2001,2003,itdiag8-dotcom/database (vivid_cars2000.db),added_from_vivid
MG,MG ZT- T,2001,2003,itdiag8-dotcom/database (vivid_cars2000.db),added_from_vivid
MG,MG3,,,DanielKohut/car-data,added_missing
MG,MG5,,,DanielKohut/car-data,added_missing
MG,MG6,,,DanielKohut/car-data,added_missing
MG,MGF (RD),2000,2001,itdiag8-dotcom/database (vivid_cars2000.db),added_from_vivid
MG,Marvel R,2021,2026,gor3a/vehicle-makes-models,added_missing
MG,S5 EV,2025,2026,gor3a/vehicle-makes-models,added_missing
MG,U9,2025,2026,gor3a/vehicle-makes-models,added_missing
MG,XPower,2004,2005,gor3a/vehicle-makes-models,added_missing
MG,ZR,2001,2005,gor3a/vehicle-makes-models,added_missing
MG,ZS,2001,2026,gor3a/vehicle-makes-models,added_missing
MG,ZT,2001,2005,gor3a/vehicle-makes-models,added_missing
MG,ZT-T,2001,2005,gor3a/vehicle-makes-models,added_missing
Mahindra,Armored Light Specialist Vehicle,,,DanielKohut/car-data,added_missing
Mahindra,BE 6,,,DanielKohut/car-data,added_missing
Mahindra,Bolero,2011,2020,gor3a/vehicle-makes-models,added_missing
Mahindra,Bolero Neo,,,DanielKohut/car-data,added_missing
Mahindra,Jeeto,,,DanielKohut/car-data,added_missing
Mahindra,KUV100,,,DanielKohut/car-data,added_missing
Mahindra,Major,,,DanielKohut/car-data,added_missing
Mahindra,Marazzo,,,DanielKohut/car-data,added_missing
Mahindra,Marksman,,,DanielKohut/car-data,added_missing
Mahindra,Maxx,,,DanielKohut/car-data,added_missing
Mahindra,Maxximo,,,DanielKohut/car-data,added_missing
Mahindra,Mine Protected Vehicle,,,DanielKohut/car-data,added_missing
Mahindra,NuvoSport,,,DanielKohut/car-data,added_missing
Mahindra,Roxor,,,DanielKohut/car-data,added_missing
Mahindra,Scorpio / GOA,2002,2014,gor3a/vehicle-makes-models,added_missing
Mahindra,Scorpio Getaway,,,DanielKohut/car-data,added_missing
Mahindra,Scorpio N,,,DanielKohut/car-data,added_missing
Mahindra,Thar Roxx,,,DanielKohut/car-data,added_missing
Mahindra,Verito,2012,2019,gor3a/vehicle-makes-models,added_missing
Mahindra,Verito Vibe,,,DanielKohut/car-data,added_missing
Mahindra,XUV 3XO,,,DanielKohut/car-data,added_missing
Mahindra,XUV300,,,DanielKohut/car-data,added_missing
Mahindra,XUV700,,,DanielKohut/car-data,added_missing
Maruti,Alto K10,,,DanielKohut/car-data,added_missing
Maruti,Baleno,,,DanielKohut/car-data,added_missing
Maruti,Brezza,,,DanielKohut/car-data,added_missing
Maruti,Celerio,,,DanielKohut/car-data,added_missing
Maruti,Ciaz,,,DanielKohut/car-data,added_missing
Maruti,Dzire,,,DanielKohut/car-data,added_missing
Maruti,Ertiga,,,DanielKohut/car-data,added_missing
Maruti,Fronx,,,DanielKohut/car-data,added_missing
Maruti,Grand Vitara,,,DanielKohut/car-data,added_missing
Maruti,Ignis,,,DanielKohut/car-data,added_missing
Maruti,Invicto,,,DanielKohut/car-data,added_missing
Maruti,S-Presso,,,DanielKohut/car-data,added_missing
Maruti,Swift,,,DanielKohut/car-data,added_missing
Maruti,Wagon R,,,DanielKohut/car-data,added_missing
Maruti,XL6,,,DanielKohut/car-data,added_missing
Maserati,3200 GT,,,DanielKohut/car-data,added_missing
Maserati,3200 GTA,,,DanielKohut/car-data,added_missing
Maserati,Coupe,1998,2004,gor3a/vehicle-makes-models,added_missing
Maserati,Coupé,,,DanielKohut/car-data,added_missing
Maserati,GHIBLI (M157),2012,2012,itdiag8-dotcom/database (vivid_cars2000.db),added_from_vivid
Maserati,GRAN TURISMO,2007,2012,itdiag8-dotcom/database (vivid_cars2000.db),added_from_vivid
Maserati,GRANSPORT Convertible,2003,2003,itdiag8-dotcom/database (vivid_cars2000.db),added_from_vivid
Maserati,GRANSPORT Coupe,2003,2003,itdiag8-dotcom/database (vivid_cars2000.db),added_from_vivid
Maserati,GT2 Stradale,2024,2026,gor3a/vehicle-makes-models,added_missing
Maserati,Ghibli III,,,DanielKohut/car-data,added_missing
Maserati,Ghibli III Diesel,,,DanielKohut/car-data,added_missing
Maserati,Ghibli III S,,,DanielKohut/car-data,added_missing
Maserati,GranCabrio II,,,DanielKohut/car-data,added_missing
Maserati,GranSport Spyder,,,DanielKohut/car-data,added_missing
Maserati,GranTurismo II,,,DanielKohut/car-data,added_missing
Maserati,GranTurismo S,,,DanielKohut/car-data,added_missing
Maserati,Grecale,2022,2026,gor3a/vehicle-makes-models,added_missing
Maserati,Grecale Trofeo,2022,2026,gor3a/vehicle-makes-models,added_missing
Maserati,Levante,2016,2026,gor3a/vehicle-makes-models,added_missing
Maserati,Levante Hybrid,,,DanielKohut/car-data,added_missing
Maserati,MC 12,2004,2005,gor3a/vehicle-makes-models,added_missing
Maserati,MC12,,,DanielKohut/car-data,added_missing
Maserati,MC20,2020,2026,gor3a/vehicle-makes-models,added_missing
Maserati,MC20 Cielo,,,DanielKohut/car-data,added_missing
Maserati,MCPura,2025,2026,gor3a/vehicle-makes-models,added_missing
Maserati,MCPura Cielo,2025,2026,gor3a/vehicle-makes-models,added_missing
Maserati,QUATTROPORTE VI,2011,2012,itdiag8-dotcom/database (vivid_cars2000.db),added_from_vivid
Maserati,Quattroporte Sport GT S,2009,2013,gor3a/vehicle-makes-models,added_missing
Maserati,Quattroporte V,,,DanielKohut/car-data,added_missing
Maserati,Quattroporte V S,,,DanielKohut/car-data,added_missing
Maserati,Quattroporte V6 Evoluzione,,,DanielKohut/car-data,added_missing
Maserati,Quattroporte V8 Evoluzione,,,DanielKohut/car-data,added_missing
Maserati,Quattroporte VI Diesel,,,DanielKohut/car-data,added_missing
Maserati,Quattroporte VI GTS,,,DanielKohut/car-data,added_missing
Maserati,Quattroporte VI S,,,DanielKohut/car-data,added_missing
Maserati,SPYDER Coupe,2002,2004,itdiag8-dotcom/database (vivid_cars2000.db),added_from_vivid
Maserati,Spyder,2001,2007,gor3a/vehicle-makes-models,added_missing
Mazda,2 (DE),2006,2010,itdiag8-dotcom/database (vivid_cars2000.db),added_from_vivid
Mazda,2 (DY),2002,2002,itdiag8-dotcom/database (vivid_cars2000.db),added_from_vivid
Mazda,2 / Demio,2002,2026,gor3a/vehicle-makes-models,added_missing
Mazda,2 Saloon (DE),2009,2009,itdiag8-dotcom/database (vivid_cars2000.db),added_from_vivid
Mazda,3 (BK),2003,2005,itdiag8-dotcom/database (vivid_cars2000.db),added_from_vivid
Mazda,3 (BL),2007,2009,itdiag8-dotcom/database (vivid_cars2000.db),added_from_vivid
Mazda,3 (BM),2012,2013,itdiag8-dotcom/database (vivid_cars2000.db),added_from_vivid
Mazda,3 / Axela,2004,2026,gor3a/vehicle-makes-models,added_missing
Mazda,3 MPS / MAZDASPEED 3,2006,2013,gor3a/vehicle-makes-models,added_missing
Mazda,3 Saloon (BK),2000,2005,itdiag8-dotcom/database (vivid_cars2000.db),added_from_vivid
Mazda,3 Saloon (BL),2007,2009,itdiag8-dotcom/database (vivid_cars2000.db),added_from_vivid
Mazda,3 Saloon (BM),2012,2013,itdiag8-dotcom/database (vivid_cars2000.db),added_from_vivid
Mazda,323 F VI (BJ),2001,2001,itdiag8-dotcom/database (vivid_cars2000.db),added_from_vivid
Mazda,323 S VI (BJ),2000,2001,itdiag8-dotcom/database (vivid_cars2000.db),added_from_vivid
Mazda,5 (CR19),2004,2004,itdiag8-dotcom/database (vivid_cars2000.db),added_from_vivid
Mazda,5 (CW),2009,2012,itdiag8-dotcom/database (vivid_cars2000.db),added_from_vivid
Mazda,5 / Premacy,2005,2013,gor3a/vehicle-makes-models,added_missing
Mazda,6 (GG),2002,2006,itdiag8-dotcom/database (vivid_cars2000.db),added_from_vivid
Mazda,6 (GH),2006,2009,itdiag8-dotcom/database (vivid_cars2000.db),added_from_vivid
Mazda,6 / Atenza,2002,2019,gor3a/vehicle-makes-models,added_missing
Mazda,6 Estate (GH),2007,2009,itdiag8-dotcom/database (vivid_cars2000.db),added_from_vivid
Mazda,"6 Estate (GJ, GH)",2011,2012,itdiag8-dotcom/database (vivid_cars2000.db),added_from_vivid
Mazda,6 Hatchback (GG),2002,2006,itdiag8-dotcom/database (vivid_cars2000.db),added_from_vivid
Mazda,6 Hatchback (GH),2006,2009,itdiag8-dotcom/database (vivid_cars2000.db),added_from_vivid
Mazda,"6 Saloon (GJ, GH)",2011,2012,itdiag8-dotcom/database (vivid_cars2000.db),added_from_vivid
Mazda,6 Station Wagon (GY),2002,2004,itdiag8-dotcom/database (vivid_cars2000.db),added_from_vivid
Mazda,626,1988,2002,gor3a/vehicle-makes-models,added_missing
Mazda,626 V Station Wagon (GW),2000,2000,itdiag8-dotcom/database (vivid_cars2000.db),added_from_vivid
Mazda,6e,2025,2026,gor3a/vehicle-makes-models,added_missing
Mazda,B Series / Bravo Dual Cab,1999,2006,gor3a/vehicle-makes-models,added_missing
Mazda,B Series / Bravo Freestyle Cab,1999,2006,gor3a/vehicle-makes-models,added_missing
Mazda,B-SERIE (UN),2000,2002,itdiag8-dotcom/database (vivid_cars2000.db),added_from_vivid
Mazda,B-Series,1981,2010,plowman/open-vehicle-db,added_missing
Mazda,"BT-50 (CD, UN)",2005,2005,itdiag8-dotcom/database (vivid_cars2000.db),added_from_vivid
Mazda,"BT-50 Platform/Chassis (CD, UN)",2005,2005,itdiag8-dotcom/database (vivid_cars2000.db),added_from_vivid
Mazda,Biante,2008,2018,gor3a/vehicle-makes-models,added_missing
Mazda,CX-30,2019,2026,gor3a/vehicle-makes-models,added_missing
Mazda,"CX-5 (KE, GH)",2010,2012,itdiag8-dotcom/database (vivid_cars2000.db),added_from_vivid
Mazda,CX-50,2021,2026,gor3a/vehicle-makes-models,added_missing
Mazda,CX-60,2022,2026,gor3a/vehicle-makes-models,added_missing
Mazda,CX-6e,2026,2026,gor3a/vehicle-makes-models,added_missing
Mazda,CX-7 (ER),2005,2011,itdiag8-dotcom/database (vivid_cars2000.db),added_from_vivid
Mazda,CX-70,2024,2026,gor3a/vehicle-makes-models,added_missing
Mazda,CX-8,2017,2023,gor3a/vehicle-makes-models,added_missing
Mazda,CX-80,2024,2026,gor3a/vehicle-makes-models,added_missing
Mazda,CX-9,2007,2024,gor3a/vehicle-makes-models,added_missing
Mazda,CX-9 (TB),2006,2006,itdiag8-dotcom/database (vivid_cars2000.db),added_from_vivid
Mazda,CX-90,2023,2026,gor3a/vehicle-makes-models,added_missing
Mazda,DEMIO (DW),2000,2000,itdiag8-dotcom/database (vivid_cars2000.db),added_from_vivid
Mazda,E-SERIE Box (SG),2002,2003,itdiag8-dotcom/database (vivid_cars2000.db),added_from_vivid
Mazda,FIGHTER Pickup,2002,2002,itdiag8-dotcom/database (vivid_cars2000.db),added_from_vivid
Mazda,Flair,2012,2017,gor3a/vehicle-makes-models,added_missing
Mazda,Flairwagon,2012,2013,gor3a/vehicle-makes-models,added_missing
Mazda,MPV,1989,2006,plowman/open-vehicle-db,added_missing
Mazda,MPV II (LW),2000,2002,itdiag8-dotcom/database (vivid_cars2000.db),added_from_vivid
Mazda,MPV III (LY),2005,2005,itdiag8-dotcom/database (vivid_cars2000.db),added_from_vivid
Mazda,MX-30,2019,2026,gor3a/vehicle-makes-models,added_missing
Mazda,MX-5 / Miata,1989,2026,gor3a/vehicle-makes-models,added_missing
Mazda,MX-5 II (NB),2000,2002,itdiag8-dotcom/database (vivid_cars2000.db),added_from_vivid
Mazda,MX-5 III (NC),2004,2004,itdiag8-dotcom/database (vivid_cars2000.db),added_from_vivid
Mazda,Mazda BT-50,,,DanielKohut/car-data,added_missing
Mazda,Mazda CX-30,,,DanielKohut/car-data,added_missing
Mazda,Mazda CX-5,,,DanielKohut/car-data,added_missing
Mazda,Mazda CX-50,,,DanielKohut/car-data,added_missing
Mazda,Mazda CX-50 Hybrid,,,DanielKohut/car-data,added_missing
Mazda,Mazda CX-70,,,DanielKohut/car-data,added_missing
Mazda,Mazda CX-70 PHEV,,,DanielKohut/car-data,added_missing
Mazda,Mazda CX-90,,,DanielKohut/car-data,added_missing
Mazda,Mazda CX-90 PHEV,,,DanielKohut/car-data,added_missing
Mazda,Mazda MX-30 EV,,,DanielKohut/car-data,added_missing
Mazda,Mazda MX-5 Miata,,,DanielKohut/car-data,added_missing
Mazda,Mazda RX-7,,,DanielKohut/car-data,added_missing
Mazda,Mazda RX-8,,,DanielKohut/car-data,added_missing
Mazda,Mazda2,,,DanielKohut/car-data,added_missing
Mazda,Mazda3,2004,2027,plowman/open-vehicle-db,added_missing
Mazda,Mazda3 Hatchback,,,DanielKohut/car-data,added_missing
Mazda,Mazda3 Sedan,,,DanielKohut/car-data,added_missing
Mazda,Mazda5,,,DanielKohut/car-data,added_missing
Mazda,Mazda6,,,DanielKohut/car-data,added_missing
Mazda,Millenia,1995,2002,plowman/open-vehicle-db,added_missing
Mazda,PREMACY (CP),2000,2004,itdiag8-dotcom/database (vivid_cars2000.db),added_from_vivid
Mazda,RX 8 (SE17),2003,2003,itdiag8-dotcom/database (vivid_cars2000.db),added_from_vivid
Mazda,RX-7,1970,2002,gor3a/vehicle-makes-models,added_missing
Mazda,TRIBUTE (EP),2000,2005,itdiag8-dotcom/database (vivid_cars2000.db),added_from_vivid
Mazda,Verisa,2004,2015,gor3a/vehicle-makes-models,added_missing
Mazda,XEDOS 9 (TA),2000,2000,itdiag8-dotcom/database (vivid_cars2000.db),added_from_vivid
Mazda,Xedos 9,1993,2002,gor3a/vehicle-makes-models,added_missing
McLaren,12C GT Sprint,2013,2014,gor3a/vehicle-makes-models,added_missing
McLaren,540C,2015,2021,gor3a/vehicle-makes-models,added_missing
McLaren,570GT,2016,2021,gor3a/vehicle-makes-models,added_missing
McLaren,570S,2015,2021,gor3a/vehicle-makes-models,added_missing
McLaren,600LT,2018,2020,gor3a/vehicle-makes-models,added_missing
McLaren,600LT Spider,,,DanielKohut/car-data,added_missing
McLaren,620R,2019,2021,gor3a/vehicle-makes-models,added_missing
McLaren,625C,2009,2021,plowman/open-vehicle-db,added_missing
McLaren,650S,2014,2017,gor3a/vehicle-makes-models,added_missing
McLaren,650S Spider,,,DanielKohut/car-data,added_missing
McLaren,675LT,2015,2017,gor3a/vehicle-makes-models,added_missing
McLaren,675LT Spider,,,DanielKohut/car-data,added_missing
McLaren,720S,2017,2023,gor3a/vehicle-makes-models,added_missing
McLaren,750S,2023,2026,gor3a/vehicle-makes-models,added_missing
McLaren,750S Spider,,,DanielKohut/car-data,added_missing
McLaren,765LT,2020,2026,gor3a/vehicle-makes-models,added_missing
McLaren,765LT Spider,,,DanielKohut/car-data,added_missing
McLaren,Artura,2021,2026,gor3a/vehicle-makes-models,added_missing
McLaren,Artura Spider,,,DanielKohut/car-data,added_missing
McLaren,Elva,2020,2026,gor3a/vehicle-makes-models,added_missing
McLaren,GT,2019,2023,gor3a/vehicle-makes-models,added_missing
McLaren,GTS,2023,2026,gor3a/vehicle-makes-models,added_missing
McLaren,MP4-12C Spider,,,DanielKohut/car-data,added_missing
McLaren,P1,2013,2015,gor3a/vehicle-makes-models,added_missing
McLaren,SENNA GTR,2017,2021,plowman/open-vehicle-db,added_missing
McLaren,Senna,2018,2020,gor3a/vehicle-makes-models,added_missing
McLaren,Speedtail,2018,2026,gor3a/vehicle-makes-models,added_missing
Mercedes,A-CLASS (W168),,,itdiag8-dotcom/database (vivid_cars2000.db),added_from_vivid
Mercedes,A-CLASS (W169),,,itdiag8-dotcom/database (vivid_cars2000.db),added_from_vivid
Mercedes,A-CLASS (W176),,,itdiag8-dotcom/database (vivid_cars2000.db),added_from_vivid
Mercedes,AMG GT / GT S (C190),,,itdiag8-dotcom/database (vivid_cars2000.db),added_from_vivid
Mercedes,B-CLASS (W245),,,itdiag8-dotcom/database (vivid_cars2000.db),added_from_vivid
Mercedes,"B-CLASS (W246, W242)",,,itdiag8-dotcom/database (vivid_cars2000.db),added_from_vivid
Mercedes,C-CLASS (W203),,,itdiag8-dotcom/database (vivid_cars2000.db),added_from_vivid
Mercedes,C-CLASS (W204),,,itdiag8-dotcom/database (vivid_cars2000.db),added_from_vivid
Mercedes,C-CLASS (W205),,,itdiag8-dotcom/database (vivid_cars2000.db),added_from_vivid
Mercedes,C-CLASS Coupe (C204),,,itdiag8-dotcom/database (vivid_cars2000.db),added_from_vivid
Mercedes,C-CLASS Coupe (CL203),,,itdiag8-dotcom/database (vivid_cars2000.db),added_from_vivid
Mercedes,C-CLASS Estate (S202),,,itdiag8-dotcom/database (vivid_cars2000.db),added_from_vivid
Mercedes,C-CLASS T-Model (S203),,,itdiag8-dotcom/database (vivid_cars2000.db),added_from_vivid
Mercedes,C-CLASS T-Model (S204),,,itdiag8-dotcom/database (vivid_cars2000.db),added_from_vivid
Mercedes,C-CLASS T-Model (S205),,,itdiag8-dotcom/database (vivid_cars2000.db),added_from_vivid
Mercedes,CITAN Box (415),,,itdiag8-dotcom/database (vivid_cars2000.db),added_from_vivid
Mercedes,CITAN Combi (415),,,itdiag8-dotcom/database (vivid_cars2000.db),added_from_vivid
Mercedes,CITAN Mixto (415),,,itdiag8-dotcom/database (vivid_cars2000.db),added_from_vivid
Mercedes,CLA Coupe (C117),,,itdiag8-dotcom/database (vivid_cars2000.db),added_from_vivid
Mercedes,CLA Shooting Brake (X117),,,itdiag8-dotcom/database (vivid_cars2000.db),added_from_vivid
Mercedes,CLC-CLASS (CL203),,,itdiag8-dotcom/database (vivid_cars2000.db),added_from_vivid
Mercedes,CLK (C208),,,itdiag8-dotcom/database (vivid_cars2000.db),added_from_vivid
Mercedes,CLK (C209),,,itdiag8-dotcom/database (vivid_cars2000.db),added_from_vivid
Mercedes,CLK Convertible (A208),,,itdiag8-dotcom/database (vivid_cars2000.db),added_from_vivid
Mercedes,CLK Convertible (A209),,,itdiag8-dotcom/database (vivid_cars2000.db),added_from_vivid
Mercedes,CLS (C218),,,itdiag8-dotcom/database (vivid_cars2000.db),added_from_vivid
Mercedes,CLS (C219),,,itdiag8-dotcom/database (vivid_cars2000.db),added_from_vivid
Mercedes,CLS Shooting Brake (X218),,,itdiag8-dotcom/database (vivid_cars2000.db),added_from_vivid
Mercedes,E-CLASS (W210),,,itdiag8-dotcom/database (vivid_cars2000.db),added_from_vivid
Mercedes,E-CLASS (W211),,,itdiag8-dotcom/database (vivid_cars2000.db),added_from_vivid
Mercedes,E-CLASS (W212),,,itdiag8-dotcom/database (vivid_cars2000.db),added_from_vivid
Mercedes,E-CLASS Convertible (A207),,,itdiag8-dotcom/database (vivid_cars2000.db),added_from_vivid
Mercedes,E-CLASS Coupe (C207),,,itdiag8-dotcom/database (vivid_cars2000.db),added_from_vivid
Mercedes,E-CLASS Estate (S210),,,itdiag8-dotcom/database (vivid_cars2000.db),added_from_vivid
Mercedes,E-CLASS T-Model (S211),,,itdiag8-dotcom/database (vivid_cars2000.db),added_from_vivid
Mercedes,E-CLASS T-Model (S212),,,itdiag8-dotcom/database (vivid_cars2000.db),added_from_vivid
Mercedes,G-CLASS (W461),,,itdiag8-dotcom/database (vivid_cars2000.db),added_from_vivid
Mercedes,G-CLASS (W463),,,itdiag8-dotcom/database (vivid_cars2000.db),added_from_vivid
Mercedes,G-CLASS Cabrio (W463),,,itdiag8-dotcom/database (vivid_cars2000.db),added_from_vivid
Mercedes,GL-CLASS (X164),,,itdiag8-dotcom/database (vivid_cars2000.db),added_from_vivid
Mercedes,GL-CLASS (X166),,,itdiag8-dotcom/database (vivid_cars2000.db),added_from_vivid
Mercedes,GLA-CLASS (X156),,,itdiag8-dotcom/database (vivid_cars2000.db),added_from_vivid
Mercedes,GLK-CLASS (X204),,,itdiag8-dotcom/database (vivid_cars2000.db),added_from_vivid
Mercedes,M-CLASS (W163),,,itdiag8-dotcom/database (vivid_cars2000.db),added_from_vivid
Mercedes,M-CLASS (W164),,,itdiag8-dotcom/database (vivid_cars2000.db),added_from_vivid
Mercedes,M-CLASS (W166),,,itdiag8-dotcom/database (vivid_cars2000.db),added_from_vivid
Mercedes,MERCEDES BENZ A-Class,2018,2023,gor3a/vehicle-makes-models,added_missing
Mercedes,MERCEDES BENZ A-Klasse,1997,2026,gor3a/vehicle-makes-models,added_missing
Mercedes,MERCEDES BENZ A-Klasse AMG,2013,2015,gor3a/vehicle-makes-models,added_missing
Mercedes,MERCEDES BENZ A-Klasse Saloon,2022,2026,gor3a/vehicle-makes-models,added_missing
Mercedes,MERCEDES BENZ B-Klasse,2005,2026,gor3a/vehicle-makes-models,added_missing
Mercedes,MERCEDES BENZ C-Class,2016,2022,gor3a/vehicle-makes-models,added_missing
Mercedes,MERCEDES BENZ C-Class EV,2026,2026,gor3a/vehicle-makes-models,added_missing
Mercedes,MERCEDES BENZ C-Klasse,2011,2018,gor3a/vehicle-makes-models,added_missing
Mercedes,MERCEDES BENZ C-Klasse AMG,1984,2015,gor3a/vehicle-makes-models,added_missing
Mercedes,MERCEDES BENZ C-Klasse All-Terrain,2021,2026,gor3a/vehicle-makes-models,added_missing
Mercedes,MERCEDES BENZ C-Klasse Coupe AMG,2011,2016,gor3a/vehicle-makes-models,added_missing
Mercedes,MERCEDES BENZ C-Klasse SportCoupe AMG,2002,2004,gor3a/vehicle-makes-models,added_missing
Mercedes,MERCEDES BENZ C-Klasse SportCoupe/CLC,2000,2011,gor3a/vehicle-makes-models,added_missing
Mercedes,MERCEDES BENZ C-Klasse T-Modell,1996,2026,gor3a/vehicle-makes-models,added_missing
Mercedes,MERCEDES BENZ C-Klasse T-Modell AMG,2004,2007,gor3a/vehicle-makes-models,added_missing
Mercedes,MERCEDES BENZ C-Klasse and predecessors,1982,2026,gor3a/vehicle-makes-models,added_missing
Mercedes,MERCEDES BENZ CL AMG,2000,2014,gor3a/vehicle-makes-models,added_missing
Mercedes,MERCEDES BENZ CL-Klasse and predecessors,1952,2014,gor3a/vehicle-makes-models,added_missing
Mercedes,MERCEDES BENZ CLA 45,2013,2016,gor3a/vehicle-makes-models,added_missing
Mercedes,MERCEDES BENZ CLA Klasse,2013,2026,gor3a/vehicle-makes-models,added_missing
Mercedes,MERCEDES BENZ CLA Shooting Brake,2015,2026,gor3a/vehicle-makes-models,added_missing
Mercedes,MERCEDES BENZ CLE,2023,2026,gor3a/vehicle-makes-models,added_missing
Mercedes,MERCEDES BENZ CLK AMG,1999,2009,gor3a/vehicle-makes-models,added_missing
Mercedes,MERCEDES BENZ CLK AMG Cabrio,2000,2009,gor3a/vehicle-makes-models,added_missing
Mercedes,MERCEDES BENZ CLS AMG,2004,2018,gor3a/vehicle-makes-models,added_missing
Mercedes,MERCEDES BENZ CLS Shooting Brake,2012,2017,gor3a/vehicle-makes-models,added_missing
Mercedes,MERCEDES BENZ CLS Shooting Brake AMG,2014,2018,gor3a/vehicle-makes-models,added_missing
Mercedes,MERCEDES BENZ CLS-Klasse,2004,2026,gor3a/vehicle-makes-models,added_missing
Mercedes,MERCEDES BENZ Citan,2021,2026,gor3a/vehicle-makes-models,added_missing
Mercedes,MERCEDES BENZ E-Class T-Modell All-Terrain,2017,2026,gor3a/vehicle-makes-models,added_missing
Mercedes,MERCEDES BENZ E-Klasse AMG,1996,2016,gor3a/vehicle-makes-models,added_missing
Mercedes,MERCEDES BENZ E-Klasse Cabriolet and predecessors,1992,2024,gor3a/vehicle-makes-models,added_missing
Mercedes,MERCEDES BENZ E-Klasse Coupe and predecessors,1969,2020,gor3a/vehicle-makes-models,added_missing
Mercedes,MERCEDES BENZ E-Klasse T-Modell,1965,2020,gor3a/vehicle-makes-models,added_missing
Mercedes,MERCEDES BENZ E-Klasse T-Modell AMG,2004,2017,gor3a/vehicle-makes-models,added_missing
Mercedes,MERCEDES BENZ E-Klasse and predecessors,1946,2026,gor3a/vehicle-makes-models,added_missing
Mercedes,MERCEDES BENZ EQA,2021,2026,gor3a/vehicle-makes-models,added_missing
Mercedes,MERCEDES BENZ EQB,2021,2026,gor3a/vehicle-makes-models,added_missing
Mercedes,MERCEDES BENZ EQC,2019,2023,gor3a/vehicle-makes-models,added_missing
Mercedes,MERCEDES BENZ EQE,2021,2026,gor3a/vehicle-makes-models,added_missing
Mercedes,MERCEDES BENZ EQE SUV,2022,2026,gor3a/vehicle-makes-models,added_missing
Mercedes,MERCEDES BENZ EQS,2021,2026,gor3a/vehicle-makes-models,added_missing
Mercedes,MERCEDES BENZ EQS SUV,2022,2026,gor3a/vehicle-makes-models,added_missing
Mercedes,MERCEDES BENZ EQS SUV Maybach,2023,2026,gor3a/vehicle-makes-models,added_missing
Mercedes,MERCEDES BENZ EQT,2023,2026,gor3a/vehicle-makes-models,added_missing
Mercedes,MERCEDES BENZ EQV,2019,2023,gor3a/vehicle-makes-models,added_missing
Mercedes,MERCEDES BENZ G-Klasse,1979,2026,gor3a/vehicle-makes-models,added_missing
Mercedes,MERCEDES BENZ G-Klasse AMG,1999,2018,gor3a/vehicle-makes-models,added_missing
Mercedes,MERCEDES BENZ G-Klasse Kurz,1979,2012,gor3a/vehicle-makes-models,added_missing
Mercedes,MERCEDES BENZ GL-Klasse,2006,2016,gor3a/vehicle-makes-models,added_missing
Mercedes,MERCEDES BENZ GL-Klasse AMG,2012,2016,gor3a/vehicle-makes-models,added_missing
Mercedes,MERCEDES BENZ GLA,2013,2026,gor3a/vehicle-makes-models,added_missing
Mercedes,MERCEDES BENZ GLB,2019,2026,gor3a/vehicle-makes-models,added_missing
Mercedes,MERCEDES BENZ GLC Class,2015,2026,gor3a/vehicle-makes-models,added_missing
Mercedes,MERCEDES BENZ GLE-Class,2015,2026,gor3a/vehicle-makes-models,added_missing
Mercedes,MERCEDES BENZ GLK-Klasse,2008,2016,gor3a/vehicle-makes-models,added_missing
Mercedes,MERCEDES BENZ GLS Maybach,2020,2026,gor3a/vehicle-makes-models,added_missing
Mercedes,MERCEDES BENZ GLS-Class,2016,2026,gor3a/vehicle-makes-models,added_missing
Mercedes,MERCEDES BENZ M-Klasse,1997,2015,gor3a/vehicle-makes-models,added_missing
Mercedes,MERCEDES BENZ M-Klasse AMG,1999,2015,gor3a/vehicle-makes-models,added_missing
Mercedes,MERCEDES BENZ Maybach EQS SUV,2023,2026,gor3a/vehicle-makes-models,added_missing
Mercedes,MERCEDES BENZ Pullman,1930,2020,gor3a/vehicle-makes-models,added_missing
Mercedes,MERCEDES BENZ R-Klasse,2005,2013,gor3a/vehicle-makes-models,added_missing
Mercedes,MERCEDES BENZ R-Klasse AMG,2006,2008,gor3a/vehicle-makes-models,added_missing
Mercedes,MERCEDES BENZ R-Klasse Lang,2005,2013,gor3a/vehicle-makes-models,added_missing
Mercedes,MERCEDES BENZ S-Class,1952,2020,gor3a/vehicle-makes-models,added_missing
Mercedes,MERCEDES BENZ S-Class Coupe AMG,2014,2017,gor3a/vehicle-makes-models,added_missing
Mercedes,MERCEDES BENZ S-Class Maybach,2015,2026,gor3a/vehicle-makes-models,added_missing
Mercedes,MERCEDES BENZ S-Klasse,2014,2020,gor3a/vehicle-makes-models,added_missing
Mercedes,MERCEDES BENZ S-Klasse AMG,1999,2017,gor3a/vehicle-makes-models,added_missing
Mercedes,MERCEDES BENZ S-Klasse and predecessors,1951,2026,gor3a/vehicle-makes-models,added_missing
Mercedes,MERCEDES BENZ SL AMG,1999,2019,gor3a/vehicle-makes-models,added_missing
Mercedes,MERCEDES BENZ SL Monogram Maybach,2025,2026,gor3a/vehicle-makes-models,added_missing
Mercedes,MERCEDES BENZ SL-Klasse,1954,2020,gor3a/vehicle-makes-models,added_missing
Mercedes,MERCEDES BENZ SLC-Class,2016,2020,gor3a/vehicle-makes-models,added_missing
Mercedes,MERCEDES BENZ SLK AMG,2000,2016,gor3a/vehicle-makes-models,added_missing
Mercedes,MERCEDES BENZ SLK-Klasse,1955,2016,gor3a/vehicle-makes-models,added_missing
Mercedes,MERCEDES BENZ SLR McLaren,2003,2009,gor3a/vehicle-makes-models,added_missing
Mercedes,MERCEDES BENZ SLS AMG,2010,2015,gor3a/vehicle-makes-models,added_missing
Mercedes,MERCEDES BENZ T-Class,2022,2026,gor3a/vehicle-makes-models,added_missing
Mercedes,MERCEDES BENZ V-Class and predecessors,1996,2023,gor3a/vehicle-makes-models,added_missing
Mercedes,MERCEDES BENZ VANEO,2002,2006,gor3a/vehicle-makes-models,added_missing
Mercedes,MERCEDES BENZ VIANO,2003,2014,gor3a/vehicle-makes-models,added_missing
Mercedes,MERCEDES BENZ VLE,2026,2026,gor3a/vehicle-makes-models,added_missing
Mercedes,MERCEDES BENZ Vito,2020,2026,gor3a/vehicle-makes-models,added_missing
Mercedes,MERCEDES BENZ X-Class,2017,2020,gor3a/vehicle-makes-models,added_missing
Mercedes,"R-CLASS (W251, V251)",,,itdiag8-dotcom/database (vivid_cars2000.db),added_from_vivid
Mercedes,S-CLASS (W220),,,itdiag8-dotcom/database (vivid_cars2000.db),added_from_vivid
Mercedes,S-CLASS (W221),,,itdiag8-dotcom/database (vivid_cars2000.db),added_from_vivid
Mercedes,"S-CLASS (W222, V222, X222)",,,itdiag8-dotcom/database (vivid_cars2000.db),added_from_vivid
Mercedes,S-CLASS Coupe (C215),,,itdiag8-dotcom/database (vivid_cars2000.db),added_from_vivid
Mercedes,S-CLASS Coupe (C216),,,itdiag8-dotcom/database (vivid_cars2000.db),added_from_vivid
Mercedes,S-CLASS Coupe (C217),,,itdiag8-dotcom/database (vivid_cars2000.db),added_from_vivid
Mercedes,SL (R129),,,itdiag8-dotcom/database (vivid_cars2000.db),added_from_vivid
Mercedes,SL (R230),,,itdiag8-dotcom/database (vivid_cars2000.db),added_from_vivid
Mercedes,SL (R231),,,itdiag8-dotcom/database (vivid_cars2000.db),added_from_vivid
Mercedes,SLK (R170),,,itdiag8-dotcom/database (vivid_cars2000.db),added_from_vivid
Mercedes,SLK (R171),,,itdiag8-dotcom/database (vivid_cars2000.db),added_from_vivid
Mercedes,SLK (R172),,,itdiag8-dotcom/database (vivid_cars2000.db),added_from_vivid
Mercedes,SLR (R199),,,itdiag8-dotcom/database (vivid_cars2000.db),added_from_vivid
Mercedes,SLR ROADSTER (R199),,,itdiag8-dotcom/database (vivid_cars2000.db),added_from_vivid
Mercedes,SLS AMG (C197),,,itdiag8-dotcom/database (vivid_cars2000.db),added_from_vivid
Mercedes,SLS AMG Convertible (A197),,,itdiag8-dotcom/database (vivid_cars2000.db),added_from_vivid
Mercedes,"SPRINTER 2-t Box (901, 902)",,,itdiag8-dotcom/database (vivid_cars2000.db),added_from_vivid
Mercedes,"SPRINTER 2-t Bus (901, 902)",,,itdiag8-dotcom/database (vivid_cars2000.db),added_from_vivid
Mercedes,"SPRINTER 2-t Platform/Chassis (901, 902)",,,itdiag8-dotcom/database (vivid_cars2000.db),added_from_vivid
Mercedes,"SPRINTER 3,5-t Box (906)",,,itdiag8-dotcom/database (vivid_cars2000.db),added_from_vivid
Mercedes,"SPRINTER 3,5-t Bus (906)",,,itdiag8-dotcom/database (vivid_cars2000.db),added_from_vivid
Mercedes,"SPRINTER 3,5-t Platform/Chassis (906)",,,itdiag8-dotcom/database (vivid_cars2000.db),added_from_vivid
Mercedes,SPRINTER 3-t Box (903),,,itdiag8-dotcom/database (vivid_cars2000.db),added_from_vivid
Mercedes,SPRINTER 3-t Box (906),,,itdiag8-dotcom/database (vivid_cars2000.db),added_from_vivid
Mercedes,SPRINTER 3-t Bus (903),,,itdiag8-dotcom/database (vivid_cars2000.db),added_from_vivid
Mercedes,SPRINTER 3-t Bus (906),,,itdiag8-dotcom/database (vivid_cars2000.db),added_from_vivid
Mercedes,SPRINTER 3-t Platform/Chassis (903),,,itdiag8-dotcom/database (vivid_cars2000.db),added_from_vivid
Mercedes,SPRINTER 3-t Platform/Chassis (906),,,itdiag8-dotcom/database (vivid_cars2000.db),added_from_vivid
Mercedes,"SPRINTER 4,6-t Box (906)",,,itdiag8-dotcom/database (vivid_cars2000.db),added_from_vivid
Mercedes,"SPRINTER 4,6-t Platform/Chassis (906)",,,itdiag8-dotcom/database (vivid_cars2000.db),added_from_vivid
Mercedes,SPRINTER 4-t Box (904),,,itdiag8-dotcom/database (vivid_cars2000.db),added_from_vivid
Mercedes,SPRINTER 4-t Bus (904),,,itdiag8-dotcom/database (vivid_cars2000.db),added_from_vivid
Mercedes,SPRINTER 4-t Platform/Chassis (904),,,itdiag8-dotcom/database (vivid_cars2000.db),added_from_vivid
Mercedes,SPRINTER 5-t Box (906),,,itdiag8-dotcom/database (vivid_cars2000.db),added_from_vivid
Mercedes,SPRINTER 5-t Platform/Chassis (905),,,itdiag8-dotcom/database (vivid_cars2000.db),added_from_vivid
Mercedes,SPRINTER 5-t Platform/Chassis (906),,,itdiag8-dotcom/database (vivid_cars2000.db),added_from_vivid
Mercedes,"SPRINTER CLASSIC 3,5-t Box (909)",,,itdiag8-dotcom/database (vivid_cars2000.db),added_from_vivid
Mercedes,"SPRINTER CLASSIC 4,6-t Bus (909)",,,itdiag8-dotcom/database (vivid_cars2000.db),added_from_vivid
Mercedes,SPRINTER Dumptruck (905),,,itdiag8-dotcom/database (vivid_cars2000.db),added_from_vivid
Mercedes,V-CLASS (W447),,,itdiag8-dotcom/database (vivid_cars2000.db),added_from_vivid
Mercedes,VANEO (414),,,itdiag8-dotcom/database (vivid_cars2000.db),added_from_vivid
Mercedes,VARIO Box Body / Estate,,,itdiag8-dotcom/database (vivid_cars2000.db),added_from_vivid
Mercedes,VARIO Bus,,,itdiag8-dotcom/database (vivid_cars2000.db),added_from_vivid
Mercedes,VARIO Cab with engine,,,itdiag8-dotcom/database (vivid_cars2000.db),added_from_vivid
Mercedes,VARIO Dumptruck,,,itdiag8-dotcom/database (vivid_cars2000.db),added_from_vivid
Mercedes,VARIO Platform/Chassis,,,itdiag8-dotcom/database (vivid_cars2000.db),added_from_vivid
Mercedes,VIANO (W639),,,itdiag8-dotcom/database (vivid_cars2000.db),added_from_vivid
Mercedes,VITO / MIXTO Box (W639),,,itdiag8-dotcom/database (vivid_cars2000.db),added_from_vivid
Mercedes,VITO Box (W447),,,itdiag8-dotcom/database (vivid_cars2000.db),added_from_vivid
Mercedes,VITO Bus (W639),,,itdiag8-dotcom/database (vivid_cars2000.db),added_from_vivid
Mercedes,VITO Mixto (W447),,,itdiag8-dotcom/database (vivid_cars2000.db),added_from_vivid
Mercedes,VITO Tourer (W447),,,itdiag8-dotcom/database (vivid_cars2000.db),added_from_vivid
Mini,Aceman,2024,2026,gor3a/vehicle-makes-models,added_missing
Mini,Classic,1997,2026,gor3a/vehicle-makes-models,added_missing
Mini,Clubman,2007,2023,gor3a/vehicle-makes-models,added_missing
Mini,Clubvan,2012,2014,gor3a/vehicle-makes-models,added_missing
Mini,Convertible,2004,2026,gor3a/vehicle-makes-models,added_missing
Mini,Cooper,2002,2010,plowman/open-vehicle-db,added_missing
Mini,Cooper Convertible,2004,2027,plowman/open-vehicle-db,added_missing
Mini,Cooper Coupe,2012,2015,plowman/open-vehicle-db,added_missing
Mini,Cooper Roadster,2012,2015,plowman/open-vehicle-db,added_missing
Mini,Countryman,2010,2026,gor3a/vehicle-makes-models,added_missing
Mini,Coupe,2011,2015,gor3a/vehicle-makes-models,added_missing
Mini,Hardtop,2009,2027,plowman/open-vehicle-db,added_missing
Mini,Hatch,1997,2026,gor3a/vehicle-makes-models,added_missing
Mini,MINI (F55),2012,2013,itdiag8-dotcom/database (vivid_cars2000.db),added_from_vivid
Mini,MINI (F56),2012,2012,itdiag8-dotcom/database (vivid_cars2000.db),added_from_vivid
Mini,"MINI (R50, R53)",2001,2005,itdiag8-dotcom/database (vivid_cars2000.db),added_from_vivid
Mini,MINI (R56),2005,2011,itdiag8-dotcom/database (vivid_cars2000.db),added_from_vivid
Mini,MINI CLUBMAN (R55),2006,2010,itdiag8-dotcom/database (vivid_cars2000.db),added_from_vivid
Mini,MINI CLUBVAN (R55),2011,2011,itdiag8-dotcom/database (vivid_cars2000.db),added_from_vivid
Mini,MINI COUNTRYMAN (R60),2009,2013,itdiag8-dotcom/database (vivid_cars2000.db),added_from_vivid
Mini,MINI Convertible (R52),2003,2003,itdiag8-dotcom/database (vivid_cars2000.db),added_from_vivid
Mini,MINI Convertible (R57),2007,2010,itdiag8-dotcom/database (vivid_cars2000.db),added_from_vivid
Mini,MINI Coupe (R58),2010,2010,itdiag8-dotcom/database (vivid_cars2000.db),added_from_vivid
Mini,MINI PACEMAN (R61),2011,2013,itdiag8-dotcom/database (vivid_cars2000.db),added_from_vivid
Mini,MINI Roadster (R59),2011,2011,itdiag8-dotcom/database (vivid_cars2000.db),added_from_vivid
Mini,Mini 3-Door Hatch,,,DanielKohut/car-data,added_missing
Mini,Mini 5-Door Hatch,,,DanielKohut/car-data,added_missing
Mini,Mini Clubman,,,DanielKohut/car-data,added_missing
Mini,Mini Convertible,,,DanielKohut/car-data,added_missing
Mini,Mini Countryman,,,DanielKohut/car-data,added_missing
Mini,Mini Coupe,,,DanielKohut/car-data,added_missing
Mini,Mini Electric,,,DanielKohut/car-data,added_missing
Mini,Mini John Cooper Works,,,DanielKohut/car-data,added_missing
Mini,Mini Paceman,,,DanielKohut/car-data,added_missing
Mini,Mini Roadster,,,DanielKohut/car-data,added_missing
Mini,Paceman,2013,2016,gor3a/vehicle-makes-models,added_missing
Mini,Roadster,2011,2015,gor3a/vehicle-makes-models,added_missing
Mitsubishi,3000 GT,1990,2001,gor3a/vehicle-makes-models,added_missing
Mitsubishi,380 (DB),2004,2004,itdiag8-dotcom/database (vivid_cars2000.db),added_from_vivid
Mitsubishi,ASX (GA_W_),2009,2012,itdiag8-dotcom/database (vivid_cars2000.db),added_from_vivid
Mitsubishi,ASX / RVR / Outlander Sport,2010,2026,gor3a/vehicle-makes-models,added_missing
Mitsubishi,ASX Van (GA_W_),2009,2009,itdiag8-dotcom/database (vivid_cars2000.db),added_from_vivid
Mitsubishi,Attrage,2013,2024,gor3a/vehicle-makes-models,added_missing
Mitsubishi,"CANTER Platform/Chassis (FB_, FE_, FG_)",2001,2005,itdiag8-dotcom/database (vivid_cars2000.db),added_from_vivid
Mitsubishi,CARISMA (DA_),2000,2000,itdiag8-dotcom/database (vivid_cars2000.db),added_from_vivid
Mitsubishi,CARISMA Saloon (DA_),2000,2000,itdiag8-dotcom/database (vivid_cars2000.db),added_from_vivid
Mitsubishi,COLT CZC Convertible (RG),2005,2005,itdiag8-dotcom/database (vivid_cars2000.db),added_from_vivid
Mitsubishi,COLT PLUS VII (Z2_W),2003,2011,itdiag8-dotcom/database (vivid_cars2000.db),added_from_vivid
Mitsubishi,"COLT V (CJ_, CP_)",2000,2002,itdiag8-dotcom/database (vivid_cars2000.db),added_from_vivid
Mitsubishi,"COLT VI (Z3_A, Z2_A)",2003,2009,itdiag8-dotcom/database (vivid_cars2000.db),added_from_vivid
Mitsubishi,Colt CZC,2006,2012,gor3a/vehicle-makes-models,added_missing
Mitsubishi,DELICA D2 (MB1_),2010,2010,itdiag8-dotcom/database (vivid_cars2000.db),added_from_vivid
Mitsubishi,"DELICA D3 (BVM2_, BM2_)",2010,2010,itdiag8-dotcom/database (vivid_cars2000.db),added_from_vivid
Mitsubishi,DELICA D5 (CV_W),2006,2012,itdiag8-dotcom/database (vivid_cars2000.db),added_from_vivid
Mitsubishi,"DIAMANTE Saloon (F4_A, F3_A)",2001,2003,itdiag8-dotcom/database (vivid_cars2000.db),added_from_vivid
Mitsubishi,Delica,,,DanielKohut/car-data,added_missing
Mitsubishi,ECLIPSE IV (DK_A),2004,2004,itdiag8-dotcom/database (vivid_cars2000.db),added_from_vivid
Mitsubishi,"ENDEAVOR (D8_W, D7_W)",2002,2002,itdiag8-dotcom/database (vivid_cars2000.db),added_from_vivid
Mitsubishi,Eclipse Cross,2017,2026,gor3a/vehicle-makes-models,added_missing
Mitsubishi,Endeavor,2002,2011,gor3a/vehicle-makes-models,added_missing
Mitsubishi,"GALANT Saloon (DJ_, ED_, EF_)",2003,2003,itdiag8-dotcom/database (vivid_cars2000.db),added_from_vivid
Mitsubishi,GALANT VI (EA_),2000,2003,itdiag8-dotcom/database (vivid_cars2000.db),added_from_vivid
Mitsubishi,GALANT VI Estate (EA_),2000,2000,itdiag8-dotcom/database (vivid_cars2000.db),added_from_vivid
Mitsubishi,"GRANDIS (N9_, N8_)",2000,2000,itdiag8-dotcom/database (vivid_cars2000.db),added_from_vivid
Mitsubishi,GRANDIS (NA_W),2003,2006,itdiag8-dotcom/database (vivid_cars2000.db),added_from_vivid
Mitsubishi,Galant Station,1997,2001,gor3a/vehicle-makes-models,added_missing
Mitsubishi,L 200,1995,2019,gor3a/vehicle-makes-models,added_missing
Mitsubishi,"L 200 (K7_T, K6_T)",2001,2002,itdiag8-dotcom/database (vivid_cars2000.db),added_from_vivid
Mitsubishi,"L 200 (KB_T, KA_T)",2004,2009,itdiag8-dotcom/database (vivid_cars2000.db),added_from_vivid
Mitsubishi,"L 200 Platform/Chassis (K6_T, K7_T)",2000,2002,itdiag8-dotcom/database (vivid_cars2000.db),added_from_vivid
Mitsubishi,"L 200 Platform/Chassis (KA_T, KB_T)",2008,2009,itdiag8-dotcom/database (vivid_cars2000.db),added_from_vivid
Mitsubishi,"L 300 Box (P0_W, P1_W)",2000,2005,itdiag8-dotcom/database (vivid_cars2000.db),added_from_vivid
Mitsubishi,"L 300 Bus (P0_W, P1_W, P2_W)",2000,2000,itdiag8-dotcom/database (vivid_cars2000.db),added_from_vivid
Mitsubishi,LANCER Estate (CS_W),2003,2004,itdiag8-dotcom/database (vivid_cars2000.db),added_from_vivid
Mitsubishi,LANCER Estate (CV_1),2007,2007,itdiag8-dotcom/database (vivid_cars2000.db),added_from_vivid
Mitsubishi,LANCER SPORTBACK (CX_A),2007,2010,itdiag8-dotcom/database (vivid_cars2000.db),added_from_vivid
Mitsubishi,"LANCER Saloon (CS_A, CT0)",2003,2005,itdiag8-dotcom/database (vivid_cars2000.db),added_from_vivid
Mitsubishi,LANCER Saloon (CY/Z_A),2007,2012,itdiag8-dotcom/database (vivid_cars2000.db),added_from_vivid
Mitsubishi,LANCER VI (CJ-CP_),2000,2000,itdiag8-dotcom/database (vivid_cars2000.db),added_from_vivid
Mitsubishi,Lancer Combi,1989,2006,gor3a/vehicle-makes-models,added_missing
Mitsubishi,Lancer SportBack,2004,2017,plowman/open-vehicle-db,added_missing
Mitsubishi,MAGNA Estate,2003,2003,itdiag8-dotcom/database (vivid_cars2000.db),added_from_vivid
Mitsubishi,MAGNA Estate (TJ),2000,2000,itdiag8-dotcom/database (vivid_cars2000.db),added_from_vivid
Mitsubishi,MAGNA Saloon (TJ),2000,2002,itdiag8-dotcom/database (vivid_cars2000.db),added_from_vivid
Mitsubishi,MAGNA Saloon (TW),2003,2003,itdiag8-dotcom/database (vivid_cars2000.db),added_from_vivid
Mitsubishi,MAVEN,2004,2004,itdiag8-dotcom/database (vivid_cars2000.db),added_from_vivid
Mitsubishi,MINICAB Bus (U6_V),2010,2010,itdiag8-dotcom/database (vivid_cars2000.db),added_from_vivid
Mitsubishi,MINICAB Platform/Chassis (U6_T),2010,2010,itdiag8-dotcom/database (vivid_cars2000.db),added_from_vivid
Mitsubishi,MIRAGE Estate,2001,2001,itdiag8-dotcom/database (vivid_cars2000.db),added_from_vivid
Mitsubishi,MIRAGE G4 (A10_),2012,2012,itdiag8-dotcom/database (vivid_cars2000.db),added_from_vivid
Mitsubishi,MIRAGE Hatchback,2011,2011,itdiag8-dotcom/database (vivid_cars2000.db),added_from_vivid
Mitsubishi,Mirage,2012,2024,gor3a/vehicle-makes-models,added_missing
Mitsubishi,Mirage G4,2013,2019,gor3a/vehicle-makes-models,added_missing
Mitsubishi,OUTLANDER I (CU_W),2001,2003,itdiag8-dotcom/database (vivid_cars2000.db),added_from_vivid
Mitsubishi,OUTLANDER II (CW_W),2005,2009,itdiag8-dotcom/database (vivid_cars2000.db),added_from_vivid
Mitsubishi,OUTLANDER II Van (CW_W),2005,2009,itdiag8-dotcom/database (vivid_cars2000.db),added_from_vivid
Mitsubishi,"OUTLANDER III (GG_W, GF_W)",2011,2011,itdiag8-dotcom/database (vivid_cars2000.db),added_from_vivid
Mitsubishi,"OUTLANDER III Van (GF_W, GG_W)",2012,2012,itdiag8-dotcom/database (vivid_cars2000.db),added_from_vivid
Mitsubishi,Outlander / Airtrek,2003,2026,gor3a/vehicle-makes-models,added_missing
Mitsubishi,Outlander PHEV,,,DanielKohut/car-data,added_missing
Mitsubishi,Outlander Sport,2011,2027,plowman/open-vehicle-db,added_missing
Mitsubishi,PAJERO CLASSIC (V2_W),2002,2005,itdiag8-dotcom/database (vivid_cars2000.db),added_from_vivid
Mitsubishi,"PAJERO III (V7_W, V6_W)",2000,2001,itdiag8-dotcom/database (vivid_cars2000.db),added_from_vivid
Mitsubishi,"PAJERO III Canvas Top (V6_W, V7_W)",2000,2003,itdiag8-dotcom/database (vivid_cars2000.db),added_from_vivid
Mitsubishi,"PAJERO IV (V8_W, V9_W)",2006,2009,itdiag8-dotcom/database (vivid_cars2000.db),added_from_vivid
Mitsubishi,"PAJERO IV Van (V90, V80)",2005,2009,itdiag8-dotcom/database (vivid_cars2000.db),added_from_vivid
Mitsubishi,"PAJERO PININ (H6_W, H7_W)",2000,2001,itdiag8-dotcom/database (vivid_cars2000.db),added_from_vivid
Mitsubishi,PAJERO SPORT (K90),2000,2003,itdiag8-dotcom/database (vivid_cars2000.db),added_from_vivid
Mitsubishi,"PAJERO SPORT II (KG_, KH_)",2007,2009,itdiag8-dotcom/database (vivid_cars2000.db),added_from_vivid
Mitsubishi,"PROUDIA/DIGNITY (BHGY5_, BY_5)",2011,2011,itdiag8-dotcom/database (vivid_cars2000.db),added_from_vivid
Mitsubishi,Pajero Pinin / Shogun Pinin / Montero iO,1998,2007,gor3a/vehicle-makes-models,added_missing
Mitsubishi,Pajero Sport,,,DanielKohut/car-data,added_missing
Mitsubishi,Raider,2005,2009,gor3a/vehicle-makes-models,added_missing
Mitsubishi,SAVRIN,2001,2003,itdiag8-dotcom/database (vivid_cars2000.db),added_from_vivid
Mitsubishi,SPACE RUNNER (N6_W),2000,2000,itdiag8-dotcom/database (vivid_cars2000.db),added_from_vivid
Mitsubishi,SPACE STAR (DG_A),2000,2002,itdiag8-dotcom/database (vivid_cars2000.db),added_from_vivid
Mitsubishi,SPACE STAR Hatchback (A0_A),2011,2011,itdiag8-dotcom/database (vivid_cars2000.db),added_from_vivid
Mitsubishi,"SPACE WAGON (N9_W, N8_W)",2000,2002,itdiag8-dotcom/database (vivid_cars2000.db),added_from_vivid
Mitsubishi,TOPPO (_H8_),2007,2007,itdiag8-dotcom/database (vivid_cars2000.db),added_from_vivid
Mitsubishi,VERADA Estate (KL),2003,2003,itdiag8-dotcom/database (vivid_cars2000.db),added_from_vivid
Mitsubishi,VERADA Estate (KW),2003,2003,itdiag8-dotcom/database (vivid_cars2000.db),added_from_vivid
Mitsubishi,VERADA Saloon (KJ),2000,2003,itdiag8-dotcom/database (vivid_cars2000.db),added_from_vivid
Mitsubishi,VERADA Saloon (KL),2003,2003,itdiag8-dotcom/database (vivid_cars2000.db),added_from_vivid
Mitsubishi,VERADA Saloon (KW),2003,2003,itdiag8-dotcom/database (vivid_cars2000.db),added_from_vivid
Mitsubishi,"VERYCA Box Body / Estate (CA9_W, CA8_W)",2010,2010,itdiag8-dotcom/database (vivid_cars2000.db),added_from_vivid
Mitsubishi,ZINGER MPV (KB0_A),2004,2007,itdiag8-dotcom/database (vivid_cars2000.db),added_from_vivid
Mitsubishi,eK Hatchback (_H82_),2000,2005,itdiag8-dotcom/database (vivid_cars2000.db),added_from_vivid
Mitsubishi,i (HA_),2005,2010,itdiag8-dotcom/database (vivid_cars2000.db),added_from_vivid
Mitsubishi,i-MiEV,2009,2021,gor3a/vehicle-makes-models,added_missing
Nissan,200 SX,1989,2000,gor3a/vehicle-makes-models,added_missing
Nissan,240SX,1989,2001,plowman/open-vehicle-db,added_missing
Nissan,350 Z (Z33),2002,2004,itdiag8-dotcom/database (vivid_cars2000.db),added_from_vivid
Nissan,350 Z Roadster (Z33),2004,2005,itdiag8-dotcom/database (vivid_cars2000.db),added_from_vivid
Nissan,370 Z (Z34),2008,2012,itdiag8-dotcom/database (vivid_cars2000.db),added_from_vivid
Nissan,370 Z Roadster (Z34),2009,2009,itdiag8-dotcom/database (vivid_cars2000.db),added_from_vivid
Nissan,370Z Nismo,2009,2021,gor3a/vehicle-makes-models,added_missing
Nissan,ALMERA Classic (B10),2005,2005,itdiag8-dotcom/database (vivid_cars2000.db),added_from_vivid
Nissan,ALMERA II (N16),2000,2003,itdiag8-dotcom/database (vivid_cars2000.db),added_from_vivid
Nissan,ALMERA II Hatchback (N16),2000,2003,itdiag8-dotcom/database (vivid_cars2000.db),added_from_vivid
Nissan,ALMERA TINO (V10),2000,2003,itdiag8-dotcom/database (vivid_cars2000.db),added_from_vivid
Nissan,ALTIMA Coupe,2005,2005,itdiag8-dotcom/database (vivid_cars2000.db),added_from_vivid
Nissan,Almera / Pulsar,1995,2019,gor3a/vehicle-makes-models,added_missing
Nissan,Almera Tino,2000,2006,gor3a/vehicle-makes-models,added_missing
Nissan,Altima,1998,2026,gor3a/vehicle-makes-models,added_missing
Nissan,Altra-EV,1999,2004,plowman/open-vehicle-db,added_missing
Nissan,Ariya,2020,2026,gor3a/vehicle-makes-models,added_missing
Nissan,Ariya Hatchback,2023,2024,plowman/open-vehicle-db,added_missing
Nissan,Ariya MPV,2025,2027,plowman/open-vehicle-db,added_missing
Nissan,Armada,2003,2026,gor3a/vehicle-makes-models,added_missing
Nissan,BASSARA,2002,2002,itdiag8-dotcom/database (vivid_cars2000.db),added_from_vivid
Nissan,BLUEBIRD SYLPHY,2004,2004,itdiag8-dotcom/database (vivid_cars2000.db),added_from_vivid
Nissan,"CABSTAR Platform/Chassis (F23, H41, H42)",2000,2005,itdiag8-dotcom/database (vivid_cars2000.db),added_from_vivid
Nissan,CARAVAN,2000,2002,itdiag8-dotcom/database (vivid_cars2000.db),added_from_vivid
Nissan,CEDRIC,2000,2000,itdiag8-dotcom/database (vivid_cars2000.db),added_from_vivid
Nissan,CEFIRO I Saloon (J31),2000,2003,itdiag8-dotcom/database (vivid_cars2000.db),added_from_vivid
Nissan,CIMA,2001,2001,itdiag8-dotcom/database (vivid_cars2000.db),added_from_vivid
Nissan,CLIPPER VAN,2002,2002,itdiag8-dotcom/database (vivid_cars2000.db),added_from_vivid
Nissan,CUBE (Z10),2000,2000,itdiag8-dotcom/database (vivid_cars2000.db),added_from_vivid
Nissan,CUBE (Z11),2002,2002,itdiag8-dotcom/database (vivid_cars2000.db),added_from_vivid
Nissan,CUBE (Z12),2009,2009,itdiag8-dotcom/database (vivid_cars2000.db),added_from_vivid
Nissan,DAYZ,2012,2012,itdiag8-dotcom/database (vivid_cars2000.db),added_from_vivid
Nissan,DAYZ ROOX,2012,2012,itdiag8-dotcom/database (vivid_cars2000.db),added_from_vivid
Nissan,ELGRAND (E50),2000,2000,itdiag8-dotcom/database (vivid_cars2000.db),added_from_vivid
Nissan,ELGRAND (E51),2002,2002,itdiag8-dotcom/database (vivid_cars2000.db),added_from_vivid
Nissan,ELGRAND (E52),2009,2009,itdiag8-dotcom/database (vivid_cars2000.db),added_from_vivid
Nissan,Elgrand,2025,2026,gor3a/vehicle-makes-models,added_missing
Nissan,FUGA,2008,2009,itdiag8-dotcom/database (vivid_cars2000.db),added_from_vivid
Nissan,Frontier,1998,2027,plowman/open-vehicle-db,added_missing
Nissan,GLORIA,2000,2000,itdiag8-dotcom/database (vivid_cars2000.db),added_from_vivid
Nissan,GT-R (R35),2008,2012,itdiag8-dotcom/database (vivid_cars2000.db),added_from_vivid
Nissan,GT-R Nismo,2014,2026,gor3a/vehicle-makes-models,added_missing
Nissan,Grand Livina,2006,2013,gor3a/vehicle-makes-models,added_missing
Nissan,INTERSTAR Box (X70),2002,2005,itdiag8-dotcom/database (vivid_cars2000.db),added_from_vivid
Nissan,INTERSTAR Bus (X70),2002,2005,itdiag8-dotcom/database (vivid_cars2000.db),added_from_vivid
Nissan,INTERSTAR Platform/Chassis,2003,2005,itdiag8-dotcom/database (vivid_cars2000.db),added_from_vivid
Nissan,JUKE (F15),2009,2012,itdiag8-dotcom/database (vivid_cars2000.db),added_from_vivid
Nissan,Juke EV,2026,2026,gor3a/vehicle-makes-models,added_missing
Nissan,Juke Nismo,2013,2017,gor3a/vehicle-makes-models,added_missing
Nissan,KIX,2007,2007,itdiag8-dotcom/database (vivid_cars2000.db),added_from_vivid
Nissan,KUBISTAR (X76),2003,2005,itdiag8-dotcom/database (vivid_cars2000.db),added_from_vivid
Nissan,KUBISTAR Box (X80),2003,2005,itdiag8-dotcom/database (vivid_cars2000.db),added_from_vivid
Nissan,Kicks,2016,2026,gor3a/vehicle-makes-models,added_missing
Nissan,Kicks MPV,2025,2027,plowman/open-vehicle-db,added_missing
Nissan,Kicks Play,2025,2027,plowman/open-vehicle-db,added_missing
Nissan,LAFESTA,2004,2004,itdiag8-dotcom/database (vivid_cars2000.db),added_from_vivid
Nissan,LATIO Saloon,2006,2006,itdiag8-dotcom/database (vivid_cars2000.db),added_from_vivid
Nissan,"LIVINA / GRAND LIVINA (L10, L11)",2006,2012,itdiag8-dotcom/database (vivid_cars2000.db),added_from_vivid
Nissan,Leaf,2010,2026,gor3a/vehicle-makes-models,added_missing
Nissan,Liberty,1999,2004,gor3a/vehicle-makes-models,added_missing
Nissan,MAXIMA QX (A33),2000,2003,itdiag8-dotcom/database (vivid_cars2000.db),added_from_vivid
Nissan,MICRA C+C (K12),2004,2004,itdiag8-dotcom/database (vivid_cars2000.db),added_from_vivid
Nissan,MICRA II (K11),2000,2000,itdiag8-dotcom/database (vivid_cars2000.db),added_from_vivid
Nissan,MICRA III (K12),2002,2004,itdiag8-dotcom/database (vivid_cars2000.db),added_from_vivid
Nissan,MICRA IV (K13),2009,2010,itdiag8-dotcom/database (vivid_cars2000.db),added_from_vivid
Nissan,MOCO,2005,2005,itdiag8-dotcom/database (vivid_cars2000.db),added_from_vivid
Nissan,MURANO (Z50),2003,2003,itdiag8-dotcom/database (vivid_cars2000.db),added_from_vivid
Nissan,MURANO (Z51),2006,2009,itdiag8-dotcom/database (vivid_cars2000.db),added_from_vivid
Nissan,Micra C+C,2005,2008,gor3a/vehicle-makes-models,added_missing
Nissan,Murano CrossCabriolet,2011,2014,gor3a/vehicle-makes-models,added_missing
Nissan,N7,2024,2026,gor3a/vehicle-makes-models,added_missing
Nissan,NAVARA (D22),2000,2000,itdiag8-dotcom/database (vivid_cars2000.db),added_from_vivid
Nissan,NAVARA (D40),2004,2009,itdiag8-dotcom/database (vivid_cars2000.db),added_from_vivid
Nissan,NAVARA Platform/Chassis (D22),2002,2002,itdiag8-dotcom/database (vivid_cars2000.db),added_from_vivid
Nissan,NAVARA Platform/Chassis (D40),2007,2009,itdiag8-dotcom/database (vivid_cars2000.db),added_from_vivid
Nissan,NOTE (E11),2005,2009,itdiag8-dotcom/database (vivid_cars2000.db),added_from_vivid
Nissan,NV,2009,2019,gor3a/vehicle-makes-models,added_missing
Nissan,NV200,2013,2027,plowman/open-vehicle-db,added_missing
Nissan,NV200 Box,2009,2012,itdiag8-dotcom/database (vivid_cars2000.db),added_from_vivid
Nissan,NV200 EVALIA,2009,2012,itdiag8-dotcom/database (vivid_cars2000.db),added_from_vivid
Nissan,NV350 Bus,2011,2011,itdiag8-dotcom/database (vivid_cars2000.db),added_from_vivid
Nissan,NV400 Box,2010,2012,itdiag8-dotcom/database (vivid_cars2000.db),added_from_vivid
Nissan,NV400 Bus,2010,2012,itdiag8-dotcom/database (vivid_cars2000.db),added_from_vivid
Nissan,NV400 Platform/Chassis,2010,2012,itdiag8-dotcom/database (vivid_cars2000.db),added_from_vivid
Nissan,Navara / Frontier,2005,2026,gor3a/vehicle-makes-models,added_missing
Nissan,Nissan Z,2023,2027,plowman/open-vehicle-db,added_missing
Nissan,OTTI,2005,2005,itdiag8-dotcom/database (vivid_cars2000.db),added_from_vivid
Nissan,PATHFINDER (R50),2000,2000,itdiag8-dotcom/database (vivid_cars2000.db),added_from_vivid
Nissan,PATHFINDER (R51),2004,2009,itdiag8-dotcom/database (vivid_cars2000.db),added_from_vivid
Nissan,PATHFINDER (R52),2012,2012,itdiag8-dotcom/database (vivid_cars2000.db),added_from_vivid
Nissan,PATROL GR II Wagon (Y61),2000,2003,itdiag8-dotcom/database (vivid_cars2000.db),added_from_vivid
Nissan,PATROL II (GU),2006,2006,itdiag8-dotcom/database (vivid_cars2000.db),added_from_vivid
Nissan,PATROL III (Y62),2009,2009,itdiag8-dotcom/database (vivid_cars2000.db),added_from_vivid
Nissan,PICK UP (D22),2001,2007,itdiag8-dotcom/database (vivid_cars2000.db),added_from_vivid
Nissan,PINO,2006,2006,itdiag8-dotcom/database (vivid_cars2000.db),added_from_vivid
Nissan,PIXO (UA0),2008,2008,itdiag8-dotcom/database (vivid_cars2000.db),added_from_vivid
Nissan,PRESAGE (U30),2001,2001,itdiag8-dotcom/database (vivid_cars2000.db),added_from_vivid
Nissan,PRIMASTAR Box (X83),2002,2007,itdiag8-dotcom/database (vivid_cars2000.db),added_from_vivid
Nissan,PRIMASTAR Bus (X83),2001,2007,itdiag8-dotcom/database (vivid_cars2000.db),added_from_vivid
Nissan,PRIMASTAR Platform/Chassis,2002,2002,itdiag8-dotcom/database (vivid_cars2000.db),added_from_vivid
Nissan,PRIMERA (P12),2002,2002,itdiag8-dotcom/database (vivid_cars2000.db),added_from_vivid
Nissan,PRIMERA Estate (WP12),2002,2002,itdiag8-dotcom/database (vivid_cars2000.db),added_from_vivid
Nissan,PRIMERA Hatchback (P11),2000,2000,itdiag8-dotcom/database (vivid_cars2000.db),added_from_vivid
Nissan,PRIMERA Hatchback (P12),2002,2002,itdiag8-dotcom/database (vivid_cars2000.db),added_from_vivid
Nissan,PULSAR Hatchback (C12),2011,2012,itdiag8-dotcom/database (vivid_cars2000.db),added_from_vivid
Nissan,PULSAR Hatchback (C13),2013,2013,itdiag8-dotcom/database (vivid_cars2000.db),added_from_vivid
Nissan,Patrol LWB,1988,2026,gor3a/vehicle-makes-models,added_missing
Nissan,Patrol SWB,1988,2010,gor3a/vehicle-makes-models,added_missing
Nissan,Pixo,2009,2013,gor3a/vehicle-makes-models,added_missing
Nissan,Platina,2006,2010,gor3a/vehicle-makes-models,added_missing
Nissan,Primera Break,1990,2007,gor3a/vehicle-makes-models,added_missing
Nissan,Pulsar,,,DanielKohut/car-data,added_missing
Nissan,"QASHQAI / QASHQAI +2 (J10, JJ10)",2006,2012,itdiag8-dotcom/database (vivid_cars2000.db),added_from_vivid
Nissan,QUEST (V42),2003,2003,itdiag8-dotcom/database (vivid_cars2000.db),added_from_vivid
Nissan,Quest,2004,2017,gor3a/vehicle-makes-models,added_missing
Nissan,ROOX,2008,2008,itdiag8-dotcom/database (vivid_cars2000.db),added_from_vivid
Nissan,Rogue,2007,2026,gor3a/vehicle-makes-models,added_missing
Nissan,Rogue Select,2014,2014,plowman/open-vehicle-db,added_missing
Nissan,Rogue Sport,2017,2022,plowman/open-vehicle-db,added_missing
Nissan,SENTRA (B17),2011,2011,itdiag8-dotcom/database (vivid_cars2000.db),added_from_vivid
Nissan,SERENA (C24),2000,2000,itdiag8-dotcom/database (vivid_cars2000.db),added_from_vivid
Nissan,SERENA (C25),2004,2005,itdiag8-dotcom/database (vivid_cars2000.db),added_from_vivid
Nissan,SERENA (C26),2009,2009,itdiag8-dotcom/database (vivid_cars2000.db),added_from_vivid
Nissan,SKYLINE Coupe (V35),2003,2005,itdiag8-dotcom/database (vivid_cars2000.db),added_from_vivid
Nissan,STAGEA (M35),2001,2005,itdiag8-dotcom/database (vivid_cars2000.db),added_from_vivid
Nissan,SUNNY Coupe,2000,2000,itdiag8-dotcom/database (vivid_cars2000.db),added_from_vivid
Nissan,SUNNY Hatchback,2000,2000,itdiag8-dotcom/database (vivid_cars2000.db),added_from_vivid
Nissan,SUNNY Saloon,2000,2000,itdiag8-dotcom/database (vivid_cars2000.db),added_from_vivid
Nissan,SYLPHY (B17),2011,2011,itdiag8-dotcom/database (vivid_cars2000.db),added_from_vivid
Nissan,Sakura,2022,2026,gor3a/vehicle-makes-models,added_missing
Nissan,Serena,1991,2022,gor3a/vehicle-makes-models,added_missing
Nissan,Skyline,2001,2010,gor3a/vehicle-makes-models,added_missing
Nissan,Sunny,1993,2019,gor3a/vehicle-makes-models,added_missing
Nissan,TEANA I (J31),2003,2003,itdiag8-dotcom/database (vivid_cars2000.db),added_from_vivid
Nissan,TEANA II (J32),2007,2012,itdiag8-dotcom/database (vivid_cars2000.db),added_from_vivid
Nissan,TEANA III (J33),2012,2012,itdiag8-dotcom/database (vivid_cars2000.db),added_from_vivid
Nissan,TERRANO II (R20),2002,2002,itdiag8-dotcom/database (vivid_cars2000.db),added_from_vivid
Nissan,TERRANO Van (R20),2002,2002,itdiag8-dotcom/database (vivid_cars2000.db),added_from_vivid
Nissan,TIIDA Hatchback,2003,2003,itdiag8-dotcom/database (vivid_cars2000.db),added_from_vivid
Nissan,TIIDA Hatchback (C11X),2006,2006,itdiag8-dotcom/database (vivid_cars2000.db),added_from_vivid
Nissan,TIIDA Saloon (C12),2010,2011,itdiag8-dotcom/database (vivid_cars2000.db),added_from_vivid
Nissan,TIIDA Saloon (SC11X),2006,2006,itdiag8-dotcom/database (vivid_cars2000.db),added_from_vivid
Nissan,Terrano,1988,2019,gor3a/vehicle-makes-models,added_missing
Nissan,Tiida / Versa,2006,2026,gor3a/vehicle-makes-models,added_missing
Nissan,Titan,2004,2024,gor3a/vehicle-makes-models,added_missing
Nissan,Townstar,,,DanielKohut/car-data,added_missing
Nissan,URVAN Box (E25),2000,2002,itdiag8-dotcom/database (vivid_cars2000.db),added_from_vivid
Nissan,URVAN Bus (V2_),2000,2002,itdiag8-dotcom/database (vivid_cars2000.db),added_from_vivid
Nissan,URVAN NV350 / CARAVAN (E26),2012,2012,itdiag8-dotcom/database (vivid_cars2000.db),added_from_vivid
Nissan,Versa,,,DanielKohut/car-data,added_missing
Nissan,Versa Note,2014,2020,plowman/open-vehicle-db,added_missing
Nissan,WINGROAD,2003,2003,itdiag8-dotcom/database (vivid_cars2000.db),added_from_vivid
Nissan,X-TRAIL (T30),2001,2003,itdiag8-dotcom/database (vivid_cars2000.db),added_from_vivid
Nissan,X-TRAIL (T31),2006,2007,itdiag8-dotcom/database (vivid_cars2000.db),added_from_vivid
Nissan,X-TRAIL (T32),2012,2012,itdiag8-dotcom/database (vivid_cars2000.db),added_from_vivid
Nissan,XTERRA (N50),2004,2004,itdiag8-dotcom/database (vivid_cars2000.db),added_from_vivid
Nissan,XTerra,2002,2015,gor3a/vehicle-makes-models,added_missing
Nissan,Z,,,DanielKohut/car-data,added_missing
Nissan,Z Nismo,2021,2026,gor3a/vehicle-makes-models,added_missing
Opel,AGILA (A) (H00),2000,2003,itdiag8-dotcom/database (vivid_cars2000.db),added_from_vivid
Opel,AGILA (B) (H08),2007,2010,itdiag8-dotcom/database (vivid_cars2000.db),added_from_vivid
Opel,ASTRA G Box (F70),2000,2003,itdiag8-dotcom/database (vivid_cars2000.db),added_from_vivid
Opel,ASTRA G Convertible (F67),2001,2002,itdiag8-dotcom/database (vivid_cars2000.db),added_from_vivid
Opel,ASTRA G Coupe (F07_),2000,2002,itdiag8-dotcom/database (vivid_cars2000.db),added_from_vivid
Opel,ASTRA G Estate (F35_),2000,2006,itdiag8-dotcom/database (vivid_cars2000.db),added_from_vivid
Opel,"ASTRA G Hatchback (F48_, F08_)",2000,2006,itdiag8-dotcom/database (vivid_cars2000.db),added_from_vivid
Opel,ASTRA G Saloon (F69_),2000,2006,itdiag8-dotcom/database (vivid_cars2000.db),added_from_vivid
Opel,ASTRA GTC J,2010,2012,itdiag8-dotcom/database (vivid_cars2000.db),added_from_vivid
Opel,ASTRA H (L48),2003,2008,itdiag8-dotcom/database (vivid_cars2000.db),added_from_vivid
Opel,ASTRA H Box (L70),2003,2006,itdiag8-dotcom/database (vivid_cars2000.db),added_from_vivid
Opel,ASTRA H Estate (L35),2003,2008,itdiag8-dotcom/database (vivid_cars2000.db),added_from_vivid
Opel,ASTRA H GTC (L08),2004,2006,itdiag8-dotcom/database (vivid_cars2000.db),added_from_vivid
Opel,ASTRA H Saloon (L69),2006,2009,itdiag8-dotcom/database (vivid_cars2000.db),added_from_vivid
Opel,ASTRA H TwinTop (L67),2004,2006,itdiag8-dotcom/database (vivid_cars2000.db),added_from_vivid
Opel,ASTRA J Saloon,2011,2012,itdiag8-dotcom/database (vivid_cars2000.db),added_from_vivid
Opel,ASTRA J Sports Tourer,2009,2012,itdiag8-dotcom/database (vivid_cars2000.db),added_from_vivid
Opel,Adam Rocks,2013,2019,gor3a/vehicle-makes-models,added_missing
Opel,Agila A,,,DanielKohut/car-data,added_missing
Opel,Agila B,,,DanielKohut/car-data,added_missing
Opel,Ampera,2011,2019,gor3a/vehicle-makes-models,added_missing
Opel,Ascona A,,,DanielKohut/car-data,added_missing
Opel,Ascona B,,,DanielKohut/car-data,added_missing
Opel,Ascona C,,,DanielKohut/car-data,added_missing
Opel,Astra Caravan,1994,2011,gor3a/vehicle-makes-models,added_missing
Opel,Astra F,,,DanielKohut/car-data,added_missing
Opel,Astra G,,,DanielKohut/car-data,added_missing
Opel,Astra GTC,2011,2018,gor3a/vehicle-makes-models,added_missing
Opel,Astra H,,,DanielKohut/car-data,added_missing
Opel,Astra J,,,DanielKohut/car-data,added_missing
Opel,Astra K,,,DanielKohut/car-data,added_missing
Opel,Astra L,,,DanielKohut/car-data,added_missing
Opel,Astra OPC,2000,2018,gor3a/vehicle-makes-models,added_missing
Opel,Astra Sports Tourer,2010,2026,gor3a/vehicle-makes-models,added_missing
Opel,Astra Twin Top /,2006,2011,gor3a/vehicle-makes-models,added_missing
Opel,CAMPO (TF_),2001,2001,itdiag8-dotcom/database (vivid_cars2000.db),added_from_vivid
Opel,CASCADA (W13),2012,2012,itdiag8-dotcom/database (vivid_cars2000.db),added_from_vivid
Opel,COMBO Box Body / Estate,2001,2005,itdiag8-dotcom/database (vivid_cars2000.db),added_from_vivid
Opel,COMBO Box Body / Estate (X12),2011,2011,itdiag8-dotcom/database (vivid_cars2000.db),added_from_vivid
Opel,COMBO Tour,2001,2005,itdiag8-dotcom/database (vivid_cars2000.db),added_from_vivid
Opel,COMBO Tour (X12),2011,2011,itdiag8-dotcom/database (vivid_cars2000.db),added_from_vivid
Opel,"CORSA C (F08, F68)",2000,2003,itdiag8-dotcom/database (vivid_cars2000.db),added_from_vivid
Opel,"CORSA C Box (F08, W5L)",2000,2004,itdiag8-dotcom/database (vivid_cars2000.db),added_from_vivid
Opel,CORSA D Van,2005,2009,itdiag8-dotcom/database (vivid_cars2000.db),added_from_vivid
Opel,CORSA E Van,2012,2013,itdiag8-dotcom/database (vivid_cars2000.db),added_from_vivid
Opel,Combo A,,,DanielKohut/car-data,added_missing
Opel,Combo B,,,DanielKohut/car-data,added_missing
Opel,Combo C,,,DanielKohut/car-data,added_missing
Opel,Combo D,,,DanielKohut/car-data,added_missing
Opel,Combo E,,,DanielKohut/car-data,added_missing
Opel,Commodore A,,,DanielKohut/car-data,added_missing
Opel,Commodore B,,,DanielKohut/car-data,added_missing
Opel,Commodore C,,,DanielKohut/car-data,added_missing
Opel,Corsa A,,,DanielKohut/car-data,added_missing
Opel,Corsa B,,,DanielKohut/car-data,added_missing
Opel,Corsa C,,,DanielKohut/car-data,added_missing
Opel,Corsa D,,,DanielKohut/car-data,added_missing
Opel,Corsa E,,,DanielKohut/car-data,added_missing
Opel,Corsa F,,,DanielKohut/car-data,added_missing
Opel,Corsa G,,,DanielKohut/car-data,added_missing
Opel,Corsa GSE,2026,2026,gor3a/vehicle-makes-models,added_missing
Opel,Corsa OPC,2007,2019,gor3a/vehicle-makes-models,added_missing
Opel,Crossland,2017,2026,gor3a/vehicle-makes-models,added_missing
Opel,FRONTERA B (6B_),2002,2002,itdiag8-dotcom/database (vivid_cars2000.db),added_from_vivid
Opel,Frontera A,,,DanielKohut/car-data,added_missing
Opel,Frontera B,,,DanielKohut/car-data,added_missing
Opel,GT Convertible,2006,2006,itdiag8-dotcom/database (vivid_cars2000.db),added_from_vivid
Opel,Grandland,2017,2026,gor3a/vehicle-makes-models,added_missing
Opel,Grandland X,,,DanielKohut/car-data,added_missing
Opel,INSIGNIA Estate,2007,2013,itdiag8-dotcom/database (vivid_cars2000.db),added_from_vivid
Opel,INSIGNIA Saloon,2007,2013,itdiag8-dotcom/database (vivid_cars2000.db),added_from_vivid
Opel,Insignia A,,,DanielKohut/car-data,added_missing
Opel,Insignia B,,,DanielKohut/car-data,added_missing
Opel,Insignia Country Tourer,2013,2017,gor3a/vehicle-makes-models,added_missing
Opel,Insignia GSi,2017,2020,gor3a/vehicle-makes-models,added_missing
Opel,Insignia OPC,2009,2013,gor3a/vehicle-makes-models,added_missing
Opel,Insignia Sports Tourer,2009,2020,gor3a/vehicle-makes-models,added_missing
Opel,Insignia Sports Tourer GSi,2017,2020,gor3a/vehicle-makes-models,added_missing
Opel,Insignia Sports Tourer OPC,2009,2017,gor3a/vehicle-makes-models,added_missing
Opel,Kadett A,,,DanielKohut/car-data,added_missing
Opel,Kadett B,,,DanielKohut/car-data,added_missing
Opel,Kadett C,,,DanielKohut/car-data,added_missing
Opel,Kadett D,,,DanielKohut/car-data,added_missing
Opel,Kadett E,,,DanielKohut/car-data,added_missing
Opel,Kadett F,,,DanielKohut/car-data,added_missing
Opel,Karl,2015,2019,gor3a/vehicle-makes-models,added_missing
Opel,MOVANO B Box,2009,2012,itdiag8-dotcom/database (vivid_cars2000.db),added_from_vivid
Opel,MOVANO B Bus,2009,2012,itdiag8-dotcom/database (vivid_cars2000.db),added_from_vivid
Opel,MOVANO B Platform/Chassis,2009,2012,itdiag8-dotcom/database (vivid_cars2000.db),added_from_vivid
Opel,MOVANO Box (F9),2000,2003,itdiag8-dotcom/database (vivid_cars2000.db),added_from_vivid
Opel,MOVANO Combi (J9),2000,2006,itdiag8-dotcom/database (vivid_cars2000.db),added_from_vivid
Opel,MOVANO Dumptruck (H9),2000,2005,itdiag8-dotcom/database (vivid_cars2000.db),added_from_vivid
Opel,"MOVANO Platform/Chassis (U9, E9)",2000,2005,itdiag8-dotcom/database (vivid_cars2000.db),added_from_vivid
Opel,Manta A,,,DanielKohut/car-data,added_missing
Opel,Manta B,,,DanielKohut/car-data,added_missing
Opel,Meriva A,,,DanielKohut/car-data,added_missing
Opel,Meriva B,,,DanielKohut/car-data,added_missing
Opel,Mokka X,,,DanielKohut/car-data,added_missing
Opel,"OMEGA B (25_, 26_, 27_)",2000,2001,itdiag8-dotcom/database (vivid_cars2000.db),added_from_vivid
Opel,"OMEGA B Estate (21_, 22_, 23_)",2000,2001,itdiag8-dotcom/database (vivid_cars2000.db),added_from_vivid
Opel,Omega A,,,DanielKohut/car-data,added_missing
Opel,Omega B,,,DanielKohut/car-data,added_missing
Opel,Omega Caravan,1986,2003,gor3a/vehicle-makes-models,added_missing
Opel,Rekord C,,,DanielKohut/car-data,added_missing
Opel,Rekord D,,,DanielKohut/car-data,added_missing
Opel,Rekord E,,,DanielKohut/car-data,added_missing
Opel,Rocks-e,2021,2026,gor3a/vehicle-makes-models,added_missing
Opel,Senator A,,,DanielKohut/car-data,added_missing
Opel,Senator B,,,DanielKohut/car-data,added_missing
Opel,Tigra A,,,DanielKohut/car-data,added_missing
Opel,Tigra B (TwinTop),,,DanielKohut/car-data,added_missing
Opel,VECTRA B (36_),2000,2000,itdiag8-dotcom/database (vivid_cars2000.db),added_from_vivid
Opel,VECTRA B Estate (31_),2000,2000,itdiag8-dotcom/database (vivid_cars2000.db),added_from_vivid
Opel,VECTRA B Hatchback (38_),2000,2000,itdiag8-dotcom/database (vivid_cars2000.db),added_from_vivid
Opel,VECTRA C Estate,2003,2006,itdiag8-dotcom/database (vivid_cars2000.db),added_from_vivid
Opel,VECTRA C GTS,2002,2005,itdiag8-dotcom/database (vivid_cars2000.db),added_from_vivid
Opel,VIVARO Box,2012,2012,itdiag8-dotcom/database (vivid_cars2000.db),added_from_vivid
Opel,VIVARO Box (F7),2001,2005,itdiag8-dotcom/database (vivid_cars2000.db),added_from_vivid
Opel,VIVARO Combi,2012,2012,itdiag8-dotcom/database (vivid_cars2000.db),added_from_vivid
Opel,VIVARO Combi (J7),2001,2005,itdiag8-dotcom/database (vivid_cars2000.db),added_from_vivid
Opel,VIVARO Platform/Chassis (E7),2005,2005,itdiag8-dotcom/database (vivid_cars2000.db),added_from_vivid
Opel,Vectra A,,,DanielKohut/car-data,added_missing
Opel,Vectra B,,,DanielKohut/car-data,added_missing
Opel,Vectra C,,,DanielKohut/car-data,added_missing
Opel,Vectra Caravan,1996,2008,gor3a/vehicle-makes-models,added_missing
Opel,Vectra OPC,2005,2008,gor3a/vehicle-makes-models,added_missing
Opel,Vivaro A,,,DanielKohut/car-data,added_missing
Opel,Vivaro B,,,DanielKohut/car-data,added_missing
Opel,Vivaro C,,,DanielKohut/car-data,added_missing
Opel,ZAFIRA A (F75_),2000,2003,itdiag8-dotcom/database (vivid_cars2000.db),added_from_vivid
Opel,ZAFIRA B (A05),2004,2012,itdiag8-dotcom/database (vivid_cars2000.db),added_from_vivid
Opel,ZAFIRA B Van,2004,2008,itdiag8-dotcom/database (vivid_cars2000.db),added_from_vivid
Opel,ZAFIRA TOURER C (P12),2010,2013,itdiag8-dotcom/database (vivid_cars2000.db),added_from_vivid
Opel,Zafira A,,,DanielKohut/car-data,added_missing
Opel,Zafira B,,,DanielKohut/car-data,added_missing
Opel,Zafira C (Tourer),,,DanielKohut/car-data,added_missing
Opel,Zafira Life,,,DanielKohut/car-data,added_missing
Peugeot,1007 (KM_),2004,2006,itdiag8-dotcom/database (vivid_cars2000.db),added_from_vivid
Peugeot,106 Van (1_),2000,2000,itdiag8-dotcom/database (vivid_cars2000.db),added_from_vivid
Peugeot,108,2014,2022,gor3a/vehicle-makes-models,added_missing
Peugeot,2008,2013,2026,gor3a/vehicle-makes-models,added_missing
Peugeot,204,,,DanielKohut/car-data,added_missing
Peugeot,206 CC,2001,2007,gor3a/vehicle-makes-models,added_missing
Peugeot,206 CC (2D),2000,2004,itdiag8-dotcom/database (vivid_cars2000.db),added_from_vivid
Peugeot,206 Hatchback (2A/C),2000,2005,itdiag8-dotcom/database (vivid_cars2000.db),added_from_vivid
Peugeot,206 SW,2002,2007,gor3a/vehicle-makes-models,added_missing
Peugeot,206 SW (2E/K),2002,2004,itdiag8-dotcom/database (vivid_cars2000.db),added_from_vivid
Peugeot,206 Saloon,2006,2007,itdiag8-dotcom/database (vivid_cars2000.db),added_from_vivid
Peugeot,206 Van,2001,2001,itdiag8-dotcom/database (vivid_cars2000.db),added_from_vivid
Peugeot,206+,2009,2013,gor3a/vehicle-makes-models,added_missing
Peugeot,206+ (T3E),2008,2009,itdiag8-dotcom/database (vivid_cars2000.db),added_from_vivid
Peugeot,"207 (WA_, WC_)",2005,2008,itdiag8-dotcom/database (vivid_cars2000.db),added_from_vivid
Peugeot,207 CC,2007,2014,gor3a/vehicle-makes-models,added_missing
Peugeot,207 CC (WD_),2006,2009,itdiag8-dotcom/database (vivid_cars2000.db),added_from_vivid
Peugeot,207 SW,2007,2012,gor3a/vehicle-makes-models,added_missing
Peugeot,207 SW (WK_),2006,2008,itdiag8-dotcom/database (vivid_cars2000.db),added_from_vivid
Peugeot,207 Saloon,2006,2008,itdiag8-dotcom/database (vivid_cars2000.db),added_from_vivid
Peugeot,207 Van,2006,2006,itdiag8-dotcom/database (vivid_cars2000.db),added_from_vivid
Peugeot,208 GTI,2013,2018,gor3a/vehicle-makes-models,added_missing
Peugeot,208 XY,2013,2015,gor3a/vehicle-makes-models,added_missing
Peugeot,301,2012,2026,gor3a/vehicle-makes-models,added_missing
Peugeot,304,,,DanielKohut/car-data,added_missing
Peugeot,305,,,DanielKohut/car-data,added_missing
Peugeot,"306 (7B, N3, N5)",2000,2000,itdiag8-dotcom/database (vivid_cars2000.db),added_from_vivid
Peugeot,"306 Break (7E, N3, N5)",2000,2000,itdiag8-dotcom/database (vivid_cars2000.db),added_from_vivid
Peugeot,"306 Convertible (7D, N3, N5)",2000,2000,itdiag8-dotcom/database (vivid_cars2000.db),added_from_vivid
Peugeot,"306 Hatchback (7A, 7C, N3, N5)",2000,2000,itdiag8-dotcom/database (vivid_cars2000.db),added_from_vivid
Peugeot,307 (3A/C),2000,2007,itdiag8-dotcom/database (vivid_cars2000.db),added_from_vivid
Peugeot,307 Break (3E),2002,2006,itdiag8-dotcom/database (vivid_cars2000.db),added_from_vivid
Peugeot,307 CC,2003,2008,gor3a/vehicle-makes-models,added_missing
Peugeot,307 CC (3B),2003,2004,itdiag8-dotcom/database (vivid_cars2000.db),added_from_vivid
Peugeot,307 SW,2002,2008,gor3a/vehicle-makes-models,added_missing
Peugeot,307 SW (3H),2002,2006,itdiag8-dotcom/database (vivid_cars2000.db),added_from_vivid
Peugeot,"308 (4A_, 4C_)",2006,2012,itdiag8-dotcom/database (vivid_cars2000.db),added_from_vivid
Peugeot,308 CC,2008,2015,gor3a/vehicle-makes-models,added_missing
Peugeot,308 II,2012,2012,itdiag8-dotcom/database (vivid_cars2000.db),added_from_vivid
Peugeot,308 SW,2008,2026,gor3a/vehicle-makes-models,added_missing
Peugeot,308 SW II,2012,2012,itdiag8-dotcom/database (vivid_cars2000.db),added_from_vivid
Peugeot,309,,,DanielKohut/car-data,added_missing
Peugeot,4007 (GP_),2006,2009,itdiag8-dotcom/database (vivid_cars2000.db),added_from_vivid
Peugeot,4008,2012,2017,gor3a/vehicle-makes-models,added_missing
Peugeot,406 (8B),2000,2001,itdiag8-dotcom/database (vivid_cars2000.db),added_from_vivid
Peugeot,406 Break,1996,2004,gor3a/vehicle-makes-models,added_missing
Peugeot,406 Break (8E/F),2000,2001,itdiag8-dotcom/database (vivid_cars2000.db),added_from_vivid
Peugeot,406 Coupe (8C),2000,2002,itdiag8-dotcom/database (vivid_cars2000.db),added_from_vivid
Peugeot,407 (6D_),2003,2009,itdiag8-dotcom/database (vivid_cars2000.db),added_from_vivid
Peugeot,407 Coupe (6C_),2004,2009,itdiag8-dotcom/database (vivid_cars2000.db),added_from_vivid
Peugeot,407 SW,2004,2010,gor3a/vehicle-makes-models,added_missing
Peugeot,407 SW (6E_),2003,2009,itdiag8-dotcom/database (vivid_cars2000.db),added_from_vivid
Peugeot,408,2010,2026,gor3a/vehicle-makes-models,added_missing
Peugeot,508 RXH,2011,2018,gor3a/vehicle-makes-models,added_missing
Peugeot,508 SW,2010,2026,gor3a/vehicle-makes-models,added_missing
Peugeot,"607 (9D, 9U)",2000,2005,itdiag8-dotcom/database (vivid_cars2000.db),added_from_vivid
Peugeot,806 (221),2000,2000,itdiag8-dotcom/database (vivid_cars2000.db),added_from_vivid
Peugeot,807 (E),2002,2008,itdiag8-dotcom/database (vivid_cars2000.db),added_from_vivid
Peugeot,BIPPER (AA_),2007,2009,itdiag8-dotcom/database (vivid_cars2000.db),added_from_vivid
Peugeot,BIPPER Tepee,2007,2009,itdiag8-dotcom/database (vivid_cars2000.db),added_from_vivid
Peugeot,BOXER Box,2005,2010,itdiag8-dotcom/database (vivid_cars2000.db),added_from_vivid
Peugeot,BOXER Box (230L),2000,2001,itdiag8-dotcom/database (vivid_cars2000.db),added_from_vivid
Peugeot,BOXER Box (244),2002,2004,itdiag8-dotcom/database (vivid_cars2000.db),added_from_vivid
Peugeot,BOXER Bus,2005,2010,itdiag8-dotcom/database (vivid_cars2000.db),added_from_vivid
Peugeot,BOXER Bus (230P),2000,2000,itdiag8-dotcom/database (vivid_cars2000.db),added_from_vivid
Peugeot,"BOXER Bus (244, Z_)",2002,2003,itdiag8-dotcom/database (vivid_cars2000.db),added_from_vivid
Peugeot,BOXER Platform/Chassis,2005,2010,itdiag8-dotcom/database (vivid_cars2000.db),added_from_vivid
Peugeot,BOXER Platform/Chassis (244),2002,2003,itdiag8-dotcom/database (vivid_cars2000.db),added_from_vivid
Peugeot,BOXER Platform/Chassis (ZCT_),2000,2001,itdiag8-dotcom/database (vivid_cars2000.db),added_from_vivid
Peugeot,EXPERT (224),2000,2003,itdiag8-dotcom/database (vivid_cars2000.db),added_from_vivid
Peugeot,EXPERT Box (222),2000,2002,itdiag8-dotcom/database (vivid_cars2000.db),added_from_vivid
Peugeot,"EXPERT Box (VF3A_, VF3U_, VF3X_)",2006,2011,itdiag8-dotcom/database (vivid_cars2000.db),added_from_vivid
Peugeot,EXPERT Platform/Chassis,2006,2006,itdiag8-dotcom/database (vivid_cars2000.db),added_from_vivid
Peugeot,EXPERT Platform/Chassis (223),2000,2000,itdiag8-dotcom/database (vivid_cars2000.db),added_from_vivid
Peugeot,EXPERT Tepee (VF3V_),2006,2010,itdiag8-dotcom/database (vivid_cars2000.db),added_from_vivid
Peugeot,Hoggar,2010,2014,gor3a/vehicle-makes-models,added_missing
Peugeot,Landtrek,2020,2026,gor3a/vehicle-makes-models,added_missing
Peugeot,PARTNER Box,2007,2012,itdiag8-dotcom/database (vivid_cars2000.db),added_from_vivid
Peugeot,PARTNER Box (5),2000,2005,itdiag8-dotcom/database (vivid_cars2000.db),added_from_vivid
Peugeot,PARTNER Combispace (5F),2000,2005,itdiag8-dotcom/database (vivid_cars2000.db),added_from_vivid
Peugeot,PARTNER Platform/Chassis,2008,2008,itdiag8-dotcom/database (vivid_cars2000.db),added_from_vivid
Peugeot,PARTNER Tepee,2007,2012,itdiag8-dotcom/database (vivid_cars2000.db),added_from_vivid
Peugeot,Partner Combi,2002,2008,gor3a/vehicle-makes-models,added_missing
Peugeot,Pick Up,2017,2020,gor3a/vehicle-makes-models,added_missing
Peugeot,RCZ R,2013,2015,gor3a/vehicle-makes-models,added_missing
Peugeot,RIFTER,2018,2023,gor3a/vehicle-makes-models,added_missing
Peugeot,Tepee,2007,2017,gor3a/vehicle-makes-models,added_missing
Peugeot,Traveller,2016,2026,gor3a/vehicle-makes-models,added_missing
Peugeot,iOn,2010,2012,gor3a/vehicle-makes-models,added_missing
Polestar,1,2019,2022,gor3a/vehicle-makes-models,added_missing
Polestar,2,2019,2026,gor3a/vehicle-makes-models,added_missing
Polestar,3,2022,2026,gor3a/vehicle-makes-models,added_missing
Polestar,4,2023,2026,gor3a/vehicle-makes-models,added_missing
Polestar,5,2025,2026,gor3a/vehicle-makes-models,added_missing
Porsche,356,,,DanielKohut/car-data,added_missing
Porsche,550,,,DanielKohut/car-data,added_missing
Porsche,718,2019,2026,gor3a/vehicle-makes-models,added_missing
Porsche,718 Boxster,2016,2026,gor3a/vehicle-makes-models,added_missing
Porsche,718 Boxster GTS,2017,2026,gor3a/vehicle-makes-models,added_missing
Porsche,718 Boxster S,2016,2026,gor3a/vehicle-makes-models,added_missing
Porsche,718 Cayman,2016,2026,gor3a/vehicle-makes-models,added_missing
Porsche,718 Cayman GT4,2015,2026,gor3a/vehicle-makes-models,added_missing
Porsche,718 Cayman GTS,2017,2026,gor3a/vehicle-makes-models,added_missing
Porsche,718 Cayman S,2016,2026,gor3a/vehicle-makes-models,added_missing
Porsche,718 Spyder,2020,2025,plowman/open-vehicle-db,added_missing
Porsche,911,,,DanielKohut/car-data,added_missing
Porsche,911 (991),2010,2012,itdiag8-dotcom/database (vivid_cars2000.db),added_from_vivid
Porsche,911 (996),2000,2003,itdiag8-dotcom/database (vivid_cars2000.db),added_from_vivid
Porsche,911 (997),2003,2010,itdiag8-dotcom/database (vivid_cars2000.db),added_from_vivid
Porsche,911 Carrera T,2017,2026,gor3a/vehicle-makes-models,added_missing
Porsche,911 Convertible (991),2011,2012,itdiag8-dotcom/database (vivid_cars2000.db),added_from_vivid
Porsche,911 Convertible (996),2001,2003,itdiag8-dotcom/database (vivid_cars2000.db),added_from_vivid
Porsche,911 Convertible (997),2004,2009,itdiag8-dotcom/database (vivid_cars2000.db),added_from_vivid
Porsche,911 R,2016,2019,gor3a/vehicle-makes-models,added_missing
Porsche,911 Targa (991),2012,2012,itdiag8-dotcom/database (vivid_cars2000.db),added_from_vivid
Porsche,911 Targa (996),2001,2001,itdiag8-dotcom/database (vivid_cars2000.db),added_from_vivid
Porsche,911 Targa (997),2005,2007,itdiag8-dotcom/database (vivid_cars2000.db),added_from_vivid
Porsche,911 Targa 4S,2006,2026,gor3a/vehicle-makes-models,added_missing
Porsche,918,2013,2015,gor3a/vehicle-makes-models,added_missing
Porsche,924,,,DanielKohut/car-data,added_missing
Porsche,BOXSTER (981),2011,2012,itdiag8-dotcom/database (vivid_cars2000.db),added_from_vivid
Porsche,BOXSTER (986),2002,2003,itdiag8-dotcom/database (vivid_cars2000.db),added_from_vivid
Porsche,BOXSTER (987),2003,2009,itdiag8-dotcom/database (vivid_cars2000.db),added_from_vivid
Porsche,CAYENNE (955),2002,2008,itdiag8-dotcom/database (vivid_cars2000.db),added_from_vivid
Porsche,CAYMAN (981),2012,2012,itdiag8-dotcom/database (vivid_cars2000.db),added_from_vivid
Porsche,CAYMAN (987),2004,2009,itdiag8-dotcom/database (vivid_cars2000.db),added_from_vivid
Porsche,Cayenne Electric,2026,2026,gor3a/vehicle-makes-models,added_missing
Porsche,Cayenne S E-Hybrid,2014,2019,gor3a/vehicle-makes-models,added_missing
Porsche,Cayenne S Electric,2026,2026,gor3a/vehicle-makes-models,added_missing
Porsche,Cayenne S TransSyberia,2009,2011,gor3a/vehicle-makes-models,added_missing
Porsche,Cayenne Turbo E-Hybrid,2023,2026,gor3a/vehicle-makes-models,added_missing
Porsche,Cayenne Turbo S E-Hybrid,2019,2023,gor3a/vehicle-makes-models,added_missing
Porsche,Macan 4 Electric,2024,2026,gor3a/vehicle-makes-models,added_missing
Porsche,Macan S,2014,2026,gor3a/vehicle-makes-models,added_missing
Porsche,Macan T,2022,2026,gor3a/vehicle-makes-models,added_missing
Porsche,Macan Turbo,2014,2021,gor3a/vehicle-makes-models,added_missing
Porsche,Macan Turbo Electric,2024,2026,gor3a/vehicle-makes-models,added_missing
Porsche,Panamera,2009,2023,gor3a/vehicle-makes-models,added_missing
Porsche,Panamera 4,2009,2026,gor3a/vehicle-makes-models,added_missing
Porsche,Panamera 4 E-Hybrid,2016,2020,gor3a/vehicle-makes-models,added_missing
Porsche,Panamera 4 E-Hybrid Sport Turismo,2017,2020,gor3a/vehicle-makes-models,added_missing
Porsche,Panamera 4 Sport Turismo,2017,2020,gor3a/vehicle-makes-models,added_missing
Porsche,Panamera 4S Diesel,2016,2020,gor3a/vehicle-makes-models,added_missing
Porsche,Panamera 4S Diesel Sport Turismo,2017,2020,gor3a/vehicle-makes-models,added_missing
Porsche,Panamera 4S E-Hybrid,2020,2026,gor3a/vehicle-makes-models,added_missing
Porsche,Panamera 4S Sport Turismo,2017,2020,gor3a/vehicle-makes-models,added_missing
Porsche,Panamera GTS Sport Turismo,2018,2026,gor3a/vehicle-makes-models,added_missing
Porsche,Panamera Turbo E Hybrid,2023,2026,gor3a/vehicle-makes-models,added_missing
Porsche,Panamera Turbo S E-Hybrid,2017,2020,gor3a/vehicle-makes-models,added_missing
Porsche,Panamera Turbo S E-Hybrid Sport Turismo,2017,2023,gor3a/vehicle-makes-models,added_missing
Porsche,Panamera Turbo S Sport Turismo,2020,2026,gor3a/vehicle-makes-models,added_missing
Porsche,Panamera Turbo Sport Turismo,2017,2020,gor3a/vehicle-makes-models,added_missing
Porsche,Speedster,2019,2019,gor3a/vehicle-makes-models,added_missing
Porsche,Taycan,2019,2026,gor3a/vehicle-makes-models,added_missing
Porsche,Taycan Cross Turismo,2021,2026,gor3a/vehicle-makes-models,added_missing
Porsche,Taycan GTS,2021,2026,gor3a/vehicle-makes-models,added_missing
Porsche,Taycan GTS Sport Turismo,2021,2026,gor3a/vehicle-makes-models,added_missing
Porsche,Taycan Sport Turismo,2024,2026,gor3a/vehicle-makes-models,added_missing
Porsche,Taycan Turbo,2019,2026,gor3a/vehicle-makes-models,added_missing
Proton,Arena / Jumbuck,2002,2011,gor3a/vehicle-makes-models,added_missing
Proton,Ertiga,2016,2018,gor3a/vehicle-makes-models,added_missing
Proton,Exora,2009,2019,gor3a/vehicle-makes-models,added_missing
Proton,GEN 2 (CM_),2003,2007,itdiag8-dotcom/database (vivid_cars2000.db),added_from_vivid
Proton,Gen-2,2004,2013,gor3a/vehicle-makes-models,added_missing
Proton,IMPIAN,2001,2001,itdiag8-dotcom/database (vivid_cars2000.db),added_from_vivid
Proton,Inspira,2010,2015,gor3a/vehicle-makes-models,added_missing
Proton,Iriz,2014,2017,gor3a/vehicle-makes-models,added_missing
Proton,JUMBUCK Pickup,2002,2002,itdiag8-dotcom/database (vivid_cars2000.db),added_from_vivid
Proton,PERSONA 300 (C9_M),2000,2000,itdiag8-dotcom/database (vivid_cars2000.db),added_from_vivid
Proton,PERSONA 400 (C9_S),2000,2004,itdiag8-dotcom/database (vivid_cars2000.db),added_from_vivid
Proton,"PERSONA 400 Hatchback (C9_C, C9_S)",2000,2004,itdiag8-dotcom/database (vivid_cars2000.db),added_from_vivid
Proton,PERSONA Saloon,2007,2007,itdiag8-dotcom/database (vivid_cars2000.db),added_from_vivid
Proton,Perdana,2016,2020,gor3a/vehicle-makes-models,added_missing
Proton,Persona,2007,2019,gor3a/vehicle-makes-models,added_missing
Proton,Preve,2011,2018,gor3a/vehicle-makes-models,added_missing
Proton,SAGA II Saloon,2008,2009,itdiag8-dotcom/database (vivid_cars2000.db),added_from_vivid
Proton,SATRIA (C9_M),2000,2000,itdiag8-dotcom/database (vivid_cars2000.db),added_from_vivid
Proton,Saga,2011,2019,gor3a/vehicle-makes-models,added_missing
Proton,Satria,,,DanielKohut/car-data,added_missing
Proton,Satria Neo,2006,2015,gor3a/vehicle-makes-models,added_missing
Proton,Savvy,2005,2012,gor3a/vehicle-makes-models,added_missing
Proton,Suprima S,2013,2019,gor3a/vehicle-makes-models,added_missing
Proton,WIRA Hatchback,2000,2004,itdiag8-dotcom/database (vivid_cars2000.db),added_from_vivid
Proton,Waja,,,DanielKohut/car-data,added_missing
Proton,Waja / Impian,2001,2011,gor3a/vehicle-makes-models,added_missing
Proton,Wira,,,DanielKohut/car-data,added_missing
Proton,X50,,,DanielKohut/car-data,added_missing
Proton,X70,,,DanielKohut/car-data,added_missing
Renault,17,,,DanielKohut/car-data,added_missing
Renault,4,,,DanielKohut/car-data,added_missing
Renault,4 E-Tech,2025,2026,gor3a/vehicle-makes-models,added_missing
Renault,5 E-Tech,2024,2026,gor3a/vehicle-makes-models,added_missing
Renault,5 EV,,,DanielKohut/car-data,added_missing
Renault,6,,,DanielKohut/car-data,added_missing
Renault,AVANTIME (DE0_),2001,2002,itdiag8-dotcom/database (vivid_cars2000.db),added_from_vivid
Renault,Alaskan,2016,2025,gor3a/vehicle-makes-models,added_missing
Renault,Arkana,2019,2026,gor3a/vehicle-makes-models,added_missing
Renault,Austral,2022,2026,gor3a/vehicle-makes-models,added_missing
Renault,Avantime,2001,2003,gor3a/vehicle-makes-models,added_missing
Renault,Boreal,2025,2026,gor3a/vehicle-makes-models,added_missing
Renault,CLIO Grandtour (KR0/1_),2007,2009,itdiag8-dotcom/database (vivid_cars2000.db),added_from_vivid
Renault,CLIO Grandtour IV,2012,2012,itdiag8-dotcom/database (vivid_cars2000.db),added_from_vivid
Renault,"CLIO II (BB0/1/2_, CB0/1/2_)",2000,2006,itdiag8-dotcom/database (vivid_cars2000.db),added_from_vivid
Renault,CLIO II Box (SB0/1/2_),2000,2003,itdiag8-dotcom/database (vivid_cars2000.db),added_from_vivid
Renault,"CLIO III (BR0/1, CR0/1)",2004,2009,itdiag8-dotcom/database (vivid_cars2000.db),added_from_vivid
Renault,CLIO IV,2011,2012,itdiag8-dotcom/database (vivid_cars2000.db),added_from_vivid
Renault,City K-ZE,2019,2026,gor3a/vehicle-makes-models,added_missing
Renault,Clio RS,2013,2016,gor3a/vehicle-makes-models,added_missing
Renault,Clio Symbol / Thalia,2000,2013,gor3a/vehicle-makes-models,added_missing
Renault,Dauphine,,,DanielKohut/car-data,added_missing
Renault,Duster OROCH,2015,2022,gor3a/vehicle-makes-models,added_missing
Renault,ESPACE III (JE0_),2000,2001,itdiag8-dotcom/database (vivid_cars2000.db),added_from_vivid
Renault,ESPACE IV (JK0/1_),2002,2005,itdiag8-dotcom/database (vivid_cars2000.db),added_from_vivid
Renault,Express,,,DanielKohut/car-data,added_missing
Renault,FLUENCE (L30_),2009,2012,itdiag8-dotcom/database (vivid_cars2000.db),added_from_vivid
Renault,Filante,2026,2026,gor3a/vehicle-makes-models,added_missing
Renault,GRAND SCÉNIC II (JM0/1_),2003,2005,itdiag8-dotcom/database (vivid_cars2000.db),added_from_vivid
Renault,GRAND SCÉNIC III (JZ0/1_),2008,2012,itdiag8-dotcom/database (vivid_cars2000.db),added_from_vivid
Renault,Grand Kangoo,2023,2026,gor3a/vehicle-makes-models,added_missing
Renault,Grand Modus,2008,2012,gor3a/vehicle-makes-models,added_missing
Renault,KANGOO (KC0/1_),2000,2004,itdiag8-dotcom/database (vivid_cars2000.db),added_from_vivid
Renault,KANGOO / GRAND KANGOO (KW0/1_),2007,2012,itdiag8-dotcom/database (vivid_cars2000.db),added_from_vivid
Renault,KANGOO BE BOP (KW0/1_),2008,2009,itdiag8-dotcom/database (vivid_cars2000.db),added_from_vivid
Renault,KANGOO Express (FC0/1_),2000,2004,itdiag8-dotcom/database (vivid_cars2000.db),added_from_vivid
Renault,KANGOO Express (FW0/1_),2007,2012,itdiag8-dotcom/database (vivid_cars2000.db),added_from_vivid
Renault,KOLEOS (HY_),2007,2007,itdiag8-dotcom/database (vivid_cars2000.db),added_from_vivid
Renault,Kardian,2023,2026,gor3a/vehicle-makes-models,added_missing
Renault,Kiger,2021,2026,gor3a/vehicle-makes-models,added_missing
Renault,Kwid,2015,2019,gor3a/vehicle-makes-models,added_missing
Renault,LAGUNA Coupe (DT0/1),2007,2011,itdiag8-dotcom/database (vivid_cars2000.db),added_from_vivid
Renault,LAGUNA II (BG0/1_),2001,2005,itdiag8-dotcom/database (vivid_cars2000.db),added_from_vivid
Renault,LAGUNA II Grandtour (KG0/1_),2001,2005,itdiag8-dotcom/database (vivid_cars2000.db),added_from_vivid
Renault,LAGUNA III (BT0/1),2006,2007,itdiag8-dotcom/database (vivid_cars2000.db),added_from_vivid
Renault,LAGUNA III Grandtour (KT0/1),2006,2007,itdiag8-dotcom/database (vivid_cars2000.db),added_from_vivid
Renault,LATITUDE (L70_),2009,2010,itdiag8-dotcom/database (vivid_cars2000.db),added_from_vivid
Renault,LOGAN EXPRESS,2006,2006,itdiag8-dotcom/database (vivid_cars2000.db),added_from_vivid
Renault,LOGAN I (LS_),2003,2010,itdiag8-dotcom/database (vivid_cars2000.db),added_from_vivid
Renault,LOGAN I Estate (KS_),2006,2010,itdiag8-dotcom/database (vivid_cars2000.db),added_from_vivid
Renault,LOGAN II,2012,2012,itdiag8-dotcom/database (vivid_cars2000.db),added_from_vivid
Renault,LOGAN II Estate,2012,2012,itdiag8-dotcom/database (vivid_cars2000.db),added_from_vivid
Renault,Latitude,2010,2015,gor3a/vehicle-makes-models,added_missing
Renault,Logan,2014,2022,gor3a/vehicle-makes-models,added_missing
Renault,MASTER II Box (FD),2000,2005,itdiag8-dotcom/database (vivid_cars2000.db),added_from_vivid
Renault,MASTER II Bus (JD),2000,2005,itdiag8-dotcom/database (vivid_cars2000.db),added_from_vivid
Renault,MASTER II Platform/Chassis (ED/HD/UD),2000,2005,itdiag8-dotcom/database (vivid_cars2000.db),added_from_vivid
Renault,MASTER III Box (FV),2009,2012,itdiag8-dotcom/database (vivid_cars2000.db),added_from_vivid
Renault,MASTER III Bus (JV),2010,2012,itdiag8-dotcom/database (vivid_cars2000.db),added_from_vivid
Renault,"MASTER III Platform/Chassis (EV, HV, UV)",2009,2012,itdiag8-dotcom/database (vivid_cars2000.db),added_from_vivid
Renault,MEGANE CC (EZ0/1_),2009,2012,itdiag8-dotcom/database (vivid_cars2000.db),added_from_vivid
Renault,MEGANE I (BA0/1_),2000,2001,itdiag8-dotcom/database (vivid_cars2000.db),added_from_vivid
Renault,MEGANE I Cabriolet (EA0/1_),2002,2002,itdiag8-dotcom/database (vivid_cars2000.db),added_from_vivid
Renault,MEGANE I Classic (LA0/1_),2001,2001,itdiag8-dotcom/database (vivid_cars2000.db),added_from_vivid
Renault,MEGANE I Coach (DA0/1_),2001,2002,itdiag8-dotcom/database (vivid_cars2000.db),added_from_vivid
Renault,MEGANE I Grandtour (KA0/1_),2001,2001,itdiag8-dotcom/database (vivid_cars2000.db),added_from_vivid
Renault,"MEGANE II (BM0/1_, CM0/1_)",2002,2006,itdiag8-dotcom/database (vivid_cars2000.db),added_from_vivid
Renault,MEGANE II Coupé-Cabriolet (EM0/1_),2003,2006,itdiag8-dotcom/database (vivid_cars2000.db),added_from_vivid
Renault,MEGANE II Estate (KM0/1_),2003,2007,itdiag8-dotcom/database (vivid_cars2000.db),added_from_vivid
Renault,MEGANE II Saloon (LM0/1_),2003,2006,itdiag8-dotcom/database (vivid_cars2000.db),added_from_vivid
Renault,MEGANE III Coupe (DZ0/1_),2007,2012,itdiag8-dotcom/database (vivid_cars2000.db),added_from_vivid
Renault,MEGANE III Grandtour (KZ0/1),2007,2012,itdiag8-dotcom/database (vivid_cars2000.db),added_from_vivid
Renault,MEGANE III Hatchback (BZ0_),2007,2012,itdiag8-dotcom/database (vivid_cars2000.db),added_from_vivid
Renault,MODUS / GRAND MODUS (F/JP0_),2003,2010,itdiag8-dotcom/database (vivid_cars2000.db),added_from_vivid
Renault,Megane E-Tech,2021,2026,gor3a/vehicle-makes-models,added_missing
Renault,Mégane,,,DanielKohut/car-data,added_missing
Renault,Pulse,2011,2017,gor3a/vehicle-makes-models,added_missing
Renault,Rafale,2023,2026,gor3a/vehicle-makes-models,added_missing
Renault,SANDERO/STEPWAY I,2006,2009,itdiag8-dotcom/database (vivid_cars2000.db),added_from_vivid
Renault,SANDERO/STEPWAY II,2012,2012,itdiag8-dotcom/database (vivid_cars2000.db),added_from_vivid
Renault,SCENIC XMOD,2013,2016,gor3a/vehicle-makes-models,added_missing
Renault,SCÉNIC I (JA0/1_),2000,2002,itdiag8-dotcom/database (vivid_cars2000.db),added_from_vivid
Renault,SCÉNIC II (JM0/1_),2003,2007,itdiag8-dotcom/database (vivid_cars2000.db),added_from_vivid
Renault,SCÉNIC III (JZ0/1_),2008,2012,itdiag8-dotcom/database (vivid_cars2000.db),added_from_vivid
Renault,Sandero GT,2012,2015,gor3a/vehicle-makes-models,added_missing
Renault,Scala,2012,2017,gor3a/vehicle-makes-models,added_missing
Renault,Scénic,,,DanielKohut/car-data,added_missing
Renault,Symbioz,2024,2026,gor3a/vehicle-makes-models,added_missing
Renault,Symbol,,,DanielKohut/car-data,added_missing
Renault,THALIA I (LB0/1/2_),2000,2004,itdiag8-dotcom/database (vivid_cars2000.db),added_from_vivid
Renault,THALIA II (LU1/2_),2007,2008,itdiag8-dotcom/database (vivid_cars2000.db),added_from_vivid
Renault,THALIA III,2012,2012,itdiag8-dotcom/database (vivid_cars2000.db),added_from_vivid
Renault,TRAFIC II Box (FL),2001,2006,itdiag8-dotcom/database (vivid_cars2000.db),added_from_vivid
Renault,TRAFIC II Bus (JL),2001,2007,itdiag8-dotcom/database (vivid_cars2000.db),added_from_vivid
Renault,TRAFIC II Platform/Chassis (EL),2001,2006,itdiag8-dotcom/database (vivid_cars2000.db),added_from_vivid
Renault,TWINGO I (C06_),2001,2003,itdiag8-dotcom/database (vivid_cars2000.db),added_from_vivid
Renault,TWINGO II (CN0_),2006,2010,itdiag8-dotcom/database (vivid_cars2000.db),added_from_vivid
Renault,TWIZY (MAM_),2011,2011,itdiag8-dotcom/database (vivid_cars2000.db),added_from_vivid
Renault,Triber,2019,2025,gor3a/vehicle-makes-models,added_missing
Renault,Twingo RS,2008,2013,gor3a/vehicle-makes-models,added_missing
Renault,Twizy,2012,2023,gor3a/vehicle-makes-models,added_missing
Renault,VEL SATIS (BJ0_),2002,2005,itdiag8-dotcom/database (vivid_cars2000.db),added_from_vivid
Renault,WIND (E4M_),2009,2010,itdiag8-dotcom/database (vivid_cars2000.db),added_from_vivid
Renault,Wind,2010,2013,gor3a/vehicle-makes-models,added_missing
Renault,ZOE,2013,2024,gor3a/vehicle-makes-models,added_missing
Rover,25 (RF),2000,2003,itdiag8-dotcom/database (vivid_cars2000.db),added_from_vivid
Rover,45 (RT),2000,2003,itdiag8-dotcom/database (vivid_cars2000.db),added_from_vivid
Rover,45 Saloon (RT),2000,2003,itdiag8-dotcom/database (vivid_cars2000.db),added_from_vivid
Rover,75 (RJ),2001,2003,itdiag8-dotcom/database (vivid_cars2000.db),added_from_vivid
Rover,75 Tourer (RJ),2001,2003,itdiag8-dotcom/database (vivid_cars2000.db),added_from_vivid
Rover,CITYROVER,2003,2003,itdiag8-dotcom/database (vivid_cars2000.db),added_from_vivid
Rover,STREETWISE,2003,2003,itdiag8-dotcom/database (vivid_cars2000.db),added_from_vivid
SATURN,Astra,2008,2009,plowman/open-vehicle-db,added_missing
SATURN,Aura,2007,2010,plowman/open-vehicle-db,added_missing
SATURN,Ion,2003,2007,plowman/open-vehicle-db,added_missing
SATURN,L200,2003,2003,plowman/open-vehicle-db,added_missing
SATURN,L300,2003,2005,plowman/open-vehicle-db,added_missing
SATURN,LS,2000,2002,plowman/open-vehicle-db,added_missing
SATURN,LS1,2000,2002,plowman/open-vehicle-db,added_missing
SATURN,LS2,2000,2002,plowman/open-vehicle-db,added_missing
SATURN,LW1,2000,2002,plowman/open-vehicle-db,added_missing
SATURN,LW2,2000,2002,plowman/open-vehicle-db,added_missing
SATURN,LW200,2003,2003,plowman/open-vehicle-db,added_missing
SATURN,LW300,2003,2004,plowman/open-vehicle-db,added_missing
SATURN,Outlook,2007,2010,plowman/open-vehicle-db,added_missing
SATURN,Relay,2005,2007,plowman/open-vehicle-db,added_missing
SATURN,SC1,1991,2002,plowman/open-vehicle-db,added_missing
SATURN,SC2,1991,2002,plowman/open-vehicle-db,added_missing
SATURN,SL,1994,2002,plowman/open-vehicle-db,added_missing
SATURN,SL1,1991,2002,plowman/open-vehicle-db,added_missing
SATURN,SL2,1991,2002,plowman/open-vehicle-db,added_missing
SATURN,SW1,1993,2001,plowman/open-vehicle-db,added_missing
SATURN,SW2,1993,2001,plowman/open-vehicle-db,added_missing
SATURN,Sky,2007,2010,plowman/open-vehicle-db,added_missing
SATURN,Vue,2002,2010,plowman/open-vehicle-db,added_missing
SHELBY,Cobra,2023,2026,plowman/open-vehicle-db,added_missing
SHELBY,GT,2022,2026,plowman/open-vehicle-db,added_missing
Saab,9-2X,2004,2006,gor3a/vehicle-makes-models,added_missing
Saab,9-3,1998,2012,gor3a/vehicle-makes-models,added_missing
Saab,9-3 (YS3D),2000,2001,itdiag8-dotcom/database (vivid_cars2000.db),added_from_vivid
Saab,9-3 (YS3F),2002,2010,itdiag8-dotcom/database (vivid_cars2000.db),added_from_vivid
Saab,9-3 Aero,2014,2014,gor3a/vehicle-makes-models,added_missing
Saab,9-3 Cabriolet (YS3D),2001,2001,itdiag8-dotcom/database (vivid_cars2000.db),added_from_vivid
Saab,9-3 Convertible (YS3F),2003,2010,itdiag8-dotcom/database (vivid_cars2000.db),added_from_vivid
Saab,9-3 Estate,2004,2010,itdiag8-dotcom/database (vivid_cars2000.db),added_from_vivid
Saab,9-3 Sport,1998,2012,gor3a/vehicle-makes-models,added_missing
Saab,9-3 SportCombi,2004,2012,gor3a/vehicle-makes-models,added_missing
Saab,9-3X,2009,2012,gor3a/vehicle-makes-models,added_missing
Saab,9-4X,,,DanielKohut/car-data,added_missing
Saab,9-5,1997,2012,gor3a/vehicle-makes-models,added_missing
Saab,9-5 (YS3E),2000,2007,itdiag8-dotcom/database (vivid_cars2000.db),added_from_vivid
Saab,9-5 (YS3G),2009,2009,itdiag8-dotcom/database (vivid_cars2000.db),added_from_vivid
Saab,9-5 Estate (YS3E),2000,2007,itdiag8-dotcom/database (vivid_cars2000.db),added_from_vivid
Saab,9-5 SportCombi,1998,2009,gor3a/vehicle-makes-models,added_missing
Saab,9-7X,2005,2009,gor3a/vehicle-makes-models,added_missing
Saab,92,,,DanielKohut/car-data,added_missing
Saab,96,,,DanielKohut/car-data,added_missing
Saab,99,,,DanielKohut/car-data,added_missing
Saab,Sonett,,,DanielKohut/car-data,added_missing
Saleen,S7,2000,2004,gor3a/vehicle-makes-models,added_missing
Saleen,S7TT,2005,2006,gor3a/vehicle-makes-models,added_missing
Scion,iA,2016,2017,gor3a/vehicle-makes-models,added_missing
Scion,iM,2016,2017,gor3a/vehicle-makes-models,added_missing
Scion,iQ,2011,2016,gor3a/vehicle-makes-models,added_missing
Scion,tC,2003,2016,gor3a/vehicle-makes-models,added_missing
Scion,xA,2003,2006,gor3a/vehicle-makes-models,added_missing
Scion,xB,2003,2015,gor3a/vehicle-makes-models,added_missing
Scion,xD,2007,2014,gor3a/vehicle-makes-models,added_missing
Seat,ALHAMBRA (710),2009,2011,itdiag8-dotcom/database (vivid_cars2000.db),added_from_vivid
Seat,"ALHAMBRA (7V8, 7V9)",2000,2004,itdiag8-dotcom/database (vivid_cars2000.db),added_from_vivid
Seat,ALTEA (5P1),2003,2009,itdiag8-dotcom/database (vivid_cars2000.db),added_from_vivid
Seat,"ALTEA XL (5P5, 5P8)",2005,2009,itdiag8-dotcom/database (vivid_cars2000.db),added_from_vivid
Seat,AROSA (6H),2000,2000,itdiag8-dotcom/database (vivid_cars2000.db),added_from_vivid
Seat,Arona,2017,2026,gor3a/vehicle-makes-models,added_missing
Seat,Ateca,2016,2026,gor3a/vehicle-makes-models,added_missing
Seat,CORDOBA (6K2),2000,2000,itdiag8-dotcom/database (vivid_cars2000.db),added_from_vivid
Seat,CORDOBA (6L2),2002,2005,itdiag8-dotcom/database (vivid_cars2000.db),added_from_vivid
Seat,Cordoba Cupra,2000,2003,gor3a/vehicle-makes-models,added_missing
Seat,Cordoba SX,1996,2003,gor3a/vehicle-makes-models,added_missing
Seat,Cordoba Vario,1996,2003,gor3a/vehicle-makes-models,added_missing
Seat,EXEO (3R2),2007,2009,itdiag8-dotcom/database (vivid_cars2000.db),added_from_vivid
Seat,EXEO ST (3R5),2008,2009,itdiag8-dotcom/database (vivid_cars2000.db),added_from_vivid
Seat,Exeo ST,2009,2013,gor3a/vehicle-makes-models,added_missing
Seat,IBIZA III (6K1),2000,2000,itdiag8-dotcom/database (vivid_cars2000.db),added_from_vivid
Seat,IBIZA IV (6L1),2002,2006,itdiag8-dotcom/database (vivid_cars2000.db),added_from_vivid
Seat,IBIZA V (6J5),2007,2012,itdiag8-dotcom/database (vivid_cars2000.db),added_from_vivid
Seat,IBIZA V SPORTCOUPE (6J1),2007,2012,itdiag8-dotcom/database (vivid_cars2000.db),added_from_vivid
Seat,IBIZA V ST (6J8),2009,2012,itdiag8-dotcom/database (vivid_cars2000.db),added_from_vivid
Seat,INCA (6K9),2000,2000,itdiag8-dotcom/database (vivid_cars2000.db),added_from_vivid
Seat,Ibiza Bocanegra,2009,2017,gor3a/vehicle-makes-models,added_missing
Seat,Ibiza Cupra,1996,2017,gor3a/vehicle-makes-models,added_missing
Seat,Ibiza FR,2009,2017,gor3a/vehicle-makes-models,added_missing
Seat,Ibiza ST,2010,2017,gor3a/vehicle-makes-models,added_missing
Seat,LEON (1M1),2000,2004,itdiag8-dotcom/database (vivid_cars2000.db),added_from_vivid
Seat,LEON (1P1),2004,2009,itdiag8-dotcom/database (vivid_cars2000.db),added_from_vivid
Seat,LEON (5F1),2011,2012,itdiag8-dotcom/database (vivid_cars2000.db),added_from_vivid
Seat,LEON SC (5F5),2012,2012,itdiag8-dotcom/database (vivid_cars2000.db),added_from_vivid
Seat,LEON ST (5F8),2012,2013,itdiag8-dotcom/database (vivid_cars2000.db),added_from_vivid
Seat,Leon Cupra,2001,2018,gor3a/vehicle-makes-models,added_missing
Seat,Leon Cupra R,2002,2018,gor3a/vehicle-makes-models,added_missing
Seat,Leon FR / Topsport,2002,2012,gor3a/vehicle-makes-models,added_missing
Seat,Leon SC,2013,2020,gor3a/vehicle-makes-models,added_missing
Seat,Leon ST,2013,2026,gor3a/vehicle-makes-models,added_missing
Seat,Leon ST Cupra,2015,2020,gor3a/vehicle-makes-models,added_missing
Seat,Leon X-Perience,2014,2017,gor3a/vehicle-makes-models,added_missing
Seat,Mii (KF1_),2010,2011,itdiag8-dotcom/database (vivid_cars2000.db),added_from_vivid
Seat,Ronda,,,DanielKohut/car-data,added_missing
Seat,TOLEDO II (1M2),2000,2004,itdiag8-dotcom/database (vivid_cars2000.db),added_from_vivid
Seat,TOLEDO III (5P2),2003,2006,itdiag8-dotcom/database (vivid_cars2000.db),added_from_vivid
Seat,TOLEDO IV (KG3),2011,2012,itdiag8-dotcom/database (vivid_cars2000.db),added_from_vivid
Seat,Tarraco,2018,2024,gor3a/vehicle-makes-models,added_missing
Skoda,Enyaq,,,DanielKohut/car-data,added_missing
Skoda,FABIA (6Y2),2000,2004,itdiag8-dotcom/database (vivid_cars2000.db),added_from_vivid
Skoda,FABIA (NJ3),2012,2012,itdiag8-dotcom/database (vivid_cars2000.db),added_from_vivid
Skoda,FABIA Combi,2006,2010,itdiag8-dotcom/database (vivid_cars2000.db),added_from_vivid
Skoda,FABIA Combi (6Y5),2000,2005,itdiag8-dotcom/database (vivid_cars2000.db),added_from_vivid
Skoda,FABIA Estate (NJ5),2013,2013,itdiag8-dotcom/database (vivid_cars2000.db),added_from_vivid
Skoda,FABIA Praktik,2001,2004,itdiag8-dotcom/database (vivid_cars2000.db),added_from_vivid
Skoda,FABIA Saloon (6Y3),2000,2005,itdiag8-dotcom/database (vivid_cars2000.db),added_from_vivid
Skoda,Kamiq,,,DanielKohut/car-data,added_missing
Skoda,Karoq,,,DanielKohut/car-data,added_missing
Skoda,Kodiaq,,,DanielKohut/car-data,added_missing
Skoda,OCTAVIA (1U2),2000,2004,itdiag8-dotcom/database (vivid_cars2000.db),added_from_vivid
Skoda,OCTAVIA (1Z3),2003,2009,itdiag8-dotcom/database (vivid_cars2000.db),added_from_vivid
Skoda,OCTAVIA (5E3),2011,2012,itdiag8-dotcom/database (vivid_cars2000.db),added_from_vivid
Skoda,OCTAVIA Combi (1U5),2000,2002,itdiag8-dotcom/database (vivid_cars2000.db),added_from_vivid
Skoda,OCTAVIA Combi (1Z5),2003,2010,itdiag8-dotcom/database (vivid_cars2000.db),added_from_vivid
Skoda,OCTAVIA Combi (5E5),2011,2012,itdiag8-dotcom/database (vivid_cars2000.db),added_from_vivid
Skoda,RAPID (NH3),2011,2012,itdiag8-dotcom/database (vivid_cars2000.db),added_from_vivid
Skoda,RAPID Spaceback (NH1),2011,2012,itdiag8-dotcom/database (vivid_cars2000.db),added_from_vivid
Skoda,ROOMSTER (5J),2005,2009,itdiag8-dotcom/database (vivid_cars2000.db),added_from_vivid
Skoda,ROOMSTER Praktik (5J),2006,2009,itdiag8-dotcom/database (vivid_cars2000.db),added_from_vivid
Skoda,SUPERB (3T4),2007,2009,itdiag8-dotcom/database (vivid_cars2000.db),added_from_vivid
Skoda,SUPERB (3U4),2001,2006,itdiag8-dotcom/database (vivid_cars2000.db),added_from_vivid
Skoda,SUPERB Estate (3T5),2008,2009,itdiag8-dotcom/database (vivid_cars2000.db),added_from_vivid
Skoda,Scala,,,DanielKohut/car-data,added_missing
Skoda,Slavia,,,DanielKohut/car-data,added_missing
Skoda,YETI (5L),2008,2012,itdiag8-dotcom/database (vivid_cars2000.db),added_from_vivid
Smart,1,2022,2026,gor3a/vehicle-makes-models,added_missing
Smart,3,2023,2026,gor3a/vehicle-makes-models,added_missing
Smart,5,2024,2026,gor3a/vehicle-makes-models,added_missing
Smart,City-Coupé,,,DanielKohut/car-data,added_missing
Smart,EQ Fortwo,2018,2027,plowman/open-vehicle-db,added_missing
Smart,Electric Drive,2012,2021,gor3a/vehicle-makes-models,added_missing
Smart,Fortwo Electric Drive,2013,2015,plowman/open-vehicle-db,added_missing
Smart,Smart #1,,,DanielKohut/car-data,added_missing
Smart,Smart #3,,,DanielKohut/car-data,added_missing
Smart,Smart #5,,,DanielKohut/car-data,added_missing
Smart,crossblade,2002,2003,gor3a/vehicle-makes-models,added_missing
Smart,forfour Brabus,2005,2006,gor3a/vehicle-makes-models,added_missing
Smart,fortwo Cabrio,2000,2024,gor3a/vehicle-makes-models,added_missing
Smart,fortwo Cabrio Brabus,2003,2014,gor3a/vehicle-makes-models,added_missing
Smart,smart,2000,2004,plowman/open-vehicle-db,added_missing
Ssangyong,ACTYON I,2004,2006,itdiag8-dotcom/database (vivid_cars2000.db),added_from_vivid
Ssangyong,ACTYON II,2011,2011,itdiag8-dotcom/database (vivid_cars2000.db),added_from_vivid
Ssangyong,ACTYON SPORTS I (QJ),2006,2010,itdiag8-dotcom/database (vivid_cars2000.db),added_from_vivid
Ssangyong,ACTYON SPORTS II,2011,2011,itdiag8-dotcom/database (vivid_cars2000.db),added_from_vivid
Ssangyong,Actyon,2006,2011,gor3a/vehicle-makes-models,added_missing
Ssangyong,Chairman,2004,2017,gor3a/vehicle-makes-models,added_missing
Ssangyong,KORANDO (KJ),2002,2002,itdiag8-dotcom/database (vivid_cars2000.db),added_from_vivid
Ssangyong,KORANDO Cabrio (KJ),2002,2002,itdiag8-dotcom/database (vivid_cars2000.db),added_from_vivid
Ssangyong,Korando,1997,2023,gor3a/vehicle-makes-models,added_missing
Ssangyong,Kyron,2004,2014,gor3a/vehicle-makes-models,added_missing
Ssangyong,MUSSO (FJ),2002,2002,itdiag8-dotcom/database (vivid_cars2000.db),added_from_vivid
Ssangyong,Musso,1998,2023,gor3a/vehicle-makes-models,added_missing
Ssangyong,Musso Sports,1998,2005,gor3a/vehicle-makes-models,added_missing
Ssangyong,REXTON (GAB_),2002,2010,itdiag8-dotcom/database (vivid_cars2000.db),added_from_vivid
Ssangyong,REXTON W,2011,2011,itdiag8-dotcom/database (vivid_cars2000.db),added_from_vivid
Ssangyong,RODIUS II,2012,2012,itdiag8-dotcom/database (vivid_cars2000.db),added_from_vivid
Ssangyong,Rodius,2004,2013,gor3a/vehicle-makes-models,added_missing
Ssangyong,Stavic,,,DanielKohut/car-data,added_missing
Ssangyong,TURISMO,2012,2012,itdiag8-dotcom/database (vivid_cars2000.db),added_from_vivid
Ssangyong,Tivoli,2015,2023,gor3a/vehicle-makes-models,added_missing
Ssangyong,Tivoli XLV,2016,2023,gor3a/vehicle-makes-models,added_missing
Ssangyong,Torres,,,DanielKohut/car-data,added_missing
Ssangyong,XLV,,,DanielKohut/car-data,added_missing
Subaru,Ascent,2019,2026,gor3a/vehicle-makes-models,added_missing
Subaru,B9 Tribeca,2006,2014,plowman/open-vehicle-db,added_missing
Subaru,Baja,2003,2006,gor3a/vehicle-makes-models,added_missing
Subaru,Crosstrek,2015,2026,gor3a/vehicle-makes-models,added_missing
Subaru,Exiga Liberty,2008,2018,gor3a/vehicle-makes-models,added_missing
Subaru,FORESTER (SF),2001,2001,itdiag8-dotcom/database (vivid_cars2000.db),added_from_vivid
Subaru,FORESTER (SG),2002,2004,itdiag8-dotcom/database (vivid_cars2000.db),added_from_vivid
Subaru,FORESTER (SH),2007,2009,itdiag8-dotcom/database (vivid_cars2000.db),added_from_vivid
Subaru,FORESTER (SJ),2012,2012,itdiag8-dotcom/database (vivid_cars2000.db),added_from_vivid
Subaru,Getaway,2026,2026,gor3a/vehicle-makes-models,added_missing
Subaru,IMPREZA Estate,2006,2006,itdiag8-dotcom/database (vivid_cars2000.db),added_from_vivid
Subaru,"IMPREZA Estate (GD, GG)",2000,2005,itdiag8-dotcom/database (vivid_cars2000.db),added_from_vivid
Subaru,IMPREZA Hatchback,2002,2004,itdiag8-dotcom/database (vivid_cars2000.db),added_from_vivid
Subaru,IMPREZA Hatchback (GP),2010,2011,itdiag8-dotcom/database (vivid_cars2000.db),added_from_vivid
Subaru,"IMPREZA Hatchback (GR, GH, G3)",2007,2010,itdiag8-dotcom/database (vivid_cars2000.db),added_from_vivid
Subaru,"IMPREZA Saloon (GD, GG)",2000,2005,itdiag8-dotcom/database (vivid_cars2000.db),added_from_vivid
Subaru,IMPREZA Saloon (GP),2010,2012,itdiag8-dotcom/database (vivid_cars2000.db),added_from_vivid
Subaru,IMPREZA Saloon (GR),2006,2010,itdiag8-dotcom/database (vivid_cars2000.db),added_from_vivid
Subaru,Impreza WRX STi,1998,2014,gor3a/vehicle-makes-models,added_missing
Subaru,"JUSTY II (JMA, MS)",2001,2001,itdiag8-dotcom/database (vivid_cars2000.db),added_from_vivid
Subaru,JUSTY III (G3X),2003,2003,itdiag8-dotcom/database (vivid_cars2000.db),added_from_vivid
Subaru,JUSTY IV,2006,2007,itdiag8-dotcom/database (vivid_cars2000.db),added_from_vivid
Subaru,Justy,1989,2016,gor3a/vehicle-makes-models,added_missing
Subaru,"LEGACY III (BE, BH)",2000,2002,itdiag8-dotcom/database (vivid_cars2000.db),added_from_vivid
Subaru,"LEGACY III Estate (BE, BH)",2000,2002,itdiag8-dotcom/database (vivid_cars2000.db),added_from_vivid
Subaru,"LEGACY IV (BL, BP)",2003,2007,itdiag8-dotcom/database (vivid_cars2000.db),added_from_vivid
Subaru,"LEGACY IV Estate (BL, BP, B13_)",2003,2007,itdiag8-dotcom/database (vivid_cars2000.db),added_from_vivid
Subaru,"LEGACY V (BM, BR)",2008,2009,itdiag8-dotcom/database (vivid_cars2000.db),added_from_vivid
Subaru,"LEGACY V Estate (BM, BR)",2008,2012,itdiag8-dotcom/database (vivid_cars2000.db),added_from_vivid
Subaru,Levorg,2014,2019,gor3a/vehicle-makes-models,added_missing
Subaru,Liberty,2008,2015,gor3a/vehicle-makes-models,added_missing
Subaru,"OUTBACK (BE, BH)",2000,2000,itdiag8-dotcom/database (vivid_cars2000.db),added_from_vivid
Subaru,"OUTBACK (BL, BP)",2003,2007,itdiag8-dotcom/database (vivid_cars2000.db),added_from_vivid
Subaru,"OUTBACK (BM, BR)",2008,2012,itdiag8-dotcom/database (vivid_cars2000.db),added_from_vivid
Subaru,Outback Wilderness,2023,2026,gor3a/vehicle-makes-models,added_missing
Subaru,R1,2005,2010,gor3a/vehicle-makes-models,added_missing
Subaru,R2,1969,2010,gor3a/vehicle-makes-models,added_missing
Subaru,Solterra,2021,2026,gor3a/vehicle-makes-models,added_missing
Subaru,Stella,2006,2011,gor3a/vehicle-makes-models,added_missing
Subaru,TRIBECA (B9),2004,2008,itdiag8-dotcom/database (vivid_cars2000.db),added_from_vivid
Subaru,Trailseeker,2026,2026,gor3a/vehicle-makes-models,added_missing
Subaru,Trezia,2010,2014,gor3a/vehicle-makes-models,added_missing
Subaru,Uncharted,2025,2026,gor3a/vehicle-makes-models,added_missing
Subaru,Vivio,1992,2000,gor3a/vehicle-makes-models,added_missing
Subaru,WRX,2014,2026,gor3a/vehicle-makes-models,added_missing
Subaru,XV CrossTrek,2012,2015,plowman/open-vehicle-db,added_missing
Suzuki,ALTO III (EF),2000,2010,itdiag8-dotcom/database (vivid_cars2000.db),added_from_vivid
Suzuki,ALTO IV (FF),2002,2002,itdiag8-dotcom/database (vivid_cars2000.db),added_from_vivid
Suzuki,ALTO V (GF),2008,2008,itdiag8-dotcom/database (vivid_cars2000.db),added_from_vivid
Suzuki,APV,2004,2009,gor3a/vehicle-makes-models,added_missing
Suzuki,APV (GD),2004,2004,itdiag8-dotcom/database (vivid_cars2000.db),added_from_vivid
Suzuki,Across,2020,2026,gor3a/vehicle-makes-models,added_missing
Suzuki,Aerio,2002,2007,plowman/open-vehicle-db,added_missing
Suzuki,Aerio / Liana,2001,2007,gor3a/vehicle-makes-models,added_missing
Suzuki,Baleno,2016,2019,gor3a/vehicle-makes-models,added_missing
Suzuki,CARRY Box (FD),2000,2000,itdiag8-dotcom/database (vivid_cars2000.db),added_from_vivid
Suzuki,CARRY Pickup (FD),2000,2010,itdiag8-dotcom/database (vivid_cars2000.db),added_from_vivid
Suzuki,CULTUS,2010,2010,itdiag8-dotcom/database (vivid_cars2000.db),added_from_vivid
Suzuki,Celerio,,,DanielKohut/car-data,added_missing
Suzuki,Ciaz,,,DanielKohut/car-data,added_missing
Suzuki,DZIRE,2007,2007,itdiag8-dotcom/database (vivid_cars2000.db),added_from_vivid
Suzuki,EVERY,2011,2011,itdiag8-dotcom/database (vivid_cars2000.db),added_from_vivid
Suzuki,Equator,2009,2012,gor3a/vehicle-makes-models,added_missing
Suzuki,Ertiga,2012,2015,gor3a/vehicle-makes-models,added_missing
Suzuki,Escudo / Grand Vitara,1991,2019,gor3a/vehicle-makes-models,added_missing
Suzuki,Escudo / Vitara,1989,2008,gor3a/vehicle-makes-models,added_missing
Suzuki,Esteem,1995,2002,plowman/open-vehicle-db,added_missing
Suzuki,FARMWORKER Pickup,2010,2010,itdiag8-dotcom/database (vivid_cars2000.db),added_from_vivid
Suzuki,FARMWORKER Platform/Chassis,2010,2010,itdiag8-dotcom/database (vivid_cars2000.db),added_from_vivid
Suzuki,Forenza,2004,2008,gor3a/vehicle-makes-models,added_missing
Suzuki,"GRAND VITARA I (FT, GT)",2000,2003,itdiag8-dotcom/database (vivid_cars2000.db),added_from_vivid
Suzuki,GRAND VITARA II (JT),2004,2013,itdiag8-dotcom/database (vivid_cars2000.db),added_from_vivid
Suzuki,Grand Vitara XL-7,2002,2008,plowman/open-vehicle-db,added_missing
Suzuki,IGNIS (FH),2000,2000,itdiag8-dotcom/database (vivid_cars2000.db),added_from_vivid
Suzuki,IGNIS II,2003,2003,itdiag8-dotcom/database (vivid_cars2000.db),added_from_vivid
Suzuki,JIMNY (FJ),2000,2012,itdiag8-dotcom/database (vivid_cars2000.db),added_from_vivid
Suzuki,KARIMUN WAGON R,2012,2012,itdiag8-dotcom/database (vivid_cars2000.db),added_from_vivid
Suzuki,KIZASHI (FR),2009,2011,itdiag8-dotcom/database (vivid_cars2000.db),added_from_vivid
Suzuki,LANDY (SC25),2006,2006,itdiag8-dotcom/database (vivid_cars2000.db),added_from_vivid
Suzuki,LANDY (SC26),2009,2009,itdiag8-dotcom/database (vivid_cars2000.db),added_from_vivid
Suzuki,LAPIN,2012,2012,itdiag8-dotcom/database (vivid_cars2000.db),added_from_vivid
Suzuki,LIANA (ER),2001,2004,itdiag8-dotcom/database (vivid_cars2000.db),added_from_vivid
Suzuki,LIANA Estate (ER),2001,2004,itdiag8-dotcom/database (vivid_cars2000.db),added_from_vivid
Suzuki,Liana,,,DanielKohut/car-data,added_missing
Suzuki,MR WAGON,2009,2010,itdiag8-dotcom/database (vivid_cars2000.db),added_from_vivid
Suzuki,PALETTE,2011,2011,itdiag8-dotcom/database (vivid_cars2000.db),added_from_vivid
Suzuki,Reno,2004,2008,gor3a/vehicle-makes-models,added_missing
Suzuki,SAMURAI (SJ),2000,2000,itdiag8-dotcom/database (vivid_cars2000.db),added_from_vivid
Suzuki,SOLIO,2010,2010,itdiag8-dotcom/database (vivid_cars2000.db),added_from_vivid
Suzuki,SPACIA,2012,2012,itdiag8-dotcom/database (vivid_cars2000.db),added_from_vivid
Suzuki,"SWIFT II Hatchback (EA, MA)",2001,2001,itdiag8-dotcom/database (vivid_cars2000.db),added_from_vivid
Suzuki,"SWIFT III (MZ, EZ)",2004,2005,itdiag8-dotcom/database (vivid_cars2000.db),added_from_vivid
Suzuki,"SWIFT IV (FZ, NZ)",2009,2011,itdiag8-dotcom/database (vivid_cars2000.db),added_from_vivid
Suzuki,"SX4 (EY, GY)",2005,2009,itdiag8-dotcom/database (vivid_cars2000.db),added_from_vivid
Suzuki,SX4 Crossover,2006,2021,gor3a/vehicle-makes-models,added_missing
Suzuki,SX4 S-Cross,2012,2012,itdiag8-dotcom/database (vivid_cars2000.db),added_from_vivid
Suzuki,SX4 Saloon (GY),2006,2006,itdiag8-dotcom/database (vivid_cars2000.db),added_from_vivid
Suzuki,Swace,2020,2026,gor3a/vehicle-makes-models,added_missing
Suzuki,VITARA (ET),2003,2003,itdiag8-dotcom/database (vivid_cars2000.db),added_from_vivid
Suzuki,VITARA (LY),2013,2013,itdiag8-dotcom/database (vivid_cars2000.db),added_from_vivid
Suzuki,VITARA Cabrio (ET),2003,2003,itdiag8-dotcom/database (vivid_cars2000.db),added_from_vivid
Suzuki,Verona,2004,2006,gor3a/vehicle-makes-models,added_missing
Suzuki,WAGON R+ (MM),2000,2011,itdiag8-dotcom/database (vivid_cars2000.db),added_from_vivid
Tata,Altroz,,,DanielKohut/car-data,added_missing
Tata,Aria,,,DanielKohut/car-data,added_missing
Tata,Harrier,,,DanielKohut/car-data,added_missing
Tata,Hexa,,,DanielKohut/car-data,added_missing
Tata,Indica,,,DanielKohut/car-data,added_missing
Tata,Indigo,,,DanielKohut/car-data,added_missing
Tata,MOTORS Altroz,2019,2026,gor3a/vehicle-makes-models,added_missing
Tata,MOTORS Aria,2010,2017,gor3a/vehicle-makes-models,added_missing
Tata,MOTORS Harrier,2018,2023,gor3a/vehicle-makes-models,added_missing
Tata,MOTORS Indica,1998,2015,gor3a/vehicle-makes-models,added_missing
Tata,MOTORS Indigo,2002,2016,gor3a/vehicle-makes-models,added_missing
Tata,MOTORS Indigo SW,2004,2009,gor3a/vehicle-makes-models,added_missing
Tata,MOTORS Nano,2008,2018,gor3a/vehicle-makes-models,added_missing
Tata,MOTORS Nexon,2017,2023,gor3a/vehicle-makes-models,added_missing
Tata,MOTORS Safari,2005,2020,gor3a/vehicle-makes-models,added_missing
Tata,MOTORS Sumo,2008,2011,gor3a/vehicle-makes-models,added_missing
Tata,MOTORS Telcoline,1988,2005,gor3a/vehicle-makes-models,added_missing
Tata,Nano,,,DanielKohut/car-data,added_missing
Tata,Nexon,,,DanielKohut/car-data,added_missing
Tata,Punch,,,DanielKohut/car-data,added_missing
Tata,Safari,,,DanielKohut/car-data,added_missing
Tata,Sierra,,,DanielKohut/car-data,added_missing
Tata,Sumo,,,DanielKohut/car-data,added_missing
Tata,Tiago,,,DanielKohut/car-data,added_missing
Tata,Tigor,,,DanielKohut/car-data,added_missing
Tata,Vista,,,DanielKohut/car-data,added_missing
Tata,Zest,,,DanielKohut/car-data,added_missing
Tesla,Cybertruck,2021,2026,gor3a/vehicle-makes-models,added_missing
Tesla,Model 3,2017,2026,gor3a/vehicle-makes-models,added_missing
Tesla,Model S,2012,2026,gor3a/vehicle-makes-models,added_missing
Tesla,Model X,2015,2026,gor3a/vehicle-makes-models,added_missing
Tesla,Model Y,2019,2026,gor3a/vehicle-makes-models,added_missing
Tesla,Roadster,2008,2026,gor3a/vehicle-makes-models,added_missing
Toyota,"4 RUNNER (KZN18_, VZN18_, RZN18_)",2000,2002,itdiag8-dotcom/database (vivid_cars2000.db),added_from_vivid
Toyota,4Runner,1990,2026,gor3a/vehicle-makes-models,added_missing
Toyota,86,,,DanielKohut/car-data,added_missing
Toyota,AGYA (B1_),2011,2011,itdiag8-dotcom/database (vivid_cars2000.db),added_from_vivid
Toyota,"ALLION I (ZZT24_, NZT24_, AZT24_)",2001,2001,itdiag8-dotcom/database (vivid_cars2000.db),added_from_vivid
Toyota,"ALLION II (NZT26_, ZRT26_)",2006,2006,itdiag8-dotcom/database (vivid_cars2000.db),added_from_vivid
Toyota,"ALPHARD (ATH1_, MNH1_, ANH1_)",2002,2003,itdiag8-dotcom/database (vivid_cars2000.db),added_from_vivid
Toyota,"ALPHARD / VELLFIRE (GGH2_, ANH2_, ATH2_)",2007,2010,itdiag8-dotcom/database (vivid_cars2000.db),added_from_vivid
Toyota,"ALTEZZA (SXE1_, JCE1_, GXE1_)",2001,2001,itdiag8-dotcom/database (vivid_cars2000.db),added_from_vivid
Toyota,"ALTEZZA GITA (SXE1_, GXE1_)",2001,2001,itdiag8-dotcom/database (vivid_cars2000.db),added_from_vivid
Toyota,AQUA (_NHP1_),2010,2010,itdiag8-dotcom/database (vivid_cars2000.db),added_from_vivid
Toyota,ASCENT Hatchback,2001,2001,itdiag8-dotcom/database (vivid_cars2000.db),added_from_vivid
Toyota,ASCENT Saloon,2001,2001,itdiag8-dotcom/database (vivid_cars2000.db),added_from_vivid
Toyota,"AURION (ACV5_, GSV5_)",2010,2010,itdiag8-dotcom/database (vivid_cars2000.db),added_from_vivid
Toyota,"AURION (GSV4_, ACV4_)",2000,2005,itdiag8-dotcom/database (vivid_cars2000.db),added_from_vivid
Toyota,"AURIS (NRE15_, ZZE15_, ADE15_, ZRE15_, NDE15_)",2005,2009,itdiag8-dotcom/database (vivid_cars2000.db),added_from_vivid
Toyota,"AURIS (NZE18_, ZRE18_)",2011,2011,itdiag8-dotcom/database (vivid_cars2000.db),added_from_vivid
Toyota,"AURIS TOURING SPORTS (ADE18_, ZWE18_, ZRE18_)",2012,2012,itdiag8-dotcom/database (vivid_cars2000.db),added_from_vivid
Toyota,"AURIS VAN Box (ZRE18_, NZE18_)",2012,2012,itdiag8-dotcom/database (vivid_cars2000.db),added_from_vivid
Toyota,AVALON Saloon (GSX3_),2004,2004,itdiag8-dotcom/database (vivid_cars2000.db),added_from_vivid
Toyota,AVALON Saloon (MCX2_),2000,2001,itdiag8-dotcom/database (vivid_cars2000.db),added_from_vivid
Toyota,"AVANZA (F602_, F601_)",2003,2005,itdiag8-dotcom/database (vivid_cars2000.db),added_from_vivid
Toyota,AVANZA (F65_),2005,2010,itdiag8-dotcom/database (vivid_cars2000.db),added_from_vivid
Toyota,AVENSIS (T25_),2002,2005,itdiag8-dotcom/database (vivid_cars2000.db),added_from_vivid
Toyota,AVENSIS (_T22_),2000,2000,itdiag8-dotcom/database (vivid_cars2000.db),added_from_vivid
Toyota,AVENSIS Estate (T25),2002,2005,itdiag8-dotcom/database (vivid_cars2000.db),added_from_vivid
Toyota,"AVENSIS Estate (ZRT27, ADT27)",2008,2010,itdiag8-dotcom/database (vivid_cars2000.db),added_from_vivid
Toyota,AVENSIS Liftback (_T22_),2000,2002,itdiag8-dotcom/database (vivid_cars2000.db),added_from_vivid
Toyota,AVENSIS Saloon (T25),2002,2005,itdiag8-dotcom/database (vivid_cars2000.db),added_from_vivid
Toyota,"AVENSIS Saloon (ZRT27, ADT27)",2008,2010,itdiag8-dotcom/database (vivid_cars2000.db),added_from_vivid
Toyota,AVENSIS Station Wagon (_T22_),2000,2002,itdiag8-dotcom/database (vivid_cars2000.db),added_from_vivid
Toyota,"AVENSIS VERSO (_CLM2_, _ACM2_)",2001,2003,itdiag8-dotcom/database (vivid_cars2000.db),added_from_vivid
Toyota,"AYGO (PAB4_, KGB4_)",2012,2012,itdiag8-dotcom/database (vivid_cars2000.db),added_from_vivid
Toyota,"AYGO (WNB1_, KGB1_)",2004,2004,itdiag8-dotcom/database (vivid_cars2000.db),added_from_vivid
Toyota,Agya,2012,2017,gor3a/vehicle-makes-models,added_missing
Toyota,Aqua,2021,2026,gor3a/vehicle-makes-models,added_missing
Toyota,Avalon,2005,2022,gor3a/vehicle-makes-models,added_missing
Toyota,Avensis Verso,2001,2006,gor3a/vehicle-makes-models,added_missing
Toyota,Aygo X,2021,2026,gor3a/vehicle-makes-models,added_missing
Toyota,C-HR,2016,2026,gor3a/vehicle-makes-models,added_missing
Toyota,"CALDINA (ST21_, CT21_, AT21_)",2000,2000,itdiag8-dotcom/database (vivid_cars2000.db),added_from_vivid
Toyota,"CALDINA (ZZT24_, ST24_, AZT24_)",2002,2002,itdiag8-dotcom/database (vivid_cars2000.db),added_from_vivid
Toyota,"CAMI Closed Off-Road Vehicle (J12_E, J10_E)",2001,2001,itdiag8-dotcom/database (vivid_cars2000.db),added_from_vivid
Toyota,"CAMRY (MCV3_, ACV3_, _XV3_)",2001,2005,itdiag8-dotcom/database (vivid_cars2000.db),added_from_vivid
Toyota,"CAMRY (_CV2_, _XV2_)",2000,2000,itdiag8-dotcom/database (vivid_cars2000.db),added_from_vivid
Toyota,"CAMRY SOLARA Convertible (MCV2_, SXV2_)",2000,2000,itdiag8-dotcom/database (vivid_cars2000.db),added_from_vivid
Toyota,"CAMRY SOLARA Convertible (MCV3_, ACV3_)",2003,2003,itdiag8-dotcom/database (vivid_cars2000.db),added_from_vivid
Toyota,"CAMRY SOLARA Coupe (MCV3_, ACV3_)",2003,2003,itdiag8-dotcom/database (vivid_cars2000.db),added_from_vivid
Toyota,"CAMRY Saloon (AVV5_, XV5_)",2010,2011,itdiag8-dotcom/database (vivid_cars2000.db),added_from_vivid
Toyota,CAMRY Saloon (_XV4_),2005,2009,itdiag8-dotcom/database (vivid_cars2000.db),added_from_vivid
Toyota,CELSIOR (UCF3_),2000,2000,itdiag8-dotcom/database (vivid_cars2000.db),added_from_vivid
Toyota,"COASTER Bus (TRB5_, XZB5_, RZB4_, HZB5_, BZB5_, BB4_)",2003,2003,itdiag8-dotcom/database (vivid_cars2000.db),added_from_vivid
Toyota,"COROLLA (ZZE12_, NDE12_, ZDE12_)",2001,2004,itdiag8-dotcom/database (vivid_cars2000.db),added_from_vivid
Toyota,COROLLA (_E11_),2000,2000,itdiag8-dotcom/database (vivid_cars2000.db),added_from_vivid
Toyota,COROLLA Compact (_E11_),2000,2000,itdiag8-dotcom/database (vivid_cars2000.db),added_from_vivid
Toyota,"COROLLA Estate (NKE16_, NZE16_)",2011,2013,itdiag8-dotcom/database (vivid_cars2000.db),added_from_vivid
Toyota,"COROLLA Estate (_E12J_, _E12T_)",2001,2003,itdiag8-dotcom/database (vivid_cars2000.db),added_from_vivid
Toyota,COROLLA Estate (_E14_),2005,2005,itdiag8-dotcom/database (vivid_cars2000.db),added_from_vivid
Toyota,COROLLA Liftback (_E11_),2000,2000,itdiag8-dotcom/database (vivid_cars2000.db),added_from_vivid
Toyota,"COROLLA RUMION (_AZE15_, _NZE15_, _ZRE15_)",2006,2006,itdiag8-dotcom/database (vivid_cars2000.db),added_from_vivid
Toyota,COROLLA Saloon (E15_),2005,2011,itdiag8-dotcom/database (vivid_cars2000.db),added_from_vivid
Toyota,"COROLLA Saloon (NRE18_, ZRE17_, ZRE18_, NDE18_)",2012,2012,itdiag8-dotcom/database (vivid_cars2000.db),added_from_vivid
Toyota,"COROLLA Saloon (_E12J_, _E12T_)",2001,2006,itdiag8-dotcom/database (vivid_cars2000.db),added_from_vivid
Toyota,COROLLA Saloon (_NZE16_),2011,2011,itdiag8-dotcom/database (vivid_cars2000.db),added_from_vivid
Toyota,"COROLLA Verso (ZDE12_, CDE12_)",2001,2002,itdiag8-dotcom/database (vivid_cars2000.db),added_from_vivid
Toyota,"COROLLA Verso (ZER_, ZZE12_, R1_)",2003,2004,itdiag8-dotcom/database (vivid_cars2000.db),added_from_vivid
Toyota,COROLLA Wagon (__E11_),2000,2000,itdiag8-dotcom/database (vivid_cars2000.db),added_from_vivid
Toyota,COROLLA iM,2017,2018,plowman/open-vehicle-db,added_missing
Toyota,"CROWN Saloon (CRS_, JZS_, GRS18_, UZS_)",2003,2003,itdiag8-dotcom/database (vivid_cars2000.db),added_from_vivid
Toyota,CROWN Saloon (GRS20_),2007,2008,itdiag8-dotcom/database (vivid_cars2000.db),added_from_vivid
Toyota,"CROWN Saloon (GRS21_, AWS21_)",2011,2011,itdiag8-dotcom/database (vivid_cars2000.db),added_from_vivid
Toyota,Camry Solara,1999,2009,plowman/open-vehicle-db,added_missing
Toyota,Celica,1990,2006,gor3a/vehicle-makes-models,added_missing
Toyota,Century,2023,2026,gor3a/vehicle-makes-models,added_missing
Toyota,Century SUV,2023,2026,gor3a/vehicle-makes-models,added_missing
Toyota,Corolla Cross,2020,2026,gor3a/vehicle-makes-models,added_missing
Toyota,Corolla Matrix,2003,2013,plowman/open-vehicle-db,added_missing
Toyota,Crown SUV,2022,2026,gor3a/vehicle-makes-models,added_missing
Toyota,Crown Signia,2025,2027,plowman/open-vehicle-db,added_missing
Toyota,DYNA 250 Box,2003,2003,itdiag8-dotcom/database (vivid_cars2000.db),added_from_vivid
Toyota,DYNA 400 Platform/Chassis (XZU_),2000,2003,itdiag8-dotcom/database (vivid_cars2000.db),added_from_vivid
Toyota,"DYNA Bus (XZU3_, XZU4_, WU4_, WU3_, LY2_, KDY2_)",2001,2005,itdiag8-dotcom/database (vivid_cars2000.db),added_from_vivid
Toyota,"DYNA Platform/Chassis (KD_, LY_, TRY2_, KDY2_, XZU4_, XZU3_,",2001,2010,itdiag8-dotcom/database (vivid_cars2000.db),added_from_vivid
Toyota,"ECHO Hatchback (NCP13_, NCP12_)",2000,2002,itdiag8-dotcom/database (vivid_cars2000.db),added_from_vivid
Toyota,"ESQUIRE (ZRR8_, ZWR8_)",2013,2013,itdiag8-dotcom/database (vivid_cars2000.db),added_from_vivid
Toyota,"ETIOS (NUK1_, NGK1_)",2009,2009,itdiag8-dotcom/database (vivid_cars2000.db),added_from_vivid
Toyota,Echo,2000,2005,plowman/open-vehicle-db,added_missing
Toyota,Etios Liva,2011,2020,gor3a/vehicle-makes-models,added_missing
Toyota,FCHV-adv,2009,2010,plowman/open-vehicle-db,added_missing
Toyota,FJ CRUISER (GSJ1_),2005,2010,itdiag8-dotcom/database (vivid_cars2000.db),added_from_vivid
Toyota,FJ Cruiser,2006,2016,gor3a/vehicle-makes-models,added_missing
Toyota,"FORTUNER Closed Off-Road Vehicle (TGN6_, KUN6_, GGN6_, TGN5_",2003,2011,itdiag8-dotcom/database (vivid_cars2000.db),added_from_vivid
Toyota,GR 86,2021,2026,gor3a/vehicle-makes-models,added_missing
Toyota,GR Corolla,2022,2026,gor3a/vehicle-makes-models,added_missing
Toyota,GR Supra,2022,2026,gor3a/vehicle-makes-models,added_missing
Toyota,GR Yaris,2020,2026,gor3a/vehicle-makes-models,added_missing
Toyota,GR86,,,DanielKohut/car-data,added_missing
Toyota,GT 86,2012,2021,gor3a/vehicle-makes-models,added_missing
Toyota,GT 86 Coupe (ZN6_),2011,2011,itdiag8-dotcom/database (vivid_cars2000.db),added_from_vivid
Toyota,Grand Highlander,2023,2026,gor3a/vehicle-makes-models,added_missing
Toyota,"HARRIER (MCU3_, MHU3_, ACU3_, GSU3_)",2003,2004,itdiag8-dotcom/database (vivid_cars2000.db),added_from_vivid
Toyota,"HARRIER (SXU1_, MCU1_, ACU1_)",2000,2000,itdiag8-dotcom/database (vivid_cars2000.db),added_from_vivid
Toyota,HARRIER (ZSU6_),2012,2012,itdiag8-dotcom/database (vivid_cars2000.db),added_from_vivid
Toyota,"HIACE / COMMUTER IV (TRH2_, KDH2_)",2004,2007,itdiag8-dotcom/database (vivid_cars2000.db),added_from_vivid
Toyota,"HIACE III Box (YH7_, LH6_, LH7_, LH5_, YH5_, YH6_)",2001,2001,itdiag8-dotcom/database (vivid_cars2000.db),added_from_vivid
Toyota,"HIACE III Wagon (LH1_, RZH1_)",2001,2001,itdiag8-dotcom/database (vivid_cars2000.db),added_from_vivid
Toyota,"HIACE IV Box (LXH1_, RZH1_, LH1_)",2001,2005,itdiag8-dotcom/database (vivid_cars2000.db),added_from_vivid
Toyota,"HIACE IV Box (TRH2_, KDH2_)",2004,2007,itdiag8-dotcom/database (vivid_cars2000.db),added_from_vivid
Toyota,HIACE IV Bus (LH1_),2001,2005,itdiag8-dotcom/database (vivid_cars2000.db),added_from_vivid
Toyota,"HILUX Closed Off-Road Vehicle (RZN1_, LN1_)",2000,2002,itdiag8-dotcom/database (vivid_cars2000.db),added_from_vivid
Toyota,"HILUX II Pickup (RN6_, RN5_, LN6_, YN6_, YN5_, LN5_)",2000,2002,itdiag8-dotcom/database (vivid_cars2000.db),added_from_vivid
Toyota,"HILUX III Pickup (TGN1_, GGN2_, GGN1_, KUN2_, KUN1_)",2003,2009,itdiag8-dotcom/database (vivid_cars2000.db),added_from_vivid
Toyota,"HILUX III Platform/Chassis (KUN1_, TGN3_, TGN2_, TGN1_, KUN2",2004,2004,itdiag8-dotcom/database (vivid_cars2000.db),added_from_vivid
Toyota,Harrier,2014,2020,gor3a/vehicle-makes-models,added_missing
Toyota,Highlander,,,DanielKohut/car-data,added_missing
Toyota,Highlander / Kluger,2001,2026,gor3a/vehicle-makes-models,added_missing
Toyota,Hilux Extra Cab,2011,2017,gor3a/vehicle-makes-models,added_missing
Toyota,"IQ (KPJ1_, NGJ1_, KGJ1_, NUJ1_)",2008,2011,itdiag8-dotcom/database (vivid_cars2000.db),added_from_vivid
Toyota,"ISIS (ZNM1_, ANM1_, ZGM1_)",2003,2006,itdiag8-dotcom/database (vivid_cars2000.db),added_from_vivid
Toyota,IST (NCP6_),2003,2003,itdiag8-dotcom/database (vivid_cars2000.db),added_from_vivid
Toyota,Innova,2011,2013,gor3a/vehicle-makes-models,added_missing
Toyota,"KIJANG INNOVA (_TGN4_, _KUN4_)",2003,2003,itdiag8-dotcom/database (vivid_cars2000.db),added_from_vivid
Toyota,"KLUGER (_MCU2_, _ACU2_)",2000,2004,itdiag8-dotcom/database (vivid_cars2000.db),added_from_vivid
Toyota,"KLUGER (_MHU4_, _GSU4_, _ASU4_)",2006,2006,itdiag8-dotcom/database (vivid_cars2000.db),added_from_vivid
Toyota,"LAND CRUISER (KDJ12_, GRJ12_)",2002,2003,itdiag8-dotcom/database (vivid_cars2000.db),added_from_vivid
Toyota,"LAND CRUISER (PZJ7_, KZJ7_, HZJ7_, BJ7_, LJ7_, RJ7_)",2001,2006,itdiag8-dotcom/database (vivid_cars2000.db),added_from_vivid
Toyota,"LAND CRUISER (VDJ20_, UZJ20_)",2006,2011,itdiag8-dotcom/database (vivid_cars2000.db),added_from_vivid
Toyota,LAND CRUISER 100 (UZJ100),2002,2002,itdiag8-dotcom/database (vivid_cars2000.db),added_from_vivid
Toyota,"LAND CRUISER 150 (KDJ15_, GRJ15_)",2009,2009,itdiag8-dotcom/database (vivid_cars2000.db),added_from_vivid
Toyota,LAND CRUISER 90 (_J9_),2000,2002,itdiag8-dotcom/database (vivid_cars2000.db),added_from_vivid
Toyota,LAND CRUISER Pickup (_J7_),2006,2006,itdiag8-dotcom/database (vivid_cars2000.db),added_from_vivid
Toyota,Land Cruiser / Prado,1996,2026,gor3a/vehicle-makes-models,added_missing
Toyota,Land Cruiser V8 and predecessors,1984,2021,gor3a/vehicle-makes-models,added_missing
Toyota,MARK X I (GRX12_),2003,2003,itdiag8-dotcom/database (vivid_cars2000.db),added_from_vivid
Toyota,MARK X II (GRX13_),2008,2008,itdiag8-dotcom/database (vivid_cars2000.db),added_from_vivid
Toyota,"MARK X ZiO (GGA1_, ANA1_)",2006,2006,itdiag8-dotcom/database (vivid_cars2000.db),added_from_vivid
Toyota,MATRIX (ZZE13_),2001,2001,itdiag8-dotcom/database (vivid_cars2000.db),added_from_vivid
Toyota,MR2,1985,2005,gor3a/vehicle-makes-models,added_missing
Toyota,Mirai,2015,2026,gor3a/vehicle-makes-models,added_missing
Toyota,"NOAH/VOXY (ZRR8_, ZWR8_)",2012,2012,itdiag8-dotcom/database (vivid_cars2000.db),added_from_vivid
Toyota,NOAH/VOXY (_AZR6_),2001,2001,itdiag8-dotcom/database (vivid_cars2000.db),added_from_vivid
Toyota,NOAH/VOXY (_ZRR7_),2006,2006,itdiag8-dotcom/database (vivid_cars2000.db),added_from_vivid
Toyota,"OPA (ZCT1_, ACT1_)",2000,2000,itdiag8-dotcom/database (vivid_cars2000.db),added_from_vivid
Toyota,ORIGIN (JCG1_),2000,2000,itdiag8-dotcom/database (vivid_cars2000.db),added_from_vivid
Toyota,"PASSO (_NC1_, _XC1_)",2004,2007,itdiag8-dotcom/database (vivid_cars2000.db),added_from_vivid
Toyota,"PASSO (_NGC3_, _KGC3_)",2009,2009,itdiag8-dotcom/database (vivid_cars2000.db),added_from_vivid
Toyota,PICNIC (_XM10),2000,2001,itdiag8-dotcom/database (vivid_cars2000.db),added_from_vivid
Toyota,PIXIS Bus (S3_M),2011,2011,itdiag8-dotcom/database (vivid_cars2000.db),added_from_vivid
Toyota,"PIXIS EPOCH (LA31_, LA30_)",2011,2011,itdiag8-dotcom/database (vivid_cars2000.db),added_from_vivid
Toyota,PIXIS Platform/Chassis (S2_),2011,2011,itdiag8-dotcom/database (vivid_cars2000.db),added_from_vivid
Toyota,"PIXIS SPACE (L58_A, L57_A)",2010,2010,itdiag8-dotcom/database (vivid_cars2000.db),added_from_vivid
Toyota,PLATZ (NCP1_),2002,2002,itdiag8-dotcom/database (vivid_cars2000.db),added_from_vivid
Toyota,PORTE (_NNP1_),2003,2003,itdiag8-dotcom/database (vivid_cars2000.db),added_from_vivid
Toyota,PORTE II (NCP14_),2011,2011,itdiag8-dotcom/database (vivid_cars2000.db),added_from_vivid
Toyota,"PREMIO (NZT26_, ZRT26_)",2006,2006,itdiag8-dotcom/database (vivid_cars2000.db),added_from_vivid
Toyota,"PREMIO (ZZT24_, NZT24_, AZT24_)",2001,2001,itdiag8-dotcom/database (vivid_cars2000.db),added_from_vivid
Toyota,"PREVIA (MCR3_, ACR3_, CLR3_)",2000,2002,itdiag8-dotcom/database (vivid_cars2000.db),added_from_vivid
Toyota,"PREVIA III (ACR5_, GSR5_)",2004,2011,itdiag8-dotcom/database (vivid_cars2000.db),added_from_vivid
Toyota,PRIUS (ZVW3_),2008,2008,itdiag8-dotcom/database (vivid_cars2000.db),added_from_vivid
Toyota,PRIUS C (NHP10_),2011,2011,itdiag8-dotcom/database (vivid_cars2000.db),added_from_vivid
Toyota,PRIUS Hatchback (NHW20_),2003,2003,itdiag8-dotcom/database (vivid_cars2000.db),added_from_vivid
Toyota,PRIUS PLUS (ZVW4_),2010,2010,itdiag8-dotcom/database (vivid_cars2000.db),added_from_vivid
Toyota,PRIUS Saloon (NHW11_),2000,2000,itdiag8-dotcom/database (vivid_cars2000.db),added_from_vivid
Toyota,PROACE Box Body / Estate,2012,2012,itdiag8-dotcom/database (vivid_cars2000.db),added_from_vivid
Toyota,"PROBOX/SUCCEED (_NLP5_, _NCP5_)",2002,2002,itdiag8-dotcom/database (vivid_cars2000.db),added_from_vivid
Toyota,Paseo,1996,2000,gor3a/vehicle-makes-models,added_missing
Toyota,Picnic,1996,2001,gor3a/vehicle-makes-models,added_missing
Toyota,Previa / Estima,1992,2016,gor3a/vehicle-makes-models,added_missing
Toyota,Prius C,2012,2021,gor3a/vehicle-makes-models,added_missing
Toyota,Prius Prime,2016,2022,gor3a/vehicle-makes-models,added_missing
Toyota,Prius Prime (PHEV),2017,2027,plowman/open-vehicle-db,added_missing
Toyota,Prius V,2012,2017,plowman/open-vehicle-db,added_missing
Toyota,Prius v/Prius+,2011,2021,gor3a/vehicle-makes-models,added_missing
Toyota,"RACTIS (SCP10_, NCP10_)",2004,2004,itdiag8-dotcom/database (vivid_cars2000.db),added_from_vivid
Toyota,RAUM MPV (NCZ2_),2003,2003,itdiag8-dotcom/database (vivid_cars2000.db),added_from_vivid
Toyota,"RAV 4 II (CLA2_, XA2_, ZCA2_, ACA2_)",2000,2003,itdiag8-dotcom/database (vivid_cars2000.db),added_from_vivid
Toyota,"RAV 4 III (ACA3_, ACE_, ALA3_, GSA3_, ZSA3_)",2004,2008,itdiag8-dotcom/database (vivid_cars2000.db),added_from_vivid
Toyota,"RAV 4 IV (ZSA4_, ALA4_)",2011,2012,itdiag8-dotcom/database (vivid_cars2000.db),added_from_vivid
Toyota,RAV4 Prime (PHEV),2021,2027,plowman/open-vehicle-db,added_missing
Toyota,"REGIUSACE Box (TRH2_, KDH2_)",2003,2003,itdiag8-dotcom/database (vivid_cars2000.db),added_from_vivid
Toyota,"REGIUSACE Bus (TRH2_, KDH2_)",2003,2003,itdiag8-dotcom/database (vivid_cars2000.db),added_from_vivid
Toyota,RUSH Closed Off-Road Vehicle (J2_),2005,2005,itdiag8-dotcom/database (vivid_cars2000.db),added_from_vivid
Toyota,Rukus,2007,2015,gor3a/vehicle-makes-models,added_missing
Toyota,SAI (AZK1_),2008,2008,itdiag8-dotcom/database (vivid_cars2000.db),added_from_vivid
Toyota,"SEQUOIA (UCK45_, UCK35_)",2000,2000,itdiag8-dotcom/database (vivid_cars2000.db),added_from_vivid
Toyota,"SEQUOIA (UCK6_, UPK6_, USK6_)",2006,2006,itdiag8-dotcom/database (vivid_cars2000.db),added_from_vivid
Toyota,"SIENNA (ASL3_, GSL3_)",2009,2009,itdiag8-dotcom/database (vivid_cars2000.db),added_from_vivid
Toyota,"SIENNA (MCL2_, GSL2_)",2003,2003,itdiag8-dotcom/database (vivid_cars2000.db),added_from_vivid
Toyota,SIENTA (NCP8_),2003,2003,itdiag8-dotcom/database (vivid_cars2000.db),added_from_vivid
Toyota,SOLUNA VIOS,2002,2002,itdiag8-dotcom/database (vivid_cars2000.db),added_from_vivid
Toyota,SPADE (NCP14_),2011,2011,itdiag8-dotcom/database (vivid_cars2000.db),added_from_vivid
Toyota,"SPARKY (S23_, S22_)",2000,2000,itdiag8-dotcom/database (vivid_cars2000.db),added_from_vivid
Toyota,"STALLION (RZF5_, LF5_)",2000,2000,itdiag8-dotcom/database (vivid_cars2000.db),added_from_vivid
Toyota,Scion FR-S,2013,2016,plowman/open-vehicle-db,added_missing
Toyota,Scion iA,2016,2016,plowman/open-vehicle-db,added_missing
Toyota,Scion iM,2016,2016,plowman/open-vehicle-db,added_missing
Toyota,Scion iQ,2011,2015,plowman/open-vehicle-db,added_missing
Toyota,Scion tC,2005,2016,plowman/open-vehicle-db,added_missing
Toyota,Scion xA,2004,2006,plowman/open-vehicle-db,added_missing
Toyota,Scion xB,2004,2015,plowman/open-vehicle-db,added_missing
Toyota,Scion xD,2008,2014,plowman/open-vehicle-db,added_missing
Toyota,Sienna,1998,2026,gor3a/vehicle-makes-models,added_missing
Toyota,Solara,2004,2008,gor3a/vehicle-makes-models,added_missing
Toyota,Supra,1993,2026,gor3a/vehicle-makes-models,added_missing
Toyota,"TOWN ACE Box (KM8_, KM7_, CM8_, CM7_)",2001,2001,itdiag8-dotcom/database (vivid_cars2000.db),added_from_vivid
Toyota,"TOWN ACE Bus (SR5_, SR4_, KR4_, CR5_, CR4_)",2001,2003,itdiag8-dotcom/database (vivid_cars2000.db),added_from_vivid
Toyota,"TUNDRA Pickup (_K4_, _K3_)",2003,2003,itdiag8-dotcom/database (vivid_cars2000.db),added_from_vivid
Toyota,TUNDRA Pickup (_K5_),2006,2008,itdiag8-dotcom/database (vivid_cars2000.db),added_from_vivid
Toyota,"TUV Platform/Chassis (YF_, RZF_, LF_, KF_)",2003,2003,itdiag8-dotcom/database (vivid_cars2000.db),added_from_vivid
Toyota,"URBAN CRUISER (NSP1_, NLP1_, ZSP1_, NCP11_)",2006,2009,itdiag8-dotcom/database (vivid_cars2000.db),added_from_vivid
Toyota,"VANGUARD (ACA3_, GSA3_)",2004,2004,itdiag8-dotcom/database (vivid_cars2000.db),added_from_vivid
Toyota,"VENZA (GGV1_, AGV1_)",2007,2007,itdiag8-dotcom/database (vivid_cars2000.db),added_from_vivid
Toyota,"VEROSSA (JZX11_, GX11_)",2000,2000,itdiag8-dotcom/database (vivid_cars2000.db),added_from_vivid
Toyota,"VERSO (_AUR2_, _ZGR2_)",2008,2012,itdiag8-dotcom/database (vivid_cars2000.db),added_from_vivid
Toyota,"VERSO S (NLP12_, NCP12_, NSP12_)",2009,2009,itdiag8-dotcom/database (vivid_cars2000.db),added_from_vivid
Toyota,VERSO-S,2010,2017,gor3a/vehicle-makes-models,added_missing
Toyota,"VIOS (SCP4_, NCP4_, AXP4_)",2002,2002,itdiag8-dotcom/database (vivid_cars2000.db),added_from_vivid
Toyota,VIOS/YARIS Saloon (NCP15_),2012,2012,itdiag8-dotcom/database (vivid_cars2000.db),added_from_vivid
Toyota,"VIOS/YARIS Saloon (ZSP9_, NCP9_)",2006,2006,itdiag8-dotcom/database (vivid_cars2000.db),added_from_vivid
Toyota,"VISTA Saloon (SV5_, ZV5_)",2001,2002,itdiag8-dotcom/database (vivid_cars2000.db),added_from_vivid
Toyota,Venza,2009,2026,gor3a/vehicle-makes-models,added_missing
Toyota,WILL CYPHA (NCP7_),2001,2001,itdiag8-dotcom/database (vivid_cars2000.db),added_from_vivid
Toyota,"WILL VS (ZZE12_, NZE12_)",2001,2001,itdiag8-dotcom/database (vivid_cars2000.db),added_from_vivid
Toyota,WILL Vi (NCP19_),2000,2000,itdiag8-dotcom/database (vivid_cars2000.db),added_from_vivid
Toyota,WINDOM (MCV3_),2001,2001,itdiag8-dotcom/database (vivid_cars2000.db),added_from_vivid
Toyota,WISH MPV (ZGE2_),2008,2008,itdiag8-dotcom/database (vivid_cars2000.db),added_from_vivid
Toyota,"WISH MPV (ZNE1_, ANE1_)",2002,2002,itdiag8-dotcom/database (vivid_cars2000.db),added_from_vivid
Toyota,YARIS (NCP15_),2012,2012,itdiag8-dotcom/database (vivid_cars2000.db),added_from_vivid
Toyota,"YARIS (NHP13_, NSP13_, NCP13_, KSP13_, NLP13_)",2009,2011,itdiag8-dotcom/database (vivid_cars2000.db),added_from_vivid
Toyota,"YARIS (SCP1_, NLP1_, NCP1_)",2001,2004,itdiag8-dotcom/database (vivid_cars2000.db),added_from_vivid
Toyota,"YARIS (SCP9_, NSP9_, KSP9_, NCP9_, ZSP9_)",2004,2009,itdiag8-dotcom/database (vivid_cars2000.db),added_from_vivid
Toyota,"YARIS VERSO (_NLP2_, _NCP2_)",2000,2003,itdiag8-dotcom/database (vivid_cars2000.db),added_from_vivid
Toyota,Yaris Cross,2020,2026,gor3a/vehicle-makes-models,added_missing
Toyota,Yaris TS,2007,2010,gor3a/vehicle-makes-models,added_missing
Toyota,Yaris iA,2017,2019,plowman/open-vehicle-db,added_missing
Toyota,ZELAS Coupe (AGT20),2009,2009,itdiag8-dotcom/database (vivid_cars2000.db),added_from_vivid
Toyota,bB I (NCP3_),2000,2000,itdiag8-dotcom/database (vivid_cars2000.db),added_from_vivid
Toyota,bB II (QNC2_),2004,2004,itdiag8-dotcom/database (vivid_cars2000.db),added_from_vivid
Toyota,bZ,2026,2026,gor3a/vehicle-makes-models,added_missing
Toyota,bZ Woodland,2026,2027,plowman/open-vehicle-db,added_missing
Toyota,bZ4X,2022,2026,gor3a/vehicle-makes-models,added_missing
Triumph,CHIMAERA,2000,2000,itdiag8-dotcom/database (vivid_cars2000.db),added_from_vivid
Triumph,GRIFFITH (TCT_),2000,2000,itdiag8-dotcom/database (vivid_cars2000.db),added_from_vivid
Vauxhall,AGILA Mk I (A),2000,2003,itdiag8-dotcom/database (vivid_cars2000.db),added_from_vivid
Vauxhall,AGILA Mk II (B),2007,2010,itdiag8-dotcom/database (vivid_cars2000.db),added_from_vivid
Vauxhall,"ANTARA (J26, H26)",2005,2009,itdiag8-dotcom/database (vivid_cars2000.db),added_from_vivid
Vauxhall,ASTRA GTC Mk VI (J),2010,2012,itdiag8-dotcom/database (vivid_cars2000.db),added_from_vivid
Vauxhall,ASTRA Mk IV (G) Convertible,2001,2002,itdiag8-dotcom/database (vivid_cars2000.db),added_from_vivid
Vauxhall,ASTRA Mk IV (G) Coupe (F67),2000,2002,itdiag8-dotcom/database (vivid_cars2000.db),added_from_vivid
Vauxhall,ASTRA Mk IV (G) Estate,2000,2002,itdiag8-dotcom/database (vivid_cars2000.db),added_from_vivid
Vauxhall,ASTRA Mk IV (G) Hatchback,2000,2002,itdiag8-dotcom/database (vivid_cars2000.db),added_from_vivid
Vauxhall,ASTRA Mk IV (G) Saloon,2000,2002,itdiag8-dotcom/database (vivid_cars2000.db),added_from_vivid
Vauxhall,ASTRA Mk V (H) Estate,2003,2006,itdiag8-dotcom/database (vivid_cars2000.db),added_from_vivid
Vauxhall,ASTRA Mk V (H) Hatchback,2003,2006,itdiag8-dotcom/database (vivid_cars2000.db),added_from_vivid
Vauxhall,ASTRA Mk V (H) Sport Hatch,2004,2008,itdiag8-dotcom/database (vivid_cars2000.db),added_from_vivid
Vauxhall,ASTRA Mk VI (J),2008,2012,itdiag8-dotcom/database (vivid_cars2000.db),added_from_vivid
Vauxhall,ASTRA Mk VI (J) Saloon,2011,2011,itdiag8-dotcom/database (vivid_cars2000.db),added_from_vivid
Vauxhall,ASTRA Mk VI (J) Sports Tourer,2009,2012,itdiag8-dotcom/database (vivid_cars2000.db),added_from_vivid
Vauxhall,ASTRA TwinTop Mk V (H),2004,2007,itdiag8-dotcom/database (vivid_cars2000.db),added_from_vivid
Vauxhall,ASTRAVAN Mk IV (G),2000,2003,itdiag8-dotcom/database (vivid_cars2000.db),added_from_vivid
Vauxhall,ASTRAVAN Mk V (H),2004,2010,itdiag8-dotcom/database (vivid_cars2000.db),added_from_vivid
Vauxhall,Adam,,,DanielKohut/car-data,added_missing
Vauxhall,Agila A,,,DanielKohut/car-data,added_missing
Vauxhall,Agila B,,,DanielKohut/car-data,added_missing
Vauxhall,Ampera,,,DanielKohut/car-data,added_missing
Vauxhall,Antara,2007,2015,gor3a/vehicle-makes-models,added_missing
Vauxhall,Astra,2004,2026,gor3a/vehicle-makes-models,added_missing
Vauxhall,Astra F,,,DanielKohut/car-data,added_missing
Vauxhall,Astra G,,,DanielKohut/car-data,added_missing
Vauxhall,Astra H,,,DanielKohut/car-data,added_missing
Vauxhall,Astra J,,,DanielKohut/car-data,added_missing
Vauxhall,Astra K,,,DanielKohut/car-data,added_missing
Vauxhall,Astra L,,,DanielKohut/car-data,added_missing
Vauxhall,Astra Sport Hatch,2004,2010,gor3a/vehicle-makes-models,added_missing
Vauxhall,Astra Twin Top,2007,2010,gor3a/vehicle-makes-models,added_missing
Vauxhall,Astra VXR,2005,2015,gor3a/vehicle-makes-models,added_missing
Vauxhall,BRAVA Pickup,2001,2001,itdiag8-dotcom/database (vivid_cars2000.db),added_from_vivid
Vauxhall,CASCADA Convertible,2012,2012,itdiag8-dotcom/database (vivid_cars2000.db),added_from_vivid
Vauxhall,COMBO Mk II (C) Box Body / Estate (F25),2001,2005,itdiag8-dotcom/database (vivid_cars2000.db),added_from_vivid
Vauxhall,COMBO Mk III (D) Box Body / Estate,2010,2010,itdiag8-dotcom/database (vivid_cars2000.db),added_from_vivid
Vauxhall,COMBO TOUR Mk II (C) (F25),2001,2005,itdiag8-dotcom/database (vivid_cars2000.db),added_from_vivid
Vauxhall,"CORSA Mk II (C) (W5L, F08)",2000,2004,itdiag8-dotcom/database (vivid_cars2000.db),added_from_vivid
Vauxhall,CORSA Mk III (D) (L_8),2005,2011,itdiag8-dotcom/database (vivid_cars2000.db),added_from_vivid
Vauxhall,CORSA Mk IV (E),2012,2012,itdiag8-dotcom/database (vivid_cars2000.db),added_from_vivid
Vauxhall,CORSAVAN Mk II (C),2000,2003,itdiag8-dotcom/database (vivid_cars2000.db),added_from_vivid
Vauxhall,CORSAVAN Mk III (D),2005,2009,itdiag8-dotcom/database (vivid_cars2000.db),added_from_vivid
Vauxhall,CORSAVAN Mk IV (E),2013,2013,itdiag8-dotcom/database (vivid_cars2000.db),added_from_vivid
Vauxhall,Cascada,,,DanielKohut/car-data,added_missing
Vauxhall,Combo A,,,DanielKohut/car-data,added_missing
Vauxhall,Combo B,,,DanielKohut/car-data,added_missing
Vauxhall,Combo C,,,DanielKohut/car-data,added_missing
Vauxhall,Combo D,,,DanielKohut/car-data,added_missing
Vauxhall,Combo E,,,DanielKohut/car-data,added_missing
Vauxhall,Corsa,2001,2023,gor3a/vehicle-makes-models,added_missing
Vauxhall,Corsa A,,,DanielKohut/car-data,added_missing
Vauxhall,Corsa B,,,DanielKohut/car-data,added_missing
Vauxhall,Corsa C,,,DanielKohut/car-data,added_missing
Vauxhall,Corsa D,,,DanielKohut/car-data,added_missing
Vauxhall,Corsa E,,,DanielKohut/car-data,added_missing
Vauxhall,Corsa F,,,DanielKohut/car-data,added_missing
Vauxhall,Corsa G,,,DanielKohut/car-data,added_missing
Vauxhall,Corsa GSE,2026,2026,gor3a/vehicle-makes-models,added_missing
Vauxhall,Corsa VXR,2011,2013,gor3a/vehicle-makes-models,added_missing
Vauxhall,Crossland,,,DanielKohut/car-data,added_missing
Vauxhall,Crossland X,2017,2018,gor3a/vehicle-makes-models,added_missing
Vauxhall,Frontera A,,,DanielKohut/car-data,added_missing
Vauxhall,Frontera B,,,DanielKohut/car-data,added_missing
Vauxhall,Grandland,2021,2026,gor3a/vehicle-makes-models,added_missing
Vauxhall,Grandland X,,,DanielKohut/car-data,added_missing
Vauxhall,INSIGNIA Estate,2007,2013,itdiag8-dotcom/database (vivid_cars2000.db),added_from_vivid
Vauxhall,INSIGNIA Saloon,2007,2013,itdiag8-dotcom/database (vivid_cars2000.db),added_from_vivid
Vauxhall,Insignia,2008,2017,gor3a/vehicle-makes-models,added_missing
Vauxhall,Insignia A,,,DanielKohut/car-data,added_missing
Vauxhall,Insignia B,,,DanielKohut/car-data,added_missing
Vauxhall,Insignia Country Tourer,2013,2017,gor3a/vehicle-makes-models,added_missing
Vauxhall,Insignia Sports Tourer,2009,2017,gor3a/vehicle-makes-models,added_missing
Vauxhall,Insignia VXR,2012,2017,gor3a/vehicle-makes-models,added_missing
Vauxhall,Insignia VXR Sports Tourer,2010,2019,gor3a/vehicle-makes-models,added_missing
Vauxhall,MAGNUM Estate,2013,2013,itdiag8-dotcom/database (vivid_cars2000.db),added_from_vivid
Vauxhall,MERIVA Mk I (A),2002,2005,itdiag8-dotcom/database (vivid_cars2000.db),added_from_vivid
Vauxhall,MERIVA Mk II (B),2009,2012,itdiag8-dotcom/database (vivid_cars2000.db),added_from_vivid
Vauxhall,"MOVANO Mk I (A) Chassis/Cab (ED, UD, HD)",2000,2005,itdiag8-dotcom/database (vivid_cars2000.db),added_from_vivid
Vauxhall,MOVANO Mk I (A) Combi (JD),2000,2005,itdiag8-dotcom/database (vivid_cars2000.db),added_from_vivid
Vauxhall,MOVANO Mk I (A) Van (FD),2000,2005,itdiag8-dotcom/database (vivid_cars2000.db),added_from_vivid
Vauxhall,MOVANO Mk II (B) Chassis/Cab,2009,2012,itdiag8-dotcom/database (vivid_cars2000.db),added_from_vivid
Vauxhall,MOVANO Mk II (B) Combi,2009,2012,itdiag8-dotcom/database (vivid_cars2000.db),added_from_vivid
Vauxhall,MOVANO Mk II (B) VAN,2009,2012,itdiag8-dotcom/database (vivid_cars2000.db),added_from_vivid
Vauxhall,Meriva,2003,2017,gor3a/vehicle-makes-models,added_missing
Vauxhall,Meriva A,,,DanielKohut/car-data,added_missing
Vauxhall,Meriva B,,,DanielKohut/car-data,added_missing
Vauxhall,Meriva VXR,2003,2009,gor3a/vehicle-makes-models,added_missing
Vauxhall,Mokka,2012,2016,gor3a/vehicle-makes-models,added_missing
Vauxhall,Mokka X,2016,2019,gor3a/vehicle-makes-models,added_missing
Vauxhall,Mokka-e,,,DanielKohut/car-data,added_missing
Vauxhall,Monaro,2001,2007,gor3a/vehicle-makes-models,added_missing
Vauxhall,Monaro VXR,2005,2007,gor3a/vehicle-makes-models,added_missing
Vauxhall,OMEGA (B),2000,2001,itdiag8-dotcom/database (vivid_cars2000.db),added_from_vivid
Vauxhall,OMEGA (B) Estate,2000,2001,itdiag8-dotcom/database (vivid_cars2000.db),added_from_vivid
Vauxhall,Omega A,,,DanielKohut/car-data,added_missing
Vauxhall,Omega B,,,DanielKohut/car-data,added_missing
Vauxhall,SPEEDSTER,2001,2001,itdiag8-dotcom/database (vivid_cars2000.db),added_from_vivid
Vauxhall,Signum,2005,2008,gor3a/vehicle-makes-models,added_missing
Vauxhall,TIGRA TwinTop,2003,2003,itdiag8-dotcom/database (vivid_cars2000.db),added_from_vivid
Vauxhall,Tigra A,,,DanielKohut/car-data,added_missing
Vauxhall,Tigra B (TwinTop),,,DanielKohut/car-data,added_missing
Vauxhall,Tigra Twin Top,2004,2009,gor3a/vehicle-makes-models,added_missing
Vauxhall,VECTRA (B),2000,2000,itdiag8-dotcom/database (vivid_cars2000.db),added_from_vivid
Vauxhall,VECTRA (B) Estate,2000,2000,itdiag8-dotcom/database (vivid_cars2000.db),added_from_vivid
Vauxhall,VECTRA (B) Hatchback,2000,2000,itdiag8-dotcom/database (vivid_cars2000.db),added_from_vivid
Vauxhall,VECTRA Mk II (C),2000,2005,itdiag8-dotcom/database (vivid_cars2000.db),added_from_vivid
Vauxhall,VECTRA Mk II (C) Estate,2003,2005,itdiag8-dotcom/database (vivid_cars2000.db),added_from_vivid
Vauxhall,VECTRA Mk II (C) GTS,2002,2005,itdiag8-dotcom/database (vivid_cars2000.db),added_from_vivid
Vauxhall,VIVARO Box,2012,2012,itdiag8-dotcom/database (vivid_cars2000.db),added_from_vivid
Vauxhall,VIVARO Box (F7),2001,2005,itdiag8-dotcom/database (vivid_cars2000.db),added_from_vivid
Vauxhall,VIVARO Combi,2012,2012,itdiag8-dotcom/database (vivid_cars2000.db),added_from_vivid
Vauxhall,VIVARO Combi (J7),2001,2005,itdiag8-dotcom/database (vivid_cars2000.db),added_from_vivid
Vauxhall,VIVARO Platform/Chassis (E7),2002,2005,itdiag8-dotcom/database (vivid_cars2000.db),added_from_vivid
Vauxhall,VX 220,2000,2005,gor3a/vehicle-makes-models,added_missing
Vauxhall,VX220,2000,2001,itdiag8-dotcom/database (vivid_cars2000.db),added_from_vivid
Vauxhall,VXR8,2008,2017,gor3a/vehicle-makes-models,added_missing
Vauxhall,VXR8 Estate,2007,2007,itdiag8-dotcom/database (vivid_cars2000.db),added_from_vivid
Vauxhall,VXR8 MALOO,2007,2007,itdiag8-dotcom/database (vivid_cars2000.db),added_from_vivid
Vauxhall,VXR8 Saloon,2006,2012,itdiag8-dotcom/database (vivid_cars2000.db),added_from_vivid
Vauxhall,Vectra,2005,2008,gor3a/vehicle-makes-models,added_missing
Vauxhall,Vectra A,,,DanielKohut/car-data,added_missing
Vauxhall,Vectra B,,,DanielKohut/car-data,added_missing
Vauxhall,Vectra C,,,DanielKohut/car-data,added_missing
Vauxhall,Vectra Estate VXR,2005,2008,gor3a/vehicle-makes-models,added_missing
Vauxhall,Vectra Saloon,2005,2008,gor3a/vehicle-makes-models,added_missing
Vauxhall,Vectra VXR,2005,2008,gor3a/vehicle-makes-models,added_missing
Vauxhall,Viva,2015,2019,gor3a/vehicle-makes-models,added_missing
Vauxhall,Viva (new),,,DanielKohut/car-data,added_missing
Vauxhall,Viva (old),,,DanielKohut/car-data,added_missing
Vauxhall,Vivaro A,,,DanielKohut/car-data,added_missing
Vauxhall,Vivaro B,,,DanielKohut/car-data,added_missing
Vauxhall,Vivaro C,,,DanielKohut/car-data,added_missing
Vauxhall,ZAFIRA Mk I (A) (F75),2000,2002,itdiag8-dotcom/database (vivid_cars2000.db),added_from_vivid
Vauxhall,ZAFIRA Mk II (B) (M75),2004,2012,itdiag8-dotcom/database (vivid_cars2000.db),added_from_vivid
Vauxhall,ZAFIRA Mk III (P12),2010,2013,itdiag8-dotcom/database (vivid_cars2000.db),added_from_vivid
Vauxhall,Zafira A,,,DanielKohut/car-data,added_missing
Vauxhall,Zafira B,,,DanielKohut/car-data,added_missing
Vauxhall,Zafira C (Tourer),,,DanielKohut/car-data,added_missing
Vauxhall,Zafira Life,,,DanielKohut/car-data,added_missing
Vauxhall,Zafira VXR,2005,2010,gor3a/vehicle-makes-models,added_missing
Volga,GAZ-21,,,DanielKohut/car-data,added_missing
Volga,GAZ-22,,,DanielKohut/car-data,added_missing
Volga,GAZ-24,,,DanielKohut/car-data,added_missing
Volga,GAZ-24-10,,,DanielKohut/car-data,added_missing
Volga,GAZ-3102,,,DanielKohut/car-data,added_missing
Volga,GAZ-3110,,,DanielKohut/car-data,added_missing
Volga,GAZ-31105,,,DanielKohut/car-data,added_missing
Volga,Siber,,,DanielKohut/car-data,added_missing
Volkswagen,"AMAROK (2H_, S1B)",2009,2011,itdiag8-dotcom/database (vivid_cars2000.db),added_from_vivid
Volkswagen,Ameo,2016,2020,gor3a/vehicle-makes-models,added_missing
Volkswagen,Arteon,2017,2026,gor3a/vehicle-makes-models,added_missing
Volkswagen,Arteon Shooting Brake,2020,2026,gor3a/vehicle-makes-models,added_missing
Volkswagen,Atlas,2017,2026,gor3a/vehicle-makes-models,added_missing
Volkswagen,Atlas Cross Sport,2019,2026,gor3a/vehicle-makes-models,added_missing
Volkswagen,BEETLE (5C1),2010,2013,itdiag8-dotcom/database (vivid_cars2000.db),added_from_vivid
Volkswagen,BEETLE Convertible (5C7),2011,2013,itdiag8-dotcom/database (vivid_cars2000.db),added_from_vivid
Volkswagen,BORA (1J2),2000,2002,itdiag8-dotcom/database (vivid_cars2000.db),added_from_vivid
Volkswagen,BORA Estate (1J6),2000,2003,itdiag8-dotcom/database (vivid_cars2000.db),added_from_vivid
Volkswagen,Beetle (Classic),,,DanielKohut/car-data,added_missing
Volkswagen,Beetle A5,,,DanielKohut/car-data,added_missing
Volkswagen,Beetle Cabrio,2003,2019,gor3a/vehicle-makes-models,added_missing
Volkswagen,CADDY II Box (9K9A),2000,2000,itdiag8-dotcom/database (vivid_cars2000.db),added_from_vivid
Volkswagen,CADDY II Estate (9K9B),2000,2000,itdiag8-dotcom/database (vivid_cars2000.db),added_from_vivid
Volkswagen,"CADDY III Box (2KA, 2KH, 2CA, 2CH)",2003,2011,itdiag8-dotcom/database (vivid_cars2000.db),added_from_vivid
Volkswagen,"CADDY III Estate (2KB, 2KJ, 2CB, 2CJ)",2003,2011,itdiag8-dotcom/database (vivid_cars2000.db),added_from_vivid
Volkswagen,CC,2012,2017,gor3a/vehicle-makes-models,added_missing
Volkswagen,CC (358),2010,2011,itdiag8-dotcom/database (vivid_cars2000.db),added_from_vivid
Volkswagen,CRAFTER 30-35 Bus (2E_),2005,2012,itdiag8-dotcom/database (vivid_cars2000.db),added_from_vivid
Volkswagen,CRAFTER 30-50 Box (2E_),2005,2012,itdiag8-dotcom/database (vivid_cars2000.db),added_from_vivid
Volkswagen,CRAFTER 30-50 Platform/Chassis (2F_),2005,2012,itdiag8-dotcom/database (vivid_cars2000.db),added_from_vivid
Volkswagen,Cross UP!,2013,2019,gor3a/vehicle-makes-models,added_missing
Volkswagen,"EOS (1F7, 1F8)",2005,2012,itdiag8-dotcom/database (vivid_cars2000.db),added_from_vivid
Volkswagen,"FOX (5Z1, 5Z3)",2003,2009,itdiag8-dotcom/database (vivid_cars2000.db),added_from_vivid
Volkswagen,GOL III,2002,2002,itdiag8-dotcom/database (vivid_cars2000.db),added_from_vivid
Volkswagen,GOL IV,2004,2004,itdiag8-dotcom/database (vivid_cars2000.db),added_from_vivid
Volkswagen,GOLF ALLTRACK (BA5),2013,2013,itdiag8-dotcom/database (vivid_cars2000.db),added_from_vivid
Volkswagen,GOLF IV (1J1),2000,2003,itdiag8-dotcom/database (vivid_cars2000.db),added_from_vivid
Volkswagen,GOLF IV Variant (1J5),2000,2002,itdiag8-dotcom/database (vivid_cars2000.db),added_from_vivid
Volkswagen,"GOLF PLUS (5M1, 521)",2004,2009,itdiag8-dotcom/database (vivid_cars2000.db),added_from_vivid
Volkswagen,GOLF V (1K1),2003,2006,itdiag8-dotcom/database (vivid_cars2000.db),added_from_vivid
Volkswagen,GOLF V Variant (1K5),2006,2007,itdiag8-dotcom/database (vivid_cars2000.db),added_from_vivid
Volkswagen,GOLF VI (5K1),2007,2010,itdiag8-dotcom/database (vivid_cars2000.db),added_from_vivid
Volkswagen,GOLF VI Convertible (517),2010,2012,itdiag8-dotcom/database (vivid_cars2000.db),added_from_vivid
Volkswagen,GOLF VI Variant (AJ5),2008,2009,itdiag8-dotcom/database (vivid_cars2000.db),added_from_vivid
Volkswagen,"GOLF VII (5G1, BE1)",2011,2012,itdiag8-dotcom/database (vivid_cars2000.db),added_from_vivid
Volkswagen,GOLF VII Estate (BA5),2012,2013,itdiag8-dotcom/database (vivid_cars2000.db),added_from_vivid
Volkswagen,Golf Alltrack,2014,2026,gor3a/vehicle-makes-models,added_missing
Volkswagen,Golf Cabrio,1993,2016,gor3a/vehicle-makes-models,added_missing
Volkswagen,Golf GTD Variant,2015,2021,gor3a/vehicle-makes-models,added_missing
Volkswagen,Golf GTI / GTD / GTE,1976,2026,gor3a/vehicle-makes-models,added_missing
Volkswagen,Golf GTI cabrio,2012,2015,gor3a/vehicle-makes-models,added_missing
Volkswagen,Golf I (Mk1),,,DanielKohut/car-data,added_missing
Volkswagen,Golf II (Mk2),,,DanielKohut/car-data,added_missing
Volkswagen,Golf III (Mk3),,,DanielKohut/car-data,added_missing
Volkswagen,Golf IV (Mk4),,,DanielKohut/car-data,added_missing
Volkswagen,Golf R,2002,2026,gor3a/vehicle-makes-models,added_missing
Volkswagen,Golf R Cabrio,2013,2017,gor3a/vehicle-makes-models,added_missing
Volkswagen,Golf R Variant,2015,2026,gor3a/vehicle-makes-models,added_missing
Volkswagen,Golf Sportsvan,2014,2020,gor3a/vehicle-makes-models,added_missing
Volkswagen,Golf V (Mk5),,,DanielKohut/car-data,added_missing
Volkswagen,Golf VI (Mk6),,,DanielKohut/car-data,added_missing
Volkswagen,Golf VII (Mk7),,,DanielKohut/car-data,added_missing
Volkswagen,Golf VIII (Mk8),,,DanielKohut/car-data,added_missing
Volkswagen,Golf Variant,1993,2026,gor3a/vehicle-makes-models,added_missing
Volkswagen,ID. Buzz,2023,2026,gor3a/vehicle-makes-models,added_missing
Volkswagen,ID.3,2020,2026,gor3a/vehicle-makes-models,added_missing
Volkswagen,ID.3 GTX,2024,2026,gor3a/vehicle-makes-models,added_missing
Volkswagen,ID.4,2020,2026,gor3a/vehicle-makes-models,added_missing
Volkswagen,ID.5,2021,2026,gor3a/vehicle-makes-models,added_missing
Volkswagen,ID.5 GTX,2021,2026,gor3a/vehicle-makes-models,added_missing
Volkswagen,ID.7,2023,2026,gor3a/vehicle-makes-models,added_missing
Volkswagen,ID.7 GTX,2024,2026,gor3a/vehicle-makes-models,added_missing
Volkswagen,ID.7 GTX Tourer,2024,2026,gor3a/vehicle-makes-models,added_missing
Volkswagen,ID.7 Tourer,2024,2026,gor3a/vehicle-makes-models,added_missing
Volkswagen,ID.Buzz,,,DanielKohut/car-data,added_missing
Volkswagen,ID.Polo GTI,2026,2026,gor3a/vehicle-makes-models,added_missing
Volkswagen,JETTA III (1K2),2004,2008,itdiag8-dotcom/database (vivid_cars2000.db),added_from_vivid
Volkswagen,"JETTA IV (162, 163)",2009,2012,itdiag8-dotcom/database (vivid_cars2000.db),added_from_vivid
Volkswagen,Jetta / Vento / Bora,1992,2026,gor3a/vehicle-makes-models,added_missing
Volkswagen,Jetta GLI,2021,2026,gor3a/vehicle-makes-models,added_missing
Volkswagen,Jetta I,,,DanielKohut/car-data,added_missing
Volkswagen,Jetta II,,,DanielKohut/car-data,added_missing
Volkswagen,Jetta III,,,DanielKohut/car-data,added_missing
Volkswagen,Jetta IV,,,DanielKohut/car-data,added_missing
Volkswagen,Jetta V,,,DanielKohut/car-data,added_missing
Volkswagen,Jetta VI,,,DanielKohut/car-data,added_missing
Volkswagen,Jetta VII,,,DanielKohut/car-data,added_missing
Volkswagen,"LT 28-35 II Bus (2DB, 2DE, 2DK)",2001,2001,itdiag8-dotcom/database (vivid_cars2000.db),added_from_vivid
Volkswagen,"LT 28-46 II Box (2DA, 2DD, 2DH)",2001,2002,itdiag8-dotcom/database (vivid_cars2000.db),added_from_vivid
Volkswagen,"LT 28-46 II Platform/Chassis (2DC, 2DF, 2DG, 2DL, 2DM)",2001,2002,itdiag8-dotcom/database (vivid_cars2000.db),added_from_vivid
Volkswagen,"LUPO (6X1, 6E1)",2000,2001,itdiag8-dotcom/database (vivid_cars2000.db),added_from_vivid
Volkswagen,"MULTIVAN V (7HM, 7HN, 7HF, 7EF, 7EM, 7EN)",2002,2011,itdiag8-dotcom/database (vivid_cars2000.db),added_from_vivid
Volkswagen,"NEW BEETLE (9C1, 1C1)",2000,2004,itdiag8-dotcom/database (vivid_cars2000.db),added_from_vivid
Volkswagen,NEW BEETLE Convertible (1Y7),2002,2004,itdiag8-dotcom/database (vivid_cars2000.db),added_from_vivid
Volkswagen,Nivus,2020,2026,gor3a/vehicle-makes-models,added_missing
Volkswagen,PARATI III,2002,2002,itdiag8-dotcom/database (vivid_cars2000.db),added_from_vivid
Volkswagen,PARATI IV,2003,2003,itdiag8-dotcom/database (vivid_cars2000.db),added_from_vivid
Volkswagen,PASSAT (362),2009,2012,itdiag8-dotcom/database (vivid_cars2000.db),added_from_vivid
Volkswagen,PASSAT (3B2),2000,2000,itdiag8-dotcom/database (vivid_cars2000.db),added_from_vivid
Volkswagen,PASSAT (3B3),2000,2003,itdiag8-dotcom/database (vivid_cars2000.db),added_from_vivid
Volkswagen,PASSAT (3C2),2004,2008,itdiag8-dotcom/database (vivid_cars2000.db),added_from_vivid
Volkswagen,PASSAT (3G2),2012,2013,itdiag8-dotcom/database (vivid_cars2000.db),added_from_vivid
Volkswagen,PASSAT ALLTRACK (365),2011,2012,itdiag8-dotcom/database (vivid_cars2000.db),added_from_vivid
Volkswagen,PASSAT CC (357),2007,2010,itdiag8-dotcom/database (vivid_cars2000.db),added_from_vivid
Volkswagen,PASSAT Variant (365),2009,2012,itdiag8-dotcom/database (vivid_cars2000.db),added_from_vivid
Volkswagen,PASSAT Variant (3B5),2000,2000,itdiag8-dotcom/database (vivid_cars2000.db),added_from_vivid
Volkswagen,PASSAT Variant (3B6),2000,2003,itdiag8-dotcom/database (vivid_cars2000.db),added_from_vivid
Volkswagen,PASSAT Variant (3C5),2004,2008,itdiag8-dotcom/database (vivid_cars2000.db),added_from_vivid
Volkswagen,PASSAT Variant (3G5),2012,2013,itdiag8-dotcom/database (vivid_cars2000.db),added_from_vivid
Volkswagen,PHAETON (3D_),2002,2012,itdiag8-dotcom/database (vivid_cars2000.db),added_from_vivid
Volkswagen,POLO (6N2),2000,2000,itdiag8-dotcom/database (vivid_cars2000.db),added_from_vivid
Volkswagen,"POLO (6R, 6C)",2008,2013,itdiag8-dotcom/database (vivid_cars2000.db),added_from_vivid
Volkswagen,POLO (9N_),2001,2007,itdiag8-dotcom/database (vivid_cars2000.db),added_from_vivid
Volkswagen,POLO Saloon,2009,2009,itdiag8-dotcom/database (vivid_cars2000.db),added_from_vivid
Volkswagen,POLO Saloon (9A4),2002,2003,itdiag8-dotcom/database (vivid_cars2000.db),added_from_vivid
Volkswagen,Passat Alltrack,2012,2023,gor3a/vehicle-makes-models,added_missing
Volkswagen,Passat B1,,,DanielKohut/car-data,added_missing
Volkswagen,Passat B2,,,DanielKohut/car-data,added_missing
Volkswagen,Passat B3,,,DanielKohut/car-data,added_missing
Volkswagen,Passat B4,,,DanielKohut/car-data,added_missing
Volkswagen,Passat B5,,,DanielKohut/car-data,added_missing
Volkswagen,Passat B5.5,,,DanielKohut/car-data,added_missing
Volkswagen,Passat B6,,,DanielKohut/car-data,added_missing
Volkswagen,Passat B7,,,DanielKohut/car-data,added_missing
Volkswagen,Passat B8,,,DanielKohut/car-data,added_missing
Volkswagen,Passat GTE,2015,2022,gor3a/vehicle-makes-models,added_missing
Volkswagen,Passat R,2008,2010,gor3a/vehicle-makes-models,added_missing
Volkswagen,Passat Variant,1974,2026,gor3a/vehicle-makes-models,added_missing
Volkswagen,Passat Variant GTE,2015,2023,gor3a/vehicle-makes-models,added_missing
Volkswagen,Polo BlueGT,2013,2019,gor3a/vehicle-makes-models,added_missing
Volkswagen,Polo GTI,2005,2026,gor3a/vehicle-makes-models,added_missing
Volkswagen,Polo I (Mk1),,,DanielKohut/car-data,added_missing
Volkswagen,Polo II (Mk2),,,DanielKohut/car-data,added_missing
Volkswagen,Polo III (Mk3),,,DanielKohut/car-data,added_missing
Volkswagen,Polo IV (Mk4),,,DanielKohut/car-data,added_missing
Volkswagen,Polo V (Mk5),,,DanielKohut/car-data,added_missing
Volkswagen,Polo VI (Mk6),,,DanielKohut/car-data,added_missing
Volkswagen,Polo Variant,1997,2001,gor3a/vehicle-makes-models,added_missing
Volkswagen,Routan,2008,2013,gor3a/vehicle-makes-models,added_missing
Volkswagen,"SCIROCCO (137, 138)",2007,2012,itdiag8-dotcom/database (vivid_cars2000.db),added_from_vivid
Volkswagen,"SHARAN (7M8, 7M9, 7M6)",2000,2005,itdiag8-dotcom/database (vivid_cars2000.db),added_from_vivid
Volkswagen,SHARAN (7N),2009,2012,itdiag8-dotcom/database (vivid_cars2000.db),added_from_vivid
Volkswagen,Scirocco I,,,DanielKohut/car-data,added_missing
Volkswagen,Scirocco II,,,DanielKohut/car-data,added_missing
Volkswagen,Scirocco III,,,DanielKohut/car-data,added_missing
Volkswagen,Scirocco R,2009,2018,gor3a/vehicle-makes-models,added_missing
Volkswagen,Sharan I,,,DanielKohut/car-data,added_missing
Volkswagen,Sharan II,,,DanielKohut/car-data,added_missing
Volkswagen,T-Cross,2018,2026,gor3a/vehicle-makes-models,added_missing
Volkswagen,T-Roc,2017,2026,gor3a/vehicle-makes-models,added_missing
Volkswagen,T-Roc R,2019,2026,gor3a/vehicle-makes-models,added_missing
Volkswagen,TIGUAN (5N_),2006,2011,itdiag8-dotcom/database (vivid_cars2000.db),added_from_vivid
Volkswagen,"TOUAREG (7LA, 7L6, 7L7)",2002,2006,itdiag8-dotcom/database (vivid_cars2000.db),added_from_vivid
Volkswagen,TOUAREG (7P5),2009,2012,itdiag8-dotcom/database (vivid_cars2000.db),added_from_vivid
Volkswagen,"TOURAN (1T1, 1T2)",2002,2008,itdiag8-dotcom/database (vivid_cars2000.db),added_from_vivid
Volkswagen,TOURAN (1T3),2009,2012,itdiag8-dotcom/database (vivid_cars2000.db),added_from_vivid
Volkswagen,TRANSPORTER IV Box (70XA),2000,2000,itdiag8-dotcom/database (vivid_cars2000.db),added_from_vivid
Volkswagen,"TRANSPORTER IV Bus (70XB, 70XC, 7DB, 7DW)",2000,2000,itdiag8-dotcom/database (vivid_cars2000.db),added_from_vivid
Volkswagen,TRANSPORTER IV Platform/Chassis (70XD),2000,2000,itdiag8-dotcom/database (vivid_cars2000.db),added_from_vivid
Volkswagen,"TRANSPORTER V Box (7HA, 7HH, 7EA, 7EH)",2002,2011,itdiag8-dotcom/database (vivid_cars2000.db),added_from_vivid
Volkswagen,"TRANSPORTER V Bus (7HB, 7HJ, 7EB, 7EJ, 7EF)",2002,2011,itdiag8-dotcom/database (vivid_cars2000.db),added_from_vivid
Volkswagen,"TRANSPORTER V Platform/Chassis (7JD, 7JE, 7JL, 7JY, 7JZ, 7FD",2002,2011,itdiag8-dotcom/database (vivid_cars2000.db),added_from_vivid
Volkswagen,Taigo,2021,2026,gor3a/vehicle-makes-models,added_missing
Volkswagen,Taos,2024,2026,gor3a/vehicle-makes-models,added_missing
Volkswagen,Tayron,2025,2026,gor3a/vehicle-makes-models,added_missing
Volkswagen,Tiguan Allspace,2017,2026,gor3a/vehicle-makes-models,added_missing
Volkswagen,Tiguan I,,,DanielKohut/car-data,added_missing
Volkswagen,Tiguan II,,,DanielKohut/car-data,added_missing
Volkswagen,Touareg I,,,DanielKohut/car-data,added_missing
Volkswagen,Touareg II,,,DanielKohut/car-data,added_missing
Volkswagen,Touareg III,,,DanielKohut/car-data,added_missing
Volkswagen,Touareg R,2020,2026,gor3a/vehicle-makes-models,added_missing
Volkswagen,Transporter Kombi,2015,2024,gor3a/vehicle-makes-models,added_missing
Volkswagen,Transporter T1,,,DanielKohut/car-data,added_missing
Volkswagen,Transporter T2,,,DanielKohut/car-data,added_missing
Volkswagen,Transporter T3,,,DanielKohut/car-data,added_missing
Volkswagen,Transporter T4,,,DanielKohut/car-data,added_missing
Volkswagen,Transporter T5,,,DanielKohut/car-data,added_missing
Volkswagen,Transporter T6,,,DanielKohut/car-data,added_missing
Volkswagen,Transporter T7,,,DanielKohut/car-data,added_missing
Volkswagen,XL1,2013,2016,gor3a/vehicle-makes-models,added_missing
Volkswagen,e-Golf,2014,2021,gor3a/vehicle-makes-models,added_missing
Volkswagen,e-UP!,2013,2023,gor3a/vehicle-makes-models,added_missing
Volkswagen,up!,2012,2023,gor3a/vehicle-makes-models,added_missing
Volkswagen,up! GTI,2018,2023,gor3a/vehicle-makes-models,added_missing
Volvo,C40,2021,2026,gor3a/vehicle-makes-models,added_missing
Volvo,C70 / C30,2012,2012,plowman/open-vehicle-db,added_missing
Volvo,C70 I Convertible,2000,2002,itdiag8-dotcom/database (vivid_cars2000.db),added_from_vivid
Volvo,C70 I Coupe,2000,2000,itdiag8-dotcom/database (vivid_cars2000.db),added_from_vivid
Volvo,C70 II Convertible,2005,2009,itdiag8-dotcom/database (vivid_cars2000.db),added_from_vivid
Volvo,Cab Behind Engine,1986,2027,plowman/open-vehicle-db,added_missing
Volvo,Cab Over Engine HT,1986,2027,plowman/open-vehicle-db,added_missing
Volvo,Cab Over Engine LT,1986,2027,plowman/open-vehicle-db,added_missing
Volvo,EC40,2025,2027,plowman/open-vehicle-db,added_missing
Volvo,EM90,2023,2026,gor3a/vehicle-makes-models,added_missing
Volvo,ES90,2025,2026,gor3a/vehicle-makes-models,added_missing
Volvo,EX30,2023,2026,gor3a/vehicle-makes-models,added_missing
Volvo,EX30 CC,2026,2027,plowman/open-vehicle-db,added_missing
Volvo,EX30 Cross Country,2025,2026,gor3a/vehicle-makes-models,added_missing
Volvo,EX40,2025,2027,plowman/open-vehicle-db,added_missing
Volvo,EX60,2026,2026,gor3a/vehicle-makes-models,added_missing
Volvo,EX60 Cross Country,2026,2026,gor3a/vehicle-makes-models,added_missing
Volvo,EX90,2022,2026,gor3a/vehicle-makes-models,added_missing
Volvo,F12 w/F7 Cab,1986,2027,plowman/open-vehicle-db,added_missing
Volvo,F6 w/F7 Cab,1986,2027,plowman/open-vehicle-db,added_missing
Volvo,S40 I (VS),2000,2001,itdiag8-dotcom/database (vivid_cars2000.db),added_from_vivid
Volvo,S40 II (MS),2003,2009,itdiag8-dotcom/database (vivid_cars2000.db),added_from_vivid
Volvo,S60 Cross Country,2015,2018,gor3a/vehicle-makes-models,added_missing
Volvo,S60 I,2000,2004,itdiag8-dotcom/database (vivid_cars2000.db),added_from_vivid
Volvo,S60 II,2009,2012,itdiag8-dotcom/database (vivid_cars2000.db),added_from_vivid
Volvo,S60 Polestar,2014,2018,gor3a/vehicle-makes-models,added_missing
Volvo,"S80 I (TS, XY)",2000,2003,itdiag8-dotcom/database (vivid_cars2000.db),added_from_vivid
Volvo,S80 II (AS),2005,2013,itdiag8-dotcom/database (vivid_cars2000.db),added_from_vivid
Volvo,S90,1997,2026,gor3a/vehicle-makes-models,added_missing
Volvo,V40 Cross Country,2012,2019,gor3a/vehicle-makes-models,added_missing
Volvo,V40 Estate (VW),2000,2001,itdiag8-dotcom/database (vivid_cars2000.db),added_from_vivid
Volvo,V40 Hatchback,2011,2012,itdiag8-dotcom/database (vivid_cars2000.db),added_from_vivid
Volvo,V50 (MW),2003,2009,itdiag8-dotcom/database (vivid_cars2000.db),added_from_vivid
Volvo,V60 Cross Country,2015,2026,gor3a/vehicle-makes-models,added_missing
Volvo,V60 Polestar,2013,2018,gor3a/vehicle-makes-models,added_missing
Volvo,V60CC,2015,2027,plowman/open-vehicle-db,added_missing
Volvo,V70 II (SW),2000,2004,itdiag8-dotcom/database (vivid_cars2000.db),added_from_vivid
Volvo,V70 III (BW),2006,2012,itdiag8-dotcom/database (vivid_cars2000.db),added_from_vivid
Volvo,V90,1997,2025,gor3a/vehicle-makes-models,added_missing
Volvo,V90 Cross Country,2016,2025,gor3a/vehicle-makes-models,added_missing
Volvo,V90CC,2017,2027,plowman/open-vehicle-db,added_missing
Volvo,VS,2019,2027,plowman/open-vehicle-db,added_missing
Volvo,VT,2019,2027,plowman/open-vehicle-db,added_missing
Volvo,XC40,2017,2026,gor3a/vehicle-makes-models,added_missing
Volvo,XC60 Polestar,2018,2021,gor3a/vehicle-makes-models,added_missing
Volvo,XC70 CROSS COUNTRY,2000,2004,itdiag8-dotcom/database (vivid_cars2000.db),added_from_vivid
Volvo,XC70 II,2006,2012,itdiag8-dotcom/database (vivid_cars2000.db),added_from_vivid
Volvo,XC90 I,2002,2011,itdiag8-dotcom/database (vivid_cars2000.db),added_from_vivid
Volvo,XC90 II,2012,2012,itdiag8-dotcom/database (vivid_cars2000.db),added_from_vivid
hernr_1138,CABRIO (450),2000,2002,itdiag8-dotcom/database (vivid_cars2000.db),added_from_vivid
hernr_1138,CITY-COUPE (450),2001,2002,itdiag8-dotcom/database (vivid_cars2000.db),added_from_vivid
hernr_1138,CROSSBLADE (450),2002,2002,itdiag8-dotcom/database (vivid_cars2000.db),added_from_vivid
hernr_1138,FORFOUR (454),2003,2004,itdiag8-dotcom/database (vivid_cars2000.db),added_from_vivid
hernr_1138,FORFOUR Hatchback (453),2012,2013,itdiag8-dotcom/database (vivid_cars2000.db),added_from_vivid
hernr_1138,FORTWO Cabrio (450),2003,2003,itdiag8-dotcom/database (vivid_cars2000.db),added_from_vivid
hernr_1138,FORTWO Cabrio (451),2006,2012,itdiag8-dotcom/database (vivid_cars2000.db),added_from_vivid
hernr_1138,FORTWO Coupe (450),2003,2003,itdiag8-dotcom/database (vivid_cars2000.db),added_from_vivid
hernr_1138,FORTWO Coupe (451),2006,2012,itdiag8-dotcom/database (vivid_cars2000.db),added_from_vivid
hernr_1138,FORTWO Coupe (453),2012,2013,itdiag8-dotcom/database (vivid_cars2000.db),added_from_vivid
hernr_1138,ROADSTER (452),2002,2003,itdiag8-dotcom/database (vivid_cars2000.db),added_from_vivid
hernr_1138,ROADSTER Coupe (452),2002,2003,itdiag8-dotcom/database (vivid_cars2000.db),added_from_vivid
hernr_1139,FORZA Hatchback,2012,2012,itdiag8-dotcom/database (vivid_cars2000.db),added_from_vivid
hernr_1139,FORZA Saloon,2012,2012,itdiag8-dotcom/database (vivid_cars2000.db),added_from_vivid
hernr_1139,LANOS Hatchback,2003,2003,itdiag8-dotcom/database (vivid_cars2000.db),added_from_vivid
hernr_1139,LANOS PICK-UP,2003,2003,itdiag8-dotcom/database (vivid_cars2000.db),added_from_vivid
hernr_1139,LANOS Saloon,2003,2003,itdiag8-dotcom/database (vivid_cars2000.db),added_from_vivid
hernr_1139,SLAVUTA (1103),2001,2001,itdiag8-dotcom/database (vivid_cars2000.db),added_from_vivid
hernr_1139,VIDA Hatchback,2011,2011,itdiag8-dotcom/database (vivid_cars2000.db),added_from_vivid
hernr_1139,VIDA Saloon,2011,2011,itdiag8-dotcom/database (vivid_cars2000.db),added_from_vivid
hernr_124,10 (188),2004,2004,itdiag8-dotcom/database (vivid_cars2000.db),added_from_vivid
hernr_124,KORAL,2002,2002,itdiag8-dotcom/database (vivid_cars2000.db),added_from_vivid
hernr_1280,BOLERO Offroader,2001,2001,itdiag8-dotcom/database (vivid_cars2000.db),added_from_vivid
hernr_1280,BOLERO Pickup,2002,2002,itdiag8-dotcom/database (vivid_cars2000.db),added_from_vivid
hernr_1280,MAXX,2000,2000,itdiag8-dotcom/database (vivid_cars2000.db),added_from_vivid
hernr_1280,QUADRO,2000,2000,itdiag8-dotcom/database (vivid_cars2000.db),added_from_vivid
hernr_1280,SCORPIO,2002,2002,itdiag8-dotcom/database (vivid_cars2000.db),added_from_vivid
hernr_1480,A.751,2004,2004,itdiag8-dotcom/database (vivid_cars2000.db),added_from_vivid
hernr_1490,SEVEN (CF),2000,2012,itdiag8-dotcom/database (vivid_cars2000.db),added_from_vivid
hernr_1505,CL Coupe,2000,2001,itdiag8-dotcom/database (vivid_cars2000.db),added_from_vivid
hernr_1505,MDX (YD1),2000,2004,itdiag8-dotcom/database (vivid_cars2000.db),added_from_vivid
hernr_1505,MDX (YD2),2005,2005,itdiag8-dotcom/database (vivid_cars2000.db),added_from_vivid
hernr_1505,RDX,2005,2005,itdiag8-dotcom/database (vivid_cars2000.db),added_from_vivid
hernr_1505,RL,2003,2004,itdiag8-dotcom/database (vivid_cars2000.db),added_from_vivid
hernr_1505,RSX Coupe (DC_),2001,2004,itdiag8-dotcom/database (vivid_cars2000.db),added_from_vivid
hernr_1505,TL,2001,2001,itdiag8-dotcom/database (vivid_cars2000.db),added_from_vivid
hernr_1505,TL (UC_),2003,2004,itdiag8-dotcom/database (vivid_cars2000.db),added_from_vivid
hernr_1505,TSX (CL_),2003,2004,itdiag8-dotcom/database (vivid_cars2000.db),added_from_vivid
hernr_1506,HUMMER H2,2002,2007,itdiag8-dotcom/database (vivid_cars2000.db),added_from_vivid
hernr_1506,HUMMER H2  SUT,2003,2006,itdiag8-dotcom/database (vivid_cars2000.db),added_from_vivid
hernr_1506,HUMMER H3,2004,2007,itdiag8-dotcom/database (vivid_cars2000.db),added_from_vivid
hernr_1513,BE UP,2002,2003,itdiag8-dotcom/database (vivid_cars2000.db),added_from_vivid
hernr_1513,NOVA,2002,2002,itdiag8-dotcom/database (vivid_cars2000.db),added_from_vivid
hernr_1516,TS 250,2002,2002,itdiag8-dotcom/database (vivid_cars2000.db),added_from_vivid
hernr_1516,TS 500,2002,2002,itdiag8-dotcom/database (vivid_cars2000.db),added_from_vivid
hernr_1518,650S Coupe,2012,2012,itdiag8-dotcom/database (vivid_cars2000.db),added_from_vivid
hernr_1518,650S Spider,2012,2012,itdiag8-dotcom/database (vivid_cars2000.db),added_from_vivid
hernr_1518,MP4 Coupe,2010,2010,itdiag8-dotcom/database (vivid_cars2000.db),added_from_vivid
hernr_1518,MP4 SPIDER,2011,2011,itdiag8-dotcom/database (vivid_cars2000.db),added_from_vivid
hernr_1520,TAXI,2001,2001,itdiag8-dotcom/database (vivid_cars2000.db),added_from_vivid
hernr_1526,EX,2007,2009,itdiag8-dotcom/database (vivid_cars2000.db),added_from_vivid
hernr_1526,FX,2007,2012,itdiag8-dotcom/database (vivid_cars2000.db),added_from_vivid
hernr_1526,G Convertible,2009,2009,itdiag8-dotcom/database (vivid_cars2000.db),added_from_vivid
hernr_1526,G Coupe,2006,2009,itdiag8-dotcom/database (vivid_cars2000.db),added_from_vivid
hernr_1526,G Saloon,2002,2002,itdiag8-dotcom/database (vivid_cars2000.db),added_from_vivid
hernr_1526,M (Y51),2009,2010,itdiag8-dotcom/database (vivid_cars2000.db),added_from_vivid
hernr_1526,M35,2004,2009,itdiag8-dotcom/database (vivid_cars2000.db),added_from_vivid
hernr_1526,M37,2009,2009,itdiag8-dotcom/database (vivid_cars2000.db),added_from_vivid
hernr_1526,M45,2004,2004,itdiag8-dotcom/database (vivid_cars2000.db),added_from_vivid
hernr_1526,Q45 III (F50),2001,2001,itdiag8-dotcom/database (vivid_cars2000.db),added_from_vivid
hernr_1526,Q50,2012,2012,itdiag8-dotcom/database (vivid_cars2000.db),added_from_vivid
hernr_1526,Q60 Convertible,2012,2012,itdiag8-dotcom/database (vivid_cars2000.db),added_from_vivid
hernr_1526,Q60 Coupe,2012,2012,itdiag8-dotcom/database (vivid_cars2000.db),added_from_vivid
hernr_1526,Q70 (Y51),2012,2012,itdiag8-dotcom/database (vivid_cars2000.db),added_from_vivid
hernr_1526,QX50,2012,2012,itdiag8-dotcom/database (vivid_cars2000.db),added_from_vivid
hernr_1526,QX56,2009,2011,itdiag8-dotcom/database (vivid_cars2000.db),added_from_vivid
hernr_1526,QX70,2012,2012,itdiag8-dotcom/database (vivid_cars2000.db),added_from_vivid
hernr_1533,ALZA,2008,2008,itdiag8-dotcom/database (vivid_cars2000.db),added_from_vivid
hernr_1533,AXIA,2012,2012,itdiag8-dotcom/database (vivid_cars2000.db),added_from_vivid
hernr_1533,KANCIL,2002,2002,itdiag8-dotcom/database (vivid_cars2000.db),added_from_vivid
hernr_1533,KELISA (L7_),2002,2003,itdiag8-dotcom/database (vivid_cars2000.db),added_from_vivid
hernr_1533,KENARI (L9_),2000,2000,itdiag8-dotcom/database (vivid_cars2000.db),added_from_vivid
hernr_1533,MYVI,2005,2005,itdiag8-dotcom/database (vivid_cars2000.db),added_from_vivid
hernr_1533,MYVI II,2010,2010,itdiag8-dotcom/database (vivid_cars2000.db),added_from_vivid
hernr_1533,VIVA,2006,2006,itdiag8-dotcom/database (vivid_cars2000.db),added_from_vivid
hernr_1553,2206,2012,2012,itdiag8-dotcom/database (vivid_cars2000.db),added_from_vivid
hernr_1553,HUNTER (3151),2003,2006,itdiag8-dotcom/database (vivid_cars2000.db),added_from_vivid
hernr_1553,PATRIOT,2003,2005,itdiag8-dotcom/database (vivid_cars2000.db),added_from_vivid
hernr_1553,PICKUP (2360),2003,2003,itdiag8-dotcom/database (vivid_cars2000.db),added_from_vivid
hernr_1556,AMERICA,2009,2009,itdiag8-dotcom/database (vivid_cars2000.db),added_from_vivid
hernr_1556,ASTROLAB,2009,2009,itdiag8-dotcom/database (vivid_cars2000.db),added_from_vivid
hernr_1556,FETISH,2006,2006,itdiag8-dotcom/database (vivid_cars2000.db),added_from_vivid
hernr_1558,GT MF4 Coupe,2003,2009,itdiag8-dotcom/database (vivid_cars2000.db),added_from_vivid
hernr_1558,GT MF5 Coupe,2006,2009,itdiag8-dotcom/database (vivid_cars2000.db),added_from_vivid
hernr_1558,MF3 Roadster,2003,2003,itdiag8-dotcom/database (vivid_cars2000.db),added_from_vivid
hernr_1558,MF4 Roadster,2008,2009,itdiag8-dotcom/database (vivid_cars2000.db),added_from_vivid
hernr_1558,MF5 Roadster,2008,2009,itdiag8-dotcom/database (vivid_cars2000.db),added_from_vivid
hernr_171,300/350,2005,2005,itdiag8-dotcom/database (vivid_cars2000.db),added_from_vivid
hernr_171,PS10/ANIBAL,2002,2002,itdiag8-dotcom/database (vivid_cars2000.db),added_from_vivid
hernr_171,PS10/ANIBAL Pickup,2002,2003,itdiag8-dotcom/database (vivid_cars2000.db),added_from_vivid
hernr_178,ARIA,2009,2009,itdiag8-dotcom/database (vivid_cars2000.db),added_from_vivid
hernr_178,INDICA (40_V2),2003,2003,itdiag8-dotcom/database (vivid_cars2000.db),added_from_vivid
hernr_178,INDIGO (4_V2),2002,2002,itdiag8-dotcom/database (vivid_cars2000.db),added_from_vivid
hernr_178,INDIGO MARINA (4_V2),2002,2002,itdiag8-dotcom/database (vivid_cars2000.db),added_from_vivid
hernr_178,SAFARI (42_FD),2003,2006,itdiag8-dotcom/database (vivid_cars2000.db),added_from_vivid
hernr_178,XENON Pickup,2008,2008,itdiag8-dotcom/database (vivid_cars2000.db),added_from_vivid
hernr_181,APE CALESSINO Convertible,2006,2006,itdiag8-dotcom/database (vivid_cars2000.db),added_from_vivid
hernr_181,APE CLASSIC Platform/Chassis,2006,2006,itdiag8-dotcom/database (vivid_cars2000.db),added_from_vivid
hernr_181,M500,2003,2003,itdiag8-dotcom/database (vivid_cars2000.db),added_from_vivid
hernr_181,PORTER Box,2010,2010,itdiag8-dotcom/database (vivid_cars2000.db),added_from_vivid
hernr_181,PORTER Bus,2003,2010,itdiag8-dotcom/database (vivid_cars2000.db),added_from_vivid
hernr_181,PORTER Dumptruck,2010,2010,itdiag8-dotcom/database (vivid_cars2000.db),added_from_vivid
hernr_181,PORTER Platform/Chassis,2010,2010,itdiag8-dotcom/database (vivid_cars2000.db),added_from_vivid
hernr_181,QUARGO Platform/Chassis,2003,2003,itdiag8-dotcom/database (vivid_cars2000.db),added_from_vivid
hernr_2164,MAYBACH (240_),2002,2010,itdiag8-dotcom/database (vivid_cars2000.db),added_from_vivid
hernr_2242,FORA,2003,2003,itdiag8-dotcom/database (vivid_cars2000.db),added_from_vivid
hernr_2589,LANDWIND,2004,2004,itdiag8-dotcom/database (vivid_cars2000.db),added_from_vivid
hernr_2590,BL Coupe,2004,2004,itdiag8-dotcom/database (vivid_cars2000.db),added_from_vivid
hernr_2590,CK Saloon,2004,2004,itdiag8-dotcom/database (vivid_cars2000.db),added_from_vivid
hernr_2590,HISOON Hatchback,2003,2003,itdiag8-dotcom/database (vivid_cars2000.db),added_from_vivid
hernr_2590,HISOON Saloon,2003,2003,itdiag8-dotcom/database (vivid_cars2000.db),added_from_vivid
hernr_2590,HQ Hatchback,2004,2004,itdiag8-dotcom/database (vivid_cars2000.db),added_from_vivid
hernr_2590,HQ SRV,2004,2004,itdiag8-dotcom/database (vivid_cars2000.db),added_from_vivid
hernr_2590,HQ Sedan,2004,2004,itdiag8-dotcom/database (vivid_cars2000.db),added_from_vivid
hernr_2590,MARINDO,2004,2004,itdiag8-dotcom/database (vivid_cars2000.db),added_from_vivid
hernr_2590,MK Hatchback,2011,2011,itdiag8-dotcom/database (vivid_cars2000.db),added_from_vivid
hernr_2590,MK Saloon,2011,2011,itdiag8-dotcom/database (vivid_cars2000.db),added_from_vivid
hernr_2590,MR Hatchback,2004,2004,itdiag8-dotcom/database (vivid_cars2000.db),added_from_vivid
hernr_2590,MR Sedan,2004,2004,itdiag8-dotcom/database (vivid_cars2000.db),added_from_vivid
hernr_2590,PANDA,2007,2007,itdiag8-dotcom/database (vivid_cars2000.db),added_from_vivid
hernr_2590,PU,2004,2004,itdiag8-dotcom/database (vivid_cars2000.db),added_from_vivid
hernr_2590,URBAN NANNY,2003,2003,itdiag8-dotcom/database (vivid_cars2000.db),added_from_vivid
hernr_2590,VISION,2005,2008,itdiag8-dotcom/database (vivid_cars2000.db),added_from_vivid
hernr_2755,C12 Coupe,2006,2006,itdiag8-dotcom/database (vivid_cars2000.db),added_from_vivid
hernr_2755,C8 Aileron,2009,2009,itdiag8-dotcom/database (vivid_cars2000.db),added_from_vivid
hernr_2755,C8 Coupe,2000,2000,itdiag8-dotcom/database (vivid_cars2000.db),added_from_vivid
hernr_2755,C8 Spyder,2000,2000,itdiag8-dotcom/database (vivid_cars2000.db),added_from_vivid
hernr_2760,X-Bow Convertible,2007,2012,itdiag8-dotcom/database (vivid_cars2000.db),added_from_vivid
hernr_2852,CV6 Hatchback,2008,2008,itdiag8-dotcom/database (vivid_cars2000.db),added_from_vivid
hernr_2852,STAR Pickup,2010,2010,itdiag8-dotcom/database (vivid_cars2000.db),added_from_vivid
hernr_2855,DELICIA Bus,2003,2003,itdiag8-dotcom/database (vivid_cars2000.db),added_from_vivid
hernr_2857,"800 Saloon (E65, TA)",2000,2000,itdiag8-dotcom/database (vivid_cars2000.db),added_from_vivid
hernr_2863,FUTURE MPV,2001,2003,itdiag8-dotcom/database (vivid_cars2000.db),added_from_vivid
hernr_2864,EVEREST (25N_),2003,2005,itdiag8-dotcom/database (vivid_cars2000.db),added_from_vivid
hernr_2864,"FALCON (BF5_, P54, R54_)",2002,2002,itdiag8-dotcom/database (vivid_cars2000.db),added_from_vivid
hernr_2864,FALCON Pickup (BF_D),2002,2003,itdiag8-dotcom/database (vivid_cars2000.db),added_from_vivid
hernr_2864,I-MAX MPV,2006,2006,itdiag8-dotcom/database (vivid_cars2000.db),added_from_vivid
hernr_2864,"LASER / LASER LIDEA (BA_2, BA_3, BA_4, BJ_2)",2000,2000,itdiag8-dotcom/database (vivid_cars2000.db),added_from_vivid
hernr_2864,"LASER Hatchback (BA_3, BF_3, BF_4, BG_3, BJ_4)",2000,2000,itdiag8-dotcom/database (vivid_cars2000.db),added_from_vivid
hernr_2864,"LYNX (BJ_2A, BJ_2P)",2001,2002,itdiag8-dotcom/database (vivid_cars2000.db),added_from_vivid
hernr_2866,SAIBAO 3 Saloon,2004,2004,itdiag8-dotcom/database (vivid_cars2000.db),added_from_vivid
hernr_2867,ALPHA Box,2002,2002,itdiag8-dotcom/database (vivid_cars2000.db),added_from_vivid
hernr_2867,ALPHA Bus,2002,2002,itdiag8-dotcom/database (vivid_cars2000.db),added_from_vivid
hernr_2867,AUMARK MPV (BJ1_),2003,2003,itdiag8-dotcom/database (vivid_cars2000.db),added_from_vivid
hernr_2867,AUMARK Platform/Chassis (BJ1_),2003,2003,itdiag8-dotcom/database (vivid_cars2000.db),added_from_vivid
hernr_2867,FORLAND Platform/Chassis (BJ1_),2004,2004,itdiag8-dotcom/database (vivid_cars2000.db),added_from_vivid
hernr_2867,SEA LION Bus,2001,2001,itdiag8-dotcom/database (vivid_cars2000.db),added_from_vivid
hernr_2867,"SUP Platform/Chassis (BJ2_, BJ6_)",2003,2003,itdiag8-dotcom/database (vivid_cars2000.db),added_from_vivid
hernr_2867,SURF,2000,2000,itdiag8-dotcom/database (vivid_cars2000.db),added_from_vivid
hernr_2867,SURFING,2003,2003,itdiag8-dotcom/database (vivid_cars2000.db),added_from_vivid
hernr_2867,T SERIE Platform/Chassis,2003,2003,itdiag8-dotcom/database (vivid_cars2000.db),added_from_vivid
hernr_2867,VIEW Bus (BJ6_),2002,2002,itdiag8-dotcom/database (vivid_cars2000.db),added_from_vivid
hernr_2867,VIEW MPV (BJ5_),2002,2002,itdiag8-dotcom/database (vivid_cars2000.db),added_from_vivid
hernr_2887,A1,2006,2006,itdiag8-dotcom/database (vivid_cars2000.db),added_from_vivid
hernr_2887,A3 Hatchback,2008,2009,itdiag8-dotcom/database (vivid_cars2000.db),added_from_vivid
hernr_2887,A3 Saloon,2007,2009,itdiag8-dotcom/database (vivid_cars2000.db),added_from_vivid
hernr_2887,A5,2005,2005,itdiag8-dotcom/database (vivid_cars2000.db),added_from_vivid
hernr_2887,CRISTAL Hatchback,2012,2012,itdiag8-dotcom/database (vivid_cars2000.db),added_from_vivid
hernr_2887,CRISTAL Saloon,2012,2012,itdiag8-dotcom/database (vivid_cars2000.db),added_from_vivid
hernr_2887,E5,2010,2010,itdiag8-dotcom/database (vivid_cars2000.db),added_from_vivid
hernr_2887,EASTAR CROSS,2006,2006,itdiag8-dotcom/database (vivid_cars2000.db),added_from_vivid
hernr_2887,FULWIN Hatchback,2005,2005,itdiag8-dotcom/database (vivid_cars2000.db),added_from_vivid
hernr_2887,FULWIN Saloon,2005,2005,itdiag8-dotcom/database (vivid_cars2000.db),added_from_vivid
hernr_2887,Q21 Bus,2010,2010,itdiag8-dotcom/database (vivid_cars2000.db),added_from_vivid
hernr_2887,Q22 Bus,2009,2012,itdiag8-dotcom/database (vivid_cars2000.db),added_from_vivid
hernr_2887,QIYUN,2003,2007,itdiag8-dotcom/database (vivid_cars2000.db),added_from_vivid
hernr_2887,QIYUN 2,2009,2009,itdiag8-dotcom/database (vivid_cars2000.db),added_from_vivid
hernr_2887,QIYUN 3,2009,2009,itdiag8-dotcom/database (vivid_cars2000.db),added_from_vivid
hernr_2887,QIYUN 5,2011,2011,itdiag8-dotcom/database (vivid_cars2000.db),added_from_vivid
hernr_2887,QQ3,2003,2005,itdiag8-dotcom/database (vivid_cars2000.db),added_from_vivid
hernr_2887,QQ6,2005,2005,itdiag8-dotcom/database (vivid_cars2000.db),added_from_vivid
hernr_2887,TIGGO,2009,2011,itdiag8-dotcom/database (vivid_cars2000.db),added_from_vivid
hernr_2887,TIGGO 3,2006,2008,itdiag8-dotcom/database (vivid_cars2000.db),added_from_vivid
hernr_2887,TIGGO DR,2008,2008,itdiag8-dotcom/database (vivid_cars2000.db),added_from_vivid
hernr_2887,TRANSCAB,2011,2011,itdiag8-dotcom/database (vivid_cars2000.db),added_from_vivid
hernr_2887,TRANSCAR,2011,2011,itdiag8-dotcom/database (vivid_cars2000.db),added_from_vivid
hernr_2887,V2 Bus,2006,2006,itdiag8-dotcom/database (vivid_cars2000.db),added_from_vivid
hernr_2887,V5 MPV,2005,2005,itdiag8-dotcom/database (vivid_cars2000.db),added_from_vivid
hernr_2887,X1 Hatchback,2009,2009,itdiag8-dotcom/database (vivid_cars2000.db),added_from_vivid
hernr_2888,HAISE VI Bus,2007,2007,itdiag8-dotcom/database (vivid_cars2000.db),added_from_vivid
hernr_2901,CITY COURSER,2003,2003,itdiag8-dotcom/database (vivid_cars2000.db),added_from_vivid
hernr_2901,ELEGANTEST,2002,2003,itdiag8-dotcom/database (vivid_cars2000.db),added_from_vivid
hernr_2901,PICK UP,2003,2003,itdiag8-dotcom/database (vivid_cars2000.db),added_from_vivid
hernr_2902,COXSWAIN,2003,2003,itdiag8-dotcom/database (vivid_cars2000.db),added_from_vivid
hernr_2902,JETSTAR,2003,2003,itdiag8-dotcom/database (vivid_cars2000.db),added_from_vivid
hernr_2902,KYLIN,2003,2003,itdiag8-dotcom/database (vivid_cars2000.db),added_from_vivid
hernr_2902,TROY Platform/Chassis,2003,2003,itdiag8-dotcom/database (vivid_cars2000.db),added_from_vivid
hernr_2902,VICTOR,2002,2002,itdiag8-dotcom/database (vivid_cars2000.db),added_from_vivid
hernr_2903,COOLBEAR MPV,2008,2008,itdiag8-dotcom/database (vivid_cars2000.db),added_from_vivid
hernr_2903,DEER Platform/Chassis,2000,2000,itdiag8-dotcom/database (vivid_cars2000.db),added_from_vivid
hernr_2903,FENGJUN 5 Pickup,2010,2012,itdiag8-dotcom/database (vivid_cars2000.db),added_from_vivid
hernr_2903,HOVER,2005,2007,itdiag8-dotcom/database (vivid_cars2000.db),added_from_vivid
hernr_2903,HOVER H3 Closed Off-Road Vehicle,2008,2008,itdiag8-dotcom/database (vivid_cars2000.db),added_from_vivid
hernr_2903,HOVER H5,2009,2012,itdiag8-dotcom/database (vivid_cars2000.db),added_from_vivid
hernr_2903,HOVER M4,2011,2012,itdiag8-dotcom/database (vivid_cars2000.db),added_from_vivid
hernr_2903,MONSTER Platform/Chassis,2000,2000,itdiag8-dotcom/database (vivid_cars2000.db),added_from_vivid
hernr_2903,PEGASUS,2003,2003,itdiag8-dotcom/database (vivid_cars2000.db),added_from_vivid
hernr_2903,SAILING Platform/Chassis,2002,2002,itdiag8-dotcom/database (vivid_cars2000.db),added_from_vivid
hernr_2903,SING,2003,2003,itdiag8-dotcom/database (vivid_cars2000.db),added_from_vivid
hernr_2903,STEED Pickup,2005,2012,itdiag8-dotcom/database (vivid_cars2000.db),added_from_vivid
hernr_2903,TENGYI C10 Hatchback,2009,2009,itdiag8-dotcom/database (vivid_cars2000.db),added_from_vivid
hernr_2903,TENGYI C20R Hatchback,2012,2012,itdiag8-dotcom/database (vivid_cars2000.db),added_from_vivid
hernr_2903,TENGYI C30 Saloon,2009,2009,itdiag8-dotcom/database (vivid_cars2000.db),added_from_vivid
hernr_2903,TENGYI C50 Saloon,2010,2010,itdiag8-dotcom/database (vivid_cars2000.db),added_from_vivid
hernr_2904,GALUE Saloon (J32),2000,2003,itdiag8-dotcom/database (vivid_cars2000.db),added_from_vivid
hernr_2904,HIMIKO Convertible (NCEC),2007,2007,itdiag8-dotcom/database (vivid_cars2000.db),added_from_vivid
hernr_2904,LA SEYDE Convertible,2000,2000,itdiag8-dotcom/database (vivid_cars2000.db),added_from_vivid
hernr_2904,LA SEYDE Coupe,2000,2000,itdiag8-dotcom/database (vivid_cars2000.db),added_from_vivid
hernr_2904,NOUERA,2002,2002,itdiag8-dotcom/database (vivid_cars2000.db),added_from_vivid
hernr_2904,OROCHI,2005,2005,itdiag8-dotcom/database (vivid_cars2000.db),added_from_vivid
hernr_2904,RAY,2001,2001,itdiag8-dotcom/database (vivid_cars2000.db),added_from_vivid
hernr_2904,RYOGA,2002,2002,itdiag8-dotcom/database (vivid_cars2000.db),added_from_vivid
hernr_2904,VIEWT,2004,2004,itdiag8-dotcom/database (vivid_cars2000.db),added_from_vivid
hernr_2906,PEGASUS MPV,2003,2003,itdiag8-dotcom/database (vivid_cars2000.db),added_from_vivid
hernr_3035,TIGUAN,2009,2009,itdiag8-dotcom/database (vivid_cars2000.db),added_from_vivid
hernr_3047,TX,2002,2008,itdiag8-dotcom/database (vivid_cars2000.db),added_from_vivid
hernr_3070,CITRA,2004,2005,itdiag8-dotcom/database (vivid_cars2000.db),added_from_vivid
hernr_3070,FORZA,2005,2005,itdiag8-dotcom/database (vivid_cars2000.db),added_from_vivid
hernr_3070,RIA,2001,2001,itdiag8-dotcom/database (vivid_cars2000.db),added_from_vivid
hernr_3070,SURIA,2005,2005,itdiag8-dotcom/database (vivid_cars2000.db),added_from_vivid
hernr_3070,SUTERA,2005,2005,itdiag8-dotcom/database (vivid_cars2000.db),added_from_vivid
hernr_3071,HAICE Bus,2002,2002,itdiag8-dotcom/database (vivid_cars2000.db),added_from_vivid
hernr_3076,BS6,2006,2006,itdiag8-dotcom/database (vivid_cars2000.db),added_from_vivid
hernr_3086,320,2005,2005,itdiag8-dotcom/database (vivid_cars2000.db),added_from_vivid
hernr_3086,520 Hatchback,2005,2005,itdiag8-dotcom/database (vivid_cars2000.db),added_from_vivid
hernr_3086,520 Saloon,2005,2005,itdiag8-dotcom/database (vivid_cars2000.db),added_from_vivid
hernr_3086,620 Saloon,2007,2007,itdiag8-dotcom/database (vivid_cars2000.db),added_from_vivid
hernr_3086,FENGSHUN MPV,2009,2010,itdiag8-dotcom/database (vivid_cars2000.db),added_from_vivid
hernr_3086,X60 Closed Off-Road Vehicle,2010,2010,itdiag8-dotcom/database (vivid_cars2000.db),added_from_vivid
hernr_3122,F0 Hatchback,2007,2007,itdiag8-dotcom/database (vivid_cars2000.db),added_from_vivid
hernr_3122,F3,2004,2008,itdiag8-dotcom/database (vivid_cars2000.db),added_from_vivid
hernr_3122,F3R Hatchback,2006,2006,itdiag8-dotcom/database (vivid_cars2000.db),added_from_vivid
hernr_3122,F6,2007,2007,itdiag8-dotcom/database (vivid_cars2000.db),added_from_vivid
hernr_3122,FLYER,2001,2003,itdiag8-dotcom/database (vivid_cars2000.db),added_from_vivid
hernr_3122,G3,2008,2009,itdiag8-dotcom/database (vivid_cars2000.db),added_from_vivid
hernr_3122,G6 Saloon,2010,2010,itdiag8-dotcom/database (vivid_cars2000.db),added_from_vivid
hernr_3122,M6,2009,2009,itdiag8-dotcom/database (vivid_cars2000.db),added_from_vivid
hernr_3122,S6 Closed Off-Road Vehicle,2010,2010,itdiag8-dotcom/database (vivid_cars2000.db),added_from_vivid
hernr_3124,5 SERIES (E60),2003,2003,itdiag8-dotcom/database (vivid_cars2000.db),added_from_vivid
hernr_3127,PRIDE Hatchback,2004,2004,itdiag8-dotcom/database (vivid_cars2000.db),added_from_vivid
hernr_3127,PRIDE Saloon,2004,2004,itdiag8-dotcom/database (vivid_cars2000.db),added_from_vivid
hernr_3129,ODYSSEY MPV,2008,2008,itdiag8-dotcom/database (vivid_cars2000.db),added_from_vivid
hernr_3130,FJ CRUISER,2008,2008,itdiag8-dotcom/database (vivid_cars2000.db),added_from_vivid
hernr_3130,HIGHLANDER,2008,2010,itdiag8-dotcom/database (vivid_cars2000.db),added_from_vivid
hernr_3133,7,2006,2006,itdiag8-dotcom/database (vivid_cars2000.db),added_from_vivid
hernr_3137,LAND CRUISER 200,2006,2006,itdiag8-dotcom/database (vivid_cars2000.db),added_from_vivid
hernr_3137,PRADO,2003,2003,itdiag8-dotcom/database (vivid_cars2000.db),added_from_vivid
hernr_3141,TEANA (J31),2005,2005,itdiag8-dotcom/database (vivid_cars2000.db),added_from_vivid
hernr_3141,TEANA (J32),2007,2012,itdiag8-dotcom/database (vivid_cars2000.db),added_from_vivid
hernr_3141,TIIDA Hatchback (C12),2010,2010,itdiag8-dotcom/database (vivid_cars2000.db),added_from_vivid
hernr_3141,TIIDA QIDA Hatchback (C11),2004,2004,itdiag8-dotcom/database (vivid_cars2000.db),added_from_vivid
hernr_3141,TIIDA YIDA Saloon (C11),2004,2004,itdiag8-dotcom/database (vivid_cars2000.db),added_from_vivid
hernr_3156,SCEO Closed Off-Road Vehicle,2004,2004,itdiag8-dotcom/database (vivid_cars2000.db),added_from_vivid
hernr_3158,XML,2000,2001,itdiag8-dotcom/database (vivid_cars2000.db),added_from_vivid
hernr_3208,QM5,2005,2006,itdiag8-dotcom/database (vivid_cars2000.db),added_from_vivid
hernr_3276,AVALANCHE Estate (VY),2003,2003,itdiag8-dotcom/database (vivid_cars2000.db),added_from_vivid
hernr_3276,AVALANCHE Estate (VZ),2003,2003,itdiag8-dotcom/database (vivid_cars2000.db),added_from_vivid
hernr_3276,AVALANCHE Pickup (VY),2003,2003,itdiag8-dotcom/database (vivid_cars2000.db),added_from_vivid
hernr_3276,AVALANCHE Pickup (VZ),2003,2003,itdiag8-dotcom/database (vivid_cars2000.db),added_from_vivid
hernr_3276,CLUBSPORT Estate (VF),2012,2012,itdiag8-dotcom/database (vivid_cars2000.db),added_from_vivid
hernr_3276,CLUBSPORT Saloon (VE),2005,2011,itdiag8-dotcom/database (vivid_cars2000.db),added_from_vivid
hernr_3276,CLUBSPORT Saloon (VF),2012,2012,itdiag8-dotcom/database (vivid_cars2000.db),added_from_vivid
hernr_3276,CLUBSPORT Saloon (VX),2000,2000,itdiag8-dotcom/database (vivid_cars2000.db),added_from_vivid
hernr_3276,CLUBSPORT Saloon (VY),2002,2003,itdiag8-dotcom/database (vivid_cars2000.db),added_from_vivid
hernr_3276,CLUBSPORT Saloon (VZ),2003,2003,itdiag8-dotcom/database (vivid_cars2000.db),added_from_vivid
hernr_3276,GRANGE Saloon (VF),2012,2012,itdiag8-dotcom/database (vivid_cars2000.db),added_from_vivid
hernr_3276,GRANGE Saloon (WH),2000,2000,itdiag8-dotcom/database (vivid_cars2000.db),added_from_vivid
hernr_3276,GRANGE Saloon (WK),2003,2003,itdiag8-dotcom/database (vivid_cars2000.db),added_from_vivid
hernr_3276,GRANGE Saloon (WL),2003,2003,itdiag8-dotcom/database (vivid_cars2000.db),added_from_vivid
hernr_3276,SENATOR Saloon (VF),2012,2012,itdiag8-dotcom/database (vivid_cars2000.db),added_from_vivid
hernr_3297,FALCON Pickup (BA),2003,2003,itdiag8-dotcom/database (vivid_cars2000.db),added_from_vivid
hernr_3297,FALCON Pickup (BF),2004,2004,itdiag8-dotcom/database (vivid_cars2000.db),added_from_vivid
hernr_3297,FALCON Saloon (BA),2003,2003,itdiag8-dotcom/database (vivid_cars2000.db),added_from_vivid
hernr_3300,V80 Box,2009,2009,itdiag8-dotcom/database (vivid_cars2000.db),added_from_vivid
hernr_3300,V80 Bus,2009,2009,itdiag8-dotcom/database (vivid_cars2000.db),added_from_vivid
hernr_3332,EC 7 RV Hatchback,2008,2008,itdiag8-dotcom/database (vivid_cars2000.db),added_from_vivid
hernr_3332,EC 7 Saloon,2008,2008,itdiag8-dotcom/database (vivid_cars2000.db),added_from_vivid
hernr_3495,GT,2008,2008,itdiag8-dotcom/database (vivid_cars2000.db),added_from_vivid
hernr_3497,DR 1,2009,2009,itdiag8-dotcom/database (vivid_cars2000.db),added_from_vivid
hernr_3497,DR 2,2009,2009,itdiag8-dotcom/database (vivid_cars2000.db),added_from_vivid
hernr_3497,DR 5,2010,2010,itdiag8-dotcom/database (vivid_cars2000.db),added_from_vivid
hernr_3514,CITY,2007,2009,itdiag8-dotcom/database (vivid_cars2000.db),added_from_vivid
hernr_3652,PLUTUS,2009,2009,itdiag8-dotcom/database (vivid_cars2000.db),added_from_vivid
hernr_3677,HD 5000,2006,2006,itdiag8-dotcom/database (vivid_cars2000.db),added_from_vivid
hernr_3677,LORIMAS Platform/Chassis,2000,2000,itdiag8-dotcom/database (vivid_cars2000.db),added_from_vivid
hernr_3697,GX2,2009,2009,itdiag8-dotcom/database (vivid_cars2000.db),added_from_vivid
hernr_3742,7 Closed Off-Road Vehicle,2010,2010,itdiag8-dotcom/database (vivid_cars2000.db),added_from_vivid
hernr_3762,B70,2011,2011,itdiag8-dotcom/database (vivid_cars2000.db),added_from_vivid
hernr_3913,V10,2011,2011,itdiag8-dotcom/database (vivid_cars2000.db),added_from_vivid
hernr_4176,H5C,2009,2009,itdiag8-dotcom/database (vivid_cars2000.db),added_from_vivid
hernr_4260,QM3,2012,2012,itdiag8-dotcom/database (vivid_cars2000.db),added_from_vivid
hernr_4260,QM5,2005,2005,itdiag8-dotcom/database (vivid_cars2000.db),added_from_vivid
hernr_4260,SM7 (EX2),2003,2003,itdiag8-dotcom/database (vivid_cars2000.db),added_from_vivid
hernr_4260,SM7 (L47),2010,2010,itdiag8-dotcom/database (vivid_cars2000.db),added_from_vivid
hernr_609,COBRA Mk IV (291N),2008,2008,itdiag8-dotcom/database (vivid_cars2000.db),added_from_vivid
hernr_694,MASCOTT Box Body / Estate,2001,2003,itdiag8-dotcom/database (vivid_cars2000.db),added_from_vivid
hernr_694,MASCOTT Dumptruck,2000,2000,itdiag8-dotcom/database (vivid_cars2000.db),added_from_vivid
hernr_694,MASCOTT Platform/Chassis,2001,2003,itdiag8-dotcom/database (vivid_cars2000.db),added_from_vivid
hernr_701,AVENTADOR Convertible,2012,2012,itdiag8-dotcom/database (vivid_cars2000.db),added_from_vivid
hernr_701,AVENTADOR Coupe,2010,2012,itdiag8-dotcom/database (vivid_cars2000.db),added_from_vivid
hernr_701,GALLARDO,2003,2011,itdiag8-dotcom/database (vivid_cars2000.db),added_from_vivid
hernr_701,GALLARDO SPYDER,2004,2010,itdiag8-dotcom/database (vivid_cars2000.db),added_from_vivid
hernr_701,MURCIÉLAGO,2001,2008,itdiag8-dotcom/database (vivid_cars2000.db),added_from_vivid
hernr_701,MURCIÉLAGO Roadster,2003,2006,itdiag8-dotcom/database (vivid_cars2000.db),added_from_vivid
hernr_705,CORNICHE Convertible,2000,2000,itdiag8-dotcom/database (vivid_cars2000.db),added_from_vivid
hernr_705,GHOST,2007,2007,itdiag8-dotcom/database (vivid_cars2000.db),added_from_vivid
hernr_705,PARK WARD,2000,2000,itdiag8-dotcom/database (vivid_cars2000.db),added_from_vivid
hernr_705,PHANTOM,2002,2002,itdiag8-dotcom/database (vivid_cars2000.db),added_from_vivid
hernr_705,PHANTOM Coupe,2006,2006,itdiag8-dotcom/database (vivid_cars2000.db),added_from_vivid
hernr_705,PHANTOM Drophead Coupe,2005,2005,itdiag8-dotcom/database (vivid_cars2000.db),added_from_vivid
hernr_705,WRAITH Coupe,2012,2012,itdiag8-dotcom/database (vivid_cars2000.db),added_from_vivid
hernr_774,SOLSTICE,2004,2004,itdiag8-dotcom/database (vivid_cars2000.db),added_from_vivid
hernr_775,LANOS Hatchback,2003,2003,itdiag8-dotcom/database (vivid_cars2000.db),added_from_vivid
hernr_775,LANOS Saloon,2003,2003,itdiag8-dotcom/database (vivid_cars2000.db),added_from_vivid
hernr_788,VEYRON EB 16.4,2003,2009,itdiag8-dotcom/database (vivid_cars2000.db),added_from_vivid
hernr_788,VEYRON Grand Sport EB 16.4,2008,2009,itdiag8-dotcom/database (vivid_cars2000.db),added_from_vivid
hernr_802,2 ELEVEN,2006,2006,itdiag8-dotcom/database (vivid_cars2000.db),added_from_vivid
hernr_802,ELISE,2000,2006,itdiag8-dotcom/database (vivid_cars2000.db),added_from_vivid
hernr_802,ELISE 340 R,2000,2000,itdiag8-dotcom/database (vivid_cars2000.db),added_from_vivid
hernr_802,EUROPA S,2005,2007,itdiag8-dotcom/database (vivid_cars2000.db),added_from_vivid
hernr_802,EVORA,2008,2009,itdiag8-dotcom/database (vivid_cars2000.db),added_from_vivid
hernr_802,EXIGE,2011,2011,itdiag8-dotcom/database (vivid_cars2000.db),added_from_vivid
hernr_802,EXIGE (SCC_),2000,2007,itdiag8-dotcom/database (vivid_cars2000.db),added_from_vivid
hernr_803,AERO 8,2000,2007,itdiag8-dotcom/database (vivid_cars2000.db),added_from_vivid
hernr_803,AERO Coupe,2011,2011,itdiag8-dotcom/database (vivid_cars2000.db),added_from_vivid
hernr_803,AERO SUPERSPORTS,2009,2009,itdiag8-dotcom/database (vivid_cars2000.db),added_from_vivid
hernr_803,AEROMAX Coupe,2006,2007,itdiag8-dotcom/database (vivid_cars2000.db),added_from_vivid
hernr_803,EVA,2011,2011,itdiag8-dotcom/database (vivid_cars2000.db),added_from_vivid
hernr_803,PLUS EIGHT,2009,2009,itdiag8-dotcom/database (vivid_cars2000.db),added_from_vivid
hernr_803,PLUS FOUR,2003,2012,itdiag8-dotcom/database (vivid_cars2000.db),added_from_vivid
hernr_803,ROADSTER Convertible,2003,2010,itdiag8-dotcom/database (vivid_cars2000.db),added_from_vivid
hernr_815,ARNAGE,2002,2002,itdiag8-dotcom/database (vivid_cars2000.db),added_from_vivid
hernr_815,AZURE II,2005,2005,itdiag8-dotcom/database (vivid_cars2000.db),added_from_vivid
hernr_815,CONTINENTAL Convertible,2005,2012,itdiag8-dotcom/database (vivid_cars2000.db),added_from_vivid
hernr_815,CONTINENTAL Coupe,2003,2013,itdiag8-dotcom/database (vivid_cars2000.db),added_from_vivid
hernr_815,CONTINENTAL FLYING SPUR,2004,2012,itdiag8-dotcom/database (vivid_cars2000.db),added_from_vivid
hernr_815,MULSANNE,2008,2012,itdiag8-dotcom/database (vivid_cars2000.db),added_from_vivid
hernr_907,SEVEN,2000,2009,itdiag8-dotcom/database (vivid_cars2000.db),added_from_vivid
hernr_907,XTR,2001,2003,itdiag8-dotcom/database (vivid_cars2000.db),added_from_vivid
