id,brand_id,brand_name,model_name,production_start,production_end,years_span,total_variants,source,status
1,1,Abarth,1000 OTR Berlinetta Bertone,,,,0,DanielKohut/car-data,added_missing
2,1,Abarth,1000 SP,,,,0,DanielKohut/car-data,added_missing
3,1,Abarth,1100 Scorpione Spider (Boano),,,,0,DanielKohut/car-data,added_missing
4,1,Abarth,124 Spider,2016,2016,2016,2,original_db,existing
5,1,Abarth,1500 Biposto,,,,0,DanielKohut/car-data,added_missing
6,1,Abarth,204A,,,,0,DanielKohut/car-data,added_missing
7,1,Abarth,205A Berlinetta,,,,0,DanielKohut/car-data,added_missing
8,1,Abarth,207A Spyder Corsa Boano,,,,0,DanielKohut/car-data,added_missing
9,1,Abarth,208A Spyder Boano,,,,0,DanielKohut/car-data,added_missing
10,1,Abarth,209A Coupé Boano,,,,0,DanielKohut/car-data,added_missing
11,1,Abarth,210A Spyder Boano,,,,0,DanielKohut/car-data,added_missing
12,1,Abarth,215A Coupé Bertone,,,,0,DanielKohut/car-data,added_missing
13,1,Abarth,216A Spyder Bertone,,,,0,DanielKohut/car-data,added_missing
14,1,Abarth,3000 Prototipo,,,,0,DanielKohut/car-data,added_missing
15,1,Abarth,500,2008,2008,2008,1,original_db,existing
16,1,Abarth,500 Assetto Corse,2009,2010,2009-2010,2,original_db,existing
17,1,Abarth,500 Custom,2013,2013,2013,2,original_db,existing
18,1,Abarth,500 Esseesse,2008,2008,2008,1,original_db,existing
19,1,Abarth,500C,2010,2010,2010,1,original_db,existing
20,1,Abarth,595,,,,0,DanielKohut/car-data,added_missing
21,1,Abarth,595 Competizione,2012,2016,2012-2016,7,original_db,existing
22,1,Abarth,595C Turismo,2013,2013,2013,3,original_db,existing
23,1,Abarth,695,,,,0,DanielKohut/car-data,added_missing
24,1,Abarth,695 Tributo Ferrari,2010,2010,2010,1,original_db,existing
25,1,Abarth,750,,,,0,DanielKohut/car-data,added_missing
26,1,Abarth,750 Spider Allemano,,,,0,DanielKohut/car-data,added_missing
27,1,Abarth,Grande Punto,2007,2007,2007,1,original_db,existing
28,1,Abarth,Grande Punto Esseesse,2007,2007,2007,1,original_db,existing
29,1,Abarth,Monomille,,,,0,DanielKohut/car-data,added_missing
30,1,Abarth,OT 1300,,,,0,DanielKohut/car-data,added_missing
31,1,Abarth,Punto Evo,2010,2010,2010,1,original_db,existing
32,1,Abarth,Punto Evo Esseesse,2010,2010,2010,1,original_db,existing
33,1,Abarth,Zagato,,,,0,DanielKohut/car-data,added_missing
6667,2,Acura,1.6EL,2000,2000,2000,1,lemon.dogeware.me LEMON 2015,active
6672,2,Acura,1.7EL,2003,2004,2003,1,lemon.dogeware.me LEMON 2015,active
6671,2,Acura,3.2CL,2001,2003,2001,1,lemon.dogeware.me LEMON 2015,active
6669,2,Acura,3.2TL,2000,2003,2000,1,lemon.dogeware.me LEMON 2015,active
6668,2,Acura,3.5RL,2000,2004,2000,1,lemon.dogeware.me LEMON 2015,active
34,2,Acura,ADX,2024,2026,2024-2026,0,gor3a/vehicle-makes-models,added_missing
35,2,Acura,CL,1997,2004,1997-2004,0,gor3a/vehicle-makes-models,added_missing
36,2,Acura,CSX,2005,2011,2005-2011,0,gor3a/vehicle-makes-models,added_missing
37,2,Acura,EL,1997,2000,1997-2000,0,gor3a/vehicle-makes-models,added_missing
38,2,Acura,ILX,2012,2022,2012-2022,0,gor3a/vehicle-makes-models,added_missing
39,2,Acura,Integra,1986,2026,1986-2026,0,gor3a/vehicle-makes-models,added_missing
41,2,Acura,MDX,2001,2026,2001-2026,0,gor3a/vehicle-makes-models,added_missing
42,2,Acura,NSX,1991,2022,1991-2022,0,gor3a/vehicle-makes-models,added_missing
6670,2,Acura,NSX-T,2000,2003,2000,1,lemon.dogeware.me LEMON 2015,active
43,2,Acura,RDX,2006,2026,2006-2026,0,gor3a/vehicle-makes-models,added_missing
44,2,Acura,RL,2004,2012,2004-2012,0,gor3a/vehicle-makes-models,added_missing
45,2,Acura,RLX,2013,2020,2013-2020,0,gor3a/vehicle-makes-models,added_missing
46,2,Acura,RSX,2002,2006,2002-2006,0,gor3a/vehicle-makes-models,added_missing
47,2,Acura,RSX TYPE-S,2005,2006,2005-2006,0,gor3a/vehicle-makes-models,added_missing
49,2,Acura,TL,1995,2014,1995-2014,0,gor3a/vehicle-makes-models,added_missing
50,2,Acura,TLX,2015,2025,2015-2024,0,gor3a/vehicle-makes-models,added_missing
51,2,Acura,TSX,2003,2014,2003-2014,0,gor3a/vehicle-makes-models,added_missing
52,2,Acura,ZDX,2009,2026,2009-2026,0,gor3a/vehicle-makes-models,added_missing
53,4,Alfa Romeo,12C,,,,0,DanielKohut/car-data,added_missing
56,4,Alfa Romeo,147,2001,2007,2001-2007,10,original_db,existing
5126,4,Alfa Romeo,147 (937),2000,2007,2000-2007,17,itdiag8-dotcom/database (vivid_cars2000.db),added_from_vivid
58,4,Alfa Romeo,156,1997,2004,1997-2004,37,original_db,existing
5146,4,Alfa Romeo,156 (932),2000,2003,2000-2003,16,itdiag8-dotcom/database (vivid_cars2000.db),added_from_vivid
59,4,Alfa Romeo,156 Sportwagon,2000,2005,2000-2005,0,gor3a/vehicle-makes-models,added_missing
5032,4,Alfa Romeo,156 Sportwagon (932),2000,2004,2000-2004,28,itdiag8-dotcom/database (vivid_cars2000.db),added_from_vivid
60,4,Alfa Romeo,159,2005,2010,2005-2010,17,original_db,existing
4597,4,Alfa Romeo,159 (939),2004,2009,2004-2009,17,itdiag8-dotcom/database (vivid_cars2000.db),added_from_vivid
61,4,Alfa Romeo,159 Sportwagon,2006,2011,2006-2011,0,gor3a/vehicle-makes-models,added_missing
4598,4,Alfa Romeo,159 Sportwagon (939),2005,2009,2005-2009,15,itdiag8-dotcom/database (vivid_cars2000.db),added_from_vivid
63,4,Alfa Romeo,166,1998,2006,1998-2006,13,original_db,existing
5147,4,Alfa Romeo,166 (936),2000,2005,2000-2005,13,itdiag8-dotcom/database (vivid_cars2000.db),added_from_vivid
67,4,Alfa Romeo,33 Stradale,,,,0,DanielKohut/car-data,added_missing
68,4,Alfa Romeo,4C,2013,2020,2013,1,original_db,existing
6388,4,Alfa Romeo,4C (960),2012,2012,2012,2,itdiag8-dotcom/database (vivid_cars2000.db),added_from_vivid
6504,4,Alfa Romeo,4C SPIDER (960),2013,2013,2013,1,itdiag8-dotcom/database (vivid_cars2000.db),added_from_vivid
70,4,Alfa Romeo,6C,,,,0,DanielKohut/car-data,added_missing
72,4,Alfa Romeo,8C,2006,2006,2006,1,original_db,existing
73,4,Alfa Romeo,8C Competizione,,,,0,DanielKohut/car-data,added_missing
74,4,Alfa Romeo,8C Competizione Spider,2000,2013,2000-2013,0,plowman/open-vehicle-db,added_missing
4409,4,Alfa Romeo,8C SPIDER,2007,2007,2007,1,itdiag8-dotcom/database (vivid_cars2000.db),added_from_vivid
81,4,Alfa Romeo,Brera,2005,2009,2005-2009,7,original_db,existing
82,4,Alfa Romeo,Crosswagon Q4,2004,2007,2004-2007,0,gor3a/vehicle-makes-models,added_missing
4355,4,Alfa Romeo,GIULIETTA (940),2009,2012,2009-2012,21,itdiag8-dotcom/database (vivid_cars2000.db),added_from_vivid
4800,4,Alfa Romeo,GT (937),2003,2007,2003-2007,7,itdiag8-dotcom/database (vivid_cars2000.db),added_from_vivid
92,4,Alfa Romeo,GTA,,,,0,DanielKohut/car-data,added_missing
5148,4,Alfa Romeo,GTV (916C_),2000,2002,2000-2002,3,itdiag8-dotcom/database (vivid_cars2000.db),added_from_vivid
83,4,Alfa Romeo,Giulia,2016,2025,2016,4,original_db,existing
84,4,Alfa Romeo,Giulia (952),2016,2027,2016-2027,0,plowman/open-vehicle-db,added_missing
85,4,Alfa Romeo,Giulia GTA,2020,2026,2020-2026,0,gor3a/vehicle-makes-models,added_missing
86,4,Alfa Romeo,Giulia Quadrifoglio,2016,2022,2016-2022,0,gor3a/vehicle-makes-models,added_missing
87,4,Alfa Romeo,Giulia TZ,,,,0,DanielKohut/car-data,added_missing
88,4,Alfa Romeo,Giulia Veloce,2016,2022,2016-2022,0,gor3a/vehicle-makes-models,added_missing
89,4,Alfa Romeo,Giulietta,2010,2015,2010-2015,24,original_db,existing
90,4,Alfa Romeo,Giulietta Quadrifoglio Verde,2011,2016,2011-2016,0,gor3a/vehicle-makes-models,added_missing
91,4,Alfa Romeo,Gt,2003,2007,2003-2007,6,original_db,existing
93,4,Alfa Romeo,Gtv,1997,2003,1997-2003,7,original_db,existing
95,4,Alfa Romeo,Junior,2024,2026,2024-2026,0,gor3a/vehicle-makes-models,added_missing
4383,4,Alfa Romeo,MITO (955),2007,2012,2007-2012,25,itdiag8-dotcom/database (vivid_cars2000.db),added_from_vivid
99,4,Alfa Romeo,MiTo Veloce,2016,2018,2016-2018,0,gor3a/vehicle-makes-models,added_missing
97,4,Alfa Romeo,Mito,2008,2014,2008-2014,21,original_db,existing
98,4,Alfa Romeo,Mito Quadrifoglio Verde,2010,2010,2010,1,original_db,existing
5380,4,Alfa Romeo,SPIDER (916S_),2002,2002,2002,2,itdiag8-dotcom/database (vivid_cars2000.db),added_from_vivid
4488,4,Alfa Romeo,SPIDER (939),2005,2008,2005-2008,8,itdiag8-dotcom/database (vivid_cars2000.db),added_from_vivid
101,4,Alfa Romeo,Spider,1998,2009,1998-2009,15,original_db,existing
103,4,Alfa Romeo,Stelvio,2017,2026,2017-2026,0,gor3a/vehicle-makes-models,added_missing
104,4,Alfa Romeo,Stelvio Quadrifoglio,2017,2023,2017-2023,0,gor3a/vehicle-makes-models,added_missing
105,4,Alfa Romeo,Tonale,2022,2026,2022-2026,0,gor3a/vehicle-makes-models,added_missing
106,5,Alpina,B10,,,,0,DanielKohut/car-data,added_missing
5328,5,Alpina,B10 (E39),2002,2002,2002,1,itdiag8-dotcom/database (vivid_cars2000.db),added_from_vivid
5408,5,Alpina,B10 Estate (E39),2002,2002,2002,1,itdiag8-dotcom/database (vivid_cars2000.db),added_from_vivid
107,5,Alpina,B12,,,,0,DanielKohut/car-data,added_missing
108,5,Alpina,B3,2001,2002,2001-2002,2,original_db,existing
5278,5,Alpina,B3 (E46),2001,2002,2001-2002,2,itdiag8-dotcom/database (vivid_cars2000.db),added_from_vivid
5206,5,Alpina,B3 Convertible (E46),2000,2002,2000-2002,3,itdiag8-dotcom/database (vivid_cars2000.db),added_from_vivid
5407,5,Alpina,B3 Coupe (E46),2002,2002,2002,1,itdiag8-dotcom/database (vivid_cars2000.db),added_from_vivid
5036,5,Alpina,B3 Estate (E46),2000,2002,2000-2002,3,itdiag8-dotcom/database (vivid_cars2000.db),added_from_vivid
109,5,Alpina,B3 S,,,,0,DanielKohut/car-data,added_missing
110,5,Alpina,B4,,,,0,DanielKohut/car-data,added_missing
111,5,Alpina,B5,,,,0,DanielKohut/car-data,added_missing
4341,5,Alpina,B5 (E60),2004,2009,2004-2009,3,itdiag8-dotcom/database (vivid_cars2000.db),added_from_vivid
6557,5,Alpina,B5 (F10),2009,2011,2009-2011,1,itdiag8-dotcom/database (vivid_cars2000.db),added_from_vivid
4875,5,Alpina,B5 Estate (E61),2004,2009,2004-2009,3,itdiag8-dotcom/database (vivid_cars2000.db),added_from_vivid
6370,5,Alpina,B5 Estate (F11),2009,2011,2009-2011,1,itdiag8-dotcom/database (vivid_cars2000.db),added_from_vivid
112,5,Alpina,B6,,,,0,DanielKohut/car-data,added_missing
113,5,Alpina,B7,,,,0,DanielKohut/car-data,added_missing
5451,5,Alpina,B7 (E65),2003,2003,2003,2,itdiag8-dotcom/database (vivid_cars2000.db),added_from_vivid
4342,5,Alpina,"B7 (F01, F02)",2008,2011,2008-2011,2,itdiag8-dotcom/database (vivid_cars2000.db),added_from_vivid
114,5,Alpina,B8,,,,0,DanielKohut/car-data,added_missing
115,5,Alpina,C1,,,,0,DanielKohut/car-data,added_missing
116,5,Alpina,D10,,,,0,DanielKohut/car-data,added_missing
117,5,Alpina,D3,,,,0,DanielKohut/car-data,added_missing
6436,5,Alpina,D3 (F30),2012,2012,2012,1,itdiag8-dotcom/database (vivid_cars2000.db),added_from_vivid
6437,5,Alpina,D3 Estate (F31),2012,2012,2012,1,itdiag8-dotcom/database (vivid_cars2000.db),added_from_vivid
118,5,Alpina,D3 S,,,,0,DanielKohut/car-data,added_missing
119,5,Alpina,D4,,,,0,DanielKohut/car-data,added_missing
6499,5,Alpina,D4 Convertible (F33),2012,2012,2012,1,itdiag8-dotcom/database (vivid_cars2000.db),added_from_vivid
6498,5,Alpina,D4 Coupe (F32),2012,2012,2012,1,itdiag8-dotcom/database (vivid_cars2000.db),added_from_vivid
120,5,Alpina,D4 S,,,,0,DanielKohut/car-data,added_missing
121,5,Alpina,D5,,,,0,DanielKohut/car-data,added_missing
4750,5,Alpina,D5 (F10),2010,2010,2010,1,itdiag8-dotcom/database (vivid_cars2000.db),added_from_vivid
4513,5,Alpina,D5 Touring (F11),2010,2010,2010,1,itdiag8-dotcom/database (vivid_cars2000.db),added_from_vivid
5452,5,Alpina,ROADSTER S (Z4),2003,2003,2003,1,itdiag8-dotcom/database (vivid_cars2000.db),added_from_vivid
122,5,Alpina,Roadster S,,,,0,DanielKohut/car-data,added_missing
123,5,Alpina,XB7,,,,0,DanielKohut/car-data,added_missing
124,5,Alpina,XD3,,,,0,DanielKohut/car-data,added_missing
6435,5,Alpina,XD3 (F25),2012,2012,2012,1,itdiag8-dotcom/database (vivid_cars2000.db),added_from_vivid
125,5,Alpina,XD4,,,,0,DanielKohut/car-data,added_missing
126,5,Alpina,Z8,,,,0,DanielKohut/car-data,added_missing
127,6,Alpine,A110,1962,2026,1962-2026,0,gor3a/vehicle-makes-models,added_missing
128,6,Alpine,A110S,2019,2026,2019-2026,0,gor3a/vehicle-makes-models,added_missing
129,6,Alpine,A290,2024,2026,2024-2026,0,gor3a/vehicle-makes-models,added_missing
130,6,Alpine,A390,2025,2026,2025-2026,0,gor3a/vehicle-makes-models,added_missing
131,8,Aston Martin,AR1,,,,0,DanielKohut/car-data,added_missing
132,8,Aston Martin,Bulldog,,,,0,DanielKohut/car-data,added_missing
133,8,Aston Martin,Cygnet,2011,2013,2011-2013,0,gor3a/vehicle-makes-models,added_missing
134,8,Aston Martin,DB AR1,2003,2004,2003-2004,0,gor3a/vehicle-makes-models,added_missing
135,8,Aston Martin,DB1,,,,0,DanielKohut/car-data,added_missing
136,8,Aston Martin,DB11,2016,2023,2016-2023,0,gor3a/vehicle-makes-models,added_missing
137,8,Aston Martin,DB11 Volante,2018,2023,2018-2023,0,gor3a/vehicle-makes-models,added_missing
138,8,Aston Martin,DB12,2023,2026,2023-2026,0,gor3a/vehicle-makes-models,added_missing
139,8,Aston Martin,DB12 Volante,2023,2026,2023-2026,0,gor3a/vehicle-makes-models,added_missing
140,8,Aston Martin,DB2,,,,0,DanielKohut/car-data,added_missing
141,8,Aston Martin,DB2/4,,,,0,DanielKohut/car-data,added_missing
142,8,Aston Martin,DB3,,,,0,DanielKohut/car-data,added_missing
143,8,Aston Martin,DB3S,,,,0,DanielKohut/car-data,added_missing
144,8,Aston Martin,DB4,,,,0,DanielKohut/car-data,added_missing
145,8,Aston Martin,DB5,,,,0,DanielKohut/car-data,added_missing
148,8,Aston Martin,DB7,1993,2004,1993-2004,0,gor3a/vehicle-makes-models,added_missing
5944,8,Aston Martin,DB7 Coupe,2002,2002,2002,1,itdiag8-dotcom/database (vivid_cars2000.db),added_from_vivid
149,8,Aston Martin,DB7 Vantage,,,,0,DanielKohut/car-data,added_missing
150,8,Aston Martin,DB7 Volante,1996,2003,1996-2003,0,gor3a/vehicle-makes-models,added_missing
151,8,Aston Martin,DB7 Zagato,,,,0,DanielKohut/car-data,added_missing
6140,8,Aston Martin,DB9 Convertible,2003,2011,2003-2011,2,itdiag8-dotcom/database (vivid_cars2000.db),added_from_vivid
5548,8,Aston Martin,DB9 Coupe,2003,2011,2003-2011,3,itdiag8-dotcom/database (vivid_cars2000.db),added_from_vivid
155,8,Aston Martin,DBS (2007–2012),,,,0,DanielKohut/car-data,added_missing
156,8,Aston Martin,DBS (Classic),,,,0,DanielKohut/car-data,added_missing
6141,8,Aston Martin,DBS Coupe,2006,2006,2006,1,itdiag8-dotcom/database (vivid_cars2000.db),added_from_vivid
157,8,Aston Martin,DBS Superleggera,,,,0,DanielKohut/car-data,added_missing
158,8,Aston Martin,DBS Volante,2009,2012,2009-2012,0,gor3a/vehicle-makes-models,added_missing
159,8,Aston Martin,DBX,2020,2026,2020-2026,0,gor3a/vehicle-makes-models,added_missing
152,8,Aston Martin,Db9,2003,2015,2003-2015,10,original_db,existing
153,8,Aston Martin,Db9 Volante,2004,2013,2004-2013,8,original_db,existing
154,8,Aston Martin,Dbs,2007,2011,2007-2011,14,original_db,existing
161,8,Aston Martin,Lagonda Taraf,,,,0,DanielKohut/car-data,added_missing
162,8,Aston Martin,Lagonda Vision Concept,,,,0,DanielKohut/car-data,added_missing
163,8,Aston Martin,One-77,2009,2012,2009-2012,0,gor3a/vehicle-makes-models,added_missing
164,8,Aston Martin,Rapide,2010,2010,2010,1,original_db,existing
165,8,Aston Martin,Rapide AMR,2017,2020,2017-2020,0,gor3a/vehicle-makes-models,added_missing
166,8,Aston Martin,Rapide E,2019,2019,2019-2019,0,gor3a/vehicle-makes-models,added_missing
167,8,Aston Martin,Rapide S,2013,2018,2013-2018,0,gor3a/vehicle-makes-models,added_missing
168,8,Aston Martin,V12 Speedster,2020,2022,2020-2022,0,gor3a/vehicle-makes-models,added_missing
169,8,Aston Martin,V12 Vantage,2009,2013,2009-2013,3,original_db,existing
170,8,Aston Martin,V12 Vantage AMR,2017,2019,2017-2019,0,gor3a/vehicle-makes-models,added_missing
171,8,Aston Martin,V12 Vantage Roadster,2012,2013,2012-2013,2,original_db,existing
172,8,Aston Martin,V12 Vantage S,2013,2013,2013,1,original_db,existing
173,8,Aston Martin,V12 Vantage S Roadster,2014,2014,2014,1,original_db,existing
174,8,Aston Martin,V12 Zagato,2012,2012,2012,1,original_db,existing
176,8,Aston Martin,V8 Vantage,2005,2014,2005-2014,15,original_db,existing
177,8,Aston Martin,V8 Vantage (1977–1989),,,,0,DanielKohut/car-data,added_missing
178,8,Aston Martin,V8 Vantage (2005–2017),,,,0,DanielKohut/car-data,added_missing
179,8,Aston Martin,V8 Vantage (2018–),,,,0,DanielKohut/car-data,added_missing
180,8,Aston Martin,V8 Vantage Roadster,2006,2014,2006-2014,14,original_db,existing
181,8,Aston Martin,V8 Vantage S,2011,2012,2011-2012,2,original_db,existing
182,8,Aston Martin,V8 Vantage S Roadster,2011,2011,2011,1,original_db,existing
183,8,Aston Martin,V8 Volante,1978,2014,1978-2014,0,gor3a/vehicle-makes-models,added_missing
5233,8,Aston Martin,VANQUISH (R2_),2001,2003,2001-2003,2,itdiag8-dotcom/database (vivid_cars2000.db),added_from_vivid
5740,8,Aston Martin,VANTAGE Coupe,2004,2012,2004-2012,2,itdiag8-dotcom/database (vivid_cars2000.db),added_from_vivid
5741,8,Aston Martin,VANTAGE Roadster,2006,2012,2006-2012,2,itdiag8-dotcom/database (vivid_cars2000.db),added_from_vivid
4627,8,Aston Martin,VIRAGE Convertible,2010,2010,2010,1,itdiag8-dotcom/database (vivid_cars2000.db),added_from_vivid
4626,8,Aston Martin,VIRAGE Coupe,2010,2010,2010,1,itdiag8-dotcom/database (vivid_cars2000.db),added_from_vivid
184,8,Aston Martin,Valhalla,2022,2026,2022-2026,0,gor3a/vehicle-makes-models,added_missing
185,8,Aston Martin,Valiant,2024,2026,2024-2026,0,plowman/open-vehicle-db,added_missing
186,8,Aston Martin,Valkyrie,,,,0,DanielKohut/car-data,added_missing
187,8,Aston Martin,Valour,2024,2024,2024-2024,0,plowman/open-vehicle-db,added_missing
188,8,Aston Martin,Vanquish,2013,2015,2013-2015,4,original_db,existing
189,8,Aston Martin,Vanquish (2001–2007),,,,0,DanielKohut/car-data,added_missing
190,8,Aston Martin,Vanquish (2012–2018),,,,0,DanielKohut/car-data,added_missing
191,8,Aston Martin,Vanquish S,2004,2018,2004-2018,0,gor3a/vehicle-makes-models,added_missing
192,8,Aston Martin,Vanquish Volante,2013,2026,2013-2026,0,gor3a/vehicle-makes-models,added_missing
193,8,Aston Martin,Vanquish Zagato,,,,0,DanielKohut/car-data,added_missing
194,8,Aston Martin,Vantage,2020,2026,2020-2026,0,gor3a/vehicle-makes-models,added_missing
195,8,Aston Martin,Vantage (Classic),,,,0,DanielKohut/car-data,added_missing
196,8,Aston Martin,Vantage GT12,2015,2016,2015-2016,0,gor3a/vehicle-makes-models,added_missing
197,8,Aston Martin,Vantage GT8,2016,2017,2016-2017,0,gor3a/vehicle-makes-models,added_missing
198,8,Aston Martin,Victor,,,,0,DanielKohut/car-data,added_missing
199,8,Aston Martin,Virage,1988,2012,1988-2012,0,gor3a/vehicle-makes-models,added_missing
200,8,Aston Martin,Virage (2011–2012),,,,0,DanielKohut/car-data,added_missing
201,8,Aston Martin,Virage Volante,1992,2012,1992-2012,0,gor3a/vehicle-makes-models,added_missing
202,8,Aston Martin,Vulcan,2015,2016,2015-2016,0,gor3a/vehicle-makes-models,added_missing
5614,8,Aston Martin,ZAGATO Coupe,2011,2011,2011,1,itdiag8-dotcom/database (vivid_cars2000.db),added_from_vivid
204,10,Audi,100 C1,,,,0,DanielKohut/car-data,added_missing
205,10,Audi,100 C2,,,,0,DanielKohut/car-data,added_missing
206,10,Audi,100 C3,,,,0,DanielKohut/car-data,added_missing
207,10,Audi,100 C4,,,,0,DanielKohut/car-data,added_missing
211,10,Audi,200 C2,,,,0,DanielKohut/car-data,added_missing
212,10,Audi,200 C3,,,,0,DanielKohut/car-data,added_missing
214,10,Audi,50,,,,0,DanielKohut/car-data,added_missing
216,10,Audi,60,,,,0,DanielKohut/car-data,added_missing
217,10,Audi,72,,,,0,DanielKohut/car-data,added_missing
221,10,Audi,80 B1,,,,0,DanielKohut/car-data,added_missing
222,10,Audi,80 B2,,,,0,DanielKohut/car-data,added_missing
223,10,Audi,80 B3,,,,0,DanielKohut/car-data,added_missing
224,10,Audi,80 B4,,,,0,DanielKohut/car-data,added_missing
229,10,Audi,90 B2,,,,0,DanielKohut/car-data,added_missing
230,10,Audi,90 B3,,,,0,DanielKohut/car-data,added_missing
231,10,Audi,A1,2010,2011,2010-2011,12,original_db,existing
4620,10,Audi,"A1 (8X1, 8XF)",2009,2013,2009-2013,19,itdiag8-dotcom/database (vivid_cars2000.db),added_from_vivid
232,10,Audi,A1 8X,,,,0,DanielKohut/car-data,added_missing
233,10,Audi,A1 GB,,,,0,DanielKohut/car-data,added_missing
234,10,Audi,A1 Quattro,2012,2012,2012,1,original_db,existing
235,10,Audi,A1 Sportback,2012,2012,2012,10,original_db,existing
4852,10,Audi,"A1 Sportback (8XA, 8XK)",2010,2013,2010-2013,18,itdiag8-dotcom/database (vivid_cars2000.db),added_from_vivid
236,10,Audi,A2,1999,2003,1999-2003,7,original_db,existing
4949,10,Audi,A2 (8Z0),2000,2003,2000-2003,7,itdiag8-dotcom/database (vivid_cars2000.db),added_from_vivid
237,10,Audi,A2 8Z,,,,0,DanielKohut/car-data,added_missing
238,10,Audi,A3,1996,2025,1996-2014,230,original_db,existing
5066,10,Audi,A3 (8L1),2000,2001,2000-2001,6,itdiag8-dotcom/database (vivid_cars2000.db),added_from_vivid
4501,10,Audi,A3 (8P1),2003,2010,2003-2010,54,itdiag8-dotcom/database (vivid_cars2000.db),added_from_vivid
6248,10,Audi,A3 (8V1),2011,2012,2011-2012,23,itdiag8-dotcom/database (vivid_cars2000.db),added_from_vivid
239,10,Audi,A3 8L,,,,0,DanielKohut/car-data,added_missing
240,10,Audi,A3 8P,,,,0,DanielKohut/car-data,added_missing
241,10,Audi,A3 8V,,,,0,DanielKohut/car-data,added_missing
242,10,Audi,A3 8Y,,,,0,DanielKohut/car-data,added_missing
244,10,Audi,A3 Cabriolet,,,,0,DanielKohut/car-data,added_missing
4806,10,Audi,A3 Convertible (8P7),2007,2010,2007-2010,13,itdiag8-dotcom/database (vivid_cars2000.db),added_from_vivid
6406,10,Audi,A3 Convertible (8V7),2012,2012,2012,12,itdiag8-dotcom/database (vivid_cars2000.db),added_from_vivid
6161,10,Audi,A3 Limousine (8VS),2012,2012,2012,22,itdiag8-dotcom/database (vivid_cars2000.db),added_from_vivid
245,10,Audi,A3 Sedan,2013,2014,2013-2014,20,original_db,existing
246,10,Audi,A3 Sportback,2004,2014,2004-2014,172,original_db,existing
4502,10,Audi,A3 Sportback (8PA),2003,2010,2003-2010,55,itdiag8-dotcom/database (vivid_cars2000.db),added_from_vivid
6228,10,Audi,A3 Sportback (8VA),2011,2012,2011-2012,26,itdiag8-dotcom/database (vivid_cars2000.db),added_from_vivid
243,10,Audi,A3 allstreet,2024,2026,2024-2026,0,gor3a/vehicle-makes-models,added_missing
247,10,Audi,A4,1996,2025,1996-2014,338,original_db,existing
4833,10,Audi,"A4 (8D2, B5)",2000,2000,2000,4,itdiag8-dotcom/database (vivid_cars2000.db),added_from_vivid
5119,10,Audi,"A4 (8E2, B6)",2000,2003,2000-2003,26,itdiag8-dotcom/database (vivid_cars2000.db),added_from_vivid
5477,10,Audi,"A4 (8EC, B7)",2003,2005,2003-2005,33,itdiag8-dotcom/database (vivid_cars2000.db),added_from_vivid
5230,10,Audi,"A4 (8K2, B8)",2006,2012,2006-2012,54,itdiag8-dotcom/database (vivid_cars2000.db),added_from_vivid
248,10,Audi,A4 Allroad,2009,2025,2009-2025,0,gor3a/vehicle-makes-models,added_missing
5222,10,Audi,"A4 Allroad (8KH, B8)",2008,2012,2008-2012,18,itdiag8-dotcom/database (vivid_cars2000.db),added_from_vivid
249,10,Audi,A4 Allroad B8,,,,0,DanielKohut/car-data,added_missing
250,10,Audi,A4 Allroad B9,,,,0,DanielKohut/car-data,added_missing
251,10,Audi,A4 Avant,1996,2025,1996-2025,0,gor3a/vehicle-makes-models,added_missing
4834,10,Audi,"A4 Avant (8D5, B5)",2000,2000,2000,5,itdiag8-dotcom/database (vivid_cars2000.db),added_from_vivid
5231,10,Audi,"A4 Avant (8E5, B6)",2000,2003,2000-2003,24,itdiag8-dotcom/database (vivid_cars2000.db),added_from_vivid
5479,10,Audi,"A4 Avant (8ED, B7)",2003,2005,2003-2005,30,itdiag8-dotcom/database (vivid_cars2000.db),added_from_vivid
5529,10,Audi,"A4 Avant (8K5, B8)",2006,2012,2006-2012,44,itdiag8-dotcom/database (vivid_cars2000.db),added_from_vivid
252,10,Audi,A4 Avant B5,,,,0,DanielKohut/car-data,added_missing
253,10,Audi,A4 Avant B6,,,,0,DanielKohut/car-data,added_missing
254,10,Audi,A4 Avant B7,,,,0,DanielKohut/car-data,added_missing
255,10,Audi,A4 Avant B8,,,,0,DanielKohut/car-data,added_missing
256,10,Audi,A4 Avant B9,,,,0,DanielKohut/car-data,added_missing
257,10,Audi,A4 B5,,,,0,DanielKohut/car-data,added_missing
258,10,Audi,A4 B6,,,,0,DanielKohut/car-data,added_missing
259,10,Audi,A4 B7,,,,0,DanielKohut/car-data,added_missing
260,10,Audi,A4 B8,,,,0,DanielKohut/car-data,added_missing
261,10,Audi,A4 B9,,,,0,DanielKohut/car-data,added_missing
262,10,Audi,A4 Cabriolet B6,,,,0,DanielKohut/car-data,added_missing
263,10,Audi,A4 Cabriolet B7,,,,0,DanielKohut/car-data,added_missing
5275,10,Audi,"A4 Convertible (8H7, B6, 8HE, B7)",2002,2005,2002-2005,23,itdiag8-dotcom/database (vivid_cars2000.db),added_from_vivid
264,10,Audi,A4 DTM Edition,2005,2007,2005-2007,0,gor3a/vehicle-makes-models,added_missing
265,10,Audi,A5,2007,2025,2007-2013,64,original_db,existing
4621,10,Audi,A5 (8T3),2006,2012,2006-2012,34,itdiag8-dotcom/database (vivid_cars2000.db),added_from_vivid
266,10,Audi,A5 8T,,,,0,DanielKohut/car-data,added_missing
267,10,Audi,A5 Avant,2024,2026,2024-2026,0,gor3a/vehicle-makes-models,added_missing
268,10,Audi,A5 Cabriolet,2009,2015,2009-2015,46,original_db,existing
269,10,Audi,A5 Cabriolet 8F,,,,0,DanielKohut/car-data,added_missing
270,10,Audi,A5 Cabriolet F5,,,,0,DanielKohut/car-data,added_missing
4874,10,Audi,A5 Convertible (8F7),2008,2012,2008-2012,33,itdiag8-dotcom/database (vivid_cars2000.db),added_from_vivid
271,10,Audi,A5 F5,,,,0,DanielKohut/car-data,added_missing
272,10,Audi,A5 Sportback,2009,2014,2009-2014,73,original_db,existing
4873,10,Audi,A5 Sportback (8TA),2008,2012,2008-2012,32,itdiag8-dotcom/database (vivid_cars2000.db),added_from_vivid
273,10,Audi,A5 Sportback 8TA,,,,0,DanielKohut/car-data,added_missing
274,10,Audi,A5 Sportback F5,,,,0,DanielKohut/car-data,added_missing
275,10,Audi,A6,1997,2025,1997-2016,204,original_db,existing
4989,10,Audi,"A6 (4B2, C5)",2000,2003,2000-2003,20,itdiag8-dotcom/database (vivid_cars2000.db),added_from_vivid
4890,10,Audi,"A6 (4F2, C6)",2003,2008,2003-2008,45,itdiag8-dotcom/database (vivid_cars2000.db),added_from_vivid
4561,10,Audi,"A6 (4G2, C7, 4GC)",2009,2013,2009-2013,37,itdiag8-dotcom/database (vivid_cars2000.db),added_from_vivid
276,10,Audi,A6 Allroad,2000,2016,2000-2016,38,original_db,existing
5547,10,Audi,"A6 Allroad (4FH, C6)",2005,2007,2005-2007,12,itdiag8-dotcom/database (vivid_cars2000.db),added_from_vivid
5952,10,Audi,"A6 Allroad (4GH, 4GJ)",2011,2012,2011-2012,10,itdiag8-dotcom/database (vivid_cars2000.db),added_from_vivid
277,10,Audi,A6 Allroad C5,,,,0,DanielKohut/car-data,added_missing
278,10,Audi,A6 Allroad C6,,,,0,DanielKohut/car-data,added_missing
279,10,Audi,A6 Allroad C7,,,,0,DanielKohut/car-data,added_missing
280,10,Audi,A6 Allroad C8,,,,0,DanielKohut/car-data,added_missing
281,10,Audi,A6 Avant,1994,2026,1994-2026,0,gor3a/vehicle-makes-models,added_missing
4990,10,Audi,"A6 Avant (4B5, C5)",2000,2003,2000-2003,16,itdiag8-dotcom/database (vivid_cars2000.db),added_from_vivid
4891,10,Audi,"A6 Avant (4F5, C6)",2004,2008,2004-2008,36,itdiag8-dotcom/database (vivid_cars2000.db),added_from_vivid
4751,10,Audi,"A6 Avant (4G5, C7, 4GD)",2010,2013,2010-2013,31,itdiag8-dotcom/database (vivid_cars2000.db),added_from_vivid
282,10,Audi,A6 Avant C4,,,,0,DanielKohut/car-data,added_missing
283,10,Audi,A6 Avant C5,,,,0,DanielKohut/car-data,added_missing
284,10,Audi,A6 Avant C6,,,,0,DanielKohut/car-data,added_missing
285,10,Audi,A6 Avant C7,,,,0,DanielKohut/car-data,added_missing
286,10,Audi,A6 Avant C8,,,,0,DanielKohut/car-data,added_missing
287,10,Audi,A6 C4,,,,0,DanielKohut/car-data,added_missing
288,10,Audi,A6 C5,,,,0,DanielKohut/car-data,added_missing
289,10,Audi,A6 C6,,,,0,DanielKohut/car-data,added_missing
290,10,Audi,A6 C7,,,,0,DanielKohut/car-data,added_missing
291,10,Audi,A6 C8,,,,0,DanielKohut/car-data,added_missing
292,10,Audi,A7,2010,2025,2010-2014,7,original_db,existing
293,10,Audi,A7 4G8,,,,0,DanielKohut/car-data,added_missing
294,10,Audi,A7 4K8,,,,0,DanielKohut/car-data,added_missing
4364,10,Audi,"A7 Sportback (4GA, 4GF)",2009,2012,2009-2012,29,itdiag8-dotcom/database (vivid_cars2000.db),added_from_vivid
296,10,Audi,A7 Sportback 4G8,,,,0,DanielKohut/car-data,added_missing
297,10,Audi,A7 Sportback 4K8,,,,0,DanielKohut/car-data,added_missing
295,10,Audi,A7 e,2021,2022,2021-2022,0,plowman/open-vehicle-db,added_missing
298,10,Audi,A8,1995,2025,1995-2011,29,original_db,existing
4883,10,Audi,"A8 (4D2, 4D8)",2000,2001,2000-2001,3,itdiag8-dotcom/database (vivid_cars2000.db),added_from_vivid
5342,10,Audi,A8 (4E_),2002,2006,2002-2006,16,itdiag8-dotcom/database (vivid_cars2000.db),added_from_vivid
4623,10,Audi,A8 (4H_),2008,2012,2008-2012,26,itdiag8-dotcom/database (vivid_cars2000.db),added_from_vivid
299,10,Audi,A8 D2,,,,0,DanielKohut/car-data,added_missing
300,10,Audi,A8 D3,,,,0,DanielKohut/car-data,added_missing
301,10,Audi,A8 D4,,,,0,DanielKohut/car-data,added_missing
302,10,Audi,A8 D5,,,,0,DanielKohut/car-data,added_missing
304,10,Audi,A8 L,2021,2027,2021-2027,0,plowman/open-vehicle-db,added_missing
305,10,Audi,A8 L D4,,,,0,DanielKohut/car-data,added_missing
306,10,Audi,A8 L D5,,,,0,DanielKohut/car-data,added_missing
307,10,Audi,A8 L e,2021,2021,2021-2021,0,plowman/open-vehicle-db,added_missing
303,10,Audi,A8 e,2020,2020,2020-2020,0,plowman/open-vehicle-db,added_missing
5028,10,Audi,"ALLROAD (4BH, C5)",2000,2003,2000-2003,8,itdiag8-dotcom/database (vivid_cars2000.db),added_from_vivid
308,10,Audi,Allroad,2000,2026,2000-2026,0,gor3a/vehicle-makes-models,added_missing
309,10,Audi,Andere,,,,0,DanielKohut/car-data,added_missing
310,10,Audi,Cabriolet,1991,2000,1991-2000,0,gor3a/vehicle-makes-models,added_missing
313,10,Audi,Coupé,,,,0,DanielKohut/car-data,added_missing
318,10,Audi,E5,2025,2026,2025-2026,0,gor3a/vehicle-makes-models,added_missing
319,10,Audi,Nuvolari,2026,2026,2026-2026,0,gor3a/vehicle-makes-models,added_missing
320,10,Audi,Q2,2016,2026,2016-2026,0,gor3a/vehicle-makes-models,added_missing
321,10,Audi,Q2 GA,,,,0,DanielKohut/car-data,added_missing
322,10,Audi,Q3,2011,2025,2011-2013,5,original_db,existing
4853,10,Audi,Q3 (8U),2010,2013,2010-2013,19,itdiag8-dotcom/database (vivid_cars2000.db),added_from_vivid
323,10,Audi,Q3 8U,,,,0,DanielKohut/car-data,added_missing
324,10,Audi,Q3 F3,,,,0,DanielKohut/car-data,added_missing
325,10,Audi,Q3 Rs,2013,2015,2013-2015,2,original_db,existing
326,10,Audi,Q3 Sportback F3,,,,0,DanielKohut/car-data,added_missing
327,10,Audi,Q4,2021,2026,2021-2026,0,gor3a/vehicle-makes-models,added_missing
330,10,Audi,Q4 Sportback e-tron FZ,,,,0,DanielKohut/car-data,added_missing
328,10,Audi,Q4 e-tron,2021,2026,2021-2026,0,gor3a/vehicle-makes-models,added_missing
329,10,Audi,Q4 e-tron FZ,,,,0,DanielKohut/car-data,added_missing
331,10,Audi,Q5,2008,2025,2008-2015,41,original_db,existing
4807,10,Audi,Q5 (8R),2007,2012,2007-2012,41,itdiag8-dotcom/database (vivid_cars2000.db),added_from_vivid
332,10,Audi,Q5 8R,,,,0,DanielKohut/car-data,added_missing
334,10,Audi,Q5 FY,,,,0,DanielKohut/car-data,added_missing
335,10,Audi,Q5 Sportback FY,,,,0,DanielKohut/car-data,added_missing
333,10,Audi,Q5 e,2020,2025,2020-2025,0,plowman/open-vehicle-db,added_missing
336,10,Audi,Q5L,,,,0,DanielKohut/car-data,added_missing
337,10,Audi,Q6,2024,2026,2024-2026,0,gor3a/vehicle-makes-models,added_missing
338,10,Audi,Q6 e-tron,,,,0,DanielKohut/car-data,added_missing
339,10,Audi,Q7,2006,2025,2006-2010,17,original_db,existing
4625,10,Audi,Q7 (4L),2005,2010,2005-2010,27,itdiag8-dotcom/database (vivid_cars2000.db),added_from_vivid
340,10,Audi,Q7 4L,,,,0,DanielKohut/car-data,added_missing
341,10,Audi,Q7 4M,,,,0,DanielKohut/car-data,added_missing
342,10,Audi,Q8,2018,2026,2018-2026,0,gor3a/vehicle-makes-models,added_missing
343,10,Audi,Q8 4M,,,,0,DanielKohut/car-data,added_missing
344,10,Audi,Q8 e-tron,2022,2026,2022-2026,0,gor3a/vehicle-makes-models,added_missing
346,10,Audi,Quattro (Ur-Quattro),,,,0,DanielKohut/car-data,added_missing
347,10,Audi,R8,2007,2021,2007-2010,4,original_db,existing
348,10,Audi,R8 42,,,,0,DanielKohut/car-data,added_missing
349,10,Audi,R8 4S,,,,0,DanielKohut/car-data,added_missing
350,10,Audi,R8 GT,2010,2024,2010-2024,0,gor3a/vehicle-makes-models,added_missing
351,10,Audi,R8 Spyder,,,,0,DanielKohut/car-data,added_missing
352,10,Audi,R8 V10,,,,0,DanielKohut/car-data,added_missing
6571,10,Audi,RS,2003,2025,2015,1,lemon.dogeware.me LEMON 2015,active
353,10,Audi,RS 3,2010,2026,2010-2026,0,gor3a/vehicle-makes-models,added_missing
354,10,Audi,RS 4,2005,2009,2005-2009,0,gor3a/vehicle-makes-models,added_missing
355,10,Audi,RS 4 Avant,2000,2025,2000-2025,0,gor3a/vehicle-makes-models,added_missing
356,10,Audi,RS 5,2010,2026,2010-2026,0,gor3a/vehicle-makes-models,added_missing
357,10,Audi,RS 6,2003,2004,2003-2004,0,plowman/open-vehicle-db,added_missing
358,10,Audi,RS 6 Avant,2021,2026,2021-2026,0,plowman/open-vehicle-db,added_missing
359,10,Audi,RS 7,2014,2027,2014-2027,0,plowman/open-vehicle-db,added_missing
361,10,Audi,RS Q3,2013,2015,2013-2015,0,gor3a/vehicle-makes-models,added_missing
362,10,Audi,RS Q3 8U,,,,0,DanielKohut/car-data,added_missing
363,10,Audi,RS Q3 F3,,,,0,DanielKohut/car-data,added_missing
364,10,Audi,RS Q5 FY,,,,0,DanielKohut/car-data,added_missing
365,10,Audi,RS Q8,2019,2026,2019-2026,0,gor3a/vehicle-makes-models,added_missing
366,10,Audi,RS Q8 4M,,,,0,DanielKohut/car-data,added_missing
360,10,Audi,RS e-tron GT,,,,0,DanielKohut/car-data,added_missing
367,10,Audi,RS2 Avant,,,,0,DanielKohut/car-data,added_missing
369,10,Audi,RS3 8P,,,,0,DanielKohut/car-data,added_missing
370,10,Audi,RS3 8V,,,,0,DanielKohut/car-data,added_missing
371,10,Audi,RS3 8Y,,,,0,DanielKohut/car-data,added_missing
373,10,Audi,RS4 Avant B5,,,,0,DanielKohut/car-data,added_missing
374,10,Audi,RS4 Avant B7,,,,0,DanielKohut/car-data,added_missing
375,10,Audi,RS4 Avant B8,,,,0,DanielKohut/car-data,added_missing
376,10,Audi,RS4 Avant B9,,,,0,DanielKohut/car-data,added_missing
378,10,Audi,RS5 8T,,,,0,DanielKohut/car-data,added_missing
379,10,Audi,RS5 Avant,2026,2026,2026-2026,0,gor3a/vehicle-makes-models,added_missing
380,10,Audi,RS5 F5,,,,0,DanielKohut/car-data,added_missing
381,10,Audi,RS5 Sportback F5,,,,0,DanielKohut/car-data,added_missing
383,10,Audi,RS6 Avant,2002,2026,2002-2026,0,gor3a/vehicle-makes-models,added_missing
384,10,Audi,RS6 Avant C5,,,,0,DanielKohut/car-data,added_missing
385,10,Audi,RS6 Avant C6,,,,0,DanielKohut/car-data,added_missing
386,10,Audi,RS6 Avant C7,,,,0,DanielKohut/car-data,added_missing
387,10,Audi,RS6 Avant C8,,,,0,DanielKohut/car-data,added_missing
389,10,Audi,RS7 4G8,,,,0,DanielKohut/car-data,added_missing
390,10,Audi,RS7 4K8,,,,0,DanielKohut/car-data,added_missing
391,10,Audi,RS7 Avant,,,,0,DanielKohut/car-data,added_missing
368,10,Audi,Rs3,2011,2015,2011-2015,3,original_db,existing
372,10,Audi,Rs4,2000,2005,2000-2005,3,original_db,existing
377,10,Audi,Rs5,2010,2010,2010,1,original_db,existing
382,10,Audi,Rs6,2002,2015,2002-2015,6,original_db,existing
388,10,Audi,Rs7,2013,2013,2013,2,original_db,existing
392,10,Audi,S e-tron GT,2025,2027,2025-2027,0,plowman/open-vehicle-db,added_missing
393,10,Audi,S1,2014,2014,2014,1,original_db,existing
394,10,Audi,S1 Sportback,2014,2014,2014,1,original_db,existing
395,10,Audi,S2 Avant,,,,0,DanielKohut/car-data,added_missing
396,10,Audi,S2 Coupé,,,,0,DanielKohut/car-data,added_missing
397,10,Audi,S3,1998,2025,1998-2014,16,original_db,existing
398,10,Audi,S3 8L,,,,0,DanielKohut/car-data,added_missing
399,10,Audi,S3 8P,,,,0,DanielKohut/car-data,added_missing
400,10,Audi,S3 8V,,,,0,DanielKohut/car-data,added_missing
401,10,Audi,S3 8Y,,,,0,DanielKohut/car-data,added_missing
402,10,Audi,S4,1997,2025,1997-2014,12,original_db,existing
403,10,Audi,S4 Avant,1997,2023,1997-2023,0,gor3a/vehicle-makes-models,added_missing
404,10,Audi,S4 B5,,,,0,DanielKohut/car-data,added_missing
405,10,Audi,S4 B6,,,,0,DanielKohut/car-data,added_missing
406,10,Audi,S4 B7,,,,0,DanielKohut/car-data,added_missing
407,10,Audi,S4 B8,,,,0,DanielKohut/car-data,added_missing
408,10,Audi,S4 B9,,,,0,DanielKohut/car-data,added_missing
409,10,Audi,S5,2007,2025,2007-2014,8,original_db,existing
410,10,Audi,S5 8T,,,,0,DanielKohut/car-data,added_missing
411,10,Audi,S5 Avant,2024,2026,2024-2026,0,gor3a/vehicle-makes-models,added_missing
412,10,Audi,S5 F5,,,,0,DanielKohut/car-data,added_missing
413,10,Audi,S5 Sportback F5,,,,0,DanielKohut/car-data,added_missing
414,10,Audi,S6,1999,2025,1999-2015,9,original_db,existing
415,10,Audi,S6 Avant,1994,2026,1994-2026,0,gor3a/vehicle-makes-models,added_missing
416,10,Audi,S6 C4,,,,0,DanielKohut/car-data,added_missing
417,10,Audi,S6 C5,,,,0,DanielKohut/car-data,added_missing
418,10,Audi,S6 C6,,,,0,DanielKohut/car-data,added_missing
419,10,Audi,S6 C7,,,,0,DanielKohut/car-data,added_missing
420,10,Audi,S6 C8,,,,0,DanielKohut/car-data,added_missing
421,10,Audi,S7,2012,2025,2012-2015,2,original_db,existing
422,10,Audi,S7 4G8,,,,0,DanielKohut/car-data,added_missing
423,10,Audi,S7 4K8,,,,0,DanielKohut/car-data,added_missing
424,10,Audi,S8,1999,2025,1999-2013,7,original_db,existing
425,10,Audi,S8 D2,,,,0,DanielKohut/car-data,added_missing
426,10,Audi,S8 D3,,,,0,DanielKohut/car-data,added_missing
427,10,Audi,S8 D4,,,,0,DanielKohut/car-data,added_missing
428,10,Audi,S8 D5,,,,0,DanielKohut/car-data,added_missing
429,10,Audi,S8 Plus,2015,2019,2015-2019,0,gor3a/vehicle-makes-models,added_missing
430,10,Audi,SQ2,2018,2026,2018-2026,0,gor3a/vehicle-makes-models,added_missing
432,10,Audi,SQ5 8R,,,,0,DanielKohut/car-data,added_missing
433,10,Audi,SQ5 FY,,,,0,DanielKohut/car-data,added_missing
434,10,Audi,SQ6,2024,2026,2024-2026,0,gor3a/vehicle-makes-models,added_missing
435,10,Audi,SQ7,2016,2026,2016-2026,0,gor3a/vehicle-makes-models,added_missing
436,10,Audi,SQ7 4M,,,,0,DanielKohut/car-data,added_missing
437,10,Audi,SQ8,2019,2026,2019-2026,0,gor3a/vehicle-makes-models,added_missing
438,10,Audi,SQ8 4M,,,,0,DanielKohut/car-data,added_missing
439,10,Audi,SQ8 e-tron,2023,2026,2023-2026,0,gor3a/vehicle-makes-models,added_missing
431,10,Audi,Sq5,2013,2013,2013,1,original_db,existing
4517,10,Audi,TT (8J3),2005,2010,2005-2010,21,itdiag8-dotcom/database (vivid_cars2000.db),added_from_vivid
5364,10,Audi,TT (8N3),2002,2004,2002-2004,6,itdiag8-dotcom/database (vivid_cars2000.db),added_from_vivid
6464,10,Audi,TT (FV3),2012,2013,2012-2013,3,itdiag8-dotcom/database (vivid_cars2000.db),added_from_vivid
441,10,Audi,TT 8J,,,,0,DanielKohut/car-data,added_missing
442,10,Audi,TT 8N,,,,0,DanielKohut/car-data,added_missing
443,10,Audi,TT FV/8S,,,,0,DanielKohut/car-data,added_missing
448,10,Audi,TT RS 8J,,,,0,DanielKohut/car-data,added_missing
449,10,Audi,TT RS FV/8S,,,,0,DanielKohut/car-data,added_missing
4518,10,Audi,TT Roadster (8J9),2006,2011,2006-2011,20,itdiag8-dotcom/database (vivid_cars2000.db),added_from_vivid
4837,10,Audi,TT Roadster (8N9),2000,2004,2000-2004,9,itdiag8-dotcom/database (vivid_cars2000.db),added_from_vivid
6517,10,Audi,TT Roadster (FV9),2013,2013,2013,4,itdiag8-dotcom/database (vivid_cars2000.db),added_from_vivid
444,10,Audi,TT Roadster 8J,,,,0,DanielKohut/car-data,added_missing
445,10,Audi,TT Roadster 8N,,,,0,DanielKohut/car-data,added_missing
446,10,Audi,TT Roadster FV/8S,,,,0,DanielKohut/car-data,added_missing
440,10,Audi,Tt,1998,2013,1998-2013,26,original_db,existing
447,10,Audi,Tt Rs,2009,2009,2009,2,original_db,existing
450,10,Audi,Tts,2008,2008,2008,2,original_db,existing
314,10,Audi,e-tron,2019,2026,2019-2026,0,gor3a/vehicle-makes-models,added_missing
315,10,Audi,e-tron GT,2021,2026,2021-2026,0,gor3a/vehicle-makes-models,added_missing
316,10,Audi,e-tron S,,,,0,DanielKohut/car-data,added_missing
317,10,Audi,e-tron Sportback,2020,2022,2020-2022,0,plowman/open-vehicle-db,added_missing
5439,14,BMW,1 (E81),2005,2010,2005-2010,41,itdiag8-dotcom/database (vivid_cars2000.db),added_from_vivid
6217,14,BMW,1 (E87),2003,2010,2003-2010,59,itdiag8-dotcom/database (vivid_cars2000.db),added_from_vivid
4386,14,BMW,1 (F20),2009,2013,2009-2013,27,itdiag8-dotcom/database (vivid_cars2000.db),added_from_vivid
6218,14,BMW,1 (F21),2010,2013,2010-2013,26,itdiag8-dotcom/database (vivid_cars2000.db),added_from_vivid
5788,14,BMW,1 Convertible (E88),2007,2007,2007,22,itdiag8-dotcom/database (vivid_cars2000.db),added_from_vivid
4688,14,BMW,1 Coupe (E82),2006,2010,2006-2010,16,itdiag8-dotcom/database (vivid_cars2000.db),added_from_vivid
497,14,BMW,1 Series,2002,2015,2002-2015,53,original_db,existing
498,14,BMW,1 Series M,2010,2012,2010-2012,0,gor3a/vehicle-makes-models,added_missing
499,14,BMW,1 Series M Coupé (E82),,,,0,DanielKohut/car-data,added_missing
500,14,BMW,1 Series – E81/E82/E87/E88,,,,0,DanielKohut/car-data,added_missing
501,14,BMW,1 Series – F20/F21,,,,0,DanielKohut/car-data,added_missing
502,14,BMW,1 Series – F40,,,,0,DanielKohut/car-data,added_missing
503,14,BMW,114i,,,,0,DanielKohut/car-data,added_missing
504,14,BMW,116d,,,,0,DanielKohut/car-data,added_missing
505,14,BMW,116i,,,,0,DanielKohut/car-data,added_missing
506,14,BMW,118d,,,,0,DanielKohut/car-data,added_missing
507,14,BMW,118i,,,,0,DanielKohut/car-data,added_missing
508,14,BMW,120d,,,,0,DanielKohut/car-data,added_missing
509,14,BMW,120i,,,,0,DanielKohut/car-data,added_missing
510,14,BMW,123d,,,,0,DanielKohut/car-data,added_missing
511,14,BMW,125d,,,,0,DanielKohut/car-data,added_missing
512,14,BMW,125i,,,,0,DanielKohut/car-data,added_missing
513,14,BMW,128i,2008,2013,,0,DanielKohut/car-data,added_missing
514,14,BMW,128ti,,,,0,DanielKohut/car-data,added_missing
515,14,BMW,130i,,,,0,DanielKohut/car-data,added_missing
516,14,BMW,135i,2008,2013,,0,DanielKohut/car-data,added_missing
6805,14,BMW,135is,2013,2013,2013,1,lemon.dogeware.me LEMON 2015,active
518,14,BMW,1602,,,,0,DanielKohut/car-data,added_missing
519,14,BMW,1M,2011,2011,2011-2011,0,plowman/open-vehicle-db,added_missing
6452,14,BMW,2 Active Tourer (F45),2012,2013,2012-2013,9,itdiag8-dotcom/database (vivid_cars2000.db),added_from_vivid
6496,14,BMW,2 Convertible (F23),2013,2013,2013,5,itdiag8-dotcom/database (vivid_cars2000.db),added_from_vivid
6359,14,BMW,2 Coupe (F22),2012,2013,2012-2013,10,itdiag8-dotcom/database (vivid_cars2000.db),added_from_vivid
520,14,BMW,2 Series,2014,2015,2014-2015,11,original_db,existing
521,14,BMW,2 Series Active Tourer,2014,2026,2014-2026,0,gor3a/vehicle-makes-models,added_missing
522,14,BMW,2 Series Gran,2019,2026,2019-2026,0,gor3a/vehicle-makes-models,added_missing
523,14,BMW,2 Series Gran Coupé – F44,,,,0,DanielKohut/car-data,added_missing
524,14,BMW,2 Series Gran Tourer,2015,2021,2015-2021,0,gor3a/vehicle-makes-models,added_missing
525,14,BMW,2 Series – F22/F23,,,,0,DanielKohut/car-data,added_missing
526,14,BMW,2 Series – F45/F46 (Active/Gran Tourer),,,,0,DanielKohut/car-data,added_missing
527,14,BMW,2 Series – G42,,,,0,DanielKohut/car-data,added_missing
529,14,BMW,218d,,,,0,DanielKohut/car-data,added_missing
530,14,BMW,218i,,,,0,DanielKohut/car-data,added_missing
531,14,BMW,220d,,,,0,DanielKohut/car-data,added_missing
532,14,BMW,220i,,,,0,DanielKohut/car-data,added_missing
533,14,BMW,225d,,,,0,DanielKohut/car-data,added_missing
534,14,BMW,225i,,,,0,DanielKohut/car-data,added_missing
535,14,BMW,228,2026,2027,2026-2027,0,plowman/open-vehicle-db,added_missing
536,14,BMW,228i,2014,2024,,0,DanielKohut/car-data,added_missing
537,14,BMW,228i xDrive,,,,0,DanielKohut/car-data,added_missing
538,14,BMW,230i,2017,2024,,0,DanielKohut/car-data,added_missing
5029,14,BMW,3 (E46),2000,2002,2000-2002,16,itdiag8-dotcom/database (vivid_cars2000.db),added_from_vivid
4454,14,BMW,3 (E90),2004,2010,2004-2010,58,itdiag8-dotcom/database (vivid_cars2000.db),added_from_vivid
4915,14,BMW,"3 (F30, F35, F80)",2010,2012,2010-2012,23,itdiag8-dotcom/database (vivid_cars2000.db),added_from_vivid
5204,14,BMW,3 Compact (E46),2001,2002,2001-2002,10,itdiag8-dotcom/database (vivid_cars2000.db),added_from_vivid
4976,14,BMW,3 Convertible (E46),2000,2005,2000-2005,13,itdiag8-dotcom/database (vivid_cars2000.db),added_from_vivid
4918,14,BMW,3 Convertible (E93),2005,2009,2005-2009,29,itdiag8-dotcom/database (vivid_cars2000.db),added_from_vivid
5030,14,BMW,3 Coupe (E46),2000,2004,2000-2004,13,itdiag8-dotcom/database (vivid_cars2000.db),added_from_vivid
4917,14,BMW,3 Coupe (E92),2005,2009,2005-2009,37,itdiag8-dotcom/database (vivid_cars2000.db),added_from_vivid
6229,14,BMW,3 Gran Turismo (F34),2012,2012,2012,19,itdiag8-dotcom/database (vivid_cars2000.db),added_from_vivid
540,14,BMW,3 Series,1992,2015,1992-2015,125,original_db,existing
541,14,BMW,3 Series Compact,1994,2005,1994-2005,0,gor3a/vehicle-makes-models,added_missing
542,14,BMW,3 Series Gran Turismo,2013,2020,2013-2020,0,gor3a/vehicle-makes-models,added_missing
543,14,BMW,3 Series – E21,,,,0,DanielKohut/car-data,added_missing
544,14,BMW,3 Series – E30,,,,0,DanielKohut/car-data,added_missing
545,14,BMW,3 Series – E36,,,,0,DanielKohut/car-data,added_missing
546,14,BMW,3 Series – E46,,,,0,DanielKohut/car-data,added_missing
547,14,BMW,3 Series – E90/E91/E92/E93,,,,0,DanielKohut/car-data,added_missing
548,14,BMW,3 Series – F30/F31/F34/F35,,,,0,DanielKohut/car-data,added_missing
549,14,BMW,3 Series – G20/G21/G28,,,,0,DanielKohut/car-data,added_missing
4884,14,BMW,3 Touring (E46),2000,2002,2000-2002,15,itdiag8-dotcom/database (vivid_cars2000.db),added_from_vivid
4388,14,BMW,3 Touring (E91),2004,2011,2004-2011,45,itdiag8-dotcom/database (vivid_cars2000.db),added_from_vivid
6250,14,BMW,3 Touring (F31),2010,2012,2010-2012,16,itdiag8-dotcom/database (vivid_cars2000.db),added_from_vivid
552,14,BMW,316d,,,,0,DanielKohut/car-data,added_missing
553,14,BMW,316i,,,,0,DanielKohut/car-data,added_missing
554,14,BMW,318d,,,,0,DanielKohut/car-data,added_missing
555,14,BMW,318i,,,,0,DanielKohut/car-data,added_missing
558,14,BMW,318ti,1981,2000,1981-2000,0,plowman/open-vehicle-db,added_missing
559,14,BMW,3200 CS,,,,0,DanielKohut/car-data,added_missing
560,14,BMW,320d,,,,0,DanielKohut/car-data,added_missing
561,14,BMW,320e,,,,0,DanielKohut/car-data,added_missing
562,14,BMW,320i,2013,2018,,0,DanielKohut/car-data,added_missing
6806,14,BMW,320xi,2013,2013,2013,1,lemon.dogeware.me LEMON 2015,active
6673,14,BMW,323Ci,2000,2000,2000,1,lemon.dogeware.me LEMON 2015,active
563,14,BMW,323i,2000,2011,,0,DanielKohut/car-data,added_missing
564,14,BMW,323iC,1998,2000,1998-2000,0,plowman/open-vehicle-db,added_missing
565,14,BMW,323is,1998,2000,1998-2000,0,plowman/open-vehicle-db,added_missing
568,14,BMW,325Ci,2000,2006,2000-2006,0,plowman/open-vehicle-db,added_missing
569,14,BMW,325d,,,,0,DanielKohut/car-data,added_missing
570,14,BMW,325i,2001,2006,,0,DanielKohut/car-data,added_missing
575,14,BMW,325xi,2001,2006,2002-2006,0,plowman/open-vehicle-db,added_missing
576,14,BMW,328Ci,1999,2000,1999-2000,0,plowman/open-vehicle-db,added_missing
577,14,BMW,328d,2014,2018,2014-2018,0,plowman/open-vehicle-db,added_missing
578,14,BMW,328i,2000,2016,,0,DanielKohut/car-data,added_missing
579,14,BMW,328iC,1996,2000,1996-2000,0,plowman/open-vehicle-db,added_missing
580,14,BMW,328iS,1996,2000,1996-2000,0,plowman/open-vehicle-db,added_missing
581,14,BMW,328xi,2007,2013,2007-2008,0,plowman/open-vehicle-db,added_missing
582,14,BMW,330Ci,2001,2006,2001-2006,0,plowman/open-vehicle-db,added_missing
583,14,BMW,330d,,,,0,DanielKohut/car-data,added_missing
584,14,BMW,330e,2016,2024,,0,DanielKohut/car-data,added_missing
585,14,BMW,330i,2001,2025,,0,DanielKohut/car-data,added_missing
586,14,BMW,330xi,2001,2006,2002-2006,0,plowman/open-vehicle-db,added_missing
587,14,BMW,335,2014,2014,2014-2014,0,plowman/open-vehicle-db,added_missing
588,14,BMW,335d,2009,2011,,0,DanielKohut/car-data,added_missing
589,14,BMW,335i,2007,2016,,0,DanielKohut/car-data,added_missing
590,14,BMW,335is,2011,2015,2011-2015,0,plowman/open-vehicle-db,added_missing
591,14,BMW,335xi,2007,2013,2007-2008,0,plowman/open-vehicle-db,added_missing
592,14,BMW,340d,,,,0,DanielKohut/car-data,added_missing
593,14,BMW,340i,2016,2019,,0,DanielKohut/car-data,added_missing
6360,14,BMW,"4 Convertible (F33, F83)",2012,2012,2012,11,itdiag8-dotcom/database (vivid_cars2000.db),added_from_vivid
6195,14,BMW,"4 Coupe (F32, F82)",2012,2013,2012-2013,14,itdiag8-dotcom/database (vivid_cars2000.db),added_from_vivid
6431,14,BMW,4 Gran Coupe (F36),2012,2013,2012-2013,10,itdiag8-dotcom/database (vivid_cars2000.db),added_from_vivid
594,14,BMW,4 Series,2013,2014,2013-2014,9,original_db,existing
595,14,BMW,4 Series Gran,2014,2026,2014-2026,0,gor3a/vehicle-makes-models,added_missing
596,14,BMW,4 Series – F32/F33/F36,,,,0,DanielKohut/car-data,added_missing
597,14,BMW,4 Series – G22/G23/G26,,,,0,DanielKohut/car-data,added_missing
598,14,BMW,418d,,,,0,DanielKohut/car-data,added_missing
599,14,BMW,418i,,,,0,DanielKohut/car-data,added_missing
600,14,BMW,420d,,,,0,DanielKohut/car-data,added_missing
601,14,BMW,420i,,,,0,DanielKohut/car-data,added_missing
602,14,BMW,425d,,,,0,DanielKohut/car-data,added_missing
603,14,BMW,425i,,,,0,DanielKohut/car-data,added_missing
604,14,BMW,428i,2014,2016,,0,DanielKohut/car-data,added_missing
605,14,BMW,430d,,,,0,DanielKohut/car-data,added_missing
606,14,BMW,430i,2017,2025,,0,DanielKohut/car-data,added_missing
607,14,BMW,435d,,,,0,DanielKohut/car-data,added_missing
608,14,BMW,435i,2014,2016,,0,DanielKohut/car-data,added_missing
609,14,BMW,440d,,,,0,DanielKohut/car-data,added_missing
610,14,BMW,440i,2017,2020,,0,DanielKohut/car-data,added_missing
4995,14,BMW,5 (E39),2000,2000,2000,6,itdiag8-dotcom/database (vivid_cars2000.db),added_from_vivid
5381,14,BMW,5 (E60),2003,2007,2003-2007,48,itdiag8-dotcom/database (vivid_cars2000.db),added_from_vivid
4404,14,BMW,"5 (F10, F18)",2009,2012,2009-2012,30,itdiag8-dotcom/database (vivid_cars2000.db),added_from_vivid
4779,14,BMW,5 Gran Turismo (F07),2008,2012,2008-2012,14,itdiag8-dotcom/database (vivid_cars2000.db),added_from_vivid
611,14,BMW,5 Series,1995,2014,1995-2014,84,original_db,existing
612,14,BMW,5 Series Gran Turismo,2009,2017,2009-2017,0,gor3a/vehicle-makes-models,added_missing
613,14,BMW,5 Series – E12,,,,0,DanielKohut/car-data,added_missing
614,14,BMW,5 Series – E28,,,,0,DanielKohut/car-data,added_missing
615,14,BMW,5 Series – E34,,,,0,DanielKohut/car-data,added_missing
616,14,BMW,5 Series – E39,,,,0,DanielKohut/car-data,added_missing
617,14,BMW,5 Series – E60/E61,,,,0,DanielKohut/car-data,added_missing
618,14,BMW,5 Series – F10/F11/F07,,,,0,DanielKohut/car-data,added_missing
619,14,BMW,5 Series – G30/G31/G38,,,,0,DanielKohut/car-data,added_missing
4996,14,BMW,5 Touring (E39),2000,2000,2000,6,itdiag8-dotcom/database (vivid_cars2000.db),added_from_vivid
5427,14,BMW,5 Touring (E61),2003,2007,2003-2007,42,itdiag8-dotcom/database (vivid_cars2000.db),added_from_vivid
4525,14,BMW,5 Touring (F11),2009,2012,2009-2012,23,itdiag8-dotcom/database (vivid_cars2000.db),added_from_vivid
620,14,BMW,503,,,,0,DanielKohut/car-data,added_missing
621,14,BMW,507,,,,0,DanielKohut/car-data,added_missing
622,14,BMW,518d,,,,0,DanielKohut/car-data,added_missing
623,14,BMW,520d,,,,0,DanielKohut/car-data,added_missing
624,14,BMW,520i,,,,0,DanielKohut/car-data,added_missing
625,14,BMW,523i,,,,0,DanielKohut/car-data,added_missing
627,14,BMW,525d,,,,0,DanielKohut/car-data,added_missing
628,14,BMW,525i,2001,2007,,0,DanielKohut/car-data,added_missing
629,14,BMW,525iA,2003,2003,2003-2003,0,plowman/open-vehicle-db,added_missing
630,14,BMW,525xi,2006,2007,2006-2007,0,plowman/open-vehicle-db,added_missing
632,14,BMW,528i,2000,2016,,0,DanielKohut/car-data,added_missing
633,14,BMW,528xi,2008,2013,2008-2013,0,plowman/open-vehicle-db,added_missing
634,14,BMW,530d,,,,0,DanielKohut/car-data,added_missing
635,14,BMW,530e,2018,2023,,0,DanielKohut/car-data,added_missing
636,14,BMW,530i,2001,2024,,0,DanielKohut/car-data,added_missing
637,14,BMW,530iA,2003,2003,2003-2003,0,plowman/open-vehicle-db,added_missing
638,14,BMW,530xi,2006,2007,2006-2007,0,plowman/open-vehicle-db,added_missing
640,14,BMW,535d,2014,2016,,0,DanielKohut/car-data,added_missing
641,14,BMW,535i,2008,2017,,0,DanielKohut/car-data,added_missing
643,14,BMW,535xi,2008,2013,2008-2008,0,plowman/open-vehicle-db,added_missing
644,14,BMW,540d,2018,2018,,0,DanielKohut/car-data,added_missing
645,14,BMW,540i,2000,2024,,0,DanielKohut/car-data,added_missing
646,14,BMW,540iA,2003,2003,2003-2003,0,plowman/open-vehicle-db,added_missing
647,14,BMW,545e,,,,0,DanielKohut/car-data,added_missing
648,14,BMW,545i,2004,2005,2004-2005,0,plowman/open-vehicle-db,added_missing
649,14,BMW,550d,,,,0,DanielKohut/car-data,added_missing
650,14,BMW,550e,2025,2027,2025-2027,0,plowman/open-vehicle-db,added_missing
651,14,BMW,550i,2006,2017,,0,DanielKohut/car-data,added_missing
6804,14,BMW,550xi,2010,2013,2010,1,lemon.dogeware.me LEMON 2015,active
5428,14,BMW,6 (E63),2003,2006,2003-2006,8,itdiag8-dotcom/database (vivid_cars2000.db),added_from_vivid
5429,14,BMW,6 Convertible (E64),2003,2006,2003-2006,9,itdiag8-dotcom/database (vivid_cars2000.db),added_from_vivid
4414,14,BMW,6 Convertible (F12),2010,2012,2010-2012,10,itdiag8-dotcom/database (vivid_cars2000.db),added_from_vivid
4407,14,BMW,6 Coupe (F13),2009,2012,2009-2012,11,itdiag8-dotcom/database (vivid_cars2000.db),added_from_vivid
6363,14,BMW,6 Gran Coupe (F06),2010,2012,2010-2012,7,itdiag8-dotcom/database (vivid_cars2000.db),added_from_vivid
652,14,BMW,6 Series,2002,2013,2002-2013,9,original_db,existing
653,14,BMW,6 Series Gran,2012,2018,2012-2018,0,gor3a/vehicle-makes-models,added_missing
654,14,BMW,6 Series Gran Turismo,2017,2026,2017-2026,0,gor3a/vehicle-makes-models,added_missing
655,14,BMW,6 Series – E24,,,,0,DanielKohut/car-data,added_missing
656,14,BMW,6 Series – E63/E64,,,,0,DanielKohut/car-data,added_missing
657,14,BMW,6 Series – F06/F12/F13,,,,0,DanielKohut/car-data,added_missing
658,14,BMW,600,,,,0,DanielKohut/car-data,added_missing
659,14,BMW,630d,,,,0,DanielKohut/car-data,added_missing
660,14,BMW,630i,,,,0,DanielKohut/car-data,added_missing
663,14,BMW,635d,,,,0,DanielKohut/car-data,added_missing
664,14,BMW,635i,,,,0,DanielKohut/car-data,added_missing
665,14,BMW,640d,,,,0,DanielKohut/car-data,added_missing
666,14,BMW,640i,2012,2019,,0,DanielKohut/car-data,added_missing
667,14,BMW,640xi,2018,2019,2018-2019,0,plowman/open-vehicle-db,added_missing
668,14,BMW,645Ci,2004,2005,,0,DanielKohut/car-data,added_missing
669,14,BMW,645i,2004,2004,2004-2004,0,plowman/open-vehicle-db,added_missing
670,14,BMW,650i,2006,2019,,0,DanielKohut/car-data,added_missing
671,14,BMW,"650i, Alpina B6",2015,2016,2015-2016,0,plowman/open-vehicle-db,added_missing
672,14,BMW,"650i, B6",2017,2019,2017-2019,0,plowman/open-vehicle-db,added_missing
673,14,BMW,650xi,2012,2015,2012-2015,0,plowman/open-vehicle-db,added_missing
5037,14,BMW,7 (E38),2000,2000,2000,1,itdiag8-dotcom/database (vivid_cars2000.db),added_from_vivid
4778,14,BMW,"7 (E65, E66, E67)",2001,2004,2001-2004,15,itdiag8-dotcom/database (vivid_cars2000.db),added_from_vivid
4452,14,BMW,"7 (F01, F02, F03, F04)",2007,2011,2007-2011,19,itdiag8-dotcom/database (vivid_cars2000.db),added_from_vivid
674,14,BMW,7 Series,1995,2012,1995-2012,29,original_db,existing
675,14,BMW,7 Series – E23,,,,0,DanielKohut/car-data,added_missing
676,14,BMW,7 Series – E32,,,,0,DanielKohut/car-data,added_missing
677,14,BMW,7 Series – E38,,,,0,DanielKohut/car-data,added_missing
678,14,BMW,7 Series – E65/E66/E67/E68,,,,0,DanielKohut/car-data,added_missing
679,14,BMW,7 Series – F01/F02/F03/F04,,,,0,DanielKohut/car-data,added_missing
680,14,BMW,7 Series – G11/G12,,,,0,DanielKohut/car-data,added_missing
681,14,BMW,7 Series – G70,,,,0,DanielKohut/car-data,added_missing
682,14,BMW,700,,,,0,DanielKohut/car-data,added_missing
683,14,BMW,730d,,,,0,DanielKohut/car-data,added_missing
684,14,BMW,730i,,,,0,DanielKohut/car-data,added_missing
6572,14,BMW,740Ld,2015,2015,2015,1,lemon.dogeware.me LEMON 2015,active
692,14,BMW,740Li,2011,2022,2011-2022,0,plowman/open-vehicle-db,added_missing
6807,14,BMW,740Lxi,2013,2013,2013,1,lemon.dogeware.me LEMON 2015,active
688,14,BMW,740d,,,,0,DanielKohut/car-data,added_missing
689,14,BMW,740e,2017,2019,,0,DanielKohut/car-data,added_missing
690,14,BMW,740i,2000,2022,,0,DanielKohut/car-data,added_missing
691,14,BMW,740iL,1993,2001,1993-2001,0,plowman/open-vehicle-db,added_missing
695,14,BMW,745Le,2022,2022,2022-2022,0,plowman/open-vehicle-db,added_missing
696,14,BMW,745Li,2002,2005,2002-2005,0,plowman/open-vehicle-db,added_missing
693,14,BMW,745e,2020,2022,,0,DanielKohut/car-data,added_missing
694,14,BMW,745i,2002,2005,2002-2005,0,plowman/open-vehicle-db,added_missing
703,14,BMW,750Li,2000,2022,2000-2022,0,plowman/open-vehicle-db,added_missing
704,14,BMW,"750Li, Alpina B7",2012,2015,2012-2015,0,plowman/open-vehicle-db,added_missing
705,14,BMW,750Lxi,2010,2015,2010-2015,0,plowman/open-vehicle-db,added_missing
706,14,BMW,"750Lxi, Alpina B7",2012,2012,2012-2012,0,plowman/open-vehicle-db,added_missing
697,14,BMW,750d,,,,0,DanielKohut/car-data,added_missing
698,14,BMW,750e,2024,2026,2024-2026,0,plowman/open-vehicle-db,added_missing
699,14,BMW,750i,2006,2022,,0,DanielKohut/car-data,added_missing
700,14,BMW,"750i, Alpina B7",2012,2015,2012-2015,0,plowman/open-vehicle-db,added_missing
701,14,BMW,"750i, B7",2017,2019,2017-2019,0,plowman/open-vehicle-db,added_missing
6674,14,BMW,750iL,2000,2001,2000,1,lemon.dogeware.me LEMON 2015,active
707,14,BMW,750xi,2010,2015,2010-2015,0,plowman/open-vehicle-db,added_missing
708,14,BMW,"750xi, Alpina B7",2012,2012,2012-2012,0,plowman/open-vehicle-db,added_missing
710,14,BMW,760Li,2003,2015,2003-2015,0,plowman/open-vehicle-db,added_missing
709,14,BMW,760i,2004,2025,,0,DanielKohut/car-data,added_missing
711,14,BMW,8 Series,1989,2026,1989-2026,0,gor3a/vehicle-makes-models,added_missing
712,14,BMW,8 Series Gran,2019,2022,2019-2022,0,gor3a/vehicle-makes-models,added_missing
713,14,BMW,8 Series – E31,,,,0,DanielKohut/car-data,added_missing
714,14,BMW,8 Series – G14/G15/G16,,,,0,DanielKohut/car-data,added_missing
716,14,BMW,840d,,,,0,DanielKohut/car-data,added_missing
717,14,BMW,840i,2020,2025,,0,DanielKohut/car-data,added_missing
720,14,BMW,850i,,,,0,DanielKohut/car-data,added_missing
721,14,BMW,ActiveE,2012,2012,2012-2012,0,plowman/open-vehicle-db,added_missing
6573,14,BMW,ActiveHybrid,2012,2016,2015,1,lemon.dogeware.me LEMON 2015,active
722,14,BMW,ActiveHybrid 3,,,,0,DanielKohut/car-data,added_missing
723,14,BMW,ActiveHybrid 5,,,,0,DanielKohut/car-data,added_missing
724,14,BMW,ActiveHybrid 7,,,,0,DanielKohut/car-data,added_missing
725,14,BMW,Alpina,2003,2023,2003-2003,0,plowman/open-vehicle-db,added_missing
726,14,BMW,Alpina B8,2022,2025,2022-2025,0,plowman/open-vehicle-db,added_missing
727,14,BMW,B7,2019,2022,2019-2022,0,plowman/open-vehicle-db,added_missing
737,14,BMW,Isetta,,,,0,DanielKohut/car-data,added_missing
744,14,BMW,L7,,,,0,DanielKohut/car-data,added_missing
6675,14,BMW,M,2000,2008,2000,1,lemon.dogeware.me LEMON 2015,active
745,14,BMW,M Series,1998,2015,1998-2015,19,original_db,existing
747,14,BMW,M135i,,,,0,DanielKohut/car-data,added_missing
748,14,BMW,M135i xDrive,,,,0,DanielKohut/car-data,added_missing
749,14,BMW,M140i,,,,0,DanielKohut/car-data,added_missing
750,14,BMW,M140i xDrive,,,,0,DanielKohut/car-data,added_missing
751,14,BMW,M2,2015,2026,2015-2026,0,gor3a/vehicle-makes-models,added_missing
753,14,BMW,M2 CS,2019,2026,2019-2026,0,gor3a/vehicle-makes-models,added_missing
752,14,BMW,M2 Competition,,,,0,DanielKohut/car-data,added_missing
754,14,BMW,M235,2025,2027,2025-2027,0,plowman/open-vehicle-db,added_missing
755,14,BMW,M235i,2014,2024,,0,DanielKohut/car-data,added_missing
756,14,BMW,M235i xDrive,,,,0,DanielKohut/car-data,added_missing
757,14,BMW,M240i,2017,2024,,0,DanielKohut/car-data,added_missing
758,14,BMW,M240i xDrive,,,,0,DanielKohut/car-data,added_missing
759,14,BMW,M3,1986,2026,1986-2026,0,gor3a/vehicle-makes-models,added_missing
761,14,BMW,M3 CS,2025,2026,2025-2026,0,gor3a/vehicle-makes-models,added_missing
760,14,BMW,M3 Competition,,,,0,DanielKohut/car-data,added_missing
762,14,BMW,M3 Touring,,,,0,DanielKohut/car-data,added_missing
763,14,BMW,M340i,2020,2026,2020-2026,0,plowman/open-vehicle-db,added_missing
764,14,BMW,M3Ci,2001,2006,2001-2006,0,plowman/open-vehicle-db,added_missing
765,14,BMW,M4,2014,2026,2014-2026,0,gor3a/vehicle-makes-models,added_missing
768,14,BMW,M4 CS,2017,2026,2017-2026,0,gor3a/vehicle-makes-models,added_missing
769,14,BMW,M4 CSL,,,,0,DanielKohut/car-data,added_missing
766,14,BMW,M4 Competition,,,,0,DanielKohut/car-data,added_missing
767,14,BMW,M4 Convertible,,,,0,DanielKohut/car-data,added_missing
770,14,BMW,M4 GTS,2015,2016,2015-2016,0,gor3a/vehicle-makes-models,added_missing
771,14,BMW,M440i,2021,2027,2021-2027,0,plowman/open-vehicle-db,added_missing
772,14,BMW,M5,1979,2026,1979-2026,0,gor3a/vehicle-makes-models,added_missing
774,14,BMW,M5 CS,,,,0,DanielKohut/car-data,added_missing
773,14,BMW,M5 Competition,,,,0,DanielKohut/car-data,added_missing
775,14,BMW,M5 Touring,,,,0,DanielKohut/car-data,added_missing
776,14,BMW,M550i,2018,2023,2018-2023,0,plowman/open-vehicle-db,added_missing
777,14,BMW,M6,1984,2019,1984-2018,0,gor3a/vehicle-makes-models,added_missing
778,14,BMW,M6 Cabrio,2006,2018,2006-2018,0,gor3a/vehicle-makes-models,added_missing
779,14,BMW,M6 Convertible,,,,0,DanielKohut/car-data,added_missing
780,14,BMW,M6 Gran,2013,2018,2013-2018,0,gor3a/vehicle-makes-models,added_missing
781,14,BMW,M6 Gran Coupé,,,,0,DanielKohut/car-data,added_missing
784,14,BMW,M760Li,,,,0,DanielKohut/car-data,added_missing
782,14,BMW,M760e,,,,0,DanielKohut/car-data,added_missing
783,14,BMW,M760i,2017,2022,2017-2021,0,plowman/open-vehicle-db,added_missing
785,14,BMW,M8,2019,2026,2019-2026,0,gor3a/vehicle-makes-models,added_missing
786,14,BMW,M8 Competition Convertible,,,,0,DanielKohut/car-data,added_missing
787,14,BMW,M8 Competition Coupé,,,,0,DanielKohut/car-data,added_missing
788,14,BMW,M8 Competition Gran Coupé,,,,0,DanielKohut/car-data,added_missing
789,14,BMW,M8 Gran,2022,2026,2022-2026,0,gor3a/vehicle-makes-models,added_missing
790,14,BMW,M850i,2019,2026,2020-2026,0,plowman/open-vehicle-db,added_missing
791,14,BMW,Neue Klasse,,,,0,DanielKohut/car-data,added_missing
792,14,BMW,X Series,1999,2015,1999-2015,79,original_db,existing
793,14,BMW,X1,2009,2026,2009-2026,0,gor3a/vehicle-makes-models,added_missing
4698,14,BMW,X1 (E84),2008,2012,2008-2012,16,itdiag8-dotcom/database (vivid_cars2000.db),added_from_vivid
794,14,BMW,X1 M35i xDrive,,,,0,DanielKohut/car-data,added_missing
795,14,BMW,X1 – E84,,,,0,DanielKohut/car-data,added_missing
796,14,BMW,X1 – F48,,,,0,DanielKohut/car-data,added_missing
797,14,BMW,X1 – U11,,,,0,DanielKohut/car-data,added_missing
798,14,BMW,X2,2018,2026,2018-2026,0,gor3a/vehicle-makes-models,added_missing
799,14,BMW,X2 M35i xDrive,,,,0,DanielKohut/car-data,added_missing
800,14,BMW,X2 – F39,,,,0,DanielKohut/car-data,added_missing
801,14,BMW,X2 – U10,,,,0,DanielKohut/car-data,added_missing
802,14,BMW,X3,2004,2026,2004-2026,0,gor3a/vehicle-makes-models,added_missing
4777,14,BMW,X3 (E83),2003,2008,2003-2008,24,itdiag8-dotcom/database (vivid_cars2000.db),added_from_vivid
4699,14,BMW,X3 (F25),2009,2012,2009-2012,17,itdiag8-dotcom/database (vivid_cars2000.db),added_from_vivid
803,14,BMW,X3 M,2019,2026,2019-2026,0,gor3a/vehicle-makes-models,added_missing
804,14,BMW,X3 M40i,,,,0,DanielKohut/car-data,added_missing
805,14,BMW,X3 – E83,,,,0,DanielKohut/car-data,added_missing
806,14,BMW,X3 – F25,,,,0,DanielKohut/car-data,added_missing
807,14,BMW,X3 – G01,,,,0,DanielKohut/car-data,added_missing
808,14,BMW,X4,2014,2026,2014-2026,0,gor3a/vehicle-makes-models,added_missing
6440,14,BMW,X4 (F26),2012,2012,2012,7,itdiag8-dotcom/database (vivid_cars2000.db),added_from_vivid
809,14,BMW,X4 M,2019,2026,2019-2026,0,gor3a/vehicle-makes-models,added_missing
810,14,BMW,X4 M40i,,,,0,DanielKohut/car-data,added_missing
811,14,BMW,X4 – F26,,,,0,DanielKohut/car-data,added_missing
812,14,BMW,X4 – G02,,,,0,DanielKohut/car-data,added_missing
813,14,BMW,X5,2000,2026,2000-2026,0,gor3a/vehicle-makes-models,added_missing
4941,14,BMW,X5 (E53),2000,2003,2000-2003,10,itdiag8-dotcom/database (vivid_cars2000.db),added_from_vivid
4338,14,BMW,X5 (E70),2006,2011,2006-2011,17,itdiag8-dotcom/database (vivid_cars2000.db),added_from_vivid
5600,14,BMW,"X5 (F15, F85)",2011,2013,2011-2013,9,itdiag8-dotcom/database (vivid_cars2000.db),added_from_vivid
814,14,BMW,X5 M,2009,2026,2009-2026,0,gor3a/vehicle-makes-models,added_missing
815,14,BMW,X5 M50i,,,,0,DanielKohut/car-data,added_missing
816,14,BMW,X5 – E53,,,,0,DanielKohut/car-data,added_missing
817,14,BMW,X5 – E70,,,,0,DanielKohut/car-data,added_missing
818,14,BMW,X5 – F15/F85,,,,0,DanielKohut/car-data,added_missing
819,14,BMW,X5 – G05/G18,,,,0,DanielKohut/car-data,added_missing
820,14,BMW,X6,2008,2026,2008-2026,0,gor3a/vehicle-makes-models,added_missing
4339,14,BMW,"X6 (E71, E72)",2007,2011,2007-2011,17,itdiag8-dotcom/database (vivid_cars2000.db),added_from_vivid
6459,14,BMW,"X6 (F16, F86)",2012,2013,2012-2013,7,itdiag8-dotcom/database (vivid_cars2000.db),added_from_vivid
821,14,BMW,X6 M,2009,2026,2009-2026,0,gor3a/vehicle-makes-models,added_missing
822,14,BMW,X6 M50i,,,,0,DanielKohut/car-data,added_missing
823,14,BMW,X6 – E71/E72,,,,0,DanielKohut/car-data,added_missing
824,14,BMW,X6 – F16/F86,,,,0,DanielKohut/car-data,added_missing
825,14,BMW,X6 – G06,,,,0,DanielKohut/car-data,added_missing
826,14,BMW,X7,2018,2026,2018-2026,0,gor3a/vehicle-makes-models,added_missing
827,14,BMW,X7 M60i,,,,0,DanielKohut/car-data,added_missing
828,14,BMW,X7 – G07,,,,0,DanielKohut/car-data,added_missing
829,14,BMW,XM,2022,2026,2022-2026,0,gor3a/vehicle-makes-models,added_missing
830,14,BMW,Z Series,1994,2013,1994-2013,37,original_db,existing
832,14,BMW,Z3,1996,2003,1996-2003,0,gor3a/vehicle-makes-models,added_missing
5055,14,BMW,Z3 (E36),2000,2001,2000-2001,4,itdiag8-dotcom/database (vivid_cars2000.db),added_from_vivid
5056,14,BMW,Z3 Coupe (E36),2000,2001,2000-2001,3,itdiag8-dotcom/database (vivid_cars2000.db),added_from_vivid
833,14,BMW,Z3 M,,,,0,DanielKohut/car-data,added_missing
834,14,BMW,Z4,2002,2026,2002-2026,0,gor3a/vehicle-makes-models,added_missing
5336,14,BMW,Z4 (E85),2002,2005,2002-2005,10,itdiag8-dotcom/database (vivid_cars2000.db),added_from_vivid
4858,14,BMW,Z4 (E89),2008,2012,2008-2012,7,itdiag8-dotcom/database (vivid_cars2000.db),added_from_vivid
5540,14,BMW,Z4 Coupe (E86),2005,2005,2005,2,itdiag8-dotcom/database (vivid_cars2000.db),added_from_vivid
835,14,BMW,Z4 M40i,,,,0,DanielKohut/car-data,added_missing
836,14,BMW,Z4 – E85/E86,,,,0,DanielKohut/car-data,added_missing
837,14,BMW,Z4 – E89,,,,0,DanielKohut/car-data,added_missing
838,14,BMW,Z4 – G29,,,,0,DanielKohut/car-data,added_missing
839,14,BMW,Z8,2000,2003,2000-2003,0,gor3a/vehicle-makes-models,added_missing
4934,14,BMW,Z8 (E52),2000,2000,2000,1,itdiag8-dotcom/database (vivid_cars2000.db),added_from_vivid
728,14,BMW,i3,2013,2026,2013-2026,0,gor3a/vehicle-makes-models,added_missing
729,14,BMW,i3s,,,,0,DanielKohut/car-data,added_missing
730,14,BMW,i4,2021,2026,2021-2026,0,gor3a/vehicle-makes-models,added_missing
731,14,BMW,i4 M50,,,,0,DanielKohut/car-data,added_missing
732,14,BMW,i5,2023,2026,2023-2026,0,gor3a/vehicle-makes-models,added_missing
733,14,BMW,i5 M60 xDrive,,,,0,DanielKohut/car-data,added_missing
734,14,BMW,i7,2022,2026,2022-2026,0,gor3a/vehicle-makes-models,added_missing
735,14,BMW,i7 M70,,,,0,DanielKohut/car-data,added_missing
736,14,BMW,i8,2014,2020,2014-2020,0,gor3a/vehicle-makes-models,added_missing
738,14,BMW,iX,2021,2026,2021-2026,0,gor3a/vehicle-makes-models,added_missing
739,14,BMW,iX M,2022,2025,2022-2025,0,gor3a/vehicle-makes-models,added_missing
740,14,BMW,iX M60,,,,0,DanielKohut/car-data,added_missing
741,14,BMW,iX1,2022,2026,2022-2026,0,gor3a/vehicle-makes-models,added_missing
742,14,BMW,iX2,2023,2026,2023-2026,0,gor3a/vehicle-makes-models,added_missing
743,14,BMW,iX3,2020,2026,2020-2026,0,gor3a/vehicle-makes-models,added_missing
991,20,BYD,ATTO 2,2025,2026,2025-2026,0,gor3a/vehicle-makes-models,added_missing
992,20,BYD,ATTO 3,2022,2026,2022-2026,0,gor3a/vehicle-makes-models,added_missing
993,20,BYD,DOLPHIN,2025,2026,2025-2026,0,gor3a/vehicle-makes-models,added_missing
994,20,BYD,Sealion 7,2024,2026,2024-2026,0,gor3a/vehicle-makes-models,added_missing
452,11,Bentley,3 Litre,,,,0,DanielKohut/car-data,added_missing
453,11,Bentley,4½ Litre,,,,0,DanielKohut/car-data,added_missing
454,11,Bentley,6½ Litre,,,,0,DanielKohut/car-data,added_missing
455,11,Bentley,8 Litre,,,,0,DanielKohut/car-data,added_missing
456,11,Bentley,ARMOURED ARNAGE,2004,2009,2004-2009,0,plowman/open-vehicle-db,added_missing
457,11,Bentley,Arnage,2002,2008,2002-2008,7,original_db,existing
458,11,Bentley,Arnage Drophead Coupe,2005,2005,2005,1,original_db,existing
459,11,Bentley,Azure,2006,2006,2006,2,original_db,existing
460,11,Bentley,Bacalar,,,,0,DanielKohut/car-data,added_missing
461,11,Bentley,Batur,2024,2026,2024-2026,0,gor3a/vehicle-makes-models,added_missing
462,11,Bentley,Bentayga,2015,2026,2015-2026,0,gor3a/vehicle-makes-models,added_missing
463,11,Bentley,Bentayga Speed,2019,2026,2019-2026,0,gor3a/vehicle-makes-models,added_missing
464,11,Bentley,Blower Bentley,,,,0,DanielKohut/car-data,added_missing
465,11,Bentley,Brooklands,2008,2008,2008,1,original_db,existing
466,11,Bentley,Continental,2003,2010,2003-2010,11,original_db,existing
467,11,Bentley,Continental Flying Spur,2005,2009,2005-2009,4,original_db,existing
468,11,Bentley,Continental GT,2011,2026,2011-2026,0,gor3a/vehicle-makes-models,added_missing
469,11,Bentley,Continental GT Speed,,,,0,DanielKohut/car-data,added_missing
470,11,Bentley,Continental GTC,2006,2026,2006-2026,0,gor3a/vehicle-makes-models,added_missing
471,11,Bentley,Continental R,,,,0,DanielKohut/car-data,added_missing
472,11,Bentley,Continental S,,,,0,DanielKohut/car-data,added_missing
473,11,Bentley,Continental Supersports,,,,0,DanielKohut/car-data,added_missing
474,11,Bentley,Continental T,,,,0,DanielKohut/car-data,added_missing
475,11,Bentley,Corniche,,,,0,DanielKohut/car-data,added_missing
477,11,Bentley,EXP 10 Speed 6,,,,0,DanielKohut/car-data,added_missing
478,11,Bentley,EXP 100 GT,,,,0,DanielKohut/car-data,added_missing
476,11,Bentley,Eight,,,,0,DanielKohut/car-data,added_missing
479,11,Bentley,Flying Spur,2014,2026,2014-2026,0,gor3a/vehicle-makes-models,added_missing
480,11,Bentley,Mark VI,,,,0,DanielKohut/car-data,added_missing
481,11,Bentley,Mulliner,2020,2026,2020-2026,0,gor3a/vehicle-makes-models,added_missing
482,11,Bentley,Mulsanne,2010,2015,2010-2015,3,original_db,existing
483,11,Bentley,R Type,,,,0,DanielKohut/car-data,added_missing
484,11,Bentley,Roll Royce Silver Seraph,2009,2009,2009-2009,0,plowman/open-vehicle-db,added_missing
485,11,Bentley,Rolls-Royce Park Ward,2009,2009,2009-2009,0,plowman/open-vehicle-db,added_missing
486,11,Bentley,S1,,,,0,DanielKohut/car-data,added_missing
487,11,Bentley,S2,,,,0,DanielKohut/car-data,added_missing
488,11,Bentley,S3,,,,0,DanielKohut/car-data,added_missing
489,11,Bentley,Speed Six,,,,0,DanielKohut/car-data,added_missing
490,11,Bentley,State Limousine,,,,0,DanielKohut/car-data,added_missing
491,11,Bentley,T-Series,,,,0,DanielKohut/car-data,added_missing
495,11,Bentley,Turbo R,,,,0,DanielKohut/car-data,added_missing
496,11,Bentley,Turbo RT,,,,0,DanielKohut/car-data,added_missing
840,15,Brilliance,BC3,,,,0,DanielKohut/car-data,added_missing
841,15,Brilliance,BS2,,,,0,DanielKohut/car-data,added_missing
842,15,Brilliance,BS4,,,,0,DanielKohut/car-data,added_missing
843,15,Brilliance,BS6,,,,0,DanielKohut/car-data,added_missing
844,15,Brilliance,C3,,,,0,DanielKohut/car-data,added_missing
845,15,Brilliance,Dolphin,,,,0,DanielKohut/car-data,added_missing
846,15,Brilliance,FRV,,,,0,DanielKohut/car-data,added_missing
847,15,Brilliance,FRV Cross,,,,0,DanielKohut/car-data,added_missing
848,15,Brilliance,FSV,,,,0,DanielKohut/car-data,added_missing
849,15,Brilliance,Galena,2004,2006,2004-2006,2,original_db,existing
850,15,Brilliance,Grandeur,,,,0,DanielKohut/car-data,added_missing
851,15,Brilliance,H220,,,,0,DanielKohut/car-data,added_missing
852,15,Brilliance,H230,2012,2026,2012-2026,0,gor3a/vehicle-makes-models,added_missing
853,15,Brilliance,H3,,,,0,DanielKohut/car-data,added_missing
854,15,Brilliance,H320,,,,0,DanielKohut/car-data,added_missing
855,15,Brilliance,H330,2013,2026,2013-2026,0,gor3a/vehicle-makes-models,added_missing
856,15,Brilliance,H530,2011,2026,2011-2026,0,gor3a/vehicle-makes-models,added_missing
857,15,Brilliance,H530 EV,,,,0,DanielKohut/car-data,added_missing
858,15,Brilliance,H7,,,,0,DanielKohut/car-data,added_missing
859,15,Brilliance,Jinbei,2007,2007,2007,1,original_db,existing
860,15,Brilliance,JunJie,,,,0,DanielKohut/car-data,added_missing
861,15,Brilliance,JunJie Cross,,,,0,DanielKohut/car-data,added_missing
862,15,Brilliance,JunJie FRV,,,,0,DanielKohut/car-data,added_missing
863,15,Brilliance,JunJie FSV,,,,0,DanielKohut/car-data,added_missing
864,15,Brilliance,JunJie Wagon,,,,0,DanielKohut/car-data,added_missing
865,15,Brilliance,Junjine Tun,,,,0,DanielKohut/car-data,added_missing
866,15,Brilliance,Kubao,,,,0,DanielKohut/car-data,added_missing
867,15,Brilliance,M1,2004,2006,2004-2006,2,original_db,existing
868,15,Brilliance,M2,,,,0,DanielKohut/car-data,added_missing
869,15,Brilliance,M3,,,,0,DanielKohut/car-data,added_missing
870,15,Brilliance,Splendor,,,,0,DanielKohut/car-data,added_missing
871,15,Brilliance,Tun,,,,0,DanielKohut/car-data,added_missing
872,15,Brilliance,V3,2015,2026,2015-2026,0,gor3a/vehicle-makes-models,added_missing
873,15,Brilliance,V5,2012,2026,2012-2026,0,gor3a/vehicle-makes-models,added_missing
874,15,Brilliance,V6,,,,0,DanielKohut/car-data,added_missing
875,15,Brilliance,V7,2018,2026,2018-2026,0,gor3a/vehicle-makes-models,added_missing
876,15,Brilliance,X1,,,,0,DanielKohut/car-data,added_missing
877,15,Brilliance,X3,,,,0,DanielKohut/car-data,added_missing
878,15,Brilliance,Zhonghua,,,,0,DanielKohut/car-data,added_missing
879,15,Brilliance,Zunchi,,,,0,DanielKohut/car-data,added_missing
880,16,Bugatti,16C Galibier,,,,0,DanielKohut/car-data,added_missing
881,16,Bugatti,18/3 Chiron,,,,0,DanielKohut/car-data,added_missing
882,16,Bugatti,Bolide,2022,2026,2022-2026,0,gor3a/vehicle-makes-models,added_missing
883,16,Bugatti,Brouillard,2025,2026,2025-2026,0,gor3a/vehicle-makes-models,added_missing
884,16,Bugatti,Centodieci,2019,2022,2019-2022,0,gor3a/vehicle-makes-models,added_missing
885,16,Bugatti,Chiron,2016,2026,2016-2026,0,gor3a/vehicle-makes-models,added_missing
886,16,Bugatti,Chiron Pur Sport,,,,0,DanielKohut/car-data,added_missing
887,16,Bugatti,Chiron Super Sport,,,,0,DanielKohut/car-data,added_missing
888,16,Bugatti,Chiron Super Sport 300+,,,,0,DanielKohut/car-data,added_missing
889,16,Bugatti,Chiron Supersport,2020,2024,2020-2024,0,plowman/open-vehicle-db,added_missing
890,16,Bugatti,Divo,2018,2021,2018-2021,0,gor3a/vehicle-makes-models,added_missing
892,16,Bugatti,EB 110 GT,,,,0,DanielKohut/car-data,added_missing
893,16,Bugatti,EB 110 SS,,,,0,DanielKohut/car-data,added_missing
894,16,Bugatti,EB 112,,,,0,DanielKohut/car-data,added_missing
895,16,Bugatti,EB 118,,,,0,DanielKohut/car-data,added_missing
896,16,Bugatti,EB 218,,,,0,DanielKohut/car-data,added_missing
897,16,Bugatti,EB110,1994,2027,1994-2027,0,plowman/open-vehicle-db,added_missing
898,16,Bugatti,La Voiture Noire,2019,2019,2019-2019,0,gor3a/vehicle-makes-models,added_missing
899,16,Bugatti,Mistral,2022,2026,2022-2026,0,gor3a/vehicle-makes-models,added_missing
900,16,Bugatti,Tourbillon,2024,2026,2024-2026,0,gor3a/vehicle-makes-models,added_missing
901,16,Bugatti,Type 101,,,,0,DanielKohut/car-data,added_missing
902,16,Bugatti,Type 101 Antem,,,,0,DanielKohut/car-data,added_missing
903,16,Bugatti,Type 13,,,,0,DanielKohut/car-data,added_missing
904,16,Bugatti,Type 17,,,,0,DanielKohut/car-data,added_missing
905,16,Bugatti,Type 18,,,,0,DanielKohut/car-data,added_missing
906,16,Bugatti,Type 22,,,,0,DanielKohut/car-data,added_missing
907,16,Bugatti,Type 23,,,,0,DanielKohut/car-data,added_missing
908,16,Bugatti,Type 251,,,,0,DanielKohut/car-data,added_missing
909,16,Bugatti,Type 30,,,,0,DanielKohut/car-data,added_missing
910,16,Bugatti,Type 32,,,,0,DanielKohut/car-data,added_missing
911,16,Bugatti,Type 35,,,,0,DanielKohut/car-data,added_missing
912,16,Bugatti,Type 37,,,,0,DanielKohut/car-data,added_missing
913,16,Bugatti,Type 41 Royale,,,,0,DanielKohut/car-data,added_missing
914,16,Bugatti,Type 43,,,,0,DanielKohut/car-data,added_missing
915,16,Bugatti,Type 44,,,,0,DanielKohut/car-data,added_missing
916,16,Bugatti,Type 46,,,,0,DanielKohut/car-data,added_missing
917,16,Bugatti,Type 49,,,,0,DanielKohut/car-data,added_missing
918,16,Bugatti,Type 50,,,,0,DanielKohut/car-data,added_missing
919,16,Bugatti,Type 51,,,,0,DanielKohut/car-data,added_missing
920,16,Bugatti,Type 52,,,,0,DanielKohut/car-data,added_missing
921,16,Bugatti,Type 53,,,,0,DanielKohut/car-data,added_missing
922,16,Bugatti,Type 54,,,,0,DanielKohut/car-data,added_missing
923,16,Bugatti,Type 55,,,,0,DanielKohut/car-data,added_missing
924,16,Bugatti,Type 56,,,,0,DanielKohut/car-data,added_missing
925,16,Bugatti,Type 57,,,,0,DanielKohut/car-data,added_missing
926,16,Bugatti,Type 57 Atlantic,,,,0,DanielKohut/car-data,added_missing
927,16,Bugatti,Type 57C,,,,0,DanielKohut/car-data,added_missing
928,16,Bugatti,Type 57S,,,,0,DanielKohut/car-data,added_missing
929,16,Bugatti,Type 57SC Atlantic,,,,0,DanielKohut/car-data,added_missing
930,16,Bugatti,Type 59,,,,0,DanielKohut/car-data,added_missing
931,16,Bugatti,Veyron,2005,2015,2005-2015,0,gor3a/vehicle-makes-models,added_missing
932,16,Bugatti,Veyron 16.4,2005,2005,2005,1,original_db,existing
933,16,Bugatti,Veyron 16.4 Grand Sport,,,,0,DanielKohut/car-data,added_missing
934,16,Bugatti,Veyron 16.4 Super Sport,,,,0,DanielKohut/car-data,added_missing
935,16,Bugatti,Veyron Grand Sport Vitesse,,,,0,DanielKohut/car-data,added_missing
936,16,Bugatti,Vision Gran Turismo,,,,0,DanielKohut/car-data,added_missing
937,18,Buick,Allure,2005,2009,2005-2009,0,plowman/open-vehicle-db,added_missing
938,18,Buick,Apollo,,,,0,DanielKohut/car-data,added_missing
939,18,Buick,Cascada,2016,2019,2016-2019,0,gor3a/vehicle-makes-models,added_missing
940,18,Buick,Century,1939,2005,1939-2005,0,gor3a/vehicle-makes-models,added_missing
941,18,Buick,Century Custom,,,,0,DanielKohut/car-data,added_missing
943,18,Buick,Eight,,,,0,DanielKohut/car-data,added_missing
944,18,Buick,Electra,,,,0,DanielKohut/car-data,added_missing
945,18,Buick,Enclave,2007,2026,2007-2026,0,gor3a/vehicle-makes-models,added_missing
946,18,Buick,Encore,2013,2026,2013-2026,0,gor3a/vehicle-makes-models,added_missing
947,18,Buick,Encore GX,,,,0,DanielKohut/car-data,added_missing
948,18,Buick,Enspire,,,,0,DanielKohut/car-data,added_missing
949,18,Buick,Envision,2014,2026,2014-2026,0,gor3a/vehicle-makes-models,added_missing
950,18,Buick,Envista,2023,2026,2023-2026,0,gor3a/vehicle-makes-models,added_missing
951,18,Buick,Estate Wagon,,,,0,DanielKohut/car-data,added_missing
952,18,Buick,Excelle,2011,2011,2011,1,original_db,existing
953,18,Buick,GL6,,,,0,DanielKohut/car-data,added_missing
954,18,Buick,GL8,,,,0,DanielKohut/car-data,added_missing
955,18,Buick,GL8 Avenir,,,,0,DanielKohut/car-data,added_missing
957,18,Buick,GS,,,,0,DanielKohut/car-data,added_missing
958,18,Buick,Incomplete,2001,2001,2001-2001,0,plowman/open-vehicle-db,added_missing
959,18,Buick,Invicta,,,,0,DanielKohut/car-data,added_missing
5883,18,Buick,LA CROSSE Saloon,2008,2008,2008,3,itdiag8-dotcom/database (vivid_cars2000.db),added_from_vivid
960,18,Buick,LaCrosse,2004,2019,2004-2019,0,gor3a/vehicle-makes-models,added_missing
961,18,Buick,LeSabre,1991,2005,1991-2005,0,gor3a/vehicle-makes-models,added_missing
962,18,Buick,Limited,,,,0,DanielKohut/car-data,added_missing
963,18,Buick,Lucerne,2005,2011,2005-2011,0,gor3a/vehicle-makes-models,added_missing
964,18,Buick,Master Six,,,,0,DanielKohut/car-data,added_missing
6676,18,Buick,Park,2000,2005,2000,1,lemon.dogeware.me LEMON 2015,active
965,18,Buick,Park Avenue,1991,2005,1991-2005,0,gor3a/vehicle-makes-models,added_missing
5757,18,Buick,REGAL (4WF_),2002,2002,2002,1,itdiag8-dotcom/database (vivid_cars2000.db),added_from_vivid
5994,18,Buick,RENDEZVOUZ,2000,2000,2000,1,itdiag8-dotcom/database (vivid_cars2000.db),added_from_vivid
966,18,Buick,Rainier,2003,2007,2003-2007,0,gor3a/vehicle-makes-models,added_missing
968,18,Buick,Regal,2000,2020,2011,1,original_db,existing
969,18,Buick,Regal TourX,,,,0,DanielKohut/car-data,added_missing
970,18,Buick,Rendezvous,2002,2007,2002-2007,0,gor3a/vehicle-makes-models,added_missing
972,18,Buick,Roadmaster,,,,0,DanielKohut/car-data,added_missing
973,18,Buick,Series 40,,,,0,DanielKohut/car-data,added_missing
974,18,Buick,Series 50,,,,0,DanielKohut/car-data,added_missing
975,18,Buick,Series 60,,,,0,DanielKohut/car-data,added_missing
976,18,Buick,Series 70,,,,0,DanielKohut/car-data,added_missing
977,18,Buick,Series 80,,,,0,DanielKohut/car-data,added_missing
978,18,Buick,Series 90,,,,0,DanielKohut/car-data,added_missing
981,18,Buick,Skylark Custom,,,,0,DanielKohut/car-data,added_missing
983,18,Buick,Special,,,,0,DanielKohut/car-data,added_missing
984,18,Buick,Terraza,2005,2007,2005-2007,0,gor3a/vehicle-makes-models,added_missing
985,18,Buick,Velite,,,,0,DanielKohut/car-data,added_missing
986,18,Buick,Velite 6,,,,0,DanielKohut/car-data,added_missing
987,18,Buick,Velite 7,,,,0,DanielKohut/car-data,added_missing
988,18,Buick,Verano,2012,2017,2012-2017,0,gor3a/vehicle-makes-models,added_missing
989,18,Buick,Wildcat,,,,0,DanielKohut/car-data,added_missing
990,18,Buick,Y-Job,,,,0,DanielKohut/car-data,added_missing
997,22,Cadillac,ATS,2012,2019,2012-2019,0,gor3a/vehicle-makes-models,added_missing
998,22,Cadillac,ATS Coupe,,,,0,DanielKohut/car-data,added_missing
999,22,Cadillac,ATS-V,2015,2019,2015-2019,0,gor3a/vehicle-makes-models,added_missing
4580,22,Cadillac,BLS Wagon,2006,2009,2006-2009,9,itdiag8-dotcom/database (vivid_cars2000.db),added_from_vivid
1000,22,Cadillac,Bls,2005,2005,2005,1,original_db,existing
1007,22,Cadillac,CT4,2019,2026,2019-2026,0,gor3a/vehicle-makes-models,added_missing
1008,22,Cadillac,CT4-V,2019,2026,2019-2026,0,gor3a/vehicle-makes-models,added_missing
1009,22,Cadillac,CT5,2019,2026,2019-2026,0,gor3a/vehicle-makes-models,added_missing
1010,22,Cadillac,CT5-V,2019,2026,2019-2026,0,gor3a/vehicle-makes-models,added_missing
1011,22,Cadillac,CT6,2016,2023,2016-2023,0,gor3a/vehicle-makes-models,added_missing
1013,22,Cadillac,CTS Coupe,,,,0,DanielKohut/car-data,added_missing
1014,22,Cadillac,CTS Sport,2009,2014,2009-2014,0,gor3a/vehicle-makes-models,added_missing
4340,22,Cadillac,CTS Sport Wagon,2007,2011,2007-2011,10,itdiag8-dotcom/database (vivid_cars2000.db),added_from_vivid
1015,22,Cadillac,CTS V-Series,2003,2019,2003-2019,0,gor3a/vehicle-makes-models,added_missing
1016,22,Cadillac,CTS-V,2012,2015,2012-2015,0,gor3a/vehicle-makes-models,added_missing
1017,22,Cadillac,CTS-V Sport,2010,2014,2010-2014,0,gor3a/vehicle-makes-models,added_missing
1002,22,Cadillac,Calais,,,,0,DanielKohut/car-data,added_missing
1003,22,Cadillac,Catera,1997,2001,1997-2001,0,gor3a/vehicle-makes-models,added_missing
1004,22,Cadillac,Celestiq,2023,2026,2023-2026,0,gor3a/vehicle-makes-models,added_missing
1005,22,Cadillac,Cimarron,,,,0,DanielKohut/car-data,added_missing
1006,22,Cadillac,Commercial Chassis,1985,2001,1985-2001,0,plowman/open-vehicle-db,added_missing
1012,22,Cadillac,Cts,2004,2004,2004,1,original_db,existing
1019,22,Cadillac,DTS,2005,2011,2005-2011,0,gor3a/vehicle-makes-models,added_missing
1018,22,Cadillac,DeVille,1994,2005,1994-2005,0,gor3a/vehicle-makes-models,added_missing
1021,22,Cadillac,ELR,2014,2016,2014-2016,0,gor3a/vehicle-makes-models,added_missing
6206,22,Cadillac,ESCALADE Crew Cab Pickup,2007,2007,2007,2,itdiag8-dotcom/database (vivid_cars2000.db),added_from_vivid
4763,22,Cadillac,ESCALADE Pickup,2009,2009,2009,2,itdiag8-dotcom/database (vivid_cars2000.db),added_from_vivid
1020,22,Cadillac,Eldorado,1957,2003,1957-2003,0,gor3a/vehicle-makes-models,added_missing
1022,22,Cadillac,Escalade,2000,2026,2000-2026,0,gor3a/vehicle-makes-models,added_missing
1023,22,Cadillac,Escalade ESV,2002,2024,2002-2024,0,gor3a/vehicle-makes-models,added_missing
1024,22,Cadillac,Escalade EXT,2001,2013,2001-2013,0,gor3a/vehicle-makes-models,added_missing
1025,22,Cadillac,Escalade IQ,,,,0,DanielKohut/car-data,added_missing
1026,22,Cadillac,Escalade IQL,2025,2026,2025-2026,0,gor3a/vehicle-makes-models,added_missing
1027,22,Cadillac,Fleetwood,,,,0,DanielKohut/car-data,added_missing
1028,22,Cadillac,Fleetwood Brougham,,,,0,DanielKohut/car-data,added_missing
1029,22,Cadillac,Hearse,1997,2011,1997-2011,0,plowman/open-vehicle-db,added_missing
1030,22,Cadillac,Limousine,1998,2011,1998-2011,0,plowman/open-vehicle-db,added_missing
1031,22,Cadillac,Lyriq,2022,2026,2022-2026,0,gor3a/vehicle-makes-models,added_missing
1032,22,Cadillac,Lyriq-V,2025,2026,2025-2026,0,gor3a/vehicle-makes-models,added_missing
1033,22,Cadillac,Optiq,2023,2026,2023-2026,0,gor3a/vehicle-makes-models,added_missing
1034,22,Cadillac,Optiq-V,2025,2026,2025-2026,0,gor3a/vehicle-makes-models,added_missing
1037,22,Cadillac,SRX,2004,2016,2004-2016,0,gor3a/vehicle-makes-models,added_missing
1038,22,Cadillac,STS,2004,2011,2004-2010,0,gor3a/vehicle-makes-models,added_missing
1039,22,Cadillac,STS-V,,,,0,DanielKohut/car-data,added_missing
1035,22,Cadillac,Seville,1992,2004,1992-2004,0,gor3a/vehicle-makes-models,added_missing
1036,22,Cadillac,Sixty Special,,,,0,DanielKohut/car-data,added_missing
1040,22,Cadillac,V-Series.R,,,,0,DanielKohut/car-data,added_missing
1041,22,Cadillac,Vistiq,2023,2026,2023-2026,0,gor3a/vehicle-makes-models,added_missing
1042,22,Cadillac,XLR,2003,2009,2003-2009,0,gor3a/vehicle-makes-models,added_missing
1043,22,Cadillac,XLR V-Series,2008,2009,2008-2009,0,gor3a/vehicle-makes-models,added_missing
1044,22,Cadillac,XT4,2018,2025,2018-2025,0,gor3a/vehicle-makes-models,added_missing
1045,22,Cadillac,XT5,2016,2025,2016-2024,0,gor3a/vehicle-makes-models,added_missing
1046,22,Cadillac,XT6,2019,2025,2019-2025,0,gor3a/vehicle-makes-models,added_missing
1047,22,Cadillac,XTS,2013,2019,2013-2019,0,gor3a/vehicle-makes-models,added_missing
1048,23,Caterham,21,,,,0,DanielKohut/car-data,added_missing
1049,23,Caterham,7 160,,,,0,DanielKohut/car-data,added_missing
1050,23,Caterham,7 165,,,,0,DanielKohut/car-data,added_missing
1051,23,Caterham,7 270,,,,0,DanielKohut/car-data,added_missing
1052,23,Caterham,7 275,,,,0,DanielKohut/car-data,added_missing
1053,23,Caterham,7 310,,,,0,DanielKohut/car-data,added_missing
1054,23,Caterham,7 340,,,,0,DanielKohut/car-data,added_missing
1055,23,Caterham,7 420,,,,0,DanielKohut/car-data,added_missing
1056,23,Caterham,7 485,,,,0,DanielKohut/car-data,added_missing
1057,23,Caterham,7 485 CSR,,,,0,DanielKohut/car-data,added_missing
1058,23,Caterham,7 620R,,,,0,DanielKohut/car-data,added_missing
1059,23,Caterham,7 620S,,,,0,DanielKohut/car-data,added_missing
1062,23,Caterham,CSR 175,,,,0,DanielKohut/car-data,added_missing
1063,23,Caterham,CSR 200,,,,0,DanielKohut/car-data,added_missing
1060,23,Caterham,Classic,2000,2005,2000-2005,0,gor3a/vehicle-makes-models,added_missing
1061,23,Caterham,Csr,2010,2010,2010,2,original_db,existing
1064,23,Caterham,Roadsport,2007,2009,2007-2009,0,gor3a/vehicle-makes-models,added_missing
1065,23,Caterham,Seven 160,2013,2026,2013-2026,0,gor3a/vehicle-makes-models,added_missing
1066,23,Caterham,Seven 620,2013,2026,2013-2026,0,gor3a/vehicle-makes-models,added_missing
1067,23,Caterham,Super Seven 1600,,,,0,DanielKohut/car-data,added_missing
1068,23,Caterham,Super Seven 2000,,,,0,DanielKohut/car-data,added_missing
1069,23,Caterham,Super Seven 600,,,,0,DanielKohut/car-data,added_missing
1070,23,Caterham,Superlight,2013,2026,2013-2026,0,gor3a/vehicle-makes-models,added_missing
1071,23,Caterham,Superlight R300,,,,0,DanielKohut/car-data,added_missing
1072,23,Caterham,Superlight R400,,,,0,DanielKohut/car-data,added_missing
1073,23,Caterham,Superlight R500,,,,0,DanielKohut/car-data,added_missing
1074,23,Caterham,Superlight R500 Duratec,,,,0,DanielKohut/car-data,added_missing
1075,23,Caterham,Supersport,2012,2026,2012-2026,0,gor3a/vehicle-makes-models,added_missing
1076,23,Caterham,The Super Seven 1600,2020,2026,2020-2026,0,gor3a/vehicle-makes-models,added_missing
1077,24,Chery,Qq,2003,2003,2003,3,original_db,existing
1079,24,Chery,TIGGO 7,2024,2026,2024-2026,0,gor3a/vehicle-makes-models,added_missing
1080,24,Chery,TIGGO 8,2022,2026,2022-2026,0,gor3a/vehicle-makes-models,added_missing
1081,24,Chery,TIGGO 9,2025,2026,2025-2026,0,gor3a/vehicle-makes-models,added_missing
1078,24,Chery,Tiggo,2008,2008,2008,1,original_db,existing
1082,26,Chevrolet,3 ton,2001,2004,2001-2004,0,plowman/open-vehicle-db,added_missing
5624,26,Chevrolet,ASTRA Hatchback,2002,2002,2002,3,itdiag8-dotcom/database (vivid_cars2000.db),added_from_vivid
5625,26,Chevrolet,ASTRA Saloon,2002,2002,2002,3,itdiag8-dotcom/database (vivid_cars2000.db),added_from_vivid
6162,26,Chevrolet,ASTRO Extended Cargo Van,2001,2001,2001,1,itdiag8-dotcom/database (vivid_cars2000.db),added_from_vivid
6163,26,Chevrolet,ASTRO Extended Passenger Van,2001,2001,2001,1,itdiag8-dotcom/database (vivid_cars2000.db),added_from_vivid
6165,26,Chevrolet,AVALANCHE 1500 Crew Cab Pickup,2001,2003,2001-2003,3,itdiag8-dotcom/database (vivid_cars2000.db),added_from_vivid
6166,26,Chevrolet,AVALANCHE 2500 Crew Cab Pickup,2001,2003,2001-2003,2,itdiag8-dotcom/database (vivid_cars2000.db),added_from_vivid
6164,26,Chevrolet,AVALANCHE Crew Cab Pickup,2005,2009,2005-2009,6,itdiag8-dotcom/database (vivid_cars2000.db),added_from_vivid
6294,26,Chevrolet,AVEO Hatchback (T200),2004,2004,2004,1,itdiag8-dotcom/database (vivid_cars2000.db),added_from_vivid
4345,26,Chevrolet,"AVEO Hatchback (T250, T255)",2007,2007,2007,8,itdiag8-dotcom/database (vivid_cars2000.db),added_from_vivid
4696,26,Chevrolet,AVEO Hatchback (T300),2010,2012,2010-2012,9,itdiag8-dotcom/database (vivid_cars2000.db),added_from_vivid
4343,26,Chevrolet,"AVEO Saloon (T250, T255)",2004,2008,2004-2008,17,itdiag8-dotcom/database (vivid_cars2000.db),added_from_vivid
4697,26,Chevrolet,AVEO Saloon (T300),2010,2011,2010-2011,7,itdiag8-dotcom/database (vivid_cars2000.db),added_from_vivid
1083,26,Chevrolet,Agile,2008,2008,2008,2,original_db,existing
1086,26,Chevrolet,Astra,1998,2010,1998-2010,15,original_db,existing
1087,26,Chevrolet,Astro,1994,2005,1994-2005,0,gor3a/vehicle-makes-models,added_missing
1088,26,Chevrolet,Astro Van,1985,2005,1985-2005,0,plowman/open-vehicle-db,added_missing
1089,26,Chevrolet,Avalanche,2001,2013,2001-2013,0,gor3a/vehicle-makes-models,added_missing
1090,26,Chevrolet,Aveo,2004,2011,2008-2011,13,original_db,existing
1091,26,Chevrolet,Aveo / Kalos,2002,2016,2002-2016,0,gor3a/vehicle-makes-models,added_missing
1092,26,Chevrolet,B7,1991,2002,1991-2002,0,plowman/open-vehicle-db,added_missing
6167,26,Chevrolet,BLAZER S10,2002,2002,2002,1,itdiag8-dotcom/database (vivid_cars2000.db),added_from_vivid
1093,26,Chevrolet,Beat,2010,2012,2010-2012,4,original_db,existing
1095,26,Chevrolet,Blazer,1995,2026,1995-2026,0,gor3a/vehicle-makes-models,added_missing
1096,26,Chevrolet,Bolt,2016,2026,2016-2026,0,gor3a/vehicle-makes-models,added_missing
1097,26,Chevrolet,Bolt EUV,2022,2023,2022-2023,0,plowman/open-vehicle-db,added_missing
1098,26,Chevrolet,Bolt EV,2017,2023,2017-2023,0,plowman/open-vehicle-db,added_missing
1099,26,Chevrolet,BrightDrop,2025,2027,2025-2027,0,plowman/open-vehicle-db,added_missing
1101,26,Chevrolet,C/K Pickup,1981,2006,1981-2006,0,plowman/open-vehicle-db,added_missing
6677,26,Chevrolet,C3500,2000,2002,2000,1,lemon.dogeware.me LEMON 2015,active
1102,26,Chevrolet,C5,1981,2009,1981-2009,0,plowman/open-vehicle-db,added_missing
1103,26,Chevrolet,C6,1981,2009,1981-2009,0,plowman/open-vehicle-db,added_missing
1104,26,Chevrolet,C7,1981,2009,1981-2009,0,plowman/open-vehicle-db,added_missing
4695,26,Chevrolet,CAMARO Convertible,2010,2010,2010,7,itdiag8-dotcom/database (vivid_cars2000.db),added_from_vivid
4582,26,Chevrolet,"CAPTIVA (C100, C140)",2005,2010,2005-2010,12,itdiag8-dotcom/database (vivid_cars2000.db),added_from_vivid
5642,26,Chevrolet,CORSA Pickup,2001,2001,2001,2,itdiag8-dotcom/database (vivid_cars2000.db),added_from_vivid
5432,26,Chevrolet,CORVETTE (C6),2003,2007,2003-2007,6,itdiag8-dotcom/database (vivid_cars2000.db),added_from_vivid
5898,26,Chevrolet,CORVETTE (C7),2012,2012,2012,2,itdiag8-dotcom/database (vivid_cars2000.db),added_from_vivid
4389,26,Chevrolet,CORVETTE Convertible (C6),2003,2011,2003-2011,5,itdiag8-dotcom/database (vivid_cars2000.db),added_from_vivid
5899,26,Chevrolet,CORVETTE Convertible (C7),2012,2012,2012,2,itdiag8-dotcom/database (vivid_cars2000.db),added_from_vivid
4584,26,Chevrolet,CRUZE (J300),2008,2012,2008-2012,25,itdiag8-dotcom/database (vivid_cars2000.db),added_from_vivid
4748,26,Chevrolet,CRUZE Hatchback (J305),2010,2012,2010-2012,14,itdiag8-dotcom/database (vivid_cars2000.db),added_from_vivid
6274,26,Chevrolet,CRUZE Station Wagon (J308),2011,2012,2011-2012,9,itdiag8-dotcom/database (vivid_cars2000.db),added_from_vivid
6678,26,Chevrolet,Cab,2000,2012,2000,1,lemon.dogeware.me LEMON 2015,active
1105,26,Chevrolet,Camaro,2000,2024,2010-2011,14,original_db,existing
6574,26,Chevrolet,Caprice,2011,2017,2015,1,lemon.dogeware.me LEMON 2015,active
1107,26,Chevrolet,Caprice Police Vehicle,2011,2027,2011-2027,0,plowman/open-vehicle-db,added_missing
1108,26,Chevrolet,Captiva,2006,2015,2006-2014,24,original_db,existing
1109,26,Chevrolet,Captiva Sport,2010,2027,2010-2027,0,plowman/open-vehicle-db,added_missing
1110,26,Chevrolet,Cavalier,1994,2005,1994-2005,0,gor3a/vehicle-makes-models,added_missing
1112,26,Chevrolet,Celta,2000,2003,2000-2003,5,original_db,existing
6679,26,Chevrolet,Chevy,2000,2012,2000,1,lemon.dogeware.me LEMON 2015,active
6575,26,Chevrolet,City,2015,2018,2015,1,lemon.dogeware.me LEMON 2015,active
1116,26,Chevrolet,City Express,2015,2018,2015-2018,0,plowman/open-vehicle-db,added_missing
6685,26,Chevrolet,Classic,2004,2005,2004,1,lemon.dogeware.me LEMON 2015,active
1118,26,Chevrolet,Cobalt,2005,2013,2013,1,original_db,existing
1119,26,Chevrolet,Colorado,2003,2026,2003-2026,0,gor3a/vehicle-makes-models,added_missing
1120,26,Chevrolet,Colorado Regular Cab,2003,2012,2003-2012,0,gor3a/vehicle-makes-models,added_missing
1121,26,Chevrolet,Corsa,1998,2008,1998-2008,7,original_db,existing
1123,26,Chevrolet,Corvette,1953,2026,1953-2026,0,gor3a/vehicle-makes-models,added_missing
1124,26,Chevrolet,Corvette E-Ray,2023,2026,2023-2026,0,gor3a/vehicle-makes-models,added_missing
1125,26,Chevrolet,Corvette Grand Sport,2026,2026,2026-2026,0,gor3a/vehicle-makes-models,added_missing
1126,26,Chevrolet,Corvette Z06,2008,2026,2008-2026,0,gor3a/vehicle-makes-models,added_missing
1127,26,Chevrolet,Corvette ZR1,2008,2026,2008-2026,0,gor3a/vehicle-makes-models,added_missing
1128,26,Chevrolet,Cruze,2009,2019,2009-2013,24,original_db,existing
1129,26,Chevrolet,Cruze Limited,2016,2016,2016-2016,0,plowman/open-vehicle-db,added_missing
6680,26,Chevrolet,Cutaway,2000,2013,2000,1,lemon.dogeware.me LEMON 2015,active
4956,26,Chevrolet,EPICA (KL1_),2004,2006,2004-2006,8,itdiag8-dotcom/database (vivid_cars2000.db),added_from_vivid
5927,26,Chevrolet,EXPRESS Bus,2006,2006,2006,1,itdiag8-dotcom/database (vivid_cars2000.db),added_from_vivid
1132,26,Chevrolet,Epica,2004,2007,2006-2007,3,original_db,existing
1133,26,Chevrolet,Equinox,2004,2026,2004-2026,0,gor3a/vehicle-makes-models,added_missing
1134,26,Chevrolet,Estate,2005,2007,2005-2007,10,original_db,existing
1135,26,Chevrolet,Evanda,2004,2006,2004-2006,0,gor3a/vehicle-makes-models,added_missing
1136,26,Chevrolet,Express,1995,2026,1995-2026,0,gor3a/vehicle-makes-models,added_missing
1142,26,Chevrolet,GMT-400,1987,2002,1987-2002,0,plowman/open-vehicle-db,added_missing
1139,26,Chevrolet,Geo Prizm,1998,2027,1998-2027,0,plowman/open-vehicle-db,added_missing
1146,26,Chevrolet,HHR,2005,2011,2005-2011,0,gor3a/vehicle-makes-models,added_missing
1148,26,Chevrolet,Impala,1958,2020,1958-2020,0,gor3a/vehicle-makes-models,added_missing
1149,26,Chevrolet,Impala Limited,2014,2016,2014-2016,0,plowman/open-vehicle-db,added_missing
5491,26,Chevrolet,KALOS Saloon,2004,2004,2004,3,itdiag8-dotcom/database (vivid_cars2000.db),added_from_vivid
1150,26,Chevrolet,Kalos,2008,2008,2008,1,original_db,existing
5492,26,Chevrolet,LACETTI (J200),2004,2006,2004-2006,5,itdiag8-dotcom/database (vivid_cars2000.db),added_from_vivid
4540,26,Chevrolet,LACETTI Estate (J200),2004,2006,2004-2006,5,itdiag8-dotcom/database (vivid_cars2000.db),added_from_vivid
6107,26,Chevrolet,LANOS Saloon,2004,2004,2004,2,itdiag8-dotcom/database (vivid_cars2000.db),added_from_vivid
6261,26,Chevrolet,LUMINA Saloon,2003,2003,2003,1,itdiag8-dotcom/database (vivid_cars2000.db),added_from_vivid
1151,26,Chevrolet,Lacetti,2005,2007,2005-2007,10,original_db,existing
1152,26,Chevrolet,Lumina,1990,2001,1990-2001,0,plowman/open-vehicle-db,added_missing
4963,26,Chevrolet,MALIBU (V300),2011,2011,2011,5,itdiag8-dotcom/database (vivid_cars2000.db),added_from_vivid
5790,26,Chevrolet,MALIBU Hatchback,2003,2003,2003,1,itdiag8-dotcom/database (vivid_cars2000.db),added_from_vivid
4311,26,Chevrolet,"MATIZ (M200, M250)",2004,2006,2004-2006,4,itdiag8-dotcom/database (vivid_cars2000.db),added_from_vivid
6505,26,Chevrolet,MW,2000,2000,2000,1,itdiag8-dotcom/database (vivid_cars2000.db),added_from_vivid
1155,26,Chevrolet,Malibu,2000,2025,2004-2012,8,original_db,existing
1156,26,Chevrolet,Malibu Classic,2004,2005,2004-2005,0,plowman/open-vehicle-db,added_missing
1157,26,Chevrolet,Malibu Limited,2016,2016,2016-2016,0,plowman/open-vehicle-db,added_missing
1158,26,Chevrolet,Malibu Maxx,2003,2008,2003-2008,0,gor3a/vehicle-makes-models,added_missing
1159,26,Chevrolet,Matiz,2004,2012,2004-2012,0,plowman/open-vehicle-db,added_missing
1160,26,Chevrolet,Matiz / Spark,2000,2022,2000-2022,0,gor3a/vehicle-makes-models,added_missing
1161,26,Chevrolet,Meriva,2002,2010,2002-2010,6,original_db,existing
1162,26,Chevrolet,Metro,1998,2001,1998-2001,0,plowman/open-vehicle-db,added_missing
1164,26,Chevrolet,Montana,2004,2004,2004,1,original_db,existing
6681,26,Chevrolet,Monte,2000,2007,2000,1,lemon.dogeware.me LEMON 2015,active
1165,26,Chevrolet,Monte Carlo,2005,2007,2005-2007,0,gor3a/vehicle-makes-models,added_missing
4881,26,Chevrolet,NIVA,2002,2009,2002-2009,1,itdiag8-dotcom/database (vivid_cars2000.db),added_from_vivid
5494,26,Chevrolet,NUBIRA Estate,2004,2006,2004-2006,5,itdiag8-dotcom/database (vivid_cars2000.db),added_from_vivid
4587,26,Chevrolet,NUBIRA Saloon,2004,2005,2004-2005,6,itdiag8-dotcom/database (vivid_cars2000.db),added_from_vivid
1168,26,Chevrolet,Nubira,2005,2007,2005-2007,10,original_db,existing
1169,26,Chevrolet,Nubira / Lacetti,2002,2009,2002-2009,0,gor3a/vehicle-makes-models,added_missing
5667,26,Chevrolet,OPTRA (1J_),2003,2003,2003,3,itdiag8-dotcom/database (vivid_cars2000.db),added_from_vivid
6262,26,Chevrolet,OPTRA Estate,2005,2005,2005,1,itdiag8-dotcom/database (vivid_cars2000.db),added_from_vivid
6285,26,Chevrolet,OPTRA Hatchback,2005,2005,2005,1,itdiag8-dotcom/database (vivid_cars2000.db),added_from_vivid
4451,26,Chevrolet,ORLANDO (J309),2010,2011,2010-2011,6,itdiag8-dotcom/database (vivid_cars2000.db),added_from_vivid
1170,26,Chevrolet,Onix,2012,2019,2012-2019,0,gor3a/vehicle-makes-models,added_missing
1171,26,Chevrolet,Optra,2004,2008,2005-2007,10,original_db,existing
6686,26,Chevrolet,Optra5,2004,2008,2004,1,lemon.dogeware.me LEMON 2015,active
1172,26,Chevrolet,Orlando,2011,2013,2011-2013,12,original_db,existing
6682,26,Chevrolet,Pickup,2000,2000,2000,1,lemon.dogeware.me LEMON 2015,active
1175,26,Chevrolet,Prisma,2003,2007,2003-2007,2,original_db,existing
6683,26,Chevrolet,Prizm,2000,2002,2000,1,lemon.dogeware.me LEMON 2015,active
5496,26,Chevrolet,REZZO,2004,2004,2004,4,itdiag8-dotcom/database (vivid_cars2000.db),added_from_vivid
6684,26,Chevrolet,RV,2000,2013,2000,1,lemon.dogeware.me LEMON 2015,active
1177,26,Chevrolet,S-10,1997,2004,1997-2004,0,gor3a/vehicle-makes-models,added_missing
1178,26,Chevrolet,S-10 Blazer,1982,2000,1982-2000,0,plowman/open-vehicle-db,added_missing
1179,26,Chevrolet,S-10 Pickup,1982,2005,1982-2005,0,plowman/open-vehicle-db,added_missing
1180,26,Chevrolet,S10,2000,2007,2007,2,original_db,existing
5682,26,Chevrolet,SILVERADO 1500,2006,2006,2006,2,itdiag8-dotcom/database (vivid_cars2000.db),added_from_vivid
6169,26,Chevrolet,SILVERADO 1500 Crew Cab Pickup,2005,2008,2005-2008,16,itdiag8-dotcom/database (vivid_cars2000.db),added_from_vivid
6168,26,Chevrolet,SILVERADO 1500 Extended Cab Pickup,2005,2009,2005-2009,9,itdiag8-dotcom/database (vivid_cars2000.db),added_from_vivid
6209,26,Chevrolet,SILVERADO 1500 Standard Cab Pickup,2005,2009,2005-2009,7,itdiag8-dotcom/database (vivid_cars2000.db),added_from_vivid
6170,26,Chevrolet,SILVERADO 2500 Cab & Chassis,2011,2011,2011,6,itdiag8-dotcom/database (vivid_cars2000.db),added_from_vivid
6235,26,Chevrolet,SILVERADO 2500 Crew Cab Pickup,2011,2011,2011,2,itdiag8-dotcom/database (vivid_cars2000.db),added_from_vivid
6171,26,Chevrolet,SILVERADO 2500 Extended Cab Pickup,2009,2009,2009,5,itdiag8-dotcom/database (vivid_cars2000.db),added_from_vivid
5683,26,Chevrolet,SILVERADO 2500 HD,2006,2006,2006,3,itdiag8-dotcom/database (vivid_cars2000.db),added_from_vivid
6172,26,Chevrolet,SILVERADO 2500 HD Crew Cab Pickup,2009,2009,2009,5,itdiag8-dotcom/database (vivid_cars2000.db),added_from_vivid
6173,26,Chevrolet,SILVERADO 2500 HD Standard Cab Pickup,2006,2011,2006-2011,6,itdiag8-dotcom/database (vivid_cars2000.db),added_from_vivid
6308,26,Chevrolet,SILVERADO 2500 Standard Cab Pickup,2009,2009,2009,1,itdiag8-dotcom/database (vivid_cars2000.db),added_from_vivid
6174,26,Chevrolet,SILVERADO 3500 Cab & Chassis,2009,2009,2009,4,itdiag8-dotcom/database (vivid_cars2000.db),added_from_vivid
6175,26,Chevrolet,SILVERADO 3500 Crew Cab Pickup,2000,2000,2000,3,itdiag8-dotcom/database (vivid_cars2000.db),added_from_vivid
6213,26,Chevrolet,SILVERADO 3500 Extended Cab Pickup,2009,2011,2009-2011,2,itdiag8-dotcom/database (vivid_cars2000.db),added_from_vivid
6196,26,Chevrolet,SILVERADO 3500 HD Cab & Chassis,2006,2008,2006-2008,3,itdiag8-dotcom/database (vivid_cars2000.db),added_from_vivid
6212,26,Chevrolet,SILVERADO 3500 HD Crew Cab Pickup,2007,2009,2007-2009,3,itdiag8-dotcom/database (vivid_cars2000.db),added_from_vivid
6236,26,Chevrolet,SILVERADO 3500 HD Extended Cab Pickup,2009,2009,2009,1,itdiag8-dotcom/database (vivid_cars2000.db),added_from_vivid
6215,26,Chevrolet,SILVERADO 3500 HD Standard Cab Pickup,2009,2009,2009,1,itdiag8-dotcom/database (vivid_cars2000.db),added_from_vivid
6214,26,Chevrolet,SILVERADO 3500 Standard Cab Pickup,2008,2008,2008,1,itdiag8-dotcom/database (vivid_cars2000.db),added_from_vivid
6093,26,Chevrolet,SPARK (M300),2009,2009,2009,4,itdiag8-dotcom/database (vivid_cars2000.db),added_from_vivid
1196,26,Chevrolet,SS,2013,2017,2013-2017,0,gor3a/vehicle-makes-models,added_missing
1197,26,Chevrolet,SSR,2003,2006,2003-2006,0,gor3a/vehicle-makes-models,added_missing
5928,26,Chevrolet,SUBURBAN (GMT 900),2006,2010,2006-2010,3,itdiag8-dotcom/database (vivid_cars2000.db),added_from_vivid
6176,26,Chevrolet,SUBURBAN 1500 Closed Off-Road Vehicle,2006,2006,2006,6,itdiag8-dotcom/database (vivid_cars2000.db),added_from_vivid
6216,26,Chevrolet,SUBURBAN 2500 Closed Off-Road Vehicle,2006,2009,2006-2009,2,itdiag8-dotcom/database (vivid_cars2000.db),added_from_vivid
1183,26,Chevrolet,Silverado,2000,2025,2003-2011,5,original_db,existing
1184,26,Chevrolet,Silverado 2500HD,2007,2026,2007-2026,0,gor3a/vehicle-makes-models,added_missing
1185,26,Chevrolet,Silverado 3500HD,2008,2013,2008-2013,0,gor3a/vehicle-makes-models,added_missing
1186,26,Chevrolet,Silverado HD,2019,2027,2019-2027,0,plowman/open-vehicle-db,added_missing
1187,26,Chevrolet,Silverado Hybrid,2008,2013,2008-2013,0,gor3a/vehicle-makes-models,added_missing
1188,26,Chevrolet,Silverado LD,2019,2027,2019-2027,0,plowman/open-vehicle-db,added_missing
1189,26,Chevrolet,Silverado LTD,2022,2027,2022-2027,0,plowman/open-vehicle-db,added_missing
1190,26,Chevrolet,Sonic,2011,2020,2011-2012,8,original_db,existing
1191,26,Chevrolet,Sonic RS,2012,2020,2012-2020,0,gor3a/vehicle-makes-models,added_missing
1192,26,Chevrolet,Spark,2010,2022,2010-2012,4,original_db,existing
1193,26,Chevrolet,Spark EV,2013,2016,2013-2016,0,gor3a/vehicle-makes-models,added_missing
1194,26,Chevrolet,Spark Gt,2010,2012,2010-2012,4,original_db,existing
1195,26,Chevrolet,Spin,2012,2018,2012-2018,0,gor3a/vehicle-makes-models,added_missing
1198,26,Chevrolet,Suburban,1999,2026,1999-2026,0,gor3a/vehicle-makes-models,added_missing
1199,26,Chevrolet,Suburban HD,2024,2027,2024-2027,0,plowman/open-vehicle-db,added_missing
4658,26,Chevrolet,TAHOE (B2W),2000,2003,2000-2003,7,itdiag8-dotcom/database (vivid_cars2000.db),added_from_vivid
5931,26,Chevrolet,TAHOE (GMT900),2006,2008,2006-2008,8,itdiag8-dotcom/database (vivid_cars2000.db),added_from_vivid
6104,26,Chevrolet,TAVERA,2003,2003,2003,1,itdiag8-dotcom/database (vivid_cars2000.db),added_from_vivid
6343,26,Chevrolet,TRAILBLAZER (31UX),2011,2011,2011,2,itdiag8-dotcom/database (vivid_cars2000.db),added_from_vivid
4588,26,Chevrolet,TRAILBLAZER (KC_),2001,2004,2001-2004,4,itdiag8-dotcom/database (vivid_cars2000.db),added_from_vivid
5247,26,Chevrolet,TRANS SPORT,2000,2001,2000-2001,2,itdiag8-dotcom/database (vivid_cars2000.db),added_from_vivid
1200,26,Chevrolet,Tacuma,2004,2004,2004,1,original_db,existing
1201,26,Chevrolet,Tahoe,1991,2026,1991-2026,0,gor3a/vehicle-makes-models,added_missing
1202,26,Chevrolet,Tornado,2004,2004,2004,1,original_db,existing
1203,26,Chevrolet,Tosca,2006,2007,2006-2007,3,original_db,existing
1204,26,Chevrolet,Tracker,2000,2013,2013,5,original_db,existing
1205,26,Chevrolet,TrailBlazer,2000,2026,2000-2026,0,gor3a/vehicle-makes-models,added_missing
1206,26,Chevrolet,Traverse,2008,2026,2008-2026,0,gor3a/vehicle-makes-models,added_missing
1207,26,Chevrolet,Traverse Limited,2024,2027,2024-2027,0,plowman/open-vehicle-db,added_missing
1208,26,Chevrolet,Trax,2013,2025,2013,5,original_db,existing
1209,26,Chevrolet,U100,2004,2005,2004-2005,0,plowman/open-vehicle-db,added_missing
1210,26,Chevrolet,Uplander,2004,2009,2004-2009,0,gor3a/vehicle-makes-models,added_missing
4844,26,Chevrolet,VIVA,2003,2003,2003,2,itdiag8-dotcom/database (vivid_cars2000.db),added_from_vivid
5704,26,Chevrolet,VIVANT,2004,2004,2004,5,itdiag8-dotcom/database (vivid_cars2000.db),added_from_vivid
1212,26,Chevrolet,Vectra,1998,2005,1998-2005,9,original_db,existing
1213,26,Chevrolet,Vectra Gt-X,2003,2003,2003,1,original_db,existing
1214,26,Chevrolet,Venture,1996,2005,1996-2005,0,gor3a/vehicle-makes-models,added_missing
1215,26,Chevrolet,Volt,2011,2019,2011-2019,0,gor3a/vehicle-makes-models,added_missing
5705,26,Chevrolet,ZAFIRA (F75),2000,2003,2000-2003,4,itdiag8-dotcom/database (vivid_cars2000.db),added_from_vivid
1216,26,Chevrolet,Zafira,2001,2009,2001-2009,7,original_db,existing
1217,27,Chrysler,200,2011,2017,2011-2016,0,gor3a/vehicle-makes-models,added_missing
1218,27,Chrysler,300,2005,2023,2011-2023,0,gor3a/vehicle-makes-models,added_missing
6345,27,Chrysler,300 C,2010,2010,2010,2,itdiag8-dotcom/database (vivid_cars2000.db),added_from_vivid
4581,27,Chrysler,300 C (LX),2003,2009,2003-2009,12,itdiag8-dotcom/database (vivid_cars2000.db),added_from_vivid
4652,27,Chrysler,300 C Touring (LX),2003,2006,2003-2006,12,itdiag8-dotcom/database (vivid_cars2000.db),added_from_vivid
5105,27,Chrysler,300 M (LR),2000,2000,2000,2,itdiag8-dotcom/database (vivid_cars2000.db),added_from_vivid
1219,27,Chrysler,300C,2005,2005,2005,2,original_db,existing
1220,27,Chrysler,300M,1998,2004,1998-2004,0,gor3a/vehicle-makes-models,added_missing
4423,27,Chrysler,AVENGER,,,,8,itdiag8-dotcom/database (vivid_cars2000.db),added_from_vivid
1221,27,Chrysler,Airflow,,,,0,DanielKohut/car-data,added_missing
1222,27,Chrysler,Aspen,2006,2009,2006-2009,0,gor3a/vehicle-makes-models,added_missing
1223,27,Chrysler,Atlantic Concept,,,,0,DanielKohut/car-data,added_missing
5572,27,Chrysler,CALIBER,,,,9,itdiag8-dotcom/database (vivid_cars2000.db),added_from_vivid
6254,27,Chrysler,CARAVAN,,,,1,itdiag8-dotcom/database (vivid_cars2000.db),added_from_vivid
5287,27,Chrysler,CARAVAN (RG_),,,,6,itdiag8-dotcom/database (vivid_cars2000.db),added_from_vivid
6253,27,Chrysler,CHALLENGER Coupe,,,,6,itdiag8-dotcom/database (vivid_cars2000.db),added_from_vivid
5791,27,Chrysler,CHARGER,,,,8,itdiag8-dotcom/database (vivid_cars2000.db),added_from_vivid
5457,27,Chrysler,CROSSFIRE Roadster,2003,2003,2003,2,itdiag8-dotcom/database (vivid_cars2000.db),added_from_vivid
1224,27,Chrysler,Cirrus,2000,2000,,0,DanielKohut/car-data,added_missing
1225,27,Chrysler,Concorde,1993,2004,1993-2004,0,gor3a/vehicle-makes-models,added_missing
1228,27,Chrysler,Cordoba,,,,0,DanielKohut/car-data,added_missing
1229,27,Chrysler,Crossfire,2003,2008,2003-2004,2,original_db,existing
5792,27,Chrysler,DAKOTA,,,,3,itdiag8-dotcom/database (vivid_cars2000.db),added_from_vivid
6252,27,Chrysler,DART,,,,2,itdiag8-dotcom/database (vivid_cars2000.db),added_from_vivid
6257,27,Chrysler,DELTA,2010,2010,2010,4,itdiag8-dotcom/database (vivid_cars2000.db),added_from_vivid
5799,27,Chrysler,DURANGO,,,,4,itdiag8-dotcom/database (vivid_cars2000.db),added_from_vivid
1231,27,Chrysler,Dynasty,,,,0,DanielKohut/car-data,added_missing
1232,27,Chrysler,E-Class,,,,0,DanielKohut/car-data,added_missing
1234,27,Chrysler,Fifth Avenue,,,,0,DanielKohut/car-data,added_missing
5748,27,Chrysler,GRAND VOYAGER V (RT),2006,2011,2006-2011,5,itdiag8-dotcom/database (vivid_cars2000.db),added_from_vivid
6687,27,Chrysler,Grand,2000,2000,2000,1,lemon.dogeware.me LEMON 2015,active
1235,27,Chrysler,Grand Caravan,2021,2027,2021-2027,0,plowman/open-vehicle-db,added_missing
1236,27,Chrysler,Grand Voyager,2008,2015,2008-2015,0,gor3a/vehicle-makes-models,added_missing
1237,27,Chrysler,Imperial,,,,0,DanielKohut/car-data,added_missing
1238,27,Chrysler,Intrepid,,,,0,DanielKohut/car-data,added_missing
4436,27,Chrysler,JOURNEY,,,,9,itdiag8-dotcom/database (vivid_cars2000.db),added_from_vivid
1241,27,Chrysler,LHS,2000,2001,,0,DanielKohut/car-data,added_missing
1239,27,Chrysler,Laser,,,,0,DanielKohut/car-data,added_missing
5281,27,Chrysler,NEON II,2000,2002,2000-2002,4,itdiag8-dotcom/database (vivid_cars2000.db),added_from_vivid
5934,27,Chrysler,NITRO,,,,6,itdiag8-dotcom/database (vivid_cars2000.db),added_from_vivid
1242,27,Chrysler,Neon,,,,0,DanielKohut/car-data,added_missing
1244,27,Chrysler,Newport,,,,0,DanielKohut/car-data,added_missing
6688,27,Chrysler,PT,2001,2010,2001,1,lemon.dogeware.me LEMON 2015,active
4957,27,Chrysler,PT CRUISER (PT_),2000,2004,2000-2004,9,itdiag8-dotcom/database (vivid_cars2000.db),added_from_vivid
5434,27,Chrysler,PT CRUISER Convertible,2003,2003,2003,2,itdiag8-dotcom/database (vivid_cars2000.db),added_from_vivid
1245,27,Chrysler,Pacifica,2003,2026,2003-2026,0,gor3a/vehicle-makes-models,added_missing
1246,27,Chrysler,Phaeton Concept,,,,0,DanielKohut/car-data,added_missing
1247,27,Chrysler,Prowler,2001,2002,,0,DanielKohut/car-data,added_missing
1248,27,Chrysler,Pt Cruiser,2000,2005,2000-2005,5,original_db,existing
6179,27,Chrysler,RAM 1500 Crew Cab Pickup,,,,4,itdiag8-dotcom/database (vivid_cars2000.db),added_from_vivid
6203,27,Chrysler,RAM 1500 Extended Crew Cab Pickup,,,,3,itdiag8-dotcom/database (vivid_cars2000.db),added_from_vivid
4786,27,Chrysler,"RAM 1500 Pickup (D1, DC, DH, DM, DR)",,,,9,itdiag8-dotcom/database (vivid_cars2000.db),added_from_vivid
4940,27,Chrysler,"RAM 1500 Pickup (DJ, DS)",,,,2,itdiag8-dotcom/database (vivid_cars2000.db),added_from_vivid
6204,27,Chrysler,RAM 1500 Standard Cab Pickup,,,,4,itdiag8-dotcom/database (vivid_cars2000.db),added_from_vivid
6180,27,Chrysler,RAM 2500 Cab & Chassis,,,,1,itdiag8-dotcom/database (vivid_cars2000.db),added_from_vivid
6181,27,Chrysler,RAM 2500 Crew Cab Pickup,,,,4,itdiag8-dotcom/database (vivid_cars2000.db),added_from_vivid
6182,27,Chrysler,RAM 2500 Extended Crew Cab Pickup,,,,3,itdiag8-dotcom/database (vivid_cars2000.db),added_from_vivid
5891,27,Chrysler,"RAM 2500 Pickup (D1, DC, DH, DM, DR)",,,,5,itdiag8-dotcom/database (vivid_cars2000.db),added_from_vivid
5946,27,Chrysler,"RAM 2500 Pickup (DJ, DS)",,,,1,itdiag8-dotcom/database (vivid_cars2000.db),added_from_vivid
6210,27,Chrysler,RAM 2500 Standard Cab Pickup,,,,3,itdiag8-dotcom/database (vivid_cars2000.db),added_from_vivid
6183,27,Chrysler,RAM 3500 Cab & Chassis,,,,4,itdiag8-dotcom/database (vivid_cars2000.db),added_from_vivid
6184,27,Chrysler,RAM 3500 Crew Cab Pickup,,,,5,itdiag8-dotcom/database (vivid_cars2000.db),added_from_vivid
6237,27,Chrysler,RAM 3500 Extended Crew Cab Pickup,,,,3,itdiag8-dotcom/database (vivid_cars2000.db),added_from_vivid
6211,27,Chrysler,RAM 3500 Standard Cab Pickup,,,,3,itdiag8-dotcom/database (vivid_cars2000.db),added_from_vivid
6348,27,Chrysler,"RAM 4000 Pickup (DR, D1, DC, DM, DH)",,,,1,itdiag8-dotcom/database (vivid_cars2000.db),added_from_vivid
5046,27,Chrysler,"RAM 4000 Platform/Chassis (DH, DR, D1, DC, DM)",,,,1,itdiag8-dotcom/database (vivid_cars2000.db),added_from_vivid
6197,27,Chrysler,RAM 4000 Standard Cab Pickup,,,,2,itdiag8-dotcom/database (vivid_cars2000.db),added_from_vivid
6238,27,Chrysler,Ram 4500 Cab & Chassis,,,,1,itdiag8-dotcom/database (vivid_cars2000.db),added_from_vivid
6239,27,Chrysler,Ram 5500 Cab & Chassis,,,,1,itdiag8-dotcom/database (vivid_cars2000.db),added_from_vivid
4775,27,Chrysler,SEBRING (JR),2001,2001,2001,5,itdiag8-dotcom/database (vivid_cars2000.db),added_from_vivid
4653,27,Chrysler,SEBRING (JS),2006,2006,2006,8,itdiag8-dotcom/database (vivid_cars2000.db),added_from_vivid
5200,27,Chrysler,SEBRING Convertible (JR),2001,2001,2001,3,itdiag8-dotcom/database (vivid_cars2000.db),added_from_vivid
4654,27,Chrysler,SEBRING Convertible (JS),2006,2006,2006,4,itdiag8-dotcom/database (vivid_cars2000.db),added_from_vivid
1251,27,Chrysler,Sebring,2000,2010,2001-2007,4,original_db,existing
1253,27,Chrysler,Stratus,,,,0,DanielKohut/car-data,added_missing
1255,27,Chrysler,TC by Maserati,,,,0,DanielKohut/car-data,added_missing
6576,27,Chrysler,Town,2000,2016,2015,1,lemon.dogeware.me LEMON 2015,active
1256,27,Chrysler,Town & Country,2000,2016,2000-2016,0,gor3a/vehicle-makes-models,added_missing
1257,27,Chrysler,Town and Country,1990,2016,1990-2016,0,plowman/open-vehicle-db,added_missing
5431,27,Chrysler,VIPER Convertible,,,,1,itdiag8-dotcom/database (vivid_cars2000.db),added_from_vivid
6255,27,Chrysler,VIPER Coupe,,,,2,itdiag8-dotcom/database (vivid_cars2000.db),added_from_vivid
5008,27,Chrysler,"VOYAGER IV (RG, RS)",2000,2004,2000-2004,8,itdiag8-dotcom/database (vivid_cars2000.db),added_from_vivid
1258,27,Chrysler,Valiant,,,,0,DanielKohut/car-data,added_missing
1260,27,Chrysler,Vision,,,,0,DanielKohut/car-data,added_missing
1261,27,Chrysler,Voyager,2000,2025,2000-2008,4,original_db,existing
1262,27,Chrysler,Windsor,,,,0,DanielKohut/car-data,added_missing
6256,27,Chrysler,YPSILON,2010,2010,2010,4,itdiag8-dotcom/database (vivid_cars2000.db),added_from_vivid
1263,29,Citroen,Berlingo,2000,2010,2000-2010,19,original_db,existing
1264,29,Citroen,C-Crosser,2007,2008,2007-2008,2,original_db,existing
1265,29,Citroen,C1,2005,2005,2005,2,original_db,existing
1266,29,Citroen,C2,2003,2006,2003-2006,7,original_db,existing
1267,29,Citroen,C3,2002,2009,2002-2009,14,original_db,existing
1268,29,Citroen,C3 Picasso,2009,2010,2009-2010,5,original_db,existing
1269,29,Citroen,C3 Pluriel,2002,2004,2002-2004,3,original_db,existing
1270,29,Citroen,C4,2004,2011,2004-2011,19,original_db,existing
1271,29,Citroen,C4 Cactus,2014,2014,2014,1,original_db,existing
1272,29,Citroen,C4 Coupe,2004,2008,2004-2008,10,original_db,existing
1273,29,Citroen,C4 Grand Picasso,2006,2010,2006-2010,8,original_db,existing
1274,29,Citroen,C4 Picasso,2007,2010,2007-2010,10,original_db,existing
1275,29,Citroen,C5,2001,2010,2001-2010,20,original_db,existing
1276,29,Citroen,C6,2005,2006,2005-2006,3,original_db,existing
1277,29,Citroen,C8,2002,2007,2002-2007,10,original_db,existing
1290,29,Citroen,CITROEN AMI,2020,2026,2020-2026,0,gor3a/vehicle-makes-models,added_missing
1293,29,Citroen,CITROEN Berlingo,1996,2026,1996-2026,0,gor3a/vehicle-makes-models,added_missing
1296,29,Citroen,CITROEN C-Crosser,2007,2012,2007-2012,0,gor3a/vehicle-makes-models,added_missing
1297,29,Citroen,CITROEN C-Elysee,2013,2016,2013-2016,0,gor3a/vehicle-makes-models,added_missing
1298,29,Citroen,CITROEN C-Zero,2010,2020,2010-2020,0,gor3a/vehicle-makes-models,added_missing
1299,29,Citroen,CITROEN C1,2005,2022,2005-2022,0,gor3a/vehicle-makes-models,added_missing
1300,29,Citroen,CITROEN C2,2003,2010,2003-2010,0,gor3a/vehicle-makes-models,added_missing
1301,29,Citroen,CITROEN C3,2002,2026,2002-2026,0,gor3a/vehicle-makes-models,added_missing
1302,29,Citroen,CITROEN C3 Aircross,2017,2026,2017-2026,0,gor3a/vehicle-makes-models,added_missing
1303,29,Citroen,CITROEN C3 Picasso,2008,2017,2008-2017,0,gor3a/vehicle-makes-models,added_missing
1304,29,Citroen,CITROEN C3 Pluriel,2003,2010,2003-2010,0,gor3a/vehicle-makes-models,added_missing
1305,29,Citroen,CITROEN C4,2004,2026,2004-2026,0,gor3a/vehicle-makes-models,added_missing
1306,29,Citroen,CITROEN C4 Aircross,2012,2017,2012-2017,0,gor3a/vehicle-makes-models,added_missing
1307,29,Citroen,CITROEN C4 Cactus,2014,2020,2014-2020,0,gor3a/vehicle-makes-models,added_missing
1308,29,Citroen,CITROEN C4 Picasso,2007,2018,2007-2018,0,gor3a/vehicle-makes-models,added_missing
1309,29,Citroen,CITROEN C5,2001,2019,2001-2019,0,gor3a/vehicle-makes-models,added_missing
1310,29,Citroen,CITROEN C5 Aircross,2018,2026,2018-2026,0,gor3a/vehicle-makes-models,added_missing
1311,29,Citroen,CITROEN C5 Crosstourer,2014,2019,2014-2019,0,gor3a/vehicle-makes-models,added_missing
1312,29,Citroen,CITROEN C5 X,2021,2026,2021-2026,0,gor3a/vehicle-makes-models,added_missing
1313,29,Citroen,CITROEN C6,2005,2012,2005-2012,0,gor3a/vehicle-makes-models,added_missing
1314,29,Citroen,CITROEN C8,2002,2014,2002-2014,0,gor3a/vehicle-makes-models,added_missing
1318,29,Citroen,CITROEN DS3,2009,2014,2009-2014,0,gor3a/vehicle-makes-models,added_missing
1319,29,Citroen,CITROEN DS4,2010,2014,2010-2014,0,gor3a/vehicle-makes-models,added_missing
1320,29,Citroen,CITROEN DS5,2011,2018,2011-2018,0,gor3a/vehicle-makes-models,added_missing
1322,29,Citroen,CITROEN E-Mehari,2016,2019,2016-2019,0,gor3a/vehicle-makes-models,added_missing
1323,29,Citroen,CITROEN Evasion,1994,2002,1994-2002,0,gor3a/vehicle-makes-models,added_missing
1324,29,Citroen,CITROEN Grand C4 Picasso,2006,2018,2006-2018,0,gor3a/vehicle-makes-models,added_missing
1327,29,Citroen,CITROEN Nemo,2008,2015,2008-2015,0,gor3a/vehicle-makes-models,added_missing
1328,29,Citroen,CITROEN Saxo,1996,2003,1996-2003,0,gor3a/vehicle-makes-models,added_missing
1334,29,Citroen,CITROEN XM,1989,2000,1989-2000,0,gor3a/vehicle-makes-models,added_missing
1335,29,Citroen,CITROEN XM Break,1992,2000,1992-2000,0,gor3a/vehicle-makes-models,added_missing
1332,29,Citroen,CITROEN Xantia,1993,2001,1993-2001,0,gor3a/vehicle-makes-models,added_missing
1333,29,Citroen,CITROEN Xantia Break,1995,2001,1995-2001,0,gor3a/vehicle-makes-models,added_missing
1336,29,Citroen,CITROEN Xsara,1997,2004,1997-2004,0,gor3a/vehicle-makes-models,added_missing
1337,29,Citroen,CITROEN Xsara Break,2000,2005,2000-2005,0,gor3a/vehicle-makes-models,added_missing
1338,29,Citroen,CITROEN Xsara Picasso,1999,2012,1999-2012,0,gor3a/vehicle-makes-models,added_missing
1278,29,Citroen,Ds3,2010,2014,2010-2014,42,original_db,existing
1279,29,Citroen,Ds4,2011,2014,2011-2014,7,original_db,existing
1280,29,Citroen,Ds5,2011,2014,2011-2014,7,original_db,existing
1281,29,Citroen,Evasion,1998,2000,1998-2000,3,original_db,existing
1282,29,Citroen,Jumper,2002,2011,2002-2011,10,original_db,existing
1283,29,Citroen,Jumpy,1999,2010,1999-2010,9,original_db,existing
1284,29,Citroen,Nemo,2008,2010,2008-2010,3,original_db,existing
1285,29,Citroen,Saxo,2000,2000,2000,4,original_db,existing
1286,29,Citroen,Xantia,1999,2000,1999-2000,2,original_db,existing
1287,29,Citroen,Xsara,1999,2003,1999-2003,7,original_db,existing
1288,29,Citroen,Xsara Picasso,2004,2005,2004-2005,3,original_db,existing
4538,145,Citroën,BERLINGO (B9),2007,2009,2007-2009,14,itdiag8-dotcom/database (vivid_cars2000.db),added_from_vivid
5248,145,Citroën,BERLINGO (MF),2000,2004,2000-2004,12,itdiag8-dotcom/database (vivid_cars2000.db),added_from_vivid
4805,145,Citroën,BERLINGO Box (B9),2007,2012,2007-2012,16,itdiag8-dotcom/database (vivid_cars2000.db),added_from_vivid
5416,145,Citroën,BERLINGO Box (M_),2000,2004,2000-2004,8,itdiag8-dotcom/database (vivid_cars2000.db),added_from_vivid
6391,145,Citroën,BERLINGO Platform/Chassis (B9),2007,2007,2007,6,itdiag8-dotcom/database (vivid_cars2000.db),added_from_vivid
4845,145,Citroën,C-CROSSER (EP_),2006,2009,2006-2009,3,itdiag8-dotcom/database (vivid_cars2000.db),added_from_vivid
4818,145,Citroën,C-CROSSER ENTERPRISE,2008,2008,2008,2,itdiag8-dotcom/database (vivid_cars2000.db),added_from_vivid
6335,145,Citroën,C-ELYSEE,2011,2011,2011,3,itdiag8-dotcom/database (vivid_cars2000.db),added_from_vivid
5497,145,Citroën,"C1 (PM_, PN_)",2004,2004,2004,2,itdiag8-dotcom/database (vivid_cars2000.db),added_from_vivid
5446,145,Citroën,C15 (VD-_),2000,2000,2000,1,itdiag8-dotcom/database (vivid_cars2000.db),added_from_vivid
5388,145,Citroën,C2 (JM_),2003,2005,2003-2005,9,itdiag8-dotcom/database (vivid_cars2000.db),added_from_vivid
6097,145,Citroën,C2 ENTERPRISE,2008,2008,2008,1,itdiag8-dotcom/database (vivid_cars2000.db),added_from_vivid
4481,145,Citroën,C3 I (FC_),2002,2008,2002-2008,12,itdiag8-dotcom/database (vivid_cars2000.db),added_from_vivid
4900,145,Citroën,C3 II,2008,2013,2008-2013,15,itdiag8-dotcom/database (vivid_cars2000.db),added_from_vivid
4537,145,Citroën,C3 Picasso,2008,2012,2008-2012,13,itdiag8-dotcom/database (vivid_cars2000.db),added_from_vivid
5377,145,Citroën,C3 Pluriel (HB_),2003,2004,2003-2004,4,itdiag8-dotcom/database (vivid_cars2000.db),added_from_vivid
6251,145,Citroën,C4 AIRCROSS,2011,2011,2011,3,itdiag8-dotcom/database (vivid_cars2000.db),added_from_vivid
6453,145,Citroën,C4 CACTUS,2012,2012,2012,2,itdiag8-dotcom/database (vivid_cars2000.db),added_from_vivid
5473,145,Citroën,C4 Coupe (LA_),2003,2007,2003-2007,14,itdiag8-dotcom/database (vivid_cars2000.db),added_from_vivid
4519,145,Citroën,C4 Grand Picasso I (UA_),2005,2009,2005-2009,16,itdiag8-dotcom/database (vivid_cars2000.db),added_from_vivid
6224,145,Citroën,C4 Grand Picasso II,2012,2012,2012,9,itdiag8-dotcom/database (vivid_cars2000.db),added_from_vivid
4938,145,Citroën,C4 I (LC_),2003,2008,2003-2008,15,itdiag8-dotcom/database (vivid_cars2000.db),added_from_vivid
4312,145,Citroën,C4 II (B7),2008,2012,2008-2012,9,itdiag8-dotcom/database (vivid_cars2000.db),added_from_vivid
4516,145,Citroën,C4 Picasso I (UD_),2006,2009,2006-2009,14,itdiag8-dotcom/database (vivid_cars2000.db),added_from_vivid
6227,145,Citroën,C4 Picasso II,2012,2012,2012,9,itdiag8-dotcom/database (vivid_cars2000.db),added_from_vivid
6089,145,Citroën,C4 Saloon,2005,2005,2005,4,itdiag8-dotcom/database (vivid_cars2000.db),added_from_vivid
5156,145,Citroën,C5 I (DC_),2001,2001,2001,9,itdiag8-dotcom/database (vivid_cars2000.db),added_from_vivid
5205,145,Citroën,C5 I Break (DE_),2001,2003,2001-2003,9,itdiag8-dotcom/database (vivid_cars2000.db),added_from_vivid
5482,145,Citroën,C5 II (RC_),2003,2005,2003-2005,13,itdiag8-dotcom/database (vivid_cars2000.db),added_from_vivid
5483,145,Citroën,C5 II Break (RE_),2003,2005,2003-2005,13,itdiag8-dotcom/database (vivid_cars2000.db),added_from_vivid
4370,145,Citroën,C5 III (RD_),2007,2011,2007-2011,18,itdiag8-dotcom/database (vivid_cars2000.db),added_from_vivid
4371,145,Citroën,C5 III Break (TD_),2007,2011,2007-2011,19,itdiag8-dotcom/database (vivid_cars2000.db),added_from_vivid
5507,145,Citroën,C6 (TD_),2004,2008,2004-2008,7,itdiag8-dotcom/database (vivid_cars2000.db),added_from_vivid
4324,145,Citroën,"C8 (EA_, EB_)",2002,2006,2002-2006,20,itdiag8-dotcom/database (vivid_cars2000.db),added_from_vivid
4429,145,Citroën,DS3,2008,2013,2008-2013,17,itdiag8-dotcom/database (vivid_cars2000.db),added_from_vivid
6371,145,Citroën,DS3 Convertible,2012,2013,2012-2013,8,itdiag8-dotcom/database (vivid_cars2000.db),added_from_vivid
4510,145,Citroën,DS4,2010,2012,2010-2012,17,itdiag8-dotcom/database (vivid_cars2000.db),added_from_vivid
4794,145,Citroën,DS5,2010,2012,2010-2012,21,itdiag8-dotcom/database (vivid_cars2000.db),added_from_vivid
5075,145,Citroën,"EVASION (22, U6)",2000,2000,2000,1,itdiag8-dotcom/database (vivid_cars2000.db),added_from_vivid
4878,145,Citroën,JUMPER Box,2005,2010,2005-2010,6,itdiag8-dotcom/database (vivid_cars2000.db),added_from_vivid
5077,145,Citroën,JUMPER Box (230L),2000,2001,2000-2001,4,itdiag8-dotcom/database (vivid_cars2000.db),added_from_vivid
5332,145,Citroën,JUMPER Box (244),2002,2003,2002-2003,7,itdiag8-dotcom/database (vivid_cars2000.db),added_from_vivid
4877,145,Citroën,JUMPER Bus,2005,2010,2005-2010,5,itdiag8-dotcom/database (vivid_cars2000.db),added_from_vivid
5266,145,Citroën,JUMPER Bus (230P),2000,2000,2000,1,itdiag8-dotcom/database (vivid_cars2000.db),added_from_vivid
5318,145,Citroën,"JUMPER Bus (244, Z_)",2002,2002,2002,4,itdiag8-dotcom/database (vivid_cars2000.db),added_from_vivid
4879,145,Citroën,JUMPER Platform/Chassis,2005,2010,2005-2010,5,itdiag8-dotcom/database (vivid_cars2000.db),added_from_vivid
5076,145,Citroën,JUMPER Platform/Chassis (230),2000,2000,2000,4,itdiag8-dotcom/database (vivid_cars2000.db),added_from_vivid
5333,145,Citroën,JUMPER Platform/Chassis (244),2002,2003,2002-2003,5,itdiag8-dotcom/database (vivid_cars2000.db),added_from_vivid
5575,145,Citroën,JUMPY,2006,2010,2006-2010,7,itdiag8-dotcom/database (vivid_cars2000.db),added_from_vivid
4770,145,Citroën,JUMPY (U6U),2000,2000,2000,3,itdiag8-dotcom/database (vivid_cars2000.db),added_from_vivid
5576,145,Citroën,JUMPY Box,2006,2010,2006-2010,8,itdiag8-dotcom/database (vivid_cars2000.db),added_from_vivid
4771,145,Citroën,"JUMPY Box (BS_, BT_, BY_, BZ_)",2000,2002,2000-2002,2,itdiag8-dotcom/database (vivid_cars2000.db),added_from_vivid
4772,145,Citroën,"JUMPY Platform/Chassis (BU_, BV_, BW_, BX_)",2003,2003,2003,3,itdiag8-dotcom/database (vivid_cars2000.db),added_from_vivid
4374,145,Citroën,NEMO Box (AA_),2007,2009,2007-2009,3,itdiag8-dotcom/database (vivid_cars2000.db),added_from_vivid
4512,145,Citroën,NEMO Estate,2008,2009,2008-2009,4,itdiag8-dotcom/database (vivid_cars2000.db),added_from_vivid
5486,145,Citroën,"SAXO (S0, S1)",2000,2001,2000-2001,3,itdiag8-dotcom/database (vivid_cars2000.db),added_from_vivid
5139,145,Citroën,XSARA (N1),2000,2002,2000-2002,5,itdiag8-dotcom/database (vivid_cars2000.db),added_from_vivid
4951,145,Citroën,XSARA Box,2000,2000,2000,1,itdiag8-dotcom/database (vivid_cars2000.db),added_from_vivid
5140,145,Citroën,XSARA Break (N2),2000,2002,2000-2002,4,itdiag8-dotcom/database (vivid_cars2000.db),added_from_vivid
5153,145,Citroën,XSARA Coupe (N0),2000,2002,2000-2002,4,itdiag8-dotcom/database (vivid_cars2000.db),added_from_vivid
4482,145,Citroën,XSARA PICASSO (N68),2000,2004,2000-2004,10,itdiag8-dotcom/database (vivid_cars2000.db),added_from_vivid
1341,31,Cupra,Ateca,2018,2020,2018-2020,0,gor3a/vehicle-makes-models,added_missing
1342,31,Cupra,Born,2021,2026,2021-2026,0,gor3a/vehicle-makes-models,added_missing
1343,31,Cupra,Formentor,2020,2026,2020-2026,0,gor3a/vehicle-makes-models,added_missing
1344,31,Cupra,Leon,2020,2026,2020-2026,0,gor3a/vehicle-makes-models,added_missing
1345,31,Cupra,Leon Sportstourer,2020,2026,2020-2026,0,gor3a/vehicle-makes-models,added_missing
1346,31,Cupra,Raval,2026,2026,2026-2026,0,gor3a/vehicle-makes-models,added_missing
1347,31,Cupra,Tavascan,2023,2026,2023-2026,0,gor3a/vehicle-makes-models,added_missing
1348,31,Cupra,Terramar,2024,2026,2024-2026,0,gor3a/vehicle-makes-models,added_missing
1493,39,DS,AUTOMOBILES DS 3,2014,2026,2014-2026,0,gor3a/vehicle-makes-models,added_missing
1494,39,DS,AUTOMOBILES DS 3 Cabrio,2013,2018,2013-2018,0,gor3a/vehicle-makes-models,added_missing
1495,39,DS,AUTOMOBILES DS 3 Crossback,2018,2022,2018-2022,0,gor3a/vehicle-makes-models,added_missing
1496,39,DS,AUTOMOBILES DS 4,2021,2026,2021-2026,0,gor3a/vehicle-makes-models,added_missing
1497,39,DS,AUTOMOBILES DS 5,2016,2018,2016-2018,0,gor3a/vehicle-makes-models,added_missing
1498,39,DS,AUTOMOBILES DS 5LS,2014,2018,2014-2018,0,gor3a/vehicle-makes-models,added_missing
1499,39,DS,AUTOMOBILES DS 7,2017,2026,2017-2026,0,gor3a/vehicle-makes-models,added_missing
1500,39,DS,AUTOMOBILES DS 9,2020,2026,2020-2026,0,gor3a/vehicle-makes-models,added_missing
1501,39,DS,AUTOMOBILES DS N8,2024,2026,2024-2026,0,gor3a/vehicle-makes-models,added_missing
1352,32,Dacia,1310,1979,2005,1979-2005,0,gor3a/vehicle-makes-models,added_missing
1353,32,Dacia,1310 Break,1980,2004,1980-2004,0,gor3a/vehicle-makes-models,added_missing
1357,32,Dacia,1325 Liberta,,,,0,DanielKohut/car-data,added_missing
1358,32,Dacia,1410,,,,0,DanielKohut/car-data,added_missing
1360,32,Dacia,Bigster,2024,2026,2024-2026,0,gor3a/vehicle-makes-models,added_missing
6373,32,Dacia,DOKKER Express,2011,2012,2011-2012,7,itdiag8-dotcom/database (vivid_cars2000.db),added_from_vivid
1361,32,Dacia,Dokker,2013,2015,2013-2015,5,original_db,existing
1362,32,Dacia,Dokker Van,2012,2021,2012-2021,0,gor3a/vehicle-makes-models,added_missing
1363,32,Dacia,Duster,2011,2013,2011-2013,8,original_db,existing
1364,32,Dacia,Duster Pick-Up,2020,2026,2020-2026,0,gor3a/vehicle-makes-models,added_missing
1365,32,Dacia,JOGGER,2020,2026,2020-2026,0,gor3a/vehicle-makes-models,added_missing
4402,32,Dacia,LOGAN (LS_),2003,2009,2003-2009,15,itdiag8-dotcom/database (vivid_cars2000.db),added_from_vivid
4534,32,Dacia,LOGAN EXPRESS (FS_),2008,2009,2008-2009,7,itdiag8-dotcom/database (vivid_cars2000.db),added_from_vivid
6326,32,Dacia,LOGAN II,2011,2012,2011-2012,10,itdiag8-dotcom/database (vivid_cars2000.db),added_from_vivid
4524,32,Dacia,LOGAN MCV (KS_),2006,2009,2006-2009,13,itdiag8-dotcom/database (vivid_cars2000.db),added_from_vivid
6325,32,Dacia,LOGAN MCV II,2012,2012,2012,5,itdiag8-dotcom/database (vivid_cars2000.db),added_from_vivid
4394,32,Dacia,LOGAN Pickup (US_),2007,2009,2007-2009,7,itdiag8-dotcom/database (vivid_cars2000.db),added_from_vivid
1366,32,Dacia,Lodgy,2011,2013,2011-2013,3,original_db,existing
1367,32,Dacia,Logan,2004,2026,2004-2026,0,gor3a/vehicle-makes-models,added_missing
1368,32,Dacia,Logan MCV,2006,2020,2006-2020,0,gor3a/vehicle-makes-models,added_missing
1369,32,Dacia,Logan MCV Stepway,2017,2020,2017-2020,0,gor3a/vehicle-makes-models,added_missing
1370,32,Dacia,Logan Pick-Up,2007,2012,2007-2012,0,gor3a/vehicle-makes-models,added_missing
1371,32,Dacia,Logan Stepway,,,,0,DanielKohut/car-data,added_missing
1372,32,Dacia,Logan Van,2007,2012,2007-2012,0,gor3a/vehicle-makes-models,added_missing
1374,32,Dacia,Pick-Up,,,,0,DanielKohut/car-data,added_missing
6158,32,Dacia,SANDERO II,2011,2012,2011-2012,5,itdiag8-dotcom/database (vivid_cars2000.db),added_from_vivid
1375,32,Dacia,Sandero,2011,2013,2011-2013,3,original_db,existing
1376,32,Dacia,Sandero MCV,,,,0,DanielKohut/car-data,added_missing
1377,32,Dacia,Sandero Stepway,2013,2013,2013,1,original_db,existing
1378,32,Dacia,Solenza,2003,2005,2003-2005,0,gor3a/vehicle-makes-models,added_missing
1379,32,Dacia,Spring,2021,2026,2021-2026,0,gor3a/vehicle-makes-models,added_missing
1380,32,Dacia,Striker,2026,2026,2026-2026,0,gor3a/vehicle-makes-models,added_missing
1381,32,Dacia,SuperNova,1999,2003,1999-2003,0,gor3a/vehicle-makes-models,added_missing
5618,33,Daewoo,ADVENTRA,2002,2002,2002,2,itdiag8-dotcom/database (vivid_cars2000.db),added_from_vivid
5629,33,Daewoo,AVEO,2002,2002,2002,3,itdiag8-dotcom/database (vivid_cars2000.db),added_from_vivid
1382,33,Daewoo,Alpheon,,,,0,DanielKohut/car-data,added_missing
1383,33,Daewoo,Arcadia,,,,0,DanielKohut/car-data,added_missing
1384,33,Daewoo,Brougham,,,,0,DanielKohut/car-data,added_missing
1385,33,Daewoo,Chairman,,,,0,DanielKohut/car-data,added_missing
1386,33,Daewoo,Chairman W,,,,0,DanielKohut/car-data,added_missing
1388,33,Daewoo,Damas,,,,0,DanielKohut/car-data,added_missing
1389,33,Daewoo,Damas II,2003,2011,2003-2011,0,gor3a/vehicle-makes-models,added_missing
5366,33,Daewoo,EVANDA (KLAL),2002,2002,2002,2,itdiag8-dotcom/database (vivid_cars2000.db),added_from_vivid
1390,33,Daewoo,Epica,2006,2007,2006-2007,3,original_db,existing
1392,33,Daewoo,Evanda,,,,0,DanielKohut/car-data,added_missing
1393,33,Daewoo,G2X,2006,2009,2006-2009,0,gor3a/vehicle-makes-models,added_missing
5649,33,Daewoo,GENTRA Hatchback,2004,2004,2004,2,itdiag8-dotcom/database (vivid_cars2000.db),added_from_vivid
5648,33,Daewoo,GENTRA Saloon,2012,2012,2012,6,itdiag8-dotcom/database (vivid_cars2000.db),added_from_vivid
1394,33,Daewoo,Gentra,2008,2014,2008-2014,4,original_db,existing
1395,33,Daewoo,Istana,,,,0,DanielKohut/car-data,added_missing
5348,33,Daewoo,KALOS (KLAS),2002,2002,2002,5,itdiag8-dotcom/database (vivid_cars2000.db),added_from_vivid
5655,33,Daewoo,KALOS Saloon (KLAS),2002,2003,2002-2003,3,itdiag8-dotcom/database (vivid_cars2000.db),added_from_vivid
1396,33,Daewoo,Kalos,,,,0,DanielKohut/car-data,added_missing
1397,33,Daewoo,Korando,,,,0,DanielKohut/car-data,added_missing
5406,33,Daewoo,LACETTI Hatchback (KLAN),2003,2003,2003,3,itdiag8-dotcom/database (vivid_cars2000.db),added_from_vivid
5659,33,Daewoo,LACETTI Saloon (J200),2003,2003,2003,2,itdiag8-dotcom/database (vivid_cars2000.db),added_from_vivid
5544,33,Daewoo,LEGANZA (KLAV),2000,2000,2000,1,itdiag8-dotcom/database (vivid_cars2000.db),added_from_vivid
1398,33,Daewoo,Lacetti,2005,2007,2005-2007,12,original_db,existing
1399,33,Daewoo,Laganza V-car,2003,2007,2003-2007,0,plowman/open-vehicle-db,added_missing
1400,33,Daewoo,Lanos,1996,2002,1996-2002,0,gor3a/vehicle-makes-models,added_missing
1403,33,Daewoo,LeMans,,,,0,DanielKohut/car-data,added_missing
1401,33,Daewoo,Leganza,1997,2002,1997-2002,0,gor3a/vehicle-makes-models,added_missing
1402,33,Daewoo,Leganza V-200 & variants/derivatives,2003,2007,2003-2007,0,plowman/open-vehicle-db,added_missing
1404,33,Daewoo,Lublin,,,,0,DanielKohut/car-data,added_missing
5371,33,Daewoo,MATIZ (KLYA),2002,2002,2002,1,itdiag8-dotcom/database (vivid_cars2000.db),added_from_vivid
1405,33,Daewoo,Magnus,2002,2006,2002-2006,0,gor3a/vehicle-makes-models,added_missing
1406,33,Daewoo,Matiz,1998,2009,1998-2009,0,gor3a/vehicle-makes-models,added_missing
1407,33,Daewoo,Matiz Creative,2010,2012,2010-2012,4,original_db,existing
1408,33,Daewoo,Musso,,,,0,DanielKohut/car-data,added_missing
4567,33,Daewoo,NEXIA Saloon,2007,2007,2007,2,itdiag8-dotcom/database (vivid_cars2000.db),added_from_vivid
5591,33,Daewoo,NUBIRA (KLAJ),2002,2002,2002,2,itdiag8-dotcom/database (vivid_cars2000.db),added_from_vivid
5545,33,Daewoo,NUBIRA Saloon (KLAJ),2000,2000,2000,2,itdiag8-dotcom/database (vivid_cars2000.db),added_from_vivid
5372,33,Daewoo,NUBIRA Saloon (KLAN),2003,2003,2003,3,itdiag8-dotcom/database (vivid_cars2000.db),added_from_vivid
5546,33,Daewoo,NUBIRA Wagon (KLAJ),2000,2000,2000,2,itdiag8-dotcom/database (vivid_cars2000.db),added_from_vivid
5560,33,Daewoo,NUBIRA Wagon (KLAN),2003,2003,2003,3,itdiag8-dotcom/database (vivid_cars2000.db),added_from_vivid
1409,33,Daewoo,Nexia,,,,0,DanielKohut/car-data,added_missing
1410,33,Daewoo,Nubira,2000,2007,2005-2007,10,original_db,existing
1411,33,Daewoo,Prince,,,,0,DanielKohut/car-data,added_missing
5337,33,Daewoo,REXTON (GAB_),2002,2005,2002-2005,3,itdiag8-dotcom/database (vivid_cars2000.db),added_from_vivid
5045,33,Daewoo,REZZO (KLAU),2000,2001,2000-2001,7,itdiag8-dotcom/database (vivid_cars2000.db),added_from_vivid
1412,33,Daewoo,Racer,,,,0,DanielKohut/car-data,added_missing
1413,33,Daewoo,Rezzo,,,,0,DanielKohut/car-data,added_missing
1414,33,Daewoo,Royale,,,,0,DanielKohut/car-data,added_missing
1415,33,Daewoo,Statesman,2003,2006,2003-2006,0,gor3a/vehicle-makes-models,added_missing
1416,33,Daewoo,Super Salon,,,,0,DanielKohut/car-data,added_missing
1417,33,Daewoo,Tacuma,2000,2008,2000-2008,0,gor3a/vehicle-makes-models,added_missing
1418,33,Daewoo,Tico,1991,2001,1991-2001,0,gor3a/vehicle-makes-models,added_missing
1419,33,Daewoo,Tosca,2006,2007,2006-2007,3,original_db,existing
1420,33,Daewoo,Winstorm,2006,2007,2006-2007,8,original_db,existing
5623,167,Daihatsu,ALTIS,2005,2005,2005,2,itdiag8-dotcom/database (vivid_cars2000.db),added_from_vivid
6552,167,Daihatsu,AYLA,2012,2012,2012,1,itdiag8-dotcom/database (vivid_cars2000.db),added_from_vivid
5632,167,Daihatsu,BEGO,2004,2004,2004,3,itdiag8-dotcom/database (vivid_cars2000.db),added_from_vivid
6547,167,Daihatsu,BOON LUMINAS,2007,2007,2007,1,itdiag8-dotcom/database (vivid_cars2000.db),added_from_vivid
5875,167,Daihatsu,CERIA,2002,2004,2002-2004,2,itdiag8-dotcom/database (vivid_cars2000.db),added_from_vivid
4849,167,Daihatsu,CHARADE,2010,2010,2010,1,itdiag8-dotcom/database (vivid_cars2000.db),added_from_vivid
5581,167,Daihatsu,CHARADE (L2_),2002,2002,2002,1,itdiag8-dotcom/database (vivid_cars2000.db),added_from_vivid
5838,167,Daihatsu,COO,2005,2005,2005,5,itdiag8-dotcom/database (vivid_cars2000.db),added_from_vivid
5402,167,Daihatsu,COPEN,2003,2005,2003-2005,4,itdiag8-dotcom/database (vivid_cars2000.db),added_from_vivid
5758,167,Daihatsu,CUORE VI (L7_),2000,2000,2000,1,itdiag8-dotcom/database (vivid_cars2000.db),added_from_vivid
5386,167,Daihatsu,CUORE VII (L251),2002,2003,2002-2003,5,itdiag8-dotcom/database (vivid_cars2000.db),added_from_vivid
5752,167,Daihatsu,CUORE VIII,2006,2006,2006,1,itdiag8-dotcom/database (vivid_cars2000.db),added_from_vivid
5839,167,Daihatsu,ESSE,2004,2004,2004,1,itdiag8-dotcom/database (vivid_cars2000.db),added_from_vivid
6286,167,Daihatsu,EXTOL Box,2000,2003,2000-2003,2,itdiag8-dotcom/database (vivid_cars2000.db),added_from_vivid
5461,167,Daihatsu,"EXTOL Bus (S22_, S23_)",2000,2003,2000-2003,4,itdiag8-dotcom/database (vivid_cars2000.db),added_from_vivid
6467,167,Daihatsu,HIJET Pickup,2001,2001,2001,1,itdiag8-dotcom/database (vivid_cars2000.db),added_from_vivid
6264,167,Daihatsu,LUXIO,2008,2008,2008,1,itdiag8-dotcom/database (vivid_cars2000.db),added_from_vivid
5707,167,Daihatsu,MATERIA (M4_),2005,2005,2005,5,itdiag8-dotcom/database (vivid_cars2000.db),added_from_vivid
5726,167,Daihatsu,MAX,2000,2002,2000-2002,2,itdiag8-dotcom/database (vivid_cars2000.db),added_from_vivid
5837,167,Daihatsu,MIRA GINO,2005,2005,2005,2,itdiag8-dotcom/database (vivid_cars2000.db),added_from_vivid
5832,167,Daihatsu,MOVE,2002,2002,2002,4,itdiag8-dotcom/database (vivid_cars2000.db),added_from_vivid
5833,167,Daihatsu,RUSH,2004,2004,2004,4,itdiag8-dotcom/database (vivid_cars2000.db),added_from_vivid
5099,167,Daihatsu,SIRION (M1),2000,2002,2000-2002,3,itdiag8-dotcom/database (vivid_cars2000.db),added_from_vivid
5484,167,Daihatsu,SIRION (M3_),2004,2007,2004-2007,6,itdiag8-dotcom/database (vivid_cars2000.db),added_from_vivid
4860,167,Daihatsu,SIRION (M4_),2009,2010,2009-2010,2,itdiag8-dotcom/database (vivid_cars2000.db),added_from_vivid
5876,167,Daihatsu,SONICA,2004,2005,2004-2005,2,itdiag8-dotcom/database (vivid_cars2000.db),added_from_vivid
5834,167,Daihatsu,STORIA,2004,2004,2004,2,itdiag8-dotcom/database (vivid_cars2000.db),added_from_vivid
5727,167,Daihatsu,TANTO,2002,2002,2002,4,itdiag8-dotcom/database (vivid_cars2000.db),added_from_vivid
5127,167,Daihatsu,TERIOS (J1),2000,2002,2000-2002,3,itdiag8-dotcom/database (vivid_cars2000.db),added_from_vivid
4816,167,Daihatsu,TERIOS (J2_),2004,2009,2004-2009,5,itdiag8-dotcom/database (vivid_cars2000.db),added_from_vivid
5708,167,Daihatsu,TREVIS,2005,2005,2005,1,itdiag8-dotcom/database (vivid_cars2000.db),added_from_vivid
5835,167,Daihatsu,XENIA,2010,2010,2010,5,itdiag8-dotcom/database (vivid_cars2000.db),added_from_vivid
5145,167,Daihatsu,YRV (M2),2001,2002,2001-2002,3,itdiag8-dotcom/database (vivid_cars2000.db),added_from_vivid
1424,35,Dodge,Aspen,,,,0,DanielKohut/car-data,added_missing
1425,35,Dodge,Avenger,2000,2014,2007-2014,0,gor3a/vehicle-makes-models,added_missing
6580,35,Dodge,C/V,2012,2015,2015,1,lemon.dogeware.me LEMON 2015,active
6689,35,Dodge,Cab,2000,2012,2000,1,lemon.dogeware.me LEMON 2015,active
1426,35,Dodge,Caliber,2006,2012,2006,1,original_db,existing
1427,35,Dodge,Caliber SRT4,2007,2009,2007-2009,0,gor3a/vehicle-makes-models,added_missing
1428,35,Dodge,Caravan,1983,2014,1983-2014,0,gor3a/vehicle-makes-models,added_missing
1429,35,Dodge,Caravan/Grand Caravan,1995,2008,1995-2008,0,plowman/open-vehicle-db,added_missing
1430,35,Dodge,Challenger,2007,2023,2007-2011,2,original_db,existing
1431,35,Dodge,Challenger SRT,2009,2026,2009-2026,0,gor3a/vehicle-makes-models,added_missing
1432,35,Dodge,Charger,1966,2026,1966-2026,0,gor3a/vehicle-makes-models,added_missing
1433,35,Dodge,Charger SRT,2006,2023,2006-2023,0,gor3a/vehicle-makes-models,added_missing
1434,35,Dodge,Colt,,,,0,DanielKohut/car-data,added_missing
1436,35,Dodge,Coronet,,,,0,DanielKohut/car-data,added_missing
1439,35,Dodge,Dakota,1996,2011,1996-2004,0,gor3a/vehicle-makes-models,added_missing
1440,35,Dodge,Dakota Club Cab,2004,2011,2004-2011,0,gor3a/vehicle-makes-models,added_missing
1441,35,Dodge,Dakota Quad Cab,2004,2011,2004-2011,0,gor3a/vehicle-makes-models,added_missing
1442,35,Dodge,Dart,2013,2016,2013,1,original_db,existing
1443,35,Dodge,Daytona,,,,0,DanielKohut/car-data,added_missing
1444,35,Dodge,Diplomat,,,,0,DanielKohut/car-data,added_missing
1445,35,Dodge,Durango,1997,2026,1997-2026,0,gor3a/vehicle-makes-models,added_missing
1446,35,Dodge,Durango SRT,2017,2026,2017-2026,0,gor3a/vehicle-makes-models,added_missing
6581,35,Dodge,Grand,2000,2020,2015,1,lemon.dogeware.me LEMON 2015,active
1448,35,Dodge,Grand Caravan,,,,0,DanielKohut/car-data,added_missing
1449,35,Dodge,Hornet,2022,2026,2022-2026,0,gor3a/vehicle-makes-models,added_missing
1450,35,Dodge,Intrepid,2000,2004,,0,DanielKohut/car-data,added_missing
1451,35,Dodge,Journey,2008,2020,2008-2020,0,gor3a/vehicle-makes-models,added_missing
1452,35,Dodge,Lancer,,,,0,DanielKohut/car-data,added_missing
1453,35,Dodge,Magnum,2004,2008,2004-2008,0,gor3a/vehicle-makes-models,added_missing
1454,35,Dodge,Magnum SRT8,2005,2008,2005-2008,0,gor3a/vehicle-makes-models,added_missing
1456,35,Dodge,Mirada,,,,0,DanielKohut/car-data,added_missing
1457,35,Dodge,Monaco,,,,0,DanielKohut/car-data,added_missing
1458,35,Dodge,Neon,2000,2005,2003,1,original_db,existing
1459,35,Dodge,Nitro,2006,2012,2006-2012,0,gor3a/vehicle-makes-models,added_missing
1460,35,Dodge,Omni,,,,0,DanielKohut/car-data,added_missing
6690,35,Dodge,Pickup,2000,2012,2000,1,lemon.dogeware.me LEMON 2015,active
1461,35,Dodge,Polara,,,,0,DanielKohut/car-data,added_missing
6582,35,Dodge,ProMaster,2014,2025,2015,1,lemon.dogeware.me LEMON 2015,active
1462,35,Dodge,Raider,,,,0,DanielKohut/car-data,added_missing
1463,35,Dodge,Ram,1993,2013,1993-2013,0,gor3a/vehicle-makes-models,added_missing
1464,35,Dodge,Ram 1500,2003,2014,2003-2014,2,original_db,existing
1465,35,Dodge,Ram 2500,2003,2013,2003-2013,6,original_db,existing
1466,35,Dodge,Ram 3500,2003,2013,2003-2013,6,original_db,existing
1468,35,Dodge,Ram Chassis Cab,2007,2013,2007-2013,5,original_db,existing
1469,35,Dodge,Ram Van,,,,0,DanielKohut/car-data,added_missing
1470,35,Dodge,Ram Wagon,1981,2003,1981-2003,0,plowman/open-vehicle-db,added_missing
1471,35,Dodge,Ramcharger,,,,0,DanielKohut/car-data,added_missing
6692,35,Dodge,SRT-4,2003,2005,2003,1,lemon.dogeware.me LEMON 2015,active
1475,35,Dodge,Shadow,,,,0,DanielKohut/car-data,added_missing
1477,35,Dodge,Spirit,,,,0,DanielKohut/car-data,added_missing
1478,35,Dodge,Sprinter,2003,2009,2005-2009,0,plowman/open-vehicle-db,added_missing
1480,35,Dodge,Stealth,,,,0,DanielKohut/car-data,added_missing
1481,35,Dodge,Stratus,2000,2006,2001,1,original_db,existing
1482,35,Dodge,Super Bee,,,,0,DanielKohut/car-data,added_missing
1483,35,Dodge,Viper,2000,2017,2008-2013,4,original_db,existing
1485,37,Donkervoort,D10,,,,0,DanielKohut/car-data,added_missing
1486,37,Donkervoort,D8,,,,0,DanielKohut/car-data,added_missing
1487,37,Donkervoort,D8 Cosworth,,,,0,DanielKohut/car-data,added_missing
1488,37,Donkervoort,D8 GTO,,,,0,DanielKohut/car-data,added_missing
1489,37,Donkervoort,D8 Zetec,,,,0,DanielKohut/car-data,added_missing
1490,37,Donkervoort,F22,,,,0,DanielKohut/car-data,added_missing
1491,37,Donkervoort,S8,,,,0,DanielKohut/car-data,added_missing
1492,38,Dr Motor,Dr5,2007,2007,2007,3,original_db,existing
1502,40,Effedi,Gasolone,2009,2009,2009,1,original_db,existing
1503,42,Ferrari,125 S,,,,0,DanielKohut/car-data,added_missing
1504,42,Ferrari,12Cilindri,2024,2026,2024-2026,0,gor3a/vehicle-makes-models,added_missing
1505,42,Ferrari,166 Inter,,,,0,DanielKohut/car-data,added_missing
1506,42,Ferrari,195 Inter,,,,0,DanielKohut/car-data,added_missing
1507,42,Ferrari,208 GTB,,,,0,DanielKohut/car-data,added_missing
1508,42,Ferrari,208 GTS,,,,0,DanielKohut/car-data,added_missing
1509,42,Ferrari,208 Turbo,,,,0,DanielKohut/car-data,added_missing
1510,42,Ferrari,212 Inter,,,,0,DanielKohut/car-data,added_missing
1511,42,Ferrari,250 Europa,,,,0,DanielKohut/car-data,added_missing
1512,42,Ferrari,250 GT,,,,0,DanielKohut/car-data,added_missing
1513,42,Ferrari,250 GT California,,,,0,DanielKohut/car-data,added_missing
1514,42,Ferrari,250 GTE,,,,0,DanielKohut/car-data,added_missing
1515,42,Ferrari,250 GTO,,,,0,DanielKohut/car-data,added_missing
1516,42,Ferrari,275 GTB,,,,0,DanielKohut/car-data,added_missing
1517,42,Ferrari,288 GTO,,,,0,DanielKohut/car-data,added_missing
1518,42,Ferrari,288 GTO/F40/F50/Enzo/LaFerrari,1984,2015,1984-2015,0,gor3a/vehicle-makes-models,added_missing
1519,42,Ferrari,296,2022,2026,2022-2026,0,plowman/open-vehicle-db,added_missing
1520,42,Ferrari,296 GTB,2022,2026,2022-2026,0,gor3a/vehicle-makes-models,added_missing
1521,42,Ferrari,296 GTS,2022,2026,2022-2026,0,gor3a/vehicle-makes-models,added_missing
1522,42,Ferrari,296 Speciale,2025,2026,2025-2026,0,gor3a/vehicle-makes-models,added_missing
1523,42,Ferrari,296 Speciale A,2026,2027,2026-2027,0,plowman/open-vehicle-db,added_missing
1526,42,Ferrari,308 GTB,,,,0,DanielKohut/car-data,added_missing
1528,42,Ferrari,308 GTS,,,,0,DanielKohut/car-data,added_missing
1539,42,Ferrari,330 GT,,,,0,DanielKohut/car-data,added_missing
1547,42,Ferrari,360,2000,2005,2000-2005,0,gor3a/vehicle-makes-models,added_missing
6302,42,Ferrari,360 (F131),2001,2003,2001-2003,1,itdiag8-dotcom/database (vivid_cars2000.db),added_from_vivid
1548,42,Ferrari,360 Challenge Stradale,2003,2005,2003-2005,0,gor3a/vehicle-makes-models,added_missing
1549,42,Ferrari,360 Modena,1999,2003,1999-2003,5,original_db,existing
1550,42,Ferrari,360 Spider,,,,0,DanielKohut/car-data,added_missing
5009,42,Ferrari,360 Spider (F131),2000,2000,2000,1,itdiag8-dotcom/database (vivid_cars2000.db),added_from_vivid
1552,42,Ferrari,365 GTB/4 Daytona,,,,0,DanielKohut/car-data,added_missing
1553,42,Ferrari,365 GTC,,,,0,DanielKohut/car-data,added_missing
1554,42,Ferrari,365 GTS,,,,0,DanielKohut/car-data,added_missing
1557,42,Ferrari,430,2007,2009,2007-2009,0,plowman/open-vehicle-db,added_missing
1558,42,Ferrari,430 Scuderia,,,,0,DanielKohut/car-data,added_missing
1560,42,Ferrari,456 GT,1992,2003,1992-2003,0,gor3a/vehicle-makes-models,added_missing
1561,42,Ferrari,456M,2000,2003,2000-2003,0,plowman/open-vehicle-db,added_missing
1562,42,Ferrari,458,2011,2015,2011-2015,0,gor3a/vehicle-makes-models,added_missing
1563,42,Ferrari,458 Italia,2010,2014,2010-2014,4,original_db,existing
1564,42,Ferrari,458 Speciale,2013,2015,2013-2015,0,gor3a/vehicle-makes-models,added_missing
1565,42,Ferrari,458 Speciale A,2014,2015,2014-2015,0,gor3a/vehicle-makes-models,added_missing
1566,42,Ferrari,458 Spider,,,,0,DanielKohut/car-data,added_missing
1567,42,Ferrari,488,2016,2019,2016-2019,0,gor3a/vehicle-makes-models,added_missing
1568,42,Ferrari,488 Gtb,2015,2015,2015,1,original_db,existing
1569,42,Ferrari,488 Pista,2018,2020,2018-2020,0,gor3a/vehicle-makes-models,added_missing
1570,42,Ferrari,488 Pista Spider,,,,0,DanielKohut/car-data,added_missing
1571,42,Ferrari,488 Spider,2015,2015,2015,1,original_db,existing
1572,42,Ferrari,512 BB,,,,0,DanielKohut/car-data,added_missing
1573,42,Ferrari,512 TR,,,,0,DanielKohut/car-data,added_missing
1574,42,Ferrari,550 Barchetta,2001,2001,2001-2001,0,plowman/open-vehicle-db,added_missing
1575,42,Ferrari,550 Barchetta/575M Superamerica,2000,2006,2000-2006,0,gor3a/vehicle-makes-models,added_missing
1576,42,Ferrari,550 Maranello,,,,0,DanielKohut/car-data,added_missing
1577,42,Ferrari,550/575M Maranello,1996,2006,1996-2006,0,gor3a/vehicle-makes-models,added_missing
1578,42,Ferrari,575 Maranello,2001,2006,2001-2006,5,original_db,existing
1579,42,Ferrari,575M Maranello,,,,0,DanielKohut/car-data,added_missing
1580,42,Ferrari,599,2006,2012,2006-2012,0,gor3a/vehicle-makes-models,added_missing
1581,42,Ferrari,599 Fiorano,2006,2009,2006-2009,4,original_db,existing
1582,42,Ferrari,599 GTB Fiorano,,,,0,DanielKohut/car-data,added_missing
5553,42,Ferrari,599 GTB/GTO,2005,2009,2005-2009,2,itdiag8-dotcom/database (vivid_cars2000.db),added_from_vivid
1583,42,Ferrari,599 Gto,2010,2010,2010,1,original_db,existing
6485,42,Ferrari,599 SA,2009,2009,2009,1,itdiag8-dotcom/database (vivid_cars2000.db),added_from_vivid
1584,42,Ferrari,612 Scaglietti,2004,2006,2004-2006,4,original_db,existing
1585,42,Ferrari,812,2017,2024,2017-2024,0,gor3a/vehicle-makes-models,added_missing
1586,42,Ferrari,812 Superfast,,,,0,DanielKohut/car-data,added_missing
1587,42,Ferrari,849 Testarossa,2026,2027,2026-2027,0,plowman/open-vehicle-db,added_missing
1588,42,Ferrari,Amalfi,2025,2026,2025-2026,0,gor3a/vehicle-makes-models,added_missing
1589,42,Ferrari,California,2009,2012,2009-2012,3,original_db,existing
1590,42,Ferrari,California T,2014,2017,2014-2017,0,gor3a/vehicle-makes-models,added_missing
1591,42,Ferrari,California T F149M,2015,2015,2015,1,original_db,existing
1592,42,Ferrari,Challenge Stradale,2004,2004,2004-2004,0,plowman/open-vehicle-db,added_missing
1593,42,Ferrari,Daytona,2021,2026,2021-2026,0,gor3a/vehicle-makes-models,added_missing
1594,42,Ferrari,Daytona SP3,2023,2025,2023-2025,0,plowman/open-vehicle-db,added_missing
1596,42,Ferrari,Dino 206 GT,,,,0,DanielKohut/car-data,added_missing
1597,42,Ferrari,Dino 246 GT,,,,0,DanielKohut/car-data,added_missing
5458,42,Ferrari,ENZO FERRARI,2002,2002,2002,1,itdiag8-dotcom/database (vivid_cars2000.db),added_from_vivid
1598,42,Ferrari,Enzo,2004,2004,2004,1,original_db,existing
1599,42,Ferrari,F12 Berlinetta,2012,2012,2012,1,original_db,existing
1600,42,Ferrari,F12 Special Series,2016,2016,2016-2016,0,plowman/open-vehicle-db,added_missing
1602,42,Ferrari,F12 TRS,2014,2014,2014-2014,0,gor3a/vehicle-makes-models,added_missing
1601,42,Ferrari,F12 tdf (Tour de France),2017,2017,2017-2017,0,plowman/open-vehicle-db,added_missing
1603,42,Ferrari,F12tdf,2015,2017,2015-2017,0,gor3a/vehicle-makes-models,added_missing
1604,42,Ferrari,F149 California,2008,2017,2008-2017,0,gor3a/vehicle-makes-models,added_missing
1606,42,Ferrari,F40,,,,0,DanielKohut/car-data,added_missing
1607,42,Ferrari,F430,2004,2009,2004-2009,11,original_db,existing
5490,42,Ferrari,F430 Spider,2004,2007,2004-2007,2,itdiag8-dotcom/database (vivid_cars2000.db),added_from_vivid
1608,42,Ferrari,F50,,,,0,DanielKohut/car-data,added_missing
1609,42,Ferrari,F512 M,,,,0,DanielKohut/car-data,added_missing
1610,42,Ferrari,F60 America,2014,2016,2014-2016,0,gor3a/vehicle-makes-models,added_missing
1611,42,Ferrari,F8,2019,2023,2019-2023,0,gor3a/vehicle-makes-models,added_missing
1612,42,Ferrari,F8 Tributo,,,,0,DanielKohut/car-data,added_missing
1613,42,Ferrari,F80,2024,2026,2024-2026,0,gor3a/vehicle-makes-models,added_missing
1615,42,Ferrari,FXX,2005,2007,2005-2007,0,gor3a/vehicle-makes-models,added_missing
1614,42,Ferrari,Ff,2011,2011,2011,1,original_db,existing
1616,42,Ferrari,GTC4Lusso,2016,2020,2016-2020,0,gor3a/vehicle-makes-models,added_missing
1617,42,Ferrari,GTC4Lusso T,2016,2020,2016-2020,0,gor3a/vehicle-makes-models,added_missing
1618,42,Ferrari,La Ferrari,2010,2017,2010-2017,0,plowman/open-vehicle-db,added_missing
1619,42,Ferrari,LaFerrari,2016,2018,2016-2018,0,gor3a/vehicle-makes-models,added_missing
1620,42,Ferrari,Luce,2026,2026,2026-2026,0,gor3a/vehicle-makes-models,added_missing
1624,42,Ferrari,Monza,2018,2022,2018-2022,0,gor3a/vehicle-makes-models,added_missing
1625,42,Ferrari,Monza SP1,,,,0,DanielKohut/car-data,added_missing
1626,42,Ferrari,Monza SP1/SP2,2023,2023,2023-2023,0,plowman/open-vehicle-db,added_missing
1627,42,Ferrari,Monza SP2,,,,0,DanielKohut/car-data,added_missing
1628,42,Ferrari,P4/5 By Pininfarina,2006,2006,2006,1,original_db,existing
1629,42,Ferrari,Portofino,2017,2026,2017-2026,0,gor3a/vehicle-makes-models,added_missing
1630,42,Ferrari,Portofino M,2021,2023,2021-2023,0,plowman/open-vehicle-db,added_missing
1631,42,Ferrari,Purosangue,2022,2026,2022-2026,0,gor3a/vehicle-makes-models,added_missing
1632,42,Ferrari,Roma,2019,2026,2019-2026,0,gor3a/vehicle-makes-models,added_missing
1635,42,Ferrari,SF90,2019,2026,2019-2026,0,gor3a/vehicle-makes-models,added_missing
1636,42,Ferrari,SF90 Spider,,,,0,DanielKohut/car-data,added_missing
1637,42,Ferrari,SF90 Stradale,,,,0,DanielKohut/car-data,added_missing
6023,42,Ferrari,SUPERAMERICA,2004,2004,2004,1,itdiag8-dotcom/database (vivid_cars2000.db),added_from_vivid
1633,42,Ferrari,Sa Aperta,2011,2011,2011,1,original_db,existing
1634,42,Ferrari,Scuderia,2008,2009,2008-2009,0,gor3a/vehicle-makes-models,added_missing
1638,42,Ferrari,Testarossa,2025,2026,2025-2026,0,gor3a/vehicle-makes-models,added_missing
1639,42,Ferrari,Testarossa/512 TR/512M,1984,2026,1984-2026,0,gor3a/vehicle-makes-models,added_missing
1640,44,Fiat,1100,,,,0,DanielKohut/car-data,added_missing
1641,44,Fiat,124,1966,2021,1966-2021,0,gor3a/vehicle-makes-models,added_missing
1644,44,Fiat,124 Spider,2016,2016,2016,2,original_db,existing
1646,44,Fiat,126,1972,2000,1972-2000,0,gor3a/vehicle-makes-models,added_missing
1655,44,Fiat,1500,,,,0,DanielKohut/car-data,added_missing
1656,44,Fiat,1800,,,,0,DanielKohut/car-data,added_missing
1657,44,Fiat,2100,,,,0,DanielKohut/car-data,added_missing
1658,44,Fiat,2300,,,,0,DanielKohut/car-data,added_missing
1659,44,Fiat,500,2007,2024,2007-2016,15,original_db,existing
4335,44,Fiat,500 (312),2006,2012,2006-2012,15,itdiag8-dotcom/database (vivid_cars2000.db),added_from_vivid
1660,44,Fiat,500 3+1,2020,2026,2020-2026,0,gor3a/vehicle-makes-models,added_missing
1661,44,Fiat,500 Abarth,2008,2026,2008-2026,0,gor3a/vehicle-makes-models,added_missing
4336,44,Fiat,500 C (312),2008,2012,2008-2012,11,itdiag8-dotcom/database (vivid_cars2000.db),added_from_vivid
1662,44,Fiat,500 Hybrid,,,,0,DanielKohut/car-data,added_missing
6583,44,Fiat,500 c,2015,2019,2015,1,lemon.dogeware.me LEMON 2015,active
1664,44,Fiat,500C,2009,2015,2009-2015,15,original_db,existing
1666,44,Fiat,500L,2012,2020,2012-2015,12,original_db,existing
1667,44,Fiat,500L Living,2013,2022,2013-2022,0,gor3a/vehicle-makes-models,added_missing
1668,44,Fiat,500L Trekking,2013,2017,2013-2017,0,gor3a/vehicle-makes-models,added_missing
1669,44,Fiat,500L Urban,2017,2022,2017-2022,0,gor3a/vehicle-makes-models,added_missing
1670,44,Fiat,500X,2015,2023,2015-2016,8,original_db,existing
1665,44,Fiat,500e,2013,2025,2013-2020,0,gor3a/vehicle-makes-models,added_missing
1671,44,Fiat,600,1955,2026,1955-2026,0,gor3a/vehicle-makes-models,added_missing
1673,44,Fiat,Albea,2002,2002,2002,1,original_db,existing
1674,44,Fiat,Albea / Siena,2002,2012,2002-2012,0,gor3a/vehicle-makes-models,added_missing
4948,44,Fiat,BRAVA (182),2000,2001,2000-2001,4,itdiag8-dotcom/database (vivid_cars2000.db),added_from_vivid
5131,44,Fiat,BRAVO I (182),2000,2000,2000,4,itdiag8-dotcom/database (vivid_cars2000.db),added_from_vivid
4346,44,Fiat,BRAVO II (198),2005,2008,2005-2008,17,itdiag8-dotcom/database (vivid_cars2000.db),added_from_vivid
4913,44,Fiat,BRAVO Van (198),2007,2007,2007,1,itdiag8-dotcom/database (vivid_cars2000.db),added_from_vivid
1676,44,Fiat,Barchetta,1995,2005,1995-2005,0,gor3a/vehicle-makes-models,added_missing
1677,44,Fiat,Brava,1995,2001,1995-2001,0,gor3a/vehicle-makes-models,added_missing
1678,44,Fiat,Bravo,1998,2014,1998-2014,27,original_db,existing
4876,44,Fiat,CROMA (194),2004,2004,2004,7,itdiag8-dotcom/database (vivid_cars2000.db),added_from_vivid
1682,44,Fiat,Croma,2005,2005,2005,3,original_db,existing
5150,44,Fiat,DOBLO (119),2001,2004,2001-2004,14,itdiag8-dotcom/database (vivid_cars2000.db),added_from_vivid
4333,44,Fiat,DOBLO Box Body / Estate (263),2009,2012,2009-2012,15,itdiag8-dotcom/database (vivid_cars2000.db),added_from_vivid
4434,44,Fiat,DOBLO Cargo (223),2001,2005,2001-2005,13,itdiag8-dotcom/database (vivid_cars2000.db),added_from_vivid
4334,44,Fiat,"DOBLO MPV (152, 263)",2009,2010,2009-2010,8,itdiag8-dotcom/database (vivid_cars2000.db),added_from_vivid
4619,44,Fiat,DOBLO Platform/Chassis (263),2009,2012,2009-2012,13,itdiag8-dotcom/database (vivid_cars2000.db),added_from_vivid
5251,44,Fiat,DUCATO Box (230L),2000,2001,2000-2001,2,itdiag8-dotcom/database (vivid_cars2000.db),added_from_vivid
5316,44,Fiat,DUCATO Box (244),2002,2003,2002-2003,5,itdiag8-dotcom/database (vivid_cars2000.db),added_from_vivid
4354,44,Fiat,DUCATO Box (250),2005,2010,2005-2010,15,itdiag8-dotcom/database (vivid_cars2000.db),added_from_vivid
5250,44,Fiat,DUCATO Bus (230),2000,2001,2000-2001,2,itdiag8-dotcom/database (vivid_cars2000.db),added_from_vivid
5317,44,Fiat,"DUCATO Bus (244, Z_)",2002,2003,2002-2003,5,itdiag8-dotcom/database (vivid_cars2000.db),added_from_vivid
4593,44,Fiat,DUCATO Bus (250),2005,2010,2005-2010,12,itdiag8-dotcom/database (vivid_cars2000.db),added_from_vivid
5252,44,Fiat,DUCATO Platform/Chassis (230),2000,2001,2000-2001,3,itdiag8-dotcom/database (vivid_cars2000.db),added_from_vivid
5329,44,Fiat,DUCATO Platform/Chassis (244),2002,2003,2002-2003,5,itdiag8-dotcom/database (vivid_cars2000.db),added_from_vivid
4594,44,Fiat,DUCATO Platform/Chassis (250),2005,2010,2005-2010,14,itdiag8-dotcom/database (vivid_cars2000.db),added_from_vivid
1684,44,Fiat,Doblo,2001,2014,2001-2014,26,original_db,existing
1685,44,Fiat,Ducato,2002,2011,2002-2011,13,original_db,existing
4353,44,Fiat,FIORINO Box Body / Estate (225),2006,2008,2006-2008,6,itdiag8-dotcom/database (vivid_cars2000.db),added_from_vivid
4601,44,Fiat,FREEMONT (JF_),2010,2010,2010,6,itdiag8-dotcom/database (vivid_cars2000.db),added_from_vivid
1686,44,Fiat,Fiorino,2001,2011,2001-2011,6,original_db,existing
1687,44,Fiat,Freemont,2011,2012,2011-2012,3,original_db,existing
1688,44,Fiat,Fullback,2016,2019,2016-2019,0,gor3a/vehicle-makes-models,added_missing
1689,44,Fiat,Grande Panda,2024,2026,2024-2026,0,gor3a/vehicle-makes-models,added_missing
1690,44,Fiat,Grande Punto,2005,2011,2005-2011,22,original_db,existing
1691,44,Fiat,Grande Punto / Punto Evo,2005,2012,2005-2012,0,gor3a/vehicle-makes-models,added_missing
1692,44,Fiat,Idea,2004,2010,2004-2010,8,original_db,existing
5743,44,Fiat,LINEA (323),2006,2008,2006-2008,5,itdiag8-dotcom/database (vivid_cars2000.db),added_from_vivid
1693,44,Fiat,Linea,2007,2009,2007-2009,5,original_db,existing
4947,44,Fiat,MAREA (185),2000,2001,2000-2001,5,itdiag8-dotcom/database (vivid_cars2000.db),added_from_vivid
4946,44,Fiat,MAREA Weekend (185),2000,2001,2000-2001,4,itdiag8-dotcom/database (vivid_cars2000.db),added_from_vivid
5192,44,Fiat,MULTIPLA (186),2000,2003,2000-2003,8,itdiag8-dotcom/database (vivid_cars2000.db),added_from_vivid
1694,44,Fiat,Marea,1998,2001,1998-2001,6,original_db,existing
1695,44,Fiat,Marea Weekend,1996,2002,1996-2002,0,gor3a/vehicle-makes-models,added_missing
1696,44,Fiat,Mille,2005,2005,2005,1,original_db,existing
1697,44,Fiat,Multipla,1999,2003,1999-2003,5,original_db,existing
1698,44,Fiat,Ottimo,2012,2012,2012,2,original_db,existing
5590,44,Fiat,PALIO (178BX),2003,2003,2003,2,itdiag8-dotcom/database (vivid_cars2000.db),added_from_vivid
4657,44,Fiat,PALIO Weekend (178DX),2001,2004,2001-2004,11,itdiag8-dotcom/database (vivid_cars2000.db),added_from_vivid
4314,44,Fiat,PANDA (169),2003,2009,2003-2009,15,itdiag8-dotcom/database (vivid_cars2000.db),added_from_vivid
4965,44,Fiat,"PANDA (519, 319)",2011,2012,2011-2012,12,itdiag8-dotcom/database (vivid_cars2000.db),added_from_vivid
5754,44,Fiat,PANDA Van (141_),2000,2000,2000,1,itdiag8-dotcom/database (vivid_cars2000.db),added_from_vivid
4613,44,Fiat,PANDA Van (169),2003,2009,2003-2009,9,itdiag8-dotcom/database (vivid_cars2000.db),added_from_vivid
5319,44,Fiat,PUNTO (188),2001,2006,2001-2006,7,itdiag8-dotcom/database (vivid_cars2000.db),added_from_vivid
4962,44,Fiat,PUNTO (199),2011,2012,2011-2012,14,itdiag8-dotcom/database (vivid_cars2000.db),added_from_vivid
4350,44,Fiat,PUNTO / GRANDE PUNTO (199),2004,2009,2004-2009,23,itdiag8-dotcom/database (vivid_cars2000.db),added_from_vivid
4337,44,Fiat,PUNTO EVO (199),2007,2008,2007-2008,18,itdiag8-dotcom/database (vivid_cars2000.db),added_from_vivid
5202,44,Fiat,PUNTO Van (188AX),2000,2004,2000-2004,5,itdiag8-dotcom/database (vivid_cars2000.db),added_from_vivid
4560,44,Fiat,PUNTO Van (199),2007,2011,2007-2011,8,itdiag8-dotcom/database (vivid_cars2000.db),added_from_vivid
1699,44,Fiat,Palio,2001,2010,2001-2010,15,original_db,existing
1700,44,Fiat,Palio Weekend,2012,2019,2012-2019,0,gor3a/vehicle-makes-models,added_missing
1701,44,Fiat,Panda,2003,2016,2003-2016,32,original_db,existing
1702,44,Fiat,Panda 4X4,1986,2023,1986-2023,0,gor3a/vehicle-makes-models,added_missing
1703,44,Fiat,Panda City Cross,2017,2020,2017-2020,0,gor3a/vehicle-makes-models,added_missing
1704,44,Fiat,Panda Cross,2014,2017,2014-2017,0,gor3a/vehicle-makes-models,added_missing
1705,44,Fiat,Punto,1999,2015,1999-2015,31,original_db,existing
1707,44,Fiat,Punto Evo,2009,2010,2009-2010,16,original_db,existing
4379,44,Fiat,QUBO (225),2007,2009,2007-2009,6,itdiag8-dotcom/database (vivid_cars2000.db),added_from_vivid
1708,44,Fiat,Qubo,2008,2015,2008-2015,6,original_db,existing
4352,44,Fiat,SCUDO (270_),2006,2010,2006-2010,5,itdiag8-dotcom/database (vivid_cars2000.db),added_from_vivid
5401,44,Fiat,SCUDO Box (220L),2000,2002,2000-2002,2,itdiag8-dotcom/database (vivid_cars2000.db),added_from_vivid
4348,44,Fiat,SCUDO Box (270_),2006,2010,2006-2010,5,itdiag8-dotcom/database (vivid_cars2000.db),added_from_vivid
5249,44,Fiat,SCUDO Combinato (220P),2000,2003,2000-2003,2,itdiag8-dotcom/database (vivid_cars2000.db),added_from_vivid
4889,44,Fiat,SCUDO Platform/Chassis (270_),2006,2010,2006-2010,6,itdiag8-dotcom/database (vivid_cars2000.db),added_from_vivid
4656,44,Fiat,SIENA (178_),2000,2006,2000-2006,13,itdiag8-dotcom/database (vivid_cars2000.db),added_from_vivid
5232,44,Fiat,STILO (192),2001,2004,2001-2004,17,itdiag8-dotcom/database (vivid_cars2000.db),added_from_vivid
5363,44,Fiat,STILO Multi Wagon (192),2002,2004,2002-2004,15,itdiag8-dotcom/database (vivid_cars2000.db),added_from_vivid
5400,44,Fiat,STRADA Pickup (178E),2000,2005,2000-2005,4,itdiag8-dotcom/database (vivid_cars2000.db),added_from_vivid
5759,44,Fiat,STRADA Pickup (578_),2009,2009,2009,1,itdiag8-dotcom/database (vivid_cars2000.db),added_from_vivid
1712,44,Fiat,Scudo,2004,2011,2004-2011,9,original_db,existing
1713,44,Fiat,Sedici,2006,2006,2006,2,original_db,existing
1715,44,Fiat,Siena,1998,2010,1998-2010,7,original_db,existing
1717,44,Fiat,Stilo,2001,2005,2001-2005,11,original_db,existing
1718,44,Fiat,Stilo Multi,2003,2010,2003-2010,0,gor3a/vehicle-makes-models,added_missing
1719,44,Fiat,Strada,1999,2010,1999-2010,9,original_db,existing
1720,44,Fiat,Talento,,,,0,DanielKohut/car-data,added_missing
1723,44,Fiat,Tipo,2015,2017,2015-2017,2,original_db,existing
1724,44,Fiat,Tipo Cross,2020,2026,2020-2026,0,gor3a/vehicle-makes-models,added_missing
1725,44,Fiat,Tipo Station,2016,2021,2016-2021,0,gor3a/vehicle-makes-models,added_missing
1726,44,Fiat,Topolino,1936,2026,1936-2026,0,gor3a/vehicle-makes-models,added_missing
4622,44,Fiat,ULYSSE (179AX),2002,2007,2002-2007,11,itdiag8-dotcom/database (vivid_cars2000.db),added_from_vivid
5187,44,Fiat,ULYSSE (220),2000,2000,2000,1,itdiag8-dotcom/database (vivid_cars2000.db),added_from_vivid
1727,44,Fiat,Ulysse,1999,2008,1999-2008,8,original_db,existing
1728,44,Fiat,Uno,2001,2006,2001-2006,3,original_db,existing
1729,44,Fiat,Viaggio,2012,2012,2012,2,original_db,existing
1732,46,Ford,'34,1985,2027,1985-2027,0,plowman/open-vehicle-db,added_missing
1741,46,Ford,B-750,2002,2002,2002-2002,0,plowman/open-vehicle-db,added_missing
6540,46,Ford,B-MAX Van,2011,2011,2011,7,itdiag8-dotcom/database (vivid_cars2000.db),added_from_vivid
1742,46,Ford,B-Max,2012,2015,2012-2015,6,original_db,existing
1748,46,Ford,Bantam,2005,2005,2005,2,original_db,existing
1749,46,Ford,Bronco,1966,2026,1966-2026,0,gor3a/vehicle-makes-models,added_missing
1751,46,Ford,Bronco Sport,2021,2027,2021-2027,0,plowman/open-vehicle-db,added_missing
4734,46,Ford,C-MAX (DM2),2006,2008,2006-2008,32,itdiag8-dotcom/database (vivid_cars2000.db),added_from_vivid
4303,46,Ford,C-MAX II,2009,2011,2009-2011,22,itdiag8-dotcom/database (vivid_cars2000.db),added_from_vivid
6539,46,Ford,C-MAX II Van,2009,2011,2009-2011,11,itdiag8-dotcom/database (vivid_cars2000.db),added_from_vivid
1752,46,Ford,C-Max,2007,2018,2007-2015,20,original_db,existing
4993,46,Ford,COUGAR (EC_),2000,2000,2000,4,itdiag8-dotcom/database (vivid_cars2000.db),added_from_vivid
6069,46,Ford,COURIER Pickup (PG),,,,2,itdiag8-dotcom/database (vivid_cars2000.db),added_from_vivid
6068,46,Ford,COURIER Pickup (PH),,,,3,itdiag8-dotcom/database (vivid_cars2000.db),added_from_vivid
6072,46,Ford,COURIER Platform/Chassis (PG),,,,2,itdiag8-dotcom/database (vivid_cars2000.db),added_from_vivid
6073,46,Ford,COURIER Platform/Chassis (PH),,,,3,itdiag8-dotcom/database (vivid_cars2000.db),added_from_vivid
6693,46,Ford,Cab,2000,2012,2000,1,lemon.dogeware.me LEMON 2015,active
1759,46,Ford,Capri SUV,2024,2026,2024-2026,0,gor3a/vehicle-makes-models,added_missing
6694,46,Ford,Contour,2000,2000,2000,1,lemon.dogeware.me LEMON 2015,active
1767,46,Ford,Contour/Mondeo,1997,2000,1997-2000,0,gor3a/vehicle-makes-models,added_missing
1770,46,Ford,Cougar,1998,2001,1998-2001,0,gor3a/vehicle-makes-models,added_missing
6695,46,Ford,Crown,2000,2011,2000,1,lemon.dogeware.me LEMON 2015,active
1772,46,Ford,Crown Victoria,1998,2007,1998-2007,0,gor3a/vehicle-makes-models,added_missing
6696,46,Ford,Cutaway,2000,2012,2000,1,lemon.dogeware.me LEMON 2015,active
5901,46,Ford,E SERIES Box,,,,1,itdiag8-dotcom/database (vivid_cars2000.db),added_from_vivid
5900,46,Ford,E SERIES Bus,,,,1,itdiag8-dotcom/database (vivid_cars2000.db),added_from_vivid
1776,46,Ford,E-150,1981,2014,1981-2014,0,plowman/open-vehicle-db,added_missing
1777,46,Ford,E-250,1981,2014,1981-2014,0,plowman/open-vehicle-db,added_missing
1778,46,Ford,E-350,1981,2027,1981-2027,0,plowman/open-vehicle-db,added_missing
1779,46,Ford,E-450,1995,2027,1995-2027,0,plowman/open-vehicle-db,added_missing
1780,46,Ford,E-550,2002,2015,2002-2015,0,plowman/open-vehicle-db,added_missing
1781,46,Ford,E-Tourneo,2023,2026,2023-2026,0,gor3a/vehicle-makes-models,added_missing
6815,46,Ford,E-Transit,2022,2024,2022,1,lemon.dogeware.me LEMON 2015,active
6697,46,Ford,E450,2000,2012,2000,1,lemon.dogeware.me LEMON 2015,active
6703,46,Ford,E550,2002,2003,2002,1,lemon.dogeware.me LEMON 2015,active
6071,46,Ford,ECONOVAN Box (JH),,,,3,itdiag8-dotcom/database (vivid_cars2000.db),added_from_vivid
6047,46,Ford,"ESCAPE (BA, ZA, ZB, ZC, ZD)",,,,1,itdiag8-dotcom/database (vivid_cars2000.db),added_from_vivid
6698,46,Ford,Econoline,2000,2012,2000,1,lemon.dogeware.me LEMON 2015,active
1782,46,Ford,Econovan,1999,2005,1999-2005,0,gor3a/vehicle-makes-models,added_missing
1783,46,Ford,Ecosport,2004,2015,2004-2015,7,original_db,existing
1784,46,Ford,Edge,2007,2024,2015,1,original_db,existing
1785,46,Ford,Edge ST,2018,2024,2018-2024,0,gor3a/vehicle-makes-models,added_missing
1786,46,Ford,Escape,2001,2024,2013,1,original_db,existing
1787,46,Ford,Escort,1980,2002,1980-2000,0,gor3a/vehicle-makes-models,added_missing
1790,46,Ford,Everest,2015,2015,2015,2,original_db,existing
1791,46,Ford,Excursion,2000,2005,2000-2005,0,gor3a/vehicle-makes-models,added_missing
1792,46,Ford,Expedition,1996,2026,1996-2026,0,gor3a/vehicle-makes-models,added_missing
1793,46,Ford,Expedition EL,2017,2017,2017-2017,0,plowman/open-vehicle-db,added_missing
1794,46,Ford,Expedition MAX,2007,2027,2007-2027,0,plowman/open-vehicle-db,added_missing
1795,46,Ford,Explorer,2000,2024,2011,1,original_db,existing
1796,46,Ford,Explorer Electric,2023,2026,2023-2026,0,gor3a/vehicle-makes-models,added_missing
1797,46,Ford,Explorer Sport,2001,2005,2001-2005,0,gor3a/vehicle-makes-models,added_missing
1798,46,Ford,Explorer Sport Trac,2002,2010,2002-2010,0,gor3a/vehicle-makes-models,added_missing
1800,46,Ford,F-150,1997,2024,1997-2009,12,original_db,existing
1801,46,Ford,F-150 Heritage,2004,2004,2004-2004,0,plowman/open-vehicle-db,added_missing
1802,46,Ford,F-150 Lightning,,,,0,DanielKohut/car-data,added_missing
1803,46,Ford,F-150 Raptor,2009,2026,2009-2026,0,gor3a/vehicle-makes-models,added_missing
1804,46,Ford,F-150 Regular Cab,1996,2014,1996-2014,0,gor3a/vehicle-makes-models,added_missing
1805,46,Ford,F-150 Super Cab,2001,2026,2001-2026,0,gor3a/vehicle-makes-models,added_missing
1806,46,Ford,F-150 Super Crew,2001,2026,2001-2026,0,gor3a/vehicle-makes-models,added_missing
1807,46,Ford,F-250,2013,2024,,0,DanielKohut/car-data,added_missing
1808,46,Ford,F-250 Super Duty,1998,2015,1998-2015,15,original_db,existing
1809,46,Ford,F-350,2013,2024,,0,DanielKohut/car-data,added_missing
1810,46,Ford,F-350 Super Duty,1998,2015,1998-2015,15,original_db,existing
1811,46,Ford,F-450,1999,2027,1999-2027,0,plowman/open-vehicle-db,added_missing
1812,46,Ford,F-450 Super Duty,1998,2015,1998-2015,15,original_db,existing
1813,46,Ford,F-550,1999,2027,1999-2027,0,plowman/open-vehicle-db,added_missing
1814,46,Ford,F-550 Super Duty,1998,2015,1998-2015,15,original_db,existing
1816,46,Ford,F-600,1981,2027,1981-2027,0,plowman/open-vehicle-db,added_missing
1817,46,Ford,F-650,2000,2027,2000-2027,0,plowman/open-vehicle-db,added_missing
1819,46,Ford,F-750,2000,2027,2000-2027,0,plowman/open-vehicle-db,added_missing
1820,46,Ford,F-800,1981,2002,1981-2002,0,plowman/open-vehicle-db,added_missing
6054,46,Ford,F150 Pickup,,,,1,itdiag8-dotcom/database (vivid_cars2000.db),added_from_vivid
6699,46,Ford,F450,2000,2012,2000,1,lemon.dogeware.me LEMON 2015,active
6700,46,Ford,F550,2000,2012,2000,1,lemon.dogeware.me LEMON 2015,active
5950,46,Ford,FAIRLANE Saloon (BA),,,,2,itdiag8-dotcom/database (vivid_cars2000.db),added_from_vivid
5951,46,Ford,FAIRLANE Saloon (BF),,,,1,itdiag8-dotcom/database (vivid_cars2000.db),added_from_vivid
6074,46,Ford,FAIRMONT Saloon (BA),,,,2,itdiag8-dotcom/database (vivid_cars2000.db),added_from_vivid
6075,46,Ford,FAIRMONT Saloon (BF),,,,2,itdiag8-dotcom/database (vivid_cars2000.db),added_from_vivid
5957,46,Ford,FALCON Estate (BA),,,,2,itdiag8-dotcom/database (vivid_cars2000.db),added_from_vivid
5961,46,Ford,FALCON Estate (BF),,,,2,itdiag8-dotcom/database (vivid_cars2000.db),added_from_vivid
5955,46,Ford,FALCON Pickup (BA),,,,5,itdiag8-dotcom/database (vivid_cars2000.db),added_from_vivid
5960,46,Ford,FALCON Pickup (BF),,,,4,itdiag8-dotcom/database (vivid_cars2000.db),added_from_vivid
6078,46,Ford,FALCON Pickup (FG),,,,3,itdiag8-dotcom/database (vivid_cars2000.db),added_from_vivid
6076,46,Ford,FALCON Platform/Chassis (AU),,,,1,itdiag8-dotcom/database (vivid_cars2000.db),added_from_vivid
5958,46,Ford,FALCON Platform/Chassis (BA),,,,3,itdiag8-dotcom/database (vivid_cars2000.db),added_from_vivid
6077,46,Ford,FALCON Platform/Chassis (BF),,,,2,itdiag8-dotcom/database (vivid_cars2000.db),added_from_vivid
6079,46,Ford,FALCON Platform/Chassis (FG),,,,1,itdiag8-dotcom/database (vivid_cars2000.db),added_from_vivid
5954,46,Ford,FALCON Saloon (BA),,,,5,itdiag8-dotcom/database (vivid_cars2000.db),added_from_vivid
5959,46,Ford,FALCON Saloon (BF),,,,4,itdiag8-dotcom/database (vivid_cars2000.db),added_from_vivid
6060,46,Ford,FALCON Saloon (FG),,,,3,itdiag8-dotcom/database (vivid_cars2000.db),added_from_vivid
5193,46,Ford,"FIESTA Box (J5_, J3_)",2000,2000,2000,2,itdiag8-dotcom/database (vivid_cars2000.db),added_from_vivid
5470,46,Ford,FIESTA Box (JV_),2000,2000,2000,3,itdiag8-dotcom/database (vivid_cars2000.db),added_from_vivid
6046,46,Ford,"FIESTA Hatchback (WP, WQ)",,,,3,itdiag8-dotcom/database (vivid_cars2000.db),added_from_vivid
6061,46,Ford,FIESTA Hatchback (WS),,,,3,itdiag8-dotcom/database (vivid_cars2000.db),added_from_vivid
4952,46,Ford,"FIESTA IV (JA_, JB_)",2000,2000,2000,5,itdiag8-dotcom/database (vivid_cars2000.db),added_from_vivid
5809,46,Ford,FIESTA Saloon,2011,2011,2011,1,itdiag8-dotcom/database (vivid_cars2000.db),added_from_vivid
5236,46,Ford,"FIESTA V (JH_, JD_)",2001,2004,2001-2004,16,itdiag8-dotcom/database (vivid_cars2000.db),added_from_vivid
4705,46,Ford,FIESTA VI,2007,2012,2007-2012,39,itdiag8-dotcom/database (vivid_cars2000.db),added_from_vivid
4724,46,Ford,FIESTA Van,2003,2003,2003,22,itdiag8-dotcom/database (vivid_cars2000.db),added_from_vivid
5182,46,Ford,"FOCUS (DAW, DBW)",2001,2002,2001-2002,7,itdiag8-dotcom/database (vivid_cars2000.db),added_from_vivid
4859,46,Ford,FOCUS C-MAX,2003,2005,2003-2005,26,itdiag8-dotcom/database (vivid_cars2000.db),added_from_vivid
5184,46,Ford,FOCUS Estate (DNW),2001,2002,2001-2002,6,itdiag8-dotcom/database (vivid_cars2000.db),added_from_vivid
6042,46,Ford,FOCUS Hatchback (LR),,,,3,itdiag8-dotcom/database (vivid_cars2000.db),added_from_vivid
6048,46,Ford,FOCUS Hatchback (LT),,,,3,itdiag8-dotcom/database (vivid_cars2000.db),added_from_vivid
6080,46,Ford,FOCUS Hatchback (LV),,,,2,itdiag8-dotcom/database (vivid_cars2000.db),added_from_vivid
4740,46,Ford,FOCUS II (DA_),2003,2009,2003-2009,40,itdiag8-dotcom/database (vivid_cars2000.db),added_from_vivid
5552,46,Ford,FOCUS II Convertible,2005,2005,2005,10,itdiag8-dotcom/database (vivid_cars2000.db),added_from_vivid
4736,46,Ford,FOCUS II Estate (DA_),2003,2008,2003-2008,37,itdiag8-dotcom/database (vivid_cars2000.db),added_from_vivid
5467,46,Ford,FOCUS II Saloon (DA_),2004,2007,2004-2007,31,itdiag8-dotcom/database (vivid_cars2000.db),added_from_vivid
4563,46,Ford,FOCUS III,2010,2013,2010-2013,38,itdiag8-dotcom/database (vivid_cars2000.db),added_from_vivid
4562,46,Ford,FOCUS III Saloon,2010,2013,2010-2013,33,itdiag8-dotcom/database (vivid_cars2000.db),added_from_vivid
4564,46,Ford,FOCUS III Turnier,2010,2013,2010-2013,38,itdiag8-dotcom/database (vivid_cars2000.db),added_from_vivid
5183,46,Ford,FOCUS Saloon (DFW),2001,2002,2001-2002,5,itdiag8-dotcom/database (vivid_cars2000.db),added_from_vivid
6043,46,Ford,FOCUS Saloon (LR),,,,2,itdiag8-dotcom/database (vivid_cars2000.db),added_from_vivid
6049,46,Ford,"FOCUS Saloon (LS, LT)",,,,1,itdiag8-dotcom/database (vivid_cars2000.db),added_from_vivid
6081,46,Ford,FOCUS Saloon (LV),,,,2,itdiag8-dotcom/database (vivid_cars2000.db),added_from_vivid
5312,46,Ford,FUSION (JU_),2002,2009,2002-2009,12,itdiag8-dotcom/database (vivid_cars2000.db),added_from_vivid
1827,46,Ford,Fiesta,1999,2019,1999-2015,31,original_db,existing
1828,46,Ford,Fiesta ST,2012,2021,2012-2021,0,gor3a/vehicle-makes-models,added_missing
1829,46,Ford,Figo,2010,2026,2010-2026,0,gor3a/vehicle-makes-models,added_missing
6752,46,Ford,Five,2005,2007,2005,1,lemon.dogeware.me LEMON 2015,active
1830,46,Ford,Five Hundred,2004,2007,2004-2007,0,gor3a/vehicle-makes-models,added_missing
1831,46,Ford,Flex,2009,2019,2009-2019,0,gor3a/vehicle-makes-models,added_missing
1832,46,Ford,Focus,1998,2018,1998-2015,86,original_db,existing
1833,46,Ford,Focus CC,2006,2011,2006-2011,0,gor3a/vehicle-makes-models,added_missing
1834,46,Ford,Focus Rs,2002,2016,2002-2016,4,original_db,existing
1835,46,Ford,Focus St,2002,2012,2002-2012,4,original_db,existing
1836,46,Ford,Focus US,1998,2026,1998-2026,0,gor3a/vehicle-makes-models,added_missing
1837,46,Ford,Freda,2001,2001,2001,1,original_db,existing
1838,46,Ford,Freestar,2003,2007,2003-2007,0,gor3a/vehicle-makes-models,added_missing
1839,46,Ford,Freestyle,2004,2007,2004-2007,0,gor3a/vehicle-makes-models,added_missing
1843,46,Ford,Fusion,2002,2020,2002-2013,9,original_db,existing
1844,46,Ford,Fusion European,2002,2012,2002-2012,0,gor3a/vehicle-makes-models,added_missing
1845,46,Ford,Fusion North American,2005,2020,2005-2020,0,gor3a/vehicle-makes-models,added_missing
4445,46,Ford,GALAXY (WA6),2005,2010,2005-2010,26,itdiag8-dotcom/database (vivid_cars2000.db),added_from_vivid
5035,46,Ford,GALAXY (WGR),2000,2004,2000-2004,5,itdiag8-dotcom/database (vivid_cars2000.db),added_from_vivid
6538,46,Ford,GRAND C-MAX Van,2009,2011,2009-2011,11,itdiag8-dotcom/database (vivid_cars2000.db),added_from_vivid
1849,46,Ford,GT,2004,2022,2004-2022,0,gor3a/vehicle-makes-models,added_missing
1850,46,Ford,GT MKII,2023,2027,2023-2027,0,plowman/open-vehicle-db,added_missing
1846,46,Ford,Galaxy,2006,2015,2006-2015,11,original_db,existing
1847,46,Ford,Granada,,,,0,DanielKohut/car-data,added_missing
1848,46,Ford,Grand C-MAX,2011,2015,2011-2015,0,gor3a/vehicle-makes-models,added_missing
5367,46,Ford,KA (RB_),2000,2005,2000-2005,7,itdiag8-dotcom/database (vivid_cars2000.db),added_from_vivid
6000,46,Ford,KA (RU8),2007,2007,2007,2,itdiag8-dotcom/database (vivid_cars2000.db),added_from_vivid
4914,46,Ford,KA Van (RB),2002,2002,2002,7,itdiag8-dotcom/database (vivid_cars2000.db),added_from_vivid
4443,46,Ford,KUGA I,2007,2009,2007-2009,5,itdiag8-dotcom/database (vivid_cars2000.db),added_from_vivid
6369,46,Ford,KUGA II (DM2),2012,2012,2012,17,itdiag8-dotcom/database (vivid_cars2000.db),added_from_vivid
6536,46,Ford,KUGA II Van,2012,2012,2012,8,itdiag8-dotcom/database (vivid_cars2000.db),added_from_vivid
1851,46,Ford,Ka,1996,2010,1996-2010,11,original_db,existing
1852,46,Ford,Ka+,2016,2019,2016-2019,0,gor3a/vehicle-makes-models,added_missing
1853,46,Ford,Ka+ Active,2018,2019,2018-2019,0,gor3a/vehicle-makes-models,added_missing
1854,46,Ford,Kuga,2008,2015,2008-2015,8,original_db,existing
6083,46,Ford,LASER Hatchback (KQ),,,,3,itdiag8-dotcom/database (vivid_cars2000.db),added_from_vivid
6084,46,Ford,LASER Saloon (KQ),,,,2,itdiag8-dotcom/database (vivid_cars2000.db),added_from_vivid
5962,46,Ford,LTD Saloon (BA),,,,1,itdiag8-dotcom/database (vivid_cars2000.db),added_from_vivid
5820,46,Ford,METROSTAR,2000,2000,2000,15,itdiag8-dotcom/database (vivid_cars2000.db),added_from_vivid
6065,46,Ford,"MONDEO Estate (MB, MC)",,,,2,itdiag8-dotcom/database (vivid_cars2000.db),added_from_vivid
6064,46,Ford,"MONDEO Hatchback (MA, MB, MC)",,,,4,itdiag8-dotcom/database (vivid_cars2000.db),added_from_vivid
5109,46,Ford,MONDEO II (BAP),2000,2000,2000,2,itdiag8-dotcom/database (vivid_cars2000.db),added_from_vivid
5110,46,Ford,MONDEO II Saloon (BFP),2000,2000,2000,3,itdiag8-dotcom/database (vivid_cars2000.db),added_from_vivid
5116,46,Ford,MONDEO III (B5Y),2000,2003,2000-2003,22,itdiag8-dotcom/database (vivid_cars2000.db),added_from_vivid
4744,46,Ford,MONDEO III Estate (BWY),2000,2003,2000-2003,23,itdiag8-dotcom/database (vivid_cars2000.db),added_from_vivid
5111,46,Ford,MONDEO III Saloon (B4Y),2000,2003,2000-2003,22,itdiag8-dotcom/database (vivid_cars2000.db),added_from_vivid
4430,46,Ford,MONDEO IV (BA7),2006,2010,2006-2010,31,itdiag8-dotcom/database (vivid_cars2000.db),added_from_vivid
4431,46,Ford,MONDEO IV Saloon (BA7),2006,2009,2006-2009,24,itdiag8-dotcom/database (vivid_cars2000.db),added_from_vivid
4426,46,Ford,MONDEO IV Turnier (BA7),2006,2010,2006-2010,31,itdiag8-dotcom/database (vivid_cars2000.db),added_from_vivid
6088,46,Ford,MONDEO Saloon (HE),,,,1,itdiag8-dotcom/database (vivid_cars2000.db),added_from_vivid
6063,46,Ford,"MONDEO Saloon (MA, MB)",,,,2,itdiag8-dotcom/database (vivid_cars2000.db),added_from_vivid
6493,46,Ford,MONDEO V Hatchback,2012,2012,2012,13,itdiag8-dotcom/database (vivid_cars2000.db),added_from_vivid
6494,46,Ford,MONDEO V Turnier,2012,2012,2012,13,itdiag8-dotcom/database (vivid_cars2000.db),added_from_vivid
1899,46,Ford,Mach-E,,,,0,DanielKohut/car-data,added_missing
1900,46,Ford,Maverick,2021,2026,2021-2026,0,gor3a/vehicle-makes-models,added_missing
1903,46,Ford,Model A,,,,0,DanielKohut/car-data,added_missing
1904,46,Ford,Model T,,,,0,DanielKohut/car-data,added_missing
1905,46,Ford,Mondeo,1996,2015,1996-2015,17,original_db,existing
1906,46,Ford,Mondeo St,1999,2007,1999-2007,2,original_db,existing
1907,46,Ford,Motorhome Chassis,1999,2027,1999-2027,0,plowman/open-vehicle-db,added_missing
1908,46,Ford,Mustang,2000,2024,2004-2015,27,original_db,existing
1909,46,Ford,Mustang GTD,2025,2027,2025-2027,0,plowman/open-vehicle-db,added_missing
1911,46,Ford,Mustang MACH-E,2020,2026,2020-2026,0,gor3a/vehicle-makes-models,added_missing
1910,46,Ford,Mustang Mach 1,2020,2026,2020-2026,0,gor3a/vehicle-makes-models,added_missing
5228,46,Ford,PUMA (EC_),2000,2000,2000,1,itdiag8-dotcom/database (vivid_cars2000.db),added_from_vivid
6701,46,Ford,Pickup,2000,2012,2000,1,lemon.dogeware.me LEMON 2015,active
6584,46,Ford,Police,2014,2024,2015,1,lemon.dogeware.me LEMON 2015,active
1918,46,Ford,Puma,1997,2000,1997-2000,3,original_db,existing
5340,46,Ford,"RANGER (ER, EQ)",2002,2004,2002-2004,1,itdiag8-dotcom/database (vivid_cars2000.db),added_from_vivid
4349,46,Ford,"RANGER (ES, ET)",2005,2005,2005,2,itdiag8-dotcom/database (vivid_cars2000.db),added_from_vivid
4929,46,Ford,RANGER (TKE),2010,2010,2010,7,itdiag8-dotcom/database (vivid_cars2000.db),added_from_vivid
6053,46,Ford,RANGER Pickup (PJ),,,,2,itdiag8-dotcom/database (vivid_cars2000.db),added_from_vivid
6085,46,Ford,RANGER Pickup (PK),,,,2,itdiag8-dotcom/database (vivid_cars2000.db),added_from_vivid
6041,46,Ford,RANGER Platform/Chassis (PJ),,,,1,itdiag8-dotcom/database (vivid_cars2000.db),added_from_vivid
6086,46,Ford,RANGER Platform/Chassis (PK),,,,2,itdiag8-dotcom/database (vivid_cars2000.db),added_from_vivid
6702,46,Ford,RV,2000,2011,2000,1,lemon.dogeware.me LEMON 2015,active
1920,46,Ford,Ranger,2000,2024,2001-2015,8,original_db,existing
1921,46,Ford,Ranger Regular Cab,2000,2017,2000-2017,0,gor3a/vehicle-makes-models,added_missing
1922,46,Ford,Ranger Super Cab,2000,2017,2000-2017,0,gor3a/vehicle-makes-models,added_missing
1923,46,Ford,Ranger Tremor,2023,2026,2023-2026,0,gor3a/vehicle-makes-models,added_missing
1924,46,Ford,Ranger Wildtrak,2023,2026,2023-2026,0,gor3a/vehicle-makes-models,added_missing
1925,46,Ford,Raptor Ranger,2018,2022,2018-2022,0,gor3a/vehicle-makes-models,added_missing
4446,46,Ford,S-MAX (WA6),2005,2010,2005-2010,28,itdiag8-dotcom/database (vivid_cars2000.db),added_from_vivid
1927,46,Ford,S-Max,2006,2015,2006-2015,7,original_db,existing
1928,46,Ford,S-Max +,2010,2011,2010-2011,4,original_db,existing
6814,46,Ford,SSV,2019,2020,2019,1,lemon.dogeware.me LEMON 2015,active
5358,46,Ford,STREET KA (RL2),2003,2003,2003,2,itdiag8-dotcom/database (vivid_cars2000.db),added_from_vivid
6585,46,Ford,Special,2014,2018,2015,1,lemon.dogeware.me LEMON 2015,active
1931,46,Ford,SportKa,2003,2008,2003-2008,0,gor3a/vehicle-makes-models,added_missing
1932,46,Ford,StreetKa,2003,2006,2003-2006,0,gor3a/vehicle-makes-models,added_missing
1933,46,Ford,Super Duty,2021,2026,2021-2026,0,gor3a/vehicle-makes-models,added_missing
5963,46,Ford,"TERRITORY (SX, SY)",,,,3,itdiag8-dotcom/database (vivid_cars2000.db),added_from_vivid
6194,46,Ford,TOURNEO CONNECT / GRAND TOURNEO CONNECT Kombi,2012,2012,2012,6,itdiag8-dotcom/database (vivid_cars2000.db),added_from_vivid
6444,46,Ford,TOURNEO COURIER Kombi,2012,2012,2012,4,itdiag8-dotcom/database (vivid_cars2000.db),added_from_vivid
6366,46,Ford,TOURNEO CUSTOM Bus,2011,2011,2011,6,itdiag8-dotcom/database (vivid_cars2000.db),added_from_vivid
4869,46,Ford,TRANSIT Box,2012,2012,2012,61,itdiag8-dotcom/database (vivid_cars2000.db),added_from_vivid
5019,46,Ford,TRANSIT Box (FA_ _),2000,2003,2000-2003,16,itdiag8-dotcom/database (vivid_cars2000.db),added_from_vivid
6051,46,Ford,TRANSIT Box (VM),,,,4,itdiag8-dotcom/database (vivid_cars2000.db),added_from_vivid
4868,46,Ford,TRANSIT Bus,2012,2012,2012,50,itdiag8-dotcom/database (vivid_cars2000.db),added_from_vivid
5018,46,Ford,"TRANSIT Bus (FD_ _, FB_ _, FS_ _, FZ_ _, FC_ _)",2000,2003,2000-2003,16,itdiag8-dotcom/database (vivid_cars2000.db),added_from_vivid
6044,46,Ford,"TRANSIT Bus (VH, VJ)",,,,8,itdiag8-dotcom/database (vivid_cars2000.db),added_from_vivid
6050,46,Ford,TRANSIT Bus (VM),,,,3,itdiag8-dotcom/database (vivid_cars2000.db),added_from_vivid
4927,46,Ford,"TRANSIT CONNECT (P65_, P70_, P80_)",2002,2005,2002-2005,19,itdiag8-dotcom/database (vivid_cars2000.db),added_from_vivid
6230,46,Ford,TRANSIT CONNECT Box,2012,2012,2012,6,itdiag8-dotcom/database (vivid_cars2000.db),added_from_vivid
6407,46,Ford,TRANSIT CONNECT Kombi,2012,2012,2012,5,itdiag8-dotcom/database (vivid_cars2000.db),added_from_vivid
6443,46,Ford,TRANSIT COURIER Box,2012,2012,2012,16,itdiag8-dotcom/database (vivid_cars2000.db),added_from_vivid
6442,46,Ford,TRANSIT COURIER Kombi,2012,2012,2012,16,itdiag8-dotcom/database (vivid_cars2000.db),added_from_vivid
6368,46,Ford,TRANSIT CUSTOM Box,2011,2011,2011,6,itdiag8-dotcom/database (vivid_cars2000.db),added_from_vivid
6367,46,Ford,TRANSIT CUSTOM Bus,2011,2011,2011,6,itdiag8-dotcom/database (vivid_cars2000.db),added_from_vivid
4870,46,Ford,TRANSIT Platform/Chassis,2012,2012,2012,55,itdiag8-dotcom/database (vivid_cars2000.db),added_from_vivid
5020,46,Ford,"TRANSIT Platform/Chassis (FM_ _, FN_ _)",2000,2003,2000-2003,14,itdiag8-dotcom/database (vivid_cars2000.db),added_from_vivid
6045,46,Ford,"TRANSIT Platform/Chassis (VH, VJ)",,,,6,itdiag8-dotcom/database (vivid_cars2000.db),added_from_vivid
6052,46,Ford,TRANSIT Platform/Chassis (VM),,,,3,itdiag8-dotcom/database (vivid_cars2000.db),added_from_vivid
5554,46,Ford,TRANSIT TOURNEO,2005,2007,2005-2007,9,itdiag8-dotcom/database (vivid_cars2000.db),added_from_vivid
1934,46,Ford,Taunus,,,,0,DanielKohut/car-data,added_missing
1935,46,Ford,Taurus,2000,2019,2010,1,original_db,existing
1936,46,Ford,Taurus SHO,2009,2019,2009-2019,0,gor3a/vehicle-makes-models,added_missing
1937,46,Ford,Taurus X,2007,2009,2007-2009,0,gor3a/vehicle-makes-models,added_missing
1939,46,Ford,Territory,2018,2022,2018-2022,0,gor3a/vehicle-makes-models,added_missing
1940,46,Ford,Thunderbird,1955,2005,1955-2005,0,gor3a/vehicle-makes-models,added_missing
1941,46,Ford,Tourneo,2003,2024,2003-2024,0,gor3a/vehicle-makes-models,added_missing
1942,46,Ford,Tourneo Connect,2015,2016,2015-2016,4,original_db,existing
1943,46,Ford,Tourneo Courier,2015,2015,2015,2,original_db,existing
1944,46,Ford,Tourneo Custom,,,,0,DanielKohut/car-data,added_missing
1945,46,Ford,Transit,2000,2023,2000-2015,21,original_db,existing
1946,46,Ford,Transit Connect,2002,2006,2002-2006,5,original_db,existing
1947,46,Ford,Transit Courier,,,,0,DanielKohut/car-data,added_missing
1948,46,Ford,Transit Custom,2019,2023,2019-2023,0,gor3a/vehicle-makes-models,added_missing
1949,46,Ford,Transit Van,,,,0,DanielKohut/car-data,added_missing
6586,46,Ford,Transit-150,2015,2024,2015,1,lemon.dogeware.me LEMON 2015,active
6587,46,Ford,Transit-250,2015,2024,2015,1,lemon.dogeware.me LEMON 2015,active
6588,46,Ford,Transit-350,2015,2024,2015,1,lemon.dogeware.me LEMON 2015,active
1950,46,Ford,Wildtrak,2019,2026,2019-2026,0,gor3a/vehicle-makes-models,added_missing
1951,46,Ford,Windstar,1998,2004,1998-2004,0,gor3a/vehicle-makes-models,added_missing
1953,46,Ford,ZX2,1999,2003,1999-2003,0,plowman/open-vehicle-db,added_missing
1967,49,GMC,Acadia,2007,2025,2007-2023,0,gor3a/vehicle-makes-models,added_missing
1970,49,GMC,C-Series,,,,0,DanielKohut/car-data,added_missing
6705,49,GMC,C3500,2000,2002,2000,1,lemon.dogeware.me LEMON 2015,active
1972,49,GMC,C5,1981,2009,1981-2009,0,plowman/open-vehicle-db,added_missing
1973,49,GMC,C6,1981,2009,1981-2009,0,plowman/open-vehicle-db,added_missing
1974,49,GMC,C7,1981,2009,1981-2009,0,plowman/open-vehicle-db,added_missing
1975,49,GMC,C7500,2006,2006,2006,1,original_db,existing
6704,49,GMC,Cab,2000,2012,2000,1,lemon.dogeware.me LEMON 2015,active
1976,49,GMC,Caballero,,,,0,DanielKohut/car-data,added_missing
1977,49,GMC,Canyon,2004,2025,2004-2021,0,gor3a/vehicle-makes-models,added_missing
1978,49,GMC,Canyon Regular Cab,2004,2013,2004-2013,0,gor3a/vehicle-makes-models,added_missing
1979,49,GMC,Cruise Origin AV,2024,2027,2024-2027,0,plowman/open-vehicle-db,added_missing
6808,49,GMC,Cutaway,2012,2013,2012,1,lemon.dogeware.me LEMON 2015,active
1980,49,GMC,Electric Vehicle,1997,2000,1997-2000,0,plowman/open-vehicle-db,added_missing
1981,49,GMC,Envoy,2000,2009,2001-2009,0,gor3a/vehicle-makes-models,added_missing
1982,49,GMC,Envoy XL,2001,2006,2001-2006,0,gor3a/vehicle-makes-models,added_missing
1983,49,GMC,Envoy XUV,2003,2005,2003-2005,0,gor3a/vehicle-makes-models,added_missing
6816,49,GMC,Hummer,2022,2025,2022,1,lemon.dogeware.me LEMON 2015,active
1989,49,GMC,Hummer EV,2021,2026,2021-2026,0,gor3a/vehicle-makes-models,added_missing
1990,49,GMC,Hummer EV Pickup,,,,0,DanielKohut/car-data,added_missing
1991,49,GMC,Hummer EV SUV,2023,2026,2023-2026,0,gor3a/vehicle-makes-models,added_missing
1992,49,GMC,Jimmy,1997,2005,1997-2001,0,gor3a/vehicle-makes-models,added_missing
1993,49,GMC,Jimmy Utility,1981,2005,1981-2005,0,plowman/open-vehicle-db,added_missing
1994,49,GMC,K-Series,,,,0,DanielKohut/car-data,added_missing
6706,49,GMC,Pickup,2000,2000,2000,1,lemon.dogeware.me LEMON 2015,active
6809,49,GMC,RV,2012,2013,2012,1,lemon.dogeware.me LEMON 2015,active
6187,49,GMC,SIERRA 1500 Crew Cab Pickup,2006,2009,2006-2009,12,itdiag8-dotcom/database (vivid_cars2000.db),added_from_vivid
6205,49,GMC,SIERRA 1500 Extended Cab Pickup,2006,2008,2006-2008,10,itdiag8-dotcom/database (vivid_cars2000.db),added_from_vivid
6188,49,GMC,SIERRA 1500 HD Crew Cab Pickup,2000,2000,2000,1,itdiag8-dotcom/database (vivid_cars2000.db),added_from_vivid
6207,49,GMC,SIERRA 1500 Standard Cab Pickup,2006,2009,2006-2009,11,itdiag8-dotcom/database (vivid_cars2000.db),added_from_vivid
6189,49,GMC,SIERRA 2500 HD Cab & Chassis,2006,2011,2006-2011,6,itdiag8-dotcom/database (vivid_cars2000.db),added_from_vivid
6190,49,GMC,SIERRA 2500 HD Crew Cab Pickup,2006,2011,2006-2011,5,itdiag8-dotcom/database (vivid_cars2000.db),added_from_vivid
6231,49,GMC,SIERRA 2500 HD Extended Cab Pickup,2007,2011,2007-2011,4,itdiag8-dotcom/database (vivid_cars2000.db),added_from_vivid
6232,49,GMC,SIERRA 2500 HD Standard Cab Pickup,2006,2011,2006-2011,4,itdiag8-dotcom/database (vivid_cars2000.db),added_from_vivid
6191,49,GMC,SIERRA 3500 Cab & Chassis,2000,2000,2000,1,itdiag8-dotcom/database (vivid_cars2000.db),added_from_vivid
6192,49,GMC,SIERRA 3500 Crew Cab Pickup,2000,2000,2000,1,itdiag8-dotcom/database (vivid_cars2000.db),added_from_vivid
6233,49,GMC,SIERRA 3500 HD Cab & Chassis,2005,2009,2005-2009,4,itdiag8-dotcom/database (vivid_cars2000.db),added_from_vivid
6208,49,GMC,SIERRA 3500 HD Crew Cab Pickup,2006,2010,2006-2010,4,itdiag8-dotcom/database (vivid_cars2000.db),added_from_vivid
6234,49,GMC,SIERRA 3500 HD Extended Cab Pickup,2006,2009,2006-2009,3,itdiag8-dotcom/database (vivid_cars2000.db),added_from_vivid
6198,49,GMC,SIERRA 3500 HD Standard Cab Pickup,2006,2010,2006-2010,3,itdiag8-dotcom/database (vivid_cars2000.db),added_from_vivid
2003,49,GMC,Safari,1994,2005,1994-2005,0,gor3a/vehicle-makes-models,added_missing
2004,49,GMC,Savana,1995,2026,1995-2026,0,gor3a/vehicle-makes-models,added_missing
2005,49,GMC,Sierra,2000,2025,2011,1,original_db,existing
2006,49,GMC,Sierra 1500,,,,0,DanielKohut/car-data,added_missing
2007,49,GMC,Sierra 2500,,,,0,DanielKohut/car-data,added_missing
2008,49,GMC,Sierra 2500HD,2008,2022,2008-2022,0,gor3a/vehicle-makes-models,added_missing
2009,49,GMC,Sierra 3500,,,,0,DanielKohut/car-data,added_missing
2010,49,GMC,Sierra 3500HD,2008,2019,2008-2019,0,gor3a/vehicle-makes-models,added_missing
2011,49,GMC,Sierra EV,,,,0,DanielKohut/car-data,added_missing
2012,49,GMC,Sierra HD,2019,2027,2019-2027,0,plowman/open-vehicle-db,added_missing
2013,49,GMC,Sierra Limited,2019,2027,2019-2027,0,plowman/open-vehicle-db,added_missing
2014,49,GMC,Sonoma,2000,2004,,0,DanielKohut/car-data,added_missing
2015,49,GMC,Sprint,,,,0,DanielKohut/car-data,added_missing
2016,49,GMC,Suburban,,,,0,DanielKohut/car-data,added_missing
2017,49,GMC,Syclone,,,,0,DanielKohut/car-data,added_missing
2018,49,GMC,Terrain,2009,2026,2009-2026,0,gor3a/vehicle-makes-models,added_missing
2019,49,GMC,TopKick,,,,0,DanielKohut/car-data,added_missing
2020,49,GMC,Tracker,2004,2004,2004,1,original_db,existing
2024,49,GMC,Vandura,,,,0,DanielKohut/car-data,added_missing
2025,49,GMC,Yukon,1999,2026,1999-2026,0,gor3a/vehicle-makes-models,added_missing
2026,49,GMC,Yukon XL,1999,2026,1999-2026,0,gor3a/vehicle-makes-models,added_missing
2031,52,GWM,C50,2014,2014,2014,1,original_db,existing
2032,52,GWM,Cannon,,,,0,DanielKohut/car-data,added_missing
2033,52,GWM,Cannon Alpha,,,,0,DanielKohut/car-data,added_missing
2034,52,GWM,Hover 5,2010,2013,2010-2013,2,original_db,existing
2035,52,GWM,Hover 6,2014,2014,2014,1,original_db,existing
2036,52,GWM,Ora 03,,,,0,DanielKohut/car-data,added_missing
2037,52,GWM,Ora Ballet Cat,,,,0,DanielKohut/car-data,added_missing
2038,52,GWM,Ora Funky Cat,,,,0,DanielKohut/car-data,added_missing
2039,52,GWM,Ora Good Cat,,,,0,DanielKohut/car-data,added_missing
2040,52,GWM,Ora Lightning Cat,,,,0,DanielKohut/car-data,added_missing
2041,52,GWM,Poer,,,,0,DanielKohut/car-data,added_missing
2042,52,GWM,Poer King Kong,,,,0,DanielKohut/car-data,added_missing
2043,52,GWM,Steed 5,2010,2010,2010,1,original_db,existing
2044,52,GWM,Tank 300,,,,0,DanielKohut/car-data,added_missing
2045,52,GWM,Tank 400,,,,0,DanielKohut/car-data,added_missing
2046,52,GWM,Tank 500,,,,0,DanielKohut/car-data,added_missing
2047,52,GWM,Tank 700,,,,0,DanielKohut/car-data,added_missing
2048,52,GWM,Ute,,,,0,DanielKohut/car-data,added_missing
2049,52,GWM,V200,2010,2010,2010,1,original_db,existing
2050,52,GWM,X200,2010,2010,2010,1,original_db,existing
1954,47,Geely,CK,2005,2016,2005-2016,0,gor3a/vehicle-makes-models,added_missing
1955,47,Geely,Emgrand Ec7,2009,2009,2009,1,original_db,existing
1956,47,Geely,Galaxy,2023,2026,2023-2026,0,gor3a/vehicle-makes-models,added_missing
1957,47,Geely,Galaxy M9,2025,2026,2025-2026,0,gor3a/vehicle-makes-models,added_missing
1958,47,Geely,LC,2009,2017,2009-2017,0,gor3a/vehicle-makes-models,added_missing
1959,47,Geely,MK,2006,2014,2006-2014,0,gor3a/vehicle-makes-models,added_missing
6817,48,Genesis,Electrified,2023,2025,2023,1,lemon.dogeware.me LEMON 2015,active
1960,48,Genesis,G70,2017,2026,2017-2026,0,gor3a/vehicle-makes-models,added_missing
1961,48,Genesis,G70 Shooting Brake,2021,2026,2021-2026,0,gor3a/vehicle-makes-models,added_missing
1962,48,Genesis,G80,2016,2026,2016-2026,0,gor3a/vehicle-makes-models,added_missing
1963,48,Genesis,G90,2016,2026,2016-2026,0,gor3a/vehicle-makes-models,added_missing
1964,48,Genesis,GV60,2022,2026,2022-2026,0,gor3a/vehicle-makes-models,added_missing
1965,48,Genesis,GV70,2020,2026,2020-2026,0,gor3a/vehicle-makes-models,added_missing
1966,48,Genesis,GV80,2021,2026,2023-2026,0,gor3a/vehicle-makes-models,added_missing
2027,51,Great Wall,Poer,2019,2026,2019-2026,0,gor3a/vehicle-makes-models,added_missing
2028,51,Great Wall,Steed,2006,2020,2006-2020,0,gor3a/vehicle-makes-models,added_missing
2029,51,Great Wall,Voleex C30,2010,2017,2010-2017,0,gor3a/vehicle-makes-models,added_missing
2030,51,Great Wall,Wingle,2006,2026,2006-2026,0,gor3a/vehicle-makes-models,added_missing
5620,54,Holden,ADVENTRA Estate (VY),2003,2003,2003,1,itdiag8-dotcom/database (vivid_cars2000.db),added_from_vivid
5619,54,Holden,ADVENTRA Estate (VZ),2003,2005,2003-2005,4,itdiag8-dotcom/database (vivid_cars2000.db),added_from_vivid
5932,54,Holden,ASTRA (AH),2004,2006,2004-2006,7,itdiag8-dotcom/database (vivid_cars2000.db),added_from_vivid
5628,54,Holden,ASTRA Convertible (TS),2002,2002,2002,4,itdiag8-dotcom/database (vivid_cars2000.db),added_from_vivid
6055,54,Holden,ASTRA Estate (AH),2006,2007,2006-2007,2,itdiag8-dotcom/database (vivid_cars2000.db),added_from_vivid
5626,54,Holden,ASTRA Hatchback (TS),2000,2003,2000-2003,3,itdiag8-dotcom/database (vivid_cars2000.db),added_from_vivid
5933,54,Holden,ASTRA SPORTSBACK (AH),2004,2006,2004-2006,4,itdiag8-dotcom/database (vivid_cars2000.db),added_from_vivid
5627,54,Holden,ASTRA Saloon (TS),2000,2000,2000,1,itdiag8-dotcom/database (vivid_cars2000.db),added_from_vivid
5888,54,Holden,ASTRA TWINTOP (AH),2007,2007,2007,2,itdiag8-dotcom/database (vivid_cars2000.db),added_from_vivid
2051,54,Holden,Acadia,,,,0,DanielKohut/car-data,added_missing
2052,54,Holden,Adventra,2003,2007,2003-2007,0,gor3a/vehicle-makes-models,added_missing
2053,54,Holden,Apollo,,,,0,DanielKohut/car-data,added_missing
2054,54,Holden,Astra,2004,2009,2004-2009,0,gor3a/vehicle-makes-models,added_missing
2055,54,Holden,Astra Caravan,2003,2009,2003-2009,0,gor3a/vehicle-makes-models,added_missing
2056,54,Holden,Astra TwinTop,2007,2009,2007-2009,0,gor3a/vehicle-makes-models,added_missing
5631,54,Holden,BARINA Hatchback (TK),2004,2004,2004,1,itdiag8-dotcom/database (vivid_cars2000.db),added_from_vivid
5630,54,Holden,BARINA Hatchback (XC),2000,2003,2000-2003,4,itdiag8-dotcom/database (vivid_cars2000.db),added_from_vivid
5897,54,Holden,BARINA Saloon (TK),2004,2004,2004,1,itdiag8-dotcom/database (vivid_cars2000.db),added_from_vivid
2057,54,Holden,Barina,2000,2018,2000-2018,0,gor3a/vehicle-makes-models,added_missing
2058,54,Holden,Barina RS,2013,2016,2013-2016,0,gor3a/vehicle-makes-models,added_missing
2059,54,Holden,Barina Spark,2010,2012,2010-2012,4,original_db,existing
2060,54,Holden,Belmont,,,,0,DanielKohut/car-data,added_missing
2061,54,Holden,Berlina,,,,0,DanielKohut/car-data,added_missing
2062,54,Holden,Brougham,,,,0,DanielKohut/car-data,added_missing
2063,54,Holden,Business,,,,0,DanielKohut/car-data,added_missing
6474,54,Holden,CALAIS Estate (VE),2005,2007,2005-2007,2,itdiag8-dotcom/database (vivid_cars2000.db),added_from_vivid
6475,54,Holden,CALAIS Estate (VF),2012,2012,2012,2,itdiag8-dotcom/database (vivid_cars2000.db),added_from_vivid
6469,54,Holden,CALAIS Saloon (VE),2005,2007,2005-2007,2,itdiag8-dotcom/database (vivid_cars2000.db),added_from_vivid
6470,54,Holden,CALAIS Saloon (VF),2012,2012,2012,2,itdiag8-dotcom/database (vivid_cars2000.db),added_from_vivid
6471,54,Holden,CALAIS Saloon (VX),2000,2000,2000,7,itdiag8-dotcom/database (vivid_cars2000.db),added_from_vivid
6472,54,Holden,CALAIS Saloon (VY),2002,2003,2002-2003,3,itdiag8-dotcom/database (vivid_cars2000.db),added_from_vivid
6473,54,Holden,CALAIS Saloon (VZ),2003,2004,2003-2004,4,itdiag8-dotcom/database (vivid_cars2000.db),added_from_vivid
6037,54,Holden,CAPRICE Saloon (WH),2000,2001,2000-2001,2,itdiag8-dotcom/database (vivid_cars2000.db),added_from_vivid
5636,54,Holden,CAPRICE Saloon (WK),2003,2003,2003,3,itdiag8-dotcom/database (vivid_cars2000.db),added_from_vivid
5894,54,Holden,CAPRICE Saloon (WL),2003,2005,2003-2005,3,itdiag8-dotcom/database (vivid_cars2000.db),added_from_vivid
5906,54,Holden,CAPRICE Saloon (WM),2005,2005,2005,3,itdiag8-dotcom/database (vivid_cars2000.db),added_from_vivid
5774,54,Holden,CAPTIVA (CG),2005,2008,2005-2008,3,itdiag8-dotcom/database (vivid_cars2000.db),added_from_vivid
6526,54,Holden,CAPTIVA 5 (CG),2010,2010,2010,1,itdiag8-dotcom/database (vivid_cars2000.db),added_from_vivid
6058,54,Holden,COLORADO Pickup (RC),2007,2007,2007,1,itdiag8-dotcom/database (vivid_cars2000.db),added_from_vivid
6059,54,Holden,COLORADO Platform/Chassis (RC),2007,2007,2007,1,itdiag8-dotcom/database (vivid_cars2000.db),added_from_vivid
5640,54,Holden,COMBO Box (XC),2002,2004,2002-2004,3,itdiag8-dotcom/database (vivid_cars2000.db),added_from_vivid
6040,54,Holden,COMMODORE Estate (VE),2007,2008,2007-2008,10,itdiag8-dotcom/database (vivid_cars2000.db),added_from_vivid
6502,54,Holden,COMMODORE Estate (VF),2012,2012,2012,1,itdiag8-dotcom/database (vivid_cars2000.db),added_from_vivid
5976,54,Holden,COMMODORE Estate (VX),2000,2000,2000,2,itdiag8-dotcom/database (vivid_cars2000.db),added_from_vivid
5641,54,Holden,COMMODORE Estate (VY),2002,2002,2002,3,itdiag8-dotcom/database (vivid_cars2000.db),added_from_vivid
5971,54,Holden,COMMODORE Estate (VZ),2003,2005,2003-2005,7,itdiag8-dotcom/database (vivid_cars2000.db),added_from_vivid
6057,54,Holden,COMMODORE Pickup (VE),2006,2008,2006-2008,8,itdiag8-dotcom/database (vivid_cars2000.db),added_from_vivid
6020,54,Holden,COMMODORE Pickup (VU),2000,2000,2000,3,itdiag8-dotcom/database (vivid_cars2000.db),added_from_vivid
6021,54,Holden,COMMODORE Pickup (VY),2002,2002,2002,9,itdiag8-dotcom/database (vivid_cars2000.db),added_from_vivid
5694,54,Holden,COMMODORE Pickup (VZ),2003,2005,2003-2005,8,itdiag8-dotcom/database (vivid_cars2000.db),added_from_vivid
6022,54,Holden,COMMODORE Saloon (VE),2005,2008,2005-2008,12,itdiag8-dotcom/database (vivid_cars2000.db),added_from_vivid
5935,54,Holden,COMMODORE Saloon (VX),2000,2000,2000,3,itdiag8-dotcom/database (vivid_cars2000.db),added_from_vivid
5969,54,Holden,COMMODORE Saloon (VY),2002,2002,2002,4,itdiag8-dotcom/database (vivid_cars2000.db),added_from_vivid
5970,54,Holden,COMMODORE Saloon (VZ),2003,2004,2003-2004,9,itdiag8-dotcom/database (vivid_cars2000.db),added_from_vivid
6066,54,Holden,CREWMAN Pickup (VY),2003,2003,2003,2,itdiag8-dotcom/database (vivid_cars2000.db),added_from_vivid
5644,54,Holden,CREWMAN Pickup (VZ),2003,2005,2003-2005,7,itdiag8-dotcom/database (vivid_cars2000.db),added_from_vivid
5645,54,Holden,CRUZE Hatchback (YG),2002,2002,2002,1,itdiag8-dotcom/database (vivid_cars2000.db),added_from_vivid
6056,54,Holden,"CRUZE Saloon (JG, JH)",2008,2008,2008,2,itdiag8-dotcom/database (vivid_cars2000.db),added_from_vivid
2064,54,Holden,Calais,,,,0,DanielKohut/car-data,added_missing
2065,54,Holden,Calibra,,,,0,DanielKohut/car-data,added_missing
2066,54,Holden,Camira,,,,0,DanielKohut/car-data,added_missing
2067,54,Holden,Caprice,,,,0,DanielKohut/car-data,added_missing
2068,54,Holden,Caprice/Statesman,1999,2017,1999-2017,0,gor3a/vehicle-makes-models,added_missing
2069,54,Holden,Captiva,2006,2014,2006-2014,23,original_db,existing
2070,54,Holden,Captiva MaXX,2006,2011,2006-2011,0,gor3a/vehicle-makes-models,added_missing
2071,54,Holden,Cascada,,,,0,DanielKohut/car-data,added_missing
2072,54,Holden,Colorado,2008,2008,2008,2,original_db,existing
2073,54,Holden,Combo,2002,2012,2002-2012,0,gor3a/vehicle-makes-models,added_missing
2074,54,Holden,Commodore,1997,2020,1997-2020,0,gor3a/vehicle-makes-models,added_missing
2075,54,Holden,Crewman,2003,2007,2003-2007,0,gor3a/vehicle-makes-models,added_missing
2076,54,Holden,Cruze,,,,0,DanielKohut/car-data,added_missing
2077,54,Holden,Cruze Mk I,2002,2005,2002-2005,0,gor3a/vehicle-makes-models,added_missing
2078,54,Holden,Cruze Mk II,2008,2016,2008-2016,0,gor3a/vehicle-makes-models,added_missing
6038,54,Holden,EPICA Saloon (EP),2006,2007,2006-2007,3,itdiag8-dotcom/database (vivid_cars2000.db),added_from_vivid
2081,54,Holden,Epica,2006,2007,2006-2007,3,original_db,existing
2082,54,Holden,Frontera,,,,0,DanielKohut/car-data,added_missing
2083,54,Holden,Frontera MX,1997,2003,1997-2003,0,gor3a/vehicle-makes-models,added_missing
2086,54,Holden,Insignia,,,,0,DanielKohut/car-data,added_missing
2087,54,Holden,Jackaroo,1998,2002,1998-2002,0,gor3a/vehicle-makes-models,added_missing
2088,54,Holden,Kingswood,,,,0,DanielKohut/car-data,added_missing
5775,54,Holden,MONARO Coupe (V2),2001,2003,2001-2003,4,itdiag8-dotcom/database (vivid_cars2000.db),added_from_vivid
5972,54,Holden,MONARO Coupe (VZ),2003,2003,2003,1,itdiag8-dotcom/database (vivid_cars2000.db),added_from_vivid
2089,54,Holden,Malibu,2013,2016,2013-2016,0,gor3a/vehicle-makes-models,added_missing
2090,54,Holden,Monaro,2001,2006,2001-2006,0,gor3a/vehicle-makes-models,added_missing
5666,54,Holden,ONE TONNER Platform/Chassis (VY),2003,2003,2003,3,itdiag8-dotcom/database (vivid_cars2000.db),added_from_vivid
5693,54,Holden,ONE TONNER Platform/Chassis (VZ),2003,2003,2003,3,itdiag8-dotcom/database (vivid_cars2000.db),added_from_vivid
2091,54,Holden,One Tonner,,,,0,DanielKohut/car-data,added_missing
2092,54,Holden,Premier,,,,0,DanielKohut/car-data,added_missing
5675,54,Holden,RODEO Pickup (RA),2002,2006,2002-2006,4,itdiag8-dotcom/database (vivid_cars2000.db),added_from_vivid
6067,54,Holden,RODEO Pickup (TF),2001,2001,2001,1,itdiag8-dotcom/database (vivid_cars2000.db),added_from_vivid
5889,54,Holden,RODEO Platform/Chassis (RA),2002,2006,2002-2006,3,itdiag8-dotcom/database (vivid_cars2000.db),added_from_vivid
2093,54,Holden,Rodeo,1996,2008,1996-2008,0,gor3a/vehicle-makes-models,added_missing
5014,54,Holden,STATESMAN Saloon (WH),2001,2002,2001-2002,4,itdiag8-dotcom/database (vivid_cars2000.db),added_from_vivid
5968,54,Holden,STATESMAN Saloon (WK),2003,2003,2003,4,itdiag8-dotcom/database (vivid_cars2000.db),added_from_vivid
5892,54,Holden,STATESMAN Saloon (WL),2003,2005,2003-2005,4,itdiag8-dotcom/database (vivid_cars2000.db),added_from_vivid
5903,54,Holden,STATESMAN Saloon (WM),2005,2005,2005,2,itdiag8-dotcom/database (vivid_cars2000.db),added_from_vivid
2094,54,Holden,Statesman,1999,2010,1999-2010,0,gor3a/vehicle-makes-models,added_missing
2095,54,Holden,Sunbird,,,,0,DanielKohut/car-data,added_missing
6030,54,Holden,TIGRA (XC),2004,2004,2004,1,itdiag8-dotcom/database (vivid_cars2000.db),added_from_vivid
6501,54,Holden,TRAX (TJ),2012,2012,2012,1,itdiag8-dotcom/database (vivid_cars2000.db),added_from_vivid
2096,54,Holden,Tigra,2005,2009,2005-2009,0,gor3a/vehicle-makes-models,added_missing
2097,54,Holden,Torana,,,,0,DanielKohut/car-data,added_missing
2098,54,Holden,Trailblazer,,,,0,DanielKohut/car-data,added_missing
2099,54,Holden,Trax,2013,2013,2013,5,original_db,existing
2100,54,Holden,Ute,2003,2017,2003-2017,0,gor3a/vehicle-makes-models,added_missing
6039,54,Holden,VECTRA Hatchback (JS),2000,2000,2000,2,itdiag8-dotcom/database (vivid_cars2000.db),added_from_vivid
5697,54,Holden,VECTRA Hatchback (ZC),2002,2002,2002,2,itdiag8-dotcom/database (vivid_cars2000.db),added_from_vivid
5696,54,Holden,VECTRA Saloon (JS),2000,2000,2000,1,itdiag8-dotcom/database (vivid_cars2000.db),added_from_vivid
5698,54,Holden,VECTRA Saloon (ZC),2002,2002,2002,2,itdiag8-dotcom/database (vivid_cars2000.db),added_from_vivid
5703,54,Holden,VIVA Estate (JF),2004,2004,2004,2,itdiag8-dotcom/database (vivid_cars2000.db),added_from_vivid
5701,54,Holden,VIVA Hatchback (JF),2004,2004,2004,2,itdiag8-dotcom/database (vivid_cars2000.db),added_from_vivid
5702,54,Holden,VIVA Saloon (JF),2004,2004,2004,2,itdiag8-dotcom/database (vivid_cars2000.db),added_from_vivid
2101,54,Holden,Vectra,1995,2005,1995-2005,0,gor3a/vehicle-makes-models,added_missing
2102,54,Holden,Viva,2005,2007,2005-2007,10,original_db,existing
2103,54,Holden,Volt,,,,0,DanielKohut/car-data,added_missing
5706,54,Holden,ZAFIRA (TT),2001,2001,2001,1,itdiag8-dotcom/database (vivid_cars2000.db),added_from_vivid
2104,54,Holden,Zafira,1999,2005,1999-2005,0,gor3a/vehicle-makes-models,added_missing
5893,55,Honda,ACCORD Coupe (CM),2003,2005,2003-2005,2,itdiag8-dotcom/database (vivid_cars2000.db),added_from_vivid
5188,55,Honda,"ACCORD VI (CG, CK)",2001,2001,2001,2,itdiag8-dotcom/database (vivid_cars2000.db),added_from_vivid
5597,55,Honda,ACCORD VI Aerodeck (CF),2003,2003,2003,1,itdiag8-dotcom/database (vivid_cars2000.db),added_from_vivid
5593,55,Honda,ACCORD VI Coupe (CG),2001,2001,2001,1,itdiag8-dotcom/database (vivid_cars2000.db),added_from_vivid
5419,55,Honda,ACCORD VI Hatchback (CH),2000,2000,2000,1,itdiag8-dotcom/database (vivid_cars2000.db),added_from_vivid
5362,55,Honda,ACCORD VII (CL),2002,2005,2002-2005,6,itdiag8-dotcom/database (vivid_cars2000.db),added_from_vivid
5592,55,Honda,ACCORD VII (CM),2002,2003,2002-2003,3,itdiag8-dotcom/database (vivid_cars2000.db),added_from_vivid
6118,55,Honda,ACCORD VII (CP),2006,2006,2006,1,itdiag8-dotcom/database (vivid_cars2000.db),added_from_vivid
5376,55,Honda,ACCORD VII Tourer (CM),2002,2003,2002-2003,6,itdiag8-dotcom/database (vivid_cars2000.db),added_from_vivid
4966,55,Honda,ACCORD VIII (CU),2007,2007,2007,5,itdiag8-dotcom/database (vivid_cars2000.db),added_from_vivid
5964,55,Honda,ACCORD VIII Estate,2007,2007,2007,5,itdiag8-dotcom/database (vivid_cars2000.db),added_from_vivid
2106,55,Honda,Accord,2000,2025,2002-2010,5,original_db,existing
2107,55,Honda,Accord Crosstour,2009,2016,2009-2016,0,gor3a/vehicle-makes-models,added_missing
2108,55,Honda,Accord Euro,1998,2010,1998-2010,0,gor3a/vehicle-makes-models,added_missing
2109,55,Honda,Accord Tourer,1993,2012,1993-2012,0,gor3a/vehicle-makes-models,added_missing
2110,55,Honda,Accord Type R,1998,2005,1998-2005,0,gor3a/vehicle-makes-models,added_missing
2111,55,Honda,Airwave,2005,2010,2005-2010,0,gor3a/vehicle-makes-models,added_missing
2112,55,Honda,Avancier,1999,2003,1999-2003,0,gor3a/vehicle-makes-models,added_missing
5830,55,Honda,BRIO,2010,2010,2010,3,itdiag8-dotcom/database (vivid_cars2000.db),added_from_vivid
5637,55,Honda,CITY Saloon,2012,2013,2012-2013,18,itdiag8-dotcom/database (vivid_cars2000.db),added_from_vivid
6034,55,Honda,CITY Saloon (GM),2007,2012,2007-2012,5,itdiag8-dotcom/database (vivid_cars2000.db),added_from_vivid
4958,55,Honda,CIVIC IX (FK),2011,2012,2011-2012,4,itdiag8-dotcom/database (vivid_cars2000.db),added_from_vivid
6338,55,Honda,"CIVIC IX Saloon (FB, FG)",2010,2012,2010-2012,3,itdiag8-dotcom/database (vivid_cars2000.db),added_from_vivid
6417,55,Honda,CIVIC IX Tourer (FK),2012,2012,2012,2,itdiag8-dotcom/database (vivid_cars2000.db),added_from_vivid
5125,55,Honda,CIVIC VII Coupe (EM2),2001,2001,2001,4,itdiag8-dotcom/database (vivid_cars2000.db),added_from_vivid
5124,55,Honda,"CIVIC VII Hatchback (EU, EP, EV)",2000,2002,2000-2002,8,itdiag8-dotcom/database (vivid_cars2000.db),added_from_vivid
5238,55,Honda,CIVIC VII Saloon (ES),2000,2003,2000-2003,10,itdiag8-dotcom/database (vivid_cars2000.db),added_from_vivid
5539,55,Honda,"CIVIC VIII Hatchback (FN, FK)",2004,2007,2004-2007,6,itdiag8-dotcom/database (vivid_cars2000.db),added_from_vivid
5403,55,Honda,"CIVIC VIII Saloon (FD, FA)",2004,2011,2004-2011,9,itdiag8-dotcom/database (vivid_cars2000.db),added_from_vivid
5305,55,Honda,CR-V II (RD_),2001,2004,2001-2004,3,itdiag8-dotcom/database (vivid_cars2000.db),added_from_vivid
4439,55,Honda,CR-V III (RE),2005,2008,2005-2008,10,itdiag8-dotcom/database (vivid_cars2000.db),added_from_vivid
4526,55,Honda,CR-V IV (RE),2011,2012,2011-2012,15,itdiag8-dotcom/database (vivid_cars2000.db),added_from_vivid
2127,55,Honda,CR-Z,2010,2016,2010-2016,0,gor3a/vehicle-makes-models,added_missing
6117,55,Honda,CR-Z (ZF1),2009,2011,2009-2011,4,itdiag8-dotcom/database (vivid_cars2000.db),added_from_vivid
2114,55,Honda,City,2002,2002,2002,1,original_db,existing
2115,55,Honda,Civic,2000,2025,2001-2015,17,original_db,existing
2116,55,Honda,Civic Aero Deck,1998,2001,1998-2001,0,gor3a/vehicle-makes-models,added_missing
2119,55,Honda,Civic Si,1990,2027,1990-2027,0,plowman/open-vehicle-db,added_missing
2120,55,Honda,Civic Si Sedan US,2024,2026,2024-2026,0,gor3a/vehicle-makes-models,added_missing
2121,55,Honda,Civic Tourer,2013,2017,2013-2017,0,gor3a/vehicle-makes-models,added_missing
2122,55,Honda,Civic Type R,2017,2027,2017-2027,0,plowman/open-vehicle-db,added_missing
2123,55,Honda,Civic Type-R,2001,2026,2001-2026,0,gor3a/vehicle-makes-models,added_missing
2124,55,Honda,Clarity,2007,2021,2007-2014,0,gor3a/vehicle-makes-models,added_missing
2126,55,Honda,Cr-V,2004,2015,2004-2015,24,original_db,existing
2128,55,Honda,Crossroad,2007,2007,2007,1,original_db,existing
2129,55,Honda,Crosstour,2012,2015,2012-2015,0,plowman/open-vehicle-db,added_missing
6265,55,Honda,ELYSION,2003,2003,2003,3,itdiag8-dotcom/database (vivid_cars2000.db),added_from_vivid
2134,55,Honda,Element,2003,2011,2003-2011,0,gor3a/vehicle-makes-models,added_missing
2136,55,Honda,FCX Clarity,2004,2014,2004-2014,0,plowman/open-vehicle-db,added_missing
5464,55,Honda,FR-V (BE),2003,2006,2003-2006,5,itdiag8-dotcom/database (vivid_cars2000.db),added_from_vivid
2141,55,Honda,FR-V / Edix,2004,2011,2004-2011,0,gor3a/vehicle-makes-models,added_missing
2137,55,Honda,Fit,2007,2020,,0,DanielKohut/car-data,added_missing
2138,55,Honda,Fit Aria,2002,2002,2002,1,original_db,existing
2139,55,Honda,Fit EV,2012,2014,2012-2014,0,gor3a/vehicle-makes-models,added_missing
2140,55,Honda,Fr-V,2004,2004,2004,2,original_db,existing
2142,55,Honda,Freed,,,,0,DanielKohut/car-data,added_missing
2143,55,Honda,Hr-V,2005,2005,2005,1,original_db,existing
4979,55,Honda,INSIGHT (ZE),2000,2000,2000,2,itdiag8-dotcom/database (vivid_cars2000.db),added_from_vivid
6009,55,Honda,INSIGHT (ZE_),2008,2008,2008,2,itdiag8-dotcom/database (vivid_cars2000.db),added_from_vivid
5307,55,Honda,INTEGRA (DC5),2002,2003,2002-2003,5,itdiag8-dotcom/database (vivid_cars2000.db),added_from_vivid
2144,55,Honda,Insight,1999,2022,1999-2022,0,gor3a/vehicle-makes-models,added_missing
2145,55,Honda,Integra,,,,0,DanielKohut/car-data,added_missing
4737,55,Honda,JAZZ II (GD),2002,2002,2002,5,itdiag8-dotcom/database (vivid_cars2000.db),added_from_vivid
4590,55,Honda,JAZZ III (GE),2007,2010,2007-2010,6,itdiag8-dotcom/database (vivid_cars2000.db),added_from_vivid
6491,55,Honda,JAZZ IV (GK),2012,2012,2012,2,itdiag8-dotcom/database (vivid_cars2000.db),added_from_vivid
5725,55,Honda,JAZZ Saloon,2003,2003,2003,3,itdiag8-dotcom/database (vivid_cars2000.db),added_from_vivid
2146,55,Honda,Jazz,2002,2002,2002,2,original_db,existing
2148,55,Honda,Jazz / Fit,2002,2026,2002-2026,0,gor3a/vehicle-makes-models,added_missing
5660,55,Honda,LAGREAT,2002,2004,2002-2004,8,itdiag8-dotcom/database (vivid_cars2000.db),added_from_vivid
5588,55,Honda,LEGEND III (KA9),2003,2003,2003,1,itdiag8-dotcom/database (vivid_cars2000.db),added_from_vivid
5578,55,Honda,LEGEND IV (KB_),2005,2007,2005-2007,4,itdiag8-dotcom/database (vivid_cars2000.db),added_from_vivid
5661,55,Honda,LIFE,2003,2003,2003,8,itdiag8-dotcom/database (vivid_cars2000.db),added_from_vivid
2149,55,Honda,Legend,1987,2017,1987-2017,0,gor3a/vehicle-makes-models,added_missing
2150,55,Honda,Logo / Fit,1996,2001,1996-2001,0,gor3a/vehicle-makes-models,added_missing
2151,55,Honda,MDX,2003,2006,2003-2006,0,gor3a/vehicle-makes-models,added_missing
2152,55,Honda,Mobilio,2001,2001,2001,1,original_db,existing
2153,55,Honda,N-Box,,,,0,DanielKohut/car-data,added_missing
2154,55,Honda,N-One,,,,0,DanielKohut/car-data,added_missing
2155,55,Honda,N-WGN,,,,0,DanielKohut/car-data,added_missing
6337,55,Honda,NBOX (JF),2010,2010,2010,1,itdiag8-dotcom/database (vivid_cars2000.db),added_from_vivid
2158,55,Honda,NSX,1991,2021,1991-2021,0,gor3a/vehicle-makes-models,added_missing
5738,55,Honda,ODYSSEY (RB_),2002,2007,2002-2007,6,itdiag8-dotcom/database (vivid_cars2000.db),added_from_vivid
2159,55,Honda,Odyssey,2000,2026,2005-2026,0,gor3a/vehicle-makes-models,added_missing
2160,55,Honda,Partner,2001,2001,2001,1,original_db,existing
2161,55,Honda,Passport,2000,2026,2018-2026,0,gor3a/vehicle-makes-models,added_missing
2162,55,Honda,Pilot,2003,2026,2009-2026,0,gor3a/vehicle-makes-models,added_missing
2163,55,Honda,Prelude,1979,2026,1979-2026,0,gor3a/vehicle-makes-models,added_missing
2164,55,Honda,Prologue,2023,2026,2023-2026,0,gor3a/vehicle-makes-models,added_missing
2165,55,Honda,Ridgeline,2005,2026,2005-2026,0,gor3a/vehicle-makes-models,added_missing
2166,55,Honda,S2000,2000,2009,2003,1,original_db,existing
5594,55,Honda,S2000 (AP),2003,2003,2003,2,itdiag8-dotcom/database (vivid_cars2000.db),added_from_vivid
2167,55,Honda,S660,2015,2022,2015-2022,0,gor3a/vehicle-makes-models,added_missing
5212,55,Honda,STREAM (RN),2001,2001,2001,2,itdiag8-dotcom/database (vivid_cars2000.db),added_from_vivid
2170,55,Honda,Shuttle,1995,2001,1995-2001,0,gor3a/vehicle-makes-models,added_missing
2171,55,Honda,Stepwgn,,,,0,DanielKohut/car-data,added_missing
2172,55,Honda,Stream,2000,2009,2000-2009,0,gor3a/vehicle-makes-models,added_missing
5688,55,Honda,THATS,2003,2003,2003,8,itdiag8-dotcom/database (vivid_cars2000.db),added_from_vivid
2173,55,Honda,That's,2002,2007,2002-2007,0,gor3a/vehicle-makes-models,added_missing
2174,55,Honda,WR-V,,,,0,DanielKohut/car-data,added_missing
2175,55,Honda,ZR-V,2023,2026,2023-2026,0,gor3a/vehicle-makes-models,added_missing
2132,55,Honda,e,2020,2026,2020-2026,0,gor3a/vehicle-makes-models,added_missing
2133,55,Honda,e:Ny1,2023,2026,2023-2026,0,gor3a/vehicle-makes-models,added_missing
6707,235,Hummer,H2,2003,2009,2003,1,lemon.dogeware.me LEMON 2015,active
6753,235,Hummer,H3,2006,2010,2006,1,lemon.dogeware.me LEMON 2015,active
6754,235,Hummer,H3T,2009,2010,2009,1,lemon.dogeware.me LEMON 2015,active
4994,58,Hyundai,ACCENT II (LC),2000,2002,2000-2002,8,itdiag8-dotcom/database (vivid_cars2000.db),added_from_vivid
5327,58,Hyundai,ACCENT II Saloon (LC),2000,2002,2000-2002,5,itdiag8-dotcom/database (vivid_cars2000.db),added_from_vivid
5569,58,Hyundai,ACCENT III (MC),2004,2004,2004,3,itdiag8-dotcom/database (vivid_cars2000.db),added_from_vivid
5570,58,Hyundai,ACCENT III Saloon (MC),2004,2004,2004,3,itdiag8-dotcom/database (vivid_cars2000.db),added_from_vivid
4546,58,Hyundai,ACCENT IV (RB),2009,2009,2009,2,itdiag8-dotcom/database (vivid_cars2000.db),added_from_vivid
6289,58,Hyundai,ACCENT IV Saloon (RB),2009,2010,2009-2010,8,itdiag8-dotcom/database (vivid_cars2000.db),added_from_vivid
5257,58,Hyundai,ATOS (MX),2001,2003,2001-2003,4,itdiag8-dotcom/database (vivid_cars2000.db),added_from_vivid
5258,58,Hyundai,ATOS PRIME (MX),2001,2004,2001-2004,3,itdiag8-dotcom/database (vivid_cars2000.db),added_from_vivid
2176,58,Hyundai,Accent,1996,2022,1996-2015,39,original_db,existing
2177,58,Hyundai,Atos,2003,2008,2003-2008,0,gor3a/vehicle-makes-models,added_missing
2178,58,Hyundai,Atos Multi,1998,2003,1998-2003,0,gor3a/vehicle-makes-models,added_missing
2179,58,Hyundai,Atos Spirit,1999,2003,1999-2003,0,gor3a/vehicle-makes-models,added_missing
2180,58,Hyundai,Avante,2000,2010,2000-2010,10,original_db,existing
2181,58,Hyundai,Azera,2006,2017,2007-2012,3,original_db,existing
2182,58,Hyundai,Bayon,2021,2026,2021-2026,0,gor3a/vehicle-makes-models,added_missing
5282,58,Hyundai,COUPE (GK),2001,2006,2001-2006,7,itdiag8-dotcom/database (vivid_cars2000.db),added_from_vivid
5256,58,Hyundai,COUPE (RD),2001,2001,2001,1,itdiag8-dotcom/database (vivid_cars2000.db),added_from_vivid
2183,58,Hyundai,Casper,,,,0,DanielKohut/car-data,added_missing
2184,58,Hyundai,Click,2002,2005,2002-2005,7,original_db,existing
2185,58,Hyundai,Coupe,2002,2008,2002-2008,19,original_db,existing
2186,58,Hyundai,Coupe / Tiburon,1996,2009,1996-2009,0,gor3a/vehicle-makes-models,added_missing
2187,58,Hyundai,Creta,,,,0,DanielKohut/car-data,added_missing
5081,58,Hyundai,ELANTRA (XD),2000,2003,2000-2003,10,itdiag8-dotcom/database (vivid_cars2000.db),added_from_vivid
4543,58,Hyundai,ELANTRA Saloon (HD),2004,2005,2004-2005,4,itdiag8-dotcom/database (vivid_cars2000.db),added_from_vivid
5373,58,Hyundai,"ELANTRA Saloon (MD, UD)",2009,2010,2009-2010,3,itdiag8-dotcom/database (vivid_cars2000.db),added_from_vivid
5082,58,Hyundai,ELANTRA Saloon (XD),2000,2003,2000-2003,8,itdiag8-dotcom/database (vivid_cars2000.db),added_from_vivid
6240,58,Hyundai,EQUUS / CENTENNIAL,2008,2012,2008-2012,1,itdiag8-dotcom/database (vivid_cars2000.db),added_from_vivid
2188,58,Hyundai,Elantra,1999,2025,1999-2016,53,original_db,existing
2189,58,Hyundai,Elantra GT,2012,2020,2012-2020,0,gor3a/vehicle-makes-models,added_missing
2190,58,Hyundai,Elantra N,2020,2026,2020-2026,0,gor3a/vehicle-makes-models,added_missing
2191,58,Hyundai,Elantra Touring,2009,2009,2009,2,original_db,existing
2192,58,Hyundai,Entourage,2006,2014,2006-2014,0,plowman/open-vehicle-db,added_missing
2193,58,Hyundai,Equus,2010,2016,2010-2016,0,gor3a/vehicle-makes-models,added_missing
2194,58,Hyundai,Excel,1989,2000,1989-2000,0,gor3a/vehicle-makes-models,added_missing
6219,58,Hyundai,GENESIS (BH),2007,2007,2007,1,itdiag8-dotcom/database (vivid_cars2000.db),added_from_vivid
4799,58,Hyundai,GETZ (TB),2002,2004,2002-2004,13,itdiag8-dotcom/database (vivid_cars2000.db),added_from_vivid
6543,58,Hyundai,GRAND AVEGA,2010,2010,2010,2,itdiag8-dotcom/database (vivid_cars2000.db),added_from_vivid
4596,58,Hyundai,GRAND SANTA FÉ,2012,2012,2012,1,itdiag8-dotcom/database (vivid_cars2000.db),added_from_vivid
4754,58,Hyundai,GRANDEUR (HG),2010,2010,2010,2,itdiag8-dotcom/database (vivid_cars2000.db),added_from_vivid
4520,58,Hyundai,GRANDEUR (TG),2004,2009,2004-2009,6,itdiag8-dotcom/database (vivid_cars2000.db),added_from_vivid
2196,58,Hyundai,Genesis,2008,2016,2008-2016,0,gor3a/vehicle-makes-models,added_missing
2197,58,Hyundai,Genesis Coupe,2009,2013,2009-2013,7,original_db,existing
2198,58,Hyundai,Getz,2002,2009,2002-2009,24,original_db,existing
2199,58,Hyundai,Grand Starex,2007,2007,2007,3,original_db,existing
2200,58,Hyundai,Grandeur,2007,2014,2007-2014,5,original_db,existing
2201,58,Hyundai,Grandeur / Azera,2005,2026,2005-2026,0,gor3a/vehicle-makes-models,added_missing
2202,58,Hyundai,H-1,2003,2011,2003-2011,7,original_db,existing
4690,58,Hyundai,H-1 / STAREX,2001,2005,2001-2005,9,itdiag8-dotcom/database (vivid_cars2000.db),added_from_vivid
5021,58,Hyundai,H-1 Box,2000,2003,2000-2003,7,itdiag8-dotcom/database (vivid_cars2000.db),added_from_vivid
5873,58,Hyundai,H-1 Cargo (TQ),2007,2010,2007-2010,7,itdiag8-dotcom/database (vivid_cars2000.db),added_from_vivid
5652,58,Hyundai,H-1 Platform/Chassis,2000,2000,2000,1,itdiag8-dotcom/database (vivid_cars2000.db),added_from_vivid
4825,58,Hyundai,H-1 Travel (TQ),2007,2010,2007-2010,5,itdiag8-dotcom/database (vivid_cars2000.db),added_from_vivid
2203,58,Hyundai,H-100,2009,2009,2009,1,original_db,existing
2204,58,Hyundai,H-200,2000,2005,2000-2005,7,original_db,existing
6288,58,Hyundai,H100 Platform/Chassis,2003,2003,2003,1,itdiag8-dotcom/database (vivid_cars2000.db),added_from_vivid
2205,58,Hyundai,H350,,,,0,DanielKohut/car-data,added_missing
5083,58,Hyundai,HIGHWAY VAN,2000,2000,2000,2,itdiag8-dotcom/database (vivid_cars2000.db),added_from_vivid
2206,58,Hyundai,Hb20,2012,2012,2012,2,original_db,existing
2207,58,Hyundai,I10,2008,2014,2008-2014,14,original_db,existing
2208,58,Hyundai,I20,2009,2015,2009-2015,22,original_db,existing
2211,58,Hyundai,I30,2007,2015,2007-2015,49,original_db,existing
2213,58,Hyundai,I40,2011,2015,2011-2015,15,original_db,existing
2214,58,Hyundai,I800,2008,2011,2008-2011,3,original_db,existing
2216,58,Hyundai,Iload,2007,2007,2007,3,original_db,existing
2217,58,Hyundai,Inster,,,,0,DanielKohut/car-data,added_missing
2218,58,Hyundai,Ioniq,2016,2026,2016-2026,0,gor3a/vehicle-makes-models,added_missing
2219,58,Hyundai,Ioniq 3,2026,2026,2026-2026,0,gor3a/vehicle-makes-models,added_missing
2220,58,Hyundai,Ioniq 5,2023,2026,2023-2026,0,gor3a/vehicle-makes-models,added_missing
2221,58,Hyundai,Ioniq 5 N,2025,2027,2025-2027,0,plowman/open-vehicle-db,added_missing
2222,58,Hyundai,Ioniq 6,2022,2026,2022-2026,0,gor3a/vehicle-makes-models,added_missing
2223,58,Hyundai,Ioniq 6 N,2026,2027,2026-2027,0,plowman/open-vehicle-db,added_missing
2224,58,Hyundai,Ioniq 9,2024,2026,2024-2026,0,gor3a/vehicle-makes-models,added_missing
2225,58,Hyundai,Ix20,2010,2015,2010-2015,13,original_db,existing
2226,58,Hyundai,Ix35,2010,2015,2010-2015,24,original_db,existing
2228,58,Hyundai,Ix55,2009,2011,2009-2011,2,original_db,existing
2230,58,Hyundai,Kona,2017,2026,2017-2026,0,gor3a/vehicle-makes-models,added_missing
2231,58,Hyundai,Kona Electric,2018,2026,2018-2026,0,gor3a/vehicle-makes-models,added_missing
2232,58,Hyundai,Kona N,2021,2023,2021-2023,0,gor3a/vehicle-makes-models,added_missing
2233,58,Hyundai,Lantra,1991,2001,1991-2001,0,gor3a/vehicle-makes-models,added_missing
5223,58,Hyundai,MATRIX (FC),2001,2004,2001-2004,6,itdiag8-dotcom/database (vivid_cars2000.db),added_from_vivid
2234,58,Hyundai,Matrix,2001,2008,2001-2008,8,original_db,existing
2235,58,Hyundai,Mistra,2014,2017,2014-2017,0,gor3a/vehicle-makes-models,added_missing
2236,58,Hyundai,NEXO,2018,2026,2018-2026,0,gor3a/vehicle-makes-models,added_missing
5890,58,Hyundai,PORTER Box,2002,2002,2002,3,itdiag8-dotcom/database (vivid_cars2000.db),added_from_vivid
5907,58,Hyundai,PORTER Bus,2002,2002,2002,1,itdiag8-dotcom/database (vivid_cars2000.db),added_from_vivid
5908,58,Hyundai,PORTER Pickup,2002,2002,2002,1,itdiag8-dotcom/database (vivid_cars2000.db),added_from_vivid
2237,58,Hyundai,Palisade,2019,2026,2019-2026,0,gor3a/vehicle-makes-models,added_missing
2239,58,Hyundai,Porter,,,,0,DanielKohut/car-data,added_missing
4357,58,Hyundai,SANTA FÉ I (SM),2000,2004,2000-2004,17,itdiag8-dotcom/database (vivid_cars2000.db),added_from_vivid
4521,58,Hyundai,SANTA FÉ II (CM),2004,2009,2004-2009,10,itdiag8-dotcom/database (vivid_cars2000.db),added_from_vivid
6293,58,Hyundai,SANTA FÉ III (DM),2011,2011,2011,3,itdiag8-dotcom/database (vivid_cars2000.db),added_from_vivid
4366,58,Hyundai,SONATA IV (EF),2001,2002,2001-2002,9,itdiag8-dotcom/database (vivid_cars2000.db),added_from_vivid
4358,58,Hyundai,SONATA V (NF),2004,2008,2004-2008,10,itdiag8-dotcom/database (vivid_cars2000.db),added_from_vivid
4544,58,Hyundai,SONATA VI (YF),2008,2010,2008-2010,3,itdiag8-dotcom/database (vivid_cars2000.db),added_from_vivid
6589,58,Hyundai,Santa,2001,2025,2015,1,lemon.dogeware.me LEMON 2015,active
2240,58,Hyundai,Santa Cruz,2021,2026,2021-2026,0,gor3a/vehicle-makes-models,added_missing
2241,58,Hyundai,Santa Fe,2000,2016,2000-2016,73,original_db,existing
2242,58,Hyundai,Santa Fe Sport,2013,2018,2013-2018,0,plowman/open-vehicle-db,added_missing
2243,58,Hyundai,Santa Fe XL,2019,2027,2019-2027,0,plowman/open-vehicle-db,added_missing
2244,58,Hyundai,Satellite,1997,2000,1997-2000,0,gor3a/vehicle-makes-models,added_missing
2246,58,Hyundai,Sonata,1998,2025,1998-2015,33,original_db,existing
2247,58,Hyundai,Sonata Hybrid,2010,2019,2010-2019,0,gor3a/vehicle-makes-models,added_missing
2248,58,Hyundai,Sonica,2001,2008,2001-2008,10,original_db,existing
2249,58,Hyundai,Starex,2000,2003,2000-2003,6,original_db,existing
2250,58,Hyundai,Staria,2021,2026,2021-2026,0,gor3a/vehicle-makes-models,added_missing
2251,58,Hyundai,Stellar,,,,0,DanielKohut/car-data,added_missing
5270,58,Hyundai,TERRACAN (HP),2001,2003,2001-2003,6,itdiag8-dotcom/database (vivid_cars2000.db),added_from_vivid
5902,58,Hyundai,TIBURON Coupe,2005,2005,2005,2,itdiag8-dotcom/database (vivid_cars2000.db),added_from_vivid
5022,58,Hyundai,TRAJET (FO),2000,2004,2000-2004,6,itdiag8-dotcom/database (vivid_cars2000.db),added_from_vivid
4937,58,Hyundai,TUCSON (JM),2003,2009,2003-2009,10,itdiag8-dotcom/database (vivid_cars2000.db),added_from_vivid
2252,58,Hyundai,Tb,2002,2005,2002-2005,3,original_db,existing
2253,58,Hyundai,Terracan,2001,2004,2001-2004,14,original_db,existing
2254,58,Hyundai,Tiburon,1997,2008,1997-2007,20,original_db,existing
2255,58,Hyundai,Trajet,1999,2004,1999-2004,25,original_db,existing
2256,58,Hyundai,Tucson,2004,2025,2004-2016,46,original_db,existing
2257,58,Hyundai,Tucson Ix,2009,2010,2009-2010,6,original_db,existing
2258,58,Hyundai,Tuscani,2001,2007,2001-2007,12,original_db,existing
4678,58,Hyundai,VELOSTER (FS),2010,2011,2010-2011,4,itdiag8-dotcom/database (vivid_cars2000.db),added_from_vivid
2259,58,Hyundai,Veloster,2011,2022,2011-2016,12,original_db,existing
2260,58,Hyundai,Veloster N,2019,2022,2019-2022,0,plowman/open-vehicle-db,added_missing
2261,58,Hyundai,Venue,2019,2026,2019-2026,0,gor3a/vehicle-makes-models,added_missing
2262,58,Hyundai,Veracruz,2006,2012,2006-2011,6,original_db,existing
2263,58,Hyundai,Verna,2002,2008,2002-2008,14,original_db,existing
2266,58,Hyundai,XG,1999,2005,1999-2005,0,gor3a/vehicle-makes-models,added_missing
5426,58,Hyundai,XG (XG),2002,2002,2002,1,itdiag8-dotcom/database (vivid_cars2000.db),added_from_vivid
2267,58,Hyundai,XG300,2001,2001,2001-2001,0,plowman/open-vehicle-db,added_missing
2268,58,Hyundai,XG350,2002,2005,2002-2005,0,plowman/open-vehicle-db,added_missing
2264,58,Hyundai,Xcent,,,,0,DanielKohut/car-data,added_missing
2265,58,Hyundai,Xcient,2023,2027,2023-2027,0,plowman/open-vehicle-db,added_missing
6420,58,Hyundai,i10 (IA),2012,2012,2012,3,itdiag8-dotcom/database (vivid_cars2000.db),added_from_vivid
4689,58,Hyundai,i10 (PA),2006,2010,2006-2010,7,itdiag8-dotcom/database (vivid_cars2000.db),added_from_vivid
6541,58,Hyundai,i20 (GB),2013,2013,2013,5,itdiag8-dotcom/database (vivid_cars2000.db),added_from_vivid
4485,58,Hyundai,"i20 (PB, PBT)",2007,2011,2007-2011,9,itdiag8-dotcom/database (vivid_cars2000.db),added_from_vivid
2209,58,Hyundai,i20 Active,2015,2020,2015-2020,0,gor3a/vehicle-makes-models,added_missing
2210,58,Hyundai,i20 N,2020,2026,2020-2026,0,gor3a/vehicle-makes-models,added_missing
4814,58,Hyundai,i30 (FD),2006,2009,2006-2009,12,itdiag8-dotcom/database (vivid_cars2000.db),added_from_vivid
4392,58,Hyundai,i30 (GD),2010,2011,2010-2011,7,itdiag8-dotcom/database (vivid_cars2000.db),added_from_vivid
4780,58,Hyundai,i30 CW (FD),2006,2009,2006-2009,12,itdiag8-dotcom/database (vivid_cars2000.db),added_from_vivid
6319,58,Hyundai,i30 CW (GD),2011,2011,2011,9,itdiag8-dotcom/database (vivid_cars2000.db),added_from_vivid
6392,58,Hyundai,i30 Coupe,2012,2012,2012,5,itdiag8-dotcom/database (vivid_cars2000.db),added_from_vivid
2212,58,Hyundai,i30 N,2017,2026,2017-2026,0,gor3a/vehicle-makes-models,added_missing
6280,58,Hyundai,i40 (VF),2011,2011,2011,4,itdiag8-dotcom/database (vivid_cars2000.db),added_from_vivid
4781,58,Hyundai,i40 CW (VF),2010,2011,2010-2011,5,itdiag8-dotcom/database (vivid_cars2000.db),added_from_vivid
2215,58,Hyundai,i800 / H-1,2008,2018,2008-2018,0,gor3a/vehicle-makes-models,added_missing
4365,58,Hyundai,ix20 (JC),2009,2010,2009-2010,6,itdiag8-dotcom/database (vivid_cars2000.db),added_from_vivid
4642,58,Hyundai,"ix35 (LM, EL, ELH)",2009,2012,2009-2012,8,itdiag8-dotcom/database (vivid_cars2000.db),added_from_vivid
2227,58,Hyundai,ix35 / Tucson,2004,2026,2004-2026,0,gor3a/vehicle-makes-models,added_missing
2229,58,Hyundai,ix55 / Veracruz,2009,2012,2009-2012,0,gor3a/vehicle-makes-models,added_missing
2269,59,Ikco,Samand Lx,2012,2014,2012-2014,2,original_db,existing
2271,61,Infiniti,EX35,2008,2013,2008-2013,0,plowman/open-vehicle-db,added_missing
6810,61,Infiniti,EX37,2013,2013,2013,1,lemon.dogeware.me LEMON 2015,active
2270,61,Infiniti,Ex,2008,2012,2008-2012,5,original_db,existing
2273,61,Infiniti,FX35,2003,2012,2003-2012,0,plowman/open-vehicle-db,added_missing
2274,61,Infiniti,FX37,2013,2013,2013-2013,0,plowman/open-vehicle-db,added_missing
2275,61,Infiniti,FX45,2003,2008,2003-2008,0,plowman/open-vehicle-db,added_missing
2276,61,Infiniti,FX50,2009,2013,2009-2013,0,plowman/open-vehicle-db,added_missing
2272,61,Infiniti,Fx,2009,2013,2009-2013,8,original_db,existing
2277,61,Infiniti,G,2007,2012,2007-2012,12,original_db,existing
2278,61,Infiniti,G20,1991,2002,1991-2002,0,gor3a/vehicle-makes-models,added_missing
2279,61,Infiniti,G25,2011,2012,2011-2012,0,plowman/open-vehicle-db,added_missing
2280,61,Infiniti,G35,2001,2008,2001-2008,0,gor3a/vehicle-makes-models,added_missing
2281,61,Infiniti,G37,2008,2013,2008-2013,0,plowman/open-vehicle-db,added_missing
2282,61,Infiniti,I,1995,2004,1995-2004,0,gor3a/vehicle-makes-models,added_missing
2283,61,Infiniti,I30,1996,2001,1996-2001,0,plowman/open-vehicle-db,added_missing
2284,61,Infiniti,I35,2002,2004,2002-2004,0,plowman/open-vehicle-db,added_missing
2287,61,Infiniti,JX,2012,2014,2012-2014,0,gor3a/vehicle-makes-models,added_missing
2288,61,Infiniti,JX35,2013,2013,2013-2013,0,plowman/open-vehicle-db,added_missing
2289,61,Infiniti,M,2010,2011,2010-2011,10,original_db,existing
2290,61,Infiniti,M30,,,,0,DanielKohut/car-data,added_missing
2291,61,Infiniti,M35,2006,2010,2006-2010,0,plowman/open-vehicle-db,added_missing
2292,61,Infiniti,M35h,2012,2013,2012-2013,0,plowman/open-vehicle-db,added_missing
2293,61,Infiniti,M37,2011,2013,2011-2013,0,plowman/open-vehicle-db,added_missing
2294,61,Infiniti,M45,2003,2010,2003-2010,0,plowman/open-vehicle-db,added_missing
2295,61,Infiniti,M56,2011,2013,2011-2013,0,plowman/open-vehicle-db,added_missing
2296,61,Infiniti,Q,1989,2006,1989-2006,0,gor3a/vehicle-makes-models,added_missing
2297,61,Infiniti,Q30,,,,0,DanielKohut/car-data,added_missing
2298,61,Infiniti,Q40,2014,2015,2014-2015,0,gor3a/vehicle-makes-models,added_missing
2299,61,Infiniti,Q45,2000,2006,,0,DanielKohut/car-data,added_missing
2300,61,Infiniti,Q50,2014,2024,2014,6,original_db,existing
2301,61,Infiniti,Q60,2013,2022,2013-2022,0,gor3a/vehicle-makes-models,added_missing
2302,61,Infiniti,Q70,2014,2019,2014,4,original_db,existing
2303,61,Infiniti,Q70L,2015,2022,2015-2022,0,plowman/open-vehicle-db,added_missing
2304,61,Infiniti,QX,1997,2014,1997-2014,0,gor3a/vehicle-makes-models,added_missing
2305,61,Infiniti,QX30,2015,2019,2015-2019,0,gor3a/vehicle-makes-models,added_missing
2306,61,Infiniti,QX4,2000,2003,,0,DanielKohut/car-data,added_missing
2308,61,Infiniti,QX55,2021,2026,2021-2026,0,gor3a/vehicle-makes-models,added_missing
2310,61,Infiniti,QX60,2013,2026,2013-2026,0,gor3a/vehicle-makes-models,added_missing
2311,61,Infiniti,QX65,2026,2026,2026-2026,0,gor3a/vehicle-makes-models,added_missing
2307,61,Infiniti,Qx50,2014,2014,2014,1,original_db,existing
2309,61,Infiniti,Qx56,2011,2011,2011,2,original_db,existing
2312,61,Infiniti,Qx70,2014,2014,2014,2,original_db,existing
2313,61,Infiniti,Qx80,2014,2014,2014,2,original_db,existing
2315,62,Isuzu,117 Coupé,,,,0,DanielKohut/car-data,added_missing
2316,62,Isuzu,4200R,,,,0,DanielKohut/car-data,added_missing
2317,62,Isuzu,Alterra,,,,0,DanielKohut/car-data,added_missing
2318,62,Isuzu,Amigo,1997,2003,1997-2003,0,gor3a/vehicle-makes-models,added_missing
2319,62,Isuzu,Amigo Cabrio,1998,2003,1998-2003,0,gor3a/vehicle-makes-models,added_missing
2320,62,Isuzu,Ascender,2001,2008,2001-2008,0,gor3a/vehicle-makes-models,added_missing
2321,62,Isuzu,Aska,,,,0,DanielKohut/car-data,added_missing
2322,62,Isuzu,Axiom,2001,2004,2001-2004,0,gor3a/vehicle-makes-models,added_missing
6513,62,Isuzu,BISON Bus,2012,2012,2012,1,itdiag8-dotcom/database (vivid_cars2000.db),added_from_vivid
6514,62,Isuzu,BISON Platform/Chassis,2012,2012,2012,1,itdiag8-dotcom/database (vivid_cars2000.db),added_from_vivid
2323,62,Isuzu,Bellel,,,,0,DanielKohut/car-data,added_missing
2324,62,Isuzu,Bellett,,,,0,DanielKohut/car-data,added_missing
5537,62,Isuzu,D-MAX (8DH),2002,2006,2002-2006,5,itdiag8-dotcom/database (vivid_cars2000.db),added_from_vivid
6134,62,Isuzu,D-MAX Platform/Chassis (8DH),2006,2006,2006,1,itdiag8-dotcom/database (vivid_cars2000.db),added_from_vivid
2325,62,Isuzu,D-Max,2000,2011,2000-2011,9,original_db,existing
5920,62,Isuzu,ELF Box (NKR8_),2003,2003,2003,2,itdiag8-dotcom/database (vivid_cars2000.db),added_from_vivid
5919,62,Isuzu,"ELF Platform/Chassis (NKR8_, NKQ8_)",2003,2003,2003,5,itdiag8-dotcom/database (vivid_cars2000.db),added_from_vivid
2326,62,Isuzu,F6,1997,2002,1997-2002,0,plowman/open-vehicle-db,added_missing
2327,62,Isuzu,F7,1997,2002,1997-2002,0,plowman/open-vehicle-db,added_missing
2331,62,Isuzu,FRR,1995,2004,1995-2004,0,plowman/open-vehicle-db,added_missing
2328,62,Isuzu,Fargo,,,,0,DanielKohut/car-data,added_missing
2329,62,Isuzu,Filly,,,,0,DanielKohut/car-data,added_missing
2330,62,Isuzu,Florian,,,,0,DanielKohut/car-data,added_missing
2335,62,Isuzu,Gemini,,,,0,DanielKohut/car-data,added_missing
2336,62,Isuzu,H-Series,2005,2008,2005-2008,0,plowman/open-vehicle-db,added_missing
2337,62,Isuzu,Hombre,1995,2000,1995-2000,0,gor3a/vehicle-makes-models,added_missing
2345,62,Isuzu,Journey,,,,0,DanielKohut/car-data,added_missing
6292,62,Isuzu,KB,2009,2009,2009,1,itdiag8-dotcom/database (vivid_cars2000.db),added_from_vivid
2346,62,Isuzu,MU,,,,0,DanielKohut/car-data,added_missing
2347,62,Isuzu,MU-7,2004,2013,2004-2013,0,gor3a/vehicle-makes-models,added_missing
6432,62,Isuzu,MU-X Closed Off-Road Vehicle,2012,2012,2012,1,itdiag8-dotcom/database (vivid_cars2000.db),added_from_vivid
2348,62,Isuzu,Mu-X,2013,2015,2013-2015,2,original_db,existing
2349,62,Isuzu,NPR,1987,2027,1987-2027,0,plowman/open-vehicle-db,added_missing
2350,62,Isuzu,NPR/NPR-HD,2000,2027,2000-2027,0,plowman/open-vehicle-db,added_missing
2351,62,Isuzu,NQR,1999,2027,1999-2027,0,plowman/open-vehicle-db,added_missing
2352,62,Isuzu,NQR/NRR,2005,2015,2005-2015,0,plowman/open-vehicle-db,added_missing
2353,62,Isuzu,NRR,1989,2027,1989-2027,0,plowman/open-vehicle-db,added_missing
6512,62,Isuzu,PANTHER,2012,2012,2012,1,itdiag8-dotcom/database (vivid_cars2000.db),added_from_vivid
2355,62,Isuzu,Piazza,,,,0,DanielKohut/car-data,added_missing
2357,62,Isuzu,Rodeo,2000,2004,,0,DanielKohut/car-data,added_missing
2358,62,Isuzu,Rodeo / D-Max,2002,2019,2002-2019,0,gor3a/vehicle-makes-models,added_missing
2361,62,Isuzu,T6F,2003,2010,2003-2010,0,plowman/open-vehicle-db,added_missing
2362,62,Isuzu,T7F,2003,2010,2003-2010,0,plowman/open-vehicle-db,added_missing
2363,62,Isuzu,T8F,2003,2010,2003-2010,0,plowman/open-vehicle-db,added_missing
5398,62,Isuzu,TROOPER Open Off-Road Vehicle,2000,2000,2000,2,itdiag8-dotcom/database (vivid_cars2000.db),added_from_vivid
2364,62,Isuzu,Trooper,1998,2002,1998-2002,0,gor3a/vehicle-makes-models,added_missing
2366,62,Isuzu,V-Cross,2012,2012,2012,1,original_db,existing
2367,62,Isuzu,VehiCROSS,2000,2001,,0,DanielKohut/car-data,added_missing
2338,62,Isuzu,i-280,2006,2006,2006-2006,0,plowman/open-vehicle-db,added_missing
2339,62,Isuzu,i-290,2007,2008,2007-2008,0,plowman/open-vehicle-db,added_missing
2340,62,Isuzu,i-350,2006,2006,2006-2006,0,plowman/open-vehicle-db,added_missing
2341,62,Isuzu,i-370,2007,2008,2007-2008,0,plowman/open-vehicle-db,added_missing
2343,62,Isuzu,i-Series,2005,2009,2005-2009,0,gor3a/vehicle-makes-models,added_missing
6483,168,Iveco,DAILY Box Body / Estate,2012,2012,2012,10,itdiag8-dotcom/database (vivid_cars2000.db),added_from_vivid
6125,168,Iveco,DAILY III Box Body / Estate,2001,2004,2001-2004,10,itdiag8-dotcom/database (vivid_cars2000.db),added_from_vivid
6124,168,Iveco,DAILY III Platform/Chassis,2001,2004,2001-2004,9,itdiag8-dotcom/database (vivid_cars2000.db),added_from_vivid
6129,168,Iveco,DAILY IV Box Body / Estate,2005,2006,2005-2006,13,itdiag8-dotcom/database (vivid_cars2000.db),added_from_vivid
4872,168,Iveco,DAILY IV Bus,2005,2008,2005-2008,2,itdiag8-dotcom/database (vivid_cars2000.db),added_from_vivid
6130,168,Iveco,DAILY IV Dumptruck,2005,2006,2005-2006,10,itdiag8-dotcom/database (vivid_cars2000.db),added_from_vivid
6128,168,Iveco,DAILY IV Platform/Chassis,2005,2007,2005-2007,12,itdiag8-dotcom/database (vivid_cars2000.db),added_from_vivid
6482,168,Iveco,DAILY Platform/Chassis,2012,2012,2012,10,itdiag8-dotcom/database (vivid_cars2000.db),added_from_vivid
6314,168,Iveco,DAILY V Box Body / Estate,2010,2010,2010,6,itdiag8-dotcom/database (vivid_cars2000.db),added_from_vivid
6317,168,Iveco,DAILY V Dumptruck,2010,2010,2010,5,itdiag8-dotcom/database (vivid_cars2000.db),added_from_vivid
6311,168,Iveco,DAILY V Platform/Chassis,2010,2010,2010,8,itdiag8-dotcom/database (vivid_cars2000.db),added_from_vivid
5999,168,Iveco,MASSIF Pickup,2007,2007,2007,4,itdiag8-dotcom/database (vivid_cars2000.db),added_from_vivid
5998,168,Iveco,MASSIF Single Cab,2007,2007,2007,4,itdiag8-dotcom/database (vivid_cars2000.db),added_from_vivid
5997,168,Iveco,MASSIF Station Wagon,2007,2007,2007,4,itdiag8-dotcom/database (vivid_cars2000.db),added_from_vivid
2368,65,Jaguar,C-X16,2011,2011,2011,1,original_db,existing
2369,65,Jaguar,E-Pace,2017,2024,2017-2024,0,gor3a/vehicle-makes-models,added_missing
2370,65,Jaguar,F-Pace,2016,2025,2016,7,original_db,existing
2371,65,Jaguar,F-Pace SVR,2018,2026,2018-2026,0,gor3a/vehicle-makes-models,added_missing
6324,65,Jaguar,F-TYPE Convertible,2011,2013,2011-2013,8,itdiag8-dotcom/database (vivid_cars2000.db),added_from_vivid
6425,65,Jaguar,F-TYPE Coupe,2012,2013,2012-2013,7,itdiag8-dotcom/database (vivid_cars2000.db),added_from_vivid
2372,65,Jaguar,F-Type,2013,2024,2013-2014,6,original_db,existing
2373,65,Jaguar,F-Type SVR,2016,2020,2016-2020,0,gor3a/vehicle-makes-models,added_missing
2374,65,Jaguar,I-Pace,2018,2024,2018-2024,0,gor3a/vehicle-makes-models,added_missing
5325,65,Jaguar,S-TYPE (CCX),2001,2003,2001-2003,4,itdiag8-dotcom/database (vivid_cars2000.db),added_from_vivid
2375,65,Jaguar,S-Type,2000,2008,2001-2007,26,original_db,existing
2376,65,Jaguar,S-Type R,2002,2007,2002-2007,0,gor3a/vehicle-makes-models,added_missing
2377,65,Jaguar,Vanden Plas,1988,2004,1988-2004,0,plowman/open-vehicle-db,added_missing
4797,65,Jaguar,X-TYPE (CF1),2001,2006,2001-2006,8,itdiag8-dotcom/database (vivid_cars2000.db),added_from_vivid
4798,65,Jaguar,X-TYPE Estate,2003,2006,2003-2006,8,itdiag8-dotcom/database (vivid_cars2000.db),added_from_vivid
2378,65,Jaguar,X-Type,2001,2008,2001-2007,16,original_db,existing
6500,65,Jaguar,XE (X760),2013,2013,2013,2,itdiag8-dotcom/database (vivid_cars2000.db),added_from_vivid
2380,65,Jaguar,XE SV,2017,2019,2017-2019,0,gor3a/vehicle-makes-models,added_missing
4331,65,Jaguar,"XF (_J05_, CC9)",2007,2011,2007-2011,21,itdiag8-dotcom/database (vivid_cars2000.db),added_from_vivid
6298,65,Jaguar,XF SPORTBRAKE (CC9),2011,2012,2011-2012,7,itdiag8-dotcom/database (vivid_cars2000.db),added_from_vivid
2382,65,Jaguar,XF Sportbrake,2012,2026,2012-2026,0,gor3a/vehicle-makes-models,added_missing
6590,65,Jaguar,XFR-S,2013,2015,2015,1,lemon.dogeware.me LEMON 2015,active
5370,65,Jaguar,"XJ (X350, X358)",2003,2004,2003-2004,5,itdiag8-dotcom/database (vivid_cars2000.db),added_from_vivid
4332,65,Jaguar,"XJ (X35_, _J12_, _J24_)",2008,2012,2008-2012,8,itdiag8-dotcom/database (vivid_cars2000.db),added_from_vivid
2388,65,Jaguar,XJ8,1998,2009,1998-2003,0,plowman/open-vehicle-db,added_missing
2389,65,Jaguar,XJR,1990,2019,1990-2019,0,gor3a/vehicle-makes-models,added_missing
6818,65,Jaguar,XJR575,2018,2019,2018,1,lemon.dogeware.me LEMON 2015,active
5350,65,Jaguar,XK 8 Convertible (QDV),2002,2002,2002,3,itdiag8-dotcom/database (vivid_cars2000.db),added_from_vivid
5349,65,Jaguar,XK 8 Coupe (QEV),2002,2002,2002,3,itdiag8-dotcom/database (vivid_cars2000.db),added_from_vivid
4827,65,Jaguar,XK Convertible (_J43_),2005,2010,2005-2010,7,itdiag8-dotcom/database (vivid_cars2000.db),added_from_vivid
4624,65,Jaguar,XK Coupe (_J43_),2005,2010,2005-2010,9,itdiag8-dotcom/database (vivid_cars2000.db),added_from_vivid
2392,65,Jaguar,XK8,1997,2009,1997-2004,0,plowman/open-vehicle-db,added_missing
2393,65,Jaguar,XKR,1998,2015,1998-2014,0,gor3a/vehicle-makes-models,added_missing
6591,65,Jaguar,XKR-S,2012,2015,2015,1,lemon.dogeware.me LEMON 2015,active
6811,65,Jaguar,XKR175,2011,2011,2011,1,lemon.dogeware.me LEMON 2015,active
2379,65,Jaguar,Xe,2015,2015,2015,7,original_db,existing
2381,65,Jaguar,Xf,2008,2016,2008-2016,39,original_db,existing
2383,65,Jaguar,Xfr,2009,2013,2009-2013,5,original_db,existing
2384,65,Jaguar,Xj,2003,2015,2003-2015,35,original_db,existing
2391,65,Jaguar,Xk,2002,2013,2002-2013,18,original_db,existing
2394,67,Jeep,Avenger,2022,2026,2022-2026,0,gor3a/vehicle-makes-models,added_missing
5264,67,Jeep,CHEROKEE (KJ),2001,2003,2001-2003,7,itdiag8-dotcom/database (vivid_cars2000.db),added_from_vivid
4928,67,Jeep,CHEROKEE (KK),2007,2009,2007-2009,4,itdiag8-dotcom/database (vivid_cars2000.db),added_from_vivid
5533,67,Jeep,COMMANDER (XK),2004,2005,2004-2005,4,itdiag8-dotcom/database (vivid_cars2000.db),added_from_vivid
4687,67,Jeep,COMPASS (MK49),2005,2010,2005-2010,6,itdiag8-dotcom/database (vivid_cars2000.db),added_from_vivid
2395,67,Jeep,Cherokee,2000,2023,2001-2015,14,original_db,existing
2396,67,Jeep,Cherokee/Liberty,1984,2012,1984-2012,0,gor3a/vehicle-makes-models,added_missing
2402,67,Jeep,Commander,2005,2010,2005-2010,0,gor3a/vehicle-makes-models,added_missing
2403,67,Jeep,Compass,2006,2026,2006-2026,0,gor3a/vehicle-makes-models,added_missing
5291,67,Jeep,"GRAND CHEROKEE II (WJ, WG)",2001,2003,2001-2003,3,itdiag8-dotcom/database (vivid_cars2000.db),added_from_vivid
4413,67,Jeep,"GRAND CHEROKEE III (WH, WK)",2004,2008,2004-2008,9,itdiag8-dotcom/database (vivid_cars2000.db),added_from_vivid
4411,67,Jeep,"GRAND CHEROKEE IV (WK, WK2)",2009,2012,2009-2012,5,itdiag8-dotcom/database (vivid_cars2000.db),added_from_vivid
2404,67,Jeep,Gladiator,2020,2026,2020-2026,0,gor3a/vehicle-makes-models,added_missing
6819,67,Jeep,Grand,2022,2025,2022,1,lemon.dogeware.me LEMON 2015,active
2405,67,Jeep,Grand Cherokee,2000,2025,2006-2014,6,original_db,existing
2406,67,Jeep,Grand Cherokee L,,,,0,DanielKohut/car-data,added_missing
2407,67,Jeep,Grand Wagoneer,,,,0,DanielKohut/car-data,added_missing
2408,67,Jeep,Grand Wagoneer L,2024,2027,2024-2027,0,plowman/open-vehicle-db,added_missing
2411,67,Jeep,Liberty,1993,2013,1993-2013,0,plowman/open-vehicle-db,added_missing
4718,67,Jeep,PATRIOT (MK74),2006,2010,2006-2010,7,itdiag8-dotcom/database (vivid_cars2000.db),added_from_vivid
2412,67,Jeep,Patriot,2007,2017,2007-2011,2,original_db,existing
2413,67,Jeep,Recon,2025,2026,2025-2026,0,gor3a/vehicle-makes-models,added_missing
2414,67,Jeep,Renegade,2014,2023,2014-2015,6,original_db,existing
5374,67,Jeep,WRANGLER II (TJ),2002,2005,2002-2005,3,itdiag8-dotcom/database (vivid_cars2000.db),added_from_vivid
4511,67,Jeep,WRANGLER III (JK),2006,2010,2006-2010,4,itdiag8-dotcom/database (vivid_cars2000.db),added_from_vivid
2415,67,Jeep,Wagoneer,1962,2026,1962-2026,0,gor3a/vehicle-makes-models,added_missing
2416,67,Jeep,Wagoneer L,2024,2025,2024-2025,0,plowman/open-vehicle-db,added_missing
2417,67,Jeep,Wagoneer S,2024,2027,2024-2027,0,plowman/open-vehicle-db,added_missing
2418,67,Jeep,Wrangler,2000,2025,2007-2011,4,original_db,existing
2419,67,Jeep,Wrangler JK,2018,2018,2018-2018,0,plowman/open-vehicle-db,added_missing
2420,67,Jeep,Wrangler Rubicon,2023,2026,2023-2026,0,gor3a/vehicle-makes-models,added_missing
2421,67,Jeep,Wrangler Unlimited,2004,2024,2004-2024,0,gor3a/vehicle-makes-models,added_missing
2422,68,Jmc,New Generation Transit,2014,2014,2014,1,original_db,existing
2486,71,KTM,X-Bow,2007,2007,2007,1,original_db,existing
2487,71,KTM,X-Bow GT,,,,0,DanielKohut/car-data,added_missing
2488,71,KTM,X-Bow GT-XR,,,,0,DanielKohut/car-data,added_missing
2489,71,KTM,X-Bow GT2,,,,0,DanielKohut/car-data,added_missing
2490,71,KTM,X-Bow GT4,,,,0,DanielKohut/car-data,added_missing
2491,71,KTM,X-Bow GTX,,,,0,DanielKohut/car-data,added_missing
2492,71,KTM,X-Bow R,,,,0,DanielKohut/car-data,added_missing
2493,71,KTM,X-Bow RR,,,,0,DanielKohut/car-data,added_missing
2423,69,Kia,Amanti,2004,2009,2004-2009,0,plowman/open-vehicle-db,added_missing
5776,69,Kia,BONGO Bus,2003,2003,2003,2,itdiag8-dotcom/database (vivid_cars2000.db),added_from_vivid
5778,69,Kia,BONGO MPV,2003,2003,2003,2,itdiag8-dotcom/database (vivid_cars2000.db),added_from_vivid
5777,69,Kia,BONGO Platform/Chassis,2003,2003,2003,1,itdiag8-dotcom/database (vivid_cars2000.db),added_from_vivid
2424,69,Kia,Bongo,2002,2002,2002,1,original_db,existing
2425,69,Kia,Borrego,2009,2010,2010,1,original_db,existing
2426,69,Kia,Borrego / Mohave,2009,2013,2009-2013,0,gor3a/vehicle-makes-models,added_missing
5137,69,Kia,CARENS I (FC),2000,2000,2000,1,itdiag8-dotcom/database (vivid_cars2000.db),added_from_vivid
5345,69,Kia,CARENS II (FJ),2002,2004,2002-2004,4,itdiag8-dotcom/database (vivid_cars2000.db),added_from_vivid
4572,69,Kia,CARENS III (UN),2005,2009,2005-2009,8,itdiag8-dotcom/database (vivid_cars2000.db),added_from_vivid
6375,69,Kia,CARENS IV,2012,2012,2012,5,itdiag8-dotcom/database (vivid_cars2000.db),added_from_vivid
4493,69,Kia,CARNIVAL / GRAND CARNIVAL III (VQ),2005,2010,2005-2010,5,itdiag8-dotcom/database (vivid_cars2000.db),added_from_vivid
5967,69,Kia,CARNIVAL I (UP),2000,2000,2000,1,itdiag8-dotcom/database (vivid_cars2000.db),added_from_vivid
5279,69,Kia,CARNIVAL II (GQ),2001,2003,2001-2003,3,itdiag8-dotcom/database (vivid_cars2000.db),added_from_vivid
4494,69,Kia,CEE'D Hatchback (ED),2005,2009,2005-2009,13,itdiag8-dotcom/database (vivid_cars2000.db),added_from_vivid
4419,69,Kia,CEE'D SW (ED),2006,2009,2006-2009,12,itdiag8-dotcom/database (vivid_cars2000.db),added_from_vivid
6320,69,Kia,CEE`D Sportswagon,2011,2012,2011-2012,5,itdiag8-dotcom/database (vivid_cars2000.db),added_from_vivid
5441,69,Kia,CERATO (LD),2003,2005,2003-2005,7,itdiag8-dotcom/database (vivid_cars2000.db),added_from_vivid
6560,69,Kia,CERATO Hatchback,2011,2011,2011,1,itdiag8-dotcom/database (vivid_cars2000.db),added_from_vivid
6099,69,Kia,CERATO II Saloon (TD),2008,2009,2008-2009,5,itdiag8-dotcom/database (vivid_cars2000.db),added_from_vivid
6100,69,Kia,CERATO KOUP (TD),2008,2009,2008-2009,2,itdiag8-dotcom/database (vivid_cars2000.db),added_from_vivid
6561,69,Kia,CERATO KOUP Coupe,2012,2012,2012,2,itdiag8-dotcom/database (vivid_cars2000.db),added_from_vivid
6328,69,Kia,CERATO Saloon,2001,2001,2001,3,itdiag8-dotcom/database (vivid_cars2000.db),added_from_vivid
5440,69,Kia,CERATO Saloon (LD),2003,2005,2003-2005,6,itdiag8-dotcom/database (vivid_cars2000.db),added_from_vivid
2427,69,Kia,Cadenza,2014,2020,2014-2020,0,plowman/open-vehicle-db,added_missing
2428,69,Kia,Carens,2002,2013,2002-2013,7,original_db,existing
2429,69,Kia,Carnival,2002,2025,2002-2013,7,original_db,existing
2430,69,Kia,Carnival / Sedona,2002,2026,2002-2026,0,gor3a/vehicle-makes-models,added_missing
2433,69,Kia,Ceed,2006,2015,2006-2015,12,original_db,existing
2434,69,Kia,Ceed Gt,2013,2013,2013,1,original_db,existing
2435,69,Kia,Cerato,2002,2006,2002-2006,8,original_db,existing
2436,69,Kia,Cerato / Spectra,2004,2009,2004-2009,0,gor3a/vehicle-makes-models,added_missing
2437,69,Kia,Cerato/Forte,2013,2018,2013-2018,0,gor3a/vehicle-makes-models,added_missing
2438,69,Kia,EV2,2026,2026,2026-2026,0,gor3a/vehicle-makes-models,added_missing
2439,69,Kia,EV3,2024,2026,2024-2026,0,gor3a/vehicle-makes-models,added_missing
2440,69,Kia,EV4,2025,2026,2025-2026,0,gor3a/vehicle-makes-models,added_missing
2441,69,Kia,EV5,2023,2026,2023-2026,0,gor3a/vehicle-makes-models,added_missing
2442,69,Kia,EV6,2021,2026,2021-2026,0,gor3a/vehicle-makes-models,added_missing
2443,69,Kia,EV9,2023,2026,2023-2026,0,gor3a/vehicle-makes-models,added_missing
2444,69,Kia,Forte,2009,2024,2009-2013,4,original_db,existing
2445,69,Kia,Forte 5 Door,2010,2018,2010-2018,0,gor3a/vehicle-makes-models,added_missing
2446,69,Kia,Forte Koup,2009,2016,2009-2016,0,gor3a/vehicle-makes-models,added_missing
6592,69,Kia,Forte5,2014,2018,2015,1,lemon.dogeware.me LEMON 2015,active
2447,69,Kia,Joice,1999,2003,1999-2003,0,gor3a/vehicle-makes-models,added_missing
5450,69,Kia,K2500 (SD),2002,2009,2002-2009,1,itdiag8-dotcom/database (vivid_cars2000.db),added_from_vivid
6098,69,Kia,K2900,2007,2007,2007,1,itdiag8-dotcom/database (vivid_cars2000.db),added_from_vivid
2448,69,Kia,K4,2024,2026,2024-2026,0,gor3a/vehicle-makes-models,added_missing
2449,69,Kia,K5,2019,2026,2019-2026,0,gor3a/vehicle-makes-models,added_missing
2450,69,Kia,K7 / Cadenza,2013,2019,2013-2019,0,gor3a/vehicle-makes-models,added_missing
2451,69,Kia,K9,2012,2021,2012-2021,0,gor3a/vehicle-makes-models,added_missing
2452,69,Kia,K900,2015,2020,2015-2020,0,plowman/open-vehicle-db,added_missing
5225,69,Kia,MAGENTIS (GD),2001,2003,2001-2003,3,itdiag8-dotcom/database (vivid_cars2000.db),added_from_vivid
4792,69,Kia,MAGENTIS (MG),2004,2008,2004-2008,8,itdiag8-dotcom/database (vivid_cars2000.db),added_from_vivid
2453,69,Kia,Magentis,2005,2010,2005-2010,5,original_db,existing
2454,69,Kia,Mohave,2010,2010,2010,1,original_db,existing
2455,69,Kia,Morning,2007,2007,2007,1,original_db,existing
2456,69,Kia,Niro,2016,2025,2016-2021,0,gor3a/vehicle-makes-models,added_missing
5433,69,Kia,OPIRUS (GH),2003,2005,2003-2005,3,itdiag8-dotcom/database (vivid_cars2000.db),added_from_vivid
2457,69,Kia,Opirus,2003,2003,2003,2,original_db,existing
2458,69,Kia,Opirus / Amanti,2003,2010,2003-2010,0,gor3a/vehicle-makes-models,added_missing
2459,69,Kia,Optima,2001,2020,2005-2015,5,original_db,existing
2460,69,Kia,Optima / Magentis,2001,2026,2001-2026,0,gor3a/vehicle-makes-models,added_missing
2461,69,Kia,Optima Sportswagon,2016,2019,2016-2019,0,gor3a/vehicle-makes-models,added_missing
5449,69,Kia,PICANTO (BA),2003,2008,2003-2008,4,itdiag8-dotcom/database (vivid_cars2000.db),added_from_vivid
4530,69,Kia,PICANTO (TA),2010,2012,2010-2012,5,itdiag8-dotcom/database (vivid_cars2000.db),added_from_vivid
5383,69,Kia,PREGIO Box (TB),2002,2002,2002,1,itdiag8-dotcom/database (vivid_cars2000.db),added_from_vivid
5589,69,Kia,PRIDE (DA),2004,2004,2004,3,itdiag8-dotcom/database (vivid_cars2000.db),added_from_vivid
4571,69,Kia,PRO CEE'D (ED),2007,2009,2007-2009,12,itdiag8-dotcom/database (vivid_cars2000.db),added_from_vivid
6321,69,Kia,PRO CEE´D,2012,2012,2012,6,itdiag8-dotcom/database (vivid_cars2000.db),added_from_vivid
2467,69,Kia,PV5,2026,2026,2026-2026,0,gor3a/vehicle-makes-models,added_missing
2462,69,Kia,Picanto,2007,2011,2007-2011,2,original_db,existing
2463,69,Kia,Picanto X-Line,2017,2020,2017-2020,0,gor3a/vehicle-makes-models,added_missing
2464,69,Kia,Pride,2008,2008,2008,1,original_db,existing
2465,69,Kia,Pro cee'd,2007,2025,2007-2025,0,gor3a/vehicle-makes-models,added_missing
6562,69,Kia,RAY,2010,2010,2010,1,itdiag8-dotcom/database (vivid_cars2000.db),added_from_vivid
5149,69,Kia,RETONA (CE),2000,2000,2000,1,itdiag8-dotcom/database (vivid_cars2000.db),added_from_vivid
5048,69,Kia,RIO Estate (DC),2000,2002,2000-2002,4,itdiag8-dotcom/database (vivid_cars2000.db),added_from_vivid
5508,69,Kia,RIO II (JB),2004,2007,2004-2007,4,itdiag8-dotcom/database (vivid_cars2000.db),added_from_vivid
5509,69,Kia,RIO II Saloon (JB),2004,2007,2004-2007,4,itdiag8-dotcom/database (vivid_cars2000.db),added_from_vivid
4801,69,Kia,RIO III (UB),2010,2011,2010-2011,7,itdiag8-dotcom/database (vivid_cars2000.db),added_from_vivid
4784,69,Kia,RIO III Saloon (UB),2010,2011,2010-2011,3,itdiag8-dotcom/database (vivid_cars2000.db),added_from_vivid
5158,69,Kia,RIO Saloon (DC_),2000,2002,2000-2002,4,itdiag8-dotcom/database (vivid_cars2000.db),added_from_vivid
2468,69,Kia,Rio,2001,2023,2005-2011,6,original_db,existing
6756,69,Kia,Rio5,2006,2011,2006,1,lemon.dogeware.me LEMON 2015,active
2469,69,Kia,Rondo,2007,2016,2008-2016,0,gor3a/vehicle-makes-models,added_missing
5996,69,Kia,SHUMA (FB),2001,2001,2001,1,itdiag8-dotcom/database (vivid_cars2000.db),added_from_vivid
5226,69,Kia,SHUMA II (FB),2001,2002,2001-2002,3,itdiag8-dotcom/database (vivid_cars2000.db),added_from_vivid
5227,69,Kia,SHUMA II Saloon (FB),2001,2001,2001,1,itdiag8-dotcom/database (vivid_cars2000.db),added_from_vivid
4405,69,Kia,SORENTO I (JC),2002,2006,2002-2006,6,itdiag8-dotcom/database (vivid_cars2000.db),added_from_vivid
4508,69,Kia,SORENTO II (XM),2008,2012,2008-2012,5,itdiag8-dotcom/database (vivid_cars2000.db),added_from_vivid
6559,69,Kia,SORENTO III,2013,2013,2013,1,itdiag8-dotcom/database (vivid_cars2000.db),added_from_vivid
4422,69,Kia,SOUL (AM),2008,2011,2008-2011,6,itdiag8-dotcom/database (vivid_cars2000.db),added_from_vivid
6454,69,Kia,SOUL II (PS),2012,2012,2012,2,itdiag8-dotcom/database (vivid_cars2000.db),added_from_vivid
4421,69,Kia,SPORTAGE (JE_),2003,2007,2003-2007,8,itdiag8-dotcom/database (vivid_cars2000.db),added_from_vivid
5384,69,Kia,SPORTAGE (K00),2000,2000,2000,1,itdiag8-dotcom/database (vivid_cars2000.db),added_from_vivid
4573,69,Kia,SPORTAGE (SL),2009,2012,2009-2012,8,itdiag8-dotcom/database (vivid_cars2000.db),added_from_vivid
2470,69,Kia,Sedona,2002,2021,2002,1,original_db,existing
2471,69,Kia,Seltos,2019,2026,2019-2026,0,gor3a/vehicle-makes-models,added_missing
2472,69,Kia,Sephia,1993,2001,1993-2001,0,plowman/open-vehicle-db,added_missing
2473,69,Kia,Shuma,1998,2004,1998-2004,0,gor3a/vehicle-makes-models,added_missing
2474,69,Kia,Sorento,2002,2025,2002-2010,8,original_db,existing
2475,69,Kia,Soul,2004,2025,2004-2011,6,original_db,existing
2476,69,Kia,Spectra,2000,2009,2000-2009,0,plowman/open-vehicle-db,added_missing
6755,69,Kia,Spectra5,2005,2009,2005,1,lemon.dogeware.me LEMON 2015,active
2477,69,Kia,Sportage,2000,2025,2004-2015,10,original_db,existing
2478,69,Kia,Stinger,2017,2026,2017-2026,0,gor3a/vehicle-makes-models,added_missing
2479,69,Kia,Stonic,2017,2025,2017-2025,0,gor3a/vehicle-makes-models,added_missing
2480,69,Kia,Stonic GT-Line,2020,2026,2020-2026,0,gor3a/vehicle-makes-models,added_missing
2481,69,Kia,Syros,2024,2026,2024-2026,0,gor3a/vehicle-makes-models,added_missing
2482,69,Kia,Tasman,2024,2026,2024-2026,0,gor3a/vehicle-makes-models,added_missing
2483,69,Kia,Telluride,2019,2026,2019-2026,0,gor3a/vehicle-makes-models,added_missing
4677,69,Kia,VENGA (YN),2009,2009,2009,7,itdiag8-dotcom/database (vivid_cars2000.db),added_from_vivid
2484,69,Kia,Venga,2009,2010,2009-2010,6,original_db,existing
2485,69,Kia,XCeed,2019,2026,2019-2026,0,gor3a/vehicle-makes-models,added_missing
2431,69,Kia,cee'd,2007,2021,2007-2021,0,gor3a/vehicle-makes-models,added_missing
2432,69,Kia,cee'd SW,2007,2018,2007-2018,0,gor3a/vehicle-makes-models,added_missing
2466,69,Kia,pro_cee’d GT,2013,2018,2013-2018,0,gor3a/vehicle-makes-models,added_missing
5945,185,LDV,CONVOY Box,2001,2002,2001-2002,2,itdiag8-dotcom/database (vivid_cars2000.db),added_from_vivid
6534,185,LDV,CONVOY Platform/Chassis,2001,2002,2001-2002,2,itdiag8-dotcom/database (vivid_cars2000.db),added_from_vivid
5550,185,LDV,MAXUS Box,2004,2006,2004-2006,3,itdiag8-dotcom/database (vivid_cars2000.db),added_from_vivid
5549,185,LDV,MAXUS Bus,2004,2005,2004-2005,3,itdiag8-dotcom/database (vivid_cars2000.db),added_from_vivid
6016,185,LDV,MAXUS Platform/Chassis,2004,2005,2004-2005,2,itdiag8-dotcom/database (vivid_cars2000.db),added_from_vivid
5292,148,Lada,110,2000,2000,2000,4,itdiag8-dotcom/database (vivid_cars2000.db),added_from_vivid
4847,148,Lada,111,2000,2005,2000-2005,7,itdiag8-dotcom/database (vivid_cars2000.db),added_from_vivid
5293,148,Lada,112,2000,2005,2000-2005,6,itdiag8-dotcom/database (vivid_cars2000.db),added_from_vivid
6287,148,Lada,GRANTA (2190),2010,2010,2010,4,itdiag8-dotcom/database (vivid_cars2000.db),added_from_vivid
5874,148,Lada,KALINA Estate (1117),2003,2009,2003-2009,5,itdiag8-dotcom/database (vivid_cars2000.db),added_from_vivid
6451,148,Lada,KALINA Estate (2194),2012,2012,2012,2,itdiag8-dotcom/database (vivid_cars2000.db),added_from_vivid
5566,148,Lada,KALINA Hatchback (1119),2003,2009,2003-2009,4,itdiag8-dotcom/database (vivid_cars2000.db),added_from_vivid
6450,148,Lada,KALINA Hatchback (2192),2012,2012,2012,2,itdiag8-dotcom/database (vivid_cars2000.db),added_from_vivid
5567,148,Lada,KALINA Saloon (1118),2003,2009,2003-2009,5,itdiag8-dotcom/database (vivid_cars2000.db),added_from_vivid
5294,148,Lada,NIVA (2121),2000,2009,2000-2009,1,itdiag8-dotcom/database (vivid_cars2000.db),added_from_vivid
5571,148,Lada,NIVA II (2123),2002,2003,2002-2003,1,itdiag8-dotcom/database (vivid_cars2000.db),added_from_vivid
4432,148,Lada,PRIORA Estate (2171),2008,2008,2008,4,itdiag8-dotcom/database (vivid_cars2000.db),added_from_vivid
4773,148,Lada,PRIORA Hatchback (2172),2007,2007,2007,5,itdiag8-dotcom/database (vivid_cars2000.db),added_from_vivid
4774,148,Lada,PRIORA Saloon (2170),2007,2008,2007-2008,5,itdiag8-dotcom/database (vivid_cars2000.db),added_from_vivid
4969,148,Lada,SAMARA FORMA (21099),2000,2003,2000-2003,2,itdiag8-dotcom/database (vivid_cars2000.db),added_from_vivid
2494,74,Lamborghini,147,2002,2002,2002-2002,0,plowman/open-vehicle-db,added_missing
2495,74,Lamborghini,350 GT,,,,0,DanielKohut/car-data,added_missing
2496,74,Lamborghini,400 GT,,,,0,DanielKohut/car-data,added_missing
2497,74,Lamborghini,Aventador,2011,2026,2011-2026,0,gor3a/vehicle-makes-models,added_missing
2498,74,Lamborghini,Centenario,2016,2017,2016-2017,0,gor3a/vehicle-makes-models,added_missing
2500,74,Lamborghini,Diablo,1990,2001,1990-2001,0,gor3a/vehicle-makes-models,added_missing
2502,74,Lamborghini,Fenomeno,2026,2026,2026-2026,0,gor3a/vehicle-makes-models,added_missing
2503,74,Lamborghini,Gallardo,2003,2012,2003-2012,25,original_db,existing
2504,74,Lamborghini,Huracan,2014,2014,2014,1,original_db,existing
2505,74,Lamborghini,Huracán,,,,0,DanielKohut/car-data,added_missing
2506,74,Lamborghini,Islero,,,,0,DanielKohut/car-data,added_missing
2511,74,Lamborghini,Murcielago,2001,2006,2001-2006,4,original_db,existing
2512,74,Lamborghini,Murciélago,,,,0,DanielKohut/car-data,added_missing
2513,74,Lamborghini,Reventon,2008,2009,2008-2009,0,gor3a/vehicle-makes-models,added_missing
2514,74,Lamborghini,Revuelto,2023,2026,2023-2026,0,gor3a/vehicle-makes-models,added_missing
2515,74,Lamborghini,Roadster,1989,2000,1989-2000,0,plowman/open-vehicle-db,added_missing
2516,74,Lamborghini,Sian,2019,2026,2019-2026,0,gor3a/vehicle-makes-models,added_missing
2518,74,Lamborghini,Temerario,2024,2026,2024-2026,0,gor3a/vehicle-makes-models,added_missing
2520,74,Lamborghini,Urus,2018,2026,2018-2026,0,gor3a/vehicle-makes-models,added_missing
2521,74,Lamborghini,Veneno,2013,2014,2013-2014,0,gor3a/vehicle-makes-models,added_missing
4634,75,Lancia,DELTA III (844),2007,2010,2007-2010,12,itdiag8-dotcom/database (vivid_cars2000.db),added_from_vivid
2529,75,Lancia,Delta,2008,2010,2008-2010,3,original_db,existing
6258,75,Lancia,FLAVIA Convertible (JS),2011,2011,2011,2,itdiag8-dotcom/database (vivid_cars2000.db),added_from_vivid
2532,75,Lancia,Flavia,1960,2015,1960-2015,0,gor3a/vehicle-makes-models,added_missing
2533,75,Lancia,Fulvia,,,,0,DanielKohut/car-data,added_missing
2536,75,Lancia,HPE,,,,0,DanielKohut/car-data,added_missing
2537,75,Lancia,Jolly,,,,0,DanielKohut/car-data,added_missing
2538,75,Lancia,Kappa,1995,2000,1995-2000,0,gor3a/vehicle-makes-models,added_missing
2539,75,Lancia,Kappa SW,1996,2000,1996-2000,0,gor3a/vehicle-makes-models,added_missing
2541,75,Lancia,LC1,,,,0,DanielKohut/car-data,added_missing
2542,75,Lancia,LC2,,,,0,DanielKohut/car-data,added_missing
5159,75,Lancia,LYBRA (839AX),2000,2002,2000-2002,7,itdiag8-dotcom/database (vivid_cars2000.db),added_from_vivid
5160,75,Lancia,LYBRA SW (839BX),2000,2002,2000-2002,6,itdiag8-dotcom/database (vivid_cars2000.db),added_from_vivid
2540,75,Lancia,Lambda,,,,0,DanielKohut/car-data,added_missing
2543,75,Lancia,Lince,,,,0,DanielKohut/car-data,added_missing
2544,75,Lancia,Lybra,1999,2005,1999-2005,0,gor3a/vehicle-makes-models,added_missing
2545,75,Lancia,Lybra SW,1999,2005,1999-2005,0,gor3a/vehicle-makes-models,added_missing
4381,75,Lancia,MUSA (350),2003,2009,2003-2009,11,itdiag8-dotcom/database (vivid_cars2000.db),added_from_vivid
2546,75,Lancia,Montecarlo,,,,0,DanielKohut/car-data,added_missing
2547,75,Lancia,Musa,2004,2011,2004-2011,3,original_db,existing
2548,75,Lancia,New Ypsilon,2011,2011,2011,2,original_db,existing
4477,75,Lancia,PHEDRA (179),2002,2007,2002-2007,11,itdiag8-dotcom/database (vivid_cars2000.db),added_from_vivid
2549,75,Lancia,Phedra,2002,2010,2002-2010,0,gor3a/vehicle-makes-models,added_missing
2551,75,Lancia,Scorpion,,,,0,DanielKohut/car-data,added_missing
2553,75,Lancia,Stratos Zero,,,,0,DanielKohut/car-data,added_missing
4854,75,Lancia,THEMA (LX),2010,2010,2010,3,itdiag8-dotcom/database (vivid_cars2000.db),added_from_vivid
5295,75,Lancia,THESIS (841AX),2002,2005,2002-2005,9,itdiag8-dotcom/database (vivid_cars2000.db),added_from_vivid
2554,75,Lancia,Thema,2011,2011,2011,2,original_db,existing
2555,75,Lancia,Thesis,2001,2009,2001-2009,0,gor3a/vehicle-makes-models,added_missing
4855,75,Lancia,VOYAGER MPV (RT),2010,2012,2010-2012,4,itdiag8-dotcom/database (vivid_cars2000.db),added_from_vivid
2557,75,Lancia,Voyager,2011,2011,2011,1,original_db,existing
2558,75,Lancia,Y,,,,0,DanielKohut/car-data,added_missing
5144,75,Lancia,Y (840A),2000,2000,2000,1,itdiag8-dotcom/database (vivid_cars2000.db),added_from_vivid
4356,75,Lancia,YPSILON (843),2003,2009,2003-2009,10,itdiag8-dotcom/database (vivid_cars2000.db),added_from_vivid
4725,75,Lancia,YPSILON (846),2010,2012,2010-2012,5,itdiag8-dotcom/database (vivid_cars2000.db),added_from_vivid
2559,75,Lancia,Ypsilon,2011,2011,2011,1,original_db,existing
5073,75,Lancia,ZETA (220),2000,2000,2000,2,itdiag8-dotcom/database (vivid_cars2000.db),added_from_vivid
2560,75,Lancia,Zeta,1994,2001,1994-2001,0,gor3a/vehicle-makes-models,added_missing
5984,76,Land Rover,DEFENDER Cabrio (LD),2006,2010,2006-2010,1,itdiag8-dotcom/database (vivid_cars2000.db),added_from_vivid
5986,76,Land Rover,DEFENDER Pickup (LD_),2006,2010,2006-2010,1,itdiag8-dotcom/database (vivid_cars2000.db),added_from_vivid
5985,76,Land Rover,DEFENDER Station Wagon (LD),2006,2010,2006-2010,1,itdiag8-dotcom/database (vivid_cars2000.db),added_from_vivid
5465,76,Land Rover,DISCOVERY III (TAA),2003,2004,2003-2004,3,itdiag8-dotcom/database (vivid_cars2000.db),added_from_vivid
4325,76,Land Rover,DISCOVERY IV (LA),2008,2012,2008-2012,9,itdiag8-dotcom/database (vivid_cars2000.db),added_from_vivid
6492,76,Land Rover,DISCOVERY SPORT (LC),2013,2013,2013,3,itdiag8-dotcom/database (vivid_cars2000.db),added_from_vivid
2561,76,Land Rover,Defender,2012,2024,2012,1,original_db,existing
2562,76,Land Rover,Defender 110,1991,2025,1991-2025,0,gor3a/vehicle-makes-models,added_missing
2563,76,Land Rover,Defender 130,2022,2026,2022-2026,0,gor3a/vehicle-makes-models,added_missing
2564,76,Land Rover,Defender 90,1991,2025,1991-2025,0,gor3a/vehicle-makes-models,added_missing
2565,76,Land Rover,Defender Octa,2024,2026,2024-2026,0,gor3a/vehicle-makes-models,added_missing
2566,76,Land Rover,Discovery,2000,2025,2003-2009,4,original_db,existing
2568,76,Land Rover,Discovery SVX,2018,2020,2018-2020,0,gor3a/vehicle-makes-models,added_missing
2567,76,Land Rover,Discovery Sport,2015,2016,2015-2016,9,original_db,existing
5106,76,Land Rover,FREELANDER (LN),2000,2001,2000-2001,6,itdiag8-dotcom/database (vivid_cars2000.db),added_from_vivid
4367,76,Land Rover,FREELANDER 2 (FA_),2005,2010,2005-2010,10,itdiag8-dotcom/database (vivid_cars2000.db),added_from_vivid
2569,76,Land Rover,Freelander,2002,2011,2006-2011,5,original_db,existing
2570,76,Land Rover,LR2,2008,2015,2008-2015,0,plowman/open-vehicle-db,added_missing
2571,76,Land Rover,LR3,2005,2009,2005-2009,0,plowman/open-vehicle-db,added_missing
2572,76,Land Rover,LR4,2010,2016,2010-2016,0,plowman/open-vehicle-db,added_missing
2573,76,Land Rover,New Range Rover,2022,2022,2022-2022,0,plowman/open-vehicle-db,added_missing
4679,76,Land Rover,RANGE ROVER EVOQUE (LV),2010,2010,2010,3,itdiag8-dotcom/database (vivid_cars2000.db),added_from_vivid
4363,76,Land Rover,RANGE ROVER III (LM),2002,2009,2002-2009,9,itdiag8-dotcom/database (vivid_cars2000.db),added_from_vivid
6315,76,Land Rover,RANGE ROVER IV (LG),2011,2012,2011-2012,8,itdiag8-dotcom/database (vivid_cars2000.db),added_from_vivid
4372,76,Land Rover,RANGE ROVER SPORT (LS),2004,2011,2004-2011,11,itdiag8-dotcom/database (vivid_cars2000.db),added_from_vivid
6387,76,Land Rover,RANGE ROVER SPORT (LW),2012,2012,2012,10,itdiag8-dotcom/database (vivid_cars2000.db),added_from_vivid
6593,76,Land Rover,Range,2000,2025,2015,1,lemon.dogeware.me LEMON 2015,active
2574,76,Land Rover,Range Rover,2002,2015,2002-2015,64,original_db,existing
2575,76,Land Rover,Range Rover Evoque,2011,2015,2011-2015,26,original_db,existing
2576,76,Land Rover,Range Rover L,2014,2021,2014-2021,0,gor3a/vehicle-makes-models,added_missing
2577,76,Land Rover,Range Rover PHEV,2013,2022,2013-2022,0,gor3a/vehicle-makes-models,added_missing
2578,76,Land Rover,Range Rover Sport,2005,2006,2005-2006,2,original_db,existing
2579,76,Land Rover,Range Rover Sport PHEV,2017,2022,2017-2022,0,gor3a/vehicle-makes-models,added_missing
2580,76,Land Rover,Range Rover Sport SVR,2015,2022,2015-2022,0,gor3a/vehicle-makes-models,added_missing
2581,76,Land Rover,Range Rover Velar,2017,2026,2017-2026,0,gor3a/vehicle-makes-models,added_missing
2582,78,Lexus,CT,2011,2022,2011-2022,0,gor3a/vehicle-makes-models,added_missing
4322,78,Lexus,CT (ZWA1_),2009,2009,2009,2,itdiag8-dotcom/database (vivid_cars2000.db),added_from_vivid
2583,78,Lexus,ES,2000,2026,2002-2026,0,gor3a/vehicle-makes-models,added_missing
6379,78,Lexus,"ES (AVV6_, GSV6_, ASV6_)",2011,2011,2011,3,itdiag8-dotcom/database (vivid_cars2000.db),added_from_vivid
4761,78,Lexus,"ES (GSV4_, ACV4_)",2005,2005,2005,2,itdiag8-dotcom/database (vivid_cars2000.db),added_from_vivid
5947,78,Lexus,"ES (MCV_, VZV_)",2001,2003,2001-2003,3,itdiag8-dotcom/database (vivid_cars2000.db),added_from_vivid
5213,78,Lexus,"GS (GRL1_, GWL1_)",2011,2012,2011-2012,6,itdiag8-dotcom/database (vivid_cars2000.db),added_from_vivid
4377,78,Lexus,"GS (GRS19_, UZS19_, GWS19_)",2004,2007,2004-2007,10,itdiag8-dotcom/database (vivid_cars2000.db),added_from_vivid
5135,78,Lexus,"GS (UZS161, JZS160)",2000,2000,2000,2,itdiag8-dotcom/database (vivid_cars2000.db),added_from_vivid
2585,78,Lexus,GS F,2015,2020,2015-2020,0,gor3a/vehicle-makes-models,added_missing
4681,78,Lexus,GX (URJ15_),2008,2009,2008-2009,3,itdiag8-dotcom/database (vivid_cars2000.db),added_from_vivid
4997,78,Lexus,GX (_J12_),2001,2001,2001,2,itdiag8-dotcom/database (vivid_cars2000.db),added_from_vivid
2584,78,Lexus,Gs,2005,2008,2005-2008,5,original_db,existing
2586,78,Lexus,Gx,2009,2009,2009,1,original_db,existing
2587,78,Lexus,HS,2009,2013,2009-2013,0,gor3a/vehicle-makes-models,added_missing
4376,78,Lexus,HS (ANF10),2008,2008,2008,1,itdiag8-dotcom/database (vivid_cars2000.db),added_from_vivid
4680,78,Lexus,IS C (GSE2_),2008,2009,2008-2009,5,itdiag8-dotcom/database (vivid_cars2000.db),added_from_vivid
5273,78,Lexus,"IS I (JCE1_, GXE1_)",2001,2001,2001,1,itdiag8-dotcom/database (vivid_cars2000.db),added_from_vivid
4368,78,Lexus,"IS II (GSE2_, ALE2_, USE2_)",2004,2009,2004-2009,8,itdiag8-dotcom/database (vivid_cars2000.db),added_from_vivid
6385,78,Lexus,"IS III (GSE3_, AVE3_)",2012,2012,2012,3,itdiag8-dotcom/database (vivid_cars2000.db),added_from_vivid
5274,78,Lexus,IS SportCross,2001,2002,2001-2002,2,itdiag8-dotcom/database (vivid_cars2000.db),added_from_vivid
2588,78,Lexus,Is,2005,2013,2005-2013,7,original_db,existing
2589,78,Lexus,LBX,2023,2026,2023-2026,0,gor3a/vehicle-makes-models,added_missing
2590,78,Lexus,LC,2016,2026,2016-2026,0,gor3a/vehicle-makes-models,added_missing
2591,78,Lexus,LFA,2010,2013,2010-2013,0,gor3a/vehicle-makes-models,added_missing
5574,78,Lexus,LFA (LFA10_),2009,2010,2009-2010,2,itdiag8-dotcom/database (vivid_cars2000.db),added_from_vivid
2592,78,Lexus,LM,2023,2026,2023-2026,0,gor3a/vehicle-makes-models,added_missing
5136,78,Lexus,LS (UCF30),2000,2000,2000,2,itdiag8-dotcom/database (vivid_cars2000.db),added_from_vivid
4378,78,Lexus,"LS (UVF4_, USF4_)",2005,2011,2005-2011,9,itdiag8-dotcom/database (vivid_cars2000.db),added_from_vivid
4440,78,Lexus,LX (URJ201),2006,2011,2006-2011,4,itdiag8-dotcom/database (vivid_cars2000.db),added_from_vivid
6200,78,Lexus,LX (UZJ100),2001,2002,2001-2002,2,itdiag8-dotcom/database (vivid_cars2000.db),added_from_vivid
2593,78,Lexus,Ls,2001,2008,2001-2008,5,original_db,existing
2594,78,Lexus,Lx,2007,2007,2007,1,original_db,existing
2595,78,Lexus,NX,2014,2026,2014-2026,0,gor3a/vehicle-makes-models,added_missing
6468,78,Lexus,NX (AYZ1_),2012,2012,2012,2,itdiag8-dotcom/database (vivid_cars2000.db),added_from_vivid
2596,78,Lexus,RC,2014,2025,2014-2025,0,gor3a/vehicle-makes-models,added_missing
6445,78,Lexus,"RC (GSC1_, USC1_)",2012,2012,2012,5,itdiag8-dotcom/database (vivid_cars2000.db),added_from_vivid
2597,78,Lexus,RC F,2014,2025,2014-2025,0,gor3a/vehicle-makes-models,added_missing
4375,78,Lexus,"RX (GYL1_, GGL15, AGL10)",2007,2011,2007-2011,5,itdiag8-dotcom/database (vivid_cars2000.db),added_from_vivid
5134,78,Lexus,RX (MCU15),2000,2000,2000,2,itdiag8-dotcom/database (vivid_cars2000.db),added_from_vivid
5389,78,Lexus,"RX (MHU3_, GSU3_, MCU3_)",2002,2005,2002-2005,5,itdiag8-dotcom/database (vivid_cars2000.db),added_from_vivid
2599,78,Lexus,RZ,2022,2026,2022-2026,0,gor3a/vehicle-makes-models,added_missing
2598,78,Lexus,Rx,2006,2006,2006,1,original_db,existing
2600,78,Lexus,SC,1991,2010,1991-2010,0,gor3a/vehicle-makes-models,added_missing
4886,78,Lexus,SC (UZZ40_),2001,2001,2001,3,itdiag8-dotcom/database (vivid_cars2000.db),added_from_vivid
2601,78,Lexus,TX,2023,2026,2023-2026,0,gor3a/vehicle-makes-models,added_missing
2602,78,Lexus,TZ,2026,2026,2026-2026,0,gor3a/vehicle-makes-models,added_missing
2603,78,Lexus,UX,2018,2025,2018-2023,0,gor3a/vehicle-makes-models,added_missing
2604,79,Lincoln,Aviator,2002,2026,2002-2026,0,gor3a/vehicle-makes-models,added_missing
6709,79,Lincoln,Blackwood,2002,2003,2002,1,lemon.dogeware.me LEMON 2015,active
2605,79,Lincoln,Continental,1958,2020,1958-2020,0,gor3a/vehicle-makes-models,added_missing
2606,79,Lincoln,Corsair,2019,2026,2019-2026,0,gor3a/vehicle-makes-models,added_missing
2607,79,Lincoln,LS,1999,2006,1999-2006,0,gor3a/vehicle-makes-models,added_missing
2609,79,Lincoln,MKC,2014,2019,2014-2019,0,gor3a/vehicle-makes-models,added_missing
2610,79,Lincoln,MKS,2008,2016,2008-2016,0,gor3a/vehicle-makes-models,added_missing
2611,79,Lincoln,MKT,2009,2019,2009-2019,0,gor3a/vehicle-makes-models,added_missing
2612,79,Lincoln,MKX,2006,2018,2006-2018,0,gor3a/vehicle-makes-models,added_missing
2613,79,Lincoln,MKZ,2006,2020,2006-2020,0,gor3a/vehicle-makes-models,added_missing
6757,79,Lincoln,Mark,2006,2008,2006,1,lemon.dogeware.me LEMON 2015,active
2608,79,Lincoln,Mark LT,2005,2014,2005-2014,0,gor3a/vehicle-makes-models,added_missing
2614,79,Lincoln,Nautilus,2017,2026,2017-2026,0,gor3a/vehicle-makes-models,added_missing
2615,79,Lincoln,Navigator,1998,2025,1998-2024,0,gor3a/vehicle-makes-models,added_missing
2616,79,Lincoln,Navigator L,2006,2024,2006-2024,0,gor3a/vehicle-makes-models,added_missing
6708,79,Lincoln,Town,2000,2011,2000,1,lemon.dogeware.me LEMON 2015,active
2617,79,Lincoln,Town Car,1998,2011,1998-2011,0,gor3a/vehicle-makes-models,added_missing
2618,79,Lincoln,Zephyr,1936,2026,1936-2026,0,gor3a/vehicle-makes-models,added_missing
2619,80,Lotus,2 Eleven,2007,2015,2007-2015,0,gor3a/vehicle-makes-models,added_missing
2620,80,Lotus,2-Eleven,2008,2012,2008-2012,0,plowman/open-vehicle-db,added_missing
2621,80,Lotus,3 Eleven,2018,2018,2018-2018,0,gor3a/vehicle-makes-models,added_missing
2622,80,Lotus,340R,2007,2008,2007-2008,0,plowman/open-vehicle-db,added_missing
2623,80,Lotus,Cortina,,,,0,DanielKohut/car-data,added_missing
2624,80,Lotus,Eagle,2008,2009,2008-2009,0,plowman/open-vehicle-db,added_missing
2625,80,Lotus,Eclat,1981,2008,1981-2008,0,plowman/open-vehicle-db,added_missing
2627,80,Lotus,Eletre,2022,2026,2022-2026,0,gor3a/vehicle-makes-models,added_missing
2628,80,Lotus,Eleven,,,,0,DanielKohut/car-data,added_missing
2629,80,Lotus,Elise,1999,2011,1999-2011,5,original_db,existing
2631,80,Lotus,Emeya,2023,2026,2023-2026,0,gor3a/vehicle-makes-models,added_missing
2632,80,Lotus,Emira,2021,2024,2021-2024,0,gor3a/vehicle-makes-models,added_missing
2633,80,Lotus,Esprit,1976,2004,1976-2004,0,gor3a/vehicle-makes-models,added_missing
2634,80,Lotus,Europa,2006,2006,2006,1,original_db,existing
2635,80,Lotus,Evija,2020,2026,2020-2026,0,gor3a/vehicle-makes-models,added_missing
2636,80,Lotus,Evora,2008,2010,2008-2010,2,original_db,existing
2638,80,Lotus,Exige,2004,2006,2004-2006,2,original_db,existing
2639,80,Lotus,MEL,2007,2009,2007-2009,0,plowman/open-vehicle-db,added_missing
2640,80,Lotus,Monaco,2007,2008,2007-2008,0,plowman/open-vehicle-db,added_missing
2641,80,Lotus,Monza,2007,2008,2007-2008,0,plowman/open-vehicle-db,added_missing
2642,80,Lotus,Seven,,,,0,DanielKohut/car-data,added_missing
2643,80,Lotus,Spa,2007,2008,2007-2008,0,plowman/open-vehicle-db,added_missing
2644,80,Lotus,Turbo Esprit,1981,2000,1981-2000,0,plowman/open-vehicle-db,added_missing
2645,80,Lotus,Type 14,,,,0,DanielKohut/car-data,added_missing
2646,80,Lotus,Type 23,,,,0,DanielKohut/car-data,added_missing
2647,80,Lotus,Type 25,,,,0,DanielKohut/car-data,added_missing
2648,80,Lotus,Type 49,,,,0,DanielKohut/car-data,added_missing
2649,80,Lotus,Type 72,,,,0,DanielKohut/car-data,added_missing
2650,80,Lotus,Type 79,,,,0,DanielKohut/car-data,added_missing
2651,80,Lotus,Type 97T,,,,0,DanielKohut/car-data,added_missing
2652,80,Lotus,Type 99T,,,,0,DanielKohut/car-data,added_missing
2653,82,Lti Vehicles,Tx4,2006,2006,2006,1,original_db,existing
2654,83,Luxgen,Luxgen 7,2009,2009,2009,1,original_db,existing
2655,84,Lynk & Co,01,2017,2026,2017-2026,0,gor3a/vehicle-makes-models,added_missing
2656,84,Lynk & Co,02,2018,2026,2018-2026,0,gor3a/vehicle-makes-models,added_missing
2657,84,Lynk & Co,03,2018,2026,2018-2026,0,gor3a/vehicle-makes-models,added_missing
2658,84,Lynk & Co,05,2020,2026,2020-2026,0,gor3a/vehicle-makes-models,added_missing
2659,84,Lynk & Co,06,2020,2026,2020-2026,0,gor3a/vehicle-makes-models,added_missing
2660,84,Lynk & Co,09,2021,2026,2021-2026,0,gor3a/vehicle-makes-models,added_missing
5949,97,MG,EXPRESS Box,2002,2002,2002,5,itdiag8-dotcom/database (vivid_cars2000.db),added_from_vivid
2967,97,MG,F/ TF,1995,2005,1995-2005,0,gor3a/vehicle-makes-models,added_missing
2968,97,MG,GS,2015,2019,2015-2019,0,gor3a/vehicle-makes-models,added_missing
2969,97,MG,HS,2019,2024,2019-2024,0,gor3a/vehicle-makes-models,added_missing
2970,97,MG,IM5,2025,2026,2025-2026,0,gor3a/vehicle-makes-models,added_missing
2971,97,MG,IM6,2025,2026,2025-2026,0,gor3a/vehicle-makes-models,added_missing
2973,97,MG,MG 3,2013,2026,2013-2026,0,gor3a/vehicle-makes-models,added_missing
2974,97,MG,MG 4,2022,2026,2022-2026,0,gor3a/vehicle-makes-models,added_missing
2975,97,MG,MG 5,2021,2026,2021-2026,0,gor3a/vehicle-makes-models,added_missing
2976,97,MG,MG 6,2011,2016,2011-2016,0,gor3a/vehicle-makes-models,added_missing
4682,97,MG,MG 6 Hatchback,2009,2011,2009-2011,5,itdiag8-dotcom/database (vivid_cars2000.db),added_from_vivid
4867,97,MG,MG 6 Saloon,2009,2011,2009-2011,3,itdiag8-dotcom/database (vivid_cars2000.db),added_from_vivid
6350,97,MG,MG 7,2006,2006,2006,2,itdiag8-dotcom/database (vivid_cars2000.db),added_from_vivid
2977,97,MG,MG Cyberster,,,,0,DanielKohut/car-data,added_missing
2978,97,MG,MG HS,,,,0,DanielKohut/car-data,added_missing
2979,97,MG,MG HS PHEV,,,,0,DanielKohut/car-data,added_missing
2980,97,MG,MG Marvel R,,,,0,DanielKohut/car-data,added_missing
5311,97,MG,MG TF,2002,2002,2002,4,itdiag8-dotcom/database (vivid_cars2000.db),added_from_vivid
5208,97,MG,MG ZR,2001,2002,2001-2002,5,itdiag8-dotcom/database (vivid_cars2000.db),added_from_vivid
2981,97,MG,MG ZS,,,,0,DanielKohut/car-data,added_missing
2982,97,MG,MG ZS EV,,,,0,DanielKohut/car-data,added_missing
5210,97,MG,MG ZS Hatchback,2001,2003,2001-2003,5,itdiag8-dotcom/database (vivid_cars2000.db),added_from_vivid
5209,97,MG,MG ZT,2001,2003,2001-2003,9,itdiag8-dotcom/database (vivid_cars2000.db),added_from_vivid
5276,97,MG,MG ZT- T,2001,2003,2001-2003,9,itdiag8-dotcom/database (vivid_cars2000.db),added_from_vivid
2983,97,MG,MG3,,,,0,DanielKohut/car-data,added_missing
2984,97,MG,MG5,,,,0,DanielKohut/car-data,added_missing
2985,97,MG,MG6,,,,0,DanielKohut/car-data,added_missing
5352,97,MG,MGF (RD),2000,2001,2000-2001,2,itdiag8-dotcom/database (vivid_cars2000.db),added_from_vivid
2972,97,MG,Marvel R,2021,2026,2021-2026,0,gor3a/vehicle-makes-models,added_missing
2986,97,MG,S5 EV,2025,2026,2025-2026,0,gor3a/vehicle-makes-models,added_missing
2987,97,MG,U9,2025,2026,2025-2026,0,gor3a/vehicle-makes-models,added_missing
2988,97,MG,XPower,2004,2005,2004-2005,0,gor3a/vehicle-makes-models,added_missing
2989,97,MG,ZR,2001,2005,2001-2005,0,gor3a/vehicle-makes-models,added_missing
2990,97,MG,ZS,2001,2026,2001-2026,0,gor3a/vehicle-makes-models,added_missing
2991,97,MG,ZT,2001,2005,2001-2005,0,gor3a/vehicle-makes-models,added_missing
2992,97,MG,ZT-T,2001,2005,2001-2005,0,gor3a/vehicle-makes-models,added_missing
2661,85,Mahindra,Armored Light Specialist Vehicle,,,,0,DanielKohut/car-data,added_missing
2662,85,Mahindra,BE 6,,,,0,DanielKohut/car-data,added_missing
2663,85,Mahindra,Bolero,2011,2020,2011-2020,0,gor3a/vehicle-makes-models,added_missing
2664,85,Mahindra,Bolero Neo,,,,0,DanielKohut/car-data,added_missing
2665,85,Mahindra,Goa,2012,2012,2012,1,original_db,existing
2666,85,Mahindra,Jeeto,,,,0,DanielKohut/car-data,added_missing
2667,85,Mahindra,KUV100,,,,0,DanielKohut/car-data,added_missing
2668,85,Mahindra,Major,,,,0,DanielKohut/car-data,added_missing
2669,85,Mahindra,Marazzo,,,,0,DanielKohut/car-data,added_missing
2670,85,Mahindra,Marksman,,,,0,DanielKohut/car-data,added_missing
2671,85,Mahindra,Maxx,,,,0,DanielKohut/car-data,added_missing
2672,85,Mahindra,Maxximo,,,,0,DanielKohut/car-data,added_missing
2673,85,Mahindra,Mine Protected Vehicle,,,,0,DanielKohut/car-data,added_missing
2674,85,Mahindra,NuvoSport,,,,0,DanielKohut/car-data,added_missing
2675,85,Mahindra,Roxor,,,,0,DanielKohut/car-data,added_missing
2676,85,Mahindra,Scorpio,2012,2012,2012,1,original_db,existing
2677,85,Mahindra,Scorpio / GOA,2002,2014,2002-2014,0,gor3a/vehicle-makes-models,added_missing
2678,85,Mahindra,Scorpio Getaway,,,,0,DanielKohut/car-data,added_missing
2679,85,Mahindra,Scorpio N,,,,0,DanielKohut/car-data,added_missing
2680,85,Mahindra,Thar,2010,2010,2010,1,original_db,existing
2681,85,Mahindra,Thar Roxx,,,,0,DanielKohut/car-data,added_missing
2682,85,Mahindra,Verito,2012,2019,2012-2019,0,gor3a/vehicle-makes-models,added_missing
2683,85,Mahindra,Verito Vibe,,,,0,DanielKohut/car-data,added_missing
2684,85,Mahindra,XUV 3XO,,,,0,DanielKohut/car-data,added_missing
2685,85,Mahindra,XUV300,,,,0,DanielKohut/car-data,added_missing
2687,85,Mahindra,XUV700,,,,0,DanielKohut/car-data,added_missing
2686,85,Mahindra,Xuv500,2011,2016,2011-2016,2,original_db,existing
2688,86,Maruti,Alto K10,,,,0,DanielKohut/car-data,added_missing
2689,86,Maruti,Baleno,,,,0,DanielKohut/car-data,added_missing
2690,86,Maruti,Brezza,,,,0,DanielKohut/car-data,added_missing
2691,86,Maruti,Celerio,,,,0,DanielKohut/car-data,added_missing
2692,86,Maruti,Ciaz,,,,0,DanielKohut/car-data,added_missing
2693,86,Maruti,Dzire,,,,0,DanielKohut/car-data,added_missing
2694,86,Maruti,Ertiga,,,,0,DanielKohut/car-data,added_missing
2695,86,Maruti,Fronx,,,,0,DanielKohut/car-data,added_missing
2696,86,Maruti,Grand Vitara,,,,0,DanielKohut/car-data,added_missing
2697,86,Maruti,Ignis,,,,0,DanielKohut/car-data,added_missing
2698,86,Maruti,Invicto,,,,0,DanielKohut/car-data,added_missing
2699,86,Maruti,S-Presso,,,,0,DanielKohut/car-data,added_missing
2700,86,Maruti,Swift,,,,0,DanielKohut/car-data,added_missing
2701,86,Maruti,Wagon R,,,,0,DanielKohut/car-data,added_missing
2702,86,Maruti,XL6,,,,0,DanielKohut/car-data,added_missing
2704,87,Maserati,3200 GT,,,,0,DanielKohut/car-data,added_missing
2705,87,Maserati,3200 GTA,,,,0,DanielKohut/car-data,added_missing
2709,87,Maserati,Coupe,1998,2004,1998-2004,0,gor3a/vehicle-makes-models,added_missing
2710,87,Maserati,Coupe (4200 Gt),2002,2002,2002,4,original_db,existing
2711,87,Maserati,Coupé,,,,0,DanielKohut/car-data,added_missing
6177,87,Maserati,GHIBLI (M157),2012,2012,2012,2,itdiag8-dotcom/database (vivid_cars2000.db),added_from_vivid
5942,87,Maserati,GRAN TURISMO,2007,2012,2007-2012,7,itdiag8-dotcom/database (vivid_cars2000.db),added_from_vivid
5651,87,Maserati,GRANSPORT Convertible,2003,2003,2003,4,itdiag8-dotcom/database (vivid_cars2000.db),added_from_vivid
5650,87,Maserati,GRANSPORT Coupe,2003,2003,2003,1,itdiag8-dotcom/database (vivid_cars2000.db),added_from_vivid
2725,87,Maserati,GT2 Stradale,2024,2026,2024-2026,0,gor3a/vehicle-makes-models,added_missing
2712,87,Maserati,Ghibli,2013,2013,2013,5,original_db,existing
2713,87,Maserati,Ghibli III,,,,0,DanielKohut/car-data,added_missing
2714,87,Maserati,Ghibli III Diesel,,,,0,DanielKohut/car-data,added_missing
2715,87,Maserati,Ghibli III S,,,,0,DanielKohut/car-data,added_missing
2717,87,Maserati,GranCabrio II,,,,0,DanielKohut/car-data,added_missing
2719,87,Maserati,GranSport Spyder,,,,0,DanielKohut/car-data,added_missing
2721,87,Maserati,GranTurismo II,,,,0,DanielKohut/car-data,added_missing
2722,87,Maserati,GranTurismo S,,,,0,DanielKohut/car-data,added_missing
2716,87,Maserati,Grancabrio,2010,2013,2010-2013,6,original_db,existing
2718,87,Maserati,Gransport,2004,2006,2004-2006,8,original_db,existing
2720,87,Maserati,Granturismo,2007,2012,2007-2012,15,original_db,existing
2723,87,Maserati,Grecale,2022,2026,2022-2026,0,gor3a/vehicle-makes-models,added_missing
2724,87,Maserati,Grecale Trofeo,2022,2026,2022-2026,0,gor3a/vehicle-makes-models,added_missing
2727,87,Maserati,Levante,2016,2026,2016-2026,0,gor3a/vehicle-makes-models,added_missing
2728,87,Maserati,Levante Hybrid,,,,0,DanielKohut/car-data,added_missing
2729,87,Maserati,MC 12,2004,2005,2004-2005,0,gor3a/vehicle-makes-models,added_missing
2730,87,Maserati,MC12,,,,0,DanielKohut/car-data,added_missing
2731,87,Maserati,MC20,2020,2026,2020-2026,0,gor3a/vehicle-makes-models,added_missing
2732,87,Maserati,MC20 Cielo,,,,0,DanielKohut/car-data,added_missing
2733,87,Maserati,MCPura,2025,2026,2025-2026,0,gor3a/vehicle-makes-models,added_missing
2734,87,Maserati,MCPura Cielo,2025,2026,2025-2026,0,gor3a/vehicle-makes-models,added_missing
6222,87,Maserati,QUATTROPORTE VI,2011,2012,2011-2012,5,itdiag8-dotcom/database (vivid_cars2000.db),added_from_vivid
2736,87,Maserati,Quattroporte,2004,2014,2004-2014,31,original_db,existing
2737,87,Maserati,Quattroporte Sport GT S,2009,2013,2009-2013,0,gor3a/vehicle-makes-models,added_missing
2738,87,Maserati,Quattroporte V,,,,0,DanielKohut/car-data,added_missing
2739,87,Maserati,Quattroporte V S,,,,0,DanielKohut/car-data,added_missing
2740,87,Maserati,Quattroporte V6 Evoluzione,,,,0,DanielKohut/car-data,added_missing
2741,87,Maserati,Quattroporte V8 Evoluzione,,,,0,DanielKohut/car-data,added_missing
2742,87,Maserati,Quattroporte VI Diesel,,,,0,DanielKohut/car-data,added_missing
2743,87,Maserati,Quattroporte VI GTS,,,,0,DanielKohut/car-data,added_missing
2744,87,Maserati,Quattroporte VI S,,,,0,DanielKohut/car-data,added_missing
5501,87,Maserati,SPYDER Coupe,2002,2004,2002-2004,4,itdiag8-dotcom/database (vivid_cars2000.db),added_from_vivid
2745,87,Maserati,Spyder,2001,2007,2001-2007,0,gor3a/vehicle-makes-models,added_missing
2746,87,Maserati,Spyder (4200 Gt),2001,2006,2001-2006,7,original_db,existing
2749,89,Mazda,2,2002,2015,2002-2015,9,original_db,existing
5747,89,Mazda,2 (DE),2006,2010,2006-2010,7,itdiag8-dotcom/database (vivid_cars2000.db),added_from_vivid
5355,89,Mazda,2 (DY),2002,2002,2002,7,itdiag8-dotcom/database (vivid_cars2000.db),added_from_vivid
2750,89,Mazda,2 / Demio,2002,2026,2002-2026,0,gor3a/vehicle-makes-models,added_missing
4674,89,Mazda,2 Saloon (DE),2009,2009,2009,1,itdiag8-dotcom/database (vivid_cars2000.db),added_from_vivid
2751,89,Mazda,3,2003,2025,2003-2016,20,original_db,existing
5414,89,Mazda,3 (BK),2003,2005,2003-2005,10,itdiag8-dotcom/database (vivid_cars2000.db),added_from_vivid
6006,89,Mazda,3 (BL),2007,2009,2007-2009,13,itdiag8-dotcom/database (vivid_cars2000.db),added_from_vivid
5606,89,Mazda,3 (BM),2012,2013,2012-2013,9,itdiag8-dotcom/database (vivid_cars2000.db),added_from_vivid
2752,89,Mazda,3 / Axela,2004,2026,2004-2026,0,gor3a/vehicle-makes-models,added_missing
2753,89,Mazda,3 MPS / MAZDASPEED 3,2006,2013,2006-2013,0,gor3a/vehicle-makes-models,added_missing
5415,89,Mazda,3 Saloon (BK),2000,2005,2000-2005,7,itdiag8-dotcom/database (vivid_cars2000.db),added_from_vivid
6007,89,Mazda,3 Saloon (BL),2007,2009,2007-2009,9,itdiag8-dotcom/database (vivid_cars2000.db),added_from_vivid
5608,89,Mazda,3 Saloon (BM),2012,2013,2012-2013,6,itdiag8-dotcom/database (vivid_cars2000.db),added_from_vivid
5174,89,Mazda,323 F VI (BJ),2001,2001,2001,6,itdiag8-dotcom/database (vivid_cars2000.db),added_from_vivid
5175,89,Mazda,323 S VI (BJ),2000,2001,2000-2001,7,itdiag8-dotcom/database (vivid_cars2000.db),added_from_vivid
2756,89,Mazda,5,2005,2015,2005-2010,5,original_db,existing
5493,89,Mazda,5 (CR19),2004,2004,2004,5,itdiag8-dotcom/database (vivid_cars2000.db),added_from_vivid
4447,89,Mazda,5 (CW),2009,2012,2009-2012,3,itdiag8-dotcom/database (vivid_cars2000.db),added_from_vivid
2757,89,Mazda,5 / Premacy,2005,2013,2005-2013,0,gor3a/vehicle-makes-models,added_missing
2758,89,Mazda,6,2003,2021,2004-2015,15,original_db,existing
5322,89,Mazda,6 (GG),2002,2006,2002-2006,11,itdiag8-dotcom/database (vivid_cars2000.db),added_from_vivid
5816,89,Mazda,6 (GH),2006,2009,2006-2009,9,itdiag8-dotcom/database (vivid_cars2000.db),added_from_vivid
2759,89,Mazda,6 / Atenza,2002,2019,2002-2019,0,gor3a/vehicle-makes-models,added_missing
4396,89,Mazda,6 Estate (GH),2007,2009,2007-2009,9,itdiag8-dotcom/database (vivid_cars2000.db),added_from_vivid
6347,89,Mazda,"6 Estate (GJ, GH)",2011,2012,2011-2012,7,itdiag8-dotcom/database (vivid_cars2000.db),added_from_vivid
5321,89,Mazda,6 Hatchback (GG),2002,2006,2002-2006,11,itdiag8-dotcom/database (vivid_cars2000.db),added_from_vivid
4395,89,Mazda,6 Hatchback (GH),2006,2009,2006-2009,9,itdiag8-dotcom/database (vivid_cars2000.db),added_from_vivid
6346,89,Mazda,"6 Saloon (GJ, GH)",2011,2012,2011-2012,5,itdiag8-dotcom/database (vivid_cars2000.db),added_from_vivid
5323,89,Mazda,6 Station Wagon (GY),2002,2004,2002-2004,9,itdiag8-dotcom/database (vivid_cars2000.db),added_from_vivid
2760,89,Mazda,626,1988,2002,1988-2002,0,gor3a/vehicle-makes-models,added_missing
4983,89,Mazda,626 V Station Wagon (GW),2000,2000,2000,1,itdiag8-dotcom/database (vivid_cars2000.db),added_from_vivid
2762,89,Mazda,6e,2025,2026,2025-2026,0,gor3a/vehicle-makes-models,added_missing
2764,89,Mazda,Atenza,2014,2014,2014,1,original_db,existing
2765,89,Mazda,Axela,2004,2004,2004,1,original_db,existing
2766,89,Mazda,B Series / Bravo Dual Cab,1999,2006,1999-2006,0,gor3a/vehicle-makes-models,added_missing
2767,89,Mazda,B Series / Bravo Freestyle Cab,1999,2006,1999-2006,0,gor3a/vehicle-makes-models,added_missing
5405,89,Mazda,B-SERIE (UN),2000,2002,2000-2002,1,itdiag8-dotcom/database (vivid_cars2000.db),added_from_vivid
2768,89,Mazda,B-Series,1981,2010,1981-2010,0,plowman/open-vehicle-db,added_missing
6713,89,Mazda,B2300,2001,2009,2001,1,lemon.dogeware.me LEMON 2015,active
6710,89,Mazda,B2500,2000,2001,2000,1,lemon.dogeware.me LEMON 2015,active
6711,89,Mazda,B3000,2000,2007,2000,1,lemon.dogeware.me LEMON 2015,active
6712,89,Mazda,B4000,2000,2009,2000,1,lemon.dogeware.me LEMON 2015,active
5713,89,Mazda,"BT-50 (CD, UN)",2005,2005,2005,2,itdiag8-dotcom/database (vivid_cars2000.db),added_from_vivid
6103,89,Mazda,"BT-50 Platform/Chassis (CD, UN)",2005,2005,2005,2,itdiag8-dotcom/database (vivid_cars2000.db),added_from_vivid
2769,89,Mazda,Biante,2008,2018,2008-2018,0,gor3a/vehicle-makes-models,added_missing
2770,89,Mazda,Bongo,2001,2001,2001,1,original_db,existing
2771,89,Mazda,Bt-50,2006,2006,2006,1,original_db,existing
2772,89,Mazda,Bt2500,2001,2004,2001-2004,2,original_db,existing
2774,89,Mazda,CX-30,2019,2026,2019-2026,0,gor3a/vehicle-makes-models,added_missing
6199,89,Mazda,"CX-5 (KE, GH)",2010,2012,2010-2012,8,itdiag8-dotcom/database (vivid_cars2000.db),added_from_vivid
2776,89,Mazda,CX-50,2021,2026,2021-2026,0,gor3a/vehicle-makes-models,added_missing
2777,89,Mazda,CX-60,2022,2026,2022-2026,0,gor3a/vehicle-makes-models,added_missing
2778,89,Mazda,CX-6e,2026,2026,2026-2026,0,gor3a/vehicle-makes-models,added_missing
4360,89,Mazda,CX-7 (ER),2005,2011,2005-2011,6,itdiag8-dotcom/database (vivid_cars2000.db),added_from_vivid
2780,89,Mazda,CX-70,2024,2026,2024-2026,0,gor3a/vehicle-makes-models,added_missing
2781,89,Mazda,CX-8,2017,2023,2017-2023,0,gor3a/vehicle-makes-models,added_missing
2782,89,Mazda,CX-80,2024,2026,2024-2026,0,gor3a/vehicle-makes-models,added_missing
2783,89,Mazda,CX-9,2007,2024,2007-2024,0,gor3a/vehicle-makes-models,added_missing
6095,89,Mazda,CX-9 (TB),2006,2006,2006,1,itdiag8-dotcom/database (vivid_cars2000.db),added_from_vivid
2784,89,Mazda,CX-90,2023,2026,2023-2026,0,gor3a/vehicle-makes-models,added_missing
2773,89,Mazda,Cx-3,2016,2016,2016,1,original_db,existing
2775,89,Mazda,Cx-5,2012,2012,2012,4,original_db,existing
2779,89,Mazda,Cx-7,2005,2009,2005-2009,2,original_db,existing
5033,89,Mazda,DEMIO (DW),2000,2000,2000,1,itdiag8-dotcom/database (vivid_cars2000.db),added_from_vivid
5966,89,Mazda,E-SERIE Box (SG),2002,2003,2002-2003,2,itdiag8-dotcom/database (vivid_cars2000.db),added_from_vivid
5721,89,Mazda,FIGHTER Pickup,2002,2002,2002,1,itdiag8-dotcom/database (vivid_cars2000.db),added_from_vivid
2785,89,Mazda,Flair,2012,2017,2012-2017,0,gor3a/vehicle-makes-models,added_missing
2786,89,Mazda,Flairwagon,2012,2013,2012-2013,0,gor3a/vehicle-makes-models,added_missing
2808,89,Mazda,MPV,1989,2006,1989-2006,0,plowman/open-vehicle-db,added_missing
5179,89,Mazda,MPV II (LW),2000,2002,2000-2002,4,itdiag8-dotcom/database (vivid_cars2000.db),added_from_vivid
6249,89,Mazda,MPV III (LY),2005,2005,2005,1,itdiag8-dotcom/database (vivid_cars2000.db),added_from_vivid
2810,89,Mazda,MX-30,2019,2026,2019-2026,0,gor3a/vehicle-makes-models,added_missing
2812,89,Mazda,MX-5 / Miata,1989,2026,1989-2026,0,gor3a/vehicle-makes-models,added_missing
5176,89,Mazda,MX-5 II (NB),2000,2002,2000-2002,4,itdiag8-dotcom/database (vivid_cars2000.db),added_from_vivid
5514,89,Mazda,MX-5 III (NC),2004,2004,2004,4,itdiag8-dotcom/database (vivid_cars2000.db),added_from_vivid
2788,89,Mazda,Mazda BT-50,,,,0,DanielKohut/car-data,added_missing
2789,89,Mazda,Mazda CX-30,,,,0,DanielKohut/car-data,added_missing
2790,89,Mazda,Mazda CX-5,,,,0,DanielKohut/car-data,added_missing
2791,89,Mazda,Mazda CX-50,,,,0,DanielKohut/car-data,added_missing
2792,89,Mazda,Mazda CX-50 Hybrid,,,,0,DanielKohut/car-data,added_missing
2793,89,Mazda,Mazda CX-70,,,,0,DanielKohut/car-data,added_missing
2794,89,Mazda,Mazda CX-70 PHEV,,,,0,DanielKohut/car-data,added_missing
2795,89,Mazda,Mazda CX-90,,,,0,DanielKohut/car-data,added_missing
2796,89,Mazda,Mazda CX-90 PHEV,,,,0,DanielKohut/car-data,added_missing
2797,89,Mazda,Mazda MX-30 EV,,,,0,DanielKohut/car-data,added_missing
2798,89,Mazda,Mazda MX-5 Miata,,,,0,DanielKohut/car-data,added_missing
2799,89,Mazda,Mazda RX-7,,,,0,DanielKohut/car-data,added_missing
2800,89,Mazda,Mazda RX-8,,,,0,DanielKohut/car-data,added_missing
2801,89,Mazda,Mazda2,,,,0,DanielKohut/car-data,added_missing
2802,89,Mazda,Mazda3,2004,2027,2004-2027,0,plowman/open-vehicle-db,added_missing
2803,89,Mazda,Mazda3 Hatchback,,,,0,DanielKohut/car-data,added_missing
2804,89,Mazda,Mazda3 Sedan,,,,0,DanielKohut/car-data,added_missing
2805,89,Mazda,Mazda5,,,,0,DanielKohut/car-data,added_missing
2806,89,Mazda,Mazda6,,,,0,DanielKohut/car-data,added_missing
2807,89,Mazda,Millenia,1995,2002,1995-2002,0,plowman/open-vehicle-db,added_missing
2811,89,Mazda,Mx-5,2006,2016,2006-2016,3,original_db,existing
5178,89,Mazda,PREMACY (CP),2000,2004,2000-2004,6,itdiag8-dotcom/database (vivid_cars2000.db),added_from_vivid
2815,89,Mazda,Protege,2000,2003,2001,1,original_db,existing
6714,89,Mazda,Protege5,2002,2003,2002,1,lemon.dogeware.me LEMON 2015,active
5395,89,Mazda,RX 8 (SE17),2003,2003,2003,3,itdiag8-dotcom/database (vivid_cars2000.db),added_from_vivid
2816,89,Mazda,RX-7,1970,2002,1970-2002,0,gor3a/vehicle-makes-models,added_missing
2817,89,Mazda,Rx-8,2003,2003,2003,3,original_db,existing
5015,89,Mazda,TRIBUTE (EP),2000,2005,2000-2005,5,itdiag8-dotcom/database (vivid_cars2000.db),added_from_vivid
2818,89,Mazda,Tribute,2001,2011,2005,1,original_db,existing
2819,89,Mazda,Verisa,2004,2015,2004-2015,0,gor3a/vehicle-makes-models,added_missing
5177,89,Mazda,XEDOS 9 (TA),2000,2000,2000,1,itdiag8-dotcom/database (vivid_cars2000.db),added_from_vivid
2821,89,Mazda,Xedos 9,1993,2002,1993-2002,0,gor3a/vehicle-makes-models,added_missing
2822,93,McLaren,12C GT Sprint,2013,2014,2013-2014,0,gor3a/vehicle-makes-models,added_missing
2823,93,McLaren,540C,2015,2021,2015-2021,0,gor3a/vehicle-makes-models,added_missing
2824,93,McLaren,570GT,2016,2021,2016-2021,0,gor3a/vehicle-makes-models,added_missing
2825,93,McLaren,570S,2015,2021,2015-2021,0,gor3a/vehicle-makes-models,added_missing
2826,93,McLaren,600LT,2018,2020,2018-2020,0,gor3a/vehicle-makes-models,added_missing
2827,93,McLaren,600LT Spider,,,,0,DanielKohut/car-data,added_missing
2828,93,McLaren,620R,2019,2021,2019-2021,0,gor3a/vehicle-makes-models,added_missing
2829,93,McLaren,625C,2009,2021,2009-2021,0,plowman/open-vehicle-db,added_missing
2830,93,McLaren,650S,2014,2017,2014-2017,0,gor3a/vehicle-makes-models,added_missing
2831,93,McLaren,650S Spider,,,,0,DanielKohut/car-data,added_missing
2832,93,McLaren,675LT,2015,2017,2015-2017,0,gor3a/vehicle-makes-models,added_missing
2833,93,McLaren,675LT Spider,,,,0,DanielKohut/car-data,added_missing
2834,93,McLaren,720S,2017,2023,2017-2023,0,gor3a/vehicle-makes-models,added_missing
2835,93,McLaren,750S,2023,2026,2023-2026,0,gor3a/vehicle-makes-models,added_missing
2836,93,McLaren,750S Spider,,,,0,DanielKohut/car-data,added_missing
2837,93,McLaren,765LT,2020,2026,2020-2026,0,gor3a/vehicle-makes-models,added_missing
2838,93,McLaren,765LT Spider,,,,0,DanielKohut/car-data,added_missing
2839,93,McLaren,Artura,2021,2026,2021-2026,0,gor3a/vehicle-makes-models,added_missing
2840,93,McLaren,Artura Spider,,,,0,DanielKohut/car-data,added_missing
2841,93,McLaren,Elva,2020,2026,2020-2026,0,gor3a/vehicle-makes-models,added_missing
2843,93,McLaren,GT,2019,2023,2019-2023,0,gor3a/vehicle-makes-models,added_missing
2844,93,McLaren,GTS,2023,2026,2023-2026,0,gor3a/vehicle-makes-models,added_missing
2846,93,McLaren,MP4-12C Spider,,,,0,DanielKohut/car-data,added_missing
2845,93,McLaren,Mp4-12C,2011,2012,2011-2012,2,original_db,existing
2847,93,McLaren,P1,2013,2015,2013-2015,0,gor3a/vehicle-makes-models,added_missing
2849,93,McLaren,SENNA GTR,2017,2021,2017-2021,0,plowman/open-vehicle-db,added_missing
2848,93,McLaren,Senna,2018,2020,2018-2020,0,gor3a/vehicle-makes-models,added_missing
2850,93,McLaren,Speedtail,2018,2026,2018-2026,0,gor3a/vehicle-makes-models,added_missing
2851,94,Mercedes,A,1998,2012,1998-2012,17,original_db,existing
5194,94,Mercedes,A-CLASS (W168),,,,4,itdiag8-dotcom/database (vivid_cars2000.db),added_from_vivid
4514,94,Mercedes,A-CLASS (W169),,,,11,itdiag8-dotcom/database (vivid_cars2000.db),added_from_vivid
6263,94,Mercedes,A-CLASS (W176),,,,12,itdiag8-dotcom/database (vivid_cars2000.db),added_from_vivid
6824,94,Mercedes,A220,2019,2022,2019,1,lemon.dogeware.me LEMON 2015,active
6830,94,Mercedes,A35,2020,2021,2020,1,lemon.dogeware.me LEMON 2015,active
6497,94,Mercedes,AMG GT / GT S (C190),,,,2,itdiag8-dotcom/database (vivid_cars2000.db),added_from_vivid
2852,94,Mercedes,B,2005,2015,2005-2011,9,original_db,existing
5488,94,Mercedes,B-CLASS (W245),,,,10,itdiag8-dotcom/database (vivid_cars2000.db),added_from_vivid
4887,94,Mercedes,"B-CLASS (W246, W242)",,,,14,itdiag8-dotcom/database (vivid_cars2000.db),added_from_vivid
6761,94,Mercedes,B200,2006,2011,2006,1,lemon.dogeware.me LEMON 2015,active
6595,94,Mercedes,B250,2013,2016,2015,1,lemon.dogeware.me LEMON 2015,active
6643,94,Mercedes,B250e,2016,2017,2016,1,lemon.dogeware.me LEMON 2015,active
2853,94,Mercedes,C,1996,2015,1996-2015,59,original_db,existing
5038,94,Mercedes,C-CLASS (W203),,,,28,itdiag8-dotcom/database (vivid_cars2000.db),added_from_vivid
4551,94,Mercedes,C-CLASS (W204),,,,41,itdiag8-dotcom/database (vivid_cars2000.db),added_from_vivid
6418,94,Mercedes,C-CLASS (W205),,,,14,itdiag8-dotcom/database (vivid_cars2000.db),added_from_vivid
4589,94,Mercedes,C-CLASS Coupe (C204),,,,12,itdiag8-dotcom/database (vivid_cars2000.db),added_from_vivid
5086,94,Mercedes,C-CLASS Coupe (CL203),,,,17,itdiag8-dotcom/database (vivid_cars2000.db),added_from_vivid
5070,94,Mercedes,C-CLASS Estate (S202),,,,3,itdiag8-dotcom/database (vivid_cars2000.db),added_from_vivid
4453,94,Mercedes,C-CLASS T-Model (S203),,,,30,itdiag8-dotcom/database (vivid_cars2000.db),added_from_vivid
4398,94,Mercedes,C-CLASS T-Model (S204),,,,41,itdiag8-dotcom/database (vivid_cars2000.db),added_from_vivid
6460,94,Mercedes,C-CLASS T-Model (S205),,,,16,itdiag8-dotcom/database (vivid_cars2000.db),added_from_vivid
6716,94,Mercedes,C230,2000,2007,2000,1,lemon.dogeware.me LEMON 2015,active
6731,94,Mercedes,C240,2001,2005,2001,1,lemon.dogeware.me LEMON 2015,active
6597,94,Mercedes,C250,2012,2015,2015,1,lemon.dogeware.me LEMON 2015,active
6717,94,Mercedes,C280,2000,2007,2000,1,lemon.dogeware.me LEMON 2015,active
6596,94,Mercedes,C300,2008,2025,2015,1,lemon.dogeware.me LEMON 2015,active
6738,94,Mercedes,C32,2002,2004,2002,1,lemon.dogeware.me LEMON 2015,active
6732,94,Mercedes,C320,2001,2005,2001,1,lemon.dogeware.me LEMON 2015,active
6594,94,Mercedes,C350,2006,2015,2015,1,lemon.dogeware.me LEMON 2015,active
6641,94,Mercedes,C350e,2016,2018,2016,1,lemon.dogeware.me LEMON 2015,active
6599,94,Mercedes,C400,2015,2015,2015,1,lemon.dogeware.me LEMON 2015,active
6654,94,Mercedes,C43,2000,2025,2017,1,lemon.dogeware.me LEMON 2015,active
6642,94,Mercedes,C450,2016,2016,2016,1,lemon.dogeware.me LEMON 2015,active
6758,94,Mercedes,C55,2005,2006,2005,1,lemon.dogeware.me LEMON 2015,active
6598,94,Mercedes,C63,2008,2023,2015,1,lemon.dogeware.me LEMON 2015,active
6331,94,Mercedes,CITAN Box (415),,,,4,itdiag8-dotcom/database (vivid_cars2000.db),added_from_vivid
6333,94,Mercedes,CITAN Combi (415),,,,5,itdiag8-dotcom/database (vivid_cars2000.db),added_from_vivid
6332,94,Mercedes,CITAN Mixto (415),,,,2,itdiag8-dotcom/database (vivid_cars2000.db),added_from_vivid
6719,94,Mercedes,CL500,2000,2006,2000,1,lemon.dogeware.me LEMON 2015,active
6733,94,Mercedes,CL55,2001,2006,2001,1,lemon.dogeware.me LEMON 2015,active
6769,94,Mercedes,CL550,2007,2014,2007,1,lemon.dogeware.me LEMON 2015,active
6734,94,Mercedes,CL600,2001,2014,2001,1,lemon.dogeware.me LEMON 2015,active
6775,94,Mercedes,CL63,2008,2014,2008,1,lemon.dogeware.me LEMON 2015,active
6759,94,Mercedes,CL65,2005,2014,2005,1,lemon.dogeware.me LEMON 2015,active
5884,94,Mercedes,CLA Coupe (C117),,,,12,itdiag8-dotcom/database (vivid_cars2000.db),added_from_vivid
6550,94,Mercedes,CLA Shooting Brake (X117),,,,6,itdiag8-dotcom/database (vivid_cars2000.db),added_from_vivid
6600,94,Mercedes,CLA250,2014,2025,2015,1,lemon.dogeware.me LEMON 2015,active
6831,94,Mercedes,CLA35,2020,2025,2020,1,lemon.dogeware.me LEMON 2015,active
6601,94,Mercedes,CLA45,2014,2023,2015,1,lemon.dogeware.me LEMON 2015,active
5871,94,Mercedes,CLC-CLASS (CL203),,,,8,itdiag8-dotcom/database (vivid_cars2000.db),added_from_vivid
5062,94,Mercedes,CLK (C208),,,,2,itdiag8-dotcom/database (vivid_cars2000.db),added_from_vivid
5313,94,Mercedes,CLK (C209),,,,19,itdiag8-dotcom/database (vivid_cars2000.db),added_from_vivid
4984,94,Mercedes,CLK Convertible (A208),,,,4,itdiag8-dotcom/database (vivid_cars2000.db),added_from_vivid
5368,94,Mercedes,CLK Convertible (A209),,,,13,itdiag8-dotcom/database (vivid_cars2000.db),added_from_vivid
6718,94,Mercedes,CLK320,2000,2005,2000,1,lemon.dogeware.me LEMON 2015,active
6762,94,Mercedes,CLK350,2006,2009,2006,1,lemon.dogeware.me LEMON 2015,active
6715,94,Mercedes,CLK430,2000,2003,2000,1,lemon.dogeware.me LEMON 2015,active
6742,94,Mercedes,CLK500,2003,2006,2003,1,lemon.dogeware.me LEMON 2015,active
6735,94,Mercedes,CLK55,2001,2006,2001,1,lemon.dogeware.me LEMON 2015,active
6770,94,Mercedes,CLK550,2007,2009,2007,1,lemon.dogeware.me LEMON 2015,active
6771,94,Mercedes,CLK63,2007,2008,2007,1,lemon.dogeware.me LEMON 2015,active
4380,94,Mercedes,CLS (C218),,,,19,itdiag8-dotcom/database (vivid_cars2000.db),added_from_vivid
5442,94,Mercedes,CLS (C219),,,,13,itdiag8-dotcom/database (vivid_cars2000.db),added_from_vivid
6329,94,Mercedes,CLS Shooting Brake (X218),,,,16,itdiag8-dotcom/database (vivid_cars2000.db),added_from_vivid
6602,94,Mercedes,CLS400,2015,2017,2015,1,lemon.dogeware.me LEMON 2015,active
6825,94,Mercedes,CLS450,2019,2023,2019,1,lemon.dogeware.me LEMON 2015,active
6763,94,Mercedes,CLS500,2006,2006,2006,1,lemon.dogeware.me LEMON 2015,active
6826,94,Mercedes,CLS53,2019,2021,2019,1,lemon.dogeware.me LEMON 2015,active
6764,94,Mercedes,CLS55,2006,2006,2006,1,lemon.dogeware.me LEMON 2015,active
6603,94,Mercedes,CLS550,2007,2018,2015,1,lemon.dogeware.me LEMON 2015,active
6604,94,Mercedes,CLS63,2007,2018,2015,1,lemon.dogeware.me LEMON 2015,active
2854,94,Mercedes,Citan,2012,2013,2012-2013,3,original_db,existing
2855,94,Mercedes,Cl,1999,2010,1999-2010,12,original_db,existing
2856,94,Mercedes,Cla,2012,2013,2012-2013,3,original_db,existing
2857,94,Mercedes,Clc,2008,2009,2008-2009,7,original_db,existing
2858,94,Mercedes,Clk,1997,2007,1997-2007,20,original_db,existing
2859,94,Mercedes,Cls,2004,2014,2004-2014,17,original_db,existing
2860,94,Mercedes,E,1995,2014,1995-2014,65,original_db,existing
5072,94,Mercedes,E-CLASS (W210),,,,3,itdiag8-dotcom/database (vivid_cars2000.db),added_from_vivid
4826,94,Mercedes,E-CLASS (W211),,,,40,itdiag8-dotcom/database (vivid_cars2000.db),added_from_vivid
4691,94,Mercedes,E-CLASS (W212),,,,46,itdiag8-dotcom/database (vivid_cars2000.db),added_from_vivid
4746,94,Mercedes,E-CLASS Convertible (A207),,,,23,itdiag8-dotcom/database (vivid_cars2000.db),added_from_vivid
4745,94,Mercedes,E-CLASS Coupe (C207),,,,24,itdiag8-dotcom/database (vivid_cars2000.db),added_from_vivid
4500,94,Mercedes,E-CLASS Estate (S210),,,,4,itdiag8-dotcom/database (vivid_cars2000.db),added_from_vivid
4824,94,Mercedes,E-CLASS T-Model (S211),,,,34,itdiag8-dotcom/database (vivid_cars2000.db),added_from_vivid
4708,94,Mercedes,E-CLASS T-Model (S212),,,,38,itdiag8-dotcom/database (vivid_cars2000.db),added_from_vivid
6605,94,Mercedes,E250,2014,2016,2015,1,lemon.dogeware.me LEMON 2015,active
6655,94,Mercedes,E300,2017,2019,2017,1,lemon.dogeware.me LEMON 2015,active
6720,94,Mercedes,E320,2000,2009,2000,1,lemon.dogeware.me LEMON 2015,active
6606,94,Mercedes,E350,2006,2024,2015,1,lemon.dogeware.me LEMON 2015,active
6607,94,Mercedes,E400,2013,2018,2015,1,lemon.dogeware.me LEMON 2015,active
6656,94,Mercedes,E43,2017,2018,2017,1,lemon.dogeware.me LEMON 2015,active
6721,94,Mercedes,E430,2000,2002,2000,1,lemon.dogeware.me LEMON 2015,active
6827,94,Mercedes,E450,2019,2025,2019,1,lemon.dogeware.me LEMON 2015,active
6743,94,Mercedes,E500,2003,2006,2003,1,lemon.dogeware.me LEMON 2015,active
6828,94,Mercedes,E53,2019,2023,2019,1,lemon.dogeware.me LEMON 2015,active
6722,94,Mercedes,E55,2000,2006,2000,1,lemon.dogeware.me LEMON 2015,active
6608,94,Mercedes,E550,2007,2017,2015,1,lemon.dogeware.me LEMON 2015,active
6609,94,Mercedes,E63,2007,2023,2015,1,lemon.dogeware.me LEMON 2015,active
6842,94,Mercedes,EQB250+,2023,2025,2023,1,lemon.dogeware.me LEMON 2015,active
6840,94,Mercedes,EQB300,2022,2025,2022,1,lemon.dogeware.me LEMON 2015,active
6841,94,Mercedes,EQB350,2022,2025,2022,1,lemon.dogeware.me LEMON 2015,active
6843,94,Mercedes,EQS450+,2023,2023,2023,1,lemon.dogeware.me LEMON 2015,active
2861,94,Mercedes,G,1997,2015,1997-2015,15,original_db,existing
4400,94,Mercedes,G-CLASS (W461),,,,3,itdiag8-dotcom/database (vivid_cars2000.db),added_from_vivid
4401,94,Mercedes,G-CLASS (W463),,,,11,itdiag8-dotcom/database (vivid_cars2000.db),added_from_vivid
4902,94,Mercedes,G-CLASS Cabrio (W463),,,,4,itdiag8-dotcom/database (vivid_cars2000.db),added_from_vivid
6739,94,Mercedes,G500,2002,2008,2002,1,lemon.dogeware.me LEMON 2015,active
6744,94,Mercedes,G55,2003,2011,2003,1,lemon.dogeware.me LEMON 2015,active
6610,94,Mercedes,G550,2009,2024,2015,1,lemon.dogeware.me LEMON 2015,active
6614,94,Mercedes,G63,2013,2025,2015,1,lemon.dogeware.me LEMON 2015,active
6644,94,Mercedes,G65,2016,2018,2016,1,lemon.dogeware.me LEMON 2015,active
4903,94,Mercedes,GL-CLASS (X164),,,,8,itdiag8-dotcom/database (vivid_cars2000.db),added_from_vivid
6226,94,Mercedes,GL-CLASS (X166),,,,4,itdiag8-dotcom/database (vivid_cars2000.db),added_from_vivid
6772,94,Mercedes,GL320,2007,2009,2007,1,lemon.dogeware.me LEMON 2015,active
6612,94,Mercedes,GL350,2010,2016,2015,1,lemon.dogeware.me LEMON 2015,active
6611,94,Mercedes,GL450,2007,2016,2015,1,lemon.dogeware.me LEMON 2015,active
6613,94,Mercedes,GL550,2008,2016,2015,1,lemon.dogeware.me LEMON 2015,active
6615,94,Mercedes,GL63,2014,2016,2015,1,lemon.dogeware.me LEMON 2015,active
6416,94,Mercedes,GLA-CLASS (X156),,,,8,itdiag8-dotcom/database (vivid_cars2000.db),added_from_vivid
6616,94,Mercedes,GLA250,2015,2025,2015,1,lemon.dogeware.me LEMON 2015,active
6835,94,Mercedes,GLA35,2021,2025,2021,1,lemon.dogeware.me LEMON 2015,active
6617,94,Mercedes,GLA45,2015,2023,2015,1,lemon.dogeware.me LEMON 2015,active
6832,94,Mercedes,GLB250,2020,2025,2020,1,lemon.dogeware.me LEMON 2015,active
6836,94,Mercedes,GLB35,2021,2025,2021,1,lemon.dogeware.me LEMON 2015,active
6646,94,Mercedes,GLC300,2016,2025,2016,1,lemon.dogeware.me LEMON 2015,active
6820,94,Mercedes,GLC350e,2018,2020,2018,1,lemon.dogeware.me LEMON 2015,active
6657,94,Mercedes,GLC43,2017,2023,2017,1,lemon.dogeware.me LEMON 2015,active
6821,94,Mercedes,GLC63,2018,2021,2018,1,lemon.dogeware.me LEMON 2015,active
6645,94,Mercedes,GLE300d,2016,2016,2016,1,lemon.dogeware.me LEMON 2015,active
6647,94,Mercedes,GLE350,2016,2025,2016,1,lemon.dogeware.me LEMON 2015,active
6649,94,Mercedes,GLE400,2016,2019,2016,1,lemon.dogeware.me LEMON 2015,active
6658,94,Mercedes,GLE43,2017,2019,2017,1,lemon.dogeware.me LEMON 2015,active
6648,94,Mercedes,GLE450,2016,2025,2016,1,lemon.dogeware.me LEMON 2015,active
6837,94,Mercedes,GLE53,2021,2025,2021,1,lemon.dogeware.me LEMON 2015,active
6651,94,Mercedes,GLE550e,2016,2018,2016,1,lemon.dogeware.me LEMON 2015,active
6833,94,Mercedes,GLE580,2020,2025,2020,1,lemon.dogeware.me LEMON 2015,active
6650,94,Mercedes,GLE63,2016,2025,2016,1,lemon.dogeware.me LEMON 2015,active
4842,94,Mercedes,GLK-CLASS (X204),,,,20,itdiag8-dotcom/database (vivid_cars2000.db),added_from_vivid
6620,94,Mercedes,GLK250,2013,2015,2015,1,lemon.dogeware.me LEMON 2015,active
6618,94,Mercedes,GLK350,2010,2015,2015,1,lemon.dogeware.me LEMON 2015,active
6659,94,Mercedes,GLS350d,2017,2017,2017,1,lemon.dogeware.me LEMON 2015,active
6660,94,Mercedes,GLS450,2017,2025,2017,1,lemon.dogeware.me LEMON 2015,active
6661,94,Mercedes,GLS550,2017,2019,2017,1,lemon.dogeware.me LEMON 2015,active
6834,94,Mercedes,GLS580,2020,2025,2020,1,lemon.dogeware.me LEMON 2015,active
6662,94,Mercedes,GLS63,2017,2025,2017,1,lemon.dogeware.me LEMON 2015,active
2862,94,Mercedes,Gl,2006,2013,2006-2013,9,original_db,existing
2863,94,Mercedes,Gla,2014,2014,2014,1,original_db,existing
2864,94,Mercedes,Glk,2008,2012,2008-2012,13,original_db,existing
2865,94,Mercedes,Gt,2015,2015,2015,1,original_db,existing
2866,94,Mercedes,Gt-S,2015,2015,2015,1,original_db,existing
2867,94,Mercedes,M,1997,2014,1997-2014,24,original_db,existing
4942,94,Mercedes,M-CLASS (W163),,,,6,itdiag8-dotcom/database (vivid_cars2000.db),added_from_vivid
5498,94,Mercedes,M-CLASS (W164),,,,15,itdiag8-dotcom/database (vivid_cars2000.db),added_from_vivid
4548,94,Mercedes,M-CLASS (W166),,,,9,itdiag8-dotcom/database (vivid_cars2000.db),added_from_vivid
2879,94,Mercedes,MERCEDES BENZ A-Class,2018,2023,2018-2023,0,gor3a/vehicle-makes-models,added_missing
2880,94,Mercedes,MERCEDES BENZ A-Klasse,1997,2026,1997-2026,0,gor3a/vehicle-makes-models,added_missing
2881,94,Mercedes,MERCEDES BENZ A-Klasse AMG,2013,2015,2013-2015,0,gor3a/vehicle-makes-models,added_missing
2882,94,Mercedes,MERCEDES BENZ A-Klasse Saloon,2022,2026,2022-2026,0,gor3a/vehicle-makes-models,added_missing
2883,94,Mercedes,MERCEDES BENZ B-Klasse,2005,2026,2005-2026,0,gor3a/vehicle-makes-models,added_missing
2884,94,Mercedes,MERCEDES BENZ C-Class,2016,2022,2016-2022,0,gor3a/vehicle-makes-models,added_missing
2885,94,Mercedes,MERCEDES BENZ C-Class EV,2026,2026,2026-2026,0,gor3a/vehicle-makes-models,added_missing
2886,94,Mercedes,MERCEDES BENZ C-Klasse,2011,2018,2011-2018,0,gor3a/vehicle-makes-models,added_missing
2888,94,Mercedes,MERCEDES BENZ C-Klasse AMG,1984,2015,1984-2015,0,gor3a/vehicle-makes-models,added_missing
2887,94,Mercedes,MERCEDES BENZ C-Klasse All-Terrain,2021,2026,2021-2026,0,gor3a/vehicle-makes-models,added_missing
2890,94,Mercedes,MERCEDES BENZ C-Klasse Coupe AMG,2011,2016,2011-2016,0,gor3a/vehicle-makes-models,added_missing
2891,94,Mercedes,MERCEDES BENZ C-Klasse SportCoupe AMG,2002,2004,2002-2004,0,gor3a/vehicle-makes-models,added_missing
2892,94,Mercedes,MERCEDES BENZ C-Klasse SportCoupe/CLC,2000,2011,2000-2011,0,gor3a/vehicle-makes-models,added_missing
2893,94,Mercedes,MERCEDES BENZ C-Klasse T-Modell,1996,2026,1996-2026,0,gor3a/vehicle-makes-models,added_missing
2894,94,Mercedes,MERCEDES BENZ C-Klasse T-Modell AMG,2004,2007,2004-2007,0,gor3a/vehicle-makes-models,added_missing
2889,94,Mercedes,MERCEDES BENZ C-Klasse and predecessors,1982,2026,1982-2026,0,gor3a/vehicle-makes-models,added_missing
2896,94,Mercedes,MERCEDES BENZ CL AMG,2000,2014,2000-2014,0,gor3a/vehicle-makes-models,added_missing
2897,94,Mercedes,MERCEDES BENZ CL-Klasse and predecessors,1952,2014,1952-2014,0,gor3a/vehicle-makes-models,added_missing
2898,94,Mercedes,MERCEDES BENZ CLA 45,2013,2016,2013-2016,0,gor3a/vehicle-makes-models,added_missing
2899,94,Mercedes,MERCEDES BENZ CLA Klasse,2013,2026,2013-2026,0,gor3a/vehicle-makes-models,added_missing
2900,94,Mercedes,MERCEDES BENZ CLA Shooting Brake,2015,2026,2015-2026,0,gor3a/vehicle-makes-models,added_missing
2901,94,Mercedes,MERCEDES BENZ CLE,2023,2026,2023-2026,0,gor3a/vehicle-makes-models,added_missing
2902,94,Mercedes,MERCEDES BENZ CLK AMG,1999,2009,1999-2009,0,gor3a/vehicle-makes-models,added_missing
2903,94,Mercedes,MERCEDES BENZ CLK AMG Cabrio,2000,2009,2000-2009,0,gor3a/vehicle-makes-models,added_missing
2905,94,Mercedes,MERCEDES BENZ CLS AMG,2004,2018,2004-2018,0,gor3a/vehicle-makes-models,added_missing
2906,94,Mercedes,MERCEDES BENZ CLS Shooting Brake,2012,2017,2012-2017,0,gor3a/vehicle-makes-models,added_missing
2907,94,Mercedes,MERCEDES BENZ CLS Shooting Brake AMG,2014,2018,2014-2018,0,gor3a/vehicle-makes-models,added_missing
2908,94,Mercedes,MERCEDES BENZ CLS-Klasse,2004,2026,2004-2026,0,gor3a/vehicle-makes-models,added_missing
2895,94,Mercedes,MERCEDES BENZ Citan,2021,2026,2021-2026,0,gor3a/vehicle-makes-models,added_missing
2909,94,Mercedes,MERCEDES BENZ E-Class T-Modell All-Terrain,2017,2026,2017-2026,0,gor3a/vehicle-makes-models,added_missing
2910,94,Mercedes,MERCEDES BENZ E-Klasse AMG,1996,2016,1996-2016,0,gor3a/vehicle-makes-models,added_missing
2912,94,Mercedes,MERCEDES BENZ E-Klasse Cabriolet and predecessors,1992,2024,1992-2024,0,gor3a/vehicle-makes-models,added_missing
2913,94,Mercedes,MERCEDES BENZ E-Klasse Coupe and predecessors,1969,2020,1969-2020,0,gor3a/vehicle-makes-models,added_missing
2914,94,Mercedes,MERCEDES BENZ E-Klasse T-Modell,1965,2020,1965-2020,0,gor3a/vehicle-makes-models,added_missing
2915,94,Mercedes,MERCEDES BENZ E-Klasse T-Modell AMG,2004,2017,2004-2017,0,gor3a/vehicle-makes-models,added_missing
2911,94,Mercedes,MERCEDES BENZ E-Klasse and predecessors,1946,2026,1946-2026,0,gor3a/vehicle-makes-models,added_missing
2916,94,Mercedes,MERCEDES BENZ EQA,2021,2026,2021-2026,0,gor3a/vehicle-makes-models,added_missing
2917,94,Mercedes,MERCEDES BENZ EQB,2021,2026,2021-2026,0,gor3a/vehicle-makes-models,added_missing
2918,94,Mercedes,MERCEDES BENZ EQC,2019,2023,2019-2023,0,gor3a/vehicle-makes-models,added_missing
2919,94,Mercedes,MERCEDES BENZ EQE,2021,2026,2021-2026,0,gor3a/vehicle-makes-models,added_missing
2920,94,Mercedes,MERCEDES BENZ EQE SUV,2022,2026,2022-2026,0,gor3a/vehicle-makes-models,added_missing
2921,94,Mercedes,MERCEDES BENZ EQS,2021,2026,2021-2026,0,gor3a/vehicle-makes-models,added_missing
2922,94,Mercedes,MERCEDES BENZ EQS SUV,2022,2026,2022-2026,0,gor3a/vehicle-makes-models,added_missing
2923,94,Mercedes,MERCEDES BENZ EQS SUV Maybach,2023,2026,2023-2026,0,gor3a/vehicle-makes-models,added_missing
2924,94,Mercedes,MERCEDES BENZ EQT,2023,2026,2023-2026,0,gor3a/vehicle-makes-models,added_missing
2925,94,Mercedes,MERCEDES BENZ EQV,2019,2023,2019-2023,0,gor3a/vehicle-makes-models,added_missing
2926,94,Mercedes,MERCEDES BENZ G-Klasse,1979,2026,1979-2026,0,gor3a/vehicle-makes-models,added_missing
2927,94,Mercedes,MERCEDES BENZ G-Klasse AMG,1999,2018,1999-2018,0,gor3a/vehicle-makes-models,added_missing
2928,94,Mercedes,MERCEDES BENZ G-Klasse Kurz,1979,2012,1979-2012,0,gor3a/vehicle-makes-models,added_missing
2929,94,Mercedes,MERCEDES BENZ GL-Klasse,2006,2016,2006-2016,0,gor3a/vehicle-makes-models,added_missing
2930,94,Mercedes,MERCEDES BENZ GL-Klasse AMG,2012,2016,2012-2016,0,gor3a/vehicle-makes-models,added_missing
2931,94,Mercedes,MERCEDES BENZ GLA,2013,2026,2013-2026,0,gor3a/vehicle-makes-models,added_missing
2932,94,Mercedes,MERCEDES BENZ GLB,2019,2026,2019-2026,0,gor3a/vehicle-makes-models,added_missing
2933,94,Mercedes,MERCEDES BENZ GLC Class,2015,2026,2015-2026,0,gor3a/vehicle-makes-models,added_missing
2934,94,Mercedes,MERCEDES BENZ GLE-Class,2015,2026,2015-2026,0,gor3a/vehicle-makes-models,added_missing
2935,94,Mercedes,MERCEDES BENZ GLK-Klasse,2008,2016,2008-2016,0,gor3a/vehicle-makes-models,added_missing
2936,94,Mercedes,MERCEDES BENZ GLS Maybach,2020,2026,2020-2026,0,gor3a/vehicle-makes-models,added_missing
2937,94,Mercedes,MERCEDES BENZ GLS-Class,2016,2026,2016-2026,0,gor3a/vehicle-makes-models,added_missing
2939,94,Mercedes,MERCEDES BENZ M-Klasse,1997,2015,1997-2015,0,gor3a/vehicle-makes-models,added_missing
2940,94,Mercedes,MERCEDES BENZ M-Klasse AMG,1999,2015,1999-2015,0,gor3a/vehicle-makes-models,added_missing
2941,94,Mercedes,MERCEDES BENZ Maybach EQS SUV,2023,2026,2023-2026,0,gor3a/vehicle-makes-models,added_missing
2942,94,Mercedes,MERCEDES BENZ Pullman,1930,2020,1930-2020,0,gor3a/vehicle-makes-models,added_missing
2943,94,Mercedes,MERCEDES BENZ R-Klasse,2005,2013,2005-2013,0,gor3a/vehicle-makes-models,added_missing
2944,94,Mercedes,MERCEDES BENZ R-Klasse AMG,2006,2008,2006-2008,0,gor3a/vehicle-makes-models,added_missing
2945,94,Mercedes,MERCEDES BENZ R-Klasse Lang,2005,2013,2005-2013,0,gor3a/vehicle-makes-models,added_missing
2946,94,Mercedes,MERCEDES BENZ S-Class,1952,2020,1952-2020,0,gor3a/vehicle-makes-models,added_missing
2947,94,Mercedes,MERCEDES BENZ S-Class Coupe AMG,2014,2017,2014-2017,0,gor3a/vehicle-makes-models,added_missing
2948,94,Mercedes,MERCEDES BENZ S-Class Maybach,2015,2026,2015-2026,0,gor3a/vehicle-makes-models,added_missing
2949,94,Mercedes,MERCEDES BENZ S-Klasse,2014,2020,2014-2020,0,gor3a/vehicle-makes-models,added_missing
2950,94,Mercedes,MERCEDES BENZ S-Klasse AMG,1999,2017,1999-2017,0,gor3a/vehicle-makes-models,added_missing
2951,94,Mercedes,MERCEDES BENZ S-Klasse and predecessors,1951,2026,1951-2026,0,gor3a/vehicle-makes-models,added_missing
2952,94,Mercedes,MERCEDES BENZ SL AMG,1999,2019,1999-2019,0,gor3a/vehicle-makes-models,added_missing
2953,94,Mercedes,MERCEDES BENZ SL Monogram Maybach,2025,2026,2025-2026,0,gor3a/vehicle-makes-models,added_missing
2954,94,Mercedes,MERCEDES BENZ SL-Klasse,1954,2020,1954-2020,0,gor3a/vehicle-makes-models,added_missing
2955,94,Mercedes,MERCEDES BENZ SLC-Class,2016,2020,2016-2020,0,gor3a/vehicle-makes-models,added_missing
2956,94,Mercedes,MERCEDES BENZ SLK AMG,2000,2016,2000-2016,0,gor3a/vehicle-makes-models,added_missing
2957,94,Mercedes,MERCEDES BENZ SLK-Klasse,1955,2016,1955-2016,0,gor3a/vehicle-makes-models,added_missing
2958,94,Mercedes,MERCEDES BENZ SLR McLaren,2003,2009,2003-2009,0,gor3a/vehicle-makes-models,added_missing
2959,94,Mercedes,MERCEDES BENZ SLS AMG,2010,2015,2010-2015,0,gor3a/vehicle-makes-models,added_missing
2960,94,Mercedes,MERCEDES BENZ T-Class,2022,2026,2022-2026,0,gor3a/vehicle-makes-models,added_missing
2961,94,Mercedes,MERCEDES BENZ V-Class and predecessors,1996,2023,1996-2023,0,gor3a/vehicle-makes-models,added_missing
2962,94,Mercedes,MERCEDES BENZ VANEO,2002,2006,2002-2006,0,gor3a/vehicle-makes-models,added_missing
2963,94,Mercedes,MERCEDES BENZ VIANO,2003,2014,2003-2014,0,gor3a/vehicle-makes-models,added_missing
2965,94,Mercedes,MERCEDES BENZ VLE,2026,2026,2026-2026,0,gor3a/vehicle-makes-models,added_missing
2964,94,Mercedes,MERCEDES BENZ Vito,2020,2026,2020-2026,0,gor3a/vehicle-makes-models,added_missing
2966,94,Mercedes,MERCEDES BENZ X-Class,2017,2020,2017-2020,0,gor3a/vehicle-makes-models,added_missing
6619,94,Mercedes,ML250,2015,2015,2015,1,lemon.dogeware.me LEMON 2015,active
6723,94,Mercedes,ML320,2000,2009,2000,1,lemon.dogeware.me LEMON 2015,active
6621,94,Mercedes,ML350,2003,2015,2015,1,lemon.dogeware.me LEMON 2015,active
6622,94,Mercedes,ML400,2015,2015,2015,1,lemon.dogeware.me LEMON 2015,active
6724,94,Mercedes,ML430,2000,2001,2000,1,lemon.dogeware.me LEMON 2015,active
6812,94,Mercedes,ML450,2010,2011,2010,1,lemon.dogeware.me LEMON 2015,active
6740,94,Mercedes,ML500,2002,2007,2002,1,lemon.dogeware.me LEMON 2015,active
6726,94,Mercedes,ML55,2000,2003,2000,1,lemon.dogeware.me LEMON 2015,active
6776,94,Mercedes,ML550,2008,2014,2008,1,lemon.dogeware.me LEMON 2015,active
6623,94,Mercedes,ML63,2007,2015,2015,1,lemon.dogeware.me LEMON 2015,active
6838,94,Mercedes,Maybach,2021,2023,2021,1,lemon.dogeware.me LEMON 2015,active
6652,94,Mercedes,Metris,2016,2023,2016,1,lemon.dogeware.me LEMON 2015,active
2868,94,Mercedes,Ml,2011,2011,2011,1,original_db,existing
2869,94,Mercedes,R,2005,2010,2005-2010,16,original_db,existing
4475,94,Mercedes,"R-CLASS (W251, V251)",,,,20,itdiag8-dotcom/database (vivid_cars2000.db),added_from_vivid
6773,94,Mercedes,R320,2007,2009,2007,1,lemon.dogeware.me LEMON 2015,active
6767,94,Mercedes,R350,2006,2012,2006,1,lemon.dogeware.me LEMON 2015,active
6765,94,Mercedes,R500,2006,2007,2006,1,lemon.dogeware.me LEMON 2015,active
6774,94,Mercedes,R63,2007,2007,2007,1,lemon.dogeware.me LEMON 2015,active
2870,94,Mercedes,S,1998,2013,1998-2013,29,original_db,existing
4988,94,Mercedes,S-CLASS (W220),,,,12,itdiag8-dotcom/database (vivid_cars2000.db),added_from_vivid
4397,94,Mercedes,S-CLASS (W221),,,,28,itdiag8-dotcom/database (vivid_cars2000.db),added_from_vivid
4810,94,Mercedes,"S-CLASS (W222, V222, X222)",,,,16,itdiag8-dotcom/database (vivid_cars2000.db),added_from_vivid
5265,94,Mercedes,S-CLASS Coupe (C215),,,,4,itdiag8-dotcom/database (vivid_cars2000.db),added_from_vivid
4583,94,Mercedes,S-CLASS Coupe (C216),,,,9,itdiag8-dotcom/database (vivid_cars2000.db),added_from_vivid
6441,94,Mercedes,S-CLASS Coupe (C217),,,,6,itdiag8-dotcom/database (vivid_cars2000.db),added_from_vivid
6766,94,Mercedes,S350,2006,2013,2006,1,lemon.dogeware.me LEMON 2015,active
6813,94,Mercedes,S400,2010,2013,2010,1,lemon.dogeware.me LEMON 2015,active
6725,94,Mercedes,S430,2000,2006,2000,1,lemon.dogeware.me LEMON 2015,active
6822,94,Mercedes,S450,2018,2020,2018,1,lemon.dogeware.me LEMON 2015,active
6729,94,Mercedes,S500,2000,2025,2000,1,lemon.dogeware.me LEMON 2015,active
6736,94,Mercedes,S55,2001,2006,2001,1,lemon.dogeware.me LEMON 2015,active
6624,94,Mercedes,S550,2007,2017,2015,1,lemon.dogeware.me LEMON 2015,active
6625,94,Mercedes,S550e,2015,2017,2015,1,lemon.dogeware.me LEMON 2015,active
6823,94,Mercedes,S560,2018,2021,2018,1,lemon.dogeware.me LEMON 2015,active
6829,94,Mercedes,S560e,2019,2020,2019,1,lemon.dogeware.me LEMON 2015,active
6839,94,Mercedes,S580,2021,2025,2021,1,lemon.dogeware.me LEMON 2015,active
6845,94,Mercedes,S580e,2023,2025,2023,1,lemon.dogeware.me LEMON 2015,active
6626,94,Mercedes,S600,2001,2017,2015,1,lemon.dogeware.me LEMON 2015,active
6627,94,Mercedes,S63,2008,2021,2015,1,lemon.dogeware.me LEMON 2015,active
6628,94,Mercedes,S65,2006,2020,2015,1,lemon.dogeware.me LEMON 2015,active
5058,94,Mercedes,SL (R129),,,,1,itdiag8-dotcom/database (vivid_cars2000.db),added_from_vivid
5241,94,Mercedes,SL (R230),,,,15,itdiag8-dotcom/database (vivid_cars2000.db),added_from_vivid
4628,94,Mercedes,SL (R231),,,,8,itdiag8-dotcom/database (vivid_cars2000.db),added_from_vivid
6629,94,Mercedes,SL400,2015,2016,2015,1,lemon.dogeware.me LEMON 2015,active
6844,94,Mercedes,SL43,2023,2025,2023,1,lemon.dogeware.me LEMON 2015,active
6663,94,Mercedes,SL450,2017,2020,2017,1,lemon.dogeware.me LEMON 2015,active
6728,94,Mercedes,SL500,2000,2006,2000,1,lemon.dogeware.me LEMON 2015,active
6745,94,Mercedes,SL55,2003,2025,2003,1,lemon.dogeware.me LEMON 2015,active
6630,94,Mercedes,SL550,2007,2020,2015,1,lemon.dogeware.me LEMON 2015,active
6727,94,Mercedes,SL600,2000,2009,2000,1,lemon.dogeware.me LEMON 2015,active
6631,94,Mercedes,SL63,2009,2025,2015,1,lemon.dogeware.me LEMON 2015,active
6632,94,Mercedes,SL65,2005,2018,2015,1,lemon.dogeware.me LEMON 2015,active
6664,94,Mercedes,SLC300,2017,2020,2017,1,lemon.dogeware.me LEMON 2015,active
6665,94,Mercedes,SLC43,2017,2020,2017,1,lemon.dogeware.me LEMON 2015,active
5001,94,Mercedes,SLK (R170),,,,4,itdiag8-dotcom/database (vivid_cars2000.db),added_from_vivid
5435,94,Mercedes,SLK (R171),,,,8,itdiag8-dotcom/database (vivid_cars2000.db),added_from_vivid
4550,94,Mercedes,SLK (R172),,,,6,itdiag8-dotcom/database (vivid_cars2000.db),added_from_vivid
6730,94,Mercedes,SLK230,2000,2004,2000,1,lemon.dogeware.me LEMON 2015,active
6633,94,Mercedes,SLK250,2012,2015,2015,1,lemon.dogeware.me LEMON 2015,active
6768,94,Mercedes,SLK280,2006,2008,2006,1,lemon.dogeware.me LEMON 2015,active
6653,94,Mercedes,SLK300,2009,2016,2016,1,lemon.dogeware.me LEMON 2015,active
6741,94,Mercedes,SLK32,2002,2004,2002,1,lemon.dogeware.me LEMON 2015,active
6737,94,Mercedes,SLK320,2001,2004,2001,1,lemon.dogeware.me LEMON 2015,active
6635,94,Mercedes,SLK350,2005,2016,2015,1,lemon.dogeware.me LEMON 2015,active
6636,94,Mercedes,SLK55,2005,2016,2015,1,lemon.dogeware.me LEMON 2015,active
6760,94,Mercedes,SLR,2005,2009,2005,1,lemon.dogeware.me LEMON 2015,active
5443,94,Mercedes,SLR (R199),,,,2,itdiag8-dotcom/database (vivid_cars2000.db),added_from_vivid
5872,94,Mercedes,SLR ROADSTER (R199),,,,2,itdiag8-dotcom/database (vivid_cars2000.db),added_from_vivid
6634,94,Mercedes,SLS,2011,2015,2015,1,lemon.dogeware.me LEMON 2015,active
6092,94,Mercedes,SLS AMG (C197),,,,3,itdiag8-dotcom/database (vivid_cars2000.db),added_from_vivid
4782,94,Mercedes,SLS AMG Convertible (A197),,,,2,itdiag8-dotcom/database (vivid_cars2000.db),added_from_vivid
5041,94,Mercedes,"SPRINTER 2-t Box (901, 902)",,,,5,itdiag8-dotcom/database (vivid_cars2000.db),added_from_vivid
5039,94,Mercedes,"SPRINTER 2-t Bus (901, 902)",,,,6,itdiag8-dotcom/database (vivid_cars2000.db),added_from_vivid
5042,94,Mercedes,"SPRINTER 2-t Platform/Chassis (901, 902)",,,,5,itdiag8-dotcom/database (vivid_cars2000.db),added_from_vivid
4449,94,Mercedes,"SPRINTER 3,5-t Box (906)",,,,25,itdiag8-dotcom/database (vivid_cars2000.db),added_from_vivid
4442,94,Mercedes,"SPRINTER 3,5-t Bus (906)",,,,20,itdiag8-dotcom/database (vivid_cars2000.db),added_from_vivid
4450,94,Mercedes,"SPRINTER 3,5-t Platform/Chassis (906)",,,,27,itdiag8-dotcom/database (vivid_cars2000.db),added_from_vivid
5043,94,Mercedes,SPRINTER 3-t Box (903),,,,10,itdiag8-dotcom/database (vivid_cars2000.db),added_from_vivid
5557,94,Mercedes,SPRINTER 3-t Box (906),,,,15,itdiag8-dotcom/database (vivid_cars2000.db),added_from_vivid
5040,94,Mercedes,SPRINTER 3-t Bus (903),,,,11,itdiag8-dotcom/database (vivid_cars2000.db),added_from_vivid
5556,94,Mercedes,SPRINTER 3-t Bus (906),,,,11,itdiag8-dotcom/database (vivid_cars2000.db),added_from_vivid
5044,94,Mercedes,SPRINTER 3-t Platform/Chassis (903),,,,10,itdiag8-dotcom/database (vivid_cars2000.db),added_from_vivid
5558,94,Mercedes,SPRINTER 3-t Platform/Chassis (906),,,,15,itdiag8-dotcom/database (vivid_cars2000.db),added_from_vivid
6090,94,Mercedes,"SPRINTER 4,6-t Box (906)",,,,9,itdiag8-dotcom/database (vivid_cars2000.db),added_from_vivid
6091,94,Mercedes,"SPRINTER 4,6-t Platform/Chassis (906)",,,,12,itdiag8-dotcom/database (vivid_cars2000.db),added_from_vivid
5065,94,Mercedes,SPRINTER 4-t Box (904),,,,6,itdiag8-dotcom/database (vivid_cars2000.db),added_from_vivid
5063,94,Mercedes,SPRINTER 4-t Bus (904),,,,4,itdiag8-dotcom/database (vivid_cars2000.db),added_from_vivid
5064,94,Mercedes,SPRINTER 4-t Platform/Chassis (904),,,,4,itdiag8-dotcom/database (vivid_cars2000.db),added_from_vivid
5559,94,Mercedes,SPRINTER 5-t Box (906),,,,18,itdiag8-dotcom/database (vivid_cars2000.db),added_from_vivid
6126,94,Mercedes,SPRINTER 5-t Platform/Chassis (905),,,,1,itdiag8-dotcom/database (vivid_cars2000.db),added_from_vivid
4549,94,Mercedes,SPRINTER 5-t Platform/Chassis (906),,,,20,itdiag8-dotcom/database (vivid_cars2000.db),added_from_vivid
5904,94,Mercedes,"SPRINTER CLASSIC 3,5-t Box (909)",,,,4,itdiag8-dotcom/database (vivid_cars2000.db),added_from_vivid
5905,94,Mercedes,"SPRINTER CLASSIC 4,6-t Bus (909)",,,,4,itdiag8-dotcom/database (vivid_cars2000.db),added_from_vivid
6127,94,Mercedes,SPRINTER Dumptruck (905),,,,1,itdiag8-dotcom/database (vivid_cars2000.db),added_from_vivid
2871,94,Mercedes,Sl,1998,2011,1998-2011,17,original_db,existing
2872,94,Mercedes,Slk,1996,2012,1996-2012,18,original_db,existing
2873,94,Mercedes,Sportcoupe,2000,2005,2000-2005,15,original_db,existing
2874,94,Mercedes,Sprinter,2000,2025,2000-2009,49,original_db,existing
2875,94,Mercedes,V,2014,2014,2014,1,original_db,existing
6430,94,Mercedes,V-CLASS (W447),,,,4,itdiag8-dotcom/database (vivid_cars2000.db),added_from_vivid
5245,94,Mercedes,VANEO (414),,,,6,itdiag8-dotcom/database (vivid_cars2000.db),added_from_vivid
6133,94,Mercedes,VARIO Box Body / Estate,,,,2,itdiag8-dotcom/database (vivid_cars2000.db),added_from_vivid
6414,94,Mercedes,VARIO Bus,,,,3,itdiag8-dotcom/database (vivid_cars2000.db),added_from_vivid
6413,94,Mercedes,VARIO Cab with engine,,,,3,itdiag8-dotcom/database (vivid_cars2000.db),added_from_vivid
6132,94,Mercedes,VARIO Dumptruck,,,,2,itdiag8-dotcom/database (vivid_cars2000.db),added_from_vivid
6131,94,Mercedes,VARIO Platform/Chassis,,,,2,itdiag8-dotcom/database (vivid_cars2000.db),added_from_vivid
4554,94,Mercedes,VIANO (W639),,,,14,itdiag8-dotcom/database (vivid_cars2000.db),added_from_vivid
4552,94,Mercedes,VITO / MIXTO Box (W639),,,,17,itdiag8-dotcom/database (vivid_cars2000.db),added_from_vivid
6486,94,Mercedes,VITO Box (W447),,,,5,itdiag8-dotcom/database (vivid_cars2000.db),added_from_vivid
4553,94,Mercedes,VITO Bus (W639),,,,19,itdiag8-dotcom/database (vivid_cars2000.db),added_from_vivid
6487,94,Mercedes,VITO Mixto (W447),,,,5,itdiag8-dotcom/database (vivid_cars2000.db),added_from_vivid
6488,94,Mercedes,VITO Tourer (W447),,,,5,itdiag8-dotcom/database (vivid_cars2000.db),added_from_vivid
2876,94,Mercedes,Vaneo,2001,2001,2001,2,original_db,existing
2877,94,Mercedes,Viano,1996,2010,1996-2010,12,original_db,existing
2878,94,Mercedes,Vito,1996,2010,1996-2010,14,original_db,existing
6748,236,Mercury,Cougar,2000,2000,2000,1,lemon.dogeware.me LEMON 2015,active
6747,236,Mercury,Grand,2000,2011,2000,1,lemon.dogeware.me LEMON 2015,active
6777,236,Mercury,Mariner,2005,2011,2005,1,lemon.dogeware.me LEMON 2015,active
6780,236,Mercury,Milan,2006,2011,2006,1,lemon.dogeware.me LEMON 2015,active
6778,236,Mercury,Montego,2005,2007,2005,1,lemon.dogeware.me LEMON 2015,active
6779,236,Mercury,Monterey,2005,2007,2005,1,lemon.dogeware.me LEMON 2015,active
6746,236,Mercury,Mountaineer,2000,2010,2000,1,lemon.dogeware.me LEMON 2015,active
6749,236,Mercury,Mystique,2000,2000,2000,1,lemon.dogeware.me LEMON 2015,active
6750,236,Mercury,Sable,2000,2009,2000,1,lemon.dogeware.me LEMON 2015,active
6751,236,Mercury,Villager,2000,2000,2000,1,lemon.dogeware.me LEMON 2015,active
2993,98,Mini,(F54) Clubman,2015,2015,2015,2,original_db,existing
2994,98,Mini,(F55),2014,2015,2014-2015,5,original_db,existing
2995,98,Mini,(F56),2014,2015,2014-2015,3,original_db,existing
2996,98,Mini,(F57) Cabrio,2015,2015,2015,1,original_db,existing
2997,98,Mini,(R50),2000,2002,2000-2002,4,original_db,existing
2998,98,Mini,(R52) Cabrio,2002,2003,2002-2003,3,original_db,existing
2999,98,Mini,(R53),2000,2006,2000-2006,2,original_db,existing
3000,98,Mini,(R55 Lci) Clubman,2009,2010,2009-2010,8,original_db,existing
3001,98,Mini,(R55) Clubman,2006,2009,2006-2009,5,original_db,existing
3002,98,Mini,(R56 Lci),2009,2010,2009-2010,9,original_db,existing
3003,98,Mini,(R56),2005,2009,2005-2009,6,original_db,existing
3004,98,Mini,(R57 Lci) Cabrio,2009,2010,2009-2010,7,original_db,existing
3005,98,Mini,(R57) Cabrio,2007,2008,2007-2008,3,original_db,existing
3006,98,Mini,(R58) Coupe,2009,2010,2009-2010,4,original_db,existing
3007,98,Mini,(R59) Roadster,2011,2011,2011,4,original_db,existing
3008,98,Mini,(R60) Countryman,2009,2011,2009-2011,10,original_db,existing
3009,98,Mini,Aceman,2024,2026,2024-2026,0,gor3a/vehicle-makes-models,added_missing
3010,98,Mini,Classic,1997,2026,1997-2026,0,gor3a/vehicle-makes-models,added_missing
3011,98,Mini,Clubman,2007,2023,2007-2023,0,gor3a/vehicle-makes-models,added_missing
3012,98,Mini,Clubvan,2012,2014,2012-2014,0,gor3a/vehicle-makes-models,added_missing
3013,98,Mini,Convertible,2004,2026,2004-2026,0,gor3a/vehicle-makes-models,added_missing
3014,98,Mini,Cooper,2002,2025,2002-2010,0,plowman/open-vehicle-db,added_missing
3015,98,Mini,Cooper Convertible,2004,2027,2004-2027,0,plowman/open-vehicle-db,added_missing
3016,98,Mini,Cooper Coupe,2012,2015,2012-2015,0,plowman/open-vehicle-db,added_missing
3017,98,Mini,Cooper Roadster,2012,2015,2012-2015,0,plowman/open-vehicle-db,added_missing
3018,98,Mini,Countryman,2010,2026,2010-2026,0,gor3a/vehicle-makes-models,added_missing
3019,98,Mini,Coupe,2011,2015,2011-2015,0,gor3a/vehicle-makes-models,added_missing
3020,98,Mini,Hardtop,2009,2027,2009-2027,0,plowman/open-vehicle-db,added_missing
3021,98,Mini,Hatch,1997,2026,1997-2026,0,gor3a/vehicle-makes-models,added_missing
6462,98,Mini,MINI (F55),2012,2013,2012-2013,7,itdiag8-dotcom/database (vivid_cars2000.db),added_from_vivid
6419,98,Mini,MINI (F56),2012,2012,2012,10,itdiag8-dotcom/database (vivid_cars2000.db),added_from_vivid
5201,98,Mini,"MINI (R50, R53)",2001,2005,2001-2005,12,itdiag8-dotcom/database (vivid_cars2000.db),added_from_vivid
4373,98,Mini,MINI (R56),2005,2011,2005-2011,22,itdiag8-dotcom/database (vivid_cars2000.db),added_from_vivid
4633,98,Mini,MINI CLUBMAN (R55),2006,2010,2006-2010,18,itdiag8-dotcom/database (vivid_cars2000.db),added_from_vivid
6365,98,Mini,MINI CLUBVAN (R55),2011,2011,2011,4,itdiag8-dotcom/database (vivid_cars2000.db),added_from_vivid
4504,98,Mini,MINI COUNTRYMAN (R60),2009,2013,2009-2013,16,itdiag8-dotcom/database (vivid_cars2000.db),added_from_vivid
5430,98,Mini,MINI Convertible (R52),2003,2003,2003,5,itdiag8-dotcom/database (vivid_cars2000.db),added_from_vivid
4391,98,Mini,MINI Convertible (R57),2007,2010,2007-2010,11,itdiag8-dotcom/database (vivid_cars2000.db),added_from_vivid
4547,98,Mini,MINI Coupe (R58),2010,2010,2010,8,itdiag8-dotcom/database (vivid_cars2000.db),added_from_vivid
6225,98,Mini,MINI PACEMAN (R61),2011,2013,2011-2013,10,itdiag8-dotcom/database (vivid_cars2000.db),added_from_vivid
4390,98,Mini,MINI Roadster (R59),2011,2011,2011,8,itdiag8-dotcom/database (vivid_cars2000.db),added_from_vivid
3022,98,Mini,Mini 3-Door Hatch,,,,0,DanielKohut/car-data,added_missing
3023,98,Mini,Mini 5-Door Hatch,,,,0,DanielKohut/car-data,added_missing
3024,98,Mini,Mini Clubman,,,,0,DanielKohut/car-data,added_missing
3025,98,Mini,Mini Convertible,,,,0,DanielKohut/car-data,added_missing
3026,98,Mini,Mini Countryman,,,,0,DanielKohut/car-data,added_missing
3027,98,Mini,Mini Coupe,,,,0,DanielKohut/car-data,added_missing
3028,98,Mini,Mini Electric,,,,0,DanielKohut/car-data,added_missing
3029,98,Mini,Mini John Cooper Works,,,,0,DanielKohut/car-data,added_missing
3030,98,Mini,Mini Paceman,,,,0,DanielKohut/car-data,added_missing
3031,98,Mini,Mini Roadster,,,,0,DanielKohut/car-data,added_missing
3032,98,Mini,Paceman,2013,2016,2013-2016,0,gor3a/vehicle-makes-models,added_missing
3033,98,Mini,Roadster,2011,2015,2011-2015,0,gor3a/vehicle-makes-models,added_missing
3034,100,Mitsubishi,3000 GT,1990,2001,1990-2001,0,gor3a/vehicle-makes-models,added_missing
5615,100,Mitsubishi,380 (DB),2004,2004,2004,1,itdiag8-dotcom/database (vivid_cars2000.db),added_from_vivid
4309,100,Mitsubishi,ASX (GA_W_),2009,2012,2009-2012,9,itdiag8-dotcom/database (vivid_cars2000.db),added_from_vivid
3040,100,Mitsubishi,ASX / RVR / Outlander Sport,2010,2026,2010-2026,0,gor3a/vehicle-makes-models,added_missing
4916,100,Mitsubishi,ASX Van (GA_W_),2009,2009,2009,1,itdiag8-dotcom/database (vivid_cars2000.db),added_from_vivid
3036,100,Mitsubishi,Adventure,1998,2000,1998-2000,2,original_db,existing
3037,100,Mitsubishi,Airtrek,2001,2004,2001-2004,7,original_db,existing
3038,100,Mitsubishi,Aspire,2000,2000,2000,2,original_db,existing
3039,100,Mitsubishi,Asx,2010,2013,2010-2013,10,original_db,existing
3041,100,Mitsubishi,Attrage,2013,2024,2013-2024,0,gor3a/vehicle-makes-models,added_missing
4722,100,Mitsubishi,"CANTER Platform/Chassis (FB_, FE_, FG_)",2001,2005,2001-2005,10,itdiag8-dotcom/database (vivid_cars2000.db),added_from_vivid
5100,100,Mitsubishi,CARISMA (DA_),2000,2000,2000,5,itdiag8-dotcom/database (vivid_cars2000.db),added_from_vivid
5101,100,Mitsubishi,CARISMA Saloon (DA_),2000,2000,2000,6,itdiag8-dotcom/database (vivid_cars2000.db),added_from_vivid
5542,100,Mitsubishi,COLT CZC Convertible (RG),2005,2005,2005,2,itdiag8-dotcom/database (vivid_cars2000.db),added_from_vivid
4767,100,Mitsubishi,COLT PLUS VII (Z2_W),2003,2011,2003-2011,4,itdiag8-dotcom/database (vivid_cars2000.db),added_from_vivid
5132,100,Mitsubishi,"COLT V (CJ_, CP_)",2000,2002,2000-2002,3,itdiag8-dotcom/database (vivid_cars2000.db),added_from_vivid
4685,100,Mitsubishi,"COLT VI (Z3_A, Z2_A)",2003,2009,2003-2009,12,itdiag8-dotcom/database (vivid_cars2000.db),added_from_vivid
3042,100,Mitsubishi,Carisma,2000,2000,2000,2,original_db,existing
3043,100,Mitsubishi,Challenger,2008,2008,2008,1,original_db,existing
3045,100,Mitsubishi,Colt,2004,2008,2004-2008,8,original_db,existing
3046,100,Mitsubishi,Colt CZC,2006,2012,2006-2012,0,gor3a/vehicle-makes-models,added_missing
3047,100,Mitsubishi,Colt Plus,2004,2006,2004-2006,4,original_db,existing
4760,100,Mitsubishi,DELICA D2 (MB1_),2010,2010,2010,1,itdiag8-dotcom/database (vivid_cars2000.db),added_from_vivid
6278,100,Mitsubishi,"DELICA D3 (BVM2_, BM2_)",2010,2010,2010,1,itdiag8-dotcom/database (vivid_cars2000.db),added_from_vivid
4686,100,Mitsubishi,DELICA D5 (CV_W),2006,2012,2006-2012,4,itdiag8-dotcom/database (vivid_cars2000.db),added_from_vivid
5724,100,Mitsubishi,"DIAMANTE Saloon (F4_A, F3_A)",2001,2003,2001-2003,5,itdiag8-dotcom/database (vivid_cars2000.db),added_from_vivid
3049,100,Mitsubishi,Delica,,,,0,DanielKohut/car-data,added_missing
3050,100,Mitsubishi,Delica D5,2010,2013,2010-2013,2,original_db,existing
3051,100,Mitsubishi,Diamante,2001,2001,2001,1,original_db,existing
3052,100,Mitsubishi,Dignity,2012,2012,2012,1,original_db,existing
3053,100,Mitsubishi,Dion,2000,2004,2000-2004,5,original_db,existing
5586,100,Mitsubishi,ECLIPSE IV (DK_A),2004,2004,2004,2,itdiag8-dotcom/database (vivid_cars2000.db),added_from_vivid
5798,100,Mitsubishi,"ENDEAVOR (D8_W, D7_W)",2002,2002,2002,1,itdiag8-dotcom/database (vivid_cars2000.db),added_from_vivid
3054,100,Mitsubishi,Eclipse,1999,2025,1999-2000,3,original_db,existing
3055,100,Mitsubishi,Eclipse Cross,2017,2026,2017-2026,0,gor3a/vehicle-makes-models,added_missing
3056,100,Mitsubishi,Endeavor,2002,2011,2002-2011,0,gor3a/vehicle-makes-models,added_missing
3058,100,Mitsubishi,Freeca,2000,2000,2000,2,original_db,existing
3059,100,Mitsubishi,Fuzion,2005,2005,2005,1,original_db,existing
5580,100,Mitsubishi,"GALANT Saloon (DJ_, ED_, EF_)",2003,2003,2003,5,itdiag8-dotcom/database (vivid_cars2000.db),added_from_vivid
5288,100,Mitsubishi,GALANT VI (EA_),2000,2003,2000-2003,5,itdiag8-dotcom/database (vivid_cars2000.db),added_from_vivid
5289,100,Mitsubishi,GALANT VI Estate (EA_),2000,2000,2000,4,itdiag8-dotcom/database (vivid_cars2000.db),added_from_vivid
5737,100,Mitsubishi,"GRANDIS (N9_, N8_)",2000,2000,2000,2,itdiag8-dotcom/database (vivid_cars2000.db),added_from_vivid
5447,100,Mitsubishi,GRANDIS (NA_W),2003,2006,2003-2006,4,itdiag8-dotcom/database (vivid_cars2000.db),added_from_vivid
3060,100,Mitsubishi,Galant,1999,2012,1999-2000,14,original_db,existing
3061,100,Mitsubishi,Galant Fortis,2007,2007,2007,3,original_db,existing
3062,100,Mitsubishi,Galant Station,1997,2001,1997-2001,0,gor3a/vehicle-makes-models,added_missing
3063,100,Mitsubishi,Grandis,2003,2005,2003-2005,4,original_db,existing
3064,100,Mitsubishi,Grunder,2006,2006,2006,1,original_db,existing
3066,100,Mitsubishi,L 200,1995,2019,1995-2019,0,gor3a/vehicle-makes-models,added_missing
5399,100,Mitsubishi,"L 200 (K7_T, K6_T)",2001,2002,2001-2002,5,itdiag8-dotcom/database (vivid_cars2000.db),added_from_vivid
4721,100,Mitsubishi,"L 200 (KB_T, KA_T)",2004,2009,2004-2009,11,itdiag8-dotcom/database (vivid_cars2000.db),added_from_vivid
6403,100,Mitsubishi,"L 200 Platform/Chassis (K6_T, K7_T)",2000,2002,2000-2002,2,itdiag8-dotcom/database (vivid_cars2000.db),added_from_vivid
6266,100,Mitsubishi,"L 200 Platform/Chassis (KA_T, KB_T)",2008,2009,2008-2009,3,itdiag8-dotcom/database (vivid_cars2000.db),added_from_vivid
5613,100,Mitsubishi,"L 300 Box (P0_W, P1_W)",2000,2005,2000-2005,5,itdiag8-dotcom/database (vivid_cars2000.db),added_from_vivid
5612,100,Mitsubishi,"L 300 Bus (P0_W, P1_W, P2_W)",2000,2000,2000,1,itdiag8-dotcom/database (vivid_cars2000.db),added_from_vivid
3067,100,Mitsubishi,L200,1999,2016,1999-2016,16,original_db,existing
5425,100,Mitsubishi,LANCER Estate (CS_W),2003,2004,2003-2004,7,itdiag8-dotcom/database (vivid_cars2000.db),added_from_vivid
6353,100,Mitsubishi,LANCER Estate (CV_1),2007,2007,2007,4,itdiag8-dotcom/database (vivid_cars2000.db),added_from_vivid
4387,100,Mitsubishi,LANCER SPORTBACK (CX_A),2007,2010,2007-2010,12,itdiag8-dotcom/database (vivid_cars2000.db),added_from_vivid
5424,100,Mitsubishi,"LANCER Saloon (CS_A, CT0)",2003,2005,2003-2005,15,itdiag8-dotcom/database (vivid_cars2000.db),added_from_vivid
4384,100,Mitsubishi,LANCER Saloon (CY/Z_A),2007,2012,2007-2012,22,itdiag8-dotcom/database (vivid_cars2000.db),added_from_vivid
5918,100,Mitsubishi,LANCER VI (CJ-CP_),2000,2000,2000,5,itdiag8-dotcom/database (vivid_cars2000.db),added_from_vivid
3069,100,Mitsubishi,Lancer,2003,2017,2003-2010,13,original_db,existing
3070,100,Mitsubishi,Lancer Combi,1989,2006,1989-2006,0,gor3a/vehicle-makes-models,added_missing
3071,100,Mitsubishi,Lancer Evolution,1996,2010,1996-2010,72,original_db,existing
3072,100,Mitsubishi,Lancer SportBack,2004,2017,2004-2017,0,plowman/open-vehicle-db,added_missing
3073,100,Mitsubishi,Legnum,1999,2000,1999-2000,4,original_db,existing
5733,100,Mitsubishi,MAGNA Estate,2003,2003,2003,4,itdiag8-dotcom/database (vivid_cars2000.db),added_from_vivid
5720,100,Mitsubishi,MAGNA Estate (TJ),2000,2000,2000,3,itdiag8-dotcom/database (vivid_cars2000.db),added_from_vivid
5975,100,Mitsubishi,MAGNA Saloon (TJ),2000,2002,2000-2002,6,itdiag8-dotcom/database (vivid_cars2000.db),added_from_vivid
5974,100,Mitsubishi,MAGNA Saloon (TW),2003,2003,2003,4,itdiag8-dotcom/database (vivid_cars2000.db),added_from_vivid
6267,100,Mitsubishi,MAVEN,2004,2004,2004,1,itdiag8-dotcom/database (vivid_cars2000.db),added_from_vivid
6352,100,Mitsubishi,MINICAB Bus (U6_V),2010,2010,2010,1,itdiag8-dotcom/database (vivid_cars2000.db),added_from_vivid
6351,100,Mitsubishi,MINICAB Platform/Chassis (U6_T),2010,2010,2010,1,itdiag8-dotcom/database (vivid_cars2000.db),added_from_vivid
5719,100,Mitsubishi,MIRAGE Estate,2001,2001,2001,1,itdiag8-dotcom/database (vivid_cars2000.db),added_from_vivid
6411,100,Mitsubishi,MIRAGE G4 (A10_),2012,2012,2012,1,itdiag8-dotcom/database (vivid_cars2000.db),added_from_vivid
5948,100,Mitsubishi,MIRAGE Hatchback,2011,2011,2011,2,itdiag8-dotcom/database (vivid_cars2000.db),added_from_vivid
3075,100,Mitsubishi,Mirage,2012,2024,2012-2024,0,gor3a/vehicle-makes-models,added_missing
3076,100,Mitsubishi,Mirage G4,2013,2019,2013-2019,0,gor3a/vehicle-makes-models,added_missing
3077,100,Mitsubishi,Montero,1999,2009,1999-2009,4,original_db,existing
3078,100,Mitsubishi,Montero Sport,2001,2001,2001,1,original_db,existing
3079,100,Mitsubishi,Nativa,2001,2001,2001,1,original_db,existing
3080,100,Mitsubishi,Nimbus,2000,2000,2000,1,original_db,existing
5379,100,Mitsubishi,OUTLANDER I (CU_W),2001,2003,2001-2003,8,itdiag8-dotcom/database (vivid_cars2000.db),added_from_vivid
4313,100,Mitsubishi,OUTLANDER II (CW_W),2005,2009,2005-2009,11,itdiag8-dotcom/database (vivid_cars2000.db),added_from_vivid
4919,100,Mitsubishi,OUTLANDER II Van (CW_W),2005,2009,2005-2009,2,itdiag8-dotcom/database (vivid_cars2000.db),added_from_vivid
6307,100,Mitsubishi,"OUTLANDER III (GG_W, GF_W)",2011,2011,2011,5,itdiag8-dotcom/database (vivid_cars2000.db),added_from_vivid
5887,100,Mitsubishi,"OUTLANDER III Van (GF_W, GG_W)",2012,2012,2012,1,itdiag8-dotcom/database (vivid_cars2000.db),added_from_vivid
3081,100,Mitsubishi,Outlander,2003,2025,2003-2015,23,original_db,existing
3082,100,Mitsubishi,Outlander / Airtrek,2003,2026,2003-2026,0,gor3a/vehicle-makes-models,added_missing
3083,100,Mitsubishi,Outlander PHEV,,,,0,DanielKohut/car-data,added_missing
3084,100,Mitsubishi,Outlander Sport,2011,2027,2011-2027,0,plowman/open-vehicle-db,added_missing
4864,100,Mitsubishi,PAJERO CLASSIC (V2_W),2002,2005,2002-2005,8,itdiag8-dotcom/database (vivid_cars2000.db),added_from_vivid
6327,100,Mitsubishi,"PAJERO III (V7_W, V6_W)",2000,2001,2000-2001,5,itdiag8-dotcom/database (vivid_cars2000.db),added_from_vivid
4970,100,Mitsubishi,"PAJERO III Canvas Top (V6_W, V7_W)",2000,2003,2000-2003,11,itdiag8-dotcom/database (vivid_cars2000.db),added_from_vivid
4762,100,Mitsubishi,"PAJERO IV (V8_W, V9_W)",2006,2009,2006-2009,8,itdiag8-dotcom/database (vivid_cars2000.db),added_from_vivid
4920,100,Mitsubishi,"PAJERO IV Van (V90, V80)",2005,2009,2005-2009,2,itdiag8-dotcom/database (vivid_cars2000.db),added_from_vivid
5115,100,Mitsubishi,"PAJERO PININ (H6_W, H7_W)",2000,2001,2000-2001,2,itdiag8-dotcom/database (vivid_cars2000.db),added_from_vivid
5341,100,Mitsubishi,PAJERO SPORT (K90),2000,2003,2000-2003,7,itdiag8-dotcom/database (vivid_cars2000.db),added_from_vivid
4888,100,Mitsubishi,"PAJERO SPORT II (KG_, KH_)",2007,2009,2007-2009,11,itdiag8-dotcom/database (vivid_cars2000.db),added_from_vivid
6279,100,Mitsubishi,"PROUDIA/DIGNITY (BHGY5_, BY_5)",2011,2011,2011,3,itdiag8-dotcom/database (vivid_cars2000.db),added_from_vivid
3085,100,Mitsubishi,Pajero,1998,2012,1998-2012,30,original_db,existing
3086,100,Mitsubishi,Pajero Pinin / Shogun Pinin / Montero iO,1998,2007,1998-2007,0,gor3a/vehicle-makes-models,added_missing
3087,100,Mitsubishi,Pajero Sport,,,,0,DanielKohut/car-data,added_missing
3089,100,Mitsubishi,Raider,2005,2009,2005-2009,0,gor3a/vehicle-makes-models,added_missing
3090,100,Mitsubishi,Rvr,1999,2000,1999-2000,2,original_db,existing
6268,100,Mitsubishi,SAVRIN,2001,2003,2001-2003,2,itdiag8-dotcom/database (vivid_cars2000.db),added_from_vivid
6247,100,Mitsubishi,SPACE RUNNER (N6_W),2000,2000,2000,1,itdiag8-dotcom/database (vivid_cars2000.db),added_from_vivid
5102,100,Mitsubishi,SPACE STAR (DG_A),2000,2002,2000-2002,6,itdiag8-dotcom/database (vivid_cars2000.db),added_from_vivid
6299,100,Mitsubishi,SPACE STAR Hatchback (A0_A),2011,2011,2011,3,itdiag8-dotcom/database (vivid_cars2000.db),added_from_vivid
5255,100,Mitsubishi,"SPACE WAGON (N9_W, N8_W)",2000,2002,2000-2002,3,itdiag8-dotcom/database (vivid_cars2000.db),added_from_vivid
3091,100,Mitsubishi,Shogun Sport,2001,2001,2001,1,original_db,existing
3094,100,Mitsubishi,Space Runner,1999,2000,1999-2000,2,original_db,existing
3095,100,Mitsubishi,Space Star,1998,2002,1998-2002,3,original_db,existing
4684,100,Mitsubishi,TOPPO (_H8_),2007,2007,2007,2,itdiag8-dotcom/database (vivid_cars2000.db),added_from_vivid
3100,100,Mitsubishi,Triton,2001,2005,2001-2005,3,original_db,existing
6424,100,Mitsubishi,VERADA Estate (KL),2003,2003,2003,1,itdiag8-dotcom/database (vivid_cars2000.db),added_from_vivid
6422,100,Mitsubishi,VERADA Estate (KW),2003,2003,2003,1,itdiag8-dotcom/database (vivid_cars2000.db),added_from_vivid
5717,100,Mitsubishi,VERADA Saloon (KJ),2000,2003,2000-2003,7,itdiag8-dotcom/database (vivid_cars2000.db),added_from_vivid
5715,100,Mitsubishi,VERADA Saloon (KL),2003,2003,2003,6,itdiag8-dotcom/database (vivid_cars2000.db),added_from_vivid
5723,100,Mitsubishi,VERADA Saloon (KW),2003,2003,2003,5,itdiag8-dotcom/database (vivid_cars2000.db),added_from_vivid
6310,100,Mitsubishi,"VERYCA Box Body / Estate (CA9_W, CA8_W)",2010,2010,2010,1,itdiag8-dotcom/database (vivid_cars2000.db),added_from_vivid
6309,100,Mitsubishi,ZINGER MPV (KB0_A),2004,2007,2004-2007,3,itdiag8-dotcom/database (vivid_cars2000.db),added_from_vivid
4683,100,Mitsubishi,eK Hatchback (_H82_),2000,2005,2000-2005,2,itdiag8-dotcom/database (vivid_cars2000.db),added_from_vivid
4329,100,Mitsubishi,i (HA_),2005,2010,2005-2010,7,itdiag8-dotcom/database (vivid_cars2000.db),added_from_vivid
3065,100,Mitsubishi,i-MiEV,2009,2021,2009-2021,0,gor3a/vehicle-makes-models,added_missing
3103,102,Mitsubishi Fuso,Canter,2006,2013,2006-2013,6,original_db,existing
3105,103,Nissan,200 SX,1989,2000,1989-2000,0,gor3a/vehicle-makes-models,added_missing
3107,103,Nissan,240SX,1989,2001,1989-2001,0,plowman/open-vehicle-db,added_missing
5396,103,Nissan,350 Z (Z33),2002,2004,2002-2004,4,itdiag8-dotcom/database (vivid_cars2000.db),added_from_vivid
5468,103,Nissan,350 Z Roadster (Z33),2004,2005,2004-2005,3,itdiag8-dotcom/database (vivid_cars2000.db),added_from_vivid
3110,103,Nissan,350Z,2003,2009,2003-2007,3,original_db,existing
6011,103,Nissan,370 Z (Z34),2008,2012,2008-2012,4,itdiag8-dotcom/database (vivid_cars2000.db),added_from_vivid
4462,103,Nissan,370 Z Roadster (Z34),2009,2009,2009,2,itdiag8-dotcom/database (vivid_cars2000.db),added_from_vivid
3111,103,Nissan,370Z,2009,2020,2009,1,original_db,existing
3112,103,Nissan,370Z Nismo,2009,2021,2009-2021,0,gor3a/vehicle-makes-models,added_missing
4310,103,Nissan,ALMERA Classic (B10),2005,2005,2005,1,itdiag8-dotcom/database (vivid_cars2000.db),added_from_vivid
5054,103,Nissan,ALMERA II (N16),2000,2003,2000-2003,15,itdiag8-dotcom/database (vivid_cars2000.db),added_from_vivid
5004,103,Nissan,ALMERA II Hatchback (N16),2000,2003,2000-2003,12,itdiag8-dotcom/database (vivid_cars2000.db),added_from_vivid
4829,103,Nissan,ALMERA TINO (V10),2000,2003,2000-2003,6,itdiag8-dotcom/database (vivid_cars2000.db),added_from_vivid
5826,103,Nissan,ALTIMA Coupe,2005,2005,2005,1,itdiag8-dotcom/database (vivid_cars2000.db),added_from_vivid
3113,103,Nissan,Almera,2002,2012,2002-2012,4,original_db,existing
3114,103,Nissan,Almera / Pulsar,1995,2019,1995-2019,0,gor3a/vehicle-makes-models,added_missing
3115,103,Nissan,Almera Classic,2011,2011,2011,1,original_db,existing
3116,103,Nissan,Almera Tino,2000,2006,2000-2006,0,gor3a/vehicle-makes-models,added_missing
3117,103,Nissan,Altima,1998,2026,1998-2026,0,gor3a/vehicle-makes-models,added_missing
3119,103,Nissan,Altra-EV,1999,2004,1999-2004,0,plowman/open-vehicle-db,added_missing
3120,103,Nissan,Ariya,2020,2026,2020-2026,0,gor3a/vehicle-makes-models,added_missing
3121,103,Nissan,Ariya Hatchback,2023,2024,2023-2024,0,plowman/open-vehicle-db,added_missing
3122,103,Nissan,Ariya MPV,2025,2027,2025-2027,0,plowman/open-vehicle-db,added_missing
3123,103,Nissan,Armada,2003,2026,2003-2026,0,gor3a/vehicle-makes-models,added_missing
3124,103,Nissan,Atleon,1999,2014,1999-2014,4,original_db,existing
3125,103,Nissan,Avenir,2003,2003,2003,1,original_db,existing
5836,103,Nissan,BASSARA,2002,2002,2002,1,itdiag8-dotcom/database (vivid_cars2000.db),added_from_vivid
5800,103,Nissan,BLUEBIRD SYLPHY,2004,2004,2004,11,itdiag8-dotcom/database (vivid_cars2000.db),added_from_vivid
5000,103,Nissan,"CABSTAR Platform/Chassis (F23, H41, H42)",2000,2005,2000-2005,3,itdiag8-dotcom/database (vivid_cars2000.db),added_from_vivid
5863,103,Nissan,CARAVAN,2000,2002,2000-2002,4,itdiag8-dotcom/database (vivid_cars2000.db),added_from_vivid
5722,103,Nissan,CEDRIC,2000,2000,2000,2,itdiag8-dotcom/database (vivid_cars2000.db),added_from_vivid
5801,103,Nissan,CEFIRO I Saloon (J31),2000,2003,2000-2003,6,itdiag8-dotcom/database (vivid_cars2000.db),added_from_vivid
5859,103,Nissan,CIMA,2001,2001,2001,3,itdiag8-dotcom/database (vivid_cars2000.db),added_from_vivid
5857,103,Nissan,CLIPPER VAN,2002,2002,2002,1,itdiag8-dotcom/database (vivid_cars2000.db),added_from_vivid
5865,103,Nissan,CUBE (Z10),2000,2000,2000,2,itdiag8-dotcom/database (vivid_cars2000.db),added_from_vivid
5864,103,Nissan,CUBE (Z11),2002,2002,2002,3,itdiag8-dotcom/database (vivid_cars2000.db),added_from_vivid
4463,103,Nissan,CUBE (Z12),2009,2009,2009,6,itdiag8-dotcom/database (vivid_cars2000.db),added_from_vivid
3129,103,Nissan,Cabstar,2006,2007,2006-2007,3,original_db,existing
3131,103,Nissan,Cube,2002,2014,2002-2004,2,original_db,existing
6544,103,Nissan,DAYZ,2012,2012,2012,1,itdiag8-dotcom/database (vivid_cars2000.db),added_from_vivid
6545,103,Nissan,DAYZ ROOX,2012,2012,2012,1,itdiag8-dotcom/database (vivid_cars2000.db),added_from_vivid
6139,103,Nissan,ELGRAND (E50),2000,2000,2000,1,itdiag8-dotcom/database (vivid_cars2000.db),added_from_vivid
5862,103,Nissan,ELGRAND (E51),2002,2002,2002,2,itdiag8-dotcom/database (vivid_cars2000.db),added_from_vivid
4735,103,Nissan,ELGRAND (E52),2009,2009,2009,2,itdiag8-dotcom/database (vivid_cars2000.db),added_from_vivid
3132,103,Nissan,Elgrand,2025,2026,2025-2026,0,gor3a/vehicle-makes-models,added_missing
6516,103,Nissan,FUGA,2008,2009,2008-2009,4,itdiag8-dotcom/database (vivid_cars2000.db),added_from_vivid
3133,103,Nissan,Frontier,1998,2027,1998-2027,0,plowman/open-vehicle-db,added_missing
5718,103,Nissan,GLORIA,2000,2000,2000,3,itdiag8-dotcom/database (vivid_cars2000.db),added_from_vivid
4320,103,Nissan,GT-R (R35),2008,2012,2008-2012,4,itdiag8-dotcom/database (vivid_cars2000.db),added_from_vivid
3136,103,Nissan,GT-R Nismo,2014,2026,2014-2026,0,gor3a/vehicle-makes-models,added_missing
3134,103,Nissan,Grand Livina,2006,2013,2006-2013,0,gor3a/vehicle-makes-models,added_missing
3135,103,Nissan,Gt-R,2007,2011,2007-2011,2,original_db,existing
5347,103,Nissan,INTERSTAR Box (X70),2002,2005,2002-2005,8,itdiag8-dotcom/database (vivid_cars2000.db),added_from_vivid
5346,103,Nissan,INTERSTAR Bus (X70),2002,2005,2002-2005,8,itdiag8-dotcom/database (vivid_cars2000.db),added_from_vivid
5766,103,Nissan,INTERSTAR Platform/Chassis,2003,2005,2003-2005,5,itdiag8-dotcom/database (vivid_cars2000.db),added_from_vivid
6138,103,Nissan,JUKE (F15),2009,2012,2009-2012,8,itdiag8-dotcom/database (vivid_cars2000.db),added_from_vivid
3137,103,Nissan,Juke,2010,2017,2010-2011,3,original_db,existing
3138,103,Nissan,Juke EV,2026,2026,2026-2026,0,gor3a/vehicle-makes-models,added_missing
3139,103,Nissan,Juke Nismo,2013,2017,2013-2017,0,gor3a/vehicle-makes-models,added_missing
6520,103,Nissan,KIX,2007,2007,2007,1,itdiag8-dotcom/database (vivid_cars2000.db),added_from_vivid
5444,103,Nissan,KUBISTAR (X76),2003,2005,2003-2005,12,itdiag8-dotcom/database (vivid_cars2000.db),added_from_vivid
4403,103,Nissan,KUBISTAR Box (X80),2003,2005,2003-2005,8,itdiag8-dotcom/database (vivid_cars2000.db),added_from_vivid
3140,103,Nissan,Kicks,2016,2026,2016-2026,0,gor3a/vehicle-makes-models,added_missing
3141,103,Nissan,Kicks MPV,2025,2027,2025-2027,0,plowman/open-vehicle-db,added_missing
3142,103,Nissan,Kicks Play,2025,2027,2025-2027,0,plowman/open-vehicle-db,added_missing
6271,103,Nissan,LAFESTA,2004,2004,2004,1,itdiag8-dotcom/database (vivid_cars2000.db),added_from_vivid
5802,103,Nissan,LATIO Saloon,2006,2006,2006,6,itdiag8-dotcom/database (vivid_cars2000.db),added_from_vivid
4742,103,Nissan,"LIVINA / GRAND LIVINA (L10, L11)",2006,2012,2006-2012,4,itdiag8-dotcom/database (vivid_cars2000.db),added_from_vivid
3143,103,Nissan,Leaf,2010,2026,2010-2026,0,gor3a/vehicle-makes-models,added_missing
3144,103,Nissan,Liberty,1999,2004,1999-2004,0,gor3a/vehicle-makes-models,added_missing
3145,103,Nissan,Lp300,2008,2008,2008,1,original_db,existing
5016,103,Nissan,MAXIMA QX (A33),2000,2003,2000-2003,6,itdiag8-dotcom/database (vivid_cars2000.db),added_from_vivid
5517,103,Nissan,MICRA C+C (K12),2004,2004,2004,2,itdiag8-dotcom/database (vivid_cars2000.db),added_from_vivid
5112,103,Nissan,MICRA II (K11),2000,2000,2000,2,itdiag8-dotcom/database (vivid_cars2000.db),added_from_vivid
5365,103,Nissan,MICRA III (K12),2002,2004,2002-2004,11,itdiag8-dotcom/database (vivid_cars2000.db),added_from_vivid
4529,103,Nissan,MICRA IV (K13),2009,2010,2009-2010,5,itdiag8-dotcom/database (vivid_cars2000.db),added_from_vivid
6518,103,Nissan,MOCO,2005,2005,2005,1,itdiag8-dotcom/database (vivid_cars2000.db),added_from_vivid
5480,103,Nissan,MURANO (Z50),2003,2003,2003,1,itdiag8-dotcom/database (vivid_cars2000.db),added_from_vivid
4738,103,Nissan,MURANO (Z51),2006,2009,2006-2009,5,itdiag8-dotcom/database (vivid_cars2000.db),added_from_vivid
3146,103,Nissan,Maxima,2004,2023,2004,1,original_db,existing
3147,103,Nissan,Micra,2005,2005,2005,1,original_db,existing
3148,103,Nissan,Micra C+C,2005,2008,2005-2008,0,gor3a/vehicle-makes-models,added_missing
3149,103,Nissan,Murano,2005,2025,2007-2010,2,original_db,existing
3150,103,Nissan,Murano CrossCabriolet,2011,2014,2011-2014,0,gor3a/vehicle-makes-models,added_missing
3151,103,Nissan,N7,2024,2026,2024-2026,0,gor3a/vehicle-makes-models,added_missing
5977,103,Nissan,NAVARA (D22),2000,2000,2000,1,itdiag8-dotcom/database (vivid_cars2000.db),added_from_vivid
4344,103,Nissan,NAVARA (D40),2004,2009,2004-2009,6,itdiag8-dotcom/database (vivid_cars2000.db),added_from_vivid
6105,103,Nissan,NAVARA Platform/Chassis (D22),2002,2002,2002,1,itdiag8-dotcom/database (vivid_cars2000.db),added_from_vivid
4464,103,Nissan,NAVARA Platform/Chassis (D40),2007,2009,2007-2009,4,itdiag8-dotcom/database (vivid_cars2000.db),added_from_vivid
4815,103,Nissan,NOTE (E11),2005,2009,2005-2009,6,itdiag8-dotcom/database (vivid_cars2000.db),added_from_vivid
3157,103,Nissan,NV,2009,2019,2009-2019,0,gor3a/vehicle-makes-models,added_missing
6637,103,Nissan,NV1500,2012,2021,2015,1,lemon.dogeware.me LEMON 2015,active
3160,103,Nissan,NV200,2013,2027,2013-2027,0,plowman/open-vehicle-db,added_missing
4796,103,Nissan,NV200 Box,2009,2012,2009-2012,6,itdiag8-dotcom/database (vivid_cars2000.db),added_from_vivid
4795,103,Nissan,NV200 EVALIA,2009,2012,2009-2012,7,itdiag8-dotcom/database (vivid_cars2000.db),added_from_vivid
6638,103,Nissan,NV2500,2012,2021,2015,1,lemon.dogeware.me LEMON 2015,active
6507,103,Nissan,NV350 Bus,2011,2011,2011,3,itdiag8-dotcom/database (vivid_cars2000.db),added_from_vivid
6639,103,Nissan,NV3500,2012,2021,2015,1,lemon.dogeware.me LEMON 2015,active
4925,103,Nissan,NV400 Box,2010,2012,2010-2012,16,itdiag8-dotcom/database (vivid_cars2000.db),added_from_vivid
4924,103,Nissan,NV400 Bus,2010,2012,2010-2012,8,itdiag8-dotcom/database (vivid_cars2000.db),added_from_vivid
4926,103,Nissan,NV400 Platform/Chassis,2010,2012,2010-2012,16,itdiag8-dotcom/database (vivid_cars2000.db),added_from_vivid
3152,103,Nissan,Navara,2005,2010,2005-2010,5,original_db,existing
3153,103,Nissan,Navara / Frontier,2005,2026,2005-2026,0,gor3a/vehicle-makes-models,added_missing
3154,103,Nissan,Nissan Z,2023,2027,2023-2027,0,plowman/open-vehicle-db,added_missing
3155,103,Nissan,Note,2011,2011,2011,1,original_db,existing
3156,103,Nissan,Np300,2008,2013,2008-2013,3,original_db,existing
3158,103,Nissan,Nv 200,2011,2011,2011,1,original_db,existing
3159,103,Nissan,Nv 400,2010,2010,2010,3,original_db,existing
6521,103,Nissan,OTTI,2005,2005,2005,1,itdiag8-dotcom/database (vivid_cars2000.db),added_from_vivid
5165,103,Nissan,PATHFINDER (R50),2000,2000,2000,1,itdiag8-dotcom/database (vivid_cars2000.db),added_from_vivid
5487,103,Nissan,PATHFINDER (R51),2004,2009,2004-2009,6,itdiag8-dotcom/database (vivid_cars2000.db),added_from_vivid
6506,103,Nissan,PATHFINDER (R52),2012,2012,2012,1,itdiag8-dotcom/database (vivid_cars2000.db),added_from_vivid
5050,103,Nissan,PATROL GR II Wagon (Y61),2000,2003,2000-2003,7,itdiag8-dotcom/database (vivid_cars2000.db),added_from_vivid
6119,103,Nissan,PATROL II (GU),2006,2006,2006,1,itdiag8-dotcom/database (vivid_cars2000.db),added_from_vivid
6154,103,Nissan,PATROL III (Y62),2009,2009,2009,1,itdiag8-dotcom/database (vivid_cars2000.db),added_from_vivid
4935,103,Nissan,PICK UP (D22),2001,2007,2001-2007,7,itdiag8-dotcom/database (vivid_cars2000.db),added_from_vivid
6523,103,Nissan,PINO,2006,2006,2006,1,itdiag8-dotcom/database (vivid_cars2000.db),added_from_vivid
6012,103,Nissan,PIXO (UA0),2008,2008,2008,1,itdiag8-dotcom/database (vivid_cars2000.db),added_from_vivid
6515,103,Nissan,PRESAGE (U30),2001,2001,2001,2,itdiag8-dotcom/database (vivid_cars2000.db),added_from_vivid
4418,103,Nissan,PRIMASTAR Box (X83),2002,2007,2002-2007,8,itdiag8-dotcom/database (vivid_cars2000.db),added_from_vivid
4417,103,Nissan,PRIMASTAR Bus (X83),2001,2007,2001-2007,9,itdiag8-dotcom/database (vivid_cars2000.db),added_from_vivid
6305,103,Nissan,PRIMASTAR Platform/Chassis,2002,2002,2002,1,itdiag8-dotcom/database (vivid_cars2000.db),added_from_vivid
5268,103,Nissan,PRIMERA (P12),2002,2002,2002,7,itdiag8-dotcom/database (vivid_cars2000.db),added_from_vivid
5269,103,Nissan,PRIMERA Estate (WP12),2002,2002,2002,6,itdiag8-dotcom/database (vivid_cars2000.db),added_from_vivid
5239,103,Nissan,PRIMERA Hatchback (P11),2000,2000,2000,1,itdiag8-dotcom/database (vivid_cars2000.db),added_from_vivid
5344,103,Nissan,PRIMERA Hatchback (P12),2002,2002,2002,7,itdiag8-dotcom/database (vivid_cars2000.db),added_from_vivid
5797,103,Nissan,PULSAR Hatchback (C12),2011,2012,2011-2012,3,itdiag8-dotcom/database (vivid_cars2000.db),added_from_vivid
6484,103,Nissan,PULSAR Hatchback (C13),2013,2013,2013,3,itdiag8-dotcom/database (vivid_cars2000.db),added_from_vivid
3162,103,Nissan,Pathfinder,2005,2025,2005-2010,3,original_db,existing
3163,103,Nissan,Patrol,2002,2010,2002-2010,4,original_db,existing
3164,103,Nissan,Patrol LWB,1988,2026,1988-2026,0,gor3a/vehicle-makes-models,added_missing
3165,103,Nissan,Patrol SWB,1988,2010,1988-2010,0,gor3a/vehicle-makes-models,added_missing
3167,103,Nissan,Pixo,2009,2013,2009-2013,0,gor3a/vehicle-makes-models,added_missing
3168,103,Nissan,Platina,2006,2010,2006-2010,0,gor3a/vehicle-makes-models,added_missing
3170,103,Nissan,Presage,2001,2001,2001,1,original_db,existing
3171,103,Nissan,Primastar,2010,2010,2010,1,original_db,existing
3172,103,Nissan,Primera,2002,2004,2002-2004,2,original_db,existing
3173,103,Nissan,Primera Break,1990,2007,1990-2007,0,gor3a/vehicle-makes-models,added_missing
3174,103,Nissan,Pulsar,,,,0,DanielKohut/car-data,added_missing
4813,103,Nissan,"QASHQAI / QASHQAI +2 (J10, JJ10)",2006,2012,2006-2012,12,itdiag8-dotcom/database (vivid_cars2000.db),added_from_vivid
5793,103,Nissan,QUEST (V42),2003,2003,2003,1,itdiag8-dotcom/database (vivid_cars2000.db),added_from_vivid
3175,103,Nissan,Qashqai,2007,2015,2007-2015,5,original_db,existing
3176,103,Nissan,Quest,2004,2017,2004-2017,0,gor3a/vehicle-makes-models,added_missing
6522,103,Nissan,ROOX,2008,2008,2008,1,itdiag8-dotcom/database (vivid_cars2000.db),added_from_vivid
3177,103,Nissan,Rogue,2007,2026,2007-2026,0,gor3a/vehicle-makes-models,added_missing
3178,103,Nissan,Rogue Select,2014,2014,2014-2014,0,plowman/open-vehicle-db,added_missing
3179,103,Nissan,Rogue Sport,2017,2022,2017-2022,0,plowman/open-vehicle-db,added_missing
6159,103,Nissan,SENTRA (B17),2011,2011,2011,1,itdiag8-dotcom/database (vivid_cars2000.db),added_from_vivid
5583,103,Nissan,SERENA (C24),2000,2000,2000,1,itdiag8-dotcom/database (vivid_cars2000.db),added_from_vivid
4982,103,Nissan,SERENA (C25),2004,2005,2004-2005,2,itdiag8-dotcom/database (vivid_cars2000.db),added_from_vivid
4981,103,Nissan,SERENA (C26),2009,2009,2009,1,itdiag8-dotcom/database (vivid_cars2000.db),added_from_vivid
5858,103,Nissan,SKYLINE Coupe (V35),2003,2005,2003-2005,3,itdiag8-dotcom/database (vivid_cars2000.db),added_from_vivid
6094,103,Nissan,STAGEA (M35),2001,2005,2001-2005,4,itdiag8-dotcom/database (vivid_cars2000.db),added_from_vivid
5803,103,Nissan,SUNNY Coupe,2000,2000,2000,1,itdiag8-dotcom/database (vivid_cars2000.db),added_from_vivid
5804,103,Nissan,SUNNY Hatchback,2000,2000,2000,2,itdiag8-dotcom/database (vivid_cars2000.db),added_from_vivid
5805,103,Nissan,SUNNY Saloon,2000,2000,2000,2,itdiag8-dotcom/database (vivid_cars2000.db),added_from_vivid
6394,103,Nissan,SYLPHY (B17),2011,2011,2011,2,itdiag8-dotcom/database (vivid_cars2000.db),added_from_vivid
3180,103,Nissan,Sakura,2022,2026,2022-2026,0,gor3a/vehicle-makes-models,added_missing
3181,103,Nissan,Sentra,2005,2025,2006,1,original_db,existing
3183,103,Nissan,Serena,1991,2022,1991-2022,0,gor3a/vehicle-makes-models,added_missing
3184,103,Nissan,Skyline,2001,2010,2001-2010,0,gor3a/vehicle-makes-models,added_missing
3187,103,Nissan,Sunny,1993,2019,1993-2019,0,gor3a/vehicle-makes-models,added_missing
6101,103,Nissan,TEANA I (J31),2003,2003,2003,3,itdiag8-dotcom/database (vivid_cars2000.db),added_from_vivid
6102,103,Nissan,TEANA II (J32),2007,2012,2007-2012,4,itdiag8-dotcom/database (vivid_cars2000.db),added_from_vivid
6481,103,Nissan,TEANA III (J33),2012,2012,2012,2,itdiag8-dotcom/database (vivid_cars2000.db),added_from_vivid
5334,103,Nissan,TERRANO II (R20),2002,2002,2002,1,itdiag8-dotcom/database (vivid_cars2000.db),added_from_vivid
4922,103,Nissan,TERRANO Van (R20),2002,2002,2002,1,itdiag8-dotcom/database (vivid_cars2000.db),added_from_vivid
5806,103,Nissan,TIIDA Hatchback,2003,2003,2003,3,itdiag8-dotcom/database (vivid_cars2000.db),added_from_vivid
5749,103,Nissan,TIIDA Hatchback (C11X),2006,2006,2006,3,itdiag8-dotcom/database (vivid_cars2000.db),added_from_vivid
6160,103,Nissan,TIIDA Saloon (C12),2010,2011,2010-2011,2,itdiag8-dotcom/database (vivid_cars2000.db),added_from_vivid
5751,103,Nissan,TIIDA Saloon (SC11X),2006,2006,2006,6,itdiag8-dotcom/database (vivid_cars2000.db),added_from_vivid
3189,103,Nissan,Teana,2004,2009,2004-2009,4,original_db,existing
3190,103,Nissan,Terrano,1988,2019,1988-2019,0,gor3a/vehicle-makes-models,added_missing
3191,103,Nissan,Tiida,2012,2012,2012,1,original_db,existing
3192,103,Nissan,Tiida / Versa,2006,2026,2006-2026,0,gor3a/vehicle-makes-models,added_missing
3193,103,Nissan,Titan,2004,2024,2004-2024,0,gor3a/vehicle-makes-models,added_missing
3194,103,Nissan,Townstar,,,,0,DanielKohut/car-data,added_missing
5582,103,Nissan,URVAN Box (E25),2000,2002,2000-2002,4,itdiag8-dotcom/database (vivid_cars2000.db),added_from_vivid
5988,103,Nissan,URVAN Bus (V2_),2000,2002,2000-2002,6,itdiag8-dotcom/database (vivid_cars2000.db),added_from_vivid
6395,103,Nissan,URVAN NV350 / CARAVAN (E26),2012,2012,2012,2,itdiag8-dotcom/database (vivid_cars2000.db),added_from_vivid
3196,103,Nissan,Versa,2007,2025,,0,DanielKohut/car-data,added_missing
3197,103,Nissan,Versa Note,2014,2020,2014-2020,0,plowman/open-vehicle-db,added_missing
6519,103,Nissan,WINGROAD,2003,2003,2003,3,itdiag8-dotcom/database (vivid_cars2000.db),added_from_vivid
5216,103,Nissan,X-TRAIL (T30),2001,2003,2001-2003,8,itdiag8-dotcom/database (vivid_cars2000.db),added_from_vivid
4406,103,Nissan,X-TRAIL (T31),2006,2007,2006-2007,6,itdiag8-dotcom/database (vivid_cars2000.db),added_from_vivid
6461,103,Nissan,X-TRAIL (T32),2012,2012,2012,3,itdiag8-dotcom/database (vivid_cars2000.db),added_from_vivid
3198,103,Nissan,X-Trail,2003,2014,2003-2014,6,original_db,existing
4741,103,Nissan,XTERRA (N50),2004,2004,2004,1,itdiag8-dotcom/database (vivid_cars2000.db),added_from_vivid
3199,103,Nissan,XTerra,2002,2015,2002-2015,0,gor3a/vehicle-makes-models,added_missing
3200,103,Nissan,Z,2023,2025,,0,DanielKohut/car-data,added_missing
3201,103,Nissan,Z Nismo,2021,2026,2021-2026,0,gor3a/vehicle-makes-models,added_missing
4964,105,Opel,AGILA (A) (H00),2000,2003,2000-2003,5,itdiag8-dotcom/database (vivid_cars2000.db),added_from_vivid
4575,105,Opel,AGILA (B) (H08),2007,2010,2007-2010,7,itdiag8-dotcom/database (vivid_cars2000.db),added_from_vivid
5198,105,Opel,ASTRA G Box (F70),2000,2003,2000-2003,3,itdiag8-dotcom/database (vivid_cars2000.db),added_from_vivid
5169,105,Opel,ASTRA G Convertible (F67),2001,2002,2001-2002,9,itdiag8-dotcom/database (vivid_cars2000.db),added_from_vivid
4661,105,Opel,ASTRA G Coupe (F07_),2000,2002,2000-2002,10,itdiag8-dotcom/database (vivid_cars2000.db),added_from_vivid
4659,105,Opel,ASTRA G Estate (F35_),2000,2006,2000-2006,14,itdiag8-dotcom/database (vivid_cars2000.db),added_from_vivid
4660,105,Opel,"ASTRA G Hatchback (F48_, F08_)",2000,2006,2000-2006,14,itdiag8-dotcom/database (vivid_cars2000.db),added_from_vivid
4662,105,Opel,ASTRA G Saloon (F69_),2000,2006,2000-2006,11,itdiag8-dotcom/database (vivid_cars2000.db),added_from_vivid
4759,105,Opel,ASTRA GTC J,2010,2012,2010-2012,17,itdiag8-dotcom/database (vivid_cars2000.db),added_from_vivid
4693,105,Opel,ASTRA H (L48),2003,2008,2003-2008,27,itdiag8-dotcom/database (vivid_cars2000.db),added_from_vivid
4602,105,Opel,ASTRA H Box (L70),2003,2006,2003-2006,10,itdiag8-dotcom/database (vivid_cars2000.db),added_from_vivid
4444,105,Opel,ASTRA H Estate (L35),2003,2008,2003-2008,25,itdiag8-dotcom/database (vivid_cars2000.db),added_from_vivid
4692,105,Opel,ASTRA H GTC (L08),2004,2006,2004-2006,21,itdiag8-dotcom/database (vivid_cars2000.db),added_from_vivid
5992,105,Opel,ASTRA H Saloon (L69),2006,2009,2006-2009,8,itdiag8-dotcom/database (vivid_cars2000.db),added_from_vivid
5515,105,Opel,ASTRA H TwinTop (L67),2004,2006,2004-2006,10,itdiag8-dotcom/database (vivid_cars2000.db),added_from_vivid
6272,105,Opel,ASTRA J Saloon,2011,2012,2011-2012,15,itdiag8-dotcom/database (vivid_cars2000.db),added_from_vivid
4330,105,Opel,ASTRA J Sports Tourer,2009,2012,2009-2012,22,itdiag8-dotcom/database (vivid_cars2000.db),added_from_vivid
3202,105,Opel,Adam,2012,2016,2012-2016,9,original_db,existing
3203,105,Opel,Adam Rocks,2013,2019,2013-2019,0,gor3a/vehicle-makes-models,added_missing
3204,105,Opel,Agila,2000,2010,2000-2010,10,original_db,existing
3205,105,Opel,Agila A,,,,0,DanielKohut/car-data,added_missing
3206,105,Opel,Agila B,,,,0,DanielKohut/car-data,added_missing
3207,105,Opel,Ampera,2011,2019,2011-2019,0,gor3a/vehicle-makes-models,added_missing
3208,105,Opel,Antara,2006,2010,2006-2010,7,original_db,existing
3209,105,Opel,Ascona A,,,,0,DanielKohut/car-data,added_missing
3210,105,Opel,Ascona B,,,,0,DanielKohut/car-data,added_missing
3211,105,Opel,Ascona C,,,,0,DanielKohut/car-data,added_missing
3212,105,Opel,Astra,1997,2015,1997-2015,77,original_db,existing
3213,105,Opel,Astra Caravan,1994,2011,1994-2011,0,gor3a/vehicle-makes-models,added_missing
3214,105,Opel,Astra F,,,,0,DanielKohut/car-data,added_missing
3215,105,Opel,Astra G,,,,0,DanielKohut/car-data,added_missing
3216,105,Opel,Astra GTC,2011,2018,2011-2018,0,gor3a/vehicle-makes-models,added_missing
3217,105,Opel,Astra H,,,,0,DanielKohut/car-data,added_missing
3218,105,Opel,Astra J,,,,0,DanielKohut/car-data,added_missing
3219,105,Opel,Astra K,,,,0,DanielKohut/car-data,added_missing
3220,105,Opel,Astra L,,,,0,DanielKohut/car-data,added_missing
3221,105,Opel,Astra OPC,2000,2018,2000-2018,0,gor3a/vehicle-makes-models,added_missing
3222,105,Opel,Astra Sports Tourer,2010,2026,2010-2026,0,gor3a/vehicle-makes-models,added_missing
3223,105,Opel,Astra Twin Top /,2006,2011,2006-2011,0,gor3a/vehicle-makes-models,added_missing
5404,105,Opel,CAMPO (TF_),2001,2001,2001,1,itdiag8-dotcom/database (vivid_cars2000.db),added_from_vivid
6378,105,Opel,CASCADA (W13),2012,2012,2012,6,itdiag8-dotcom/database (vivid_cars2000.db),added_from_vivid
5262,105,Opel,COMBO Box Body / Estate,2001,2005,2001-2005,11,itdiag8-dotcom/database (vivid_cars2000.db),added_from_vivid
4959,105,Opel,COMBO Box Body / Estate (X12),2011,2011,2011,7,itdiag8-dotcom/database (vivid_cars2000.db),added_from_vivid
5375,105,Opel,COMBO Tour,2001,2005,2001-2005,10,itdiag8-dotcom/database (vivid_cars2000.db),added_from_vivid
4960,105,Opel,COMBO Tour (X12),2011,2011,2011,7,itdiag8-dotcom/database (vivid_cars2000.db),added_from_vivid
5053,105,Opel,"CORSA C (F08, F68)",2000,2003,2000-2003,11,itdiag8-dotcom/database (vivid_cars2000.db),added_from_vivid
5263,105,Opel,"CORSA C Box (F08, W5L)",2000,2004,2000-2004,8,itdiag8-dotcom/database (vivid_cars2000.db),added_from_vivid
4599,105,Opel,CORSA D Van,2005,2009,2005-2009,10,itdiag8-dotcom/database (vivid_cars2000.db),added_from_vivid
6565,105,Opel,CORSA E Van,2012,2013,2012-2013,6,itdiag8-dotcom/database (vivid_cars2000.db),added_from_vivid
3225,105,Opel,Cascada,2013,2013,2013,1,original_db,existing
3226,105,Opel,Combo,2001,2012,2001-2012,12,original_db,existing
3227,105,Opel,Combo A,,,,0,DanielKohut/car-data,added_missing
3228,105,Opel,Combo B,,,,0,DanielKohut/car-data,added_missing
3229,105,Opel,Combo C,,,,0,DanielKohut/car-data,added_missing
3230,105,Opel,Combo D,,,,0,DanielKohut/car-data,added_missing
3231,105,Opel,Combo E,,,,0,DanielKohut/car-data,added_missing
3232,105,Opel,Commodore A,,,,0,DanielKohut/car-data,added_missing
3233,105,Opel,Commodore B,,,,0,DanielKohut/car-data,added_missing
3234,105,Opel,Commodore C,,,,0,DanielKohut/car-data,added_missing
3235,105,Opel,Corsa,1994,2015,1994-2015,42,original_db,existing
3236,105,Opel,Corsa A,,,,0,DanielKohut/car-data,added_missing
3237,105,Opel,Corsa B,,,,0,DanielKohut/car-data,added_missing
3238,105,Opel,Corsa C,,,,0,DanielKohut/car-data,added_missing
3239,105,Opel,Corsa D,,,,0,DanielKohut/car-data,added_missing
3240,105,Opel,Corsa E,,,,0,DanielKohut/car-data,added_missing
3241,105,Opel,Corsa F,,,,0,DanielKohut/car-data,added_missing
3242,105,Opel,Corsa G,,,,0,DanielKohut/car-data,added_missing
3243,105,Opel,Corsa GSE,2026,2026,2026-2026,0,gor3a/vehicle-makes-models,added_missing
3244,105,Opel,Corsa OPC,2007,2019,2007-2019,0,gor3a/vehicle-makes-models,added_missing
3245,105,Opel,Crossland,2017,2026,2017-2026,0,gor3a/vehicle-makes-models,added_missing
5354,105,Opel,FRONTERA B (6B_),2002,2002,2002,1,itdiag8-dotcom/database (vivid_cars2000.db),added_from_vivid
3246,105,Opel,Frontera,1999,2001,1999-2001,3,original_db,existing
3247,105,Opel,Frontera A,,,,0,DanielKohut/car-data,added_missing
3248,105,Opel,Frontera B,,,,0,DanielKohut/car-data,added_missing
5739,105,Opel,GT Convertible,2006,2006,2006,2,itdiag8-dotcom/database (vivid_cars2000.db),added_from_vivid
3249,105,Opel,Grandland,2017,2026,2017-2026,0,gor3a/vehicle-makes-models,added_missing
3250,105,Opel,Grandland X,,,,0,DanielKohut/car-data,added_missing
3251,105,Opel,Gt,2007,2007,2007,1,original_db,existing
4618,105,Opel,INSIGNIA Estate,2007,2013,2007-2013,26,itdiag8-dotcom/database (vivid_cars2000.db),added_from_vivid
4655,105,Opel,INSIGNIA Saloon,2007,2013,2007-2013,25,itdiag8-dotcom/database (vivid_cars2000.db),added_from_vivid
3252,105,Opel,Insignia,2008,2015,2008-2015,34,original_db,existing
3253,105,Opel,Insignia A,,,,0,DanielKohut/car-data,added_missing
3254,105,Opel,Insignia B,,,,0,DanielKohut/car-data,added_missing
3255,105,Opel,Insignia Country Tourer,2013,2017,2013-2017,0,gor3a/vehicle-makes-models,added_missing
3256,105,Opel,Insignia GSi,2017,2020,2017-2020,0,gor3a/vehicle-makes-models,added_missing
3257,105,Opel,Insignia OPC,2009,2013,2009-2013,0,gor3a/vehicle-makes-models,added_missing
3258,105,Opel,Insignia Sports Tourer,2009,2020,2009-2020,0,gor3a/vehicle-makes-models,added_missing
3259,105,Opel,Insignia Sports Tourer GSi,2017,2020,2017-2020,0,gor3a/vehicle-makes-models,added_missing
3260,105,Opel,Insignia Sports Tourer OPC,2009,2017,2009-2017,0,gor3a/vehicle-makes-models,added_missing
3262,105,Opel,Kadett A,,,,0,DanielKohut/car-data,added_missing
3263,105,Opel,Kadett B,,,,0,DanielKohut/car-data,added_missing
3264,105,Opel,Kadett C,,,,0,DanielKohut/car-data,added_missing
3266,105,Opel,Kadett D,,,,0,DanielKohut/car-data,added_missing
3267,105,Opel,Kadett E,,,,0,DanielKohut/car-data,added_missing
3268,105,Opel,Kadett F,,,,0,DanielKohut/car-data,added_missing
3269,105,Opel,Karl,2015,2019,2015-2019,0,gor3a/vehicle-makes-models,added_missing
6155,105,Opel,MOVANO B Box,2009,2012,2009-2012,25,itdiag8-dotcom/database (vivid_cars2000.db),added_from_vivid
4663,105,Opel,MOVANO B Bus,2009,2012,2009-2012,13,itdiag8-dotcom/database (vivid_cars2000.db),added_from_vivid
6156,105,Opel,MOVANO B Platform/Chassis,2009,2012,2009-2012,26,itdiag8-dotcom/database (vivid_cars2000.db),added_from_vivid
5097,105,Opel,MOVANO Box (F9),2000,2003,2000-2003,18,itdiag8-dotcom/database (vivid_cars2000.db),added_from_vivid
5096,105,Opel,MOVANO Combi (J9),2000,2006,2000-2006,18,itdiag8-dotcom/database (vivid_cars2000.db),added_from_vivid
4707,105,Opel,MOVANO Dumptruck (H9),2000,2005,2000-2005,15,itdiag8-dotcom/database (vivid_cars2000.db),added_from_vivid
5098,105,Opel,"MOVANO Platform/Chassis (U9, E9)",2000,2005,2000-2005,15,itdiag8-dotcom/database (vivid_cars2000.db),added_from_vivid
3271,105,Opel,Manta A,,,,0,DanielKohut/car-data,added_missing
3272,105,Opel,Manta B,,,,0,DanielKohut/car-data,added_missing
3273,105,Opel,Meriva,2003,2013,2003-2013,25,original_db,existing
3274,105,Opel,Meriva A,,,,0,DanielKohut/car-data,added_missing
3275,105,Opel,Meriva B,,,,0,DanielKohut/car-data,added_missing
3276,105,Opel,Mokka,2012,2015,2012-2015,4,original_db,existing
3277,105,Opel,Mokka X,,,,0,DanielKohut/car-data,added_missing
3280,105,Opel,Movano,2000,2014,2000-2014,23,original_db,existing
5092,105,Opel,"OMEGA B (25_, 26_, 27_)",2000,2001,2000-2001,6,itdiag8-dotcom/database (vivid_cars2000.db),added_from_vivid
5093,105,Opel,"OMEGA B Estate (21_, 22_, 23_)",2000,2001,2000-2001,5,itdiag8-dotcom/database (vivid_cars2000.db),added_from_vivid
3281,105,Opel,Omega,1997,2001,1997-2001,3,original_db,existing
3282,105,Opel,Omega A,,,,0,DanielKohut/car-data,added_missing
3283,105,Opel,Omega B,,,,0,DanielKohut/car-data,added_missing
3284,105,Opel,Omega Caravan,1986,2003,1986-2003,0,gor3a/vehicle-makes-models,added_missing
3286,105,Opel,Rekord C,,,,0,DanielKohut/car-data,added_missing
3288,105,Opel,Rekord D,,,,0,DanielKohut/car-data,added_missing
3289,105,Opel,Rekord E,,,,0,DanielKohut/car-data,added_missing
3290,105,Opel,Rocks-e,2021,2026,2021-2026,0,gor3a/vehicle-makes-models,added_missing
3292,105,Opel,Senator A,,,,0,DanielKohut/car-data,added_missing
3293,105,Opel,Senator B,,,,0,DanielKohut/car-data,added_missing
3294,105,Opel,Signum,2002,2006,2002-2006,19,original_db,existing
3296,105,Opel,Speedster,2001,2003,2001-2003,2,original_db,existing
3298,105,Opel,Tigra A,,,,0,DanielKohut/car-data,added_missing
3299,105,Opel,Tigra B (TwinTop),,,,0,DanielKohut/car-data,added_missing
3300,105,Opel,Tigra Twintop,2005,2005,2005,3,original_db,existing
4664,105,Opel,VECTRA B (36_),2000,2000,2000,5,itdiag8-dotcom/database (vivid_cars2000.db),added_from_vivid
4665,105,Opel,VECTRA B Estate (31_),2000,2000,2000,5,itdiag8-dotcom/database (vivid_cars2000.db),added_from_vivid
4666,105,Opel,VECTRA B Hatchback (38_),2000,2000,2000,5,itdiag8-dotcom/database (vivid_cars2000.db),added_from_vivid
5409,105,Opel,VECTRA C Estate,2003,2006,2003-2006,19,itdiag8-dotcom/database (vivid_cars2000.db),added_from_vivid
5297,105,Opel,VECTRA C GTS,2002,2005,2002-2005,22,itdiag8-dotcom/database (vivid_cars2000.db),added_from_vivid
6457,105,Opel,VIVARO Box,2012,2012,2012,2,itdiag8-dotcom/database (vivid_cars2000.db),added_from_vivid
5168,105,Opel,VIVARO Box (F7),2001,2005,2001-2005,19,itdiag8-dotcom/database (vivid_cars2000.db),added_from_vivid
6456,105,Opel,VIVARO Combi,2012,2012,2012,2,itdiag8-dotcom/database (vivid_cars2000.db),added_from_vivid
5167,105,Opel,VIVARO Combi (J7),2001,2005,2001-2005,18,itdiag8-dotcom/database (vivid_cars2000.db),added_from_vivid
4555,105,Opel,VIVARO Platform/Chassis (E7),2005,2005,2005,9,itdiag8-dotcom/database (vivid_cars2000.db),added_from_vivid
3301,105,Opel,Vectra,1995,2007,1995-2007,37,original_db,existing
3302,105,Opel,Vectra A,,,,0,DanielKohut/car-data,added_missing
3303,105,Opel,Vectra B,,,,0,DanielKohut/car-data,added_missing
3304,105,Opel,Vectra C,,,,0,DanielKohut/car-data,added_missing
3305,105,Opel,Vectra Caravan,1996,2008,1996-2008,0,gor3a/vehicle-makes-models,added_missing
3306,105,Opel,Vectra OPC,2005,2008,2005-2008,0,gor3a/vehicle-makes-models,added_missing
3307,105,Opel,Vita,1994,2005,1994-2005,16,original_db,existing
3308,105,Opel,Vivaro,2001,2014,2001-2014,13,original_db,existing
3309,105,Opel,Vivaro A,,,,0,DanielKohut/car-data,added_missing
3310,105,Opel,Vivaro B,,,,0,DanielKohut/car-data,added_missing
3311,105,Opel,Vivaro C,,,,0,DanielKohut/car-data,added_missing
4667,105,Opel,ZAFIRA A (F75_),2000,2003,2000-2003,11,itdiag8-dotcom/database (vivid_cars2000.db),added_from_vivid
5503,105,Opel,ZAFIRA B (A05),2004,2012,2004-2012,19,itdiag8-dotcom/database (vivid_cars2000.db),added_from_vivid
4603,105,Opel,ZAFIRA B Van,2004,2008,2004-2008,7,itdiag8-dotcom/database (vivid_cars2000.db),added_from_vivid
4836,105,Opel,ZAFIRA TOURER C (P12),2010,2013,2010-2013,22,itdiag8-dotcom/database (vivid_cars2000.db),added_from_vivid
3312,105,Opel,Zafira,1999,2013,1999-2013,34,original_db,existing
3313,105,Opel,Zafira A,,,,0,DanielKohut/car-data,added_missing
3314,105,Opel,Zafira B,,,,0,DanielKohut/car-data,added_missing
3315,105,Opel,Zafira C (Tourer),,,,0,DanielKohut/car-data,added_missing
3316,105,Opel,Zafira Life,,,,0,DanielKohut/car-data,added_missing
3317,105,Opel,Zafira Tourer,2011,2013,2011-2013,4,original_db,existing
3318,106,Oreion Motors,Reeper,2003,2003,2003,1,original_db,existing
3319,107,Peugeot,1007,2005,2007,2005-2007,5,original_db,existing
5481,107,Peugeot,1007 (KM_),2004,2006,2004-2006,6,itdiag8-dotcom/database (vivid_cars2000.db),added_from_vivid
3321,107,Peugeot,106,1999,2001,1999-2001,3,original_db,existing
4950,107,Peugeot,106 Van (1_),2000,2000,2000,1,itdiag8-dotcom/database (vivid_cars2000.db),added_from_vivid
3322,107,Peugeot,107,2005,2005,2005,1,original_db,existing
3323,107,Peugeot,108,2014,2022,2014-2022,0,gor3a/vehicle-makes-models,added_missing
3324,107,Peugeot,2008,2013,2026,2013-2026,0,gor3a/vehicle-makes-models,added_missing
3325,107,Peugeot,204,,,,0,DanielKohut/car-data,added_missing
3327,107,Peugeot,206,1998,2004,1998-2004,14,original_db,existing
3328,107,Peugeot,206 CC,2001,2007,2001-2007,0,gor3a/vehicle-makes-models,added_missing
4977,107,Peugeot,206 CC (2D),2000,2004,2000-2004,3,itdiag8-dotcom/database (vivid_cars2000.db),added_from_vivid
4731,107,Peugeot,206 Hatchback (2A/C),2000,2005,2000-2005,11,itdiag8-dotcom/database (vivid_cars2000.db),added_from_vivid
3329,107,Peugeot,206 Plus,2008,2008,2008,1,original_db,existing
3330,107,Peugeot,206 SW,2002,2007,2002-2007,0,gor3a/vehicle-makes-models,added_missing
5320,107,Peugeot,206 SW (2E/K),2002,2004,2002-2004,11,itdiag8-dotcom/database (vivid_cars2000.db),added_from_vivid
5565,107,Peugeot,206 Saloon,2006,2007,2006-2007,4,itdiag8-dotcom/database (vivid_cars2000.db),added_from_vivid
4921,107,Peugeot,206 Van,2001,2001,2001,2,itdiag8-dotcom/database (vivid_cars2000.db),added_from_vivid
3331,107,Peugeot,206+,2009,2013,2009-2013,0,gor3a/vehicle-makes-models,added_missing
4614,107,Peugeot,206+ (T3E),2008,2009,2008-2009,9,itdiag8-dotcom/database (vivid_cars2000.db),added_from_vivid
3332,107,Peugeot,207,2006,2010,2006-2010,10,original_db,existing
4733,107,Peugeot,"207 (WA_, WC_)",2005,2008,2005-2008,26,itdiag8-dotcom/database (vivid_cars2000.db),added_from_vivid
3333,107,Peugeot,207 CC,2007,2014,2007-2014,0,gor3a/vehicle-makes-models,added_missing
5573,107,Peugeot,207 CC (WD_),2006,2009,2006-2009,6,itdiag8-dotcom/database (vivid_cars2000.db),added_from_vivid
3334,107,Peugeot,207 SW,2007,2012,2007-2012,0,gor3a/vehicle-makes-models,added_missing
5746,107,Peugeot,207 SW (WK_),2006,2008,2006-2008,12,itdiag8-dotcom/database (vivid_cars2000.db),added_from_vivid
4732,107,Peugeot,207 Saloon,2006,2008,2006-2008,3,itdiag8-dotcom/database (vivid_cars2000.db),added_from_vivid
6096,107,Peugeot,207 Van,2006,2006,2006,3,itdiag8-dotcom/database (vivid_cars2000.db),added_from_vivid
3335,107,Peugeot,208,2012,2014,2012-2014,7,original_db,existing
3336,107,Peugeot,208 GTI,2013,2018,2013-2018,0,gor3a/vehicle-makes-models,added_missing
3337,107,Peugeot,208 XY,2013,2015,2013-2015,0,gor3a/vehicle-makes-models,added_missing
3338,107,Peugeot,3008,2009,2010,2009-2010,7,original_db,existing
3339,107,Peugeot,301,2012,2026,2012-2026,0,gor3a/vehicle-makes-models,added_missing
3340,107,Peugeot,304,,,,0,DanielKohut/car-data,added_missing
3341,107,Peugeot,305,,,,0,DanielKohut/car-data,added_missing
3342,107,Peugeot,306,1999,2000,1999-2000,2,original_db,existing
5129,107,Peugeot,"306 (7B, N3, N5)",2000,2000,2000,2,itdiag8-dotcom/database (vivid_cars2000.db),added_from_vivid
5130,107,Peugeot,"306 Break (7E, N3, N5)",2000,2000,2000,1,itdiag8-dotcom/database (vivid_cars2000.db),added_from_vivid
4569,107,Peugeot,"306 Convertible (7D, N3, N5)",2000,2000,2000,2,itdiag8-dotcom/database (vivid_cars2000.db),added_from_vivid
5128,107,Peugeot,"306 Hatchback (7A, 7C, N3, N5)",2000,2000,2000,2,itdiag8-dotcom/database (vivid_cars2000.db),added_from_vivid
3343,107,Peugeot,307,2000,2005,2000-2005,16,original_db,existing
4939,107,Peugeot,307 (3A/C),2000,2007,2000-2007,19,itdiag8-dotcom/database (vivid_cars2000.db),added_from_vivid
5438,107,Peugeot,307 Break (3E),2002,2006,2002-2006,15,itdiag8-dotcom/database (vivid_cars2000.db),added_from_vivid
3344,107,Peugeot,307 CC,2003,2008,2003-2008,0,gor3a/vehicle-makes-models,added_missing
5394,107,Peugeot,307 CC (3B),2003,2004,2003-2004,5,itdiag8-dotcom/database (vivid_cars2000.db),added_from_vivid
3345,107,Peugeot,307 SW,2002,2008,2002-2008,0,gor3a/vehicle-makes-models,added_missing
5309,107,Peugeot,307 SW (3H),2002,2006,2002-2006,14,itdiag8-dotcom/database (vivid_cars2000.db),added_from_vivid
3346,107,Peugeot,308,2007,2010,2007-2010,12,original_db,existing
4495,107,Peugeot,"308 (4A_, 4C_)",2006,2012,2006-2012,28,itdiag8-dotcom/database (vivid_cars2000.db),added_from_vivid
3347,107,Peugeot,308 CC,2008,2015,2008-2015,0,gor3a/vehicle-makes-models,added_missing
6401,107,Peugeot,308 II,2012,2012,2012,10,itdiag8-dotcom/database (vivid_cars2000.db),added_from_vivid
3348,107,Peugeot,308 SW,2008,2026,2008-2026,0,gor3a/vehicle-makes-models,added_missing
6421,107,Peugeot,308 SW II,2012,2012,2012,10,itdiag8-dotcom/database (vivid_cars2000.db),added_from_vivid
3349,107,Peugeot,309,,,,0,DanielKohut/car-data,added_missing
3350,107,Peugeot,4007,2007,2008,2007-2008,2,original_db,existing
4848,107,Peugeot,4007 (GP_),2006,2009,2006-2009,3,itdiag8-dotcom/database (vivid_cars2000.db),added_from_vivid
3351,107,Peugeot,4008,2012,2017,2012-2017,0,gor3a/vehicle-makes-models,added_missing
3353,107,Peugeot,406,2000,2001,2000-2001,7,original_db,existing
5024,107,Peugeot,406 (8B),2000,2001,2000-2001,7,itdiag8-dotcom/database (vivid_cars2000.db),added_from_vivid
3354,107,Peugeot,406 Break,1996,2004,1996-2004,0,gor3a/vehicle-makes-models,added_missing
5025,107,Peugeot,406 Break (8E/F),2000,2001,2000-2001,7,itdiag8-dotcom/database (vivid_cars2000.db),added_from_vivid
5026,107,Peugeot,406 Coupe (8C),2000,2002,2000-2002,3,itdiag8-dotcom/database (vivid_cars2000.db),added_from_vivid
3355,107,Peugeot,407,2000,2008,2000-2008,10,original_db,existing
4585,107,Peugeot,407 (6D_),2003,2009,2003-2009,18,itdiag8-dotcom/database (vivid_cars2000.db),added_from_vivid
5519,107,Peugeot,407 Coupe (6C_),2004,2009,2004-2009,8,itdiag8-dotcom/database (vivid_cars2000.db),added_from_vivid
3356,107,Peugeot,407 SW,2004,2010,2004-2010,0,gor3a/vehicle-makes-models,added_missing
5445,107,Peugeot,407 SW (6E_),2003,2009,2003-2009,17,itdiag8-dotcom/database (vivid_cars2000.db),added_from_vivid
3357,107,Peugeot,408,2010,2026,2010-2026,0,gor3a/vehicle-makes-models,added_missing
3358,107,Peugeot,5008,2009,2010,2009-2010,6,original_db,existing
3361,107,Peugeot,508,2009,2012,2009-2012,8,original_db,existing
3362,107,Peugeot,508 RXH,2011,2018,2011-2018,0,gor3a/vehicle-makes-models,added_missing
3363,107,Peugeot,508 SW,2010,2026,2010-2026,0,gor3a/vehicle-makes-models,added_missing
3366,107,Peugeot,607,2000,2006,2000-2006,9,original_db,existing
4943,107,Peugeot,"607 (9D, 9U)",2000,2005,2000-2005,10,itdiag8-dotcom/database (vivid_cars2000.db),added_from_vivid
3367,107,Peugeot,806,1999,2000,1999-2000,2,original_db,existing
5186,107,Peugeot,806 (221),2000,2000,2000,1,itdiag8-dotcom/database (vivid_cars2000.db),added_from_vivid
3368,107,Peugeot,807,2002,2009,2002-2009,10,original_db,existing
4438,107,Peugeot,807 (E),2002,2008,2002-2008,14,itdiag8-dotcom/database (vivid_cars2000.db),added_from_vivid
4523,107,Peugeot,BIPPER (AA_),2007,2009,2007-2009,3,itdiag8-dotcom/database (vivid_cars2000.db),added_from_vivid
4522,107,Peugeot,BIPPER Tepee,2007,2009,2007-2009,3,itdiag8-dotcom/database (vivid_cars2000.db),added_from_vivid
5563,107,Peugeot,BOXER Box,2005,2010,2005-2010,3,itdiag8-dotcom/database (vivid_cars2000.db),added_from_vivid
5163,107,Peugeot,BOXER Box (230L),2000,2001,2000-2001,3,itdiag8-dotcom/database (vivid_cars2000.db),added_from_vivid
5331,107,Peugeot,BOXER Box (244),2002,2004,2002-2004,7,itdiag8-dotcom/database (vivid_cars2000.db),added_from_vivid
5562,107,Peugeot,BOXER Bus,2005,2010,2005-2010,3,itdiag8-dotcom/database (vivid_cars2000.db),added_from_vivid
5161,107,Peugeot,BOXER Bus (230P),2000,2000,2000,2,itdiag8-dotcom/database (vivid_cars2000.db),added_from_vivid
5315,107,Peugeot,"BOXER Bus (244, Z_)",2002,2003,2002-2003,6,itdiag8-dotcom/database (vivid_cars2000.db),added_from_vivid
5564,107,Peugeot,BOXER Platform/Chassis,2005,2010,2005-2010,3,itdiag8-dotcom/database (vivid_cars2000.db),added_from_vivid
5330,107,Peugeot,BOXER Platform/Chassis (244),2002,2003,2002-2003,5,itdiag8-dotcom/database (vivid_cars2000.db),added_from_vivid
5162,107,Peugeot,BOXER Platform/Chassis (ZCT_),2000,2001,2000-2001,3,itdiag8-dotcom/database (vivid_cars2000.db),added_from_vivid
3369,107,Peugeot,Bipper,2005,2011,2005-2011,3,original_db,existing
3370,107,Peugeot,Boxer,2000,2011,2000-2011,9,original_db,existing
5079,107,Peugeot,EXPERT (224),2000,2003,2000-2003,7,itdiag8-dotcom/database (vivid_cars2000.db),added_from_vivid
5080,107,Peugeot,EXPERT Box (222),2000,2002,2000-2002,5,itdiag8-dotcom/database (vivid_cars2000.db),added_from_vivid
4812,107,Peugeot,"EXPERT Box (VF3A_, VF3U_, VF3X_)",2006,2011,2006-2011,11,itdiag8-dotcom/database (vivid_cars2000.db),added_from_vivid
5577,107,Peugeot,EXPERT Platform/Chassis,2006,2006,2006,3,itdiag8-dotcom/database (vivid_cars2000.db),added_from_vivid
5915,107,Peugeot,EXPERT Platform/Chassis (223),2000,2000,2000,1,itdiag8-dotcom/database (vivid_cars2000.db),added_from_vivid
4496,107,Peugeot,EXPERT Tepee (VF3V_),2006,2010,2006-2010,9,itdiag8-dotcom/database (vivid_cars2000.db),added_from_vivid
3371,107,Peugeot,Expert,2000,2009,2000-2009,8,original_db,existing
3372,107,Peugeot,Hoggar,2010,2014,2010-2014,0,gor3a/vehicle-makes-models,added_missing
3374,107,Peugeot,Landtrek,2020,2026,2020-2026,0,gor3a/vehicle-makes-models,added_missing
4804,107,Peugeot,PARTNER Box,2007,2012,2007-2012,16,itdiag8-dotcom/database (vivid_cars2000.db),added_from_vivid
5267,107,Peugeot,PARTNER Box (5),2000,2005,2000-2005,9,itdiag8-dotcom/database (vivid_cars2000.db),added_from_vivid
5027,107,Peugeot,PARTNER Combispace (5F),2000,2005,2000-2005,7,itdiag8-dotcom/database (vivid_cars2000.db),added_from_vivid
4885,107,Peugeot,PARTNER Platform/Chassis,2008,2008,2008,3,itdiag8-dotcom/database (vivid_cars2000.db),added_from_vivid
4803,107,Peugeot,PARTNER Tepee,2007,2012,2007-2012,14,itdiag8-dotcom/database (vivid_cars2000.db),added_from_vivid
3375,107,Peugeot,Partner,2000,2010,2000-2010,14,original_db,existing
3376,107,Peugeot,Partner Combi,2002,2008,2002-2008,0,gor3a/vehicle-makes-models,added_missing
3377,107,Peugeot,Pick Up,2017,2020,2017-2020,0,gor3a/vehicle-makes-models,added_missing
3380,107,Peugeot,RCZ R,2013,2015,2013-2015,0,gor3a/vehicle-makes-models,added_missing
3381,107,Peugeot,RIFTER,2018,2023,2018-2023,0,gor3a/vehicle-makes-models,added_missing
3378,107,Peugeot,Ranch,2000,2006,2000-2006,6,original_db,existing
3379,107,Peugeot,Rcz,2010,2010,2010,3,original_db,existing
3382,107,Peugeot,Tepee,2007,2017,2007-2017,0,gor3a/vehicle-makes-models,added_missing
3383,107,Peugeot,Traveller,2016,2026,2016-2026,0,gor3a/vehicle-makes-models,added_missing
3373,107,Peugeot,iOn,2010,2012,2010-2012,0,gor3a/vehicle-makes-models,added_missing
3384,108,Polestar,1,2019,2022,2019-2022,0,gor3a/vehicle-makes-models,added_missing
3385,108,Polestar,2,2019,2026,2019-2026,0,gor3a/vehicle-makes-models,added_missing
3386,108,Polestar,3,2022,2026,2022-2026,0,gor3a/vehicle-makes-models,added_missing
3387,108,Polestar,4,2023,2026,2023-2026,0,gor3a/vehicle-makes-models,added_missing
3388,108,Polestar,5,2025,2026,2025-2026,0,gor3a/vehicle-makes-models,added_missing
6781,237,Pontiac,Aztek,2005,2005,2005,1,lemon.dogeware.me LEMON 2015,active
6782,237,Pontiac,Bonneville,2005,2005,2005,1,lemon.dogeware.me LEMON 2015,active
6795,237,Pontiac,G3,2009,2010,2009,1,lemon.dogeware.me LEMON 2015,active
6791,237,Pontiac,G5,2006,2010,2006,1,lemon.dogeware.me LEMON 2015,active
6783,237,Pontiac,G6,2005,2010,2005,1,lemon.dogeware.me LEMON 2015,active
6794,237,Pontiac,G8,2008,2009,2008,1,lemon.dogeware.me LEMON 2015,active
6784,237,Pontiac,GTO,2005,2006,2005,1,lemon.dogeware.me LEMON 2015,active
6785,237,Pontiac,Grand,2005,2008,2005,1,lemon.dogeware.me LEMON 2015,active
6786,237,Pontiac,Montana,2005,2009,2005,1,lemon.dogeware.me LEMON 2015,active
6787,237,Pontiac,Pursuit,2005,2005,2005,1,lemon.dogeware.me LEMON 2015,active
6792,237,Pontiac,Solstice,2006,2010,2006,1,lemon.dogeware.me LEMON 2015,active
6789,237,Pontiac,Sunfire,2005,2005,2005,1,lemon.dogeware.me LEMON 2015,active
6793,237,Pontiac,Torrent,2006,2009,2006,1,lemon.dogeware.me LEMON 2015,active
6788,237,Pontiac,Vibe,2005,2010,2005,1,lemon.dogeware.me LEMON 2015,active
6790,237,Pontiac,Wave,2005,2008,2005,1,lemon.dogeware.me LEMON 2015,active
3389,110,Porsche,356,,,,0,DanielKohut/car-data,added_missing
3390,110,Porsche,550,,,,0,DanielKohut/car-data,added_missing
3391,110,Porsche,718,2017,2026,2019-2026,0,gor3a/vehicle-makes-models,added_missing
3392,110,Porsche,718 Boxster,2016,2026,2016-2026,0,gor3a/vehicle-makes-models,added_missing
3393,110,Porsche,718 Boxster GTS,2017,2026,2017-2026,0,gor3a/vehicle-makes-models,added_missing
3394,110,Porsche,718 Boxster S,2016,2026,2016-2026,0,gor3a/vehicle-makes-models,added_missing
3395,110,Porsche,718 Cayman,2016,2026,2016-2026,0,gor3a/vehicle-makes-models,added_missing
3396,110,Porsche,718 Cayman GT4,2015,2026,2015-2026,0,gor3a/vehicle-makes-models,added_missing
3397,110,Porsche,718 Cayman GTS,2017,2026,2017-2026,0,gor3a/vehicle-makes-models,added_missing
3398,110,Porsche,718 Cayman S,2016,2026,2016-2026,0,gor3a/vehicle-makes-models,added_missing
3399,110,Porsche,718 Spyder,2020,2025,2020-2025,0,plowman/open-vehicle-db,added_missing
3400,110,Porsche,911,2005,2023,,0,DanielKohut/car-data,added_missing
4846,110,Porsche,911 (991),2010,2012,2010-2012,6,itdiag8-dotcom/database (vivid_cars2000.db),added_from_vivid
4978,110,Porsche,911 (996),2000,2003,2000-2003,8,itdiag8-dotcom/database (vivid_cars2000.db),added_from_vivid
4416,110,Porsche,911 (997),2003,2010,2003-2010,18,itdiag8-dotcom/database (vivid_cars2000.db),added_from_vivid
3401,110,Porsche,911 Carrera,1997,2011,1997-2011,11,original_db,existing
3402,110,Porsche,911 Carrera 4,1995,2012,1995-2012,11,original_db,existing
3403,110,Porsche,911 Carrera 4 Cabriolet,1998,2012,1998-2012,13,original_db,existing
3404,110,Porsche,911 Carrera 4 Gts,2012,2013,2012-2013,2,original_db,existing
3405,110,Porsche,911 Carrera 4 Gts Cabriolet,2012,2012,2012,2,original_db,existing
3406,110,Porsche,911 Carrera 4S,2001,2012,2001-2012,9,original_db,existing
3407,110,Porsche,911 Carrera 4S Cabriolet,2003,2012,2003-2012,9,original_db,existing
3408,110,Porsche,911 Carrera Cabriolet,1998,2012,1998-2012,10,original_db,existing
3409,110,Porsche,911 Carrera Gts,2010,2012,2010-2012,3,original_db,existing
3410,110,Porsche,911 Carrera Gts Cabriolet,2010,2012,2010-2012,3,original_db,existing
3412,110,Porsche,911 Carrera S,2004,2012,2004-2012,6,original_db,existing
3413,110,Porsche,911 Carrera S Cabriolet,2005,2012,2005-2012,6,original_db,existing
3414,110,Porsche,911 Carrera T,2017,2026,2017-2026,0,gor3a/vehicle-makes-models,added_missing
3415,110,Porsche,911 Carrera Targa,2002,2002,2002,2,original_db,existing
3416,110,Porsche,911 Carrera Targa 4,2006,2014,2006-2014,6,original_db,existing
3417,110,Porsche,911 Carrera Targa 4S,2006,2014,2006-2014,6,original_db,existing
3418,110,Porsche,911 Carrera Targa Cabriolet,2002,2002,2002,2,original_db,existing
5219,110,Porsche,911 Convertible (991),2011,2012,2011-2012,3,itdiag8-dotcom/database (vivid_cars2000.db),added_from_vivid
5290,110,Porsche,911 Convertible (996),2001,2003,2001-2003,4,itdiag8-dotcom/database (vivid_cars2000.db),added_from_vivid
4420,110,Porsche,911 Convertible (997),2004,2009,2004-2009,11,itdiag8-dotcom/database (vivid_cars2000.db),added_from_vivid
3419,110,Porsche,911 Gt2,1995,2007,1995-2007,4,original_db,existing
3420,110,Porsche,911 Gt2 Rs,2010,2010,2010,1,original_db,existing
3421,110,Porsche,911 Gt3,2000,2013,2000-2013,4,original_db,existing
3422,110,Porsche,911 Gt3 Rs,2003,2016,2003-2016,4,original_db,existing
3423,110,Porsche,911 R,2016,2019,2016-2019,0,gor3a/vehicle-makes-models,added_missing
3424,110,Porsche,911 Speedster,2005,2005,2005,1,original_db,existing
3425,110,Porsche,911 Speedster Cabriolet,2010,2010,2010,1,original_db,existing
3426,110,Porsche,911 Sport Classic,2009,2009,2009,1,original_db,existing
6449,110,Porsche,911 Targa (991),2012,2012,2012,2,itdiag8-dotcom/database (vivid_cars2000.db),added_from_vivid
5286,110,Porsche,911 Targa (996),2001,2001,2001,1,itdiag8-dotcom/database (vivid_cars2000.db),added_from_vivid
5937,110,Porsche,911 Targa (997),2005,2007,2005-2007,4,itdiag8-dotcom/database (vivid_cars2000.db),added_from_vivid
3429,110,Porsche,911 Targa 4 Gts,2014,2014,2014,2,original_db,existing
3430,110,Porsche,911 Targa 4S,2006,2026,2006-2026,0,gor3a/vehicle-makes-models,added_missing
3431,110,Porsche,911 Turbo,1995,2016,1995-2016,7,original_db,existing
3432,110,Porsche,911 Turbo 4,2001,2001,2001,2,original_db,existing
3433,110,Porsche,911 Turbo Cabriolet,2004,2016,2004-2016,8,original_db,existing
3434,110,Porsche,911 Turbo S,1996,2016,1996-2016,6,original_db,existing
3435,110,Porsche,911 Turbo S Cabriolet,2004,2016,2004-2016,5,original_db,existing
3436,110,Porsche,918,2013,2015,2013-2015,0,gor3a/vehicle-makes-models,added_missing
3437,110,Porsche,918 Spyder,2014,2014,2014,1,original_db,existing
3438,110,Porsche,924,,,,0,DanielKohut/car-data,added_missing
5218,110,Porsche,BOXSTER (981),2011,2012,2011-2012,3,itdiag8-dotcom/database (vivid_cars2000.db),added_from_vivid
5338,110,Porsche,BOXSTER (986),2002,2003,2002-2003,3,itdiag8-dotcom/database (vivid_cars2000.db),added_from_vivid
4315,110,Porsche,BOXSTER (987),2003,2009,2003-2009,10,itdiag8-dotcom/database (vivid_cars2000.db),added_from_vivid
3449,110,Porsche,Boxster,1996,2016,1996-2012,14,original_db,existing
3450,110,Porsche,Boxster Black Edition,2015,2016,2015-2016,3,original_db,existing
3451,110,Porsche,Boxster Gts,2014,2014,2014,2,original_db,existing
3452,110,Porsche,Boxster Rs 60 Spyder,2007,2007,2007,1,original_db,existing
3453,110,Porsche,Boxster S,1999,2012,1999-2012,12,original_db,existing
3454,110,Porsche,Boxster S 550 Spyder,2004,2004,2004,1,original_db,existing
3455,110,Porsche,Boxster Spyder,2010,2015,2010-2015,2,original_db,existing
5324,110,Porsche,CAYENNE (955),2002,2008,2002-2008,12,itdiag8-dotcom/database (vivid_cars2000.db),added_from_vivid
6334,110,Porsche,CAYMAN (981),2012,2012,2012,2,itdiag8-dotcom/database (vivid_cars2000.db),added_from_vivid
4835,110,Porsche,CAYMAN (987),2004,2009,2004-2009,6,itdiag8-dotcom/database (vivid_cars2000.db),added_from_vivid
6796,110,Porsche,Carrera,2005,2005,2005,1,lemon.dogeware.me LEMON 2015,active
3456,110,Porsche,Carrera Gt,2003,2003,2003,1,original_db,existing
3457,110,Porsche,Cayenne,2003,2023,2003-2015,6,original_db,existing
3458,110,Porsche,Cayenne Diesel,2009,2014,2009-2014,4,original_db,existing
3459,110,Porsche,Cayenne E-Hybrid,2014,2014,2014,1,original_db,existing
3460,110,Porsche,Cayenne Electric,2026,2026,2026-2026,0,gor3a/vehicle-makes-models,added_missing
3461,110,Porsche,Cayenne Gts,2007,2013,2007-2013,3,original_db,existing
3462,110,Porsche,Cayenne S,2002,2011,2002-2011,5,original_db,existing
3463,110,Porsche,Cayenne S Diesel,2013,2014,2013-2014,2,original_db,existing
3464,110,Porsche,Cayenne S E-Hybrid,2014,2019,2014-2019,0,gor3a/vehicle-makes-models,added_missing
3465,110,Porsche,Cayenne S Electric,2026,2026,2026-2026,0,gor3a/vehicle-makes-models,added_missing
3466,110,Porsche,Cayenne S Hybrid,2010,2010,2010,1,original_db,existing
3467,110,Porsche,Cayenne S TransSyberia,2009,2011,2009-2011,0,gor3a/vehicle-makes-models,added_missing
3468,110,Porsche,Cayenne Turbo,2002,2014,2002-2014,6,original_db,existing
3469,110,Porsche,Cayenne Turbo E-Hybrid,2023,2026,2023-2026,0,gor3a/vehicle-makes-models,added_missing
3470,110,Porsche,Cayenne Turbo S,2006,2015,2006-2015,5,original_db,existing
3471,110,Porsche,Cayenne Turbo S E-Hybrid,2019,2023,2019-2023,0,gor3a/vehicle-makes-models,added_missing
3472,110,Porsche,Cayman,2006,2016,2006-2014,5,original_db,existing
3473,110,Porsche,Cayman Gt4,2015,2015,2015,1,original_db,existing
3474,110,Porsche,Cayman Gts,2014,2014,2014,2,original_db,existing
3475,110,Porsche,Cayman R,2010,2010,2010,2,original_db,existing
3476,110,Porsche,Cayman S,2005,2013,2005-2013,5,original_db,existing
3477,110,Porsche,Macan,2015,2024,2015-2016,5,original_db,existing
3478,110,Porsche,Macan 4 Electric,2024,2026,2024-2026,0,gor3a/vehicle-makes-models,added_missing
3479,110,Porsche,Macan Gts,2015,2015,2015,1,original_db,existing
3480,110,Porsche,Macan S,2014,2026,2014-2026,0,gor3a/vehicle-makes-models,added_missing
3481,110,Porsche,Macan S Diesel,2014,2014,2014,3,original_db,existing
3482,110,Porsche,Macan T,2022,2026,2022-2026,0,gor3a/vehicle-makes-models,added_missing
3483,110,Porsche,Macan Turbo,2014,2021,2014-2021,0,gor3a/vehicle-makes-models,added_missing
3484,110,Porsche,Macan Turbo Electric,2024,2026,2024-2026,0,gor3a/vehicle-makes-models,added_missing
3485,110,Porsche,Panamera,2009,2023,2009-2023,0,gor3a/vehicle-makes-models,added_missing
3486,110,Porsche,Panamera 4,2009,2026,2009-2026,0,gor3a/vehicle-makes-models,added_missing
3487,110,Porsche,Panamera 4 E-Hybrid,2016,2020,2016-2020,0,gor3a/vehicle-makes-models,added_missing
3488,110,Porsche,Panamera 4 E-Hybrid Sport Turismo,2017,2020,2017-2020,0,gor3a/vehicle-makes-models,added_missing
3489,110,Porsche,Panamera 4 Sport Turismo,2017,2020,2017-2020,0,gor3a/vehicle-makes-models,added_missing
3490,110,Porsche,Panamera 4S,2009,2013,2009-2013,2,original_db,existing
3491,110,Porsche,Panamera 4S Diesel,2016,2020,2016-2020,0,gor3a/vehicle-makes-models,added_missing
3492,110,Porsche,Panamera 4S Diesel Sport Turismo,2017,2020,2017-2020,0,gor3a/vehicle-makes-models,added_missing
3493,110,Porsche,Panamera 4S E-Hybrid,2020,2026,2020-2026,0,gor3a/vehicle-makes-models,added_missing
3494,110,Porsche,Panamera 4S Sport Turismo,2017,2020,2017-2020,0,gor3a/vehicle-makes-models,added_missing
3495,110,Porsche,Panamera Diesel,2011,2016,2011-2016,3,original_db,existing
3497,110,Porsche,Panamera GTS Sport Turismo,2018,2026,2018-2026,0,gor3a/vehicle-makes-models,added_missing
3496,110,Porsche,Panamera Gts,2012,2012,2012,1,original_db,existing
3498,110,Porsche,Panamera S,2009,2013,2009-2013,3,original_db,existing
3499,110,Porsche,Panamera S E-Hybrid,2013,2013,2013,2,original_db,existing
3500,110,Porsche,Panamera S Hybrid,2011,2011,2011,2,original_db,existing
3501,110,Porsche,Panamera Turbo,2009,2013,2009-2013,2,original_db,existing
3502,110,Porsche,Panamera Turbo E Hybrid,2023,2026,2023-2026,0,gor3a/vehicle-makes-models,added_missing
3503,110,Porsche,Panamera Turbo S,2011,2014,2011-2014,2,original_db,existing
3504,110,Porsche,Panamera Turbo S E-Hybrid,2017,2020,2017-2020,0,gor3a/vehicle-makes-models,added_missing
3505,110,Porsche,Panamera Turbo S E-Hybrid Sport Turismo,2017,2023,2017-2023,0,gor3a/vehicle-makes-models,added_missing
3506,110,Porsche,Panamera Turbo S Sport Turismo,2020,2026,2020-2026,0,gor3a/vehicle-makes-models,added_missing
3507,110,Porsche,Panamera Turbo Sport Turismo,2017,2020,2017-2020,0,gor3a/vehicle-makes-models,added_missing
3508,110,Porsche,Speedster,2019,2019,2019-2019,0,gor3a/vehicle-makes-models,added_missing
3509,110,Porsche,Taycan,2019,2026,2019-2026,0,gor3a/vehicle-makes-models,added_missing
3510,110,Porsche,Taycan Cross Turismo,2021,2026,2021-2026,0,gor3a/vehicle-makes-models,added_missing
3511,110,Porsche,Taycan GTS,2021,2026,2021-2026,0,gor3a/vehicle-makes-models,added_missing
3512,110,Porsche,Taycan GTS Sport Turismo,2021,2026,2021-2026,0,gor3a/vehicle-makes-models,added_missing
3513,110,Porsche,Taycan Sport Turismo,2024,2026,2024-2026,0,gor3a/vehicle-makes-models,added_missing
3514,110,Porsche,Taycan Turbo,2019,2026,2019-2026,0,gor3a/vehicle-makes-models,added_missing
3515,111,Proton,37257,2004,2004,2004,3,original_db,existing
3516,111,Proton,Arena / Jumbuck,2002,2011,2002-2011,0,gor3a/vehicle-makes-models,added_missing
3517,111,Proton,Ertiga,2016,2018,2016-2018,0,gor3a/vehicle-makes-models,added_missing
3518,111,Proton,Exora,2009,2019,2009-2019,0,gor3a/vehicle-makes-models,added_missing
5530,111,Proton,GEN 2 (CM_),2003,2007,2003-2007,3,itdiag8-dotcom/database (vivid_cars2000.db),added_from_vivid
3519,111,Proton,Gen-2,2004,2013,2004-2013,0,gor3a/vehicle-makes-models,added_missing
5471,111,Proton,IMPIAN,2001,2001,2001,2,itdiag8-dotcom/database (vivid_cars2000.db),added_from_vivid
3520,111,Proton,Inspira,2010,2015,2010-2015,0,gor3a/vehicle-makes-models,added_missing
3521,111,Proton,Iriz,2014,2017,2014-2017,0,gor3a/vehicle-makes-models,added_missing
5531,111,Proton,JUMBUCK Pickup,2002,2002,2002,2,itdiag8-dotcom/database (vivid_cars2000.db),added_from_vivid
5587,111,Proton,PERSONA 300 (C9_M),2000,2000,2000,2,itdiag8-dotcom/database (vivid_cars2000.db),added_from_vivid
5585,111,Proton,PERSONA 400 (C9_S),2000,2004,2000-2004,3,itdiag8-dotcom/database (vivid_cars2000.db),added_from_vivid
5584,111,Proton,"PERSONA 400 Hatchback (C9_C, C9_S)",2000,2004,2000-2004,3,itdiag8-dotcom/database (vivid_cars2000.db),added_from_vivid
6116,111,Proton,PERSONA Saloon,2007,2007,2007,2,itdiag8-dotcom/database (vivid_cars2000.db),added_from_vivid
3522,111,Proton,Perdana,2016,2020,2016-2020,0,gor3a/vehicle-makes-models,added_missing
3523,111,Proton,Persona,2007,2019,2007-2019,0,gor3a/vehicle-makes-models,added_missing
3524,111,Proton,Preve,2011,2018,2011-2018,0,gor3a/vehicle-makes-models,added_missing
4441,111,Proton,SAGA II Saloon,2008,2009,2008-2009,2,itdiag8-dotcom/database (vivid_cars2000.db),added_from_vivid
5472,111,Proton,SATRIA (C9_M),2000,2000,2000,4,itdiag8-dotcom/database (vivid_cars2000.db),added_from_vivid
3525,111,Proton,Saga,2011,2019,2011-2019,0,gor3a/vehicle-makes-models,added_missing
3526,111,Proton,Satria,,,,0,DanielKohut/car-data,added_missing
3527,111,Proton,Satria Neo,2006,2015,2006-2015,0,gor3a/vehicle-makes-models,added_missing
3528,111,Proton,Savvy,2005,2012,2005-2012,0,gor3a/vehicle-makes-models,added_missing
3529,111,Proton,Suprima S,2013,2019,2013-2019,0,gor3a/vehicle-makes-models,added_missing
5067,111,Proton,WIRA Hatchback,2000,2004,2000-2004,6,itdiag8-dotcom/database (vivid_cars2000.db),added_from_vivid
3530,111,Proton,Waja,,,,0,DanielKohut/car-data,added_missing
3531,111,Proton,Waja / Impian,2001,2011,2001-2011,0,gor3a/vehicle-makes-models,added_missing
3532,111,Proton,Wira,,,,0,DanielKohut/car-data,added_missing
3533,111,Proton,X50,,,,0,DanielKohut/car-data,added_missing
3534,111,Proton,X70,,,,0,DanielKohut/car-data,added_missing
6848,234,Ram,1500,,,,0,lemon fix,active
6849,234,Ram,2500,,,,0,lemon fix,active
6850,234,Ram,3500,,,,0,lemon fix,active
6691,234,Ram,Ram,2000,2003,2000,1,lemon.dogeware.me LEMON 2015,active
3539,113,Renault,17,,,,0,DanielKohut/car-data,added_missing
3547,113,Renault,4,,,,0,DanielKohut/car-data,added_missing
3548,113,Renault,4 E-Tech,2025,2026,2025-2026,0,gor3a/vehicle-makes-models,added_missing
3550,113,Renault,5 E-Tech,2024,2026,2024-2026,0,gor3a/vehicle-makes-models,added_missing
3551,113,Renault,5 EV,,,,0,DanielKohut/car-data,added_missing
3552,113,Renault,6,,,,0,DanielKohut/car-data,added_missing
5261,113,Renault,AVANTIME (DE0_),2001,2002,2001-2002,5,itdiag8-dotcom/database (vivid_cars2000.db),added_from_vivid
3555,113,Renault,Alaskan,2016,2025,2016-2025,0,gor3a/vehicle-makes-models,added_missing
3558,113,Renault,Arkana,2019,2026,2019-2026,0,gor3a/vehicle-makes-models,added_missing
3559,113,Renault,Austral,2022,2026,2022-2026,0,gor3a/vehicle-makes-models,added_missing
3560,113,Renault,Avantime,2001,2003,2001-2003,0,gor3a/vehicle-makes-models,added_missing
3561,113,Renault,Boreal,2025,2026,2025-2026,0,gor3a/vehicle-makes-models,added_missing
4808,113,Renault,CLIO Grandtour (KR0/1_),2007,2009,2007-2009,17,itdiag8-dotcom/database (vivid_cars2000.db),added_from_vivid
6336,113,Renault,CLIO Grandtour IV,2012,2012,2012,3,itdiag8-dotcom/database (vivid_cars2000.db),added_from_vivid
4755,113,Renault,"CLIO II (BB0/1/2_, CB0/1/2_)",2000,2006,2000-2006,32,itdiag8-dotcom/database (vivid_cars2000.db),added_from_vivid
5532,113,Renault,CLIO II Box (SB0/1/2_),2000,2003,2000-2003,9,itdiag8-dotcom/database (vivid_cars2000.db),added_from_vivid
4739,113,Renault,"CLIO III (BR0/1, CR0/1)",2004,2009,2004-2009,27,itdiag8-dotcom/database (vivid_cars2000.db),added_from_vivid
6330,113,Renault,CLIO IV,2011,2012,2011-2012,3,itdiag8-dotcom/database (vivid_cars2000.db),added_from_vivid
3562,113,Renault,Captur,2013,2015,2013-2015,4,original_db,existing
3563,113,Renault,City K-ZE,2019,2026,2019-2026,0,gor3a/vehicle-makes-models,added_missing
3564,113,Renault,Clio,2011,2013,2011-2013,9,original_db,existing
3565,113,Renault,Clio RS,2013,2016,2013-2016,0,gor3a/vehicle-makes-models,added_missing
3566,113,Renault,Clio Symbol / Thalia,2000,2013,2000-2013,0,gor3a/vehicle-makes-models,added_missing
3567,113,Renault,Dauphine,,,,0,DanielKohut/car-data,added_missing
3568,113,Renault,Duster,2011,2011,2011,3,original_db,existing
3569,113,Renault,Duster OROCH,2015,2022,2015-2022,0,gor3a/vehicle-makes-models,added_missing
5071,113,Renault,ESPACE III (JE0_),2000,2001,2000-2001,5,itdiag8-dotcom/database (vivid_cars2000.db),added_from_vivid
5339,113,Renault,ESPACE IV (JK0/1_),2002,2005,2002-2005,32,itdiag8-dotcom/database (vivid_cars2000.db),added_from_vivid
3571,113,Renault,Espace,2003,2015,2003-2015,3,original_db,existing
3572,113,Renault,Express,,,,0,DanielKohut/car-data,added_missing
4428,113,Renault,FLUENCE (L30_),2009,2012,2009-2012,12,itdiag8-dotcom/database (vivid_cars2000.db),added_from_vivid
3573,113,Renault,Filante,2026,2026,2026-2026,0,gor3a/vehicle-makes-models,added_missing
3574,113,Renault,Fluence,2009,2009,2009,1,original_db,existing
5453,113,Renault,GRAND SCÉNIC II (JM0/1_),2003,2005,2003-2005,30,itdiag8-dotcom/database (vivid_cars2000.db),added_from_vivid
4469,113,Renault,GRAND SCÉNIC III (JZ0/1_),2008,2012,2008-2012,19,itdiag8-dotcom/database (vivid_cars2000.db),added_from_vivid
3576,113,Renault,Grand Kangoo,2023,2026,2023-2026,0,gor3a/vehicle-makes-models,added_missing
3577,113,Renault,Grand Modus,2008,2012,2008-2012,0,gor3a/vehicle-makes-models,added_missing
3578,113,Renault,Grand Scenic,2009,2009,2009,1,original_db,existing
4987,113,Renault,KANGOO (KC0/1_),2000,2004,2000-2004,22,itdiag8-dotcom/database (vivid_cars2000.db),added_from_vivid
5133,113,Renault,KANGOO / GRAND KANGOO (KW0/1_),2007,2012,2007-2012,23,itdiag8-dotcom/database (vivid_cars2000.db),added_from_vivid
4586,113,Renault,KANGOO BE BOP (KW0/1_),2008,2009,2008-2009,5,itdiag8-dotcom/database (vivid_cars2000.db),added_from_vivid
4382,113,Renault,KANGOO Express (FC0/1_),2000,2004,2000-2004,24,itdiag8-dotcom/database (vivid_cars2000.db),added_from_vivid
4576,113,Renault,KANGOO Express (FW0/1_),2007,2012,2007-2012,19,itdiag8-dotcom/database (vivid_cars2000.db),added_from_vivid
5789,113,Renault,KOLEOS (HY_),2007,2007,2007,11,itdiag8-dotcom/database (vivid_cars2000.db),added_from_vivid
3579,113,Renault,Kadjar,2015,2015,2015,1,original_db,existing
3580,113,Renault,Kangoo,2006,2010,2006-2010,2,original_db,existing
3581,113,Renault,Kardian,2023,2026,2023-2026,0,gor3a/vehicle-makes-models,added_missing
3582,113,Renault,Kiger,2021,2026,2021-2026,0,gor3a/vehicle-makes-models,added_missing
3583,113,Renault,Koleos,2008,2014,2008-2014,3,original_db,existing
3584,113,Renault,Kwid,2015,2019,2015-2019,0,gor3a/vehicle-makes-models,added_missing
5240,113,Renault,LAGUNA Coupe (DT0/1),2007,2011,2007-2011,17,itdiag8-dotcom/database (vivid_cars2000.db),added_from_vivid
5113,113,Renault,LAGUNA II (BG0/1_),2001,2005,2001-2005,66,itdiag8-dotcom/database (vivid_cars2000.db),added_from_vivid
5114,113,Renault,LAGUNA II Grandtour (KG0/1_),2001,2005,2001-2005,61,itdiag8-dotcom/database (vivid_cars2000.db),added_from_vivid
4577,113,Renault,LAGUNA III (BT0/1),2006,2007,2006-2007,21,itdiag8-dotcom/database (vivid_cars2000.db),added_from_vivid
4578,113,Renault,LAGUNA III Grandtour (KT0/1),2006,2007,2006-2007,22,itdiag8-dotcom/database (vivid_cars2000.db),added_from_vivid
4532,113,Renault,LATITUDE (L70_),2009,2010,2009-2010,10,itdiag8-dotcom/database (vivid_cars2000.db),added_from_vivid
6389,113,Renault,LOGAN EXPRESS,2006,2006,2006,7,itdiag8-dotcom/database (vivid_cars2000.db),added_from_vivid
4615,113,Renault,LOGAN I (LS_),2003,2010,2003-2010,7,itdiag8-dotcom/database (vivid_cars2000.db),added_from_vivid
4616,113,Renault,LOGAN I Estate (KS_),2006,2010,2006-2010,12,itdiag8-dotcom/database (vivid_cars2000.db),added_from_vivid
6495,113,Renault,LOGAN II,2012,2012,2012,9,itdiag8-dotcom/database (vivid_cars2000.db),added_from_vivid
6569,113,Renault,LOGAN II Estate,2012,2012,2012,5,itdiag8-dotcom/database (vivid_cars2000.db),added_from_vivid
3585,113,Renault,Laguna,2007,2010,2007-2010,3,original_db,existing
3586,113,Renault,Latitude,2010,2015,2010-2015,0,gor3a/vehicle-makes-models,added_missing
3588,113,Renault,Logan,2014,2022,2014-2022,0,gor3a/vehicle-makes-models,added_missing
5142,113,Renault,MASTER II Box (FD),2000,2005,2000-2005,17,itdiag8-dotcom/database (vivid_cars2000.db),added_from_vivid
5141,113,Renault,MASTER II Bus (JD),2000,2005,2000-2005,15,itdiag8-dotcom/database (vivid_cars2000.db),added_from_vivid
5143,113,Renault,MASTER II Platform/Chassis (ED/HD/UD),2000,2005,2000-2005,13,itdiag8-dotcom/database (vivid_cars2000.db),added_from_vivid
5069,113,Renault,MASTER III Box (FV),2009,2012,2009-2012,26,itdiag8-dotcom/database (vivid_cars2000.db),added_from_vivid
4802,113,Renault,MASTER III Bus (JV),2010,2012,2010-2012,10,itdiag8-dotcom/database (vivid_cars2000.db),added_from_vivid
5068,113,Renault,"MASTER III Platform/Chassis (EV, HV, UV)",2009,2012,2009-2012,26,itdiag8-dotcom/database (vivid_cars2000.db),added_from_vivid
4301,113,Renault,MEGANE CC (EZ0/1_),2009,2012,2009-2012,15,itdiag8-dotcom/database (vivid_cars2000.db),added_from_vivid
5170,113,Renault,MEGANE I (BA0/1_),2000,2001,2000-2001,10,itdiag8-dotcom/database (vivid_cars2000.db),added_from_vivid
5306,113,Renault,MEGANE I Cabriolet (EA0/1_),2002,2002,2002,2,itdiag8-dotcom/database (vivid_cars2000.db),added_from_vivid
5171,113,Renault,MEGANE I Classic (LA0/1_),2001,2001,2001,6,itdiag8-dotcom/database (vivid_cars2000.db),added_from_vivid
5173,113,Renault,MEGANE I Coach (DA0/1_),2001,2002,2001-2002,3,itdiag8-dotcom/database (vivid_cars2000.db),added_from_vivid
5172,113,Renault,MEGANE I Grandtour (KA0/1_),2001,2001,2001,7,itdiag8-dotcom/database (vivid_cars2000.db),added_from_vivid
5343,113,Renault,"MEGANE II (BM0/1_, CM0/1_)",2002,2006,2002-2006,45,itdiag8-dotcom/database (vivid_cars2000.db),added_from_vivid
5420,113,Renault,MEGANE II Coupé-Cabriolet (EM0/1_),2003,2006,2003-2006,23,itdiag8-dotcom/database (vivid_cars2000.db),added_from_vivid
4427,113,Renault,MEGANE II Estate (KM0/1_),2003,2007,2003-2007,41,itdiag8-dotcom/database (vivid_cars2000.db),added_from_vivid
5421,113,Renault,MEGANE II Saloon (LM0/1_),2003,2006,2003-2006,33,itdiag8-dotcom/database (vivid_cars2000.db),added_from_vivid
4300,113,Renault,MEGANE III Coupe (DZ0/1_),2007,2012,2007-2012,22,itdiag8-dotcom/database (vivid_cars2000.db),added_from_vivid
4307,113,Renault,MEGANE III Grandtour (KZ0/1),2007,2012,2007-2012,36,itdiag8-dotcom/database (vivid_cars2000.db),added_from_vivid
4308,113,Renault,MEGANE III Hatchback (BZ0_),2007,2012,2007-2012,27,itdiag8-dotcom/database (vivid_cars2000.db),added_from_vivid
4435,113,Renault,MODUS / GRAND MODUS (F/JP0_),2003,2010,2003-2010,24,itdiag8-dotcom/database (vivid_cars2000.db),added_from_vivid
3589,113,Renault,Master,2001,2013,2001-2013,10,original_db,existing
3590,113,Renault,Maxity,2007,2007,2007,3,original_db,existing
3591,113,Renault,Megane,2009,2013,2009-2013,10,original_db,existing
3592,113,Renault,Megane E-Tech,2021,2026,2021-2026,0,gor3a/vehicle-makes-models,added_missing
3593,113,Renault,Modus,2011,2011,2011,1,original_db,existing
3594,113,Renault,Mégane,,,,0,DanielKohut/car-data,added_missing
3595,113,Renault,Pulse,2011,2017,2011-2017,0,gor3a/vehicle-makes-models,added_missing
3596,113,Renault,Rafale,2023,2026,2023-2026,0,gor3a/vehicle-makes-models,added_missing
4747,113,Renault,SANDERO/STEPWAY I,2006,2009,2006-2009,5,itdiag8-dotcom/database (vivid_cars2000.db),added_from_vivid
6570,113,Renault,SANDERO/STEPWAY II,2012,2012,2012,5,itdiag8-dotcom/database (vivid_cars2000.db),added_from_vivid
3602,113,Renault,SCENIC XMOD,2013,2016,2013-2016,0,gor3a/vehicle-makes-models,added_missing
5023,113,Renault,SCÉNIC I (JA0/1_),2000,2002,2000-2002,23,itdiag8-dotcom/database (vivid_cars2000.db),added_from_vivid
5397,113,Renault,SCÉNIC II (JM0/1_),2003,2007,2003-2007,37,itdiag8-dotcom/database (vivid_cars2000.db),added_from_vivid
4468,113,Renault,SCÉNIC III (JZ0/1_),2008,2012,2008-2012,20,itdiag8-dotcom/database (vivid_cars2000.db),added_from_vivid
3597,113,Renault,Safrane,2004,2004,2004,1,original_db,existing
3598,113,Renault,Sandero,2008,2014,2008-2014,2,original_db,existing
3599,113,Renault,Sandero GT,2012,2015,2012-2015,0,gor3a/vehicle-makes-models,added_missing
3600,113,Renault,Scala,2012,2017,2012-2017,0,gor3a/vehicle-makes-models,added_missing
3601,113,Renault,Scenic,2009,2013,2009-2013,3,original_db,existing
3603,113,Renault,Scénic,,,,0,DanielKohut/car-data,added_missing
3605,113,Renault,Symbioz,2024,2026,2024-2026,0,gor3a/vehicle-makes-models,added_missing
3606,113,Renault,Symbol,,,,0,DanielKohut/car-data,added_missing
5302,113,Renault,THALIA I (LB0/1/2_),2000,2004,2000-2004,12,itdiag8-dotcom/database (vivid_cars2000.db),added_from_vivid
4617,113,Renault,THALIA II (LU1/2_),2007,2008,2007-2008,6,itdiag8-dotcom/database (vivid_cars2000.db),added_from_vivid
6463,113,Renault,THALIA III,2012,2012,2012,20,itdiag8-dotcom/database (vivid_cars2000.db),added_from_vivid
5166,113,Renault,TRAFIC II Box (FL),2001,2006,2001-2006,21,itdiag8-dotcom/database (vivid_cars2000.db),added_from_vivid
4385,113,Renault,TRAFIC II Bus (JL),2001,2007,2001-2007,15,itdiag8-dotcom/database (vivid_cars2000.db),added_from_vivid
5551,113,Renault,TRAFIC II Platform/Chassis (EL),2001,2006,2001-2006,12,itdiag8-dotcom/database (vivid_cars2000.db),added_from_vivid
5078,113,Renault,TWINGO I (C06_),2001,2003,2001-2003,4,itdiag8-dotcom/database (vivid_cars2000.db),added_from_vivid
4437,113,Renault,TWINGO II (CN0_),2006,2010,2006-2010,16,itdiag8-dotcom/database (vivid_cars2000.db),added_from_vivid
5561,113,Renault,TWIZY (MAM_),2011,2011,2011,2,itdiag8-dotcom/database (vivid_cars2000.db),added_from_vivid
3607,113,Renault,Talisman,2015,2015,2015,2,original_db,existing
3608,113,Renault,Trafic,2008,2010,2008-2010,3,original_db,existing
3609,113,Renault,Triber,2019,2025,2019-2025,0,gor3a/vehicle-makes-models,added_missing
3610,113,Renault,Twingo,2014,2014,2014,1,original_db,existing
3611,113,Renault,Twingo RS,2008,2013,2008-2013,0,gor3a/vehicle-makes-models,added_missing
3612,113,Renault,Twizy,2012,2023,2012-2023,0,gor3a/vehicle-makes-models,added_missing
4791,113,Renault,VEL SATIS (BJ0_),2002,2005,2002-2005,26,itdiag8-dotcom/database (vivid_cars2000.db),added_from_vivid
3613,113,Renault,Vel Satis,2002,2002,2002,1,original_db,existing
4604,113,Renault,WIND (E4M_),2009,2010,2009-2010,3,itdiag8-dotcom/database (vivid_cars2000.db),added_from_vivid
3614,113,Renault,Wind,2010,2013,2010-2013,0,gor3a/vehicle-makes-models,added_missing
3615,113,Renault,ZOE,2013,2024,2013-2024,0,gor3a/vehicle-makes-models,added_missing
3616,114,Renault Samsung,Sm3,2010,2010,2010,2,original_db,existing
3617,114,Renault Samsung,Sm5,2005,2005,2005,1,original_db,existing
3618,114,Renault Samsung,Sm7,2004,2004,2004,2,original_db,existing
4638,115,Rover,25 (RF),2000,2003,2000-2003,3,itdiag8-dotcom/database (vivid_cars2000.db),added_from_vivid
4644,115,Rover,45 (RT),2000,2003,2000-2003,6,itdiag8-dotcom/database (vivid_cars2000.db),added_from_vivid
4645,115,Rover,45 Saloon (RT),2000,2003,2000-2003,6,itdiag8-dotcom/database (vivid_cars2000.db),added_from_vivid
4637,115,Rover,75 (RJ),2001,2003,2001-2003,4,itdiag8-dotcom/database (vivid_cars2000.db),added_from_vivid
4857,115,Rover,75 Tourer (RJ),2001,2003,2001-2003,7,itdiag8-dotcom/database (vivid_cars2000.db),added_from_vivid
6246,115,Rover,CITYROVER,2003,2003,2003,1,itdiag8-dotcom/database (vivid_cars2000.db),added_from_vivid
4316,115,Rover,STREETWISE,2003,2003,2003,5,itdiag8-dotcom/database (vivid_cars2000.db),added_from_vivid
3646,120,SATURN,Astra,2008,2009,2008-2009,0,plowman/open-vehicle-db,added_missing
3647,120,SATURN,Aura,2007,2010,2007-2010,0,plowman/open-vehicle-db,added_missing
3648,120,SATURN,Ion,2003,2007,2003-2007,0,plowman/open-vehicle-db,added_missing
3649,120,SATURN,L200,2003,2003,2003-2003,0,plowman/open-vehicle-db,added_missing
3650,120,SATURN,L300,2003,2005,2003-2005,0,plowman/open-vehicle-db,added_missing
3651,120,SATURN,LS,2000,2002,2000-2002,0,plowman/open-vehicle-db,added_missing
3652,120,SATURN,LS1,2000,2002,2000-2002,0,plowman/open-vehicle-db,added_missing
3653,120,SATURN,LS2,2000,2002,2000-2002,0,plowman/open-vehicle-db,added_missing
3654,120,SATURN,LW1,2000,2002,2000-2002,0,plowman/open-vehicle-db,added_missing
3655,120,SATURN,LW2,2000,2002,2000-2002,0,plowman/open-vehicle-db,added_missing
3656,120,SATURN,LW200,2003,2003,2003-2003,0,plowman/open-vehicle-db,added_missing
3657,120,SATURN,LW300,2003,2004,2003-2004,0,plowman/open-vehicle-db,added_missing
3658,120,SATURN,Outlook,2007,2010,2007-2010,0,plowman/open-vehicle-db,added_missing
3659,120,SATURN,Relay,2005,2007,2005-2007,0,plowman/open-vehicle-db,added_missing
3660,120,SATURN,SC1,1991,2002,1991-2002,0,plowman/open-vehicle-db,added_missing
3661,120,SATURN,SC2,1991,2002,1991-2002,0,plowman/open-vehicle-db,added_missing
3663,120,SATURN,SL,1994,2002,1994-2002,0,plowman/open-vehicle-db,added_missing
3664,120,SATURN,SL1,1991,2002,1991-2002,0,plowman/open-vehicle-db,added_missing
3665,120,SATURN,SL2,1991,2002,1991-2002,0,plowman/open-vehicle-db,added_missing
3667,120,SATURN,SW1,1993,2001,1993-2001,0,plowman/open-vehicle-db,added_missing
3668,120,SATURN,SW2,1993,2001,1993-2001,0,plowman/open-vehicle-db,added_missing
3662,120,SATURN,Sky,2007,2010,2007-2010,0,plowman/open-vehicle-db,added_missing
3669,120,SATURN,Vue,2002,2010,2002-2010,0,plowman/open-vehicle-db,added_missing
3709,124,SHELBY,Cobra,2023,2026,2023-2026,0,plowman/open-vehicle-db,added_missing
3710,124,SHELBY,GT,2022,2026,2022-2026,0,plowman/open-vehicle-db,added_missing
3711,124,SHELBY,Mustang,2007,2013,2007-2013,15,original_db,existing
3619,116,Saab,9-2X,2004,2006,2004-2006,0,gor3a/vehicle-makes-models,added_missing
3620,116,Saab,9-3,1998,2012,1998-2012,0,gor3a/vehicle-makes-models,added_missing
5164,116,Saab,9-3 (YS3D),2000,2001,2000-2001,2,itdiag8-dotcom/database (vivid_cars2000.db),added_from_vivid
4591,116,Saab,9-3 (YS3F),2002,2010,2002-2010,26,itdiag8-dotcom/database (vivid_cars2000.db),added_from_vivid
3621,116,Saab,9-3 Aero,2014,2014,2014-2014,0,gor3a/vehicle-makes-models,added_missing
5189,116,Saab,9-3 Cabriolet (YS3D),2001,2001,2001,1,itdiag8-dotcom/database (vivid_cars2000.db),added_from_vivid
4595,116,Saab,9-3 Convertible (YS3F),2003,2010,2003-2010,21,itdiag8-dotcom/database (vivid_cars2000.db),added_from_vivid
4592,116,Saab,9-3 Estate,2004,2010,2004-2010,21,itdiag8-dotcom/database (vivid_cars2000.db),added_from_vivid
3622,116,Saab,9-3 Sport,1998,2012,1998-2012,0,gor3a/vehicle-makes-models,added_missing
3623,116,Saab,9-3 SportCombi,2004,2012,2004-2012,0,gor3a/vehicle-makes-models,added_missing
3624,116,Saab,9-3X,2009,2012,2009-2012,0,gor3a/vehicle-makes-models,added_missing
3625,116,Saab,9-4X,2011,2011,,0,DanielKohut/car-data,added_missing
3626,116,Saab,9-5,1997,2012,1997-2012,0,gor3a/vehicle-makes-models,added_missing
5190,116,Saab,9-5 (YS3E),2000,2007,2000-2007,15,itdiag8-dotcom/database (vivid_cars2000.db),added_from_vivid
4304,116,Saab,9-5 (YS3G),2009,2009,2009,6,itdiag8-dotcom/database (vivid_cars2000.db),added_from_vivid
5191,116,Saab,9-5 Estate (YS3E),2000,2007,2000-2007,15,itdiag8-dotcom/database (vivid_cars2000.db),added_from_vivid
3627,116,Saab,9-5 SportCombi,1998,2009,1998-2009,0,gor3a/vehicle-makes-models,added_missing
3628,116,Saab,9-7X,2005,2009,2005-2009,0,gor3a/vehicle-makes-models,added_missing
3633,116,Saab,92,,,,0,DanielKohut/car-data,added_missing
3634,116,Saab,93,1998,2009,1998-2009,41,original_db,existing
3635,116,Saab,95,1998,2010,1998-2010,43,original_db,existing
3636,116,Saab,96,,,,0,DanielKohut/car-data,added_missing
3637,116,Saab,99,,,,0,DanielKohut/car-data,added_missing
3638,116,Saab,Sonett,,,,0,DanielKohut/car-data,added_missing
3639,117,Saic Mg,Mg3,2013,2013,2013,1,original_db,existing
3640,117,Saic Mg,Mg6,2011,2011,2011,1,original_db,existing
3641,117,Saic Mg,Mg6 Gt,2011,2011,2011,1,original_db,existing
3642,117,Saic Mg,W5,2011,2011,2011,1,original_db,existing
3643,118,Saleen,S7,2000,2004,2000-2004,0,gor3a/vehicle-makes-models,added_missing
3644,118,Saleen,S7 Twin Turbo,2005,2005,2005,1,original_db,existing
3645,118,Saleen,S7TT,2005,2006,2005-2006,0,gor3a/vehicle-makes-models,added_missing
3670,121,Scion,Fr-S,2012,2012,2012,1,original_db,existing
3671,121,Scion,iA,2016,2017,2016-2017,0,gor3a/vehicle-makes-models,added_missing
3672,121,Scion,iM,2016,2017,2016-2017,0,gor3a/vehicle-makes-models,added_missing
3673,121,Scion,iQ,2011,2016,2011-2016,0,gor3a/vehicle-makes-models,added_missing
3674,121,Scion,tC,2003,2016,2003-2016,0,gor3a/vehicle-makes-models,added_missing
3675,121,Scion,xA,2003,2006,2003-2006,0,gor3a/vehicle-makes-models,added_missing
3676,121,Scion,xB,2003,2015,2003-2015,0,gor3a/vehicle-makes-models,added_missing
3677,121,Scion,xD,2007,2014,2007-2014,0,gor3a/vehicle-makes-models,added_missing
4317,123,Seat,ALHAMBRA (710),2009,2011,2009-2011,11,itdiag8-dotcom/database (vivid_cars2000.db),added_from_vivid
5057,123,Seat,"ALHAMBRA (7V8, 7V9)",2000,2004,2000-2004,9,itdiag8-dotcom/database (vivid_cars2000.db),added_from_vivid
5437,123,Seat,ALTEA (5P1),2003,2009,2003-2009,31,itdiag8-dotcom/database (vivid_cars2000.db),added_from_vivid
5711,123,Seat,"ALTEA XL (5P5, 5P8)",2005,2009,2005-2009,32,itdiag8-dotcom/database (vivid_cars2000.db),added_from_vivid
4980,123,Seat,AROSA (6H),2000,2000,2000,4,itdiag8-dotcom/database (vivid_cars2000.db),added_from_vivid
3678,123,Seat,Alhambra,1996,2011,1996-2011,22,original_db,existing
3679,123,Seat,Altea,2004,2010,2004-2010,41,original_db,existing
3680,123,Seat,Arona,2017,2026,2017-2026,0,gor3a/vehicle-makes-models,added_missing
3681,123,Seat,Arosa,1997,2000,1997-2000,14,original_db,existing
3682,123,Seat,Ateca,2016,2026,2016-2026,0,gor3a/vehicle-makes-models,added_missing
4945,123,Seat,CORDOBA (6K2),2000,2000,2000,6,itdiag8-dotcom/database (vivid_cars2000.db),added_from_vivid
5359,123,Seat,CORDOBA (6L2),2002,2005,2002-2005,22,itdiag8-dotcom/database (vivid_cars2000.db),added_from_vivid
3683,123,Seat,Cordoba,1995,2006,1995-2006,49,original_db,existing
3684,123,Seat,Cordoba Cupra,2000,2003,2000-2003,0,gor3a/vehicle-makes-models,added_missing
3685,123,Seat,Cordoba SX,1996,2003,1996-2003,0,gor3a/vehicle-makes-models,added_missing
3686,123,Seat,Cordoba Vario,1996,2003,1996-2003,0,gor3a/vehicle-makes-models,added_missing
6005,123,Seat,EXEO (3R2),2007,2009,2007-2009,12,itdiag8-dotcom/database (vivid_cars2000.db),added_from_vivid
6019,123,Seat,EXEO ST (3R5),2008,2009,2008-2009,12,itdiag8-dotcom/database (vivid_cars2000.db),added_from_vivid
3687,123,Seat,Exeo,2008,2011,2008-2011,11,original_db,existing
3688,123,Seat,Exeo ST,2009,2013,2009-2013,0,gor3a/vehicle-makes-models,added_missing
4944,123,Seat,IBIZA III (6K1),2000,2000,2000,4,itdiag8-dotcom/database (vivid_cars2000.db),added_from_vivid
5296,123,Seat,IBIZA IV (6L1),2002,2006,2002-2006,29,itdiag8-dotcom/database (vivid_cars2000.db),added_from_vivid
4318,123,Seat,IBIZA V (6J5),2007,2012,2007-2012,25,itdiag8-dotcom/database (vivid_cars2000.db),added_from_vivid
4319,123,Seat,IBIZA V SPORTCOUPE (6J1),2007,2012,2007-2012,28,itdiag8-dotcom/database (vivid_cars2000.db),added_from_vivid
5956,123,Seat,IBIZA V ST (6J8),2009,2012,2009-2012,16,itdiag8-dotcom/database (vivid_cars2000.db),added_from_vivid
5181,123,Seat,INCA (6K9),2000,2000,2000,1,itdiag8-dotcom/database (vivid_cars2000.db),added_from_vivid
3689,123,Seat,Ibiza,1995,2010,1995-2010,67,original_db,existing
3690,123,Seat,Ibiza Bocanegra,2009,2017,2009-2017,0,gor3a/vehicle-makes-models,added_missing
3691,123,Seat,Ibiza Cupra,1996,2017,1996-2017,0,gor3a/vehicle-makes-models,added_missing
3692,123,Seat,Ibiza FR,2009,2017,2009-2017,0,gor3a/vehicle-makes-models,added_missing
3693,123,Seat,Ibiza ST,2010,2017,2010-2017,0,gor3a/vehicle-makes-models,added_missing
3694,123,Seat,Inca,1995,2000,1995-2000,8,original_db,existing
5154,123,Seat,LEON (1M1),2000,2004,2000-2004,14,itdiag8-dotcom/database (vivid_cars2000.db),added_from_vivid
4321,123,Seat,LEON (1P1),2004,2009,2004-2009,38,itdiag8-dotcom/database (vivid_cars2000.db),added_from_vivid
6316,123,Seat,LEON (5F1),2011,2012,2011-2012,22,itdiag8-dotcom/database (vivid_cars2000.db),added_from_vivid
6033,123,Seat,LEON SC (5F5),2012,2012,2012,21,itdiag8-dotcom/database (vivid_cars2000.db),added_from_vivid
5635,123,Seat,LEON ST (5F8),2012,2013,2012-2013,27,itdiag8-dotcom/database (vivid_cars2000.db),added_from_vivid
3695,123,Seat,Leon,1999,2014,1999-2014,84,original_db,existing
3696,123,Seat,Leon Cupra,2001,2018,2001-2018,0,gor3a/vehicle-makes-models,added_missing
3697,123,Seat,Leon Cupra R,2002,2018,2002-2018,0,gor3a/vehicle-makes-models,added_missing
3698,123,Seat,Leon FR / Topsport,2002,2012,2002-2012,0,gor3a/vehicle-makes-models,added_missing
3699,123,Seat,Leon SC,2013,2020,2013-2020,0,gor3a/vehicle-makes-models,added_missing
3700,123,Seat,Leon ST,2013,2026,2013-2026,0,gor3a/vehicle-makes-models,added_missing
3701,123,Seat,Leon ST Cupra,2015,2020,2015-2020,0,gor3a/vehicle-makes-models,added_missing
3702,123,Seat,Leon X-Perience,2014,2017,2014-2017,0,gor3a/vehicle-makes-models,added_missing
3705,123,Seat,Mii,2011,2014,2011-2014,3,original_db,existing
5203,123,Seat,Mii (KF1_),2010,2011,2010-2011,3,itdiag8-dotcom/database (vivid_cars2000.db),added_from_vivid
3706,123,Seat,Ronda,,,,0,DanielKohut/car-data,added_missing
5180,123,Seat,TOLEDO II (1M2),2000,2004,2000-2004,9,itdiag8-dotcom/database (vivid_cars2000.db),added_from_vivid
5478,123,Seat,TOLEDO III (5P2),2003,2006,2003-2006,22,itdiag8-dotcom/database (vivid_cars2000.db),added_from_vivid
6344,123,Seat,TOLEDO IV (KG3),2011,2012,2011-2012,8,itdiag8-dotcom/database (vivid_cars2000.db),added_from_vivid
3707,123,Seat,Tarraco,2018,2024,2018-2024,0,gor3a/vehicle-makes-models,added_missing
3708,123,Seat,Toledo,1996,2012,1996-2012,46,original_db,existing
3712,126,Skoda,Citigo,2011,2014,2011-2014,3,original_db,existing
3713,126,Skoda,Enyaq,,,,0,DanielKohut/car-data,added_missing
4974,126,Skoda,FABIA (6Y2),2000,2004,2000-2004,13,itdiag8-dotcom/database (vivid_cars2000.db),added_from_vivid
6532,126,Skoda,FABIA (NJ3),2012,2012,2012,6,itdiag8-dotcom/database (vivid_cars2000.db),added_from_vivid
4636,126,Skoda,FABIA Combi,2006,2010,2006-2010,24,itdiag8-dotcom/database (vivid_cars2000.db),added_from_vivid
5118,126,Skoda,FABIA Combi (6Y5),2000,2005,2000-2005,22,itdiag8-dotcom/database (vivid_cars2000.db),added_from_vivid
6533,126,Skoda,FABIA Estate (NJ5),2013,2013,2013,6,itdiag8-dotcom/database (vivid_cars2000.db),added_from_vivid
5393,126,Skoda,FABIA Praktik,2001,2004,2001-2004,9,itdiag8-dotcom/database (vivid_cars2000.db),added_from_vivid
5207,126,Skoda,FABIA Saloon (6Y3),2000,2005,2000-2005,15,itdiag8-dotcom/database (vivid_cars2000.db),added_from_vivid
3714,126,Skoda,Fabia,1999,2010,1999-2010,32,original_db,existing
3715,126,Skoda,Kamiq,,,,0,DanielKohut/car-data,added_missing
3716,126,Skoda,Karoq,,,,0,DanielKohut/car-data,added_missing
3717,126,Skoda,Kodiaq,,,,0,DanielKohut/car-data,added_missing
5087,126,Skoda,OCTAVIA (1U2),2000,2004,2000-2004,10,itdiag8-dotcom/database (vivid_cars2000.db),added_from_vivid
4424,126,Skoda,OCTAVIA (1Z3),2003,2009,2003-2009,38,itdiag8-dotcom/database (vivid_cars2000.db),added_from_vivid
6380,126,Skoda,OCTAVIA (5E3),2011,2012,2011-2012,19,itdiag8-dotcom/database (vivid_cars2000.db),added_from_vivid
5088,126,Skoda,OCTAVIA Combi (1U5),2000,2002,2000-2002,16,itdiag8-dotcom/database (vivid_cars2000.db),added_from_vivid
4415,126,Skoda,OCTAVIA Combi (1Z5),2003,2010,2003-2010,43,itdiag8-dotcom/database (vivid_cars2000.db),added_from_vivid
6381,126,Skoda,OCTAVIA Combi (5E5),2011,2012,2011-2012,17,itdiag8-dotcom/database (vivid_cars2000.db),added_from_vivid
3718,126,Skoda,Octavia,1996,2013,1996-2013,79,original_db,existing
6304,126,Skoda,RAPID (NH3),2011,2012,2011-2012,8,itdiag8-dotcom/database (vivid_cars2000.db),added_from_vivid
6178,126,Skoda,RAPID Spaceback (NH1),2011,2012,2011-2012,10,itdiag8-dotcom/database (vivid_cars2000.db),added_from_vivid
4492,126,Skoda,ROOMSTER (5J),2005,2009,2005-2009,18,itdiag8-dotcom/database (vivid_cars2000.db),added_from_vivid
4694,126,Skoda,ROOMSTER Praktik (5J),2006,2009,2006-2009,10,itdiag8-dotcom/database (vivid_cars2000.db),added_from_vivid
3719,126,Skoda,Rapid,2010,2013,2010-2013,5,original_db,existing
3720,126,Skoda,Roomster,2006,2010,2006-2010,16,original_db,existing
4489,126,Skoda,SUPERB (3T4),2007,2009,2007-2009,16,itdiag8-dotcom/database (vivid_cars2000.db),added_from_vivid
5271,126,Skoda,SUPERB (3U4),2001,2006,2001-2006,12,itdiag8-dotcom/database (vivid_cars2000.db),added_from_vivid
4490,126,Skoda,SUPERB Estate (3T5),2008,2009,2008-2009,15,itdiag8-dotcom/database (vivid_cars2000.db),added_from_vivid
3721,126,Skoda,Scala,,,,0,DanielKohut/car-data,added_missing
3722,126,Skoda,Slavia,,,,0,DanielKohut/car-data,added_missing
3723,126,Skoda,Superb,2001,2011,2001-2011,34,original_db,existing
4509,126,Skoda,YETI (5L),2008,2012,2008-2012,15,itdiag8-dotcom/database (vivid_cars2000.db),added_from_vivid
3724,126,Skoda,Yeti,2009,2010,2009-2010,15,original_db,existing
3725,127,Smart,1,2022,2026,2022-2026,0,gor3a/vehicle-makes-models,added_missing
3726,127,Smart,3,2023,2026,2023-2026,0,gor3a/vehicle-makes-models,added_missing
3727,127,Smart,5,2024,2026,2024-2026,0,gor3a/vehicle-makes-models,added_missing
3728,127,Smart,City-Coupé,,,,0,DanielKohut/car-data,added_missing
3731,127,Smart,EQ Fortwo,2018,2027,2018-2027,0,plowman/open-vehicle-db,added_missing
3730,127,Smart,Electric Drive,2012,2021,2012-2021,0,gor3a/vehicle-makes-models,added_missing
3732,127,Smart,Forfour,2004,2014,2004-2014,6,original_db,existing
3734,127,Smart,Fortwo,1998,2017,1998-2009,11,original_db,existing
3735,127,Smart,Fortwo Brabus,2003,2010,2003-2010,5,original_db,existing
3738,127,Smart,Fortwo Electric Drive,2013,2015,2013-2015,0,plowman/open-vehicle-db,added_missing
3739,127,Smart,Roadster,2003,2003,2003,2,original_db,existing
3740,127,Smart,Roadster Brabus,2004,2004,2004,1,original_db,existing
3742,127,Smart,Smart #1,,,,0,DanielKohut/car-data,added_missing
3743,127,Smart,Smart #3,,,,0,DanielKohut/car-data,added_missing
3744,127,Smart,Smart #5,,,,0,DanielKohut/car-data,added_missing
3729,127,Smart,crossblade,2002,2003,2002-2003,0,gor3a/vehicle-makes-models,added_missing
3733,127,Smart,forfour Brabus,2005,2006,2005-2006,0,gor3a/vehicle-makes-models,added_missing
3736,127,Smart,fortwo Cabrio,2000,2024,2000-2024,0,gor3a/vehicle-makes-models,added_missing
3737,127,Smart,fortwo Cabrio Brabus,2003,2014,2003-2014,0,gor3a/vehicle-makes-models,added_missing
3741,127,Smart,smart,2000,2004,2000-2004,0,plowman/open-vehicle-db,added_missing
5002,129,Ssangyong,ACTYON I,2004,2006,2004-2006,4,itdiag8-dotcom/database (vivid_cars2000.db),added_from_vivid
6423,129,Ssangyong,ACTYON II,2011,2011,2011,2,itdiag8-dotcom/database (vivid_cars2000.db),added_from_vivid
5361,129,Ssangyong,ACTYON SPORTS I (QJ),2006,2010,2006-2010,2,itdiag8-dotcom/database (vivid_cars2000.db),added_from_vivid
6376,129,Ssangyong,ACTYON SPORTS II,2011,2011,2011,1,itdiag8-dotcom/database (vivid_cars2000.db),added_from_vivid
3745,129,Ssangyong,Actyon,2006,2011,2006-2011,0,gor3a/vehicle-makes-models,added_missing
3746,129,Ssangyong,Chairman,2004,2017,2004-2017,0,gor3a/vehicle-makes-models,added_missing
4675,129,Ssangyong,KORANDO (KJ),2002,2002,2002,1,itdiag8-dotcom/database (vivid_cars2000.db),added_from_vivid
4676,129,Ssangyong,KORANDO Cabrio (KJ),2002,2002,2002,1,itdiag8-dotcom/database (vivid_cars2000.db),added_from_vivid
3747,129,Ssangyong,Korando,1997,2023,1997-2023,0,gor3a/vehicle-makes-models,added_missing
3748,129,Ssangyong,Kyron,2004,2014,2004-2014,0,gor3a/vehicle-makes-models,added_missing
5469,129,Ssangyong,MUSSO (FJ),2002,2002,2002,4,itdiag8-dotcom/database (vivid_cars2000.db),added_from_vivid
3749,129,Ssangyong,Musso,1998,2023,1998-2023,0,gor3a/vehicle-makes-models,added_missing
3750,129,Ssangyong,Musso Sports,1998,2005,1998-2005,0,gor3a/vehicle-makes-models,added_missing
4817,129,Ssangyong,REXTON (GAB_),2002,2010,2002-2010,9,itdiag8-dotcom/database (vivid_cars2000.db),added_from_vivid
6390,129,Ssangyong,REXTON W,2011,2011,2011,1,itdiag8-dotcom/database (vivid_cars2000.db),added_from_vivid
6402,129,Ssangyong,RODIUS II,2012,2012,2012,1,itdiag8-dotcom/database (vivid_cars2000.db),added_from_vivid
3751,129,Ssangyong,Rexton,2004,2009,2004-2009,4,original_db,existing
3752,129,Ssangyong,Rodius,2004,2013,2004-2013,0,gor3a/vehicle-makes-models,added_missing
3753,129,Ssangyong,Stavic,,,,0,DanielKohut/car-data,added_missing
6429,129,Ssangyong,TURISMO,2012,2012,2012,1,itdiag8-dotcom/database (vivid_cars2000.db),added_from_vivid
3754,129,Ssangyong,Tivoli,2015,2023,2015-2023,0,gor3a/vehicle-makes-models,added_missing
3755,129,Ssangyong,Tivoli XLV,2016,2023,2016-2023,0,gor3a/vehicle-makes-models,added_missing
3756,129,Ssangyong,Torres,,,,0,DanielKohut/car-data,added_missing
3757,129,Ssangyong,XLV,,,,0,DanielKohut/car-data,added_missing
3759,131,Subaru,Ascent,2019,2026,2019-2026,0,gor3a/vehicle-makes-models,added_missing
6797,131,Subaru,B9,2006,2007,2006,1,lemon.dogeware.me LEMON 2015,active
3760,131,Subaru,B9 Tribeca,2006,2014,2006-2014,0,plowman/open-vehicle-db,added_missing
3761,131,Subaru,Baja,2003,2006,2003-2006,0,gor3a/vehicle-makes-models,added_missing
3763,131,Subaru,Brz,2012,2012,2012,1,original_db,existing
3764,131,Subaru,Crosstrek,2015,2026,2015-2026,0,gor3a/vehicle-makes-models,added_missing
3766,131,Subaru,Exiga Liberty,2008,2018,2008-2018,0,gor3a/vehicle-makes-models,added_missing
5221,131,Subaru,FORESTER (SF),2001,2001,2001,1,itdiag8-dotcom/database (vivid_cars2000.db),added_from_vivid
5351,131,Subaru,FORESTER (SG),2002,2004,2002-2004,9,itdiag8-dotcom/database (vivid_cars2000.db),added_from_vivid
4673,131,Subaru,FORESTER (SH),2007,2009,2007-2009,5,itdiag8-dotcom/database (vivid_cars2000.db),added_from_vivid
6377,131,Subaru,FORESTER (SJ),2012,2012,2012,2,itdiag8-dotcom/database (vivid_cars2000.db),added_from_vivid
3767,131,Subaru,Forester,2003,2025,2003-2012,6,original_db,existing
3768,131,Subaru,Getaway,2026,2026,2026-2026,0,gor3a/vehicle-makes-models,added_missing
6542,131,Subaru,IMPREZA Estate,2006,2006,2006,1,itdiag8-dotcom/database (vivid_cars2000.db),added_from_vivid
5108,131,Subaru,"IMPREZA Estate (GD, GG)",2000,2005,2000-2005,13,itdiag8-dotcom/database (vivid_cars2000.db),added_from_vivid
4901,131,Subaru,IMPREZA Hatchback,2002,2004,2002-2004,6,itdiag8-dotcom/database (vivid_cars2000.db),added_from_vivid
6393,131,Subaru,IMPREZA Hatchback (GP),2010,2011,2010-2011,2,itdiag8-dotcom/database (vivid_cars2000.db),added_from_vivid
5850,131,Subaru,"IMPREZA Hatchback (GR, GH, G3)",2007,2010,2007-2010,9,itdiag8-dotcom/database (vivid_cars2000.db),added_from_vivid
5107,131,Subaru,"IMPREZA Saloon (GD, GG)",2000,2005,2000-2005,18,itdiag8-dotcom/database (vivid_cars2000.db),added_from_vivid
6433,131,Subaru,IMPREZA Saloon (GP),2010,2012,2010-2012,2,itdiag8-dotcom/database (vivid_cars2000.db),added_from_vivid
4498,131,Subaru,IMPREZA Saloon (GR),2006,2010,2006-2010,5,itdiag8-dotcom/database (vivid_cars2000.db),added_from_vivid
3772,131,Subaru,Impreza,2001,2025,2001-2010,10,original_db,existing
3773,131,Subaru,Impreza WRX STi,1998,2014,1998-2014,0,gor3a/vehicle-makes-models,added_missing
5211,131,Subaru,"JUSTY II (JMA, MS)",2001,2001,2001,1,itdiag8-dotcom/database (vivid_cars2000.db),added_from_vivid
5410,131,Subaru,JUSTY III (G3X),2003,2003,2003,2,itdiag8-dotcom/database (vivid_cars2000.db),added_from_vivid
4895,131,Subaru,JUSTY IV,2006,2007,2006-2007,2,itdiag8-dotcom/database (vivid_cars2000.db),added_from_vivid
3774,131,Subaru,Justy,1989,2016,1989-2016,0,gor3a/vehicle-makes-models,added_missing
5596,131,Subaru,"LEGACY III (BE, BH)",2000,2002,2000-2002,3,itdiag8-dotcom/database (vivid_cars2000.db),added_from_vivid
5595,131,Subaru,"LEGACY III Estate (BE, BH)",2000,2002,2000-2002,3,itdiag8-dotcom/database (vivid_cars2000.db),added_from_vivid
5412,131,Subaru,"LEGACY IV (BL, BP)",2003,2007,2003-2007,7,itdiag8-dotcom/database (vivid_cars2000.db),added_from_vivid
5413,131,Subaru,"LEGACY IV Estate (BL, BP, B13_)",2003,2007,2003-2007,7,itdiag8-dotcom/database (vivid_cars2000.db),added_from_vivid
6062,131,Subaru,"LEGACY V (BM, BR)",2008,2009,2008-2009,4,itdiag8-dotcom/database (vivid_cars2000.db),added_from_vivid
5878,131,Subaru,"LEGACY V Estate (BM, BR)",2008,2012,2008-2012,7,itdiag8-dotcom/database (vivid_cars2000.db),added_from_vivid
3775,131,Subaru,Legacy,2003,2025,2003-2010,7,original_db,existing
3776,131,Subaru,Levorg,2014,2019,2014-2019,0,gor3a/vehicle-makes-models,added_missing
3777,131,Subaru,Liberty,2008,2015,2008-2015,0,gor3a/vehicle-makes-models,added_missing
5117,131,Subaru,"OUTBACK (BE, BH)",2000,2000,2000,2,itdiag8-dotcom/database (vivid_cars2000.db),added_from_vivid
5411,131,Subaru,"OUTBACK (BL, BP)",2003,2007,2003-2007,5,itdiag8-dotcom/database (vivid_cars2000.db),added_from_vivid
5760,131,Subaru,"OUTBACK (BM, BR)",2008,2012,2008-2012,5,itdiag8-dotcom/database (vivid_cars2000.db),added_from_vivid
3780,131,Subaru,Outback,2000,2025,2000-2015,9,original_db,existing
3781,131,Subaru,Outback Wilderness,2023,2026,2023-2026,0,gor3a/vehicle-makes-models,added_missing
3782,131,Subaru,R1,2005,2010,2005-2010,0,gor3a/vehicle-makes-models,added_missing
3783,131,Subaru,R2,1969,2010,1969-2010,0,gor3a/vehicle-makes-models,added_missing
3785,131,Subaru,Solterra,2021,2026,2021-2026,0,gor3a/vehicle-makes-models,added_missing
3787,131,Subaru,Stella,2006,2011,2006-2011,0,gor3a/vehicle-makes-models,added_missing
5506,131,Subaru,TRIBECA (B9),2004,2008,2004-2008,4,itdiag8-dotcom/database (vivid_cars2000.db),added_from_vivid
3789,131,Subaru,Trailseeker,2026,2026,2026-2026,0,gor3a/vehicle-makes-models,added_missing
3790,131,Subaru,Trezia,2010,2014,2010-2014,0,gor3a/vehicle-makes-models,added_missing
3791,131,Subaru,Tribeca,2008,2014,2008,1,original_db,existing
3792,131,Subaru,Uncharted,2025,2026,2025-2026,0,gor3a/vehicle-makes-models,added_missing
3793,131,Subaru,Vivio,1992,2000,1992-2000,0,gor3a/vehicle-makes-models,added_missing
3794,131,Subaru,WRX,2014,2026,2014-2026,0,gor3a/vehicle-makes-models,added_missing
3798,131,Subaru,XV CrossTrek,2012,2015,2012-2015,0,plowman/open-vehicle-db,added_missing
3797,131,Subaru,Xv,2011,2011,2011,2,original_db,existing
5504,133,Suzuki,ALTO III (EF),2000,2010,2000-2010,3,itdiag8-dotcom/database (vivid_cars2000.db),added_from_vivid
5326,133,Suzuki,ALTO IV (FF),2002,2002,2002,2,itdiag8-dotcom/database (vivid_cars2000.db),added_from_vivid
6004,133,Suzuki,ALTO V (GF),2008,2008,2008,1,itdiag8-dotcom/database (vivid_cars2000.db),added_from_vivid
3803,133,Suzuki,APV,2004,2009,2004-2009,0,gor3a/vehicle-makes-models,added_missing
6120,133,Suzuki,APV (GD),2004,2004,2004,3,itdiag8-dotcom/database (vivid_cars2000.db),added_from_vivid
3799,133,Suzuki,Across,2020,2026,2020-2026,0,gor3a/vehicle-makes-models,added_missing
3800,133,Suzuki,Aerio,2002,2007,2002-2007,0,plowman/open-vehicle-db,added_missing
3801,133,Suzuki,Aerio / Liana,2001,2007,2001-2007,0,gor3a/vehicle-makes-models,added_missing
3802,133,Suzuki,Alto,2014,2014,2014,1,original_db,existing
3804,133,Suzuki,Baleno,2016,2019,2016-2019,0,gor3a/vehicle-makes-models,added_missing
5538,133,Suzuki,CARRY Box (FD),2000,2000,2000,1,itdiag8-dotcom/database (vivid_cars2000.db),added_from_vivid
6136,133,Suzuki,CARRY Pickup (FD),2000,2010,2000-2010,2,itdiag8-dotcom/database (vivid_cars2000.db),added_from_vivid
6202,133,Suzuki,CULTUS,2010,2010,2010,1,itdiag8-dotcom/database (vivid_cars2000.db),added_from_vivid
3805,133,Suzuki,Carry,2013,2013,2013,1,original_db,existing
3806,133,Suzuki,Celerio,,,,0,DanielKohut/car-data,added_missing
3807,133,Suzuki,Ciaz,,,,0,DanielKohut/car-data,added_missing
6511,133,Suzuki,DZIRE,2007,2007,2007,1,itdiag8-dotcom/database (vivid_cars2000.db),added_from_vivid
6339,133,Suzuki,EVERY,2011,2011,2011,1,itdiag8-dotcom/database (vivid_cars2000.db),added_from_vivid
3808,133,Suzuki,Equator,2009,2012,2009-2012,0,gor3a/vehicle-makes-models,added_missing
3809,133,Suzuki,Ertiga,2012,2015,2012-2015,0,gor3a/vehicle-makes-models,added_missing
3810,133,Suzuki,Escudo / Grand Vitara,1991,2019,1991-2019,0,gor3a/vehicle-makes-models,added_missing
3811,133,Suzuki,Escudo / Vitara,1989,2008,1989-2008,0,gor3a/vehicle-makes-models,added_missing
3812,133,Suzuki,Esteem,1995,2002,1995-2002,0,plowman/open-vehicle-db,added_missing
6509,133,Suzuki,FARMWORKER Pickup,2010,2010,2010,1,itdiag8-dotcom/database (vivid_cars2000.db),added_from_vivid
6510,133,Suzuki,FARMWORKER Platform/Chassis,2010,2010,2010,1,itdiag8-dotcom/database (vivid_cars2000.db),added_from_vivid
3813,133,Suzuki,Forenza,2004,2008,2004-2008,0,gor3a/vehicle-makes-models,added_missing
5215,133,Suzuki,"GRAND VITARA I (FT, GT)",2000,2003,2000-2003,8,itdiag8-dotcom/database (vivid_cars2000.db),added_from_vivid
5536,133,Suzuki,GRAND VITARA II (JT),2004,2013,2004-2013,11,itdiag8-dotcom/database (vivid_cars2000.db),added_from_vivid
6798,133,Suzuki,Grand,2005,2009,2005,1,lemon.dogeware.me LEMON 2015,active
3815,133,Suzuki,Grand Vitara,2006,2011,2006-2011,4,original_db,existing
3816,133,Suzuki,Grand Vitara XL-7,2002,2008,2002-2008,0,plowman/open-vehicle-db,added_missing
5123,133,Suzuki,IGNIS (FH),2000,2000,2000,1,itdiag8-dotcom/database (vivid_cars2000.db),added_from_vivid
5417,133,Suzuki,IGNIS II,2003,2003,2003,5,itdiag8-dotcom/database (vivid_cars2000.db),added_from_vivid
3817,133,Suzuki,Ignis,2000,2003,2000-2003,4,original_db,existing
5237,133,Suzuki,JIMNY (FJ),2000,2012,2000-2012,10,itdiag8-dotcom/database (vivid_cars2000.db),added_from_vivid
3818,133,Suzuki,Jimny,2004,2015,2004-2015,2,original_db,existing
6508,133,Suzuki,KARIMUN WAGON R,2012,2012,2012,1,itdiag8-dotcom/database (vivid_cars2000.db),added_from_vivid
6157,133,Suzuki,KIZASHI (FR),2009,2011,2009-2011,3,itdiag8-dotcom/database (vivid_cars2000.db),added_from_vivid
3819,133,Suzuki,Kizashi,2009,2009,2009,2,original_db,existing
5003,133,Suzuki,LANDY (SC25),2006,2006,2006,2,itdiag8-dotcom/database (vivid_cars2000.db),added_from_vivid
5007,133,Suzuki,LANDY (SC26),2009,2009,2009,2,itdiag8-dotcom/database (vivid_cars2000.db),added_from_vivid
6525,133,Suzuki,LAPIN,2012,2012,2012,1,itdiag8-dotcom/database (vivid_cars2000.db),added_from_vivid
5314,133,Suzuki,LIANA (ER),2001,2004,2001-2004,7,itdiag8-dotcom/database (vivid_cars2000.db),added_from_vivid
5234,133,Suzuki,LIANA Estate (ER),2001,2004,2001-2004,6,itdiag8-dotcom/database (vivid_cars2000.db),added_from_vivid
3820,133,Suzuki,Liana,,,,0,DanielKohut/car-data,added_missing
6340,133,Suzuki,MR WAGON,2009,2010,2009-2010,2,itdiag8-dotcom/database (vivid_cars2000.db),added_from_vivid
6341,133,Suzuki,PALETTE,2011,2011,2011,1,itdiag8-dotcom/database (vivid_cars2000.db),added_from_vivid
3821,133,Suzuki,Reno,2004,2008,2004-2008,0,gor3a/vehicle-makes-models,added_missing
3822,133,Suzuki,S-Cross,2014,2014,2014,1,original_db,existing
5744,133,Suzuki,SAMURAI (SJ),2000,2000,2000,1,itdiag8-dotcom/database (vivid_cars2000.db),added_from_vivid
6342,133,Suzuki,SOLIO,2010,2010,2010,1,itdiag8-dotcom/database (vivid_cars2000.db),added_from_vivid
6524,133,Suzuki,SPACIA,2012,2012,2012,4,itdiag8-dotcom/database (vivid_cars2000.db),added_from_vivid
5913,133,Suzuki,"SWIFT II Hatchback (EA, MA)",2001,2001,2001,1,itdiag8-dotcom/database (vivid_cars2000.db),added_from_vivid
5528,133,Suzuki,"SWIFT III (MZ, EZ)",2004,2005,2004-2005,8,itdiag8-dotcom/database (vivid_cars2000.db),added_from_vivid
4302,133,Suzuki,"SWIFT IV (FZ, NZ)",2009,2011,2009-2011,5,itdiag8-dotcom/database (vivid_cars2000.db),added_from_vivid
4326,133,Suzuki,"SX4 (EY, GY)",2005,2009,2005-2009,10,itdiag8-dotcom/database (vivid_cars2000.db),added_from_vivid
3830,133,Suzuki,SX4 Crossover,2006,2021,2006-2021,0,gor3a/vehicle-makes-models,added_missing
4936,133,Suzuki,SX4 S-Cross,2012,2012,2012,3,itdiag8-dotcom/database (vivid_cars2000.db),added_from_vivid
4323,133,Suzuki,SX4 Saloon (GY),2006,2006,2006,4,itdiag8-dotcom/database (vivid_cars2000.db),added_from_vivid
3826,133,Suzuki,Splash,2008,2012,2008-2012,2,original_db,existing
3827,133,Suzuki,Swace,2020,2026,2020-2026,0,gor3a/vehicle-makes-models,added_missing
3828,133,Suzuki,Swift,2006,2010,2006-2010,5,original_db,existing
3829,133,Suzuki,Sx4,2006,2011,2006-2011,7,original_db,existing
6244,133,Suzuki,VITARA (ET),2003,2003,2003,1,itdiag8-dotcom/database (vivid_cars2000.db),added_from_vivid
6566,133,Suzuki,VITARA (LY),2013,2013,2013,2,itdiag8-dotcom/database (vivid_cars2000.db),added_from_vivid
6245,133,Suzuki,VITARA Cabrio (ET),2003,2003,2003,1,itdiag8-dotcom/database (vivid_cars2000.db),added_from_vivid
3831,133,Suzuki,Verona,2004,2006,2004-2006,0,gor3a/vehicle-makes-models,added_missing
3832,133,Suzuki,Vitara,2004,2004,2004,1,original_db,existing
5034,133,Suzuki,WAGON R+ (MM),2000,2011,2000-2011,12,itdiag8-dotcom/database (vivid_cars2000.db),added_from_vivid
3833,133,Suzuki,Wagon R,2008,2008,2008,1,original_db,existing
6799,133,Suzuki,XL-7,2005,2006,2005,1,lemon.dogeware.me LEMON 2015,active
3836,133,Suzuki,Xl7,2007,2007,2007,1,original_db,existing
3837,135,Tata,Altroz,,,,0,DanielKohut/car-data,added_missing
3838,135,Tata,Aria,,,,0,DanielKohut/car-data,added_missing
3839,135,Tata,Harrier,,,,0,DanielKohut/car-data,added_missing
3840,135,Tata,Hexa,,,,0,DanielKohut/car-data,added_missing
3841,135,Tata,Indica,,,,0,DanielKohut/car-data,added_missing
3842,135,Tata,Indica Vista,2012,2012,2012,1,original_db,existing
3843,135,Tata,Indigo,,,,0,DanielKohut/car-data,added_missing
3844,135,Tata,Indigo Manza,2010,2010,2010,1,original_db,existing
3845,135,Tata,MOTORS Altroz,2019,2026,2019-2026,0,gor3a/vehicle-makes-models,added_missing
3846,135,Tata,MOTORS Aria,2010,2017,2010-2017,0,gor3a/vehicle-makes-models,added_missing
3847,135,Tata,MOTORS Harrier,2018,2023,2018-2023,0,gor3a/vehicle-makes-models,added_missing
3848,135,Tata,MOTORS Indica,1998,2015,1998-2015,0,gor3a/vehicle-makes-models,added_missing
3849,135,Tata,MOTORS Indigo,2002,2016,2002-2016,0,gor3a/vehicle-makes-models,added_missing
3850,135,Tata,MOTORS Indigo SW,2004,2009,2004-2009,0,gor3a/vehicle-makes-models,added_missing
3851,135,Tata,MOTORS Nano,2008,2018,2008-2018,0,gor3a/vehicle-makes-models,added_missing
3852,135,Tata,MOTORS Nexon,2017,2023,2017-2023,0,gor3a/vehicle-makes-models,added_missing
3853,135,Tata,MOTORS Safari,2005,2020,2005-2020,0,gor3a/vehicle-makes-models,added_missing
3854,135,Tata,MOTORS Sumo,2008,2011,2008-2011,0,gor3a/vehicle-makes-models,added_missing
3855,135,Tata,MOTORS Telcoline,1988,2005,1988-2005,0,gor3a/vehicle-makes-models,added_missing
3856,135,Tata,Nano,,,,0,DanielKohut/car-data,added_missing
3857,135,Tata,Nexon,,,,0,DanielKohut/car-data,added_missing
3858,135,Tata,Punch,,,,0,DanielKohut/car-data,added_missing
3859,135,Tata,Safari,,,,0,DanielKohut/car-data,added_missing
3860,135,Tata,Sierra,,,,0,DanielKohut/car-data,added_missing
3861,135,Tata,Sumo,,,,0,DanielKohut/car-data,added_missing
3862,135,Tata,Tiago,,,,0,DanielKohut/car-data,added_missing
3863,135,Tata,Tigor,,,,0,DanielKohut/car-data,added_missing
3864,135,Tata,Vista,,,,0,DanielKohut/car-data,added_missing
3865,135,Tata,Zest,,,,0,DanielKohut/car-data,added_missing
3866,136,Tesla,Cybertruck,2021,2026,2021-2026,0,gor3a/vehicle-makes-models,added_missing
6666,136,Tesla,Model,2016,2025,2016,1,lemon.dogeware.me LEMON 2015,active
3867,136,Tesla,Model 3,2017,2026,2017-2026,0,gor3a/vehicle-makes-models,added_missing
3868,136,Tesla,Model S,2012,2026,2012-2026,0,gor3a/vehicle-makes-models,added_missing
3869,136,Tesla,Model X,2015,2026,2015-2026,0,gor3a/vehicle-makes-models,added_missing
3870,136,Tesla,Model Y,2019,2026,2019-2026,0,gor3a/vehicle-makes-models,added_missing
3871,136,Tesla,Roadster,2008,2026,2008-2026,0,gor3a/vehicle-makes-models,added_missing
5817,138,Toyota,"4 RUNNER (KZN18_, VZN18_, RZN18_)",2000,2002,2000-2002,2,itdiag8-dotcom/database (vivid_cars2000.db),added_from_vivid
3872,138,Toyota,4Runner,1990,2026,1990-2026,0,gor3a/vehicle-makes-models,added_missing
3873,138,Toyota,86,2017,2020,,0,DanielKohut/car-data,added_missing
6404,138,Toyota,AGYA (B1_),2011,2011,2011,1,itdiag8-dotcom/database (vivid_cars2000.db),added_from_vivid
5716,138,Toyota,"ALLION I (ZZT24_, NZT24_, AZT24_)",2001,2001,2001,4,itdiag8-dotcom/database (vivid_cars2000.db),added_from_vivid
4465,138,Toyota,"ALLION II (NZT26_, ZRT26_)",2006,2006,2006,4,itdiag8-dotcom/database (vivid_cars2000.db),added_from_vivid
5728,138,Toyota,"ALPHARD (ATH1_, MNH1_, ANH1_)",2002,2003,2002-2003,4,itdiag8-dotcom/database (vivid_cars2000.db),added_from_vivid
4466,138,Toyota,"ALPHARD / VELLFIRE (GGH2_, ANH2_, ATH2_)",2007,2010,2007-2010,5,itdiag8-dotcom/database (vivid_cars2000.db),added_from_vivid
5735,138,Toyota,"ALTEZZA (SXE1_, JCE1_, GXE1_)",2001,2001,2001,1,itdiag8-dotcom/database (vivid_cars2000.db),added_from_vivid
5734,138,Toyota,"ALTEZZA GITA (SXE1_, GXE1_)",2001,2001,2001,1,itdiag8-dotcom/database (vivid_cars2000.db),added_from_vivid
5214,138,Toyota,AQUA (_NHP1_),2010,2010,2010,1,itdiag8-dotcom/database (vivid_cars2000.db),added_from_vivid
5866,138,Toyota,ASCENT Hatchback,2001,2001,2001,1,itdiag8-dotcom/database (vivid_cars2000.db),added_from_vivid
5869,138,Toyota,ASCENT Saloon,2001,2001,2001,1,itdiag8-dotcom/database (vivid_cars2000.db),added_from_vivid
6362,138,Toyota,"AURION (ACV5_, GSV5_)",2010,2010,2010,1,itdiag8-dotcom/database (vivid_cars2000.db),added_from_vivid
5995,138,Toyota,"AURION (GSV4_, ACV4_)",2000,2005,2000-2005,5,itdiag8-dotcom/database (vivid_cars2000.db),added_from_vivid
4459,138,Toyota,"AURIS (NRE15_, ZZE15_, ADE15_, ZRE15_, NDE15_)",2005,2009,2005-2009,15,itdiag8-dotcom/database (vivid_cars2000.db),added_from_vivid
6284,138,Toyota,"AURIS (NZE18_, ZRE18_)",2011,2011,2011,10,itdiag8-dotcom/database (vivid_cars2000.db),added_from_vivid
6398,138,Toyota,"AURIS TOURING SPORTS (ADE18_, ZWE18_, ZRE18_)",2012,2012,2012,5,itdiag8-dotcom/database (vivid_cars2000.db),added_from_vivid
6397,138,Toyota,"AURIS VAN Box (ZRE18_, NZE18_)",2012,2012,2012,1,itdiag8-dotcom/database (vivid_cars2000.db),added_from_vivid
5861,138,Toyota,AVALON Saloon (GSX3_),2004,2004,2004,1,itdiag8-dotcom/database (vivid_cars2000.db),added_from_vivid
5868,138,Toyota,AVALON Saloon (MCX2_),2000,2001,2000-2001,3,itdiag8-dotcom/database (vivid_cars2000.db),added_from_vivid
5729,138,Toyota,"AVANZA (F602_, F601_)",2003,2005,2003-2005,3,itdiag8-dotcom/database (vivid_cars2000.db),added_from_vivid
6384,138,Toyota,AVANZA (F65_),2005,2010,2005-2010,1,itdiag8-dotcom/database (vivid_cars2000.db),added_from_vivid
5390,138,Toyota,AVENSIS (T25_),2002,2005,2002-2005,10,itdiag8-dotcom/database (vivid_cars2000.db),added_from_vivid
5121,138,Toyota,AVENSIS (_T22_),2000,2000,2000,3,itdiag8-dotcom/database (vivid_cars2000.db),added_from_vivid
4809,138,Toyota,AVENSIS Estate (T25),2002,2005,2002-2005,11,itdiag8-dotcom/database (vivid_cars2000.db),added_from_vivid
4968,138,Toyota,"AVENSIS Estate (ZRT27, ADT27)",2008,2010,2008-2010,8,itdiag8-dotcom/database (vivid_cars2000.db),added_from_vivid
5120,138,Toyota,AVENSIS Liftback (_T22_),2000,2002,2000-2002,5,itdiag8-dotcom/database (vivid_cars2000.db),added_from_vivid
5369,138,Toyota,AVENSIS Saloon (T25),2002,2005,2002-2005,11,itdiag8-dotcom/database (vivid_cars2000.db),added_from_vivid
4967,138,Toyota,"AVENSIS Saloon (ZRT27, ADT27)",2008,2010,2008-2010,8,itdiag8-dotcom/database (vivid_cars2000.db),added_from_vivid
5122,138,Toyota,AVENSIS Station Wagon (_T22_),2000,2002,2000-2002,4,itdiag8-dotcom/database (vivid_cars2000.db),added_from_vivid
5224,138,Toyota,"AVENSIS VERSO (_CLM2_, _ACM2_)",2001,2003,2001-2003,3,itdiag8-dotcom/database (vivid_cars2000.db),added_from_vivid
6448,138,Toyota,"AYGO (PAB4_, KGB4_)",2012,2012,2012,1,itdiag8-dotcom/database (vivid_cars2000.db),added_from_vivid
5512,138,Toyota,"AYGO (WNB1_, KGB1_)",2004,2004,2004,2,itdiag8-dotcom/database (vivid_cars2000.db),added_from_vivid
3874,138,Toyota,Agya,2012,2017,2012-2017,0,gor3a/vehicle-makes-models,added_missing
3875,138,Toyota,Allion,2007,2007,2007,1,original_db,existing
3876,138,Toyota,Alphard,2008,2008,2008,1,original_db,existing
3877,138,Toyota,Aqua,2021,2026,2021-2026,0,gor3a/vehicle-makes-models,added_missing
3878,138,Toyota,Aurion,2007,2007,2007,1,original_db,existing
3879,138,Toyota,Auris,2006,2015,2006-2015,10,original_db,existing
3880,138,Toyota,Avalon,2005,2022,2005-2022,0,gor3a/vehicle-makes-models,added_missing
3881,138,Toyota,Avensis,2003,2015,2003-2015,17,original_db,existing
3882,138,Toyota,Avensis Verso,2001,2006,2001-2006,0,gor3a/vehicle-makes-models,added_missing
3883,138,Toyota,Aygo,2005,2005,2005,2,original_db,existing
3884,138,Toyota,Aygo X,2021,2026,2021-2026,0,gor3a/vehicle-makes-models,added_missing
3885,138,Toyota,Blade,2006,2006,2006,1,original_db,existing
3889,138,Toyota,C-HR,2016,2026,2016-2026,0,gor3a/vehicle-makes-models,added_missing
5844,138,Toyota,"CALDINA (ST21_, CT21_, AT21_)",2000,2000,2000,1,itdiag8-dotcom/database (vivid_cars2000.db),added_from_vivid
5845,138,Toyota,"CALDINA (ZZT24_, ST24_, AZT24_)",2002,2002,2002,1,itdiag8-dotcom/database (vivid_cars2000.db),added_from_vivid
5848,138,Toyota,"CAMI Closed Off-Road Vehicle (J12_E, J10_E)",2001,2001,2001,1,itdiag8-dotcom/database (vivid_cars2000.db),added_from_vivid
5280,138,Toyota,"CAMRY (MCV3_, ACV3_, _XV3_)",2001,2005,2001-2005,7,itdiag8-dotcom/database (vivid_cars2000.db),added_from_vivid
5253,138,Toyota,"CAMRY (_CV2_, _XV2_)",2000,2000,2000,1,itdiag8-dotcom/database (vivid_cars2000.db),added_from_vivid
5714,138,Toyota,"CAMRY SOLARA Convertible (MCV2_, SXV2_)",2000,2000,2000,3,itdiag8-dotcom/database (vivid_cars2000.db),added_from_vivid
5732,138,Toyota,"CAMRY SOLARA Convertible (MCV3_, ACV3_)",2003,2003,2003,5,itdiag8-dotcom/database (vivid_cars2000.db),added_from_vivid
5731,138,Toyota,"CAMRY SOLARA Coupe (MCV3_, ACV3_)",2003,2003,2003,6,itdiag8-dotcom/database (vivid_cars2000.db),added_from_vivid
4641,138,Toyota,"CAMRY Saloon (AVV5_, XV5_)",2010,2011,2010-2011,6,itdiag8-dotcom/database (vivid_cars2000.db),added_from_vivid
4758,138,Toyota,CAMRY Saloon (_XV4_),2005,2009,2005-2009,8,itdiag8-dotcom/database (vivid_cars2000.db),added_from_vivid
5846,138,Toyota,CELSIOR (UCF3_),2000,2000,2000,1,itdiag8-dotcom/database (vivid_cars2000.db),added_from_vivid
4557,138,Toyota,"COASTER Bus (TRB5_, XZB5_, RZB4_, HZB5_, BZB5_, BB4_)",2003,2003,2003,9,itdiag8-dotcom/database (vivid_cars2000.db),added_from_vivid
4669,138,Toyota,"COROLLA (ZZE12_, NDE12_, ZDE12_)",2001,2004,2001-2004,11,itdiag8-dotcom/database (vivid_cars2000.db),added_from_vivid
5012,138,Toyota,COROLLA (_E11_),2000,2000,2000,5,itdiag8-dotcom/database (vivid_cars2000.db),added_from_vivid
5010,138,Toyota,COROLLA Compact (_E11_),2000,2000,2000,5,itdiag8-dotcom/database (vivid_cars2000.db),added_from_vivid
6276,138,Toyota,"COROLLA Estate (NKE16_, NZE16_)",2011,2013,2011-2013,4,itdiag8-dotcom/database (vivid_cars2000.db),added_from_vivid
5283,138,Toyota,"COROLLA Estate (_E12J_, _E12T_)",2001,2003,2001-2003,7,itdiag8-dotcom/database (vivid_cars2000.db),added_from_vivid
4472,138,Toyota,COROLLA Estate (_E14_),2005,2005,2005,4,itdiag8-dotcom/database (vivid_cars2000.db),added_from_vivid
5011,138,Toyota,COROLLA Liftback (_E11_),2000,2000,2000,4,itdiag8-dotcom/database (vivid_cars2000.db),added_from_vivid
4473,138,Toyota,"COROLLA RUMION (_AZE15_, _NZE15_, _ZRE15_)",2006,2006,2006,3,itdiag8-dotcom/database (vivid_cars2000.db),added_from_vivid
4471,138,Toyota,COROLLA Saloon (E15_),2005,2011,2005-2011,24,itdiag8-dotcom/database (vivid_cars2000.db),added_from_vivid
6223,138,Toyota,"COROLLA Saloon (NRE18_, ZRE17_, ZRE18_, NDE18_)",2012,2012,2012,7,itdiag8-dotcom/database (vivid_cars2000.db),added_from_vivid
5284,138,Toyota,"COROLLA Saloon (_E12J_, _E12T_)",2001,2006,2001-2006,11,itdiag8-dotcom/database (vivid_cars2000.db),added_from_vivid
6275,138,Toyota,COROLLA Saloon (_NZE16_),2011,2011,2011,3,itdiag8-dotcom/database (vivid_cars2000.db),added_from_vivid
5285,138,Toyota,"COROLLA Verso (ZDE12_, CDE12_)",2001,2002,2001-2002,6,itdiag8-dotcom/database (vivid_cars2000.db),added_from_vivid
5448,138,Toyota,"COROLLA Verso (ZER_, ZZE12_, R1_)",2003,2004,2003-2004,9,itdiag8-dotcom/database (vivid_cars2000.db),added_from_vivid
5013,138,Toyota,COROLLA Wagon (__E11_),2000,2000,2000,5,itdiag8-dotcom/database (vivid_cars2000.db),added_from_vivid
3900,138,Toyota,COROLLA iM,2017,2018,2017-2018,0,plowman/open-vehicle-db,added_missing
5579,138,Toyota,"CROWN Saloon (CRS_, JZS_, GRS18_, UZS_)",2003,2003,2003,4,itdiag8-dotcom/database (vivid_cars2000.db),added_from_vivid
4717,138,Toyota,CROWN Saloon (GRS20_),2007,2008,2007-2008,7,itdiag8-dotcom/database (vivid_cars2000.db),added_from_vivid
6356,138,Toyota,"CROWN Saloon (GRS21_, AWS21_)",2011,2011,2011,4,itdiag8-dotcom/database (vivid_cars2000.db),added_from_vivid
3890,138,Toyota,Camry,2005,2025,2006,2,original_db,existing
3891,138,Toyota,Camry Solara,1999,2009,1999-2009,0,plowman/open-vehicle-db,added_missing
3893,138,Toyota,Celica,1990,2006,1990-2006,0,gor3a/vehicle-makes-models,added_missing
3894,138,Toyota,Century,2023,2026,2023-2026,0,gor3a/vehicle-makes-models,added_missing
3895,138,Toyota,Century SUV,2023,2026,2023-2026,0,gor3a/vehicle-makes-models,added_missing
3896,138,Toyota,Commuter,2005,2005,2005,1,original_db,existing
3897,138,Toyota,Corolla,2004,2025,2004-2010,7,original_db,existing
3898,138,Toyota,Corolla Altis,2006,2006,2006,1,original_db,existing
3899,138,Toyota,Corolla Cross,2020,2026,2020-2026,0,gor3a/vehicle-makes-models,added_missing
3901,138,Toyota,Corolla Matrix,2003,2013,2003-2013,0,plowman/open-vehicle-db,added_missing
3902,138,Toyota,Corolla Verso,2004,2005,2004-2005,4,original_db,existing
3905,138,Toyota,Crown,2008,2025,2008,1,original_db,existing
3907,138,Toyota,Crown SUV,2022,2026,2022-2026,0,gor3a/vehicle-makes-models,added_missing
3906,138,Toyota,Crown Signia,2025,2027,2025-2027,0,plowman/open-vehicle-db,added_missing
5853,138,Toyota,DYNA 250 Box,2003,2003,2003,1,itdiag8-dotcom/database (vivid_cars2000.db),added_from_vivid
5855,138,Toyota,DYNA 400 Platform/Chassis (XZU_),2000,2003,2000-2003,3,itdiag8-dotcom/database (vivid_cars2000.db),added_from_vivid
6361,138,Toyota,"DYNA Bus (XZU3_, XZU4_, WU4_, WU3_, LY2_, KDY2_)",2001,2005,2001-2005,7,itdiag8-dotcom/database (vivid_cars2000.db),added_from_vivid
4783,138,Toyota,"DYNA Platform/Chassis (KD_, LY_, TRY2_, KDY2_, XZU4_, XZU3_,",2001,2010,2001-2010,25,itdiag8-dotcom/database (vivid_cars2000.db),added_from_vivid
5856,138,Toyota,"ECHO Hatchback (NCP13_, NCP12_)",2000,2002,2000-2002,4,itdiag8-dotcom/database (vivid_cars2000.db),added_from_vivid
6530,138,Toyota,"ESQUIRE (ZRR8_, ZWR8_)",2013,2013,2013,2,itdiag8-dotcom/database (vivid_cars2000.db),added_from_vivid
4765,138,Toyota,"ETIOS (NUK1_, NGK1_)",2009,2009,2009,1,itdiag8-dotcom/database (vivid_cars2000.db),added_from_vivid
3908,138,Toyota,Echo,2000,2005,2000-2005,0,plowman/open-vehicle-db,added_missing
3909,138,Toyota,Estima,2006,2006,2006,1,original_db,existing
3910,138,Toyota,Etios,2010,2010,2010,1,original_db,existing
3911,138,Toyota,Etios Liva,2011,2020,2011-2020,0,gor3a/vehicle-makes-models,added_missing
3912,138,Toyota,FCHV-adv,2009,2010,2009-2010,0,plowman/open-vehicle-db,added_missing
6800,138,Toyota,FJ,2007,2009,2007,1,lemon.dogeware.me LEMON 2015,active
4670,138,Toyota,FJ CRUISER (GSJ1_),2005,2010,2005-2010,4,itdiag8-dotcom/database (vivid_cars2000.db),added_from_vivid
3913,138,Toyota,FJ Cruiser,2006,2016,2006-2016,0,gor3a/vehicle-makes-models,added_missing
4764,138,Toyota,"FORTUNER Closed Off-Road Vehicle (TGN6_, KUN6_, GGN6_, TGN5_",2003,2011,2003-2011,9,itdiag8-dotcom/database (vivid_cars2000.db),added_from_vivid
3914,138,Toyota,Fortuner,2005,2005,2005,3,original_db,existing
6846,138,Toyota,GR,2023,2025,2023,1,lemon.dogeware.me LEMON 2015,active
3915,138,Toyota,GR 86,2021,2026,2021-2026,0,gor3a/vehicle-makes-models,added_missing
3916,138,Toyota,GR Corolla,2022,2026,2022-2026,0,gor3a/vehicle-makes-models,added_missing
3917,138,Toyota,GR Supra,2022,2026,2022-2026,0,gor3a/vehicle-makes-models,added_missing
3918,138,Toyota,GR Yaris,2020,2026,2020-2026,0,gor3a/vehicle-makes-models,added_missing
3919,138,Toyota,GR86,2022,2025,,0,DanielKohut/car-data,added_missing
3921,138,Toyota,GT 86,2012,2021,2012-2021,0,gor3a/vehicle-makes-models,added_missing
5217,138,Toyota,GT 86 Coupe (ZN6_),2011,2011,2011,1,itdiag8-dotcom/database (vivid_cars2000.db),added_from_vivid
6847,138,Toyota,Grand,2024,2025,2024,1,lemon.dogeware.me LEMON 2015,active
3920,138,Toyota,Grand Highlander,2023,2026,2023-2026,0,gor3a/vehicle-makes-models,added_missing
3922,138,Toyota,Gt86,2012,2012,2012,1,original_db,existing
4720,138,Toyota,"HARRIER (MCU3_, MHU3_, ACU3_, GSU3_)",2003,2004,2003-2004,5,itdiag8-dotcom/database (vivid_cars2000.db),added_from_vivid
5849,138,Toyota,"HARRIER (SXU1_, MCU1_, ACU1_)",2000,2000,2000,1,itdiag8-dotcom/database (vivid_cars2000.db),added_from_vivid
6438,138,Toyota,HARRIER (ZSU6_),2012,2012,2012,1,itdiag8-dotcom/database (vivid_cars2000.db),added_from_vivid
4756,138,Toyota,"HIACE / COMMUTER IV (TRH2_, KDH2_)",2004,2007,2004-2007,6,itdiag8-dotcom/database (vivid_cars2000.db),added_from_vivid
5916,138,Toyota,"HIACE III Box (YH7_, LH6_, LH7_, LH5_, YH5_, YH6_)",2001,2001,2001,1,itdiag8-dotcom/database (vivid_cars2000.db),added_from_vivid
5914,138,Toyota,"HIACE III Wagon (LH1_, RZH1_)",2001,2001,2001,1,itdiag8-dotcom/database (vivid_cars2000.db),added_from_vivid
5303,138,Toyota,"HIACE IV Box (LXH1_, RZH1_, LH1_)",2001,2005,2001-2005,4,itdiag8-dotcom/database (vivid_cars2000.db),added_from_vivid
4757,138,Toyota,"HIACE IV Box (TRH2_, KDH2_)",2004,2007,2004-2007,7,itdiag8-dotcom/database (vivid_cars2000.db),added_from_vivid
5300,138,Toyota,HIACE IV Bus (LH1_),2001,2005,2001-2005,5,itdiag8-dotcom/database (vivid_cars2000.db),added_from_vivid
5807,138,Toyota,"HILUX Closed Off-Road Vehicle (RZN1_, LN1_)",2000,2002,2000-2002,3,itdiag8-dotcom/database (vivid_cars2000.db),added_from_vivid
5301,138,Toyota,"HILUX II Pickup (RN6_, RN5_, LN6_, YN6_, YN5_, LN5_)",2000,2002,2000-2002,7,itdiag8-dotcom/database (vivid_cars2000.db),added_from_vivid
5598,138,Toyota,"HILUX III Pickup (TGN1_, GGN2_, GGN1_, KUN2_, KUN1_)",2003,2009,2003-2009,13,itdiag8-dotcom/database (vivid_cars2000.db),added_from_vivid
6364,138,Toyota,"HILUX III Platform/Chassis (KUN1_, TGN3_, TGN2_, TGN1_, KUN2",2004,2004,2004,3,itdiag8-dotcom/database (vivid_cars2000.db),added_from_vivid
3923,138,Toyota,Harrier,2014,2020,2014-2020,0,gor3a/vehicle-makes-models,added_missing
3924,138,Toyota,Hiace,2005,2005,2005,3,original_db,existing
3925,138,Toyota,Highlander,2005,2025,,0,DanielKohut/car-data,added_missing
3926,138,Toyota,Highlander / Kluger,2001,2026,2001-2026,0,gor3a/vehicle-makes-models,added_missing
3927,138,Toyota,Hilux,2005,2016,2005-2016,15,original_db,existing
3928,138,Toyota,Hilux Extra Cab,2011,2017,2011-2017,0,gor3a/vehicle-makes-models,added_missing
4455,138,Toyota,"IQ (KPJ1_, NGJ1_, KGJ1_, NUJ1_)",2008,2011,2008-2011,4,itdiag8-dotcom/database (vivid_cars2000.db),added_from_vivid
4456,138,Toyota,"ISIS (ZNM1_, ANM1_, ZGM1_)",2003,2006,2003-2006,5,itdiag8-dotcom/database (vivid_cars2000.db),added_from_vivid
5808,138,Toyota,IST (NCP6_),2003,2003,2003,2,itdiag8-dotcom/database (vivid_cars2000.db),added_from_vivid
3929,138,Toyota,Innova,2011,2013,2011-2013,0,gor3a/vehicle-makes-models,added_missing
3930,138,Toyota,Iq,2008,2008,2008,2,original_db,existing
4893,138,Toyota,"KIJANG INNOVA (_TGN4_, _KUN4_)",2003,2003,2003,3,itdiag8-dotcom/database (vivid_cars2000.db),added_from_vivid
5827,138,Toyota,"KLUGER (_MCU2_, _ACU2_)",2000,2004,2000-2004,6,itdiag8-dotcom/database (vivid_cars2000.db),added_from_vivid
5828,138,Toyota,"KLUGER (_MHU4_, _GSU4_, _ASU4_)",2006,2006,2006,3,itdiag8-dotcom/database (vivid_cars2000.db),added_from_vivid
4647,138,Toyota,"LAND CRUISER (KDJ12_, GRJ12_)",2002,2003,2002-2003,10,itdiag8-dotcom/database (vivid_cars2000.db),added_from_vivid
6137,138,Toyota,"LAND CRUISER (PZJ7_, KZJ7_, HZJ7_, BJ7_, LJ7_, RJ7_)",2001,2006,2001-2006,3,itdiag8-dotcom/database (vivid_cars2000.db),added_from_vivid
4483,138,Toyota,"LAND CRUISER (VDJ20_, UZJ20_)",2006,2011,2006-2011,11,itdiag8-dotcom/database (vivid_cars2000.db),added_from_vivid
5385,138,Toyota,LAND CRUISER 100 (UZJ100),2002,2002,2002,1,itdiag8-dotcom/database (vivid_cars2000.db),added_from_vivid
4327,138,Toyota,"LAND CRUISER 150 (KDJ15_, GRJ15_)",2009,2009,2009,7,itdiag8-dotcom/database (vivid_cars2000.db),added_from_vivid
5138,138,Toyota,LAND CRUISER 90 (_J9_),2000,2002,2000-2002,2,itdiag8-dotcom/database (vivid_cars2000.db),added_from_vivid
4892,138,Toyota,LAND CRUISER Pickup (_J7_),2006,2006,2006,2,itdiag8-dotcom/database (vivid_cars2000.db),added_from_vivid
3931,138,Toyota,Land Cruiser,2002,2025,2002-2014,11,original_db,existing
3932,138,Toyota,Land Cruiser / Prado,1996,2026,1996-2026,0,gor3a/vehicle-makes-models,added_missing
3933,138,Toyota,Land Cruiser V8 and predecessors,1984,2021,1984-2021,0,gor3a/vehicle-makes-models,added_missing
5870,138,Toyota,MARK X I (GRX12_),2003,2003,2003,3,itdiag8-dotcom/database (vivid_cars2000.db),added_from_vivid
4484,138,Toyota,MARK X II (GRX13_),2008,2008,2008,2,itdiag8-dotcom/database (vivid_cars2000.db),added_from_vivid
4486,138,Toyota,"MARK X ZiO (GGA1_, ANA1_)",2006,2006,2006,2,itdiag8-dotcom/database (vivid_cars2000.db),added_from_vivid
5795,138,Toyota,MATRIX (ZZE13_),2001,2001,2001,2,itdiag8-dotcom/database (vivid_cars2000.db),added_from_vivid
3937,138,Toyota,MR2,1985,2005,1985-2005,0,gor3a/vehicle-makes-models,added_missing
3934,138,Toyota,Mark X,2005,2010,2005-2010,2,original_db,existing
3935,138,Toyota,Matrix,2005,2009,2009,1,original_db,existing
3936,138,Toyota,Mirai,2015,2026,2015-2026,0,gor3a/vehicle-makes-models,added_missing
6439,138,Toyota,"NOAH/VOXY (ZRR8_, ZWR8_)",2012,2012,2012,2,itdiag8-dotcom/database (vivid_cars2000.db),added_from_vivid
5851,138,Toyota,NOAH/VOXY (_AZR6_),2001,2001,2001,1,itdiag8-dotcom/database (vivid_cars2000.db),added_from_vivid
4479,138,Toyota,NOAH/VOXY (_ZRR7_),2006,2006,2006,2,itdiag8-dotcom/database (vivid_cars2000.db),added_from_vivid
5852,138,Toyota,"OPA (ZCT1_, ACT1_)",2000,2000,2000,3,itdiag8-dotcom/database (vivid_cars2000.db),added_from_vivid
6529,138,Toyota,ORIGIN (JCG1_),2000,2000,2000,1,itdiag8-dotcom/database (vivid_cars2000.db),added_from_vivid
4704,138,Toyota,"PASSO (_NC1_, _XC1_)",2004,2007,2004-2007,3,itdiag8-dotcom/database (vivid_cars2000.db),added_from_vivid
4961,138,Toyota,"PASSO (_NGC3_, _KGC3_)",2009,2009,2009,2,itdiag8-dotcom/database (vivid_cars2000.db),added_from_vivid
5254,138,Toyota,PICNIC (_XM10),2000,2001,2000-2001,2,itdiag8-dotcom/database (vivid_cars2000.db),added_from_vivid
6358,138,Toyota,PIXIS Bus (S3_M),2011,2011,2011,2,itdiag8-dotcom/database (vivid_cars2000.db),added_from_vivid
6277,138,Toyota,"PIXIS EPOCH (LA31_, LA30_)",2011,2011,2011,1,itdiag8-dotcom/database (vivid_cars2000.db),added_from_vivid
6357,138,Toyota,PIXIS Platform/Chassis (S2_),2011,2011,2011,1,itdiag8-dotcom/database (vivid_cars2000.db),added_from_vivid
4851,138,Toyota,"PIXIS SPACE (L58_A, L57_A)",2010,2010,2010,2,itdiag8-dotcom/database (vivid_cars2000.db),added_from_vivid
5819,138,Toyota,PLATZ (NCP1_),2002,2002,2002,2,itdiag8-dotcom/database (vivid_cars2000.db),added_from_vivid
4467,138,Toyota,PORTE (_NNP1_),2003,2003,2003,3,itdiag8-dotcom/database (vivid_cars2000.db),added_from_vivid
6312,138,Toyota,PORTE II (NCP14_),2011,2011,2011,2,itdiag8-dotcom/database (vivid_cars2000.db),added_from_vivid
4487,138,Toyota,"PREMIO (NZT26_, ZRT26_)",2006,2006,2006,4,itdiag8-dotcom/database (vivid_cars2000.db),added_from_vivid
5854,138,Toyota,"PREMIO (ZZT24_, NZT24_, AZT24_)",2001,2001,2001,2,itdiag8-dotcom/database (vivid_cars2000.db),added_from_vivid
5049,138,Toyota,"PREVIA (MCR3_, ACR3_, CLR3_)",2000,2002,2000-2002,6,itdiag8-dotcom/database (vivid_cars2000.db),added_from_vivid
4716,138,Toyota,"PREVIA III (ACR5_, GSR5_)",2004,2011,2004-2011,5,itdiag8-dotcom/database (vivid_cars2000.db),added_from_vivid
6010,138,Toyota,PRIUS (ZVW3_),2008,2008,2008,1,itdiag8-dotcom/database (vivid_cars2000.db),added_from_vivid
6282,138,Toyota,PRIUS C (NHP10_),2011,2011,2011,1,itdiag8-dotcom/database (vivid_cars2000.db),added_from_vivid
5418,138,Toyota,PRIUS Hatchback (NHW20_),2003,2003,2003,1,itdiag8-dotcom/database (vivid_cars2000.db),added_from_vivid
4768,138,Toyota,PRIUS PLUS (ZVW4_),2010,2010,2010,1,itdiag8-dotcom/database (vivid_cars2000.db),added_from_vivid
5155,138,Toyota,PRIUS Saloon (NHW11_),2000,2000,2000,1,itdiag8-dotcom/database (vivid_cars2000.db),added_from_vivid
6396,138,Toyota,PROACE Box Body / Estate,2012,2012,2012,3,itdiag8-dotcom/database (vivid_cars2000.db),added_from_vivid
4776,138,Toyota,"PROBOX/SUCCEED (_NLP5_, _NCP5_)",2002,2002,2002,6,itdiag8-dotcom/database (vivid_cars2000.db),added_from_vivid
3938,138,Toyota,Paseo,1996,2000,1996-2000,0,gor3a/vehicle-makes-models,added_missing
3940,138,Toyota,Picnic,1996,2001,1996-2001,0,gor3a/vehicle-makes-models,added_missing
3941,138,Toyota,Premio,2007,2007,2007,1,original_db,existing
3943,138,Toyota,Previa / Estima,1992,2016,1992-2016,0,gor3a/vehicle-makes-models,added_missing
3944,138,Toyota,Prius,2003,2025,2003-2009,2,original_db,existing
3945,138,Toyota,Prius C,2012,2021,2012-2021,0,gor3a/vehicle-makes-models,added_missing
3946,138,Toyota,Prius Prime,2016,2022,2016-2022,0,gor3a/vehicle-makes-models,added_missing
3947,138,Toyota,Prius Prime (PHEV),2017,2027,2017-2027,0,plowman/open-vehicle-db,added_missing
3948,138,Toyota,Prius V,2012,2017,2012-2017,0,plowman/open-vehicle-db,added_missing
3949,138,Toyota,Prius v/Prius+,2011,2021,2011-2021,0,gor3a/vehicle-makes-models,added_missing
3950,138,Toyota,Proace,2013,2013,2013,1,original_db,existing
5843,138,Toyota,"RACTIS (SCP10_, NCP10_)",2004,2004,2004,3,itdiag8-dotcom/database (vivid_cars2000.db),added_from_vivid
5841,138,Toyota,RAUM MPV (NCZ2_),2003,2003,2003,2,itdiag8-dotcom/database (vivid_cars2000.db),added_from_vivid
5051,138,Toyota,"RAV 4 II (CLA2_, XA2_, ZCA2_, ACA2_)",2000,2003,2000-2003,4,itdiag8-dotcom/database (vivid_cars2000.db),added_from_vivid
4460,138,Toyota,"RAV 4 III (ACA3_, ACE_, ALA3_, GSA3_, ZSA3_)",2004,2008,2004-2008,10,itdiag8-dotcom/database (vivid_cars2000.db),added_from_vivid
6374,138,Toyota,"RAV 4 IV (ZSA4_, ALA4_)",2011,2012,2011-2012,8,itdiag8-dotcom/database (vivid_cars2000.db),added_from_vivid
3953,138,Toyota,RAV4 Prime (PHEV),2021,2027,2021-2027,0,plowman/open-vehicle-db,added_missing
5842,138,Toyota,"REGIUSACE Box (TRH2_, KDH2_)",2003,2003,2003,4,itdiag8-dotcom/database (vivid_cars2000.db),added_from_vivid
5840,138,Toyota,"REGIUSACE Bus (TRH2_, KDH2_)",2003,2003,2003,4,itdiag8-dotcom/database (vivid_cars2000.db),added_from_vivid
5847,138,Toyota,RUSH Closed Off-Road Vehicle (J2_),2005,2005,2005,1,itdiag8-dotcom/database (vivid_cars2000.db),added_from_vivid
3951,138,Toyota,Ractis,2009,2009,2009,1,original_db,existing
3952,138,Toyota,Rav4,2006,2015,2006-2015,8,original_db,existing
3954,138,Toyota,Reiz,2010,2010,2010,1,original_db,existing
3955,138,Toyota,Rukus,2007,2015,2007-2015,0,gor3a/vehicle-makes-models,added_missing
4458,138,Toyota,SAI (AZK1_),2008,2008,2008,1,itdiag8-dotcom/database (vivid_cars2000.db),added_from_vivid
4709,138,Toyota,"SEQUOIA (UCK45_, UCK35_)",2000,2000,2000,2,itdiag8-dotcom/database (vivid_cars2000.db),added_from_vivid
4710,138,Toyota,"SEQUOIA (UCK6_, UPK6_, USK6_)",2006,2006,2006,2,itdiag8-dotcom/database (vivid_cars2000.db),added_from_vivid
6281,138,Toyota,"SIENNA (ASL3_, GSL3_)",2009,2009,2009,1,itdiag8-dotcom/database (vivid_cars2000.db),added_from_vivid
5867,138,Toyota,"SIENNA (MCL2_, GSL2_)",2003,2003,2003,1,itdiag8-dotcom/database (vivid_cars2000.db),added_from_vivid
4766,138,Toyota,SIENTA (NCP8_),2003,2003,2003,2,itdiag8-dotcom/database (vivid_cars2000.db),added_from_vivid
5860,138,Toyota,SOLUNA VIOS,2002,2002,2002,2,itdiag8-dotcom/database (vivid_cars2000.db),added_from_vivid
6313,138,Toyota,SPADE (NCP14_),2011,2011,2011,2,itdiag8-dotcom/database (vivid_cars2000.db),added_from_vivid
6528,138,Toyota,"SPARKY (S23_, S22_)",2000,2000,2000,2,itdiag8-dotcom/database (vivid_cars2000.db),added_from_vivid
6399,138,Toyota,"STALLION (RZF5_, LF5_)",2000,2000,2000,1,itdiag8-dotcom/database (vivid_cars2000.db),added_from_vivid
3956,138,Toyota,Scion FR-S,2013,2016,2013-2016,0,plowman/open-vehicle-db,added_missing
3957,138,Toyota,Scion iA,2016,2016,2016-2016,0,plowman/open-vehicle-db,added_missing
3958,138,Toyota,Scion iM,2016,2016,2016-2016,0,plowman/open-vehicle-db,added_missing
3959,138,Toyota,Scion iQ,2011,2015,2011-2015,0,plowman/open-vehicle-db,added_missing
3960,138,Toyota,Scion tC,2005,2016,2005-2016,0,plowman/open-vehicle-db,added_missing
3961,138,Toyota,Scion xA,2004,2006,2004-2006,0,plowman/open-vehicle-db,added_missing
3962,138,Toyota,Scion xB,2004,2015,2004-2015,0,plowman/open-vehicle-db,added_missing
3963,138,Toyota,Scion xD,2008,2014,2008-2014,0,plowman/open-vehicle-db,added_missing
3964,138,Toyota,Sequoia,2005,2025,2008,1,original_db,existing
3965,138,Toyota,Sienna,1998,2026,1998-2026,0,gor3a/vehicle-makes-models,added_missing
3966,138,Toyota,Solara,2004,2008,2004-2008,0,gor3a/vehicle-makes-models,added_missing
3968,138,Toyota,Supra,1993,2026,1993-2026,0,gor3a/vehicle-makes-models,added_missing
5821,138,Toyota,"TOWN ACE Box (KM8_, KM7_, CM8_, CM7_)",2001,2001,2001,1,itdiag8-dotcom/database (vivid_cars2000.db),added_from_vivid
5829,138,Toyota,"TOWN ACE Bus (SR5_, SR4_, KR4_, CR5_, CR4_)",2001,2003,2001-2003,2,itdiag8-dotcom/database (vivid_cars2000.db),added_from_vivid
4712,138,Toyota,"TUNDRA Pickup (_K4_, _K3_)",2003,2003,2003,1,itdiag8-dotcom/database (vivid_cars2000.db),added_from_vivid
4711,138,Toyota,TUNDRA Pickup (_K5_),2006,2008,2006-2008,2,itdiag8-dotcom/database (vivid_cars2000.db),added_from_vivid
6412,138,Toyota,"TUV Platform/Chassis (YF_, RZF_, LF_, KF_)",2003,2003,2003,3,itdiag8-dotcom/database (vivid_cars2000.db),added_from_vivid
3970,138,Toyota,Tacoma,2005,2025,2009,1,original_db,existing
3972,138,Toyota,Tundra,2005,2025,2014,1,original_db,existing
4328,138,Toyota,"URBAN CRUISER (NSP1_, NLP1_, ZSP1_, NCP11_)",2006,2009,2006-2009,5,itdiag8-dotcom/database (vivid_cars2000.db),added_from_vivid
3973,138,Toyota,Urban Cruiser,2009,2009,2009,1,original_db,existing
6527,138,Toyota,"VANGUARD (ACA3_, GSA3_)",2004,2004,2004,2,itdiag8-dotcom/database (vivid_cars2000.db),added_from_vivid
5965,138,Toyota,"VENZA (GGV1_, AGV1_)",2007,2007,2007,2,itdiag8-dotcom/database (vivid_cars2000.db),added_from_vivid
4910,138,Toyota,"VEROSSA (JZX11_, GX11_)",2000,2000,2000,3,itdiag8-dotcom/database (vivid_cars2000.db),added_from_vivid
6036,138,Toyota,"VERSO (_AUR2_, _ZGR2_)",2008,2012,2008-2012,7,itdiag8-dotcom/database (vivid_cars2000.db),added_from_vivid
4536,138,Toyota,"VERSO S (NLP12_, NCP12_, NSP12_)",2009,2009,2009,5,itdiag8-dotcom/database (vivid_cars2000.db),added_from_vivid
3978,138,Toyota,VERSO-S,2010,2017,2010-2017,0,gor3a/vehicle-makes-models,added_missing
5810,138,Toyota,"VIOS (SCP4_, NCP4_, AXP4_)",2002,2002,2002,5,itdiag8-dotcom/database (vivid_cars2000.db),added_from_vivid
6386,138,Toyota,VIOS/YARIS Saloon (NCP15_),2012,2012,2012,1,itdiag8-dotcom/database (vivid_cars2000.db),added_from_vivid
4369,138,Toyota,"VIOS/YARIS Saloon (ZSP9_, NCP9_)",2006,2006,2006,5,itdiag8-dotcom/database (vivid_cars2000.db),added_from_vivid
5779,138,Toyota,"VISTA Saloon (SV5_, ZV5_)",2001,2002,2001-2002,3,itdiag8-dotcom/database (vivid_cars2000.db),added_from_vivid
3975,138,Toyota,Venza,2009,2026,2009-2026,0,gor3a/vehicle-makes-models,added_missing
3976,138,Toyota,Verso,2012,2012,2012,3,original_db,existing
3977,138,Toyota,Verso S,2011,2011,2011,1,original_db,existing
3979,138,Toyota,Vios,2007,2007,2007,2,original_db,existing
3980,138,Toyota,Vitz,2003,2006,2003-2006,3,original_db,existing
5783,138,Toyota,WILL CYPHA (NCP7_),2001,2001,2001,2,itdiag8-dotcom/database (vivid_cars2000.db),added_from_vivid
5784,138,Toyota,"WILL VS (ZZE12_, NZE12_)",2001,2001,2001,3,itdiag8-dotcom/database (vivid_cars2000.db),added_from_vivid
6185,138,Toyota,WILL Vi (NCP19_),2000,2000,2000,1,itdiag8-dotcom/database (vivid_cars2000.db),added_from_vivid
5785,138,Toyota,WINDOM (MCV3_),2001,2001,2001,1,itdiag8-dotcom/database (vivid_cars2000.db),added_from_vivid
4474,138,Toyota,WISH MPV (ZGE2_),2008,2008,2008,4,itdiag8-dotcom/database (vivid_cars2000.db),added_from_vivid
5786,138,Toyota,"WISH MPV (ZNE1_, ANE1_)",2002,2002,2002,3,itdiag8-dotcom/database (vivid_cars2000.db),added_from_vivid
3981,138,Toyota,Wish,2004,2004,2004,1,original_db,existing
6405,138,Toyota,YARIS (NCP15_),2012,2012,2012,2,itdiag8-dotcom/database (vivid_cars2000.db),added_from_vivid
4480,138,Toyota,"YARIS (NHP13_, NSP13_, NCP13_, KSP13_, NLP13_)",2009,2011,2009-2011,9,itdiag8-dotcom/database (vivid_cars2000.db),added_from_vivid
5220,138,Toyota,"YARIS (SCP1_, NLP1_, NCP1_)",2001,2004,2001-2004,7,itdiag8-dotcom/database (vivid_cars2000.db),added_from_vivid
4478,138,Toyota,"YARIS (SCP9_, NSP9_, KSP9_, NCP9_, ZSP9_)",2004,2009,2004-2009,11,itdiag8-dotcom/database (vivid_cars2000.db),added_from_vivid
5151,138,Toyota,"YARIS VERSO (_NLP2_, _NCP2_)",2000,2003,2000-2003,3,itdiag8-dotcom/database (vivid_cars2000.db),added_from_vivid
3982,138,Toyota,Yaris,1999,2020,1999-2011,7,original_db,existing
3983,138,Toyota,Yaris Cross,2020,2026,2020-2026,0,gor3a/vehicle-makes-models,added_missing
3985,138,Toyota,Yaris TS,2007,2010,2007-2010,0,gor3a/vehicle-makes-models,added_missing
3986,138,Toyota,Yaris Verso,2001,2003,2001-2003,2,original_db,existing
3984,138,Toyota,Yaris iA,2017,2019,2017-2019,0,plowman/open-vehicle-db,added_missing
4953,138,Toyota,ZELAS Coupe (AGT20),2009,2009,2009,1,itdiag8-dotcom/database (vivid_cars2000.db),added_from_vivid
5730,138,Toyota,bB I (NCP3_),2000,2000,2000,1,itdiag8-dotcom/database (vivid_cars2000.db),added_from_vivid
4457,138,Toyota,bB II (QNC2_),2004,2004,2004,1,itdiag8-dotcom/database (vivid_cars2000.db),added_from_vivid
3886,138,Toyota,bZ,2026,2026,2026-2026,0,gor3a/vehicle-makes-models,added_missing
3887,138,Toyota,bZ Woodland,2026,2027,2026-2027,0,plowman/open-vehicle-db,added_missing
3888,138,Toyota,bZ4X,2022,2026,2022-2026,0,gor3a/vehicle-makes-models,added_missing
5982,212,Triumph,CHIMAERA,2000,2000,2000,1,itdiag8-dotcom/database (vivid_cars2000.db),added_from_vivid
5983,212,Triumph,GRIFFITH (TCT_),2000,2000,2000,1,itdiag8-dotcom/database (vivid_cars2000.db),added_from_vivid
3987,139,Troller,Pantanal,2006,2006,2006,1,original_db,existing
3988,139,Troller,T4,2005,2014,2005-2014,2,original_db,existing
5031,140,Vauxhall,AGILA Mk I (A),2000,2003,2000-2003,4,itdiag8-dotcom/database (vivid_cars2000.db),added_from_vivid
5929,140,Vauxhall,AGILA Mk II (B),2007,2010,2007-2010,6,itdiag8-dotcom/database (vivid_cars2000.db),added_from_vivid
4470,140,Vauxhall,"ANTARA (J26, H26)",2005,2009,2005-2009,10,itdiag8-dotcom/database (vivid_cars2000.db),added_from_vivid
4830,140,Vauxhall,ASTRA GTC Mk VI (J),2010,2012,2010-2012,16,itdiag8-dotcom/database (vivid_cars2000.db),added_from_vivid
4838,140,Vauxhall,ASTRA Mk IV (G) Convertible,2001,2002,2001-2002,7,itdiag8-dotcom/database (vivid_cars2000.db),added_from_vivid
4839,140,Vauxhall,ASTRA Mk IV (G) Coupe (F67),2000,2002,2000-2002,8,itdiag8-dotcom/database (vivid_cars2000.db),added_from_vivid
4850,140,Vauxhall,ASTRA Mk IV (G) Estate,2000,2002,2000-2002,8,itdiag8-dotcom/database (vivid_cars2000.db),added_from_vivid
4985,140,Vauxhall,ASTRA Mk IV (G) Hatchback,2000,2002,2000-2002,11,itdiag8-dotcom/database (vivid_cars2000.db),added_from_vivid
4843,140,Vauxhall,ASTRA Mk IV (G) Saloon,2000,2002,2000-2002,8,itdiag8-dotcom/database (vivid_cars2000.db),added_from_vivid
4820,140,Vauxhall,ASTRA Mk V (H) Estate,2003,2006,2003-2006,21,itdiag8-dotcom/database (vivid_cars2000.db),added_from_vivid
4822,140,Vauxhall,ASTRA Mk V (H) Hatchback,2003,2006,2003-2006,21,itdiag8-dotcom/database (vivid_cars2000.db),added_from_vivid
4840,140,Vauxhall,ASTRA Mk V (H) Sport Hatch,2004,2008,2004-2008,17,itdiag8-dotcom/database (vivid_cars2000.db),added_from_vivid
4769,140,Vauxhall,ASTRA Mk VI (J),2008,2012,2008-2012,19,itdiag8-dotcom/database (vivid_cars2000.db),added_from_vivid
6273,140,Vauxhall,ASTRA Mk VI (J) Saloon,2011,2011,2011,12,itdiag8-dotcom/database (vivid_cars2000.db),added_from_vivid
4359,140,Vauxhall,ASTRA Mk VI (J) Sports Tourer,2009,2012,2009-2012,20,itdiag8-dotcom/database (vivid_cars2000.db),added_from_vivid
5541,140,Vauxhall,ASTRA TwinTop Mk V (H),2004,2007,2004-2007,8,itdiag8-dotcom/database (vivid_cars2000.db),added_from_vivid
5199,140,Vauxhall,ASTRAVAN Mk IV (G),2000,2003,2000-2003,4,itdiag8-dotcom/database (vivid_cars2000.db),added_from_vivid
4955,140,Vauxhall,ASTRAVAN Mk V (H),2004,2010,2004-2010,12,itdiag8-dotcom/database (vivid_cars2000.db),added_from_vivid
3989,140,Vauxhall,Adam,,,,0,DanielKohut/car-data,added_missing
3990,140,Vauxhall,Agila,2000,2000,2000,2,original_db,existing
3991,140,Vauxhall,Agila A,,,,0,DanielKohut/car-data,added_missing
3992,140,Vauxhall,Agila B,,,,0,DanielKohut/car-data,added_missing
3993,140,Vauxhall,Ampera,,,,0,DanielKohut/car-data,added_missing
3994,140,Vauxhall,Antara,2007,2015,2007-2015,0,gor3a/vehicle-makes-models,added_missing
3995,140,Vauxhall,Astra,2004,2026,2004-2026,0,gor3a/vehicle-makes-models,added_missing
3996,140,Vauxhall,Astra F,,,,0,DanielKohut/car-data,added_missing
3997,140,Vauxhall,Astra G,,,,0,DanielKohut/car-data,added_missing
3998,140,Vauxhall,Astra H,,,,0,DanielKohut/car-data,added_missing
3999,140,Vauxhall,Astra J,,,,0,DanielKohut/car-data,added_missing
4000,140,Vauxhall,Astra K,,,,0,DanielKohut/car-data,added_missing
4001,140,Vauxhall,Astra L,,,,0,DanielKohut/car-data,added_missing
4002,140,Vauxhall,Astra Sport Hatch,2004,2010,2004-2010,0,gor3a/vehicle-makes-models,added_missing
4003,140,Vauxhall,Astra Twin Top,2007,2010,2007-2010,0,gor3a/vehicle-makes-models,added_missing
4004,140,Vauxhall,Astra VXR,2005,2015,2005-2015,0,gor3a/vehicle-makes-models,added_missing
5513,140,Vauxhall,BRAVA Pickup,2001,2001,2001,1,itdiag8-dotcom/database (vivid_cars2000.db),added_from_vivid
6355,140,Vauxhall,CASCADA Convertible,2012,2012,2012,6,itdiag8-dotcom/database (vivid_cars2000.db),added_from_vivid
4823,140,Vauxhall,COMBO Mk II (C) Box Body / Estate (F25),2001,2005,2001-2005,14,itdiag8-dotcom/database (vivid_cars2000.db),added_from_vivid
4871,140,Vauxhall,COMBO Mk III (D) Box Body / Estate,2010,2010,2010,8,itdiag8-dotcom/database (vivid_cars2000.db),added_from_vivid
5880,140,Vauxhall,COMBO TOUR Mk II (C) (F25),2001,2005,2001-2005,10,itdiag8-dotcom/database (vivid_cars2000.db),added_from_vivid
4535,140,Vauxhall,"CORSA Mk II (C) (W5L, F08)",2000,2004,2000-2004,15,itdiag8-dotcom/database (vivid_cars2000.db),added_from_vivid
4831,140,Vauxhall,CORSA Mk III (D) (L_8),2005,2011,2005-2011,28,itdiag8-dotcom/database (vivid_cars2000.db),added_from_vivid
6489,140,Vauxhall,CORSA Mk IV (E),2012,2012,2012,7,itdiag8-dotcom/database (vivid_cars2000.db),added_from_vivid
5246,140,Vauxhall,CORSAVAN Mk II (C),2000,2003,2000-2003,7,itdiag8-dotcom/database (vivid_cars2000.db),added_from_vivid
4558,140,Vauxhall,CORSAVAN Mk III (D),2005,2009,2005-2009,8,itdiag8-dotcom/database (vivid_cars2000.db),added_from_vivid
6551,140,Vauxhall,CORSAVAN Mk IV (E),2013,2013,2013,3,itdiag8-dotcom/database (vivid_cars2000.db),added_from_vivid
4005,140,Vauxhall,Cascada,,,,0,DanielKohut/car-data,added_missing
4006,140,Vauxhall,Combo A,,,,0,DanielKohut/car-data,added_missing
4007,140,Vauxhall,Combo B,,,,0,DanielKohut/car-data,added_missing
4008,140,Vauxhall,Combo C,,,,0,DanielKohut/car-data,added_missing
4009,140,Vauxhall,Combo D,,,,0,DanielKohut/car-data,added_missing
4010,140,Vauxhall,Combo E,,,,0,DanielKohut/car-data,added_missing
4011,140,Vauxhall,Corsa,2001,2023,2001-2023,0,gor3a/vehicle-makes-models,added_missing
4012,140,Vauxhall,Corsa A,,,,0,DanielKohut/car-data,added_missing
4013,140,Vauxhall,Corsa B,,,,0,DanielKohut/car-data,added_missing
4014,140,Vauxhall,Corsa C,,,,0,DanielKohut/car-data,added_missing
4015,140,Vauxhall,Corsa D,,,,0,DanielKohut/car-data,added_missing
4016,140,Vauxhall,Corsa E,,,,0,DanielKohut/car-data,added_missing
4017,140,Vauxhall,Corsa F,,,,0,DanielKohut/car-data,added_missing
4018,140,Vauxhall,Corsa G,,,,0,DanielKohut/car-data,added_missing
4019,140,Vauxhall,Corsa GSE,2026,2026,2026-2026,0,gor3a/vehicle-makes-models,added_missing
4020,140,Vauxhall,Corsa VXR,2011,2013,2011-2013,0,gor3a/vehicle-makes-models,added_missing
4021,140,Vauxhall,Crossland,,,,0,DanielKohut/car-data,added_missing
4022,140,Vauxhall,Crossland X,2017,2018,2017-2018,0,gor3a/vehicle-makes-models,added_missing
4023,140,Vauxhall,Frontera A,,,,0,DanielKohut/car-data,added_missing
4024,140,Vauxhall,Frontera B,,,,0,DanielKohut/car-data,added_missing
4025,140,Vauxhall,Grandland,2021,2026,2021-2026,0,gor3a/vehicle-makes-models,added_missing
4026,140,Vauxhall,Grandland X,,,,0,DanielKohut/car-data,added_missing
4476,140,Vauxhall,INSIGNIA Estate,2007,2013,2007-2013,22,itdiag8-dotcom/database (vivid_cars2000.db),added_from_vivid
4752,140,Vauxhall,INSIGNIA Saloon,2007,2013,2007-2013,21,itdiag8-dotcom/database (vivid_cars2000.db),added_from_vivid
4027,140,Vauxhall,Insignia,2008,2017,2008-2017,0,gor3a/vehicle-makes-models,added_missing
4028,140,Vauxhall,Insignia A,,,,0,DanielKohut/car-data,added_missing
4029,140,Vauxhall,Insignia B,,,,0,DanielKohut/car-data,added_missing
4030,140,Vauxhall,Insignia Country Tourer,2013,2017,2013-2017,0,gor3a/vehicle-makes-models,added_missing
4031,140,Vauxhall,Insignia Sports Tourer,2009,2017,2009-2017,0,gor3a/vehicle-makes-models,added_missing
4032,140,Vauxhall,Insignia VXR,2012,2017,2012-2017,0,gor3a/vehicle-makes-models,added_missing
4033,140,Vauxhall,Insignia VXR Sports Tourer,2010,2019,2010-2019,0,gor3a/vehicle-makes-models,added_missing
6549,140,Vauxhall,MAGNUM Estate,2013,2013,2013,1,itdiag8-dotcom/database (vivid_cars2000.db),added_from_vivid
4743,140,Vauxhall,MERIVA Mk I (A),2002,2005,2002-2005,9,itdiag8-dotcom/database (vivid_cars2000.db),added_from_vivid
4361,140,Vauxhall,MERIVA Mk II (B),2009,2012,2009-2012,20,itdiag8-dotcom/database (vivid_cars2000.db),added_from_vivid
5197,140,Vauxhall,"MOVANO Mk I (A) Chassis/Cab (ED, UD, HD)",2000,2005,2000-2005,12,itdiag8-dotcom/database (vivid_cars2000.db),added_from_vivid
5195,140,Vauxhall,MOVANO Mk I (A) Combi (JD),2000,2005,2000-2005,14,itdiag8-dotcom/database (vivid_cars2000.db),added_from_vivid
5196,140,Vauxhall,MOVANO Mk I (A) Van (FD),2000,2005,2000-2005,15,itdiag8-dotcom/database (vivid_cars2000.db),added_from_vivid
4497,140,Vauxhall,MOVANO Mk II (B) Chassis/Cab,2009,2012,2009-2012,20,itdiag8-dotcom/database (vivid_cars2000.db),added_from_vivid
4706,140,Vauxhall,MOVANO Mk II (B) Combi,2009,2012,2009-2012,10,itdiag8-dotcom/database (vivid_cars2000.db),added_from_vivid
6115,140,Vauxhall,MOVANO Mk II (B) VAN,2009,2012,2009-2012,24,itdiag8-dotcom/database (vivid_cars2000.db),added_from_vivid
4034,140,Vauxhall,Meriva,2003,2017,2003-2017,0,gor3a/vehicle-makes-models,added_missing
4035,140,Vauxhall,Meriva A,,,,0,DanielKohut/car-data,added_missing
4036,140,Vauxhall,Meriva B,,,,0,DanielKohut/car-data,added_missing
4037,140,Vauxhall,Meriva VXR,2003,2009,2003-2009,0,gor3a/vehicle-makes-models,added_missing
4038,140,Vauxhall,Mokka,2012,2016,2012-2016,0,gor3a/vehicle-makes-models,added_missing
4039,140,Vauxhall,Mokka X,2016,2019,2016-2019,0,gor3a/vehicle-makes-models,added_missing
4040,140,Vauxhall,Mokka-e,,,,0,DanielKohut/car-data,added_missing
4041,140,Vauxhall,Monaro,2001,2007,2001-2007,0,gor3a/vehicle-makes-models,added_missing
4042,140,Vauxhall,Monaro VXR,2005,2007,2005-2007,0,gor3a/vehicle-makes-models,added_missing
5094,140,Vauxhall,OMEGA (B),2000,2001,2000-2001,4,itdiag8-dotcom/database (vivid_cars2000.db),added_from_vivid
5095,140,Vauxhall,OMEGA (B) Estate,2000,2001,2000-2001,4,itdiag8-dotcom/database (vivid_cars2000.db),added_from_vivid
4043,140,Vauxhall,Omega A,,,,0,DanielKohut/car-data,added_missing
4044,140,Vauxhall,Omega B,,,,0,DanielKohut/car-data,added_missing
6415,140,Vauxhall,SPEEDSTER,2001,2001,2001,1,itdiag8-dotcom/database (vivid_cars2000.db),added_from_vivid
4045,140,Vauxhall,Signum,2005,2008,2005-2008,0,gor3a/vehicle-makes-models,added_missing
5463,140,Vauxhall,TIGRA TwinTop,2003,2003,2003,3,itdiag8-dotcom/database (vivid_cars2000.db),added_from_vivid
4046,140,Vauxhall,Tigra A,,,,0,DanielKohut/car-data,added_missing
4047,140,Vauxhall,Tigra B (TwinTop),,,,0,DanielKohut/car-data,added_missing
4048,140,Vauxhall,Tigra Twin Top,2004,2009,2004-2009,0,gor3a/vehicle-makes-models,added_missing
5090,140,Vauxhall,VECTRA (B),2000,2000,2000,2,itdiag8-dotcom/database (vivid_cars2000.db),added_from_vivid
5091,140,Vauxhall,VECTRA (B) Estate,2000,2000,2000,2,itdiag8-dotcom/database (vivid_cars2000.db),added_from_vivid
5089,140,Vauxhall,VECTRA (B) Hatchback,2000,2000,2000,3,itdiag8-dotcom/database (vivid_cars2000.db),added_from_vivid
5298,140,Vauxhall,VECTRA Mk II (C),2000,2005,2000-2005,12,itdiag8-dotcom/database (vivid_cars2000.db),added_from_vivid
4749,140,Vauxhall,VECTRA Mk II (C) Estate,2003,2005,2003-2005,14,itdiag8-dotcom/database (vivid_cars2000.db),added_from_vivid
5299,140,Vauxhall,VECTRA Mk II (C) GTS,2002,2005,2002-2005,16,itdiag8-dotcom/database (vivid_cars2000.db),added_from_vivid
6458,140,Vauxhall,VIVARO Box,2012,2012,2012,1,itdiag8-dotcom/database (vivid_cars2000.db),added_from_vivid
4973,140,Vauxhall,VIVARO Box (F7),2001,2005,2001-2005,14,itdiag8-dotcom/database (vivid_cars2000.db),added_from_vivid
6455,140,Vauxhall,VIVARO Combi,2012,2012,2012,1,itdiag8-dotcom/database (vivid_cars2000.db),added_from_vivid
4972,140,Vauxhall,VIVARO Combi (J7),2001,2005,2001-2005,16,itdiag8-dotcom/database (vivid_cars2000.db),added_from_vivid
4971,140,Vauxhall,VIVARO Platform/Chassis (E7),2002,2005,2002-2005,12,itdiag8-dotcom/database (vivid_cars2000.db),added_from_vivid
4062,140,Vauxhall,VX 220,2000,2005,2000-2005,0,gor3a/vehicle-makes-models,added_missing
5074,140,Vauxhall,VX220,2000,2001,2000-2001,2,itdiag8-dotcom/database (vivid_cars2000.db),added_from_vivid
4063,140,Vauxhall,VXR8,2008,2017,2008-2017,0,gor3a/vehicle-makes-models,added_missing
6296,140,Vauxhall,VXR8 Estate,2007,2007,2007,1,itdiag8-dotcom/database (vivid_cars2000.db),added_from_vivid
6295,140,Vauxhall,VXR8 MALOO,2007,2007,2007,1,itdiag8-dotcom/database (vivid_cars2000.db),added_from_vivid
5930,140,Vauxhall,VXR8 Saloon,2006,2012,2006-2012,5,itdiag8-dotcom/database (vivid_cars2000.db),added_from_vivid
4049,140,Vauxhall,Vectra,2005,2008,2005-2008,0,gor3a/vehicle-makes-models,added_missing
4050,140,Vauxhall,Vectra A,,,,0,DanielKohut/car-data,added_missing
4051,140,Vauxhall,Vectra B,,,,0,DanielKohut/car-data,added_missing
4052,140,Vauxhall,Vectra C,,,,0,DanielKohut/car-data,added_missing
4053,140,Vauxhall,Vectra Estate VXR,2005,2008,2005-2008,0,gor3a/vehicle-makes-models,added_missing
4054,140,Vauxhall,Vectra Saloon,2005,2008,2005-2008,0,gor3a/vehicle-makes-models,added_missing
4055,140,Vauxhall,Vectra VXR,2005,2008,2005-2008,0,gor3a/vehicle-makes-models,added_missing
4056,140,Vauxhall,Viva,2015,2019,2015-2019,0,gor3a/vehicle-makes-models,added_missing
4057,140,Vauxhall,Viva (new),,,,0,DanielKohut/car-data,added_missing
4058,140,Vauxhall,Viva (old),,,,0,DanielKohut/car-data,added_missing
4059,140,Vauxhall,Vivaro A,,,,0,DanielKohut/car-data,added_missing
4060,140,Vauxhall,Vivaro B,,,,0,DanielKohut/car-data,added_missing
4061,140,Vauxhall,Vivaro C,,,,0,DanielKohut/car-data,added_missing
4841,140,Vauxhall,ZAFIRA Mk I (A) (F75),2000,2002,2000-2002,5,itdiag8-dotcom/database (vivid_cars2000.db),added_from_vivid
4600,140,Vauxhall,ZAFIRA Mk II (B) (M75),2004,2012,2004-2012,19,itdiag8-dotcom/database (vivid_cars2000.db),added_from_vivid
4866,140,Vauxhall,ZAFIRA Mk III (P12),2010,2013,2010-2013,19,itdiag8-dotcom/database (vivid_cars2000.db),added_from_vivid
4064,140,Vauxhall,Zafira,2006,2006,2006,1,original_db,existing
4065,140,Vauxhall,Zafira A,,,,0,DanielKohut/car-data,added_missing
4066,140,Vauxhall,Zafira B,,,,0,DanielKohut/car-data,added_missing
4067,140,Vauxhall,Zafira C (Tourer),,,,0,DanielKohut/car-data,added_missing
4068,140,Vauxhall,Zafira Life,,,,0,DanielKohut/car-data,added_missing
4069,140,Vauxhall,Zafira VXR,2005,2010,2005-2010,0,gor3a/vehicle-makes-models,added_missing
4070,141,Volga,GAZ-21,,,,0,DanielKohut/car-data,added_missing
4071,141,Volga,GAZ-22,,,,0,DanielKohut/car-data,added_missing
4072,141,Volga,GAZ-24,,,,0,DanielKohut/car-data,added_missing
4073,141,Volga,GAZ-24-10,,,,0,DanielKohut/car-data,added_missing
4074,141,Volga,GAZ-3102,,,,0,DanielKohut/car-data,added_missing
4075,141,Volga,GAZ-3110,,,,0,DanielKohut/car-data,added_missing
4076,141,Volga,GAZ-31105,,,,0,DanielKohut/car-data,added_missing
4077,141,Volga,Siber,,,,0,DanielKohut/car-data,added_missing
4880,142,Volkswagen,"AMAROK (2H_, S1B)",2009,2011,2009-2011,7,itdiag8-dotcom/database (vivid_cars2000.db),added_from_vivid
4078,142,Volkswagen,Amarok,2010,2012,2010-2012,13,original_db,existing
4079,142,Volkswagen,Ameo,2016,2020,2016-2020,0,gor3a/vehicle-makes-models,added_missing
4080,142,Volkswagen,Arteon,2017,2026,2017-2026,0,gor3a/vehicle-makes-models,added_missing
4081,142,Volkswagen,Arteon Shooting Brake,2020,2026,2020-2026,0,gor3a/vehicle-makes-models,added_missing
4082,142,Volkswagen,Atlas,2017,2026,2017-2026,0,gor3a/vehicle-makes-models,added_missing
4083,142,Volkswagen,Atlas Cross Sport,2019,2026,2019-2026,0,gor3a/vehicle-makes-models,added_missing
4832,142,Volkswagen,BEETLE (5C1),2010,2013,2010-2013,21,itdiag8-dotcom/database (vivid_cars2000.db),added_from_vivid
6318,142,Volkswagen,BEETLE Convertible (5C7),2011,2013,2011-2013,18,itdiag8-dotcom/database (vivid_cars2000.db),added_from_vivid
4719,142,Volkswagen,BORA (1J2),2000,2002,2000-2002,26,itdiag8-dotcom/database (vivid_cars2000.db),added_from_vivid
4986,142,Volkswagen,BORA Estate (1J6),2000,2003,2000-2003,24,itdiag8-dotcom/database (vivid_cars2000.db),added_from_vivid
4084,142,Volkswagen,Beetle,2011,2019,2011-2014,33,original_db,existing
4085,142,Volkswagen,Beetle (Classic),,,,0,DanielKohut/car-data,added_missing
4086,142,Volkswagen,Beetle A5,,,,0,DanielKohut/car-data,added_missing
4087,142,Volkswagen,Beetle Cabrio,2003,2019,2003-2019,0,gor3a/vehicle-makes-models,added_missing
4088,142,Volkswagen,Bora,1998,2009,1998-2009,58,original_db,existing
5185,142,Volkswagen,CADDY II Box (9K9A),2000,2000,2000,1,itdiag8-dotcom/database (vivid_cars2000.db),added_from_vivid
5485,142,Volkswagen,CADDY II Estate (9K9B),2000,2000,2000,1,itdiag8-dotcom/database (vivid_cars2000.db),added_from_vivid
4399,142,Volkswagen,"CADDY III Box (2KA, 2KH, 2CA, 2CH)",2003,2011,2003-2011,24,itdiag8-dotcom/database (vivid_cars2000.db),added_from_vivid
4785,142,Volkswagen,"CADDY III Estate (2KB, 2KJ, 2CB, 2CJ)",2003,2011,2003-2011,24,itdiag8-dotcom/database (vivid_cars2000.db),added_from_vivid
4091,142,Volkswagen,CC,2009,2017,2012-2017,0,gor3a/vehicle-makes-models,added_missing
5877,142,Volkswagen,CC (358),2010,2011,2010-2011,13,itdiag8-dotcom/database (vivid_cars2000.db),added_from_vivid
4787,142,Volkswagen,CRAFTER 30-35 Bus (2E_),2005,2012,2005-2012,13,itdiag8-dotcom/database (vivid_cars2000.db),added_from_vivid
4788,142,Volkswagen,CRAFTER 30-50 Box (2E_),2005,2012,2005-2012,13,itdiag8-dotcom/database (vivid_cars2000.db),added_from_vivid
4789,142,Volkswagen,CRAFTER 30-50 Platform/Chassis (2F_),2005,2012,2005-2012,13,itdiag8-dotcom/database (vivid_cars2000.db),added_from_vivid
4089,142,Volkswagen,Caddy,1995,2012,1995-2012,37,original_db,existing
4090,142,Volkswagen,California,1996,2009,1996-2009,21,original_db,existing
4092,142,Volkswagen,City Jetta,1999,2001,1999-2001,3,original_db,existing
4094,142,Volkswagen,Crafter,2006,2011,2006-2011,12,original_db,existing
4095,142,Volkswagen,Cross UP!,2013,2019,2013-2019,0,gor3a/vehicle-makes-models,added_missing
4096,142,Volkswagen,Crossfox,2006,2014,2006-2014,3,original_db,existing
4728,142,Volkswagen,"EOS (1F7, 1F8)",2005,2012,2005-2012,23,itdiag8-dotcom/database (vivid_cars2000.db),added_from_vivid
4100,142,Volkswagen,Eos,2006,2016,2006-2010,22,original_db,existing
5500,142,Volkswagen,"FOX (5Z1, 5Z3)",2003,2009,2003-2009,11,itdiag8-dotcom/database (vivid_cars2000.db),added_from_vivid
4101,142,Volkswagen,Fox,2003,2014,2003-2014,17,original_db,existing
6802,142,Volkswagen,GLI,2008,2009,2008,1,lemon.dogeware.me LEMON 2015,active
4727,142,Volkswagen,GOL III,2002,2002,2002,1,itdiag8-dotcom/database (vivid_cars2000.db),added_from_vivid
4726,142,Volkswagen,GOL IV,2004,2004,2004,2,itdiag8-dotcom/database (vivid_cars2000.db),added_from_vivid
6558,142,Volkswagen,GOLF ALLTRACK (BA5),2013,2013,2013,5,itdiag8-dotcom/database (vivid_cars2000.db),added_from_vivid
4991,142,Volkswagen,GOLF IV (1J1),2000,2003,2000-2003,20,itdiag8-dotcom/database (vivid_cars2000.db),added_from_vivid
4992,142,Volkswagen,GOLF IV Variant (1J5),2000,2002,2000-2002,20,itdiag8-dotcom/database (vivid_cars2000.db),added_from_vivid
4408,142,Volkswagen,"GOLF PLUS (5M1, 521)",2004,2009,2004-2009,42,itdiag8-dotcom/database (vivid_cars2000.db),added_from_vivid
5378,142,Volkswagen,GOLF V (1K1),2003,2006,2003-2006,50,itdiag8-dotcom/database (vivid_cars2000.db),added_from_vivid
5712,142,Volkswagen,GOLF V Variant (1K5),2006,2007,2006-2007,21,itdiag8-dotcom/database (vivid_cars2000.db),added_from_vivid
4410,142,Volkswagen,GOLF VI (5K1),2007,2010,2007-2010,36,itdiag8-dotcom/database (vivid_cars2000.db),added_from_vivid
4565,142,Volkswagen,GOLF VI Convertible (517),2010,2012,2010-2012,15,itdiag8-dotcom/database (vivid_cars2000.db),added_from_vivid
4503,142,Volkswagen,GOLF VI Variant (AJ5),2008,2009,2008-2009,24,itdiag8-dotcom/database (vivid_cars2000.db),added_from_vivid
6193,142,Volkswagen,"GOLF VII (5G1, BE1)",2011,2012,2011-2012,39,itdiag8-dotcom/database (vivid_cars2000.db),added_from_vivid
5879,142,Volkswagen,GOLF VII Estate (BA5),2012,2013,2012-2013,25,itdiag8-dotcom/database (vivid_cars2000.db),added_from_vivid
6640,142,Volkswagen,GTI,2005,2024,2015,1,lemon.dogeware.me LEMON 2015,active
4102,142,Volkswagen,Gol,2002,2014,2002-2014,19,original_db,existing
4103,142,Volkswagen,Golf,1995,2025,1995-2015,243,original_db,existing
4104,142,Volkswagen,Golf Alltrack,2014,2026,2014-2026,0,gor3a/vehicle-makes-models,added_missing
4105,142,Volkswagen,Golf Cabrio,1993,2016,1993-2016,0,gor3a/vehicle-makes-models,added_missing
4106,142,Volkswagen,Golf GTD Variant,2015,2021,2015-2021,0,gor3a/vehicle-makes-models,added_missing
4107,142,Volkswagen,Golf GTI / GTD / GTE,1976,2026,1976-2026,0,gor3a/vehicle-makes-models,added_missing
4108,142,Volkswagen,Golf GTI cabrio,2012,2015,2012-2015,0,gor3a/vehicle-makes-models,added_missing
4109,142,Volkswagen,Golf I (Mk1),,,,0,DanielKohut/car-data,added_missing
4110,142,Volkswagen,Golf II (Mk2),,,,0,DanielKohut/car-data,added_missing
4111,142,Volkswagen,Golf III (Mk3),,,,0,DanielKohut/car-data,added_missing
4112,142,Volkswagen,Golf IV (Mk4),,,,0,DanielKohut/car-data,added_missing
4113,142,Volkswagen,Golf Plus,2007,2011,2007-2011,30,original_db,existing
4114,142,Volkswagen,Golf R,2002,2026,2002-2026,0,gor3a/vehicle-makes-models,added_missing
4115,142,Volkswagen,Golf R Cabrio,2013,2017,2013-2017,0,gor3a/vehicle-makes-models,added_missing
4116,142,Volkswagen,Golf R Variant,2015,2026,2015-2026,0,gor3a/vehicle-makes-models,added_missing
4117,142,Volkswagen,Golf Sportsvan,2014,2020,2014-2020,0,gor3a/vehicle-makes-models,added_missing
4118,142,Volkswagen,Golf V (Mk5),,,,0,DanielKohut/car-data,added_missing
4120,142,Volkswagen,Golf VI (Mk6),,,,0,DanielKohut/car-data,added_missing
4121,142,Volkswagen,Golf VII (Mk7),,,,0,DanielKohut/car-data,added_missing
4122,142,Volkswagen,Golf VIII (Mk8),,,,0,DanielKohut/car-data,added_missing
4119,142,Volkswagen,Golf Variant,1993,2026,1993-2026,0,gor3a/vehicle-makes-models,added_missing
4123,142,Volkswagen,ID. Buzz,2023,2026,2023-2026,0,gor3a/vehicle-makes-models,added_missing
4124,142,Volkswagen,ID.3,2020,2026,2020-2026,0,gor3a/vehicle-makes-models,added_missing
4125,142,Volkswagen,ID.3 GTX,2024,2026,2024-2026,0,gor3a/vehicle-makes-models,added_missing
4126,142,Volkswagen,ID.4,2020,2026,2020-2026,0,gor3a/vehicle-makes-models,added_missing
4127,142,Volkswagen,ID.5,2021,2026,2021-2026,0,gor3a/vehicle-makes-models,added_missing
4128,142,Volkswagen,ID.5 GTX,2021,2026,2021-2026,0,gor3a/vehicle-makes-models,added_missing
4129,142,Volkswagen,ID.7,2023,2026,2023-2026,0,gor3a/vehicle-makes-models,added_missing
4130,142,Volkswagen,ID.7 GTX,2024,2026,2024-2026,0,gor3a/vehicle-makes-models,added_missing
4131,142,Volkswagen,ID.7 GTX Tourer,2024,2026,2024-2026,0,gor3a/vehicle-makes-models,added_missing
4132,142,Volkswagen,ID.7 Tourer,2024,2026,2024-2026,0,gor3a/vehicle-makes-models,added_missing
4133,142,Volkswagen,ID.Buzz,,,,0,DanielKohut/car-data,added_missing
4134,142,Volkswagen,ID.Polo GTI,2026,2026,2026-2026,0,gor3a/vehicle-makes-models,added_missing
4819,142,Volkswagen,JETTA III (1K2),2004,2008,2004-2008,41,itdiag8-dotcom/database (vivid_cars2000.db),added_from_vivid
4491,142,Volkswagen,"JETTA IV (162, 163)",2009,2012,2009-2012,31,itdiag8-dotcom/database (vivid_cars2000.db),added_from_vivid
4135,142,Volkswagen,Jetta,1996,2025,1996-2014,89,original_db,existing
4136,142,Volkswagen,Jetta / Vento / Bora,1992,2026,1992-2026,0,gor3a/vehicle-makes-models,added_missing
4137,142,Volkswagen,Jetta GLI,2021,2026,2021-2026,0,gor3a/vehicle-makes-models,added_missing
4138,142,Volkswagen,Jetta I,,,,0,DanielKohut/car-data,added_missing
4139,142,Volkswagen,Jetta II,,,,0,DanielKohut/car-data,added_missing
4140,142,Volkswagen,Jetta III,,,,0,DanielKohut/car-data,added_missing
4141,142,Volkswagen,Jetta IV,,,,0,DanielKohut/car-data,added_missing
4142,142,Volkswagen,Jetta V,,,,0,DanielKohut/car-data,added_missing
4143,142,Volkswagen,Jetta VI,,,,0,DanielKohut/car-data,added_missing
4144,142,Volkswagen,Jetta VII,,,,0,DanielKohut/car-data,added_missing
4145,142,Volkswagen,Kombi,2004,2009,2004-2009,3,original_db,existing
5242,142,Volkswagen,"LT 28-35 II Bus (2DB, 2DE, 2DK)",2001,2001,2001,4,itdiag8-dotcom/database (vivid_cars2000.db),added_from_vivid
5243,142,Volkswagen,"LT 28-46 II Box (2DA, 2DD, 2DH)",2001,2002,2001-2002,4,itdiag8-dotcom/database (vivid_cars2000.db),added_from_vivid
5244,142,Volkswagen,"LT 28-46 II Platform/Chassis (2DC, 2DF, 2DG, 2DL, 2DM)",2001,2002,2001-2002,4,itdiag8-dotcom/database (vivid_cars2000.db),added_from_vivid
5084,142,Volkswagen,"LUPO (6X1, 6E1)",2000,2001,2000-2001,3,itdiag8-dotcom/database (vivid_cars2000.db),added_from_vivid
4146,142,Volkswagen,Lavida,2009,2009,2009,1,original_db,existing
4147,142,Volkswagen,Lt,1999,2009,1999-2009,15,original_db,existing
4148,142,Volkswagen,Lupo,1998,2002,1998-2002,19,original_db,existing
4393,142,Volkswagen,"MULTIVAN V (7HM, 7HN, 7HF, 7EF, 7EM, 7EN)",2002,2011,2002-2011,27,itdiag8-dotcom/database (vivid_cars2000.db),added_from_vivid
4149,142,Volkswagen,Magotan,2007,2007,2007,2,original_db,existing
4150,142,Volkswagen,Multivan,2004,2009,2004-2009,10,original_db,existing
5052,142,Volkswagen,"NEW BEETLE (9C1, 1C1)",2000,2004,2000-2004,12,itdiag8-dotcom/database (vivid_cars2000.db),added_from_vivid
5353,142,Volkswagen,NEW BEETLE Convertible (1Y7),2002,2004,2002-2004,13,itdiag8-dotcom/database (vivid_cars2000.db),added_from_vivid
6801,142,Volkswagen,New,2005,2009,2005,1,lemon.dogeware.me LEMON 2015,active
4151,142,Volkswagen,New Beetle,1998,2005,1998-2005,30,original_db,existing
4152,142,Volkswagen,Nivus,2020,2026,2020-2026,0,gor3a/vehicle-makes-models,added_missing
5668,142,Volkswagen,PARATI III,2002,2002,2002,2,itdiag8-dotcom/database (vivid_cars2000.db),added_from_vivid
4729,142,Volkswagen,PARATI IV,2003,2003,2003,1,itdiag8-dotcom/database (vivid_cars2000.db),added_from_vivid
4305,142,Volkswagen,PASSAT (362),2009,2012,2009-2012,15,itdiag8-dotcom/database (vivid_cars2000.db),added_from_vivid
4425,142,Volkswagen,PASSAT (3B2),2000,2000,2000,4,itdiag8-dotcom/database (vivid_cars2000.db),added_from_vivid
5103,142,Volkswagen,PASSAT (3B3),2000,2003,2000-2003,24,itdiag8-dotcom/database (vivid_cars2000.db),added_from_vivid
5489,142,Volkswagen,PASSAT (3C2),2004,2008,2004-2008,43,itdiag8-dotcom/database (vivid_cars2000.db),added_from_vivid
6465,142,Volkswagen,PASSAT (3G2),2012,2013,2012-2013,6,itdiag8-dotcom/database (vivid_cars2000.db),added_from_vivid
5953,142,Volkswagen,PASSAT ALLTRACK (365),2011,2012,2011-2012,6,itdiag8-dotcom/database (vivid_cars2000.db),added_from_vivid
4828,142,Volkswagen,PASSAT CC (357),2007,2010,2007-2010,27,itdiag8-dotcom/database (vivid_cars2000.db),added_from_vivid
4306,142,Volkswagen,PASSAT Variant (365),2009,2012,2009-2012,15,itdiag8-dotcom/database (vivid_cars2000.db),added_from_vivid
5272,142,Volkswagen,PASSAT Variant (3B5),2000,2000,2000,4,itdiag8-dotcom/database (vivid_cars2000.db),added_from_vivid
5104,142,Volkswagen,PASSAT Variant (3B6),2000,2003,2000-2003,23,itdiag8-dotcom/database (vivid_cars2000.db),added_from_vivid
4448,142,Volkswagen,PASSAT Variant (3C5),2004,2008,2004-2008,42,itdiag8-dotcom/database (vivid_cars2000.db),added_from_vivid
6466,142,Volkswagen,PASSAT Variant (3G5),2012,2013,2012-2013,6,itdiag8-dotcom/database (vivid_cars2000.db),added_from_vivid
5304,142,Volkswagen,PHAETON (3D_),2002,2012,2002-2012,17,itdiag8-dotcom/database (vivid_cars2000.db),added_from_vivid
5602,142,Volkswagen,POLO (6N2),2000,2000,2000,1,itdiag8-dotcom/database (vivid_cars2000.db),added_from_vivid
4730,142,Volkswagen,"POLO (6R, 6C)",2008,2013,2008-2013,30,itdiag8-dotcom/database (vivid_cars2000.db),added_from_vivid
4753,142,Volkswagen,POLO (9N_),2001,2007,2001-2007,31,itdiag8-dotcom/database (vivid_cars2000.db),added_from_vivid
4882,142,Volkswagen,POLO Saloon,2009,2009,2009,3,itdiag8-dotcom/database (vivid_cars2000.db),added_from_vivid
5422,142,Volkswagen,POLO Saloon (9A4),2002,2003,2002-2003,10,itdiag8-dotcom/database (vivid_cars2000.db),added_from_vivid
4153,142,Volkswagen,Parati,2002,2011,2002-2011,6,original_db,existing
4154,142,Volkswagen,Passat,1994,2022,1994-2015,110,original_db,existing
4155,142,Volkswagen,Passat Alltrack,2012,2023,2012-2023,0,gor3a/vehicle-makes-models,added_missing
4156,142,Volkswagen,Passat B1,,,,0,DanielKohut/car-data,added_missing
4157,142,Volkswagen,Passat B2,,,,0,DanielKohut/car-data,added_missing
4158,142,Volkswagen,Passat B3,,,,0,DanielKohut/car-data,added_missing
4159,142,Volkswagen,Passat B4,,,,0,DanielKohut/car-data,added_missing
4160,142,Volkswagen,Passat B5,,,,0,DanielKohut/car-data,added_missing
4161,142,Volkswagen,Passat B5.5,,,,0,DanielKohut/car-data,added_missing
4162,142,Volkswagen,Passat B6,,,,0,DanielKohut/car-data,added_missing
4163,142,Volkswagen,Passat B7,,,,0,DanielKohut/car-data,added_missing
4164,142,Volkswagen,Passat B8,,,,0,DanielKohut/car-data,added_missing
4165,142,Volkswagen,Passat Cc,2008,2012,2008-2012,26,original_db,existing
4166,142,Volkswagen,Passat GTE,2015,2022,2015-2022,0,gor3a/vehicle-makes-models,added_missing
4167,142,Volkswagen,Passat R,2008,2010,2008-2010,0,gor3a/vehicle-makes-models,added_missing
4168,142,Volkswagen,Passat Variant,1974,2026,1974-2026,0,gor3a/vehicle-makes-models,added_missing
4169,142,Volkswagen,Passat Variant GTE,2015,2023,2015-2023,0,gor3a/vehicle-makes-models,added_missing
4170,142,Volkswagen,Phaeton,2002,2011,2002-2011,17,original_db,existing
4171,142,Volkswagen,Pointer,2005,2005,2005,1,original_db,existing
4172,142,Volkswagen,Polo,1994,2014,1994-2014,88,original_db,existing
4173,142,Volkswagen,Polo BlueGT,2013,2019,2013-2019,0,gor3a/vehicle-makes-models,added_missing
4174,142,Volkswagen,Polo GTI,2005,2026,2005-2026,0,gor3a/vehicle-makes-models,added_missing
4175,142,Volkswagen,Polo I (Mk1),,,,0,DanielKohut/car-data,added_missing
4176,142,Volkswagen,Polo II (Mk2),,,,0,DanielKohut/car-data,added_missing
4177,142,Volkswagen,Polo III (Mk3),,,,0,DanielKohut/car-data,added_missing
4178,142,Volkswagen,Polo IV (Mk4),,,,0,DanielKohut/car-data,added_missing
4179,142,Volkswagen,Polo V (Mk5),,,,0,DanielKohut/car-data,added_missing
4181,142,Volkswagen,Polo VI (Mk6),,,,0,DanielKohut/car-data,added_missing
4180,142,Volkswagen,Polo Variant,1997,2001,1997-2001,0,gor3a/vehicle-makes-models,added_missing
4182,142,Volkswagen,Polocross,2005,2010,2005-2010,19,original_db,existing
6803,142,Volkswagen,R32,2008,2008,2008,1,lemon.dogeware.me LEMON 2015,active
4183,142,Volkswagen,Rabbit,2005,2009,2005-2007,4,original_db,existing
4184,142,Volkswagen,Routan,2008,2013,2008-2013,0,gor3a/vehicle-makes-models,added_missing
4821,142,Volkswagen,"SCIROCCO (137, 138)",2007,2012,2007-2012,23,itdiag8-dotcom/database (vivid_cars2000.db),added_from_vivid
4650,142,Volkswagen,"SHARAN (7M8, 7M9, 7M6)",2000,2005,2000-2005,8,itdiag8-dotcom/database (vivid_cars2000.db),added_from_vivid
4499,142,Volkswagen,SHARAN (7N),2009,2012,2009-2012,11,itdiag8-dotcom/database (vivid_cars2000.db),added_from_vivid
4185,142,Volkswagen,Sagitar,2005,2013,2005-2013,4,original_db,existing
4187,142,Volkswagen,Saveiro,2002,2009,2002-2009,9,original_db,existing
4188,142,Volkswagen,Scirocco,2008,2011,2008-2011,19,original_db,existing
4189,142,Volkswagen,Scirocco I,,,,0,DanielKohut/car-data,added_missing
4190,142,Volkswagen,Scirocco II,,,,0,DanielKohut/car-data,added_missing
4191,142,Volkswagen,Scirocco III,,,,0,DanielKohut/car-data,added_missing
4192,142,Volkswagen,Scirocco R,2009,2018,2009-2018,0,gor3a/vehicle-makes-models,added_missing
4193,142,Volkswagen,Sharan,1995,2011,1995-2011,23,original_db,existing
4194,142,Volkswagen,Sharan I,,,,0,DanielKohut/car-data,added_missing
4195,142,Volkswagen,Sharan II,,,,0,DanielKohut/car-data,added_missing
4196,142,Volkswagen,Spacefox,2006,2006,2006,1,original_db,existing
4197,142,Volkswagen,T-Cross,2018,2026,2018-2026,0,gor3a/vehicle-makes-models,added_missing
4198,142,Volkswagen,T-Roc,2017,2026,2017-2026,0,gor3a/vehicle-makes-models,added_missing
4199,142,Volkswagen,T-Roc R,2019,2026,2019-2026,0,gor3a/vehicle-makes-models,added_missing
4629,142,Volkswagen,TIGUAN (5N_),2006,2011,2006-2011,28,itdiag8-dotcom/database (vivid_cars2000.db),added_from_vivid
5335,142,Volkswagen,"TOUAREG (7LA, 7L6, 7L7)",2002,2006,2002-2006,30,itdiag8-dotcom/database (vivid_cars2000.db),added_from_vivid
4568,142,Volkswagen,TOUAREG (7P5),2009,2012,2009-2012,16,itdiag8-dotcom/database (vivid_cars2000.db),added_from_vivid
5360,142,Volkswagen,"TOURAN (1T1, 1T2)",2002,2008,2002-2008,32,itdiag8-dotcom/database (vivid_cars2000.db),added_from_vivid
4362,142,Volkswagen,TOURAN (1T3),2009,2012,2009-2012,13,itdiag8-dotcom/database (vivid_cars2000.db),added_from_vivid
5462,142,Volkswagen,TRANSPORTER IV Box (70XA),2000,2000,2000,2,itdiag8-dotcom/database (vivid_cars2000.db),added_from_vivid
5059,142,Volkswagen,"TRANSPORTER IV Bus (70XB, 70XC, 7DB, 7DW)",2000,2000,2000,1,itdiag8-dotcom/database (vivid_cars2000.db),added_from_vivid
5941,142,Volkswagen,TRANSPORTER IV Platform/Chassis (70XD),2000,2000,2000,1,itdiag8-dotcom/database (vivid_cars2000.db),added_from_vivid
5392,142,Volkswagen,"TRANSPORTER V Box (7HA, 7HH, 7EA, 7EH)",2002,2011,2002-2011,27,itdiag8-dotcom/database (vivid_cars2000.db),added_from_vivid
4347,142,Volkswagen,"TRANSPORTER V Bus (7HB, 7HJ, 7EB, 7EJ, 7EF)",2002,2011,2002-2011,27,itdiag8-dotcom/database (vivid_cars2000.db),added_from_vivid
5391,142,Volkswagen,"TRANSPORTER V Platform/Chassis (7JD, 7JE, 7JL, 7JY, 7JZ, 7FD",2002,2011,2002-2011,23,itdiag8-dotcom/database (vivid_cars2000.db),added_from_vivid
4200,142,Volkswagen,Taigo,2021,2026,2021-2026,0,gor3a/vehicle-makes-models,added_missing
4201,142,Volkswagen,Taos,2022,2026,2024-2026,0,gor3a/vehicle-makes-models,added_missing
4202,142,Volkswagen,Tayron,2025,2026,2025-2026,0,gor3a/vehicle-makes-models,added_missing
4203,142,Volkswagen,Tiguan,2007,2024,2007-2011,22,original_db,existing
4204,142,Volkswagen,Tiguan Allspace,2017,2026,2017-2026,0,gor3a/vehicle-makes-models,added_missing
4205,142,Volkswagen,Tiguan I,,,,0,DanielKohut/car-data,added_missing
4206,142,Volkswagen,Tiguan II,,,,0,DanielKohut/car-data,added_missing
4207,142,Volkswagen,Touareg,2002,2017,2002-2014,36,original_db,existing
4208,142,Volkswagen,Touareg I,,,,0,DanielKohut/car-data,added_missing
4209,142,Volkswagen,Touareg II,,,,0,DanielKohut/car-data,added_missing
4210,142,Volkswagen,Touareg III,,,,0,DanielKohut/car-data,added_missing
4211,142,Volkswagen,Touareg R,2020,2026,2020-2026,0,gor3a/vehicle-makes-models,added_missing
4212,142,Volkswagen,Touran,2003,2010,2003-2010,37,original_db,existing
4213,142,Volkswagen,Transporter,1995,2009,1995-2009,22,original_db,existing
4214,142,Volkswagen,Transporter Kombi,2015,2024,2015-2024,0,gor3a/vehicle-makes-models,added_missing
4215,142,Volkswagen,Transporter T1,,,,0,DanielKohut/car-data,added_missing
4216,142,Volkswagen,Transporter T2,,,,0,DanielKohut/car-data,added_missing
4217,142,Volkswagen,Transporter T3,,,,0,DanielKohut/car-data,added_missing
4218,142,Volkswagen,Transporter T4,,,,0,DanielKohut/car-data,added_missing
4219,142,Volkswagen,Transporter T5,,,,0,DanielKohut/car-data,added_missing
4220,142,Volkswagen,Transporter T6,,,,0,DanielKohut/car-data,added_missing
4221,142,Volkswagen,Transporter T7,,,,0,DanielKohut/car-data,added_missing
4222,142,Volkswagen,Up,2011,2014,2011-2014,5,original_db,existing
4225,142,Volkswagen,Vento,1995,2011,1995-2011,21,original_db,existing
4226,142,Volkswagen,Voyage,1996,2012,1996-2012,4,original_db,existing
4227,142,Volkswagen,XL1,2013,2016,2013-2016,0,gor3a/vehicle-makes-models,added_missing
4098,142,Volkswagen,e-Golf,2014,2021,2014-2021,0,gor3a/vehicle-makes-models,added_missing
4099,142,Volkswagen,e-UP!,2013,2023,2013-2023,0,gor3a/vehicle-makes-models,added_missing
4223,142,Volkswagen,up!,2012,2023,2012-2023,0,gor3a/vehicle-makes-models,added_missing
4224,142,Volkswagen,up! GTI,2018,2023,2018-2023,0,gor3a/vehicle-makes-models,added_missing
4255,143,Volvo,C30,2005,2009,2005-2009,8,original_db,existing
4256,143,Volvo,C40,2021,2026,2021-2026,0,gor3a/vehicle-makes-models,added_missing
4257,143,Volvo,C70,1998,2009,1998-2009,13,original_db,existing
4258,143,Volvo,C70 / C30,2012,2012,2012-2012,0,plowman/open-vehicle-db,added_missing
5260,143,Volvo,C70 I Convertible,2000,2002,2000-2002,3,itdiag8-dotcom/database (vivid_cars2000.db),added_from_vivid
5259,143,Volvo,C70 I Coupe,2000,2000,2000,1,itdiag8-dotcom/database (vivid_cars2000.db),added_from_vivid
4506,143,Volvo,C70 II Convertible,2005,2009,2005-2009,10,itdiag8-dotcom/database (vivid_cars2000.db),added_from_vivid
4259,143,Volvo,Cab Behind Engine,1986,2027,1986-2027,0,plowman/open-vehicle-db,added_missing
4260,143,Volvo,Cab Over Engine HT,1986,2027,1986-2027,0,plowman/open-vehicle-db,added_missing
4261,143,Volvo,Cab Over Engine LT,1986,2027,1986-2027,0,plowman/open-vehicle-db,added_missing
4262,143,Volvo,EC40,2025,2027,2025-2027,0,plowman/open-vehicle-db,added_missing
4263,143,Volvo,EM90,2023,2026,2023-2026,0,gor3a/vehicle-makes-models,added_missing
4264,143,Volvo,ES90,2025,2026,2025-2026,0,gor3a/vehicle-makes-models,added_missing
4265,143,Volvo,EX30,2023,2026,2023-2026,0,gor3a/vehicle-makes-models,added_missing
4266,143,Volvo,EX30 CC,2026,2027,2026-2027,0,plowman/open-vehicle-db,added_missing
4267,143,Volvo,EX30 Cross Country,2025,2026,2025-2026,0,gor3a/vehicle-makes-models,added_missing
4268,143,Volvo,EX40,2025,2027,2025-2027,0,plowman/open-vehicle-db,added_missing
4269,143,Volvo,EX60,2026,2026,2026-2026,0,gor3a/vehicle-makes-models,added_missing
4270,143,Volvo,EX60 Cross Country,2026,2026,2026-2026,0,gor3a/vehicle-makes-models,added_missing
4271,143,Volvo,EX90,2022,2026,2022-2026,0,gor3a/vehicle-makes-models,added_missing
4272,143,Volvo,F12 w/F7 Cab,1986,2027,1986-2027,0,plowman/open-vehicle-db,added_missing
4273,143,Volvo,F6 w/F7 Cab,1986,2027,1986-2027,0,plowman/open-vehicle-db,added_missing
4275,143,Volvo,S40,1998,2009,1998-2009,9,original_db,existing
5060,143,Volvo,S40 I (VS),2000,2001,2000-2001,8,itdiag8-dotcom/database (vivid_cars2000.db),added_from_vivid
4531,143,Volvo,S40 II (MS),2003,2009,2003-2009,20,itdiag8-dotcom/database (vivid_cars2000.db),added_from_vivid
4276,143,Volvo,S60,2000,2025,2000-2011,12,original_db,existing
4277,143,Volvo,S60 Cross Country,2015,2018,2015-2018,0,gor3a/vehicle-makes-models,added_missing
5085,143,Volvo,S60 I,2000,2004,2000-2004,22,itdiag8-dotcom/database (vivid_cars2000.db),added_from_vivid
4671,143,Volvo,S60 II,2009,2012,2009-2012,21,itdiag8-dotcom/database (vivid_cars2000.db),added_from_vivid
4278,143,Volvo,S60 Polestar,2014,2018,2014-2018,0,gor3a/vehicle-makes-models,added_missing
4279,143,Volvo,S70,1999,2000,1999-2000,3,original_db,existing
4280,143,Volvo,S80,1999,2016,1999-2011,19,original_db,existing
5235,143,Volvo,"S80 I (TS, XY)",2000,2003,2000-2003,10,itdiag8-dotcom/database (vivid_cars2000.db),added_from_vivid
4507,143,Volvo,S80 II (AS),2005,2013,2005-2013,33,itdiag8-dotcom/database (vivid_cars2000.db),added_from_vivid
4281,143,Volvo,S90,1997,2026,1997-2026,0,gor3a/vehicle-makes-models,added_missing
4282,143,Volvo,V40,1998,2012,1998-2012,5,original_db,existing
4283,143,Volvo,V40 Cross Country,2012,2019,2012-2019,0,gor3a/vehicle-makes-models,added_missing
5061,143,Volvo,V40 Estate (VW),2000,2001,2000-2001,5,itdiag8-dotcom/database (vivid_cars2000.db),added_from_vivid
5973,143,Volvo,V40 Hatchback,2011,2012,2011-2012,13,itdiag8-dotcom/database (vivid_cars2000.db),added_from_vivid
4284,143,Volvo,V50,2005,2009,2006-2009,5,original_db,existing
4533,143,Volvo,V50 (MW),2003,2009,2003-2009,20,itdiag8-dotcom/database (vivid_cars2000.db),added_from_vivid
4285,143,Volvo,V60,2010,2025,2010-2011,2,original_db,existing
4286,143,Volvo,V60 Cross Country,2015,2026,2015-2026,0,gor3a/vehicle-makes-models,added_missing
4287,143,Volvo,V60 Polestar,2013,2018,2013-2018,0,gor3a/vehicle-makes-models,added_missing
4288,143,Volvo,V60CC,2015,2027,2015-2027,0,plowman/open-vehicle-db,added_missing
4289,143,Volvo,V70,2001,2012,2001-2012,21,original_db,existing
4999,143,Volvo,V70 II (SW),2000,2004,2000-2004,26,itdiag8-dotcom/database (vivid_cars2000.db),added_from_vivid
4505,143,Volvo,V70 III (BW),2006,2012,2006-2012,30,itdiag8-dotcom/database (vivid_cars2000.db),added_from_vivid
4290,143,Volvo,V90,1997,2025,1997-2025,0,gor3a/vehicle-makes-models,added_missing
4291,143,Volvo,V90 Cross Country,2016,2025,2016-2025,0,gor3a/vehicle-makes-models,added_missing
4292,143,Volvo,V90CC,2017,2027,2017-2027,0,plowman/open-vehicle-db,added_missing
4293,143,Volvo,VS,2019,2027,2019-2027,0,plowman/open-vehicle-db,added_missing
4294,143,Volvo,VT,2019,2027,2019-2027,0,plowman/open-vehicle-db,added_missing
4295,143,Volvo,XC40,2017,2026,2017-2026,0,gor3a/vehicle-makes-models,added_missing
4297,143,Volvo,XC60 Polestar,2018,2021,2018-2021,0,gor3a/vehicle-makes-models,added_missing
4998,143,Volvo,XC70 CROSS COUNTRY,2000,2004,2000-2004,4,itdiag8-dotcom/database (vivid_cars2000.db),added_from_vivid
4668,143,Volvo,XC70 II,2006,2012,2006-2012,16,itdiag8-dotcom/database (vivid_cars2000.db),added_from_vivid
4672,143,Volvo,XC90 I,2002,2011,2002-2011,11,itdiag8-dotcom/database (vivid_cars2000.db),added_from_vivid
6490,143,Volvo,XC90 II,2012,2012,2012,2,itdiag8-dotcom/database (vivid_cars2000.db),added_from_vivid
4296,143,Volvo,Xc60,2008,2015,2008-2015,9,original_db,existing
4298,143,Volvo,Xc70,2001,2011,2001-2011,7,original_db,existing
4299,143,Volvo,Xc90,2006,2010,2006-2010,5,original_db,existing
5006,174,hernr_1138,CABRIO (450),2000,2002,2000-2002,10,itdiag8-dotcom/database (vivid_cars2000.db),added_from_vivid
5157,174,hernr_1138,CITY-COUPE (450),2001,2002,2001-2002,7,itdiag8-dotcom/database (vivid_cars2000.db),added_from_vivid
5310,174,hernr_1138,CROSSBLADE (450),2002,2002,2002,2,itdiag8-dotcom/database (vivid_cars2000.db),added_from_vivid
5423,174,hernr_1138,FORFOUR (454),2003,2004,2003-2004,8,itdiag8-dotcom/database (vivid_cars2000.db),added_from_vivid
6480,174,hernr_1138,FORFOUR Hatchback (453),2012,2013,2012-2013,3,itdiag8-dotcom/database (vivid_cars2000.db),added_from_vivid
5460,174,hernr_1138,FORTWO Cabrio (450),2003,2003,2003,4,itdiag8-dotcom/database (vivid_cars2000.db),added_from_vivid
5710,174,hernr_1138,FORTWO Cabrio (451),2006,2012,2006-2012,6,itdiag8-dotcom/database (vivid_cars2000.db),added_from_vivid
5459,174,hernr_1138,FORTWO Coupe (450),2003,2003,2003,6,itdiag8-dotcom/database (vivid_cars2000.db),added_from_vivid
5709,174,hernr_1138,FORTWO Coupe (451),2006,2012,2006-2012,7,itdiag8-dotcom/database (vivid_cars2000.db),added_from_vivid
6479,174,hernr_1138,FORTWO Coupe (453),2012,2013,2012-2013,3,itdiag8-dotcom/database (vivid_cars2000.db),added_from_vivid
5356,174,hernr_1138,ROADSTER (452),2002,2003,2002-2003,3,itdiag8-dotcom/database (vivid_cars2000.db),added_from_vivid
5357,174,hernr_1138,ROADSTER Coupe (452),2002,2003,2002-2003,4,itdiag8-dotcom/database (vivid_cars2000.db),added_from_vivid
5781,171,hernr_1139,FORZA Hatchback,2012,2012,2012,1,itdiag8-dotcom/database (vivid_cars2000.db),added_from_vivid
5782,171,hernr_1139,FORZA Saloon,2012,2012,2012,1,itdiag8-dotcom/database (vivid_cars2000.db),added_from_vivid
6113,171,hernr_1139,LANOS Hatchback,2003,2003,2003,2,itdiag8-dotcom/database (vivid_cars2000.db),added_from_vivid
4931,171,hernr_1139,LANOS PICK-UP,2003,2003,2003,1,itdiag8-dotcom/database (vivid_cars2000.db),added_from_vivid
6112,171,hernr_1139,LANOS Saloon,2003,2003,2003,2,itdiag8-dotcom/database (vivid_cars2000.db),added_from_vivid
4930,171,hernr_1139,SLAVUTA (1103),2001,2001,2001,2,itdiag8-dotcom/database (vivid_cars2000.db),added_from_vivid
5780,171,hernr_1139,VIDA Hatchback,2011,2011,2011,1,itdiag8-dotcom/database (vivid_cars2000.db),added_from_vivid
6151,171,hernr_1139,VIDA Saloon,2011,2011,2011,1,itdiag8-dotcom/database (vivid_cars2000.db),added_from_vivid
6070,216,hernr_124,10 (188),2004,2004,2004,1,itdiag8-dotcom/database (vivid_cars2000.db),added_from_vivid
6201,216,hernr_124,KORAL,2002,2002,2002,2,itdiag8-dotcom/database (vivid_cars2000.db),added_from_vivid
5634,191,hernr_1280,BOLERO Offroader,2001,2001,2001,1,itdiag8-dotcom/database (vivid_cars2000.db),added_from_vivid
5633,191,hernr_1280,BOLERO Pickup,2002,2002,2002,3,itdiag8-dotcom/database (vivid_cars2000.db),added_from_vivid
5663,191,hernr_1280,MAXX,2000,2000,2000,1,itdiag8-dotcom/database (vivid_cars2000.db),added_from_vivid
5672,191,hernr_1280,QUADRO,2000,2000,2000,1,itdiag8-dotcom/database (vivid_cars2000.db),added_from_vivid
5680,191,hernr_1280,SCORPIO,2002,2002,2002,2,itdiag8-dotcom/database (vivid_cars2000.db),added_from_vivid
5787,204,hernr_1480,A.751,2004,2004,2004,1,itdiag8-dotcom/database (vivid_cars2000.db),added_from_vivid
5599,186,hernr_1490,SEVEN (CF),2000,2012,2000-2012,1,itdiag8-dotcom/database (vivid_cars2000.db),added_from_vivid
5639,173,hernr_1505,CL Coupe,2000,2001,2000-2001,2,itdiag8-dotcom/database (vivid_cars2000.db),added_from_vivid
4954,173,hernr_1505,MDX (YD1),2000,2004,2000-2004,3,itdiag8-dotcom/database (vivid_cars2000.db),added_from_vivid
5885,173,hernr_1505,MDX (YD2),2005,2005,2005,2,itdiag8-dotcom/database (vivid_cars2000.db),added_from_vivid
5896,173,hernr_1505,RDX,2005,2005,2005,1,itdiag8-dotcom/database (vivid_cars2000.db),added_from_vivid
5674,173,hernr_1505,RL,2003,2004,2003-2004,3,itdiag8-dotcom/database (vivid_cars2000.db),added_from_vivid
5676,173,hernr_1505,RSX Coupe (DC_),2001,2004,2001-2004,4,itdiag8-dotcom/database (vivid_cars2000.db),added_from_vivid
5689,173,hernr_1505,TL,2001,2001,2001,1,itdiag8-dotcom/database (vivid_cars2000.db),added_from_vivid
5690,173,hernr_1505,TL (UC_),2003,2004,2003-2004,2,itdiag8-dotcom/database (vivid_cars2000.db),added_from_vivid
5692,173,hernr_1505,TSX (CL_),2003,2004,2003-2004,2,itdiag8-dotcom/database (vivid_cars2000.db),added_from_vivid
5796,181,hernr_1506,HUMMER H2,2002,2007,2002-2007,2,itdiag8-dotcom/database (vivid_cars2000.db),added_from_vivid
5510,181,hernr_1506,HUMMER H2  SUT,2003,2006,2003-2006,2,itdiag8-dotcom/database (vivid_cars2000.db),added_from_vivid
5518,181,hernr_1506,HUMMER H3,2004,2007,2004-2007,4,itdiag8-dotcom/database (vivid_cars2000.db),added_from_vivid
5455,178,hernr_1513,BE UP,2002,2003,2002-2003,2,itdiag8-dotcom/database (vivid_cars2000.db),added_from_vivid
5454,178,hernr_1513,NOVA,2002,2002,2002,2,itdiag8-dotcom/database (vivid_cars2000.db),added_from_vivid
5534,184,hernr_1516,TS 250,2002,2002,2002,1,itdiag8-dotcom/database (vivid_cars2000.db),added_from_vivid
5535,184,hernr_1516,TS 500,2002,2002,2002,1,itdiag8-dotcom/database (vivid_cars2000.db),added_from_vivid
6446,150,hernr_1518,650S Coupe,2012,2012,2012,1,itdiag8-dotcom/database (vivid_cars2000.db),added_from_vivid
6447,150,hernr_1518,650S Spider,2012,2012,2012,1,itdiag8-dotcom/database (vivid_cars2000.db),added_from_vivid
4461,150,hernr_1518,MP4 Coupe,2010,2010,2010,1,itdiag8-dotcom/database (vivid_cars2000.db),added_from_vivid
6322,150,hernr_1518,MP4 SPIDER,2011,2011,2011,1,itdiag8-dotcom/database (vivid_cars2000.db),added_from_vivid
5505,180,hernr_1520,TAXI,2001,2001,2001,1,itdiag8-dotcom/database (vivid_cars2000.db),added_from_vivid
5047,154,hernr_1526,EX,2007,2009,2007-2009,4,itdiag8-dotcom/database (vivid_cars2000.db),added_from_vivid
5511,154,hernr_1526,FX,2007,2012,2007-2012,7,itdiag8-dotcom/database (vivid_cars2000.db),added_from_vivid
6142,154,hernr_1526,G Convertible,2009,2009,2009,1,itdiag8-dotcom/database (vivid_cars2000.db),added_from_vivid
5943,154,hernr_1526,G Coupe,2006,2009,2006-2009,2,itdiag8-dotcom/database (vivid_cars2000.db),added_from_vivid
4861,154,hernr_1526,G Saloon,2002,2002,2002,4,itdiag8-dotcom/database (vivid_cars2000.db),added_from_vivid
4570,154,hernr_1526,M (Y51),2009,2010,2009-2010,3,itdiag8-dotcom/database (vivid_cars2000.db),added_from_vivid
4862,154,hernr_1526,M35,2004,2009,2004-2009,2,itdiag8-dotcom/database (vivid_cars2000.db),added_from_vivid
4863,154,hernr_1526,M37,2009,2009,2009,1,itdiag8-dotcom/database (vivid_cars2000.db),added_from_vivid
5662,154,hernr_1526,M45,2004,2004,2004,1,itdiag8-dotcom/database (vivid_cars2000.db),added_from_vivid
5601,154,hernr_1526,Q45 III (F50),2001,2001,2001,1,itdiag8-dotcom/database (vivid_cars2000.db),added_from_vivid
5886,154,hernr_1526,Q50,2012,2012,2012,1,itdiag8-dotcom/database (vivid_cars2000.db),added_from_vivid
6409,154,hernr_1526,Q60 Convertible,2012,2012,2012,1,itdiag8-dotcom/database (vivid_cars2000.db),added_from_vivid
6408,154,hernr_1526,Q60 Coupe,2012,2012,2012,1,itdiag8-dotcom/database (vivid_cars2000.db),added_from_vivid
6434,154,hernr_1526,Q70 (Y51),2012,2012,2012,3,itdiag8-dotcom/database (vivid_cars2000.db),added_from_vivid
6428,154,hernr_1526,QX50,2012,2012,2012,2,itdiag8-dotcom/database (vivid_cars2000.db),added_from_vivid
5917,154,hernr_1526,QX56,2009,2011,2009-2011,1,itdiag8-dotcom/database (vivid_cars2000.db),added_from_vivid
6427,154,hernr_1526,QX70,2012,2012,2012,2,itdiag8-dotcom/database (vivid_cars2000.db),added_from_vivid
4542,152,hernr_1533,ALZA,2008,2008,2008,1,itdiag8-dotcom/database (vivid_cars2000.db),added_from_vivid
6531,152,hernr_1533,AXIA,2012,2012,2012,1,itdiag8-dotcom/database (vivid_cars2000.db),added_from_vivid
4545,152,hernr_1533,KANCIL,2002,2002,2002,2,itdiag8-dotcom/database (vivid_cars2000.db),added_from_vivid
5922,152,hernr_1533,KELISA (L7_),2002,2003,2002-2003,3,itdiag8-dotcom/database (vivid_cars2000.db),added_from_vivid
5923,152,hernr_1533,KENARI (L9_),2000,2000,2000,1,itdiag8-dotcom/database (vivid_cars2000.db),added_from_vivid
5991,152,hernr_1533,MYVI,2005,2005,2005,2,itdiag8-dotcom/database (vivid_cars2000.db),added_from_vivid
6354,152,hernr_1533,MYVI II,2010,2010,2010,2,itdiag8-dotcom/database (vivid_cars2000.db),added_from_vivid
4541,152,hernr_1533,VIVA,2006,2006,2006,3,itdiag8-dotcom/database (vivid_cars2000.db),added_from_vivid
6548,163,hernr_1553,2206,2012,2012,2012,1,itdiag8-dotcom/database (vivid_cars2000.db),added_from_vivid
4715,163,hernr_1553,HUNTER (3151),2003,2006,2003-2006,2,itdiag8-dotcom/database (vivid_cars2000.db),added_from_vivid
4713,163,hernr_1553,PATRIOT,2003,2005,2003-2005,4,itdiag8-dotcom/database (vivid_cars2000.db),added_from_vivid
4714,163,hernr_1553,PICKUP (2360),2003,2003,2003,2,itdiag8-dotcom/database (vivid_cars2000.db),added_from_vivid
4630,159,hernr_1556,AMERICA,2009,2009,2009,1,itdiag8-dotcom/database (vivid_cars2000.db),added_from_vivid
4631,159,hernr_1556,ASTROLAB,2009,2009,2009,1,itdiag8-dotcom/database (vivid_cars2000.db),added_from_vivid
4632,159,hernr_1556,FETISH,2006,2006,2006,1,itdiag8-dotcom/database (vivid_cars2000.db),added_from_vivid
4701,162,hernr_1558,GT MF4 Coupe,2003,2009,2003-2009,3,itdiag8-dotcom/database (vivid_cars2000.db),added_from_vivid
4703,162,hernr_1558,GT MF5 Coupe,2006,2009,2006-2009,2,itdiag8-dotcom/database (vivid_cars2000.db),added_from_vivid
5436,162,hernr_1558,MF3 Roadster,2003,2003,2003,2,itdiag8-dotcom/database (vivid_cars2000.db),added_from_vivid
4700,162,hernr_1558,MF4 Roadster,2008,2009,2008-2009,3,itdiag8-dotcom/database (vivid_cars2000.db),added_from_vivid
4702,162,hernr_1558,MF5 Roadster,2008,2009,2008-2009,2,itdiag8-dotcom/database (vivid_cars2000.db),added_from_vivid
6382,199,hernr_171,300/350,2005,2005,2005,1,itdiag8-dotcom/database (vivid_cars2000.db),added_from_vivid
5750,199,hernr_171,PS10/ANIBAL,2002,2002,2002,1,itdiag8-dotcom/database (vivid_cars2000.db),added_from_vivid
6383,199,hernr_171,PS10/ANIBAL Pickup,2002,2003,2002-2003,1,itdiag8-dotcom/database (vivid_cars2000.db),added_from_vivid
4635,160,hernr_178,ARIA,2009,2009,2009,1,itdiag8-dotcom/database (vivid_cars2000.db),added_from_vivid
5604,160,hernr_178,INDICA (40_V2),2003,2003,2003,1,itdiag8-dotcom/database (vivid_cars2000.db),added_from_vivid
5474,160,hernr_178,INDIGO (4_V2),2002,2002,2002,2,itdiag8-dotcom/database (vivid_cars2000.db),added_from_vivid
5475,160,hernr_178,INDIGO MARINA (4_V2),2002,2002,2002,2,itdiag8-dotcom/database (vivid_cars2000.db),added_from_vivid
5476,160,hernr_178,SAFARI (42_FD),2003,2006,2003-2006,2,itdiag8-dotcom/database (vivid_cars2000.db),added_from_vivid
6114,160,hernr_178,XENON Pickup,2008,2008,2008,1,itdiag8-dotcom/database (vivid_cars2000.db),added_from_vivid
4649,149,hernr_181,APE CALESSINO Convertible,2006,2006,2006,2,itdiag8-dotcom/database (vivid_cars2000.db),added_from_vivid
4648,149,hernr_181,APE CLASSIC Platform/Chassis,2006,2006,2006,1,itdiag8-dotcom/database (vivid_cars2000.db),added_from_vivid
5456,149,hernr_181,M500,2003,2003,2003,1,itdiag8-dotcom/database (vivid_cars2000.db),added_from_vivid
4643,149,hernr_181,PORTER Box,2010,2010,2010,3,itdiag8-dotcom/database (vivid_cars2000.db),added_from_vivid
4646,149,hernr_181,PORTER Bus,2003,2010,2003-2010,4,itdiag8-dotcom/database (vivid_cars2000.db),added_from_vivid
4639,149,hernr_181,PORTER Dumptruck,2010,2010,2010,3,itdiag8-dotcom/database (vivid_cars2000.db),added_from_vivid
4640,149,hernr_181,PORTER Platform/Chassis,2010,2010,2010,3,itdiag8-dotcom/database (vivid_cars2000.db),added_from_vivid
4433,149,hernr_181,QUARGO Platform/Chassis,2003,2003,2003,1,itdiag8-dotcom/database (vivid_cars2000.db),added_from_vivid
4793,166,hernr_2164,MAYBACH (240_),2002,2010,2002-2010,5,itdiag8-dotcom/database (vivid_cars2000.db),added_from_vivid
6152,222,hernr_2242,FORA,2003,2003,2003,1,itdiag8-dotcom/database (vivid_cars2000.db),added_from_vivid
5516,182,hernr_2589,LANDWIND,2004,2004,2004,5,itdiag8-dotcom/database (vivid_cars2000.db),added_from_vivid
5520,183,hernr_2590,BL Coupe,2004,2004,2004,4,itdiag8-dotcom/database (vivid_cars2000.db),added_from_vivid
5521,183,hernr_2590,CK Saloon,2004,2004,2004,6,itdiag8-dotcom/database (vivid_cars2000.db),added_from_vivid
5822,183,hernr_2590,HISOON Hatchback,2003,2003,2003,1,itdiag8-dotcom/database (vivid_cars2000.db),added_from_vivid
5823,183,hernr_2590,HISOON Saloon,2003,2003,2003,1,itdiag8-dotcom/database (vivid_cars2000.db),added_from_vivid
5522,183,hernr_2590,HQ Hatchback,2004,2004,2004,4,itdiag8-dotcom/database (vivid_cars2000.db),added_from_vivid
5524,183,hernr_2590,HQ SRV,2004,2004,2004,6,itdiag8-dotcom/database (vivid_cars2000.db),added_from_vivid
5523,183,hernr_2590,HQ Sedan,2004,2004,2004,4,itdiag8-dotcom/database (vivid_cars2000.db),added_from_vivid
5824,183,hernr_2590,MARINDO,2004,2004,2004,1,itdiag8-dotcom/database (vivid_cars2000.db),added_from_vivid
6301,183,hernr_2590,MK Hatchback,2011,2011,2011,2,itdiag8-dotcom/database (vivid_cars2000.db),added_from_vivid
6300,183,hernr_2590,MK Saloon,2011,2011,2011,1,itdiag8-dotcom/database (vivid_cars2000.db),added_from_vivid
5525,183,hernr_2590,MR Hatchback,2004,2004,2004,4,itdiag8-dotcom/database (vivid_cars2000.db),added_from_vivid
5526,183,hernr_2590,MR Sedan,2004,2004,2004,8,itdiag8-dotcom/database (vivid_cars2000.db),added_from_vivid
5990,183,hernr_2590,PANDA,2007,2007,2007,1,itdiag8-dotcom/database (vivid_cars2000.db),added_from_vivid
5527,183,hernr_2590,PU,2004,2004,2004,6,itdiag8-dotcom/database (vivid_cars2000.db),added_from_vivid
5825,183,hernr_2590,URBAN NANNY,2003,2003,2003,4,itdiag8-dotcom/database (vivid_cars2000.db),added_from_vivid
5911,183,hernr_2590,VISION,2005,2008,2005-2008,1,itdiag8-dotcom/database (vivid_cars2000.db),added_from_vivid
4606,157,hernr_2755,C12 Coupe,2006,2006,2006,1,itdiag8-dotcom/database (vivid_cars2000.db),added_from_vivid
4609,157,hernr_2755,C8 Aileron,2009,2009,2009,1,itdiag8-dotcom/database (vivid_cars2000.db),added_from_vivid
4607,157,hernr_2755,C8 Coupe,2000,2000,2000,1,itdiag8-dotcom/database (vivid_cars2000.db),added_from_vivid
4608,157,hernr_2755,C8 Spyder,2000,2000,2000,1,itdiag8-dotcom/database (vivid_cars2000.db),added_from_vivid
4896,169,hernr_2760,X-Bow Convertible,2007,2012,2007-2012,2,itdiag8-dotcom/database (vivid_cars2000.db),added_from_vivid
6259,225,hernr_2852,CV6 Hatchback,2008,2008,2008,1,itdiag8-dotcom/database (vivid_cars2000.db),added_from_vivid
6260,225,hernr_2852,STAR Pickup,2010,2010,2010,1,itdiag8-dotcom/database (vivid_cars2000.db),added_from_vivid
5939,211,hernr_2855,DELICIA Bus,2003,2003,2003,1,itdiag8-dotcom/database (vivid_cars2000.db),added_from_vivid
5616,189,hernr_2857,"800 Saloon (E65, TA)",2000,2000,2000,1,itdiag8-dotcom/database (vivid_cars2000.db),added_from_vivid
5736,197,hernr_2863,FUTURE MPV,2001,2003,2001-2003,3,itdiag8-dotcom/database (vivid_cars2000.db),added_from_vivid
5605,188,hernr_2864,EVEREST (25N_),2003,2005,2003-2005,1,itdiag8-dotcom/database (vivid_cars2000.db),added_from_vivid
5607,188,hernr_2864,"FALCON (BF5_, P54, R54_)",2002,2002,2002,1,itdiag8-dotcom/database (vivid_cars2000.db),added_from_vivid
5756,188,hernr_2864,FALCON Pickup (BF_D),2002,2003,2002-2003,1,itdiag8-dotcom/database (vivid_cars2000.db),added_from_vivid
6535,188,hernr_2864,I-MAX MPV,2006,2006,2006,1,itdiag8-dotcom/database (vivid_cars2000.db),added_from_vivid
5610,188,hernr_2864,"LASER / LASER LIDEA (BA_2, BA_3, BA_4, BJ_2)",2000,2000,2000,2,itdiag8-dotcom/database (vivid_cars2000.db),added_from_vivid
5609,188,hernr_2864,"LASER Hatchback (BA_3, BF_3, BF_4, BG_3, BJ_4)",2000,2000,2000,2,itdiag8-dotcom/database (vivid_cars2000.db),added_from_vivid
5611,188,hernr_2864,"LYNX (BJ_2A, BJ_2P)",2001,2002,2001-2002,7,itdiag8-dotcom/database (vivid_cars2000.db),added_from_vivid
5811,206,hernr_2866,SAIBAO 3 Saloon,2004,2004,2004,1,itdiag8-dotcom/database (vivid_cars2000.db),added_from_vivid
5622,190,hernr_2867,ALPHA Box,2002,2002,2002,3,itdiag8-dotcom/database (vivid_cars2000.db),added_from_vivid
5621,190,hernr_2867,ALPHA Bus,2002,2002,2002,3,itdiag8-dotcom/database (vivid_cars2000.db),added_from_vivid
5769,190,hernr_2867,AUMARK MPV (BJ1_),2003,2003,2003,3,itdiag8-dotcom/database (vivid_cars2000.db),added_from_vivid
5768,190,hernr_2867,AUMARK Platform/Chassis (BJ1_),2003,2003,2003,2,itdiag8-dotcom/database (vivid_cars2000.db),added_from_vivid
5770,190,hernr_2867,FORLAND Platform/Chassis (BJ1_),2004,2004,2004,3,itdiag8-dotcom/database (vivid_cars2000.db),added_from_vivid
5681,190,hernr_2867,SEA LION Bus,2001,2001,2001,1,itdiag8-dotcom/database (vivid_cars2000.db),added_from_vivid
5771,190,hernr_2867,"SUP Platform/Chassis (BJ2_, BJ6_)",2003,2003,2003,3,itdiag8-dotcom/database (vivid_cars2000.db),added_from_vivid
5685,190,hernr_2867,SURF,2000,2000,2000,2,itdiag8-dotcom/database (vivid_cars2000.db),added_from_vivid
5686,190,hernr_2867,SURFING,2003,2003,2003,2,itdiag8-dotcom/database (vivid_cars2000.db),added_from_vivid
5687,190,hernr_2867,T SERIE Platform/Chassis,2003,2003,2003,8,itdiag8-dotcom/database (vivid_cars2000.db),added_from_vivid
5772,190,hernr_2867,VIEW Bus (BJ6_),2002,2002,2002,1,itdiag8-dotcom/database (vivid_cars2000.db),added_from_vivid
5773,190,hernr_2867,VIEW MPV (BJ5_),2002,2002,2002,1,itdiag8-dotcom/database (vivid_cars2000.db),added_from_vivid
5812,151,hernr_2887,A1,2006,2006,2006,1,itdiag8-dotcom/database (vivid_cars2000.db),added_from_vivid
4912,151,hernr_2887,A3 Hatchback,2008,2009,2008-2009,3,itdiag8-dotcom/database (vivid_cars2000.db),added_from_vivid
4911,151,hernr_2887,A3 Saloon,2007,2009,2007-2009,4,itdiag8-dotcom/database (vivid_cars2000.db),added_from_vivid
5617,151,hernr_2887,A5,2005,2005,2005,3,itdiag8-dotcom/database (vivid_cars2000.db),added_from_vivid
6555,151,hernr_2887,CRISTAL Hatchback,2012,2012,2012,1,itdiag8-dotcom/database (vivid_cars2000.db),added_from_vivid
6556,151,hernr_2887,CRISTAL Saloon,2012,2012,2012,1,itdiag8-dotcom/database (vivid_cars2000.db),added_from_vivid
4904,151,hernr_2887,E5,2010,2010,2010,1,itdiag8-dotcom/database (vivid_cars2000.db),added_from_vivid
4528,151,hernr_2887,EASTAR CROSS,2006,2006,2006,1,itdiag8-dotcom/database (vivid_cars2000.db),added_from_vivid
4539,151,hernr_2887,FULWIN Hatchback,2005,2005,2005,1,itdiag8-dotcom/database (vivid_cars2000.db),added_from_vivid
4556,151,hernr_2887,FULWIN Saloon,2005,2005,2005,1,itdiag8-dotcom/database (vivid_cars2000.db),added_from_vivid
4527,151,hernr_2887,Q21 Bus,2010,2010,2010,1,itdiag8-dotcom/database (vivid_cars2000.db),added_from_vivid
6546,151,hernr_2887,Q22 Bus,2009,2012,2009-2012,3,itdiag8-dotcom/database (vivid_cars2000.db),added_from_vivid
5813,151,hernr_2887,QIYUN,2003,2007,2003-2007,3,itdiag8-dotcom/database (vivid_cars2000.db),added_from_vivid
4908,151,hernr_2887,QIYUN 2,2009,2009,2009,1,itdiag8-dotcom/database (vivid_cars2000.db),added_from_vivid
4909,151,hernr_2887,QIYUN 3,2009,2009,2009,3,itdiag8-dotcom/database (vivid_cars2000.db),added_from_vivid
4975,151,hernr_2887,QIYUN 5,2011,2011,2011,1,itdiag8-dotcom/database (vivid_cars2000.db),added_from_vivid
5814,151,hernr_2887,QQ3,2003,2005,2003-2005,3,itdiag8-dotcom/database (vivid_cars2000.db),added_from_vivid
4515,151,hernr_2887,QQ6,2005,2005,2005,1,itdiag8-dotcom/database (vivid_cars2000.db),added_from_vivid
4894,151,hernr_2887,TIGGO,2009,2011,2009-2011,14,itdiag8-dotcom/database (vivid_cars2000.db),added_from_vivid
4906,151,hernr_2887,TIGGO 3,2006,2008,2006-2008,3,itdiag8-dotcom/database (vivid_cars2000.db),added_from_vivid
4907,151,hernr_2887,TIGGO DR,2008,2008,2008,1,itdiag8-dotcom/database (vivid_cars2000.db),added_from_vivid
6554,151,hernr_2887,TRANSCAB,2011,2011,2011,1,itdiag8-dotcom/database (vivid_cars2000.db),added_from_vivid
6553,151,hernr_2887,TRANSCAR,2011,2011,2011,1,itdiag8-dotcom/database (vivid_cars2000.db),added_from_vivid
4574,151,hernr_2887,V2 Bus,2006,2006,2006,2,itdiag8-dotcom/database (vivid_cars2000.db),added_from_vivid
5695,151,hernr_2887,V5 MPV,2005,2005,2005,2,itdiag8-dotcom/database (vivid_cars2000.db),added_from_vivid
5755,151,hernr_2887,X1 Hatchback,2009,2009,2009,1,itdiag8-dotcom/database (vivid_cars2000.db),added_from_vivid
6111,220,hernr_2888,HAISE VI Bus,2007,2007,2007,1,itdiag8-dotcom/database (vivid_cars2000.db),added_from_vivid
5638,192,hernr_2901,CITY COURSER,2003,2003,2003,8,itdiag8-dotcom/database (vivid_cars2000.db),added_from_vivid
5742,192,hernr_2901,ELEGANTEST,2002,2003,2002-2003,4,itdiag8-dotcom/database (vivid_cars2000.db),added_from_vivid
5671,192,hernr_2901,PICK UP,2003,2003,2003,5,itdiag8-dotcom/database (vivid_cars2000.db),added_from_vivid
5643,193,hernr_2902,COXSWAIN,2003,2003,2003,1,itdiag8-dotcom/database (vivid_cars2000.db),added_from_vivid
5654,193,hernr_2902,JETSTAR,2003,2003,2003,1,itdiag8-dotcom/database (vivid_cars2000.db),added_from_vivid
5656,193,hernr_2902,KYLIN,2003,2003,2003,1,itdiag8-dotcom/database (vivid_cars2000.db),added_from_vivid
5691,193,hernr_2902,TROY Platform/Chassis,2003,2003,2003,2,itdiag8-dotcom/database (vivid_cars2000.db),added_from_vivid
5699,193,hernr_2902,VICTOR,2002,2002,2002,1,itdiag8-dotcom/database (vivid_cars2000.db),added_from_vivid
6082,172,hernr_2903,COOLBEAR MPV,2008,2008,2008,1,itdiag8-dotcom/database (vivid_cars2000.db),added_from_vivid
5646,172,hernr_2903,DEER Platform/Chassis,2000,2000,2000,1,itdiag8-dotcom/database (vivid_cars2000.db),added_from_vivid
4932,172,hernr_2903,FENGJUN 5 Pickup,2010,2012,2010-2012,2,itdiag8-dotcom/database (vivid_cars2000.db),added_from_vivid
5653,172,hernr_2903,HOVER,2005,2007,2005-2007,2,itdiag8-dotcom/database (vivid_cars2000.db),added_from_vivid
6018,172,hernr_2903,HOVER H3 Closed Off-Road Vehicle,2008,2008,2008,2,itdiag8-dotcom/database (vivid_cars2000.db),added_from_vivid
4933,172,hernr_2903,HOVER H5,2009,2012,2009-2012,3,itdiag8-dotcom/database (vivid_cars2000.db),added_from_vivid
6024,172,hernr_2903,HOVER M4,2011,2012,2011-2012,2,itdiag8-dotcom/database (vivid_cars2000.db),added_from_vivid
5664,172,hernr_2903,MONSTER Platform/Chassis,2000,2000,2000,1,itdiag8-dotcom/database (vivid_cars2000.db),added_from_vivid
5669,172,hernr_2903,PEGASUS,2003,2003,2003,1,itdiag8-dotcom/database (vivid_cars2000.db),added_from_vivid
5679,172,hernr_2903,SAILING Platform/Chassis,2002,2002,2002,5,itdiag8-dotcom/database (vivid_cars2000.db),added_from_vivid
5684,172,hernr_2903,SING,2003,2003,2003,2,itdiag8-dotcom/database (vivid_cars2000.db),added_from_vivid
5940,172,hernr_2903,STEED Pickup,2005,2012,2005-2012,2,itdiag8-dotcom/database (vivid_cars2000.db),added_from_vivid
6035,172,hernr_2903,TENGYI C10 Hatchback,2009,2009,2009,1,itdiag8-dotcom/database (vivid_cars2000.db),added_from_vivid
5938,172,hernr_2903,TENGYI C20R Hatchback,2012,2012,2012,1,itdiag8-dotcom/database (vivid_cars2000.db),added_from_vivid
6031,172,hernr_2903,TENGYI C30 Saloon,2009,2009,2009,1,itdiag8-dotcom/database (vivid_cars2000.db),added_from_vivid
6032,172,hernr_2903,TENGYI C50 Saloon,2010,2010,2010,1,itdiag8-dotcom/database (vivid_cars2000.db),added_from_vivid
5647,194,hernr_2904,GALUE Saloon (J32),2000,2003,2000-2003,4,itdiag8-dotcom/database (vivid_cars2000.db),added_from_vivid
6148,194,hernr_2904,HIMIKO Convertible (NCEC),2007,2007,2007,2,itdiag8-dotcom/database (vivid_cars2000.db),added_from_vivid
5658,194,hernr_2904,LA SEYDE Convertible,2000,2000,2000,1,itdiag8-dotcom/database (vivid_cars2000.db),added_from_vivid
5657,194,hernr_2904,LA SEYDE Coupe,2000,2000,2000,1,itdiag8-dotcom/database (vivid_cars2000.db),added_from_vivid
5665,194,hernr_2904,NOUERA,2002,2002,2002,2,itdiag8-dotcom/database (vivid_cars2000.db),added_from_vivid
6147,194,hernr_2904,OROCHI,2005,2005,2005,1,itdiag8-dotcom/database (vivid_cars2000.db),added_from_vivid
5673,194,hernr_2904,RAY,2001,2001,2001,1,itdiag8-dotcom/database (vivid_cars2000.db),added_from_vivid
5677,194,hernr_2904,RYOGA,2002,2002,2002,1,itdiag8-dotcom/database (vivid_cars2000.db),added_from_vivid
5700,194,hernr_2904,VIEWT,2004,2004,2004,3,itdiag8-dotcom/database (vivid_cars2000.db),added_from_vivid
5670,195,hernr_2906,PEGASUS MPV,2003,2003,2003,3,itdiag8-dotcom/database (vivid_cars2000.db),added_from_vivid
6110,219,hernr_3035,TIGUAN,2009,2009,2009,2,itdiag8-dotcom/database (vivid_cars2000.db),added_from_vivid
5745,198,hernr_3047,TX,2002,2008,2002-2008,2,itdiag8-dotcom/database (vivid_cars2000.db),added_from_vivid
6269,210,hernr_3070,CITRA,2004,2005,2004-2005,1,itdiag8-dotcom/database (vivid_cars2000.db),added_from_vivid
5926,210,hernr_3070,FORZA,2005,2005,2005,1,itdiag8-dotcom/database (vivid_cars2000.db),added_from_vivid
5924,210,hernr_3070,RIA,2001,2001,2001,2,itdiag8-dotcom/database (vivid_cars2000.db),added_from_vivid
6270,210,hernr_3070,SURIA,2005,2005,2005,1,itdiag8-dotcom/database (vivid_cars2000.db),added_from_vivid
5925,210,hernr_3070,SUTERA,2005,2005,2005,1,itdiag8-dotcom/database (vivid_cars2000.db),added_from_vivid
6297,227,hernr_3071,HAICE Bus,2002,2002,2002,2,itdiag8-dotcom/database (vivid_cars2000.db),added_from_vivid
6306,228,hernr_3076,BS6,2006,2006,2006,2,itdiag8-dotcom/database (vivid_cars2000.db),added_from_vivid
6017,179,hernr_3086,320,2005,2005,2005,1,itdiag8-dotcom/database (vivid_cars2000.db),added_from_vivid
6303,179,hernr_3086,520 Hatchback,2005,2005,2005,2,itdiag8-dotcom/database (vivid_cars2000.db),added_from_vivid
5910,179,hernr_3086,520 Saloon,2005,2005,2005,3,itdiag8-dotcom/database (vivid_cars2000.db),added_from_vivid
6349,179,hernr_3086,620 Saloon,2007,2007,2007,1,itdiag8-dotcom/database (vivid_cars2000.db),added_from_vivid
5502,179,hernr_3086,FENGSHUN MPV,2009,2010,2009-2010,1,itdiag8-dotcom/database (vivid_cars2000.db),added_from_vivid
5987,179,hernr_3086,X60 Closed Off-Road Vehicle,2010,2010,2010,1,itdiag8-dotcom/database (vivid_cars2000.db),added_from_vivid
5980,146,hernr_3122,F0 Hatchback,2007,2007,2007,1,itdiag8-dotcom/database (vivid_cars2000.db),added_from_vivid
4899,146,hernr_3122,F3,2004,2008,2004-2008,3,itdiag8-dotcom/database (vivid_cars2000.db),added_from_vivid
5979,146,hernr_3122,F3R Hatchback,2006,2006,2006,2,itdiag8-dotcom/database (vivid_cars2000.db),added_from_vivid
5981,146,hernr_3122,F6,2007,2007,2007,1,itdiag8-dotcom/database (vivid_cars2000.db),added_from_vivid
5818,146,hernr_3122,FLYER,2001,2003,2001-2003,4,itdiag8-dotcom/database (vivid_cars2000.db),added_from_vivid
4898,146,hernr_3122,G3,2008,2009,2008-2009,3,itdiag8-dotcom/database (vivid_cars2000.db),added_from_vivid
5921,146,hernr_3122,G6 Saloon,2010,2010,2010,2,itdiag8-dotcom/database (vivid_cars2000.db),added_from_vivid
4351,146,hernr_3122,M6,2009,2009,2009,2,itdiag8-dotcom/database (vivid_cars2000.db),added_from_vivid
4897,146,hernr_3122,S6 Closed Off-Road Vehicle,2010,2010,2010,3,itdiag8-dotcom/database (vivid_cars2000.db),added_from_vivid
5989,213,hernr_3124,5 SERIES (E60),2003,2003,2003,1,itdiag8-dotcom/database (vivid_cars2000.db),added_from_vivid
5881,208,hernr_3127,PRIDE Hatchback,2004,2004,2004,2,itdiag8-dotcom/database (vivid_cars2000.db),added_from_vivid
5882,208,hernr_3127,PRIDE Saloon,2004,2004,2004,2,itdiag8-dotcom/database (vivid_cars2000.db),added_from_vivid
5764,201,hernr_3129,ODYSSEY MPV,2008,2008,2008,3,itdiag8-dotcom/database (vivid_cars2000.db),added_from_vivid
4579,155,hernr_3130,FJ CRUISER,2008,2008,2008,1,itdiag8-dotcom/database (vivid_cars2000.db),added_from_vivid
6008,155,hernr_3130,HIGHLANDER,2008,2010,2008-2010,3,itdiag8-dotcom/database (vivid_cars2000.db),added_from_vivid
5993,214,hernr_3133,7,2006,2006,2006,1,itdiag8-dotcom/database (vivid_cars2000.db),added_from_vivid
6087,207,hernr_3137,LAND CRUISER 200,2006,2006,2006,2,itdiag8-dotcom/database (vivid_cars2000.db),added_from_vivid
5815,207,hernr_3137,PRADO,2003,2003,2003,1,itdiag8-dotcom/database (vivid_cars2000.db),added_from_vivid
5761,170,hernr_3141,TEANA (J31),2005,2005,2005,4,itdiag8-dotcom/database (vivid_cars2000.db),added_from_vivid
4905,170,hernr_3141,TEANA (J32),2007,2012,2007-2012,5,itdiag8-dotcom/database (vivid_cars2000.db),added_from_vivid
4923,170,hernr_3141,TIIDA Hatchback (C12),2010,2010,2010,2,itdiag8-dotcom/database (vivid_cars2000.db),added_from_vivid
5762,170,hernr_3141,TIIDA QIDA Hatchback (C11),2004,2004,2004,1,itdiag8-dotcom/database (vivid_cars2000.db),added_from_vivid
5763,170,hernr_3141,TIIDA YIDA Saloon (C11),2004,2004,2004,1,itdiag8-dotcom/database (vivid_cars2000.db),added_from_vivid
5912,209,hernr_3156,SCEO Closed Off-Road Vehicle,2004,2004,2004,1,itdiag8-dotcom/database (vivid_cars2000.db),added_from_vivid
5767,203,hernr_3158,XML,2000,2001,2000-2001,3,itdiag8-dotcom/database (vivid_cars2000.db),added_from_vivid
6106,217,hernr_3208,QM5,2005,2006,2005-2006,3,itdiag8-dotcom/database (vivid_cars2000.db),added_from_vivid
6025,196,hernr_3276,AVALANCHE Estate (VY),2003,2003,2003,1,itdiag8-dotcom/database (vivid_cars2000.db),added_from_vivid
6478,196,hernr_3276,AVALANCHE Estate (VZ),2003,2003,2003,1,itdiag8-dotcom/database (vivid_cars2000.db),added_from_vivid
6026,196,hernr_3276,AVALANCHE Pickup (VY),2003,2003,2003,1,itdiag8-dotcom/database (vivid_cars2000.db),added_from_vivid
6477,196,hernr_3276,AVALANCHE Pickup (VZ),2003,2003,2003,1,itdiag8-dotcom/database (vivid_cars2000.db),added_from_vivid
5678,196,hernr_3276,CLUBSPORT Estate (VF),2012,2012,2012,2,itdiag8-dotcom/database (vivid_cars2000.db),added_from_vivid
6135,196,hernr_3276,CLUBSPORT Saloon (VE),2005,2011,2005-2011,2,itdiag8-dotcom/database (vivid_cars2000.db),added_from_vivid
6503,196,hernr_3276,CLUBSPORT Saloon (VF),2012,2012,2012,1,itdiag8-dotcom/database (vivid_cars2000.db),added_from_vivid
6001,196,hernr_3276,CLUBSPORT Saloon (VX),2000,2000,2000,2,itdiag8-dotcom/database (vivid_cars2000.db),added_from_vivid
6002,196,hernr_3276,CLUBSPORT Saloon (VY),2002,2003,2002-2003,4,itdiag8-dotcom/database (vivid_cars2000.db),added_from_vivid
6003,196,hernr_3276,CLUBSPORT Saloon (VZ),2003,2003,2003,2,itdiag8-dotcom/database (vivid_cars2000.db),added_from_vivid
6476,196,hernr_3276,GRANGE Saloon (VF),2012,2012,2012,1,itdiag8-dotcom/database (vivid_cars2000.db),added_from_vivid
6027,196,hernr_3276,GRANGE Saloon (WH),2000,2000,2000,2,itdiag8-dotcom/database (vivid_cars2000.db),added_from_vivid
6028,196,hernr_3276,GRANGE Saloon (WK),2003,2003,2003,1,itdiag8-dotcom/database (vivid_cars2000.db),added_from_vivid
6029,196,hernr_3276,GRANGE Saloon (WL),2003,2003,2003,2,itdiag8-dotcom/database (vivid_cars2000.db),added_from_vivid
5978,196,hernr_3276,SENATOR Saloon (VF),2012,2012,2012,1,itdiag8-dotcom/database (vivid_cars2000.db),added_from_vivid
6014,215,hernr_3297,FALCON Pickup (BA),2003,2003,2003,1,itdiag8-dotcom/database (vivid_cars2000.db),added_from_vivid
6015,215,hernr_3297,FALCON Pickup (BF),2004,2004,2004,2,itdiag8-dotcom/database (vivid_cars2000.db),added_from_vivid
6013,215,hernr_3297,FALCON Saloon (BA),2003,2003,2003,2,itdiag8-dotcom/database (vivid_cars2000.db),added_from_vivid
6221,224,hernr_3300,V80 Box,2009,2009,2009,2,itdiag8-dotcom/database (vivid_cars2000.db),added_from_vivid
6220,224,hernr_3300,V80 Bus,2009,2009,2009,2,itdiag8-dotcom/database (vivid_cars2000.db),added_from_vivid
4566,147,hernr_3332,EC 7 RV Hatchback,2008,2008,2008,2,itdiag8-dotcom/database (vivid_cars2000.db),added_from_vivid
4412,147,hernr_3332,EC 7 Saloon,2008,2008,2008,4,itdiag8-dotcom/database (vivid_cars2000.db),added_from_vivid
4723,164,hernr_3495,GT,2008,2008,2008,1,itdiag8-dotcom/database (vivid_cars2000.db),added_from_vivid
4610,158,hernr_3497,DR 1,2009,2009,2009,2,itdiag8-dotcom/database (vivid_cars2000.db),added_from_vivid
4611,158,hernr_3497,DR 2,2009,2009,2009,1,itdiag8-dotcom/database (vivid_cars2000.db),added_from_vivid
4612,158,hernr_3497,DR 5,2010,2010,2010,3,itdiag8-dotcom/database (vivid_cars2000.db),added_from_vivid
5765,202,hernr_3514,CITY,2007,2009,2007-2009,1,itdiag8-dotcom/database (vivid_cars2000.db),added_from_vivid
4790,165,hernr_3652,PLUTUS,2009,2009,2009,1,itdiag8-dotcom/database (vivid_cars2000.db),added_from_vivid
6291,226,hernr_3677,HD 5000,2006,2006,2006,1,itdiag8-dotcom/database (vivid_cars2000.db),added_from_vivid
6290,226,hernr_3677,LORIMAS Platform/Chassis,2000,2000,2000,1,itdiag8-dotcom/database (vivid_cars2000.db),added_from_vivid
5753,200,hernr_3697,GX2,2009,2009,2009,2,itdiag8-dotcom/database (vivid_cars2000.db),added_from_vivid
6323,229,hernr_3742,7 Closed Off-Road Vehicle,2010,2010,2010,1,itdiag8-dotcom/database (vivid_cars2000.db),added_from_vivid
6372,230,hernr_3762,B70,2011,2011,2011,1,itdiag8-dotcom/database (vivid_cars2000.db),added_from_vivid
6186,223,hernr_3913,V10,2011,2011,2011,1,itdiag8-dotcom/database (vivid_cars2000.db),added_from_vivid
6537,232,hernr_4176,H5C,2009,2009,2009,2,itdiag8-dotcom/database (vivid_cars2000.db),added_from_vivid
6567,233,hernr_4260,QM3,2012,2012,2012,1,itdiag8-dotcom/database (vivid_cars2000.db),added_from_vivid
6568,233,hernr_4260,QM5,2005,2005,2005,1,itdiag8-dotcom/database (vivid_cars2000.db),added_from_vivid
6563,233,hernr_4260,SM7 (EX2),2003,2003,2003,1,itdiag8-dotcom/database (vivid_cars2000.db),added_from_vivid
6564,233,hernr_4260,SM7 (L47),2010,2010,2010,2,itdiag8-dotcom/database (vivid_cars2000.db),added_from_vivid
5603,187,hernr_609,COBRA Mk IV (291N),2008,2008,2008,2,itdiag8-dotcom/database (vivid_cars2000.db),added_from_vivid
6122,221,hernr_694,MASCOTT Box Body / Estate,2001,2003,2001-2003,6,itdiag8-dotcom/database (vivid_cars2000.db),added_from_vivid
6123,221,hernr_694,MASCOTT Dumptruck,2000,2000,2000,3,itdiag8-dotcom/database (vivid_cars2000.db),added_from_vivid
6121,221,hernr_694,MASCOTT Platform/Chassis,2001,2003,2001-2003,6,itdiag8-dotcom/database (vivid_cars2000.db),added_from_vivid
5895,177,hernr_701,AVENTADOR Convertible,2012,2012,2012,1,itdiag8-dotcom/database (vivid_cars2000.db),added_from_vivid
5909,177,hernr_701,AVENTADOR Coupe,2010,2012,2010-2012,2,itdiag8-dotcom/database (vivid_cars2000.db),added_from_vivid
5382,177,hernr_701,GALLARDO,2003,2011,2003-2011,4,itdiag8-dotcom/database (vivid_cars2000.db),added_from_vivid
5543,177,hernr_701,GALLARDO SPYDER,2004,2010,2004-2010,2,itdiag8-dotcom/database (vivid_cars2000.db),added_from_vivid
5277,177,hernr_701,MURCIÉLAGO,2001,2008,2001-2008,1,itdiag8-dotcom/database (vivid_cars2000.db),added_from_vivid
5466,177,hernr_701,MURCIÉLAGO Roadster,2003,2006,2003-2006,1,itdiag8-dotcom/database (vivid_cars2000.db),added_from_vivid
5017,175,hernr_705,CORNICHE Convertible,2000,2000,2000,1,itdiag8-dotcom/database (vivid_cars2000.db),added_from_vivid
6144,175,hernr_705,GHOST,2007,2007,2007,2,itdiag8-dotcom/database (vivid_cars2000.db),added_from_vivid
6426,175,hernr_705,PARK WARD,2000,2000,2000,1,itdiag8-dotcom/database (vivid_cars2000.db),added_from_vivid
5387,175,hernr_705,PHANTOM,2002,2002,2002,2,itdiag8-dotcom/database (vivid_cars2000.db),added_from_vivid
6153,175,hernr_705,PHANTOM Coupe,2006,2006,2006,1,itdiag8-dotcom/database (vivid_cars2000.db),added_from_vivid
6145,175,hernr_705,PHANTOM Drophead Coupe,2005,2005,2005,1,itdiag8-dotcom/database (vivid_cars2000.db),added_from_vivid
5831,175,hernr_705,WRAITH Coupe,2012,2012,2012,1,itdiag8-dotcom/database (vivid_cars2000.db),added_from_vivid
5794,205,hernr_774,SOLSTICE,2004,2004,2004,1,itdiag8-dotcom/database (vivid_cars2000.db),added_from_vivid
6109,218,hernr_775,LANOS Hatchback,2003,2003,2003,5,itdiag8-dotcom/database (vivid_cars2000.db),added_from_vivid
6108,218,hernr_775,LANOS Saloon,2003,2003,2003,5,itdiag8-dotcom/database (vivid_cars2000.db),added_from_vivid
5229,176,hernr_788,VEYRON EB 16.4,2003,2009,2003-2009,1,itdiag8-dotcom/database (vivid_cars2000.db),added_from_vivid
5495,176,hernr_788,VEYRON Grand Sport EB 16.4,2008,2009,2008-2009,1,itdiag8-dotcom/database (vivid_cars2000.db),added_from_vivid
6143,153,hernr_802,2 ELEVEN,2006,2006,2006,2,itdiag8-dotcom/database (vivid_cars2000.db),added_from_vivid
5152,153,hernr_802,ELISE,2000,2006,2000-2006,8,itdiag8-dotcom/database (vivid_cars2000.db),added_from_vivid
5005,153,hernr_802,ELISE 340 R,2000,2000,2000,1,itdiag8-dotcom/database (vivid_cars2000.db),added_from_vivid
5568,153,hernr_802,EUROPA S,2005,2007,2005-2007,2,itdiag8-dotcom/database (vivid_cars2000.db),added_from_vivid
4559,153,hernr_802,EVORA,2008,2009,2008-2009,2,itdiag8-dotcom/database (vivid_cars2000.db),added_from_vivid
6283,153,hernr_802,EXIGE,2011,2011,2011,1,itdiag8-dotcom/database (vivid_cars2000.db),added_from_vivid
4811,153,hernr_802,EXIGE (SCC_),2000,2007,2000-2007,9,itdiag8-dotcom/database (vivid_cars2000.db),added_from_vivid
4856,161,hernr_803,AERO 8,2000,2007,2000-2007,5,itdiag8-dotcom/database (vivid_cars2000.db),added_from_vivid
6243,161,hernr_803,AERO Coupe,2011,2011,2011,1,itdiag8-dotcom/database (vivid_cars2000.db),added_from_vivid
6150,161,hernr_803,AERO SUPERSPORTS,2009,2009,2009,1,itdiag8-dotcom/database (vivid_cars2000.db),added_from_vivid
5936,161,hernr_803,AEROMAX Coupe,2006,2007,2006-2007,2,itdiag8-dotcom/database (vivid_cars2000.db),added_from_vivid
4651,161,hernr_803,EVA,2011,2011,2011,1,itdiag8-dotcom/database (vivid_cars2000.db),added_from_vivid
6241,161,hernr_803,PLUS EIGHT,2009,2009,2009,1,itdiag8-dotcom/database (vivid_cars2000.db),added_from_vivid
6242,161,hernr_803,PLUS FOUR,2003,2012,2003-2012,2,itdiag8-dotcom/database (vivid_cars2000.db),added_from_vivid
6149,161,hernr_803,ROADSTER Convertible,2003,2010,2003-2010,2,itdiag8-dotcom/database (vivid_cars2000.db),added_from_vivid
5308,156,hernr_815,ARNAGE,2002,2002,2002,2,itdiag8-dotcom/database (vivid_cars2000.db),added_from_vivid
5555,156,hernr_815,AZURE II,2005,2005,2005,1,itdiag8-dotcom/database (vivid_cars2000.db),added_from_vivid
4865,156,hernr_815,CONTINENTAL Convertible,2005,2012,2005-2012,4,itdiag8-dotcom/database (vivid_cars2000.db),added_from_vivid
4605,156,hernr_815,CONTINENTAL Coupe,2003,2013,2003-2013,4,itdiag8-dotcom/database (vivid_cars2000.db),added_from_vivid
5499,156,hernr_815,CONTINENTAL FLYING SPUR,2004,2012,2004-2012,3,itdiag8-dotcom/database (vivid_cars2000.db),added_from_vivid
6146,156,hernr_815,MULSANNE,2008,2012,2008-2012,1,itdiag8-dotcom/database (vivid_cars2000.db),added_from_vivid
6410,231,hernr_907,SEVEN,2000,2009,2000-2009,8,itdiag8-dotcom/database (vivid_cars2000.db),added_from_vivid
6400,231,hernr_907,XTR,2001,2003,2001-2003,1,itdiag8-dotcom/database (vivid_cars2000.db),added_from_vivid
