car_brand,car_model,production_start,production_end,years_span,total_variants,source,status
Abarth,1000 OTR Berlinetta Bertone,,,,0,DanielKohut/car-data,added_missing
Abarth,1000 SP,,,,0,DanielKohut/car-data,added_missing
Abarth,1100 Scorpione Spider (Boano),,,,0,DanielKohut/car-data,added_missing
Abarth,124 Spider,2016,2016,2016,2,original_db,existing
Abarth,1500 Biposto,,,,0,DanielKohut/car-data,added_missing
Abarth,204A,,,,0,DanielKohut/car-data,added_missing
Abarth,205A Berlinetta,,,,0,DanielKohut/car-data,added_missing
Abarth,207A Spyder Corsa Boano,,,,0,DanielKohut/car-data,added_missing
Abarth,208A Spyder Boano,,,,0,DanielKohut/car-data,added_missing
Abarth,209A Coupé Boano,,,,0,DanielKohut/car-data,added_missing
Abarth,210A Spyder Boano,,,,0,DanielKohut/car-data,added_missing
Abarth,215A Coupé Bertone,,,,0,DanielKohut/car-data,added_missing
Abarth,216A Spyder Bertone,,,,0,DanielKohut/car-data,added_missing
Abarth,3000 Prototipo,,,,0,DanielKohut/car-data,added_missing
Abarth,500,2008,2008,2008,1,original_db,existing
Abarth,500 Assetto Corse,2009,2010,2009-2010,2,original_db,existing
Abarth,500 Custom,2013,2013,2013,2,original_db,existing
Abarth,500 Esseesse,2008,2008,2008,1,original_db,existing
Abarth,500C,2010,2010,2010,1,original_db,existing
Abarth,595,,,,0,DanielKohut/car-data,added_missing
Abarth,595 Competizione,2012,2016,2012-2016,7,original_db,existing
Abarth,595C Turismo,2013,2013,2013,3,original_db,existing
Abarth,695,,,,0,DanielKohut/car-data,added_missing
Abarth,695 Tributo Ferrari,2010,2010,2010,1,original_db,existing
Abarth,750,,,,0,DanielKohut/car-data,added_missing
Abarth,750 Spider Allemano,,,,0,DanielKohut/car-data,added_missing
Abarth,Grande Punto,2007,2007,2007,1,original_db,existing
Abarth,Grande Punto Esseesse,2007,2007,2007,1,original_db,existing
Abarth,Monomille,,,,0,DanielKohut/car-data,added_missing
Abarth,OT 1300,,,,0,DanielKohut/car-data,added_missing
Abarth,Punto Evo,2010,2010,2010,1,original_db,existing
Abarth,Punto Evo Esseesse,2010,2010,2010,1,original_db,existing
Abarth,Zagato,,,,0,DanielKohut/car-data,added_missing
Acura,ADX,2024,2026,2024-2026,0,gor3a/vehicle-makes-models,added_missing
Acura,CL,1997,2004,1997-2004,0,gor3a/vehicle-makes-models,added_missing
Acura,CSX,2005,2011,2005-2011,0,gor3a/vehicle-makes-models,added_missing
Acura,EL,1997,2000,1997-2000,0,gor3a/vehicle-makes-models,added_missing
Acura,ILX,2012,2022,2012-2022,0,gor3a/vehicle-makes-models,added_missing
Acura,Integra,1986,2026,1986-2026,0,gor3a/vehicle-makes-models,added_missing
Acura,MDX,2001,2026,2001-2026,0,gor3a/vehicle-makes-models,added_missing
Acura,NSX,1991,2022,1991-2022,0,gor3a/vehicle-makes-models,added_missing
Acura,RDX,2006,2026,2006-2026,0,gor3a/vehicle-makes-models,added_missing
Acura,RL,2004,2012,2004-2012,0,gor3a/vehicle-makes-models,added_missing
Acura,RLX,2013,2020,2013-2020,0,gor3a/vehicle-makes-models,added_missing
Acura,RSX,2002,2006,2002-2006,0,gor3a/vehicle-makes-models,added_missing
Acura,RSX TYPE-S,2005,2006,2005-2006,0,gor3a/vehicle-makes-models,added_missing
Acura,TL,1995,2014,1995-2014,0,gor3a/vehicle-makes-models,added_missing
Acura,TLX,2015,2024,2015-2024,0,gor3a/vehicle-makes-models,added_missing
Acura,TSX,2003,2014,2003-2014,0,gor3a/vehicle-makes-models,added_missing
Acura,ZDX,2009,2026,2009-2026,0,gor3a/vehicle-makes-models,added_missing
Alfa Romeo,12C,,,,0,DanielKohut/car-data,added_missing
Alfa Romeo,147,2001,2007,2001-2007,10,original_db,existing
Alfa Romeo,147 (937),2000,2007,2000-2007,17,itdiag8-dotcom/database (vivid_cars2000.db),added_from_vivid
Alfa Romeo,156,1997,2004,1997-2004,37,original_db,existing
Alfa Romeo,156 (932),2000,2003,2000-2003,16,itdiag8-dotcom/database (vivid_cars2000.db),added_from_vivid
Alfa Romeo,156 Sportwagon,2000,2005,2000-2005,0,gor3a/vehicle-makes-models,added_missing
Alfa Romeo,156 Sportwagon (932),2000,2004,2000-2004,28,itdiag8-dotcom/database (vivid_cars2000.db),added_from_vivid
Alfa Romeo,159,2005,2010,2005-2010,17,original_db,existing
Alfa Romeo,159 (939),2004,2009,2004-2009,17,itdiag8-dotcom/database (vivid_cars2000.db),added_from_vivid
Alfa Romeo,159 Sportwagon,2006,2011,2006-2011,0,gor3a/vehicle-makes-models,added_missing
Alfa Romeo,159 Sportwagon (939),2005,2009,2005-2009,15,itdiag8-dotcom/database (vivid_cars2000.db),added_from_vivid
Alfa Romeo,166,1998,2006,1998-2006,13,original_db,existing
Alfa Romeo,166 (936),2000,2005,2000-2005,13,itdiag8-dotcom/database (vivid_cars2000.db),added_from_vivid
Alfa Romeo,33 Stradale,,,,0,DanielKohut/car-data,added_missing
Alfa Romeo,4C,2013,2013,2013,1,original_db,existing
Alfa Romeo,4C (960),2012,2012,2012,2,itdiag8-dotcom/database (vivid_cars2000.db),added_from_vivid
Alfa Romeo,4C SPIDER (960),2013,2013,2013,1,itdiag8-dotcom/database (vivid_cars2000.db),added_from_vivid
Alfa Romeo,6C,,,,0,DanielKohut/car-data,added_missing
Alfa Romeo,8C,2006,2006,2006,1,original_db,existing
Alfa Romeo,8C Competizione,,,,0,DanielKohut/car-data,added_missing
Alfa Romeo,8C Competizione Spider,2000,2013,2000-2013,0,plowman/open-vehicle-db,added_missing
Alfa Romeo,8C SPIDER,2007,2007,2007,1,itdiag8-dotcom/database (vivid_cars2000.db),added_from_vivid
Alfa Romeo,Brera,2005,2009,2005-2009,7,original_db,existing
Alfa Romeo,Crosswagon Q4,2004,2007,2004-2007,0,gor3a/vehicle-makes-models,added_missing
Alfa Romeo,GIULIETTA (940),2009,2012,2009-2012,21,itdiag8-dotcom/database (vivid_cars2000.db),added_from_vivid
Alfa Romeo,GT (937),2003,2007,2003-2007,7,itdiag8-dotcom/database (vivid_cars2000.db),added_from_vivid
Alfa Romeo,GTA,,,,0,DanielKohut/car-data,added_missing
Alfa Romeo,GTV (916C_),2000,2002,2000-2002,3,itdiag8-dotcom/database (vivid_cars2000.db),added_from_vivid
Alfa Romeo,Giulia,2016,2016,2016,4,original_db,existing
Alfa Romeo,Giulia (952),2016,2027,2016-2027,0,plowman/open-vehicle-db,added_missing
Alfa Romeo,Giulia GTA,2020,2026,2020-2026,0,gor3a/vehicle-makes-models,added_missing
Alfa Romeo,Giulia Quadrifoglio,2016,2022,2016-2022,0,gor3a/vehicle-makes-models,added_missing
Alfa Romeo,Giulia TZ,,,,0,DanielKohut/car-data,added_missing
Alfa Romeo,Giulia Veloce,2016,2022,2016-2022,0,gor3a/vehicle-makes-models,added_missing
Alfa Romeo,Giulietta,2010,2015,2010-2015,24,original_db,existing
Alfa Romeo,Giulietta Quadrifoglio Verde,2011,2016,2011-2016,0,gor3a/vehicle-makes-models,added_missing
Alfa Romeo,Gt,2003,2007,2003-2007,6,original_db,existing
Alfa Romeo,Gtv,1997,2003,1997-2003,7,original_db,existing
Alfa Romeo,Junior,2024,2026,2024-2026,0,gor3a/vehicle-makes-models,added_missing
Alfa Romeo,MITO (955),2007,2012,2007-2012,25,itdiag8-dotcom/database (vivid_cars2000.db),added_from_vivid
Alfa Romeo,MiTo Veloce,2016,2018,2016-2018,0,gor3a/vehicle-makes-models,added_missing
Alfa Romeo,Mito,2008,2014,2008-2014,21,original_db,existing
Alfa Romeo,Mito Quadrifoglio Verde,2010,2010,2010,1,original_db,existing
Alfa Romeo,SPIDER (916S_),2002,2002,2002,2,itdiag8-dotcom/database (vivid_cars2000.db),added_from_vivid
Alfa Romeo,SPIDER (939),2005,2008,2005-2008,8,itdiag8-dotcom/database (vivid_cars2000.db),added_from_vivid
Alfa Romeo,Spider,1998,2009,1998-2009,15,original_db,existing
Alfa Romeo,Stelvio,2017,2026,2017-2026,0,gor3a/vehicle-makes-models,added_missing
Alfa Romeo,Stelvio Quadrifoglio,2017,2023,2017-2023,0,gor3a/vehicle-makes-models,added_missing
Alfa Romeo,Tonale,2022,2026,2022-2026,0,gor3a/vehicle-makes-models,added_missing
Alpina,B10,,,,0,DanielKohut/car-data,added_missing
Alpina,B10 (E39),2002,2002,2002,1,itdiag8-dotcom/database (vivid_cars2000.db),added_from_vivid
Alpina,B10 Estate (E39),2002,2002,2002,1,itdiag8-dotcom/database (vivid_cars2000.db),added_from_vivid
Alpina,B12,,,,0,DanielKohut/car-data,added_missing
Alpina,B3,2001,2002,2001-2002,2,original_db,existing
Alpina,B3 (E46),2001,2002,2001-2002,2,itdiag8-dotcom/database (vivid_cars2000.db),added_from_vivid
Alpina,B3 Convertible (E46),2000,2002,2000-2002,3,itdiag8-dotcom/database (vivid_cars2000.db),added_from_vivid
Alpina,B3 Coupe (E46),2002,2002,2002,1,itdiag8-dotcom/database (vivid_cars2000.db),added_from_vivid
Alpina,B3 Estate (E46),2000,2002,2000-2002,3,itdiag8-dotcom/database (vivid_cars2000.db),added_from_vivid
Alpina,B3 S,,,,0,DanielKohut/car-data,added_missing
Alpina,B4,,,,0,DanielKohut/car-data,added_missing
Alpina,B5,,,,0,DanielKohut/car-data,added_missing
Alpina,B5 (E60),2004,2009,2004-2009,3,itdiag8-dotcom/database (vivid_cars2000.db),added_from_vivid
Alpina,B5 (F10),2009,2011,2009-2011,1,itdiag8-dotcom/database (vivid_cars2000.db),added_from_vivid
Alpina,B5 Estate (E61),2004,2009,2004-2009,3,itdiag8-dotcom/database (vivid_cars2000.db),added_from_vivid
Alpina,B5 Estate (F11),2009,2011,2009-2011,1,itdiag8-dotcom/database (vivid_cars2000.db),added_from_vivid
Alpina,B6,,,,0,DanielKohut/car-data,added_missing
Alpina,B7,,,,0,DanielKohut/car-data,added_missing
Alpina,B7 (E65),2003,2003,2003,2,itdiag8-dotcom/database (vivid_cars2000.db),added_from_vivid
Alpina,"B7 (F01, F02)",2008,2011,2008-2011,2,itdiag8-dotcom/database (vivid_cars2000.db),added_from_vivid
Alpina,B8,,,,0,DanielKohut/car-data,added_missing
Alpina,C1,,,,0,DanielKohut/car-data,added_missing
Alpina,D10,,,,0,DanielKohut/car-data,added_missing
Alpina,D3,,,,0,DanielKohut/car-data,added_missing
Alpina,D3 (F30),2012,2012,2012,1,itdiag8-dotcom/database (vivid_cars2000.db),added_from_vivid
Alpina,D3 Estate (F31),2012,2012,2012,1,itdiag8-dotcom/database (vivid_cars2000.db),added_from_vivid
Alpina,D3 S,,,,0,DanielKohut/car-data,added_missing
Alpina,D4,,,,0,DanielKohut/car-data,added_missing
Alpina,D4 Convertible (F33),2012,2012,2012,1,itdiag8-dotcom/database (vivid_cars2000.db),added_from_vivid
Alpina,D4 Coupe (F32),2012,2012,2012,1,itdiag8-dotcom/database (vivid_cars2000.db),added_from_vivid
Alpina,D4 S,,,,0,DanielKohut/car-data,added_missing
Alpina,D5,,,,0,DanielKohut/car-data,added_missing
Alpina,D5 (F10),2010,2010,2010,1,itdiag8-dotcom/database (vivid_cars2000.db),added_from_vivid
Alpina,D5 Touring (F11),2010,2010,2010,1,itdiag8-dotcom/database (vivid_cars2000.db),added_from_vivid
Alpina,ROADSTER S (Z4),2003,2003,2003,1,itdiag8-dotcom/database (vivid_cars2000.db),added_from_vivid
Alpina,Roadster S,,,,0,DanielKohut/car-data,added_missing
Alpina,XB7,,,,0,DanielKohut/car-data,added_missing
Alpina,XD3,,,,0,DanielKohut/car-data,added_missing
Alpina,XD3 (F25),2012,2012,2012,1,itdiag8-dotcom/database (vivid_cars2000.db),added_from_vivid
Alpina,XD4,,,,0,DanielKohut/car-data,added_missing
Alpina,Z8,,,,0,DanielKohut/car-data,added_missing
Alpine,A110,1962,2026,1962-2026,0,gor3a/vehicle-makes-models,added_missing
Alpine,A110S,2019,2026,2019-2026,0,gor3a/vehicle-makes-models,added_missing
Alpine,A290,2024,2026,2024-2026,0,gor3a/vehicle-makes-models,added_missing
Alpine,A390,2025,2026,2025-2026,0,gor3a/vehicle-makes-models,added_missing
Aston Martin,AR1,,,,0,DanielKohut/car-data,added_missing
Aston Martin,Bulldog,,,,0,DanielKohut/car-data,added_missing
Aston Martin,Cygnet,2011,2013,2011-2013,0,gor3a/vehicle-makes-models,added_missing
Aston Martin,DB AR1,2003,2004,2003-2004,0,gor3a/vehicle-makes-models,added_missing
Aston Martin,DB1,,,,0,DanielKohut/car-data,added_missing
Aston Martin,DB11,2016,2023,2016-2023,0,gor3a/vehicle-makes-models,added_missing
Aston Martin,DB11 Volante,2018,2023,2018-2023,0,gor3a/vehicle-makes-models,added_missing
Aston Martin,DB12,2023,2026,2023-2026,0,gor3a/vehicle-makes-models,added_missing
Aston Martin,DB12 Volante,2023,2026,2023-2026,0,gor3a/vehicle-makes-models,added_missing
Aston Martin,DB2,,,,0,DanielKohut/car-data,added_missing
Aston Martin,DB2/4,,,,0,DanielKohut/car-data,added_missing
Aston Martin,DB3,,,,0,DanielKohut/car-data,added_missing
Aston Martin,DB3S,,,,0,DanielKohut/car-data,added_missing
Aston Martin,DB4,,,,0,DanielKohut/car-data,added_missing
Aston Martin,DB5,,,,0,DanielKohut/car-data,added_missing
Aston Martin,DB7,1993,2004,1993-2004,0,gor3a/vehicle-makes-models,added_missing
Aston Martin,DB7 Coupe,2002,2002,2002,1,itdiag8-dotcom/database (vivid_cars2000.db),added_from_vivid
Aston Martin,DB7 Vantage,,,,0,DanielKohut/car-data,added_missing
Aston Martin,DB7 Volante,1996,2003,1996-2003,0,gor3a/vehicle-makes-models,added_missing
Aston Martin,DB7 Zagato,,,,0,DanielKohut/car-data,added_missing
Aston Martin,DB9 Convertible,2003,2011,2003-2011,2,itdiag8-dotcom/database (vivid_cars2000.db),added_from_vivid
Aston Martin,DB9 Coupe,2003,2011,2003-2011,3,itdiag8-dotcom/database (vivid_cars2000.db),added_from_vivid
Aston Martin,DBS (2007–2012),,,,0,DanielKohut/car-data,added_missing
Aston Martin,DBS (Classic),,,,0,DanielKohut/car-data,added_missing
Aston Martin,DBS Coupe,2006,2006,2006,1,itdiag8-dotcom/database (vivid_cars2000.db),added_from_vivid
Aston Martin,DBS Superleggera,,,,0,DanielKohut/car-data,added_missing
Aston Martin,DBS Volante,2009,2012,2009-2012,0,gor3a/vehicle-makes-models,added_missing
Aston Martin,DBX,2020,2026,2020-2026,0,gor3a/vehicle-makes-models,added_missing
Aston Martin,Db9,2003,2015,2003-2015,10,original_db,existing
Aston Martin,Db9 Volante,2004,2013,2004-2013,8,original_db,existing
Aston Martin,Dbs,2007,2011,2007-2011,14,original_db,existing
Aston Martin,Lagonda Taraf,,,,0,DanielKohut/car-data,added_missing
Aston Martin,Lagonda Vision Concept,,,,0,DanielKohut/car-data,added_missing
Aston Martin,One-77,2009,2012,2009-2012,0,gor3a/vehicle-makes-models,added_missing
Aston Martin,Rapide,2010,2010,2010,1,original_db,existing
Aston Martin,Rapide AMR,2017,2020,2017-2020,0,gor3a/vehicle-makes-models,added_missing
Aston Martin,Rapide E,2019,2019,2019-2019,0,gor3a/vehicle-makes-models,added_missing
Aston Martin,Rapide S,2013,2018,2013-2018,0,gor3a/vehicle-makes-models,added_missing
Aston Martin,V12 Speedster,2020,2022,2020-2022,0,gor3a/vehicle-makes-models,added_missing
Aston Martin,V12 Vantage,2009,2013,2009-2013,3,original_db,existing
Aston Martin,V12 Vantage AMR,2017,2019,2017-2019,0,gor3a/vehicle-makes-models,added_missing
Aston Martin,V12 Vantage Roadster,2012,2013,2012-2013,2,original_db,existing
Aston Martin,V12 Vantage S,2013,2013,2013,1,original_db,existing
Aston Martin,V12 Vantage S Roadster,2014,2014,2014,1,original_db,existing
Aston Martin,V12 Zagato,2012,2012,2012,1,original_db,existing
Aston Martin,V8 Vantage,2005,2014,2005-2014,15,original_db,existing
Aston Martin,V8 Vantage (1977–1989),,,,0,DanielKohut/car-data,added_missing
Aston Martin,V8 Vantage (2005–2017),,,,0,DanielKohut/car-data,added_missing
Aston Martin,V8 Vantage (2018–),,,,0,DanielKohut/car-data,added_missing
Aston Martin,V8 Vantage Roadster,2006,2014,2006-2014,14,original_db,existing
Aston Martin,V8 Vantage S,2011,2012,2011-2012,2,original_db,existing
Aston Martin,V8 Vantage S Roadster,2011,2011,2011,1,original_db,existing
Aston Martin,V8 Volante,1978,2014,1978-2014,0,gor3a/vehicle-makes-models,added_missing
Aston Martin,VANQUISH (R2_),2001,2003,2001-2003,2,itdiag8-dotcom/database (vivid_cars2000.db),added_from_vivid
Aston Martin,VANTAGE Coupe,2004,2012,2004-2012,2,itdiag8-dotcom/database (vivid_cars2000.db),added_from_vivid
Aston Martin,VANTAGE Roadster,2006,2012,2006-2012,2,itdiag8-dotcom/database (vivid_cars2000.db),added_from_vivid
Aston Martin,VIRAGE Convertible,2010,2010,2010,1,itdiag8-dotcom/database (vivid_cars2000.db),added_from_vivid
Aston Martin,VIRAGE Coupe,2010,2010,2010,1,itdiag8-dotcom/database (vivid_cars2000.db),added_from_vivid
Aston Martin,Valhalla,2022,2026,2022-2026,0,gor3a/vehicle-makes-models,added_missing
Aston Martin,Valiant,2024,2026,2024-2026,0,plowman/open-vehicle-db,added_missing
Aston Martin,Valkyrie,,,,0,DanielKohut/car-data,added_missing
Aston Martin,Valour,2024,2024,2024-2024,0,plowman/open-vehicle-db,added_missing
Aston Martin,Vanquish,2013,2015,2013-2015,4,original_db,existing
Aston Martin,Vanquish (2001–2007),,,,0,DanielKohut/car-data,added_missing
Aston Martin,Vanquish (2012–2018),,,,0,DanielKohut/car-data,added_missing
Aston Martin,Vanquish S,2004,2018,2004-2018,0,gor3a/vehicle-makes-models,added_missing
Aston Martin,Vanquish Volante,2013,2026,2013-2026,0,gor3a/vehicle-makes-models,added_missing
Aston Martin,Vanquish Zagato,,,,0,DanielKohut/car-data,added_missing
Aston Martin,Vantage,2020,2026,2020-2026,0,gor3a/vehicle-makes-models,added_missing
Aston Martin,Vantage (Classic),,,,0,DanielKohut/car-data,added_missing
Aston Martin,Vantage GT12,2015,2016,2015-2016,0,gor3a/vehicle-makes-models,added_missing
Aston Martin,Vantage GT8,2016,2017,2016-2017,0,gor3a/vehicle-makes-models,added_missing
Aston Martin,Victor,,,,0,DanielKohut/car-data,added_missing
Aston Martin,Virage,1988,2012,1988-2012,0,gor3a/vehicle-makes-models,added_missing
Aston Martin,Virage (2011–2012),,,,0,DanielKohut/car-data,added_missing
Aston Martin,Virage Volante,1992,2012,1992-2012,0,gor3a/vehicle-makes-models,added_missing
Aston Martin,Vulcan,2015,2016,2015-2016,0,gor3a/vehicle-makes-models,added_missing
Aston Martin,ZAGATO Coupe,2011,2011,2011,1,itdiag8-dotcom/database (vivid_cars2000.db),added_from_vivid
Audi,100 C1,,,,0,DanielKohut/car-data,added_missing
Audi,100 C2,,,,0,DanielKohut/car-data,added_missing
Audi,100 C3,,,,0,DanielKohut/car-data,added_missing
Audi,100 C4,,,,0,DanielKohut/car-data,added_missing
Audi,200 C2,,,,0,DanielKohut/car-data,added_missing
Audi,200 C3,,,,0,DanielKohut/car-data,added_missing
Audi,50,,,,0,DanielKohut/car-data,added_missing
Audi,60,,,,0,DanielKohut/car-data,added_missing
Audi,72,,,,0,DanielKohut/car-data,added_missing
Audi,80 B1,,,,0,DanielKohut/car-data,added_missing
Audi,80 B2,,,,0,DanielKohut/car-data,added_missing
Audi,80 B3,,,,0,DanielKohut/car-data,added_missing
Audi,80 B4,,,,0,DanielKohut/car-data,added_missing
Audi,90 B2,,,,0,DanielKohut/car-data,added_missing
Audi,90 B3,,,,0,DanielKohut/car-data,added_missing
Audi,A1,2010,2011,2010-2011,12,original_db,existing
Audi,"A1 (8X1, 8XF)",2009,2013,2009-2013,19,itdiag8-dotcom/database (vivid_cars2000.db),added_from_vivid
Audi,A1 8X,,,,0,DanielKohut/car-data,added_missing
Audi,A1 GB,,,,0,DanielKohut/car-data,added_missing
Audi,A1 Quattro,2012,2012,2012,1,original_db,existing
Audi,A1 Sportback,2012,2012,2012,10,original_db,existing
Audi,"A1 Sportback (8XA, 8XK)",2010,2013,2010-2013,18,itdiag8-dotcom/database (vivid_cars2000.db),added_from_vivid
Audi,A2,1999,2003,1999-2003,7,original_db,existing
Audi,A2 (8Z0),2000,2003,2000-2003,7,itdiag8-dotcom/database (vivid_cars2000.db),added_from_vivid
Audi,A2 8Z,,,,0,DanielKohut/car-data,added_missing
Audi,A3,1996,2014,1996-2014,230,original_db,existing
Audi,A3 (8L1),2000,2001,2000-2001,6,itdiag8-dotcom/database (vivid_cars2000.db),added_from_vivid
Audi,A3 (8P1),2003,2010,2003-2010,54,itdiag8-dotcom/database (vivid_cars2000.db),added_from_vivid
Audi,A3 (8V1),2011,2012,2011-2012,23,itdiag8-dotcom/database (vivid_cars2000.db),added_from_vivid
Audi,A3 8L,,,,0,DanielKohut/car-data,added_missing
Audi,A3 8P,,,,0,DanielKohut/car-data,added_missing
Audi,A3 8V,,,,0,DanielKohut/car-data,added_missing
Audi,A3 8Y,,,,0,DanielKohut/car-data,added_missing
Audi,A3 Cabriolet,,,,0,DanielKohut/car-data,added_missing
Audi,A3 Convertible (8P7),2007,2010,2007-2010,13,itdiag8-dotcom/database (vivid_cars2000.db),added_from_vivid
Audi,A3 Convertible (8V7),2012,2012,2012,12,itdiag8-dotcom/database (vivid_cars2000.db),added_from_vivid
Audi,A3 Limousine (8VS),2012,2012,2012,22,itdiag8-dotcom/database (vivid_cars2000.db),added_from_vivid
Audi,A3 Sedan,2013,2014,2013-2014,20,original_db,existing
Audi,A3 Sportback,2004,2014,2004-2014,172,original_db,existing
Audi,A3 Sportback (8PA),2003,2010,2003-2010,55,itdiag8-dotcom/database (vivid_cars2000.db),added_from_vivid
Audi,A3 Sportback (8VA),2011,2012,2011-2012,26,itdiag8-dotcom/database (vivid_cars2000.db),added_from_vivid
Audi,A3 allstreet,2024,2026,2024-2026,0,gor3a/vehicle-makes-models,added_missing
Audi,A4,1996,2014,1996-2014,338,original_db,existing
Audi,"A4 (8D2, B5)",2000,2000,2000,4,itdiag8-dotcom/database (vivid_cars2000.db),added_from_vivid
Audi,"A4 (8E2, B6)",2000,2003,2000-2003,26,itdiag8-dotcom/database (vivid_cars2000.db),added_from_vivid
Audi,"A4 (8EC, B7)",2003,2005,2003-2005,33,itdiag8-dotcom/database (vivid_cars2000.db),added_from_vivid
Audi,"A4 (8K2, B8)",2006,2012,2006-2012,54,itdiag8-dotcom/database (vivid_cars2000.db),added_from_vivid
Audi,A4 Allroad,2009,2025,2009-2025,0,gor3a/vehicle-makes-models,added_missing
Audi,"A4 Allroad (8KH, B8)",2008,2012,2008-2012,18,itdiag8-dotcom/database (vivid_cars2000.db),added_from_vivid
Audi,A4 Allroad B8,,,,0,DanielKohut/car-data,added_missing
Audi,A4 Allroad B9,,,,0,DanielKohut/car-data,added_missing
Audi,A4 Avant,1996,2025,1996-2025,0,gor3a/vehicle-makes-models,added_missing
Audi,"A4 Avant (8D5, B5)",2000,2000,2000,5,itdiag8-dotcom/database (vivid_cars2000.db),added_from_vivid
Audi,"A4 Avant (8E5, B6)",2000,2003,2000-2003,24,itdiag8-dotcom/database (vivid_cars2000.db),added_from_vivid
Audi,"A4 Avant (8ED, B7)",2003,2005,2003-2005,30,itdiag8-dotcom/database (vivid_cars2000.db),added_from_vivid
Audi,"A4 Avant (8K5, B8)",2006,2012,2006-2012,44,itdiag8-dotcom/database (vivid_cars2000.db),added_from_vivid
Audi,A4 Avant B5,,,,0,DanielKohut/car-data,added_missing
Audi,A4 Avant B6,,,,0,DanielKohut/car-data,added_missing
Audi,A4 Avant B7,,,,0,DanielKohut/car-data,added_missing
Audi,A4 Avant B8,,,,0,DanielKohut/car-data,added_missing
Audi,A4 Avant B9,,,,0,DanielKohut/car-data,added_missing
Audi,A4 B5,,,,0,DanielKohut/car-data,added_missing
Audi,A4 B6,,,,0,DanielKohut/car-data,added_missing
Audi,A4 B7,,,,0,DanielKohut/car-data,added_missing
Audi,A4 B8,,,,0,DanielKohut/car-data,added_missing
Audi,A4 B9,,,,0,DanielKohut/car-data,added_missing
Audi,A4 Cabriolet B6,,,,0,DanielKohut/car-data,added_missing
Audi,A4 Cabriolet B7,,,,0,DanielKohut/car-data,added_missing
Audi,"A4 Convertible (8H7, B6, 8HE, B7)",2002,2005,2002-2005,23,itdiag8-dotcom/database (vivid_cars2000.db),added_from_vivid
Audi,A4 DTM Edition,2005,2007,2005-2007,0,gor3a/vehicle-makes-models,added_missing
Audi,A5,2007,2013,2007-2013,64,original_db,existing
Audi,A5 (8T3),2006,2012,2006-2012,34,itdiag8-dotcom/database (vivid_cars2000.db),added_from_vivid
Audi,A5 8T,,,,0,DanielKohut/car-data,added_missing
Audi,A5 Avant,2024,2026,2024-2026,0,gor3a/vehicle-makes-models,added_missing
Audi,A5 Cabriolet,2009,2015,2009-2015,46,original_db,existing
Audi,A5 Cabriolet 8F,,,,0,DanielKohut/car-data,added_missing
Audi,A5 Cabriolet F5,,,,0,DanielKohut/car-data,added_missing
Audi,A5 Convertible (8F7),2008,2012,2008-2012,33,itdiag8-dotcom/database (vivid_cars2000.db),added_from_vivid
Audi,A5 F5,,,,0,DanielKohut/car-data,added_missing
Audi,A5 Sportback,2009,2014,2009-2014,73,original_db,existing
Audi,A5 Sportback (8TA),2008,2012,2008-2012,32,itdiag8-dotcom/database (vivid_cars2000.db),added_from_vivid
Audi,A5 Sportback 8TA,,,,0,DanielKohut/car-data,added_missing
Audi,A5 Sportback F5,,,,0,DanielKohut/car-data,added_missing
Audi,A6,1997,2016,1997-2016,204,original_db,existing
Audi,"A6 (4B2, C5)",2000,2003,2000-2003,20,itdiag8-dotcom/database (vivid_cars2000.db),added_from_vivid
Audi,"A6 (4F2, C6)",2003,2008,2003-2008,45,itdiag8-dotcom/database (vivid_cars2000.db),added_from_vivid
Audi,"A6 (4G2, C7, 4GC)",2009,2013,2009-2013,37,itdiag8-dotcom/database (vivid_cars2000.db),added_from_vivid
Audi,A6 Allroad,2000,2016,2000-2016,38,original_db,existing
Audi,"A6 Allroad (4FH, C6)",2005,2007,2005-2007,12,itdiag8-dotcom/database (vivid_cars2000.db),added_from_vivid
Audi,"A6 Allroad (4GH, 4GJ)",2011,2012,2011-2012,10,itdiag8-dotcom/database (vivid_cars2000.db),added_from_vivid
Audi,A6 Allroad C5,,,,0,DanielKohut/car-data,added_missing
Audi,A6 Allroad C6,,,,0,DanielKohut/car-data,added_missing
Audi,A6 Allroad C7,,,,0,DanielKohut/car-data,added_missing
Audi,A6 Allroad C8,,,,0,DanielKohut/car-data,added_missing
Audi,A6 Avant,1994,2026,1994-2026,0,gor3a/vehicle-makes-models,added_missing
Audi,"A6 Avant (4B5, C5)",2000,2003,2000-2003,16,itdiag8-dotcom/database (vivid_cars2000.db),added_from_vivid
Audi,"A6 Avant (4F5, C6)",2004,2008,2004-2008,36,itdiag8-dotcom/database (vivid_cars2000.db),added_from_vivid
Audi,"A6 Avant (4G5, C7, 4GD)",2010,2013,2010-2013,31,itdiag8-dotcom/database (vivid_cars2000.db),added_from_vivid
Audi,A6 Avant C4,,,,0,DanielKohut/car-data,added_missing
Audi,A6 Avant C5,,,,0,DanielKohut/car-data,added_missing
Audi,A6 Avant C6,,,,0,DanielKohut/car-data,added_missing
Audi,A6 Avant C7,,,,0,DanielKohut/car-data,added_missing
Audi,A6 Avant C8,,,,0,DanielKohut/car-data,added_missing
Audi,A6 C4,,,,0,DanielKohut/car-data,added_missing
Audi,A6 C5,,,,0,DanielKohut/car-data,added_missing
Audi,A6 C6,,,,0,DanielKohut/car-data,added_missing
Audi,A6 C7,,,,0,DanielKohut/car-data,added_missing
Audi,A6 C8,,,,0,DanielKohut/car-data,added_missing
Audi,A7,2010,2014,2010-2014,7,original_db,existing
Audi,A7 4G8,,,,0,DanielKohut/car-data,added_missing
Audi,A7 4K8,,,,0,DanielKohut/car-data,added_missing
Audi,"A7 Sportback (4GA, 4GF)",2009,2012,2009-2012,29,itdiag8-dotcom/database (vivid_cars2000.db),added_from_vivid
Audi,A7 Sportback 4G8,,,,0,DanielKohut/car-data,added_missing
Audi,A7 Sportback 4K8,,,,0,DanielKohut/car-data,added_missing
Audi,A7 e,2021,2022,2021-2022,0,plowman/open-vehicle-db,added_missing
Audi,A8,1995,2011,1995-2011,29,original_db,existing
Audi,"A8 (4D2, 4D8)",2000,2001,2000-2001,3,itdiag8-dotcom/database (vivid_cars2000.db),added_from_vivid
Audi,A8 (4E_),2002,2006,2002-2006,16,itdiag8-dotcom/database (vivid_cars2000.db),added_from_vivid
Audi,A8 (4H_),2008,2012,2008-2012,26,itdiag8-dotcom/database (vivid_cars2000.db),added_from_vivid
Audi,A8 D2,,,,0,DanielKohut/car-data,added_missing
Audi,A8 D3,,,,0,DanielKohut/car-data,added_missing
Audi,A8 D4,,,,0,DanielKohut/car-data,added_missing
Audi,A8 D5,,,,0,DanielKohut/car-data,added_missing
Audi,A8 L,2021,2027,2021-2027,0,plowman/open-vehicle-db,added_missing
Audi,A8 L D4,,,,0,DanielKohut/car-data,added_missing
Audi,A8 L D5,,,,0,DanielKohut/car-data,added_missing
Audi,A8 L e,2021,2021,2021-2021,0,plowman/open-vehicle-db,added_missing
Audi,A8 e,2020,2020,2020-2020,0,plowman/open-vehicle-db,added_missing
Audi,"ALLROAD (4BH, C5)",2000,2003,2000-2003,8,itdiag8-dotcom/database (vivid_cars2000.db),added_from_vivid
Audi,Allroad,2000,2026,2000-2026,0,gor3a/vehicle-makes-models,added_missing
Audi,Andere,,,,0,DanielKohut/car-data,added_missing
Audi,Cabriolet,1991,2000,1991-2000,0,gor3a/vehicle-makes-models,added_missing
Audi,Coupé,,,,0,DanielKohut/car-data,added_missing
Audi,E5,2025,2026,2025-2026,0,gor3a/vehicle-makes-models,added_missing
Audi,Nuvolari,2026,2026,2026-2026,0,gor3a/vehicle-makes-models,added_missing
Audi,Q2,2016,2026,2016-2026,0,gor3a/vehicle-makes-models,added_missing
Audi,Q2 GA,,,,0,DanielKohut/car-data,added_missing
Audi,Q3,2011,2013,2011-2013,5,original_db,existing
Audi,Q3 (8U),2010,2013,2010-2013,19,itdiag8-dotcom/database (vivid_cars2000.db),added_from_vivid
Audi,Q3 8U,,,,0,DanielKohut/car-data,added_missing
Audi,Q3 F3,,,,0,DanielKohut/car-data,added_missing
Audi,Q3 Rs,2013,2015,2013-2015,2,original_db,existing
Audi,Q3 Sportback F3,,,,0,DanielKohut/car-data,added_missing
Audi,Q4,2021,2026,2021-2026,0,gor3a/vehicle-makes-models,added_missing
Audi,Q4 Sportback e-tron FZ,,,,0,DanielKohut/car-data,added_missing
Audi,Q4 e-tron,2021,2026,2021-2026,0,gor3a/vehicle-makes-models,added_missing
Audi,Q4 e-tron FZ,,,,0,DanielKohut/car-data,added_missing
Audi,Q5,2008,2015,2008-2015,41,original_db,existing
Audi,Q5 (8R),2007,2012,2007-2012,41,itdiag8-dotcom/database (vivid_cars2000.db),added_from_vivid
Audi,Q5 8R,,,,0,DanielKohut/car-data,added_missing
Audi,Q5 FY,,,,0,DanielKohut/car-data,added_missing
Audi,Q5 Sportback FY,,,,0,DanielKohut/car-data,added_missing
Audi,Q5 e,2020,2025,2020-2025,0,plowman/open-vehicle-db,added_missing
Audi,Q5L,,,,0,DanielKohut/car-data,added_missing
Audi,Q6,2024,2026,2024-2026,0,gor3a/vehicle-makes-models,added_missing
Audi,Q6 e-tron,,,,0,DanielKohut/car-data,added_missing
Audi,Q7,2006,2010,2006-2010,17,original_db,existing
Audi,Q7 (4L),2005,2010,2005-2010,27,itdiag8-dotcom/database (vivid_cars2000.db),added_from_vivid
Audi,Q7 4L,,,,0,DanielKohut/car-data,added_missing
Audi,Q7 4M,,,,0,DanielKohut/car-data,added_missing
Audi,Q8,2018,2026,2018-2026,0,gor3a/vehicle-makes-models,added_missing
Audi,Q8 4M,,,,0,DanielKohut/car-data,added_missing
Audi,Q8 e-tron,2022,2026,2022-2026,0,gor3a/vehicle-makes-models,added_missing
Audi,Quattro (Ur-Quattro),,,,0,DanielKohut/car-data,added_missing
Audi,R8,2007,2010,2007-2010,4,original_db,existing
Audi,R8 42,,,,0,DanielKohut/car-data,added_missing
Audi,R8 4S,,,,0,DanielKohut/car-data,added_missing
Audi,R8 GT,2010,2024,2010-2024,0,gor3a/vehicle-makes-models,added_missing
Audi,R8 Spyder,,,,0,DanielKohut/car-data,added_missing
Audi,R8 V10,,,,0,DanielKohut/car-data,added_missing
Audi,RS 3,2010,2026,2010-2026,0,gor3a/vehicle-makes-models,added_missing
Audi,RS 4,2005,2009,2005-2009,0,gor3a/vehicle-makes-models,added_missing
Audi,RS 4 Avant,2000,2025,2000-2025,0,gor3a/vehicle-makes-models,added_missing
Audi,RS 5,2010,2026,2010-2026,0,gor3a/vehicle-makes-models,added_missing
Audi,RS 6,2003,2004,2003-2004,0,plowman/open-vehicle-db,added_missing
Audi,RS 6 Avant,2021,2026,2021-2026,0,plowman/open-vehicle-db,added_missing
Audi,RS 7,2014,2027,2014-2027,0,plowman/open-vehicle-db,added_missing
Audi,RS Q3,2013,2015,2013-2015,0,gor3a/vehicle-makes-models,added_missing
Audi,RS Q3 8U,,,,0,DanielKohut/car-data,added_missing
Audi,RS Q3 F3,,,,0,DanielKohut/car-data,added_missing
Audi,RS Q5 FY,,,,0,DanielKohut/car-data,added_missing
Audi,RS Q8,2019,2026,2019-2026,0,gor3a/vehicle-makes-models,added_missing
Audi,RS Q8 4M,,,,0,DanielKohut/car-data,added_missing
Audi,RS e-tron GT,,,,0,DanielKohut/car-data,added_missing
Audi,RS2 Avant,,,,0,DanielKohut/car-data,added_missing
Audi,RS3 8P,,,,0,DanielKohut/car-data,added_missing
Audi,RS3 8V,,,,0,DanielKohut/car-data,added_missing
Audi,RS3 8Y,,,,0,DanielKohut/car-data,added_missing
Audi,RS4 Avant B5,,,,0,DanielKohut/car-data,added_missing
Audi,RS4 Avant B7,,,,0,DanielKohut/car-data,added_missing
Audi,RS4 Avant B8,,,,0,DanielKohut/car-data,added_missing
Audi,RS4 Avant B9,,,,0,DanielKohut/car-data,added_missing
Audi,RS5 8T,,,,0,DanielKohut/car-data,added_missing
Audi,RS5 Avant,2026,2026,2026-2026,0,gor3a/vehicle-makes-models,added_missing
Audi,RS5 F5,,,,0,DanielKohut/car-data,added_missing
Audi,RS5 Sportback F5,,,,0,DanielKohut/car-data,added_missing
Audi,RS6 Avant,2002,2026,2002-2026,0,gor3a/vehicle-makes-models,added_missing
Audi,RS6 Avant C5,,,,0,DanielKohut/car-data,added_missing
Audi,RS6 Avant C6,,,,0,DanielKohut/car-data,added_missing
Audi,RS6 Avant C7,,,,0,DanielKohut/car-data,added_missing
Audi,RS6 Avant C8,,,,0,DanielKohut/car-data,added_missing
Audi,RS7 4G8,,,,0,DanielKohut/car-data,added_missing
Audi,RS7 4K8,,,,0,DanielKohut/car-data,added_missing
Audi,RS7 Avant,,,,0,DanielKohut/car-data,added_missing
Audi,Rs3,2011,2015,2011-2015,3,original_db,existing
Audi,Rs4,2000,2005,2000-2005,3,original_db,existing
Audi,Rs5,2010,2010,2010,1,original_db,existing
Audi,Rs6,2002,2015,2002-2015,6,original_db,existing
Audi,Rs7,2013,2013,2013,2,original_db,existing
Audi,S e-tron GT,2025,2027,2025-2027,0,plowman/open-vehicle-db,added_missing
Audi,S1,2014,2014,2014,1,original_db,existing
Audi,S1 Sportback,2014,2014,2014,1,original_db,existing
Audi,S2 Avant,,,,0,DanielKohut/car-data,added_missing
Audi,S2 Coupé,,,,0,DanielKohut/car-data,added_missing
Audi,S3,1998,2014,1998-2014,16,original_db,existing
Audi,S3 8L,,,,0,DanielKohut/car-data,added_missing
Audi,S3 8P,,,,0,DanielKohut/car-data,added_missing
Audi,S3 8V,,,,0,DanielKohut/car-data,added_missing
Audi,S3 8Y,,,,0,DanielKohut/car-data,added_missing
Audi,S4,1997,2014,1997-2014,12,original_db,existing
Audi,S4 Avant,1997,2023,1997-2023,0,gor3a/vehicle-makes-models,added_missing
Audi,S4 B5,,,,0,DanielKohut/car-data,added_missing
Audi,S4 B6,,,,0,DanielKohut/car-data,added_missing
Audi,S4 B7,,,,0,DanielKohut/car-data,added_missing
Audi,S4 B8,,,,0,DanielKohut/car-data,added_missing
Audi,S4 B9,,,,0,DanielKohut/car-data,added_missing
Audi,S5,2007,2014,2007-2014,8,original_db,existing
Audi,S5 8T,,,,0,DanielKohut/car-data,added_missing
Audi,S5 Avant,2024,2026,2024-2026,0,gor3a/vehicle-makes-models,added_missing
Audi,S5 F5,,,,0,DanielKohut/car-data,added_missing
Audi,S5 Sportback F5,,,,0,DanielKohut/car-data,added_missing
Audi,S6,1999,2015,1999-2015,9,original_db,existing
Audi,S6 Avant,1994,2026,1994-2026,0,gor3a/vehicle-makes-models,added_missing
Audi,S6 C4,,,,0,DanielKohut/car-data,added_missing
Audi,S6 C5,,,,0,DanielKohut/car-data,added_missing
Audi,S6 C6,,,,0,DanielKohut/car-data,added_missing
Audi,S6 C7,,,,0,DanielKohut/car-data,added_missing
Audi,S6 C8,,,,0,DanielKohut/car-data,added_missing
Audi,S7,2012,2015,2012-2015,2,original_db,existing
Audi,S7 4G8,,,,0,DanielKohut/car-data,added_missing
Audi,S7 4K8,,,,0,DanielKohut/car-data,added_missing
Audi,S8,1999,2013,1999-2013,7,original_db,existing
Audi,S8 D2,,,,0,DanielKohut/car-data,added_missing
Audi,S8 D3,,,,0,DanielKohut/car-data,added_missing
Audi,S8 D4,,,,0,DanielKohut/car-data,added_missing
Audi,S8 D5,,,,0,DanielKohut/car-data,added_missing
Audi,S8 Plus,2015,2019,2015-2019,0,gor3a/vehicle-makes-models,added_missing
Audi,SQ2,2018,2026,2018-2026,0,gor3a/vehicle-makes-models,added_missing
Audi,SQ5 8R,,,,0,DanielKohut/car-data,added_missing
Audi,SQ5 FY,,,,0,DanielKohut/car-data,added_missing
Audi,SQ6,2024,2026,2024-2026,0,gor3a/vehicle-makes-models,added_missing
Audi,SQ7,2016,2026,2016-2026,0,gor3a/vehicle-makes-models,added_missing
Audi,SQ7 4M,,,,0,DanielKohut/car-data,added_missing
Audi,SQ8,2019,2026,2019-2026,0,gor3a/vehicle-makes-models,added_missing
Audi,SQ8 4M,,,,0,DanielKohut/car-data,added_missing
Audi,SQ8 e-tron,2023,2026,2023-2026,0,gor3a/vehicle-makes-models,added_missing
Audi,Sq5,2013,2013,2013,1,original_db,existing
Audi,TT (8J3),2005,2010,2005-2010,21,itdiag8-dotcom/database (vivid_cars2000.db),added_from_vivid
Audi,TT (8N3),2002,2004,2002-2004,6,itdiag8-dotcom/database (vivid_cars2000.db),added_from_vivid
Audi,TT (FV3),2012,2013,2012-2013,3,itdiag8-dotcom/database (vivid_cars2000.db),added_from_vivid
Audi,TT 8J,,,,0,DanielKohut/car-data,added_missing
Audi,TT 8N,,,,0,DanielKohut/car-data,added_missing
Audi,TT FV/8S,,,,0,DanielKohut/car-data,added_missing
Audi,TT RS 8J,,,,0,DanielKohut/car-data,added_missing
Audi,TT RS FV/8S,,,,0,DanielKohut/car-data,added_missing
Audi,TT Roadster (8J9),2006,2011,2006-2011,20,itdiag8-dotcom/database (vivid_cars2000.db),added_from_vivid
Audi,TT Roadster (8N9),2000,2004,2000-2004,9,itdiag8-dotcom/database (vivid_cars2000.db),added_from_vivid
Audi,TT Roadster (FV9),2013,2013,2013,4,itdiag8-dotcom/database (vivid_cars2000.db),added_from_vivid
Audi,TT Roadster 8J,,,,0,DanielKohut/car-data,added_missing
Audi,TT Roadster 8N,,,,0,DanielKohut/car-data,added_missing
Audi,TT Roadster FV/8S,,,,0,DanielKohut/car-data,added_missing
Audi,Tt,1998,2013,1998-2013,26,original_db,existing
Audi,Tt Rs,2009,2009,2009,2,original_db,existing
Audi,Tts,2008,2008,2008,2,original_db,existing
Audi,e-tron,2019,2026,2019-2026,0,gor3a/vehicle-makes-models,added_missing
Audi,e-tron GT,2021,2026,2021-2026,0,gor3a/vehicle-makes-models,added_missing
Audi,e-tron S,,,,0,DanielKohut/car-data,added_missing
Audi,e-tron Sportback,2020,2022,2020-2022,0,plowman/open-vehicle-db,added_missing
BMW,1 (E81),2005,2010,2005-2010,41,itdiag8-dotcom/database (vivid_cars2000.db),added_from_vivid
BMW,1 (E87),2003,2010,2003-2010,59,itdiag8-dotcom/database (vivid_cars2000.db),added_from_vivid
BMW,1 (F20),2009,2013,2009-2013,27,itdiag8-dotcom/database (vivid_cars2000.db),added_from_vivid
BMW,1 (F21),2010,2013,2010-2013,26,itdiag8-dotcom/database (vivid_cars2000.db),added_from_vivid
BMW,1 Convertible (E88),2007,2007,2007,22,itdiag8-dotcom/database (vivid_cars2000.db),added_from_vivid
BMW,1 Coupe (E82),2006,2010,2006-2010,16,itdiag8-dotcom/database (vivid_cars2000.db),added_from_vivid
BMW,1 Series,2002,2015,2002-2015,53,original_db,existing
BMW,1 Series M,2010,2012,2010-2012,0,gor3a/vehicle-makes-models,added_missing
BMW,1 Series M Coupé (E82),,,,0,DanielKohut/car-data,added_missing
BMW,1 Series – E81/E82/E87/E88,,,,0,DanielKohut/car-data,added_missing
BMW,1 Series – F20/F21,,,,0,DanielKohut/car-data,added_missing
BMW,1 Series – F40,,,,0,DanielKohut/car-data,added_missing
BMW,114i,,,,0,DanielKohut/car-data,added_missing
BMW,116d,,,,0,DanielKohut/car-data,added_missing
BMW,116i,,,,0,DanielKohut/car-data,added_missing
BMW,118d,,,,0,DanielKohut/car-data,added_missing
BMW,118i,,,,0,DanielKohut/car-data,added_missing
BMW,120d,,,,0,DanielKohut/car-data,added_missing
BMW,120i,,,,0,DanielKohut/car-data,added_missing
BMW,123d,,,,0,DanielKohut/car-data,added_missing
BMW,125d,,,,0,DanielKohut/car-data,added_missing
BMW,125i,,,,0,DanielKohut/car-data,added_missing
BMW,128i,,,,0,DanielKohut/car-data,added_missing
BMW,128ti,,,,0,DanielKohut/car-data,added_missing
BMW,130i,,,,0,DanielKohut/car-data,added_missing
BMW,135i,,,,0,DanielKohut/car-data,added_missing
BMW,1602,,,,0,DanielKohut/car-data,added_missing
BMW,1M,2011,2011,2011-2011,0,plowman/open-vehicle-db,added_missing
BMW,2 Active Tourer (F45),2012,2013,2012-2013,9,itdiag8-dotcom/database (vivid_cars2000.db),added_from_vivid
BMW,2 Convertible (F23),2013,2013,2013,5,itdiag8-dotcom/database (vivid_cars2000.db),added_from_vivid
BMW,2 Coupe (F22),2012,2013,2012-2013,10,itdiag8-dotcom/database (vivid_cars2000.db),added_from_vivid
BMW,2 Series,2014,2015,2014-2015,11,original_db,existing
BMW,2 Series Active Tourer,2014,2026,2014-2026,0,gor3a/vehicle-makes-models,added_missing
BMW,2 Series Gran,2019,2026,2019-2026,0,gor3a/vehicle-makes-models,added_missing
BMW,2 Series Gran Coupé – F44,,,,0,DanielKohut/car-data,added_missing
BMW,2 Series Gran Tourer,2015,2021,2015-2021,0,gor3a/vehicle-makes-models,added_missing
BMW,2 Series – F22/F23,,,,0,DanielKohut/car-data,added_missing
BMW,2 Series – F45/F46 (Active/Gran Tourer),,,,0,DanielKohut/car-data,added_missing
BMW,2 Series – G42,,,,0,DanielKohut/car-data,added_missing
BMW,218d,,,,0,DanielKohut/car-data,added_missing
BMW,218i,,,,0,DanielKohut/car-data,added_missing
BMW,220d,,,,0,DanielKohut/car-data,added_missing
BMW,220i,,,,0,DanielKohut/car-data,added_missing
BMW,225d,,,,0,DanielKohut/car-data,added_missing
BMW,225i,,,,0,DanielKohut/car-data,added_missing
BMW,228,2026,2027,2026-2027,0,plowman/open-vehicle-db,added_missing
BMW,228i,,,,0,DanielKohut/car-data,added_missing
BMW,228i xDrive,,,,0,DanielKohut/car-data,added_missing
BMW,230i,,,,0,DanielKohut/car-data,added_missing
BMW,3 (E46),2000,2002,2000-2002,16,itdiag8-dotcom/database (vivid_cars2000.db),added_from_vivid
BMW,3 (E90),2004,2010,2004-2010,58,itdiag8-dotcom/database (vivid_cars2000.db),added_from_vivid
BMW,"3 (F30, F35, F80)",2010,2012,2010-2012,23,itdiag8-dotcom/database (vivid_cars2000.db),added_from_vivid
BMW,3 Compact (E46),2001,2002,2001-2002,10,itdiag8-dotcom/database (vivid_cars2000.db),added_from_vivid
BMW,3 Convertible (E46),2000,2005,2000-2005,13,itdiag8-dotcom/database (vivid_cars2000.db),added_from_vivid
BMW,3 Convertible (E93),2005,2009,2005-2009,29,itdiag8-dotcom/database (vivid_cars2000.db),added_from_vivid
BMW,3 Coupe (E46),2000,2004,2000-2004,13,itdiag8-dotcom/database (vivid_cars2000.db),added_from_vivid
BMW,3 Coupe (E92),2005,2009,2005-2009,37,itdiag8-dotcom/database (vivid_cars2000.db),added_from_vivid
BMW,3 Gran Turismo (F34),2012,2012,2012,19,itdiag8-dotcom/database (vivid_cars2000.db),added_from_vivid
BMW,3 Series,1992,2015,1992-2015,125,original_db,existing
BMW,3 Series Compact,1994,2005,1994-2005,0,gor3a/vehicle-makes-models,added_missing
BMW,3 Series Gran Turismo,2013,2020,2013-2020,0,gor3a/vehicle-makes-models,added_missing
BMW,3 Series – E21,,,,0,DanielKohut/car-data,added_missing
BMW,3 Series – E30,,,,0,DanielKohut/car-data,added_missing
BMW,3 Series – E36,,,,0,DanielKohut/car-data,added_missing
BMW,3 Series – E46,,,,0,DanielKohut/car-data,added_missing
BMW,3 Series – E90/E91/E92/E93,,,,0,DanielKohut/car-data,added_missing
BMW,3 Series – F30/F31/F34/F35,,,,0,DanielKohut/car-data,added_missing
BMW,3 Series – G20/G21/G28,,,,0,DanielKohut/car-data,added_missing
BMW,3 Touring (E46),2000,2002,2000-2002,15,itdiag8-dotcom/database (vivid_cars2000.db),added_from_vivid
BMW,3 Touring (E91),2004,2011,2004-2011,45,itdiag8-dotcom/database (vivid_cars2000.db),added_from_vivid
BMW,3 Touring (F31),2010,2012,2010-2012,16,itdiag8-dotcom/database (vivid_cars2000.db),added_from_vivid
BMW,316d,,,,0,DanielKohut/car-data,added_missing
BMW,316i,,,,0,DanielKohut/car-data,added_missing
BMW,318d,,,,0,DanielKohut/car-data,added_missing
BMW,318i,,,,0,DanielKohut/car-data,added_missing
BMW,318ti,1981,2000,1981-2000,0,plowman/open-vehicle-db,added_missing
BMW,3200 CS,,,,0,DanielKohut/car-data,added_missing
BMW,320d,,,,0,DanielKohut/car-data,added_missing
BMW,320e,,,,0,DanielKohut/car-data,added_missing
BMW,320i,,,,0,DanielKohut/car-data,added_missing
BMW,323i,,,,0,DanielKohut/car-data,added_missing
BMW,323iC,1998,2000,1998-2000,0,plowman/open-vehicle-db,added_missing
BMW,323is,1998,2000,1998-2000,0,plowman/open-vehicle-db,added_missing
BMW,325Ci,2000,2006,2000-2006,0,plowman/open-vehicle-db,added_missing
BMW,325d,,,,0,DanielKohut/car-data,added_missing
BMW,325i,,,,0,DanielKohut/car-data,added_missing
BMW,325xi,2002,2006,2002-2006,0,plowman/open-vehicle-db,added_missing
BMW,328Ci,1999,2000,1999-2000,0,plowman/open-vehicle-db,added_missing
BMW,328d,2014,2018,2014-2018,0,plowman/open-vehicle-db,added_missing
BMW,328i,,,,0,DanielKohut/car-data,added_missing
BMW,328iC,1996,2000,1996-2000,0,plowman/open-vehicle-db,added_missing
BMW,328iS,1996,2000,1996-2000,0,plowman/open-vehicle-db,added_missing
BMW,328xi,2007,2008,2007-2008,0,plowman/open-vehicle-db,added_missing
BMW,330Ci,2001,2006,2001-2006,0,plowman/open-vehicle-db,added_missing
BMW,330d,,,,0,DanielKohut/car-data,added_missing
BMW,330e,,,,0,DanielKohut/car-data,added_missing
BMW,330i,,,,0,DanielKohut/car-data,added_missing
BMW,330xi,2002,2006,2002-2006,0,plowman/open-vehicle-db,added_missing
BMW,335,2014,2014,2014-2014,0,plowman/open-vehicle-db,added_missing
BMW,335d,,,,0,DanielKohut/car-data,added_missing
BMW,335i,,,,0,DanielKohut/car-data,added_missing
BMW,335is,2011,2015,2011-2015,0,plowman/open-vehicle-db,added_missing
BMW,335xi,2007,2008,2007-2008,0,plowman/open-vehicle-db,added_missing
BMW,340d,,,,0,DanielKohut/car-data,added_missing
BMW,340i,,,,0,DanielKohut/car-data,added_missing
BMW,"4 Convertible (F33, F83)",2012,2012,2012,11,itdiag8-dotcom/database (vivid_cars2000.db),added_from_vivid
BMW,"4 Coupe (F32, F82)",2012,2013,2012-2013,14,itdiag8-dotcom/database (vivid_cars2000.db),added_from_vivid
BMW,4 Gran Coupe (F36),2012,2013,2012-2013,10,itdiag8-dotcom/database (vivid_cars2000.db),added_from_vivid
BMW,4 Series,2013,2014,2013-2014,9,original_db,existing
BMW,4 Series Gran,2014,2026,2014-2026,0,gor3a/vehicle-makes-models,added_missing
BMW,4 Series – F32/F33/F36,,,,0,DanielKohut/car-data,added_missing
BMW,4 Series – G22/G23/G26,,,,0,DanielKohut/car-data,added_missing
BMW,418d,,,,0,DanielKohut/car-data,added_missing
BMW,418i,,,,0,DanielKohut/car-data,added_missing
BMW,420d,,,,0,DanielKohut/car-data,added_missing
BMW,420i,,,,0,DanielKohut/car-data,added_missing
BMW,425d,,,,0,DanielKohut/car-data,added_missing
BMW,425i,,,,0,DanielKohut/car-data,added_missing
BMW,428i,,,,0,DanielKohut/car-data,added_missing
BMW,430d,,,,0,DanielKohut/car-data,added_missing
BMW,430i,,,,0,DanielKohut/car-data,added_missing
BMW,435d,,,,0,DanielKohut/car-data,added_missing
BMW,435i,,,,0,DanielKohut/car-data,added_missing
BMW,440d,,,,0,DanielKohut/car-data,added_missing
BMW,440i,,,,0,DanielKohut/car-data,added_missing
BMW,5 (E39),2000,2000,2000,6,itdiag8-dotcom/database (vivid_cars2000.db),added_from_vivid
BMW,5 (E60),2003,2007,2003-2007,48,itdiag8-dotcom/database (vivid_cars2000.db),added_from_vivid
BMW,"5 (F10, F18)",2009,2012,2009-2012,30,itdiag8-dotcom/database (vivid_cars2000.db),added_from_vivid
BMW,5 Gran Turismo (F07),2008,2012,2008-2012,14,itdiag8-dotcom/database (vivid_cars2000.db),added_from_vivid
BMW,5 Series,1995,2014,1995-2014,84,original_db,existing
BMW,5 Series Gran Turismo,2009,2017,2009-2017,0,gor3a/vehicle-makes-models,added_missing
BMW,5 Series – E12,,,,0,DanielKohut/car-data,added_missing
BMW,5 Series – E28,,,,0,DanielKohut/car-data,added_missing
BMW,5 Series – E34,,,,0,DanielKohut/car-data,added_missing
BMW,5 Series – E39,,,,0,DanielKohut/car-data,added_missing
BMW,5 Series – E60/E61,,,,0,DanielKohut/car-data,added_missing
BMW,5 Series – F10/F11/F07,,,,0,DanielKohut/car-data,added_missing
BMW,5 Series – G30/G31/G38,,,,0,DanielKohut/car-data,added_missing
BMW,5 Touring (E39),2000,2000,2000,6,itdiag8-dotcom/database (vivid_cars2000.db),added_from_vivid
BMW,5 Touring (E61),2003,2007,2003-2007,42,itdiag8-dotcom/database (vivid_cars2000.db),added_from_vivid
BMW,5 Touring (F11),2009,2012,2009-2012,23,itdiag8-dotcom/database (vivid_cars2000.db),added_from_vivid
BMW,503,,,,0,DanielKohut/car-data,added_missing
BMW,507,,,,0,DanielKohut/car-data,added_missing
BMW,518d,,,,0,DanielKohut/car-data,added_missing
BMW,520d,,,,0,DanielKohut/car-data,added_missing
BMW,520i,,,,0,DanielKohut/car-data,added_missing
BMW,523i,,,,0,DanielKohut/car-data,added_missing
BMW,525d,,,,0,DanielKohut/car-data,added_missing
BMW,525i,,,,0,DanielKohut/car-data,added_missing
BMW,525iA,2003,2003,2003-2003,0,plowman/open-vehicle-db,added_missing
BMW,525xi,2006,2007,2006-2007,0,plowman/open-vehicle-db,added_missing
BMW,528i,,,,0,DanielKohut/car-data,added_missing
BMW,528xi,2008,2013,2008-2013,0,plowman/open-vehicle-db,added_missing
BMW,530d,,,,0,DanielKohut/car-data,added_missing
BMW,530e,,,,0,DanielKohut/car-data,added_missing
BMW,530i,,,,0,DanielKohut/car-data,added_missing
BMW,530iA,2003,2003,2003-2003,0,plowman/open-vehicle-db,added_missing
BMW,530xi,2006,2007,2006-2007,0,plowman/open-vehicle-db,added_missing
BMW,535d,,,,0,DanielKohut/car-data,added_missing
BMW,535i,,,,0,DanielKohut/car-data,added_missing
BMW,535xi,2008,2008,2008-2008,0,plowman/open-vehicle-db,added_missing
BMW,540d,,,,0,DanielKohut/car-data,added_missing
BMW,540i,,,,0,DanielKohut/car-data,added_missing
BMW,540iA,2003,2003,2003-2003,0,plowman/open-vehicle-db,added_missing
BMW,545e,,,,0,DanielKohut/car-data,added_missing
BMW,545i,2004,2005,2004-2005,0,plowman/open-vehicle-db,added_missing
BMW,550d,,,,0,DanielKohut/car-data,added_missing
BMW,550e,2025,2027,2025-2027,0,plowman/open-vehicle-db,added_missing
BMW,550i,,,,0,DanielKohut/car-data,added_missing
BMW,6 (E63),2003,2006,2003-2006,8,itdiag8-dotcom/database (vivid_cars2000.db),added_from_vivid
BMW,6 Convertible (E64),2003,2006,2003-2006,9,itdiag8-dotcom/database (vivid_cars2000.db),added_from_vivid
BMW,6 Convertible (F12),2010,2012,2010-2012,10,itdiag8-dotcom/database (vivid_cars2000.db),added_from_vivid
BMW,6 Coupe (F13),2009,2012,2009-2012,11,itdiag8-dotcom/database (vivid_cars2000.db),added_from_vivid
BMW,6 Gran Coupe (F06),2010,2012,2010-2012,7,itdiag8-dotcom/database (vivid_cars2000.db),added_from_vivid
BMW,6 Series,2002,2013,2002-2013,9,original_db,existing
BMW,6 Series Gran,2012,2018,2012-2018,0,gor3a/vehicle-makes-models,added_missing
BMW,6 Series Gran Turismo,2017,2026,2017-2026,0,gor3a/vehicle-makes-models,added_missing
BMW,6 Series – E24,,,,0,DanielKohut/car-data,added_missing
BMW,6 Series – E63/E64,,,,0,DanielKohut/car-data,added_missing
BMW,6 Series – F06/F12/F13,,,,0,DanielKohut/car-data,added_missing
BMW,600,,,,0,DanielKohut/car-data,added_missing
BMW,630d,,,,0,DanielKohut/car-data,added_missing
BMW,630i,,,,0,DanielKohut/car-data,added_missing
BMW,635d,,,,0,DanielKohut/car-data,added_missing
BMW,635i,,,,0,DanielKohut/car-data,added_missing
BMW,640d,,,,0,DanielKohut/car-data,added_missing
BMW,640i,,,,0,DanielKohut/car-data,added_missing
BMW,640xi,2018,2019,2018-2019,0,plowman/open-vehicle-db,added_missing
BMW,645Ci,,,,0,DanielKohut/car-data,added_missing
BMW,645i,2004,2004,2004-2004,0,plowman/open-vehicle-db,added_missing
BMW,650i,,,,0,DanielKohut/car-data,added_missing
BMW,"650i, Alpina B6",2015,2016,2015-2016,0,plowman/open-vehicle-db,added_missing
BMW,"650i, B6",2017,2019,2017-2019,0,plowman/open-vehicle-db,added_missing
BMW,650xi,2012,2015,2012-2015,0,plowman/open-vehicle-db,added_missing
BMW,7 (E38),2000,2000,2000,1,itdiag8-dotcom/database (vivid_cars2000.db),added_from_vivid
BMW,"7 (E65, E66, E67)",2001,2004,2001-2004,15,itdiag8-dotcom/database (vivid_cars2000.db),added_from_vivid
BMW,"7 (F01, F02, F03, F04)",2007,2011,2007-2011,19,itdiag8-dotcom/database (vivid_cars2000.db),added_from_vivid
BMW,7 Series,1995,2012,1995-2012,29,original_db,existing
BMW,7 Series – E23,,,,0,DanielKohut/car-data,added_missing
BMW,7 Series – E32,,,,0,DanielKohut/car-data,added_missing
BMW,7 Series – E38,,,,0,DanielKohut/car-data,added_missing
BMW,7 Series – E65/E66/E67/E68,,,,0,DanielKohut/car-data,added_missing
BMW,7 Series – F01/F02/F03/F04,,,,0,DanielKohut/car-data,added_missing
BMW,7 Series – G11/G12,,,,0,DanielKohut/car-data,added_missing
BMW,7 Series – G70,,,,0,DanielKohut/car-data,added_missing
BMW,700,,,,0,DanielKohut/car-data,added_missing
BMW,730d,,,,0,DanielKohut/car-data,added_missing
BMW,730i,,,,0,DanielKohut/car-data,added_missing
BMW,740Li,2011,2022,2011-2022,0,plowman/open-vehicle-db,added_missing
BMW,740d,,,,0,DanielKohut/car-data,added_missing
BMW,740e,,,,0,DanielKohut/car-data,added_missing
BMW,740i,,,,0,DanielKohut/car-data,added_missing
BMW,740iL,1993,2001,1993-2001,0,plowman/open-vehicle-db,added_missing
BMW,745Le,2022,2022,2022-2022,0,plowman/open-vehicle-db,added_missing
BMW,745Li,2002,2005,2002-2005,0,plowman/open-vehicle-db,added_missing
BMW,745e,,,,0,DanielKohut/car-data,added_missing
BMW,745i,2002,2005,2002-2005,0,plowman/open-vehicle-db,added_missing
BMW,750Li,2000,2022,2000-2022,0,plowman/open-vehicle-db,added_missing
BMW,"750Li, Alpina B7",2012,2015,2012-2015,0,plowman/open-vehicle-db,added_missing
BMW,750Lxi,2010,2015,2010-2015,0,plowman/open-vehicle-db,added_missing
BMW,"750Lxi, Alpina B7",2012,2012,2012-2012,0,plowman/open-vehicle-db,added_missing
BMW,750d,,,,0,DanielKohut/car-data,added_missing
BMW,750e,2024,2026,2024-2026,0,plowman/open-vehicle-db,added_missing
BMW,750i,,,,0,DanielKohut/car-data,added_missing
BMW,"750i, Alpina B7",2012,2015,2012-2015,0,plowman/open-vehicle-db,added_missing
BMW,"750i, B7",2017,2019,2017-2019,0,plowman/open-vehicle-db,added_missing
BMW,750xi,2010,2015,2010-2015,0,plowman/open-vehicle-db,added_missing
BMW,"750xi, Alpina B7",2012,2012,2012-2012,0,plowman/open-vehicle-db,added_missing
BMW,760Li,2003,2015,2003-2015,0,plowman/open-vehicle-db,added_missing
BMW,760i,,,,0,DanielKohut/car-data,added_missing
BMW,8 Series,1989,2026,1989-2026,0,gor3a/vehicle-makes-models,added_missing
BMW,8 Series Gran,2019,2022,2019-2022,0,gor3a/vehicle-makes-models,added_missing
BMW,8 Series – E31,,,,0,DanielKohut/car-data,added_missing
BMW,8 Series – G14/G15/G16,,,,0,DanielKohut/car-data,added_missing
BMW,840d,,,,0,DanielKohut/car-data,added_missing
BMW,840i,,,,0,DanielKohut/car-data,added_missing
BMW,850i,,,,0,DanielKohut/car-data,added_missing
BMW,ActiveE,2012,2012,2012-2012,0,plowman/open-vehicle-db,added_missing
BMW,ActiveHybrid 3,,,,0,DanielKohut/car-data,added_missing
BMW,ActiveHybrid 5,,,,0,DanielKohut/car-data,added_missing
BMW,ActiveHybrid 7,,,,0,DanielKohut/car-data,added_missing
BMW,Alpina,2003,2003,2003-2003,0,plowman/open-vehicle-db,added_missing
BMW,Alpina B8,2022,2025,2022-2025,0,plowman/open-vehicle-db,added_missing
BMW,B7,2019,2022,2019-2022,0,plowman/open-vehicle-db,added_missing
BMW,Isetta,,,,0,DanielKohut/car-data,added_missing
BMW,L7,,,,0,DanielKohut/car-data,added_missing
BMW,M Series,1998,2015,1998-2015,19,original_db,existing
BMW,M135i,,,,0,DanielKohut/car-data,added_missing
BMW,M135i xDrive,,,,0,DanielKohut/car-data,added_missing
BMW,M140i,,,,0,DanielKohut/car-data,added_missing
BMW,M140i xDrive,,,,0,DanielKohut/car-data,added_missing
BMW,M2,2015,2026,2015-2026,0,gor3a/vehicle-makes-models,added_missing
BMW,M2 CS,2019,2026,2019-2026,0,gor3a/vehicle-makes-models,added_missing
BMW,M2 Competition,,,,0,DanielKohut/car-data,added_missing
BMW,M235,2025,2027,2025-2027,0,plowman/open-vehicle-db,added_missing
BMW,M235i,,,,0,DanielKohut/car-data,added_missing
BMW,M235i xDrive,,,,0,DanielKohut/car-data,added_missing
BMW,M240i,,,,0,DanielKohut/car-data,added_missing
BMW,M240i xDrive,,,,0,DanielKohut/car-data,added_missing
BMW,M3,1986,2026,1986-2026,0,gor3a/vehicle-makes-models,added_missing
BMW,M3 CS,2025,2026,2025-2026,0,gor3a/vehicle-makes-models,added_missing
BMW,M3 Competition,,,,0,DanielKohut/car-data,added_missing
BMW,M3 Touring,,,,0,DanielKohut/car-data,added_missing
BMW,M340i,2020,2026,2020-2026,0,plowman/open-vehicle-db,added_missing
BMW,M3Ci,2001,2006,2001-2006,0,plowman/open-vehicle-db,added_missing
BMW,M4,2014,2026,2014-2026,0,gor3a/vehicle-makes-models,added_missing
BMW,M4 CS,2017,2026,2017-2026,0,gor3a/vehicle-makes-models,added_missing
BMW,M4 CSL,,,,0,DanielKohut/car-data,added_missing
BMW,M4 Competition,,,,0,DanielKohut/car-data,added_missing
BMW,M4 Convertible,,,,0,DanielKohut/car-data,added_missing
BMW,M4 GTS,2015,2016,2015-2016,0,gor3a/vehicle-makes-models,added_missing
BMW,M440i,2021,2027,2021-2027,0,plowman/open-vehicle-db,added_missing
BMW,M5,1979,2026,1979-2026,0,gor3a/vehicle-makes-models,added_missing
BMW,M5 CS,,,,0,DanielKohut/car-data,added_missing
BMW,M5 Competition,,,,0,DanielKohut/car-data,added_missing
BMW,M5 Touring,,,,0,DanielKohut/car-data,added_missing
BMW,M550i,2018,2023,2018-2023,0,plowman/open-vehicle-db,added_missing
BMW,M6,1984,2018,1984-2018,0,gor3a/vehicle-makes-models,added_missing
BMW,M6 Cabrio,2006,2018,2006-2018,0,gor3a/vehicle-makes-models,added_missing
BMW,M6 Convertible,,,,0,DanielKohut/car-data,added_missing
BMW,M6 Gran,2013,2018,2013-2018,0,gor3a/vehicle-makes-models,added_missing
BMW,M6 Gran Coupé,,,,0,DanielKohut/car-data,added_missing
BMW,M760Li,,,,0,DanielKohut/car-data,added_missing
BMW,M760e,,,,0,DanielKohut/car-data,added_missing
BMW,M760i,2017,2021,2017-2021,0,plowman/open-vehicle-db,added_missing
BMW,M8,2019,2026,2019-2026,0,gor3a/vehicle-makes-models,added_missing
BMW,M8 Competition Convertible,,,,0,DanielKohut/car-data,added_missing
BMW,M8 Competition Coupé,,,,0,DanielKohut/car-data,added_missing
BMW,M8 Competition Gran Coupé,,,,0,DanielKohut/car-data,added_missing
BMW,M8 Gran,2022,2026,2022-2026,0,gor3a/vehicle-makes-models,added_missing
BMW,M850i,2020,2026,2020-2026,0,plowman/open-vehicle-db,added_missing
BMW,Neue Klasse,,,,0,DanielKohut/car-data,added_missing
BMW,X Series,1999,2015,1999-2015,79,original_db,existing
BMW,X1,2009,2026,2009-2026,0,gor3a/vehicle-makes-models,added_missing
BMW,X1 (E84),2008,2012,2008-2012,16,itdiag8-dotcom/database (vivid_cars2000.db),added_from_vivid
BMW,X1 M35i xDrive,,,,0,DanielKohut/car-data,added_missing
BMW,X1 – E84,,,,0,DanielKohut/car-data,added_missing
BMW,X1 – F48,,,,0,DanielKohut/car-data,added_missing
BMW,X1 – U11,,,,0,DanielKohut/car-data,added_missing
BMW,X2,2018,2026,2018-2026,0,gor3a/vehicle-makes-models,added_missing
BMW,X2 M35i xDrive,,,,0,DanielKohut/car-data,added_missing
BMW,X2 – F39,,,,0,DanielKohut/car-data,added_missing
BMW,X2 – U10,,,,0,DanielKohut/car-data,added_missing
BMW,X3,2004,2026,2004-2026,0,gor3a/vehicle-makes-models,added_missing
BMW,X3 (E83),2003,2008,2003-2008,24,itdiag8-dotcom/database (vivid_cars2000.db),added_from_vivid
BMW,X3 (F25),2009,2012,2009-2012,17,itdiag8-dotcom/database (vivid_cars2000.db),added_from_vivid
BMW,X3 M,2019,2026,2019-2026,0,gor3a/vehicle-makes-models,added_missing
BMW,X3 M40i,,,,0,DanielKohut/car-data,added_missing
BMW,X3 – E83,,,,0,DanielKohut/car-data,added_missing
BMW,X3 – F25,,,,0,DanielKohut/car-data,added_missing
BMW,X3 – G01,,,,0,DanielKohut/car-data,added_missing
BMW,X4,2014,2026,2014-2026,0,gor3a/vehicle-makes-models,added_missing
BMW,X4 (F26),2012,2012,2012,7,itdiag8-dotcom/database (vivid_cars2000.db),added_from_vivid
BMW,X4 M,2019,2026,2019-2026,0,gor3a/vehicle-makes-models,added_missing
BMW,X4 M40i,,,,0,DanielKohut/car-data,added_missing
BMW,X4 – F26,,,,0,DanielKohut/car-data,added_missing
BMW,X4 – G02,,,,0,DanielKohut/car-data,added_missing
BMW,X5,2000,2026,2000-2026,0,gor3a/vehicle-makes-models,added_missing
BMW,X5 (E53),2000,2003,2000-2003,10,itdiag8-dotcom/database (vivid_cars2000.db),added_from_vivid
BMW,X5 (E70),2006,2011,2006-2011,17,itdiag8-dotcom/database (vivid_cars2000.db),added_from_vivid
BMW,"X5 (F15, F85)",2011,2013,2011-2013,9,itdiag8-dotcom/database (vivid_cars2000.db),added_from_vivid
BMW,X5 M,2009,2026,2009-2026,0,gor3a/vehicle-makes-models,added_missing
BMW,X5 M50i,,,,0,DanielKohut/car-data,added_missing
BMW,X5 – E53,,,,0,DanielKohut/car-data,added_missing
BMW,X5 – E70,,,,0,DanielKohut/car-data,added_missing
BMW,X5 – F15/F85,,,,0,DanielKohut/car-data,added_missing
BMW,X5 – G05/G18,,,,0,DanielKohut/car-data,added_missing
BMW,X6,2008,2026,2008-2026,0,gor3a/vehicle-makes-models,added_missing
BMW,"X6 (E71, E72)",2007,2011,2007-2011,17,itdiag8-dotcom/database (vivid_cars2000.db),added_from_vivid
BMW,"X6 (F16, F86)",2012,2013,2012-2013,7,itdiag8-dotcom/database (vivid_cars2000.db),added_from_vivid
BMW,X6 M,2009,2026,2009-2026,0,gor3a/vehicle-makes-models,added_missing
BMW,X6 M50i,,,,0,DanielKohut/car-data,added_missing
BMW,X6 – E71/E72,,,,0,DanielKohut/car-data,added_missing
BMW,X6 – F16/F86,,,,0,DanielKohut/car-data,added_missing
BMW,X6 – G06,,,,0,DanielKohut/car-data,added_missing
BMW,X7,2018,2026,2018-2026,0,gor3a/vehicle-makes-models,added_missing
BMW,X7 M60i,,,,0,DanielKohut/car-data,added_missing
BMW,X7 – G07,,,,0,DanielKohut/car-data,added_missing
BMW,XM,2022,2026,2022-2026,0,gor3a/vehicle-makes-models,added_missing
BMW,Z Series,1994,2013,1994-2013,37,original_db,existing
BMW,Z3,1996,2003,1996-2003,0,gor3a/vehicle-makes-models,added_missing
BMW,Z3 (E36),2000,2001,2000-2001,4,itdiag8-dotcom/database (vivid_cars2000.db),added_from_vivid
BMW,Z3 Coupe (E36),2000,2001,2000-2001,3,itdiag8-dotcom/database (vivid_cars2000.db),added_from_vivid
BMW,Z3 M,,,,0,DanielKohut/car-data,added_missing
BMW,Z4,2002,2026,2002-2026,0,gor3a/vehicle-makes-models,added_missing
BMW,Z4 (E85),2002,2005,2002-2005,10,itdiag8-dotcom/database (vivid_cars2000.db),added_from_vivid
BMW,Z4 (E89),2008,2012,2008-2012,7,itdiag8-dotcom/database (vivid_cars2000.db),added_from_vivid
BMW,Z4 Coupe (E86),2005,2005,2005,2,itdiag8-dotcom/database (vivid_cars2000.db),added_from_vivid
BMW,Z4 M40i,,,,0,DanielKohut/car-data,added_missing
BMW,Z4 – E85/E86,,,,0,DanielKohut/car-data,added_missing
BMW,Z4 – E89,,,,0,DanielKohut/car-data,added_missing
BMW,Z4 – G29,,,,0,DanielKohut/car-data,added_missing
BMW,Z8,2000,2003,2000-2003,0,gor3a/vehicle-makes-models,added_missing
BMW,Z8 (E52),2000,2000,2000,1,itdiag8-dotcom/database (vivid_cars2000.db),added_from_vivid
BMW,i3,2013,2026,2013-2026,0,gor3a/vehicle-makes-models,added_missing
BMW,i3s,,,,0,DanielKohut/car-data,added_missing
BMW,i4,2021,2026,2021-2026,0,gor3a/vehicle-makes-models,added_missing
BMW,i4 M50,,,,0,DanielKohut/car-data,added_missing
BMW,i5,2023,2026,2023-2026,0,gor3a/vehicle-makes-models,added_missing
BMW,i5 M60 xDrive,,,,0,DanielKohut/car-data,added_missing
BMW,i7,2022,2026,2022-2026,0,gor3a/vehicle-makes-models,added_missing
BMW,i7 M70,,,,0,DanielKohut/car-data,added_missing
BMW,i8,2014,2020,2014-2020,0,gor3a/vehicle-makes-models,added_missing
BMW,iX,2021,2026,2021-2026,0,gor3a/vehicle-makes-models,added_missing
BMW,iX M,2022,2025,2022-2025,0,gor3a/vehicle-makes-models,added_missing
BMW,iX M60,,,,0,DanielKohut/car-data,added_missing
BMW,iX1,2022,2026,2022-2026,0,gor3a/vehicle-makes-models,added_missing
BMW,iX2,2023,2026,2023-2026,0,gor3a/vehicle-makes-models,added_missing
BMW,iX3,2020,2026,2020-2026,0,gor3a/vehicle-makes-models,added_missing
BYD,ATTO 2,2025,2026,2025-2026,0,gor3a/vehicle-makes-models,added_missing
BYD,ATTO 3,2022,2026,2022-2026,0,gor3a/vehicle-makes-models,added_missing
BYD,DOLPHIN,2025,2026,2025-2026,0,gor3a/vehicle-makes-models,added_missing
BYD,Sealion 7,2024,2026,2024-2026,0,gor3a/vehicle-makes-models,added_missing
Bentley,3 Litre,,,,0,DanielKohut/car-data,added_missing
Bentley,4½ Litre,,,,0,DanielKohut/car-data,added_missing
Bentley,6½ Litre,,,,0,DanielKohut/car-data,added_missing
Bentley,8 Litre,,,,0,DanielKohut/car-data,added_missing
Bentley,ARMOURED ARNAGE,2004,2009,2004-2009,0,plowman/open-vehicle-db,added_missing
Bentley,Arnage,2002,2008,2002-2008,7,original_db,existing
Bentley,Arnage Drophead Coupe,2005,2005,2005,1,original_db,existing
Bentley,Azure,2006,2006,2006,2,original_db,existing
Bentley,Bacalar,,,,0,DanielKohut/car-data,added_missing
Bentley,Batur,2024,2026,2024-2026,0,gor3a/vehicle-makes-models,added_missing
Bentley,Bentayga,2015,2026,2015-2026,0,gor3a/vehicle-makes-models,added_missing
Bentley,Bentayga Speed,2019,2026,2019-2026,0,gor3a/vehicle-makes-models,added_missing
Bentley,Blower Bentley,,,,0,DanielKohut/car-data,added_missing
Bentley,Brooklands,2008,2008,2008,1,original_db,existing
Bentley,Continental,2003,2010,2003-2010,11,original_db,existing
Bentley,Continental Flying Spur,2005,2009,2005-2009,4,original_db,existing
Bentley,Continental GT,2011,2026,2011-2026,0,gor3a/vehicle-makes-models,added_missing
Bentley,Continental GT Speed,,,,0,DanielKohut/car-data,added_missing
Bentley,Continental GTC,2006,2026,2006-2026,0,gor3a/vehicle-makes-models,added_missing
Bentley,Continental R,,,,0,DanielKohut/car-data,added_missing
Bentley,Continental S,,,,0,DanielKohut/car-data,added_missing
Bentley,Continental Supersports,,,,0,DanielKohut/car-data,added_missing
Bentley,Continental T,,,,0,DanielKohut/car-data,added_missing
Bentley,Corniche,,,,0,DanielKohut/car-data,added_missing
Bentley,EXP 10 Speed 6,,,,0,DanielKohut/car-data,added_missing
Bentley,EXP 100 GT,,,,0,DanielKohut/car-data,added_missing
Bentley,Eight,,,,0,DanielKohut/car-data,added_missing
Bentley,Flying Spur,2014,2026,2014-2026,0,gor3a/vehicle-makes-models,added_missing
Bentley,Mark VI,,,,0,DanielKohut/car-data,added_missing
Bentley,Mulliner,2020,2026,2020-2026,0,gor3a/vehicle-makes-models,added_missing
Bentley,Mulsanne,2010,2015,2010-2015,3,original_db,existing
Bentley,R Type,,,,0,DanielKohut/car-data,added_missing
Bentley,Roll Royce Silver Seraph,2009,2009,2009-2009,0,plowman/open-vehicle-db,added_missing
Bentley,Rolls-Royce Park Ward,2009,2009,2009-2009,0,plowman/open-vehicle-db,added_missing
Bentley,S1,,,,0,DanielKohut/car-data,added_missing
Bentley,S2,,,,0,DanielKohut/car-data,added_missing
Bentley,S3,,,,0,DanielKohut/car-data,added_missing
Bentley,Speed Six,,,,0,DanielKohut/car-data,added_missing
Bentley,State Limousine,,,,0,DanielKohut/car-data,added_missing
Bentley,T-Series,,,,0,DanielKohut/car-data,added_missing
Bentley,Turbo R,,,,0,DanielKohut/car-data,added_missing
Bentley,Turbo RT,,,,0,DanielKohut/car-data,added_missing
Brilliance,BC3,,,,0,DanielKohut/car-data,added_missing
Brilliance,BS2,,,,0,DanielKohut/car-data,added_missing
Brilliance,BS4,,,,0,DanielKohut/car-data,added_missing
Brilliance,BS6,,,,0,DanielKohut/car-data,added_missing
Brilliance,C3,,,,0,DanielKohut/car-data,added_missing
Brilliance,Dolphin,,,,0,DanielKohut/car-data,added_missing
Brilliance,FRV,,,,0,DanielKohut/car-data,added_missing
Brilliance,FRV Cross,,,,0,DanielKohut/car-data,added_missing
Brilliance,FSV,,,,0,DanielKohut/car-data,added_missing
Brilliance,Galena,2004,2006,2004-2006,2,original_db,existing
Brilliance,Grandeur,,,,0,DanielKohut/car-data,added_missing
Brilliance,H220,,,,0,DanielKohut/car-data,added_missing
Brilliance,H230,2012,2026,2012-2026,0,gor3a/vehicle-makes-models,added_missing
Brilliance,H3,,,,0,DanielKohut/car-data,added_missing
Brilliance,H320,,,,0,DanielKohut/car-data,added_missing
Brilliance,H330,2013,2026,2013-2026,0,gor3a/vehicle-makes-models,added_missing
Brilliance,H530,2011,2026,2011-2026,0,gor3a/vehicle-makes-models,added_missing
Brilliance,H530 EV,,,,0,DanielKohut/car-data,added_missing
Brilliance,H7,,,,0,DanielKohut/car-data,added_missing
Brilliance,Jinbei,2007,2007,2007,1,original_db,existing
Brilliance,JunJie,,,,0,DanielKohut/car-data,added_missing
Brilliance,JunJie Cross,,,,0,DanielKohut/car-data,added_missing
Brilliance,JunJie FRV,,,,0,DanielKohut/car-data,added_missing
Brilliance,JunJie FSV,,,,0,DanielKohut/car-data,added_missing
Brilliance,JunJie Wagon,,,,0,DanielKohut/car-data,added_missing
Brilliance,Junjine Tun,,,,0,DanielKohut/car-data,added_missing
Brilliance,Kubao,,,,0,DanielKohut/car-data,added_missing
Brilliance,M1,2004,2006,2004-2006,2,original_db,existing
Brilliance,M2,,,,0,DanielKohut/car-data,added_missing
Brilliance,M3,,,,0,DanielKohut/car-data,added_missing
Brilliance,Splendor,,,,0,DanielKohut/car-data,added_missing
Brilliance,Tun,,,,0,DanielKohut/car-data,added_missing
Brilliance,V3,2015,2026,2015-2026,0,gor3a/vehicle-makes-models,added_missing
Brilliance,V5,2012,2026,2012-2026,0,gor3a/vehicle-makes-models,added_missing
Brilliance,V6,,,,0,DanielKohut/car-data,added_missing
Brilliance,V7,2018,2026,2018-2026,0,gor3a/vehicle-makes-models,added_missing
Brilliance,X1,,,,0,DanielKohut/car-data,added_missing
Brilliance,X3,,,,0,DanielKohut/car-data,added_missing
Brilliance,Zhonghua,,,,0,DanielKohut/car-data,added_missing
Brilliance,Zunchi,,,,0,DanielKohut/car-data,added_missing
Bugatti,16C Galibier,,,,0,DanielKohut/car-data,added_missing
Bugatti,18/3 Chiron,,,,0,DanielKohut/car-data,added_missing
Bugatti,Bolide,2022,2026,2022-2026,0,gor3a/vehicle-makes-models,added_missing
Bugatti,Brouillard,2025,2026,2025-2026,0,gor3a/vehicle-makes-models,added_missing
Bugatti,Centodieci,2019,2022,2019-2022,0,gor3a/vehicle-makes-models,added_missing
Bugatti,Chiron,2016,2026,2016-2026,0,gor3a/vehicle-makes-models,added_missing
Bugatti,Chiron Pur Sport,,,,0,DanielKohut/car-data,added_missing
Bugatti,Chiron Super Sport,,,,0,DanielKohut/car-data,added_missing
Bugatti,Chiron Super Sport 300+,,,,0,DanielKohut/car-data,added_missing
Bugatti,Chiron Supersport,2020,2024,2020-2024,0,plowman/open-vehicle-db,added_missing
Bugatti,Divo,2018,2021,2018-2021,0,gor3a/vehicle-makes-models,added_missing
Bugatti,EB 110 GT,,,,0,DanielKohut/car-data,added_missing
Bugatti,EB 110 SS,,,,0,DanielKohut/car-data,added_missing
Bugatti,EB 112,,,,0,DanielKohut/car-data,added_missing
Bugatti,EB 118,,,,0,DanielKohut/car-data,added_missing
Bugatti,EB 218,,,,0,DanielKohut/car-data,added_missing
Bugatti,EB110,1994,2027,1994-2027,0,plowman/open-vehicle-db,added_missing
Bugatti,La Voiture Noire,2019,2019,2019-2019,0,gor3a/vehicle-makes-models,added_missing
Bugatti,Mistral,2022,2026,2022-2026,0,gor3a/vehicle-makes-models,added_missing
Bugatti,Tourbillon,2024,2026,2024-2026,0,gor3a/vehicle-makes-models,added_missing
Bugatti,Type 101,,,,0,DanielKohut/car-data,added_missing
Bugatti,Type 101 Antem,,,,0,DanielKohut/car-data,added_missing
Bugatti,Type 13,,,,0,DanielKohut/car-data,added_missing
Bugatti,Type 17,,,,0,DanielKohut/car-data,added_missing
Bugatti,Type 18,,,,0,DanielKohut/car-data,added_missing
Bugatti,Type 22,,,,0,DanielKohut/car-data,added_missing
Bugatti,Type 23,,,,0,DanielKohut/car-data,added_missing
Bugatti,Type 251,,,,0,DanielKohut/car-data,added_missing
Bugatti,Type 30,,,,0,DanielKohut/car-data,added_missing
Bugatti,Type 32,,,,0,DanielKohut/car-data,added_missing
Bugatti,Type 35,,,,0,DanielKohut/car-data,added_missing
Bugatti,Type 37,,,,0,DanielKohut/car-data,added_missing
Bugatti,Type 41 Royale,,,,0,DanielKohut/car-data,added_missing
Bugatti,Type 43,,,,0,DanielKohut/car-data,added_missing
Bugatti,Type 44,,,,0,DanielKohut/car-data,added_missing
Bugatti,Type 46,,,,0,DanielKohut/car-data,added_missing
Bugatti,Type 49,,,,0,DanielKohut/car-data,added_missing
Bugatti,Type 50,,,,0,DanielKohut/car-data,added_missing
Bugatti,Type 51,,,,0,DanielKohut/car-data,added_missing
Bugatti,Type 52,,,,0,DanielKohut/car-data,added_missing
Bugatti,Type 53,,,,0,DanielKohut/car-data,added_missing
Bugatti,Type 54,,,,0,DanielKohut/car-data,added_missing
Bugatti,Type 55,,,,0,DanielKohut/car-data,added_missing
Bugatti,Type 56,,,,0,DanielKohut/car-data,added_missing
Bugatti,Type 57,,,,0,DanielKohut/car-data,added_missing
Bugatti,Type 57 Atlantic,,,,0,DanielKohut/car-data,added_missing
Bugatti,Type 57C,,,,0,DanielKohut/car-data,added_missing
Bugatti,Type 57S,,,,0,DanielKohut/car-data,added_missing
Bugatti,Type 57SC Atlantic,,,,0,DanielKohut/car-data,added_missing
Bugatti,Type 59,,,,0,DanielKohut/car-data,added_missing
Bugatti,Veyron,2005,2015,2005-2015,0,gor3a/vehicle-makes-models,added_missing
Bugatti,Veyron 16.4,2005,2005,2005,1,original_db,existing
Bugatti,Veyron 16.4 Grand Sport,,,,0,DanielKohut/car-data,added_missing
Bugatti,Veyron 16.4 Super Sport,,,,0,DanielKohut/car-data,added_missing
Bugatti,Veyron Grand Sport Vitesse,,,,0,DanielKohut/car-data,added_missing
Bugatti,Vision Gran Turismo,,,,0,DanielKohut/car-data,added_missing
Buick,Allure,2005,2009,2005-2009,0,plowman/open-vehicle-db,added_missing
Buick,Apollo,,,,0,DanielKohut/car-data,added_missing
Buick,Cascada,2016,2019,2016-2019,0,gor3a/vehicle-makes-models,added_missing
Buick,Century,1939,2005,1939-2005,0,gor3a/vehicle-makes-models,added_missing
Buick,Century Custom,,,,0,DanielKohut/car-data,added_missing
Buick,Eight,,,,0,DanielKohut/car-data,added_missing
Buick,Electra,,,,0,DanielKohut/car-data,added_missing
Buick,Enclave,2007,2026,2007-2026,0,gor3a/vehicle-makes-models,added_missing
Buick,Encore,2013,2026,2013-2026,0,gor3a/vehicle-makes-models,added_missing
Buick,Encore GX,,,,0,DanielKohut/car-data,added_missing
Buick,Enspire,,,,0,DanielKohut/car-data,added_missing
Buick,Envision,2014,2026,2014-2026,0,gor3a/vehicle-makes-models,added_missing
Buick,Envista,2023,2026,2023-2026,0,gor3a/vehicle-makes-models,added_missing
Buick,Estate Wagon,,,,0,DanielKohut/car-data,added_missing
Buick,Excelle,2011,2011,2011,1,original_db,existing
Buick,GL6,,,,0,DanielKohut/car-data,added_missing
Buick,GL8,,,,0,DanielKohut/car-data,added_missing
Buick,GL8 Avenir,,,,0,DanielKohut/car-data,added_missing
Buick,GS,,,,0,DanielKohut/car-data,added_missing
Buick,Incomplete,2001,2001,2001-2001,0,plowman/open-vehicle-db,added_missing
Buick,Invicta,,,,0,DanielKohut/car-data,added_missing
Buick,LA CROSSE Saloon,2008,2008,2008,3,itdiag8-dotcom/database (vivid_cars2000.db),added_from_vivid
Buick,LaCrosse,2004,2019,2004-2019,0,gor3a/vehicle-makes-models,added_missing
Buick,LeSabre,1991,2005,1991-2005,0,gor3a/vehicle-makes-models,added_missing
Buick,Limited,,,,0,DanielKohut/car-data,added_missing
Buick,Lucerne,2005,2011,2005-2011,0,gor3a/vehicle-makes-models,added_missing
Buick,Master Six,,,,0,DanielKohut/car-data,added_missing
Buick,Park Avenue,1991,2005,1991-2005,0,gor3a/vehicle-makes-models,added_missing
Buick,REGAL (4WF_),2002,2002,2002,1,itdiag8-dotcom/database (vivid_cars2000.db),added_from_vivid
Buick,RENDEZVOUZ,2000,2000,2000,1,itdiag8-dotcom/database (vivid_cars2000.db),added_from_vivid
Buick,Rainier,2003,2007,2003-2007,0,gor3a/vehicle-makes-models,added_missing
Buick,Regal,2011,2011,2011,1,original_db,existing
Buick,Regal TourX,,,,0,DanielKohut/car-data,added_missing
Buick,Rendezvous,2002,2007,2002-2007,0,gor3a/vehicle-makes-models,added_missing
Buick,Roadmaster,,,,0,DanielKohut/car-data,added_missing
Buick,Series 40,,,,0,DanielKohut/car-data,added_missing
Buick,Series 50,,,,0,DanielKohut/car-data,added_missing
Buick,Series 60,,,,0,DanielKohut/car-data,added_missing
Buick,Series 70,,,,0,DanielKohut/car-data,added_missing
Buick,Series 80,,,,0,DanielKohut/car-data,added_missing
Buick,Series 90,,,,0,DanielKohut/car-data,added_missing
Buick,Skylark Custom,,,,0,DanielKohut/car-data,added_missing
Buick,Special,,,,0,DanielKohut/car-data,added_missing
Buick,Terraza,2005,2007,2005-2007,0,gor3a/vehicle-makes-models,added_missing
Buick,Velite,,,,0,DanielKohut/car-data,added_missing
Buick,Velite 6,,,,0,DanielKohut/car-data,added_missing
Buick,Velite 7,,,,0,DanielKohut/car-data,added_missing
Buick,Verano,2012,2017,2012-2017,0,gor3a/vehicle-makes-models,added_missing
Buick,Wildcat,,,,0,DanielKohut/car-data,added_missing
Buick,Y-Job,,,,0,DanielKohut/car-data,added_missing
Cadillac,ATS,2012,2019,2012-2019,0,gor3a/vehicle-makes-models,added_missing
Cadillac,ATS Coupe,,,,0,DanielKohut/car-data,added_missing
Cadillac,ATS-V,2015,2019,2015-2019,0,gor3a/vehicle-makes-models,added_missing
Cadillac,BLS Wagon,2006,2009,2006-2009,9,itdiag8-dotcom/database (vivid_cars2000.db),added_from_vivid
Cadillac,Bls,2005,2005,2005,1,original_db,existing
Cadillac,CT4,2019,2026,2019-2026,0,gor3a/vehicle-makes-models,added_missing
Cadillac,CT4-V,2019,2026,2019-2026,0,gor3a/vehicle-makes-models,added_missing
Cadillac,CT5,2019,2026,2019-2026,0,gor3a/vehicle-makes-models,added_missing
Cadillac,CT5-V,2019,2026,2019-2026,0,gor3a/vehicle-makes-models,added_missing
Cadillac,CT6,2016,2023,2016-2023,0,gor3a/vehicle-makes-models,added_missing
Cadillac,CTS Coupe,,,,0,DanielKohut/car-data,added_missing
Cadillac,CTS Sport,2009,2014,2009-2014,0,gor3a/vehicle-makes-models,added_missing
Cadillac,CTS Sport Wagon,2007,2011,2007-2011,10,itdiag8-dotcom/database (vivid_cars2000.db),added_from_vivid
Cadillac,CTS V-Series,2003,2019,2003-2019,0,gor3a/vehicle-makes-models,added_missing
Cadillac,CTS-V,2012,2015,2012-2015,0,gor3a/vehicle-makes-models,added_missing
Cadillac,CTS-V Sport,2010,2014,2010-2014,0,gor3a/vehicle-makes-models,added_missing
Cadillac,Calais,,,,0,DanielKohut/car-data,added_missing
Cadillac,Catera,1997,2001,1997-2001,0,gor3a/vehicle-makes-models,added_missing
Cadillac,Celestiq,2023,2026,2023-2026,0,gor3a/vehicle-makes-models,added_missing
Cadillac,Cimarron,,,,0,DanielKohut/car-data,added_missing
Cadillac,Commercial Chassis,1985,2001,1985-2001,0,plowman/open-vehicle-db,added_missing
Cadillac,Cts,2004,2004,2004,1,original_db,existing
Cadillac,DTS,2005,2011,2005-2011,0,gor3a/vehicle-makes-models,added_missing
Cadillac,DeVille,1994,2005,1994-2005,0,gor3a/vehicle-makes-models,added_missing
Cadillac,ELR,2014,2016,2014-2016,0,gor3a/vehicle-makes-models,added_missing
Cadillac,ESCALADE Crew Cab Pickup,2007,2007,2007,2,itdiag8-dotcom/database (vivid_cars2000.db),added_from_vivid
Cadillac,ESCALADE Pickup,2009,2009,2009,2,itdiag8-dotcom/database (vivid_cars2000.db),added_from_vivid
Cadillac,Eldorado,1957,2003,1957-2003,0,gor3a/vehicle-makes-models,added_missing
Cadillac,Escalade,2000,2026,2000-2026,0,gor3a/vehicle-makes-models,added_missing
Cadillac,Escalade ESV,2002,2024,2002-2024,0,gor3a/vehicle-makes-models,added_missing
Cadillac,Escalade EXT,2001,2013,2001-2013,0,gor3a/vehicle-makes-models,added_missing
Cadillac,Escalade IQ,,,,0,DanielKohut/car-data,added_missing
Cadillac,Escalade IQL,2025,2026,2025-2026,0,gor3a/vehicle-makes-models,added_missing
Cadillac,Fleetwood,,,,0,DanielKohut/car-data,added_missing
Cadillac,Fleetwood Brougham,,,,0,DanielKohut/car-data,added_missing
Cadillac,Hearse,1997,2011,1997-2011,0,plowman/open-vehicle-db,added_missing
Cadillac,Limousine,1998,2011,1998-2011,0,plowman/open-vehicle-db,added_missing
Cadillac,Lyriq,2022,2026,2022-2026,0,gor3a/vehicle-makes-models,added_missing
Cadillac,Lyriq-V,2025,2026,2025-2026,0,gor3a/vehicle-makes-models,added_missing
Cadillac,Optiq,2023,2026,2023-2026,0,gor3a/vehicle-makes-models,added_missing
Cadillac,Optiq-V,2025,2026,2025-2026,0,gor3a/vehicle-makes-models,added_missing
Cadillac,SRX,2004,2016,2004-2016,0,gor3a/vehicle-makes-models,added_missing
Cadillac,STS,2004,2010,2004-2010,0,gor3a/vehicle-makes-models,added_missing
Cadillac,STS-V,,,,0,DanielKohut/car-data,added_missing
Cadillac,Seville,1992,2004,1992-2004,0,gor3a/vehicle-makes-models,added_missing
Cadillac,Sixty Special,,,,0,DanielKohut/car-data,added_missing
Cadillac,V-Series.R,,,,0,DanielKohut/car-data,added_missing
Cadillac,Vistiq,2023,2026,2023-2026,0,gor3a/vehicle-makes-models,added_missing
Cadillac,XLR,2003,2009,2003-2009,0,gor3a/vehicle-makes-models,added_missing
Cadillac,XLR V-Series,2008,2009,2008-2009,0,gor3a/vehicle-makes-models,added_missing
Cadillac,XT4,2018,2025,2018-2025,0,gor3a/vehicle-makes-models,added_missing
Cadillac,XT5,2016,2024,2016-2024,0,gor3a/vehicle-makes-models,added_missing
Cadillac,XT6,2019,2025,2019-2025,0,gor3a/vehicle-makes-models,added_missing
Cadillac,XTS,2013,2019,2013-2019,0,gor3a/vehicle-makes-models,added_missing
Caterham,21,,,,0,DanielKohut/car-data,added_missing
Caterham,7 160,,,,0,DanielKohut/car-data,added_missing
Caterham,7 165,,,,0,DanielKohut/car-data,added_missing
Caterham,7 270,,,,0,DanielKohut/car-data,added_missing
Caterham,7 275,,,,0,DanielKohut/car-data,added_missing
Caterham,7 310,,,,0,DanielKohut/car-data,added_missing
Caterham,7 340,,,,0,DanielKohut/car-data,added_missing
Caterham,7 420,,,,0,DanielKohut/car-data,added_missing
Caterham,7 485,,,,0,DanielKohut/car-data,added_missing
Caterham,7 485 CSR,,,,0,DanielKohut/car-data,added_missing
Caterham,7 620R,,,,0,DanielKohut/car-data,added_missing
Caterham,7 620S,,,,0,DanielKohut/car-data,added_missing
Caterham,CSR 175,,,,0,DanielKohut/car-data,added_missing
Caterham,CSR 200,,,,0,DanielKohut/car-data,added_missing
Caterham,Classic,2000,2005,2000-2005,0,gor3a/vehicle-makes-models,added_missing
Caterham,Csr,2010,2010,2010,2,original_db,existing
Caterham,Roadsport,2007,2009,2007-2009,0,gor3a/vehicle-makes-models,added_missing
Caterham,Seven 160,2013,2026,2013-2026,0,gor3a/vehicle-makes-models,added_missing
Caterham,Seven 620,2013,2026,2013-2026,0,gor3a/vehicle-makes-models,added_missing
Caterham,Super Seven 1600,,,,0,DanielKohut/car-data,added_missing
Caterham,Super Seven 2000,,,,0,DanielKohut/car-data,added_missing
Caterham,Super Seven 600,,,,0,DanielKohut/car-data,added_missing
Caterham,Superlight,2013,2026,2013-2026,0,gor3a/vehicle-makes-models,added_missing
Caterham,Superlight R300,,,,0,DanielKohut/car-data,added_missing
Caterham,Superlight R400,,,,0,DanielKohut/car-data,added_missing
Caterham,Superlight R500,,,,0,DanielKohut/car-data,added_missing
Caterham,Superlight R500 Duratec,,,,0,DanielKohut/car-data,added_missing
Caterham,Supersport,2012,2026,2012-2026,0,gor3a/vehicle-makes-models,added_missing
Caterham,The Super Seven 1600,2020,2026,2020-2026,0,gor3a/vehicle-makes-models,added_missing
Chery,Qq,2003,2003,2003,3,original_db,existing
Chery,TIGGO 7,2024,2026,2024-2026,0,gor3a/vehicle-makes-models,added_missing
Chery,TIGGO 8,2022,2026,2022-2026,0,gor3a/vehicle-makes-models,added_missing
Chery,TIGGO 9,2025,2026,2025-2026,0,gor3a/vehicle-makes-models,added_missing
Chery,Tiggo,2008,2008,2008,1,original_db,existing
Chevrolet,3 ton,2001,2004,2001-2004,0,plowman/open-vehicle-db,added_missing
Chevrolet,ASTRA Hatchback,2002,2002,2002,3,itdiag8-dotcom/database (vivid_cars2000.db),added_from_vivid
Chevrolet,ASTRA Saloon,2002,2002,2002,3,itdiag8-dotcom/database (vivid_cars2000.db),added_from_vivid
Chevrolet,ASTRO Extended Cargo Van,2001,2001,2001,1,itdiag8-dotcom/database (vivid_cars2000.db),added_from_vivid
Chevrolet,ASTRO Extended Passenger Van,2001,2001,2001,1,itdiag8-dotcom/database (vivid_cars2000.db),added_from_vivid
Chevrolet,AVALANCHE 1500 Crew Cab Pickup,2001,2003,2001-2003,3,itdiag8-dotcom/database (vivid_cars2000.db),added_from_vivid
Chevrolet,AVALANCHE 2500 Crew Cab Pickup,2001,2003,2001-2003,2,itdiag8-dotcom/database (vivid_cars2000.db),added_from_vivid
Chevrolet,AVALANCHE Crew Cab Pickup,2005,2009,2005-2009,6,itdiag8-dotcom/database (vivid_cars2000.db),added_from_vivid
Chevrolet,AVEO Hatchback (T200),2004,2004,2004,1,itdiag8-dotcom/database (vivid_cars2000.db),added_from_vivid
Chevrolet,"AVEO Hatchback (T250, T255)",2007,2007,2007,8,itdiag8-dotcom/database (vivid_cars2000.db),added_from_vivid
Chevrolet,AVEO Hatchback (T300),2010,2012,2010-2012,9,itdiag8-dotcom/database (vivid_cars2000.db),added_from_vivid
Chevrolet,"AVEO Saloon (T250, T255)",2004,2008,2004-2008,17,itdiag8-dotcom/database (vivid_cars2000.db),added_from_vivid
Chevrolet,AVEO Saloon (T300),2010,2011,2010-2011,7,itdiag8-dotcom/database (vivid_cars2000.db),added_from_vivid
Chevrolet,Agile,2008,2008,2008,2,original_db,existing
Chevrolet,Astra,1998,2010,1998-2010,15,original_db,existing
Chevrolet,Astro,1994,2005,1994-2005,0,gor3a/vehicle-makes-models,added_missing
Chevrolet,Astro Van,1985,2005,1985-2005,0,plowman/open-vehicle-db,added_missing
Chevrolet,Avalanche,2001,2013,2001-2013,0,gor3a/vehicle-makes-models,added_missing
Chevrolet,Aveo,2008,2011,2008-2011,13,original_db,existing
Chevrolet,Aveo / Kalos,2002,2016,2002-2016,0,gor3a/vehicle-makes-models,added_missing
Chevrolet,B7,1991,2002,1991-2002,0,plowman/open-vehicle-db,added_missing
Chevrolet,BLAZER S10,2002,2002,2002,1,itdiag8-dotcom/database (vivid_cars2000.db),added_from_vivid
Chevrolet,Beat,2010,2012,2010-2012,4,original_db,existing
Chevrolet,Blazer,1995,2026,1995-2026,0,gor3a/vehicle-makes-models,added_missing
Chevrolet,Bolt,2016,2026,2016-2026,0,gor3a/vehicle-makes-models,added_missing
Chevrolet,Bolt EUV,2022,2023,2022-2023,0,plowman/open-vehicle-db,added_missing
Chevrolet,Bolt EV,2017,2023,2017-2023,0,plowman/open-vehicle-db,added_missing
Chevrolet,BrightDrop,2025,2027,2025-2027,0,plowman/open-vehicle-db,added_missing
Chevrolet,C/K Pickup,1981,2006,1981-2006,0,plowman/open-vehicle-db,added_missing
Chevrolet,C5,1981,2009,1981-2009,0,plowman/open-vehicle-db,added_missing
Chevrolet,C6,1981,2009,1981-2009,0,plowman/open-vehicle-db,added_missing
Chevrolet,C7,1981,2009,1981-2009,0,plowman/open-vehicle-db,added_missing
Chevrolet,CAMARO Convertible,2010,2010,2010,7,itdiag8-dotcom/database (vivid_cars2000.db),added_from_vivid
Chevrolet,"CAPTIVA (C100, C140)",2005,2010,2005-2010,12,itdiag8-dotcom/database (vivid_cars2000.db),added_from_vivid
Chevrolet,CORSA Pickup,2001,2001,2001,2,itdiag8-dotcom/database (vivid_cars2000.db),added_from_vivid
Chevrolet,CORVETTE (C6),2003,2007,2003-2007,6,itdiag8-dotcom/database (vivid_cars2000.db),added_from_vivid
Chevrolet,CORVETTE (C7),2012,2012,2012,2,itdiag8-dotcom/database (vivid_cars2000.db),added_from_vivid
Chevrolet,CORVETTE Convertible (C6),2003,2011,2003-2011,5,itdiag8-dotcom/database (vivid_cars2000.db),added_from_vivid
Chevrolet,CORVETTE Convertible (C7),2012,2012,2012,2,itdiag8-dotcom/database (vivid_cars2000.db),added_from_vivid
Chevrolet,CRUZE (J300),2008,2012,2008-2012,25,itdiag8-dotcom/database (vivid_cars2000.db),added_from_vivid
Chevrolet,CRUZE Hatchback (J305),2010,2012,2010-2012,14,itdiag8-dotcom/database (vivid_cars2000.db),added_from_vivid
Chevrolet,CRUZE Station Wagon (J308),2011,2012,2011-2012,9,itdiag8-dotcom/database (vivid_cars2000.db),added_from_vivid
Chevrolet,Camaro,2010,2011,2010-2011,14,original_db,existing
Chevrolet,Caprice Police Vehicle,2011,2027,2011-2027,0,plowman/open-vehicle-db,added_missing
Chevrolet,Captiva,2006,2014,2006-2014,24,original_db,existing
Chevrolet,Captiva Sport,2010,2027,2010-2027,0,plowman/open-vehicle-db,added_missing
Chevrolet,Cavalier,1994,2005,1994-2005,0,gor3a/vehicle-makes-models,added_missing
Chevrolet,Celta,2000,2003,2000-2003,5,original_db,existing
Chevrolet,City Express,2015,2018,2015-2018,0,plowman/open-vehicle-db,added_missing
Chevrolet,Cobalt,2013,2013,2013,1,original_db,existing
Chevrolet,Colorado,2003,2026,2003-2026,0,gor3a/vehicle-makes-models,added_missing
Chevrolet,Colorado Regular Cab,2003,2012,2003-2012,0,gor3a/vehicle-makes-models,added_missing
Chevrolet,Corsa,1998,2008,1998-2008,7,original_db,existing
Chevrolet,Corvette,1953,2026,1953-2026,0,gor3a/vehicle-makes-models,added_missing
Chevrolet,Corvette E-Ray,2023,2026,2023-2026,0,gor3a/vehicle-makes-models,added_missing
Chevrolet,Corvette Grand Sport,2026,2026,2026-2026,0,gor3a/vehicle-makes-models,added_missing
Chevrolet,Corvette Z06,2008,2026,2008-2026,0,gor3a/vehicle-makes-models,added_missing
Chevrolet,Corvette ZR1,2008,2026,2008-2026,0,gor3a/vehicle-makes-models,added_missing
Chevrolet,Cruze,2009,2013,2009-2013,24,original_db,existing
Chevrolet,Cruze Limited,2016,2016,2016-2016,0,plowman/open-vehicle-db,added_missing
Chevrolet,EPICA (KL1_),2004,2006,2004-2006,8,itdiag8-dotcom/database (vivid_cars2000.db),added_from_vivid
Chevrolet,EXPRESS Bus,2006,2006,2006,1,itdiag8-dotcom/database (vivid_cars2000.db),added_from_vivid
Chevrolet,Epica,2006,2007,2006-2007,3,original_db,existing
Chevrolet,Equinox,2004,2026,2004-2026,0,gor3a/vehicle-makes-models,added_missing
Chevrolet,Estate,2005,2007,2005-2007,10,original_db,existing
Chevrolet,Evanda,2004,2006,2004-2006,0,gor3a/vehicle-makes-models,added_missing
Chevrolet,Express,1995,2026,1995-2026,0,gor3a/vehicle-makes-models,added_missing
Chevrolet,GMT-400,1987,2002,1987-2002,0,plowman/open-vehicle-db,added_missing
Chevrolet,Geo Prizm,1998,2027,1998-2027,0,plowman/open-vehicle-db,added_missing
Chevrolet,HHR,2005,2011,2005-2011,0,gor3a/vehicle-makes-models,added_missing
Chevrolet,Impala,1958,2020,1958-2020,0,gor3a/vehicle-makes-models,added_missing
Chevrolet,Impala Limited,2014,2016,2014-2016,0,plowman/open-vehicle-db,added_missing
Chevrolet,KALOS Saloon,2004,2004,2004,3,itdiag8-dotcom/database (vivid_cars2000.db),added_from_vivid
Chevrolet,Kalos,2008,2008,2008,1,original_db,existing
Chevrolet,LACETTI (J200),2004,2006,2004-2006,5,itdiag8-dotcom/database (vivid_cars2000.db),added_from_vivid
Chevrolet,LACETTI Estate (J200),2004,2006,2004-2006,5,itdiag8-dotcom/database (vivid_cars2000.db),added_from_vivid
Chevrolet,LANOS Saloon,2004,2004,2004,2,itdiag8-dotcom/database (vivid_cars2000.db),added_from_vivid
Chevrolet,LUMINA Saloon,2003,2003,2003,1,itdiag8-dotcom/database (vivid_cars2000.db),added_from_vivid
Chevrolet,Lacetti,2005,2007,2005-2007,10,original_db,existing
Chevrolet,Lumina,1990,2001,1990-2001,0,plowman/open-vehicle-db,added_missing
Chevrolet,MALIBU (V300),2011,2011,2011,5,itdiag8-dotcom/database (vivid_cars2000.db),added_from_vivid
Chevrolet,MALIBU Hatchback,2003,2003,2003,1,itdiag8-dotcom/database (vivid_cars2000.db),added_from_vivid
Chevrolet,"MATIZ (M200, M250)",2004,2006,2004-2006,4,itdiag8-dotcom/database (vivid_cars2000.db),added_from_vivid
Chevrolet,MW,2000,2000,2000,1,itdiag8-dotcom/database (vivid_cars2000.db),added_from_vivid
Chevrolet,Malibu,2004,2012,2004-2012,8,original_db,existing
Chevrolet,Malibu Classic,2004,2005,2004-2005,0,plowman/open-vehicle-db,added_missing
Chevrolet,Malibu Limited,2016,2016,2016-2016,0,plowman/open-vehicle-db,added_missing
Chevrolet,Malibu Maxx,2003,2008,2003-2008,0,gor3a/vehicle-makes-models,added_missing
Chevrolet,Matiz,2004,2012,2004-2012,0,plowman/open-vehicle-db,added_missing
Chevrolet,Matiz / Spark,2000,2022,2000-2022,0,gor3a/vehicle-makes-models,added_missing
Chevrolet,Meriva,2002,2010,2002-2010,6,original_db,existing
Chevrolet,Metro,1998,2001,1998-2001,0,plowman/open-vehicle-db,added_missing
Chevrolet,Montana,2004,2004,2004,1,original_db,existing
Chevrolet,Monte Carlo,2005,2007,2005-2007,0,gor3a/vehicle-makes-models,added_missing
Chevrolet,NIVA,2002,2009,2002-2009,1,itdiag8-dotcom/database (vivid_cars2000.db),added_from_vivid
Chevrolet,NUBIRA Estate,2004,2006,2004-2006,5,itdiag8-dotcom/database (vivid_cars2000.db),added_from_vivid
Chevrolet,NUBIRA Saloon,2004,2005,2004-2005,6,itdiag8-dotcom/database (vivid_cars2000.db),added_from_vivid
Chevrolet,Nubira,2005,2007,2005-2007,10,original_db,existing
Chevrolet,Nubira / Lacetti,2002,2009,2002-2009,0,gor3a/vehicle-makes-models,added_missing
Chevrolet,OPTRA (1J_),2003,2003,2003,3,itdiag8-dotcom/database (vivid_cars2000.db),added_from_vivid
Chevrolet,OPTRA Estate,2005,2005,2005,1,itdiag8-dotcom/database (vivid_cars2000.db),added_from_vivid
Chevrolet,OPTRA Hatchback,2005,2005,2005,1,itdiag8-dotcom/database (vivid_cars2000.db),added_from_vivid
Chevrolet,ORLANDO (J309),2010,2011,2010-2011,6,itdiag8-dotcom/database (vivid_cars2000.db),added_from_vivid
Chevrolet,Onix,2012,2019,2012-2019,0,gor3a/vehicle-makes-models,added_missing
Chevrolet,Optra,2005,2007,2005-2007,10,original_db,existing
Chevrolet,Orlando,2011,2013,2011-2013,12,original_db,existing
Chevrolet,Prisma,2003,2007,2003-2007,2,original_db,existing
Chevrolet,REZZO,2004,2004,2004,4,itdiag8-dotcom/database (vivid_cars2000.db),added_from_vivid
Chevrolet,S-10,1997,2004,1997-2004,0,gor3a/vehicle-makes-models,added_missing
Chevrolet,S-10 Blazer,1982,2000,1982-2000,0,plowman/open-vehicle-db,added_missing
Chevrolet,S-10 Pickup,1982,2005,1982-2005,0,plowman/open-vehicle-db,added_missing
Chevrolet,S10,2007,2007,2007,2,original_db,existing
Chevrolet,SILVERADO 1500,2006,2006,2006,2,itdiag8-dotcom/database (vivid_cars2000.db),added_from_vivid
Chevrolet,SILVERADO 1500 Crew Cab Pickup,2005,2008,2005-2008,16,itdiag8-dotcom/database (vivid_cars2000.db),added_from_vivid
Chevrolet,SILVERADO 1500 Extended Cab Pickup,2005,2009,2005-2009,9,itdiag8-dotcom/database (vivid_cars2000.db),added_from_vivid
Chevrolet,SILVERADO 1500 Standard Cab Pickup,2005,2009,2005-2009,7,itdiag8-dotcom/database (vivid_cars2000.db),added_from_vivid
Chevrolet,SILVERADO 2500 Cab & Chassis,2011,2011,2011,6,itdiag8-dotcom/database (vivid_cars2000.db),added_from_vivid
Chevrolet,SILVERADO 2500 Crew Cab Pickup,2011,2011,2011,2,itdiag8-dotcom/database (vivid_cars2000.db),added_from_vivid
Chevrolet,SILVERADO 2500 Extended Cab Pickup,2009,2009,2009,5,itdiag8-dotcom/database (vivid_cars2000.db),added_from_vivid
Chevrolet,SILVERADO 2500 HD,2006,2006,2006,3,itdiag8-dotcom/database (vivid_cars2000.db),added_from_vivid
Chevrolet,SILVERADO 2500 HD Crew Cab Pickup,2009,2009,2009,5,itdiag8-dotcom/database (vivid_cars2000.db),added_from_vivid
Chevrolet,SILVERADO 2500 HD Standard Cab Pickup,2006,2011,2006-2011,6,itdiag8-dotcom/database (vivid_cars2000.db),added_from_vivid
Chevrolet,SILVERADO 2500 Standard Cab Pickup,2009,2009,2009,1,itdiag8-dotcom/database (vivid_cars2000.db),added_from_vivid
Chevrolet,SILVERADO 3500 Cab & Chassis,2009,2009,2009,4,itdiag8-dotcom/database (vivid_cars2000.db),added_from_vivid
Chevrolet,SILVERADO 3500 Crew Cab Pickup,2000,2000,2000,3,itdiag8-dotcom/database (vivid_cars2000.db),added_from_vivid
Chevrolet,SILVERADO 3500 Extended Cab Pickup,2009,2011,2009-2011,2,itdiag8-dotcom/database (vivid_cars2000.db),added_from_vivid
Chevrolet,SILVERADO 3500 HD Cab & Chassis,2006,2008,2006-2008,3,itdiag8-dotcom/database (vivid_cars2000.db),added_from_vivid
Chevrolet,SILVERADO 3500 HD Crew Cab Pickup,2007,2009,2007-2009,3,itdiag8-dotcom/database (vivid_cars2000.db),added_from_vivid
Chevrolet,SILVERADO 3500 HD Extended Cab Pickup,2009,2009,2009,1,itdiag8-dotcom/database (vivid_cars2000.db),added_from_vivid
Chevrolet,SILVERADO 3500 HD Standard Cab Pickup,2009,2009,2009,1,itdiag8-dotcom/database (vivid_cars2000.db),added_from_vivid
Chevrolet,SILVERADO 3500 Standard Cab Pickup,2008,2008,2008,1,itdiag8-dotcom/database (vivid_cars2000.db),added_from_vivid
Chevrolet,SPARK (M300),2009,2009,2009,4,itdiag8-dotcom/database (vivid_cars2000.db),added_from_vivid
Chevrolet,SS,2013,2017,2013-2017,0,gor3a/vehicle-makes-models,added_missing
Chevrolet,SSR,2003,2006,2003-2006,0,gor3a/vehicle-makes-models,added_missing
Chevrolet,SUBURBAN (GMT 900),2006,2010,2006-2010,3,itdiag8-dotcom/database (vivid_cars2000.db),added_from_vivid
Chevrolet,SUBURBAN 1500 Closed Off-Road Vehicle,2006,2006,2006,6,itdiag8-dotcom/database (vivid_cars2000.db),added_from_vivid
Chevrolet,SUBURBAN 2500 Closed Off-Road Vehicle,2006,2009,2006-2009,2,itdiag8-dotcom/database (vivid_cars2000.db),added_from_vivid
Chevrolet,Silverado,2003,2011,2003-2011,5,original_db,existing
Chevrolet,Silverado 2500HD,2007,2026,2007-2026,0,gor3a/vehicle-makes-models,added_missing
Chevrolet,Silverado 3500HD,2008,2013,2008-2013,0,gor3a/vehicle-makes-models,added_missing
Chevrolet,Silverado HD,2019,2027,2019-2027,0,plowman/open-vehicle-db,added_missing
Chevrolet,Silverado Hybrid,2008,2013,2008-2013,0,gor3a/vehicle-makes-models,added_missing
Chevrolet,Silverado LD,2019,2027,2019-2027,0,plowman/open-vehicle-db,added_missing
Chevrolet,Silverado LTD,2022,2027,2022-2027,0,plowman/open-vehicle-db,added_missing
Chevrolet,Sonic,2011,2012,2011-2012,8,original_db,existing
Chevrolet,Sonic RS,2012,2020,2012-2020,0,gor3a/vehicle-makes-models,added_missing
Chevrolet,Spark,2010,2012,2010-2012,4,original_db,existing
Chevrolet,Spark EV,2013,2016,2013-2016,0,gor3a/vehicle-makes-models,added_missing
Chevrolet,Spark Gt,2010,2012,2010-2012,4,original_db,existing
Chevrolet,Spin,2012,2018,2012-2018,0,gor3a/vehicle-makes-models,added_missing
Chevrolet,Suburban,1999,2026,1999-2026,0,gor3a/vehicle-makes-models,added_missing
Chevrolet,Suburban HD,2024,2027,2024-2027,0,plowman/open-vehicle-db,added_missing
Chevrolet,TAHOE (B2W),2000,2003,2000-2003,7,itdiag8-dotcom/database (vivid_cars2000.db),added_from_vivid
Chevrolet,TAHOE (GMT900),2006,2008,2006-2008,8,itdiag8-dotcom/database (vivid_cars2000.db),added_from_vivid
Chevrolet,TAVERA,2003,2003,2003,1,itdiag8-dotcom/database (vivid_cars2000.db),added_from_vivid
Chevrolet,TRAILBLAZER (31UX),2011,2011,2011,2,itdiag8-dotcom/database (vivid_cars2000.db),added_from_vivid
Chevrolet,TRAILBLAZER (KC_),2001,2004,2001-2004,4,itdiag8-dotcom/database (vivid_cars2000.db),added_from_vivid
Chevrolet,TRANS SPORT,2000,2001,2000-2001,2,itdiag8-dotcom/database (vivid_cars2000.db),added_from_vivid
Chevrolet,Tacuma,2004,2004,2004,1,original_db,existing
Chevrolet,Tahoe,1991,2026,1991-2026,0,gor3a/vehicle-makes-models,added_missing
Chevrolet,Tornado,2004,2004,2004,1,original_db,existing
Chevrolet,Tosca,2006,2007,2006-2007,3,original_db,existing
Chevrolet,Tracker,2013,2013,2013,5,original_db,existing
Chevrolet,TrailBlazer,2000,2026,2000-2026,0,gor3a/vehicle-makes-models,added_missing
Chevrolet,Traverse,2008,2026,2008-2026,0,gor3a/vehicle-makes-models,added_missing
Chevrolet,Traverse Limited,2024,2027,2024-2027,0,plowman/open-vehicle-db,added_missing
Chevrolet,Trax,2013,2013,2013,5,original_db,existing
Chevrolet,U100,2004,2005,2004-2005,0,plowman/open-vehicle-db,added_missing
Chevrolet,Uplander,2004,2009,2004-2009,0,gor3a/vehicle-makes-models,added_missing
Chevrolet,VIVA,2003,2003,2003,2,itdiag8-dotcom/database (vivid_cars2000.db),added_from_vivid
Chevrolet,VIVANT,2004,2004,2004,5,itdiag8-dotcom/database (vivid_cars2000.db),added_from_vivid
Chevrolet,Vectra,1998,2005,1998-2005,9,original_db,existing
Chevrolet,Vectra Gt-X,2003,2003,2003,1,original_db,existing
Chevrolet,Venture,1996,2005,1996-2005,0,gor3a/vehicle-makes-models,added_missing
Chevrolet,Volt,2011,2019,2011-2019,0,gor3a/vehicle-makes-models,added_missing
Chevrolet,ZAFIRA (F75),2000,2003,2000-2003,4,itdiag8-dotcom/database (vivid_cars2000.db),added_from_vivid
Chevrolet,Zafira,2001,2009,2001-2009,7,original_db,existing
Chrysler,200,2011,2016,2011-2016,0,gor3a/vehicle-makes-models,added_missing
Chrysler,300,2011,2023,2011-2023,0,gor3a/vehicle-makes-models,added_missing
Chrysler,300 C,2010,2010,2010,2,itdiag8-dotcom/database (vivid_cars2000.db),added_from_vivid
Chrysler,300 C (LX),2003,2009,2003-2009,12,itdiag8-dotcom/database (vivid_cars2000.db),added_from_vivid
Chrysler,300 C Touring (LX),2003,2006,2003-2006,12,itdiag8-dotcom/database (vivid_cars2000.db),added_from_vivid
Chrysler,300 M (LR),2000,2000,2000,2,itdiag8-dotcom/database (vivid_cars2000.db),added_from_vivid
Chrysler,300C,2005,2005,2005,2,original_db,existing
Chrysler,300M,1998,2004,1998-2004,0,gor3a/vehicle-makes-models,added_missing
Chrysler,AVENGER,,,,8,itdiag8-dotcom/database (vivid_cars2000.db),added_from_vivid
Chrysler,Airflow,,,,0,DanielKohut/car-data,added_missing
Chrysler,Aspen,2006,2009,2006-2009,0,gor3a/vehicle-makes-models,added_missing
Chrysler,Atlantic Concept,,,,0,DanielKohut/car-data,added_missing
Chrysler,CALIBER,,,,9,itdiag8-dotcom/database (vivid_cars2000.db),added_from_vivid
Chrysler,CARAVAN,,,,1,itdiag8-dotcom/database (vivid_cars2000.db),added_from_vivid
Chrysler,CARAVAN (RG_),,,,6,itdiag8-dotcom/database (vivid_cars2000.db),added_from_vivid
Chrysler,CHALLENGER Coupe,,,,6,itdiag8-dotcom/database (vivid_cars2000.db),added_from_vivid
Chrysler,CHARGER,,,,8,itdiag8-dotcom/database (vivid_cars2000.db),added_from_vivid
Chrysler,CROSSFIRE Roadster,2003,2003,2003,2,itdiag8-dotcom/database (vivid_cars2000.db),added_from_vivid
Chrysler,Cirrus,,,,0,DanielKohut/car-data,added_missing
Chrysler,Concorde,1993,2004,1993-2004,0,gor3a/vehicle-makes-models,added_missing
Chrysler,Cordoba,,,,0,DanielKohut/car-data,added_missing
Chrysler,Crossfire,2003,2004,2003-2004,2,original_db,existing
Chrysler,DAKOTA,,,,3,itdiag8-dotcom/database (vivid_cars2000.db),added_from_vivid
Chrysler,DART,,,,2,itdiag8-dotcom/database (vivid_cars2000.db),added_from_vivid
Chrysler,DELTA,2010,2010,2010,4,itdiag8-dotcom/database (vivid_cars2000.db),added_from_vivid
Chrysler,DURANGO,,,,4,itdiag8-dotcom/database (vivid_cars2000.db),added_from_vivid
Chrysler,Dynasty,,,,0,DanielKohut/car-data,added_missing
Chrysler,E-Class,,,,0,DanielKohut/car-data,added_missing
Chrysler,Fifth Avenue,,,,0,DanielKohut/car-data,added_missing
Chrysler,GRAND VOYAGER V (RT),2006,2011,2006-2011,5,itdiag8-dotcom/database (vivid_cars2000.db),added_from_vivid
Chrysler,Grand Caravan,2021,2027,2021-2027,0,plowman/open-vehicle-db,added_missing
Chrysler,Grand Voyager,2008,2015,2008-2015,0,gor3a/vehicle-makes-models,added_missing
Chrysler,Imperial,,,,0,DanielKohut/car-data,added_missing
Chrysler,Intrepid,,,,0,DanielKohut/car-data,added_missing
Chrysler,JOURNEY,,,,9,itdiag8-dotcom/database (vivid_cars2000.db),added_from_vivid
Chrysler,LHS,,,,0,DanielKohut/car-data,added_missing
Chrysler,Laser,,,,0,DanielKohut/car-data,added_missing
Chrysler,NEON II,2000,2002,2000-2002,4,itdiag8-dotcom/database (vivid_cars2000.db),added_from_vivid
Chrysler,NITRO,,,,6,itdiag8-dotcom/database (vivid_cars2000.db),added_from_vivid
Chrysler,Neon,,,,0,DanielKohut/car-data,added_missing
Chrysler,Newport,,,,0,DanielKohut/car-data,added_missing
Chrysler,PT CRUISER (PT_),2000,2004,2000-2004,9,itdiag8-dotcom/database (vivid_cars2000.db),added_from_vivid
Chrysler,PT CRUISER Convertible,2003,2003,2003,2,itdiag8-dotcom/database (vivid_cars2000.db),added_from_vivid
Chrysler,Pacifica,2003,2026,2003-2026,0,gor3a/vehicle-makes-models,added_missing
Chrysler,Phaeton Concept,,,,0,DanielKohut/car-data,added_missing
Chrysler,Prowler,,,,0,DanielKohut/car-data,added_missing
Chrysler,Pt Cruiser,2000,2005,2000-2005,5,original_db,existing
Chrysler,RAM 1500 Crew Cab Pickup,,,,4,itdiag8-dotcom/database (vivid_cars2000.db),added_from_vivid
Chrysler,RAM 1500 Extended Crew Cab Pickup,,,,3,itdiag8-dotcom/database (vivid_cars2000.db),added_from_vivid
Chrysler,"RAM 1500 Pickup (D1, DC, DH, DM, DR)",,,,9,itdiag8-dotcom/database (vivid_cars2000.db),added_from_vivid
Chrysler,"RAM 1500 Pickup (DJ, DS)",,,,2,itdiag8-dotcom/database (vivid_cars2000.db),added_from_vivid
Chrysler,RAM 1500 Standard Cab Pickup,,,,4,itdiag8-dotcom/database (vivid_cars2000.db),added_from_vivid
Chrysler,RAM 2500 Cab & Chassis,,,,1,itdiag8-dotcom/database (vivid_cars2000.db),added_from_vivid
Chrysler,RAM 2500 Crew Cab Pickup,,,,4,itdiag8-dotcom/database (vivid_cars2000.db),added_from_vivid
Chrysler,RAM 2500 Extended Crew Cab Pickup,,,,3,itdiag8-dotcom/database (vivid_cars2000.db),added_from_vivid
Chrysler,"RAM 2500 Pickup (D1, DC, DH, DM, DR)",,,,5,itdiag8-dotcom/database (vivid_cars2000.db),added_from_vivid
Chrysler,"RAM 2500 Pickup (DJ, DS)",,,,1,itdiag8-dotcom/database (vivid_cars2000.db),added_from_vivid
Chrysler,RAM 2500 Standard Cab Pickup,,,,3,itdiag8-dotcom/database (vivid_cars2000.db),added_from_vivid
Chrysler,RAM 3500 Cab & Chassis,,,,4,itdiag8-dotcom/database (vivid_cars2000.db),added_from_vivid
Chrysler,RAM 3500 Crew Cab Pickup,,,,5,itdiag8-dotcom/database (vivid_cars2000.db),added_from_vivid
Chrysler,RAM 3500 Extended Crew Cab Pickup,,,,3,itdiag8-dotcom/database (vivid_cars2000.db),added_from_vivid
Chrysler,RAM 3500 Standard Cab Pickup,,,,3,itdiag8-dotcom/database (vivid_cars2000.db),added_from_vivid
Chrysler,"RAM 4000 Pickup (DR, D1, DC, DM, DH)",,,,1,itdiag8-dotcom/database (vivid_cars2000.db),added_from_vivid
Chrysler,"RAM 4000 Platform/Chassis (DH, DR, D1, DC, DM)",,,,1,itdiag8-dotcom/database (vivid_cars2000.db),added_from_vivid
Chrysler,RAM 4000 Standard Cab Pickup,,,,2,itdiag8-dotcom/database (vivid_cars2000.db),added_from_vivid
Chrysler,Ram 4500 Cab & Chassis,,,,1,itdiag8-dotcom/database (vivid_cars2000.db),added_from_vivid
Chrysler,Ram 5500 Cab & Chassis,,,,1,itdiag8-dotcom/database (vivid_cars2000.db),added_from_vivid
Chrysler,SEBRING (JR),2001,2001,2001,5,itdiag8-dotcom/database (vivid_cars2000.db),added_from_vivid
Chrysler,SEBRING (JS),2006,2006,2006,8,itdiag8-dotcom/database (vivid_cars2000.db),added_from_vivid
Chrysler,SEBRING Convertible (JR),2001,2001,2001,3,itdiag8-dotcom/database (vivid_cars2000.db),added_from_vivid
Chrysler,SEBRING Convertible (JS),2006,2006,2006,4,itdiag8-dotcom/database (vivid_cars2000.db),added_from_vivid
Chrysler,Sebring,2001,2007,2001-2007,4,original_db,existing
Chrysler,Stratus,,,,0,DanielKohut/car-data,added_missing
Chrysler,TC by Maserati,,,,0,DanielKohut/car-data,added_missing
Chrysler,Town & Country,2000,2016,2000-2016,0,gor3a/vehicle-makes-models,added_missing
Chrysler,Town and Country,1990,2016,1990-2016,0,plowman/open-vehicle-db,added_missing
Chrysler,VIPER Convertible,,,,1,itdiag8-dotcom/database (vivid_cars2000.db),added_from_vivid
Chrysler,VIPER Coupe,,,,2,itdiag8-dotcom/database (vivid_cars2000.db),added_from_vivid
Chrysler,"VOYAGER IV (RG, RS)",2000,2004,2000-2004,8,itdiag8-dotcom/database (vivid_cars2000.db),added_from_vivid
Chrysler,Valiant,,,,0,DanielKohut/car-data,added_missing
Chrysler,Vision,,,,0,DanielKohut/car-data,added_missing
Chrysler,Voyager,2000,2008,2000-2008,4,original_db,existing
Chrysler,Windsor,,,,0,DanielKohut/car-data,added_missing
Chrysler,YPSILON,2010,2010,2010,4,itdiag8-dotcom/database (vivid_cars2000.db),added_from_vivid
Citroen,Berlingo,2000,2010,2000-2010,19,original_db,existing
Citroen,C-Crosser,2007,2008,2007-2008,2,original_db,existing
Citroen,C1,2005,2005,2005,2,original_db,existing
Citroen,C2,2003,2006,2003-2006,7,original_db,existing
Citroen,C3,2002,2009,2002-2009,14,original_db,existing
Citroen,C3 Picasso,2009,2010,2009-2010,5,original_db,existing
Citroen,C3 Pluriel,2002,2004,2002-2004,3,original_db,existing
Citroen,C4,2004,2011,2004-2011,19,original_db,existing
Citroen,C4 Cactus,2014,2014,2014,1,original_db,existing
Citroen,C4 Coupe,2004,2008,2004-2008,10,original_db,existing
Citroen,C4 Grand Picasso,2006,2010,2006-2010,8,original_db,existing
Citroen,C4 Picasso,2007,2010,2007-2010,10,original_db,existing
Citroen,C5,2001,2010,2001-2010,20,original_db,existing
Citroen,C6,2005,2006,2005-2006,3,original_db,existing
Citroen,C8,2002,2007,2002-2007,10,original_db,existing
Citroen,CITROEN AMI,2020,2026,2020-2026,0,gor3a/vehicle-makes-models,added_missing
Citroen,CITROEN Berlingo,1996,2026,1996-2026,0,gor3a/vehicle-makes-models,added_missing
Citroen,CITROEN C-Crosser,2007,2012,2007-2012,0,gor3a/vehicle-makes-models,added_missing
Citroen,CITROEN C-Elysee,2013,2016,2013-2016,0,gor3a/vehicle-makes-models,added_missing
Citroen,CITROEN C-Zero,2010,2020,2010-2020,0,gor3a/vehicle-makes-models,added_missing
Citroen,CITROEN C1,2005,2022,2005-2022,0,gor3a/vehicle-makes-models,added_missing
Citroen,CITROEN C2,2003,2010,2003-2010,0,gor3a/vehicle-makes-models,added_missing
Citroen,CITROEN C3,2002,2026,2002-2026,0,gor3a/vehicle-makes-models,added_missing
Citroen,CITROEN C3 Aircross,2017,2026,2017-2026,0,gor3a/vehicle-makes-models,added_missing
Citroen,CITROEN C3 Picasso,2008,2017,2008-2017,0,gor3a/vehicle-makes-models,added_missing
Citroen,CITROEN C3 Pluriel,2003,2010,2003-2010,0,gor3a/vehicle-makes-models,added_missing
Citroen,CITROEN C4,2004,2026,2004-2026,0,gor3a/vehicle-makes-models,added_missing
Citroen,CITROEN C4 Aircross,2012,2017,2012-2017,0,gor3a/vehicle-makes-models,added_missing
Citroen,CITROEN C4 Cactus,2014,2020,2014-2020,0,gor3a/vehicle-makes-models,added_missing
Citroen,CITROEN C4 Picasso,2007,2018,2007-2018,0,gor3a/vehicle-makes-models,added_missing
Citroen,CITROEN C5,2001,2019,2001-2019,0,gor3a/vehicle-makes-models,added_missing
Citroen,CITROEN C5 Aircross,2018,2026,2018-2026,0,gor3a/vehicle-makes-models,added_missing
Citroen,CITROEN C5 Crosstourer,2014,2019,2014-2019,0,gor3a/vehicle-makes-models,added_missing
Citroen,CITROEN C5 X,2021,2026,2021-2026,0,gor3a/vehicle-makes-models,added_missing
Citroen,CITROEN C6,2005,2012,2005-2012,0,gor3a/vehicle-makes-models,added_missing
Citroen,CITROEN C8,2002,2014,2002-2014,0,gor3a/vehicle-makes-models,added_missing
Citroen,CITROEN DS3,2009,2014,2009-2014,0,gor3a/vehicle-makes-models,added_missing
Citroen,CITROEN DS4,2010,2014,2010-2014,0,gor3a/vehicle-makes-models,added_missing
Citroen,CITROEN DS5,2011,2018,2011-2018,0,gor3a/vehicle-makes-models,added_missing
Citroen,CITROEN E-Mehari,2016,2019,2016-2019,0,gor3a/vehicle-makes-models,added_missing
Citroen,CITROEN Evasion,1994,2002,1994-2002,0,gor3a/vehicle-makes-models,added_missing
Citroen,CITROEN Grand C4 Picasso,2006,2018,2006-2018,0,gor3a/vehicle-makes-models,added_missing
Citroen,CITROEN Nemo,2008,2015,2008-2015,0,gor3a/vehicle-makes-models,added_missing
Citroen,CITROEN Saxo,1996,2003,1996-2003,0,gor3a/vehicle-makes-models,added_missing
Citroen,CITROEN XM,1989,2000,1989-2000,0,gor3a/vehicle-makes-models,added_missing
Citroen,CITROEN XM Break,1992,2000,1992-2000,0,gor3a/vehicle-makes-models,added_missing
Citroen,CITROEN Xantia,1993,2001,1993-2001,0,gor3a/vehicle-makes-models,added_missing
Citroen,CITROEN Xantia Break,1995,2001,1995-2001,0,gor3a/vehicle-makes-models,added_missing
Citroen,CITROEN Xsara,1997,2004,1997-2004,0,gor3a/vehicle-makes-models,added_missing
Citroen,CITROEN Xsara Break,2000,2005,2000-2005,0,gor3a/vehicle-makes-models,added_missing
Citroen,CITROEN Xsara Picasso,1999,2012,1999-2012,0,gor3a/vehicle-makes-models,added_missing
Citroen,Ds3,2010,2014,2010-2014,42,original_db,existing
Citroen,Ds4,2011,2014,2011-2014,7,original_db,existing
Citroen,Ds5,2011,2014,2011-2014,7,original_db,existing
Citroen,Evasion,1998,2000,1998-2000,3,original_db,existing
Citroen,Jumper,2002,2011,2002-2011,10,original_db,existing
Citroen,Jumpy,1999,2010,1999-2010,9,original_db,existing
Citroen,Nemo,2008,2010,2008-2010,3,original_db,existing
Citroen,Saxo,2000,2000,2000,4,original_db,existing
Citroen,Xantia,1999,2000,1999-2000,2,original_db,existing
Citroen,Xsara,1999,2003,1999-2003,7,original_db,existing
Citroen,Xsara Picasso,2004,2005,2004-2005,3,original_db,existing
Citroën,BERLINGO (B9),2007,2009,2007-2009,14,itdiag8-dotcom/database (vivid_cars2000.db),added_from_vivid
Citroën,BERLINGO (MF),2000,2004,2000-2004,12,itdiag8-dotcom/database (vivid_cars2000.db),added_from_vivid
Citroën,BERLINGO Box (B9),2007,2012,2007-2012,16,itdiag8-dotcom/database (vivid_cars2000.db),added_from_vivid
Citroën,BERLINGO Box (M_),2000,2004,2000-2004,8,itdiag8-dotcom/database (vivid_cars2000.db),added_from_vivid
Citroën,BERLINGO Platform/Chassis (B9),2007,2007,2007,6,itdiag8-dotcom/database (vivid_cars2000.db),added_from_vivid
Citroën,C-CROSSER (EP_),2006,2009,2006-2009,3,itdiag8-dotcom/database (vivid_cars2000.db),added_from_vivid
Citroën,C-CROSSER ENTERPRISE,2008,2008,2008,2,itdiag8-dotcom/database (vivid_cars2000.db),added_from_vivid
Citroën,C-ELYSEE,2011,2011,2011,3,itdiag8-dotcom/database (vivid_cars2000.db),added_from_vivid
Citroën,"C1 (PM_, PN_)",2004,2004,2004,2,itdiag8-dotcom/database (vivid_cars2000.db),added_from_vivid
Citroën,C15 (VD-_),2000,2000,2000,1,itdiag8-dotcom/database (vivid_cars2000.db),added_from_vivid
Citroën,C2 (JM_),2003,2005,2003-2005,9,itdiag8-dotcom/database (vivid_cars2000.db),added_from_vivid
Citroën,C2 ENTERPRISE,2008,2008,2008,1,itdiag8-dotcom/database (vivid_cars2000.db),added_from_vivid
Citroën,C3 I (FC_),2002,2008,2002-2008,12,itdiag8-dotcom/database (vivid_cars2000.db),added_from_vivid
Citroën,C3 II,2008,2013,2008-2013,15,itdiag8-dotcom/database (vivid_cars2000.db),added_from_vivid
Citroën,C3 Picasso,2008,2012,2008-2012,13,itdiag8-dotcom/database (vivid_cars2000.db),added_from_vivid
Citroën,C3 Pluriel (HB_),2003,2004,2003-2004,4,itdiag8-dotcom/database (vivid_cars2000.db),added_from_vivid
Citroën,C4 AIRCROSS,2011,2011,2011,3,itdiag8-dotcom/database (vivid_cars2000.db),added_from_vivid
Citroën,C4 CACTUS,2012,2012,2012,2,itdiag8-dotcom/database (vivid_cars2000.db),added_from_vivid
Citroën,C4 Coupe (LA_),2003,2007,2003-2007,14,itdiag8-dotcom/database (vivid_cars2000.db),added_from_vivid
Citroën,C4 Grand Picasso I (UA_),2005,2009,2005-2009,16,itdiag8-dotcom/database (vivid_cars2000.db),added_from_vivid
Citroën,C4 Grand Picasso II,2012,2012,2012,9,itdiag8-dotcom/database (vivid_cars2000.db),added_from_vivid
Citroën,C4 I (LC_),2003,2008,2003-2008,15,itdiag8-dotcom/database (vivid_cars2000.db),added_from_vivid
Citroën,C4 II (B7),2008,2012,2008-2012,9,itdiag8-dotcom/database (vivid_cars2000.db),added_from_vivid
Citroën,C4 Picasso I (UD_),2006,2009,2006-2009,14,itdiag8-dotcom/database (vivid_cars2000.db),added_from_vivid
Citroën,C4 Picasso II,2012,2012,2012,9,itdiag8-dotcom/database (vivid_cars2000.db),added_from_vivid
Citroën,C4 Saloon,2005,2005,2005,4,itdiag8-dotcom/database (vivid_cars2000.db),added_from_vivid
Citroën,C5 I (DC_),2001,2001,2001,9,itdiag8-dotcom/database (vivid_cars2000.db),added_from_vivid
Citroën,C5 I Break (DE_),2001,2003,2001-2003,9,itdiag8-dotcom/database (vivid_cars2000.db),added_from_vivid
Citroën,C5 II (RC_),2003,2005,2003-2005,13,itdiag8-dotcom/database (vivid_cars2000.db),added_from_vivid
Citroën,C5 II Break (RE_),2003,2005,2003-2005,13,itdiag8-dotcom/database (vivid_cars2000.db),added_from_vivid
Citroën,C5 III (RD_),2007,2011,2007-2011,18,itdiag8-dotcom/database (vivid_cars2000.db),added_from_vivid
Citroën,C5 III Break (TD_),2007,2011,2007-2011,19,itdiag8-dotcom/database (vivid_cars2000.db),added_from_vivid
Citroën,C6 (TD_),2004,2008,2004-2008,7,itdiag8-dotcom/database (vivid_cars2000.db),added_from_vivid
Citroën,"C8 (EA_, EB_)",2002,2006,2002-2006,20,itdiag8-dotcom/database (vivid_cars2000.db),added_from_vivid
Citroën,DS3,2008,2013,2008-2013,17,itdiag8-dotcom/database (vivid_cars2000.db),added_from_vivid
Citroën,DS3 Convertible,2012,2013,2012-2013,8,itdiag8-dotcom/database (vivid_cars2000.db),added_from_vivid
Citroën,DS4,2010,2012,2010-2012,17,itdiag8-dotcom/database (vivid_cars2000.db),added_from_vivid
Citroën,DS5,2010,2012,2010-2012,21,itdiag8-dotcom/database (vivid_cars2000.db),added_from_vivid
Citroën,"EVASION (22, U6)",2000,2000,2000,1,itdiag8-dotcom/database (vivid_cars2000.db),added_from_vivid
Citroën,JUMPER Box,2005,2010,2005-2010,6,itdiag8-dotcom/database (vivid_cars2000.db),added_from_vivid
Citroën,JUMPER Box (230L),2000,2001,2000-2001,4,itdiag8-dotcom/database (vivid_cars2000.db),added_from_vivid
Citroën,JUMPER Box (244),2002,2003,2002-2003,7,itdiag8-dotcom/database (vivid_cars2000.db),added_from_vivid
Citroën,JUMPER Bus,2005,2010,2005-2010,5,itdiag8-dotcom/database (vivid_cars2000.db),added_from_vivid
Citroën,JUMPER Bus (230P),2000,2000,2000,1,itdiag8-dotcom/database (vivid_cars2000.db),added_from_vivid
Citroën,"JUMPER Bus (244, Z_)",2002,2002,2002,4,itdiag8-dotcom/database (vivid_cars2000.db),added_from_vivid
Citroën,JUMPER Platform/Chassis,2005,2010,2005-2010,5,itdiag8-dotcom/database (vivid_cars2000.db),added_from_vivid
Citroën,JUMPER Platform/Chassis (230),2000,2000,2000,4,itdiag8-dotcom/database (vivid_cars2000.db),added_from_vivid
Citroën,JUMPER Platform/Chassis (244),2002,2003,2002-2003,5,itdiag8-dotcom/database (vivid_cars2000.db),added_from_vivid
Citroën,JUMPY,2006,2010,2006-2010,7,itdiag8-dotcom/database (vivid_cars2000.db),added_from_vivid
Citroën,JUMPY (U6U),2000,2000,2000,3,itdiag8-dotcom/database (vivid_cars2000.db),added_from_vivid
Citroën,JUMPY Box,2006,2010,2006-2010,8,itdiag8-dotcom/database (vivid_cars2000.db),added_from_vivid
Citroën,"JUMPY Box (BS_, BT_, BY_, BZ_)",2000,2002,2000-2002,2,itdiag8-dotcom/database (vivid_cars2000.db),added_from_vivid
Citroën,"JUMPY Platform/Chassis (BU_, BV_, BW_, BX_)",2003,2003,2003,3,itdiag8-dotcom/database (vivid_cars2000.db),added_from_vivid
Citroën,NEMO Box (AA_),2007,2009,2007-2009,3,itdiag8-dotcom/database (vivid_cars2000.db),added_from_vivid
Citroën,NEMO Estate,2008,2009,2008-2009,4,itdiag8-dotcom/database (vivid_cars2000.db),added_from_vivid
Citroën,"SAXO (S0, S1)",2000,2001,2000-2001,3,itdiag8-dotcom/database (vivid_cars2000.db),added_from_vivid
Citroën,XSARA (N1),2000,2002,2000-2002,5,itdiag8-dotcom/database (vivid_cars2000.db),added_from_vivid
Citroën,XSARA Box,2000,2000,2000,1,itdiag8-dotcom/database (vivid_cars2000.db),added_from_vivid
Citroën,XSARA Break (N2),2000,2002,2000-2002,4,itdiag8-dotcom/database (vivid_cars2000.db),added_from_vivid
Citroën,XSARA Coupe (N0),2000,2002,2000-2002,4,itdiag8-dotcom/database (vivid_cars2000.db),added_from_vivid
Citroën,XSARA PICASSO (N68),2000,2004,2000-2004,10,itdiag8-dotcom/database (vivid_cars2000.db),added_from_vivid
Cupra,Ateca,2018,2020,2018-2020,0,gor3a/vehicle-makes-models,added_missing
Cupra,Born,2021,2026,2021-2026,0,gor3a/vehicle-makes-models,added_missing
Cupra,Formentor,2020,2026,2020-2026,0,gor3a/vehicle-makes-models,added_missing
Cupra,Leon,2020,2026,2020-2026,0,gor3a/vehicle-makes-models,added_missing
Cupra,Leon Sportstourer,2020,2026,2020-2026,0,gor3a/vehicle-makes-models,added_missing
Cupra,Raval,2026,2026,2026-2026,0,gor3a/vehicle-makes-models,added_missing
Cupra,Tavascan,2023,2026,2023-2026,0,gor3a/vehicle-makes-models,added_missing
Cupra,Terramar,2024,2026,2024-2026,0,gor3a/vehicle-makes-models,added_missing
DS,AUTOMOBILES DS 3,2014,2026,2014-2026,0,gor3a/vehicle-makes-models,added_missing
DS,AUTOMOBILES DS 3 Cabrio,2013,2018,2013-2018,0,gor3a/vehicle-makes-models,added_missing
DS,AUTOMOBILES DS 3 Crossback,2018,2022,2018-2022,0,gor3a/vehicle-makes-models,added_missing
DS,AUTOMOBILES DS 4,2021,2026,2021-2026,0,gor3a/vehicle-makes-models,added_missing
DS,AUTOMOBILES DS 5,2016,2018,2016-2018,0,gor3a/vehicle-makes-models,added_missing
DS,AUTOMOBILES DS 5LS,2014,2018,2014-2018,0,gor3a/vehicle-makes-models,added_missing
DS,AUTOMOBILES DS 7,2017,2026,2017-2026,0,gor3a/vehicle-makes-models,added_missing
DS,AUTOMOBILES DS 9,2020,2026,2020-2026,0,gor3a/vehicle-makes-models,added_missing
DS,AUTOMOBILES DS N8,2024,2026,2024-2026,0,gor3a/vehicle-makes-models,added_missing
Dacia,1310,1979,2005,1979-2005,0,gor3a/vehicle-makes-models,added_missing
Dacia,1310 Break,1980,2004,1980-2004,0,gor3a/vehicle-makes-models,added_missing
Dacia,1325 Liberta,,,,0,DanielKohut/car-data,added_missing
Dacia,1410,,,,0,DanielKohut/car-data,added_missing
Dacia,Bigster,2024,2026,2024-2026,0,gor3a/vehicle-makes-models,added_missing
Dacia,DOKKER Express,2011,2012,2011-2012,7,itdiag8-dotcom/database (vivid_cars2000.db),added_from_vivid
Dacia,Dokker,2013,2015,2013-2015,5,original_db,existing
Dacia,Dokker Van,2012,2021,2012-2021,0,gor3a/vehicle-makes-models,added_missing
Dacia,Duster,2011,2013,2011-2013,8,original_db,existing
Dacia,Duster Pick-Up,2020,2026,2020-2026,0,gor3a/vehicle-makes-models,added_missing
Dacia,JOGGER,2020,2026,2020-2026,0,gor3a/vehicle-makes-models,added_missing
Dacia,LOGAN (LS_),2003,2009,2003-2009,15,itdiag8-dotcom/database (vivid_cars2000.db),added_from_vivid
Dacia,LOGAN EXPRESS (FS_),2008,2009,2008-2009,7,itdiag8-dotcom/database (vivid_cars2000.db),added_from_vivid
Dacia,LOGAN II,2011,2012,2011-2012,10,itdiag8-dotcom/database (vivid_cars2000.db),added_from_vivid
Dacia,LOGAN MCV (KS_),2006,2009,2006-2009,13,itdiag8-dotcom/database (vivid_cars2000.db),added_from_vivid
Dacia,LOGAN MCV II,2012,2012,2012,5,itdiag8-dotcom/database (vivid_cars2000.db),added_from_vivid
Dacia,LOGAN Pickup (US_),2007,2009,2007-2009,7,itdiag8-dotcom/database (vivid_cars2000.db),added_from_vivid
Dacia,Lodgy,2011,2013,2011-2013,3,original_db,existing
Dacia,Logan,2004,2026,2004-2026,0,gor3a/vehicle-makes-models,added_missing
Dacia,Logan MCV,2006,2020,2006-2020,0,gor3a/vehicle-makes-models,added_missing
Dacia,Logan MCV Stepway,2017,2020,2017-2020,0,gor3a/vehicle-makes-models,added_missing
Dacia,Logan Pick-Up,2007,2012,2007-2012,0,gor3a/vehicle-makes-models,added_missing
Dacia,Logan Stepway,,,,0,DanielKohut/car-data,added_missing
Dacia,Logan Van,2007,2012,2007-2012,0,gor3a/vehicle-makes-models,added_missing
Dacia,Pick-Up,,,,0,DanielKohut/car-data,added_missing
Dacia,SANDERO II,2011,2012,2011-2012,5,itdiag8-dotcom/database (vivid_cars2000.db),added_from_vivid
Dacia,Sandero,2011,2013,2011-2013,3,original_db,existing
Dacia,Sandero MCV,,,,0,DanielKohut/car-data,added_missing
Dacia,Sandero Stepway,2013,2013,2013,1,original_db,existing
Dacia,Solenza,2003,2005,2003-2005,0,gor3a/vehicle-makes-models,added_missing
Dacia,Spring,2021,2026,2021-2026,0,gor3a/vehicle-makes-models,added_missing
Dacia,Striker,2026,2026,2026-2026,0,gor3a/vehicle-makes-models,added_missing
Dacia,SuperNova,1999,2003,1999-2003,0,gor3a/vehicle-makes-models,added_missing
Daewoo,ADVENTRA,2002,2002,2002,2,itdiag8-dotcom/database (vivid_cars2000.db),added_from_vivid
Daewoo,AVEO,2002,2002,2002,3,itdiag8-dotcom/database (vivid_cars2000.db),added_from_vivid
Daewoo,Alpheon,,,,0,DanielKohut/car-data,added_missing
Daewoo,Arcadia,,,,0,DanielKohut/car-data,added_missing
Daewoo,Brougham,,,,0,DanielKohut/car-data,added_missing
Daewoo,Chairman,,,,0,DanielKohut/car-data,added_missing
Daewoo,Chairman W,,,,0,DanielKohut/car-data,added_missing
Daewoo,Damas,,,,0,DanielKohut/car-data,added_missing
Daewoo,Damas II,2003,2011,2003-2011,0,gor3a/vehicle-makes-models,added_missing
Daewoo,EVANDA (KLAL),2002,2002,2002,2,itdiag8-dotcom/database (vivid_cars2000.db),added_from_vivid
Daewoo,Epica,2006,2007,2006-2007,3,original_db,existing
Daewoo,Evanda,,,,0,DanielKohut/car-data,added_missing
Daewoo,G2X,2006,2009,2006-2009,0,gor3a/vehicle-makes-models,added_missing
Daewoo,GENTRA Hatchback,2004,2004,2004,2,itdiag8-dotcom/database (vivid_cars2000.db),added_from_vivid
Daewoo,GENTRA Saloon,2012,2012,2012,6,itdiag8-dotcom/database (vivid_cars2000.db),added_from_vivid
Daewoo,Gentra,2008,2014,2008-2014,4,original_db,existing
Daewoo,Istana,,,,0,DanielKohut/car-data,added_missing
Daewoo,KALOS (KLAS),2002,2002,2002,5,itdiag8-dotcom/database (vivid_cars2000.db),added_from_vivid
Daewoo,KALOS Saloon (KLAS),2002,2003,2002-2003,3,itdiag8-dotcom/database (vivid_cars2000.db),added_from_vivid
Daewoo,Kalos,,,,0,DanielKohut/car-data,added_missing
Daewoo,Korando,,,,0,DanielKohut/car-data,added_missing
Daewoo,LACETTI Hatchback (KLAN),2003,2003,2003,3,itdiag8-dotcom/database (vivid_cars2000.db),added_from_vivid
Daewoo,LACETTI Saloon (J200),2003,2003,2003,2,itdiag8-dotcom/database (vivid_cars2000.db),added_from_vivid
Daewoo,LEGANZA (KLAV),2000,2000,2000,1,itdiag8-dotcom/database (vivid_cars2000.db),added_from_vivid
Daewoo,Lacetti,2005,2007,2005-2007,12,original_db,existing
Daewoo,Laganza V-car,2003,2007,2003-2007,0,plowman/open-vehicle-db,added_missing
Daewoo,Lanos,1996,2002,1996-2002,0,gor3a/vehicle-makes-models,added_missing
Daewoo,LeMans,,,,0,DanielKohut/car-data,added_missing
Daewoo,Leganza,1997,2002,1997-2002,0,gor3a/vehicle-makes-models,added_missing
Daewoo,Leganza V-200 & variants/derivatives,2003,2007,2003-2007,0,plowman/open-vehicle-db,added_missing
Daewoo,Lublin,,,,0,DanielKohut/car-data,added_missing
Daewoo,MATIZ (KLYA),2002,2002,2002,1,itdiag8-dotcom/database (vivid_cars2000.db),added_from_vivid
Daewoo,Magnus,2002,2006,2002-2006,0,gor3a/vehicle-makes-models,added_missing
Daewoo,Matiz,1998,2009,1998-2009,0,gor3a/vehicle-makes-models,added_missing
Daewoo,Matiz Creative,2010,2012,2010-2012,4,original_db,existing
Daewoo,Musso,,,,0,DanielKohut/car-data,added_missing
Daewoo,NEXIA Saloon,2007,2007,2007,2,itdiag8-dotcom/database (vivid_cars2000.db),added_from_vivid
Daewoo,NUBIRA (KLAJ),2002,2002,2002,2,itdiag8-dotcom/database (vivid_cars2000.db),added_from_vivid
Daewoo,NUBIRA Saloon (KLAJ),2000,2000,2000,2,itdiag8-dotcom/database (vivid_cars2000.db),added_from_vivid
Daewoo,NUBIRA Saloon (KLAN),2003,2003,2003,3,itdiag8-dotcom/database (vivid_cars2000.db),added_from_vivid
Daewoo,NUBIRA Wagon (KLAJ),2000,2000,2000,2,itdiag8-dotcom/database (vivid_cars2000.db),added_from_vivid
Daewoo,NUBIRA Wagon (KLAN),2003,2003,2003,3,itdiag8-dotcom/database (vivid_cars2000.db),added_from_vivid
Daewoo,Nexia,,,,0,DanielKohut/car-data,added_missing
Daewoo,Nubira,2005,2007,2005-2007,10,original_db,existing
Daewoo,Prince,,,,0,DanielKohut/car-data,added_missing
Daewoo,REXTON (GAB_),2002,2005,2002-2005,3,itdiag8-dotcom/database (vivid_cars2000.db),added_from_vivid
Daewoo,REZZO (KLAU),2000,2001,2000-2001,7,itdiag8-dotcom/database (vivid_cars2000.db),added_from_vivid
Daewoo,Racer,,,,0,DanielKohut/car-data,added_missing
Daewoo,Rezzo,,,,0,DanielKohut/car-data,added_missing
Daewoo,Royale,,,,0,DanielKohut/car-data,added_missing
Daewoo,Statesman,2003,2006,2003-2006,0,gor3a/vehicle-makes-models,added_missing
Daewoo,Super Salon,,,,0,DanielKohut/car-data,added_missing
Daewoo,Tacuma,2000,2008,2000-2008,0,gor3a/vehicle-makes-models,added_missing
Daewoo,Tico,1991,2001,1991-2001,0,gor3a/vehicle-makes-models,added_missing
Daewoo,Tosca,2006,2007,2006-2007,3,original_db,existing
Daewoo,Winstorm,2006,2007,2006-2007,8,original_db,existing
Daihatsu,ALTIS,2005,2005,2005,2,itdiag8-dotcom/database (vivid_cars2000.db),added_from_vivid
Daihatsu,AYLA,2012,2012,2012,1,itdiag8-dotcom/database (vivid_cars2000.db),added_from_vivid
Daihatsu,BEGO,2004,2004,2004,3,itdiag8-dotcom/database (vivid_cars2000.db),added_from_vivid
Daihatsu,BOON LUMINAS,2007,2007,2007,1,itdiag8-dotcom/database (vivid_cars2000.db),added_from_vivid
Daihatsu,CERIA,2002,2004,2002-2004,2,itdiag8-dotcom/database (vivid_cars2000.db),added_from_vivid
Daihatsu,CHARADE,2010,2010,2010,1,itdiag8-dotcom/database (vivid_cars2000.db),added_from_vivid
Daihatsu,CHARADE (L2_),2002,2002,2002,1,itdiag8-dotcom/database (vivid_cars2000.db),added_from_vivid
Daihatsu,COO,2005,2005,2005,5,itdiag8-dotcom/database (vivid_cars2000.db),added_from_vivid
Daihatsu,COPEN,2003,2005,2003-2005,4,itdiag8-dotcom/database (vivid_cars2000.db),added_from_vivid
Daihatsu,CUORE VI (L7_),2000,2000,2000,1,itdiag8-dotcom/database (vivid_cars2000.db),added_from_vivid
Daihatsu,CUORE VII (L251),2002,2003,2002-2003,5,itdiag8-dotcom/database (vivid_cars2000.db),added_from_vivid
Daihatsu,CUORE VIII,2006,2006,2006,1,itdiag8-dotcom/database (vivid_cars2000.db),added_from_vivid
Daihatsu,ESSE,2004,2004,2004,1,itdiag8-dotcom/database (vivid_cars2000.db),added_from_vivid
Daihatsu,EXTOL Box,2000,2003,2000-2003,2,itdiag8-dotcom/database (vivid_cars2000.db),added_from_vivid
Daihatsu,"EXTOL Bus (S22_, S23_)",2000,2003,2000-2003,4,itdiag8-dotcom/database (vivid_cars2000.db),added_from_vivid
Daihatsu,HIJET Pickup,2001,2001,2001,1,itdiag8-dotcom/database (vivid_cars2000.db),added_from_vivid
Daihatsu,LUXIO,2008,2008,2008,1,itdiag8-dotcom/database (vivid_cars2000.db),added_from_vivid
Daihatsu,MATERIA (M4_),2005,2005,2005,5,itdiag8-dotcom/database (vivid_cars2000.db),added_from_vivid
Daihatsu,MAX,2000,2002,2000-2002,2,itdiag8-dotcom/database (vivid_cars2000.db),added_from_vivid
Daihatsu,MIRA GINO,2005,2005,2005,2,itdiag8-dotcom/database (vivid_cars2000.db),added_from_vivid
Daihatsu,MOVE,2002,2002,2002,4,itdiag8-dotcom/database (vivid_cars2000.db),added_from_vivid
Daihatsu,RUSH,2004,2004,2004,4,itdiag8-dotcom/database (vivid_cars2000.db),added_from_vivid
Daihatsu,SIRION (M1),2000,2002,2000-2002,3,itdiag8-dotcom/database (vivid_cars2000.db),added_from_vivid
Daihatsu,SIRION (M3_),2004,2007,2004-2007,6,itdiag8-dotcom/database (vivid_cars2000.db),added_from_vivid
Daihatsu,SIRION (M4_),2009,2010,2009-2010,2,itdiag8-dotcom/database (vivid_cars2000.db),added_from_vivid
Daihatsu,SONICA,2004,2005,2004-2005,2,itdiag8-dotcom/database (vivid_cars2000.db),added_from_vivid
Daihatsu,STORIA,2004,2004,2004,2,itdiag8-dotcom/database (vivid_cars2000.db),added_from_vivid
Daihatsu,TANTO,2002,2002,2002,4,itdiag8-dotcom/database (vivid_cars2000.db),added_from_vivid
Daihatsu,TERIOS (J1),2000,2002,2000-2002,3,itdiag8-dotcom/database (vivid_cars2000.db),added_from_vivid
Daihatsu,TERIOS (J2_),2004,2009,2004-2009,5,itdiag8-dotcom/database (vivid_cars2000.db),added_from_vivid
Daihatsu,TREVIS,2005,2005,2005,1,itdiag8-dotcom/database (vivid_cars2000.db),added_from_vivid
Daihatsu,XENIA,2010,2010,2010,5,itdiag8-dotcom/database (vivid_cars2000.db),added_from_vivid
Daihatsu,YRV (M2),2001,2002,2001-2002,3,itdiag8-dotcom/database (vivid_cars2000.db),added_from_vivid
Dodge,Aspen,,,,0,DanielKohut/car-data,added_missing
Dodge,Avenger,2007,2014,2007-2014,0,gor3a/vehicle-makes-models,added_missing
Dodge,Caliber,2006,2006,2006,1,original_db,existing
Dodge,Caliber SRT4,2007,2009,2007-2009,0,gor3a/vehicle-makes-models,added_missing
Dodge,Caravan,1983,2014,1983-2014,0,gor3a/vehicle-makes-models,added_missing
Dodge,Caravan/Grand Caravan,1995,2008,1995-2008,0,plowman/open-vehicle-db,added_missing
Dodge,Challenger,2007,2011,2007-2011,2,original_db,existing
Dodge,Challenger SRT,2009,2026,2009-2026,0,gor3a/vehicle-makes-models,added_missing
Dodge,Charger,1966,2026,1966-2026,0,gor3a/vehicle-makes-models,added_missing
Dodge,Charger SRT,2006,2023,2006-2023,0,gor3a/vehicle-makes-models,added_missing
Dodge,Colt,,,,0,DanielKohut/car-data,added_missing
Dodge,Coronet,,,,0,DanielKohut/car-data,added_missing
Dodge,Dakota,1996,2004,1996-2004,0,gor3a/vehicle-makes-models,added_missing
Dodge,Dakota Club Cab,2004,2011,2004-2011,0,gor3a/vehicle-makes-models,added_missing
Dodge,Dakota Quad Cab,2004,2011,2004-2011,0,gor3a/vehicle-makes-models,added_missing
Dodge,Dart,2013,2013,2013,1,original_db,existing
Dodge,Daytona,,,,0,DanielKohut/car-data,added_missing
Dodge,Diplomat,,,,0,DanielKohut/car-data,added_missing
Dodge,Durango,1997,2026,1997-2026,0,gor3a/vehicle-makes-models,added_missing
Dodge,Durango SRT,2017,2026,2017-2026,0,gor3a/vehicle-makes-models,added_missing
Dodge,Grand Caravan,,,,0,DanielKohut/car-data,added_missing
Dodge,Hornet,2022,2026,2022-2026,0,gor3a/vehicle-makes-models,added_missing
Dodge,Intrepid,,,,0,DanielKohut/car-data,added_missing
Dodge,Journey,2008,2020,2008-2020,0,gor3a/vehicle-makes-models,added_missing
Dodge,Lancer,,,,0,DanielKohut/car-data,added_missing
Dodge,Magnum,2004,2008,2004-2008,0,gor3a/vehicle-makes-models,added_missing
Dodge,Magnum SRT8,2005,2008,2005-2008,0,gor3a/vehicle-makes-models,added_missing
Dodge,Mirada,,,,0,DanielKohut/car-data,added_missing
Dodge,Monaco,,,,0,DanielKohut/car-data,added_missing
Dodge,Neon,2003,2003,2003,1,original_db,existing
Dodge,Nitro,2006,2012,2006-2012,0,gor3a/vehicle-makes-models,added_missing
Dodge,Omni,,,,0,DanielKohut/car-data,added_missing
Dodge,Polara,,,,0,DanielKohut/car-data,added_missing
Dodge,Raider,,,,0,DanielKohut/car-data,added_missing
Dodge,Ram,1993,2013,1993-2013,0,gor3a/vehicle-makes-models,added_missing
Dodge,Ram 1500,2003,2014,2003-2014,2,original_db,existing
Dodge,Ram 2500,2003,2013,2003-2013,6,original_db,existing
Dodge,Ram 3500,2003,2013,2003-2013,6,original_db,existing
Dodge,Ram Chassis Cab,2007,2013,2007-2013,5,original_db,existing
Dodge,Ram Van,,,,0,DanielKohut/car-data,added_missing
Dodge,Ram Wagon,1981,2003,1981-2003,0,plowman/open-vehicle-db,added_missing
Dodge,Ramcharger,,,,0,DanielKohut/car-data,added_missing
Dodge,Shadow,,,,0,DanielKohut/car-data,added_missing
Dodge,Spirit,,,,0,DanielKohut/car-data,added_missing
Dodge,Sprinter,2005,2009,2005-2009,0,plowman/open-vehicle-db,added_missing
Dodge,Stealth,,,,0,DanielKohut/car-data,added_missing
Dodge,Stratus,2001,2001,2001,1,original_db,existing
Dodge,Super Bee,,,,0,DanielKohut/car-data,added_missing
Dodge,Viper,2008,2013,2008-2013,4,original_db,existing
Donkervoort,D10,,,,0,DanielKohut/car-data,added_missing
Donkervoort,D8,,,,0,DanielKohut/car-data,added_missing
Donkervoort,D8 Cosworth,,,,0,DanielKohut/car-data,added_missing
Donkervoort,D8 GTO,,,,0,DanielKohut/car-data,added_missing
Donkervoort,D8 Zetec,,,,0,DanielKohut/car-data,added_missing
Donkervoort,F22,,,,0,DanielKohut/car-data,added_missing
Donkervoort,S8,,,,0,DanielKohut/car-data,added_missing
Dr Motor,Dr5,2007,2007,2007,3,original_db,existing
Effedi,Gasolone,2009,2009,2009,1,original_db,existing
Ferrari,125 S,,,,0,DanielKohut/car-data,added_missing
Ferrari,12Cilindri,2024,2026,2024-2026,0,gor3a/vehicle-makes-models,added_missing
Ferrari,166 Inter,,,,0,DanielKohut/car-data,added_missing
Ferrari,195 Inter,,,,0,DanielKohut/car-data,added_missing
Ferrari,208 GTB,,,,0,DanielKohut/car-data,added_missing
Ferrari,208 GTS,,,,0,DanielKohut/car-data,added_missing
Ferrari,208 Turbo,,,,0,DanielKohut/car-data,added_missing
Ferrari,212 Inter,,,,0,DanielKohut/car-data,added_missing
Ferrari,250 Europa,,,,0,DanielKohut/car-data,added_missing
Ferrari,250 GT,,,,0,DanielKohut/car-data,added_missing
Ferrari,250 GT California,,,,0,DanielKohut/car-data,added_missing
Ferrari,250 GTE,,,,0,DanielKohut/car-data,added_missing
Ferrari,250 GTO,,,,0,DanielKohut/car-data,added_missing
Ferrari,275 GTB,,,,0,DanielKohut/car-data,added_missing
Ferrari,288 GTO,,,,0,DanielKohut/car-data,added_missing
Ferrari,288 GTO/F40/F50/Enzo/LaFerrari,1984,2015,1984-2015,0,gor3a/vehicle-makes-models,added_missing
Ferrari,296,2022,2026,2022-2026,0,plowman/open-vehicle-db,added_missing
Ferrari,296 GTB,2022,2026,2022-2026,0,gor3a/vehicle-makes-models,added_missing
Ferrari,296 GTS,2022,2026,2022-2026,0,gor3a/vehicle-makes-models,added_missing
Ferrari,296 Speciale,2025,2026,2025-2026,0,gor3a/vehicle-makes-models,added_missing
Ferrari,296 Speciale A,2026,2027,2026-2027,0,plowman/open-vehicle-db,added_missing
Ferrari,308 GTB,,,,0,DanielKohut/car-data,added_missing
Ferrari,308 GTS,,,,0,DanielKohut/car-data,added_missing
Ferrari,330 GT,,,,0,DanielKohut/car-data,added_missing
Ferrari,360,2000,2005,2000-2005,0,gor3a/vehicle-makes-models,added_missing
Ferrari,360 (F131),2001,2003,2001-2003,1,itdiag8-dotcom/database (vivid_cars2000.db),added_from_vivid
Ferrari,360 Challenge Stradale,2003,2005,2003-2005,0,gor3a/vehicle-makes-models,added_missing
Ferrari,360 Modena,1999,2003,1999-2003,5,original_db,existing
Ferrari,360 Spider,,,,0,DanielKohut/car-data,added_missing
Ferrari,360 Spider (F131),2000,2000,2000,1,itdiag8-dotcom/database (vivid_cars2000.db),added_from_vivid
Ferrari,365 GTB/4 Daytona,,,,0,DanielKohut/car-data,added_missing
Ferrari,365 GTC,,,,0,DanielKohut/car-data,added_missing
Ferrari,365 GTS,,,,0,DanielKohut/car-data,added_missing
Ferrari,430,2007,2009,2007-2009,0,plowman/open-vehicle-db,added_missing
Ferrari,430 Scuderia,,,,0,DanielKohut/car-data,added_missing
Ferrari,456 GT,1992,2003,1992-2003,0,gor3a/vehicle-makes-models,added_missing
Ferrari,456M,2000,2003,2000-2003,0,plowman/open-vehicle-db,added_missing
Ferrari,458,2011,2015,2011-2015,0,gor3a/vehicle-makes-models,added_missing
Ferrari,458 Italia,2010,2014,2010-2014,4,original_db,existing
Ferrari,458 Speciale,2013,2015,2013-2015,0,gor3a/vehicle-makes-models,added_missing
Ferrari,458 Speciale A,2014,2015,2014-2015,0,gor3a/vehicle-makes-models,added_missing
Ferrari,458 Spider,,,,0,DanielKohut/car-data,added_missing
Ferrari,488,2016,2019,2016-2019,0,gor3a/vehicle-makes-models,added_missing
Ferrari,488 Gtb,2015,2015,2015,1,original_db,existing
Ferrari,488 Pista,2018,2020,2018-2020,0,gor3a/vehicle-makes-models,added_missing
Ferrari,488 Pista Spider,,,,0,DanielKohut/car-data,added_missing
Ferrari,488 Spider,2015,2015,2015,1,original_db,existing
Ferrari,512 BB,,,,0,DanielKohut/car-data,added_missing
Ferrari,512 TR,,,,0,DanielKohut/car-data,added_missing
Ferrari,550 Barchetta,2001,2001,2001-2001,0,plowman/open-vehicle-db,added_missing
Ferrari,550 Barchetta/575M Superamerica,2000,2006,2000-2006,0,gor3a/vehicle-makes-models,added_missing
Ferrari,550 Maranello,,,,0,DanielKohut/car-data,added_missing
Ferrari,550/575M Maranello,1996,2006,1996-2006,0,gor3a/vehicle-makes-models,added_missing
Ferrari,575 Maranello,2001,2006,2001-2006,5,original_db,existing
Ferrari,575M Maranello,,,,0,DanielKohut/car-data,added_missing
Ferrari,599,2006,2012,2006-2012,0,gor3a/vehicle-makes-models,added_missing
Ferrari,599 Fiorano,2006,2009,2006-2009,4,original_db,existing
Ferrari,599 GTB Fiorano,,,,0,DanielKohut/car-data,added_missing
Ferrari,599 GTB/GTO,2005,2009,2005-2009,2,itdiag8-dotcom/database (vivid_cars2000.db),added_from_vivid
Ferrari,599 Gto,2010,2010,2010,1,original_db,existing
Ferrari,599 SA,2009,2009,2009,1,itdiag8-dotcom/database (vivid_cars2000.db),added_from_vivid
Ferrari,612 Scaglietti,2004,2006,2004-2006,4,original_db,existing
Ferrari,812,2017,2024,2017-2024,0,gor3a/vehicle-makes-models,added_missing
Ferrari,812 Superfast,,,,0,DanielKohut/car-data,added_missing
Ferrari,849 Testarossa,2026,2027,2026-2027,0,plowman/open-vehicle-db,added_missing
Ferrari,Amalfi,2025,2026,2025-2026,0,gor3a/vehicle-makes-models,added_missing
Ferrari,California,2009,2012,2009-2012,3,original_db,existing
Ferrari,California T,2014,2017,2014-2017,0,gor3a/vehicle-makes-models,added_missing
Ferrari,California T F149M,2015,2015,2015,1,original_db,existing
Ferrari,Challenge Stradale,2004,2004,2004-2004,0,plowman/open-vehicle-db,added_missing
Ferrari,Daytona,2021,2026,2021-2026,0,gor3a/vehicle-makes-models,added_missing
Ferrari,Daytona SP3,2023,2025,2023-2025,0,plowman/open-vehicle-db,added_missing
Ferrari,Dino 206 GT,,,,0,DanielKohut/car-data,added_missing
Ferrari,Dino 246 GT,,,,0,DanielKohut/car-data,added_missing
Ferrari,ENZO FERRARI,2002,2002,2002,1,itdiag8-dotcom/database (vivid_cars2000.db),added_from_vivid
Ferrari,Enzo,2004,2004,2004,1,original_db,existing
Ferrari,F12 Berlinetta,2012,2012,2012,1,original_db,existing
Ferrari,F12 Special Series,2016,2016,2016-2016,0,plowman/open-vehicle-db,added_missing
Ferrari,F12 TRS,2014,2014,2014-2014,0,gor3a/vehicle-makes-models,added_missing
Ferrari,F12 tdf (Tour de France),2017,2017,2017-2017,0,plowman/open-vehicle-db,added_missing
Ferrari,F12tdf,2015,2017,2015-2017,0,gor3a/vehicle-makes-models,added_missing
Ferrari,F149 California,2008,2017,2008-2017,0,gor3a/vehicle-makes-models,added_missing
Ferrari,F40,,,,0,DanielKohut/car-data,added_missing
Ferrari,F430,2004,2009,2004-2009,11,original_db,existing
Ferrari,F430 Spider,2004,2007,2004-2007,2,itdiag8-dotcom/database (vivid_cars2000.db),added_from_vivid
Ferrari,F50,,,,0,DanielKohut/car-data,added_missing
Ferrari,F512 M,,,,0,DanielKohut/car-data,added_missing
Ferrari,F60 America,2014,2016,2014-2016,0,gor3a/vehicle-makes-models,added_missing
Ferrari,F8,2019,2023,2019-2023,0,gor3a/vehicle-makes-models,added_missing
Ferrari,F8 Tributo,,,,0,DanielKohut/car-data,added_missing
Ferrari,F80,2024,2026,2024-2026,0,gor3a/vehicle-makes-models,added_missing
Ferrari,FXX,2005,2007,2005-2007,0,gor3a/vehicle-makes-models,added_missing
Ferrari,Ff,2011,2011,2011,1,original_db,existing
Ferrari,GTC4Lusso,2016,2020,2016-2020,0,gor3a/vehicle-makes-models,added_missing
Ferrari,GTC4Lusso T,2016,2020,2016-2020,0,gor3a/vehicle-makes-models,added_missing
Ferrari,La Ferrari,2010,2017,2010-2017,0,plowman/open-vehicle-db,added_missing
Ferrari,LaFerrari,2016,2018,2016-2018,0,gor3a/vehicle-makes-models,added_missing
Ferrari,Luce,2026,2026,2026-2026,0,gor3a/vehicle-makes-models,added_missing
Ferrari,Monza,2018,2022,2018-2022,0,gor3a/vehicle-makes-models,added_missing
Ferrari,Monza SP1,,,,0,DanielKohut/car-data,added_missing
Ferrari,Monza SP1/SP2,2023,2023,2023-2023,0,plowman/open-vehicle-db,added_missing
Ferrari,Monza SP2,,,,0,DanielKohut/car-data,added_missing
Ferrari,P4/5 By Pininfarina,2006,2006,2006,1,original_db,existing
Ferrari,Portofino,2017,2026,2017-2026,0,gor3a/vehicle-makes-models,added_missing
Ferrari,Portofino M,2021,2023,2021-2023,0,plowman/open-vehicle-db,added_missing
Ferrari,Purosangue,2022,2026,2022-2026,0,gor3a/vehicle-makes-models,added_missing
Ferrari,Roma,2019,2026,2019-2026,0,gor3a/vehicle-makes-models,added_missing
Ferrari,SF90,2019,2026,2019-2026,0,gor3a/vehicle-makes-models,added_missing
Ferrari,SF90 Spider,,,,0,DanielKohut/car-data,added_missing
Ferrari,SF90 Stradale,,,,0,DanielKohut/car-data,added_missing
Ferrari,SUPERAMERICA,2004,2004,2004,1,itdiag8-dotcom/database (vivid_cars2000.db),added_from_vivid
Ferrari,Sa Aperta,2011,2011,2011,1,original_db,existing
Ferrari,Scuderia,2008,2009,2008-2009,0,gor3a/vehicle-makes-models,added_missing
Ferrari,Testarossa,2025,2026,2025-2026,0,gor3a/vehicle-makes-models,added_missing
Ferrari,Testarossa/512 TR/512M,1984,2026,1984-2026,0,gor3a/vehicle-makes-models,added_missing
Fiat,1100,,,,0,DanielKohut/car-data,added_missing
Fiat,124,1966,2021,1966-2021,0,gor3a/vehicle-makes-models,added_missing
Fiat,124 Spider,2016,2016,2016,2,original_db,existing
Fiat,126,1972,2000,1972-2000,0,gor3a/vehicle-makes-models,added_missing
Fiat,1500,,,,0,DanielKohut/car-data,added_missing
Fiat,1800,,,,0,DanielKohut/car-data,added_missing
Fiat,2100,,,,0,DanielKohut/car-data,added_missing
Fiat,2300,,,,0,DanielKohut/car-data,added_missing
Fiat,500,2007,2016,2007-2016,15,original_db,existing
Fiat,500 (312),2006,2012,2006-2012,15,itdiag8-dotcom/database (vivid_cars2000.db),added_from_vivid
Fiat,500 3+1,2020,2026,2020-2026,0,gor3a/vehicle-makes-models,added_missing
Fiat,500 Abarth,2008,2026,2008-2026,0,gor3a/vehicle-makes-models,added_missing
Fiat,500 C (312),2008,2012,2008-2012,11,itdiag8-dotcom/database (vivid_cars2000.db),added_from_vivid
Fiat,500 Hybrid,,,,0,DanielKohut/car-data,added_missing
Fiat,500C,2009,2015,2009-2015,15,original_db,existing
Fiat,500L,2012,2015,2012-2015,12,original_db,existing
Fiat,500L Living,2013,2022,2013-2022,0,gor3a/vehicle-makes-models,added_missing
Fiat,500L Trekking,2013,2017,2013-2017,0,gor3a/vehicle-makes-models,added_missing
Fiat,500L Urban,2017,2022,2017-2022,0,gor3a/vehicle-makes-models,added_missing
Fiat,500X,2015,2016,2015-2016,8,original_db,existing
Fiat,500e,2013,2020,2013-2020,0,gor3a/vehicle-makes-models,added_missing
Fiat,600,1955,2026,1955-2026,0,gor3a/vehicle-makes-models,added_missing
Fiat,Albea,2002,2002,2002,1,original_db,existing
Fiat,Albea / Siena,2002,2012,2002-2012,0,gor3a/vehicle-makes-models,added_missing
Fiat,BRAVA (182),2000,2001,2000-2001,4,itdiag8-dotcom/database (vivid_cars2000.db),added_from_vivid
Fiat,BRAVO I (182),2000,2000,2000,4,itdiag8-dotcom/database (vivid_cars2000.db),added_from_vivid
Fiat,BRAVO II (198),2005,2008,2005-2008,17,itdiag8-dotcom/database (vivid_cars2000.db),added_from_vivid
Fiat,BRAVO Van (198),2007,2007,2007,1,itdiag8-dotcom/database (vivid_cars2000.db),added_from_vivid
Fiat,Barchetta,1995,2005,1995-2005,0,gor3a/vehicle-makes-models,added_missing
Fiat,Brava,1995,2001,1995-2001,0,gor3a/vehicle-makes-models,added_missing
Fiat,Bravo,1998,2014,1998-2014,27,original_db,existing
Fiat,CROMA (194),2004,2004,2004,7,itdiag8-dotcom/database (vivid_cars2000.db),added_from_vivid
Fiat,Croma,2005,2005,2005,3,original_db,existing
Fiat,DOBLO (119),2001,2004,2001-2004,14,itdiag8-dotcom/database (vivid_cars2000.db),added_from_vivid
Fiat,DOBLO Box Body / Estate (263),2009,2012,2009-2012,15,itdiag8-dotcom/database (vivid_cars2000.db),added_from_vivid
Fiat,DOBLO Cargo (223),2001,2005,2001-2005,13,itdiag8-dotcom/database (vivid_cars2000.db),added_from_vivid
Fiat,"DOBLO MPV (152, 263)",2009,2010,2009-2010,8,itdiag8-dotcom/database (vivid_cars2000.db),added_from_vivid
Fiat,DOBLO Platform/Chassis (263),2009,2012,2009-2012,13,itdiag8-dotcom/database (vivid_cars2000.db),added_from_vivid
Fiat,DUCATO Box (230L),2000,2001,2000-2001,2,itdiag8-dotcom/database (vivid_cars2000.db),added_from_vivid
Fiat,DUCATO Box (244),2002,2003,2002-2003,5,itdiag8-dotcom/database (vivid_cars2000.db),added_from_vivid
Fiat,DUCATO Box (250),2005,2010,2005-2010,15,itdiag8-dotcom/database (vivid_cars2000.db),added_from_vivid
Fiat,DUCATO Bus (230),2000,2001,2000-2001,2,itdiag8-dotcom/database (vivid_cars2000.db),added_from_vivid
Fiat,"DUCATO Bus (244, Z_)",2002,2003,2002-2003,5,itdiag8-dotcom/database (vivid_cars2000.db),added_from_vivid
Fiat,DUCATO Bus (250),2005,2010,2005-2010,12,itdiag8-dotcom/database (vivid_cars2000.db),added_from_vivid
Fiat,DUCATO Platform/Chassis (230),2000,2001,2000-2001,3,itdiag8-dotcom/database (vivid_cars2000.db),added_from_vivid
Fiat,DUCATO Platform/Chassis (244),2002,2003,2002-2003,5,itdiag8-dotcom/database (vivid_cars2000.db),added_from_vivid
Fiat,DUCATO Platform/Chassis (250),2005,2010,2005-2010,14,itdiag8-dotcom/database (vivid_cars2000.db),added_from_vivid
Fiat,Doblo,2001,2014,2001-2014,26,original_db,existing
Fiat,Ducato,2002,2011,2002-2011,13,original_db,existing
Fiat,FIORINO Box Body / Estate (225),2006,2008,2006-2008,6,itdiag8-dotcom/database (vivid_cars2000.db),added_from_vivid
Fiat,FREEMONT (JF_),2010,2010,2010,6,itdiag8-dotcom/database (vivid_cars2000.db),added_from_vivid
Fiat,Fiorino,2001,2011,2001-2011,6,original_db,existing
Fiat,Freemont,2011,2012,2011-2012,3,original_db,existing
Fiat,Fullback,2016,2019,2016-2019,0,gor3a/vehicle-makes-models,added_missing
Fiat,Grande Panda,2024,2026,2024-2026,0,gor3a/vehicle-makes-models,added_missing
Fiat,Grande Punto,2005,2011,2005-2011,22,original_db,existing
Fiat,Grande Punto / Punto Evo,2005,2012,2005-2012,0,gor3a/vehicle-makes-models,added_missing
Fiat,Idea,2004,2010,2004-2010,8,original_db,existing
Fiat,LINEA (323),2006,2008,2006-2008,5,itdiag8-dotcom/database (vivid_cars2000.db),added_from_vivid
Fiat,Linea,2007,2009,2007-2009,5,original_db,existing
Fiat,MAREA (185),2000,2001,2000-2001,5,itdiag8-dotcom/database (vivid_cars2000.db),added_from_vivid
Fiat,MAREA Weekend (185),2000,2001,2000-2001,4,itdiag8-dotcom/database (vivid_cars2000.db),added_from_vivid
Fiat,MULTIPLA (186),2000,2003,2000-2003,8,itdiag8-dotcom/database (vivid_cars2000.db),added_from_vivid
Fiat,Marea,1998,2001,1998-2001,6,original_db,existing
Fiat,Marea Weekend,1996,2002,1996-2002,0,gor3a/vehicle-makes-models,added_missing
Fiat,Mille,2005,2005,2005,1,original_db,existing
Fiat,Multipla,1999,2003,1999-2003,5,original_db,existing
Fiat,Ottimo,2012,2012,2012,2,original_db,existing
Fiat,PALIO (178BX),2003,2003,2003,2,itdiag8-dotcom/database (vivid_cars2000.db),added_from_vivid
Fiat,PALIO Weekend (178DX),2001,2004,2001-2004,11,itdiag8-dotcom/database (vivid_cars2000.db),added_from_vivid
Fiat,PANDA (169),2003,2009,2003-2009,15,itdiag8-dotcom/database (vivid_cars2000.db),added_from_vivid
Fiat,"PANDA (519, 319)",2011,2012,2011-2012,12,itdiag8-dotcom/database (vivid_cars2000.db),added_from_vivid
Fiat,PANDA Van (141_),2000,2000,2000,1,itdiag8-dotcom/database (vivid_cars2000.db),added_from_vivid
Fiat,PANDA Van (169),2003,2009,2003-2009,9,itdiag8-dotcom/database (vivid_cars2000.db),added_from_vivid
Fiat,PUNTO (188),2001,2006,2001-2006,7,itdiag8-dotcom/database (vivid_cars2000.db),added_from_vivid
Fiat,PUNTO (199),2011,2012,2011-2012,14,itdiag8-dotcom/database (vivid_cars2000.db),added_from_vivid
Fiat,PUNTO / GRANDE PUNTO (199),2004,2009,2004-2009,23,itdiag8-dotcom/database (vivid_cars2000.db),added_from_vivid
Fiat,PUNTO EVO (199),2007,2008,2007-2008,18,itdiag8-dotcom/database (vivid_cars2000.db),added_from_vivid
Fiat,PUNTO Van (188AX),2000,2004,2000-2004,5,itdiag8-dotcom/database (vivid_cars2000.db),added_from_vivid
Fiat,PUNTO Van (199),2007,2011,2007-2011,8,itdiag8-dotcom/database (vivid_cars2000.db),added_from_vivid
Fiat,Palio,2001,2010,2001-2010,15,original_db,existing
Fiat,Palio Weekend,2012,2019,2012-2019,0,gor3a/vehicle-makes-models,added_missing
Fiat,Panda,2003,2016,2003-2016,32,original_db,existing
Fiat,Panda 4X4,1986,2023,1986-2023,0,gor3a/vehicle-makes-models,added_missing
Fiat,Panda City Cross,2017,2020,2017-2020,0,gor3a/vehicle-makes-models,added_missing
Fiat,Panda Cross,2014,2017,2014-2017,0,gor3a/vehicle-makes-models,added_missing
Fiat,Punto,1999,2015,1999-2015,31,original_db,existing
Fiat,Punto Evo,2009,2010,2009-2010,16,original_db,existing
Fiat,QUBO (225),2007,2009,2007-2009,6,itdiag8-dotcom/database (vivid_cars2000.db),added_from_vivid
Fiat,Qubo,2008,2015,2008-2015,6,original_db,existing
Fiat,SCUDO (270_),2006,2010,2006-2010,5,itdiag8-dotcom/database (vivid_cars2000.db),added_from_vivid
Fiat,SCUDO Box (220L),2000,2002,2000-2002,2,itdiag8-dotcom/database (vivid_cars2000.db),added_from_vivid
Fiat,SCUDO Box (270_),2006,2010,2006-2010,5,itdiag8-dotcom/database (vivid_cars2000.db),added_from_vivid
Fiat,SCUDO Combinato (220P),2000,2003,2000-2003,2,itdiag8-dotcom/database (vivid_cars2000.db),added_from_vivid
Fiat,SCUDO Platform/Chassis (270_),2006,2010,2006-2010,6,itdiag8-dotcom/database (vivid_cars2000.db),added_from_vivid
Fiat,SIENA (178_),2000,2006,2000-2006,13,itdiag8-dotcom/database (vivid_cars2000.db),added_from_vivid
Fiat,STILO (192),2001,2004,2001-2004,17,itdiag8-dotcom/database (vivid_cars2000.db),added_from_vivid
Fiat,STILO Multi Wagon (192),2002,2004,2002-2004,15,itdiag8-dotcom/database (vivid_cars2000.db),added_from_vivid
Fiat,STRADA Pickup (178E),2000,2005,2000-2005,4,itdiag8-dotcom/database (vivid_cars2000.db),added_from_vivid
Fiat,STRADA Pickup (578_),2009,2009,2009,1,itdiag8-dotcom/database (vivid_cars2000.db),added_from_vivid
Fiat,Scudo,2004,2011,2004-2011,9,original_db,existing
Fiat,Sedici,2006,2006,2006,2,original_db,existing
Fiat,Siena,1998,2010,1998-2010,7,original_db,existing
Fiat,Stilo,2001,2005,2001-2005,11,original_db,existing
Fiat,Stilo Multi,2003,2010,2003-2010,0,gor3a/vehicle-makes-models,added_missing
Fiat,Strada,1999,2010,1999-2010,9,original_db,existing
Fiat,Talento,,,,0,DanielKohut/car-data,added_missing
Fiat,Tipo,2015,2017,2015-2017,2,original_db,existing
Fiat,Tipo Cross,2020,2026,2020-2026,0,gor3a/vehicle-makes-models,added_missing
Fiat,Tipo Station,2016,2021,2016-2021,0,gor3a/vehicle-makes-models,added_missing
Fiat,Topolino,1936,2026,1936-2026,0,gor3a/vehicle-makes-models,added_missing
Fiat,ULYSSE (179AX),2002,2007,2002-2007,11,itdiag8-dotcom/database (vivid_cars2000.db),added_from_vivid
Fiat,ULYSSE (220),2000,2000,2000,1,itdiag8-dotcom/database (vivid_cars2000.db),added_from_vivid
Fiat,Ulysse,1999,2008,1999-2008,8,original_db,existing
Fiat,Uno,2001,2006,2001-2006,3,original_db,existing
Fiat,Viaggio,2012,2012,2012,2,original_db,existing
Ford,'34,1985,2027,1985-2027,0,plowman/open-vehicle-db,added_missing
Ford,B-750,2002,2002,2002-2002,0,plowman/open-vehicle-db,added_missing
Ford,B-MAX Van,2011,2011,2011,7,itdiag8-dotcom/database (vivid_cars2000.db),added_from_vivid
Ford,B-Max,2012,2015,2012-2015,6,original_db,existing
Ford,Bantam,2005,2005,2005,2,original_db,existing
Ford,Bronco,1966,2026,1966-2026,0,gor3a/vehicle-makes-models,added_missing
Ford,Bronco Sport,2021,2027,2021-2027,0,plowman/open-vehicle-db,added_missing
Ford,C-MAX (DM2),2006,2008,2006-2008,32,itdiag8-dotcom/database (vivid_cars2000.db),added_from_vivid
Ford,C-MAX II,2009,2011,2009-2011,22,itdiag8-dotcom/database (vivid_cars2000.db),added_from_vivid
Ford,C-MAX II Van,2009,2011,2009-2011,11,itdiag8-dotcom/database (vivid_cars2000.db),added_from_vivid
Ford,C-Max,2007,2015,2007-2015,20,original_db,existing
Ford,COUGAR (EC_),2000,2000,2000,4,itdiag8-dotcom/database (vivid_cars2000.db),added_from_vivid
Ford,COURIER Pickup (PG),,,,2,itdiag8-dotcom/database (vivid_cars2000.db),added_from_vivid
Ford,COURIER Pickup (PH),,,,3,itdiag8-dotcom/database (vivid_cars2000.db),added_from_vivid
Ford,COURIER Platform/Chassis (PG),,,,2,itdiag8-dotcom/database (vivid_cars2000.db),added_from_vivid
Ford,COURIER Platform/Chassis (PH),,,,3,itdiag8-dotcom/database (vivid_cars2000.db),added_from_vivid
Ford,Capri SUV,2024,2026,2024-2026,0,gor3a/vehicle-makes-models,added_missing
Ford,Contour/Mondeo,1997,2000,1997-2000,0,gor3a/vehicle-makes-models,added_missing
Ford,Cougar,1998,2001,1998-2001,0,gor3a/vehicle-makes-models,added_missing
Ford,Crown Victoria,1998,2007,1998-2007,0,gor3a/vehicle-makes-models,added_missing
Ford,E SERIES Box,,,,1,itdiag8-dotcom/database (vivid_cars2000.db),added_from_vivid
Ford,E SERIES Bus,,,,1,itdiag8-dotcom/database (vivid_cars2000.db),added_from_vivid
Ford,E-150,1981,2014,1981-2014,0,plowman/open-vehicle-db,added_missing
Ford,E-250,1981,2014,1981-2014,0,plowman/open-vehicle-db,added_missing
Ford,E-350,1981,2027,1981-2027,0,plowman/open-vehicle-db,added_missing
Ford,E-450,1995,2027,1995-2027,0,plowman/open-vehicle-db,added_missing
Ford,E-550,2002,2015,2002-2015,0,plowman/open-vehicle-db,added_missing
Ford,E-Tourneo,2023,2026,2023-2026,0,gor3a/vehicle-makes-models,added_missing
Ford,ECONOVAN Box (JH),,,,3,itdiag8-dotcom/database (vivid_cars2000.db),added_from_vivid
Ford,"ESCAPE (BA, ZA, ZB, ZC, ZD)",,,,1,itdiag8-dotcom/database (vivid_cars2000.db),added_from_vivid
Ford,Econovan,1999,2005,1999-2005,0,gor3a/vehicle-makes-models,added_missing
Ford,Ecosport,2004,2015,2004-2015,7,original_db,existing
Ford,Edge,2015,2015,2015,1,original_db,existing
Ford,Edge ST,2018,2024,2018-2024,0,gor3a/vehicle-makes-models,added_missing
Ford,Escape,2013,2013,2013,1,original_db,existing
Ford,Escort,1980,2000,1980-2000,0,gor3a/vehicle-makes-models,added_missing
Ford,Everest,2015,2015,2015,2,original_db,existing
Ford,Excursion,2000,2005,2000-2005,0,gor3a/vehicle-makes-models,added_missing
Ford,Expedition,1996,2026,1996-2026,0,gor3a/vehicle-makes-models,added_missing
Ford,Expedition EL,2017,2017,2017-2017,0,plowman/open-vehicle-db,added_missing
Ford,Expedition MAX,2007,2027,2007-2027,0,plowman/open-vehicle-db,added_missing
Ford,Explorer,2011,2011,2011,1,original_db,existing
Ford,Explorer Electric,2023,2026,2023-2026,0,gor3a/vehicle-makes-models,added_missing
Ford,Explorer Sport,2001,2005,2001-2005,0,gor3a/vehicle-makes-models,added_missing
Ford,Explorer Sport Trac,2002,2010,2002-2010,0,gor3a/vehicle-makes-models,added_missing
Ford,F-150,1997,2009,1997-2009,12,original_db,existing
Ford,F-150 Heritage,2004,2004,2004-2004,0,plowman/open-vehicle-db,added_missing
Ford,F-150 Lightning,,,,0,DanielKohut/car-data,added_missing
Ford,F-150 Raptor,2009,2026,2009-2026,0,gor3a/vehicle-makes-models,added_missing
Ford,F-150 Regular Cab,1996,2014,1996-2014,0,gor3a/vehicle-makes-models,added_missing
Ford,F-150 Super Cab,2001,2026,2001-2026,0,gor3a/vehicle-makes-models,added_missing
Ford,F-150 Super Crew,2001,2026,2001-2026,0,gor3a/vehicle-makes-models,added_missing
Ford,F-250,,,,0,DanielKohut/car-data,added_missing
Ford,F-250 Super Duty,1998,2015,1998-2015,15,original_db,existing
Ford,F-350,,,,0,DanielKohut/car-data,added_missing
Ford,F-350 Super Duty,1998,2015,1998-2015,15,original_db,existing
Ford,F-450,1999,2027,1999-2027,0,plowman/open-vehicle-db,added_missing
Ford,F-450 Super Duty,1998,2015,1998-2015,15,original_db,existing
Ford,F-550,1999,2027,1999-2027,0,plowman/open-vehicle-db,added_missing
Ford,F-550 Super Duty,1998,2015,1998-2015,15,original_db,existing
Ford,F-600,1981,2027,1981-2027,0,plowman/open-vehicle-db,added_missing
Ford,F-650,2000,2027,2000-2027,0,plowman/open-vehicle-db,added_missing
Ford,F-750,2000,2027,2000-2027,0,plowman/open-vehicle-db,added_missing
Ford,F-800,1981,2002,1981-2002,0,plowman/open-vehicle-db,added_missing
Ford,F150 Pickup,,,,1,itdiag8-dotcom/database (vivid_cars2000.db),added_from_vivid
Ford,FAIRLANE Saloon (BA),,,,2,itdiag8-dotcom/database (vivid_cars2000.db),added_from_vivid
Ford,FAIRLANE Saloon (BF),,,,1,itdiag8-dotcom/database (vivid_cars2000.db),added_from_vivid
Ford,FAIRMONT Saloon (BA),,,,2,itdiag8-dotcom/database (vivid_cars2000.db),added_from_vivid
Ford,FAIRMONT Saloon (BF),,,,2,itdiag8-dotcom/database (vivid_cars2000.db),added_from_vivid
Ford,FALCON Estate (BA),,,,2,itdiag8-dotcom/database (vivid_cars2000.db),added_from_vivid
Ford,FALCON Estate (BF),,,,2,itdiag8-dotcom/database (vivid_cars2000.db),added_from_vivid
Ford,FALCON Pickup (BA),,,,5,itdiag8-dotcom/database (vivid_cars2000.db),added_from_vivid
Ford,FALCON Pickup (BF),,,,4,itdiag8-dotcom/database (vivid_cars2000.db),added_from_vivid
Ford,FALCON Pickup (FG),,,,3,itdiag8-dotcom/database (vivid_cars2000.db),added_from_vivid
Ford,FALCON Platform/Chassis (AU),,,,1,itdiag8-dotcom/database (vivid_cars2000.db),added_from_vivid
Ford,FALCON Platform/Chassis (BA),,,,3,itdiag8-dotcom/database (vivid_cars2000.db),added_from_vivid
Ford,FALCON Platform/Chassis (BF),,,,2,itdiag8-dotcom/database (vivid_cars2000.db),added_from_vivid
Ford,FALCON Platform/Chassis (FG),,,,1,itdiag8-dotcom/database (vivid_cars2000.db),added_from_vivid
Ford,FALCON Saloon (BA),,,,5,itdiag8-dotcom/database (vivid_cars2000.db),added_from_vivid
Ford,FALCON Saloon (BF),,,,4,itdiag8-dotcom/database (vivid_cars2000.db),added_from_vivid
Ford,FALCON Saloon (FG),,,,3,itdiag8-dotcom/database (vivid_cars2000.db),added_from_vivid
Ford,"FIESTA Box (J5_, J3_)",2000,2000,2000,2,itdiag8-dotcom/database (vivid_cars2000.db),added_from_vivid
Ford,FIESTA Box (JV_),2000,2000,2000,3,itdiag8-dotcom/database (vivid_cars2000.db),added_from_vivid
Ford,"FIESTA Hatchback (WP, WQ)",,,,3,itdiag8-dotcom/database (vivid_cars2000.db),added_from_vivid
Ford,FIESTA Hatchback (WS),,,,3,itdiag8-dotcom/database (vivid_cars2000.db),added_from_vivid
Ford,"FIESTA IV (JA_, JB_)",2000,2000,2000,5,itdiag8-dotcom/database (vivid_cars2000.db),added_from_vivid
Ford,FIESTA Saloon,2011,2011,2011,1,itdiag8-dotcom/database (vivid_cars2000.db),added_from_vivid
Ford,"FIESTA V (JH_, JD_)",2001,2004,2001-2004,16,itdiag8-dotcom/database (vivid_cars2000.db),added_from_vivid
Ford,FIESTA VI,2007,2012,2007-2012,39,itdiag8-dotcom/database (vivid_cars2000.db),added_from_vivid
Ford,FIESTA Van,2003,2003,2003,22,itdiag8-dotcom/database (vivid_cars2000.db),added_from_vivid
Ford,"FOCUS (DAW, DBW)",2001,2002,2001-2002,7,itdiag8-dotcom/database (vivid_cars2000.db),added_from_vivid
Ford,FOCUS C-MAX,2003,2005,2003-2005,26,itdiag8-dotcom/database (vivid_cars2000.db),added_from_vivid
Ford,FOCUS Estate (DNW),2001,2002,2001-2002,6,itdiag8-dotcom/database (vivid_cars2000.db),added_from_vivid
Ford,FOCUS Hatchback (LR),,,,3,itdiag8-dotcom/database (vivid_cars2000.db),added_from_vivid
Ford,FOCUS Hatchback (LT),,,,3,itdiag8-dotcom/database (vivid_cars2000.db),added_from_vivid
Ford,FOCUS Hatchback (LV),,,,2,itdiag8-dotcom/database (vivid_cars2000.db),added_from_vivid
Ford,FOCUS II (DA_),2003,2009,2003-2009,40,itdiag8-dotcom/database (vivid_cars2000.db),added_from_vivid
Ford,FOCUS II Convertible,2005,2005,2005,10,itdiag8-dotcom/database (vivid_cars2000.db),added_from_vivid
Ford,FOCUS II Estate (DA_),2003,2008,2003-2008,37,itdiag8-dotcom/database (vivid_cars2000.db),added_from_vivid
Ford,FOCUS II Saloon (DA_),2004,2007,2004-2007,31,itdiag8-dotcom/database (vivid_cars2000.db),added_from_vivid
Ford,FOCUS III,2010,2013,2010-2013,38,itdiag8-dotcom/database (vivid_cars2000.db),added_from_vivid
Ford,FOCUS III Saloon,2010,2013,2010-2013,33,itdiag8-dotcom/database (vivid_cars2000.db),added_from_vivid
Ford,FOCUS III Turnier,2010,2013,2010-2013,38,itdiag8-dotcom/database (vivid_cars2000.db),added_from_vivid
Ford,FOCUS Saloon (DFW),2001,2002,2001-2002,5,itdiag8-dotcom/database (vivid_cars2000.db),added_from_vivid
Ford,FOCUS Saloon (LR),,,,2,itdiag8-dotcom/database (vivid_cars2000.db),added_from_vivid
Ford,"FOCUS Saloon (LS, LT)",,,,1,itdiag8-dotcom/database (vivid_cars2000.db),added_from_vivid
Ford,FOCUS Saloon (LV),,,,2,itdiag8-dotcom/database (vivid_cars2000.db),added_from_vivid
Ford,FUSION (JU_),2002,2009,2002-2009,12,itdiag8-dotcom/database (vivid_cars2000.db),added_from_vivid
Ford,Fiesta,1999,2015,1999-2015,31,original_db,existing
Ford,Fiesta ST,2012,2021,2012-2021,0,gor3a/vehicle-makes-models,added_missing
Ford,Figo,2010,2026,2010-2026,0,gor3a/vehicle-makes-models,added_missing
Ford,Five Hundred,2004,2007,2004-2007,0,gor3a/vehicle-makes-models,added_missing
Ford,Flex,2009,2019,2009-2019,0,gor3a/vehicle-makes-models,added_missing
Ford,Focus,1998,2015,1998-2015,86,original_db,existing
Ford,Focus CC,2006,2011,2006-2011,0,gor3a/vehicle-makes-models,added_missing
Ford,Focus Rs,2002,2016,2002-2016,4,original_db,existing
Ford,Focus St,2002,2012,2002-2012,4,original_db,existing
Ford,Focus US,1998,2026,1998-2026,0,gor3a/vehicle-makes-models,added_missing
Ford,Freda,2001,2001,2001,1,original_db,existing
Ford,Freestar,2003,2007,2003-2007,0,gor3a/vehicle-makes-models,added_missing
Ford,Freestyle,2004,2007,2004-2007,0,gor3a/vehicle-makes-models,added_missing
Ford,Fusion,2002,2013,2002-2013,9,original_db,existing
Ford,Fusion European,2002,2012,2002-2012,0,gor3a/vehicle-makes-models,added_missing
Ford,Fusion North American,2005,2020,2005-2020,0,gor3a/vehicle-makes-models,added_missing
Ford,GALAXY (WA6),2005,2010,2005-2010,26,itdiag8-dotcom/database (vivid_cars2000.db),added_from_vivid
Ford,GALAXY (WGR),2000,2004,2000-2004,5,itdiag8-dotcom/database (vivid_cars2000.db),added_from_vivid
Ford,GRAND C-MAX Van,2009,2011,2009-2011,11,itdiag8-dotcom/database (vivid_cars2000.db),added_from_vivid
Ford,GT,2004,2022,2004-2022,0,gor3a/vehicle-makes-models,added_missing
Ford,GT MKII,2023,2027,2023-2027,0,plowman/open-vehicle-db,added_missing
Ford,Galaxy,2006,2015,2006-2015,11,original_db,existing
Ford,Granada,,,,0,DanielKohut/car-data,added_missing
Ford,Grand C-MAX,2011,2015,2011-2015,0,gor3a/vehicle-makes-models,added_missing
Ford,KA (RB_),2000,2005,2000-2005,7,itdiag8-dotcom/database (vivid_cars2000.db),added_from_vivid
Ford,KA (RU8),2007,2007,2007,2,itdiag8-dotcom/database (vivid_cars2000.db),added_from_vivid
Ford,KA Van (RB),2002,2002,2002,7,itdiag8-dotcom/database (vivid_cars2000.db),added_from_vivid
Ford,KUGA I,2007,2009,2007-2009,5,itdiag8-dotcom/database (vivid_cars2000.db),added_from_vivid
Ford,KUGA II (DM2),2012,2012,2012,17,itdiag8-dotcom/database (vivid_cars2000.db),added_from_vivid
Ford,KUGA II Van,2012,2012,2012,8,itdiag8-dotcom/database (vivid_cars2000.db),added_from_vivid
Ford,Ka,1996,2010,1996-2010,11,original_db,existing
Ford,Ka+,2016,2019,2016-2019,0,gor3a/vehicle-makes-models,added_missing
Ford,Ka+ Active,2018,2019,2018-2019,0,gor3a/vehicle-makes-models,added_missing
Ford,Kuga,2008,2015,2008-2015,8,original_db,existing
Ford,LASER Hatchback (KQ),,,,3,itdiag8-dotcom/database (vivid_cars2000.db),added_from_vivid
Ford,LASER Saloon (KQ),,,,2,itdiag8-dotcom/database (vivid_cars2000.db),added_from_vivid
Ford,LTD Saloon (BA),,,,1,itdiag8-dotcom/database (vivid_cars2000.db),added_from_vivid
Ford,METROSTAR,2000,2000,2000,15,itdiag8-dotcom/database (vivid_cars2000.db),added_from_vivid
Ford,"MONDEO Estate (MB, MC)",,,,2,itdiag8-dotcom/database (vivid_cars2000.db),added_from_vivid
Ford,"MONDEO Hatchback (MA, MB, MC)",,,,4,itdiag8-dotcom/database (vivid_cars2000.db),added_from_vivid
Ford,MONDEO II (BAP),2000,2000,2000,2,itdiag8-dotcom/database (vivid_cars2000.db),added_from_vivid
Ford,MONDEO II Saloon (BFP),2000,2000,2000,3,itdiag8-dotcom/database (vivid_cars2000.db),added_from_vivid
Ford,MONDEO III (B5Y),2000,2003,2000-2003,22,itdiag8-dotcom/database (vivid_cars2000.db),added_from_vivid
Ford,MONDEO III Estate (BWY),2000,2003,2000-2003,23,itdiag8-dotcom/database (vivid_cars2000.db),added_from_vivid
Ford,MONDEO III Saloon (B4Y),2000,2003,2000-2003,22,itdiag8-dotcom/database (vivid_cars2000.db),added_from_vivid
Ford,MONDEO IV (BA7),2006,2010,2006-2010,31,itdiag8-dotcom/database (vivid_cars2000.db),added_from_vivid
Ford,MONDEO IV Saloon (BA7),2006,2009,2006-2009,24,itdiag8-dotcom/database (vivid_cars2000.db),added_from_vivid
Ford,MONDEO IV Turnier (BA7),2006,2010,2006-2010,31,itdiag8-dotcom/database (vivid_cars2000.db),added_from_vivid
Ford,MONDEO Saloon (HE),,,,1,itdiag8-dotcom/database (vivid_cars2000.db),added_from_vivid
Ford,"MONDEO Saloon (MA, MB)",,,,2,itdiag8-dotcom/database (vivid_cars2000.db),added_from_vivid
Ford,MONDEO V Hatchback,2012,2012,2012,13,itdiag8-dotcom/database (vivid_cars2000.db),added_from_vivid
Ford,MONDEO V Turnier,2012,2012,2012,13,itdiag8-dotcom/database (vivid_cars2000.db),added_from_vivid
Ford,Mach-E,,,,0,DanielKohut/car-data,added_missing
Ford,Maverick,2021,2026,2021-2026,0,gor3a/vehicle-makes-models,added_missing
Ford,Model A,,,,0,DanielKohut/car-data,added_missing
Ford,Model T,,,,0,DanielKohut/car-data,added_missing
Ford,Mondeo,1996,2015,1996-2015,17,original_db,existing
Ford,Mondeo St,1999,2007,1999-2007,2,original_db,existing
Ford,Motorhome Chassis,1999,2027,1999-2027,0,plowman/open-vehicle-db,added_missing
Ford,Mustang,2004,2015,2004-2015,27,original_db,existing
Ford,Mustang GTD,2025,2027,2025-2027,0,plowman/open-vehicle-db,added_missing
Ford,Mustang MACH-E,2020,2026,2020-2026,0,gor3a/vehicle-makes-models,added_missing
Ford,Mustang Mach 1,2020,2026,2020-2026,0,gor3a/vehicle-makes-models,added_missing
Ford,PUMA (EC_),2000,2000,2000,1,itdiag8-dotcom/database (vivid_cars2000.db),added_from_vivid
Ford,Puma,1997,2000,1997-2000,3,original_db,existing
Ford,"RANGER (ER, EQ)",2002,2004,2002-2004,1,itdiag8-dotcom/database (vivid_cars2000.db),added_from_vivid
Ford,"RANGER (ES, ET)",2005,2005,2005,2,itdiag8-dotcom/database (vivid_cars2000.db),added_from_vivid
Ford,RANGER (TKE),2010,2010,2010,7,itdiag8-dotcom/database (vivid_cars2000.db),added_from_vivid
Ford,RANGER Pickup (PJ),,,,2,itdiag8-dotcom/database (vivid_cars2000.db),added_from_vivid
Ford,RANGER Pickup (PK),,,,2,itdiag8-dotcom/database (vivid_cars2000.db),added_from_vivid
Ford,RANGER Platform/Chassis (PJ),,,,1,itdiag8-dotcom/database (vivid_cars2000.db),added_from_vivid
Ford,RANGER Platform/Chassis (PK),,,,2,itdiag8-dotcom/database (vivid_cars2000.db),added_from_vivid
Ford,Ranger,2001,2015,2001-2015,8,original_db,existing
Ford,Ranger Regular Cab,2000,2017,2000-2017,0,gor3a/vehicle-makes-models,added_missing
Ford,Ranger Super Cab,2000,2017,2000-2017,0,gor3a/vehicle-makes-models,added_missing
Ford,Ranger Tremor,2023,2026,2023-2026,0,gor3a/vehicle-makes-models,added_missing
Ford,Ranger Wildtrak,2023,2026,2023-2026,0,gor3a/vehicle-makes-models,added_missing
Ford,Raptor Ranger,2018,2022,2018-2022,0,gor3a/vehicle-makes-models,added_missing
Ford,S-MAX (WA6),2005,2010,2005-2010,28,itdiag8-dotcom/database (vivid_cars2000.db),added_from_vivid
Ford,S-Max,2006,2015,2006-2015,7,original_db,existing
Ford,S-Max +,2010,2011,2010-2011,4,original_db,existing
Ford,STREET KA (RL2),2003,2003,2003,2,itdiag8-dotcom/database (vivid_cars2000.db),added_from_vivid
Ford,SportKa,2003,2008,2003-2008,0,gor3a/vehicle-makes-models,added_missing
Ford,StreetKa,2003,2006,2003-2006,0,gor3a/vehicle-makes-models,added_missing
Ford,Super Duty,2021,2026,2021-2026,0,gor3a/vehicle-makes-models,added_missing
Ford,"TERRITORY (SX, SY)",,,,3,itdiag8-dotcom/database (vivid_cars2000.db),added_from_vivid
Ford,TOURNEO CONNECT / GRAND TOURNEO CONNECT Kombi,2012,2012,2012,6,itdiag8-dotcom/database (vivid_cars2000.db),added_from_vivid
Ford,TOURNEO COURIER Kombi,2012,2012,2012,4,itdiag8-dotcom/database (vivid_cars2000.db),added_from_vivid
Ford,TOURNEO CUSTOM Bus,2011,2011,2011,6,itdiag8-dotcom/database (vivid_cars2000.db),added_from_vivid
Ford,TRANSIT Box,2012,2012,2012,61,itdiag8-dotcom/database (vivid_cars2000.db),added_from_vivid
Ford,TRANSIT Box (FA_ _),2000,2003,2000-2003,16,itdiag8-dotcom/database (vivid_cars2000.db),added_from_vivid
Ford,TRANSIT Box (VM),,,,4,itdiag8-dotcom/database (vivid_cars2000.db),added_from_vivid
Ford,TRANSIT Bus,2012,2012,2012,50,itdiag8-dotcom/database (vivid_cars2000.db),added_from_vivid
Ford,"TRANSIT Bus (FD_ _, FB_ _, FS_ _, FZ_ _, FC_ _)",2000,2003,2000-2003,16,itdiag8-dotcom/database (vivid_cars2000.db),added_from_vivid
Ford,"TRANSIT Bus (VH, VJ)",,,,8,itdiag8-dotcom/database (vivid_cars2000.db),added_from_vivid
Ford,TRANSIT Bus (VM),,,,3,itdiag8-dotcom/database (vivid_cars2000.db),added_from_vivid
Ford,"TRANSIT CONNECT (P65_, P70_, P80_)",2002,2005,2002-2005,19,itdiag8-dotcom/database (vivid_cars2000.db),added_from_vivid
Ford,TRANSIT CONNECT Box,2012,2012,2012,6,itdiag8-dotcom/database (vivid_cars2000.db),added_from_vivid
Ford,TRANSIT CONNECT Kombi,2012,2012,2012,5,itdiag8-dotcom/database (vivid_cars2000.db),added_from_vivid
Ford,TRANSIT COURIER Box,2012,2012,2012,16,itdiag8-dotcom/database (vivid_cars2000.db),added_from_vivid
Ford,TRANSIT COURIER Kombi,2012,2012,2012,16,itdiag8-dotcom/database (vivid_cars2000.db),added_from_vivid
Ford,TRANSIT CUSTOM Box,2011,2011,2011,6,itdiag8-dotcom/database (vivid_cars2000.db),added_from_vivid
Ford,TRANSIT CUSTOM Bus,2011,2011,2011,6,itdiag8-dotcom/database (vivid_cars2000.db),added_from_vivid
Ford,TRANSIT Platform/Chassis,2012,2012,2012,55,itdiag8-dotcom/database (vivid_cars2000.db),added_from_vivid
Ford,"TRANSIT Platform/Chassis (FM_ _, FN_ _)",2000,2003,2000-2003,14,itdiag8-dotcom/database (vivid_cars2000.db),added_from_vivid
Ford,"TRANSIT Platform/Chassis (VH, VJ)",,,,6,itdiag8-dotcom/database (vivid_cars2000.db),added_from_vivid
Ford,TRANSIT Platform/Chassis (VM),,,,3,itdiag8-dotcom/database (vivid_cars2000.db),added_from_vivid
Ford,TRANSIT TOURNEO,2005,2007,2005-2007,9,itdiag8-dotcom/database (vivid_cars2000.db),added_from_vivid
Ford,Taunus,,,,0,DanielKohut/car-data,added_missing
Ford,Taurus,2010,2010,2010,1,original_db,existing
Ford,Taurus SHO,2009,2019,2009-2019,0,gor3a/vehicle-makes-models,added_missing
Ford,Taurus X,2007,2009,2007-2009,0,gor3a/vehicle-makes-models,added_missing
Ford,Territory,2018,2022,2018-2022,0,gor3a/vehicle-makes-models,added_missing
Ford,Thunderbird,1955,2005,1955-2005,0,gor3a/vehicle-makes-models,added_missing
Ford,Tourneo,2003,2024,2003-2024,0,gor3a/vehicle-makes-models,added_missing
Ford,Tourneo Connect,2015,2016,2015-2016,4,original_db,existing
Ford,Tourneo Courier,2015,2015,2015,2,original_db,existing
Ford,Tourneo Custom,,,,0,DanielKohut/car-data,added_missing
Ford,Transit,2000,2015,2000-2015,21,original_db,existing
Ford,Transit Connect,2002,2006,2002-2006,5,original_db,existing
Ford,Transit Courier,,,,0,DanielKohut/car-data,added_missing
Ford,Transit Custom,2019,2023,2019-2023,0,gor3a/vehicle-makes-models,added_missing
Ford,Transit Van,,,,0,DanielKohut/car-data,added_missing
Ford,Wildtrak,2019,2026,2019-2026,0,gor3a/vehicle-makes-models,added_missing
Ford,Windstar,1998,2004,1998-2004,0,gor3a/vehicle-makes-models,added_missing
Ford,ZX2,1999,2003,1999-2003,0,plowman/open-vehicle-db,added_missing
GMC,Acadia,2007,2023,2007-2023,0,gor3a/vehicle-makes-models,added_missing
GMC,C-Series,,,,0,DanielKohut/car-data,added_missing
GMC,C5,1981,2009,1981-2009,0,plowman/open-vehicle-db,added_missing
GMC,C6,1981,2009,1981-2009,0,plowman/open-vehicle-db,added_missing
GMC,C7,1981,2009,1981-2009,0,plowman/open-vehicle-db,added_missing
GMC,C7500,2006,2006,2006,1,original_db,existing
GMC,Caballero,,,,0,DanielKohut/car-data,added_missing
GMC,Canyon,2004,2021,2004-2021,0,gor3a/vehicle-makes-models,added_missing
GMC,Canyon Regular Cab,2004,2013,2004-2013,0,gor3a/vehicle-makes-models,added_missing
GMC,Cruise Origin AV,2024,2027,2024-2027,0,plowman/open-vehicle-db,added_missing
GMC,Electric Vehicle,1997,2000,1997-2000,0,plowman/open-vehicle-db,added_missing
GMC,Envoy,2001,2009,2001-2009,0,gor3a/vehicle-makes-models,added_missing
GMC,Envoy XL,2001,2006,2001-2006,0,gor3a/vehicle-makes-models,added_missing
GMC,Envoy XUV,2003,2005,2003-2005,0,gor3a/vehicle-makes-models,added_missing
GMC,Hummer EV,2021,2026,2021-2026,0,gor3a/vehicle-makes-models,added_missing
GMC,Hummer EV Pickup,,,,0,DanielKohut/car-data,added_missing
GMC,Hummer EV SUV,2023,2026,2023-2026,0,gor3a/vehicle-makes-models,added_missing
GMC,Jimmy,1997,2001,1997-2001,0,gor3a/vehicle-makes-models,added_missing
GMC,Jimmy Utility,1981,2005,1981-2005,0,plowman/open-vehicle-db,added_missing
GMC,K-Series,,,,0,DanielKohut/car-data,added_missing
GMC,SIERRA 1500 Crew Cab Pickup,2006,2009,2006-2009,12,itdiag8-dotcom/database (vivid_cars2000.db),added_from_vivid
GMC,SIERRA 1500 Extended Cab Pickup,2006,2008,2006-2008,10,itdiag8-dotcom/database (vivid_cars2000.db),added_from_vivid
GMC,SIERRA 1500 HD Crew Cab Pickup,2000,2000,2000,1,itdiag8-dotcom/database (vivid_cars2000.db),added_from_vivid
GMC,SIERRA 1500 Standard Cab Pickup,2006,2009,2006-2009,11,itdiag8-dotcom/database (vivid_cars2000.db),added_from_vivid
GMC,SIERRA 2500 HD Cab & Chassis,2006,2011,2006-2011,6,itdiag8-dotcom/database (vivid_cars2000.db),added_from_vivid
GMC,SIERRA 2500 HD Crew Cab Pickup,2006,2011,2006-2011,5,itdiag8-dotcom/database (vivid_cars2000.db),added_from_vivid
GMC,SIERRA 2500 HD Extended Cab Pickup,2007,2011,2007-2011,4,itdiag8-dotcom/database (vivid_cars2000.db),added_from_vivid
GMC,SIERRA 2500 HD Standard Cab Pickup,2006,2011,2006-2011,4,itdiag8-dotcom/database (vivid_cars2000.db),added_from_vivid
GMC,SIERRA 3500 Cab & Chassis,2000,2000,2000,1,itdiag8-dotcom/database (vivid_cars2000.db),added_from_vivid
GMC,SIERRA 3500 Crew Cab Pickup,2000,2000,2000,1,itdiag8-dotcom/database (vivid_cars2000.db),added_from_vivid
GMC,SIERRA 3500 HD Cab & Chassis,2005,2009,2005-2009,4,itdiag8-dotcom/database (vivid_cars2000.db),added_from_vivid
GMC,SIERRA 3500 HD Crew Cab Pickup,2006,2010,2006-2010,4,itdiag8-dotcom/database (vivid_cars2000.db),added_from_vivid
GMC,SIERRA 3500 HD Extended Cab Pickup,2006,2009,2006-2009,3,itdiag8-dotcom/database (vivid_cars2000.db),added_from_vivid
GMC,SIERRA 3500 HD Standard Cab Pickup,2006,2010,2006-2010,3,itdiag8-dotcom/database (vivid_cars2000.db),added_from_vivid
GMC,Safari,1994,2005,1994-2005,0,gor3a/vehicle-makes-models,added_missing
GMC,Savana,1995,2026,1995-2026,0,gor3a/vehicle-makes-models,added_missing
GMC,Sierra,2011,2011,2011,1,original_db,existing
GMC,Sierra 1500,,,,0,DanielKohut/car-data,added_missing
GMC,Sierra 2500,,,,0,DanielKohut/car-data,added_missing
GMC,Sierra 2500HD,2008,2022,2008-2022,0,gor3a/vehicle-makes-models,added_missing
GMC,Sierra 3500,,,,0,DanielKohut/car-data,added_missing
GMC,Sierra 3500HD,2008,2019,2008-2019,0,gor3a/vehicle-makes-models,added_missing
GMC,Sierra EV,,,,0,DanielKohut/car-data,added_missing
GMC,Sierra HD,2019,2027,2019-2027,0,plowman/open-vehicle-db,added_missing
GMC,Sierra Limited,2019,2027,2019-2027,0,plowman/open-vehicle-db,added_missing
GMC,Sonoma,,,,0,DanielKohut/car-data,added_missing
GMC,Sprint,,,,0,DanielKohut/car-data,added_missing
GMC,Suburban,,,,0,DanielKohut/car-data,added_missing
GMC,Syclone,,,,0,DanielKohut/car-data,added_missing
GMC,Terrain,2009,2026,2009-2026,0,gor3a/vehicle-makes-models,added_missing
GMC,TopKick,,,,0,DanielKohut/car-data,added_missing
GMC,Tracker,2004,2004,2004,1,original_db,existing
GMC,Vandura,,,,0,DanielKohut/car-data,added_missing
GMC,Yukon,1999,2026,1999-2026,0,gor3a/vehicle-makes-models,added_missing
GMC,Yukon XL,1999,2026,1999-2026,0,gor3a/vehicle-makes-models,added_missing
GWM,C50,2014,2014,2014,1,original_db,existing
GWM,Cannon,,,,0,DanielKohut/car-data,added_missing
GWM,Cannon Alpha,,,,0,DanielKohut/car-data,added_missing
GWM,Hover 5,2010,2013,2010-2013,2,original_db,existing
GWM,Hover 6,2014,2014,2014,1,original_db,existing
GWM,Ora 03,,,,0,DanielKohut/car-data,added_missing
GWM,Ora Ballet Cat,,,,0,DanielKohut/car-data,added_missing
GWM,Ora Funky Cat,,,,0,DanielKohut/car-data,added_missing
GWM,Ora Good Cat,,,,0,DanielKohut/car-data,added_missing
GWM,Ora Lightning Cat,,,,0,DanielKohut/car-data,added_missing
GWM,Poer,,,,0,DanielKohut/car-data,added_missing
GWM,Poer King Kong,,,,0,DanielKohut/car-data,added_missing
GWM,Steed 5,2010,2010,2010,1,original_db,existing
GWM,Tank 300,,,,0,DanielKohut/car-data,added_missing
GWM,Tank 400,,,,0,DanielKohut/car-data,added_missing
GWM,Tank 500,,,,0,DanielKohut/car-data,added_missing
GWM,Tank 700,,,,0,DanielKohut/car-data,added_missing
GWM,Ute,,,,0,DanielKohut/car-data,added_missing
GWM,V200,2010,2010,2010,1,original_db,existing
GWM,X200,2010,2010,2010,1,original_db,existing
Geely,CK,2005,2016,2005-2016,0,gor3a/vehicle-makes-models,added_missing
Geely,Emgrand Ec7,2009,2009,2009,1,original_db,existing
Geely,Galaxy,2023,2026,2023-2026,0,gor3a/vehicle-makes-models,added_missing
Geely,Galaxy M9,2025,2026,2025-2026,0,gor3a/vehicle-makes-models,added_missing
Geely,LC,2009,2017,2009-2017,0,gor3a/vehicle-makes-models,added_missing
Geely,MK,2006,2014,2006-2014,0,gor3a/vehicle-makes-models,added_missing
Genesis,G70,2017,2026,2017-2026,0,gor3a/vehicle-makes-models,added_missing
Genesis,G70 Shooting Brake,2021,2026,2021-2026,0,gor3a/vehicle-makes-models,added_missing
Genesis,G80,2016,2026,2016-2026,0,gor3a/vehicle-makes-models,added_missing
Genesis,G90,2016,2026,2016-2026,0,gor3a/vehicle-makes-models,added_missing
Genesis,GV60,2022,2026,2022-2026,0,gor3a/vehicle-makes-models,added_missing
Genesis,GV70,2020,2026,2020-2026,0,gor3a/vehicle-makes-models,added_missing
Genesis,GV80,2023,2026,2023-2026,0,gor3a/vehicle-makes-models,added_missing
Great Wall,Poer,2019,2026,2019-2026,0,gor3a/vehicle-makes-models,added_missing
Great Wall,Steed,2006,2020,2006-2020,0,gor3a/vehicle-makes-models,added_missing
Great Wall,Voleex C30,2010,2017,2010-2017,0,gor3a/vehicle-makes-models,added_missing
Great Wall,Wingle,2006,2026,2006-2026,0,gor3a/vehicle-makes-models,added_missing
Holden,ADVENTRA Estate (VY),2003,2003,2003,1,itdiag8-dotcom/database (vivid_cars2000.db),added_from_vivid
Holden,ADVENTRA Estate (VZ),2003,2005,2003-2005,4,itdiag8-dotcom/database (vivid_cars2000.db),added_from_vivid
Holden,ASTRA (AH),2004,2006,2004-2006,7,itdiag8-dotcom/database (vivid_cars2000.db),added_from_vivid
Holden,ASTRA Convertible (TS),2002,2002,2002,4,itdiag8-dotcom/database (vivid_cars2000.db),added_from_vivid
Holden,ASTRA Estate (AH),2006,2007,2006-2007,2,itdiag8-dotcom/database (vivid_cars2000.db),added_from_vivid
Holden,ASTRA Hatchback (TS),2000,2003,2000-2003,3,itdiag8-dotcom/database (vivid_cars2000.db),added_from_vivid
Holden,ASTRA SPORTSBACK (AH),2004,2006,2004-2006,4,itdiag8-dotcom/database (vivid_cars2000.db),added_from_vivid
Holden,ASTRA Saloon (TS),2000,2000,2000,1,itdiag8-dotcom/database (vivid_cars2000.db),added_from_vivid
Holden,ASTRA TWINTOP (AH),2007,2007,2007,2,itdiag8-dotcom/database (vivid_cars2000.db),added_from_vivid
Holden,Acadia,,,,0,DanielKohut/car-data,added_missing
Holden,Adventra,2003,2007,2003-2007,0,gor3a/vehicle-makes-models,added_missing
Holden,Apollo,,,,0,DanielKohut/car-data,added_missing
Holden,Astra,2004,2009,2004-2009,0,gor3a/vehicle-makes-models,added_missing
Holden,Astra Caravan,2003,2009,2003-2009,0,gor3a/vehicle-makes-models,added_missing
Holden,Astra TwinTop,2007,2009,2007-2009,0,gor3a/vehicle-makes-models,added_missing
Holden,BARINA Hatchback (TK),2004,2004,2004,1,itdiag8-dotcom/database (vivid_cars2000.db),added_from_vivid
Holden,BARINA Hatchback (XC),2000,2003,2000-2003,4,itdiag8-dotcom/database (vivid_cars2000.db),added_from_vivid
Holden,BARINA Saloon (TK),2004,2004,2004,1,itdiag8-dotcom/database (vivid_cars2000.db),added_from_vivid
Holden,Barina,2000,2018,2000-2018,0,gor3a/vehicle-makes-models,added_missing
Holden,Barina RS,2013,2016,2013-2016,0,gor3a/vehicle-makes-models,added_missing
Holden,Barina Spark,2010,2012,2010-2012,4,original_db,existing
Holden,Belmont,,,,0,DanielKohut/car-data,added_missing
Holden,Berlina,,,,0,DanielKohut/car-data,added_missing
Holden,Brougham,,,,0,DanielKohut/car-data,added_missing
Holden,Business,,,,0,DanielKohut/car-data,added_missing
Holden,CALAIS Estate (VE),2005,2007,2005-2007,2,itdiag8-dotcom/database (vivid_cars2000.db),added_from_vivid
Holden,CALAIS Estate (VF),2012,2012,2012,2,itdiag8-dotcom/database (vivid_cars2000.db),added_from_vivid
Holden,CALAIS Saloon (VE),2005,2007,2005-2007,2,itdiag8-dotcom/database (vivid_cars2000.db),added_from_vivid
Holden,CALAIS Saloon (VF),2012,2012,2012,2,itdiag8-dotcom/database (vivid_cars2000.db),added_from_vivid
Holden,CALAIS Saloon (VX),2000,2000,2000,7,itdiag8-dotcom/database (vivid_cars2000.db),added_from_vivid
Holden,CALAIS Saloon (VY),2002,2003,2002-2003,3,itdiag8-dotcom/database (vivid_cars2000.db),added_from_vivid
Holden,CALAIS Saloon (VZ),2003,2004,2003-2004,4,itdiag8-dotcom/database (vivid_cars2000.db),added_from_vivid
Holden,CAPRICE Saloon (WH),2000,2001,2000-2001,2,itdiag8-dotcom/database (vivid_cars2000.db),added_from_vivid
Holden,CAPRICE Saloon (WK),2003,2003,2003,3,itdiag8-dotcom/database (vivid_cars2000.db),added_from_vivid
Holden,CAPRICE Saloon (WL),2003,2005,2003-2005,3,itdiag8-dotcom/database (vivid_cars2000.db),added_from_vivid
Holden,CAPRICE Saloon (WM),2005,2005,2005,3,itdiag8-dotcom/database (vivid_cars2000.db),added_from_vivid
Holden,CAPTIVA (CG),2005,2008,2005-2008,3,itdiag8-dotcom/database (vivid_cars2000.db),added_from_vivid
Holden,CAPTIVA 5 (CG),2010,2010,2010,1,itdiag8-dotcom/database (vivid_cars2000.db),added_from_vivid
Holden,COLORADO Pickup (RC),2007,2007,2007,1,itdiag8-dotcom/database (vivid_cars2000.db),added_from_vivid
Holden,COLORADO Platform/Chassis (RC),2007,2007,2007,1,itdiag8-dotcom/database (vivid_cars2000.db),added_from_vivid
Holden,COMBO Box (XC),2002,2004,2002-2004,3,itdiag8-dotcom/database (vivid_cars2000.db),added_from_vivid
Holden,COMMODORE Estate (VE),2007,2008,2007-2008,10,itdiag8-dotcom/database (vivid_cars2000.db),added_from_vivid
Holden,COMMODORE Estate (VF),2012,2012,2012,1,itdiag8-dotcom/database (vivid_cars2000.db),added_from_vivid
Holden,COMMODORE Estate (VX),2000,2000,2000,2,itdiag8-dotcom/database (vivid_cars2000.db),added_from_vivid
Holden,COMMODORE Estate (VY),2002,2002,2002,3,itdiag8-dotcom/database (vivid_cars2000.db),added_from_vivid
Holden,COMMODORE Estate (VZ),2003,2005,2003-2005,7,itdiag8-dotcom/database (vivid_cars2000.db),added_from_vivid
Holden,COMMODORE Pickup (VE),2006,2008,2006-2008,8,itdiag8-dotcom/database (vivid_cars2000.db),added_from_vivid
Holden,COMMODORE Pickup (VU),2000,2000,2000,3,itdiag8-dotcom/database (vivid_cars2000.db),added_from_vivid
Holden,COMMODORE Pickup (VY),2002,2002,2002,9,itdiag8-dotcom/database (vivid_cars2000.db),added_from_vivid
Holden,COMMODORE Pickup (VZ),2003,2005,2003-2005,8,itdiag8-dotcom/database (vivid_cars2000.db),added_from_vivid
Holden,COMMODORE Saloon (VE),2005,2008,2005-2008,12,itdiag8-dotcom/database (vivid_cars2000.db),added_from_vivid
Holden,COMMODORE Saloon (VX),2000,2000,2000,3,itdiag8-dotcom/database (vivid_cars2000.db),added_from_vivid
Holden,COMMODORE Saloon (VY),2002,2002,2002,4,itdiag8-dotcom/database (vivid_cars2000.db),added_from_vivid
Holden,COMMODORE Saloon (VZ),2003,2004,2003-2004,9,itdiag8-dotcom/database (vivid_cars2000.db),added_from_vivid
Holden,CREWMAN Pickup (VY),2003,2003,2003,2,itdiag8-dotcom/database (vivid_cars2000.db),added_from_vivid
Holden,CREWMAN Pickup (VZ),2003,2005,2003-2005,7,itdiag8-dotcom/database (vivid_cars2000.db),added_from_vivid
Holden,CRUZE Hatchback (YG),2002,2002,2002,1,itdiag8-dotcom/database (vivid_cars2000.db),added_from_vivid
Holden,"CRUZE Saloon (JG, JH)",2008,2008,2008,2,itdiag8-dotcom/database (vivid_cars2000.db),added_from_vivid
Holden,Calais,,,,0,DanielKohut/car-data,added_missing
Holden,Calibra,,,,0,DanielKohut/car-data,added_missing
Holden,Camira,,,,0,DanielKohut/car-data,added_missing
Holden,Caprice,,,,0,DanielKohut/car-data,added_missing
Holden,Caprice/Statesman,1999,2017,1999-2017,0,gor3a/vehicle-makes-models,added_missing
Holden,Captiva,2006,2014,2006-2014,23,original_db,existing
Holden,Captiva MaXX,2006,2011,2006-2011,0,gor3a/vehicle-makes-models,added_missing
Holden,Cascada,,,,0,DanielKohut/car-data,added_missing
Holden,Colorado,2008,2008,2008,2,original_db,existing
Holden,Combo,2002,2012,2002-2012,0,gor3a/vehicle-makes-models,added_missing
Holden,Commodore,1997,2020,1997-2020,0,gor3a/vehicle-makes-models,added_missing
Holden,Crewman,2003,2007,2003-2007,0,gor3a/vehicle-makes-models,added_missing
Holden,Cruze,,,,0,DanielKohut/car-data,added_missing
Holden,Cruze Mk I,2002,2005,2002-2005,0,gor3a/vehicle-makes-models,added_missing
Holden,Cruze Mk II,2008,2016,2008-2016,0,gor3a/vehicle-makes-models,added_missing
Holden,EPICA Saloon (EP),2006,2007,2006-2007,3,itdiag8-dotcom/database (vivid_cars2000.db),added_from_vivid
Holden,Epica,2006,2007,2006-2007,3,original_db,existing
Holden,Frontera,,,,0,DanielKohut/car-data,added_missing
Holden,Frontera MX,1997,2003,1997-2003,0,gor3a/vehicle-makes-models,added_missing
Holden,Insignia,,,,0,DanielKohut/car-data,added_missing
Holden,Jackaroo,1998,2002,1998-2002,0,gor3a/vehicle-makes-models,added_missing
Holden,Kingswood,,,,0,DanielKohut/car-data,added_missing
Holden,MONARO Coupe (V2),2001,2003,2001-2003,4,itdiag8-dotcom/database (vivid_cars2000.db),added_from_vivid
Holden,MONARO Coupe (VZ),2003,2003,2003,1,itdiag8-dotcom/database (vivid_cars2000.db),added_from_vivid
Holden,Malibu,2013,2016,2013-2016,0,gor3a/vehicle-makes-models,added_missing
Holden,Monaro,2001,2006,2001-2006,0,gor3a/vehicle-makes-models,added_missing
Holden,ONE TONNER Platform/Chassis (VY),2003,2003,2003,3,itdiag8-dotcom/database (vivid_cars2000.db),added_from_vivid
Holden,ONE TONNER Platform/Chassis (VZ),2003,2003,2003,3,itdiag8-dotcom/database (vivid_cars2000.db),added_from_vivid
Holden,One Tonner,,,,0,DanielKohut/car-data,added_missing
Holden,Premier,,,,0,DanielKohut/car-data,added_missing
Holden,RODEO Pickup (RA),2002,2006,2002-2006,4,itdiag8-dotcom/database (vivid_cars2000.db),added_from_vivid
Holden,RODEO Pickup (TF),2001,2001,2001,1,itdiag8-dotcom/database (vivid_cars2000.db),added_from_vivid
Holden,RODEO Platform/Chassis (RA),2002,2006,2002-2006,3,itdiag8-dotcom/database (vivid_cars2000.db),added_from_vivid
Holden,Rodeo,1996,2008,1996-2008,0,gor3a/vehicle-makes-models,added_missing
Holden,STATESMAN Saloon (WH),2001,2002,2001-2002,4,itdiag8-dotcom/database (vivid_cars2000.db),added_from_vivid
Holden,STATESMAN Saloon (WK),2003,2003,2003,4,itdiag8-dotcom/database (vivid_cars2000.db),added_from_vivid
Holden,STATESMAN Saloon (WL),2003,2005,2003-2005,4,itdiag8-dotcom/database (vivid_cars2000.db),added_from_vivid
Holden,STATESMAN Saloon (WM),2005,2005,2005,2,itdiag8-dotcom/database (vivid_cars2000.db),added_from_vivid
Holden,Statesman,1999,2010,1999-2010,0,gor3a/vehicle-makes-models,added_missing
Holden,Sunbird,,,,0,DanielKohut/car-data,added_missing
Holden,TIGRA (XC),2004,2004,2004,1,itdiag8-dotcom/database (vivid_cars2000.db),added_from_vivid
Holden,TRAX (TJ),2012,2012,2012,1,itdiag8-dotcom/database (vivid_cars2000.db),added_from_vivid
Holden,Tigra,2005,2009,2005-2009,0,gor3a/vehicle-makes-models,added_missing
Holden,Torana,,,,0,DanielKohut/car-data,added_missing
Holden,Trailblazer,,,,0,DanielKohut/car-data,added_missing
Holden,Trax,2013,2013,2013,5,original_db,existing
Holden,Ute,2003,2017,2003-2017,0,gor3a/vehicle-makes-models,added_missing
Holden,VECTRA Hatchback (JS),2000,2000,2000,2,itdiag8-dotcom/database (vivid_cars2000.db),added_from_vivid
Holden,VECTRA Hatchback (ZC),2002,2002,2002,2,itdiag8-dotcom/database (vivid_cars2000.db),added_from_vivid
Holden,VECTRA Saloon (JS),2000,2000,2000,1,itdiag8-dotcom/database (vivid_cars2000.db),added_from_vivid
Holden,VECTRA Saloon (ZC),2002,2002,2002,2,itdiag8-dotcom/database (vivid_cars2000.db),added_from_vivid
Holden,VIVA Estate (JF),2004,2004,2004,2,itdiag8-dotcom/database (vivid_cars2000.db),added_from_vivid
Holden,VIVA Hatchback (JF),2004,2004,2004,2,itdiag8-dotcom/database (vivid_cars2000.db),added_from_vivid
Holden,VIVA Saloon (JF),2004,2004,2004,2,itdiag8-dotcom/database (vivid_cars2000.db),added_from_vivid
Holden,Vectra,1995,2005,1995-2005,0,gor3a/vehicle-makes-models,added_missing
Holden,Viva,2005,2007,2005-2007,10,original_db,existing
Holden,Volt,,,,0,DanielKohut/car-data,added_missing
Holden,ZAFIRA (TT),2001,2001,2001,1,itdiag8-dotcom/database (vivid_cars2000.db),added_from_vivid
Holden,Zafira,1999,2005,1999-2005,0,gor3a/vehicle-makes-models,added_missing
Honda,ACCORD Coupe (CM),2003,2005,2003-2005,2,itdiag8-dotcom/database (vivid_cars2000.db),added_from_vivid
Honda,"ACCORD VI (CG, CK)",2001,2001,2001,2,itdiag8-dotcom/database (vivid_cars2000.db),added_from_vivid
Honda,ACCORD VI Aerodeck (CF),2003,2003,2003,1,itdiag8-dotcom/database (vivid_cars2000.db),added_from_vivid
Honda,ACCORD VI Coupe (CG),2001,2001,2001,1,itdiag8-dotcom/database (vivid_cars2000.db),added_from_vivid
Honda,ACCORD VI Hatchback (CH),2000,2000,2000,1,itdiag8-dotcom/database (vivid_cars2000.db),added_from_vivid
Honda,ACCORD VII (CL),2002,2005,2002-2005,6,itdiag8-dotcom/database (vivid_cars2000.db),added_from_vivid
Honda,ACCORD VII (CM),2002,2003,2002-2003,3,itdiag8-dotcom/database (vivid_cars2000.db),added_from_vivid
Honda,ACCORD VII (CP),2006,2006,2006,1,itdiag8-dotcom/database (vivid_cars2000.db),added_from_vivid
Honda,ACCORD VII Tourer (CM),2002,2003,2002-2003,6,itdiag8-dotcom/database (vivid_cars2000.db),added_from_vivid
Honda,ACCORD VIII (CU),2007,2007,2007,5,itdiag8-dotcom/database (vivid_cars2000.db),added_from_vivid
Honda,ACCORD VIII Estate,2007,2007,2007,5,itdiag8-dotcom/database (vivid_cars2000.db),added_from_vivid
Honda,Accord,2002,2010,2002-2010,5,original_db,existing
Honda,Accord Crosstour,2009,2016,2009-2016,0,gor3a/vehicle-makes-models,added_missing
Honda,Accord Euro,1998,2010,1998-2010,0,gor3a/vehicle-makes-models,added_missing
Honda,Accord Tourer,1993,2012,1993-2012,0,gor3a/vehicle-makes-models,added_missing
Honda,Accord Type R,1998,2005,1998-2005,0,gor3a/vehicle-makes-models,added_missing
Honda,Airwave,2005,2010,2005-2010,0,gor3a/vehicle-makes-models,added_missing
Honda,Avancier,1999,2003,1999-2003,0,gor3a/vehicle-makes-models,added_missing
Honda,BRIO,2010,2010,2010,3,itdiag8-dotcom/database (vivid_cars2000.db),added_from_vivid
Honda,CITY Saloon,2012,2013,2012-2013,18,itdiag8-dotcom/database (vivid_cars2000.db),added_from_vivid
Honda,CITY Saloon (GM),2007,2012,2007-2012,5,itdiag8-dotcom/database (vivid_cars2000.db),added_from_vivid
Honda,CIVIC IX (FK),2011,2012,2011-2012,4,itdiag8-dotcom/database (vivid_cars2000.db),added_from_vivid
Honda,"CIVIC IX Saloon (FB, FG)",2010,2012,2010-2012,3,itdiag8-dotcom/database (vivid_cars2000.db),added_from_vivid
Honda,CIVIC IX Tourer (FK),2012,2012,2012,2,itdiag8-dotcom/database (vivid_cars2000.db),added_from_vivid
Honda,CIVIC VII Coupe (EM2),2001,2001,2001,4,itdiag8-dotcom/database (vivid_cars2000.db),added_from_vivid
Honda,"CIVIC VII Hatchback (EU, EP, EV)",2000,2002,2000-2002,8,itdiag8-dotcom/database (vivid_cars2000.db),added_from_vivid
Honda,CIVIC VII Saloon (ES),2000,2003,2000-2003,10,itdiag8-dotcom/database (vivid_cars2000.db),added_from_vivid
Honda,"CIVIC VIII Hatchback (FN, FK)",2004,2007,2004-2007,6,itdiag8-dotcom/database (vivid_cars2000.db),added_from_vivid
Honda,"CIVIC VIII Saloon (FD, FA)",2004,2011,2004-2011,9,itdiag8-dotcom/database (vivid_cars2000.db),added_from_vivid
Honda,CR-V II (RD_),2001,2004,2001-2004,3,itdiag8-dotcom/database (vivid_cars2000.db),added_from_vivid
Honda,CR-V III (RE),2005,2008,2005-2008,10,itdiag8-dotcom/database (vivid_cars2000.db),added_from_vivid
Honda,CR-V IV (RE),2011,2012,2011-2012,15,itdiag8-dotcom/database (vivid_cars2000.db),added_from_vivid
Honda,CR-Z,2010,2016,2010-2016,0,gor3a/vehicle-makes-models,added_missing
Honda,CR-Z (ZF1),2009,2011,2009-2011,4,itdiag8-dotcom/database (vivid_cars2000.db),added_from_vivid
Honda,City,2002,2002,2002,1,original_db,existing
Honda,Civic,2001,2015,2001-2015,17,original_db,existing
Honda,Civic Aero Deck,1998,2001,1998-2001,0,gor3a/vehicle-makes-models,added_missing
Honda,Civic Si,1990,2027,1990-2027,0,plowman/open-vehicle-db,added_missing
Honda,Civic Si Sedan US,2024,2026,2024-2026,0,gor3a/vehicle-makes-models,added_missing
Honda,Civic Tourer,2013,2017,2013-2017,0,gor3a/vehicle-makes-models,added_missing
Honda,Civic Type R,2017,2027,2017-2027,0,plowman/open-vehicle-db,added_missing
Honda,Civic Type-R,2001,2026,2001-2026,0,gor3a/vehicle-makes-models,added_missing
Honda,Clarity,2007,2014,2007-2014,0,gor3a/vehicle-makes-models,added_missing
Honda,Cr-V,2004,2015,2004-2015,24,original_db,existing
Honda,Crossroad,2007,2007,2007,1,original_db,existing
Honda,Crosstour,2012,2015,2012-2015,0,plowman/open-vehicle-db,added_missing
Honda,ELYSION,2003,2003,2003,3,itdiag8-dotcom/database (vivid_cars2000.db),added_from_vivid
Honda,Element,2003,2011,2003-2011,0,gor3a/vehicle-makes-models,added_missing
Honda,FCX Clarity,2004,2014,2004-2014,0,plowman/open-vehicle-db,added_missing
Honda,FR-V (BE),2003,2006,2003-2006,5,itdiag8-dotcom/database (vivid_cars2000.db),added_from_vivid
Honda,FR-V / Edix,2004,2011,2004-2011,0,gor3a/vehicle-makes-models,added_missing
Honda,Fit,,,,0,DanielKohut/car-data,added_missing
Honda,Fit Aria,2002,2002,2002,1,original_db,existing
Honda,Fit EV,2012,2014,2012-2014,0,gor3a/vehicle-makes-models,added_missing
Honda,Fr-V,2004,2004,2004,2,original_db,existing
Honda,Freed,,,,0,DanielKohut/car-data,added_missing
Honda,Hr-V,2005,2005,2005,1,original_db,existing
Honda,INSIGHT (ZE),2000,2000,2000,2,itdiag8-dotcom/database (vivid_cars2000.db),added_from_vivid
Honda,INSIGHT (ZE_),2008,2008,2008,2,itdiag8-dotcom/database (vivid_cars2000.db),added_from_vivid
Honda,INTEGRA (DC5),2002,2003,2002-2003,5,itdiag8-dotcom/database (vivid_cars2000.db),added_from_vivid
Honda,Insight,1999,2022,1999-2022,0,gor3a/vehicle-makes-models,added_missing
Honda,Integra,,,,0,DanielKohut/car-data,added_missing
Honda,JAZZ II (GD),2002,2002,2002,5,itdiag8-dotcom/database (vivid_cars2000.db),added_from_vivid
Honda,JAZZ III (GE),2007,2010,2007-2010,6,itdiag8-dotcom/database (vivid_cars2000.db),added_from_vivid
Honda,JAZZ IV (GK),2012,2012,2012,2,itdiag8-dotcom/database (vivid_cars2000.db),added_from_vivid
Honda,JAZZ Saloon,2003,2003,2003,3,itdiag8-dotcom/database (vivid_cars2000.db),added_from_vivid
Honda,Jazz,2002,2002,2002,2,original_db,existing
Honda,Jazz / Fit,2002,2026,2002-2026,0,gor3a/vehicle-makes-models,added_missing
Honda,LAGREAT,2002,2004,2002-2004,8,itdiag8-dotcom/database (vivid_cars2000.db),added_from_vivid
Honda,LEGEND III (KA9),2003,2003,2003,1,itdiag8-dotcom/database (vivid_cars2000.db),added_from_vivid
Honda,LEGEND IV (KB_),2005,2007,2005-2007,4,itdiag8-dotcom/database (vivid_cars2000.db),added_from_vivid
Honda,LIFE,2003,2003,2003,8,itdiag8-dotcom/database (vivid_cars2000.db),added_from_vivid
Honda,Legend,1987,2017,1987-2017,0,gor3a/vehicle-makes-models,added_missing
Honda,Logo / Fit,1996,2001,1996-2001,0,gor3a/vehicle-makes-models,added_missing
Honda,MDX,2003,2006,2003-2006,0,gor3a/vehicle-makes-models,added_missing
Honda,Mobilio,2001,2001,2001,1,original_db,existing
Honda,N-Box,,,,0,DanielKohut/car-data,added_missing
Honda,N-One,,,,0,DanielKohut/car-data,added_missing
Honda,N-WGN,,,,0,DanielKohut/car-data,added_missing
Honda,NBOX (JF),2010,2010,2010,1,itdiag8-dotcom/database (vivid_cars2000.db),added_from_vivid
Honda,NSX,1991,2021,1991-2021,0,gor3a/vehicle-makes-models,added_missing
Honda,ODYSSEY (RB_),2002,2007,2002-2007,6,itdiag8-dotcom/database (vivid_cars2000.db),added_from_vivid
Honda,Odyssey,2005,2026,2005-2026,0,gor3a/vehicle-makes-models,added_missing
Honda,Partner,2001,2001,2001,1,original_db,existing
Honda,Passport,2018,2026,2018-2026,0,gor3a/vehicle-makes-models,added_missing
Honda,Pilot,2009,2026,2009-2026,0,gor3a/vehicle-makes-models,added_missing
Honda,Prelude,1979,2026,1979-2026,0,gor3a/vehicle-makes-models,added_missing
Honda,Prologue,2023,2026,2023-2026,0,gor3a/vehicle-makes-models,added_missing
Honda,Ridgeline,2005,2026,2005-2026,0,gor3a/vehicle-makes-models,added_missing
Honda,S2000,2003,2003,2003,1,original_db,existing
Honda,S2000 (AP),2003,2003,2003,2,itdiag8-dotcom/database (vivid_cars2000.db),added_from_vivid
Honda,S660,2015,2022,2015-2022,0,gor3a/vehicle-makes-models,added_missing
Honda,STREAM (RN),2001,2001,2001,2,itdiag8-dotcom/database (vivid_cars2000.db),added_from_vivid
Honda,Shuttle,1995,2001,1995-2001,0,gor3a/vehicle-makes-models,added_missing
Honda,Stepwgn,,,,0,DanielKohut/car-data,added_missing
Honda,Stream,2000,2009,2000-2009,0,gor3a/vehicle-makes-models,added_missing
Honda,THATS,2003,2003,2003,8,itdiag8-dotcom/database (vivid_cars2000.db),added_from_vivid
Honda,That's,2002,2007,2002-2007,0,gor3a/vehicle-makes-models,added_missing
Honda,WR-V,,,,0,DanielKohut/car-data,added_missing
Honda,ZR-V,2023,2026,2023-2026,0,gor3a/vehicle-makes-models,added_missing
Honda,e,2020,2026,2020-2026,0,gor3a/vehicle-makes-models,added_missing
Honda,e:Ny1,2023,2026,2023-2026,0,gor3a/vehicle-makes-models,added_missing
Hyundai,ACCENT II (LC),2000,2002,2000-2002,8,itdiag8-dotcom/database (vivid_cars2000.db),added_from_vivid
Hyundai,ACCENT II Saloon (LC),2000,2002,2000-2002,5,itdiag8-dotcom/database (vivid_cars2000.db),added_from_vivid
Hyundai,ACCENT III (MC),2004,2004,2004,3,itdiag8-dotcom/database (vivid_cars2000.db),added_from_vivid
Hyundai,ACCENT III Saloon (MC),2004,2004,2004,3,itdiag8-dotcom/database (vivid_cars2000.db),added_from_vivid
Hyundai,ACCENT IV (RB),2009,2009,2009,2,itdiag8-dotcom/database (vivid_cars2000.db),added_from_vivid
Hyundai,ACCENT IV Saloon (RB),2009,2010,2009-2010,8,itdiag8-dotcom/database (vivid_cars2000.db),added_from_vivid
Hyundai,ATOS (MX),2001,2003,2001-2003,4,itdiag8-dotcom/database (vivid_cars2000.db),added_from_vivid
Hyundai,ATOS PRIME (MX),2001,2004,2001-2004,3,itdiag8-dotcom/database (vivid_cars2000.db),added_from_vivid
Hyundai,Accent,1996,2015,1996-2015,39,original_db,existing
Hyundai,Atos,2003,2008,2003-2008,0,gor3a/vehicle-makes-models,added_missing
Hyundai,Atos Multi,1998,2003,1998-2003,0,gor3a/vehicle-makes-models,added_missing
Hyundai,Atos Spirit,1999,2003,1999-2003,0,gor3a/vehicle-makes-models,added_missing
Hyundai,Avante,2000,2010,2000-2010,10,original_db,existing
Hyundai,Azera,2007,2012,2007-2012,3,original_db,existing
Hyundai,Bayon,2021,2026,2021-2026,0,gor3a/vehicle-makes-models,added_missing
Hyundai,COUPE (GK),2001,2006,2001-2006,7,itdiag8-dotcom/database (vivid_cars2000.db),added_from_vivid
Hyundai,COUPE (RD),2001,2001,2001,1,itdiag8-dotcom/database (vivid_cars2000.db),added_from_vivid
Hyundai,Casper,,,,0,DanielKohut/car-data,added_missing
Hyundai,Click,2002,2005,2002-2005,7,original_db,existing
Hyundai,Coupe,2002,2008,2002-2008,19,original_db,existing
Hyundai,Coupe / Tiburon,1996,2009,1996-2009,0,gor3a/vehicle-makes-models,added_missing
Hyundai,Creta,,,,0,DanielKohut/car-data,added_missing
Hyundai,ELANTRA (XD),2000,2003,2000-2003,10,itdiag8-dotcom/database (vivid_cars2000.db),added_from_vivid
Hyundai,ELANTRA Saloon (HD),2004,2005,2004-2005,4,itdiag8-dotcom/database (vivid_cars2000.db),added_from_vivid
Hyundai,"ELANTRA Saloon (MD, UD)",2009,2010,2009-2010,3,itdiag8-dotcom/database (vivid_cars2000.db),added_from_vivid
Hyundai,ELANTRA Saloon (XD),2000,2003,2000-2003,8,itdiag8-dotcom/database (vivid_cars2000.db),added_from_vivid
Hyundai,EQUUS / CENTENNIAL,2008,2012,2008-2012,1,itdiag8-dotcom/database (vivid_cars2000.db),added_from_vivid
Hyundai,Elantra,1999,2016,1999-2016,53,original_db,existing
Hyundai,Elantra GT,2012,2020,2012-2020,0,gor3a/vehicle-makes-models,added_missing
Hyundai,Elantra N,2020,2026,2020-2026,0,gor3a/vehicle-makes-models,added_missing
Hyundai,Elantra Touring,2009,2009,2009,2,original_db,existing
Hyundai,Entourage,2006,2014,2006-2014,0,plowman/open-vehicle-db,added_missing
Hyundai,Equus,2010,2016,2010-2016,0,gor3a/vehicle-makes-models,added_missing
Hyundai,Excel,1989,2000,1989-2000,0,gor3a/vehicle-makes-models,added_missing
Hyundai,GENESIS (BH),2007,2007,2007,1,itdiag8-dotcom/database (vivid_cars2000.db),added_from_vivid
Hyundai,GETZ (TB),2002,2004,2002-2004,13,itdiag8-dotcom/database (vivid_cars2000.db),added_from_vivid
Hyundai,GRAND AVEGA,2010,2010,2010,2,itdiag8-dotcom/database (vivid_cars2000.db),added_from_vivid
Hyundai,GRAND SANTA FÉ,2012,2012,2012,1,itdiag8-dotcom/database (vivid_cars2000.db),added_from_vivid
Hyundai,GRANDEUR (HG),2010,2010,2010,2,itdiag8-dotcom/database (vivid_cars2000.db),added_from_vivid
Hyundai,GRANDEUR (TG),2004,2009,2004-2009,6,itdiag8-dotcom/database (vivid_cars2000.db),added_from_vivid
Hyundai,Genesis,2008,2016,2008-2016,0,gor3a/vehicle-makes-models,added_missing
Hyundai,Genesis Coupe,2009,2013,2009-2013,7,original_db,existing
Hyundai,Getz,2002,2009,2002-2009,24,original_db,existing
Hyundai,Grand Starex,2007,2007,2007,3,original_db,existing
Hyundai,Grandeur,2007,2014,2007-2014,5,original_db,existing
Hyundai,Grandeur / Azera,2005,2026,2005-2026,0,gor3a/vehicle-makes-models,added_missing
Hyundai,H-1,2003,2011,2003-2011,7,original_db,existing
Hyundai,H-1 / STAREX,2001,2005,2001-2005,9,itdiag8-dotcom/database (vivid_cars2000.db),added_from_vivid
Hyundai,H-1 Box,2000,2003,2000-2003,7,itdiag8-dotcom/database (vivid_cars2000.db),added_from_vivid
Hyundai,H-1 Cargo (TQ),2007,2010,2007-2010,7,itdiag8-dotcom/database (vivid_cars2000.db),added_from_vivid
Hyundai,H-1 Platform/Chassis,2000,2000,2000,1,itdiag8-dotcom/database (vivid_cars2000.db),added_from_vivid
Hyundai,H-1 Travel (TQ),2007,2010,2007-2010,5,itdiag8-dotcom/database (vivid_cars2000.db),added_from_vivid
Hyundai,H-100,2009,2009,2009,1,original_db,existing
Hyundai,H-200,2000,2005,2000-2005,7,original_db,existing
Hyundai,H100 Platform/Chassis,2003,2003,2003,1,itdiag8-dotcom/database (vivid_cars2000.db),added_from_vivid
Hyundai,H350,,,,0,DanielKohut/car-data,added_missing
Hyundai,HIGHWAY VAN,2000,2000,2000,2,itdiag8-dotcom/database (vivid_cars2000.db),added_from_vivid
Hyundai,Hb20,2012,2012,2012,2,original_db,existing
Hyundai,I10,2008,2014,2008-2014,14,original_db,existing
Hyundai,I20,2009,2015,2009-2015,22,original_db,existing
Hyundai,I30,2007,2015,2007-2015,49,original_db,existing
Hyundai,I40,2011,2015,2011-2015,15,original_db,existing
Hyundai,I800,2008,2011,2008-2011,3,original_db,existing
Hyundai,Iload,2007,2007,2007,3,original_db,existing
Hyundai,Inster,,,,0,DanielKohut/car-data,added_missing
Hyundai,Ioniq,2016,2026,2016-2026,0,gor3a/vehicle-makes-models,added_missing
Hyundai,Ioniq 3,2026,2026,2026-2026,0,gor3a/vehicle-makes-models,added_missing
Hyundai,Ioniq 5,2023,2026,2023-2026,0,gor3a/vehicle-makes-models,added_missing
Hyundai,Ioniq 5 N,2025,2027,2025-2027,0,plowman/open-vehicle-db,added_missing
Hyundai,Ioniq 6,2022,2026,2022-2026,0,gor3a/vehicle-makes-models,added_missing
Hyundai,Ioniq 6 N,2026,2027,2026-2027,0,plowman/open-vehicle-db,added_missing
Hyundai,Ioniq 9,2024,2026,2024-2026,0,gor3a/vehicle-makes-models,added_missing
Hyundai,Ix20,2010,2015,2010-2015,13,original_db,existing
Hyundai,Ix35,2010,2015,2010-2015,24,original_db,existing
Hyundai,Ix55,2009,2011,2009-2011,2,original_db,existing
Hyundai,Kona,2017,2026,2017-2026,0,gor3a/vehicle-makes-models,added_missing
Hyundai,Kona Electric,2018,2026,2018-2026,0,gor3a/vehicle-makes-models,added_missing
Hyundai,Kona N,2021,2023,2021-2023,0,gor3a/vehicle-makes-models,added_missing
Hyundai,Lantra,1991,2001,1991-2001,0,gor3a/vehicle-makes-models,added_missing
Hyundai,MATRIX (FC),2001,2004,2001-2004,6,itdiag8-dotcom/database (vivid_cars2000.db),added_from_vivid
Hyundai,Matrix,2001,2008,2001-2008,8,original_db,existing
Hyundai,Mistra,2014,2017,2014-2017,0,gor3a/vehicle-makes-models,added_missing
Hyundai,NEXO,2018,2026,2018-2026,0,gor3a/vehicle-makes-models,added_missing
Hyundai,PORTER Box,2002,2002,2002,3,itdiag8-dotcom/database (vivid_cars2000.db),added_from_vivid
Hyundai,PORTER Bus,2002,2002,2002,1,itdiag8-dotcom/database (vivid_cars2000.db),added_from_vivid
Hyundai,PORTER Pickup,2002,2002,2002,1,itdiag8-dotcom/database (vivid_cars2000.db),added_from_vivid
Hyundai,Palisade,2019,2026,2019-2026,0,gor3a/vehicle-makes-models,added_missing
Hyundai,Porter,,,,0,DanielKohut/car-data,added_missing
Hyundai,SANTA FÉ I (SM),2000,2004,2000-2004,17,itdiag8-dotcom/database (vivid_cars2000.db),added_from_vivid
Hyundai,SANTA FÉ II (CM),2004,2009,2004-2009,10,itdiag8-dotcom/database (vivid_cars2000.db),added_from_vivid
Hyundai,SANTA FÉ III (DM),2011,2011,2011,3,itdiag8-dotcom/database (vivid_cars2000.db),added_from_vivid
Hyundai,SONATA IV (EF),2001,2002,2001-2002,9,itdiag8-dotcom/database (vivid_cars2000.db),added_from_vivid
Hyundai,SONATA V (NF),2004,2008,2004-2008,10,itdiag8-dotcom/database (vivid_cars2000.db),added_from_vivid
Hyundai,SONATA VI (YF),2008,2010,2008-2010,3,itdiag8-dotcom/database (vivid_cars2000.db),added_from_vivid
Hyundai,Santa Cruz,2021,2026,2021-2026,0,gor3a/vehicle-makes-models,added_missing
Hyundai,Santa Fe,2000,2016,2000-2016,73,original_db,existing
Hyundai,Santa Fe Sport,2013,2018,2013-2018,0,plowman/open-vehicle-db,added_missing
Hyundai,Santa Fe XL,2019,2027,2019-2027,0,plowman/open-vehicle-db,added_missing
Hyundai,Satellite,1997,2000,1997-2000,0,gor3a/vehicle-makes-models,added_missing
Hyundai,Sonata,1998,2015,1998-2015,33,original_db,existing
Hyundai,Sonata Hybrid,2010,2019,2010-2019,0,gor3a/vehicle-makes-models,added_missing
Hyundai,Sonica,2001,2008,2001-2008,10,original_db,existing
Hyundai,Starex,2000,2003,2000-2003,6,original_db,existing
Hyundai,Staria,2021,2026,2021-2026,0,gor3a/vehicle-makes-models,added_missing
Hyundai,Stellar,,,,0,DanielKohut/car-data,added_missing
Hyundai,TERRACAN (HP),2001,2003,2001-2003,6,itdiag8-dotcom/database (vivid_cars2000.db),added_from_vivid
Hyundai,TIBURON Coupe,2005,2005,2005,2,itdiag8-dotcom/database (vivid_cars2000.db),added_from_vivid
Hyundai,TRAJET (FO),2000,2004,2000-2004,6,itdiag8-dotcom/database (vivid_cars2000.db),added_from_vivid
Hyundai,TUCSON (JM),2003,2009,2003-2009,10,itdiag8-dotcom/database (vivid_cars2000.db),added_from_vivid
Hyundai,Tb,2002,2005,2002-2005,3,original_db,existing
Hyundai,Terracan,2001,2004,2001-2004,14,original_db,existing
Hyundai,Tiburon,1997,2007,1997-2007,20,original_db,existing
Hyundai,Trajet,1999,2004,1999-2004,25,original_db,existing
Hyundai,Tucson,2004,2016,2004-2016,46,original_db,existing
Hyundai,Tucson Ix,2009,2010,2009-2010,6,original_db,existing
Hyundai,Tuscani,2001,2007,2001-2007,12,original_db,existing
Hyundai,VELOSTER (FS),2010,2011,2010-2011,4,itdiag8-dotcom/database (vivid_cars2000.db),added_from_vivid
Hyundai,Veloster,2011,2016,2011-2016,12,original_db,existing
Hyundai,Veloster N,2019,2022,2019-2022,0,plowman/open-vehicle-db,added_missing
Hyundai,Venue,2019,2026,2019-2026,0,gor3a/vehicle-makes-models,added_missing
Hyundai,Veracruz,2006,2011,2006-2011,6,original_db,existing
Hyundai,Verna,2002,2008,2002-2008,14,original_db,existing
Hyundai,XG,1999,2005,1999-2005,0,gor3a/vehicle-makes-models,added_missing
Hyundai,XG (XG),2002,2002,2002,1,itdiag8-dotcom/database (vivid_cars2000.db),added_from_vivid
Hyundai,XG300,2001,2001,2001-2001,0,plowman/open-vehicle-db,added_missing
Hyundai,XG350,2002,2005,2002-2005,0,plowman/open-vehicle-db,added_missing
Hyundai,Xcent,,,,0,DanielKohut/car-data,added_missing
Hyundai,Xcient,2023,2027,2023-2027,0,plowman/open-vehicle-db,added_missing
Hyundai,i10 (IA),2012,2012,2012,3,itdiag8-dotcom/database (vivid_cars2000.db),added_from_vivid
Hyundai,i10 (PA),2006,2010,2006-2010,7,itdiag8-dotcom/database (vivid_cars2000.db),added_from_vivid
Hyundai,i20 (GB),2013,2013,2013,5,itdiag8-dotcom/database (vivid_cars2000.db),added_from_vivid
Hyundai,"i20 (PB, PBT)",2007,2011,2007-2011,9,itdiag8-dotcom/database (vivid_cars2000.db),added_from_vivid
Hyundai,i20 Active,2015,2020,2015-2020,0,gor3a/vehicle-makes-models,added_missing
Hyundai,i20 N,2020,2026,2020-2026,0,gor3a/vehicle-makes-models,added_missing
Hyundai,i30 (FD),2006,2009,2006-2009,12,itdiag8-dotcom/database (vivid_cars2000.db),added_from_vivid
Hyundai,i30 (GD),2010,2011,2010-2011,7,itdiag8-dotcom/database (vivid_cars2000.db),added_from_vivid
Hyundai,i30 CW (FD),2006,2009,2006-2009,12,itdiag8-dotcom/database (vivid_cars2000.db),added_from_vivid
Hyundai,i30 CW (GD),2011,2011,2011,9,itdiag8-dotcom/database (vivid_cars2000.db),added_from_vivid
Hyundai,i30 Coupe,2012,2012,2012,5,itdiag8-dotcom/database (vivid_cars2000.db),added_from_vivid
Hyundai,i30 N,2017,2026,2017-2026,0,gor3a/vehicle-makes-models,added_missing
Hyundai,i40 (VF),2011,2011,2011,4,itdiag8-dotcom/database (vivid_cars2000.db),added_from_vivid
Hyundai,i40 CW (VF),2010,2011,2010-2011,5,itdiag8-dotcom/database (vivid_cars2000.db),added_from_vivid
Hyundai,i800 / H-1,2008,2018,2008-2018,0,gor3a/vehicle-makes-models,added_missing
Hyundai,ix20 (JC),2009,2010,2009-2010,6,itdiag8-dotcom/database (vivid_cars2000.db),added_from_vivid
Hyundai,"ix35 (LM, EL, ELH)",2009,2012,2009-2012,8,itdiag8-dotcom/database (vivid_cars2000.db),added_from_vivid
Hyundai,ix35 / Tucson,2004,2026,2004-2026,0,gor3a/vehicle-makes-models,added_missing
Hyundai,ix55 / Veracruz,2009,2012,2009-2012,0,gor3a/vehicle-makes-models,added_missing
Ikco,Samand Lx,2012,2014,2012-2014,2,original_db,existing
Infiniti,EX35,2008,2013,2008-2013,0,plowman/open-vehicle-db,added_missing
Infiniti,Ex,2008,2012,2008-2012,5,original_db,existing
Infiniti,FX35,2003,2012,2003-2012,0,plowman/open-vehicle-db,added_missing
Infiniti,FX37,2013,2013,2013-2013,0,plowman/open-vehicle-db,added_missing
Infiniti,FX45,2003,2008,2003-2008,0,plowman/open-vehicle-db,added_missing
Infiniti,FX50,2009,2013,2009-2013,0,plowman/open-vehicle-db,added_missing
Infiniti,Fx,2009,2013,2009-2013,8,original_db,existing
Infiniti,G,2007,2012,2007-2012,12,original_db,existing
Infiniti,G20,1991,2002,1991-2002,0,gor3a/vehicle-makes-models,added_missing
Infiniti,G25,2011,2012,2011-2012,0,plowman/open-vehicle-db,added_missing
Infiniti,G35,2001,2008,2001-2008,0,gor3a/vehicle-makes-models,added_missing
Infiniti,G37,2008,2013,2008-2013,0,plowman/open-vehicle-db,added_missing
Infiniti,I,1995,2004,1995-2004,0,gor3a/vehicle-makes-models,added_missing
Infiniti,I30,1996,2001,1996-2001,0,plowman/open-vehicle-db,added_missing
Infiniti,I35,2002,2004,2002-2004,0,plowman/open-vehicle-db,added_missing
Infiniti,JX,2012,2014,2012-2014,0,gor3a/vehicle-makes-models,added_missing
Infiniti,JX35,2013,2013,2013-2013,0,plowman/open-vehicle-db,added_missing
Infiniti,M,2010,2011,2010-2011,10,original_db,existing
Infiniti,M30,,,,0,DanielKohut/car-data,added_missing
Infiniti,M35,2006,2010,2006-2010,0,plowman/open-vehicle-db,added_missing
Infiniti,M35h,2012,2013,2012-2013,0,plowman/open-vehicle-db,added_missing
Infiniti,M37,2011,2013,2011-2013,0,plowman/open-vehicle-db,added_missing
Infiniti,M45,2003,2010,2003-2010,0,plowman/open-vehicle-db,added_missing
Infiniti,M56,2011,2013,2011-2013,0,plowman/open-vehicle-db,added_missing
Infiniti,Q,1989,2006,1989-2006,0,gor3a/vehicle-makes-models,added_missing
Infiniti,Q30,,,,0,DanielKohut/car-data,added_missing
Infiniti,Q40,2014,2015,2014-2015,0,gor3a/vehicle-makes-models,added_missing
Infiniti,Q45,,,,0,DanielKohut/car-data,added_missing
Infiniti,Q50,2014,2014,2014,6,original_db,existing
Infiniti,Q60,2013,2022,2013-2022,0,gor3a/vehicle-makes-models,added_missing
Infiniti,Q70,2014,2014,2014,4,original_db,existing
Infiniti,Q70L,2015,2022,2015-2022,0,plowman/open-vehicle-db,added_missing
Infiniti,QX,1997,2014,1997-2014,0,gor3a/vehicle-makes-models,added_missing
Infiniti,QX30,2015,2019,2015-2019,0,gor3a/vehicle-makes-models,added_missing
Infiniti,QX4,,,,0,DanielKohut/car-data,added_missing
Infiniti,QX55,2021,2026,2021-2026,0,gor3a/vehicle-makes-models,added_missing
Infiniti,QX60,2013,2026,2013-2026,0,gor3a/vehicle-makes-models,added_missing
Infiniti,QX65,2026,2026,2026-2026,0,gor3a/vehicle-makes-models,added_missing
Infiniti,Qx50,2014,2014,2014,1,original_db,existing
Infiniti,Qx56,2011,2011,2011,2,original_db,existing
Infiniti,Qx70,2014,2014,2014,2,original_db,existing
Infiniti,Qx80,2014,2014,2014,2,original_db,existing
Isuzu,117 Coupé,,,,0,DanielKohut/car-data,added_missing
Isuzu,4200R,,,,0,DanielKohut/car-data,added_missing
Isuzu,Alterra,,,,0,DanielKohut/car-data,added_missing
Isuzu,Amigo,1997,2003,1997-2003,0,gor3a/vehicle-makes-models,added_missing
Isuzu,Amigo Cabrio,1998,2003,1998-2003,0,gor3a/vehicle-makes-models,added_missing
Isuzu,Ascender,2001,2008,2001-2008,0,gor3a/vehicle-makes-models,added_missing
Isuzu,Aska,,,,0,DanielKohut/car-data,added_missing
Isuzu,Axiom,2001,2004,2001-2004,0,gor3a/vehicle-makes-models,added_missing
Isuzu,BISON Bus,2012,2012,2012,1,itdiag8-dotcom/database (vivid_cars2000.db),added_from_vivid
Isuzu,BISON Platform/Chassis,2012,2012,2012,1,itdiag8-dotcom/database (vivid_cars2000.db),added_from_vivid
Isuzu,Bellel,,,,0,DanielKohut/car-data,added_missing
Isuzu,Bellett,,,,0,DanielKohut/car-data,added_missing
Isuzu,D-MAX (8DH),2002,2006,2002-2006,5,itdiag8-dotcom/database (vivid_cars2000.db),added_from_vivid
Isuzu,D-MAX Platform/Chassis (8DH),2006,2006,2006,1,itdiag8-dotcom/database (vivid_cars2000.db),added_from_vivid
Isuzu,D-Max,2000,2011,2000-2011,9,original_db,existing
Isuzu,ELF Box (NKR8_),2003,2003,2003,2,itdiag8-dotcom/database (vivid_cars2000.db),added_from_vivid
Isuzu,"ELF Platform/Chassis (NKR8_, NKQ8_)",2003,2003,2003,5,itdiag8-dotcom/database (vivid_cars2000.db),added_from_vivid
Isuzu,F6,1997,2002,1997-2002,0,plowman/open-vehicle-db,added_missing
Isuzu,F7,1997,2002,1997-2002,0,plowman/open-vehicle-db,added_missing
Isuzu,FRR,1995,2004,1995-2004,0,plowman/open-vehicle-db,added_missing
Isuzu,Fargo,,,,0,DanielKohut/car-data,added_missing
Isuzu,Filly,,,,0,DanielKohut/car-data,added_missing
Isuzu,Florian,,,,0,DanielKohut/car-data,added_missing
Isuzu,Gemini,,,,0,DanielKohut/car-data,added_missing
Isuzu,H-Series,2005,2008,2005-2008,0,plowman/open-vehicle-db,added_missing
Isuzu,Hombre,1995,2000,1995-2000,0,gor3a/vehicle-makes-models,added_missing
Isuzu,Journey,,,,0,DanielKohut/car-data,added_missing
Isuzu,KB,2009,2009,2009,1,itdiag8-dotcom/database (vivid_cars2000.db),added_from_vivid
Isuzu,MU,,,,0,DanielKohut/car-data,added_missing
Isuzu,MU-7,2004,2013,2004-2013,0,gor3a/vehicle-makes-models,added_missing
Isuzu,MU-X Closed Off-Road Vehicle,2012,2012,2012,1,itdiag8-dotcom/database (vivid_cars2000.db),added_from_vivid
Isuzu,Mu-X,2013,2015,2013-2015,2,original_db,existing
Isuzu,NPR,1987,2027,1987-2027,0,plowman/open-vehicle-db,added_missing
Isuzu,NPR/NPR-HD,2000,2027,2000-2027,0,plowman/open-vehicle-db,added_missing
Isuzu,NQR,1999,2027,1999-2027,0,plowman/open-vehicle-db,added_missing
Isuzu,NQR/NRR,2005,2015,2005-2015,0,plowman/open-vehicle-db,added_missing
Isuzu,NRR,1989,2027,1989-2027,0,plowman/open-vehicle-db,added_missing
Isuzu,PANTHER,2012,2012,2012,1,itdiag8-dotcom/database (vivid_cars2000.db),added_from_vivid
Isuzu,Piazza,,,,0,DanielKohut/car-data,added_missing
Isuzu,Rodeo,,,,0,DanielKohut/car-data,added_missing
Isuzu,Rodeo / D-Max,2002,2019,2002-2019,0,gor3a/vehicle-makes-models,added_missing
Isuzu,T6F,2003,2010,2003-2010,0,plowman/open-vehicle-db,added_missing
Isuzu,T7F,2003,2010,2003-2010,0,plowman/open-vehicle-db,added_missing
Isuzu,T8F,2003,2010,2003-2010,0,plowman/open-vehicle-db,added_missing
Isuzu,TROOPER Open Off-Road Vehicle,2000,2000,2000,2,itdiag8-dotcom/database (vivid_cars2000.db),added_from_vivid
Isuzu,Trooper,1998,2002,1998-2002,0,gor3a/vehicle-makes-models,added_missing
Isuzu,V-Cross,2012,2012,2012,1,original_db,existing
Isuzu,VehiCROSS,,,,0,DanielKohut/car-data,added_missing
Isuzu,i-280,2006,2006,2006-2006,0,plowman/open-vehicle-db,added_missing
Isuzu,i-290,2007,2008,2007-2008,0,plowman/open-vehicle-db,added_missing
Isuzu,i-350,2006,2006,2006-2006,0,plowman/open-vehicle-db,added_missing
Isuzu,i-370,2007,2008,2007-2008,0,plowman/open-vehicle-db,added_missing
Isuzu,i-Series,2005,2009,2005-2009,0,gor3a/vehicle-makes-models,added_missing
Iveco,DAILY Box Body / Estate,2012,2012,2012,10,itdiag8-dotcom/database (vivid_cars2000.db),added_from_vivid
Iveco,DAILY III Box Body / Estate,2001,2004,2001-2004,10,itdiag8-dotcom/database (vivid_cars2000.db),added_from_vivid
Iveco,DAILY III Platform/Chassis,2001,2004,2001-2004,9,itdiag8-dotcom/database (vivid_cars2000.db),added_from_vivid
Iveco,DAILY IV Box Body / Estate,2005,2006,2005-2006,13,itdiag8-dotcom/database (vivid_cars2000.db),added_from_vivid
Iveco,DAILY IV Bus,2005,2008,2005-2008,2,itdiag8-dotcom/database (vivid_cars2000.db),added_from_vivid
Iveco,DAILY IV Dumptruck,2005,2006,2005-2006,10,itdiag8-dotcom/database (vivid_cars2000.db),added_from_vivid
Iveco,DAILY IV Platform/Chassis,2005,2007,2005-2007,12,itdiag8-dotcom/database (vivid_cars2000.db),added_from_vivid
Iveco,DAILY Platform/Chassis,2012,2012,2012,10,itdiag8-dotcom/database (vivid_cars2000.db),added_from_vivid
Iveco,DAILY V Box Body / Estate,2010,2010,2010,6,itdiag8-dotcom/database (vivid_cars2000.db),added_from_vivid
Iveco,DAILY V Dumptruck,2010,2010,2010,5,itdiag8-dotcom/database (vivid_cars2000.db),added_from_vivid
Iveco,DAILY V Platform/Chassis,2010,2010,2010,8,itdiag8-dotcom/database (vivid_cars2000.db),added_from_vivid
Iveco,MASSIF Pickup,2007,2007,2007,4,itdiag8-dotcom/database (vivid_cars2000.db),added_from_vivid
Iveco,MASSIF Single Cab,2007,2007,2007,4,itdiag8-dotcom/database (vivid_cars2000.db),added_from_vivid
Iveco,MASSIF Station Wagon,2007,2007,2007,4,itdiag8-dotcom/database (vivid_cars2000.db),added_from_vivid
Jaguar,C-X16,2011,2011,2011,1,original_db,existing
Jaguar,E-Pace,2017,2024,2017-2024,0,gor3a/vehicle-makes-models,added_missing
Jaguar,F-Pace,2016,2016,2016,7,original_db,existing
Jaguar,F-Pace SVR,2018,2026,2018-2026,0,gor3a/vehicle-makes-models,added_missing
Jaguar,F-TYPE Convertible,2011,2013,2011-2013,8,itdiag8-dotcom/database (vivid_cars2000.db),added_from_vivid
Jaguar,F-TYPE Coupe,2012,2013,2012-2013,7,itdiag8-dotcom/database (vivid_cars2000.db),added_from_vivid
Jaguar,F-Type,2013,2014,2013-2014,6,original_db,existing
Jaguar,F-Type SVR,2016,2020,2016-2020,0,gor3a/vehicle-makes-models,added_missing
Jaguar,I-Pace,2018,2024,2018-2024,0,gor3a/vehicle-makes-models,added_missing
Jaguar,S-TYPE (CCX),2001,2003,2001-2003,4,itdiag8-dotcom/database (vivid_cars2000.db),added_from_vivid
Jaguar,S-Type,2001,2007,2001-2007,26,original_db,existing
Jaguar,S-Type R,2002,2007,2002-2007,0,gor3a/vehicle-makes-models,added_missing
Jaguar,Vanden Plas,1988,2004,1988-2004,0,plowman/open-vehicle-db,added_missing
Jaguar,X-TYPE (CF1),2001,2006,2001-2006,8,itdiag8-dotcom/database (vivid_cars2000.db),added_from_vivid
Jaguar,X-TYPE Estate,2003,2006,2003-2006,8,itdiag8-dotcom/database (vivid_cars2000.db),added_from_vivid
Jaguar,X-Type,2001,2007,2001-2007,16,original_db,existing
Jaguar,XE (X760),2013,2013,2013,2,itdiag8-dotcom/database (vivid_cars2000.db),added_from_vivid
Jaguar,XE SV,2017,2019,2017-2019,0,gor3a/vehicle-makes-models,added_missing
Jaguar,"XF (_J05_, CC9)",2007,2011,2007-2011,21,itdiag8-dotcom/database (vivid_cars2000.db),added_from_vivid
Jaguar,XF SPORTBRAKE (CC9),2011,2012,2011-2012,7,itdiag8-dotcom/database (vivid_cars2000.db),added_from_vivid
Jaguar,XF Sportbrake,2012,2026,2012-2026,0,gor3a/vehicle-makes-models,added_missing
Jaguar,"XJ (X350, X358)",2003,2004,2003-2004,5,itdiag8-dotcom/database (vivid_cars2000.db),added_from_vivid
Jaguar,"XJ (X35_, _J12_, _J24_)",2008,2012,2008-2012,8,itdiag8-dotcom/database (vivid_cars2000.db),added_from_vivid
Jaguar,XJ8,1998,2003,1998-2003,0,plowman/open-vehicle-db,added_missing
Jaguar,XJR,1990,2019,1990-2019,0,gor3a/vehicle-makes-models,added_missing
Jaguar,XK 8 Convertible (QDV),2002,2002,2002,3,itdiag8-dotcom/database (vivid_cars2000.db),added_from_vivid
Jaguar,XK 8 Coupe (QEV),2002,2002,2002,3,itdiag8-dotcom/database (vivid_cars2000.db),added_from_vivid
Jaguar,XK Convertible (_J43_),2005,2010,2005-2010,7,itdiag8-dotcom/database (vivid_cars2000.db),added_from_vivid
Jaguar,XK Coupe (_J43_),2005,2010,2005-2010,9,itdiag8-dotcom/database (vivid_cars2000.db),added_from_vivid
Jaguar,XK8,1997,2004,1997-2004,0,plowman/open-vehicle-db,added_missing
Jaguar,XKR,1998,2014,1998-2014,0,gor3a/vehicle-makes-models,added_missing
Jaguar,Xe,2015,2015,2015,7,original_db,existing
Jaguar,Xf,2008,2016,2008-2016,39,original_db,existing
Jaguar,Xfr,2009,2013,2009-2013,5,original_db,existing
Jaguar,Xj,2003,2015,2003-2015,35,original_db,existing
Jaguar,Xk,2002,2013,2002-2013,18,original_db,existing
Jeep,Avenger,2022,2026,2022-2026,0,gor3a/vehicle-makes-models,added_missing
Jeep,CHEROKEE (KJ),2001,2003,2001-2003,7,itdiag8-dotcom/database (vivid_cars2000.db),added_from_vivid
Jeep,CHEROKEE (KK),2007,2009,2007-2009,4,itdiag8-dotcom/database (vivid_cars2000.db),added_from_vivid
Jeep,COMMANDER (XK),2004,2005,2004-2005,4,itdiag8-dotcom/database (vivid_cars2000.db),added_from_vivid
Jeep,COMPASS (MK49),2005,2010,2005-2010,6,itdiag8-dotcom/database (vivid_cars2000.db),added_from_vivid
Jeep,Cherokee,2001,2015,2001-2015,14,original_db,existing
Jeep,Cherokee/Liberty,1984,2012,1984-2012,0,gor3a/vehicle-makes-models,added_missing
Jeep,Commander,2005,2010,2005-2010,0,gor3a/vehicle-makes-models,added_missing
Jeep,Compass,2006,2026,2006-2026,0,gor3a/vehicle-makes-models,added_missing
Jeep,"GRAND CHEROKEE II (WJ, WG)",2001,2003,2001-2003,3,itdiag8-dotcom/database (vivid_cars2000.db),added_from_vivid
Jeep,"GRAND CHEROKEE III (WH, WK)",2004,2008,2004-2008,9,itdiag8-dotcom/database (vivid_cars2000.db),added_from_vivid
Jeep,"GRAND CHEROKEE IV (WK, WK2)",2009,2012,2009-2012,5,itdiag8-dotcom/database (vivid_cars2000.db),added_from_vivid
Jeep,Gladiator,2020,2026,2020-2026,0,gor3a/vehicle-makes-models,added_missing
Jeep,Grand Cherokee,2006,2014,2006-2014,6,original_db,existing
Jeep,Grand Cherokee L,,,,0,DanielKohut/car-data,added_missing
Jeep,Grand Wagoneer,,,,0,DanielKohut/car-data,added_missing
Jeep,Grand Wagoneer L,2024,2027,2024-2027,0,plowman/open-vehicle-db,added_missing
Jeep,Liberty,1993,2013,1993-2013,0,plowman/open-vehicle-db,added_missing
Jeep,PATRIOT (MK74),2006,2010,2006-2010,7,itdiag8-dotcom/database (vivid_cars2000.db),added_from_vivid
Jeep,Patriot,2007,2011,2007-2011,2,original_db,existing
Jeep,Recon,2025,2026,2025-2026,0,gor3a/vehicle-makes-models,added_missing
Jeep,Renegade,2014,2015,2014-2015,6,original_db,existing
Jeep,WRANGLER II (TJ),2002,2005,2002-2005,3,itdiag8-dotcom/database (vivid_cars2000.db),added_from_vivid
Jeep,WRANGLER III (JK),2006,2010,2006-2010,4,itdiag8-dotcom/database (vivid_cars2000.db),added_from_vivid
Jeep,Wagoneer,1962,2026,1962-2026,0,gor3a/vehicle-makes-models,added_missing
Jeep,Wagoneer L,2024,2025,2024-2025,0,plowman/open-vehicle-db,added_missing
Jeep,Wagoneer S,2024,2027,2024-2027,0,plowman/open-vehicle-db,added_missing
Jeep,Wrangler,2007,2011,2007-2011,4,original_db,existing
Jeep,Wrangler JK,2018,2018,2018-2018,0,plowman/open-vehicle-db,added_missing
Jeep,Wrangler Rubicon,2023,2026,2023-2026,0,gor3a/vehicle-makes-models,added_missing
Jeep,Wrangler Unlimited,2004,2024,2004-2024,0,gor3a/vehicle-makes-models,added_missing
Jmc,New Generation Transit,2014,2014,2014,1,original_db,existing
KTM,X-Bow,2007,2007,2007,1,original_db,existing
KTM,X-Bow GT,,,,0,DanielKohut/car-data,added_missing
KTM,X-Bow GT-XR,,,,0,DanielKohut/car-data,added_missing
KTM,X-Bow GT2,,,,0,DanielKohut/car-data,added_missing
KTM,X-Bow GT4,,,,0,DanielKohut/car-data,added_missing
KTM,X-Bow GTX,,,,0,DanielKohut/car-data,added_missing
KTM,X-Bow R,,,,0,DanielKohut/car-data,added_missing
KTM,X-Bow RR,,,,0,DanielKohut/car-data,added_missing
Kia,Amanti,2004,2009,2004-2009,0,plowman/open-vehicle-db,added_missing
Kia,BONGO Bus,2003,2003,2003,2,itdiag8-dotcom/database (vivid_cars2000.db),added_from_vivid
Kia,BONGO MPV,2003,2003,2003,2,itdiag8-dotcom/database (vivid_cars2000.db),added_from_vivid
Kia,BONGO Platform/Chassis,2003,2003,2003,1,itdiag8-dotcom/database (vivid_cars2000.db),added_from_vivid
Kia,Bongo,2002,2002,2002,1,original_db,existing
Kia,Borrego,2010,2010,2010,1,original_db,existing
Kia,Borrego / Mohave,2009,2013,2009-2013,0,gor3a/vehicle-makes-models,added_missing
Kia,CARENS I (FC),2000,2000,2000,1,itdiag8-dotcom/database (vivid_cars2000.db),added_from_vivid
Kia,CARENS II (FJ),2002,2004,2002-2004,4,itdiag8-dotcom/database (vivid_cars2000.db),added_from_vivid
Kia,CARENS III (UN),2005,2009,2005-2009,8,itdiag8-dotcom/database (vivid_cars2000.db),added_from_vivid
Kia,CARENS IV,2012,2012,2012,5,itdiag8-dotcom/database (vivid_cars2000.db),added_from_vivid
Kia,CARNIVAL / GRAND CARNIVAL III (VQ),2005,2010,2005-2010,5,itdiag8-dotcom/database (vivid_cars2000.db),added_from_vivid
Kia,CARNIVAL I (UP),2000,2000,2000,1,itdiag8-dotcom/database (vivid_cars2000.db),added_from_vivid
Kia,CARNIVAL II (GQ),2001,2003,2001-2003,3,itdiag8-dotcom/database (vivid_cars2000.db),added_from_vivid
Kia,CEE'D Hatchback (ED),2005,2009,2005-2009,13,itdiag8-dotcom/database (vivid_cars2000.db),added_from_vivid
Kia,CEE'D SW (ED),2006,2009,2006-2009,12,itdiag8-dotcom/database (vivid_cars2000.db),added_from_vivid
Kia,CEE`D Sportswagon,2011,2012,2011-2012,5,itdiag8-dotcom/database (vivid_cars2000.db),added_from_vivid
Kia,CERATO (LD),2003,2005,2003-2005,7,itdiag8-dotcom/database (vivid_cars2000.db),added_from_vivid
Kia,CERATO Hatchback,2011,2011,2011,1,itdiag8-dotcom/database (vivid_cars2000.db),added_from_vivid
Kia,CERATO II Saloon (TD),2008,2009,2008-2009,5,itdiag8-dotcom/database (vivid_cars2000.db),added_from_vivid
Kia,CERATO KOUP (TD),2008,2009,2008-2009,2,itdiag8-dotcom/database (vivid_cars2000.db),added_from_vivid
Kia,CERATO KOUP Coupe,2012,2012,2012,2,itdiag8-dotcom/database (vivid_cars2000.db),added_from_vivid
Kia,CERATO Saloon,2001,2001,2001,3,itdiag8-dotcom/database (vivid_cars2000.db),added_from_vivid
Kia,CERATO Saloon (LD),2003,2005,2003-2005,6,itdiag8-dotcom/database (vivid_cars2000.db),added_from_vivid
Kia,Cadenza,2014,2020,2014-2020,0,plowman/open-vehicle-db,added_missing
Kia,Carens,2002,2013,2002-2013,7,original_db,existing
Kia,Carnival,2002,2013,2002-2013,7,original_db,existing
Kia,Carnival / Sedona,2002,2026,2002-2026,0,gor3a/vehicle-makes-models,added_missing
Kia,Ceed,2006,2015,2006-2015,12,original_db,existing
Kia,Ceed Gt,2013,2013,2013,1,original_db,existing
Kia,Cerato,2002,2006,2002-2006,8,original_db,existing
Kia,Cerato / Spectra,2004,2009,2004-2009,0,gor3a/vehicle-makes-models,added_missing
Kia,Cerato/Forte,2013,2018,2013-2018,0,gor3a/vehicle-makes-models,added_missing
Kia,EV2,2026,2026,2026-2026,0,gor3a/vehicle-makes-models,added_missing
Kia,EV3,2024,2026,2024-2026,0,gor3a/vehicle-makes-models,added_missing
Kia,EV4,2025,2026,2025-2026,0,gor3a/vehicle-makes-models,added_missing
Kia,EV5,2023,2026,2023-2026,0,gor3a/vehicle-makes-models,added_missing
Kia,EV6,2021,2026,2021-2026,0,gor3a/vehicle-makes-models,added_missing
Kia,EV9,2023,2026,2023-2026,0,gor3a/vehicle-makes-models,added_missing
Kia,Forte,2009,2013,2009-2013,4,original_db,existing
Kia,Forte 5 Door,2010,2018,2010-2018,0,gor3a/vehicle-makes-models,added_missing
Kia,Forte Koup,2009,2016,2009-2016,0,gor3a/vehicle-makes-models,added_missing
Kia,Joice,1999,2003,1999-2003,0,gor3a/vehicle-makes-models,added_missing
Kia,K2500 (SD),2002,2009,2002-2009,1,itdiag8-dotcom/database (vivid_cars2000.db),added_from_vivid
Kia,K2900,2007,2007,2007,1,itdiag8-dotcom/database (vivid_cars2000.db),added_from_vivid
Kia,K4,2024,2026,2024-2026,0,gor3a/vehicle-makes-models,added_missing
Kia,K5,2019,2026,2019-2026,0,gor3a/vehicle-makes-models,added_missing
Kia,K7 / Cadenza,2013,2019,2013-2019,0,gor3a/vehicle-makes-models,added_missing
Kia,K9,2012,2021,2012-2021,0,gor3a/vehicle-makes-models,added_missing
Kia,K900,2015,2020,2015-2020,0,plowman/open-vehicle-db,added_missing
Kia,MAGENTIS (GD),2001,2003,2001-2003,3,itdiag8-dotcom/database (vivid_cars2000.db),added_from_vivid
Kia,MAGENTIS (MG),2004,2008,2004-2008,8,itdiag8-dotcom/database (vivid_cars2000.db),added_from_vivid
Kia,Magentis,2005,2010,2005-2010,5,original_db,existing
Kia,Mohave,2010,2010,2010,1,original_db,existing
Kia,Morning,2007,2007,2007,1,original_db,existing
Kia,Niro,2016,2021,2016-2021,0,gor3a/vehicle-makes-models,added_missing
Kia,OPIRUS (GH),2003,2005,2003-2005,3,itdiag8-dotcom/database (vivid_cars2000.db),added_from_vivid
Kia,Opirus,2003,2003,2003,2,original_db,existing
Kia,Opirus / Amanti,2003,2010,2003-2010,0,gor3a/vehicle-makes-models,added_missing
Kia,Optima,2005,2015,2005-2015,5,original_db,existing
Kia,Optima / Magentis,2001,2026,2001-2026,0,gor3a/vehicle-makes-models,added_missing
Kia,Optima Sportswagon,2016,2019,2016-2019,0,gor3a/vehicle-makes-models,added_missing
Kia,PICANTO (BA),2003,2008,2003-2008,4,itdiag8-dotcom/database (vivid_cars2000.db),added_from_vivid
Kia,PICANTO (TA),2010,2012,2010-2012,5,itdiag8-dotcom/database (vivid_cars2000.db),added_from_vivid
Kia,PREGIO Box (TB),2002,2002,2002,1,itdiag8-dotcom/database (vivid_cars2000.db),added_from_vivid
Kia,PRIDE (DA),2004,2004,2004,3,itdiag8-dotcom/database (vivid_cars2000.db),added_from_vivid
Kia,PRO CEE'D (ED),2007,2009,2007-2009,12,itdiag8-dotcom/database (vivid_cars2000.db),added_from_vivid
Kia,PRO CEE´D,2012,2012,2012,6,itdiag8-dotcom/database (vivid_cars2000.db),added_from_vivid
Kia,PV5,2026,2026,2026-2026,0,gor3a/vehicle-makes-models,added_missing
Kia,Picanto,2007,2011,2007-2011,2,original_db,existing
Kia,Picanto X-Line,2017,2020,2017-2020,0,gor3a/vehicle-makes-models,added_missing
Kia,Pride,2008,2008,2008,1,original_db,existing
Kia,Pro cee'd,2007,2025,2007-2025,0,gor3a/vehicle-makes-models,added_missing
Kia,RAY,2010,2010,2010,1,itdiag8-dotcom/database (vivid_cars2000.db),added_from_vivid
Kia,RETONA (CE),2000,2000,2000,1,itdiag8-dotcom/database (vivid_cars2000.db),added_from_vivid
Kia,RIO Estate (DC),2000,2002,2000-2002,4,itdiag8-dotcom/database (vivid_cars2000.db),added_from_vivid
Kia,RIO II (JB),2004,2007,2004-2007,4,itdiag8-dotcom/database (vivid_cars2000.db),added_from_vivid
Kia,RIO II Saloon (JB),2004,2007,2004-2007,4,itdiag8-dotcom/database (vivid_cars2000.db),added_from_vivid
Kia,RIO III (UB),2010,2011,2010-2011,7,itdiag8-dotcom/database (vivid_cars2000.db),added_from_vivid
Kia,RIO III Saloon (UB),2010,2011,2010-2011,3,itdiag8-dotcom/database (vivid_cars2000.db),added_from_vivid
Kia,RIO Saloon (DC_),2000,2002,2000-2002,4,itdiag8-dotcom/database (vivid_cars2000.db),added_from_vivid
Kia,Rio,2005,2011,2005-2011,6,original_db,existing
Kia,Rondo,2008,2016,2008-2016,0,gor3a/vehicle-makes-models,added_missing
Kia,SHUMA (FB),2001,2001,2001,1,itdiag8-dotcom/database (vivid_cars2000.db),added_from_vivid
Kia,SHUMA II (FB),2001,2002,2001-2002,3,itdiag8-dotcom/database (vivid_cars2000.db),added_from_vivid
Kia,SHUMA II Saloon (FB),2001,2001,2001,1,itdiag8-dotcom/database (vivid_cars2000.db),added_from_vivid
Kia,SORENTO I (JC),2002,2006,2002-2006,6,itdiag8-dotcom/database (vivid_cars2000.db),added_from_vivid
Kia,SORENTO II (XM),2008,2012,2008-2012,5,itdiag8-dotcom/database (vivid_cars2000.db),added_from_vivid
Kia,SORENTO III,2013,2013,2013,1,itdiag8-dotcom/database (vivid_cars2000.db),added_from_vivid
Kia,SOUL (AM),2008,2011,2008-2011,6,itdiag8-dotcom/database (vivid_cars2000.db),added_from_vivid
Kia,SOUL II (PS),2012,2012,2012,2,itdiag8-dotcom/database (vivid_cars2000.db),added_from_vivid
Kia,SPORTAGE (JE_),2003,2007,2003-2007,8,itdiag8-dotcom/database (vivid_cars2000.db),added_from_vivid
Kia,SPORTAGE (K00),2000,2000,2000,1,itdiag8-dotcom/database (vivid_cars2000.db),added_from_vivid
Kia,SPORTAGE (SL),2009,2012,2009-2012,8,itdiag8-dotcom/database (vivid_cars2000.db),added_from_vivid
Kia,Sedona,2002,2002,2002,1,original_db,existing
Kia,Seltos,2019,2026,2019-2026,0,gor3a/vehicle-makes-models,added_missing
Kia,Sephia,1993,2001,1993-2001,0,plowman/open-vehicle-db,added_missing
Kia,Shuma,1998,2004,1998-2004,0,gor3a/vehicle-makes-models,added_missing
Kia,Sorento,2002,2010,2002-2010,8,original_db,existing
Kia,Soul,2004,2011,2004-2011,6,original_db,existing
Kia,Spectra,2000,2009,2000-2009,0,plowman/open-vehicle-db,added_missing
Kia,Sportage,2004,2015,2004-2015,10,original_db,existing
Kia,Stinger,2017,2026,2017-2026,0,gor3a/vehicle-makes-models,added_missing
Kia,Stonic,2017,2025,2017-2025,0,gor3a/vehicle-makes-models,added_missing
Kia,Stonic GT-Line,2020,2026,2020-2026,0,gor3a/vehicle-makes-models,added_missing
Kia,Syros,2024,2026,2024-2026,0,gor3a/vehicle-makes-models,added_missing
Kia,Tasman,2024,2026,2024-2026,0,gor3a/vehicle-makes-models,added_missing
Kia,Telluride,2019,2026,2019-2026,0,gor3a/vehicle-makes-models,added_missing
Kia,VENGA (YN),2009,2009,2009,7,itdiag8-dotcom/database (vivid_cars2000.db),added_from_vivid
Kia,Venga,2009,2010,2009-2010,6,original_db,existing
Kia,XCeed,2019,2026,2019-2026,0,gor3a/vehicle-makes-models,added_missing
Kia,cee'd,2007,2021,2007-2021,0,gor3a/vehicle-makes-models,added_missing
Kia,cee'd SW,2007,2018,2007-2018,0,gor3a/vehicle-makes-models,added_missing
Kia,pro_cee’d GT,2013,2018,2013-2018,0,gor3a/vehicle-makes-models,added_missing
LDV,CONVOY Box,2001,2002,2001-2002,2,itdiag8-dotcom/database (vivid_cars2000.db),added_from_vivid
LDV,CONVOY Platform/Chassis,2001,2002,2001-2002,2,itdiag8-dotcom/database (vivid_cars2000.db),added_from_vivid
LDV,MAXUS Box,2004,2006,2004-2006,3,itdiag8-dotcom/database (vivid_cars2000.db),added_from_vivid
LDV,MAXUS Bus,2004,2005,2004-2005,3,itdiag8-dotcom/database (vivid_cars2000.db),added_from_vivid
LDV,MAXUS Platform/Chassis,2004,2005,2004-2005,2,itdiag8-dotcom/database (vivid_cars2000.db),added_from_vivid
Lada,110,2000,2000,2000,4,itdiag8-dotcom/database (vivid_cars2000.db),added_from_vivid
Lada,111,2000,2005,2000-2005,7,itdiag8-dotcom/database (vivid_cars2000.db),added_from_vivid
Lada,112,2000,2005,2000-2005,6,itdiag8-dotcom/database (vivid_cars2000.db),added_from_vivid
Lada,GRANTA (2190),2010,2010,2010,4,itdiag8-dotcom/database (vivid_cars2000.db),added_from_vivid
Lada,KALINA Estate (1117),2003,2009,2003-2009,5,itdiag8-dotcom/database (vivid_cars2000.db),added_from_vivid
Lada,KALINA Estate (2194),2012,2012,2012,2,itdiag8-dotcom/database (vivid_cars2000.db),added_from_vivid
Lada,KALINA Hatchback (1119),2003,2009,2003-2009,4,itdiag8-dotcom/database (vivid_cars2000.db),added_from_vivid
Lada,KALINA Hatchback (2192),2012,2012,2012,2,itdiag8-dotcom/database (vivid_cars2000.db),added_from_vivid
Lada,KALINA Saloon (1118),2003,2009,2003-2009,5,itdiag8-dotcom/database (vivid_cars2000.db),added_from_vivid
Lada,NIVA (2121),2000,2009,2000-2009,1,itdiag8-dotcom/database (vivid_cars2000.db),added_from_vivid
Lada,NIVA II (2123),2002,2003,2002-2003,1,itdiag8-dotcom/database (vivid_cars2000.db),added_from_vivid
Lada,PRIORA Estate (2171),2008,2008,2008,4,itdiag8-dotcom/database (vivid_cars2000.db),added_from_vivid
Lada,PRIORA Hatchback (2172),2007,2007,2007,5,itdiag8-dotcom/database (vivid_cars2000.db),added_from_vivid
Lada,PRIORA Saloon (2170),2007,2008,2007-2008,5,itdiag8-dotcom/database (vivid_cars2000.db),added_from_vivid
Lada,SAMARA FORMA (21099),2000,2003,2000-2003,2,itdiag8-dotcom/database (vivid_cars2000.db),added_from_vivid
Lamborghini,147,2002,2002,2002-2002,0,plowman/open-vehicle-db,added_missing
Lamborghini,350 GT,,,,0,DanielKohut/car-data,added_missing
Lamborghini,400 GT,,,,0,DanielKohut/car-data,added_missing
Lamborghini,Aventador,2011,2026,2011-2026,0,gor3a/vehicle-makes-models,added_missing
Lamborghini,Centenario,2016,2017,2016-2017,0,gor3a/vehicle-makes-models,added_missing
Lamborghini,Diablo,1990,2001,1990-2001,0,gor3a/vehicle-makes-models,added_missing
Lamborghini,Fenomeno,2026,2026,2026-2026,0,gor3a/vehicle-makes-models,added_missing
Lamborghini,Gallardo,2003,2012,2003-2012,25,original_db,existing
Lamborghini,Huracan,2014,2014,2014,1,original_db,existing
Lamborghini,Huracán,,,,0,DanielKohut/car-data,added_missing
Lamborghini,Islero,,,,0,DanielKohut/car-data,added_missing
Lamborghini,Murcielago,2001,2006,2001-2006,4,original_db,existing
Lamborghini,Murciélago,,,,0,DanielKohut/car-data,added_missing
Lamborghini,Reventon,2008,2009,2008-2009,0,gor3a/vehicle-makes-models,added_missing
Lamborghini,Revuelto,2023,2026,2023-2026,0,gor3a/vehicle-makes-models,added_missing
Lamborghini,Roadster,1989,2000,1989-2000,0,plowman/open-vehicle-db,added_missing
Lamborghini,Sian,2019,2026,2019-2026,0,gor3a/vehicle-makes-models,added_missing
Lamborghini,Temerario,2024,2026,2024-2026,0,gor3a/vehicle-makes-models,added_missing
Lamborghini,Urus,2018,2026,2018-2026,0,gor3a/vehicle-makes-models,added_missing
Lamborghini,Veneno,2013,2014,2013-2014,0,gor3a/vehicle-makes-models,added_missing
Lancia,DELTA III (844),2007,2010,2007-2010,12,itdiag8-dotcom/database (vivid_cars2000.db),added_from_vivid
Lancia,Delta,2008,2010,2008-2010,3,original_db,existing
Lancia,FLAVIA Convertible (JS),2011,2011,2011,2,itdiag8-dotcom/database (vivid_cars2000.db),added_from_vivid
Lancia,Flavia,1960,2015,1960-2015,0,gor3a/vehicle-makes-models,added_missing
Lancia,Fulvia,,,,0,DanielKohut/car-data,added_missing
Lancia,HPE,,,,0,DanielKohut/car-data,added_missing
Lancia,Jolly,,,,0,DanielKohut/car-data,added_missing
Lancia,Kappa,1995,2000,1995-2000,0,gor3a/vehicle-makes-models,added_missing
Lancia,Kappa SW,1996,2000,1996-2000,0,gor3a/vehicle-makes-models,added_missing
Lancia,LC1,,,,0,DanielKohut/car-data,added_missing
Lancia,LC2,,,,0,DanielKohut/car-data,added_missing
Lancia,LYBRA (839AX),2000,2002,2000-2002,7,itdiag8-dotcom/database (vivid_cars2000.db),added_from_vivid
Lancia,LYBRA SW (839BX),2000,2002,2000-2002,6,itdiag8-dotcom/database (vivid_cars2000.db),added_from_vivid
Lancia,Lambda,,,,0,DanielKohut/car-data,added_missing
Lancia,Lince,,,,0,DanielKohut/car-data,added_missing
Lancia,Lybra,1999,2005,1999-2005,0,gor3a/vehicle-makes-models,added_missing
Lancia,Lybra SW,1999,2005,1999-2005,0,gor3a/vehicle-makes-models,added_missing
Lancia,MUSA (350),2003,2009,2003-2009,11,itdiag8-dotcom/database (vivid_cars2000.db),added_from_vivid
Lancia,Montecarlo,,,,0,DanielKohut/car-data,added_missing
Lancia,Musa,2004,2011,2004-2011,3,original_db,existing
Lancia,New Ypsilon,2011,2011,2011,2,original_db,existing
Lancia,PHEDRA (179),2002,2007,2002-2007,11,itdiag8-dotcom/database (vivid_cars2000.db),added_from_vivid
Lancia,Phedra,2002,2010,2002-2010,0,gor3a/vehicle-makes-models,added_missing
Lancia,Scorpion,,,,0,DanielKohut/car-data,added_missing
Lancia,Stratos Zero,,,,0,DanielKohut/car-data,added_missing
Lancia,THEMA (LX),2010,2010,2010,3,itdiag8-dotcom/database (vivid_cars2000.db),added_from_vivid
Lancia,THESIS (841AX),2002,2005,2002-2005,9,itdiag8-dotcom/database (vivid_cars2000.db),added_from_vivid
Lancia,Thema,2011,2011,2011,2,original_db,existing
Lancia,Thesis,2001,2009,2001-2009,0,gor3a/vehicle-makes-models,added_missing
Lancia,VOYAGER MPV (RT),2010,2012,2010-2012,4,itdiag8-dotcom/database (vivid_cars2000.db),added_from_vivid
Lancia,Voyager,2011,2011,2011,1,original_db,existing
Lancia,Y,,,,0,DanielKohut/car-data,added_missing
Lancia,Y (840A),2000,2000,2000,1,itdiag8-dotcom/database (vivid_cars2000.db),added_from_vivid
Lancia,YPSILON (843),2003,2009,2003-2009,10,itdiag8-dotcom/database (vivid_cars2000.db),added_from_vivid
Lancia,YPSILON (846),2010,2012,2010-2012,5,itdiag8-dotcom/database (vivid_cars2000.db),added_from_vivid
Lancia,Ypsilon,2011,2011,2011,1,original_db,existing
Lancia,ZETA (220),2000,2000,2000,2,itdiag8-dotcom/database (vivid_cars2000.db),added_from_vivid
Lancia,Zeta,1994,2001,1994-2001,0,gor3a/vehicle-makes-models,added_missing
Land Rover,DEFENDER Cabrio (LD),2006,2010,2006-2010,1,itdiag8-dotcom/database (vivid_cars2000.db),added_from_vivid
Land Rover,DEFENDER Pickup (LD_),2006,2010,2006-2010,1,itdiag8-dotcom/database (vivid_cars2000.db),added_from_vivid
Land Rover,DEFENDER Station Wagon (LD),2006,2010,2006-2010,1,itdiag8-dotcom/database (vivid_cars2000.db),added_from_vivid
Land Rover,DISCOVERY III (TAA),2003,2004,2003-2004,3,itdiag8-dotcom/database (vivid_cars2000.db),added_from_vivid
Land Rover,DISCOVERY IV (LA),2008,2012,2008-2012,9,itdiag8-dotcom/database (vivid_cars2000.db),added_from_vivid
Land Rover,DISCOVERY SPORT (LC),2013,2013,2013,3,itdiag8-dotcom/database (vivid_cars2000.db),added_from_vivid
Land Rover,Defender,2012,2012,2012,1,original_db,existing
Land Rover,Defender 110,1991,2025,1991-2025,0,gor3a/vehicle-makes-models,added_missing
Land Rover,Defender 130,2022,2026,2022-2026,0,gor3a/vehicle-makes-models,added_missing
Land Rover,Defender 90,1991,2025,1991-2025,0,gor3a/vehicle-makes-models,added_missing
Land Rover,Defender Octa,2024,2026,2024-2026,0,gor3a/vehicle-makes-models,added_missing
Land Rover,Discovery,2003,2009,2003-2009,4,original_db,existing
Land Rover,Discovery SVX,2018,2020,2018-2020,0,gor3a/vehicle-makes-models,added_missing
Land Rover,Discovery Sport,2015,2016,2015-2016,9,original_db,existing
Land Rover,FREELANDER (LN),2000,2001,2000-2001,6,itdiag8-dotcom/database (vivid_cars2000.db),added_from_vivid
Land Rover,FREELANDER 2 (FA_),2005,2010,2005-2010,10,itdiag8-dotcom/database (vivid_cars2000.db),added_from_vivid
Land Rover,Freelander,2006,2011,2006-2011,5,original_db,existing
Land Rover,LR2,2008,2015,2008-2015,0,plowman/open-vehicle-db,added_missing
Land Rover,LR3,2005,2009,2005-2009,0,plowman/open-vehicle-db,added_missing
Land Rover,LR4,2010,2016,2010-2016,0,plowman/open-vehicle-db,added_missing
Land Rover,New Range Rover,2022,2022,2022-2022,0,plowman/open-vehicle-db,added_missing
Land Rover,RANGE ROVER EVOQUE (LV),2010,2010,2010,3,itdiag8-dotcom/database (vivid_cars2000.db),added_from_vivid
Land Rover,RANGE ROVER III (LM),2002,2009,2002-2009,9,itdiag8-dotcom/database (vivid_cars2000.db),added_from_vivid
Land Rover,RANGE ROVER IV (LG),2011,2012,2011-2012,8,itdiag8-dotcom/database (vivid_cars2000.db),added_from_vivid
Land Rover,RANGE ROVER SPORT (LS),2004,2011,2004-2011,11,itdiag8-dotcom/database (vivid_cars2000.db),added_from_vivid
Land Rover,RANGE ROVER SPORT (LW),2012,2012,2012,10,itdiag8-dotcom/database (vivid_cars2000.db),added_from_vivid
Land Rover,Range Rover,2002,2015,2002-2015,64,original_db,existing
Land Rover,Range Rover Evoque,2011,2015,2011-2015,26,original_db,existing
Land Rover,Range Rover L,2014,2021,2014-2021,0,gor3a/vehicle-makes-models,added_missing
Land Rover,Range Rover PHEV,2013,2022,2013-2022,0,gor3a/vehicle-makes-models,added_missing
Land Rover,Range Rover Sport,2005,2006,2005-2006,2,original_db,existing
Land Rover,Range Rover Sport PHEV,2017,2022,2017-2022,0,gor3a/vehicle-makes-models,added_missing
Land Rover,Range Rover Sport SVR,2015,2022,2015-2022,0,gor3a/vehicle-makes-models,added_missing
Land Rover,Range Rover Velar,2017,2026,2017-2026,0,gor3a/vehicle-makes-models,added_missing
Lexus,CT,2011,2022,2011-2022,0,gor3a/vehicle-makes-models,added_missing
Lexus,CT (ZWA1_),2009,2009,2009,2,itdiag8-dotcom/database (vivid_cars2000.db),added_from_vivid
Lexus,ES,2002,2026,2002-2026,0,gor3a/vehicle-makes-models,added_missing
Lexus,"ES (AVV6_, GSV6_, ASV6_)",2011,2011,2011,3,itdiag8-dotcom/database (vivid_cars2000.db),added_from_vivid
Lexus,"ES (GSV4_, ACV4_)",2005,2005,2005,2,itdiag8-dotcom/database (vivid_cars2000.db),added_from_vivid
Lexus,"ES (MCV_, VZV_)",2001,2003,2001-2003,3,itdiag8-dotcom/database (vivid_cars2000.db),added_from_vivid
Lexus,"GS (GRL1_, GWL1_)",2011,2012,2011-2012,6,itdiag8-dotcom/database (vivid_cars2000.db),added_from_vivid
Lexus,"GS (GRS19_, UZS19_, GWS19_)",2004,2007,2004-2007,10,itdiag8-dotcom/database (vivid_cars2000.db),added_from_vivid
Lexus,"GS (UZS161, JZS160)",2000,2000,2000,2,itdiag8-dotcom/database (vivid_cars2000.db),added_from_vivid
Lexus,GS F,2015,2020,2015-2020,0,gor3a/vehicle-makes-models,added_missing
Lexus,GX (URJ15_),2008,2009,2008-2009,3,itdiag8-dotcom/database (vivid_cars2000.db),added_from_vivid
Lexus,GX (_J12_),2001,2001,2001,2,itdiag8-dotcom/database (vivid_cars2000.db),added_from_vivid
Lexus,Gs,2005,2008,2005-2008,5,original_db,existing
Lexus,Gx,2009,2009,2009,1,original_db,existing
Lexus,HS,2009,2013,2009-2013,0,gor3a/vehicle-makes-models,added_missing
Lexus,HS (ANF10),2008,2008,2008,1,itdiag8-dotcom/database (vivid_cars2000.db),added_from_vivid
Lexus,IS C (GSE2_),2008,2009,2008-2009,5,itdiag8-dotcom/database (vivid_cars2000.db),added_from_vivid
Lexus,"IS I (JCE1_, GXE1_)",2001,2001,2001,1,itdiag8-dotcom/database (vivid_cars2000.db),added_from_vivid
Lexus,"IS II (GSE2_, ALE2_, USE2_)",2004,2009,2004-2009,8,itdiag8-dotcom/database (vivid_cars2000.db),added_from_vivid
Lexus,"IS III (GSE3_, AVE3_)",2012,2012,2012,3,itdiag8-dotcom/database (vivid_cars2000.db),added_from_vivid
Lexus,IS SportCross,2001,2002,2001-2002,2,itdiag8-dotcom/database (vivid_cars2000.db),added_from_vivid
Lexus,Is,2005,2013,2005-2013,7,original_db,existing
Lexus,LBX,2023,2026,2023-2026,0,gor3a/vehicle-makes-models,added_missing
Lexus,LC,2016,2026,2016-2026,0,gor3a/vehicle-makes-models,added_missing
Lexus,LFA,2010,2013,2010-2013,0,gor3a/vehicle-makes-models,added_missing
Lexus,LFA (LFA10_),2009,2010,2009-2010,2,itdiag8-dotcom/database (vivid_cars2000.db),added_from_vivid
Lexus,LM,2023,2026,2023-2026,0,gor3a/vehicle-makes-models,added_missing
Lexus,LS (UCF30),2000,2000,2000,2,itdiag8-dotcom/database (vivid_cars2000.db),added_from_vivid
Lexus,"LS (UVF4_, USF4_)",2005,2011,2005-2011,9,itdiag8-dotcom/database (vivid_cars2000.db),added_from_vivid
Lexus,LX (URJ201),2006,2011,2006-2011,4,itdiag8-dotcom/database (vivid_cars2000.db),added_from_vivid
Lexus,LX (UZJ100),2001,2002,2001-2002,2,itdiag8-dotcom/database (vivid_cars2000.db),added_from_vivid
Lexus,Ls,2001,2008,2001-2008,5,original_db,existing
Lexus,Lx,2007,2007,2007,1,original_db,existing
Lexus,NX,2014,2026,2014-2026,0,gor3a/vehicle-makes-models,added_missing
Lexus,NX (AYZ1_),2012,2012,2012,2,itdiag8-dotcom/database (vivid_cars2000.db),added_from_vivid
Lexus,RC,2014,2025,2014-2025,0,gor3a/vehicle-makes-models,added_missing
Lexus,"RC (GSC1_, USC1_)",2012,2012,2012,5,itdiag8-dotcom/database (vivid_cars2000.db),added_from_vivid
Lexus,RC F,2014,2025,2014-2025,0,gor3a/vehicle-makes-models,added_missing
Lexus,"RX (GYL1_, GGL15, AGL10)",2007,2011,2007-2011,5,itdiag8-dotcom/database (vivid_cars2000.db),added_from_vivid
Lexus,RX (MCU15),2000,2000,2000,2,itdiag8-dotcom/database (vivid_cars2000.db),added_from_vivid
Lexus,"RX (MHU3_, GSU3_, MCU3_)",2002,2005,2002-2005,5,itdiag8-dotcom/database (vivid_cars2000.db),added_from_vivid
Lexus,RZ,2022,2026,2022-2026,0,gor3a/vehicle-makes-models,added_missing
Lexus,Rx,2006,2006,2006,1,original_db,existing
Lexus,SC,1991,2010,1991-2010,0,gor3a/vehicle-makes-models,added_missing
Lexus,SC (UZZ40_),2001,2001,2001,3,itdiag8-dotcom/database (vivid_cars2000.db),added_from_vivid
Lexus,TX,2023,2026,2023-2026,0,gor3a/vehicle-makes-models,added_missing
Lexus,TZ,2026,2026,2026-2026,0,gor3a/vehicle-makes-models,added_missing
Lexus,UX,2018,2023,2018-2023,0,gor3a/vehicle-makes-models,added_missing
Lincoln,Aviator,2002,2026,2002-2026,0,gor3a/vehicle-makes-models,added_missing
Lincoln,Continental,1958,2020,1958-2020,0,gor3a/vehicle-makes-models,added_missing
Lincoln,Corsair,2019,2026,2019-2026,0,gor3a/vehicle-makes-models,added_missing
Lincoln,LS,1999,2006,1999-2006,0,gor3a/vehicle-makes-models,added_missing
Lincoln,MKC,2014,2019,2014-2019,0,gor3a/vehicle-makes-models,added_missing
Lincoln,MKS,2008,2016,2008-2016,0,gor3a/vehicle-makes-models,added_missing
Lincoln,MKT,2009,2019,2009-2019,0,gor3a/vehicle-makes-models,added_missing
Lincoln,MKX,2006,2018,2006-2018,0,gor3a/vehicle-makes-models,added_missing
Lincoln,MKZ,2006,2020,2006-2020,0,gor3a/vehicle-makes-models,added_missing
Lincoln,Mark LT,2005,2014,2005-2014,0,gor3a/vehicle-makes-models,added_missing
Lincoln,Nautilus,2017,2026,2017-2026,0,gor3a/vehicle-makes-models,added_missing
Lincoln,Navigator,1998,2024,1998-2024,0,gor3a/vehicle-makes-models,added_missing
Lincoln,Navigator L,2006,2024,2006-2024,0,gor3a/vehicle-makes-models,added_missing
Lincoln,Town Car,1998,2011,1998-2011,0,gor3a/vehicle-makes-models,added_missing
Lincoln,Zephyr,1936,2026,1936-2026,0,gor3a/vehicle-makes-models,added_missing
Lotus,2 Eleven,2007,2015,2007-2015,0,gor3a/vehicle-makes-models,added_missing
Lotus,2-Eleven,2008,2012,2008-2012,0,plowman/open-vehicle-db,added_missing
Lotus,3 Eleven,2018,2018,2018-2018,0,gor3a/vehicle-makes-models,added_missing
Lotus,340R,2007,2008,2007-2008,0,plowman/open-vehicle-db,added_missing
Lotus,Cortina,,,,0,DanielKohut/car-data,added_missing
Lotus,Eagle,2008,2009,2008-2009,0,plowman/open-vehicle-db,added_missing
Lotus,Eclat,1981,2008,1981-2008,0,plowman/open-vehicle-db,added_missing
Lotus,Eletre,2022,2026,2022-2026,0,gor3a/vehicle-makes-models,added_missing
Lotus,Eleven,,,,0,DanielKohut/car-data,added_missing
Lotus,Elise,1999,2011,1999-2011,5,original_db,existing
Lotus,Emeya,2023,2026,2023-2026,0,gor3a/vehicle-makes-models,added_missing
Lotus,Emira,2021,2024,2021-2024,0,gor3a/vehicle-makes-models,added_missing
Lotus,Esprit,1976,2004,1976-2004,0,gor3a/vehicle-makes-models,added_missing
Lotus,Europa,2006,2006,2006,1,original_db,existing
Lotus,Evija,2020,2026,2020-2026,0,gor3a/vehicle-makes-models,added_missing
Lotus,Evora,2008,2010,2008-2010,2,original_db,existing
Lotus,Exige,2004,2006,2004-2006,2,original_db,existing
Lotus,MEL,2007,2009,2007-2009,0,plowman/open-vehicle-db,added_missing
Lotus,Monaco,2007,2008,2007-2008,0,plowman/open-vehicle-db,added_missing
Lotus,Monza,2007,2008,2007-2008,0,plowman/open-vehicle-db,added_missing
Lotus,Seven,,,,0,DanielKohut/car-data,added_missing
Lotus,Spa,2007,2008,2007-2008,0,plowman/open-vehicle-db,added_missing
Lotus,Turbo Esprit,1981,2000,1981-2000,0,plowman/open-vehicle-db,added_missing
Lotus,Type 14,,,,0,DanielKohut/car-data,added_missing
Lotus,Type 23,,,,0,DanielKohut/car-data,added_missing
Lotus,Type 25,,,,0,DanielKohut/car-data,added_missing
Lotus,Type 49,,,,0,DanielKohut/car-data,added_missing
Lotus,Type 72,,,,0,DanielKohut/car-data,added_missing
Lotus,Type 79,,,,0,DanielKohut/car-data,added_missing
Lotus,Type 97T,,,,0,DanielKohut/car-data,added_missing
Lotus,Type 99T,,,,0,DanielKohut/car-data,added_missing
Lti Vehicles,Tx4,2006,2006,2006,1,original_db,existing
Luxgen,Luxgen 7,2009,2009,2009,1,original_db,existing
Lynk & Co,01,2017,2026,2017-2026,0,gor3a/vehicle-makes-models,added_missing
Lynk & Co,02,2018,2026,2018-2026,0,gor3a/vehicle-makes-models,added_missing
Lynk & Co,03,2018,2026,2018-2026,0,gor3a/vehicle-makes-models,added_missing
Lynk & Co,05,2020,2026,2020-2026,0,gor3a/vehicle-makes-models,added_missing
Lynk & Co,06,2020,2026,2020-2026,0,gor3a/vehicle-makes-models,added_missing
Lynk & Co,09,2021,2026,2021-2026,0,gor3a/vehicle-makes-models,added_missing
MG,EXPRESS Box,2002,2002,2002,5,itdiag8-dotcom/database (vivid_cars2000.db),added_from_vivid
MG,F/ TF,1995,2005,1995-2005,0,gor3a/vehicle-makes-models,added_missing
MG,GS,2015,2019,2015-2019,0,gor3a/vehicle-makes-models,added_missing
MG,HS,2019,2024,2019-2024,0,gor3a/vehicle-makes-models,added_missing
MG,IM5,2025,2026,2025-2026,0,gor3a/vehicle-makes-models,added_missing
MG,IM6,2025,2026,2025-2026,0,gor3a/vehicle-makes-models,added_missing
MG,MG 3,2013,2026,2013-2026,0,gor3a/vehicle-makes-models,added_missing
MG,MG 4,2022,2026,2022-2026,0,gor3a/vehicle-makes-models,added_missing
MG,MG 5,2021,2026,2021-2026,0,gor3a/vehicle-makes-models,added_missing
MG,MG 6,2011,2016,2011-2016,0,gor3a/vehicle-makes-models,added_missing
MG,MG 6 Hatchback,2009,2011,2009-2011,5,itdiag8-dotcom/database (vivid_cars2000.db),added_from_vivid
MG,MG 6 Saloon,2009,2011,2009-2011,3,itdiag8-dotcom/database (vivid_cars2000.db),added_from_vivid
MG,MG 7,2006,2006,2006,2,itdiag8-dotcom/database (vivid_cars2000.db),added_from_vivid
MG,MG Cyberster,,,,0,DanielKohut/car-data,added_missing
MG,MG HS,,,,0,DanielKohut/car-data,added_missing
MG,MG HS PHEV,,,,0,DanielKohut/car-data,added_missing
MG,MG Marvel R,,,,0,DanielKohut/car-data,added_missing
MG,MG TF,2002,2002,2002,4,itdiag8-dotcom/database (vivid_cars2000.db),added_from_vivid
MG,MG ZR,2001,2002,2001-2002,5,itdiag8-dotcom/database (vivid_cars2000.db),added_from_vivid
MG,MG ZS,,,,0,DanielKohut/car-data,added_missing
MG,MG ZS EV,,,,0,DanielKohut/car-data,added_missing
MG,MG ZS Hatchback,2001,2003,2001-2003,5,itdiag8-dotcom/database (vivid_cars2000.db),added_from_vivid
MG,MG ZT,2001,2003,2001-2003,9,itdiag8-dotcom/database (vivid_cars2000.db),added_from_vivid
MG,MG ZT- T,2001,2003,2001-2003,9,itdiag8-dotcom/database (vivid_cars2000.db),added_from_vivid
MG,MG3,,,,0,DanielKohut/car-data,added_missing
MG,MG5,,,,0,DanielKohut/car-data,added_missing
MG,MG6,,,,0,DanielKohut/car-data,added_missing
MG,MGF (RD),2000,2001,2000-2001,2,itdiag8-dotcom/database (vivid_cars2000.db),added_from_vivid
MG,Marvel R,2021,2026,2021-2026,0,gor3a/vehicle-makes-models,added_missing
MG,S5 EV,2025,2026,2025-2026,0,gor3a/vehicle-makes-models,added_missing
MG,U9,2025,2026,2025-2026,0,gor3a/vehicle-makes-models,added_missing
MG,XPower,2004,2005,2004-2005,0,gor3a/vehicle-makes-models,added_missing
MG,ZR,2001,2005,2001-2005,0,gor3a/vehicle-makes-models,added_missing
MG,ZS,2001,2026,2001-2026,0,gor3a/vehicle-makes-models,added_missing
MG,ZT,2001,2005,2001-2005,0,gor3a/vehicle-makes-models,added_missing
MG,ZT-T,2001,2005,2001-2005,0,gor3a/vehicle-makes-models,added_missing
Mahindra,Armored Light Specialist Vehicle,,,,0,DanielKohut/car-data,added_missing
Mahindra,BE 6,,,,0,DanielKohut/car-data,added_missing
Mahindra,Bolero,2011,2020,2011-2020,0,gor3a/vehicle-makes-models,added_missing
Mahindra,Bolero Neo,,,,0,DanielKohut/car-data,added_missing
Mahindra,Goa,2012,2012,2012,1,original_db,existing
Mahindra,Jeeto,,,,0,DanielKohut/car-data,added_missing
Mahindra,KUV100,,,,0,DanielKohut/car-data,added_missing
Mahindra,Major,,,,0,DanielKohut/car-data,added_missing
Mahindra,Marazzo,,,,0,DanielKohut/car-data,added_missing
Mahindra,Marksman,,,,0,DanielKohut/car-data,added_missing
Mahindra,Maxx,,,,0,DanielKohut/car-data,added_missing
Mahindra,Maxximo,,,,0,DanielKohut/car-data,added_missing
Mahindra,Mine Protected Vehicle,,,,0,DanielKohut/car-data,added_missing
Mahindra,NuvoSport,,,,0,DanielKohut/car-data,added_missing
Mahindra,Roxor,,,,0,DanielKohut/car-data,added_missing
Mahindra,Scorpio,2012,2012,2012,1,original_db,existing
Mahindra,Scorpio / GOA,2002,2014,2002-2014,0,gor3a/vehicle-makes-models,added_missing
Mahindra,Scorpio Getaway,,,,0,DanielKohut/car-data,added_missing
Mahindra,Scorpio N,,,,0,DanielKohut/car-data,added_missing
Mahindra,Thar,2010,2010,2010,1,original_db,existing
Mahindra,Thar Roxx,,,,0,DanielKohut/car-data,added_missing
Mahindra,Verito,2012,2019,2012-2019,0,gor3a/vehicle-makes-models,added_missing
Mahindra,Verito Vibe,,,,0,DanielKohut/car-data,added_missing
Mahindra,XUV 3XO,,,,0,DanielKohut/car-data,added_missing
Mahindra,XUV300,,,,0,DanielKohut/car-data,added_missing
Mahindra,XUV700,,,,0,DanielKohut/car-data,added_missing
Mahindra,Xuv500,2011,2016,2011-2016,2,original_db,existing
Maruti,Alto K10,,,,0,DanielKohut/car-data,added_missing
Maruti,Baleno,,,,0,DanielKohut/car-data,added_missing
Maruti,Brezza,,,,0,DanielKohut/car-data,added_missing
Maruti,Celerio,,,,0,DanielKohut/car-data,added_missing
Maruti,Ciaz,,,,0,DanielKohut/car-data,added_missing
Maruti,Dzire,,,,0,DanielKohut/car-data,added_missing
Maruti,Ertiga,,,,0,DanielKohut/car-data,added_missing
Maruti,Fronx,,,,0,DanielKohut/car-data,added_missing
Maruti,Grand Vitara,,,,0,DanielKohut/car-data,added_missing
Maruti,Ignis,,,,0,DanielKohut/car-data,added_missing
Maruti,Invicto,,,,0,DanielKohut/car-data,added_missing
Maruti,S-Presso,,,,0,DanielKohut/car-data,added_missing
Maruti,Swift,,,,0,DanielKohut/car-data,added_missing
Maruti,Wagon R,,,,0,DanielKohut/car-data,added_missing
Maruti,XL6,,,,0,DanielKohut/car-data,added_missing
Maserati,3200 GT,,,,0,DanielKohut/car-data,added_missing
Maserati,3200 GTA,,,,0,DanielKohut/car-data,added_missing
Maserati,Coupe,1998,2004,1998-2004,0,gor3a/vehicle-makes-models,added_missing
Maserati,Coupe (4200 Gt),2002,2002,2002,4,original_db,existing
Maserati,Coupé,,,,0,DanielKohut/car-data,added_missing
Maserati,GHIBLI (M157),2012,2012,2012,2,itdiag8-dotcom/database (vivid_cars2000.db),added_from_vivid
Maserati,GRAN TURISMO,2007,2012,2007-2012,7,itdiag8-dotcom/database (vivid_cars2000.db),added_from_vivid
Maserati,GRANSPORT Convertible,2003,2003,2003,4,itdiag8-dotcom/database (vivid_cars2000.db),added_from_vivid
Maserati,GRANSPORT Coupe,2003,2003,2003,1,itdiag8-dotcom/database (vivid_cars2000.db),added_from_vivid
Maserati,GT2 Stradale,2024,2026,2024-2026,0,gor3a/vehicle-makes-models,added_missing
Maserati,Ghibli,2013,2013,2013,5,original_db,existing
Maserati,Ghibli III,,,,0,DanielKohut/car-data,added_missing
Maserati,Ghibli III Diesel,,,,0,DanielKohut/car-data,added_missing
Maserati,Ghibli III S,,,,0,DanielKohut/car-data,added_missing
Maserati,GranCabrio II,,,,0,DanielKohut/car-data,added_missing
Maserati,GranSport Spyder,,,,0,DanielKohut/car-data,added_missing
Maserati,GranTurismo II,,,,0,DanielKohut/car-data,added_missing
Maserati,GranTurismo S,,,,0,DanielKohut/car-data,added_missing
Maserati,Grancabrio,2010,2013,2010-2013,6,original_db,existing
Maserati,Gransport,2004,2006,2004-2006,8,original_db,existing
Maserati,Granturismo,2007,2012,2007-2012,15,original_db,existing
Maserati,Grecale,2022,2026,2022-2026,0,gor3a/vehicle-makes-models,added_missing
Maserati,Grecale Trofeo,2022,2026,2022-2026,0,gor3a/vehicle-makes-models,added_missing
Maserati,Levante,2016,2026,2016-2026,0,gor3a/vehicle-makes-models,added_missing
Maserati,Levante Hybrid,,,,0,DanielKohut/car-data,added_missing
Maserati,MC 12,2004,2005,2004-2005,0,gor3a/vehicle-makes-models,added_missing
Maserati,MC12,,,,0,DanielKohut/car-data,added_missing
Maserati,MC20,2020,2026,2020-2026,0,gor3a/vehicle-makes-models,added_missing
Maserati,MC20 Cielo,,,,0,DanielKohut/car-data,added_missing
Maserati,MCPura,2025,2026,2025-2026,0,gor3a/vehicle-makes-models,added_missing
Maserati,MCPura Cielo,2025,2026,2025-2026,0,gor3a/vehicle-makes-models,added_missing
Maserati,QUATTROPORTE VI,2011,2012,2011-2012,5,itdiag8-dotcom/database (vivid_cars2000.db),added_from_vivid
Maserati,Quattroporte,2004,2014,2004-2014,31,original_db,existing
Maserati,Quattroporte Sport GT S,2009,2013,2009-2013,0,gor3a/vehicle-makes-models,added_missing
Maserati,Quattroporte V,,,,0,DanielKohut/car-data,added_missing
Maserati,Quattroporte V S,,,,0,DanielKohut/car-data,added_missing
Maserati,Quattroporte V6 Evoluzione,,,,0,DanielKohut/car-data,added_missing
Maserati,Quattroporte V8 Evoluzione,,,,0,DanielKohut/car-data,added_missing
Maserati,Quattroporte VI Diesel,,,,0,DanielKohut/car-data,added_missing
Maserati,Quattroporte VI GTS,,,,0,DanielKohut/car-data,added_missing
Maserati,Quattroporte VI S,,,,0,DanielKohut/car-data,added_missing
Maserati,SPYDER Coupe,2002,2004,2002-2004,4,itdiag8-dotcom/database (vivid_cars2000.db),added_from_vivid
Maserati,Spyder,2001,2007,2001-2007,0,gor3a/vehicle-makes-models,added_missing
Maserati,Spyder (4200 Gt),2001,2006,2001-2006,7,original_db,existing
Mazda,2,2002,2015,2002-2015,9,original_db,existing
Mazda,2 (DE),2006,2010,2006-2010,7,itdiag8-dotcom/database (vivid_cars2000.db),added_from_vivid
Mazda,2 (DY),2002,2002,2002,7,itdiag8-dotcom/database (vivid_cars2000.db),added_from_vivid
Mazda,2 / Demio,2002,2026,2002-2026,0,gor3a/vehicle-makes-models,added_missing
Mazda,2 Saloon (DE),2009,2009,2009,1,itdiag8-dotcom/database (vivid_cars2000.db),added_from_vivid
Mazda,3,2003,2016,2003-2016,20,original_db,existing
Mazda,3 (BK),2003,2005,2003-2005,10,itdiag8-dotcom/database (vivid_cars2000.db),added_from_vivid
Mazda,3 (BL),2007,2009,2007-2009,13,itdiag8-dotcom/database (vivid_cars2000.db),added_from_vivid
Mazda,3 (BM),2012,2013,2012-2013,9,itdiag8-dotcom/database (vivid_cars2000.db),added_from_vivid
Mazda,3 / Axela,2004,2026,2004-2026,0,gor3a/vehicle-makes-models,added_missing
Mazda,3 MPS / MAZDASPEED 3,2006,2013,2006-2013,0,gor3a/vehicle-makes-models,added_missing
Mazda,3 Saloon (BK),2000,2005,2000-2005,7,itdiag8-dotcom/database (vivid_cars2000.db),added_from_vivid
Mazda,3 Saloon (BL),2007,2009,2007-2009,9,itdiag8-dotcom/database (vivid_cars2000.db),added_from_vivid
Mazda,3 Saloon (BM),2012,2013,2012-2013,6,itdiag8-dotcom/database (vivid_cars2000.db),added_from_vivid
Mazda,323 F VI (BJ),2001,2001,2001,6,itdiag8-dotcom/database (vivid_cars2000.db),added_from_vivid
Mazda,323 S VI (BJ),2000,2001,2000-2001,7,itdiag8-dotcom/database (vivid_cars2000.db),added_from_vivid
Mazda,5,2005,2010,2005-2010,5,original_db,existing
Mazda,5 (CR19),2004,2004,2004,5,itdiag8-dotcom/database (vivid_cars2000.db),added_from_vivid
Mazda,5 (CW),2009,2012,2009-2012,3,itdiag8-dotcom/database (vivid_cars2000.db),added_from_vivid
Mazda,5 / Premacy,2005,2013,2005-2013,0,gor3a/vehicle-makes-models,added_missing
Mazda,6,2004,2015,2004-2015,15,original_db,existing
Mazda,6 (GG),2002,2006,2002-2006,11,itdiag8-dotcom/database (vivid_cars2000.db),added_from_vivid
Mazda,6 (GH),2006,2009,2006-2009,9,itdiag8-dotcom/database (vivid_cars2000.db),added_from_vivid
Mazda,6 / Atenza,2002,2019,2002-2019,0,gor3a/vehicle-makes-models,added_missing
Mazda,6 Estate (GH),2007,2009,2007-2009,9,itdiag8-dotcom/database (vivid_cars2000.db),added_from_vivid
Mazda,"6 Estate (GJ, GH)",2011,2012,2011-2012,7,itdiag8-dotcom/database (vivid_cars2000.db),added_from_vivid
Mazda,6 Hatchback (GG),2002,2006,2002-2006,11,itdiag8-dotcom/database (vivid_cars2000.db),added_from_vivid
Mazda,6 Hatchback (GH),2006,2009,2006-2009,9,itdiag8-dotcom/database (vivid_cars2000.db),added_from_vivid
Mazda,"6 Saloon (GJ, GH)",2011,2012,2011-2012,5,itdiag8-dotcom/database (vivid_cars2000.db),added_from_vivid
Mazda,6 Station Wagon (GY),2002,2004,2002-2004,9,itdiag8-dotcom/database (vivid_cars2000.db),added_from_vivid
Mazda,626,1988,2002,1988-2002,0,gor3a/vehicle-makes-models,added_missing
Mazda,626 V Station Wagon (GW),2000,2000,2000,1,itdiag8-dotcom/database (vivid_cars2000.db),added_from_vivid
Mazda,6e,2025,2026,2025-2026,0,gor3a/vehicle-makes-models,added_missing
Mazda,Atenza,2014,2014,2014,1,original_db,existing
Mazda,Axela,2004,2004,2004,1,original_db,existing
Mazda,B Series / Bravo Dual Cab,1999,2006,1999-2006,0,gor3a/vehicle-makes-models,added_missing
Mazda,B Series / Bravo Freestyle Cab,1999,2006,1999-2006,0,gor3a/vehicle-makes-models,added_missing
Mazda,B-SERIE (UN),2000,2002,2000-2002,1,itdiag8-dotcom/database (vivid_cars2000.db),added_from_vivid
Mazda,B-Series,1981,2010,1981-2010,0,plowman/open-vehicle-db,added_missing
Mazda,"BT-50 (CD, UN)",2005,2005,2005,2,itdiag8-dotcom/database (vivid_cars2000.db),added_from_vivid
Mazda,"BT-50 Platform/Chassis (CD, UN)",2005,2005,2005,2,itdiag8-dotcom/database (vivid_cars2000.db),added_from_vivid
Mazda,Biante,2008,2018,2008-2018,0,gor3a/vehicle-makes-models,added_missing
Mazda,Bongo,2001,2001,2001,1,original_db,existing
Mazda,Bt-50,2006,2006,2006,1,original_db,existing
Mazda,Bt2500,2001,2004,2001-2004,2,original_db,existing
Mazda,CX-30,2019,2026,2019-2026,0,gor3a/vehicle-makes-models,added_missing
Mazda,"CX-5 (KE, GH)",2010,2012,2010-2012,8,itdiag8-dotcom/database (vivid_cars2000.db),added_from_vivid
Mazda,CX-50,2021,2026,2021-2026,0,gor3a/vehicle-makes-models,added_missing
Mazda,CX-60,2022,2026,2022-2026,0,gor3a/vehicle-makes-models,added_missing
Mazda,CX-6e,2026,2026,2026-2026,0,gor3a/vehicle-makes-models,added_missing
Mazda,CX-7 (ER),2005,2011,2005-2011,6,itdiag8-dotcom/database (vivid_cars2000.db),added_from_vivid
Mazda,CX-70,2024,2026,2024-2026,0,gor3a/vehicle-makes-models,added_missing
Mazda,CX-8,2017,2023,2017-2023,0,gor3a/vehicle-makes-models,added_missing
Mazda,CX-80,2024,2026,2024-2026,0,gor3a/vehicle-makes-models,added_missing
Mazda,CX-9,2007,2024,2007-2024,0,gor3a/vehicle-makes-models,added_missing
Mazda,CX-9 (TB),2006,2006,2006,1,itdiag8-dotcom/database (vivid_cars2000.db),added_from_vivid
Mazda,CX-90,2023,2026,2023-2026,0,gor3a/vehicle-makes-models,added_missing
Mazda,Cx-3,2016,2016,2016,1,original_db,existing
Mazda,Cx-5,2012,2012,2012,4,original_db,existing
Mazda,Cx-7,2005,2009,2005-2009,2,original_db,existing
Mazda,DEMIO (DW),2000,2000,2000,1,itdiag8-dotcom/database (vivid_cars2000.db),added_from_vivid
Mazda,E-SERIE Box (SG),2002,2003,2002-2003,2,itdiag8-dotcom/database (vivid_cars2000.db),added_from_vivid
Mazda,FIGHTER Pickup,2002,2002,2002,1,itdiag8-dotcom/database (vivid_cars2000.db),added_from_vivid
Mazda,Flair,2012,2017,2012-2017,0,gor3a/vehicle-makes-models,added_missing
Mazda,Flairwagon,2012,2013,2012-2013,0,gor3a/vehicle-makes-models,added_missing
Mazda,MPV,1989,2006,1989-2006,0,plowman/open-vehicle-db,added_missing
Mazda,MPV II (LW),2000,2002,2000-2002,4,itdiag8-dotcom/database (vivid_cars2000.db),added_from_vivid
Mazda,MPV III (LY),2005,2005,2005,1,itdiag8-dotcom/database (vivid_cars2000.db),added_from_vivid
Mazda,MX-30,2019,2026,2019-2026,0,gor3a/vehicle-makes-models,added_missing
Mazda,MX-5 / Miata,1989,2026,1989-2026,0,gor3a/vehicle-makes-models,added_missing
Mazda,MX-5 II (NB),2000,2002,2000-2002,4,itdiag8-dotcom/database (vivid_cars2000.db),added_from_vivid
Mazda,MX-5 III (NC),2004,2004,2004,4,itdiag8-dotcom/database (vivid_cars2000.db),added_from_vivid
Mazda,Mazda BT-50,,,,0,DanielKohut/car-data,added_missing
Mazda,Mazda CX-30,,,,0,DanielKohut/car-data,added_missing
Mazda,Mazda CX-5,,,,0,DanielKohut/car-data,added_missing
Mazda,Mazda CX-50,,,,0,DanielKohut/car-data,added_missing
Mazda,Mazda CX-50 Hybrid,,,,0,DanielKohut/car-data,added_missing
Mazda,Mazda CX-70,,,,0,DanielKohut/car-data,added_missing
Mazda,Mazda CX-70 PHEV,,,,0,DanielKohut/car-data,added_missing
Mazda,Mazda CX-90,,,,0,DanielKohut/car-data,added_missing
Mazda,Mazda CX-90 PHEV,,,,0,DanielKohut/car-data,added_missing
Mazda,Mazda MX-30 EV,,,,0,DanielKohut/car-data,added_missing
Mazda,Mazda MX-5 Miata,,,,0,DanielKohut/car-data,added_missing
Mazda,Mazda RX-7,,,,0,DanielKohut/car-data,added_missing
Mazda,Mazda RX-8,,,,0,DanielKohut/car-data,added_missing
Mazda,Mazda2,,,,0,DanielKohut/car-data,added_missing
Mazda,Mazda3,2004,2027,2004-2027,0,plowman/open-vehicle-db,added_missing
Mazda,Mazda3 Hatchback,,,,0,DanielKohut/car-data,added_missing
Mazda,Mazda3 Sedan,,,,0,DanielKohut/car-data,added_missing
Mazda,Mazda5,,,,0,DanielKohut/car-data,added_missing
Mazda,Mazda6,,,,0,DanielKohut/car-data,added_missing
Mazda,Millenia,1995,2002,1995-2002,0,plowman/open-vehicle-db,added_missing
Mazda,Mx-5,2006,2016,2006-2016,3,original_db,existing
Mazda,PREMACY (CP),2000,2004,2000-2004,6,itdiag8-dotcom/database (vivid_cars2000.db),added_from_vivid
Mazda,Protege,2001,2001,2001,1,original_db,existing
Mazda,RX 8 (SE17),2003,2003,2003,3,itdiag8-dotcom/database (vivid_cars2000.db),added_from_vivid
Mazda,RX-7,1970,2002,1970-2002,0,gor3a/vehicle-makes-models,added_missing
Mazda,Rx-8,2003,2003,2003,3,original_db,existing
Mazda,TRIBUTE (EP),2000,2005,2000-2005,5,itdiag8-dotcom/database (vivid_cars2000.db),added_from_vivid
Mazda,Tribute,2005,2005,2005,1,original_db,existing
Mazda,Verisa,2004,2015,2004-2015,0,gor3a/vehicle-makes-models,added_missing
Mazda,XEDOS 9 (TA),2000,2000,2000,1,itdiag8-dotcom/database (vivid_cars2000.db),added_from_vivid
Mazda,Xedos 9,1993,2002,1993-2002,0,gor3a/vehicle-makes-models,added_missing
McLaren,12C GT Sprint,2013,2014,2013-2014,0,gor3a/vehicle-makes-models,added_missing
McLaren,540C,2015,2021,2015-2021,0,gor3a/vehicle-makes-models,added_missing
McLaren,570GT,2016,2021,2016-2021,0,gor3a/vehicle-makes-models,added_missing
McLaren,570S,2015,2021,2015-2021,0,gor3a/vehicle-makes-models,added_missing
McLaren,600LT,2018,2020,2018-2020,0,gor3a/vehicle-makes-models,added_missing
McLaren,600LT Spider,,,,0,DanielKohut/car-data,added_missing
McLaren,620R,2019,2021,2019-2021,0,gor3a/vehicle-makes-models,added_missing
McLaren,625C,2009,2021,2009-2021,0,plowman/open-vehicle-db,added_missing
McLaren,650S,2014,2017,2014-2017,0,gor3a/vehicle-makes-models,added_missing
McLaren,650S Spider,,,,0,DanielKohut/car-data,added_missing
McLaren,675LT,2015,2017,2015-2017,0,gor3a/vehicle-makes-models,added_missing
McLaren,675LT Spider,,,,0,DanielKohut/car-data,added_missing
McLaren,720S,2017,2023,2017-2023,0,gor3a/vehicle-makes-models,added_missing
McLaren,750S,2023,2026,2023-2026,0,gor3a/vehicle-makes-models,added_missing
McLaren,750S Spider,,,,0,DanielKohut/car-data,added_missing
McLaren,765LT,2020,2026,2020-2026,0,gor3a/vehicle-makes-models,added_missing
McLaren,765LT Spider,,,,0,DanielKohut/car-data,added_missing
McLaren,Artura,2021,2026,2021-2026,0,gor3a/vehicle-makes-models,added_missing
McLaren,Artura Spider,,,,0,DanielKohut/car-data,added_missing
McLaren,Elva,2020,2026,2020-2026,0,gor3a/vehicle-makes-models,added_missing
McLaren,GT,2019,2023,2019-2023,0,gor3a/vehicle-makes-models,added_missing
McLaren,GTS,2023,2026,2023-2026,0,gor3a/vehicle-makes-models,added_missing
McLaren,MP4-12C Spider,,,,0,DanielKohut/car-data,added_missing
McLaren,Mp4-12C,2011,2012,2011-2012,2,original_db,existing
McLaren,P1,2013,2015,2013-2015,0,gor3a/vehicle-makes-models,added_missing
McLaren,SENNA GTR,2017,2021,2017-2021,0,plowman/open-vehicle-db,added_missing
McLaren,Senna,2018,2020,2018-2020,0,gor3a/vehicle-makes-models,added_missing
McLaren,Speedtail,2018,2026,2018-2026,0,gor3a/vehicle-makes-models,added_missing
Mercedes,A,1998,2012,1998-2012,17,original_db,existing
Mercedes,A-CLASS (W168),,,,4,itdiag8-dotcom/database (vivid_cars2000.db),added_from_vivid
Mercedes,A-CLASS (W169),,,,11,itdiag8-dotcom/database (vivid_cars2000.db),added_from_vivid
Mercedes,A-CLASS (W176),,,,12,itdiag8-dotcom/database (vivid_cars2000.db),added_from_vivid
Mercedes,AMG GT / GT S (C190),,,,2,itdiag8-dotcom/database (vivid_cars2000.db),added_from_vivid
Mercedes,B,2005,2011,2005-2011,9,original_db,existing
Mercedes,B-CLASS (W245),,,,10,itdiag8-dotcom/database (vivid_cars2000.db),added_from_vivid
Mercedes,"B-CLASS (W246, W242)",,,,14,itdiag8-dotcom/database (vivid_cars2000.db),added_from_vivid
Mercedes,C,1996,2015,1996-2015,59,original_db,existing
Mercedes,C-CLASS (W203),,,,28,itdiag8-dotcom/database (vivid_cars2000.db),added_from_vivid
Mercedes,C-CLASS (W204),,,,41,itdiag8-dotcom/database (vivid_cars2000.db),added_from_vivid
Mercedes,C-CLASS (W205),,,,14,itdiag8-dotcom/database (vivid_cars2000.db),added_from_vivid
Mercedes,C-CLASS Coupe (C204),,,,12,itdiag8-dotcom/database (vivid_cars2000.db),added_from_vivid
Mercedes,C-CLASS Coupe (CL203),,,,17,itdiag8-dotcom/database (vivid_cars2000.db),added_from_vivid
Mercedes,C-CLASS Estate (S202),,,,3,itdiag8-dotcom/database (vivid_cars2000.db),added_from_vivid
Mercedes,C-CLASS T-Model (S203),,,,30,itdiag8-dotcom/database (vivid_cars2000.db),added_from_vivid
Mercedes,C-CLASS T-Model (S204),,,,41,itdiag8-dotcom/database (vivid_cars2000.db),added_from_vivid
Mercedes,C-CLASS T-Model (S205),,,,16,itdiag8-dotcom/database (vivid_cars2000.db),added_from_vivid
Mercedes,CITAN Box (415),,,,4,itdiag8-dotcom/database (vivid_cars2000.db),added_from_vivid
Mercedes,CITAN Combi (415),,,,5,itdiag8-dotcom/database (vivid_cars2000.db),added_from_vivid
Mercedes,CITAN Mixto (415),,,,2,itdiag8-dotcom/database (vivid_cars2000.db),added_from_vivid
Mercedes,CLA Coupe (C117),,,,12,itdiag8-dotcom/database (vivid_cars2000.db),added_from_vivid
Mercedes,CLA Shooting Brake (X117),,,,6,itdiag8-dotcom/database (vivid_cars2000.db),added_from_vivid
Mercedes,CLC-CLASS (CL203),,,,8,itdiag8-dotcom/database (vivid_cars2000.db),added_from_vivid
Mercedes,CLK (C208),,,,2,itdiag8-dotcom/database (vivid_cars2000.db),added_from_vivid
Mercedes,CLK (C209),,,,19,itdiag8-dotcom/database (vivid_cars2000.db),added_from_vivid
Mercedes,CLK Convertible (A208),,,,4,itdiag8-dotcom/database (vivid_cars2000.db),added_from_vivid
Mercedes,CLK Convertible (A209),,,,13,itdiag8-dotcom/database (vivid_cars2000.db),added_from_vivid
Mercedes,CLS (C218),,,,19,itdiag8-dotcom/database (vivid_cars2000.db),added_from_vivid
Mercedes,CLS (C219),,,,13,itdiag8-dotcom/database (vivid_cars2000.db),added_from_vivid
Mercedes,CLS Shooting Brake (X218),,,,16,itdiag8-dotcom/database (vivid_cars2000.db),added_from_vivid
Mercedes,Citan,2012,2013,2012-2013,3,original_db,existing
Mercedes,Cl,1999,2010,1999-2010,12,original_db,existing
Mercedes,Cla,2012,2013,2012-2013,3,original_db,existing
Mercedes,Clc,2008,2009,2008-2009,7,original_db,existing
Mercedes,Clk,1997,2007,1997-2007,20,original_db,existing
Mercedes,Cls,2004,2014,2004-2014,17,original_db,existing
Mercedes,E,1995,2014,1995-2014,65,original_db,existing
Mercedes,E-CLASS (W210),,,,3,itdiag8-dotcom/database (vivid_cars2000.db),added_from_vivid
Mercedes,E-CLASS (W211),,,,40,itdiag8-dotcom/database (vivid_cars2000.db),added_from_vivid
Mercedes,E-CLASS (W212),,,,46,itdiag8-dotcom/database (vivid_cars2000.db),added_from_vivid
Mercedes,E-CLASS Convertible (A207),,,,23,itdiag8-dotcom/database (vivid_cars2000.db),added_from_vivid
Mercedes,E-CLASS Coupe (C207),,,,24,itdiag8-dotcom/database (vivid_cars2000.db),added_from_vivid
Mercedes,E-CLASS Estate (S210),,,,4,itdiag8-dotcom/database (vivid_cars2000.db),added_from_vivid
Mercedes,E-CLASS T-Model (S211),,,,34,itdiag8-dotcom/database (vivid_cars2000.db),added_from_vivid
Mercedes,E-CLASS T-Model (S212),,,,38,itdiag8-dotcom/database (vivid_cars2000.db),added_from_vivid
Mercedes,G,1997,2015,1997-2015,15,original_db,existing
Mercedes,G-CLASS (W461),,,,3,itdiag8-dotcom/database (vivid_cars2000.db),added_from_vivid
Mercedes,G-CLASS (W463),,,,11,itdiag8-dotcom/database (vivid_cars2000.db),added_from_vivid
Mercedes,G-CLASS Cabrio (W463),,,,4,itdiag8-dotcom/database (vivid_cars2000.db),added_from_vivid
Mercedes,GL-CLASS (X164),,,,8,itdiag8-dotcom/database (vivid_cars2000.db),added_from_vivid
Mercedes,GL-CLASS (X166),,,,4,itdiag8-dotcom/database (vivid_cars2000.db),added_from_vivid
Mercedes,GLA-CLASS (X156),,,,8,itdiag8-dotcom/database (vivid_cars2000.db),added_from_vivid
Mercedes,GLK-CLASS (X204),,,,20,itdiag8-dotcom/database (vivid_cars2000.db),added_from_vivid
Mercedes,Gl,2006,2013,2006-2013,9,original_db,existing
Mercedes,Gla,2014,2014,2014,1,original_db,existing
Mercedes,Glk,2008,2012,2008-2012,13,original_db,existing
Mercedes,Gt,2015,2015,2015,1,original_db,existing
Mercedes,Gt-S,2015,2015,2015,1,original_db,existing
Mercedes,M,1997,2014,1997-2014,24,original_db,existing
Mercedes,M-CLASS (W163),,,,6,itdiag8-dotcom/database (vivid_cars2000.db),added_from_vivid
Mercedes,M-CLASS (W164),,,,15,itdiag8-dotcom/database (vivid_cars2000.db),added_from_vivid
Mercedes,M-CLASS (W166),,,,9,itdiag8-dotcom/database (vivid_cars2000.db),added_from_vivid
Mercedes,MERCEDES BENZ A-Class,2018,2023,2018-2023,0,gor3a/vehicle-makes-models,added_missing
Mercedes,MERCEDES BENZ A-Klasse,1997,2026,1997-2026,0,gor3a/vehicle-makes-models,added_missing
Mercedes,MERCEDES BENZ A-Klasse AMG,2013,2015,2013-2015,0,gor3a/vehicle-makes-models,added_missing
Mercedes,MERCEDES BENZ A-Klasse Saloon,2022,2026,2022-2026,0,gor3a/vehicle-makes-models,added_missing
Mercedes,MERCEDES BENZ B-Klasse,2005,2026,2005-2026,0,gor3a/vehicle-makes-models,added_missing
Mercedes,MERCEDES BENZ C-Class,2016,2022,2016-2022,0,gor3a/vehicle-makes-models,added_missing
Mercedes,MERCEDES BENZ C-Class EV,2026,2026,2026-2026,0,gor3a/vehicle-makes-models,added_missing
Mercedes,MERCEDES BENZ C-Klasse,2011,2018,2011-2018,0,gor3a/vehicle-makes-models,added_missing
Mercedes,MERCEDES BENZ C-Klasse AMG,1984,2015,1984-2015,0,gor3a/vehicle-makes-models,added_missing
Mercedes,MERCEDES BENZ C-Klasse All-Terrain,2021,2026,2021-2026,0,gor3a/vehicle-makes-models,added_missing
Mercedes,MERCEDES BENZ C-Klasse Coupe AMG,2011,2016,2011-2016,0,gor3a/vehicle-makes-models,added_missing
Mercedes,MERCEDES BENZ C-Klasse SportCoupe AMG,2002,2004,2002-2004,0,gor3a/vehicle-makes-models,added_missing
Mercedes,MERCEDES BENZ C-Klasse SportCoupe/CLC,2000,2011,2000-2011,0,gor3a/vehicle-makes-models,added_missing
Mercedes,MERCEDES BENZ C-Klasse T-Modell,1996,2026,1996-2026,0,gor3a/vehicle-makes-models,added_missing
Mercedes,MERCEDES BENZ C-Klasse T-Modell AMG,2004,2007,2004-2007,0,gor3a/vehicle-makes-models,added_missing
Mercedes,MERCEDES BENZ C-Klasse and predecessors,1982,2026,1982-2026,0,gor3a/vehicle-makes-models,added_missing
Mercedes,MERCEDES BENZ CL AMG,2000,2014,2000-2014,0,gor3a/vehicle-makes-models,added_missing
Mercedes,MERCEDES BENZ CL-Klasse and predecessors,1952,2014,1952-2014,0,gor3a/vehicle-makes-models,added_missing
Mercedes,MERCEDES BENZ CLA 45,2013,2016,2013-2016,0,gor3a/vehicle-makes-models,added_missing
Mercedes,MERCEDES BENZ CLA Klasse,2013,2026,2013-2026,0,gor3a/vehicle-makes-models,added_missing
Mercedes,MERCEDES BENZ CLA Shooting Brake,2015,2026,2015-2026,0,gor3a/vehicle-makes-models,added_missing
Mercedes,MERCEDES BENZ CLE,2023,2026,2023-2026,0,gor3a/vehicle-makes-models,added_missing
Mercedes,MERCEDES BENZ CLK AMG,1999,2009,1999-2009,0,gor3a/vehicle-makes-models,added_missing
Mercedes,MERCEDES BENZ CLK AMG Cabrio,2000,2009,2000-2009,0,gor3a/vehicle-makes-models,added_missing
Mercedes,MERCEDES BENZ CLS AMG,2004,2018,2004-2018,0,gor3a/vehicle-makes-models,added_missing
Mercedes,MERCEDES BENZ CLS Shooting Brake,2012,2017,2012-2017,0,gor3a/vehicle-makes-models,added_missing
Mercedes,MERCEDES BENZ CLS Shooting Brake AMG,2014,2018,2014-2018,0,gor3a/vehicle-makes-models,added_missing
Mercedes,MERCEDES BENZ CLS-Klasse,2004,2026,2004-2026,0,gor3a/vehicle-makes-models,added_missing
Mercedes,MERCEDES BENZ Citan,2021,2026,2021-2026,0,gor3a/vehicle-makes-models,added_missing
Mercedes,MERCEDES BENZ E-Class T-Modell All-Terrain,2017,2026,2017-2026,0,gor3a/vehicle-makes-models,added_missing
Mercedes,MERCEDES BENZ E-Klasse AMG,1996,2016,1996-2016,0,gor3a/vehicle-makes-models,added_missing
Mercedes,MERCEDES BENZ E-Klasse Cabriolet and predecessors,1992,2024,1992-2024,0,gor3a/vehicle-makes-models,added_missing
Mercedes,MERCEDES BENZ E-Klasse Coupe and predecessors,1969,2020,1969-2020,0,gor3a/vehicle-makes-models,added_missing
Mercedes,MERCEDES BENZ E-Klasse T-Modell,1965,2020,1965-2020,0,gor3a/vehicle-makes-models,added_missing
Mercedes,MERCEDES BENZ E-Klasse T-Modell AMG,2004,2017,2004-2017,0,gor3a/vehicle-makes-models,added_missing
Mercedes,MERCEDES BENZ E-Klasse and predecessors,1946,2026,1946-2026,0,gor3a/vehicle-makes-models,added_missing
Mercedes,MERCEDES BENZ EQA,2021,2026,2021-2026,0,gor3a/vehicle-makes-models,added_missing
Mercedes,MERCEDES BENZ EQB,2021,2026,2021-2026,0,gor3a/vehicle-makes-models,added_missing
Mercedes,MERCEDES BENZ EQC,2019,2023,2019-2023,0,gor3a/vehicle-makes-models,added_missing
Mercedes,MERCEDES BENZ EQE,2021,2026,2021-2026,0,gor3a/vehicle-makes-models,added_missing
Mercedes,MERCEDES BENZ EQE SUV,2022,2026,2022-2026,0,gor3a/vehicle-makes-models,added_missing
Mercedes,MERCEDES BENZ EQS,2021,2026,2021-2026,0,gor3a/vehicle-makes-models,added_missing
Mercedes,MERCEDES BENZ EQS SUV,2022,2026,2022-2026,0,gor3a/vehicle-makes-models,added_missing
Mercedes,MERCEDES BENZ EQS SUV Maybach,2023,2026,2023-2026,0,gor3a/vehicle-makes-models,added_missing
Mercedes,MERCEDES BENZ EQT,2023,2026,2023-2026,0,gor3a/vehicle-makes-models,added_missing
Mercedes,MERCEDES BENZ EQV,2019,2023,2019-2023,0,gor3a/vehicle-makes-models,added_missing
Mercedes,MERCEDES BENZ G-Klasse,1979,2026,1979-2026,0,gor3a/vehicle-makes-models,added_missing
Mercedes,MERCEDES BENZ G-Klasse AMG,1999,2018,1999-2018,0,gor3a/vehicle-makes-models,added_missing
Mercedes,MERCEDES BENZ G-Klasse Kurz,1979,2012,1979-2012,0,gor3a/vehicle-makes-models,added_missing
Mercedes,MERCEDES BENZ GL-Klasse,2006,2016,2006-2016,0,gor3a/vehicle-makes-models,added_missing
Mercedes,MERCEDES BENZ GL-Klasse AMG,2012,2016,2012-2016,0,gor3a/vehicle-makes-models,added_missing
Mercedes,MERCEDES BENZ GLA,2013,2026,2013-2026,0,gor3a/vehicle-makes-models,added_missing
Mercedes,MERCEDES BENZ GLB,2019,2026,2019-2026,0,gor3a/vehicle-makes-models,added_missing
Mercedes,MERCEDES BENZ GLC Class,2015,2026,2015-2026,0,gor3a/vehicle-makes-models,added_missing
Mercedes,MERCEDES BENZ GLE-Class,2015,2026,2015-2026,0,gor3a/vehicle-makes-models,added_missing
Mercedes,MERCEDES BENZ GLK-Klasse,2008,2016,2008-2016,0,gor3a/vehicle-makes-models,added_missing
Mercedes,MERCEDES BENZ GLS Maybach,2020,2026,2020-2026,0,gor3a/vehicle-makes-models,added_missing
Mercedes,MERCEDES BENZ GLS-Class,2016,2026,2016-2026,0,gor3a/vehicle-makes-models,added_missing
Mercedes,MERCEDES BENZ M-Klasse,1997,2015,1997-2015,0,gor3a/vehicle-makes-models,added_missing
Mercedes,MERCEDES BENZ M-Klasse AMG,1999,2015,1999-2015,0,gor3a/vehicle-makes-models,added_missing
Mercedes,MERCEDES BENZ Maybach EQS SUV,2023,2026,2023-2026,0,gor3a/vehicle-makes-models,added_missing
Mercedes,MERCEDES BENZ Pullman,1930,2020,1930-2020,0,gor3a/vehicle-makes-models,added_missing
Mercedes,MERCEDES BENZ R-Klasse,2005,2013,2005-2013,0,gor3a/vehicle-makes-models,added_missing
Mercedes,MERCEDES BENZ R-Klasse AMG,2006,2008,2006-2008,0,gor3a/vehicle-makes-models,added_missing
Mercedes,MERCEDES BENZ R-Klasse Lang,2005,2013,2005-2013,0,gor3a/vehicle-makes-models,added_missing
Mercedes,MERCEDES BENZ S-Class,1952,2020,1952-2020,0,gor3a/vehicle-makes-models,added_missing
Mercedes,MERCEDES BENZ S-Class Coupe AMG,2014,2017,2014-2017,0,gor3a/vehicle-makes-models,added_missing
Mercedes,MERCEDES BENZ S-Class Maybach,2015,2026,2015-2026,0,gor3a/vehicle-makes-models,added_missing
Mercedes,MERCEDES BENZ S-Klasse,2014,2020,2014-2020,0,gor3a/vehicle-makes-models,added_missing
Mercedes,MERCEDES BENZ S-Klasse AMG,1999,2017,1999-2017,0,gor3a/vehicle-makes-models,added_missing
Mercedes,MERCEDES BENZ S-Klasse and predecessors,1951,2026,1951-2026,0,gor3a/vehicle-makes-models,added_missing
Mercedes,MERCEDES BENZ SL AMG,1999,2019,1999-2019,0,gor3a/vehicle-makes-models,added_missing
Mercedes,MERCEDES BENZ SL Monogram Maybach,2025,2026,2025-2026,0,gor3a/vehicle-makes-models,added_missing
Mercedes,MERCEDES BENZ SL-Klasse,1954,2020,1954-2020,0,gor3a/vehicle-makes-models,added_missing
Mercedes,MERCEDES BENZ SLC-Class,2016,2020,2016-2020,0,gor3a/vehicle-makes-models,added_missing
Mercedes,MERCEDES BENZ SLK AMG,2000,2016,2000-2016,0,gor3a/vehicle-makes-models,added_missing
Mercedes,MERCEDES BENZ SLK-Klasse,1955,2016,1955-2016,0,gor3a/vehicle-makes-models,added_missing
Mercedes,MERCEDES BENZ SLR McLaren,2003,2009,2003-2009,0,gor3a/vehicle-makes-models,added_missing
Mercedes,MERCEDES BENZ SLS AMG,2010,2015,2010-2015,0,gor3a/vehicle-makes-models,added_missing
Mercedes,MERCEDES BENZ T-Class,2022,2026,2022-2026,0,gor3a/vehicle-makes-models,added_missing
Mercedes,MERCEDES BENZ V-Class and predecessors,1996,2023,1996-2023,0,gor3a/vehicle-makes-models,added_missing
Mercedes,MERCEDES BENZ VANEO,2002,2006,2002-2006,0,gor3a/vehicle-makes-models,added_missing
Mercedes,MERCEDES BENZ VIANO,2003,2014,2003-2014,0,gor3a/vehicle-makes-models,added_missing
Mercedes,MERCEDES BENZ VLE,2026,2026,2026-2026,0,gor3a/vehicle-makes-models,added_missing
Mercedes,MERCEDES BENZ Vito,2020,2026,2020-2026,0,gor3a/vehicle-makes-models,added_missing
Mercedes,MERCEDES BENZ X-Class,2017,2020,2017-2020,0,gor3a/vehicle-makes-models,added_missing
Mercedes,Ml,2011,2011,2011,1,original_db,existing
Mercedes,R,2005,2010,2005-2010,16,original_db,existing
Mercedes,"R-CLASS (W251, V251)",,,,20,itdiag8-dotcom/database (vivid_cars2000.db),added_from_vivid
Mercedes,S,1998,2013,1998-2013,29,original_db,existing
Mercedes,S-CLASS (W220),,,,12,itdiag8-dotcom/database (vivid_cars2000.db),added_from_vivid
Mercedes,S-CLASS (W221),,,,28,itdiag8-dotcom/database (vivid_cars2000.db),added_from_vivid
Mercedes,"S-CLASS (W222, V222, X222)",,,,16,itdiag8-dotcom/database (vivid_cars2000.db),added_from_vivid
Mercedes,S-CLASS Coupe (C215),,,,4,itdiag8-dotcom/database (vivid_cars2000.db),added_from_vivid
Mercedes,S-CLASS Coupe (C216),,,,9,itdiag8-dotcom/database (vivid_cars2000.db),added_from_vivid
Mercedes,S-CLASS Coupe (C217),,,,6,itdiag8-dotcom/database (vivid_cars2000.db),added_from_vivid
Mercedes,SL (R129),,,,1,itdiag8-dotcom/database (vivid_cars2000.db),added_from_vivid
Mercedes,SL (R230),,,,15,itdiag8-dotcom/database (vivid_cars2000.db),added_from_vivid
Mercedes,SL (R231),,,,8,itdiag8-dotcom/database (vivid_cars2000.db),added_from_vivid
Mercedes,SLK (R170),,,,4,itdiag8-dotcom/database (vivid_cars2000.db),added_from_vivid
Mercedes,SLK (R171),,,,8,itdiag8-dotcom/database (vivid_cars2000.db),added_from_vivid
Mercedes,SLK (R172),,,,6,itdiag8-dotcom/database (vivid_cars2000.db),added_from_vivid
Mercedes,SLR (R199),,,,2,itdiag8-dotcom/database (vivid_cars2000.db),added_from_vivid
Mercedes,SLR ROADSTER (R199),,,,2,itdiag8-dotcom/database (vivid_cars2000.db),added_from_vivid
Mercedes,SLS AMG (C197),,,,3,itdiag8-dotcom/database (vivid_cars2000.db),added_from_vivid
Mercedes,SLS AMG Convertible (A197),,,,2,itdiag8-dotcom/database (vivid_cars2000.db),added_from_vivid
Mercedes,"SPRINTER 2-t Box (901, 902)",,,,5,itdiag8-dotcom/database (vivid_cars2000.db),added_from_vivid
Mercedes,"SPRINTER 2-t Bus (901, 902)",,,,6,itdiag8-dotcom/database (vivid_cars2000.db),added_from_vivid
Mercedes,"SPRINTER 2-t Platform/Chassis (901, 902)",,,,5,itdiag8-dotcom/database (vivid_cars2000.db),added_from_vivid
Mercedes,"SPRINTER 3,5-t Box (906)",,,,25,itdiag8-dotcom/database (vivid_cars2000.db),added_from_vivid
Mercedes,"SPRINTER 3,5-t Bus (906)",,,,20,itdiag8-dotcom/database (vivid_cars2000.db),added_from_vivid
Mercedes,"SPRINTER 3,5-t Platform/Chassis (906)",,,,27,itdiag8-dotcom/database (vivid_cars2000.db),added_from_vivid
Mercedes,SPRINTER 3-t Box (903),,,,10,itdiag8-dotcom/database (vivid_cars2000.db),added_from_vivid
Mercedes,SPRINTER 3-t Box (906),,,,15,itdiag8-dotcom/database (vivid_cars2000.db),added_from_vivid
Mercedes,SPRINTER 3-t Bus (903),,,,11,itdiag8-dotcom/database (vivid_cars2000.db),added_from_vivid
Mercedes,SPRINTER 3-t Bus (906),,,,11,itdiag8-dotcom/database (vivid_cars2000.db),added_from_vivid
Mercedes,SPRINTER 3-t Platform/Chassis (903),,,,10,itdiag8-dotcom/database (vivid_cars2000.db),added_from_vivid
Mercedes,SPRINTER 3-t Platform/Chassis (906),,,,15,itdiag8-dotcom/database (vivid_cars2000.db),added_from_vivid
Mercedes,"SPRINTER 4,6-t Box (906)",,,,9,itdiag8-dotcom/database (vivid_cars2000.db),added_from_vivid
Mercedes,"SPRINTER 4,6-t Platform/Chassis (906)",,,,12,itdiag8-dotcom/database (vivid_cars2000.db),added_from_vivid
Mercedes,SPRINTER 4-t Box (904),,,,6,itdiag8-dotcom/database (vivid_cars2000.db),added_from_vivid
Mercedes,SPRINTER 4-t Bus (904),,,,4,itdiag8-dotcom/database (vivid_cars2000.db),added_from_vivid
Mercedes,SPRINTER 4-t Platform/Chassis (904),,,,4,itdiag8-dotcom/database (vivid_cars2000.db),added_from_vivid
Mercedes,SPRINTER 5-t Box (906),,,,18,itdiag8-dotcom/database (vivid_cars2000.db),added_from_vivid
Mercedes,SPRINTER 5-t Platform/Chassis (905),,,,1,itdiag8-dotcom/database (vivid_cars2000.db),added_from_vivid
Mercedes,SPRINTER 5-t Platform/Chassis (906),,,,20,itdiag8-dotcom/database (vivid_cars2000.db),added_from_vivid
Mercedes,"SPRINTER CLASSIC 3,5-t Box (909)",,,,4,itdiag8-dotcom/database (vivid_cars2000.db),added_from_vivid
Mercedes,"SPRINTER CLASSIC 4,6-t Bus (909)",,,,4,itdiag8-dotcom/database (vivid_cars2000.db),added_from_vivid
Mercedes,SPRINTER Dumptruck (905),,,,1,itdiag8-dotcom/database (vivid_cars2000.db),added_from_vivid
Mercedes,Sl,1998,2011,1998-2011,17,original_db,existing
Mercedes,Slk,1996,2012,1996-2012,18,original_db,existing
Mercedes,Sportcoupe,2000,2005,2000-2005,15,original_db,existing
Mercedes,Sprinter,2000,2009,2000-2009,49,original_db,existing
Mercedes,V,2014,2014,2014,1,original_db,existing
Mercedes,V-CLASS (W447),,,,4,itdiag8-dotcom/database (vivid_cars2000.db),added_from_vivid
Mercedes,VANEO (414),,,,6,itdiag8-dotcom/database (vivid_cars2000.db),added_from_vivid
Mercedes,VARIO Box Body / Estate,,,,2,itdiag8-dotcom/database (vivid_cars2000.db),added_from_vivid
Mercedes,VARIO Bus,,,,3,itdiag8-dotcom/database (vivid_cars2000.db),added_from_vivid
Mercedes,VARIO Cab with engine,,,,3,itdiag8-dotcom/database (vivid_cars2000.db),added_from_vivid
Mercedes,VARIO Dumptruck,,,,2,itdiag8-dotcom/database (vivid_cars2000.db),added_from_vivid
Mercedes,VARIO Platform/Chassis,,,,2,itdiag8-dotcom/database (vivid_cars2000.db),added_from_vivid
Mercedes,VIANO (W639),,,,14,itdiag8-dotcom/database (vivid_cars2000.db),added_from_vivid
Mercedes,VITO / MIXTO Box (W639),,,,17,itdiag8-dotcom/database (vivid_cars2000.db),added_from_vivid
Mercedes,VITO Box (W447),,,,5,itdiag8-dotcom/database (vivid_cars2000.db),added_from_vivid
Mercedes,VITO Bus (W639),,,,19,itdiag8-dotcom/database (vivid_cars2000.db),added_from_vivid
Mercedes,VITO Mixto (W447),,,,5,itdiag8-dotcom/database (vivid_cars2000.db),added_from_vivid
Mercedes,VITO Tourer (W447),,,,5,itdiag8-dotcom/database (vivid_cars2000.db),added_from_vivid
Mercedes,Vaneo,2001,2001,2001,2,original_db,existing
Mercedes,Viano,1996,2010,1996-2010,12,original_db,existing
Mercedes,Vito,1996,2010,1996-2010,14,original_db,existing
Mini,(F54) Clubman,2015,2015,2015,2,original_db,existing
Mini,(F55),2014,2015,2014-2015,5,original_db,existing
Mini,(F56),2014,2015,2014-2015,3,original_db,existing
Mini,(F57) Cabrio,2015,2015,2015,1,original_db,existing
Mini,(R50),2000,2002,2000-2002,4,original_db,existing
Mini,(R52) Cabrio,2002,2003,2002-2003,3,original_db,existing
Mini,(R53),2000,2006,2000-2006,2,original_db,existing
Mini,(R55 Lci) Clubman,2009,2010,2009-2010,8,original_db,existing
Mini,(R55) Clubman,2006,2009,2006-2009,5,original_db,existing
Mini,(R56 Lci),2009,2010,2009-2010,9,original_db,existing
Mini,(R56),2005,2009,2005-2009,6,original_db,existing
Mini,(R57 Lci) Cabrio,2009,2010,2009-2010,7,original_db,existing
Mini,(R57) Cabrio,2007,2008,2007-2008,3,original_db,existing
Mini,(R58) Coupe,2009,2010,2009-2010,4,original_db,existing
Mini,(R59) Roadster,2011,2011,2011,4,original_db,existing
Mini,(R60) Countryman,2009,2011,2009-2011,10,original_db,existing
Mini,Aceman,2024,2026,2024-2026,0,gor3a/vehicle-makes-models,added_missing
Mini,Classic,1997,2026,1997-2026,0,gor3a/vehicle-makes-models,added_missing
Mini,Clubman,2007,2023,2007-2023,0,gor3a/vehicle-makes-models,added_missing
Mini,Clubvan,2012,2014,2012-2014,0,gor3a/vehicle-makes-models,added_missing
Mini,Convertible,2004,2026,2004-2026,0,gor3a/vehicle-makes-models,added_missing
Mini,Cooper,2002,2010,2002-2010,0,plowman/open-vehicle-db,added_missing
Mini,Cooper Convertible,2004,2027,2004-2027,0,plowman/open-vehicle-db,added_missing
Mini,Cooper Coupe,2012,2015,2012-2015,0,plowman/open-vehicle-db,added_missing
Mini,Cooper Roadster,2012,2015,2012-2015,0,plowman/open-vehicle-db,added_missing
Mini,Countryman,2010,2026,2010-2026,0,gor3a/vehicle-makes-models,added_missing
Mini,Coupe,2011,2015,2011-2015,0,gor3a/vehicle-makes-models,added_missing
Mini,Hardtop,2009,2027,2009-2027,0,plowman/open-vehicle-db,added_missing
Mini,Hatch,1997,2026,1997-2026,0,gor3a/vehicle-makes-models,added_missing
Mini,MINI (F55),2012,2013,2012-2013,7,itdiag8-dotcom/database (vivid_cars2000.db),added_from_vivid
Mini,MINI (F56),2012,2012,2012,10,itdiag8-dotcom/database (vivid_cars2000.db),added_from_vivid
Mini,"MINI (R50, R53)",2001,2005,2001-2005,12,itdiag8-dotcom/database (vivid_cars2000.db),added_from_vivid
Mini,MINI (R56),2005,2011,2005-2011,22,itdiag8-dotcom/database (vivid_cars2000.db),added_from_vivid
Mini,MINI CLUBMAN (R55),2006,2010,2006-2010,18,itdiag8-dotcom/database (vivid_cars2000.db),added_from_vivid
Mini,MINI CLUBVAN (R55),2011,2011,2011,4,itdiag8-dotcom/database (vivid_cars2000.db),added_from_vivid
Mini,MINI COUNTRYMAN (R60),2009,2013,2009-2013,16,itdiag8-dotcom/database (vivid_cars2000.db),added_from_vivid
Mini,MINI Convertible (R52),2003,2003,2003,5,itdiag8-dotcom/database (vivid_cars2000.db),added_from_vivid
Mini,MINI Convertible (R57),2007,2010,2007-2010,11,itdiag8-dotcom/database (vivid_cars2000.db),added_from_vivid
Mini,MINI Coupe (R58),2010,2010,2010,8,itdiag8-dotcom/database (vivid_cars2000.db),added_from_vivid
Mini,MINI PACEMAN (R61),2011,2013,2011-2013,10,itdiag8-dotcom/database (vivid_cars2000.db),added_from_vivid
Mini,MINI Roadster (R59),2011,2011,2011,8,itdiag8-dotcom/database (vivid_cars2000.db),added_from_vivid
Mini,Mini 3-Door Hatch,,,,0,DanielKohut/car-data,added_missing
Mini,Mini 5-Door Hatch,,,,0,DanielKohut/car-data,added_missing
Mini,Mini Clubman,,,,0,DanielKohut/car-data,added_missing
Mini,Mini Convertible,,,,0,DanielKohut/car-data,added_missing
Mini,Mini Countryman,,,,0,DanielKohut/car-data,added_missing
Mini,Mini Coupe,,,,0,DanielKohut/car-data,added_missing
Mini,Mini Electric,,,,0,DanielKohut/car-data,added_missing
Mini,Mini John Cooper Works,,,,0,DanielKohut/car-data,added_missing
Mini,Mini Paceman,,,,0,DanielKohut/car-data,added_missing
Mini,Mini Roadster,,,,0,DanielKohut/car-data,added_missing
Mini,Paceman,2013,2016,2013-2016,0,gor3a/vehicle-makes-models,added_missing
Mini,Roadster,2011,2015,2011-2015,0,gor3a/vehicle-makes-models,added_missing
Mitsubishi,3000 GT,1990,2001,1990-2001,0,gor3a/vehicle-makes-models,added_missing
Mitsubishi,380 (DB),2004,2004,2004,1,itdiag8-dotcom/database (vivid_cars2000.db),added_from_vivid
Mitsubishi,ASX (GA_W_),2009,2012,2009-2012,9,itdiag8-dotcom/database (vivid_cars2000.db),added_from_vivid
Mitsubishi,ASX / RVR / Outlander Sport,2010,2026,2010-2026,0,gor3a/vehicle-makes-models,added_missing
Mitsubishi,ASX Van (GA_W_),2009,2009,2009,1,itdiag8-dotcom/database (vivid_cars2000.db),added_from_vivid
Mitsubishi,Adventure,1998,2000,1998-2000,2,original_db,existing
Mitsubishi,Airtrek,2001,2004,2001-2004,7,original_db,existing
Mitsubishi,Aspire,2000,2000,2000,2,original_db,existing
Mitsubishi,Asx,2010,2013,2010-2013,10,original_db,existing
Mitsubishi,Attrage,2013,2024,2013-2024,0,gor3a/vehicle-makes-models,added_missing
Mitsubishi,"CANTER Platform/Chassis (FB_, FE_, FG_)",2001,2005,2001-2005,10,itdiag8-dotcom/database (vivid_cars2000.db),added_from_vivid
Mitsubishi,CARISMA (DA_),2000,2000,2000,5,itdiag8-dotcom/database (vivid_cars2000.db),added_from_vivid
Mitsubishi,CARISMA Saloon (DA_),2000,2000,2000,6,itdiag8-dotcom/database (vivid_cars2000.db),added_from_vivid
Mitsubishi,COLT CZC Convertible (RG),2005,2005,2005,2,itdiag8-dotcom/database (vivid_cars2000.db),added_from_vivid
Mitsubishi,COLT PLUS VII (Z2_W),2003,2011,2003-2011,4,itdiag8-dotcom/database (vivid_cars2000.db),added_from_vivid
Mitsubishi,"COLT V (CJ_, CP_)",2000,2002,2000-2002,3,itdiag8-dotcom/database (vivid_cars2000.db),added_from_vivid
Mitsubishi,"COLT VI (Z3_A, Z2_A)",2003,2009,2003-2009,12,itdiag8-dotcom/database (vivid_cars2000.db),added_from_vivid
Mitsubishi,Carisma,2000,2000,2000,2,original_db,existing
Mitsubishi,Challenger,2008,2008,2008,1,original_db,existing
Mitsubishi,Colt,2004,2008,2004-2008,8,original_db,existing
Mitsubishi,Colt CZC,2006,2012,2006-2012,0,gor3a/vehicle-makes-models,added_missing
Mitsubishi,Colt Plus,2004,2006,2004-2006,4,original_db,existing
Mitsubishi,DELICA D2 (MB1_),2010,2010,2010,1,itdiag8-dotcom/database (vivid_cars2000.db),added_from_vivid
Mitsubishi,"DELICA D3 (BVM2_, BM2_)",2010,2010,2010,1,itdiag8-dotcom/database (vivid_cars2000.db),added_from_vivid
Mitsubishi,DELICA D5 (CV_W),2006,2012,2006-2012,4,itdiag8-dotcom/database (vivid_cars2000.db),added_from_vivid
Mitsubishi,"DIAMANTE Saloon (F4_A, F3_A)",2001,2003,2001-2003,5,itdiag8-dotcom/database (vivid_cars2000.db),added_from_vivid
Mitsubishi,Delica,,,,0,DanielKohut/car-data,added_missing
Mitsubishi,Delica D5,2010,2013,2010-2013,2,original_db,existing
Mitsubishi,Diamante,2001,2001,2001,1,original_db,existing
Mitsubishi,Dignity,2012,2012,2012,1,original_db,existing
Mitsubishi,Dion,2000,2004,2000-2004,5,original_db,existing
Mitsubishi,ECLIPSE IV (DK_A),2004,2004,2004,2,itdiag8-dotcom/database (vivid_cars2000.db),added_from_vivid
Mitsubishi,"ENDEAVOR (D8_W, D7_W)",2002,2002,2002,1,itdiag8-dotcom/database (vivid_cars2000.db),added_from_vivid
Mitsubishi,Eclipse,1999,2000,1999-2000,3,original_db,existing
Mitsubishi,Eclipse Cross,2017,2026,2017-2026,0,gor3a/vehicle-makes-models,added_missing
Mitsubishi,Endeavor,2002,2011,2002-2011,0,gor3a/vehicle-makes-models,added_missing
Mitsubishi,Freeca,2000,2000,2000,2,original_db,existing
Mitsubishi,Fuzion,2005,2005,2005,1,original_db,existing
Mitsubishi,"GALANT Saloon (DJ_, ED_, EF_)",2003,2003,2003,5,itdiag8-dotcom/database (vivid_cars2000.db),added_from_vivid
Mitsubishi,GALANT VI (EA_),2000,2003,2000-2003,5,itdiag8-dotcom/database (vivid_cars2000.db),added_from_vivid
Mitsubishi,GALANT VI Estate (EA_),2000,2000,2000,4,itdiag8-dotcom/database (vivid_cars2000.db),added_from_vivid
Mitsubishi,"GRANDIS (N9_, N8_)",2000,2000,2000,2,itdiag8-dotcom/database (vivid_cars2000.db),added_from_vivid
Mitsubishi,GRANDIS (NA_W),2003,2006,2003-2006,4,itdiag8-dotcom/database (vivid_cars2000.db),added_from_vivid
Mitsubishi,Galant,1999,2000,1999-2000,14,original_db,existing
Mitsubishi,Galant Fortis,2007,2007,2007,3,original_db,existing
Mitsubishi,Galant Station,1997,2001,1997-2001,0,gor3a/vehicle-makes-models,added_missing
Mitsubishi,Grandis,2003,2005,2003-2005,4,original_db,existing
Mitsubishi,Grunder,2006,2006,2006,1,original_db,existing
Mitsubishi,L 200,1995,2019,1995-2019,0,gor3a/vehicle-makes-models,added_missing
Mitsubishi,"L 200 (K7_T, K6_T)",2001,2002,2001-2002,5,itdiag8-dotcom/database (vivid_cars2000.db),added_from_vivid
Mitsubishi,"L 200 (KB_T, KA_T)",2004,2009,2004-2009,11,itdiag8-dotcom/database (vivid_cars2000.db),added_from_vivid
Mitsubishi,"L 200 Platform/Chassis (K6_T, K7_T)",2000,2002,2000-2002,2,itdiag8-dotcom/database (vivid_cars2000.db),added_from_vivid
Mitsubishi,"L 200 Platform/Chassis (KA_T, KB_T)",2008,2009,2008-2009,3,itdiag8-dotcom/database (vivid_cars2000.db),added_from_vivid
Mitsubishi,"L 300 Box (P0_W, P1_W)",2000,2005,2000-2005,5,itdiag8-dotcom/database (vivid_cars2000.db),added_from_vivid
Mitsubishi,"L 300 Bus (P0_W, P1_W, P2_W)",2000,2000,2000,1,itdiag8-dotcom/database (vivid_cars2000.db),added_from_vivid
Mitsubishi,L200,1999,2016,1999-2016,16,original_db,existing
Mitsubishi,LANCER Estate (CS_W),2003,2004,2003-2004,7,itdiag8-dotcom/database (vivid_cars2000.db),added_from_vivid
Mitsubishi,LANCER Estate (CV_1),2007,2007,2007,4,itdiag8-dotcom/database (vivid_cars2000.db),added_from_vivid
Mitsubishi,LANCER SPORTBACK (CX_A),2007,2010,2007-2010,12,itdiag8-dotcom/database (vivid_cars2000.db),added_from_vivid
Mitsubishi,"LANCER Saloon (CS_A, CT0)",2003,2005,2003-2005,15,itdiag8-dotcom/database (vivid_cars2000.db),added_from_vivid
Mitsubishi,LANCER Saloon (CY/Z_A),2007,2012,2007-2012,22,itdiag8-dotcom/database (vivid_cars2000.db),added_from_vivid
Mitsubishi,LANCER VI (CJ-CP_),2000,2000,2000,5,itdiag8-dotcom/database (vivid_cars2000.db),added_from_vivid
Mitsubishi,Lancer,2003,2010,2003-2010,13,original_db,existing
Mitsubishi,Lancer Combi,1989,2006,1989-2006,0,gor3a/vehicle-makes-models,added_missing
Mitsubishi,Lancer Evolution,1996,2010,1996-2010,72,original_db,existing
Mitsubishi,Lancer SportBack,2004,2017,2004-2017,0,plowman/open-vehicle-db,added_missing
Mitsubishi,Legnum,1999,2000,1999-2000,4,original_db,existing
Mitsubishi,MAGNA Estate,2003,2003,2003,4,itdiag8-dotcom/database (vivid_cars2000.db),added_from_vivid
Mitsubishi,MAGNA Estate (TJ),2000,2000,2000,3,itdiag8-dotcom/database (vivid_cars2000.db),added_from_vivid
Mitsubishi,MAGNA Saloon (TJ),2000,2002,2000-2002,6,itdiag8-dotcom/database (vivid_cars2000.db),added_from_vivid
Mitsubishi,MAGNA Saloon (TW),2003,2003,2003,4,itdiag8-dotcom/database (vivid_cars2000.db),added_from_vivid
Mitsubishi,MAVEN,2004,2004,2004,1,itdiag8-dotcom/database (vivid_cars2000.db),added_from_vivid
Mitsubishi,MINICAB Bus (U6_V),2010,2010,2010,1,itdiag8-dotcom/database (vivid_cars2000.db),added_from_vivid
Mitsubishi,MINICAB Platform/Chassis (U6_T),2010,2010,2010,1,itdiag8-dotcom/database (vivid_cars2000.db),added_from_vivid
Mitsubishi,MIRAGE Estate,2001,2001,2001,1,itdiag8-dotcom/database (vivid_cars2000.db),added_from_vivid
Mitsubishi,MIRAGE G4 (A10_),2012,2012,2012,1,itdiag8-dotcom/database (vivid_cars2000.db),added_from_vivid
Mitsubishi,MIRAGE Hatchback,2011,2011,2011,2,itdiag8-dotcom/database (vivid_cars2000.db),added_from_vivid
Mitsubishi,Mirage,2012,2024,2012-2024,0,gor3a/vehicle-makes-models,added_missing
Mitsubishi,Mirage G4,2013,2019,2013-2019,0,gor3a/vehicle-makes-models,added_missing
Mitsubishi,Montero,1999,2009,1999-2009,4,original_db,existing
Mitsubishi,Montero Sport,2001,2001,2001,1,original_db,existing
Mitsubishi,Nativa,2001,2001,2001,1,original_db,existing
Mitsubishi,Nimbus,2000,2000,2000,1,original_db,existing
Mitsubishi,OUTLANDER I (CU_W),2001,2003,2001-2003,8,itdiag8-dotcom/database (vivid_cars2000.db),added_from_vivid
Mitsubishi,OUTLANDER II (CW_W),2005,2009,2005-2009,11,itdiag8-dotcom/database (vivid_cars2000.db),added_from_vivid
Mitsubishi,OUTLANDER II Van (CW_W),2005,2009,2005-2009,2,itdiag8-dotcom/database (vivid_cars2000.db),added_from_vivid
Mitsubishi,"OUTLANDER III (GG_W, GF_W)",2011,2011,2011,5,itdiag8-dotcom/database (vivid_cars2000.db),added_from_vivid
Mitsubishi,"OUTLANDER III Van (GF_W, GG_W)",2012,2012,2012,1,itdiag8-dotcom/database (vivid_cars2000.db),added_from_vivid
Mitsubishi,Outlander,2003,2015,2003-2015,23,original_db,existing
Mitsubishi,Outlander / Airtrek,2003,2026,2003-2026,0,gor3a/vehicle-makes-models,added_missing
Mitsubishi,Outlander PHEV,,,,0,DanielKohut/car-data,added_missing
Mitsubishi,Outlander Sport,2011,2027,2011-2027,0,plowman/open-vehicle-db,added_missing
Mitsubishi,PAJERO CLASSIC (V2_W),2002,2005,2002-2005,8,itdiag8-dotcom/database (vivid_cars2000.db),added_from_vivid
Mitsubishi,"PAJERO III (V7_W, V6_W)",2000,2001,2000-2001,5,itdiag8-dotcom/database (vivid_cars2000.db),added_from_vivid
Mitsubishi,"PAJERO III Canvas Top (V6_W, V7_W)",2000,2003,2000-2003,11,itdiag8-dotcom/database (vivid_cars2000.db),added_from_vivid
Mitsubishi,"PAJERO IV (V8_W, V9_W)",2006,2009,2006-2009,8,itdiag8-dotcom/database (vivid_cars2000.db),added_from_vivid
Mitsubishi,"PAJERO IV Van (V90, V80)",2005,2009,2005-2009,2,itdiag8-dotcom/database (vivid_cars2000.db),added_from_vivid
Mitsubishi,"PAJERO PININ (H6_W, H7_W)",2000,2001,2000-2001,2,itdiag8-dotcom/database (vivid_cars2000.db),added_from_vivid
Mitsubishi,PAJERO SPORT (K90),2000,2003,2000-2003,7,itdiag8-dotcom/database (vivid_cars2000.db),added_from_vivid
Mitsubishi,"PAJERO SPORT II (KG_, KH_)",2007,2009,2007-2009,11,itdiag8-dotcom/database (vivid_cars2000.db),added_from_vivid
Mitsubishi,"PROUDIA/DIGNITY (BHGY5_, BY_5)",2011,2011,2011,3,itdiag8-dotcom/database (vivid_cars2000.db),added_from_vivid
Mitsubishi,Pajero,1998,2012,1998-2012,30,original_db,existing
Mitsubishi,Pajero Pinin / Shogun Pinin / Montero iO,1998,2007,1998-2007,0,gor3a/vehicle-makes-models,added_missing
Mitsubishi,Pajero Sport,,,,0,DanielKohut/car-data,added_missing
Mitsubishi,Raider,2005,2009,2005-2009,0,gor3a/vehicle-makes-models,added_missing
Mitsubishi,Rvr,1999,2000,1999-2000,2,original_db,existing
Mitsubishi,SAVRIN,2001,2003,2001-2003,2,itdiag8-dotcom/database (vivid_cars2000.db),added_from_vivid
Mitsubishi,SPACE RUNNER (N6_W),2000,2000,2000,1,itdiag8-dotcom/database (vivid_cars2000.db),added_from_vivid
Mitsubishi,SPACE STAR (DG_A),2000,2002,2000-2002,6,itdiag8-dotcom/database (vivid_cars2000.db),added_from_vivid
Mitsubishi,SPACE STAR Hatchback (A0_A),2011,2011,2011,3,itdiag8-dotcom/database (vivid_cars2000.db),added_from_vivid
Mitsubishi,"SPACE WAGON (N9_W, N8_W)",2000,2002,2000-2002,3,itdiag8-dotcom/database (vivid_cars2000.db),added_from_vivid
Mitsubishi,Shogun Sport,2001,2001,2001,1,original_db,existing
Mitsubishi,Space Runner,1999,2000,1999-2000,2,original_db,existing
Mitsubishi,Space Star,1998,2002,1998-2002,3,original_db,existing
Mitsubishi,TOPPO (_H8_),2007,2007,2007,2,itdiag8-dotcom/database (vivid_cars2000.db),added_from_vivid
Mitsubishi,Triton,2001,2005,2001-2005,3,original_db,existing
Mitsubishi,VERADA Estate (KL),2003,2003,2003,1,itdiag8-dotcom/database (vivid_cars2000.db),added_from_vivid
Mitsubishi,VERADA Estate (KW),2003,2003,2003,1,itdiag8-dotcom/database (vivid_cars2000.db),added_from_vivid
Mitsubishi,VERADA Saloon (KJ),2000,2003,2000-2003,7,itdiag8-dotcom/database (vivid_cars2000.db),added_from_vivid
Mitsubishi,VERADA Saloon (KL),2003,2003,2003,6,itdiag8-dotcom/database (vivid_cars2000.db),added_from_vivid
Mitsubishi,VERADA Saloon (KW),2003,2003,2003,5,itdiag8-dotcom/database (vivid_cars2000.db),added_from_vivid
Mitsubishi,"VERYCA Box Body / Estate (CA9_W, CA8_W)",2010,2010,2010,1,itdiag8-dotcom/database (vivid_cars2000.db),added_from_vivid
Mitsubishi,ZINGER MPV (KB0_A),2004,2007,2004-2007,3,itdiag8-dotcom/database (vivid_cars2000.db),added_from_vivid
Mitsubishi,eK Hatchback (_H82_),2000,2005,2000-2005,2,itdiag8-dotcom/database (vivid_cars2000.db),added_from_vivid
Mitsubishi,i (HA_),2005,2010,2005-2010,7,itdiag8-dotcom/database (vivid_cars2000.db),added_from_vivid
Mitsubishi,i-MiEV,2009,2021,2009-2021,0,gor3a/vehicle-makes-models,added_missing
Mitsubishi Fuso,Canter,2006,2013,2006-2013,6,original_db,existing
Nissan,200 SX,1989,2000,1989-2000,0,gor3a/vehicle-makes-models,added_missing
Nissan,240SX,1989,2001,1989-2001,0,plowman/open-vehicle-db,added_missing
Nissan,350 Z (Z33),2002,2004,2002-2004,4,itdiag8-dotcom/database (vivid_cars2000.db),added_from_vivid
Nissan,350 Z Roadster (Z33),2004,2005,2004-2005,3,itdiag8-dotcom/database (vivid_cars2000.db),added_from_vivid
Nissan,350Z,2003,2007,2003-2007,3,original_db,existing
Nissan,370 Z (Z34),2008,2012,2008-2012,4,itdiag8-dotcom/database (vivid_cars2000.db),added_from_vivid
Nissan,370 Z Roadster (Z34),2009,2009,2009,2,itdiag8-dotcom/database (vivid_cars2000.db),added_from_vivid
Nissan,370Z,2009,2009,2009,1,original_db,existing
Nissan,370Z Nismo,2009,2021,2009-2021,0,gor3a/vehicle-makes-models,added_missing
Nissan,ALMERA Classic (B10),2005,2005,2005,1,itdiag8-dotcom/database (vivid_cars2000.db),added_from_vivid
Nissan,ALMERA II (N16),2000,2003,2000-2003,15,itdiag8-dotcom/database (vivid_cars2000.db),added_from_vivid
Nissan,ALMERA II Hatchback (N16),2000,2003,2000-2003,12,itdiag8-dotcom/database (vivid_cars2000.db),added_from_vivid
Nissan,ALMERA TINO (V10),2000,2003,2000-2003,6,itdiag8-dotcom/database (vivid_cars2000.db),added_from_vivid
Nissan,ALTIMA Coupe,2005,2005,2005,1,itdiag8-dotcom/database (vivid_cars2000.db),added_from_vivid
Nissan,Almera,2002,2012,2002-2012,4,original_db,existing
Nissan,Almera / Pulsar,1995,2019,1995-2019,0,gor3a/vehicle-makes-models,added_missing
Nissan,Almera Classic,2011,2011,2011,1,original_db,existing
Nissan,Almera Tino,2000,2006,2000-2006,0,gor3a/vehicle-makes-models,added_missing
Nissan,Altima,1998,2026,1998-2026,0,gor3a/vehicle-makes-models,added_missing
Nissan,Altra-EV,1999,2004,1999-2004,0,plowman/open-vehicle-db,added_missing
Nissan,Ariya,2020,2026,2020-2026,0,gor3a/vehicle-makes-models,added_missing
Nissan,Ariya Hatchback,2023,2024,2023-2024,0,plowman/open-vehicle-db,added_missing
Nissan,Ariya MPV,2025,2027,2025-2027,0,plowman/open-vehicle-db,added_missing
Nissan,Armada,2003,2026,2003-2026,0,gor3a/vehicle-makes-models,added_missing
Nissan,Atleon,1999,2014,1999-2014,4,original_db,existing
Nissan,Avenir,2003,2003,2003,1,original_db,existing
Nissan,BASSARA,2002,2002,2002,1,itdiag8-dotcom/database (vivid_cars2000.db),added_from_vivid
Nissan,BLUEBIRD SYLPHY,2004,2004,2004,11,itdiag8-dotcom/database (vivid_cars2000.db),added_from_vivid
Nissan,"CABSTAR Platform/Chassis (F23, H41, H42)",2000,2005,2000-2005,3,itdiag8-dotcom/database (vivid_cars2000.db),added_from_vivid
Nissan,CARAVAN,2000,2002,2000-2002,4,itdiag8-dotcom/database (vivid_cars2000.db),added_from_vivid
Nissan,CEDRIC,2000,2000,2000,2,itdiag8-dotcom/database (vivid_cars2000.db),added_from_vivid
Nissan,CEFIRO I Saloon (J31),2000,2003,2000-2003,6,itdiag8-dotcom/database (vivid_cars2000.db),added_from_vivid
Nissan,CIMA,2001,2001,2001,3,itdiag8-dotcom/database (vivid_cars2000.db),added_from_vivid
Nissan,CLIPPER VAN,2002,2002,2002,1,itdiag8-dotcom/database (vivid_cars2000.db),added_from_vivid
Nissan,CUBE (Z10),2000,2000,2000,2,itdiag8-dotcom/database (vivid_cars2000.db),added_from_vivid
Nissan,CUBE (Z11),2002,2002,2002,3,itdiag8-dotcom/database (vivid_cars2000.db),added_from_vivid
Nissan,CUBE (Z12),2009,2009,2009,6,itdiag8-dotcom/database (vivid_cars2000.db),added_from_vivid
Nissan,Cabstar,2006,2007,2006-2007,3,original_db,existing
Nissan,Cube,2002,2004,2002-2004,2,original_db,existing
Nissan,DAYZ,2012,2012,2012,1,itdiag8-dotcom/database (vivid_cars2000.db),added_from_vivid
Nissan,DAYZ ROOX,2012,2012,2012,1,itdiag8-dotcom/database (vivid_cars2000.db),added_from_vivid
Nissan,ELGRAND (E50),2000,2000,2000,1,itdiag8-dotcom/database (vivid_cars2000.db),added_from_vivid
Nissan,ELGRAND (E51),2002,2002,2002,2,itdiag8-dotcom/database (vivid_cars2000.db),added_from_vivid
Nissan,ELGRAND (E52),2009,2009,2009,2,itdiag8-dotcom/database (vivid_cars2000.db),added_from_vivid
Nissan,Elgrand,2025,2026,2025-2026,0,gor3a/vehicle-makes-models,added_missing
Nissan,FUGA,2008,2009,2008-2009,4,itdiag8-dotcom/database (vivid_cars2000.db),added_from_vivid
Nissan,Frontier,1998,2027,1998-2027,0,plowman/open-vehicle-db,added_missing
Nissan,GLORIA,2000,2000,2000,3,itdiag8-dotcom/database (vivid_cars2000.db),added_from_vivid
Nissan,GT-R (R35),2008,2012,2008-2012,4,itdiag8-dotcom/database (vivid_cars2000.db),added_from_vivid
Nissan,GT-R Nismo,2014,2026,2014-2026,0,gor3a/vehicle-makes-models,added_missing
Nissan,Grand Livina,2006,2013,2006-2013,0,gor3a/vehicle-makes-models,added_missing
Nissan,Gt-R,2007,2011,2007-2011,2,original_db,existing
Nissan,INTERSTAR Box (X70),2002,2005,2002-2005,8,itdiag8-dotcom/database (vivid_cars2000.db),added_from_vivid
Nissan,INTERSTAR Bus (X70),2002,2005,2002-2005,8,itdiag8-dotcom/database (vivid_cars2000.db),added_from_vivid
Nissan,INTERSTAR Platform/Chassis,2003,2005,2003-2005,5,itdiag8-dotcom/database (vivid_cars2000.db),added_from_vivid
Nissan,JUKE (F15),2009,2012,2009-2012,8,itdiag8-dotcom/database (vivid_cars2000.db),added_from_vivid
Nissan,Juke,2010,2011,2010-2011,3,original_db,existing
Nissan,Juke EV,2026,2026,2026-2026,0,gor3a/vehicle-makes-models,added_missing
Nissan,Juke Nismo,2013,2017,2013-2017,0,gor3a/vehicle-makes-models,added_missing
Nissan,KIX,2007,2007,2007,1,itdiag8-dotcom/database (vivid_cars2000.db),added_from_vivid
Nissan,KUBISTAR (X76),2003,2005,2003-2005,12,itdiag8-dotcom/database (vivid_cars2000.db),added_from_vivid
Nissan,KUBISTAR Box (X80),2003,2005,2003-2005,8,itdiag8-dotcom/database (vivid_cars2000.db),added_from_vivid
Nissan,Kicks,2016,2026,2016-2026,0,gor3a/vehicle-makes-models,added_missing
Nissan,Kicks MPV,2025,2027,2025-2027,0,plowman/open-vehicle-db,added_missing
Nissan,Kicks Play,2025,2027,2025-2027,0,plowman/open-vehicle-db,added_missing
Nissan,LAFESTA,2004,2004,2004,1,itdiag8-dotcom/database (vivid_cars2000.db),added_from_vivid
Nissan,LATIO Saloon,2006,2006,2006,6,itdiag8-dotcom/database (vivid_cars2000.db),added_from_vivid
Nissan,"LIVINA / GRAND LIVINA (L10, L11)",2006,2012,2006-2012,4,itdiag8-dotcom/database (vivid_cars2000.db),added_from_vivid
Nissan,Leaf,2010,2026,2010-2026,0,gor3a/vehicle-makes-models,added_missing
Nissan,Liberty,1999,2004,1999-2004,0,gor3a/vehicle-makes-models,added_missing
Nissan,Lp300,2008,2008,2008,1,original_db,existing
Nissan,MAXIMA QX (A33),2000,2003,2000-2003,6,itdiag8-dotcom/database (vivid_cars2000.db),added_from_vivid
Nissan,MICRA C+C (K12),2004,2004,2004,2,itdiag8-dotcom/database (vivid_cars2000.db),added_from_vivid
Nissan,MICRA II (K11),2000,2000,2000,2,itdiag8-dotcom/database (vivid_cars2000.db),added_from_vivid
Nissan,MICRA III (K12),2002,2004,2002-2004,11,itdiag8-dotcom/database (vivid_cars2000.db),added_from_vivid
Nissan,MICRA IV (K13),2009,2010,2009-2010,5,itdiag8-dotcom/database (vivid_cars2000.db),added_from_vivid
Nissan,MOCO,2005,2005,2005,1,itdiag8-dotcom/database (vivid_cars2000.db),added_from_vivid
Nissan,MURANO (Z50),2003,2003,2003,1,itdiag8-dotcom/database (vivid_cars2000.db),added_from_vivid
Nissan,MURANO (Z51),2006,2009,2006-2009,5,itdiag8-dotcom/database (vivid_cars2000.db),added_from_vivid
Nissan,Maxima,2004,2004,2004,1,original_db,existing
Nissan,Micra,2005,2005,2005,1,original_db,existing
Nissan,Micra C+C,2005,2008,2005-2008,0,gor3a/vehicle-makes-models,added_missing
Nissan,Murano,2007,2010,2007-2010,2,original_db,existing
Nissan,Murano CrossCabriolet,2011,2014,2011-2014,0,gor3a/vehicle-makes-models,added_missing
Nissan,N7,2024,2026,2024-2026,0,gor3a/vehicle-makes-models,added_missing
Nissan,NAVARA (D22),2000,2000,2000,1,itdiag8-dotcom/database (vivid_cars2000.db),added_from_vivid
Nissan,NAVARA (D40),2004,2009,2004-2009,6,itdiag8-dotcom/database (vivid_cars2000.db),added_from_vivid
Nissan,NAVARA Platform/Chassis (D22),2002,2002,2002,1,itdiag8-dotcom/database (vivid_cars2000.db),added_from_vivid
Nissan,NAVARA Platform/Chassis (D40),2007,2009,2007-2009,4,itdiag8-dotcom/database (vivid_cars2000.db),added_from_vivid
Nissan,NOTE (E11),2005,2009,2005-2009,6,itdiag8-dotcom/database (vivid_cars2000.db),added_from_vivid
Nissan,NV,2009,2019,2009-2019,0,gor3a/vehicle-makes-models,added_missing
Nissan,NV200,2013,2027,2013-2027,0,plowman/open-vehicle-db,added_missing
Nissan,NV200 Box,2009,2012,2009-2012,6,itdiag8-dotcom/database (vivid_cars2000.db),added_from_vivid
Nissan,NV200 EVALIA,2009,2012,2009-2012,7,itdiag8-dotcom/database (vivid_cars2000.db),added_from_vivid
Nissan,NV350 Bus,2011,2011,2011,3,itdiag8-dotcom/database (vivid_cars2000.db),added_from_vivid
Nissan,NV400 Box,2010,2012,2010-2012,16,itdiag8-dotcom/database (vivid_cars2000.db),added_from_vivid
Nissan,NV400 Bus,2010,2012,2010-2012,8,itdiag8-dotcom/database (vivid_cars2000.db),added_from_vivid
Nissan,NV400 Platform/Chassis,2010,2012,2010-2012,16,itdiag8-dotcom/database (vivid_cars2000.db),added_from_vivid
Nissan,Navara,2005,2010,2005-2010,5,original_db,existing
Nissan,Navara / Frontier,2005,2026,2005-2026,0,gor3a/vehicle-makes-models,added_missing
Nissan,Nissan Z,2023,2027,2023-2027,0,plowman/open-vehicle-db,added_missing
Nissan,Note,2011,2011,2011,1,original_db,existing
Nissan,Np300,2008,2013,2008-2013,3,original_db,existing
Nissan,Nv 200,2011,2011,2011,1,original_db,existing
Nissan,Nv 400,2010,2010,2010,3,original_db,existing
Nissan,OTTI,2005,2005,2005,1,itdiag8-dotcom/database (vivid_cars2000.db),added_from_vivid
Nissan,PATHFINDER (R50),2000,2000,2000,1,itdiag8-dotcom/database (vivid_cars2000.db),added_from_vivid
Nissan,PATHFINDER (R51),2004,2009,2004-2009,6,itdiag8-dotcom/database (vivid_cars2000.db),added_from_vivid
Nissan,PATHFINDER (R52),2012,2012,2012,1,itdiag8-dotcom/database (vivid_cars2000.db),added_from_vivid
Nissan,PATROL GR II Wagon (Y61),2000,2003,2000-2003,7,itdiag8-dotcom/database (vivid_cars2000.db),added_from_vivid
Nissan,PATROL II (GU),2006,2006,2006,1,itdiag8-dotcom/database (vivid_cars2000.db),added_from_vivid
Nissan,PATROL III (Y62),2009,2009,2009,1,itdiag8-dotcom/database (vivid_cars2000.db),added_from_vivid
Nissan,PICK UP (D22),2001,2007,2001-2007,7,itdiag8-dotcom/database (vivid_cars2000.db),added_from_vivid
Nissan,PINO,2006,2006,2006,1,itdiag8-dotcom/database (vivid_cars2000.db),added_from_vivid
Nissan,PIXO (UA0),2008,2008,2008,1,itdiag8-dotcom/database (vivid_cars2000.db),added_from_vivid
Nissan,PRESAGE (U30),2001,2001,2001,2,itdiag8-dotcom/database (vivid_cars2000.db),added_from_vivid
Nissan,PRIMASTAR Box (X83),2002,2007,2002-2007,8,itdiag8-dotcom/database (vivid_cars2000.db),added_from_vivid
Nissan,PRIMASTAR Bus (X83),2001,2007,2001-2007,9,itdiag8-dotcom/database (vivid_cars2000.db),added_from_vivid
Nissan,PRIMASTAR Platform/Chassis,2002,2002,2002,1,itdiag8-dotcom/database (vivid_cars2000.db),added_from_vivid
Nissan,PRIMERA (P12),2002,2002,2002,7,itdiag8-dotcom/database (vivid_cars2000.db),added_from_vivid
Nissan,PRIMERA Estate (WP12),2002,2002,2002,6,itdiag8-dotcom/database (vivid_cars2000.db),added_from_vivid
Nissan,PRIMERA Hatchback (P11),2000,2000,2000,1,itdiag8-dotcom/database (vivid_cars2000.db),added_from_vivid
Nissan,PRIMERA Hatchback (P12),2002,2002,2002,7,itdiag8-dotcom/database (vivid_cars2000.db),added_from_vivid
Nissan,PULSAR Hatchback (C12),2011,2012,2011-2012,3,itdiag8-dotcom/database (vivid_cars2000.db),added_from_vivid
Nissan,PULSAR Hatchback (C13),2013,2013,2013,3,itdiag8-dotcom/database (vivid_cars2000.db),added_from_vivid
Nissan,Pathfinder,2005,2010,2005-2010,3,original_db,existing
Nissan,Patrol,2002,2010,2002-2010,4,original_db,existing
Nissan,Patrol LWB,1988,2026,1988-2026,0,gor3a/vehicle-makes-models,added_missing
Nissan,Patrol SWB,1988,2010,1988-2010,0,gor3a/vehicle-makes-models,added_missing
Nissan,Pixo,2009,2013,2009-2013,0,gor3a/vehicle-makes-models,added_missing
Nissan,Platina,2006,2010,2006-2010,0,gor3a/vehicle-makes-models,added_missing
Nissan,Presage,2001,2001,2001,1,original_db,existing
Nissan,Primastar,2010,2010,2010,1,original_db,existing
Nissan,Primera,2002,2004,2002-2004,2,original_db,existing
Nissan,Primera Break,1990,2007,1990-2007,0,gor3a/vehicle-makes-models,added_missing
Nissan,Pulsar,,,,0,DanielKohut/car-data,added_missing
Nissan,"QASHQAI / QASHQAI +2 (J10, JJ10)",2006,2012,2006-2012,12,itdiag8-dotcom/database (vivid_cars2000.db),added_from_vivid
Nissan,QUEST (V42),2003,2003,2003,1,itdiag8-dotcom/database (vivid_cars2000.db),added_from_vivid
Nissan,Qashqai,2007,2015,2007-2015,5,original_db,existing
Nissan,Quest,2004,2017,2004-2017,0,gor3a/vehicle-makes-models,added_missing
Nissan,ROOX,2008,2008,2008,1,itdiag8-dotcom/database (vivid_cars2000.db),added_from_vivid
Nissan,Rogue,2007,2026,2007-2026,0,gor3a/vehicle-makes-models,added_missing
Nissan,Rogue Select,2014,2014,2014-2014,0,plowman/open-vehicle-db,added_missing
Nissan,Rogue Sport,2017,2022,2017-2022,0,plowman/open-vehicle-db,added_missing
Nissan,SENTRA (B17),2011,2011,2011,1,itdiag8-dotcom/database (vivid_cars2000.db),added_from_vivid
Nissan,SERENA (C24),2000,2000,2000,1,itdiag8-dotcom/database (vivid_cars2000.db),added_from_vivid
Nissan,SERENA (C25),2004,2005,2004-2005,2,itdiag8-dotcom/database (vivid_cars2000.db),added_from_vivid
Nissan,SERENA (C26),2009,2009,2009,1,itdiag8-dotcom/database (vivid_cars2000.db),added_from_vivid
Nissan,SKYLINE Coupe (V35),2003,2005,2003-2005,3,itdiag8-dotcom/database (vivid_cars2000.db),added_from_vivid
Nissan,STAGEA (M35),2001,2005,2001-2005,4,itdiag8-dotcom/database (vivid_cars2000.db),added_from_vivid
Nissan,SUNNY Coupe,2000,2000,2000,1,itdiag8-dotcom/database (vivid_cars2000.db),added_from_vivid
Nissan,SUNNY Hatchback,2000,2000,2000,2,itdiag8-dotcom/database (vivid_cars2000.db),added_from_vivid
Nissan,SUNNY Saloon,2000,2000,2000,2,itdiag8-dotcom/database (vivid_cars2000.db),added_from_vivid
Nissan,SYLPHY (B17),2011,2011,2011,2,itdiag8-dotcom/database (vivid_cars2000.db),added_from_vivid
Nissan,Sakura,2022,2026,2022-2026,0,gor3a/vehicle-makes-models,added_missing
Nissan,Sentra,2006,2006,2006,1,original_db,existing
Nissan,Serena,1991,2022,1991-2022,0,gor3a/vehicle-makes-models,added_missing
Nissan,Skyline,2001,2010,2001-2010,0,gor3a/vehicle-makes-models,added_missing
Nissan,Sunny,1993,2019,1993-2019,0,gor3a/vehicle-makes-models,added_missing
Nissan,TEANA I (J31),2003,2003,2003,3,itdiag8-dotcom/database (vivid_cars2000.db),added_from_vivid
Nissan,TEANA II (J32),2007,2012,2007-2012,4,itdiag8-dotcom/database (vivid_cars2000.db),added_from_vivid
Nissan,TEANA III (J33),2012,2012,2012,2,itdiag8-dotcom/database (vivid_cars2000.db),added_from_vivid
Nissan,TERRANO II (R20),2002,2002,2002,1,itdiag8-dotcom/database (vivid_cars2000.db),added_from_vivid
Nissan,TERRANO Van (R20),2002,2002,2002,1,itdiag8-dotcom/database (vivid_cars2000.db),added_from_vivid
Nissan,TIIDA Hatchback,2003,2003,2003,3,itdiag8-dotcom/database (vivid_cars2000.db),added_from_vivid
Nissan,TIIDA Hatchback (C11X),2006,2006,2006,3,itdiag8-dotcom/database (vivid_cars2000.db),added_from_vivid
Nissan,TIIDA Saloon (C12),2010,2011,2010-2011,2,itdiag8-dotcom/database (vivid_cars2000.db),added_from_vivid
Nissan,TIIDA Saloon (SC11X),2006,2006,2006,6,itdiag8-dotcom/database (vivid_cars2000.db),added_from_vivid
Nissan,Teana,2004,2009,2004-2009,4,original_db,existing
Nissan,Terrano,1988,2019,1988-2019,0,gor3a/vehicle-makes-models,added_missing
Nissan,Tiida,2012,2012,2012,1,original_db,existing
Nissan,Tiida / Versa,2006,2026,2006-2026,0,gor3a/vehicle-makes-models,added_missing
Nissan,Titan,2004,2024,2004-2024,0,gor3a/vehicle-makes-models,added_missing
Nissan,Townstar,,,,0,DanielKohut/car-data,added_missing
Nissan,URVAN Box (E25),2000,2002,2000-2002,4,itdiag8-dotcom/database (vivid_cars2000.db),added_from_vivid
Nissan,URVAN Bus (V2_),2000,2002,2000-2002,6,itdiag8-dotcom/database (vivid_cars2000.db),added_from_vivid
Nissan,URVAN NV350 / CARAVAN (E26),2012,2012,2012,2,itdiag8-dotcom/database (vivid_cars2000.db),added_from_vivid
Nissan,Versa,,,,0,DanielKohut/car-data,added_missing
Nissan,Versa Note,2014,2020,2014-2020,0,plowman/open-vehicle-db,added_missing
Nissan,WINGROAD,2003,2003,2003,3,itdiag8-dotcom/database (vivid_cars2000.db),added_from_vivid
Nissan,X-TRAIL (T30),2001,2003,2001-2003,8,itdiag8-dotcom/database (vivid_cars2000.db),added_from_vivid
Nissan,X-TRAIL (T31),2006,2007,2006-2007,6,itdiag8-dotcom/database (vivid_cars2000.db),added_from_vivid
Nissan,X-TRAIL (T32),2012,2012,2012,3,itdiag8-dotcom/database (vivid_cars2000.db),added_from_vivid
Nissan,X-Trail,2003,2014,2003-2014,6,original_db,existing
Nissan,XTERRA (N50),2004,2004,2004,1,itdiag8-dotcom/database (vivid_cars2000.db),added_from_vivid
Nissan,XTerra,2002,2015,2002-2015,0,gor3a/vehicle-makes-models,added_missing
Nissan,Z,,,,0,DanielKohut/car-data,added_missing
Nissan,Z Nismo,2021,2026,2021-2026,0,gor3a/vehicle-makes-models,added_missing
Opel,AGILA (A) (H00),2000,2003,2000-2003,5,itdiag8-dotcom/database (vivid_cars2000.db),added_from_vivid
Opel,AGILA (B) (H08),2007,2010,2007-2010,7,itdiag8-dotcom/database (vivid_cars2000.db),added_from_vivid
Opel,ASTRA G Box (F70),2000,2003,2000-2003,3,itdiag8-dotcom/database (vivid_cars2000.db),added_from_vivid
Opel,ASTRA G Convertible (F67),2001,2002,2001-2002,9,itdiag8-dotcom/database (vivid_cars2000.db),added_from_vivid
Opel,ASTRA G Coupe (F07_),2000,2002,2000-2002,10,itdiag8-dotcom/database (vivid_cars2000.db),added_from_vivid
Opel,ASTRA G Estate (F35_),2000,2006,2000-2006,14,itdiag8-dotcom/database (vivid_cars2000.db),added_from_vivid
Opel,"ASTRA G Hatchback (F48_, F08_)",2000,2006,2000-2006,14,itdiag8-dotcom/database (vivid_cars2000.db),added_from_vivid
Opel,ASTRA G Saloon (F69_),2000,2006,2000-2006,11,itdiag8-dotcom/database (vivid_cars2000.db),added_from_vivid
Opel,ASTRA GTC J,2010,2012,2010-2012,17,itdiag8-dotcom/database (vivid_cars2000.db),added_from_vivid
Opel,ASTRA H (L48),2003,2008,2003-2008,27,itdiag8-dotcom/database (vivid_cars2000.db),added_from_vivid
Opel,ASTRA H Box (L70),2003,2006,2003-2006,10,itdiag8-dotcom/database (vivid_cars2000.db),added_from_vivid
Opel,ASTRA H Estate (L35),2003,2008,2003-2008,25,itdiag8-dotcom/database (vivid_cars2000.db),added_from_vivid
Opel,ASTRA H GTC (L08),2004,2006,2004-2006,21,itdiag8-dotcom/database (vivid_cars2000.db),added_from_vivid
Opel,ASTRA H Saloon (L69),2006,2009,2006-2009,8,itdiag8-dotcom/database (vivid_cars2000.db),added_from_vivid
Opel,ASTRA H TwinTop (L67),2004,2006,2004-2006,10,itdiag8-dotcom/database (vivid_cars2000.db),added_from_vivid
Opel,ASTRA J Saloon,2011,2012,2011-2012,15,itdiag8-dotcom/database (vivid_cars2000.db),added_from_vivid
Opel,ASTRA J Sports Tourer,2009,2012,2009-2012,22,itdiag8-dotcom/database (vivid_cars2000.db),added_from_vivid
Opel,Adam,2012,2016,2012-2016,9,original_db,existing
Opel,Adam Rocks,2013,2019,2013-2019,0,gor3a/vehicle-makes-models,added_missing
Opel,Agila,2000,2010,2000-2010,10,original_db,existing
Opel,Agila A,,,,0,DanielKohut/car-data,added_missing
Opel,Agila B,,,,0,DanielKohut/car-data,added_missing
Opel,Ampera,2011,2019,2011-2019,0,gor3a/vehicle-makes-models,added_missing
Opel,Antara,2006,2010,2006-2010,7,original_db,existing
Opel,Ascona A,,,,0,DanielKohut/car-data,added_missing
Opel,Ascona B,,,,0,DanielKohut/car-data,added_missing
Opel,Ascona C,,,,0,DanielKohut/car-data,added_missing
Opel,Astra,1997,2015,1997-2015,77,original_db,existing
Opel,Astra Caravan,1994,2011,1994-2011,0,gor3a/vehicle-makes-models,added_missing
Opel,Astra F,,,,0,DanielKohut/car-data,added_missing
Opel,Astra G,,,,0,DanielKohut/car-data,added_missing
Opel,Astra GTC,2011,2018,2011-2018,0,gor3a/vehicle-makes-models,added_missing
Opel,Astra H,,,,0,DanielKohut/car-data,added_missing
Opel,Astra J,,,,0,DanielKohut/car-data,added_missing
Opel,Astra K,,,,0,DanielKohut/car-data,added_missing
Opel,Astra L,,,,0,DanielKohut/car-data,added_missing
Opel,Astra OPC,2000,2018,2000-2018,0,gor3a/vehicle-makes-models,added_missing
Opel,Astra Sports Tourer,2010,2026,2010-2026,0,gor3a/vehicle-makes-models,added_missing
Opel,Astra Twin Top /,2006,2011,2006-2011,0,gor3a/vehicle-makes-models,added_missing
Opel,CAMPO (TF_),2001,2001,2001,1,itdiag8-dotcom/database (vivid_cars2000.db),added_from_vivid
Opel,CASCADA (W13),2012,2012,2012,6,itdiag8-dotcom/database (vivid_cars2000.db),added_from_vivid
Opel,COMBO Box Body / Estate,2001,2005,2001-2005,11,itdiag8-dotcom/database (vivid_cars2000.db),added_from_vivid
Opel,COMBO Box Body / Estate (X12),2011,2011,2011,7,itdiag8-dotcom/database (vivid_cars2000.db),added_from_vivid
Opel,COMBO Tour,2001,2005,2001-2005,10,itdiag8-dotcom/database (vivid_cars2000.db),added_from_vivid
Opel,COMBO Tour (X12),2011,2011,2011,7,itdiag8-dotcom/database (vivid_cars2000.db),added_from_vivid
Opel,"CORSA C (F08, F68)",2000,2003,2000-2003,11,itdiag8-dotcom/database (vivid_cars2000.db),added_from_vivid
Opel,"CORSA C Box (F08, W5L)",2000,2004,2000-2004,8,itdiag8-dotcom/database (vivid_cars2000.db),added_from_vivid
Opel,CORSA D Van,2005,2009,2005-2009,10,itdiag8-dotcom/database (vivid_cars2000.db),added_from_vivid
Opel,CORSA E Van,2012,2013,2012-2013,6,itdiag8-dotcom/database (vivid_cars2000.db),added_from_vivid
Opel,Cascada,2013,2013,2013,1,original_db,existing
Opel,Combo,2001,2012,2001-2012,12,original_db,existing
Opel,Combo A,,,,0,DanielKohut/car-data,added_missing
Opel,Combo B,,,,0,DanielKohut/car-data,added_missing
Opel,Combo C,,,,0,DanielKohut/car-data,added_missing
Opel,Combo D,,,,0,DanielKohut/car-data,added_missing
Opel,Combo E,,,,0,DanielKohut/car-data,added_missing
Opel,Commodore A,,,,0,DanielKohut/car-data,added_missing
Opel,Commodore B,,,,0,DanielKohut/car-data,added_missing
Opel,Commodore C,,,,0,DanielKohut/car-data,added_missing
Opel,Corsa,1994,2015,1994-2015,42,original_db,existing
Opel,Corsa A,,,,0,DanielKohut/car-data,added_missing
Opel,Corsa B,,,,0,DanielKohut/car-data,added_missing
Opel,Corsa C,,,,0,DanielKohut/car-data,added_missing
Opel,Corsa D,,,,0,DanielKohut/car-data,added_missing
Opel,Corsa E,,,,0,DanielKohut/car-data,added_missing
Opel,Corsa F,,,,0,DanielKohut/car-data,added_missing
Opel,Corsa G,,,,0,DanielKohut/car-data,added_missing
Opel,Corsa GSE,2026,2026,2026-2026,0,gor3a/vehicle-makes-models,added_missing
Opel,Corsa OPC,2007,2019,2007-2019,0,gor3a/vehicle-makes-models,added_missing
Opel,Crossland,2017,2026,2017-2026,0,gor3a/vehicle-makes-models,added_missing
Opel,FRONTERA B (6B_),2002,2002,2002,1,itdiag8-dotcom/database (vivid_cars2000.db),added_from_vivid
Opel,Frontera,1999,2001,1999-2001,3,original_db,existing
Opel,Frontera A,,,,0,DanielKohut/car-data,added_missing
Opel,Frontera B,,,,0,DanielKohut/car-data,added_missing
Opel,GT Convertible,2006,2006,2006,2,itdiag8-dotcom/database (vivid_cars2000.db),added_from_vivid
Opel,Grandland,2017,2026,2017-2026,0,gor3a/vehicle-makes-models,added_missing
Opel,Grandland X,,,,0,DanielKohut/car-data,added_missing
Opel,Gt,2007,2007,2007,1,original_db,existing
Opel,INSIGNIA Estate,2007,2013,2007-2013,26,itdiag8-dotcom/database (vivid_cars2000.db),added_from_vivid
Opel,INSIGNIA Saloon,2007,2013,2007-2013,25,itdiag8-dotcom/database (vivid_cars2000.db),added_from_vivid
Opel,Insignia,2008,2015,2008-2015,34,original_db,existing
Opel,Insignia A,,,,0,DanielKohut/car-data,added_missing
Opel,Insignia B,,,,0,DanielKohut/car-data,added_missing
Opel,Insignia Country Tourer,2013,2017,2013-2017,0,gor3a/vehicle-makes-models,added_missing
Opel,Insignia GSi,2017,2020,2017-2020,0,gor3a/vehicle-makes-models,added_missing
Opel,Insignia OPC,2009,2013,2009-2013,0,gor3a/vehicle-makes-models,added_missing
Opel,Insignia Sports Tourer,2009,2020,2009-2020,0,gor3a/vehicle-makes-models,added_missing
Opel,Insignia Sports Tourer GSi,2017,2020,2017-2020,0,gor3a/vehicle-makes-models,added_missing
Opel,Insignia Sports Tourer OPC,2009,2017,2009-2017,0,gor3a/vehicle-makes-models,added_missing
Opel,Kadett A,,,,0,DanielKohut/car-data,added_missing
Opel,Kadett B,,,,0,DanielKohut/car-data,added_missing
Opel,Kadett C,,,,0,DanielKohut/car-data,added_missing
Opel,Kadett D,,,,0,DanielKohut/car-data,added_missing
Opel,Kadett E,,,,0,DanielKohut/car-data,added_missing
Opel,Kadett F,,,,0,DanielKohut/car-data,added_missing
Opel,Karl,2015,2019,2015-2019,0,gor3a/vehicle-makes-models,added_missing
Opel,MOVANO B Box,2009,2012,2009-2012,25,itdiag8-dotcom/database (vivid_cars2000.db),added_from_vivid
Opel,MOVANO B Bus,2009,2012,2009-2012,13,itdiag8-dotcom/database (vivid_cars2000.db),added_from_vivid
Opel,MOVANO B Platform/Chassis,2009,2012,2009-2012,26,itdiag8-dotcom/database (vivid_cars2000.db),added_from_vivid
Opel,MOVANO Box (F9),2000,2003,2000-2003,18,itdiag8-dotcom/database (vivid_cars2000.db),added_from_vivid
Opel,MOVANO Combi (J9),2000,2006,2000-2006,18,itdiag8-dotcom/database (vivid_cars2000.db),added_from_vivid
Opel,MOVANO Dumptruck (H9),2000,2005,2000-2005,15,itdiag8-dotcom/database (vivid_cars2000.db),added_from_vivid
Opel,"MOVANO Platform/Chassis (U9, E9)",2000,2005,2000-2005,15,itdiag8-dotcom/database (vivid_cars2000.db),added_from_vivid
Opel,Manta A,,,,0,DanielKohut/car-data,added_missing
Opel,Manta B,,,,0,DanielKohut/car-data,added_missing
Opel,Meriva,2003,2013,2003-2013,25,original_db,existing
Opel,Meriva A,,,,0,DanielKohut/car-data,added_missing
Opel,Meriva B,,,,0,DanielKohut/car-data,added_missing
Opel,Mokka,2012,2015,2012-2015,4,original_db,existing
Opel,Mokka X,,,,0,DanielKohut/car-data,added_missing
Opel,Movano,2000,2014,2000-2014,23,original_db,existing
Opel,"OMEGA B (25_, 26_, 27_)",2000,2001,2000-2001,6,itdiag8-dotcom/database (vivid_cars2000.db),added_from_vivid
Opel,"OMEGA B Estate (21_, 22_, 23_)",2000,2001,2000-2001,5,itdiag8-dotcom/database (vivid_cars2000.db),added_from_vivid
Opel,Omega,1997,2001,1997-2001,3,original_db,existing
Opel,Omega A,,,,0,DanielKohut/car-data,added_missing
Opel,Omega B,,,,0,DanielKohut/car-data,added_missing
Opel,Omega Caravan,1986,2003,1986-2003,0,gor3a/vehicle-makes-models,added_missing
Opel,Rekord C,,,,0,DanielKohut/car-data,added_missing
Opel,Rekord D,,,,0,DanielKohut/car-data,added_missing
Opel,Rekord E,,,,0,DanielKohut/car-data,added_missing
Opel,Rocks-e,2021,2026,2021-2026,0,gor3a/vehicle-makes-models,added_missing
Opel,Senator A,,,,0,DanielKohut/car-data,added_missing
Opel,Senator B,,,,0,DanielKohut/car-data,added_missing
Opel,Signum,2002,2006,2002-2006,19,original_db,existing
Opel,Speedster,2001,2003,2001-2003,2,original_db,existing
Opel,Tigra A,,,,0,DanielKohut/car-data,added_missing
Opel,Tigra B (TwinTop),,,,0,DanielKohut/car-data,added_missing
Opel,Tigra Twintop,2005,2005,2005,3,original_db,existing
Opel,VECTRA B (36_),2000,2000,2000,5,itdiag8-dotcom/database (vivid_cars2000.db),added_from_vivid
Opel,VECTRA B Estate (31_),2000,2000,2000,5,itdiag8-dotcom/database (vivid_cars2000.db),added_from_vivid
Opel,VECTRA B Hatchback (38_),2000,2000,2000,5,itdiag8-dotcom/database (vivid_cars2000.db),added_from_vivid
Opel,VECTRA C Estate,2003,2006,2003-2006,19,itdiag8-dotcom/database (vivid_cars2000.db),added_from_vivid
Opel,VECTRA C GTS,2002,2005,2002-2005,22,itdiag8-dotcom/database (vivid_cars2000.db),added_from_vivid
Opel,VIVARO Box,2012,2012,2012,2,itdiag8-dotcom/database (vivid_cars2000.db),added_from_vivid
Opel,VIVARO Box (F7),2001,2005,2001-2005,19,itdiag8-dotcom/database (vivid_cars2000.db),added_from_vivid
Opel,VIVARO Combi,2012,2012,2012,2,itdiag8-dotcom/database (vivid_cars2000.db),added_from_vivid
Opel,VIVARO Combi (J7),2001,2005,2001-2005,18,itdiag8-dotcom/database (vivid_cars2000.db),added_from_vivid
Opel,VIVARO Platform/Chassis (E7),2005,2005,2005,9,itdiag8-dotcom/database (vivid_cars2000.db),added_from_vivid
Opel,Vectra,1995,2007,1995-2007,37,original_db,existing
Opel,Vectra A,,,,0,DanielKohut/car-data,added_missing
Opel,Vectra B,,,,0,DanielKohut/car-data,added_missing
Opel,Vectra C,,,,0,DanielKohut/car-data,added_missing
Opel,Vectra Caravan,1996,2008,1996-2008,0,gor3a/vehicle-makes-models,added_missing
Opel,Vectra OPC,2005,2008,2005-2008,0,gor3a/vehicle-makes-models,added_missing
Opel,Vita,1994,2005,1994-2005,16,original_db,existing
Opel,Vivaro,2001,2014,2001-2014,13,original_db,existing
Opel,Vivaro A,,,,0,DanielKohut/car-data,added_missing
Opel,Vivaro B,,,,0,DanielKohut/car-data,added_missing
Opel,Vivaro C,,,,0,DanielKohut/car-data,added_missing
Opel,ZAFIRA A (F75_),2000,2003,2000-2003,11,itdiag8-dotcom/database (vivid_cars2000.db),added_from_vivid
Opel,ZAFIRA B (A05),2004,2012,2004-2012,19,itdiag8-dotcom/database (vivid_cars2000.db),added_from_vivid
Opel,ZAFIRA B Van,2004,2008,2004-2008,7,itdiag8-dotcom/database (vivid_cars2000.db),added_from_vivid
Opel,ZAFIRA TOURER C (P12),2010,2013,2010-2013,22,itdiag8-dotcom/database (vivid_cars2000.db),added_from_vivid
Opel,Zafira,1999,2013,1999-2013,34,original_db,existing
Opel,Zafira A,,,,0,DanielKohut/car-data,added_missing
Opel,Zafira B,,,,0,DanielKohut/car-data,added_missing
Opel,Zafira C (Tourer),,,,0,DanielKohut/car-data,added_missing
Opel,Zafira Life,,,,0,DanielKohut/car-data,added_missing
Opel,Zafira Tourer,2011,2013,2011-2013,4,original_db,existing
Oreion Motors,Reeper,2003,2003,2003,1,original_db,existing
Peugeot,1007,2005,2007,2005-2007,5,original_db,existing
Peugeot,1007 (KM_),2004,2006,2004-2006,6,itdiag8-dotcom/database (vivid_cars2000.db),added_from_vivid
Peugeot,106,1999,2001,1999-2001,3,original_db,existing
Peugeot,106 Van (1_),2000,2000,2000,1,itdiag8-dotcom/database (vivid_cars2000.db),added_from_vivid
Peugeot,107,2005,2005,2005,1,original_db,existing
Peugeot,108,2014,2022,2014-2022,0,gor3a/vehicle-makes-models,added_missing
Peugeot,2008,2013,2026,2013-2026,0,gor3a/vehicle-makes-models,added_missing
Peugeot,204,,,,0,DanielKohut/car-data,added_missing
Peugeot,206,1998,2004,1998-2004,14,original_db,existing
Peugeot,206 CC,2001,2007,2001-2007,0,gor3a/vehicle-makes-models,added_missing
Peugeot,206 CC (2D),2000,2004,2000-2004,3,itdiag8-dotcom/database (vivid_cars2000.db),added_from_vivid
Peugeot,206 Hatchback (2A/C),2000,2005,2000-2005,11,itdiag8-dotcom/database (vivid_cars2000.db),added_from_vivid
Peugeot,206 Plus,2008,2008,2008,1,original_db,existing
Peugeot,206 SW,2002,2007,2002-2007,0,gor3a/vehicle-makes-models,added_missing
Peugeot,206 SW (2E/K),2002,2004,2002-2004,11,itdiag8-dotcom/database (vivid_cars2000.db),added_from_vivid
Peugeot,206 Saloon,2006,2007,2006-2007,4,itdiag8-dotcom/database (vivid_cars2000.db),added_from_vivid
Peugeot,206 Van,2001,2001,2001,2,itdiag8-dotcom/database (vivid_cars2000.db),added_from_vivid
Peugeot,206+,2009,2013,2009-2013,0,gor3a/vehicle-makes-models,added_missing
Peugeot,206+ (T3E),2008,2009,2008-2009,9,itdiag8-dotcom/database (vivid_cars2000.db),added_from_vivid
Peugeot,207,2006,2010,2006-2010,10,original_db,existing
Peugeot,"207 (WA_, WC_)",2005,2008,2005-2008,26,itdiag8-dotcom/database (vivid_cars2000.db),added_from_vivid
Peugeot,207 CC,2007,2014,2007-2014,0,gor3a/vehicle-makes-models,added_missing
Peugeot,207 CC (WD_),2006,2009,2006-2009,6,itdiag8-dotcom/database (vivid_cars2000.db),added_from_vivid
Peugeot,207 SW,2007,2012,2007-2012,0,gor3a/vehicle-makes-models,added_missing
Peugeot,207 SW (WK_),2006,2008,2006-2008,12,itdiag8-dotcom/database (vivid_cars2000.db),added_from_vivid
Peugeot,207 Saloon,2006,2008,2006-2008,3,itdiag8-dotcom/database (vivid_cars2000.db),added_from_vivid
Peugeot,207 Van,2006,2006,2006,3,itdiag8-dotcom/database (vivid_cars2000.db),added_from_vivid
Peugeot,208,2012,2014,2012-2014,7,original_db,existing
Peugeot,208 GTI,2013,2018,2013-2018,0,gor3a/vehicle-makes-models,added_missing
Peugeot,208 XY,2013,2015,2013-2015,0,gor3a/vehicle-makes-models,added_missing
Peugeot,3008,2009,2010,2009-2010,7,original_db,existing
Peugeot,301,2012,2026,2012-2026,0,gor3a/vehicle-makes-models,added_missing
Peugeot,304,,,,0,DanielKohut/car-data,added_missing
Peugeot,305,,,,0,DanielKohut/car-data,added_missing
Peugeot,306,1999,2000,1999-2000,2,original_db,existing
Peugeot,"306 (7B, N3, N5)",2000,2000,2000,2,itdiag8-dotcom/database (vivid_cars2000.db),added_from_vivid
Peugeot,"306 Break (7E, N3, N5)",2000,2000,2000,1,itdiag8-dotcom/database (vivid_cars2000.db),added_from_vivid
Peugeot,"306 Convertible (7D, N3, N5)",2000,2000,2000,2,itdiag8-dotcom/database (vivid_cars2000.db),added_from_vivid
Peugeot,"306 Hatchback (7A, 7C, N3, N5)",2000,2000,2000,2,itdiag8-dotcom/database (vivid_cars2000.db),added_from_vivid
Peugeot,307,2000,2005,2000-2005,16,original_db,existing
Peugeot,307 (3A/C),2000,2007,2000-2007,19,itdiag8-dotcom/database (vivid_cars2000.db),added_from_vivid
Peugeot,307 Break (3E),2002,2006,2002-2006,15,itdiag8-dotcom/database (vivid_cars2000.db),added_from_vivid
Peugeot,307 CC,2003,2008,2003-2008,0,gor3a/vehicle-makes-models,added_missing
Peugeot,307 CC (3B),2003,2004,2003-2004,5,itdiag8-dotcom/database (vivid_cars2000.db),added_from_vivid
Peugeot,307 SW,2002,2008,2002-2008,0,gor3a/vehicle-makes-models,added_missing
Peugeot,307 SW (3H),2002,2006,2002-2006,14,itdiag8-dotcom/database (vivid_cars2000.db),added_from_vivid
Peugeot,308,2007,2010,2007-2010,12,original_db,existing
Peugeot,"308 (4A_, 4C_)",2006,2012,2006-2012,28,itdiag8-dotcom/database (vivid_cars2000.db),added_from_vivid
Peugeot,308 CC,2008,2015,2008-2015,0,gor3a/vehicle-makes-models,added_missing
Peugeot,308 II,2012,2012,2012,10,itdiag8-dotcom/database (vivid_cars2000.db),added_from_vivid
Peugeot,308 SW,2008,2026,2008-2026,0,gor3a/vehicle-makes-models,added_missing
Peugeot,308 SW II,2012,2012,2012,10,itdiag8-dotcom/database (vivid_cars2000.db),added_from_vivid
Peugeot,309,,,,0,DanielKohut/car-data,added_missing
Peugeot,4007,2007,2008,2007-2008,2,original_db,existing
Peugeot,4007 (GP_),2006,2009,2006-2009,3,itdiag8-dotcom/database (vivid_cars2000.db),added_from_vivid
Peugeot,4008,2012,2017,2012-2017,0,gor3a/vehicle-makes-models,added_missing
Peugeot,406,2000,2001,2000-2001,7,original_db,existing
Peugeot,406 (8B),2000,2001,2000-2001,7,itdiag8-dotcom/database (vivid_cars2000.db),added_from_vivid
Peugeot,406 Break,1996,2004,1996-2004,0,gor3a/vehicle-makes-models,added_missing
Peugeot,406 Break (8E/F),2000,2001,2000-2001,7,itdiag8-dotcom/database (vivid_cars2000.db),added_from_vivid
Peugeot,406 Coupe (8C),2000,2002,2000-2002,3,itdiag8-dotcom/database (vivid_cars2000.db),added_from_vivid
Peugeot,407,2000,2008,2000-2008,10,original_db,existing
Peugeot,407 (6D_),2003,2009,2003-2009,18,itdiag8-dotcom/database (vivid_cars2000.db),added_from_vivid
Peugeot,407 Coupe (6C_),2004,2009,2004-2009,8,itdiag8-dotcom/database (vivid_cars2000.db),added_from_vivid
Peugeot,407 SW,2004,2010,2004-2010,0,gor3a/vehicle-makes-models,added_missing
Peugeot,407 SW (6E_),2003,2009,2003-2009,17,itdiag8-dotcom/database (vivid_cars2000.db),added_from_vivid
Peugeot,408,2010,2026,2010-2026,0,gor3a/vehicle-makes-models,added_missing
Peugeot,5008,2009,2010,2009-2010,6,original_db,existing
Peugeot,508,2009,2012,2009-2012,8,original_db,existing
Peugeot,508 RXH,2011,2018,2011-2018,0,gor3a/vehicle-makes-models,added_missing
Peugeot,508 SW,2010,2026,2010-2026,0,gor3a/vehicle-makes-models,added_missing
Peugeot,607,2000,2006,2000-2006,9,original_db,existing
Peugeot,"607 (9D, 9U)",2000,2005,2000-2005,10,itdiag8-dotcom/database (vivid_cars2000.db),added_from_vivid
Peugeot,806,1999,2000,1999-2000,2,original_db,existing
Peugeot,806 (221),2000,2000,2000,1,itdiag8-dotcom/database (vivid_cars2000.db),added_from_vivid
Peugeot,807,2002,2009,2002-2009,10,original_db,existing
Peugeot,807 (E),2002,2008,2002-2008,14,itdiag8-dotcom/database (vivid_cars2000.db),added_from_vivid
Peugeot,BIPPER (AA_),2007,2009,2007-2009,3,itdiag8-dotcom/database (vivid_cars2000.db),added_from_vivid
Peugeot,BIPPER Tepee,2007,2009,2007-2009,3,itdiag8-dotcom/database (vivid_cars2000.db),added_from_vivid
Peugeot,BOXER Box,2005,2010,2005-2010,3,itdiag8-dotcom/database (vivid_cars2000.db),added_from_vivid
Peugeot,BOXER Box (230L),2000,2001,2000-2001,3,itdiag8-dotcom/database (vivid_cars2000.db),added_from_vivid
Peugeot,BOXER Box (244),2002,2004,2002-2004,7,itdiag8-dotcom/database (vivid_cars2000.db),added_from_vivid
Peugeot,BOXER Bus,2005,2010,2005-2010,3,itdiag8-dotcom/database (vivid_cars2000.db),added_from_vivid
Peugeot,BOXER Bus (230P),2000,2000,2000,2,itdiag8-dotcom/database (vivid_cars2000.db),added_from_vivid
Peugeot,"BOXER Bus (244, Z_)",2002,2003,2002-2003,6,itdiag8-dotcom/database (vivid_cars2000.db),added_from_vivid
Peugeot,BOXER Platform/Chassis,2005,2010,2005-2010,3,itdiag8-dotcom/database (vivid_cars2000.db),added_from_vivid
Peugeot,BOXER Platform/Chassis (244),2002,2003,2002-2003,5,itdiag8-dotcom/database (vivid_cars2000.db),added_from_vivid
Peugeot,BOXER Platform/Chassis (ZCT_),2000,2001,2000-2001,3,itdiag8-dotcom/database (vivid_cars2000.db),added_from_vivid
Peugeot,Bipper,2005,2011,2005-2011,3,original_db,existing
Peugeot,Boxer,2000,2011,2000-2011,9,original_db,existing
Peugeot,EXPERT (224),2000,2003,2000-2003,7,itdiag8-dotcom/database (vivid_cars2000.db),added_from_vivid
Peugeot,EXPERT Box (222),2000,2002,2000-2002,5,itdiag8-dotcom/database (vivid_cars2000.db),added_from_vivid
Peugeot,"EXPERT Box (VF3A_, VF3U_, VF3X_)",2006,2011,2006-2011,11,itdiag8-dotcom/database (vivid_cars2000.db),added_from_vivid
Peugeot,EXPERT Platform/Chassis,2006,2006,2006,3,itdiag8-dotcom/database (vivid_cars2000.db),added_from_vivid
Peugeot,EXPERT Platform/Chassis (223),2000,2000,2000,1,itdiag8-dotcom/database (vivid_cars2000.db),added_from_vivid
Peugeot,EXPERT Tepee (VF3V_),2006,2010,2006-2010,9,itdiag8-dotcom/database (vivid_cars2000.db),added_from_vivid
Peugeot,Expert,2000,2009,2000-2009,8,original_db,existing
Peugeot,Hoggar,2010,2014,2010-2014,0,gor3a/vehicle-makes-models,added_missing
Peugeot,Landtrek,2020,2026,2020-2026,0,gor3a/vehicle-makes-models,added_missing
Peugeot,PARTNER Box,2007,2012,2007-2012,16,itdiag8-dotcom/database (vivid_cars2000.db),added_from_vivid
Peugeot,PARTNER Box (5),2000,2005,2000-2005,9,itdiag8-dotcom/database (vivid_cars2000.db),added_from_vivid
Peugeot,PARTNER Combispace (5F),2000,2005,2000-2005,7,itdiag8-dotcom/database (vivid_cars2000.db),added_from_vivid
Peugeot,PARTNER Platform/Chassis,2008,2008,2008,3,itdiag8-dotcom/database (vivid_cars2000.db),added_from_vivid
Peugeot,PARTNER Tepee,2007,2012,2007-2012,14,itdiag8-dotcom/database (vivid_cars2000.db),added_from_vivid
Peugeot,Partner,2000,2010,2000-2010,14,original_db,existing
Peugeot,Partner Combi,2002,2008,2002-2008,0,gor3a/vehicle-makes-models,added_missing
Peugeot,Pick Up,2017,2020,2017-2020,0,gor3a/vehicle-makes-models,added_missing
Peugeot,RCZ R,2013,2015,2013-2015,0,gor3a/vehicle-makes-models,added_missing
Peugeot,RIFTER,2018,2023,2018-2023,0,gor3a/vehicle-makes-models,added_missing
Peugeot,Ranch,2000,2006,2000-2006,6,original_db,existing
Peugeot,Rcz,2010,2010,2010,3,original_db,existing
Peugeot,Tepee,2007,2017,2007-2017,0,gor3a/vehicle-makes-models,added_missing
Peugeot,Traveller,2016,2026,2016-2026,0,gor3a/vehicle-makes-models,added_missing
Peugeot,iOn,2010,2012,2010-2012,0,gor3a/vehicle-makes-models,added_missing
Polestar,1,2019,2022,2019-2022,0,gor3a/vehicle-makes-models,added_missing
Polestar,2,2019,2026,2019-2026,0,gor3a/vehicle-makes-models,added_missing
Polestar,3,2022,2026,2022-2026,0,gor3a/vehicle-makes-models,added_missing
Polestar,4,2023,2026,2023-2026,0,gor3a/vehicle-makes-models,added_missing
Polestar,5,2025,2026,2025-2026,0,gor3a/vehicle-makes-models,added_missing
Porsche,356,,,,0,DanielKohut/car-data,added_missing
Porsche,550,,,,0,DanielKohut/car-data,added_missing
Porsche,718,2019,2026,2019-2026,0,gor3a/vehicle-makes-models,added_missing
Porsche,718 Boxster,2016,2026,2016-2026,0,gor3a/vehicle-makes-models,added_missing
Porsche,718 Boxster GTS,2017,2026,2017-2026,0,gor3a/vehicle-makes-models,added_missing
Porsche,718 Boxster S,2016,2026,2016-2026,0,gor3a/vehicle-makes-models,added_missing
Porsche,718 Cayman,2016,2026,2016-2026,0,gor3a/vehicle-makes-models,added_missing
Porsche,718 Cayman GT4,2015,2026,2015-2026,0,gor3a/vehicle-makes-models,added_missing
Porsche,718 Cayman GTS,2017,2026,2017-2026,0,gor3a/vehicle-makes-models,added_missing
Porsche,718 Cayman S,2016,2026,2016-2026,0,gor3a/vehicle-makes-models,added_missing
Porsche,718 Spyder,2020,2025,2020-2025,0,plowman/open-vehicle-db,added_missing
Porsche,911,,,,0,DanielKohut/car-data,added_missing
Porsche,911 (991),2010,2012,2010-2012,6,itdiag8-dotcom/database (vivid_cars2000.db),added_from_vivid
Porsche,911 (996),2000,2003,2000-2003,8,itdiag8-dotcom/database (vivid_cars2000.db),added_from_vivid
Porsche,911 (997),2003,2010,2003-2010,18,itdiag8-dotcom/database (vivid_cars2000.db),added_from_vivid
Porsche,911 Carrera,1997,2011,1997-2011,11,original_db,existing
Porsche,911 Carrera 4,1995,2012,1995-2012,11,original_db,existing
Porsche,911 Carrera 4 Cabriolet,1998,2012,1998-2012,13,original_db,existing
Porsche,911 Carrera 4 Gts,2012,2013,2012-2013,2,original_db,existing
Porsche,911 Carrera 4 Gts Cabriolet,2012,2012,2012,2,original_db,existing
Porsche,911 Carrera 4S,2001,2012,2001-2012,9,original_db,existing
Porsche,911 Carrera 4S Cabriolet,2003,2012,2003-2012,9,original_db,existing
Porsche,911 Carrera Cabriolet,1998,2012,1998-2012,10,original_db,existing
Porsche,911 Carrera Gts,2010,2012,2010-2012,3,original_db,existing
Porsche,911 Carrera Gts Cabriolet,2010,2012,2010-2012,3,original_db,existing
Porsche,911 Carrera S,2004,2012,2004-2012,6,original_db,existing
Porsche,911 Carrera S Cabriolet,2005,2012,2005-2012,6,original_db,existing
Porsche,911 Carrera T,2017,2026,2017-2026,0,gor3a/vehicle-makes-models,added_missing
Porsche,911 Carrera Targa,2002,2002,2002,2,original_db,existing
Porsche,911 Carrera Targa 4,2006,2014,2006-2014,6,original_db,existing
Porsche,911 Carrera Targa 4S,2006,2014,2006-2014,6,original_db,existing
Porsche,911 Carrera Targa Cabriolet,2002,2002,2002,2,original_db,existing
Porsche,911 Convertible (991),2011,2012,2011-2012,3,itdiag8-dotcom/database (vivid_cars2000.db),added_from_vivid
Porsche,911 Convertible (996),2001,2003,2001-2003,4,itdiag8-dotcom/database (vivid_cars2000.db),added_from_vivid
Porsche,911 Convertible (997),2004,2009,2004-2009,11,itdiag8-dotcom/database (vivid_cars2000.db),added_from_vivid
Porsche,911 Gt2,1995,2007,1995-2007,4,original_db,existing
Porsche,911 Gt2 Rs,2010,2010,2010,1,original_db,existing
Porsche,911 Gt3,2000,2013,2000-2013,4,original_db,existing
Porsche,911 Gt3 Rs,2003,2016,2003-2016,4,original_db,existing
Porsche,911 R,2016,2019,2016-2019,0,gor3a/vehicle-makes-models,added_missing
Porsche,911 Speedster,2005,2005,2005,1,original_db,existing
Porsche,911 Speedster Cabriolet,2010,2010,2010,1,original_db,existing
Porsche,911 Sport Classic,2009,2009,2009,1,original_db,existing
Porsche,911 Targa (991),2012,2012,2012,2,itdiag8-dotcom/database (vivid_cars2000.db),added_from_vivid
Porsche,911 Targa (996),2001,2001,2001,1,itdiag8-dotcom/database (vivid_cars2000.db),added_from_vivid
Porsche,911 Targa (997),2005,2007,2005-2007,4,itdiag8-dotcom/database (vivid_cars2000.db),added_from_vivid
Porsche,911 Targa 4 Gts,2014,2014,2014,2,original_db,existing
Porsche,911 Targa 4S,2006,2026,2006-2026,0,gor3a/vehicle-makes-models,added_missing
Porsche,911 Turbo,1995,2016,1995-2016,7,original_db,existing
Porsche,911 Turbo 4,2001,2001,2001,2,original_db,existing
Porsche,911 Turbo Cabriolet,2004,2016,2004-2016,8,original_db,existing
Porsche,911 Turbo S,1996,2016,1996-2016,6,original_db,existing
Porsche,911 Turbo S Cabriolet,2004,2016,2004-2016,5,original_db,existing
Porsche,918,2013,2015,2013-2015,0,gor3a/vehicle-makes-models,added_missing
Porsche,918 Spyder,2014,2014,2014,1,original_db,existing
Porsche,924,,,,0,DanielKohut/car-data,added_missing
Porsche,BOXSTER (981),2011,2012,2011-2012,3,itdiag8-dotcom/database (vivid_cars2000.db),added_from_vivid
Porsche,BOXSTER (986),2002,2003,2002-2003,3,itdiag8-dotcom/database (vivid_cars2000.db),added_from_vivid
Porsche,BOXSTER (987),2003,2009,2003-2009,10,itdiag8-dotcom/database (vivid_cars2000.db),added_from_vivid
Porsche,Boxster,1996,2012,1996-2012,14,original_db,existing
Porsche,Boxster Black Edition,2015,2016,2015-2016,3,original_db,existing
Porsche,Boxster Gts,2014,2014,2014,2,original_db,existing
Porsche,Boxster Rs 60 Spyder,2007,2007,2007,1,original_db,existing
Porsche,Boxster S,1999,2012,1999-2012,12,original_db,existing
Porsche,Boxster S 550 Spyder,2004,2004,2004,1,original_db,existing
Porsche,Boxster Spyder,2010,2015,2010-2015,2,original_db,existing
Porsche,CAYENNE (955),2002,2008,2002-2008,12,itdiag8-dotcom/database (vivid_cars2000.db),added_from_vivid
Porsche,CAYMAN (981),2012,2012,2012,2,itdiag8-dotcom/database (vivid_cars2000.db),added_from_vivid
Porsche,CAYMAN (987),2004,2009,2004-2009,6,itdiag8-dotcom/database (vivid_cars2000.db),added_from_vivid
Porsche,Carrera Gt,2003,2003,2003,1,original_db,existing
Porsche,Cayenne,2003,2015,2003-2015,6,original_db,existing
Porsche,Cayenne Diesel,2009,2014,2009-2014,4,original_db,existing
Porsche,Cayenne E-Hybrid,2014,2014,2014,1,original_db,existing
Porsche,Cayenne Electric,2026,2026,2026-2026,0,gor3a/vehicle-makes-models,added_missing
Porsche,Cayenne Gts,2007,2013,2007-2013,3,original_db,existing
Porsche,Cayenne S,2002,2011,2002-2011,5,original_db,existing
Porsche,Cayenne S Diesel,2013,2014,2013-2014,2,original_db,existing
Porsche,Cayenne S E-Hybrid,2014,2019,2014-2019,0,gor3a/vehicle-makes-models,added_missing
Porsche,Cayenne S Electric,2026,2026,2026-2026,0,gor3a/vehicle-makes-models,added_missing
Porsche,Cayenne S Hybrid,2010,2010,2010,1,original_db,existing
Porsche,Cayenne S TransSyberia,2009,2011,2009-2011,0,gor3a/vehicle-makes-models,added_missing
Porsche,Cayenne Turbo,2002,2014,2002-2014,6,original_db,existing
Porsche,Cayenne Turbo E-Hybrid,2023,2026,2023-2026,0,gor3a/vehicle-makes-models,added_missing
Porsche,Cayenne Turbo S,2006,2015,2006-2015,5,original_db,existing
Porsche,Cayenne Turbo S E-Hybrid,2019,2023,2019-2023,0,gor3a/vehicle-makes-models,added_missing
Porsche,Cayman,2006,2014,2006-2014,5,original_db,existing
Porsche,Cayman Gt4,2015,2015,2015,1,original_db,existing
Porsche,Cayman Gts,2014,2014,2014,2,original_db,existing
Porsche,Cayman R,2010,2010,2010,2,original_db,existing
Porsche,Cayman S,2005,2013,2005-2013,5,original_db,existing
Porsche,Macan,2015,2016,2015-2016,5,original_db,existing
Porsche,Macan 4 Electric,2024,2026,2024-2026,0,gor3a/vehicle-makes-models,added_missing
Porsche,Macan Gts,2015,2015,2015,1,original_db,existing
Porsche,Macan S,2014,2026,2014-2026,0,gor3a/vehicle-makes-models,added_missing
Porsche,Macan S Diesel,2014,2014,2014,3,original_db,existing
Porsche,Macan T,2022,2026,2022-2026,0,gor3a/vehicle-makes-models,added_missing
Porsche,Macan Turbo,2014,2021,2014-2021,0,gor3a/vehicle-makes-models,added_missing
Porsche,Macan Turbo Electric,2024,2026,2024-2026,0,gor3a/vehicle-makes-models,added_missing
Porsche,Panamera,2009,2023,2009-2023,0,gor3a/vehicle-makes-models,added_missing
Porsche,Panamera 4,2009,2026,2009-2026,0,gor3a/vehicle-makes-models,added_missing
Porsche,Panamera 4 E-Hybrid,2016,2020,2016-2020,0,gor3a/vehicle-makes-models,added_missing
Porsche,Panamera 4 E-Hybrid Sport Turismo,2017,2020,2017-2020,0,gor3a/vehicle-makes-models,added_missing
Porsche,Panamera 4 Sport Turismo,2017,2020,2017-2020,0,gor3a/vehicle-makes-models,added_missing
Porsche,Panamera 4S,2009,2013,2009-2013,2,original_db,existing
Porsche,Panamera 4S Diesel,2016,2020,2016-2020,0,gor3a/vehicle-makes-models,added_missing
Porsche,Panamera 4S Diesel Sport Turismo,2017,2020,2017-2020,0,gor3a/vehicle-makes-models,added_missing
Porsche,Panamera 4S E-Hybrid,2020,2026,2020-2026,0,gor3a/vehicle-makes-models,added_missing
Porsche,Panamera 4S Sport Turismo,2017,2020,2017-2020,0,gor3a/vehicle-makes-models,added_missing
Porsche,Panamera Diesel,2011,2016,2011-2016,3,original_db,existing
Porsche,Panamera GTS Sport Turismo,2018,2026,2018-2026,0,gor3a/vehicle-makes-models,added_missing
Porsche,Panamera Gts,2012,2012,2012,1,original_db,existing
Porsche,Panamera S,2009,2013,2009-2013,3,original_db,existing
Porsche,Panamera S E-Hybrid,2013,2013,2013,2,original_db,existing
Porsche,Panamera S Hybrid,2011,2011,2011,2,original_db,existing
Porsche,Panamera Turbo,2009,2013,2009-2013,2,original_db,existing
Porsche,Panamera Turbo E Hybrid,2023,2026,2023-2026,0,gor3a/vehicle-makes-models,added_missing
Porsche,Panamera Turbo S,2011,2014,2011-2014,2,original_db,existing
Porsche,Panamera Turbo S E-Hybrid,2017,2020,2017-2020,0,gor3a/vehicle-makes-models,added_missing
Porsche,Panamera Turbo S E-Hybrid Sport Turismo,2017,2023,2017-2023,0,gor3a/vehicle-makes-models,added_missing
Porsche,Panamera Turbo S Sport Turismo,2020,2026,2020-2026,0,gor3a/vehicle-makes-models,added_missing
Porsche,Panamera Turbo Sport Turismo,2017,2020,2017-2020,0,gor3a/vehicle-makes-models,added_missing
Porsche,Speedster,2019,2019,2019-2019,0,gor3a/vehicle-makes-models,added_missing
Porsche,Taycan,2019,2026,2019-2026,0,gor3a/vehicle-makes-models,added_missing
Porsche,Taycan Cross Turismo,2021,2026,2021-2026,0,gor3a/vehicle-makes-models,added_missing
Porsche,Taycan GTS,2021,2026,2021-2026,0,gor3a/vehicle-makes-models,added_missing
Porsche,Taycan GTS Sport Turismo,2021,2026,2021-2026,0,gor3a/vehicle-makes-models,added_missing
Porsche,Taycan Sport Turismo,2024,2026,2024-2026,0,gor3a/vehicle-makes-models,added_missing
Porsche,Taycan Turbo,2019,2026,2019-2026,0,gor3a/vehicle-makes-models,added_missing
Proton,37257,2004,2004,2004,3,original_db,existing
Proton,Arena / Jumbuck,2002,2011,2002-2011,0,gor3a/vehicle-makes-models,added_missing
Proton,Ertiga,2016,2018,2016-2018,0,gor3a/vehicle-makes-models,added_missing
Proton,Exora,2009,2019,2009-2019,0,gor3a/vehicle-makes-models,added_missing
Proton,GEN 2 (CM_),2003,2007,2003-2007,3,itdiag8-dotcom/database (vivid_cars2000.db),added_from_vivid
Proton,Gen-2,2004,2013,2004-2013,0,gor3a/vehicle-makes-models,added_missing
Proton,IMPIAN,2001,2001,2001,2,itdiag8-dotcom/database (vivid_cars2000.db),added_from_vivid
Proton,Inspira,2010,2015,2010-2015,0,gor3a/vehicle-makes-models,added_missing
Proton,Iriz,2014,2017,2014-2017,0,gor3a/vehicle-makes-models,added_missing
Proton,JUMBUCK Pickup,2002,2002,2002,2,itdiag8-dotcom/database (vivid_cars2000.db),added_from_vivid
Proton,PERSONA 300 (C9_M),2000,2000,2000,2,itdiag8-dotcom/database (vivid_cars2000.db),added_from_vivid
Proton,PERSONA 400 (C9_S),2000,2004,2000-2004,3,itdiag8-dotcom/database (vivid_cars2000.db),added_from_vivid
Proton,"PERSONA 400 Hatchback (C9_C, C9_S)",2000,2004,2000-2004,3,itdiag8-dotcom/database (vivid_cars2000.db),added_from_vivid
Proton,PERSONA Saloon,2007,2007,2007,2,itdiag8-dotcom/database (vivid_cars2000.db),added_from_vivid
Proton,Perdana,2016,2020,2016-2020,0,gor3a/vehicle-makes-models,added_missing
Proton,Persona,2007,2019,2007-2019,0,gor3a/vehicle-makes-models,added_missing
Proton,Preve,2011,2018,2011-2018,0,gor3a/vehicle-makes-models,added_missing
Proton,SAGA II Saloon,2008,2009,2008-2009,2,itdiag8-dotcom/database (vivid_cars2000.db),added_from_vivid
Proton,SATRIA (C9_M),2000,2000,2000,4,itdiag8-dotcom/database (vivid_cars2000.db),added_from_vivid
Proton,Saga,2011,2019,2011-2019,0,gor3a/vehicle-makes-models,added_missing
Proton,Satria,,,,0,DanielKohut/car-data,added_missing
Proton,Satria Neo,2006,2015,2006-2015,0,gor3a/vehicle-makes-models,added_missing
Proton,Savvy,2005,2012,2005-2012,0,gor3a/vehicle-makes-models,added_missing
Proton,Suprima S,2013,2019,2013-2019,0,gor3a/vehicle-makes-models,added_missing
Proton,WIRA Hatchback,2000,2004,2000-2004,6,itdiag8-dotcom/database (vivid_cars2000.db),added_from_vivid
Proton,Waja,,,,0,DanielKohut/car-data,added_missing
Proton,Waja / Impian,2001,2011,2001-2011,0,gor3a/vehicle-makes-models,added_missing
Proton,Wira,,,,0,DanielKohut/car-data,added_missing
Proton,X50,,,,0,DanielKohut/car-data,added_missing
Proton,X70,,,,0,DanielKohut/car-data,added_missing
Renault,17,,,,0,DanielKohut/car-data,added_missing
Renault,4,,,,0,DanielKohut/car-data,added_missing
Renault,4 E-Tech,2025,2026,2025-2026,0,gor3a/vehicle-makes-models,added_missing
Renault,5 E-Tech,2024,2026,2024-2026,0,gor3a/vehicle-makes-models,added_missing
Renault,5 EV,,,,0,DanielKohut/car-data,added_missing
Renault,6,,,,0,DanielKohut/car-data,added_missing
Renault,AVANTIME (DE0_),2001,2002,2001-2002,5,itdiag8-dotcom/database (vivid_cars2000.db),added_from_vivid
Renault,Alaskan,2016,2025,2016-2025,0,gor3a/vehicle-makes-models,added_missing
Renault,Arkana,2019,2026,2019-2026,0,gor3a/vehicle-makes-models,added_missing
Renault,Austral,2022,2026,2022-2026,0,gor3a/vehicle-makes-models,added_missing
Renault,Avantime,2001,2003,2001-2003,0,gor3a/vehicle-makes-models,added_missing
Renault,Boreal,2025,2026,2025-2026,0,gor3a/vehicle-makes-models,added_missing
Renault,CLIO Grandtour (KR0/1_),2007,2009,2007-2009,17,itdiag8-dotcom/database (vivid_cars2000.db),added_from_vivid
Renault,CLIO Grandtour IV,2012,2012,2012,3,itdiag8-dotcom/database (vivid_cars2000.db),added_from_vivid
Renault,"CLIO II (BB0/1/2_, CB0/1/2_)",2000,2006,2000-2006,32,itdiag8-dotcom/database (vivid_cars2000.db),added_from_vivid
Renault,CLIO II Box (SB0/1/2_),2000,2003,2000-2003,9,itdiag8-dotcom/database (vivid_cars2000.db),added_from_vivid
Renault,"CLIO III (BR0/1, CR0/1)",2004,2009,2004-2009,27,itdiag8-dotcom/database (vivid_cars2000.db),added_from_vivid
Renault,CLIO IV,2011,2012,2011-2012,3,itdiag8-dotcom/database (vivid_cars2000.db),added_from_vivid
Renault,Captur,2013,2015,2013-2015,4,original_db,existing
Renault,City K-ZE,2019,2026,2019-2026,0,gor3a/vehicle-makes-models,added_missing
Renault,Clio,2011,2013,2011-2013,9,original_db,existing
Renault,Clio RS,2013,2016,2013-2016,0,gor3a/vehicle-makes-models,added_missing
Renault,Clio Symbol / Thalia,2000,2013,2000-2013,0,gor3a/vehicle-makes-models,added_missing
Renault,Dauphine,,,,0,DanielKohut/car-data,added_missing
Renault,Duster,2011,2011,2011,3,original_db,existing
Renault,Duster OROCH,2015,2022,2015-2022,0,gor3a/vehicle-makes-models,added_missing
Renault,ESPACE III (JE0_),2000,2001,2000-2001,5,itdiag8-dotcom/database (vivid_cars2000.db),added_from_vivid
Renault,ESPACE IV (JK0/1_),2002,2005,2002-2005,32,itdiag8-dotcom/database (vivid_cars2000.db),added_from_vivid
Renault,Espace,2003,2015,2003-2015,3,original_db,existing
Renault,Express,,,,0,DanielKohut/car-data,added_missing
Renault,FLUENCE (L30_),2009,2012,2009-2012,12,itdiag8-dotcom/database (vivid_cars2000.db),added_from_vivid
Renault,Filante,2026,2026,2026-2026,0,gor3a/vehicle-makes-models,added_missing
Renault,Fluence,2009,2009,2009,1,original_db,existing
Renault,GRAND SCÉNIC II (JM0/1_),2003,2005,2003-2005,30,itdiag8-dotcom/database (vivid_cars2000.db),added_from_vivid
Renault,GRAND SCÉNIC III (JZ0/1_),2008,2012,2008-2012,19,itdiag8-dotcom/database (vivid_cars2000.db),added_from_vivid
Renault,Grand Kangoo,2023,2026,2023-2026,0,gor3a/vehicle-makes-models,added_missing
Renault,Grand Modus,2008,2012,2008-2012,0,gor3a/vehicle-makes-models,added_missing
Renault,Grand Scenic,2009,2009,2009,1,original_db,existing
Renault,KANGOO (KC0/1_),2000,2004,2000-2004,22,itdiag8-dotcom/database (vivid_cars2000.db),added_from_vivid
Renault,KANGOO / GRAND KANGOO (KW0/1_),2007,2012,2007-2012,23,itdiag8-dotcom/database (vivid_cars2000.db),added_from_vivid
Renault,KANGOO BE BOP (KW0/1_),2008,2009,2008-2009,5,itdiag8-dotcom/database (vivid_cars2000.db),added_from_vivid
Renault,KANGOO Express (FC0/1_),2000,2004,2000-2004,24,itdiag8-dotcom/database (vivid_cars2000.db),added_from_vivid
Renault,KANGOO Express (FW0/1_),2007,2012,2007-2012,19,itdiag8-dotcom/database (vivid_cars2000.db),added_from_vivid
Renault,KOLEOS (HY_),2007,2007,2007,11,itdiag8-dotcom/database (vivid_cars2000.db),added_from_vivid
Renault,Kadjar,2015,2015,2015,1,original_db,existing
Renault,Kangoo,2006,2010,2006-2010,2,original_db,existing
Renault,Kardian,2023,2026,2023-2026,0,gor3a/vehicle-makes-models,added_missing
Renault,Kiger,2021,2026,2021-2026,0,gor3a/vehicle-makes-models,added_missing
Renault,Koleos,2008,2014,2008-2014,3,original_db,existing
Renault,Kwid,2015,2019,2015-2019,0,gor3a/vehicle-makes-models,added_missing
Renault,LAGUNA Coupe (DT0/1),2007,2011,2007-2011,17,itdiag8-dotcom/database (vivid_cars2000.db),added_from_vivid
Renault,LAGUNA II (BG0/1_),2001,2005,2001-2005,66,itdiag8-dotcom/database (vivid_cars2000.db),added_from_vivid
Renault,LAGUNA II Grandtour (KG0/1_),2001,2005,2001-2005,61,itdiag8-dotcom/database (vivid_cars2000.db),added_from_vivid
Renault,LAGUNA III (BT0/1),2006,2007,2006-2007,21,itdiag8-dotcom/database (vivid_cars2000.db),added_from_vivid
Renault,LAGUNA III Grandtour (KT0/1),2006,2007,2006-2007,22,itdiag8-dotcom/database (vivid_cars2000.db),added_from_vivid
Renault,LATITUDE (L70_),2009,2010,2009-2010,10,itdiag8-dotcom/database (vivid_cars2000.db),added_from_vivid
Renault,LOGAN EXPRESS,2006,2006,2006,7,itdiag8-dotcom/database (vivid_cars2000.db),added_from_vivid
Renault,LOGAN I (LS_),2003,2010,2003-2010,7,itdiag8-dotcom/database (vivid_cars2000.db),added_from_vivid
Renault,LOGAN I Estate (KS_),2006,2010,2006-2010,12,itdiag8-dotcom/database (vivid_cars2000.db),added_from_vivid
Renault,LOGAN II,2012,2012,2012,9,itdiag8-dotcom/database (vivid_cars2000.db),added_from_vivid
Renault,LOGAN II Estate,2012,2012,2012,5,itdiag8-dotcom/database (vivid_cars2000.db),added_from_vivid
Renault,Laguna,2007,2010,2007-2010,3,original_db,existing
Renault,Latitude,2010,2015,2010-2015,0,gor3a/vehicle-makes-models,added_missing
Renault,Logan,2014,2022,2014-2022,0,gor3a/vehicle-makes-models,added_missing
Renault,MASTER II Box (FD),2000,2005,2000-2005,17,itdiag8-dotcom/database (vivid_cars2000.db),added_from_vivid
Renault,MASTER II Bus (JD),2000,2005,2000-2005,15,itdiag8-dotcom/database (vivid_cars2000.db),added_from_vivid
Renault,MASTER II Platform/Chassis (ED/HD/UD),2000,2005,2000-2005,13,itdiag8-dotcom/database (vivid_cars2000.db),added_from_vivid
Renault,MASTER III Box (FV),2009,2012,2009-2012,26,itdiag8-dotcom/database (vivid_cars2000.db),added_from_vivid
Renault,MASTER III Bus (JV),2010,2012,2010-2012,10,itdiag8-dotcom/database (vivid_cars2000.db),added_from_vivid
Renault,"MASTER III Platform/Chassis (EV, HV, UV)",2009,2012,2009-2012,26,itdiag8-dotcom/database (vivid_cars2000.db),added_from_vivid
Renault,MEGANE CC (EZ0/1_),2009,2012,2009-2012,15,itdiag8-dotcom/database (vivid_cars2000.db),added_from_vivid
Renault,MEGANE I (BA0/1_),2000,2001,2000-2001,10,itdiag8-dotcom/database (vivid_cars2000.db),added_from_vivid
Renault,MEGANE I Cabriolet (EA0/1_),2002,2002,2002,2,itdiag8-dotcom/database (vivid_cars2000.db),added_from_vivid
Renault,MEGANE I Classic (LA0/1_),2001,2001,2001,6,itdiag8-dotcom/database (vivid_cars2000.db),added_from_vivid
Renault,MEGANE I Coach (DA0/1_),2001,2002,2001-2002,3,itdiag8-dotcom/database (vivid_cars2000.db),added_from_vivid
Renault,MEGANE I Grandtour (KA0/1_),2001,2001,2001,7,itdiag8-dotcom/database (vivid_cars2000.db),added_from_vivid
Renault,"MEGANE II (BM0/1_, CM0/1_)",2002,2006,2002-2006,45,itdiag8-dotcom/database (vivid_cars2000.db),added_from_vivid
Renault,MEGANE II Coupé-Cabriolet (EM0/1_),2003,2006,2003-2006,23,itdiag8-dotcom/database (vivid_cars2000.db),added_from_vivid
Renault,MEGANE II Estate (KM0/1_),2003,2007,2003-2007,41,itdiag8-dotcom/database (vivid_cars2000.db),added_from_vivid
Renault,MEGANE II Saloon (LM0/1_),2003,2006,2003-2006,33,itdiag8-dotcom/database (vivid_cars2000.db),added_from_vivid
Renault,MEGANE III Coupe (DZ0/1_),2007,2012,2007-2012,22,itdiag8-dotcom/database (vivid_cars2000.db),added_from_vivid
Renault,MEGANE III Grandtour (KZ0/1),2007,2012,2007-2012,36,itdiag8-dotcom/database (vivid_cars2000.db),added_from_vivid
Renault,MEGANE III Hatchback (BZ0_),2007,2012,2007-2012,27,itdiag8-dotcom/database (vivid_cars2000.db),added_from_vivid
Renault,MODUS / GRAND MODUS (F/JP0_),2003,2010,2003-2010,24,itdiag8-dotcom/database (vivid_cars2000.db),added_from_vivid
Renault,Master,2001,2013,2001-2013,10,original_db,existing
Renault,Maxity,2007,2007,2007,3,original_db,existing
Renault,Megane,2009,2013,2009-2013,10,original_db,existing
Renault,Megane E-Tech,2021,2026,2021-2026,0,gor3a/vehicle-makes-models,added_missing
Renault,Modus,2011,2011,2011,1,original_db,existing
Renault,Mégane,,,,0,DanielKohut/car-data,added_missing
Renault,Pulse,2011,2017,2011-2017,0,gor3a/vehicle-makes-models,added_missing
Renault,Rafale,2023,2026,2023-2026,0,gor3a/vehicle-makes-models,added_missing
Renault,SANDERO/STEPWAY I,2006,2009,2006-2009,5,itdiag8-dotcom/database (vivid_cars2000.db),added_from_vivid
Renault,SANDERO/STEPWAY II,2012,2012,2012,5,itdiag8-dotcom/database (vivid_cars2000.db),added_from_vivid
Renault,SCENIC XMOD,2013,2016,2013-2016,0,gor3a/vehicle-makes-models,added_missing
Renault,SCÉNIC I (JA0/1_),2000,2002,2000-2002,23,itdiag8-dotcom/database (vivid_cars2000.db),added_from_vivid
Renault,SCÉNIC II (JM0/1_),2003,2007,2003-2007,37,itdiag8-dotcom/database (vivid_cars2000.db),added_from_vivid
Renault,SCÉNIC III (JZ0/1_),2008,2012,2008-2012,20,itdiag8-dotcom/database (vivid_cars2000.db),added_from_vivid
Renault,Safrane,2004,2004,2004,1,original_db,existing
Renault,Sandero,2008,2014,2008-2014,2,original_db,existing
Renault,Sandero GT,2012,2015,2012-2015,0,gor3a/vehicle-makes-models,added_missing
Renault,Scala,2012,2017,2012-2017,0,gor3a/vehicle-makes-models,added_missing
Renault,Scenic,2009,2013,2009-2013,3,original_db,existing
Renault,Scénic,,,,0,DanielKohut/car-data,added_missing
Renault,Symbioz,2024,2026,2024-2026,0,gor3a/vehicle-makes-models,added_missing
Renault,Symbol,,,,0,DanielKohut/car-data,added_missing
Renault,THALIA I (LB0/1/2_),2000,2004,2000-2004,12,itdiag8-dotcom/database (vivid_cars2000.db),added_from_vivid
Renault,THALIA II (LU1/2_),2007,2008,2007-2008,6,itdiag8-dotcom/database (vivid_cars2000.db),added_from_vivid
Renault,THALIA III,2012,2012,2012,20,itdiag8-dotcom/database (vivid_cars2000.db),added_from_vivid
Renault,TRAFIC II Box (FL),2001,2006,2001-2006,21,itdiag8-dotcom/database (vivid_cars2000.db),added_from_vivid
Renault,TRAFIC II Bus (JL),2001,2007,2001-2007,15,itdiag8-dotcom/database (vivid_cars2000.db),added_from_vivid
Renault,TRAFIC II Platform/Chassis (EL),2001,2006,2001-2006,12,itdiag8-dotcom/database (vivid_cars2000.db),added_from_vivid
Renault,TWINGO I (C06_),2001,2003,2001-2003,4,itdiag8-dotcom/database (vivid_cars2000.db),added_from_vivid
Renault,TWINGO II (CN0_),2006,2010,2006-2010,16,itdiag8-dotcom/database (vivid_cars2000.db),added_from_vivid
Renault,TWIZY (MAM_),2011,2011,2011,2,itdiag8-dotcom/database (vivid_cars2000.db),added_from_vivid
Renault,Talisman,2015,2015,2015,2,original_db,existing
Renault,Trafic,2008,2010,2008-2010,3,original_db,existing
Renault,Triber,2019,2025,2019-2025,0,gor3a/vehicle-makes-models,added_missing
Renault,Twingo,2014,2014,2014,1,original_db,existing
Renault,Twingo RS,2008,2013,2008-2013,0,gor3a/vehicle-makes-models,added_missing
Renault,Twizy,2012,2023,2012-2023,0,gor3a/vehicle-makes-models,added_missing
Renault,VEL SATIS (BJ0_),2002,2005,2002-2005,26,itdiag8-dotcom/database (vivid_cars2000.db),added_from_vivid
Renault,Vel Satis,2002,2002,2002,1,original_db,existing
Renault,WIND (E4M_),2009,2010,2009-2010,3,itdiag8-dotcom/database (vivid_cars2000.db),added_from_vivid
Renault,Wind,2010,2013,2010-2013,0,gor3a/vehicle-makes-models,added_missing
Renault,ZOE,2013,2024,2013-2024,0,gor3a/vehicle-makes-models,added_missing
Renault Samsung,Sm3,2010,2010,2010,2,original_db,existing
Renault Samsung,Sm5,2005,2005,2005,1,original_db,existing
Renault Samsung,Sm7,2004,2004,2004,2,original_db,existing
Rover,25 (RF),2000,2003,2000-2003,3,itdiag8-dotcom/database (vivid_cars2000.db),added_from_vivid
Rover,45 (RT),2000,2003,2000-2003,6,itdiag8-dotcom/database (vivid_cars2000.db),added_from_vivid
Rover,45 Saloon (RT),2000,2003,2000-2003,6,itdiag8-dotcom/database (vivid_cars2000.db),added_from_vivid
Rover,75 (RJ),2001,2003,2001-2003,4,itdiag8-dotcom/database (vivid_cars2000.db),added_from_vivid
Rover,75 Tourer (RJ),2001,2003,2001-2003,7,itdiag8-dotcom/database (vivid_cars2000.db),added_from_vivid
Rover,CITYROVER,2003,2003,2003,1,itdiag8-dotcom/database (vivid_cars2000.db),added_from_vivid
Rover,STREETWISE,2003,2003,2003,5,itdiag8-dotcom/database (vivid_cars2000.db),added_from_vivid
SATURN,Astra,2008,2009,2008-2009,0,plowman/open-vehicle-db,added_missing
SATURN,Aura,2007,2010,2007-2010,0,plowman/open-vehicle-db,added_missing
SATURN,Ion,2003,2007,2003-2007,0,plowman/open-vehicle-db,added_missing
SATURN,L200,2003,2003,2003-2003,0,plowman/open-vehicle-db,added_missing
SATURN,L300,2003,2005,2003-2005,0,plowman/open-vehicle-db,added_missing
SATURN,LS,2000,2002,2000-2002,0,plowman/open-vehicle-db,added_missing
SATURN,LS1,2000,2002,2000-2002,0,plowman/open-vehicle-db,added_missing
SATURN,LS2,2000,2002,2000-2002,0,plowman/open-vehicle-db,added_missing
SATURN,LW1,2000,2002,2000-2002,0,plowman/open-vehicle-db,added_missing
SATURN,LW2,2000,2002,2000-2002,0,plowman/open-vehicle-db,added_missing
SATURN,LW200,2003,2003,2003-2003,0,plowman/open-vehicle-db,added_missing
SATURN,LW300,2003,2004,2003-2004,0,plowman/open-vehicle-db,added_missing
SATURN,Outlook,2007,2010,2007-2010,0,plowman/open-vehicle-db,added_missing
SATURN,Relay,2005,2007,2005-2007,0,plowman/open-vehicle-db,added_missing
SATURN,SC1,1991,2002,1991-2002,0,plowman/open-vehicle-db,added_missing
SATURN,SC2,1991,2002,1991-2002,0,plowman/open-vehicle-db,added_missing
SATURN,SL,1994,2002,1994-2002,0,plowman/open-vehicle-db,added_missing
SATURN,SL1,1991,2002,1991-2002,0,plowman/open-vehicle-db,added_missing
SATURN,SL2,1991,2002,1991-2002,0,plowman/open-vehicle-db,added_missing
SATURN,SW1,1993,2001,1993-2001,0,plowman/open-vehicle-db,added_missing
SATURN,SW2,1993,2001,1993-2001,0,plowman/open-vehicle-db,added_missing
SATURN,Sky,2007,2010,2007-2010,0,plowman/open-vehicle-db,added_missing
SATURN,Vue,2002,2010,2002-2010,0,plowman/open-vehicle-db,added_missing
SHELBY,Cobra,2023,2026,2023-2026,0,plowman/open-vehicle-db,added_missing
SHELBY,GT,2022,2026,2022-2026,0,plowman/open-vehicle-db,added_missing
SHELBY,Mustang,2007,2013,2007-2013,15,original_db,existing
Saab,9-2X,2004,2006,2004-2006,0,gor3a/vehicle-makes-models,added_missing
Saab,9-3,1998,2012,1998-2012,0,gor3a/vehicle-makes-models,added_missing
Saab,9-3 (YS3D),2000,2001,2000-2001,2,itdiag8-dotcom/database (vivid_cars2000.db),added_from_vivid
Saab,9-3 (YS3F),2002,2010,2002-2010,26,itdiag8-dotcom/database (vivid_cars2000.db),added_from_vivid
Saab,9-3 Aero,2014,2014,2014-2014,0,gor3a/vehicle-makes-models,added_missing
Saab,9-3 Cabriolet (YS3D),2001,2001,2001,1,itdiag8-dotcom/database (vivid_cars2000.db),added_from_vivid
Saab,9-3 Convertible (YS3F),2003,2010,2003-2010,21,itdiag8-dotcom/database (vivid_cars2000.db),added_from_vivid
Saab,9-3 Estate,2004,2010,2004-2010,21,itdiag8-dotcom/database (vivid_cars2000.db),added_from_vivid
Saab,9-3 Sport,1998,2012,1998-2012,0,gor3a/vehicle-makes-models,added_missing
Saab,9-3 SportCombi,2004,2012,2004-2012,0,gor3a/vehicle-makes-models,added_missing
Saab,9-3X,2009,2012,2009-2012,0,gor3a/vehicle-makes-models,added_missing
Saab,9-4X,,,,0,DanielKohut/car-data,added_missing
Saab,9-5,1997,2012,1997-2012,0,gor3a/vehicle-makes-models,added_missing
Saab,9-5 (YS3E),2000,2007,2000-2007,15,itdiag8-dotcom/database (vivid_cars2000.db),added_from_vivid
Saab,9-5 (YS3G),2009,2009,2009,6,itdiag8-dotcom/database (vivid_cars2000.db),added_from_vivid
Saab,9-5 Estate (YS3E),2000,2007,2000-2007,15,itdiag8-dotcom/database (vivid_cars2000.db),added_from_vivid
Saab,9-5 SportCombi,1998,2009,1998-2009,0,gor3a/vehicle-makes-models,added_missing
Saab,9-7X,2005,2009,2005-2009,0,gor3a/vehicle-makes-models,added_missing
Saab,92,,,,0,DanielKohut/car-data,added_missing
Saab,93,1998,2009,1998-2009,41,original_db,existing
Saab,95,1998,2010,1998-2010,43,original_db,existing
Saab,96,,,,0,DanielKohut/car-data,added_missing
Saab,99,,,,0,DanielKohut/car-data,added_missing
Saab,Sonett,,,,0,DanielKohut/car-data,added_missing
Saic Mg,Mg3,2013,2013,2013,1,original_db,existing
Saic Mg,Mg6,2011,2011,2011,1,original_db,existing
Saic Mg,Mg6 Gt,2011,2011,2011,1,original_db,existing
Saic Mg,W5,2011,2011,2011,1,original_db,existing
Saleen,S7,2000,2004,2000-2004,0,gor3a/vehicle-makes-models,added_missing
Saleen,S7 Twin Turbo,2005,2005,2005,1,original_db,existing
Saleen,S7TT,2005,2006,2005-2006,0,gor3a/vehicle-makes-models,added_missing
Scion,Fr-S,2012,2012,2012,1,original_db,existing
Scion,iA,2016,2017,2016-2017,0,gor3a/vehicle-makes-models,added_missing
Scion,iM,2016,2017,2016-2017,0,gor3a/vehicle-makes-models,added_missing
Scion,iQ,2011,2016,2011-2016,0,gor3a/vehicle-makes-models,added_missing
Scion,tC,2003,2016,2003-2016,0,gor3a/vehicle-makes-models,added_missing
Scion,xA,2003,2006,2003-2006,0,gor3a/vehicle-makes-models,added_missing
Scion,xB,2003,2015,2003-2015,0,gor3a/vehicle-makes-models,added_missing
Scion,xD,2007,2014,2007-2014,0,gor3a/vehicle-makes-models,added_missing
Seat,ALHAMBRA (710),2009,2011,2009-2011,11,itdiag8-dotcom/database (vivid_cars2000.db),added_from_vivid
Seat,"ALHAMBRA (7V8, 7V9)",2000,2004,2000-2004,9,itdiag8-dotcom/database (vivid_cars2000.db),added_from_vivid
Seat,ALTEA (5P1),2003,2009,2003-2009,31,itdiag8-dotcom/database (vivid_cars2000.db),added_from_vivid
Seat,"ALTEA XL (5P5, 5P8)",2005,2009,2005-2009,32,itdiag8-dotcom/database (vivid_cars2000.db),added_from_vivid
Seat,AROSA (6H),2000,2000,2000,4,itdiag8-dotcom/database (vivid_cars2000.db),added_from_vivid
Seat,Alhambra,1996,2011,1996-2011,22,original_db,existing
Seat,Altea,2004,2010,2004-2010,41,original_db,existing
Seat,Arona,2017,2026,2017-2026,0,gor3a/vehicle-makes-models,added_missing
Seat,Arosa,1997,2000,1997-2000,14,original_db,existing
Seat,Ateca,2016,2026,2016-2026,0,gor3a/vehicle-makes-models,added_missing
Seat,CORDOBA (6K2),2000,2000,2000,6,itdiag8-dotcom/database (vivid_cars2000.db),added_from_vivid
Seat,CORDOBA (6L2),2002,2005,2002-2005,22,itdiag8-dotcom/database (vivid_cars2000.db),added_from_vivid
Seat,Cordoba,1995,2006,1995-2006,49,original_db,existing
Seat,Cordoba Cupra,2000,2003,2000-2003,0,gor3a/vehicle-makes-models,added_missing
Seat,Cordoba SX,1996,2003,1996-2003,0,gor3a/vehicle-makes-models,added_missing
Seat,Cordoba Vario,1996,2003,1996-2003,0,gor3a/vehicle-makes-models,added_missing
Seat,EXEO (3R2),2007,2009,2007-2009,12,itdiag8-dotcom/database (vivid_cars2000.db),added_from_vivid
Seat,EXEO ST (3R5),2008,2009,2008-2009,12,itdiag8-dotcom/database (vivid_cars2000.db),added_from_vivid
Seat,Exeo,2008,2011,2008-2011,11,original_db,existing
Seat,Exeo ST,2009,2013,2009-2013,0,gor3a/vehicle-makes-models,added_missing
Seat,IBIZA III (6K1),2000,2000,2000,4,itdiag8-dotcom/database (vivid_cars2000.db),added_from_vivid
Seat,IBIZA IV (6L1),2002,2006,2002-2006,29,itdiag8-dotcom/database (vivid_cars2000.db),added_from_vivid
Seat,IBIZA V (6J5),2007,2012,2007-2012,25,itdiag8-dotcom/database (vivid_cars2000.db),added_from_vivid
Seat,IBIZA V SPORTCOUPE (6J1),2007,2012,2007-2012,28,itdiag8-dotcom/database (vivid_cars2000.db),added_from_vivid
Seat,IBIZA V ST (6J8),2009,2012,2009-2012,16,itdiag8-dotcom/database (vivid_cars2000.db),added_from_vivid
Seat,INCA (6K9),2000,2000,2000,1,itdiag8-dotcom/database (vivid_cars2000.db),added_from_vivid
Seat,Ibiza,1995,2010,1995-2010,67,original_db,existing
Seat,Ibiza Bocanegra,2009,2017,2009-2017,0,gor3a/vehicle-makes-models,added_missing
Seat,Ibiza Cupra,1996,2017,1996-2017,0,gor3a/vehicle-makes-models,added_missing
Seat,Ibiza FR,2009,2017,2009-2017,0,gor3a/vehicle-makes-models,added_missing
Seat,Ibiza ST,2010,2017,2010-2017,0,gor3a/vehicle-makes-models,added_missing
Seat,Inca,1995,2000,1995-2000,8,original_db,existing
Seat,LEON (1M1),2000,2004,2000-2004,14,itdiag8-dotcom/database (vivid_cars2000.db),added_from_vivid
Seat,LEON (1P1),2004,2009,2004-2009,38,itdiag8-dotcom/database (vivid_cars2000.db),added_from_vivid
Seat,LEON (5F1),2011,2012,2011-2012,22,itdiag8-dotcom/database (vivid_cars2000.db),added_from_vivid
Seat,LEON SC (5F5),2012,2012,2012,21,itdiag8-dotcom/database (vivid_cars2000.db),added_from_vivid
Seat,LEON ST (5F8),2012,2013,2012-2013,27,itdiag8-dotcom/database (vivid_cars2000.db),added_from_vivid
Seat,Leon,1999,2014,1999-2014,84,original_db,existing
Seat,Leon Cupra,2001,2018,2001-2018,0,gor3a/vehicle-makes-models,added_missing
Seat,Leon Cupra R,2002,2018,2002-2018,0,gor3a/vehicle-makes-models,added_missing
Seat,Leon FR / Topsport,2002,2012,2002-2012,0,gor3a/vehicle-makes-models,added_missing
Seat,Leon SC,2013,2020,2013-2020,0,gor3a/vehicle-makes-models,added_missing
Seat,Leon ST,2013,2026,2013-2026,0,gor3a/vehicle-makes-models,added_missing
Seat,Leon ST Cupra,2015,2020,2015-2020,0,gor3a/vehicle-makes-models,added_missing
Seat,Leon X-Perience,2014,2017,2014-2017,0,gor3a/vehicle-makes-models,added_missing
Seat,Mii,2011,2014,2011-2014,3,original_db,existing
Seat,Mii (KF1_),2010,2011,2010-2011,3,itdiag8-dotcom/database (vivid_cars2000.db),added_from_vivid
Seat,Ronda,,,,0,DanielKohut/car-data,added_missing
Seat,TOLEDO II (1M2),2000,2004,2000-2004,9,itdiag8-dotcom/database (vivid_cars2000.db),added_from_vivid
Seat,TOLEDO III (5P2),2003,2006,2003-2006,22,itdiag8-dotcom/database (vivid_cars2000.db),added_from_vivid
Seat,TOLEDO IV (KG3),2011,2012,2011-2012,8,itdiag8-dotcom/database (vivid_cars2000.db),added_from_vivid
Seat,Tarraco,2018,2024,2018-2024,0,gor3a/vehicle-makes-models,added_missing
Seat,Toledo,1996,2012,1996-2012,46,original_db,existing
Skoda,Citigo,2011,2014,2011-2014,3,original_db,existing
Skoda,Enyaq,,,,0,DanielKohut/car-data,added_missing
Skoda,FABIA (6Y2),2000,2004,2000-2004,13,itdiag8-dotcom/database (vivid_cars2000.db),added_from_vivid
Skoda,FABIA (NJ3),2012,2012,2012,6,itdiag8-dotcom/database (vivid_cars2000.db),added_from_vivid
Skoda,FABIA Combi,2006,2010,2006-2010,24,itdiag8-dotcom/database (vivid_cars2000.db),added_from_vivid
Skoda,FABIA Combi (6Y5),2000,2005,2000-2005,22,itdiag8-dotcom/database (vivid_cars2000.db),added_from_vivid
Skoda,FABIA Estate (NJ5),2013,2013,2013,6,itdiag8-dotcom/database (vivid_cars2000.db),added_from_vivid
Skoda,FABIA Praktik,2001,2004,2001-2004,9,itdiag8-dotcom/database (vivid_cars2000.db),added_from_vivid
Skoda,FABIA Saloon (6Y3),2000,2005,2000-2005,15,itdiag8-dotcom/database (vivid_cars2000.db),added_from_vivid
Skoda,Fabia,1999,2010,1999-2010,32,original_db,existing
Skoda,Kamiq,,,,0,DanielKohut/car-data,added_missing
Skoda,Karoq,,,,0,DanielKohut/car-data,added_missing
Skoda,Kodiaq,,,,0,DanielKohut/car-data,added_missing
Skoda,OCTAVIA (1U2),2000,2004,2000-2004,10,itdiag8-dotcom/database (vivid_cars2000.db),added_from_vivid
Skoda,OCTAVIA (1Z3),2003,2009,2003-2009,38,itdiag8-dotcom/database (vivid_cars2000.db),added_from_vivid
Skoda,OCTAVIA (5E3),2011,2012,2011-2012,19,itdiag8-dotcom/database (vivid_cars2000.db),added_from_vivid
Skoda,OCTAVIA Combi (1U5),2000,2002,2000-2002,16,itdiag8-dotcom/database (vivid_cars2000.db),added_from_vivid
Skoda,OCTAVIA Combi (1Z5),2003,2010,2003-2010,43,itdiag8-dotcom/database (vivid_cars2000.db),added_from_vivid
Skoda,OCTAVIA Combi (5E5),2011,2012,2011-2012,17,itdiag8-dotcom/database (vivid_cars2000.db),added_from_vivid
Skoda,Octavia,1996,2013,1996-2013,79,original_db,existing
Skoda,RAPID (NH3),2011,2012,2011-2012,8,itdiag8-dotcom/database (vivid_cars2000.db),added_from_vivid
Skoda,RAPID Spaceback (NH1),2011,2012,2011-2012,10,itdiag8-dotcom/database (vivid_cars2000.db),added_from_vivid
Skoda,ROOMSTER (5J),2005,2009,2005-2009,18,itdiag8-dotcom/database (vivid_cars2000.db),added_from_vivid
Skoda,ROOMSTER Praktik (5J),2006,2009,2006-2009,10,itdiag8-dotcom/database (vivid_cars2000.db),added_from_vivid
Skoda,Rapid,2010,2013,2010-2013,5,original_db,existing
Skoda,Roomster,2006,2010,2006-2010,16,original_db,existing
Skoda,SUPERB (3T4),2007,2009,2007-2009,16,itdiag8-dotcom/database (vivid_cars2000.db),added_from_vivid
Skoda,SUPERB (3U4),2001,2006,2001-2006,12,itdiag8-dotcom/database (vivid_cars2000.db),added_from_vivid
Skoda,SUPERB Estate (3T5),2008,2009,2008-2009,15,itdiag8-dotcom/database (vivid_cars2000.db),added_from_vivid
Skoda,Scala,,,,0,DanielKohut/car-data,added_missing
Skoda,Slavia,,,,0,DanielKohut/car-data,added_missing
Skoda,Superb,2001,2011,2001-2011,34,original_db,existing
Skoda,YETI (5L),2008,2012,2008-2012,15,itdiag8-dotcom/database (vivid_cars2000.db),added_from_vivid
Skoda,Yeti,2009,2010,2009-2010,15,original_db,existing
Smart,1,2022,2026,2022-2026,0,gor3a/vehicle-makes-models,added_missing
Smart,3,2023,2026,2023-2026,0,gor3a/vehicle-makes-models,added_missing
Smart,5,2024,2026,2024-2026,0,gor3a/vehicle-makes-models,added_missing
Smart,City-Coupé,,,,0,DanielKohut/car-data,added_missing
Smart,EQ Fortwo,2018,2027,2018-2027,0,plowman/open-vehicle-db,added_missing
Smart,Electric Drive,2012,2021,2012-2021,0,gor3a/vehicle-makes-models,added_missing
Smart,Forfour,2004,2014,2004-2014,6,original_db,existing
Smart,Fortwo,1998,2009,1998-2009,11,original_db,existing
Smart,Fortwo Brabus,2003,2010,2003-2010,5,original_db,existing
Smart,Fortwo Electric Drive,2013,2015,2013-2015,0,plowman/open-vehicle-db,added_missing
Smart,Roadster,2003,2003,2003,2,original_db,existing
Smart,Roadster Brabus,2004,2004,2004,1,original_db,existing
Smart,Smart #1,,,,0,DanielKohut/car-data,added_missing
Smart,Smart #3,,,,0,DanielKohut/car-data,added_missing
Smart,Smart #5,,,,0,DanielKohut/car-data,added_missing
Smart,crossblade,2002,2003,2002-2003,0,gor3a/vehicle-makes-models,added_missing
Smart,forfour Brabus,2005,2006,2005-2006,0,gor3a/vehicle-makes-models,added_missing
Smart,fortwo Cabrio,2000,2024,2000-2024,0,gor3a/vehicle-makes-models,added_missing
Smart,fortwo Cabrio Brabus,2003,2014,2003-2014,0,gor3a/vehicle-makes-models,added_missing
Smart,smart,2000,2004,2000-2004,0,plowman/open-vehicle-db,added_missing
Ssangyong,ACTYON I,2004,2006,2004-2006,4,itdiag8-dotcom/database (vivid_cars2000.db),added_from_vivid
Ssangyong,ACTYON II,2011,2011,2011,2,itdiag8-dotcom/database (vivid_cars2000.db),added_from_vivid
Ssangyong,ACTYON SPORTS I (QJ),2006,2010,2006-2010,2,itdiag8-dotcom/database (vivid_cars2000.db),added_from_vivid
Ssangyong,ACTYON SPORTS II,2011,2011,2011,1,itdiag8-dotcom/database (vivid_cars2000.db),added_from_vivid
Ssangyong,Actyon,2006,2011,2006-2011,0,gor3a/vehicle-makes-models,added_missing
Ssangyong,Chairman,2004,2017,2004-2017,0,gor3a/vehicle-makes-models,added_missing
Ssangyong,KORANDO (KJ),2002,2002,2002,1,itdiag8-dotcom/database (vivid_cars2000.db),added_from_vivid
Ssangyong,KORANDO Cabrio (KJ),2002,2002,2002,1,itdiag8-dotcom/database (vivid_cars2000.db),added_from_vivid
Ssangyong,Korando,1997,2023,1997-2023,0,gor3a/vehicle-makes-models,added_missing
Ssangyong,Kyron,2004,2014,2004-2014,0,gor3a/vehicle-makes-models,added_missing
Ssangyong,MUSSO (FJ),2002,2002,2002,4,itdiag8-dotcom/database (vivid_cars2000.db),added_from_vivid
Ssangyong,Musso,1998,2023,1998-2023,0,gor3a/vehicle-makes-models,added_missing
Ssangyong,Musso Sports,1998,2005,1998-2005,0,gor3a/vehicle-makes-models,added_missing
Ssangyong,REXTON (GAB_),2002,2010,2002-2010,9,itdiag8-dotcom/database (vivid_cars2000.db),added_from_vivid
Ssangyong,REXTON W,2011,2011,2011,1,itdiag8-dotcom/database (vivid_cars2000.db),added_from_vivid
Ssangyong,RODIUS II,2012,2012,2012,1,itdiag8-dotcom/database (vivid_cars2000.db),added_from_vivid
Ssangyong,Rexton,2004,2009,2004-2009,4,original_db,existing
Ssangyong,Rodius,2004,2013,2004-2013,0,gor3a/vehicle-makes-models,added_missing
Ssangyong,Stavic,,,,0,DanielKohut/car-data,added_missing
Ssangyong,TURISMO,2012,2012,2012,1,itdiag8-dotcom/database (vivid_cars2000.db),added_from_vivid
Ssangyong,Tivoli,2015,2023,2015-2023,0,gor3a/vehicle-makes-models,added_missing
Ssangyong,Tivoli XLV,2016,2023,2016-2023,0,gor3a/vehicle-makes-models,added_missing
Ssangyong,Torres,,,,0,DanielKohut/car-data,added_missing
Ssangyong,XLV,,,,0,DanielKohut/car-data,added_missing
Subaru,Ascent,2019,2026,2019-2026,0,gor3a/vehicle-makes-models,added_missing
Subaru,B9 Tribeca,2006,2014,2006-2014,0,plowman/open-vehicle-db,added_missing
Subaru,Baja,2003,2006,2003-2006,0,gor3a/vehicle-makes-models,added_missing
Subaru,Brz,2012,2012,2012,1,original_db,existing
Subaru,Crosstrek,2015,2026,2015-2026,0,gor3a/vehicle-makes-models,added_missing
Subaru,Exiga Liberty,2008,2018,2008-2018,0,gor3a/vehicle-makes-models,added_missing
Subaru,FORESTER (SF),2001,2001,2001,1,itdiag8-dotcom/database (vivid_cars2000.db),added_from_vivid
Subaru,FORESTER (SG),2002,2004,2002-2004,9,itdiag8-dotcom/database (vivid_cars2000.db),added_from_vivid
Subaru,FORESTER (SH),2007,2009,2007-2009,5,itdiag8-dotcom/database (vivid_cars2000.db),added_from_vivid
Subaru,FORESTER (SJ),2012,2012,2012,2,itdiag8-dotcom/database (vivid_cars2000.db),added_from_vivid
Subaru,Forester,2003,2012,2003-2012,6,original_db,existing
Subaru,Getaway,2026,2026,2026-2026,0,gor3a/vehicle-makes-models,added_missing
Subaru,IMPREZA Estate,2006,2006,2006,1,itdiag8-dotcom/database (vivid_cars2000.db),added_from_vivid
Subaru,"IMPREZA Estate (GD, GG)",2000,2005,2000-2005,13,itdiag8-dotcom/database (vivid_cars2000.db),added_from_vivid
Subaru,IMPREZA Hatchback,2002,2004,2002-2004,6,itdiag8-dotcom/database (vivid_cars2000.db),added_from_vivid
Subaru,IMPREZA Hatchback (GP),2010,2011,2010-2011,2,itdiag8-dotcom/database (vivid_cars2000.db),added_from_vivid
Subaru,"IMPREZA Hatchback (GR, GH, G3)",2007,2010,2007-2010,9,itdiag8-dotcom/database (vivid_cars2000.db),added_from_vivid
Subaru,"IMPREZA Saloon (GD, GG)",2000,2005,2000-2005,18,itdiag8-dotcom/database (vivid_cars2000.db),added_from_vivid
Subaru,IMPREZA Saloon (GP),2010,2012,2010-2012,2,itdiag8-dotcom/database (vivid_cars2000.db),added_from_vivid
Subaru,IMPREZA Saloon (GR),2006,2010,2006-2010,5,itdiag8-dotcom/database (vivid_cars2000.db),added_from_vivid
Subaru,Impreza,2001,2010,2001-2010,10,original_db,existing
Subaru,Impreza WRX STi,1998,2014,1998-2014,0,gor3a/vehicle-makes-models,added_missing
Subaru,"JUSTY II (JMA, MS)",2001,2001,2001,1,itdiag8-dotcom/database (vivid_cars2000.db),added_from_vivid
Subaru,JUSTY III (G3X),2003,2003,2003,2,itdiag8-dotcom/database (vivid_cars2000.db),added_from_vivid
Subaru,JUSTY IV,2006,2007,2006-2007,2,itdiag8-dotcom/database (vivid_cars2000.db),added_from_vivid
Subaru,Justy,1989,2016,1989-2016,0,gor3a/vehicle-makes-models,added_missing
Subaru,"LEGACY III (BE, BH)",2000,2002,2000-2002,3,itdiag8-dotcom/database (vivid_cars2000.db),added_from_vivid
Subaru,"LEGACY III Estate (BE, BH)",2000,2002,2000-2002,3,itdiag8-dotcom/database (vivid_cars2000.db),added_from_vivid
Subaru,"LEGACY IV (BL, BP)",2003,2007,2003-2007,7,itdiag8-dotcom/database (vivid_cars2000.db),added_from_vivid
Subaru,"LEGACY IV Estate (BL, BP, B13_)",2003,2007,2003-2007,7,itdiag8-dotcom/database (vivid_cars2000.db),added_from_vivid
Subaru,"LEGACY V (BM, BR)",2008,2009,2008-2009,4,itdiag8-dotcom/database (vivid_cars2000.db),added_from_vivid
Subaru,"LEGACY V Estate (BM, BR)",2008,2012,2008-2012,7,itdiag8-dotcom/database (vivid_cars2000.db),added_from_vivid
Subaru,Legacy,2003,2010,2003-2010,7,original_db,existing
Subaru,Levorg,2014,2019,2014-2019,0,gor3a/vehicle-makes-models,added_missing
Subaru,Liberty,2008,2015,2008-2015,0,gor3a/vehicle-makes-models,added_missing
Subaru,"OUTBACK (BE, BH)",2000,2000,2000,2,itdiag8-dotcom/database (vivid_cars2000.db),added_from_vivid
Subaru,"OUTBACK (BL, BP)",2003,2007,2003-2007,5,itdiag8-dotcom/database (vivid_cars2000.db),added_from_vivid
Subaru,"OUTBACK (BM, BR)",2008,2012,2008-2012,5,itdiag8-dotcom/database (vivid_cars2000.db),added_from_vivid
Subaru,Outback,2000,2015,2000-2015,9,original_db,existing
Subaru,Outback Wilderness,2023,2026,2023-2026,0,gor3a/vehicle-makes-models,added_missing
Subaru,R1,2005,2010,2005-2010,0,gor3a/vehicle-makes-models,added_missing
Subaru,R2,1969,2010,1969-2010,0,gor3a/vehicle-makes-models,added_missing
Subaru,Solterra,2021,2026,2021-2026,0,gor3a/vehicle-makes-models,added_missing
Subaru,Stella,2006,2011,2006-2011,0,gor3a/vehicle-makes-models,added_missing
Subaru,TRIBECA (B9),2004,2008,2004-2008,4,itdiag8-dotcom/database (vivid_cars2000.db),added_from_vivid
Subaru,Trailseeker,2026,2026,2026-2026,0,gor3a/vehicle-makes-models,added_missing
Subaru,Trezia,2010,2014,2010-2014,0,gor3a/vehicle-makes-models,added_missing
Subaru,Tribeca,2008,2008,2008,1,original_db,existing
Subaru,Uncharted,2025,2026,2025-2026,0,gor3a/vehicle-makes-models,added_missing
Subaru,Vivio,1992,2000,1992-2000,0,gor3a/vehicle-makes-models,added_missing
Subaru,WRX,2014,2026,2014-2026,0,gor3a/vehicle-makes-models,added_missing
Subaru,XV CrossTrek,2012,2015,2012-2015,0,plowman/open-vehicle-db,added_missing
Subaru,Xv,2011,2011,2011,2,original_db,existing
Suzuki,ALTO III (EF),2000,2010,2000-2010,3,itdiag8-dotcom/database (vivid_cars2000.db),added_from_vivid
Suzuki,ALTO IV (FF),2002,2002,2002,2,itdiag8-dotcom/database (vivid_cars2000.db),added_from_vivid
Suzuki,ALTO V (GF),2008,2008,2008,1,itdiag8-dotcom/database (vivid_cars2000.db),added_from_vivid
Suzuki,APV,2004,2009,2004-2009,0,gor3a/vehicle-makes-models,added_missing
Suzuki,APV (GD),2004,2004,2004,3,itdiag8-dotcom/database (vivid_cars2000.db),added_from_vivid
Suzuki,Across,2020,2026,2020-2026,0,gor3a/vehicle-makes-models,added_missing
Suzuki,Aerio,2002,2007,2002-2007,0,plowman/open-vehicle-db,added_missing
Suzuki,Aerio / Liana,2001,2007,2001-2007,0,gor3a/vehicle-makes-models,added_missing
Suzuki,Alto,2014,2014,2014,1,original_db,existing
Suzuki,Baleno,2016,2019,2016-2019,0,gor3a/vehicle-makes-models,added_missing
Suzuki,CARRY Box (FD),2000,2000,2000,1,itdiag8-dotcom/database (vivid_cars2000.db),added_from_vivid
Suzuki,CARRY Pickup (FD),2000,2010,2000-2010,2,itdiag8-dotcom/database (vivid_cars2000.db),added_from_vivid
Suzuki,CULTUS,2010,2010,2010,1,itdiag8-dotcom/database (vivid_cars2000.db),added_from_vivid
Suzuki,Carry,2013,2013,2013,1,original_db,existing
Suzuki,Celerio,,,,0,DanielKohut/car-data,added_missing
Suzuki,Ciaz,,,,0,DanielKohut/car-data,added_missing
Suzuki,DZIRE,2007,2007,2007,1,itdiag8-dotcom/database (vivid_cars2000.db),added_from_vivid
Suzuki,EVERY,2011,2011,2011,1,itdiag8-dotcom/database (vivid_cars2000.db),added_from_vivid
Suzuki,Equator,2009,2012,2009-2012,0,gor3a/vehicle-makes-models,added_missing
Suzuki,Ertiga,2012,2015,2012-2015,0,gor3a/vehicle-makes-models,added_missing
Suzuki,Escudo / Grand Vitara,1991,2019,1991-2019,0,gor3a/vehicle-makes-models,added_missing
Suzuki,Escudo / Vitara,1989,2008,1989-2008,0,gor3a/vehicle-makes-models,added_missing
Suzuki,Esteem,1995,2002,1995-2002,0,plowman/open-vehicle-db,added_missing
Suzuki,FARMWORKER Pickup,2010,2010,2010,1,itdiag8-dotcom/database (vivid_cars2000.db),added_from_vivid
Suzuki,FARMWORKER Platform/Chassis,2010,2010,2010,1,itdiag8-dotcom/database (vivid_cars2000.db),added_from_vivid
Suzuki,Forenza,2004,2008,2004-2008,0,gor3a/vehicle-makes-models,added_missing
Suzuki,"GRAND VITARA I (FT, GT)",2000,2003,2000-2003,8,itdiag8-dotcom/database (vivid_cars2000.db),added_from_vivid
Suzuki,GRAND VITARA II (JT),2004,2013,2004-2013,11,itdiag8-dotcom/database (vivid_cars2000.db),added_from_vivid
Suzuki,Grand Vitara,2006,2011,2006-2011,4,original_db,existing
Suzuki,Grand Vitara XL-7,2002,2008,2002-2008,0,plowman/open-vehicle-db,added_missing
Suzuki,IGNIS (FH),2000,2000,2000,1,itdiag8-dotcom/database (vivid_cars2000.db),added_from_vivid
Suzuki,IGNIS II,2003,2003,2003,5,itdiag8-dotcom/database (vivid_cars2000.db),added_from_vivid
Suzuki,Ignis,2000,2003,2000-2003,4,original_db,existing
Suzuki,JIMNY (FJ),2000,2012,2000-2012,10,itdiag8-dotcom/database (vivid_cars2000.db),added_from_vivid
Suzuki,Jimny,2004,2015,2004-2015,2,original_db,existing
Suzuki,KARIMUN WAGON R,2012,2012,2012,1,itdiag8-dotcom/database (vivid_cars2000.db),added_from_vivid
Suzuki,KIZASHI (FR),2009,2011,2009-2011,3,itdiag8-dotcom/database (vivid_cars2000.db),added_from_vivid
Suzuki,Kizashi,2009,2009,2009,2,original_db,existing
Suzuki,LANDY (SC25),2006,2006,2006,2,itdiag8-dotcom/database (vivid_cars2000.db),added_from_vivid
Suzuki,LANDY (SC26),2009,2009,2009,2,itdiag8-dotcom/database (vivid_cars2000.db),added_from_vivid
Suzuki,LAPIN,2012,2012,2012,1,itdiag8-dotcom/database (vivid_cars2000.db),added_from_vivid
Suzuki,LIANA (ER),2001,2004,2001-2004,7,itdiag8-dotcom/database (vivid_cars2000.db),added_from_vivid
Suzuki,LIANA Estate (ER),2001,2004,2001-2004,6,itdiag8-dotcom/database (vivid_cars2000.db),added_from_vivid
Suzuki,Liana,,,,0,DanielKohut/car-data,added_missing
Suzuki,MR WAGON,2009,2010,2009-2010,2,itdiag8-dotcom/database (vivid_cars2000.db),added_from_vivid
Suzuki,PALETTE,2011,2011,2011,1,itdiag8-dotcom/database (vivid_cars2000.db),added_from_vivid
Suzuki,Reno,2004,2008,2004-2008,0,gor3a/vehicle-makes-models,added_missing
Suzuki,S-Cross,2014,2014,2014,1,original_db,existing
Suzuki,SAMURAI (SJ),2000,2000,2000,1,itdiag8-dotcom/database (vivid_cars2000.db),added_from_vivid
Suzuki,SOLIO,2010,2010,2010,1,itdiag8-dotcom/database (vivid_cars2000.db),added_from_vivid
Suzuki,SPACIA,2012,2012,2012,4,itdiag8-dotcom/database (vivid_cars2000.db),added_from_vivid
Suzuki,"SWIFT II Hatchback (EA, MA)",2001,2001,2001,1,itdiag8-dotcom/database (vivid_cars2000.db),added_from_vivid
Suzuki,"SWIFT III (MZ, EZ)",2004,2005,2004-2005,8,itdiag8-dotcom/database (vivid_cars2000.db),added_from_vivid
Suzuki,"SWIFT IV (FZ, NZ)",2009,2011,2009-2011,5,itdiag8-dotcom/database (vivid_cars2000.db),added_from_vivid
Suzuki,"SX4 (EY, GY)",2005,2009,2005-2009,10,itdiag8-dotcom/database (vivid_cars2000.db),added_from_vivid
Suzuki,SX4 Crossover,2006,2021,2006-2021,0,gor3a/vehicle-makes-models,added_missing
Suzuki,SX4 S-Cross,2012,2012,2012,3,itdiag8-dotcom/database (vivid_cars2000.db),added_from_vivid
Suzuki,SX4 Saloon (GY),2006,2006,2006,4,itdiag8-dotcom/database (vivid_cars2000.db),added_from_vivid
Suzuki,Splash,2008,2012,2008-2012,2,original_db,existing
Suzuki,Swace,2020,2026,2020-2026,0,gor3a/vehicle-makes-models,added_missing
Suzuki,Swift,2006,2010,2006-2010,5,original_db,existing
Suzuki,Sx4,2006,2011,2006-2011,7,original_db,existing
Suzuki,VITARA (ET),2003,2003,2003,1,itdiag8-dotcom/database (vivid_cars2000.db),added_from_vivid
Suzuki,VITARA (LY),2013,2013,2013,2,itdiag8-dotcom/database (vivid_cars2000.db),added_from_vivid
Suzuki,VITARA Cabrio (ET),2003,2003,2003,1,itdiag8-dotcom/database (vivid_cars2000.db),added_from_vivid
Suzuki,Verona,2004,2006,2004-2006,0,gor3a/vehicle-makes-models,added_missing
Suzuki,Vitara,2004,2004,2004,1,original_db,existing
Suzuki,WAGON R+ (MM),2000,2011,2000-2011,12,itdiag8-dotcom/database (vivid_cars2000.db),added_from_vivid
Suzuki,Wagon R,2008,2008,2008,1,original_db,existing
Suzuki,Xl7,2007,2007,2007,1,original_db,existing
Tata,Altroz,,,,0,DanielKohut/car-data,added_missing
Tata,Aria,,,,0,DanielKohut/car-data,added_missing
Tata,Harrier,,,,0,DanielKohut/car-data,added_missing
Tata,Hexa,,,,0,DanielKohut/car-data,added_missing
Tata,Indica,,,,0,DanielKohut/car-data,added_missing
Tata,Indica Vista,2012,2012,2012,1,original_db,existing
Tata,Indigo,,,,0,DanielKohut/car-data,added_missing
Tata,Indigo Manza,2010,2010,2010,1,original_db,existing
Tata,MOTORS Altroz,2019,2026,2019-2026,0,gor3a/vehicle-makes-models,added_missing
Tata,MOTORS Aria,2010,2017,2010-2017,0,gor3a/vehicle-makes-models,added_missing
Tata,MOTORS Harrier,2018,2023,2018-2023,0,gor3a/vehicle-makes-models,added_missing
Tata,MOTORS Indica,1998,2015,1998-2015,0,gor3a/vehicle-makes-models,added_missing
Tata,MOTORS Indigo,2002,2016,2002-2016,0,gor3a/vehicle-makes-models,added_missing
Tata,MOTORS Indigo SW,2004,2009,2004-2009,0,gor3a/vehicle-makes-models,added_missing
Tata,MOTORS Nano,2008,2018,2008-2018,0,gor3a/vehicle-makes-models,added_missing
Tata,MOTORS Nexon,2017,2023,2017-2023,0,gor3a/vehicle-makes-models,added_missing
Tata,MOTORS Safari,2005,2020,2005-2020,0,gor3a/vehicle-makes-models,added_missing
Tata,MOTORS Sumo,2008,2011,2008-2011,0,gor3a/vehicle-makes-models,added_missing
Tata,MOTORS Telcoline,1988,2005,1988-2005,0,gor3a/vehicle-makes-models,added_missing
Tata,Nano,,,,0,DanielKohut/car-data,added_missing
Tata,Nexon,,,,0,DanielKohut/car-data,added_missing
Tata,Punch,,,,0,DanielKohut/car-data,added_missing
Tata,Safari,,,,0,DanielKohut/car-data,added_missing
Tata,Sierra,,,,0,DanielKohut/car-data,added_missing
Tata,Sumo,,,,0,DanielKohut/car-data,added_missing
Tata,Tiago,,,,0,DanielKohut/car-data,added_missing
Tata,Tigor,,,,0,DanielKohut/car-data,added_missing
Tata,Vista,,,,0,DanielKohut/car-data,added_missing
Tata,Zest,,,,0,DanielKohut/car-data,added_missing
Tesla,Cybertruck,2021,2026,2021-2026,0,gor3a/vehicle-makes-models,added_missing
Tesla,Model 3,2017,2026,2017-2026,0,gor3a/vehicle-makes-models,added_missing
Tesla,Model S,2012,2026,2012-2026,0,gor3a/vehicle-makes-models,added_missing
Tesla,Model X,2015,2026,2015-2026,0,gor3a/vehicle-makes-models,added_missing
Tesla,Model Y,2019,2026,2019-2026,0,gor3a/vehicle-makes-models,added_missing
Tesla,Roadster,2008,2026,2008-2026,0,gor3a/vehicle-makes-models,added_missing
Toyota,"4 RUNNER (KZN18_, VZN18_, RZN18_)",2000,2002,2000-2002,2,itdiag8-dotcom/database (vivid_cars2000.db),added_from_vivid
Toyota,4Runner,1990,2026,1990-2026,0,gor3a/vehicle-makes-models,added_missing
Toyota,86,,,,0,DanielKohut/car-data,added_missing
Toyota,AGYA (B1_),2011,2011,2011,1,itdiag8-dotcom/database (vivid_cars2000.db),added_from_vivid
Toyota,"ALLION I (ZZT24_, NZT24_, AZT24_)",2001,2001,2001,4,itdiag8-dotcom/database (vivid_cars2000.db),added_from_vivid
Toyota,"ALLION II (NZT26_, ZRT26_)",2006,2006,2006,4,itdiag8-dotcom/database (vivid_cars2000.db),added_from_vivid
Toyota,"ALPHARD (ATH1_, MNH1_, ANH1_)",2002,2003,2002-2003,4,itdiag8-dotcom/database (vivid_cars2000.db),added_from_vivid
Toyota,"ALPHARD / VELLFIRE (GGH2_, ANH2_, ATH2_)",2007,2010,2007-2010,5,itdiag8-dotcom/database (vivid_cars2000.db),added_from_vivid
Toyota,"ALTEZZA (SXE1_, JCE1_, GXE1_)",2001,2001,2001,1,itdiag8-dotcom/database (vivid_cars2000.db),added_from_vivid
Toyota,"ALTEZZA GITA (SXE1_, GXE1_)",2001,2001,2001,1,itdiag8-dotcom/database (vivid_cars2000.db),added_from_vivid
Toyota,AQUA (_NHP1_),2010,2010,2010,1,itdiag8-dotcom/database (vivid_cars2000.db),added_from_vivid
Toyota,ASCENT Hatchback,2001,2001,2001,1,itdiag8-dotcom/database (vivid_cars2000.db),added_from_vivid
Toyota,ASCENT Saloon,2001,2001,2001,1,itdiag8-dotcom/database (vivid_cars2000.db),added_from_vivid
Toyota,"AURION (ACV5_, GSV5_)",2010,2010,2010,1,itdiag8-dotcom/database (vivid_cars2000.db),added_from_vivid
Toyota,"AURION (GSV4_, ACV4_)",2000,2005,2000-2005,5,itdiag8-dotcom/database (vivid_cars2000.db),added_from_vivid
Toyota,"AURIS (NRE15_, ZZE15_, ADE15_, ZRE15_, NDE15_)",2005,2009,2005-2009,15,itdiag8-dotcom/database (vivid_cars2000.db),added_from_vivid
Toyota,"AURIS (NZE18_, ZRE18_)",2011,2011,2011,10,itdiag8-dotcom/database (vivid_cars2000.db),added_from_vivid
Toyota,"AURIS TOURING SPORTS (ADE18_, ZWE18_, ZRE18_)",2012,2012,2012,5,itdiag8-dotcom/database (vivid_cars2000.db),added_from_vivid
Toyota,"AURIS VAN Box (ZRE18_, NZE18_)",2012,2012,2012,1,itdiag8-dotcom/database (vivid_cars2000.db),added_from_vivid
Toyota,AVALON Saloon (GSX3_),2004,2004,2004,1,itdiag8-dotcom/database (vivid_cars2000.db),added_from_vivid
Toyota,AVALON Saloon (MCX2_),2000,2001,2000-2001,3,itdiag8-dotcom/database (vivid_cars2000.db),added_from_vivid
Toyota,"AVANZA (F602_, F601_)",2003,2005,2003-2005,3,itdiag8-dotcom/database (vivid_cars2000.db),added_from_vivid
Toyota,AVANZA (F65_),2005,2010,2005-2010,1,itdiag8-dotcom/database (vivid_cars2000.db),added_from_vivid
Toyota,AVENSIS (T25_),2002,2005,2002-2005,10,itdiag8-dotcom/database (vivid_cars2000.db),added_from_vivid
Toyota,AVENSIS (_T22_),2000,2000,2000,3,itdiag8-dotcom/database (vivid_cars2000.db),added_from_vivid
Toyota,AVENSIS Estate (T25),2002,2005,2002-2005,11,itdiag8-dotcom/database (vivid_cars2000.db),added_from_vivid
Toyota,"AVENSIS Estate (ZRT27, ADT27)",2008,2010,2008-2010,8,itdiag8-dotcom/database (vivid_cars2000.db),added_from_vivid
Toyota,AVENSIS Liftback (_T22_),2000,2002,2000-2002,5,itdiag8-dotcom/database (vivid_cars2000.db),added_from_vivid
Toyota,AVENSIS Saloon (T25),2002,2005,2002-2005,11,itdiag8-dotcom/database (vivid_cars2000.db),added_from_vivid
Toyota,"AVENSIS Saloon (ZRT27, ADT27)",2008,2010,2008-2010,8,itdiag8-dotcom/database (vivid_cars2000.db),added_from_vivid
Toyota,AVENSIS Station Wagon (_T22_),2000,2002,2000-2002,4,itdiag8-dotcom/database (vivid_cars2000.db),added_from_vivid
Toyota,"AVENSIS VERSO (_CLM2_, _ACM2_)",2001,2003,2001-2003,3,itdiag8-dotcom/database (vivid_cars2000.db),added_from_vivid
Toyota,"AYGO (PAB4_, KGB4_)",2012,2012,2012,1,itdiag8-dotcom/database (vivid_cars2000.db),added_from_vivid
Toyota,"AYGO (WNB1_, KGB1_)",2004,2004,2004,2,itdiag8-dotcom/database (vivid_cars2000.db),added_from_vivid
Toyota,Agya,2012,2017,2012-2017,0,gor3a/vehicle-makes-models,added_missing
Toyota,Allion,2007,2007,2007,1,original_db,existing
Toyota,Alphard,2008,2008,2008,1,original_db,existing
Toyota,Aqua,2021,2026,2021-2026,0,gor3a/vehicle-makes-models,added_missing
Toyota,Aurion,2007,2007,2007,1,original_db,existing
Toyota,Auris,2006,2015,2006-2015,10,original_db,existing
Toyota,Avalon,2005,2022,2005-2022,0,gor3a/vehicle-makes-models,added_missing
Toyota,Avensis,2003,2015,2003-2015,17,original_db,existing
Toyota,Avensis Verso,2001,2006,2001-2006,0,gor3a/vehicle-makes-models,added_missing
Toyota,Aygo,2005,2005,2005,2,original_db,existing
Toyota,Aygo X,2021,2026,2021-2026,0,gor3a/vehicle-makes-models,added_missing
Toyota,Blade,2006,2006,2006,1,original_db,existing
Toyota,C-HR,2016,2026,2016-2026,0,gor3a/vehicle-makes-models,added_missing
Toyota,"CALDINA (ST21_, CT21_, AT21_)",2000,2000,2000,1,itdiag8-dotcom/database (vivid_cars2000.db),added_from_vivid
Toyota,"CALDINA (ZZT24_, ST24_, AZT24_)",2002,2002,2002,1,itdiag8-dotcom/database (vivid_cars2000.db),added_from_vivid
Toyota,"CAMI Closed Off-Road Vehicle (J12_E, J10_E)",2001,2001,2001,1,itdiag8-dotcom/database (vivid_cars2000.db),added_from_vivid
Toyota,"CAMRY (MCV3_, ACV3_, _XV3_)",2001,2005,2001-2005,7,itdiag8-dotcom/database (vivid_cars2000.db),added_from_vivid
Toyota,"CAMRY (_CV2_, _XV2_)",2000,2000,2000,1,itdiag8-dotcom/database (vivid_cars2000.db),added_from_vivid
Toyota,"CAMRY SOLARA Convertible (MCV2_, SXV2_)",2000,2000,2000,3,itdiag8-dotcom/database (vivid_cars2000.db),added_from_vivid
Toyota,"CAMRY SOLARA Convertible (MCV3_, ACV3_)",2003,2003,2003,5,itdiag8-dotcom/database (vivid_cars2000.db),added_from_vivid
Toyota,"CAMRY SOLARA Coupe (MCV3_, ACV3_)",2003,2003,2003,6,itdiag8-dotcom/database (vivid_cars2000.db),added_from_vivid
Toyota,"CAMRY Saloon (AVV5_, XV5_)",2010,2011,2010-2011,6,itdiag8-dotcom/database (vivid_cars2000.db),added_from_vivid
Toyota,CAMRY Saloon (_XV4_),2005,2009,2005-2009,8,itdiag8-dotcom/database (vivid_cars2000.db),added_from_vivid
Toyota,CELSIOR (UCF3_),2000,2000,2000,1,itdiag8-dotcom/database (vivid_cars2000.db),added_from_vivid
Toyota,"COASTER Bus (TRB5_, XZB5_, RZB4_, HZB5_, BZB5_, BB4_)",2003,2003,2003,9,itdiag8-dotcom/database (vivid_cars2000.db),added_from_vivid
Toyota,"COROLLA (ZZE12_, NDE12_, ZDE12_)",2001,2004,2001-2004,11,itdiag8-dotcom/database (vivid_cars2000.db),added_from_vivid
Toyota,COROLLA (_E11_),2000,2000,2000,5,itdiag8-dotcom/database (vivid_cars2000.db),added_from_vivid
Toyota,COROLLA Compact (_E11_),2000,2000,2000,5,itdiag8-dotcom/database (vivid_cars2000.db),added_from_vivid
Toyota,"COROLLA Estate (NKE16_, NZE16_)",2011,2013,2011-2013,4,itdiag8-dotcom/database (vivid_cars2000.db),added_from_vivid
Toyota,"COROLLA Estate (_E12J_, _E12T_)",2001,2003,2001-2003,7,itdiag8-dotcom/database (vivid_cars2000.db),added_from_vivid
Toyota,COROLLA Estate (_E14_),2005,2005,2005,4,itdiag8-dotcom/database (vivid_cars2000.db),added_from_vivid
Toyota,COROLLA Liftback (_E11_),2000,2000,2000,4,itdiag8-dotcom/database (vivid_cars2000.db),added_from_vivid
Toyota,"COROLLA RUMION (_AZE15_, _NZE15_, _ZRE15_)",2006,2006,2006,3,itdiag8-dotcom/database (vivid_cars2000.db),added_from_vivid
Toyota,COROLLA Saloon (E15_),2005,2011,2005-2011,24,itdiag8-dotcom/database (vivid_cars2000.db),added_from_vivid
Toyota,"COROLLA Saloon (NRE18_, ZRE17_, ZRE18_, NDE18_)",2012,2012,2012,7,itdiag8-dotcom/database (vivid_cars2000.db),added_from_vivid
Toyota,"COROLLA Saloon (_E12J_, _E12T_)",2001,2006,2001-2006,11,itdiag8-dotcom/database (vivid_cars2000.db),added_from_vivid
Toyota,COROLLA Saloon (_NZE16_),2011,2011,2011,3,itdiag8-dotcom/database (vivid_cars2000.db),added_from_vivid
Toyota,"COROLLA Verso (ZDE12_, CDE12_)",2001,2002,2001-2002,6,itdiag8-dotcom/database (vivid_cars2000.db),added_from_vivid
Toyota,"COROLLA Verso (ZER_, ZZE12_, R1_)",2003,2004,2003-2004,9,itdiag8-dotcom/database (vivid_cars2000.db),added_from_vivid
Toyota,COROLLA Wagon (__E11_),2000,2000,2000,5,itdiag8-dotcom/database (vivid_cars2000.db),added_from_vivid
Toyota,COROLLA iM,2017,2018,2017-2018,0,plowman/open-vehicle-db,added_missing
Toyota,"CROWN Saloon (CRS_, JZS_, GRS18_, UZS_)",2003,2003,2003,4,itdiag8-dotcom/database (vivid_cars2000.db),added_from_vivid
Toyota,CROWN Saloon (GRS20_),2007,2008,2007-2008,7,itdiag8-dotcom/database (vivid_cars2000.db),added_from_vivid
Toyota,"CROWN Saloon (GRS21_, AWS21_)",2011,2011,2011,4,itdiag8-dotcom/database (vivid_cars2000.db),added_from_vivid
Toyota,Camry,2006,2006,2006,2,original_db,existing
Toyota,Camry Solara,1999,2009,1999-2009,0,plowman/open-vehicle-db,added_missing
Toyota,Celica,1990,2006,1990-2006,0,gor3a/vehicle-makes-models,added_missing
Toyota,Century,2023,2026,2023-2026,0,gor3a/vehicle-makes-models,added_missing
Toyota,Century SUV,2023,2026,2023-2026,0,gor3a/vehicle-makes-models,added_missing
Toyota,Commuter,2005,2005,2005,1,original_db,existing
Toyota,Corolla,2004,2010,2004-2010,7,original_db,existing
Toyota,Corolla Altis,2006,2006,2006,1,original_db,existing
Toyota,Corolla Cross,2020,2026,2020-2026,0,gor3a/vehicle-makes-models,added_missing
Toyota,Corolla Matrix,2003,2013,2003-2013,0,plowman/open-vehicle-db,added_missing
Toyota,Corolla Verso,2004,2005,2004-2005,4,original_db,existing
Toyota,Crown,2008,2008,2008,1,original_db,existing
Toyota,Crown SUV,2022,2026,2022-2026,0,gor3a/vehicle-makes-models,added_missing
Toyota,Crown Signia,2025,2027,2025-2027,0,plowman/open-vehicle-db,added_missing
Toyota,DYNA 250 Box,2003,2003,2003,1,itdiag8-dotcom/database (vivid_cars2000.db),added_from_vivid
Toyota,DYNA 400 Platform/Chassis (XZU_),2000,2003,2000-2003,3,itdiag8-dotcom/database (vivid_cars2000.db),added_from_vivid
Toyota,"DYNA Bus (XZU3_, XZU4_, WU4_, WU3_, LY2_, KDY2_)",2001,2005,2001-2005,7,itdiag8-dotcom/database (vivid_cars2000.db),added_from_vivid
Toyota,"DYNA Platform/Chassis (KD_, LY_, TRY2_, KDY2_, XZU4_, XZU3_,",2001,2010,2001-2010,25,itdiag8-dotcom/database (vivid_cars2000.db),added_from_vivid
Toyota,"ECHO Hatchback (NCP13_, NCP12_)",2000,2002,2000-2002,4,itdiag8-dotcom/database (vivid_cars2000.db),added_from_vivid
Toyota,"ESQUIRE (ZRR8_, ZWR8_)",2013,2013,2013,2,itdiag8-dotcom/database (vivid_cars2000.db),added_from_vivid
Toyota,"ETIOS (NUK1_, NGK1_)",2009,2009,2009,1,itdiag8-dotcom/database (vivid_cars2000.db),added_from_vivid
Toyota,Echo,2000,2005,2000-2005,0,plowman/open-vehicle-db,added_missing
Toyota,Estima,2006,2006,2006,1,original_db,existing
Toyota,Etios,2010,2010,2010,1,original_db,existing
Toyota,Etios Liva,2011,2020,2011-2020,0,gor3a/vehicle-makes-models,added_missing
Toyota,FCHV-adv,2009,2010,2009-2010,0,plowman/open-vehicle-db,added_missing
Toyota,FJ CRUISER (GSJ1_),2005,2010,2005-2010,4,itdiag8-dotcom/database (vivid_cars2000.db),added_from_vivid
Toyota,FJ Cruiser,2006,2016,2006-2016,0,gor3a/vehicle-makes-models,added_missing
Toyota,"FORTUNER Closed Off-Road Vehicle (TGN6_, KUN6_, GGN6_, TGN5_",2003,2011,2003-2011,9,itdiag8-dotcom/database (vivid_cars2000.db),added_from_vivid
Toyota,Fortuner,2005,2005,2005,3,original_db,existing
Toyota,GR 86,2021,2026,2021-2026,0,gor3a/vehicle-makes-models,added_missing
Toyota,GR Corolla,2022,2026,2022-2026,0,gor3a/vehicle-makes-models,added_missing
Toyota,GR Supra,2022,2026,2022-2026,0,gor3a/vehicle-makes-models,added_missing
Toyota,GR Yaris,2020,2026,2020-2026,0,gor3a/vehicle-makes-models,added_missing
Toyota,GR86,,,,0,DanielKohut/car-data,added_missing
Toyota,GT 86,2012,2021,2012-2021,0,gor3a/vehicle-makes-models,added_missing
Toyota,GT 86 Coupe (ZN6_),2011,2011,2011,1,itdiag8-dotcom/database (vivid_cars2000.db),added_from_vivid
Toyota,Grand Highlander,2023,2026,2023-2026,0,gor3a/vehicle-makes-models,added_missing
Toyota,Gt86,2012,2012,2012,1,original_db,existing
Toyota,"HARRIER (MCU3_, MHU3_, ACU3_, GSU3_)",2003,2004,2003-2004,5,itdiag8-dotcom/database (vivid_cars2000.db),added_from_vivid
Toyota,"HARRIER (SXU1_, MCU1_, ACU1_)",2000,2000,2000,1,itdiag8-dotcom/database (vivid_cars2000.db),added_from_vivid
Toyota,HARRIER (ZSU6_),2012,2012,2012,1,itdiag8-dotcom/database (vivid_cars2000.db),added_from_vivid
Toyota,"HIACE / COMMUTER IV (TRH2_, KDH2_)",2004,2007,2004-2007,6,itdiag8-dotcom/database (vivid_cars2000.db),added_from_vivid
Toyota,"HIACE III Box (YH7_, LH6_, LH7_, LH5_, YH5_, YH6_)",2001,2001,2001,1,itdiag8-dotcom/database (vivid_cars2000.db),added_from_vivid
Toyota,"HIACE III Wagon (LH1_, RZH1_)",2001,2001,2001,1,itdiag8-dotcom/database (vivid_cars2000.db),added_from_vivid
Toyota,"HIACE IV Box (LXH1_, RZH1_, LH1_)",2001,2005,2001-2005,4,itdiag8-dotcom/database (vivid_cars2000.db),added_from_vivid
Toyota,"HIACE IV Box (TRH2_, KDH2_)",2004,2007,2004-2007,7,itdiag8-dotcom/database (vivid_cars2000.db),added_from_vivid
Toyota,HIACE IV Bus (LH1_),2001,2005,2001-2005,5,itdiag8-dotcom/database (vivid_cars2000.db),added_from_vivid
Toyota,"HILUX Closed Off-Road Vehicle (RZN1_, LN1_)",2000,2002,2000-2002,3,itdiag8-dotcom/database (vivid_cars2000.db),added_from_vivid
Toyota,"HILUX II Pickup (RN6_, RN5_, LN6_, YN6_, YN5_, LN5_)",2000,2002,2000-2002,7,itdiag8-dotcom/database (vivid_cars2000.db),added_from_vivid
Toyota,"HILUX III Pickup (TGN1_, GGN2_, GGN1_, KUN2_, KUN1_)",2003,2009,2003-2009,13,itdiag8-dotcom/database (vivid_cars2000.db),added_from_vivid
Toyota,"HILUX III Platform/Chassis (KUN1_, TGN3_, TGN2_, TGN1_, KUN2",2004,2004,2004,3,itdiag8-dotcom/database (vivid_cars2000.db),added_from_vivid
Toyota,Harrier,2014,2020,2014-2020,0,gor3a/vehicle-makes-models,added_missing
Toyota,Hiace,2005,2005,2005,3,original_db,existing
Toyota,Highlander,,,,0,DanielKohut/car-data,added_missing
Toyota,Highlander / Kluger,2001,2026,2001-2026,0,gor3a/vehicle-makes-models,added_missing
Toyota,Hilux,2005,2016,2005-2016,15,original_db,existing
Toyota,Hilux Extra Cab,2011,2017,2011-2017,0,gor3a/vehicle-makes-models,added_missing
Toyota,"IQ (KPJ1_, NGJ1_, KGJ1_, NUJ1_)",2008,2011,2008-2011,4,itdiag8-dotcom/database (vivid_cars2000.db),added_from_vivid
Toyota,"ISIS (ZNM1_, ANM1_, ZGM1_)",2003,2006,2003-2006,5,itdiag8-dotcom/database (vivid_cars2000.db),added_from_vivid
Toyota,IST (NCP6_),2003,2003,2003,2,itdiag8-dotcom/database (vivid_cars2000.db),added_from_vivid
Toyota,Innova,2011,2013,2011-2013,0,gor3a/vehicle-makes-models,added_missing
Toyota,Iq,2008,2008,2008,2,original_db,existing
Toyota,"KIJANG INNOVA (_TGN4_, _KUN4_)",2003,2003,2003,3,itdiag8-dotcom/database (vivid_cars2000.db),added_from_vivid
Toyota,"KLUGER (_MCU2_, _ACU2_)",2000,2004,2000-2004,6,itdiag8-dotcom/database (vivid_cars2000.db),added_from_vivid
Toyota,"KLUGER (_MHU4_, _GSU4_, _ASU4_)",2006,2006,2006,3,itdiag8-dotcom/database (vivid_cars2000.db),added_from_vivid
Toyota,"LAND CRUISER (KDJ12_, GRJ12_)",2002,2003,2002-2003,10,itdiag8-dotcom/database (vivid_cars2000.db),added_from_vivid
Toyota,"LAND CRUISER (PZJ7_, KZJ7_, HZJ7_, BJ7_, LJ7_, RJ7_)",2001,2006,2001-2006,3,itdiag8-dotcom/database (vivid_cars2000.db),added_from_vivid
Toyota,"LAND CRUISER (VDJ20_, UZJ20_)",2006,2011,2006-2011,11,itdiag8-dotcom/database (vivid_cars2000.db),added_from_vivid
Toyota,LAND CRUISER 100 (UZJ100),2002,2002,2002,1,itdiag8-dotcom/database (vivid_cars2000.db),added_from_vivid
Toyota,"LAND CRUISER 150 (KDJ15_, GRJ15_)",2009,2009,2009,7,itdiag8-dotcom/database (vivid_cars2000.db),added_from_vivid
Toyota,LAND CRUISER 90 (_J9_),2000,2002,2000-2002,2,itdiag8-dotcom/database (vivid_cars2000.db),added_from_vivid
Toyota,LAND CRUISER Pickup (_J7_),2006,2006,2006,2,itdiag8-dotcom/database (vivid_cars2000.db),added_from_vivid
Toyota,Land Cruiser,2002,2014,2002-2014,11,original_db,existing
Toyota,Land Cruiser / Prado,1996,2026,1996-2026,0,gor3a/vehicle-makes-models,added_missing
Toyota,Land Cruiser V8 and predecessors,1984,2021,1984-2021,0,gor3a/vehicle-makes-models,added_missing
Toyota,MARK X I (GRX12_),2003,2003,2003,3,itdiag8-dotcom/database (vivid_cars2000.db),added_from_vivid
Toyota,MARK X II (GRX13_),2008,2008,2008,2,itdiag8-dotcom/database (vivid_cars2000.db),added_from_vivid
Toyota,"MARK X ZiO (GGA1_, ANA1_)",2006,2006,2006,2,itdiag8-dotcom/database (vivid_cars2000.db),added_from_vivid
Toyota,MATRIX (ZZE13_),2001,2001,2001,2,itdiag8-dotcom/database (vivid_cars2000.db),added_from_vivid
Toyota,MR2,1985,2005,1985-2005,0,gor3a/vehicle-makes-models,added_missing
Toyota,Mark X,2005,2010,2005-2010,2,original_db,existing
Toyota,Matrix,2009,2009,2009,1,original_db,existing
Toyota,Mirai,2015,2026,2015-2026,0,gor3a/vehicle-makes-models,added_missing
Toyota,"NOAH/VOXY (ZRR8_, ZWR8_)",2012,2012,2012,2,itdiag8-dotcom/database (vivid_cars2000.db),added_from_vivid
Toyota,NOAH/VOXY (_AZR6_),2001,2001,2001,1,itdiag8-dotcom/database (vivid_cars2000.db),added_from_vivid
Toyota,NOAH/VOXY (_ZRR7_),2006,2006,2006,2,itdiag8-dotcom/database (vivid_cars2000.db),added_from_vivid
Toyota,"OPA (ZCT1_, ACT1_)",2000,2000,2000,3,itdiag8-dotcom/database (vivid_cars2000.db),added_from_vivid
Toyota,ORIGIN (JCG1_),2000,2000,2000,1,itdiag8-dotcom/database (vivid_cars2000.db),added_from_vivid
Toyota,"PASSO (_NC1_, _XC1_)",2004,2007,2004-2007,3,itdiag8-dotcom/database (vivid_cars2000.db),added_from_vivid
Toyota,"PASSO (_NGC3_, _KGC3_)",2009,2009,2009,2,itdiag8-dotcom/database (vivid_cars2000.db),added_from_vivid
Toyota,PICNIC (_XM10),2000,2001,2000-2001,2,itdiag8-dotcom/database (vivid_cars2000.db),added_from_vivid
Toyota,PIXIS Bus (S3_M),2011,2011,2011,2,itdiag8-dotcom/database (vivid_cars2000.db),added_from_vivid
Toyota,"PIXIS EPOCH (LA31_, LA30_)",2011,2011,2011,1,itdiag8-dotcom/database (vivid_cars2000.db),added_from_vivid
Toyota,PIXIS Platform/Chassis (S2_),2011,2011,2011,1,itdiag8-dotcom/database (vivid_cars2000.db),added_from_vivid
Toyota,"PIXIS SPACE (L58_A, L57_A)",2010,2010,2010,2,itdiag8-dotcom/database (vivid_cars2000.db),added_from_vivid
Toyota,PLATZ (NCP1_),2002,2002,2002,2,itdiag8-dotcom/database (vivid_cars2000.db),added_from_vivid
Toyota,PORTE (_NNP1_),2003,2003,2003,3,itdiag8-dotcom/database (vivid_cars2000.db),added_from_vivid
Toyota,PORTE II (NCP14_),2011,2011,2011,2,itdiag8-dotcom/database (vivid_cars2000.db),added_from_vivid
Toyota,"PREMIO (NZT26_, ZRT26_)",2006,2006,2006,4,itdiag8-dotcom/database (vivid_cars2000.db),added_from_vivid
Toyota,"PREMIO (ZZT24_, NZT24_, AZT24_)",2001,2001,2001,2,itdiag8-dotcom/database (vivid_cars2000.db),added_from_vivid
Toyota,"PREVIA (MCR3_, ACR3_, CLR3_)",2000,2002,2000-2002,6,itdiag8-dotcom/database (vivid_cars2000.db),added_from_vivid
Toyota,"PREVIA III (ACR5_, GSR5_)",2004,2011,2004-2011,5,itdiag8-dotcom/database (vivid_cars2000.db),added_from_vivid
Toyota,PRIUS (ZVW3_),2008,2008,2008,1,itdiag8-dotcom/database (vivid_cars2000.db),added_from_vivid
Toyota,PRIUS C (NHP10_),2011,2011,2011,1,itdiag8-dotcom/database (vivid_cars2000.db),added_from_vivid
Toyota,PRIUS Hatchback (NHW20_),2003,2003,2003,1,itdiag8-dotcom/database (vivid_cars2000.db),added_from_vivid
Toyota,PRIUS PLUS (ZVW4_),2010,2010,2010,1,itdiag8-dotcom/database (vivid_cars2000.db),added_from_vivid
Toyota,PRIUS Saloon (NHW11_),2000,2000,2000,1,itdiag8-dotcom/database (vivid_cars2000.db),added_from_vivid
Toyota,PROACE Box Body / Estate,2012,2012,2012,3,itdiag8-dotcom/database (vivid_cars2000.db),added_from_vivid
Toyota,"PROBOX/SUCCEED (_NLP5_, _NCP5_)",2002,2002,2002,6,itdiag8-dotcom/database (vivid_cars2000.db),added_from_vivid
Toyota,Paseo,1996,2000,1996-2000,0,gor3a/vehicle-makes-models,added_missing
Toyota,Picnic,1996,2001,1996-2001,0,gor3a/vehicle-makes-models,added_missing
Toyota,Premio,2007,2007,2007,1,original_db,existing
Toyota,Previa / Estima,1992,2016,1992-2016,0,gor3a/vehicle-makes-models,added_missing
Toyota,Prius,2003,2009,2003-2009,2,original_db,existing
Toyota,Prius C,2012,2021,2012-2021,0,gor3a/vehicle-makes-models,added_missing
Toyota,Prius Prime,2016,2022,2016-2022,0,gor3a/vehicle-makes-models,added_missing
Toyota,Prius Prime (PHEV),2017,2027,2017-2027,0,plowman/open-vehicle-db,added_missing
Toyota,Prius V,2012,2017,2012-2017,0,plowman/open-vehicle-db,added_missing
Toyota,Prius v/Prius+,2011,2021,2011-2021,0,gor3a/vehicle-makes-models,added_missing
Toyota,Proace,2013,2013,2013,1,original_db,existing
Toyota,"RACTIS (SCP10_, NCP10_)",2004,2004,2004,3,itdiag8-dotcom/database (vivid_cars2000.db),added_from_vivid
Toyota,RAUM MPV (NCZ2_),2003,2003,2003,2,itdiag8-dotcom/database (vivid_cars2000.db),added_from_vivid
Toyota,"RAV 4 II (CLA2_, XA2_, ZCA2_, ACA2_)",2000,2003,2000-2003,4,itdiag8-dotcom/database (vivid_cars2000.db),added_from_vivid
Toyota,"RAV 4 III (ACA3_, ACE_, ALA3_, GSA3_, ZSA3_)",2004,2008,2004-2008,10,itdiag8-dotcom/database (vivid_cars2000.db),added_from_vivid
Toyota,"RAV 4 IV (ZSA4_, ALA4_)",2011,2012,2011-2012,8,itdiag8-dotcom/database (vivid_cars2000.db),added_from_vivid
Toyota,RAV4 Prime (PHEV),2021,2027,2021-2027,0,plowman/open-vehicle-db,added_missing
Toyota,"REGIUSACE Box (TRH2_, KDH2_)",2003,2003,2003,4,itdiag8-dotcom/database (vivid_cars2000.db),added_from_vivid
Toyota,"REGIUSACE Bus (TRH2_, KDH2_)",2003,2003,2003,4,itdiag8-dotcom/database (vivid_cars2000.db),added_from_vivid
Toyota,RUSH Closed Off-Road Vehicle (J2_),2005,2005,2005,1,itdiag8-dotcom/database (vivid_cars2000.db),added_from_vivid
Toyota,Ractis,2009,2009,2009,1,original_db,existing
Toyota,Rav4,2006,2015,2006-2015,8,original_db,existing
Toyota,Reiz,2010,2010,2010,1,original_db,existing
Toyota,Rukus,2007,2015,2007-2015,0,gor3a/vehicle-makes-models,added_missing
Toyota,SAI (AZK1_),2008,2008,2008,1,itdiag8-dotcom/database (vivid_cars2000.db),added_from_vivid
Toyota,"SEQUOIA (UCK45_, UCK35_)",2000,2000,2000,2,itdiag8-dotcom/database (vivid_cars2000.db),added_from_vivid
Toyota,"SEQUOIA (UCK6_, UPK6_, USK6_)",2006,2006,2006,2,itdiag8-dotcom/database (vivid_cars2000.db),added_from_vivid
Toyota,"SIENNA (ASL3_, GSL3_)",2009,2009,2009,1,itdiag8-dotcom/database (vivid_cars2000.db),added_from_vivid
Toyota,"SIENNA (MCL2_, GSL2_)",2003,2003,2003,1,itdiag8-dotcom/database (vivid_cars2000.db),added_from_vivid
Toyota,SIENTA (NCP8_),2003,2003,2003,2,itdiag8-dotcom/database (vivid_cars2000.db),added_from_vivid
Toyota,SOLUNA VIOS,2002,2002,2002,2,itdiag8-dotcom/database (vivid_cars2000.db),added_from_vivid
Toyota,SPADE (NCP14_),2011,2011,2011,2,itdiag8-dotcom/database (vivid_cars2000.db),added_from_vivid
Toyota,"SPARKY (S23_, S22_)",2000,2000,2000,2,itdiag8-dotcom/database (vivid_cars2000.db),added_from_vivid
Toyota,"STALLION (RZF5_, LF5_)",2000,2000,2000,1,itdiag8-dotcom/database (vivid_cars2000.db),added_from_vivid
Toyota,Scion FR-S,2013,2016,2013-2016,0,plowman/open-vehicle-db,added_missing
Toyota,Scion iA,2016,2016,2016-2016,0,plowman/open-vehicle-db,added_missing
Toyota,Scion iM,2016,2016,2016-2016,0,plowman/open-vehicle-db,added_missing
Toyota,Scion iQ,2011,2015,2011-2015,0,plowman/open-vehicle-db,added_missing
Toyota,Scion tC,2005,2016,2005-2016,0,plowman/open-vehicle-db,added_missing
Toyota,Scion xA,2004,2006,2004-2006,0,plowman/open-vehicle-db,added_missing
Toyota,Scion xB,2004,2015,2004-2015,0,plowman/open-vehicle-db,added_missing
Toyota,Scion xD,2008,2014,2008-2014,0,plowman/open-vehicle-db,added_missing
Toyota,Sequoia,2008,2008,2008,1,original_db,existing
Toyota,Sienna,1998,2026,1998-2026,0,gor3a/vehicle-makes-models,added_missing
Toyota,Solara,2004,2008,2004-2008,0,gor3a/vehicle-makes-models,added_missing
Toyota,Supra,1993,2026,1993-2026,0,gor3a/vehicle-makes-models,added_missing
Toyota,"TOWN ACE Box (KM8_, KM7_, CM8_, CM7_)",2001,2001,2001,1,itdiag8-dotcom/database (vivid_cars2000.db),added_from_vivid
Toyota,"TOWN ACE Bus (SR5_, SR4_, KR4_, CR5_, CR4_)",2001,2003,2001-2003,2,itdiag8-dotcom/database (vivid_cars2000.db),added_from_vivid
Toyota,"TUNDRA Pickup (_K4_, _K3_)",2003,2003,2003,1,itdiag8-dotcom/database (vivid_cars2000.db),added_from_vivid
Toyota,TUNDRA Pickup (_K5_),2006,2008,2006-2008,2,itdiag8-dotcom/database (vivid_cars2000.db),added_from_vivid
Toyota,"TUV Platform/Chassis (YF_, RZF_, LF_, KF_)",2003,2003,2003,3,itdiag8-dotcom/database (vivid_cars2000.db),added_from_vivid
Toyota,Tacoma,2009,2009,2009,1,original_db,existing
Toyota,Tundra,2014,2014,2014,1,original_db,existing
Toyota,"URBAN CRUISER (NSP1_, NLP1_, ZSP1_, NCP11_)",2006,2009,2006-2009,5,itdiag8-dotcom/database (vivid_cars2000.db),added_from_vivid
Toyota,Urban Cruiser,2009,2009,2009,1,original_db,existing
Toyota,"VANGUARD (ACA3_, GSA3_)",2004,2004,2004,2,itdiag8-dotcom/database (vivid_cars2000.db),added_from_vivid
Toyota,"VENZA (GGV1_, AGV1_)",2007,2007,2007,2,itdiag8-dotcom/database (vivid_cars2000.db),added_from_vivid
Toyota,"VEROSSA (JZX11_, GX11_)",2000,2000,2000,3,itdiag8-dotcom/database (vivid_cars2000.db),added_from_vivid
Toyota,"VERSO (_AUR2_, _ZGR2_)",2008,2012,2008-2012,7,itdiag8-dotcom/database (vivid_cars2000.db),added_from_vivid
Toyota,"VERSO S (NLP12_, NCP12_, NSP12_)",2009,2009,2009,5,itdiag8-dotcom/database (vivid_cars2000.db),added_from_vivid
Toyota,VERSO-S,2010,2017,2010-2017,0,gor3a/vehicle-makes-models,added_missing
Toyota,"VIOS (SCP4_, NCP4_, AXP4_)",2002,2002,2002,5,itdiag8-dotcom/database (vivid_cars2000.db),added_from_vivid
Toyota,VIOS/YARIS Saloon (NCP15_),2012,2012,2012,1,itdiag8-dotcom/database (vivid_cars2000.db),added_from_vivid
Toyota,"VIOS/YARIS Saloon (ZSP9_, NCP9_)",2006,2006,2006,5,itdiag8-dotcom/database (vivid_cars2000.db),added_from_vivid
Toyota,"VISTA Saloon (SV5_, ZV5_)",2001,2002,2001-2002,3,itdiag8-dotcom/database (vivid_cars2000.db),added_from_vivid
Toyota,Venza,2009,2026,2009-2026,0,gor3a/vehicle-makes-models,added_missing
Toyota,Verso,2012,2012,2012,3,original_db,existing
Toyota,Verso S,2011,2011,2011,1,original_db,existing
Toyota,Vios,2007,2007,2007,2,original_db,existing
Toyota,Vitz,2003,2006,2003-2006,3,original_db,existing
Toyota,WILL CYPHA (NCP7_),2001,2001,2001,2,itdiag8-dotcom/database (vivid_cars2000.db),added_from_vivid
Toyota,"WILL VS (ZZE12_, NZE12_)",2001,2001,2001,3,itdiag8-dotcom/database (vivid_cars2000.db),added_from_vivid
Toyota,WILL Vi (NCP19_),2000,2000,2000,1,itdiag8-dotcom/database (vivid_cars2000.db),added_from_vivid
Toyota,WINDOM (MCV3_),2001,2001,2001,1,itdiag8-dotcom/database (vivid_cars2000.db),added_from_vivid
Toyota,WISH MPV (ZGE2_),2008,2008,2008,4,itdiag8-dotcom/database (vivid_cars2000.db),added_from_vivid
Toyota,"WISH MPV (ZNE1_, ANE1_)",2002,2002,2002,3,itdiag8-dotcom/database (vivid_cars2000.db),added_from_vivid
Toyota,Wish,2004,2004,2004,1,original_db,existing
Toyota,YARIS (NCP15_),2012,2012,2012,2,itdiag8-dotcom/database (vivid_cars2000.db),added_from_vivid
Toyota,"YARIS (NHP13_, NSP13_, NCP13_, KSP13_, NLP13_)",2009,2011,2009-2011,9,itdiag8-dotcom/database (vivid_cars2000.db),added_from_vivid
Toyota,"YARIS (SCP1_, NLP1_, NCP1_)",2001,2004,2001-2004,7,itdiag8-dotcom/database (vivid_cars2000.db),added_from_vivid
Toyota,"YARIS (SCP9_, NSP9_, KSP9_, NCP9_, ZSP9_)",2004,2009,2004-2009,11,itdiag8-dotcom/database (vivid_cars2000.db),added_from_vivid
Toyota,"YARIS VERSO (_NLP2_, _NCP2_)",2000,2003,2000-2003,3,itdiag8-dotcom/database (vivid_cars2000.db),added_from_vivid
Toyota,Yaris,1999,2011,1999-2011,7,original_db,existing
Toyota,Yaris Cross,2020,2026,2020-2026,0,gor3a/vehicle-makes-models,added_missing
Toyota,Yaris TS,2007,2010,2007-2010,0,gor3a/vehicle-makes-models,added_missing
Toyota,Yaris Verso,2001,2003,2001-2003,2,original_db,existing
Toyota,Yaris iA,2017,2019,2017-2019,0,plowman/open-vehicle-db,added_missing
Toyota,ZELAS Coupe (AGT20),2009,2009,2009,1,itdiag8-dotcom/database (vivid_cars2000.db),added_from_vivid
Toyota,bB I (NCP3_),2000,2000,2000,1,itdiag8-dotcom/database (vivid_cars2000.db),added_from_vivid
Toyota,bB II (QNC2_),2004,2004,2004,1,itdiag8-dotcom/database (vivid_cars2000.db),added_from_vivid
Toyota,bZ,2026,2026,2026-2026,0,gor3a/vehicle-makes-models,added_missing
Toyota,bZ Woodland,2026,2027,2026-2027,0,plowman/open-vehicle-db,added_missing
Toyota,bZ4X,2022,2026,2022-2026,0,gor3a/vehicle-makes-models,added_missing
Triumph,CHIMAERA,2000,2000,2000,1,itdiag8-dotcom/database (vivid_cars2000.db),added_from_vivid
Triumph,GRIFFITH (TCT_),2000,2000,2000,1,itdiag8-dotcom/database (vivid_cars2000.db),added_from_vivid
Troller,Pantanal,2006,2006,2006,1,original_db,existing
Troller,T4,2005,2014,2005-2014,2,original_db,existing
Vauxhall,AGILA Mk I (A),2000,2003,2000-2003,4,itdiag8-dotcom/database (vivid_cars2000.db),added_from_vivid
Vauxhall,AGILA Mk II (B),2007,2010,2007-2010,6,itdiag8-dotcom/database (vivid_cars2000.db),added_from_vivid
Vauxhall,"ANTARA (J26, H26)",2005,2009,2005-2009,10,itdiag8-dotcom/database (vivid_cars2000.db),added_from_vivid
Vauxhall,ASTRA GTC Mk VI (J),2010,2012,2010-2012,16,itdiag8-dotcom/database (vivid_cars2000.db),added_from_vivid
Vauxhall,ASTRA Mk IV (G) Convertible,2001,2002,2001-2002,7,itdiag8-dotcom/database (vivid_cars2000.db),added_from_vivid
Vauxhall,ASTRA Mk IV (G) Coupe (F67),2000,2002,2000-2002,8,itdiag8-dotcom/database (vivid_cars2000.db),added_from_vivid
Vauxhall,ASTRA Mk IV (G) Estate,2000,2002,2000-2002,8,itdiag8-dotcom/database (vivid_cars2000.db),added_from_vivid
Vauxhall,ASTRA Mk IV (G) Hatchback,2000,2002,2000-2002,11,itdiag8-dotcom/database (vivid_cars2000.db),added_from_vivid
Vauxhall,ASTRA Mk IV (G) Saloon,2000,2002,2000-2002,8,itdiag8-dotcom/database (vivid_cars2000.db),added_from_vivid
Vauxhall,ASTRA Mk V (H) Estate,2003,2006,2003-2006,21,itdiag8-dotcom/database (vivid_cars2000.db),added_from_vivid
Vauxhall,ASTRA Mk V (H) Hatchback,2003,2006,2003-2006,21,itdiag8-dotcom/database (vivid_cars2000.db),added_from_vivid
Vauxhall,ASTRA Mk V (H) Sport Hatch,2004,2008,2004-2008,17,itdiag8-dotcom/database (vivid_cars2000.db),added_from_vivid
Vauxhall,ASTRA Mk VI (J),2008,2012,2008-2012,19,itdiag8-dotcom/database (vivid_cars2000.db),added_from_vivid
Vauxhall,ASTRA Mk VI (J) Saloon,2011,2011,2011,12,itdiag8-dotcom/database (vivid_cars2000.db),added_from_vivid
Vauxhall,ASTRA Mk VI (J) Sports Tourer,2009,2012,2009-2012,20,itdiag8-dotcom/database (vivid_cars2000.db),added_from_vivid
Vauxhall,ASTRA TwinTop Mk V (H),2004,2007,2004-2007,8,itdiag8-dotcom/database (vivid_cars2000.db),added_from_vivid
Vauxhall,ASTRAVAN Mk IV (G),2000,2003,2000-2003,4,itdiag8-dotcom/database (vivid_cars2000.db),added_from_vivid
Vauxhall,ASTRAVAN Mk V (H),2004,2010,2004-2010,12,itdiag8-dotcom/database (vivid_cars2000.db),added_from_vivid
Vauxhall,Adam,,,,0,DanielKohut/car-data,added_missing
Vauxhall,Agila,2000,2000,2000,2,original_db,existing
Vauxhall,Agila A,,,,0,DanielKohut/car-data,added_missing
Vauxhall,Agila B,,,,0,DanielKohut/car-data,added_missing
Vauxhall,Ampera,,,,0,DanielKohut/car-data,added_missing
Vauxhall,Antara,2007,2015,2007-2015,0,gor3a/vehicle-makes-models,added_missing
Vauxhall,Astra,2004,2026,2004-2026,0,gor3a/vehicle-makes-models,added_missing
Vauxhall,Astra F,,,,0,DanielKohut/car-data,added_missing
Vauxhall,Astra G,,,,0,DanielKohut/car-data,added_missing
Vauxhall,Astra H,,,,0,DanielKohut/car-data,added_missing
Vauxhall,Astra J,,,,0,DanielKohut/car-data,added_missing
Vauxhall,Astra K,,,,0,DanielKohut/car-data,added_missing
Vauxhall,Astra L,,,,0,DanielKohut/car-data,added_missing
Vauxhall,Astra Sport Hatch,2004,2010,2004-2010,0,gor3a/vehicle-makes-models,added_missing
Vauxhall,Astra Twin Top,2007,2010,2007-2010,0,gor3a/vehicle-makes-models,added_missing
Vauxhall,Astra VXR,2005,2015,2005-2015,0,gor3a/vehicle-makes-models,added_missing
Vauxhall,BRAVA Pickup,2001,2001,2001,1,itdiag8-dotcom/database (vivid_cars2000.db),added_from_vivid
Vauxhall,CASCADA Convertible,2012,2012,2012,6,itdiag8-dotcom/database (vivid_cars2000.db),added_from_vivid
Vauxhall,COMBO Mk II (C) Box Body / Estate (F25),2001,2005,2001-2005,14,itdiag8-dotcom/database (vivid_cars2000.db),added_from_vivid
Vauxhall,COMBO Mk III (D) Box Body / Estate,2010,2010,2010,8,itdiag8-dotcom/database (vivid_cars2000.db),added_from_vivid
Vauxhall,COMBO TOUR Mk II (C) (F25),2001,2005,2001-2005,10,itdiag8-dotcom/database (vivid_cars2000.db),added_from_vivid
Vauxhall,"CORSA Mk II (C) (W5L, F08)",2000,2004,2000-2004,15,itdiag8-dotcom/database (vivid_cars2000.db),added_from_vivid
Vauxhall,CORSA Mk III (D) (L_8),2005,2011,2005-2011,28,itdiag8-dotcom/database (vivid_cars2000.db),added_from_vivid
Vauxhall,CORSA Mk IV (E),2012,2012,2012,7,itdiag8-dotcom/database (vivid_cars2000.db),added_from_vivid
Vauxhall,CORSAVAN Mk II (C),2000,2003,2000-2003,7,itdiag8-dotcom/database (vivid_cars2000.db),added_from_vivid
Vauxhall,CORSAVAN Mk III (D),2005,2009,2005-2009,8,itdiag8-dotcom/database (vivid_cars2000.db),added_from_vivid
Vauxhall,CORSAVAN Mk IV (E),2013,2013,2013,3,itdiag8-dotcom/database (vivid_cars2000.db),added_from_vivid
Vauxhall,Cascada,,,,0,DanielKohut/car-data,added_missing
Vauxhall,Combo A,,,,0,DanielKohut/car-data,added_missing
Vauxhall,Combo B,,,,0,DanielKohut/car-data,added_missing
Vauxhall,Combo C,,,,0,DanielKohut/car-data,added_missing
Vauxhall,Combo D,,,,0,DanielKohut/car-data,added_missing
Vauxhall,Combo E,,,,0,DanielKohut/car-data,added_missing
Vauxhall,Corsa,2001,2023,2001-2023,0,gor3a/vehicle-makes-models,added_missing
Vauxhall,Corsa A,,,,0,DanielKohut/car-data,added_missing
Vauxhall,Corsa B,,,,0,DanielKohut/car-data,added_missing
Vauxhall,Corsa C,,,,0,DanielKohut/car-data,added_missing
Vauxhall,Corsa D,,,,0,DanielKohut/car-data,added_missing
Vauxhall,Corsa E,,,,0,DanielKohut/car-data,added_missing
Vauxhall,Corsa F,,,,0,DanielKohut/car-data,added_missing
Vauxhall,Corsa G,,,,0,DanielKohut/car-data,added_missing
Vauxhall,Corsa GSE,2026,2026,2026-2026,0,gor3a/vehicle-makes-models,added_missing
Vauxhall,Corsa VXR,2011,2013,2011-2013,0,gor3a/vehicle-makes-models,added_missing
Vauxhall,Crossland,,,,0,DanielKohut/car-data,added_missing
Vauxhall,Crossland X,2017,2018,2017-2018,0,gor3a/vehicle-makes-models,added_missing
Vauxhall,Frontera A,,,,0,DanielKohut/car-data,added_missing
Vauxhall,Frontera B,,,,0,DanielKohut/car-data,added_missing
Vauxhall,Grandland,2021,2026,2021-2026,0,gor3a/vehicle-makes-models,added_missing
Vauxhall,Grandland X,,,,0,DanielKohut/car-data,added_missing
Vauxhall,INSIGNIA Estate,2007,2013,2007-2013,22,itdiag8-dotcom/database (vivid_cars2000.db),added_from_vivid
Vauxhall,INSIGNIA Saloon,2007,2013,2007-2013,21,itdiag8-dotcom/database (vivid_cars2000.db),added_from_vivid
Vauxhall,Insignia,2008,2017,2008-2017,0,gor3a/vehicle-makes-models,added_missing
Vauxhall,Insignia A,,,,0,DanielKohut/car-data,added_missing
Vauxhall,Insignia B,,,,0,DanielKohut/car-data,added_missing
Vauxhall,Insignia Country Tourer,2013,2017,2013-2017,0,gor3a/vehicle-makes-models,added_missing
Vauxhall,Insignia Sports Tourer,2009,2017,2009-2017,0,gor3a/vehicle-makes-models,added_missing
Vauxhall,Insignia VXR,2012,2017,2012-2017,0,gor3a/vehicle-makes-models,added_missing
Vauxhall,Insignia VXR Sports Tourer,2010,2019,2010-2019,0,gor3a/vehicle-makes-models,added_missing
Vauxhall,MAGNUM Estate,2013,2013,2013,1,itdiag8-dotcom/database (vivid_cars2000.db),added_from_vivid
Vauxhall,MERIVA Mk I (A),2002,2005,2002-2005,9,itdiag8-dotcom/database (vivid_cars2000.db),added_from_vivid
Vauxhall,MERIVA Mk II (B),2009,2012,2009-2012,20,itdiag8-dotcom/database (vivid_cars2000.db),added_from_vivid
Vauxhall,"MOVANO Mk I (A) Chassis/Cab (ED, UD, HD)",2000,2005,2000-2005,12,itdiag8-dotcom/database (vivid_cars2000.db),added_from_vivid
Vauxhall,MOVANO Mk I (A) Combi (JD),2000,2005,2000-2005,14,itdiag8-dotcom/database (vivid_cars2000.db),added_from_vivid
Vauxhall,MOVANO Mk I (A) Van (FD),2000,2005,2000-2005,15,itdiag8-dotcom/database (vivid_cars2000.db),added_from_vivid
Vauxhall,MOVANO Mk II (B) Chassis/Cab,2009,2012,2009-2012,20,itdiag8-dotcom/database (vivid_cars2000.db),added_from_vivid
Vauxhall,MOVANO Mk II (B) Combi,2009,2012,2009-2012,10,itdiag8-dotcom/database (vivid_cars2000.db),added_from_vivid
Vauxhall,MOVANO Mk II (B) VAN,2009,2012,2009-2012,24,itdiag8-dotcom/database (vivid_cars2000.db),added_from_vivid
Vauxhall,Meriva,2003,2017,2003-2017,0,gor3a/vehicle-makes-models,added_missing
Vauxhall,Meriva A,,,,0,DanielKohut/car-data,added_missing
Vauxhall,Meriva B,,,,0,DanielKohut/car-data,added_missing
Vauxhall,Meriva VXR,2003,2009,2003-2009,0,gor3a/vehicle-makes-models,added_missing
Vauxhall,Mokka,2012,2016,2012-2016,0,gor3a/vehicle-makes-models,added_missing
Vauxhall,Mokka X,2016,2019,2016-2019,0,gor3a/vehicle-makes-models,added_missing
Vauxhall,Mokka-e,,,,0,DanielKohut/car-data,added_missing
Vauxhall,Monaro,2001,2007,2001-2007,0,gor3a/vehicle-makes-models,added_missing
Vauxhall,Monaro VXR,2005,2007,2005-2007,0,gor3a/vehicle-makes-models,added_missing
Vauxhall,OMEGA (B),2000,2001,2000-2001,4,itdiag8-dotcom/database (vivid_cars2000.db),added_from_vivid
Vauxhall,OMEGA (B) Estate,2000,2001,2000-2001,4,itdiag8-dotcom/database (vivid_cars2000.db),added_from_vivid
Vauxhall,Omega A,,,,0,DanielKohut/car-data,added_missing
Vauxhall,Omega B,,,,0,DanielKohut/car-data,added_missing
Vauxhall,SPEEDSTER,2001,2001,2001,1,itdiag8-dotcom/database (vivid_cars2000.db),added_from_vivid
Vauxhall,Signum,2005,2008,2005-2008,0,gor3a/vehicle-makes-models,added_missing
Vauxhall,TIGRA TwinTop,2003,2003,2003,3,itdiag8-dotcom/database (vivid_cars2000.db),added_from_vivid
Vauxhall,Tigra A,,,,0,DanielKohut/car-data,added_missing
Vauxhall,Tigra B (TwinTop),,,,0,DanielKohut/car-data,added_missing
Vauxhall,Tigra Twin Top,2004,2009,2004-2009,0,gor3a/vehicle-makes-models,added_missing
Vauxhall,VECTRA (B),2000,2000,2000,2,itdiag8-dotcom/database (vivid_cars2000.db),added_from_vivid
Vauxhall,VECTRA (B) Estate,2000,2000,2000,2,itdiag8-dotcom/database (vivid_cars2000.db),added_from_vivid
Vauxhall,VECTRA (B) Hatchback,2000,2000,2000,3,itdiag8-dotcom/database (vivid_cars2000.db),added_from_vivid
Vauxhall,VECTRA Mk II (C),2000,2005,2000-2005,12,itdiag8-dotcom/database (vivid_cars2000.db),added_from_vivid
Vauxhall,VECTRA Mk II (C) Estate,2003,2005,2003-2005,14,itdiag8-dotcom/database (vivid_cars2000.db),added_from_vivid
Vauxhall,VECTRA Mk II (C) GTS,2002,2005,2002-2005,16,itdiag8-dotcom/database (vivid_cars2000.db),added_from_vivid
Vauxhall,VIVARO Box,2012,2012,2012,1,itdiag8-dotcom/database (vivid_cars2000.db),added_from_vivid
Vauxhall,VIVARO Box (F7),2001,2005,2001-2005,14,itdiag8-dotcom/database (vivid_cars2000.db),added_from_vivid
Vauxhall,VIVARO Combi,2012,2012,2012,1,itdiag8-dotcom/database (vivid_cars2000.db),added_from_vivid
Vauxhall,VIVARO Combi (J7),2001,2005,2001-2005,16,itdiag8-dotcom/database (vivid_cars2000.db),added_from_vivid
Vauxhall,VIVARO Platform/Chassis (E7),2002,2005,2002-2005,12,itdiag8-dotcom/database (vivid_cars2000.db),added_from_vivid
Vauxhall,VX 220,2000,2005,2000-2005,0,gor3a/vehicle-makes-models,added_missing
Vauxhall,VX220,2000,2001,2000-2001,2,itdiag8-dotcom/database (vivid_cars2000.db),added_from_vivid
Vauxhall,VXR8,2008,2017,2008-2017,0,gor3a/vehicle-makes-models,added_missing
Vauxhall,VXR8 Estate,2007,2007,2007,1,itdiag8-dotcom/database (vivid_cars2000.db),added_from_vivid
Vauxhall,VXR8 MALOO,2007,2007,2007,1,itdiag8-dotcom/database (vivid_cars2000.db),added_from_vivid
Vauxhall,VXR8 Saloon,2006,2012,2006-2012,5,itdiag8-dotcom/database (vivid_cars2000.db),added_from_vivid
Vauxhall,Vectra,2005,2008,2005-2008,0,gor3a/vehicle-makes-models,added_missing
Vauxhall,Vectra A,,,,0,DanielKohut/car-data,added_missing
Vauxhall,Vectra B,,,,0,DanielKohut/car-data,added_missing
Vauxhall,Vectra C,,,,0,DanielKohut/car-data,added_missing
Vauxhall,Vectra Estate VXR,2005,2008,2005-2008,0,gor3a/vehicle-makes-models,added_missing
Vauxhall,Vectra Saloon,2005,2008,2005-2008,0,gor3a/vehicle-makes-models,added_missing
Vauxhall,Vectra VXR,2005,2008,2005-2008,0,gor3a/vehicle-makes-models,added_missing
Vauxhall,Viva,2015,2019,2015-2019,0,gor3a/vehicle-makes-models,added_missing
Vauxhall,Viva (new),,,,0,DanielKohut/car-data,added_missing
Vauxhall,Viva (old),,,,0,DanielKohut/car-data,added_missing
Vauxhall,Vivaro A,,,,0,DanielKohut/car-data,added_missing
Vauxhall,Vivaro B,,,,0,DanielKohut/car-data,added_missing
Vauxhall,Vivaro C,,,,0,DanielKohut/car-data,added_missing
Vauxhall,ZAFIRA Mk I (A) (F75),2000,2002,2000-2002,5,itdiag8-dotcom/database (vivid_cars2000.db),added_from_vivid
Vauxhall,ZAFIRA Mk II (B) (M75),2004,2012,2004-2012,19,itdiag8-dotcom/database (vivid_cars2000.db),added_from_vivid
Vauxhall,ZAFIRA Mk III (P12),2010,2013,2010-2013,19,itdiag8-dotcom/database (vivid_cars2000.db),added_from_vivid
Vauxhall,Zafira,2006,2006,2006,1,original_db,existing
Vauxhall,Zafira A,,,,0,DanielKohut/car-data,added_missing
Vauxhall,Zafira B,,,,0,DanielKohut/car-data,added_missing
Vauxhall,Zafira C (Tourer),,,,0,DanielKohut/car-data,added_missing
Vauxhall,Zafira Life,,,,0,DanielKohut/car-data,added_missing
Vauxhall,Zafira VXR,2005,2010,2005-2010,0,gor3a/vehicle-makes-models,added_missing
Volga,GAZ-21,,,,0,DanielKohut/car-data,added_missing
Volga,GAZ-22,,,,0,DanielKohut/car-data,added_missing
Volga,GAZ-24,,,,0,DanielKohut/car-data,added_missing
Volga,GAZ-24-10,,,,0,DanielKohut/car-data,added_missing
Volga,GAZ-3102,,,,0,DanielKohut/car-data,added_missing
Volga,GAZ-3110,,,,0,DanielKohut/car-data,added_missing
Volga,GAZ-31105,,,,0,DanielKohut/car-data,added_missing
Volga,Siber,,,,0,DanielKohut/car-data,added_missing
Volkswagen,"AMAROK (2H_, S1B)",2009,2011,2009-2011,7,itdiag8-dotcom/database (vivid_cars2000.db),added_from_vivid
Volkswagen,Amarok,2010,2012,2010-2012,13,original_db,existing
Volkswagen,Ameo,2016,2020,2016-2020,0,gor3a/vehicle-makes-models,added_missing
Volkswagen,Arteon,2017,2026,2017-2026,0,gor3a/vehicle-makes-models,added_missing
Volkswagen,Arteon Shooting Brake,2020,2026,2020-2026,0,gor3a/vehicle-makes-models,added_missing
Volkswagen,Atlas,2017,2026,2017-2026,0,gor3a/vehicle-makes-models,added_missing
Volkswagen,Atlas Cross Sport,2019,2026,2019-2026,0,gor3a/vehicle-makes-models,added_missing
Volkswagen,BEETLE (5C1),2010,2013,2010-2013,21,itdiag8-dotcom/database (vivid_cars2000.db),added_from_vivid
Volkswagen,BEETLE Convertible (5C7),2011,2013,2011-2013,18,itdiag8-dotcom/database (vivid_cars2000.db),added_from_vivid
Volkswagen,BORA (1J2),2000,2002,2000-2002,26,itdiag8-dotcom/database (vivid_cars2000.db),added_from_vivid
Volkswagen,BORA Estate (1J6),2000,2003,2000-2003,24,itdiag8-dotcom/database (vivid_cars2000.db),added_from_vivid
Volkswagen,Beetle,2011,2014,2011-2014,33,original_db,existing
Volkswagen,Beetle (Classic),,,,0,DanielKohut/car-data,added_missing
Volkswagen,Beetle A5,,,,0,DanielKohut/car-data,added_missing
Volkswagen,Beetle Cabrio,2003,2019,2003-2019,0,gor3a/vehicle-makes-models,added_missing
Volkswagen,Bora,1998,2009,1998-2009,58,original_db,existing
Volkswagen,CADDY II Box (9K9A),2000,2000,2000,1,itdiag8-dotcom/database (vivid_cars2000.db),added_from_vivid
Volkswagen,CADDY II Estate (9K9B),2000,2000,2000,1,itdiag8-dotcom/database (vivid_cars2000.db),added_from_vivid
Volkswagen,"CADDY III Box (2KA, 2KH, 2CA, 2CH)",2003,2011,2003-2011,24,itdiag8-dotcom/database (vivid_cars2000.db),added_from_vivid
Volkswagen,"CADDY III Estate (2KB, 2KJ, 2CB, 2CJ)",2003,2011,2003-2011,24,itdiag8-dotcom/database (vivid_cars2000.db),added_from_vivid
Volkswagen,CC,2012,2017,2012-2017,0,gor3a/vehicle-makes-models,added_missing
Volkswagen,CC (358),2010,2011,2010-2011,13,itdiag8-dotcom/database (vivid_cars2000.db),added_from_vivid
Volkswagen,CRAFTER 30-35 Bus (2E_),2005,2012,2005-2012,13,itdiag8-dotcom/database (vivid_cars2000.db),added_from_vivid
Volkswagen,CRAFTER 30-50 Box (2E_),2005,2012,2005-2012,13,itdiag8-dotcom/database (vivid_cars2000.db),added_from_vivid
Volkswagen,CRAFTER 30-50 Platform/Chassis (2F_),2005,2012,2005-2012,13,itdiag8-dotcom/database (vivid_cars2000.db),added_from_vivid
Volkswagen,Caddy,1995,2012,1995-2012,37,original_db,existing
Volkswagen,California,1996,2009,1996-2009,21,original_db,existing
Volkswagen,City Jetta,1999,2001,1999-2001,3,original_db,existing
Volkswagen,Crafter,2006,2011,2006-2011,12,original_db,existing
Volkswagen,Cross UP!,2013,2019,2013-2019,0,gor3a/vehicle-makes-models,added_missing
Volkswagen,Crossfox,2006,2014,2006-2014,3,original_db,existing
Volkswagen,"EOS (1F7, 1F8)",2005,2012,2005-2012,23,itdiag8-dotcom/database (vivid_cars2000.db),added_from_vivid
Volkswagen,Eos,2006,2010,2006-2010,22,original_db,existing
Volkswagen,"FOX (5Z1, 5Z3)",2003,2009,2003-2009,11,itdiag8-dotcom/database (vivid_cars2000.db),added_from_vivid
Volkswagen,Fox,2003,2014,2003-2014,17,original_db,existing
Volkswagen,GOL III,2002,2002,2002,1,itdiag8-dotcom/database (vivid_cars2000.db),added_from_vivid
Volkswagen,GOL IV,2004,2004,2004,2,itdiag8-dotcom/database (vivid_cars2000.db),added_from_vivid
Volkswagen,GOLF ALLTRACK (BA5),2013,2013,2013,5,itdiag8-dotcom/database (vivid_cars2000.db),added_from_vivid
Volkswagen,GOLF IV (1J1),2000,2003,2000-2003,20,itdiag8-dotcom/database (vivid_cars2000.db),added_from_vivid
Volkswagen,GOLF IV Variant (1J5),2000,2002,2000-2002,20,itdiag8-dotcom/database (vivid_cars2000.db),added_from_vivid
Volkswagen,"GOLF PLUS (5M1, 521)",2004,2009,2004-2009,42,itdiag8-dotcom/database (vivid_cars2000.db),added_from_vivid
Volkswagen,GOLF V (1K1),2003,2006,2003-2006,50,itdiag8-dotcom/database (vivid_cars2000.db),added_from_vivid
Volkswagen,GOLF V Variant (1K5),2006,2007,2006-2007,21,itdiag8-dotcom/database (vivid_cars2000.db),added_from_vivid
Volkswagen,GOLF VI (5K1),2007,2010,2007-2010,36,itdiag8-dotcom/database (vivid_cars2000.db),added_from_vivid
Volkswagen,GOLF VI Convertible (517),2010,2012,2010-2012,15,itdiag8-dotcom/database (vivid_cars2000.db),added_from_vivid
Volkswagen,GOLF VI Variant (AJ5),2008,2009,2008-2009,24,itdiag8-dotcom/database (vivid_cars2000.db),added_from_vivid
Volkswagen,"GOLF VII (5G1, BE1)",2011,2012,2011-2012,39,itdiag8-dotcom/database (vivid_cars2000.db),added_from_vivid
Volkswagen,GOLF VII Estate (BA5),2012,2013,2012-2013,25,itdiag8-dotcom/database (vivid_cars2000.db),added_from_vivid
Volkswagen,Gol,2002,2014,2002-2014,19,original_db,existing
Volkswagen,Golf,1995,2015,1995-2015,243,original_db,existing
Volkswagen,Golf Alltrack,2014,2026,2014-2026,0,gor3a/vehicle-makes-models,added_missing
Volkswagen,Golf Cabrio,1993,2016,1993-2016,0,gor3a/vehicle-makes-models,added_missing
Volkswagen,Golf GTD Variant,2015,2021,2015-2021,0,gor3a/vehicle-makes-models,added_missing
Volkswagen,Golf GTI / GTD / GTE,1976,2026,1976-2026,0,gor3a/vehicle-makes-models,added_missing
Volkswagen,Golf GTI cabrio,2012,2015,2012-2015,0,gor3a/vehicle-makes-models,added_missing
Volkswagen,Golf I (Mk1),,,,0,DanielKohut/car-data,added_missing
Volkswagen,Golf II (Mk2),,,,0,DanielKohut/car-data,added_missing
Volkswagen,Golf III (Mk3),,,,0,DanielKohut/car-data,added_missing
Volkswagen,Golf IV (Mk4),,,,0,DanielKohut/car-data,added_missing
Volkswagen,Golf Plus,2007,2011,2007-2011,30,original_db,existing
Volkswagen,Golf R,2002,2026,2002-2026,0,gor3a/vehicle-makes-models,added_missing
Volkswagen,Golf R Cabrio,2013,2017,2013-2017,0,gor3a/vehicle-makes-models,added_missing
Volkswagen,Golf R Variant,2015,2026,2015-2026,0,gor3a/vehicle-makes-models,added_missing
Volkswagen,Golf Sportsvan,2014,2020,2014-2020,0,gor3a/vehicle-makes-models,added_missing
Volkswagen,Golf V (Mk5),,,,0,DanielKohut/car-data,added_missing
Volkswagen,Golf VI (Mk6),,,,0,DanielKohut/car-data,added_missing
Volkswagen,Golf VII (Mk7),,,,0,DanielKohut/car-data,added_missing
Volkswagen,Golf VIII (Mk8),,,,0,DanielKohut/car-data,added_missing
Volkswagen,Golf Variant,1993,2026,1993-2026,0,gor3a/vehicle-makes-models,added_missing
Volkswagen,ID. Buzz,2023,2026,2023-2026,0,gor3a/vehicle-makes-models,added_missing
Volkswagen,ID.3,2020,2026,2020-2026,0,gor3a/vehicle-makes-models,added_missing
Volkswagen,ID.3 GTX,2024,2026,2024-2026,0,gor3a/vehicle-makes-models,added_missing
Volkswagen,ID.4,2020,2026,2020-2026,0,gor3a/vehicle-makes-models,added_missing
Volkswagen,ID.5,2021,2026,2021-2026,0,gor3a/vehicle-makes-models,added_missing
Volkswagen,ID.5 GTX,2021,2026,2021-2026,0,gor3a/vehicle-makes-models,added_missing
Volkswagen,ID.7,2023,2026,2023-2026,0,gor3a/vehicle-makes-models,added_missing
Volkswagen,ID.7 GTX,2024,2026,2024-2026,0,gor3a/vehicle-makes-models,added_missing
Volkswagen,ID.7 GTX Tourer,2024,2026,2024-2026,0,gor3a/vehicle-makes-models,added_missing
Volkswagen,ID.7 Tourer,2024,2026,2024-2026,0,gor3a/vehicle-makes-models,added_missing
Volkswagen,ID.Buzz,,,,0,DanielKohut/car-data,added_missing
Volkswagen,ID.Polo GTI,2026,2026,2026-2026,0,gor3a/vehicle-makes-models,added_missing
Volkswagen,JETTA III (1K2),2004,2008,2004-2008,41,itdiag8-dotcom/database (vivid_cars2000.db),added_from_vivid
Volkswagen,"JETTA IV (162, 163)",2009,2012,2009-2012,31,itdiag8-dotcom/database (vivid_cars2000.db),added_from_vivid
Volkswagen,Jetta,1996,2014,1996-2014,89,original_db,existing
Volkswagen,Jetta / Vento / Bora,1992,2026,1992-2026,0,gor3a/vehicle-makes-models,added_missing
Volkswagen,Jetta GLI,2021,2026,2021-2026,0,gor3a/vehicle-makes-models,added_missing
Volkswagen,Jetta I,,,,0,DanielKohut/car-data,added_missing
Volkswagen,Jetta II,,,,0,DanielKohut/car-data,added_missing
Volkswagen,Jetta III,,,,0,DanielKohut/car-data,added_missing
Volkswagen,Jetta IV,,,,0,DanielKohut/car-data,added_missing
Volkswagen,Jetta V,,,,0,DanielKohut/car-data,added_missing
Volkswagen,Jetta VI,,,,0,DanielKohut/car-data,added_missing
Volkswagen,Jetta VII,,,,0,DanielKohut/car-data,added_missing
Volkswagen,Kombi,2004,2009,2004-2009,3,original_db,existing
Volkswagen,"LT 28-35 II Bus (2DB, 2DE, 2DK)",2001,2001,2001,4,itdiag8-dotcom/database (vivid_cars2000.db),added_from_vivid
Volkswagen,"LT 28-46 II Box (2DA, 2DD, 2DH)",2001,2002,2001-2002,4,itdiag8-dotcom/database (vivid_cars2000.db),added_from_vivid
Volkswagen,"LT 28-46 II Platform/Chassis (2DC, 2DF, 2DG, 2DL, 2DM)",2001,2002,2001-2002,4,itdiag8-dotcom/database (vivid_cars2000.db),added_from_vivid
Volkswagen,"LUPO (6X1, 6E1)",2000,2001,2000-2001,3,itdiag8-dotcom/database (vivid_cars2000.db),added_from_vivid
Volkswagen,Lavida,2009,2009,2009,1,original_db,existing
Volkswagen,Lt,1999,2009,1999-2009,15,original_db,existing
Volkswagen,Lupo,1998,2002,1998-2002,19,original_db,existing
Volkswagen,"MULTIVAN V (7HM, 7HN, 7HF, 7EF, 7EM, 7EN)",2002,2011,2002-2011,27,itdiag8-dotcom/database (vivid_cars2000.db),added_from_vivid
Volkswagen,Magotan,2007,2007,2007,2,original_db,existing
Volkswagen,Multivan,2004,2009,2004-2009,10,original_db,existing
Volkswagen,"NEW BEETLE (9C1, 1C1)",2000,2004,2000-2004,12,itdiag8-dotcom/database (vivid_cars2000.db),added_from_vivid
Volkswagen,NEW BEETLE Convertible (1Y7),2002,2004,2002-2004,13,itdiag8-dotcom/database (vivid_cars2000.db),added_from_vivid
Volkswagen,New Beetle,1998,2005,1998-2005,30,original_db,existing
Volkswagen,Nivus,2020,2026,2020-2026,0,gor3a/vehicle-makes-models,added_missing
Volkswagen,PARATI III,2002,2002,2002,2,itdiag8-dotcom/database (vivid_cars2000.db),added_from_vivid
Volkswagen,PARATI IV,2003,2003,2003,1,itdiag8-dotcom/database (vivid_cars2000.db),added_from_vivid
Volkswagen,PASSAT (362),2009,2012,2009-2012,15,itdiag8-dotcom/database (vivid_cars2000.db),added_from_vivid
Volkswagen,PASSAT (3B2),2000,2000,2000,4,itdiag8-dotcom/database (vivid_cars2000.db),added_from_vivid
Volkswagen,PASSAT (3B3),2000,2003,2000-2003,24,itdiag8-dotcom/database (vivid_cars2000.db),added_from_vivid
Volkswagen,PASSAT (3C2),2004,2008,2004-2008,43,itdiag8-dotcom/database (vivid_cars2000.db),added_from_vivid
Volkswagen,PASSAT (3G2),2012,2013,2012-2013,6,itdiag8-dotcom/database (vivid_cars2000.db),added_from_vivid
Volkswagen,PASSAT ALLTRACK (365),2011,2012,2011-2012,6,itdiag8-dotcom/database (vivid_cars2000.db),added_from_vivid
Volkswagen,PASSAT CC (357),2007,2010,2007-2010,27,itdiag8-dotcom/database (vivid_cars2000.db),added_from_vivid
Volkswagen,PASSAT Variant (365),2009,2012,2009-2012,15,itdiag8-dotcom/database (vivid_cars2000.db),added_from_vivid
Volkswagen,PASSAT Variant (3B5),2000,2000,2000,4,itdiag8-dotcom/database (vivid_cars2000.db),added_from_vivid
Volkswagen,PASSAT Variant (3B6),2000,2003,2000-2003,23,itdiag8-dotcom/database (vivid_cars2000.db),added_from_vivid
Volkswagen,PASSAT Variant (3C5),2004,2008,2004-2008,42,itdiag8-dotcom/database (vivid_cars2000.db),added_from_vivid
Volkswagen,PASSAT Variant (3G5),2012,2013,2012-2013,6,itdiag8-dotcom/database (vivid_cars2000.db),added_from_vivid
Volkswagen,PHAETON (3D_),2002,2012,2002-2012,17,itdiag8-dotcom/database (vivid_cars2000.db),added_from_vivid
Volkswagen,POLO (6N2),2000,2000,2000,1,itdiag8-dotcom/database (vivid_cars2000.db),added_from_vivid
Volkswagen,"POLO (6R, 6C)",2008,2013,2008-2013,30,itdiag8-dotcom/database (vivid_cars2000.db),added_from_vivid
Volkswagen,POLO (9N_),2001,2007,2001-2007,31,itdiag8-dotcom/database (vivid_cars2000.db),added_from_vivid
Volkswagen,POLO Saloon,2009,2009,2009,3,itdiag8-dotcom/database (vivid_cars2000.db),added_from_vivid
Volkswagen,POLO Saloon (9A4),2002,2003,2002-2003,10,itdiag8-dotcom/database (vivid_cars2000.db),added_from_vivid
Volkswagen,Parati,2002,2011,2002-2011,6,original_db,existing
Volkswagen,Passat,1994,2015,1994-2015,110,original_db,existing
Volkswagen,Passat Alltrack,2012,2023,2012-2023,0,gor3a/vehicle-makes-models,added_missing
Volkswagen,Passat B1,,,,0,DanielKohut/car-data,added_missing
Volkswagen,Passat B2,,,,0,DanielKohut/car-data,added_missing
Volkswagen,Passat B3,,,,0,DanielKohut/car-data,added_missing
Volkswagen,Passat B4,,,,0,DanielKohut/car-data,added_missing
Volkswagen,Passat B5,,,,0,DanielKohut/car-data,added_missing
Volkswagen,Passat B5.5,,,,0,DanielKohut/car-data,added_missing
Volkswagen,Passat B6,,,,0,DanielKohut/car-data,added_missing
Volkswagen,Passat B7,,,,0,DanielKohut/car-data,added_missing
Volkswagen,Passat B8,,,,0,DanielKohut/car-data,added_missing
Volkswagen,Passat Cc,2008,2012,2008-2012,26,original_db,existing
Volkswagen,Passat GTE,2015,2022,2015-2022,0,gor3a/vehicle-makes-models,added_missing
Volkswagen,Passat R,2008,2010,2008-2010,0,gor3a/vehicle-makes-models,added_missing
Volkswagen,Passat Variant,1974,2026,1974-2026,0,gor3a/vehicle-makes-models,added_missing
Volkswagen,Passat Variant GTE,2015,2023,2015-2023,0,gor3a/vehicle-makes-models,added_missing
Volkswagen,Phaeton,2002,2011,2002-2011,17,original_db,existing
Volkswagen,Pointer,2005,2005,2005,1,original_db,existing
Volkswagen,Polo,1994,2014,1994-2014,88,original_db,existing
Volkswagen,Polo BlueGT,2013,2019,2013-2019,0,gor3a/vehicle-makes-models,added_missing
Volkswagen,Polo GTI,2005,2026,2005-2026,0,gor3a/vehicle-makes-models,added_missing
Volkswagen,Polo I (Mk1),,,,0,DanielKohut/car-data,added_missing
Volkswagen,Polo II (Mk2),,,,0,DanielKohut/car-data,added_missing
Volkswagen,Polo III (Mk3),,,,0,DanielKohut/car-data,added_missing
Volkswagen,Polo IV (Mk4),,,,0,DanielKohut/car-data,added_missing
Volkswagen,Polo V (Mk5),,,,0,DanielKohut/car-data,added_missing
Volkswagen,Polo VI (Mk6),,,,0,DanielKohut/car-data,added_missing
Volkswagen,Polo Variant,1997,2001,1997-2001,0,gor3a/vehicle-makes-models,added_missing
Volkswagen,Polocross,2005,2010,2005-2010,19,original_db,existing
Volkswagen,Rabbit,2005,2007,2005-2007,4,original_db,existing
Volkswagen,Routan,2008,2013,2008-2013,0,gor3a/vehicle-makes-models,added_missing
Volkswagen,"SCIROCCO (137, 138)",2007,2012,2007-2012,23,itdiag8-dotcom/database (vivid_cars2000.db),added_from_vivid
Volkswagen,"SHARAN (7M8, 7M9, 7M6)",2000,2005,2000-2005,8,itdiag8-dotcom/database (vivid_cars2000.db),added_from_vivid
Volkswagen,SHARAN (7N),2009,2012,2009-2012,11,itdiag8-dotcom/database (vivid_cars2000.db),added_from_vivid
Volkswagen,Sagitar,2005,2013,2005-2013,4,original_db,existing
Volkswagen,Saveiro,2002,2009,2002-2009,9,original_db,existing
Volkswagen,Scirocco,2008,2011,2008-2011,19,original_db,existing
Volkswagen,Scirocco I,,,,0,DanielKohut/car-data,added_missing
Volkswagen,Scirocco II,,,,0,DanielKohut/car-data,added_missing
Volkswagen,Scirocco III,,,,0,DanielKohut/car-data,added_missing
Volkswagen,Scirocco R,2009,2018,2009-2018,0,gor3a/vehicle-makes-models,added_missing
Volkswagen,Sharan,1995,2011,1995-2011,23,original_db,existing
Volkswagen,Sharan I,,,,0,DanielKohut/car-data,added_missing
Volkswagen,Sharan II,,,,0,DanielKohut/car-data,added_missing
Volkswagen,Spacefox,2006,2006,2006,1,original_db,existing
Volkswagen,T-Cross,2018,2026,2018-2026,0,gor3a/vehicle-makes-models,added_missing
Volkswagen,T-Roc,2017,2026,2017-2026,0,gor3a/vehicle-makes-models,added_missing
Volkswagen,T-Roc R,2019,2026,2019-2026,0,gor3a/vehicle-makes-models,added_missing
Volkswagen,TIGUAN (5N_),2006,2011,2006-2011,28,itdiag8-dotcom/database (vivid_cars2000.db),added_from_vivid
Volkswagen,"TOUAREG (7LA, 7L6, 7L7)",2002,2006,2002-2006,30,itdiag8-dotcom/database (vivid_cars2000.db),added_from_vivid
Volkswagen,TOUAREG (7P5),2009,2012,2009-2012,16,itdiag8-dotcom/database (vivid_cars2000.db),added_from_vivid
Volkswagen,"TOURAN (1T1, 1T2)",2002,2008,2002-2008,32,itdiag8-dotcom/database (vivid_cars2000.db),added_from_vivid
Volkswagen,TOURAN (1T3),2009,2012,2009-2012,13,itdiag8-dotcom/database (vivid_cars2000.db),added_from_vivid
Volkswagen,TRANSPORTER IV Box (70XA),2000,2000,2000,2,itdiag8-dotcom/database (vivid_cars2000.db),added_from_vivid
Volkswagen,"TRANSPORTER IV Bus (70XB, 70XC, 7DB, 7DW)",2000,2000,2000,1,itdiag8-dotcom/database (vivid_cars2000.db),added_from_vivid
Volkswagen,TRANSPORTER IV Platform/Chassis (70XD),2000,2000,2000,1,itdiag8-dotcom/database (vivid_cars2000.db),added_from_vivid
Volkswagen,"TRANSPORTER V Box (7HA, 7HH, 7EA, 7EH)",2002,2011,2002-2011,27,itdiag8-dotcom/database (vivid_cars2000.db),added_from_vivid
Volkswagen,"TRANSPORTER V Bus (7HB, 7HJ, 7EB, 7EJ, 7EF)",2002,2011,2002-2011,27,itdiag8-dotcom/database (vivid_cars2000.db),added_from_vivid
Volkswagen,"TRANSPORTER V Platform/Chassis (7JD, 7JE, 7JL, 7JY, 7JZ, 7FD",2002,2011,2002-2011,23,itdiag8-dotcom/database (vivid_cars2000.db),added_from_vivid
Volkswagen,Taigo,2021,2026,2021-2026,0,gor3a/vehicle-makes-models,added_missing
Volkswagen,Taos,2024,2026,2024-2026,0,gor3a/vehicle-makes-models,added_missing
Volkswagen,Tayron,2025,2026,2025-2026,0,gor3a/vehicle-makes-models,added_missing
Volkswagen,Tiguan,2007,2011,2007-2011,22,original_db,existing
Volkswagen,Tiguan Allspace,2017,2026,2017-2026,0,gor3a/vehicle-makes-models,added_missing
Volkswagen,Tiguan I,,,,0,DanielKohut/car-data,added_missing
Volkswagen,Tiguan II,,,,0,DanielKohut/car-data,added_missing
Volkswagen,Touareg,2002,2014,2002-2014,36,original_db,existing
Volkswagen,Touareg I,,,,0,DanielKohut/car-data,added_missing
Volkswagen,Touareg II,,,,0,DanielKohut/car-data,added_missing
Volkswagen,Touareg III,,,,0,DanielKohut/car-data,added_missing
Volkswagen,Touareg R,2020,2026,2020-2026,0,gor3a/vehicle-makes-models,added_missing
Volkswagen,Touran,2003,2010,2003-2010,37,original_db,existing
Volkswagen,Transporter,1995,2009,1995-2009,22,original_db,existing
Volkswagen,Transporter Kombi,2015,2024,2015-2024,0,gor3a/vehicle-makes-models,added_missing
Volkswagen,Transporter T1,,,,0,DanielKohut/car-data,added_missing
Volkswagen,Transporter T2,,,,0,DanielKohut/car-data,added_missing
Volkswagen,Transporter T3,,,,0,DanielKohut/car-data,added_missing
Volkswagen,Transporter T4,,,,0,DanielKohut/car-data,added_missing
Volkswagen,Transporter T5,,,,0,DanielKohut/car-data,added_missing
Volkswagen,Transporter T6,,,,0,DanielKohut/car-data,added_missing
Volkswagen,Transporter T7,,,,0,DanielKohut/car-data,added_missing
Volkswagen,Up,2011,2014,2011-2014,5,original_db,existing
Volkswagen,Vento,1995,2011,1995-2011,21,original_db,existing
Volkswagen,Voyage,1996,2012,1996-2012,4,original_db,existing
Volkswagen,XL1,2013,2016,2013-2016,0,gor3a/vehicle-makes-models,added_missing
Volkswagen,e-Golf,2014,2021,2014-2021,0,gor3a/vehicle-makes-models,added_missing
Volkswagen,e-UP!,2013,2023,2013-2023,0,gor3a/vehicle-makes-models,added_missing
Volkswagen,up!,2012,2023,2012-2023,0,gor3a/vehicle-makes-models,added_missing
Volkswagen,up! GTI,2018,2023,2018-2023,0,gor3a/vehicle-makes-models,added_missing
Volvo,C30,2005,2009,2005-2009,8,original_db,existing
Volvo,C40,2021,2026,2021-2026,0,gor3a/vehicle-makes-models,added_missing
Volvo,C70,1998,2009,1998-2009,13,original_db,existing
Volvo,C70 / C30,2012,2012,2012-2012,0,plowman/open-vehicle-db,added_missing
Volvo,C70 I Convertible,2000,2002,2000-2002,3,itdiag8-dotcom/database (vivid_cars2000.db),added_from_vivid
Volvo,C70 I Coupe,2000,2000,2000,1,itdiag8-dotcom/database (vivid_cars2000.db),added_from_vivid
Volvo,C70 II Convertible,2005,2009,2005-2009,10,itdiag8-dotcom/database (vivid_cars2000.db),added_from_vivid
Volvo,Cab Behind Engine,1986,2027,1986-2027,0,plowman/open-vehicle-db,added_missing
Volvo,Cab Over Engine HT,1986,2027,1986-2027,0,plowman/open-vehicle-db,added_missing
Volvo,Cab Over Engine LT,1986,2027,1986-2027,0,plowman/open-vehicle-db,added_missing
Volvo,EC40,2025,2027,2025-2027,0,plowman/open-vehicle-db,added_missing
Volvo,EM90,2023,2026,2023-2026,0,gor3a/vehicle-makes-models,added_missing
Volvo,ES90,2025,2026,2025-2026,0,gor3a/vehicle-makes-models,added_missing
Volvo,EX30,2023,2026,2023-2026,0,gor3a/vehicle-makes-models,added_missing
Volvo,EX30 CC,2026,2027,2026-2027,0,plowman/open-vehicle-db,added_missing
Volvo,EX30 Cross Country,2025,2026,2025-2026,0,gor3a/vehicle-makes-models,added_missing
Volvo,EX40,2025,2027,2025-2027,0,plowman/open-vehicle-db,added_missing
Volvo,EX60,2026,2026,2026-2026,0,gor3a/vehicle-makes-models,added_missing
Volvo,EX60 Cross Country,2026,2026,2026-2026,0,gor3a/vehicle-makes-models,added_missing
Volvo,EX90,2022,2026,2022-2026,0,gor3a/vehicle-makes-models,added_missing
Volvo,F12 w/F7 Cab,1986,2027,1986-2027,0,plowman/open-vehicle-db,added_missing
Volvo,F6 w/F7 Cab,1986,2027,1986-2027,0,plowman/open-vehicle-db,added_missing
Volvo,S40,1998,2009,1998-2009,9,original_db,existing
Volvo,S40 I (VS),2000,2001,2000-2001,8,itdiag8-dotcom/database (vivid_cars2000.db),added_from_vivid
Volvo,S40 II (MS),2003,2009,2003-2009,20,itdiag8-dotcom/database (vivid_cars2000.db),added_from_vivid
Volvo,S60,2000,2011,2000-2011,12,original_db,existing
Volvo,S60 Cross Country,2015,2018,2015-2018,0,gor3a/vehicle-makes-models,added_missing
Volvo,S60 I,2000,2004,2000-2004,22,itdiag8-dotcom/database (vivid_cars2000.db),added_from_vivid
Volvo,S60 II,2009,2012,2009-2012,21,itdiag8-dotcom/database (vivid_cars2000.db),added_from_vivid
Volvo,S60 Polestar,2014,2018,2014-2018,0,gor3a/vehicle-makes-models,added_missing
Volvo,S70,1999,2000,1999-2000,3,original_db,existing
Volvo,S80,1999,2011,1999-2011,19,original_db,existing
Volvo,"S80 I (TS, XY)",2000,2003,2000-2003,10,itdiag8-dotcom/database (vivid_cars2000.db),added_from_vivid
Volvo,S80 II (AS),2005,2013,2005-2013,33,itdiag8-dotcom/database (vivid_cars2000.db),added_from_vivid
Volvo,S90,1997,2026,1997-2026,0,gor3a/vehicle-makes-models,added_missing
Volvo,V40,1998,2012,1998-2012,5,original_db,existing
Volvo,V40 Cross Country,2012,2019,2012-2019,0,gor3a/vehicle-makes-models,added_missing
Volvo,V40 Estate (VW),2000,2001,2000-2001,5,itdiag8-dotcom/database (vivid_cars2000.db),added_from_vivid
Volvo,V40 Hatchback,2011,2012,2011-2012,13,itdiag8-dotcom/database (vivid_cars2000.db),added_from_vivid
Volvo,V50,2006,2009,2006-2009,5,original_db,existing
Volvo,V50 (MW),2003,2009,2003-2009,20,itdiag8-dotcom/database (vivid_cars2000.db),added_from_vivid
Volvo,V60,2010,2011,2010-2011,2,original_db,existing
Volvo,V60 Cross Country,2015,2026,2015-2026,0,gor3a/vehicle-makes-models,added_missing
Volvo,V60 Polestar,2013,2018,2013-2018,0,gor3a/vehicle-makes-models,added_missing
Volvo,V60CC,2015,2027,2015-2027,0,plowman/open-vehicle-db,added_missing
Volvo,V70,2001,2012,2001-2012,21,original_db,existing
Volvo,V70 II (SW),2000,2004,2000-2004,26,itdiag8-dotcom/database (vivid_cars2000.db),added_from_vivid
Volvo,V70 III (BW),2006,2012,2006-2012,30,itdiag8-dotcom/database (vivid_cars2000.db),added_from_vivid
Volvo,V90,1997,2025,1997-2025,0,gor3a/vehicle-makes-models,added_missing
Volvo,V90 Cross Country,2016,2025,2016-2025,0,gor3a/vehicle-makes-models,added_missing
Volvo,V90CC,2017,2027,2017-2027,0,plowman/open-vehicle-db,added_missing
Volvo,VS,2019,2027,2019-2027,0,plowman/open-vehicle-db,added_missing
Volvo,VT,2019,2027,2019-2027,0,plowman/open-vehicle-db,added_missing
Volvo,XC40,2017,2026,2017-2026,0,gor3a/vehicle-makes-models,added_missing
Volvo,XC60 Polestar,2018,2021,2018-2021,0,gor3a/vehicle-makes-models,added_missing
Volvo,XC70 CROSS COUNTRY,2000,2004,2000-2004,4,itdiag8-dotcom/database (vivid_cars2000.db),added_from_vivid
Volvo,XC70 II,2006,2012,2006-2012,16,itdiag8-dotcom/database (vivid_cars2000.db),added_from_vivid
Volvo,XC90 I,2002,2011,2002-2011,11,itdiag8-dotcom/database (vivid_cars2000.db),added_from_vivid
Volvo,XC90 II,2012,2012,2012,2,itdiag8-dotcom/database (vivid_cars2000.db),added_from_vivid
Volvo,Xc60,2008,2015,2008-2015,9,original_db,existing
Volvo,Xc70,2001,2011,2001-2011,7,original_db,existing
Volvo,Xc90,2006,2010,2006-2010,5,original_db,existing
hernr_1138,CABRIO (450),2000,2002,2000-2002,10,itdiag8-dotcom/database (vivid_cars2000.db),added_from_vivid
hernr_1138,CITY-COUPE (450),2001,2002,2001-2002,7,itdiag8-dotcom/database (vivid_cars2000.db),added_from_vivid
hernr_1138,CROSSBLADE (450),2002,2002,2002,2,itdiag8-dotcom/database (vivid_cars2000.db),added_from_vivid
hernr_1138,FORFOUR (454),2003,2004,2003-2004,8,itdiag8-dotcom/database (vivid_cars2000.db),added_from_vivid
hernr_1138,FORFOUR Hatchback (453),2012,2013,2012-2013,3,itdiag8-dotcom/database (vivid_cars2000.db),added_from_vivid
hernr_1138,FORTWO Cabrio (450),2003,2003,2003,4,itdiag8-dotcom/database (vivid_cars2000.db),added_from_vivid
hernr_1138,FORTWO Cabrio (451),2006,2012,2006-2012,6,itdiag8-dotcom/database (vivid_cars2000.db),added_from_vivid
hernr_1138,FORTWO Coupe (450),2003,2003,2003,6,itdiag8-dotcom/database (vivid_cars2000.db),added_from_vivid
hernr_1138,FORTWO Coupe (451),2006,2012,2006-2012,7,itdiag8-dotcom/database (vivid_cars2000.db),added_from_vivid
hernr_1138,FORTWO Coupe (453),2012,2013,2012-2013,3,itdiag8-dotcom/database (vivid_cars2000.db),added_from_vivid
hernr_1138,ROADSTER (452),2002,2003,2002-2003,3,itdiag8-dotcom/database (vivid_cars2000.db),added_from_vivid
hernr_1138,ROADSTER Coupe (452),2002,2003,2002-2003,4,itdiag8-dotcom/database (vivid_cars2000.db),added_from_vivid
hernr_1139,FORZA Hatchback,2012,2012,2012,1,itdiag8-dotcom/database (vivid_cars2000.db),added_from_vivid
hernr_1139,FORZA Saloon,2012,2012,2012,1,itdiag8-dotcom/database (vivid_cars2000.db),added_from_vivid
hernr_1139,LANOS Hatchback,2003,2003,2003,2,itdiag8-dotcom/database (vivid_cars2000.db),added_from_vivid
hernr_1139,LANOS PICK-UP,2003,2003,2003,1,itdiag8-dotcom/database (vivid_cars2000.db),added_from_vivid
hernr_1139,LANOS Saloon,2003,2003,2003,2,itdiag8-dotcom/database (vivid_cars2000.db),added_from_vivid
hernr_1139,SLAVUTA (1103),2001,2001,2001,2,itdiag8-dotcom/database (vivid_cars2000.db),added_from_vivid
hernr_1139,VIDA Hatchback,2011,2011,2011,1,itdiag8-dotcom/database (vivid_cars2000.db),added_from_vivid
hernr_1139,VIDA Saloon,2011,2011,2011,1,itdiag8-dotcom/database (vivid_cars2000.db),added_from_vivid
hernr_124,10 (188),2004,2004,2004,1,itdiag8-dotcom/database (vivid_cars2000.db),added_from_vivid
hernr_124,KORAL,2002,2002,2002,2,itdiag8-dotcom/database (vivid_cars2000.db),added_from_vivid
hernr_1280,BOLERO Offroader,2001,2001,2001,1,itdiag8-dotcom/database (vivid_cars2000.db),added_from_vivid
hernr_1280,BOLERO Pickup,2002,2002,2002,3,itdiag8-dotcom/database (vivid_cars2000.db),added_from_vivid
hernr_1280,MAXX,2000,2000,2000,1,itdiag8-dotcom/database (vivid_cars2000.db),added_from_vivid
hernr_1280,QUADRO,2000,2000,2000,1,itdiag8-dotcom/database (vivid_cars2000.db),added_from_vivid
hernr_1280,SCORPIO,2002,2002,2002,2,itdiag8-dotcom/database (vivid_cars2000.db),added_from_vivid
hernr_1480,A.751,2004,2004,2004,1,itdiag8-dotcom/database (vivid_cars2000.db),added_from_vivid
hernr_1490,SEVEN (CF),2000,2012,2000-2012,1,itdiag8-dotcom/database (vivid_cars2000.db),added_from_vivid
hernr_1505,CL Coupe,2000,2001,2000-2001,2,itdiag8-dotcom/database (vivid_cars2000.db),added_from_vivid
hernr_1505,MDX (YD1),2000,2004,2000-2004,3,itdiag8-dotcom/database (vivid_cars2000.db),added_from_vivid
hernr_1505,MDX (YD2),2005,2005,2005,2,itdiag8-dotcom/database (vivid_cars2000.db),added_from_vivid
hernr_1505,RDX,2005,2005,2005,1,itdiag8-dotcom/database (vivid_cars2000.db),added_from_vivid
hernr_1505,RL,2003,2004,2003-2004,3,itdiag8-dotcom/database (vivid_cars2000.db),added_from_vivid
hernr_1505,RSX Coupe (DC_),2001,2004,2001-2004,4,itdiag8-dotcom/database (vivid_cars2000.db),added_from_vivid
hernr_1505,TL,2001,2001,2001,1,itdiag8-dotcom/database (vivid_cars2000.db),added_from_vivid
hernr_1505,TL (UC_),2003,2004,2003-2004,2,itdiag8-dotcom/database (vivid_cars2000.db),added_from_vivid
hernr_1505,TSX (CL_),2003,2004,2003-2004,2,itdiag8-dotcom/database (vivid_cars2000.db),added_from_vivid
hernr_1506,HUMMER H2,2002,2007,2002-2007,2,itdiag8-dotcom/database (vivid_cars2000.db),added_from_vivid
hernr_1506,HUMMER H2  SUT,2003,2006,2003-2006,2,itdiag8-dotcom/database (vivid_cars2000.db),added_from_vivid
hernr_1506,HUMMER H3,2004,2007,2004-2007,4,itdiag8-dotcom/database (vivid_cars2000.db),added_from_vivid
hernr_1513,BE UP,2002,2003,2002-2003,2,itdiag8-dotcom/database (vivid_cars2000.db),added_from_vivid
hernr_1513,NOVA,2002,2002,2002,2,itdiag8-dotcom/database (vivid_cars2000.db),added_from_vivid
hernr_1516,TS 250,2002,2002,2002,1,itdiag8-dotcom/database (vivid_cars2000.db),added_from_vivid
hernr_1516,TS 500,2002,2002,2002,1,itdiag8-dotcom/database (vivid_cars2000.db),added_from_vivid
hernr_1518,650S Coupe,2012,2012,2012,1,itdiag8-dotcom/database (vivid_cars2000.db),added_from_vivid
hernr_1518,650S Spider,2012,2012,2012,1,itdiag8-dotcom/database (vivid_cars2000.db),added_from_vivid
hernr_1518,MP4 Coupe,2010,2010,2010,1,itdiag8-dotcom/database (vivid_cars2000.db),added_from_vivid
hernr_1518,MP4 SPIDER,2011,2011,2011,1,itdiag8-dotcom/database (vivid_cars2000.db),added_from_vivid
hernr_1520,TAXI,2001,2001,2001,1,itdiag8-dotcom/database (vivid_cars2000.db),added_from_vivid
hernr_1526,EX,2007,2009,2007-2009,4,itdiag8-dotcom/database (vivid_cars2000.db),added_from_vivid
hernr_1526,FX,2007,2012,2007-2012,7,itdiag8-dotcom/database (vivid_cars2000.db),added_from_vivid
hernr_1526,G Convertible,2009,2009,2009,1,itdiag8-dotcom/database (vivid_cars2000.db),added_from_vivid
hernr_1526,G Coupe,2006,2009,2006-2009,2,itdiag8-dotcom/database (vivid_cars2000.db),added_from_vivid
hernr_1526,G Saloon,2002,2002,2002,4,itdiag8-dotcom/database (vivid_cars2000.db),added_from_vivid
hernr_1526,M (Y51),2009,2010,2009-2010,3,itdiag8-dotcom/database (vivid_cars2000.db),added_from_vivid
hernr_1526,M35,2004,2009,2004-2009,2,itdiag8-dotcom/database (vivid_cars2000.db),added_from_vivid
hernr_1526,M37,2009,2009,2009,1,itdiag8-dotcom/database (vivid_cars2000.db),added_from_vivid
hernr_1526,M45,2004,2004,2004,1,itdiag8-dotcom/database (vivid_cars2000.db),added_from_vivid
hernr_1526,Q45 III (F50),2001,2001,2001,1,itdiag8-dotcom/database (vivid_cars2000.db),added_from_vivid
hernr_1526,Q50,2012,2012,2012,1,itdiag8-dotcom/database (vivid_cars2000.db),added_from_vivid
hernr_1526,Q60 Convertible,2012,2012,2012,1,itdiag8-dotcom/database (vivid_cars2000.db),added_from_vivid
hernr_1526,Q60 Coupe,2012,2012,2012,1,itdiag8-dotcom/database (vivid_cars2000.db),added_from_vivid
hernr_1526,Q70 (Y51),2012,2012,2012,3,itdiag8-dotcom/database (vivid_cars2000.db),added_from_vivid
hernr_1526,QX50,2012,2012,2012,2,itdiag8-dotcom/database (vivid_cars2000.db),added_from_vivid
hernr_1526,QX56,2009,2011,2009-2011,1,itdiag8-dotcom/database (vivid_cars2000.db),added_from_vivid
hernr_1526,QX70,2012,2012,2012,2,itdiag8-dotcom/database (vivid_cars2000.db),added_from_vivid
hernr_1533,ALZA,2008,2008,2008,1,itdiag8-dotcom/database (vivid_cars2000.db),added_from_vivid
hernr_1533,AXIA,2012,2012,2012,1,itdiag8-dotcom/database (vivid_cars2000.db),added_from_vivid
hernr_1533,KANCIL,2002,2002,2002,2,itdiag8-dotcom/database (vivid_cars2000.db),added_from_vivid
hernr_1533,KELISA (L7_),2002,2003,2002-2003,3,itdiag8-dotcom/database (vivid_cars2000.db),added_from_vivid
hernr_1533,KENARI (L9_),2000,2000,2000,1,itdiag8-dotcom/database (vivid_cars2000.db),added_from_vivid
hernr_1533,MYVI,2005,2005,2005,2,itdiag8-dotcom/database (vivid_cars2000.db),added_from_vivid
hernr_1533,MYVI II,2010,2010,2010,2,itdiag8-dotcom/database (vivid_cars2000.db),added_from_vivid
hernr_1533,VIVA,2006,2006,2006,3,itdiag8-dotcom/database (vivid_cars2000.db),added_from_vivid
hernr_1553,2206,2012,2012,2012,1,itdiag8-dotcom/database (vivid_cars2000.db),added_from_vivid
hernr_1553,HUNTER (3151),2003,2006,2003-2006,2,itdiag8-dotcom/database (vivid_cars2000.db),added_from_vivid
hernr_1553,PATRIOT,2003,2005,2003-2005,4,itdiag8-dotcom/database (vivid_cars2000.db),added_from_vivid
hernr_1553,PICKUP (2360),2003,2003,2003,2,itdiag8-dotcom/database (vivid_cars2000.db),added_from_vivid
hernr_1556,AMERICA,2009,2009,2009,1,itdiag8-dotcom/database (vivid_cars2000.db),added_from_vivid
hernr_1556,ASTROLAB,2009,2009,2009,1,itdiag8-dotcom/database (vivid_cars2000.db),added_from_vivid
hernr_1556,FETISH,2006,2006,2006,1,itdiag8-dotcom/database (vivid_cars2000.db),added_from_vivid
hernr_1558,GT MF4 Coupe,2003,2009,2003-2009,3,itdiag8-dotcom/database (vivid_cars2000.db),added_from_vivid
hernr_1558,GT MF5 Coupe,2006,2009,2006-2009,2,itdiag8-dotcom/database (vivid_cars2000.db),added_from_vivid
hernr_1558,MF3 Roadster,2003,2003,2003,2,itdiag8-dotcom/database (vivid_cars2000.db),added_from_vivid
hernr_1558,MF4 Roadster,2008,2009,2008-2009,3,itdiag8-dotcom/database (vivid_cars2000.db),added_from_vivid
hernr_1558,MF5 Roadster,2008,2009,2008-2009,2,itdiag8-dotcom/database (vivid_cars2000.db),added_from_vivid
hernr_171,300/350,2005,2005,2005,1,itdiag8-dotcom/database (vivid_cars2000.db),added_from_vivid
hernr_171,PS10/ANIBAL,2002,2002,2002,1,itdiag8-dotcom/database (vivid_cars2000.db),added_from_vivid
hernr_171,PS10/ANIBAL Pickup,2002,2003,2002-2003,1,itdiag8-dotcom/database (vivid_cars2000.db),added_from_vivid
hernr_178,ARIA,2009,2009,2009,1,itdiag8-dotcom/database (vivid_cars2000.db),added_from_vivid
hernr_178,INDICA (40_V2),2003,2003,2003,1,itdiag8-dotcom/database (vivid_cars2000.db),added_from_vivid
hernr_178,INDIGO (4_V2),2002,2002,2002,2,itdiag8-dotcom/database (vivid_cars2000.db),added_from_vivid
hernr_178,INDIGO MARINA (4_V2),2002,2002,2002,2,itdiag8-dotcom/database (vivid_cars2000.db),added_from_vivid
hernr_178,SAFARI (42_FD),2003,2006,2003-2006,2,itdiag8-dotcom/database (vivid_cars2000.db),added_from_vivid
hernr_178,XENON Pickup,2008,2008,2008,1,itdiag8-dotcom/database (vivid_cars2000.db),added_from_vivid
hernr_181,APE CALESSINO Convertible,2006,2006,2006,2,itdiag8-dotcom/database (vivid_cars2000.db),added_from_vivid
hernr_181,APE CLASSIC Platform/Chassis,2006,2006,2006,1,itdiag8-dotcom/database (vivid_cars2000.db),added_from_vivid
hernr_181,M500,2003,2003,2003,1,itdiag8-dotcom/database (vivid_cars2000.db),added_from_vivid
hernr_181,PORTER Box,2010,2010,2010,3,itdiag8-dotcom/database (vivid_cars2000.db),added_from_vivid
hernr_181,PORTER Bus,2003,2010,2003-2010,4,itdiag8-dotcom/database (vivid_cars2000.db),added_from_vivid
hernr_181,PORTER Dumptruck,2010,2010,2010,3,itdiag8-dotcom/database (vivid_cars2000.db),added_from_vivid
hernr_181,PORTER Platform/Chassis,2010,2010,2010,3,itdiag8-dotcom/database (vivid_cars2000.db),added_from_vivid
hernr_181,QUARGO Platform/Chassis,2003,2003,2003,1,itdiag8-dotcom/database (vivid_cars2000.db),added_from_vivid
hernr_2164,MAYBACH (240_),2002,2010,2002-2010,5,itdiag8-dotcom/database (vivid_cars2000.db),added_from_vivid
hernr_2242,FORA,2003,2003,2003,1,itdiag8-dotcom/database (vivid_cars2000.db),added_from_vivid
hernr_2589,LANDWIND,2004,2004,2004,5,itdiag8-dotcom/database (vivid_cars2000.db),added_from_vivid
hernr_2590,BL Coupe,2004,2004,2004,4,itdiag8-dotcom/database (vivid_cars2000.db),added_from_vivid
hernr_2590,CK Saloon,2004,2004,2004,6,itdiag8-dotcom/database (vivid_cars2000.db),added_from_vivid
hernr_2590,HISOON Hatchback,2003,2003,2003,1,itdiag8-dotcom/database (vivid_cars2000.db),added_from_vivid
hernr_2590,HISOON Saloon,2003,2003,2003,1,itdiag8-dotcom/database (vivid_cars2000.db),added_from_vivid
hernr_2590,HQ Hatchback,2004,2004,2004,4,itdiag8-dotcom/database (vivid_cars2000.db),added_from_vivid
hernr_2590,HQ SRV,2004,2004,2004,6,itdiag8-dotcom/database (vivid_cars2000.db),added_from_vivid
hernr_2590,HQ Sedan,2004,2004,2004,4,itdiag8-dotcom/database (vivid_cars2000.db),added_from_vivid
hernr_2590,MARINDO,2004,2004,2004,1,itdiag8-dotcom/database (vivid_cars2000.db),added_from_vivid
hernr_2590,MK Hatchback,2011,2011,2011,2,itdiag8-dotcom/database (vivid_cars2000.db),added_from_vivid
hernr_2590,MK Saloon,2011,2011,2011,1,itdiag8-dotcom/database (vivid_cars2000.db),added_from_vivid
hernr_2590,MR Hatchback,2004,2004,2004,4,itdiag8-dotcom/database (vivid_cars2000.db),added_from_vivid
hernr_2590,MR Sedan,2004,2004,2004,8,itdiag8-dotcom/database (vivid_cars2000.db),added_from_vivid
hernr_2590,PANDA,2007,2007,2007,1,itdiag8-dotcom/database (vivid_cars2000.db),added_from_vivid
hernr_2590,PU,2004,2004,2004,6,itdiag8-dotcom/database (vivid_cars2000.db),added_from_vivid
hernr_2590,URBAN NANNY,2003,2003,2003,4,itdiag8-dotcom/database (vivid_cars2000.db),added_from_vivid
hernr_2590,VISION,2005,2008,2005-2008,1,itdiag8-dotcom/database (vivid_cars2000.db),added_from_vivid
hernr_2755,C12 Coupe,2006,2006,2006,1,itdiag8-dotcom/database (vivid_cars2000.db),added_from_vivid
hernr_2755,C8 Aileron,2009,2009,2009,1,itdiag8-dotcom/database (vivid_cars2000.db),added_from_vivid
hernr_2755,C8 Coupe,2000,2000,2000,1,itdiag8-dotcom/database (vivid_cars2000.db),added_from_vivid
hernr_2755,C8 Spyder,2000,2000,2000,1,itdiag8-dotcom/database (vivid_cars2000.db),added_from_vivid
hernr_2760,X-Bow Convertible,2007,2012,2007-2012,2,itdiag8-dotcom/database (vivid_cars2000.db),added_from_vivid
hernr_2852,CV6 Hatchback,2008,2008,2008,1,itdiag8-dotcom/database (vivid_cars2000.db),added_from_vivid
hernr_2852,STAR Pickup,2010,2010,2010,1,itdiag8-dotcom/database (vivid_cars2000.db),added_from_vivid
hernr_2855,DELICIA Bus,2003,2003,2003,1,itdiag8-dotcom/database (vivid_cars2000.db),added_from_vivid
hernr_2857,"800 Saloon (E65, TA)",2000,2000,2000,1,itdiag8-dotcom/database (vivid_cars2000.db),added_from_vivid
hernr_2863,FUTURE MPV,2001,2003,2001-2003,3,itdiag8-dotcom/database (vivid_cars2000.db),added_from_vivid
hernr_2864,EVEREST (25N_),2003,2005,2003-2005,1,itdiag8-dotcom/database (vivid_cars2000.db),added_from_vivid
hernr_2864,"FALCON (BF5_, P54, R54_)",2002,2002,2002,1,itdiag8-dotcom/database (vivid_cars2000.db),added_from_vivid
hernr_2864,FALCON Pickup (BF_D),2002,2003,2002-2003,1,itdiag8-dotcom/database (vivid_cars2000.db),added_from_vivid
hernr_2864,I-MAX MPV,2006,2006,2006,1,itdiag8-dotcom/database (vivid_cars2000.db),added_from_vivid
hernr_2864,"LASER / LASER LIDEA (BA_2, BA_3, BA_4, BJ_2)",2000,2000,2000,2,itdiag8-dotcom/database (vivid_cars2000.db),added_from_vivid
hernr_2864,"LASER Hatchback (BA_3, BF_3, BF_4, BG_3, BJ_4)",2000,2000,2000,2,itdiag8-dotcom/database (vivid_cars2000.db),added_from_vivid
hernr_2864,"LYNX (BJ_2A, BJ_2P)",2001,2002,2001-2002,7,itdiag8-dotcom/database (vivid_cars2000.db),added_from_vivid
hernr_2866,SAIBAO 3 Saloon,2004,2004,2004,1,itdiag8-dotcom/database (vivid_cars2000.db),added_from_vivid
hernr_2867,ALPHA Box,2002,2002,2002,3,itdiag8-dotcom/database (vivid_cars2000.db),added_from_vivid
hernr_2867,ALPHA Bus,2002,2002,2002,3,itdiag8-dotcom/database (vivid_cars2000.db),added_from_vivid
hernr_2867,AUMARK MPV (BJ1_),2003,2003,2003,3,itdiag8-dotcom/database (vivid_cars2000.db),added_from_vivid
hernr_2867,AUMARK Platform/Chassis (BJ1_),2003,2003,2003,2,itdiag8-dotcom/database (vivid_cars2000.db),added_from_vivid
hernr_2867,FORLAND Platform/Chassis (BJ1_),2004,2004,2004,3,itdiag8-dotcom/database (vivid_cars2000.db),added_from_vivid
hernr_2867,SEA LION Bus,2001,2001,2001,1,itdiag8-dotcom/database (vivid_cars2000.db),added_from_vivid
hernr_2867,"SUP Platform/Chassis (BJ2_, BJ6_)",2003,2003,2003,3,itdiag8-dotcom/database (vivid_cars2000.db),added_from_vivid
hernr_2867,SURF,2000,2000,2000,2,itdiag8-dotcom/database (vivid_cars2000.db),added_from_vivid
hernr_2867,SURFING,2003,2003,2003,2,itdiag8-dotcom/database (vivid_cars2000.db),added_from_vivid
hernr_2867,T SERIE Platform/Chassis,2003,2003,2003,8,itdiag8-dotcom/database (vivid_cars2000.db),added_from_vivid
hernr_2867,VIEW Bus (BJ6_),2002,2002,2002,1,itdiag8-dotcom/database (vivid_cars2000.db),added_from_vivid
hernr_2867,VIEW MPV (BJ5_),2002,2002,2002,1,itdiag8-dotcom/database (vivid_cars2000.db),added_from_vivid
hernr_2887,A1,2006,2006,2006,1,itdiag8-dotcom/database (vivid_cars2000.db),added_from_vivid
hernr_2887,A3 Hatchback,2008,2009,2008-2009,3,itdiag8-dotcom/database (vivid_cars2000.db),added_from_vivid
hernr_2887,A3 Saloon,2007,2009,2007-2009,4,itdiag8-dotcom/database (vivid_cars2000.db),added_from_vivid
hernr_2887,A5,2005,2005,2005,3,itdiag8-dotcom/database (vivid_cars2000.db),added_from_vivid
hernr_2887,CRISTAL Hatchback,2012,2012,2012,1,itdiag8-dotcom/database (vivid_cars2000.db),added_from_vivid
hernr_2887,CRISTAL Saloon,2012,2012,2012,1,itdiag8-dotcom/database (vivid_cars2000.db),added_from_vivid
hernr_2887,E5,2010,2010,2010,1,itdiag8-dotcom/database (vivid_cars2000.db),added_from_vivid
hernr_2887,EASTAR CROSS,2006,2006,2006,1,itdiag8-dotcom/database (vivid_cars2000.db),added_from_vivid
hernr_2887,FULWIN Hatchback,2005,2005,2005,1,itdiag8-dotcom/database (vivid_cars2000.db),added_from_vivid
hernr_2887,FULWIN Saloon,2005,2005,2005,1,itdiag8-dotcom/database (vivid_cars2000.db),added_from_vivid
hernr_2887,Q21 Bus,2010,2010,2010,1,itdiag8-dotcom/database (vivid_cars2000.db),added_from_vivid
hernr_2887,Q22 Bus,2009,2012,2009-2012,3,itdiag8-dotcom/database (vivid_cars2000.db),added_from_vivid
hernr_2887,QIYUN,2003,2007,2003-2007,3,itdiag8-dotcom/database (vivid_cars2000.db),added_from_vivid
hernr_2887,QIYUN 2,2009,2009,2009,1,itdiag8-dotcom/database (vivid_cars2000.db),added_from_vivid
hernr_2887,QIYUN 3,2009,2009,2009,3,itdiag8-dotcom/database (vivid_cars2000.db),added_from_vivid
hernr_2887,QIYUN 5,2011,2011,2011,1,itdiag8-dotcom/database (vivid_cars2000.db),added_from_vivid
hernr_2887,QQ3,2003,2005,2003-2005,3,itdiag8-dotcom/database (vivid_cars2000.db),added_from_vivid
hernr_2887,QQ6,2005,2005,2005,1,itdiag8-dotcom/database (vivid_cars2000.db),added_from_vivid
hernr_2887,TIGGO,2009,2011,2009-2011,14,itdiag8-dotcom/database (vivid_cars2000.db),added_from_vivid
hernr_2887,TIGGO 3,2006,2008,2006-2008,3,itdiag8-dotcom/database (vivid_cars2000.db),added_from_vivid
hernr_2887,TIGGO DR,2008,2008,2008,1,itdiag8-dotcom/database (vivid_cars2000.db),added_from_vivid
hernr_2887,TRANSCAB,2011,2011,2011,1,itdiag8-dotcom/database (vivid_cars2000.db),added_from_vivid
hernr_2887,TRANSCAR,2011,2011,2011,1,itdiag8-dotcom/database (vivid_cars2000.db),added_from_vivid
hernr_2887,V2 Bus,2006,2006,2006,2,itdiag8-dotcom/database (vivid_cars2000.db),added_from_vivid
hernr_2887,V5 MPV,2005,2005,2005,2,itdiag8-dotcom/database (vivid_cars2000.db),added_from_vivid
hernr_2887,X1 Hatchback,2009,2009,2009,1,itdiag8-dotcom/database (vivid_cars2000.db),added_from_vivid
hernr_2888,HAISE VI Bus,2007,2007,2007,1,itdiag8-dotcom/database (vivid_cars2000.db),added_from_vivid
hernr_2901,CITY COURSER,2003,2003,2003,8,itdiag8-dotcom/database (vivid_cars2000.db),added_from_vivid
hernr_2901,ELEGANTEST,2002,2003,2002-2003,4,itdiag8-dotcom/database (vivid_cars2000.db),added_from_vivid
hernr_2901,PICK UP,2003,2003,2003,5,itdiag8-dotcom/database (vivid_cars2000.db),added_from_vivid
hernr_2902,COXSWAIN,2003,2003,2003,1,itdiag8-dotcom/database (vivid_cars2000.db),added_from_vivid
hernr_2902,JETSTAR,2003,2003,2003,1,itdiag8-dotcom/database (vivid_cars2000.db),added_from_vivid
hernr_2902,KYLIN,2003,2003,2003,1,itdiag8-dotcom/database (vivid_cars2000.db),added_from_vivid
hernr_2902,TROY Platform/Chassis,2003,2003,2003,2,itdiag8-dotcom/database (vivid_cars2000.db),added_from_vivid
hernr_2902,VICTOR,2002,2002,2002,1,itdiag8-dotcom/database (vivid_cars2000.db),added_from_vivid
hernr_2903,COOLBEAR MPV,2008,2008,2008,1,itdiag8-dotcom/database (vivid_cars2000.db),added_from_vivid
hernr_2903,DEER Platform/Chassis,2000,2000,2000,1,itdiag8-dotcom/database (vivid_cars2000.db),added_from_vivid
hernr_2903,FENGJUN 5 Pickup,2010,2012,2010-2012,2,itdiag8-dotcom/database (vivid_cars2000.db),added_from_vivid
hernr_2903,HOVER,2005,2007,2005-2007,2,itdiag8-dotcom/database (vivid_cars2000.db),added_from_vivid
hernr_2903,HOVER H3 Closed Off-Road Vehicle,2008,2008,2008,2,itdiag8-dotcom/database (vivid_cars2000.db),added_from_vivid
hernr_2903,HOVER H5,2009,2012,2009-2012,3,itdiag8-dotcom/database (vivid_cars2000.db),added_from_vivid
hernr_2903,HOVER M4,2011,2012,2011-2012,2,itdiag8-dotcom/database (vivid_cars2000.db),added_from_vivid
hernr_2903,MONSTER Platform/Chassis,2000,2000,2000,1,itdiag8-dotcom/database (vivid_cars2000.db),added_from_vivid
hernr_2903,PEGASUS,2003,2003,2003,1,itdiag8-dotcom/database (vivid_cars2000.db),added_from_vivid
hernr_2903,SAILING Platform/Chassis,2002,2002,2002,5,itdiag8-dotcom/database (vivid_cars2000.db),added_from_vivid
hernr_2903,SING,2003,2003,2003,2,itdiag8-dotcom/database (vivid_cars2000.db),added_from_vivid
hernr_2903,STEED Pickup,2005,2012,2005-2012,2,itdiag8-dotcom/database (vivid_cars2000.db),added_from_vivid
hernr_2903,TENGYI C10 Hatchback,2009,2009,2009,1,itdiag8-dotcom/database (vivid_cars2000.db),added_from_vivid
hernr_2903,TENGYI C20R Hatchback,2012,2012,2012,1,itdiag8-dotcom/database (vivid_cars2000.db),added_from_vivid
hernr_2903,TENGYI C30 Saloon,2009,2009,2009,1,itdiag8-dotcom/database (vivid_cars2000.db),added_from_vivid
hernr_2903,TENGYI C50 Saloon,2010,2010,2010,1,itdiag8-dotcom/database (vivid_cars2000.db),added_from_vivid
hernr_2904,GALUE Saloon (J32),2000,2003,2000-2003,4,itdiag8-dotcom/database (vivid_cars2000.db),added_from_vivid
hernr_2904,HIMIKO Convertible (NCEC),2007,2007,2007,2,itdiag8-dotcom/database (vivid_cars2000.db),added_from_vivid
hernr_2904,LA SEYDE Convertible,2000,2000,2000,1,itdiag8-dotcom/database (vivid_cars2000.db),added_from_vivid
hernr_2904,LA SEYDE Coupe,2000,2000,2000,1,itdiag8-dotcom/database (vivid_cars2000.db),added_from_vivid
hernr_2904,NOUERA,2002,2002,2002,2,itdiag8-dotcom/database (vivid_cars2000.db),added_from_vivid
hernr_2904,OROCHI,2005,2005,2005,1,itdiag8-dotcom/database (vivid_cars2000.db),added_from_vivid
hernr_2904,RAY,2001,2001,2001,1,itdiag8-dotcom/database (vivid_cars2000.db),added_from_vivid
hernr_2904,RYOGA,2002,2002,2002,1,itdiag8-dotcom/database (vivid_cars2000.db),added_from_vivid
hernr_2904,VIEWT,2004,2004,2004,3,itdiag8-dotcom/database (vivid_cars2000.db),added_from_vivid
hernr_2906,PEGASUS MPV,2003,2003,2003,3,itdiag8-dotcom/database (vivid_cars2000.db),added_from_vivid
hernr_3035,TIGUAN,2009,2009,2009,2,itdiag8-dotcom/database (vivid_cars2000.db),added_from_vivid
hernr_3047,TX,2002,2008,2002-2008,2,itdiag8-dotcom/database (vivid_cars2000.db),added_from_vivid
hernr_3070,CITRA,2004,2005,2004-2005,1,itdiag8-dotcom/database (vivid_cars2000.db),added_from_vivid
hernr_3070,FORZA,2005,2005,2005,1,itdiag8-dotcom/database (vivid_cars2000.db),added_from_vivid
hernr_3070,RIA,2001,2001,2001,2,itdiag8-dotcom/database (vivid_cars2000.db),added_from_vivid
hernr_3070,SURIA,2005,2005,2005,1,itdiag8-dotcom/database (vivid_cars2000.db),added_from_vivid
hernr_3070,SUTERA,2005,2005,2005,1,itdiag8-dotcom/database (vivid_cars2000.db),added_from_vivid
hernr_3071,HAICE Bus,2002,2002,2002,2,itdiag8-dotcom/database (vivid_cars2000.db),added_from_vivid
hernr_3076,BS6,2006,2006,2006,2,itdiag8-dotcom/database (vivid_cars2000.db),added_from_vivid
hernr_3086,320,2005,2005,2005,1,itdiag8-dotcom/database (vivid_cars2000.db),added_from_vivid
hernr_3086,520 Hatchback,2005,2005,2005,2,itdiag8-dotcom/database (vivid_cars2000.db),added_from_vivid
hernr_3086,520 Saloon,2005,2005,2005,3,itdiag8-dotcom/database (vivid_cars2000.db),added_from_vivid
hernr_3086,620 Saloon,2007,2007,2007,1,itdiag8-dotcom/database (vivid_cars2000.db),added_from_vivid
hernr_3086,FENGSHUN MPV,2009,2010,2009-2010,1,itdiag8-dotcom/database (vivid_cars2000.db),added_from_vivid
hernr_3086,X60 Closed Off-Road Vehicle,2010,2010,2010,1,itdiag8-dotcom/database (vivid_cars2000.db),added_from_vivid
hernr_3122,F0 Hatchback,2007,2007,2007,1,itdiag8-dotcom/database (vivid_cars2000.db),added_from_vivid
hernr_3122,F3,2004,2008,2004-2008,3,itdiag8-dotcom/database (vivid_cars2000.db),added_from_vivid
hernr_3122,F3R Hatchback,2006,2006,2006,2,itdiag8-dotcom/database (vivid_cars2000.db),added_from_vivid
hernr_3122,F6,2007,2007,2007,1,itdiag8-dotcom/database (vivid_cars2000.db),added_from_vivid
hernr_3122,FLYER,2001,2003,2001-2003,4,itdiag8-dotcom/database (vivid_cars2000.db),added_from_vivid
hernr_3122,G3,2008,2009,2008-2009,3,itdiag8-dotcom/database (vivid_cars2000.db),added_from_vivid
hernr_3122,G6 Saloon,2010,2010,2010,2,itdiag8-dotcom/database (vivid_cars2000.db),added_from_vivid
hernr_3122,M6,2009,2009,2009,2,itdiag8-dotcom/database (vivid_cars2000.db),added_from_vivid
hernr_3122,S6 Closed Off-Road Vehicle,2010,2010,2010,3,itdiag8-dotcom/database (vivid_cars2000.db),added_from_vivid
hernr_3124,5 SERIES (E60),2003,2003,2003,1,itdiag8-dotcom/database (vivid_cars2000.db),added_from_vivid
hernr_3127,PRIDE Hatchback,2004,2004,2004,2,itdiag8-dotcom/database (vivid_cars2000.db),added_from_vivid
hernr_3127,PRIDE Saloon,2004,2004,2004,2,itdiag8-dotcom/database (vivid_cars2000.db),added_from_vivid
hernr_3129,ODYSSEY MPV,2008,2008,2008,3,itdiag8-dotcom/database (vivid_cars2000.db),added_from_vivid
hernr_3130,FJ CRUISER,2008,2008,2008,1,itdiag8-dotcom/database (vivid_cars2000.db),added_from_vivid
hernr_3130,HIGHLANDER,2008,2010,2008-2010,3,itdiag8-dotcom/database (vivid_cars2000.db),added_from_vivid
hernr_3133,7,2006,2006,2006,1,itdiag8-dotcom/database (vivid_cars2000.db),added_from_vivid
hernr_3137,LAND CRUISER 200,2006,2006,2006,2,itdiag8-dotcom/database (vivid_cars2000.db),added_from_vivid
hernr_3137,PRADO,2003,2003,2003,1,itdiag8-dotcom/database (vivid_cars2000.db),added_from_vivid
hernr_3141,TEANA (J31),2005,2005,2005,4,itdiag8-dotcom/database (vivid_cars2000.db),added_from_vivid
hernr_3141,TEANA (J32),2007,2012,2007-2012,5,itdiag8-dotcom/database (vivid_cars2000.db),added_from_vivid
hernr_3141,TIIDA Hatchback (C12),2010,2010,2010,2,itdiag8-dotcom/database (vivid_cars2000.db),added_from_vivid
hernr_3141,TIIDA QIDA Hatchback (C11),2004,2004,2004,1,itdiag8-dotcom/database (vivid_cars2000.db),added_from_vivid
hernr_3141,TIIDA YIDA Saloon (C11),2004,2004,2004,1,itdiag8-dotcom/database (vivid_cars2000.db),added_from_vivid
hernr_3156,SCEO Closed Off-Road Vehicle,2004,2004,2004,1,itdiag8-dotcom/database (vivid_cars2000.db),added_from_vivid
hernr_3158,XML,2000,2001,2000-2001,3,itdiag8-dotcom/database (vivid_cars2000.db),added_from_vivid
hernr_3208,QM5,2005,2006,2005-2006,3,itdiag8-dotcom/database (vivid_cars2000.db),added_from_vivid
hernr_3276,AVALANCHE Estate (VY),2003,2003,2003,1,itdiag8-dotcom/database (vivid_cars2000.db),added_from_vivid
hernr_3276,AVALANCHE Estate (VZ),2003,2003,2003,1,itdiag8-dotcom/database (vivid_cars2000.db),added_from_vivid
hernr_3276,AVALANCHE Pickup (VY),2003,2003,2003,1,itdiag8-dotcom/database (vivid_cars2000.db),added_from_vivid
hernr_3276,AVALANCHE Pickup (VZ),2003,2003,2003,1,itdiag8-dotcom/database (vivid_cars2000.db),added_from_vivid
hernr_3276,CLUBSPORT Estate (VF),2012,2012,2012,2,itdiag8-dotcom/database (vivid_cars2000.db),added_from_vivid
hernr_3276,CLUBSPORT Saloon (VE),2005,2011,2005-2011,2,itdiag8-dotcom/database (vivid_cars2000.db),added_from_vivid
hernr_3276,CLUBSPORT Saloon (VF),2012,2012,2012,1,itdiag8-dotcom/database (vivid_cars2000.db),added_from_vivid
hernr_3276,CLUBSPORT Saloon (VX),2000,2000,2000,2,itdiag8-dotcom/database (vivid_cars2000.db),added_from_vivid
hernr_3276,CLUBSPORT Saloon (VY),2002,2003,2002-2003,4,itdiag8-dotcom/database (vivid_cars2000.db),added_from_vivid
hernr_3276,CLUBSPORT Saloon (VZ),2003,2003,2003,2,itdiag8-dotcom/database (vivid_cars2000.db),added_from_vivid
hernr_3276,GRANGE Saloon (VF),2012,2012,2012,1,itdiag8-dotcom/database (vivid_cars2000.db),added_from_vivid
hernr_3276,GRANGE Saloon (WH),2000,2000,2000,2,itdiag8-dotcom/database (vivid_cars2000.db),added_from_vivid
hernr_3276,GRANGE Saloon (WK),2003,2003,2003,1,itdiag8-dotcom/database (vivid_cars2000.db),added_from_vivid
hernr_3276,GRANGE Saloon (WL),2003,2003,2003,2,itdiag8-dotcom/database (vivid_cars2000.db),added_from_vivid
hernr_3276,SENATOR Saloon (VF),2012,2012,2012,1,itdiag8-dotcom/database (vivid_cars2000.db),added_from_vivid
hernr_3297,FALCON Pickup (BA),2003,2003,2003,1,itdiag8-dotcom/database (vivid_cars2000.db),added_from_vivid
hernr_3297,FALCON Pickup (BF),2004,2004,2004,2,itdiag8-dotcom/database (vivid_cars2000.db),added_from_vivid
hernr_3297,FALCON Saloon (BA),2003,2003,2003,2,itdiag8-dotcom/database (vivid_cars2000.db),added_from_vivid
hernr_3300,V80 Box,2009,2009,2009,2,itdiag8-dotcom/database (vivid_cars2000.db),added_from_vivid
hernr_3300,V80 Bus,2009,2009,2009,2,itdiag8-dotcom/database (vivid_cars2000.db),added_from_vivid
hernr_3332,EC 7 RV Hatchback,2008,2008,2008,2,itdiag8-dotcom/database (vivid_cars2000.db),added_from_vivid
hernr_3332,EC 7 Saloon,2008,2008,2008,4,itdiag8-dotcom/database (vivid_cars2000.db),added_from_vivid
hernr_3495,GT,2008,2008,2008,1,itdiag8-dotcom/database (vivid_cars2000.db),added_from_vivid
hernr_3497,DR 1,2009,2009,2009,2,itdiag8-dotcom/database (vivid_cars2000.db),added_from_vivid
hernr_3497,DR 2,2009,2009,2009,1,itdiag8-dotcom/database (vivid_cars2000.db),added_from_vivid
hernr_3497,DR 5,2010,2010,2010,3,itdiag8-dotcom/database (vivid_cars2000.db),added_from_vivid
hernr_3514,CITY,2007,2009,2007-2009,1,itdiag8-dotcom/database (vivid_cars2000.db),added_from_vivid
hernr_3652,PLUTUS,2009,2009,2009,1,itdiag8-dotcom/database (vivid_cars2000.db),added_from_vivid
hernr_3677,HD 5000,2006,2006,2006,1,itdiag8-dotcom/database (vivid_cars2000.db),added_from_vivid
hernr_3677,LORIMAS Platform/Chassis,2000,2000,2000,1,itdiag8-dotcom/database (vivid_cars2000.db),added_from_vivid
hernr_3697,GX2,2009,2009,2009,2,itdiag8-dotcom/database (vivid_cars2000.db),added_from_vivid
hernr_3742,7 Closed Off-Road Vehicle,2010,2010,2010,1,itdiag8-dotcom/database (vivid_cars2000.db),added_from_vivid
hernr_3762,B70,2011,2011,2011,1,itdiag8-dotcom/database (vivid_cars2000.db),added_from_vivid
hernr_3913,V10,2011,2011,2011,1,itdiag8-dotcom/database (vivid_cars2000.db),added_from_vivid
hernr_4176,H5C,2009,2009,2009,2,itdiag8-dotcom/database (vivid_cars2000.db),added_from_vivid
hernr_4260,QM3,2012,2012,2012,1,itdiag8-dotcom/database (vivid_cars2000.db),added_from_vivid
hernr_4260,QM5,2005,2005,2005,1,itdiag8-dotcom/database (vivid_cars2000.db),added_from_vivid
hernr_4260,SM7 (EX2),2003,2003,2003,1,itdiag8-dotcom/database (vivid_cars2000.db),added_from_vivid
hernr_4260,SM7 (L47),2010,2010,2010,2,itdiag8-dotcom/database (vivid_cars2000.db),added_from_vivid
hernr_609,COBRA Mk IV (291N),2008,2008,2008,2,itdiag8-dotcom/database (vivid_cars2000.db),added_from_vivid
hernr_694,MASCOTT Box Body / Estate,2001,2003,2001-2003,6,itdiag8-dotcom/database (vivid_cars2000.db),added_from_vivid
hernr_694,MASCOTT Dumptruck,2000,2000,2000,3,itdiag8-dotcom/database (vivid_cars2000.db),added_from_vivid
hernr_694,MASCOTT Platform/Chassis,2001,2003,2001-2003,6,itdiag8-dotcom/database (vivid_cars2000.db),added_from_vivid
hernr_701,AVENTADOR Convertible,2012,2012,2012,1,itdiag8-dotcom/database (vivid_cars2000.db),added_from_vivid
hernr_701,AVENTADOR Coupe,2010,2012,2010-2012,2,itdiag8-dotcom/database (vivid_cars2000.db),added_from_vivid
hernr_701,GALLARDO,2003,2011,2003-2011,4,itdiag8-dotcom/database (vivid_cars2000.db),added_from_vivid
hernr_701,GALLARDO SPYDER,2004,2010,2004-2010,2,itdiag8-dotcom/database (vivid_cars2000.db),added_from_vivid
hernr_701,MURCIÉLAGO,2001,2008,2001-2008,1,itdiag8-dotcom/database (vivid_cars2000.db),added_from_vivid
hernr_701,MURCIÉLAGO Roadster,2003,2006,2003-2006,1,itdiag8-dotcom/database (vivid_cars2000.db),added_from_vivid
hernr_705,CORNICHE Convertible,2000,2000,2000,1,itdiag8-dotcom/database (vivid_cars2000.db),added_from_vivid
hernr_705,GHOST,2007,2007,2007,2,itdiag8-dotcom/database (vivid_cars2000.db),added_from_vivid
hernr_705,PARK WARD,2000,2000,2000,1,itdiag8-dotcom/database (vivid_cars2000.db),added_from_vivid
hernr_705,PHANTOM,2002,2002,2002,2,itdiag8-dotcom/database (vivid_cars2000.db),added_from_vivid
hernr_705,PHANTOM Coupe,2006,2006,2006,1,itdiag8-dotcom/database (vivid_cars2000.db),added_from_vivid
hernr_705,PHANTOM Drophead Coupe,2005,2005,2005,1,itdiag8-dotcom/database (vivid_cars2000.db),added_from_vivid
hernr_705,WRAITH Coupe,2012,2012,2012,1,itdiag8-dotcom/database (vivid_cars2000.db),added_from_vivid
hernr_774,SOLSTICE,2004,2004,2004,1,itdiag8-dotcom/database (vivid_cars2000.db),added_from_vivid
hernr_775,LANOS Hatchback,2003,2003,2003,5,itdiag8-dotcom/database (vivid_cars2000.db),added_from_vivid
hernr_775,LANOS Saloon,2003,2003,2003,5,itdiag8-dotcom/database (vivid_cars2000.db),added_from_vivid
hernr_788,VEYRON EB 16.4,2003,2009,2003-2009,1,itdiag8-dotcom/database (vivid_cars2000.db),added_from_vivid
hernr_788,VEYRON Grand Sport EB 16.4,2008,2009,2008-2009,1,itdiag8-dotcom/database (vivid_cars2000.db),added_from_vivid
hernr_802,2 ELEVEN,2006,2006,2006,2,itdiag8-dotcom/database (vivid_cars2000.db),added_from_vivid
hernr_802,ELISE,2000,2006,2000-2006,8,itdiag8-dotcom/database (vivid_cars2000.db),added_from_vivid
hernr_802,ELISE 340 R,2000,2000,2000,1,itdiag8-dotcom/database (vivid_cars2000.db),added_from_vivid
hernr_802,EUROPA S,2005,2007,2005-2007,2,itdiag8-dotcom/database (vivid_cars2000.db),added_from_vivid
hernr_802,EVORA,2008,2009,2008-2009,2,itdiag8-dotcom/database (vivid_cars2000.db),added_from_vivid
hernr_802,EXIGE,2011,2011,2011,1,itdiag8-dotcom/database (vivid_cars2000.db),added_from_vivid
hernr_802,EXIGE (SCC_),2000,2007,2000-2007,9,itdiag8-dotcom/database (vivid_cars2000.db),added_from_vivid
hernr_803,AERO 8,2000,2007,2000-2007,5,itdiag8-dotcom/database (vivid_cars2000.db),added_from_vivid
hernr_803,AERO Coupe,2011,2011,2011,1,itdiag8-dotcom/database (vivid_cars2000.db),added_from_vivid
hernr_803,AERO SUPERSPORTS,2009,2009,2009,1,itdiag8-dotcom/database (vivid_cars2000.db),added_from_vivid
hernr_803,AEROMAX Coupe,2006,2007,2006-2007,2,itdiag8-dotcom/database (vivid_cars2000.db),added_from_vivid
hernr_803,EVA,2011,2011,2011,1,itdiag8-dotcom/database (vivid_cars2000.db),added_from_vivid
hernr_803,PLUS EIGHT,2009,2009,2009,1,itdiag8-dotcom/database (vivid_cars2000.db),added_from_vivid
hernr_803,PLUS FOUR,2003,2012,2003-2012,2,itdiag8-dotcom/database (vivid_cars2000.db),added_from_vivid
hernr_803,ROADSTER Convertible,2003,2010,2003-2010,2,itdiag8-dotcom/database (vivid_cars2000.db),added_from_vivid
hernr_815,ARNAGE,2002,2002,2002,2,itdiag8-dotcom/database (vivid_cars2000.db),added_from_vivid
hernr_815,AZURE II,2005,2005,2005,1,itdiag8-dotcom/database (vivid_cars2000.db),added_from_vivid
hernr_815,CONTINENTAL Convertible,2005,2012,2005-2012,4,itdiag8-dotcom/database (vivid_cars2000.db),added_from_vivid
hernr_815,CONTINENTAL Coupe,2003,2013,2003-2013,4,itdiag8-dotcom/database (vivid_cars2000.db),added_from_vivid
hernr_815,CONTINENTAL FLYING SPUR,2004,2012,2004-2012,3,itdiag8-dotcom/database (vivid_cars2000.db),added_from_vivid
hernr_815,MULSANNE,2008,2012,2008-2012,1,itdiag8-dotcom/database (vivid_cars2000.db),added_from_vivid
hernr_907,SEVEN,2000,2009,2000-2009,8,itdiag8-dotcom/database (vivid_cars2000.db),added_from_vivid
hernr_907,XTR,2001,2003,2001-2003,1,itdiag8-dotcom/database (vivid_cars2000.db),added_from_vivid
