car_brand,car_model,production_start,production_end,source,status
Renault,MEGANE III Coupe (DZ0/1_),2007,2012,itdiag8-dotcom/database (vivid_cars2000.db),added_from_vivid
Renault,MEGANE CC (EZ0/1_),2009,2012,itdiag8-dotcom/database (vivid_cars2000.db),added_from_vivid
Suzuki,"SWIFT IV (FZ, NZ)",2009,2011,itdiag8-dotcom/database (vivid_cars2000.db),added_from_vivid
Ford,C-MAX II,2009,2011,itdiag8-dotcom/database (vivid_cars2000.db),added_from_vivid
Saab,9-5 (YS3G),2009,2009,itdiag8-dotcom/database (vivid_cars2000.db),added_from_vivid
Volkswagen,PASSAT (362),2009,2012,itdiag8-dotcom/database (vivid_cars2000.db),added_from_vivid
Volkswagen,PASSAT Variant (365),2009,2012,itdiag8-dotcom/database (vivid_cars2000.db),added_from_vivid
Renault,MEGANE III Grandtour (KZ0/1),2007,2012,itdiag8-dotcom/database (vivid_cars2000.db),added_from_vivid
Renault,MEGANE III Hatchback (BZ0_),2007,2012,itdiag8-dotcom/database (vivid_cars2000.db),added_from_vivid
Mitsubishi,ASX (GA_W_),2009,2012,itdiag8-dotcom/database (vivid_cars2000.db),added_from_vivid
Nissan,ALMERA Classic (B10),2005,2005,itdiag8-dotcom/database (vivid_cars2000.db),added_from_vivid
Chevrolet,"MATIZ (M200, M250)",2004,2006,itdiag8-dotcom/database (vivid_cars2000.db),added_from_vivid
Citroën,C4 II (B7),2008,2012,itdiag8-dotcom/database (vivid_cars2000.db),added_from_vivid
Mitsubishi,OUTLANDER II (CW_W),2005,2009,itdiag8-dotcom/database (vivid_cars2000.db),added_from_vivid
Fiat,PANDA (169),2003,2009,itdiag8-dotcom/database (vivid_cars2000.db),added_from_vivid
Porsche,BOXSTER (987),2003,2009,itdiag8-dotcom/database (vivid_cars2000.db),added_from_vivid
Rover,STREETWISE,2003,2003,itdiag8-dotcom/database (vivid_cars2000.db),added_from_vivid
Seat,ALHAMBRA (710),2009,2011,itdiag8-dotcom/database (vivid_cars2000.db),added_from_vivid
Seat,IBIZA V (6J5),2007,2012,itdiag8-dotcom/database (vivid_cars2000.db),added_from_vivid
Seat,IBIZA V SPORTCOUPE (6J1),2007,2012,itdiag8-dotcom/database (vivid_cars2000.db),added_from_vivid
Nissan,GT-R (R35),2008,2012,itdiag8-dotcom/database (vivid_cars2000.db),added_from_vivid
Seat,LEON (1P1),2004,2009,itdiag8-dotcom/database (vivid_cars2000.db),added_from_vivid
Lexus,CT (ZWA1_),2009,2009,itdiag8-dotcom/database (vivid_cars2000.db),added_from_vivid
Suzuki,SX4 Saloon (GY),2006,2006,itdiag8-dotcom/database (vivid_cars2000.db),added_from_vivid
Citroën,"C8 (EA_, EB_)",2002,2006,itdiag8-dotcom/database (vivid_cars2000.db),added_from_vivid
Land Rover,DISCOVERY IV (LA),2008,2012,itdiag8-dotcom/database (vivid_cars2000.db),added_from_vivid
Suzuki,"SX4 (EY, GY)",2005,2009,itdiag8-dotcom/database (vivid_cars2000.db),added_from_vivid
Toyota,"LAND CRUISER 150 (KDJ15_, GRJ15_)",2009,2009,itdiag8-dotcom/database (vivid_cars2000.db),added_from_vivid
Toyota,"URBAN CRUISER (NSP1_, NLP1_, ZSP1_, NCP11_)",2006,2009,itdiag8-dotcom/database (vivid_cars2000.db),added_from_vivid
Mitsubishi,i (HA_),2005,2010,itdiag8-dotcom/database (vivid_cars2000.db),added_from_vivid
Opel,ASTRA J Sports Tourer,2009,2012,itdiag8-dotcom/database (vivid_cars2000.db),added_from_vivid
Jaguar,"XF (_J05_, CC9)",2007,2011,itdiag8-dotcom/database (vivid_cars2000.db),added_from_vivid
Jaguar,"XJ (X35_, _J12_, _J24_)",2008,2012,itdiag8-dotcom/database (vivid_cars2000.db),added_from_vivid
Fiat,DOBLO Box Body / Estate (263),2009,2012,itdiag8-dotcom/database (vivid_cars2000.db),added_from_vivid
Fiat,"DOBLO MPV (152, 263)",2009,2010,itdiag8-dotcom/database (vivid_cars2000.db),added_from_vivid
Fiat,500 (312),2006,2012,itdiag8-dotcom/database (vivid_cars2000.db),added_from_vivid
Fiat,500 C (312),2008,2012,itdiag8-dotcom/database (vivid_cars2000.db),added_from_vivid
Fiat,PUNTO EVO (199),2007,2008,itdiag8-dotcom/database (vivid_cars2000.db),added_from_vivid
BMW,X5 (E70),2006,2011,itdiag8-dotcom/database (vivid_cars2000.db),added_from_vivid
BMW,"X6 (E71, E72)",2007,2011,itdiag8-dotcom/database (vivid_cars2000.db),added_from_vivid
Cadillac,CTS Sport Wagon,2007,2011,itdiag8-dotcom/database (vivid_cars2000.db),added_from_vivid
Alpina,B5 (E60),2004,2009,itdiag8-dotcom/database (vivid_cars2000.db),added_from_vivid
Alpina,"B7 (F01, F02)",2008,2011,itdiag8-dotcom/database (vivid_cars2000.db),added_from_vivid
Chevrolet,"AVEO Saloon (T250, T255)",2004,2008,itdiag8-dotcom/database (vivid_cars2000.db),added_from_vivid
Nissan,NAVARA (D40),2004,2009,itdiag8-dotcom/database (vivid_cars2000.db),added_from_vivid
Chevrolet,"AVEO Hatchback (T250, T255)",2007,2007,itdiag8-dotcom/database (vivid_cars2000.db),added_from_vivid
Fiat,BRAVO II (198),2005,2008,itdiag8-dotcom/database (vivid_cars2000.db),added_from_vivid
Volkswagen,"TRANSPORTER V Bus (7HB, 7HJ, 7EB, 7EJ, 7EF)",2002,2011,itdiag8-dotcom/database (vivid_cars2000.db),added_from_vivid
Fiat,SCUDO Box (270_),2006,2010,itdiag8-dotcom/database (vivid_cars2000.db),added_from_vivid
Ford,"RANGER (ES, ET)",2005,2005,itdiag8-dotcom/database (vivid_cars2000.db),added_from_vivid
Fiat,PUNTO / GRANDE PUNTO (199),2004,2009,itdiag8-dotcom/database (vivid_cars2000.db),added_from_vivid
hernr_3122,M6,2009,2009,itdiag8-dotcom/database (vivid_cars2000.db),added_from_vivid
Fiat,SCUDO (270_),2006,2010,itdiag8-dotcom/database (vivid_cars2000.db),added_from_vivid
Fiat,FIORINO Box Body / Estate (225),2006,2008,itdiag8-dotcom/database (vivid_cars2000.db),added_from_vivid
Fiat,DUCATO Box (250),2005,2010,itdiag8-dotcom/database (vivid_cars2000.db),added_from_vivid
Alfa Romeo,GIULIETTA (940),2009,2012,itdiag8-dotcom/database (vivid_cars2000.db),added_from_vivid
Lancia,YPSILON (843),2003,2009,itdiag8-dotcom/database (vivid_cars2000.db),added_from_vivid
Hyundai,SANTA FÉ I (SM),2000,2004,itdiag8-dotcom/database (vivid_cars2000.db),added_from_vivid
Hyundai,SONATA V (NF),2004,2008,itdiag8-dotcom/database (vivid_cars2000.db),added_from_vivid
Vauxhall,ASTRA Mk VI (J) Sports Tourer,2009,2012,itdiag8-dotcom/database (vivid_cars2000.db),added_from_vivid
Mazda,CX-7 (ER),2005,2011,itdiag8-dotcom/database (vivid_cars2000.db),added_from_vivid
Vauxhall,MERIVA Mk II (B),2009,2012,itdiag8-dotcom/database (vivid_cars2000.db),added_from_vivid
Volkswagen,TOURAN (1T3),2009,2012,itdiag8-dotcom/database (vivid_cars2000.db),added_from_vivid
Land Rover,RANGE ROVER III (LM),2002,2009,itdiag8-dotcom/database (vivid_cars2000.db),added_from_vivid
Audi,"A7 Sportback (4GA, 4GF)",2009,2012,itdiag8-dotcom/database (vivid_cars2000.db),added_from_vivid
Hyundai,ix20 (JC),2009,2010,itdiag8-dotcom/database (vivid_cars2000.db),added_from_vivid
Hyundai,SONATA IV (EF),2001,2002,itdiag8-dotcom/database (vivid_cars2000.db),added_from_vivid
Land Rover,FREELANDER 2 (FA_),2005,2010,itdiag8-dotcom/database (vivid_cars2000.db),added_from_vivid
Lexus,"IS II (GSE2_, ALE2_, USE2_)",2004,2009,itdiag8-dotcom/database (vivid_cars2000.db),added_from_vivid
Toyota,"VIOS/YARIS Saloon (ZSP9_, NCP9_)",2006,2006,itdiag8-dotcom/database (vivid_cars2000.db),added_from_vivid
Citroën,C5 III (RD_),2007,2011,itdiag8-dotcom/database (vivid_cars2000.db),added_from_vivid
Citroën,C5 III Break (TD_),2007,2011,itdiag8-dotcom/database (vivid_cars2000.db),added_from_vivid
Land Rover,RANGE ROVER SPORT (LS),2004,2011,itdiag8-dotcom/database (vivid_cars2000.db),added_from_vivid
Mini,MINI (R56),2005,2011,itdiag8-dotcom/database (vivid_cars2000.db),added_from_vivid
Citroën,NEMO Box (AA_),2007,2009,itdiag8-dotcom/database (vivid_cars2000.db),added_from_vivid
Lexus,"RX (GYL1_, GGL15, AGL10)",2007,2011,itdiag8-dotcom/database (vivid_cars2000.db),added_from_vivid
Lexus,HS (ANF10),2008,2008,itdiag8-dotcom/database (vivid_cars2000.db),added_from_vivid
Lexus,"GS (GRS19_, UZS19_, GWS19_)",2004,2007,itdiag8-dotcom/database (vivid_cars2000.db),added_from_vivid
Lexus,"LS (UVF4_, USF4_)",2005,2011,itdiag8-dotcom/database (vivid_cars2000.db),added_from_vivid
Fiat,QUBO (225),2007,2009,itdiag8-dotcom/database (vivid_cars2000.db),added_from_vivid
Mercedes,CLS (C218),,,itdiag8-dotcom/database (vivid_cars2000.db),added_from_vivid
Lancia,MUSA (350),2003,2009,itdiag8-dotcom/database (vivid_cars2000.db),added_from_vivid
Renault,KANGOO Express (FC0/1_),2000,2004,itdiag8-dotcom/database (vivid_cars2000.db),added_from_vivid
Alfa Romeo,MITO (955),2007,2012,itdiag8-dotcom/database (vivid_cars2000.db),added_from_vivid
Mitsubishi,LANCER Saloon (CY/Z_A),2007,2012,itdiag8-dotcom/database (vivid_cars2000.db),added_from_vivid
Renault,TRAFIC II Bus (JL),2001,2007,itdiag8-dotcom/database (vivid_cars2000.db),added_from_vivid
BMW,1 (F20),2009,2013,itdiag8-dotcom/database (vivid_cars2000.db),added_from_vivid
Mitsubishi,LANCER SPORTBACK (CX_A),2007,2010,itdiag8-dotcom/database (vivid_cars2000.db),added_from_vivid
BMW,3 Touring (E91),2004,2011,itdiag8-dotcom/database (vivid_cars2000.db),added_from_vivid
Chevrolet,CORVETTE Convertible (C6),2003,2011,itdiag8-dotcom/database (vivid_cars2000.db),added_from_vivid
Mini,MINI Roadster (R59),2011,2011,itdiag8-dotcom/database (vivid_cars2000.db),added_from_vivid
Mini,MINI Convertible (R57),2007,2010,itdiag8-dotcom/database (vivid_cars2000.db),added_from_vivid
Hyundai,i30 (GD),2010,2011,itdiag8-dotcom/database (vivid_cars2000.db),added_from_vivid
Volkswagen,"MULTIVAN V (7HM, 7HN, 7HF, 7EF, 7EM, 7EN)",2002,2011,itdiag8-dotcom/database (vivid_cars2000.db),added_from_vivid
Dacia,LOGAN Pickup (US_),2007,2009,itdiag8-dotcom/database (vivid_cars2000.db),added_from_vivid
Mazda,6 Hatchback (GH),2006,2009,itdiag8-dotcom/database (vivid_cars2000.db),added_from_vivid
Mazda,6 Estate (GH),2007,2009,itdiag8-dotcom/database (vivid_cars2000.db),added_from_vivid
Mercedes,S-CLASS (W221),,,itdiag8-dotcom/database (vivid_cars2000.db),added_from_vivid
Mercedes,C-CLASS T-Model (S204),,,itdiag8-dotcom/database (vivid_cars2000.db),added_from_vivid
Volkswagen,"CADDY III Box (2KA, 2KH, 2CA, 2CH)",2003,2011,itdiag8-dotcom/database (vivid_cars2000.db),added_from_vivid
Mercedes,G-CLASS (W461),,,itdiag8-dotcom/database (vivid_cars2000.db),added_from_vivid
Mercedes,G-CLASS (W463),,,itdiag8-dotcom/database (vivid_cars2000.db),added_from_vivid
Dacia,LOGAN (LS_),2003,2009,itdiag8-dotcom/database (vivid_cars2000.db),added_from_vivid
Nissan,KUBISTAR Box (X80),2003,2005,itdiag8-dotcom/database (vivid_cars2000.db),added_from_vivid
BMW,"5 (F10, F18)",2009,2012,itdiag8-dotcom/database (vivid_cars2000.db),added_from_vivid
Kia,SORENTO I (JC),2002,2006,itdiag8-dotcom/database (vivid_cars2000.db),added_from_vivid
Nissan,X-TRAIL (T31),2006,2007,itdiag8-dotcom/database (vivid_cars2000.db),added_from_vivid
BMW,6 Coupe (F13),2009,2012,itdiag8-dotcom/database (vivid_cars2000.db),added_from_vivid
Volkswagen,"GOLF PLUS (5M1, 521)",2004,2009,itdiag8-dotcom/database (vivid_cars2000.db),added_from_vivid
Alfa Romeo,8C SPIDER,2007,2007,itdiag8-dotcom/database (vivid_cars2000.db),added_from_vivid
Volkswagen,GOLF VI (5K1),2007,2010,itdiag8-dotcom/database (vivid_cars2000.db),added_from_vivid
Jeep,"GRAND CHEROKEE IV (WK, WK2)",2009,2012,itdiag8-dotcom/database (vivid_cars2000.db),added_from_vivid
hernr_3332,EC 7 Saloon,2008,2008,itdiag8-dotcom/database (vivid_cars2000.db),added_from_vivid
Jeep,"GRAND CHEROKEE III (WH, WK)",2004,2008,itdiag8-dotcom/database (vivid_cars2000.db),added_from_vivid
BMW,6 Convertible (F12),2010,2012,itdiag8-dotcom/database (vivid_cars2000.db),added_from_vivid
Skoda,OCTAVIA Combi (1Z5),2003,2010,itdiag8-dotcom/database (vivid_cars2000.db),added_from_vivid
Porsche,911 (997),2003,2010,itdiag8-dotcom/database (vivid_cars2000.db),added_from_vivid
Nissan,PRIMASTAR Bus (X83),2001,2007,itdiag8-dotcom/database (vivid_cars2000.db),added_from_vivid
Nissan,PRIMASTAR Box (X83),2002,2007,itdiag8-dotcom/database (vivid_cars2000.db),added_from_vivid
Kia,CEE'D SW (ED),2006,2009,itdiag8-dotcom/database (vivid_cars2000.db),added_from_vivid
Porsche,911 Convertible (997),2004,2009,itdiag8-dotcom/database (vivid_cars2000.db),added_from_vivid
Kia,SPORTAGE (JE_),2003,2007,itdiag8-dotcom/database (vivid_cars2000.db),added_from_vivid
Kia,SOUL (AM),2008,2011,itdiag8-dotcom/database (vivid_cars2000.db),added_from_vivid
Chrysler,AVENGER,,,itdiag8-dotcom/database (vivid_cars2000.db),added_from_vivid
Skoda,OCTAVIA (1Z3),2003,2009,itdiag8-dotcom/database (vivid_cars2000.db),added_from_vivid
Volkswagen,PASSAT (3B2),2000,2000,itdiag8-dotcom/database (vivid_cars2000.db),added_from_vivid
Ford,MONDEO IV Turnier (BA7),2006,2010,itdiag8-dotcom/database (vivid_cars2000.db),added_from_vivid
Renault,MEGANE II Estate (KM0/1_),2003,2007,itdiag8-dotcom/database (vivid_cars2000.db),added_from_vivid
Renault,FLUENCE (L30_),2009,2012,itdiag8-dotcom/database (vivid_cars2000.db),added_from_vivid
Citroën,DS3,2008,2013,itdiag8-dotcom/database (vivid_cars2000.db),added_from_vivid
Ford,MONDEO IV (BA7),2006,2010,itdiag8-dotcom/database (vivid_cars2000.db),added_from_vivid
Ford,MONDEO IV Saloon (BA7),2006,2009,itdiag8-dotcom/database (vivid_cars2000.db),added_from_vivid
Lada,PRIORA Estate (2171),2008,2008,itdiag8-dotcom/database (vivid_cars2000.db),added_from_vivid
hernr_181,QUARGO Platform/Chassis,2003,2003,itdiag8-dotcom/database (vivid_cars2000.db),added_from_vivid
Fiat,DOBLO Cargo (223),2001,2005,itdiag8-dotcom/database (vivid_cars2000.db),added_from_vivid
Renault,MODUS / GRAND MODUS (F/JP0_),2003,2010,itdiag8-dotcom/database (vivid_cars2000.db),added_from_vivid
Chrysler,JOURNEY,,,itdiag8-dotcom/database (vivid_cars2000.db),added_from_vivid
Renault,TWINGO II (CN0_),2006,2010,itdiag8-dotcom/database (vivid_cars2000.db),added_from_vivid
Peugeot,807 (E),2002,2008,itdiag8-dotcom/database (vivid_cars2000.db),added_from_vivid
Honda,CR-V III (RE),2005,2008,itdiag8-dotcom/database (vivid_cars2000.db),added_from_vivid
Lexus,LX (URJ201),2006,2011,itdiag8-dotcom/database (vivid_cars2000.db),added_from_vivid
Proton,SAGA II Saloon,2008,2009,itdiag8-dotcom/database (vivid_cars2000.db),added_from_vivid
Mercedes,"SPRINTER 3,5-t Bus (906)",,,itdiag8-dotcom/database (vivid_cars2000.db),added_from_vivid
Ford,KUGA I,2007,2009,itdiag8-dotcom/database (vivid_cars2000.db),added_from_vivid
Opel,ASTRA H Estate (L35),2003,2008,itdiag8-dotcom/database (vivid_cars2000.db),added_from_vivid
Ford,GALAXY (WA6),2005,2010,itdiag8-dotcom/database (vivid_cars2000.db),added_from_vivid
Ford,S-MAX (WA6),2005,2010,itdiag8-dotcom/database (vivid_cars2000.db),added_from_vivid
Mazda,5 (CW),2009,2012,itdiag8-dotcom/database (vivid_cars2000.db),added_from_vivid
Volkswagen,PASSAT Variant (3C5),2004,2008,itdiag8-dotcom/database (vivid_cars2000.db),added_from_vivid
Mercedes,"SPRINTER 3,5-t Box (906)",,,itdiag8-dotcom/database (vivid_cars2000.db),added_from_vivid
Mercedes,"SPRINTER 3,5-t Platform/Chassis (906)",,,itdiag8-dotcom/database (vivid_cars2000.db),added_from_vivid
Chevrolet,ORLANDO (J309),2010,2011,itdiag8-dotcom/database (vivid_cars2000.db),added_from_vivid
BMW,"7 (F01, F02, F03, F04)",2007,2011,itdiag8-dotcom/database (vivid_cars2000.db),added_from_vivid
Mercedes,C-CLASS T-Model (S203),,,itdiag8-dotcom/database (vivid_cars2000.db),added_from_vivid
BMW,3 (E90),2004,2010,itdiag8-dotcom/database (vivid_cars2000.db),added_from_vivid
Toyota,"IQ (KPJ1_, NGJ1_, KGJ1_, NUJ1_)",2008,2011,itdiag8-dotcom/database (vivid_cars2000.db),added_from_vivid
Toyota,"ISIS (ZNM1_, ANM1_, ZGM1_)",2003,2006,itdiag8-dotcom/database (vivid_cars2000.db),added_from_vivid
Toyota,bB II (QNC2_),2004,2004,itdiag8-dotcom/database (vivid_cars2000.db),added_from_vivid
Toyota,SAI (AZK1_),2008,2008,itdiag8-dotcom/database (vivid_cars2000.db),added_from_vivid
Toyota,"AURIS (NRE15_, ZZE15_, ADE15_, ZRE15_, NDE15_)",2005,2009,itdiag8-dotcom/database (vivid_cars2000.db),added_from_vivid
Toyota,"RAV 4 III (ACA3_, ACE_, ALA3_, GSA3_, ZSA3_)",2004,2008,itdiag8-dotcom/database (vivid_cars2000.db),added_from_vivid
hernr_1518,MP4 Coupe,2010,2010,itdiag8-dotcom/database (vivid_cars2000.db),added_from_vivid
Nissan,370 Z Roadster (Z34),2009,2009,itdiag8-dotcom/database (vivid_cars2000.db),added_from_vivid
Nissan,CUBE (Z12),2009,2009,itdiag8-dotcom/database (vivid_cars2000.db),added_from_vivid
Nissan,NAVARA Platform/Chassis (D40),2007,2009,itdiag8-dotcom/database (vivid_cars2000.db),added_from_vivid
Toyota,"ALLION II (NZT26_, ZRT26_)",2006,2006,itdiag8-dotcom/database (vivid_cars2000.db),added_from_vivid
Toyota,"ALPHARD / VELLFIRE (GGH2_, ANH2_, ATH2_)",2007,2010,itdiag8-dotcom/database (vivid_cars2000.db),added_from_vivid
Toyota,PORTE (_NNP1_),2003,2003,itdiag8-dotcom/database (vivid_cars2000.db),added_from_vivid
Renault,SCÉNIC III (JZ0/1_),2008,2012,itdiag8-dotcom/database (vivid_cars2000.db),added_from_vivid
Renault,GRAND SCÉNIC III (JZ0/1_),2008,2012,itdiag8-dotcom/database (vivid_cars2000.db),added_from_vivid
Vauxhall,"ANTARA (J26, H26)",2005,2009,itdiag8-dotcom/database (vivid_cars2000.db),added_from_vivid
Toyota,COROLLA Saloon (E15_),2005,2011,itdiag8-dotcom/database (vivid_cars2000.db),added_from_vivid
Toyota,COROLLA Estate (_E14_),2005,2005,itdiag8-dotcom/database (vivid_cars2000.db),added_from_vivid
Toyota,"COROLLA RUMION (_AZE15_, _NZE15_, _ZRE15_)",2006,2006,itdiag8-dotcom/database (vivid_cars2000.db),added_from_vivid
Toyota,WISH MPV (ZGE2_),2008,2008,itdiag8-dotcom/database (vivid_cars2000.db),added_from_vivid
Mercedes,"R-CLASS (W251, V251)",,,itdiag8-dotcom/database (vivid_cars2000.db),added_from_vivid
Vauxhall,INSIGNIA Estate,2007,2013,itdiag8-dotcom/database (vivid_cars2000.db),added_from_vivid
Lancia,PHEDRA (179),2002,2007,itdiag8-dotcom/database (vivid_cars2000.db),added_from_vivid
Toyota,"YARIS (SCP9_, NSP9_, KSP9_, NCP9_, ZSP9_)",2004,2009,itdiag8-dotcom/database (vivid_cars2000.db),added_from_vivid
Toyota,NOAH/VOXY (_ZRR7_),2006,2006,itdiag8-dotcom/database (vivid_cars2000.db),added_from_vivid
Toyota,"YARIS (NHP13_, NSP13_, NCP13_, KSP13_, NLP13_)",2009,2011,itdiag8-dotcom/database (vivid_cars2000.db),added_from_vivid
Citroën,C3 I (FC_),2002,2008,itdiag8-dotcom/database (vivid_cars2000.db),added_from_vivid
Citroën,XSARA PICASSO (N68),2000,2004,itdiag8-dotcom/database (vivid_cars2000.db),added_from_vivid
Toyota,"LAND CRUISER (VDJ20_, UZJ20_)",2006,2011,itdiag8-dotcom/database (vivid_cars2000.db),added_from_vivid
Toyota,MARK X II (GRX13_),2008,2008,itdiag8-dotcom/database (vivid_cars2000.db),added_from_vivid
Hyundai,"i20 (PB, PBT)",2007,2011,itdiag8-dotcom/database (vivid_cars2000.db),added_from_vivid
Toyota,"MARK X ZiO (GGA1_, ANA1_)",2006,2006,itdiag8-dotcom/database (vivid_cars2000.db),added_from_vivid
Toyota,"PREMIO (NZT26_, ZRT26_)",2006,2006,itdiag8-dotcom/database (vivid_cars2000.db),added_from_vivid
Alfa Romeo,SPIDER (939),2005,2008,itdiag8-dotcom/database (vivid_cars2000.db),added_from_vivid
Skoda,SUPERB (3T4),2007,2009,itdiag8-dotcom/database (vivid_cars2000.db),added_from_vivid
Skoda,SUPERB Estate (3T5),2008,2009,itdiag8-dotcom/database (vivid_cars2000.db),added_from_vivid
Volkswagen,"JETTA IV (162, 163)",2009,2012,itdiag8-dotcom/database (vivid_cars2000.db),added_from_vivid
Skoda,ROOMSTER (5J),2005,2009,itdiag8-dotcom/database (vivid_cars2000.db),added_from_vivid
Kia,CARNIVAL / GRAND CARNIVAL III (VQ),2005,2010,itdiag8-dotcom/database (vivid_cars2000.db),added_from_vivid
Kia,CEE'D Hatchback (ED),2005,2009,itdiag8-dotcom/database (vivid_cars2000.db),added_from_vivid
Peugeot,"308 (4A_, 4C_)",2006,2012,itdiag8-dotcom/database (vivid_cars2000.db),added_from_vivid
Peugeot,EXPERT Tepee (VF3V_),2006,2010,itdiag8-dotcom/database (vivid_cars2000.db),added_from_vivid
Vauxhall,MOVANO Mk II (B) Chassis/Cab,2009,2012,itdiag8-dotcom/database (vivid_cars2000.db),added_from_vivid
Subaru,IMPREZA Saloon (GR),2006,2010,itdiag8-dotcom/database (vivid_cars2000.db),added_from_vivid
Volkswagen,SHARAN (7N),2009,2012,itdiag8-dotcom/database (vivid_cars2000.db),added_from_vivid
Mercedes,E-CLASS Estate (S210),,,itdiag8-dotcom/database (vivid_cars2000.db),added_from_vivid
Audi,A3 (8P1),2003,2010,itdiag8-dotcom/database (vivid_cars2000.db),added_from_vivid
Audi,A3 Sportback (8PA),2003,2010,itdiag8-dotcom/database (vivid_cars2000.db),added_from_vivid
Volkswagen,GOLF VI Variant (AJ5),2008,2009,itdiag8-dotcom/database (vivid_cars2000.db),added_from_vivid
Mini,MINI COUNTRYMAN (R60),2009,2013,itdiag8-dotcom/database (vivid_cars2000.db),added_from_vivid
Volvo,V70 III (BW),2006,2012,itdiag8-dotcom/database (vivid_cars2000.db),added_from_vivid
Volvo,C70 II Convertible,2005,2009,itdiag8-dotcom/database (vivid_cars2000.db),added_from_vivid
Volvo,S80 II (AS),2005,2013,itdiag8-dotcom/database (vivid_cars2000.db),added_from_vivid
Kia,SORENTO II (XM),2008,2012,itdiag8-dotcom/database (vivid_cars2000.db),added_from_vivid
Skoda,YETI (5L),2008,2012,itdiag8-dotcom/database (vivid_cars2000.db),added_from_vivid
Citroën,DS4,2010,2012,itdiag8-dotcom/database (vivid_cars2000.db),added_from_vivid
Jeep,WRANGLER III (JK),2006,2010,itdiag8-dotcom/database (vivid_cars2000.db),added_from_vivid
Citroën,NEMO Estate,2008,2009,itdiag8-dotcom/database (vivid_cars2000.db),added_from_vivid
Alpina,D5 Touring (F11),2010,2010,itdiag8-dotcom/database (vivid_cars2000.db),added_from_vivid
Mercedes,A-CLASS (W169),,,itdiag8-dotcom/database (vivid_cars2000.db),added_from_vivid
hernr_2887,QQ6,2005,2005,itdiag8-dotcom/database (vivid_cars2000.db),added_from_vivid
Citroën,C4 Picasso I (UD_),2006,2009,itdiag8-dotcom/database (vivid_cars2000.db),added_from_vivid
Audi,TT (8J3),2005,2010,itdiag8-dotcom/database (vivid_cars2000.db),added_from_vivid
Audi,TT Roadster (8J9),2006,2011,itdiag8-dotcom/database (vivid_cars2000.db),added_from_vivid
Citroën,C4 Grand Picasso I (UA_),2005,2009,itdiag8-dotcom/database (vivid_cars2000.db),added_from_vivid
Hyundai,GRANDEUR (TG),2004,2009,itdiag8-dotcom/database (vivid_cars2000.db),added_from_vivid
Hyundai,SANTA FÉ II (CM),2004,2009,itdiag8-dotcom/database (vivid_cars2000.db),added_from_vivid
Peugeot,BIPPER Tepee,2007,2009,itdiag8-dotcom/database (vivid_cars2000.db),added_from_vivid
Peugeot,BIPPER (AA_),2007,2009,itdiag8-dotcom/database (vivid_cars2000.db),added_from_vivid
Dacia,LOGAN MCV (KS_),2006,2009,itdiag8-dotcom/database (vivid_cars2000.db),added_from_vivid
BMW,5 Touring (F11),2009,2012,itdiag8-dotcom/database (vivid_cars2000.db),added_from_vivid
Honda,CR-V IV (RE),2011,2012,itdiag8-dotcom/database (vivid_cars2000.db),added_from_vivid
hernr_2887,Q21 Bus,2010,2010,itdiag8-dotcom/database (vivid_cars2000.db),added_from_vivid
hernr_2887,EASTAR CROSS,2006,2006,itdiag8-dotcom/database (vivid_cars2000.db),added_from_vivid
Nissan,MICRA IV (K13),2009,2010,itdiag8-dotcom/database (vivid_cars2000.db),added_from_vivid
Kia,PICANTO (TA),2010,2012,itdiag8-dotcom/database (vivid_cars2000.db),added_from_vivid
Volvo,S40 II (MS),2003,2009,itdiag8-dotcom/database (vivid_cars2000.db),added_from_vivid
Renault,LATITUDE (L70_),2009,2010,itdiag8-dotcom/database (vivid_cars2000.db),added_from_vivid
Volvo,V50 (MW),2003,2009,itdiag8-dotcom/database (vivid_cars2000.db),added_from_vivid
Dacia,LOGAN EXPRESS (FS_),2008,2009,itdiag8-dotcom/database (vivid_cars2000.db),added_from_vivid
Vauxhall,"CORSA Mk II (C) (W5L, F08)",2000,2004,itdiag8-dotcom/database (vivid_cars2000.db),added_from_vivid
Toyota,"VERSO S (NLP12_, NCP12_, NSP12_)",2009,2009,itdiag8-dotcom/database (vivid_cars2000.db),added_from_vivid
Citroën,C3 Picasso,2008,2012,itdiag8-dotcom/database (vivid_cars2000.db),added_from_vivid
Citroën,BERLINGO (B9),2007,2009,itdiag8-dotcom/database (vivid_cars2000.db),added_from_vivid
hernr_2887,FULWIN Hatchback,2005,2005,itdiag8-dotcom/database (vivid_cars2000.db),added_from_vivid
Chevrolet,LACETTI Estate (J200),2004,2006,itdiag8-dotcom/database (vivid_cars2000.db),added_from_vivid
hernr_1533,VIVA,2006,2006,itdiag8-dotcom/database (vivid_cars2000.db),added_from_vivid
hernr_1533,ALZA,2008,2008,itdiag8-dotcom/database (vivid_cars2000.db),added_from_vivid
Hyundai,ELANTRA Saloon (HD),2004,2005,itdiag8-dotcom/database (vivid_cars2000.db),added_from_vivid
Hyundai,SONATA VI (YF),2008,2010,itdiag8-dotcom/database (vivid_cars2000.db),added_from_vivid
hernr_1533,KANCIL,2002,2002,itdiag8-dotcom/database (vivid_cars2000.db),added_from_vivid
Hyundai,ACCENT IV (RB),2009,2009,itdiag8-dotcom/database (vivid_cars2000.db),added_from_vivid
Mini,MINI Coupe (R58),2010,2010,itdiag8-dotcom/database (vivid_cars2000.db),added_from_vivid
Mercedes,M-CLASS (W166),,,itdiag8-dotcom/database (vivid_cars2000.db),added_from_vivid
Mercedes,SPRINTER 5-t Platform/Chassis (906),,,itdiag8-dotcom/database (vivid_cars2000.db),added_from_vivid
Mercedes,SLK (R172),,,itdiag8-dotcom/database (vivid_cars2000.db),added_from_vivid
Mercedes,C-CLASS (W204),,,itdiag8-dotcom/database (vivid_cars2000.db),added_from_vivid
Mercedes,VITO / MIXTO Box (W639),,,itdiag8-dotcom/database (vivid_cars2000.db),added_from_vivid
Mercedes,VITO Bus (W639),,,itdiag8-dotcom/database (vivid_cars2000.db),added_from_vivid
Mercedes,VIANO (W639),,,itdiag8-dotcom/database (vivid_cars2000.db),added_from_vivid
Opel,VIVARO Platform/Chassis (E7),2005,2005,itdiag8-dotcom/database (vivid_cars2000.db),added_from_vivid
hernr_2887,FULWIN Saloon,2005,2005,itdiag8-dotcom/database (vivid_cars2000.db),added_from_vivid
Toyota,"COASTER Bus (TRB5_, XZB5_, RZB4_, HZB5_, BZB5_, BB4_)",2003,2003,itdiag8-dotcom/database (vivid_cars2000.db),added_from_vivid
Vauxhall,CORSAVAN Mk III (D),2005,2009,itdiag8-dotcom/database (vivid_cars2000.db),added_from_vivid
hernr_802,EVORA,2008,2009,itdiag8-dotcom/database (vivid_cars2000.db),added_from_vivid
Fiat,PUNTO Van (199),2007,2011,itdiag8-dotcom/database (vivid_cars2000.db),added_from_vivid
Audi,"A6 (4G2, C7, 4GC)",2009,2013,itdiag8-dotcom/database (vivid_cars2000.db),added_from_vivid
Ford,FOCUS III Saloon,2010,2013,itdiag8-dotcom/database (vivid_cars2000.db),added_from_vivid
Ford,FOCUS III,2010,2013,itdiag8-dotcom/database (vivid_cars2000.db),added_from_vivid
Ford,FOCUS III Turnier,2010,2013,itdiag8-dotcom/database (vivid_cars2000.db),added_from_vivid
Volkswagen,GOLF VI Convertible (517),2010,2012,itdiag8-dotcom/database (vivid_cars2000.db),added_from_vivid
hernr_3332,EC 7 RV Hatchback,2008,2008,itdiag8-dotcom/database (vivid_cars2000.db),added_from_vivid
Daewoo,NEXIA Saloon,2007,2007,itdiag8-dotcom/database (vivid_cars2000.db),added_from_vivid
Volkswagen,TOUAREG (7P5),2009,2012,itdiag8-dotcom/database (vivid_cars2000.db),added_from_vivid
Peugeot,"306 Convertible (7D, N3, N5)",2000,2000,itdiag8-dotcom/database (vivid_cars2000.db),added_from_vivid
hernr_1526,M (Y51),2009,2010,itdiag8-dotcom/database (vivid_cars2000.db),added_from_vivid
Kia,PRO CEE'D (ED),2007,2009,itdiag8-dotcom/database (vivid_cars2000.db),added_from_vivid
Kia,CARENS III (UN),2005,2009,itdiag8-dotcom/database (vivid_cars2000.db),added_from_vivid
Kia,SPORTAGE (SL),2009,2012,itdiag8-dotcom/database (vivid_cars2000.db),added_from_vivid
hernr_2887,V2 Bus,2006,2006,itdiag8-dotcom/database (vivid_cars2000.db),added_from_vivid
Opel,AGILA (B) (H08),2007,2010,itdiag8-dotcom/database (vivid_cars2000.db),added_from_vivid
Renault,KANGOO Express (FW0/1_),2007,2012,itdiag8-dotcom/database (vivid_cars2000.db),added_from_vivid
Renault,LAGUNA III (BT0/1),2006,2007,itdiag8-dotcom/database (vivid_cars2000.db),added_from_vivid
Renault,LAGUNA III Grandtour (KT0/1),2006,2007,itdiag8-dotcom/database (vivid_cars2000.db),added_from_vivid
hernr_3130,FJ CRUISER,2008,2008,itdiag8-dotcom/database (vivid_cars2000.db),added_from_vivid
Cadillac,BLS Wagon,2006,2009,itdiag8-dotcom/database (vivid_cars2000.db),added_from_vivid
Chrysler,300 C (LX),2003,2009,itdiag8-dotcom/database (vivid_cars2000.db),added_from_vivid
Chevrolet,"CAPTIVA (C100, C140)",2005,2010,itdiag8-dotcom/database (vivid_cars2000.db),added_from_vivid
Mercedes,S-CLASS Coupe (C216),,,itdiag8-dotcom/database (vivid_cars2000.db),added_from_vivid
Chevrolet,CRUZE (J300),2008,2012,itdiag8-dotcom/database (vivid_cars2000.db),added_from_vivid
Peugeot,407 (6D_),2003,2009,itdiag8-dotcom/database (vivid_cars2000.db),added_from_vivid
Renault,KANGOO BE BOP (KW0/1_),2008,2009,itdiag8-dotcom/database (vivid_cars2000.db),added_from_vivid
Chevrolet,NUBIRA Saloon,2004,2005,itdiag8-dotcom/database (vivid_cars2000.db),added_from_vivid
Chevrolet,TRAILBLAZER (KC_),2001,2004,itdiag8-dotcom/database (vivid_cars2000.db),added_from_vivid
Mercedes,C-CLASS Coupe (C204),,,itdiag8-dotcom/database (vivid_cars2000.db),added_from_vivid
Honda,JAZZ III (GE),2007,2010,itdiag8-dotcom/database (vivid_cars2000.db),added_from_vivid
Saab,9-3 (YS3F),2002,2010,itdiag8-dotcom/database (vivid_cars2000.db),added_from_vivid
Saab,9-3 Estate,2004,2010,itdiag8-dotcom/database (vivid_cars2000.db),added_from_vivid
Fiat,DUCATO Bus (250),2005,2010,itdiag8-dotcom/database (vivid_cars2000.db),added_from_vivid
Fiat,DUCATO Platform/Chassis (250),2005,2010,itdiag8-dotcom/database (vivid_cars2000.db),added_from_vivid
Saab,9-3 Convertible (YS3F),2003,2010,itdiag8-dotcom/database (vivid_cars2000.db),added_from_vivid
Hyundai,GRAND SANTA FÉ,2012,2012,itdiag8-dotcom/database (vivid_cars2000.db),added_from_vivid
Alfa Romeo,159 (939),2004,2009,itdiag8-dotcom/database (vivid_cars2000.db),added_from_vivid
Alfa Romeo,159 Sportwagon (939),2005,2009,itdiag8-dotcom/database (vivid_cars2000.db),added_from_vivid
Opel,CORSA D Van,2005,2009,itdiag8-dotcom/database (vivid_cars2000.db),added_from_vivid
Vauxhall,ZAFIRA Mk II (B) (M75),2004,2012,itdiag8-dotcom/database (vivid_cars2000.db),added_from_vivid
Fiat,FREEMONT (JF_),2010,2010,itdiag8-dotcom/database (vivid_cars2000.db),added_from_vivid
Opel,ASTRA H Box (L70),2003,2006,itdiag8-dotcom/database (vivid_cars2000.db),added_from_vivid
Opel,ZAFIRA B Van,2004,2008,itdiag8-dotcom/database (vivid_cars2000.db),added_from_vivid
Renault,WIND (E4M_),2009,2010,itdiag8-dotcom/database (vivid_cars2000.db),added_from_vivid
hernr_815,CONTINENTAL Coupe,2003,2013,itdiag8-dotcom/database (vivid_cars2000.db),added_from_vivid
hernr_2755,C12 Coupe,2006,2006,itdiag8-dotcom/database (vivid_cars2000.db),added_from_vivid
hernr_2755,C8 Coupe,2000,2000,itdiag8-dotcom/database (vivid_cars2000.db),added_from_vivid
hernr_2755,C8 Spyder,2000,2000,itdiag8-dotcom/database (vivid_cars2000.db),added_from_vivid
hernr_2755,C8 Aileron,2009,2009,itdiag8-dotcom/database (vivid_cars2000.db),added_from_vivid
hernr_3497,DR 1,2009,2009,itdiag8-dotcom/database (vivid_cars2000.db),added_from_vivid
hernr_3497,DR 2,2009,2009,itdiag8-dotcom/database (vivid_cars2000.db),added_from_vivid
hernr_3497,DR 5,2010,2010,itdiag8-dotcom/database (vivid_cars2000.db),added_from_vivid
Fiat,PANDA Van (169),2003,2009,itdiag8-dotcom/database (vivid_cars2000.db),added_from_vivid
Peugeot,206+ (T3E),2008,2009,itdiag8-dotcom/database (vivid_cars2000.db),added_from_vivid
Renault,LOGAN I (LS_),2003,2010,itdiag8-dotcom/database (vivid_cars2000.db),added_from_vivid
Renault,LOGAN I Estate (KS_),2006,2010,itdiag8-dotcom/database (vivid_cars2000.db),added_from_vivid
Renault,THALIA II (LU1/2_),2007,2008,itdiag8-dotcom/database (vivid_cars2000.db),added_from_vivid
Opel,INSIGNIA Estate,2007,2013,itdiag8-dotcom/database (vivid_cars2000.db),added_from_vivid
Fiat,DOBLO Platform/Chassis (263),2009,2012,itdiag8-dotcom/database (vivid_cars2000.db),added_from_vivid
Audi,"A1 (8X1, 8XF)",2009,2013,itdiag8-dotcom/database (vivid_cars2000.db),added_from_vivid
Audi,A5 (8T3),2006,2012,itdiag8-dotcom/database (vivid_cars2000.db),added_from_vivid
Fiat,ULYSSE (179AX),2002,2007,itdiag8-dotcom/database (vivid_cars2000.db),added_from_vivid
Audi,A8 (4H_),2008,2012,itdiag8-dotcom/database (vivid_cars2000.db),added_from_vivid
Jaguar,XK Coupe (_J43_),2005,2010,itdiag8-dotcom/database (vivid_cars2000.db),added_from_vivid
Audi,Q7 (4L),2005,2010,itdiag8-dotcom/database (vivid_cars2000.db),added_from_vivid
Aston Martin,VIRAGE Coupe,2010,2010,itdiag8-dotcom/database (vivid_cars2000.db),added_from_vivid
Aston Martin,VIRAGE Convertible,2010,2010,itdiag8-dotcom/database (vivid_cars2000.db),added_from_vivid
Mercedes,SL (R231),,,itdiag8-dotcom/database (vivid_cars2000.db),added_from_vivid
Volkswagen,TIGUAN (5N_),2006,2011,itdiag8-dotcom/database (vivid_cars2000.db),added_from_vivid
hernr_1556,AMERICA,2009,2009,itdiag8-dotcom/database (vivid_cars2000.db),added_from_vivid
hernr_1556,ASTROLAB,2009,2009,itdiag8-dotcom/database (vivid_cars2000.db),added_from_vivid
hernr_1556,FETISH,2006,2006,itdiag8-dotcom/database (vivid_cars2000.db),added_from_vivid
Mini,MINI CLUBMAN (R55),2006,2010,itdiag8-dotcom/database (vivid_cars2000.db),added_from_vivid
Lancia,DELTA III (844),2007,2010,itdiag8-dotcom/database (vivid_cars2000.db),added_from_vivid
hernr_178,ARIA,2009,2009,itdiag8-dotcom/database (vivid_cars2000.db),added_from_vivid
Skoda,FABIA Combi,2006,2010,itdiag8-dotcom/database (vivid_cars2000.db),added_from_vivid
Rover,75 (RJ),2001,2003,itdiag8-dotcom/database (vivid_cars2000.db),added_from_vivid
Rover,25 (RF),2000,2003,itdiag8-dotcom/database (vivid_cars2000.db),added_from_vivid
hernr_181,PORTER Dumptruck,2010,2010,itdiag8-dotcom/database (vivid_cars2000.db),added_from_vivid
hernr_181,PORTER Platform/Chassis,2010,2010,itdiag8-dotcom/database (vivid_cars2000.db),added_from_vivid
Toyota,"CAMRY Saloon (AVV5_, XV5_)",2010,2011,itdiag8-dotcom/database (vivid_cars2000.db),added_from_vivid
Hyundai,"ix35 (LM, EL, ELH)",2009,2012,itdiag8-dotcom/database (vivid_cars2000.db),added_from_vivid
hernr_181,PORTER Box,2010,2010,itdiag8-dotcom/database (vivid_cars2000.db),added_from_vivid
Rover,45 (RT),2000,2003,itdiag8-dotcom/database (vivid_cars2000.db),added_from_vivid
Rover,45 Saloon (RT),2000,2003,itdiag8-dotcom/database (vivid_cars2000.db),added_from_vivid
hernr_181,PORTER Bus,2003,2010,itdiag8-dotcom/database (vivid_cars2000.db),added_from_vivid
Toyota,"LAND CRUISER (KDJ12_, GRJ12_)",2002,2003,itdiag8-dotcom/database (vivid_cars2000.db),added_from_vivid
hernr_181,APE CLASSIC Platform/Chassis,2006,2006,itdiag8-dotcom/database (vivid_cars2000.db),added_from_vivid
hernr_181,APE CALESSINO Convertible,2006,2006,itdiag8-dotcom/database (vivid_cars2000.db),added_from_vivid
Volkswagen,"SHARAN (7M8, 7M9, 7M6)",2000,2005,itdiag8-dotcom/database (vivid_cars2000.db),added_from_vivid
hernr_803,EVA,2011,2011,itdiag8-dotcom/database (vivid_cars2000.db),added_from_vivid
Chrysler,300 C Touring (LX),2003,2006,itdiag8-dotcom/database (vivid_cars2000.db),added_from_vivid
Chrysler,SEBRING (JS),2006,2006,itdiag8-dotcom/database (vivid_cars2000.db),added_from_vivid
Chrysler,SEBRING Convertible (JS),2006,2006,itdiag8-dotcom/database (vivid_cars2000.db),added_from_vivid
Opel,INSIGNIA Saloon,2007,2013,itdiag8-dotcom/database (vivid_cars2000.db),added_from_vivid
Fiat,SIENA (178_),2000,2006,itdiag8-dotcom/database (vivid_cars2000.db),added_from_vivid
Fiat,PALIO Weekend (178DX),2001,2004,itdiag8-dotcom/database (vivid_cars2000.db),added_from_vivid
Chevrolet,TAHOE (B2W),2000,2003,itdiag8-dotcom/database (vivid_cars2000.db),added_from_vivid
Opel,ASTRA G Estate (F35_),2000,2006,itdiag8-dotcom/database (vivid_cars2000.db),added_from_vivid
Opel,"ASTRA G Hatchback (F48_, F08_)",2000,2006,itdiag8-dotcom/database (vivid_cars2000.db),added_from_vivid
Opel,ASTRA G Coupe (F07_),2000,2002,itdiag8-dotcom/database (vivid_cars2000.db),added_from_vivid
Opel,ASTRA G Saloon (F69_),2000,2006,itdiag8-dotcom/database (vivid_cars2000.db),added_from_vivid
Opel,MOVANO B Bus,2009,2012,itdiag8-dotcom/database (vivid_cars2000.db),added_from_vivid
Opel,VECTRA B (36_),2000,2000,itdiag8-dotcom/database (vivid_cars2000.db),added_from_vivid
Opel,VECTRA B Estate (31_),2000,2000,itdiag8-dotcom/database (vivid_cars2000.db),added_from_vivid
Opel,VECTRA B Hatchback (38_),2000,2000,itdiag8-dotcom/database (vivid_cars2000.db),added_from_vivid
Opel,ZAFIRA A (F75_),2000,2003,itdiag8-dotcom/database (vivid_cars2000.db),added_from_vivid
Volvo,XC70 II,2006,2012,itdiag8-dotcom/database (vivid_cars2000.db),added_from_vivid
Toyota,"COROLLA (ZZE12_, NDE12_, ZDE12_)",2001,2004,itdiag8-dotcom/database (vivid_cars2000.db),added_from_vivid
Toyota,FJ CRUISER (GSJ1_),2005,2010,itdiag8-dotcom/database (vivid_cars2000.db),added_from_vivid
Volvo,S60 II,2009,2012,itdiag8-dotcom/database (vivid_cars2000.db),added_from_vivid
Volvo,XC90 I,2002,2011,itdiag8-dotcom/database (vivid_cars2000.db),added_from_vivid
Subaru,FORESTER (SH),2007,2009,itdiag8-dotcom/database (vivid_cars2000.db),added_from_vivid
Mazda,2 Saloon (DE),2009,2009,itdiag8-dotcom/database (vivid_cars2000.db),added_from_vivid
Ssangyong,KORANDO (KJ),2002,2002,itdiag8-dotcom/database (vivid_cars2000.db),added_from_vivid
Ssangyong,KORANDO Cabrio (KJ),2002,2002,itdiag8-dotcom/database (vivid_cars2000.db),added_from_vivid
Kia,VENGA (YN),2009,2009,itdiag8-dotcom/database (vivid_cars2000.db),added_from_vivid
Hyundai,VELOSTER (FS),2010,2011,itdiag8-dotcom/database (vivid_cars2000.db),added_from_vivid
Land Rover,RANGE ROVER EVOQUE (LV),2010,2010,itdiag8-dotcom/database (vivid_cars2000.db),added_from_vivid
Lexus,IS C (GSE2_),2008,2009,itdiag8-dotcom/database (vivid_cars2000.db),added_from_vivid
Lexus,GX (URJ15_),2008,2009,itdiag8-dotcom/database (vivid_cars2000.db),added_from_vivid
MG,MG 6 Hatchback,2009,2011,itdiag8-dotcom/database (vivid_cars2000.db),added_from_vivid
Mitsubishi,eK Hatchback (_H82_),2000,2005,itdiag8-dotcom/database (vivid_cars2000.db),added_from_vivid
Mitsubishi,TOPPO (_H8_),2007,2007,itdiag8-dotcom/database (vivid_cars2000.db),added_from_vivid
Mitsubishi,"COLT VI (Z3_A, Z2_A)",2003,2009,itdiag8-dotcom/database (vivid_cars2000.db),added_from_vivid
Mitsubishi,DELICA D5 (CV_W),2006,2012,itdiag8-dotcom/database (vivid_cars2000.db),added_from_vivid
Jeep,COMPASS (MK49),2005,2010,itdiag8-dotcom/database (vivid_cars2000.db),added_from_vivid
BMW,1 Coupe (E82),2006,2010,itdiag8-dotcom/database (vivid_cars2000.db),added_from_vivid
Hyundai,i10 (PA),2006,2010,itdiag8-dotcom/database (vivid_cars2000.db),added_from_vivid
Hyundai,H-1 / STAREX,2001,2005,itdiag8-dotcom/database (vivid_cars2000.db),added_from_vivid
Mercedes,E-CLASS (W212),,,itdiag8-dotcom/database (vivid_cars2000.db),added_from_vivid
Opel,ASTRA H GTC (L08),2004,2006,itdiag8-dotcom/database (vivid_cars2000.db),added_from_vivid
Opel,ASTRA H (L48),2003,2008,itdiag8-dotcom/database (vivid_cars2000.db),added_from_vivid
Skoda,ROOMSTER Praktik (5J),2006,2009,itdiag8-dotcom/database (vivid_cars2000.db),added_from_vivid
Chevrolet,CAMARO Convertible,2010,2010,itdiag8-dotcom/database (vivid_cars2000.db),added_from_vivid
Chevrolet,AVEO Hatchback (T300),2010,2012,itdiag8-dotcom/database (vivid_cars2000.db),added_from_vivid
Chevrolet,AVEO Saloon (T300),2010,2011,itdiag8-dotcom/database (vivid_cars2000.db),added_from_vivid
BMW,X1 (E84),2008,2012,itdiag8-dotcom/database (vivid_cars2000.db),added_from_vivid
BMW,X3 (F25),2009,2012,itdiag8-dotcom/database (vivid_cars2000.db),added_from_vivid
hernr_1558,MF4 Roadster,2008,2009,itdiag8-dotcom/database (vivid_cars2000.db),added_from_vivid
hernr_1558,GT MF4 Coupe,2003,2009,itdiag8-dotcom/database (vivid_cars2000.db),added_from_vivid
hernr_1558,MF5 Roadster,2008,2009,itdiag8-dotcom/database (vivid_cars2000.db),added_from_vivid
hernr_1558,GT MF5 Coupe,2006,2009,itdiag8-dotcom/database (vivid_cars2000.db),added_from_vivid
Toyota,"PASSO (_NC1_, _XC1_)",2004,2007,itdiag8-dotcom/database (vivid_cars2000.db),added_from_vivid
Ford,FIESTA VI,2007,2012,itdiag8-dotcom/database (vivid_cars2000.db),added_from_vivid
Vauxhall,MOVANO Mk II (B) Combi,2009,2012,itdiag8-dotcom/database (vivid_cars2000.db),added_from_vivid
Opel,MOVANO Dumptruck (H9),2000,2005,itdiag8-dotcom/database (vivid_cars2000.db),added_from_vivid
Mercedes,E-CLASS T-Model (S212),,,itdiag8-dotcom/database (vivid_cars2000.db),added_from_vivid
Toyota,"SEQUOIA (UCK45_, UCK35_)",2000,2000,itdiag8-dotcom/database (vivid_cars2000.db),added_from_vivid
Toyota,"SEQUOIA (UCK6_, UPK6_, USK6_)",2006,2006,itdiag8-dotcom/database (vivid_cars2000.db),added_from_vivid
Toyota,TUNDRA Pickup (_K5_),2006,2008,itdiag8-dotcom/database (vivid_cars2000.db),added_from_vivid
Toyota,"TUNDRA Pickup (_K4_, _K3_)",2003,2003,itdiag8-dotcom/database (vivid_cars2000.db),added_from_vivid
hernr_1553,PATRIOT,2003,2005,itdiag8-dotcom/database (vivid_cars2000.db),added_from_vivid
hernr_1553,PICKUP (2360),2003,2003,itdiag8-dotcom/database (vivid_cars2000.db),added_from_vivid
hernr_1553,HUNTER (3151),2003,2006,itdiag8-dotcom/database (vivid_cars2000.db),added_from_vivid
Toyota,"PREVIA III (ACR5_, GSR5_)",2004,2011,itdiag8-dotcom/database (vivid_cars2000.db),added_from_vivid
Toyota,CROWN Saloon (GRS20_),2007,2008,itdiag8-dotcom/database (vivid_cars2000.db),added_from_vivid
Jeep,PATRIOT (MK74),2006,2010,itdiag8-dotcom/database (vivid_cars2000.db),added_from_vivid
Volkswagen,BORA (1J2),2000,2002,itdiag8-dotcom/database (vivid_cars2000.db),added_from_vivid
Toyota,"HARRIER (MCU3_, MHU3_, ACU3_, GSU3_)",2003,2004,itdiag8-dotcom/database (vivid_cars2000.db),added_from_vivid
Mitsubishi,"L 200 (KB_T, KA_T)",2004,2009,itdiag8-dotcom/database (vivid_cars2000.db),added_from_vivid
Mitsubishi,"CANTER Platform/Chassis (FB_, FE_, FG_)",2001,2005,itdiag8-dotcom/database (vivid_cars2000.db),added_from_vivid
hernr_3495,GT,2008,2008,itdiag8-dotcom/database (vivid_cars2000.db),added_from_vivid
Ford,FIESTA Van,2003,2003,itdiag8-dotcom/database (vivid_cars2000.db),added_from_vivid
Lancia,YPSILON (846),2010,2012,itdiag8-dotcom/database (vivid_cars2000.db),added_from_vivid
Volkswagen,GOL IV,2004,2004,itdiag8-dotcom/database (vivid_cars2000.db),added_from_vivid
Volkswagen,GOL III,2002,2002,itdiag8-dotcom/database (vivid_cars2000.db),added_from_vivid
Volkswagen,"EOS (1F7, 1F8)",2005,2012,itdiag8-dotcom/database (vivid_cars2000.db),added_from_vivid
Volkswagen,PARATI IV,2003,2003,itdiag8-dotcom/database (vivid_cars2000.db),added_from_vivid
Volkswagen,"POLO (6R, 6C)",2008,2013,itdiag8-dotcom/database (vivid_cars2000.db),added_from_vivid
Peugeot,206 Hatchback (2A/C),2000,2005,itdiag8-dotcom/database (vivid_cars2000.db),added_from_vivid
Peugeot,207 Saloon,2006,2008,itdiag8-dotcom/database (vivid_cars2000.db),added_from_vivid
Peugeot,"207 (WA_, WC_)",2005,2008,itdiag8-dotcom/database (vivid_cars2000.db),added_from_vivid
Ford,C-MAX (DM2),2006,2008,itdiag8-dotcom/database (vivid_cars2000.db),added_from_vivid
Nissan,ELGRAND (E52),2009,2009,itdiag8-dotcom/database (vivid_cars2000.db),added_from_vivid
Ford,FOCUS II Estate (DA_),2003,2008,itdiag8-dotcom/database (vivid_cars2000.db),added_from_vivid
Honda,JAZZ II (GD),2002,2002,itdiag8-dotcom/database (vivid_cars2000.db),added_from_vivid
Nissan,MURANO (Z51),2006,2009,itdiag8-dotcom/database (vivid_cars2000.db),added_from_vivid
Renault,"CLIO III (BR0/1, CR0/1)",2004,2009,itdiag8-dotcom/database (vivid_cars2000.db),added_from_vivid
Ford,FOCUS II (DA_),2003,2009,itdiag8-dotcom/database (vivid_cars2000.db),added_from_vivid
Nissan,XTERRA (N50),2004,2004,itdiag8-dotcom/database (vivid_cars2000.db),added_from_vivid
Nissan,"LIVINA / GRAND LIVINA (L10, L11)",2006,2012,itdiag8-dotcom/database (vivid_cars2000.db),added_from_vivid
Vauxhall,MERIVA Mk I (A),2002,2005,itdiag8-dotcom/database (vivid_cars2000.db),added_from_vivid
Ford,MONDEO III Estate (BWY),2000,2003,itdiag8-dotcom/database (vivid_cars2000.db),added_from_vivid
Mercedes,E-CLASS Coupe (C207),,,itdiag8-dotcom/database (vivid_cars2000.db),added_from_vivid
Mercedes,E-CLASS Convertible (A207),,,itdiag8-dotcom/database (vivid_cars2000.db),added_from_vivid
Renault,SANDERO/STEPWAY I,2006,2009,itdiag8-dotcom/database (vivid_cars2000.db),added_from_vivid
Chevrolet,CRUZE Hatchback (J305),2010,2012,itdiag8-dotcom/database (vivid_cars2000.db),added_from_vivid
Vauxhall,VECTRA Mk II (C) Estate,2003,2005,itdiag8-dotcom/database (vivid_cars2000.db),added_from_vivid
Alpina,D5 (F10),2010,2010,itdiag8-dotcom/database (vivid_cars2000.db),added_from_vivid
Audi,"A6 Avant (4G5, C7, 4GD)",2010,2013,itdiag8-dotcom/database (vivid_cars2000.db),added_from_vivid
Vauxhall,INSIGNIA Saloon,2007,2013,itdiag8-dotcom/database (vivid_cars2000.db),added_from_vivid
Volkswagen,POLO (9N_),2001,2007,itdiag8-dotcom/database (vivid_cars2000.db),added_from_vivid
Hyundai,GRANDEUR (HG),2010,2010,itdiag8-dotcom/database (vivid_cars2000.db),added_from_vivid
Renault,"CLIO II (BB0/1/2_, CB0/1/2_)",2000,2006,itdiag8-dotcom/database (vivid_cars2000.db),added_from_vivid
Toyota,"HIACE / COMMUTER IV (TRH2_, KDH2_)",2004,2007,itdiag8-dotcom/database (vivid_cars2000.db),added_from_vivid
Toyota,"HIACE IV Box (TRH2_, KDH2_)",2004,2007,itdiag8-dotcom/database (vivid_cars2000.db),added_from_vivid
Toyota,CAMRY Saloon (_XV4_),2005,2009,itdiag8-dotcom/database (vivid_cars2000.db),added_from_vivid
Opel,ASTRA GTC J,2010,2012,itdiag8-dotcom/database (vivid_cars2000.db),added_from_vivid
Mitsubishi,DELICA D2 (MB1_),2010,2010,itdiag8-dotcom/database (vivid_cars2000.db),added_from_vivid
Lexus,"ES (GSV4_, ACV4_)",2005,2005,itdiag8-dotcom/database (vivid_cars2000.db),added_from_vivid
Mitsubishi,"PAJERO IV (V8_W, V9_W)",2006,2009,itdiag8-dotcom/database (vivid_cars2000.db),added_from_vivid
Cadillac,ESCALADE Pickup,2009,2009,itdiag8-dotcom/database (vivid_cars2000.db),added_from_vivid
Toyota,"FORTUNER Closed Off-Road Vehicle (TGN6_, KUN6_, GGN6_, TGN5_",2003,2011,itdiag8-dotcom/database (vivid_cars2000.db),added_from_vivid
Toyota,"ETIOS (NUK1_, NGK1_)",2009,2009,itdiag8-dotcom/database (vivid_cars2000.db),added_from_vivid
Toyota,SIENTA (NCP8_),2003,2003,itdiag8-dotcom/database (vivid_cars2000.db),added_from_vivid
Mitsubishi,COLT PLUS VII (Z2_W),2003,2011,itdiag8-dotcom/database (vivid_cars2000.db),added_from_vivid
Toyota,PRIUS PLUS (ZVW4_),2010,2010,itdiag8-dotcom/database (vivid_cars2000.db),added_from_vivid
Vauxhall,ASTRA Mk VI (J),2008,2012,itdiag8-dotcom/database (vivid_cars2000.db),added_from_vivid
Citroën,JUMPY (U6U),2000,2000,itdiag8-dotcom/database (vivid_cars2000.db),added_from_vivid
Citroën,"JUMPY Box (BS_, BT_, BY_, BZ_)",2000,2002,itdiag8-dotcom/database (vivid_cars2000.db),added_from_vivid
Citroën,"JUMPY Platform/Chassis (BU_, BV_, BW_, BX_)",2003,2003,itdiag8-dotcom/database (vivid_cars2000.db),added_from_vivid
Lada,PRIORA Hatchback (2172),2007,2007,itdiag8-dotcom/database (vivid_cars2000.db),added_from_vivid
Lada,PRIORA Saloon (2170),2007,2008,itdiag8-dotcom/database (vivid_cars2000.db),added_from_vivid
Chrysler,SEBRING (JR),2001,2001,itdiag8-dotcom/database (vivid_cars2000.db),added_from_vivid
Toyota,"PROBOX/SUCCEED (_NLP5_, _NCP5_)",2002,2002,itdiag8-dotcom/database (vivid_cars2000.db),added_from_vivid
BMW,X3 (E83),2003,2008,itdiag8-dotcom/database (vivid_cars2000.db),added_from_vivid
BMW,"7 (E65, E66, E67)",2001,2004,itdiag8-dotcom/database (vivid_cars2000.db),added_from_vivid
BMW,5 Gran Turismo (F07),2008,2012,itdiag8-dotcom/database (vivid_cars2000.db),added_from_vivid
Hyundai,i30 CW (FD),2006,2009,itdiag8-dotcom/database (vivid_cars2000.db),added_from_vivid
Hyundai,i40 CW (VF),2010,2011,itdiag8-dotcom/database (vivid_cars2000.db),added_from_vivid
Mercedes,SLS AMG Convertible (A197),,,itdiag8-dotcom/database (vivid_cars2000.db),added_from_vivid
Toyota,"DYNA Platform/Chassis (KD_, LY_, TRY2_, KDY2_, XZU4_, XZU3_,",2001,2010,itdiag8-dotcom/database (vivid_cars2000.db),added_from_vivid
Kia,RIO III Saloon (UB),2010,2011,itdiag8-dotcom/database (vivid_cars2000.db),added_from_vivid
Volkswagen,"CADDY III Estate (2KB, 2KJ, 2CB, 2CJ)",2003,2011,itdiag8-dotcom/database (vivid_cars2000.db),added_from_vivid
Chrysler,"RAM 1500 Pickup (D1, DC, DH, DM, DR)",,,itdiag8-dotcom/database (vivid_cars2000.db),added_from_vivid
Volkswagen,CRAFTER 30-35 Bus (2E_),2005,2012,itdiag8-dotcom/database (vivid_cars2000.db),added_from_vivid
Volkswagen,CRAFTER 30-50 Box (2E_),2005,2012,itdiag8-dotcom/database (vivid_cars2000.db),added_from_vivid
Volkswagen,CRAFTER 30-50 Platform/Chassis (2F_),2005,2012,itdiag8-dotcom/database (vivid_cars2000.db),added_from_vivid
hernr_3652,PLUTUS,2009,2009,itdiag8-dotcom/database (vivid_cars2000.db),added_from_vivid
Renault,VEL SATIS (BJ0_),2002,2005,itdiag8-dotcom/database (vivid_cars2000.db),added_from_vivid
Kia,MAGENTIS (MG),2004,2008,itdiag8-dotcom/database (vivid_cars2000.db),added_from_vivid
hernr_2164,MAYBACH (240_),2002,2010,itdiag8-dotcom/database (vivid_cars2000.db),added_from_vivid
Citroën,DS5,2010,2012,itdiag8-dotcom/database (vivid_cars2000.db),added_from_vivid
Nissan,NV200 EVALIA,2009,2012,itdiag8-dotcom/database (vivid_cars2000.db),added_from_vivid
Nissan,NV200 Box,2009,2012,itdiag8-dotcom/database (vivid_cars2000.db),added_from_vivid
Jaguar,X-TYPE (CF1),2001,2006,itdiag8-dotcom/database (vivid_cars2000.db),added_from_vivid
Jaguar,X-TYPE Estate,2003,2006,itdiag8-dotcom/database (vivid_cars2000.db),added_from_vivid
Hyundai,GETZ (TB),2002,2004,itdiag8-dotcom/database (vivid_cars2000.db),added_from_vivid
Alfa Romeo,GT (937),2003,2007,itdiag8-dotcom/database (vivid_cars2000.db),added_from_vivid
Kia,RIO III (UB),2010,2011,itdiag8-dotcom/database (vivid_cars2000.db),added_from_vivid
Renault,MASTER III Bus (JV),2010,2012,itdiag8-dotcom/database (vivid_cars2000.db),added_from_vivid
Peugeot,PARTNER Tepee,2007,2012,itdiag8-dotcom/database (vivid_cars2000.db),added_from_vivid
Peugeot,PARTNER Box,2007,2012,itdiag8-dotcom/database (vivid_cars2000.db),added_from_vivid
Citroën,BERLINGO Box (B9),2007,2012,itdiag8-dotcom/database (vivid_cars2000.db),added_from_vivid
Audi,A3 Convertible (8P7),2007,2010,itdiag8-dotcom/database (vivid_cars2000.db),added_from_vivid
Audi,Q5 (8R),2007,2012,itdiag8-dotcom/database (vivid_cars2000.db),added_from_vivid
Renault,CLIO Grandtour (KR0/1_),2007,2009,itdiag8-dotcom/database (vivid_cars2000.db),added_from_vivid
Toyota,AVENSIS Estate (T25),2002,2005,itdiag8-dotcom/database (vivid_cars2000.db),added_from_vivid
Mercedes,"S-CLASS (W222, V222, X222)",,,itdiag8-dotcom/database (vivid_cars2000.db),added_from_vivid
hernr_802,EXIGE (SCC_),2000,2007,itdiag8-dotcom/database (vivid_cars2000.db),added_from_vivid
Peugeot,"EXPERT Box (VF3A_, VF3U_, VF3X_)",2006,2011,itdiag8-dotcom/database (vivid_cars2000.db),added_from_vivid
Nissan,"QASHQAI / QASHQAI +2 (J10, JJ10)",2006,2012,itdiag8-dotcom/database (vivid_cars2000.db),added_from_vivid
Hyundai,i30 (FD),2006,2009,itdiag8-dotcom/database (vivid_cars2000.db),added_from_vivid
Nissan,NOTE (E11),2005,2009,itdiag8-dotcom/database (vivid_cars2000.db),added_from_vivid
Daihatsu,TERIOS (J2_),2004,2009,itdiag8-dotcom/database (vivid_cars2000.db),added_from_vivid
Ssangyong,REXTON (GAB_),2002,2010,itdiag8-dotcom/database (vivid_cars2000.db),added_from_vivid
Citroën,C-CROSSER ENTERPRISE,2008,2008,itdiag8-dotcom/database (vivid_cars2000.db),added_from_vivid
Volkswagen,JETTA III (1K2),2004,2008,itdiag8-dotcom/database (vivid_cars2000.db),added_from_vivid
Vauxhall,ASTRA Mk V (H) Estate,2003,2006,itdiag8-dotcom/database (vivid_cars2000.db),added_from_vivid
Volkswagen,"SCIROCCO (137, 138)",2007,2012,itdiag8-dotcom/database (vivid_cars2000.db),added_from_vivid
Vauxhall,ASTRA Mk V (H) Hatchback,2003,2006,itdiag8-dotcom/database (vivid_cars2000.db),added_from_vivid
Vauxhall,COMBO Mk II (C) Box Body / Estate (F25),2001,2005,itdiag8-dotcom/database (vivid_cars2000.db),added_from_vivid
Mercedes,E-CLASS T-Model (S211),,,itdiag8-dotcom/database (vivid_cars2000.db),added_from_vivid
Hyundai,H-1 Travel (TQ),2007,2010,itdiag8-dotcom/database (vivid_cars2000.db),added_from_vivid
Mercedes,E-CLASS (W211),,,itdiag8-dotcom/database (vivid_cars2000.db),added_from_vivid
Jaguar,XK Convertible (_J43_),2005,2010,itdiag8-dotcom/database (vivid_cars2000.db),added_from_vivid
Volkswagen,PASSAT CC (357),2007,2010,itdiag8-dotcom/database (vivid_cars2000.db),added_from_vivid
Nissan,ALMERA TINO (V10),2000,2003,itdiag8-dotcom/database (vivid_cars2000.db),added_from_vivid
Vauxhall,ASTRA GTC Mk VI (J),2010,2012,itdiag8-dotcom/database (vivid_cars2000.db),added_from_vivid
Vauxhall,CORSA Mk III (D) (L_8),2005,2011,itdiag8-dotcom/database (vivid_cars2000.db),added_from_vivid
Volkswagen,BEETLE (5C1),2010,2013,itdiag8-dotcom/database (vivid_cars2000.db),added_from_vivid
Audi,"A4 (8D2, B5)",2000,2000,itdiag8-dotcom/database (vivid_cars2000.db),added_from_vivid
Audi,"A4 Avant (8D5, B5)",2000,2000,itdiag8-dotcom/database (vivid_cars2000.db),added_from_vivid
Porsche,CAYMAN (987),2004,2009,itdiag8-dotcom/database (vivid_cars2000.db),added_from_vivid
Opel,ZAFIRA TOURER C (P12),2010,2013,itdiag8-dotcom/database (vivid_cars2000.db),added_from_vivid
Audi,TT Roadster (8N9),2000,2004,itdiag8-dotcom/database (vivid_cars2000.db),added_from_vivid
Vauxhall,ASTRA Mk IV (G) Convertible,2001,2002,itdiag8-dotcom/database (vivid_cars2000.db),added_from_vivid
Vauxhall,ASTRA Mk IV (G) Coupe (F67),2000,2002,itdiag8-dotcom/database (vivid_cars2000.db),added_from_vivid
Vauxhall,ASTRA Mk V (H) Sport Hatch,2004,2008,itdiag8-dotcom/database (vivid_cars2000.db),added_from_vivid
Vauxhall,ZAFIRA Mk I (A) (F75),2000,2002,itdiag8-dotcom/database (vivid_cars2000.db),added_from_vivid
Mercedes,GLK-CLASS (X204),,,itdiag8-dotcom/database (vivid_cars2000.db),added_from_vivid
Vauxhall,ASTRA Mk IV (G) Saloon,2000,2002,itdiag8-dotcom/database (vivid_cars2000.db),added_from_vivid
Chevrolet,VIVA,2003,2003,itdiag8-dotcom/database (vivid_cars2000.db),added_from_vivid
Citroën,C-CROSSER (EP_),2006,2009,itdiag8-dotcom/database (vivid_cars2000.db),added_from_vivid
Porsche,911 (991),2010,2012,itdiag8-dotcom/database (vivid_cars2000.db),added_from_vivid
Lada,111,2000,2005,itdiag8-dotcom/database (vivid_cars2000.db),added_from_vivid
Peugeot,4007 (GP_),2006,2009,itdiag8-dotcom/database (vivid_cars2000.db),added_from_vivid
Daihatsu,CHARADE,2010,2010,itdiag8-dotcom/database (vivid_cars2000.db),added_from_vivid
Vauxhall,ASTRA Mk IV (G) Estate,2000,2002,itdiag8-dotcom/database (vivid_cars2000.db),added_from_vivid
Toyota,"PIXIS SPACE (L58_A, L57_A)",2010,2010,itdiag8-dotcom/database (vivid_cars2000.db),added_from_vivid
Audi,"A1 Sportback (8XA, 8XK)",2010,2013,itdiag8-dotcom/database (vivid_cars2000.db),added_from_vivid
Audi,Q3 (8U),2010,2013,itdiag8-dotcom/database (vivid_cars2000.db),added_from_vivid
Lancia,THEMA (LX),2010,2010,itdiag8-dotcom/database (vivid_cars2000.db),added_from_vivid
Lancia,VOYAGER MPV (RT),2010,2012,itdiag8-dotcom/database (vivid_cars2000.db),added_from_vivid
hernr_803,AERO 8,2000,2007,itdiag8-dotcom/database (vivid_cars2000.db),added_from_vivid
Rover,75 Tourer (RJ),2001,2003,itdiag8-dotcom/database (vivid_cars2000.db),added_from_vivid
BMW,Z4 (E89),2008,2012,itdiag8-dotcom/database (vivid_cars2000.db),added_from_vivid
Ford,FOCUS C-MAX,2003,2005,itdiag8-dotcom/database (vivid_cars2000.db),added_from_vivid
Daihatsu,SIRION (M4_),2009,2010,itdiag8-dotcom/database (vivid_cars2000.db),added_from_vivid
hernr_1526,G Saloon,2002,2002,itdiag8-dotcom/database (vivid_cars2000.db),added_from_vivid
hernr_1526,M35,2004,2009,itdiag8-dotcom/database (vivid_cars2000.db),added_from_vivid
hernr_1526,M37,2009,2009,itdiag8-dotcom/database (vivid_cars2000.db),added_from_vivid
Mitsubishi,PAJERO CLASSIC (V2_W),2002,2005,itdiag8-dotcom/database (vivid_cars2000.db),added_from_vivid
hernr_815,CONTINENTAL Convertible,2005,2012,itdiag8-dotcom/database (vivid_cars2000.db),added_from_vivid
Vauxhall,ZAFIRA Mk III (P12),2010,2013,itdiag8-dotcom/database (vivid_cars2000.db),added_from_vivid
MG,MG 6 Saloon,2009,2011,itdiag8-dotcom/database (vivid_cars2000.db),added_from_vivid
Ford,TRANSIT Bus,2012,2012,itdiag8-dotcom/database (vivid_cars2000.db),added_from_vivid
Ford,TRANSIT Box,2012,2012,itdiag8-dotcom/database (vivid_cars2000.db),added_from_vivid
Ford,TRANSIT Platform/Chassis,2012,2012,itdiag8-dotcom/database (vivid_cars2000.db),added_from_vivid
Vauxhall,COMBO Mk III (D) Box Body / Estate,2010,2010,itdiag8-dotcom/database (vivid_cars2000.db),added_from_vivid
Iveco,DAILY IV Bus,2005,2008,itdiag8-dotcom/database (vivid_cars2000.db),added_from_vivid
Audi,A5 Sportback (8TA),2008,2012,itdiag8-dotcom/database (vivid_cars2000.db),added_from_vivid
Audi,A5 Convertible (8F7),2008,2012,itdiag8-dotcom/database (vivid_cars2000.db),added_from_vivid
Alpina,B5 Estate (E61),2004,2009,itdiag8-dotcom/database (vivid_cars2000.db),added_from_vivid
Fiat,CROMA (194),2004,2004,itdiag8-dotcom/database (vivid_cars2000.db),added_from_vivid
Citroën,JUMPER Bus,2005,2010,itdiag8-dotcom/database (vivid_cars2000.db),added_from_vivid
Citroën,JUMPER Box,2005,2010,itdiag8-dotcom/database (vivid_cars2000.db),added_from_vivid
Citroën,JUMPER Platform/Chassis,2005,2010,itdiag8-dotcom/database (vivid_cars2000.db),added_from_vivid
Volkswagen,"AMAROK (2H_, S1B)",2009,2011,itdiag8-dotcom/database (vivid_cars2000.db),added_from_vivid
Chevrolet,NIVA,2002,2009,itdiag8-dotcom/database (vivid_cars2000.db),added_from_vivid
Volkswagen,POLO Saloon,2009,2009,itdiag8-dotcom/database (vivid_cars2000.db),added_from_vivid
Audi,"A8 (4D2, 4D8)",2000,2001,itdiag8-dotcom/database (vivid_cars2000.db),added_from_vivid
BMW,3 Touring (E46),2000,2002,itdiag8-dotcom/database (vivid_cars2000.db),added_from_vivid
Peugeot,PARTNER Platform/Chassis,2008,2008,itdiag8-dotcom/database (vivid_cars2000.db),added_from_vivid
Lexus,SC (UZZ40_),2001,2001,itdiag8-dotcom/database (vivid_cars2000.db),added_from_vivid
Mercedes,"B-CLASS (W246, W242)",,,itdiag8-dotcom/database (vivid_cars2000.db),added_from_vivid
Mitsubishi,"PAJERO SPORT II (KG_, KH_)",2007,2009,itdiag8-dotcom/database (vivid_cars2000.db),added_from_vivid
Fiat,SCUDO Platform/Chassis (270_),2006,2010,itdiag8-dotcom/database (vivid_cars2000.db),added_from_vivid
Audi,"A6 (4F2, C6)",2003,2008,itdiag8-dotcom/database (vivid_cars2000.db),added_from_vivid
Audi,"A6 Avant (4F5, C6)",2004,2008,itdiag8-dotcom/database (vivid_cars2000.db),added_from_vivid
Toyota,LAND CRUISER Pickup (_J7_),2006,2006,itdiag8-dotcom/database (vivid_cars2000.db),added_from_vivid
Toyota,"KIJANG INNOVA (_TGN4_, _KUN4_)",2003,2003,itdiag8-dotcom/database (vivid_cars2000.db),added_from_vivid
hernr_2887,TIGGO,2009,2011,itdiag8-dotcom/database (vivid_cars2000.db),added_from_vivid
Subaru,JUSTY IV,2006,2007,itdiag8-dotcom/database (vivid_cars2000.db),added_from_vivid
hernr_2760,X-Bow Convertible,2007,2012,itdiag8-dotcom/database (vivid_cars2000.db),added_from_vivid
hernr_3122,S6 Closed Off-Road Vehicle,2010,2010,itdiag8-dotcom/database (vivid_cars2000.db),added_from_vivid
hernr_3122,G3,2008,2009,itdiag8-dotcom/database (vivid_cars2000.db),added_from_vivid
hernr_3122,F3,2004,2008,itdiag8-dotcom/database (vivid_cars2000.db),added_from_vivid
Citroën,C3 II,2008,2013,itdiag8-dotcom/database (vivid_cars2000.db),added_from_vivid
Subaru,IMPREZA Hatchback,2002,2004,itdiag8-dotcom/database (vivid_cars2000.db),added_from_vivid
Mercedes,G-CLASS Cabrio (W463),,,itdiag8-dotcom/database (vivid_cars2000.db),added_from_vivid
Mercedes,GL-CLASS (X164),,,itdiag8-dotcom/database (vivid_cars2000.db),added_from_vivid
hernr_2887,E5,2010,2010,itdiag8-dotcom/database (vivid_cars2000.db),added_from_vivid
hernr_3141,TEANA (J32),2007,2012,itdiag8-dotcom/database (vivid_cars2000.db),added_from_vivid
hernr_2887,TIGGO 3,2006,2008,itdiag8-dotcom/database (vivid_cars2000.db),added_from_vivid
hernr_2887,TIGGO DR,2008,2008,itdiag8-dotcom/database (vivid_cars2000.db),added_from_vivid
hernr_2887,QIYUN 2,2009,2009,itdiag8-dotcom/database (vivid_cars2000.db),added_from_vivid
hernr_2887,QIYUN 3,2009,2009,itdiag8-dotcom/database (vivid_cars2000.db),added_from_vivid
Toyota,"VEROSSA (JZX11_, GX11_)",2000,2000,itdiag8-dotcom/database (vivid_cars2000.db),added_from_vivid
hernr_2887,A3 Saloon,2007,2009,itdiag8-dotcom/database (vivid_cars2000.db),added_from_vivid
hernr_2887,A3 Hatchback,2008,2009,itdiag8-dotcom/database (vivid_cars2000.db),added_from_vivid
Fiat,BRAVO Van (198),2007,2007,itdiag8-dotcom/database (vivid_cars2000.db),added_from_vivid
Ford,KA Van (RB),2002,2002,itdiag8-dotcom/database (vivid_cars2000.db),added_from_vivid
BMW,"3 (F30, F35, F80)",2010,2012,itdiag8-dotcom/database (vivid_cars2000.db),added_from_vivid
Mitsubishi,ASX Van (GA_W_),2009,2009,itdiag8-dotcom/database (vivid_cars2000.db),added_from_vivid
BMW,3 Coupe (E92),2005,2009,itdiag8-dotcom/database (vivid_cars2000.db),added_from_vivid
BMW,3 Convertible (E93),2005,2009,itdiag8-dotcom/database (vivid_cars2000.db),added_from_vivid
Mitsubishi,OUTLANDER II Van (CW_W),2005,2009,itdiag8-dotcom/database (vivid_cars2000.db),added_from_vivid
Mitsubishi,"PAJERO IV Van (V90, V80)",2005,2009,itdiag8-dotcom/database (vivid_cars2000.db),added_from_vivid
Peugeot,206 Van,2001,2001,itdiag8-dotcom/database (vivid_cars2000.db),added_from_vivid
Nissan,TERRANO Van (R20),2002,2002,itdiag8-dotcom/database (vivid_cars2000.db),added_from_vivid
hernr_3141,TIIDA Hatchback (C12),2010,2010,itdiag8-dotcom/database (vivid_cars2000.db),added_from_vivid
Nissan,NV400 Bus,2010,2012,itdiag8-dotcom/database (vivid_cars2000.db),added_from_vivid
Nissan,NV400 Box,2010,2012,itdiag8-dotcom/database (vivid_cars2000.db),added_from_vivid
Nissan,NV400 Platform/Chassis,2010,2012,itdiag8-dotcom/database (vivid_cars2000.db),added_from_vivid
Ford,"TRANSIT CONNECT (P65_, P70_, P80_)",2002,2005,itdiag8-dotcom/database (vivid_cars2000.db),added_from_vivid
Jeep,CHEROKEE (KK),2007,2009,itdiag8-dotcom/database (vivid_cars2000.db),added_from_vivid
Ford,RANGER (TKE),2010,2010,itdiag8-dotcom/database (vivid_cars2000.db),added_from_vivid
hernr_1139,SLAVUTA (1103),2001,2001,itdiag8-dotcom/database (vivid_cars2000.db),added_from_vivid
hernr_1139,LANOS PICK-UP,2003,2003,itdiag8-dotcom/database (vivid_cars2000.db),added_from_vivid
hernr_2903,FENGJUN 5 Pickup,2010,2012,itdiag8-dotcom/database (vivid_cars2000.db),added_from_vivid
hernr_2903,HOVER H5,2009,2012,itdiag8-dotcom/database (vivid_cars2000.db),added_from_vivid
BMW,Z8 (E52),2000,2000,itdiag8-dotcom/database (vivid_cars2000.db),added_from_vivid
Nissan,PICK UP (D22),2001,2007,itdiag8-dotcom/database (vivid_cars2000.db),added_from_vivid
Suzuki,SX4 S-Cross,2012,2012,itdiag8-dotcom/database (vivid_cars2000.db),added_from_vivid
Hyundai,TUCSON (JM),2003,2009,itdiag8-dotcom/database (vivid_cars2000.db),added_from_vivid
Citroën,C4 I (LC_),2003,2008,itdiag8-dotcom/database (vivid_cars2000.db),added_from_vivid
Peugeot,307 (3A/C),2000,2007,itdiag8-dotcom/database (vivid_cars2000.db),added_from_vivid
Chrysler,"RAM 1500 Pickup (DJ, DS)",,,itdiag8-dotcom/database (vivid_cars2000.db),added_from_vivid
BMW,X5 (E53),2000,2003,itdiag8-dotcom/database (vivid_cars2000.db),added_from_vivid
Mercedes,M-CLASS (W163),,,itdiag8-dotcom/database (vivid_cars2000.db),added_from_vivid
Peugeot,"607 (9D, 9U)",2000,2005,itdiag8-dotcom/database (vivid_cars2000.db),added_from_vivid
Seat,IBIZA III (6K1),2000,2000,itdiag8-dotcom/database (vivid_cars2000.db),added_from_vivid
Seat,CORDOBA (6K2),2000,2000,itdiag8-dotcom/database (vivid_cars2000.db),added_from_vivid
Fiat,MAREA Weekend (185),2000,2001,itdiag8-dotcom/database (vivid_cars2000.db),added_from_vivid
Fiat,MAREA (185),2000,2001,itdiag8-dotcom/database (vivid_cars2000.db),added_from_vivid
Fiat,BRAVA (182),2000,2001,itdiag8-dotcom/database (vivid_cars2000.db),added_from_vivid
Audi,A2 (8Z0),2000,2003,itdiag8-dotcom/database (vivid_cars2000.db),added_from_vivid
Peugeot,106 Van (1_),2000,2000,itdiag8-dotcom/database (vivid_cars2000.db),added_from_vivid
Citroën,XSARA Box,2000,2000,itdiag8-dotcom/database (vivid_cars2000.db),added_from_vivid
Ford,"FIESTA IV (JA_, JB_)",2000,2000,itdiag8-dotcom/database (vivid_cars2000.db),added_from_vivid
Toyota,ZELAS Coupe (AGT20),2009,2009,itdiag8-dotcom/database (vivid_cars2000.db),added_from_vivid
hernr_1505,MDX (YD1),2000,2004,itdiag8-dotcom/database (vivid_cars2000.db),added_from_vivid
Vauxhall,ASTRAVAN Mk V (H),2004,2010,itdiag8-dotcom/database (vivid_cars2000.db),added_from_vivid
Chevrolet,EPICA (KL1_),2004,2006,itdiag8-dotcom/database (vivid_cars2000.db),added_from_vivid
Chrysler,PT CRUISER (PT_),2000,2004,itdiag8-dotcom/database (vivid_cars2000.db),added_from_vivid
Honda,CIVIC IX (FK),2011,2012,itdiag8-dotcom/database (vivid_cars2000.db),added_from_vivid
Opel,COMBO Box Body / Estate (X12),2011,2011,itdiag8-dotcom/database (vivid_cars2000.db),added_from_vivid
Opel,COMBO Tour (X12),2011,2011,itdiag8-dotcom/database (vivid_cars2000.db),added_from_vivid
Toyota,"PASSO (_NGC3_, _KGC3_)",2009,2009,itdiag8-dotcom/database (vivid_cars2000.db),added_from_vivid
Fiat,PUNTO (199),2011,2012,itdiag8-dotcom/database (vivid_cars2000.db),added_from_vivid
Chevrolet,MALIBU (V300),2011,2011,itdiag8-dotcom/database (vivid_cars2000.db),added_from_vivid
Opel,AGILA (A) (H00),2000,2003,itdiag8-dotcom/database (vivid_cars2000.db),added_from_vivid
Fiat,"PANDA (519, 319)",2011,2012,itdiag8-dotcom/database (vivid_cars2000.db),added_from_vivid
Honda,ACCORD VIII (CU),2007,2007,itdiag8-dotcom/database (vivid_cars2000.db),added_from_vivid
Toyota,"AVENSIS Saloon (ZRT27, ADT27)",2008,2010,itdiag8-dotcom/database (vivid_cars2000.db),added_from_vivid
Toyota,"AVENSIS Estate (ZRT27, ADT27)",2008,2010,itdiag8-dotcom/database (vivid_cars2000.db),added_from_vivid
Lada,SAMARA FORMA (21099),2000,2003,itdiag8-dotcom/database (vivid_cars2000.db),added_from_vivid
Mitsubishi,"PAJERO III Canvas Top (V6_W, V7_W)",2000,2003,itdiag8-dotcom/database (vivid_cars2000.db),added_from_vivid
Vauxhall,VIVARO Platform/Chassis (E7),2002,2005,itdiag8-dotcom/database (vivid_cars2000.db),added_from_vivid
Vauxhall,VIVARO Combi (J7),2001,2005,itdiag8-dotcom/database (vivid_cars2000.db),added_from_vivid
Vauxhall,VIVARO Box (F7),2001,2005,itdiag8-dotcom/database (vivid_cars2000.db),added_from_vivid
Skoda,FABIA (6Y2),2000,2004,itdiag8-dotcom/database (vivid_cars2000.db),added_from_vivid
hernr_2887,QIYUN 5,2011,2011,itdiag8-dotcom/database (vivid_cars2000.db),added_from_vivid
BMW,3 Convertible (E46),2000,2005,itdiag8-dotcom/database (vivid_cars2000.db),added_from_vivid
Peugeot,206 CC (2D),2000,2004,itdiag8-dotcom/database (vivid_cars2000.db),added_from_vivid
Porsche,911 (996),2000,2003,itdiag8-dotcom/database (vivid_cars2000.db),added_from_vivid
Honda,INSIGHT (ZE),2000,2000,itdiag8-dotcom/database (vivid_cars2000.db),added_from_vivid
Seat,AROSA (6H),2000,2000,itdiag8-dotcom/database (vivid_cars2000.db),added_from_vivid
Nissan,SERENA (C26),2009,2009,itdiag8-dotcom/database (vivid_cars2000.db),added_from_vivid
Nissan,SERENA (C25),2004,2005,itdiag8-dotcom/database (vivid_cars2000.db),added_from_vivid
Mazda,626 V Station Wagon (GW),2000,2000,itdiag8-dotcom/database (vivid_cars2000.db),added_from_vivid
Mercedes,CLK Convertible (A208),,,itdiag8-dotcom/database (vivid_cars2000.db),added_from_vivid
Vauxhall,ASTRA Mk IV (G) Hatchback,2000,2002,itdiag8-dotcom/database (vivid_cars2000.db),added_from_vivid
Volkswagen,BORA Estate (1J6),2000,2003,itdiag8-dotcom/database (vivid_cars2000.db),added_from_vivid
Renault,KANGOO (KC0/1_),2000,2004,itdiag8-dotcom/database (vivid_cars2000.db),added_from_vivid
Mercedes,S-CLASS (W220),,,itdiag8-dotcom/database (vivid_cars2000.db),added_from_vivid
Audi,"A6 (4B2, C5)",2000,2003,itdiag8-dotcom/database (vivid_cars2000.db),added_from_vivid
Audi,"A6 Avant (4B5, C5)",2000,2003,itdiag8-dotcom/database (vivid_cars2000.db),added_from_vivid
Volkswagen,GOLF IV (1J1),2000,2003,itdiag8-dotcom/database (vivid_cars2000.db),added_from_vivid
Volkswagen,GOLF IV Variant (1J5),2000,2002,itdiag8-dotcom/database (vivid_cars2000.db),added_from_vivid
Ford,COUGAR (EC_),2000,2000,itdiag8-dotcom/database (vivid_cars2000.db),added_from_vivid
Hyundai,ACCENT II (LC),2000,2002,itdiag8-dotcom/database (vivid_cars2000.db),added_from_vivid
BMW,5 (E39),2000,2000,itdiag8-dotcom/database (vivid_cars2000.db),added_from_vivid
BMW,5 Touring (E39),2000,2000,itdiag8-dotcom/database (vivid_cars2000.db),added_from_vivid
Lexus,GX (_J12_),2001,2001,itdiag8-dotcom/database (vivid_cars2000.db),added_from_vivid
Volvo,XC70 CROSS COUNTRY,2000,2004,itdiag8-dotcom/database (vivid_cars2000.db),added_from_vivid
Volvo,V70 II (SW),2000,2004,itdiag8-dotcom/database (vivid_cars2000.db),added_from_vivid
Nissan,"CABSTAR Platform/Chassis (F23, H41, H42)",2000,2005,itdiag8-dotcom/database (vivid_cars2000.db),added_from_vivid
Mercedes,SLK (R170),,,itdiag8-dotcom/database (vivid_cars2000.db),added_from_vivid
Ssangyong,ACTYON I,2004,2006,itdiag8-dotcom/database (vivid_cars2000.db),added_from_vivid
Suzuki,LANDY (SC25),2006,2006,itdiag8-dotcom/database (vivid_cars2000.db),added_from_vivid
Nissan,ALMERA II Hatchback (N16),2000,2003,itdiag8-dotcom/database (vivid_cars2000.db),added_from_vivid
hernr_802,ELISE 340 R,2000,2000,itdiag8-dotcom/database (vivid_cars2000.db),added_from_vivid
hernr_1138,CABRIO (450),2000,2002,itdiag8-dotcom/database (vivid_cars2000.db),added_from_vivid
Suzuki,LANDY (SC26),2009,2009,itdiag8-dotcom/database (vivid_cars2000.db),added_from_vivid
Chrysler,"VOYAGER IV (RG, RS)",2000,2004,itdiag8-dotcom/database (vivid_cars2000.db),added_from_vivid
Ferrari,360 Spider (F131),2000,2000,itdiag8-dotcom/database (vivid_cars2000.db),added_from_vivid
Toyota,COROLLA Compact (_E11_),2000,2000,itdiag8-dotcom/database (vivid_cars2000.db),added_from_vivid
Toyota,COROLLA Liftback (_E11_),2000,2000,itdiag8-dotcom/database (vivid_cars2000.db),added_from_vivid
Toyota,COROLLA (_E11_),2000,2000,itdiag8-dotcom/database (vivid_cars2000.db),added_from_vivid
Toyota,COROLLA Wagon (__E11_),2000,2000,itdiag8-dotcom/database (vivid_cars2000.db),added_from_vivid
Holden,STATESMAN Saloon (WH),2001,2002,itdiag8-dotcom/database (vivid_cars2000.db),added_from_vivid
Mazda,TRIBUTE (EP),2000,2005,itdiag8-dotcom/database (vivid_cars2000.db),added_from_vivid
Nissan,MAXIMA QX (A33),2000,2003,itdiag8-dotcom/database (vivid_cars2000.db),added_from_vivid
hernr_705,CORNICHE Convertible,2000,2000,itdiag8-dotcom/database (vivid_cars2000.db),added_from_vivid
Ford,"TRANSIT Bus (FD_ _, FB_ _, FS_ _, FZ_ _, FC_ _)",2000,2003,itdiag8-dotcom/database (vivid_cars2000.db),added_from_vivid
Ford,TRANSIT Box (FA_ _),2000,2003,itdiag8-dotcom/database (vivid_cars2000.db),added_from_vivid
Ford,"TRANSIT Platform/Chassis (FM_ _, FN_ _)",2000,2003,itdiag8-dotcom/database (vivid_cars2000.db),added_from_vivid
Hyundai,H-1 Box,2000,2003,itdiag8-dotcom/database (vivid_cars2000.db),added_from_vivid
Hyundai,TRAJET (FO),2000,2004,itdiag8-dotcom/database (vivid_cars2000.db),added_from_vivid
Renault,SCÉNIC I (JA0/1_),2000,2002,itdiag8-dotcom/database (vivid_cars2000.db),added_from_vivid
Peugeot,406 (8B),2000,2001,itdiag8-dotcom/database (vivid_cars2000.db),added_from_vivid
Peugeot,406 Break (8E/F),2000,2001,itdiag8-dotcom/database (vivid_cars2000.db),added_from_vivid
Peugeot,406 Coupe (8C),2000,2002,itdiag8-dotcom/database (vivid_cars2000.db),added_from_vivid
Peugeot,PARTNER Combispace (5F),2000,2005,itdiag8-dotcom/database (vivid_cars2000.db),added_from_vivid
Audi,"ALLROAD (4BH, C5)",2000,2003,itdiag8-dotcom/database (vivid_cars2000.db),added_from_vivid
BMW,3 (E46),2000,2002,itdiag8-dotcom/database (vivid_cars2000.db),added_from_vivid
BMW,3 Coupe (E46),2000,2004,itdiag8-dotcom/database (vivid_cars2000.db),added_from_vivid
Vauxhall,AGILA Mk I (A),2000,2003,itdiag8-dotcom/database (vivid_cars2000.db),added_from_vivid
Alfa Romeo,156 Sportwagon (932),2000,2004,itdiag8-dotcom/database (vivid_cars2000.db),added_from_vivid
Mazda,DEMIO (DW),2000,2000,itdiag8-dotcom/database (vivid_cars2000.db),added_from_vivid
Suzuki,WAGON R+ (MM),2000,2011,itdiag8-dotcom/database (vivid_cars2000.db),added_from_vivid
Ford,GALAXY (WGR),2000,2004,itdiag8-dotcom/database (vivid_cars2000.db),added_from_vivid
Alpina,B3 Estate (E46),2000,2002,itdiag8-dotcom/database (vivid_cars2000.db),added_from_vivid
BMW,7 (E38),2000,2000,itdiag8-dotcom/database (vivid_cars2000.db),added_from_vivid
Mercedes,C-CLASS (W203),,,itdiag8-dotcom/database (vivid_cars2000.db),added_from_vivid
Mercedes,"SPRINTER 2-t Bus (901, 902)",,,itdiag8-dotcom/database (vivid_cars2000.db),added_from_vivid
Mercedes,SPRINTER 3-t Bus (903),,,itdiag8-dotcom/database (vivid_cars2000.db),added_from_vivid
Mercedes,"SPRINTER 2-t Box (901, 902)",,,itdiag8-dotcom/database (vivid_cars2000.db),added_from_vivid
Mercedes,"SPRINTER 2-t Platform/Chassis (901, 902)",,,itdiag8-dotcom/database (vivid_cars2000.db),added_from_vivid
Mercedes,SPRINTER 3-t Box (903),,,itdiag8-dotcom/database (vivid_cars2000.db),added_from_vivid
Mercedes,SPRINTER 3-t Platform/Chassis (903),,,itdiag8-dotcom/database (vivid_cars2000.db),added_from_vivid
Daewoo,REZZO (KLAU),2000,2001,itdiag8-dotcom/database (vivid_cars2000.db),added_from_vivid
Chrysler,"RAM 4000 Platform/Chassis (DH, DR, D1, DC, DM)",,,itdiag8-dotcom/database (vivid_cars2000.db),added_from_vivid
hernr_1526,EX,2007,2009,itdiag8-dotcom/database (vivid_cars2000.db),added_from_vivid
Kia,RIO Estate (DC),2000,2002,itdiag8-dotcom/database (vivid_cars2000.db),added_from_vivid
Toyota,"PREVIA (MCR3_, ACR3_, CLR3_)",2000,2002,itdiag8-dotcom/database (vivid_cars2000.db),added_from_vivid
Nissan,PATROL GR II Wagon (Y61),2000,2003,itdiag8-dotcom/database (vivid_cars2000.db),added_from_vivid
Toyota,"RAV 4 II (CLA2_, XA2_, ZCA2_, ACA2_)",2000,2003,itdiag8-dotcom/database (vivid_cars2000.db),added_from_vivid
Volkswagen,"NEW BEETLE (9C1, 1C1)",2000,2004,itdiag8-dotcom/database (vivid_cars2000.db),added_from_vivid
Opel,"CORSA C (F08, F68)",2000,2003,itdiag8-dotcom/database (vivid_cars2000.db),added_from_vivid
Nissan,ALMERA II (N16),2000,2003,itdiag8-dotcom/database (vivid_cars2000.db),added_from_vivid
BMW,Z3 (E36),2000,2001,itdiag8-dotcom/database (vivid_cars2000.db),added_from_vivid
BMW,Z3 Coupe (E36),2000,2001,itdiag8-dotcom/database (vivid_cars2000.db),added_from_vivid
Seat,"ALHAMBRA (7V8, 7V9)",2000,2004,itdiag8-dotcom/database (vivid_cars2000.db),added_from_vivid
Mercedes,SL (R129),,,itdiag8-dotcom/database (vivid_cars2000.db),added_from_vivid
Volkswagen,"TRANSPORTER IV Bus (70XB, 70XC, 7DB, 7DW)",2000,2000,itdiag8-dotcom/database (vivid_cars2000.db),added_from_vivid
Volvo,S40 I (VS),2000,2001,itdiag8-dotcom/database (vivid_cars2000.db),added_from_vivid
Volvo,V40 Estate (VW),2000,2001,itdiag8-dotcom/database (vivid_cars2000.db),added_from_vivid
Mercedes,CLK (C208),,,itdiag8-dotcom/database (vivid_cars2000.db),added_from_vivid
Mercedes,SPRINTER 4-t Bus (904),,,itdiag8-dotcom/database (vivid_cars2000.db),added_from_vivid
Mercedes,SPRINTER 4-t Platform/Chassis (904),,,itdiag8-dotcom/database (vivid_cars2000.db),added_from_vivid
Mercedes,SPRINTER 4-t Box (904),,,itdiag8-dotcom/database (vivid_cars2000.db),added_from_vivid
Audi,A3 (8L1),2000,2001,itdiag8-dotcom/database (vivid_cars2000.db),added_from_vivid
Proton,WIRA Hatchback,2000,2004,itdiag8-dotcom/database (vivid_cars2000.db),added_from_vivid
Renault,"MASTER III Platform/Chassis (EV, HV, UV)",2009,2012,itdiag8-dotcom/database (vivid_cars2000.db),added_from_vivid
Renault,MASTER III Box (FV),2009,2012,itdiag8-dotcom/database (vivid_cars2000.db),added_from_vivid
Mercedes,C-CLASS Estate (S202),,,itdiag8-dotcom/database (vivid_cars2000.db),added_from_vivid
Renault,ESPACE III (JE0_),2000,2001,itdiag8-dotcom/database (vivid_cars2000.db),added_from_vivid
Mercedes,E-CLASS (W210),,,itdiag8-dotcom/database (vivid_cars2000.db),added_from_vivid
Lancia,ZETA (220),2000,2000,itdiag8-dotcom/database (vivid_cars2000.db),added_from_vivid
Vauxhall,VX220,2000,2001,itdiag8-dotcom/database (vivid_cars2000.db),added_from_vivid
Citroën,"EVASION (22, U6)",2000,2000,itdiag8-dotcom/database (vivid_cars2000.db),added_from_vivid
Citroën,JUMPER Platform/Chassis (230),2000,2000,itdiag8-dotcom/database (vivid_cars2000.db),added_from_vivid
Citroën,JUMPER Box (230L),2000,2001,itdiag8-dotcom/database (vivid_cars2000.db),added_from_vivid
Renault,TWINGO I (C06_),2001,2003,itdiag8-dotcom/database (vivid_cars2000.db),added_from_vivid
Peugeot,EXPERT (224),2000,2003,itdiag8-dotcom/database (vivid_cars2000.db),added_from_vivid
Peugeot,EXPERT Box (222),2000,2002,itdiag8-dotcom/database (vivid_cars2000.db),added_from_vivid
Hyundai,ELANTRA (XD),2000,2003,itdiag8-dotcom/database (vivid_cars2000.db),added_from_vivid
Hyundai,ELANTRA Saloon (XD),2000,2003,itdiag8-dotcom/database (vivid_cars2000.db),added_from_vivid
Hyundai,HIGHWAY VAN,2000,2000,itdiag8-dotcom/database (vivid_cars2000.db),added_from_vivid
Volkswagen,"LUPO (6X1, 6E1)",2000,2001,itdiag8-dotcom/database (vivid_cars2000.db),added_from_vivid
Volvo,S60 I,2000,2004,itdiag8-dotcom/database (vivid_cars2000.db),added_from_vivid
Mercedes,C-CLASS Coupe (CL203),,,itdiag8-dotcom/database (vivid_cars2000.db),added_from_vivid
Skoda,OCTAVIA (1U2),2000,2004,itdiag8-dotcom/database (vivid_cars2000.db),added_from_vivid
Skoda,OCTAVIA Combi (1U5),2000,2002,itdiag8-dotcom/database (vivid_cars2000.db),added_from_vivid
Vauxhall,VECTRA (B) Hatchback,2000,2000,itdiag8-dotcom/database (vivid_cars2000.db),added_from_vivid
Vauxhall,VECTRA (B),2000,2000,itdiag8-dotcom/database (vivid_cars2000.db),added_from_vivid
Vauxhall,VECTRA (B) Estate,2000,2000,itdiag8-dotcom/database (vivid_cars2000.db),added_from_vivid
Opel,"OMEGA B (25_, 26_, 27_)",2000,2001,itdiag8-dotcom/database (vivid_cars2000.db),added_from_vivid
Opel,"OMEGA B Estate (21_, 22_, 23_)",2000,2001,itdiag8-dotcom/database (vivid_cars2000.db),added_from_vivid
Vauxhall,OMEGA (B),2000,2001,itdiag8-dotcom/database (vivid_cars2000.db),added_from_vivid
Vauxhall,OMEGA (B) Estate,2000,2001,itdiag8-dotcom/database (vivid_cars2000.db),added_from_vivid
Opel,MOVANO Combi (J9),2000,2006,itdiag8-dotcom/database (vivid_cars2000.db),added_from_vivid
Opel,MOVANO Box (F9),2000,2003,itdiag8-dotcom/database (vivid_cars2000.db),added_from_vivid
Opel,"MOVANO Platform/Chassis (U9, E9)",2000,2005,itdiag8-dotcom/database (vivid_cars2000.db),added_from_vivid
Daihatsu,SIRION (M1),2000,2002,itdiag8-dotcom/database (vivid_cars2000.db),added_from_vivid
Mitsubishi,CARISMA (DA_),2000,2000,itdiag8-dotcom/database (vivid_cars2000.db),added_from_vivid
Mitsubishi,CARISMA Saloon (DA_),2000,2000,itdiag8-dotcom/database (vivid_cars2000.db),added_from_vivid
Mitsubishi,SPACE STAR (DG_A),2000,2002,itdiag8-dotcom/database (vivid_cars2000.db),added_from_vivid
Volkswagen,PASSAT (3B3),2000,2003,itdiag8-dotcom/database (vivid_cars2000.db),added_from_vivid
Volkswagen,PASSAT Variant (3B6),2000,2003,itdiag8-dotcom/database (vivid_cars2000.db),added_from_vivid
Chrysler,300 M (LR),2000,2000,itdiag8-dotcom/database (vivid_cars2000.db),added_from_vivid
Land Rover,FREELANDER (LN),2000,2001,itdiag8-dotcom/database (vivid_cars2000.db),added_from_vivid
Subaru,"IMPREZA Saloon (GD, GG)",2000,2005,itdiag8-dotcom/database (vivid_cars2000.db),added_from_vivid
Subaru,"IMPREZA Estate (GD, GG)",2000,2005,itdiag8-dotcom/database (vivid_cars2000.db),added_from_vivid
Ford,MONDEO II (BAP),2000,2000,itdiag8-dotcom/database (vivid_cars2000.db),added_from_vivid
Ford,MONDEO II Saloon (BFP),2000,2000,itdiag8-dotcom/database (vivid_cars2000.db),added_from_vivid
Ford,MONDEO III Saloon (B4Y),2000,2003,itdiag8-dotcom/database (vivid_cars2000.db),added_from_vivid
Nissan,MICRA II (K11),2000,2000,itdiag8-dotcom/database (vivid_cars2000.db),added_from_vivid
Renault,LAGUNA II (BG0/1_),2001,2005,itdiag8-dotcom/database (vivid_cars2000.db),added_from_vivid
Renault,LAGUNA II Grandtour (KG0/1_),2001,2005,itdiag8-dotcom/database (vivid_cars2000.db),added_from_vivid
Mitsubishi,"PAJERO PININ (H6_W, H7_W)",2000,2001,itdiag8-dotcom/database (vivid_cars2000.db),added_from_vivid
Ford,MONDEO III (B5Y),2000,2003,itdiag8-dotcom/database (vivid_cars2000.db),added_from_vivid
Subaru,"OUTBACK (BE, BH)",2000,2000,itdiag8-dotcom/database (vivid_cars2000.db),added_from_vivid
Skoda,FABIA Combi (6Y5),2000,2005,itdiag8-dotcom/database (vivid_cars2000.db),added_from_vivid
Audi,"A4 (8E2, B6)",2000,2003,itdiag8-dotcom/database (vivid_cars2000.db),added_from_vivid
Toyota,AVENSIS Liftback (_T22_),2000,2002,itdiag8-dotcom/database (vivid_cars2000.db),added_from_vivid
Toyota,AVENSIS (_T22_),2000,2000,itdiag8-dotcom/database (vivid_cars2000.db),added_from_vivid
Toyota,AVENSIS Station Wagon (_T22_),2000,2002,itdiag8-dotcom/database (vivid_cars2000.db),added_from_vivid
Suzuki,IGNIS (FH),2000,2000,itdiag8-dotcom/database (vivid_cars2000.db),added_from_vivid
Honda,"CIVIC VII Hatchback (EU, EP, EV)",2000,2002,itdiag8-dotcom/database (vivid_cars2000.db),added_from_vivid
Honda,CIVIC VII Coupe (EM2),2001,2001,itdiag8-dotcom/database (vivid_cars2000.db),added_from_vivid
Alfa Romeo,147 (937),2000,2007,itdiag8-dotcom/database (vivid_cars2000.db),added_from_vivid
Daihatsu,TERIOS (J1),2000,2002,itdiag8-dotcom/database (vivid_cars2000.db),added_from_vivid
Peugeot,"306 Hatchback (7A, 7C, N3, N5)",2000,2000,itdiag8-dotcom/database (vivid_cars2000.db),added_from_vivid
Peugeot,"306 (7B, N3, N5)",2000,2000,itdiag8-dotcom/database (vivid_cars2000.db),added_from_vivid
Peugeot,"306 Break (7E, N3, N5)",2000,2000,itdiag8-dotcom/database (vivid_cars2000.db),added_from_vivid
Fiat,BRAVO I (182),2000,2000,itdiag8-dotcom/database (vivid_cars2000.db),added_from_vivid
Mitsubishi,"COLT V (CJ_, CP_)",2000,2002,itdiag8-dotcom/database (vivid_cars2000.db),added_from_vivid
Renault,KANGOO / GRAND KANGOO (KW0/1_),2007,2012,itdiag8-dotcom/database (vivid_cars2000.db),added_from_vivid
Lexus,RX (MCU15),2000,2000,itdiag8-dotcom/database (vivid_cars2000.db),added_from_vivid
Lexus,"GS (UZS161, JZS160)",2000,2000,itdiag8-dotcom/database (vivid_cars2000.db),added_from_vivid
Lexus,LS (UCF30),2000,2000,itdiag8-dotcom/database (vivid_cars2000.db),added_from_vivid
Kia,CARENS I (FC),2000,2000,itdiag8-dotcom/database (vivid_cars2000.db),added_from_vivid
Toyota,LAND CRUISER 90 (_J9_),2000,2002,itdiag8-dotcom/database (vivid_cars2000.db),added_from_vivid
Citroën,XSARA (N1),2000,2002,itdiag8-dotcom/database (vivid_cars2000.db),added_from_vivid
Citroën,XSARA Break (N2),2000,2002,itdiag8-dotcom/database (vivid_cars2000.db),added_from_vivid
Renault,MASTER II Bus (JD),2000,2005,itdiag8-dotcom/database (vivid_cars2000.db),added_from_vivid
Renault,MASTER II Box (FD),2000,2005,itdiag8-dotcom/database (vivid_cars2000.db),added_from_vivid
Renault,MASTER II Platform/Chassis (ED/HD/UD),2000,2005,itdiag8-dotcom/database (vivid_cars2000.db),added_from_vivid
Lancia,Y (840A),2000,2000,itdiag8-dotcom/database (vivid_cars2000.db),added_from_vivid
Daihatsu,YRV (M2),2001,2002,itdiag8-dotcom/database (vivid_cars2000.db),added_from_vivid
Alfa Romeo,156 (932),2000,2003,itdiag8-dotcom/database (vivid_cars2000.db),added_from_vivid
Alfa Romeo,166 (936),2000,2005,itdiag8-dotcom/database (vivid_cars2000.db),added_from_vivid
Alfa Romeo,GTV (916C_),2000,2002,itdiag8-dotcom/database (vivid_cars2000.db),added_from_vivid
Kia,RETONA (CE),2000,2000,itdiag8-dotcom/database (vivid_cars2000.db),added_from_vivid
Fiat,DOBLO (119),2001,2004,itdiag8-dotcom/database (vivid_cars2000.db),added_from_vivid
Toyota,"YARIS VERSO (_NLP2_, _NCP2_)",2000,2003,itdiag8-dotcom/database (vivid_cars2000.db),added_from_vivid
hernr_802,ELISE,2000,2006,itdiag8-dotcom/database (vivid_cars2000.db),added_from_vivid
Citroën,XSARA Coupe (N0),2000,2002,itdiag8-dotcom/database (vivid_cars2000.db),added_from_vivid
Seat,LEON (1M1),2000,2004,itdiag8-dotcom/database (vivid_cars2000.db),added_from_vivid
Toyota,PRIUS Saloon (NHW11_),2000,2000,itdiag8-dotcom/database (vivid_cars2000.db),added_from_vivid
Citroën,C5 I (DC_),2001,2001,itdiag8-dotcom/database (vivid_cars2000.db),added_from_vivid
hernr_1138,CITY-COUPE (450),2001,2002,itdiag8-dotcom/database (vivid_cars2000.db),added_from_vivid
Kia,RIO Saloon (DC_),2000,2002,itdiag8-dotcom/database (vivid_cars2000.db),added_from_vivid
Lancia,LYBRA (839AX),2000,2002,itdiag8-dotcom/database (vivid_cars2000.db),added_from_vivid
Lancia,LYBRA SW (839BX),2000,2002,itdiag8-dotcom/database (vivid_cars2000.db),added_from_vivid
Peugeot,BOXER Bus (230P),2000,2000,itdiag8-dotcom/database (vivid_cars2000.db),added_from_vivid
Peugeot,BOXER Platform/Chassis (ZCT_),2000,2001,itdiag8-dotcom/database (vivid_cars2000.db),added_from_vivid
Peugeot,BOXER Box (230L),2000,2001,itdiag8-dotcom/database (vivid_cars2000.db),added_from_vivid
Saab,9-3 (YS3D),2000,2001,itdiag8-dotcom/database (vivid_cars2000.db),added_from_vivid
Nissan,PATHFINDER (R50),2000,2000,itdiag8-dotcom/database (vivid_cars2000.db),added_from_vivid
Renault,TRAFIC II Box (FL),2001,2006,itdiag8-dotcom/database (vivid_cars2000.db),added_from_vivid
Opel,VIVARO Combi (J7),2001,2005,itdiag8-dotcom/database (vivid_cars2000.db),added_from_vivid
Opel,VIVARO Box (F7),2001,2005,itdiag8-dotcom/database (vivid_cars2000.db),added_from_vivid
Opel,ASTRA G Convertible (F67),2001,2002,itdiag8-dotcom/database (vivid_cars2000.db),added_from_vivid
Renault,MEGANE I (BA0/1_),2000,2001,itdiag8-dotcom/database (vivid_cars2000.db),added_from_vivid
Renault,MEGANE I Classic (LA0/1_),2001,2001,itdiag8-dotcom/database (vivid_cars2000.db),added_from_vivid
Renault,MEGANE I Grandtour (KA0/1_),2001,2001,itdiag8-dotcom/database (vivid_cars2000.db),added_from_vivid
Renault,MEGANE I Coach (DA0/1_),2001,2002,itdiag8-dotcom/database (vivid_cars2000.db),added_from_vivid
Mazda,323 F VI (BJ),2001,2001,itdiag8-dotcom/database (vivid_cars2000.db),added_from_vivid
Mazda,323 S VI (BJ),2000,2001,itdiag8-dotcom/database (vivid_cars2000.db),added_from_vivid
Mazda,MX-5 II (NB),2000,2002,itdiag8-dotcom/database (vivid_cars2000.db),added_from_vivid
Mazda,XEDOS 9 (TA),2000,2000,itdiag8-dotcom/database (vivid_cars2000.db),added_from_vivid
Mazda,PREMACY (CP),2000,2004,itdiag8-dotcom/database (vivid_cars2000.db),added_from_vivid
Mazda,MPV II (LW),2000,2002,itdiag8-dotcom/database (vivid_cars2000.db),added_from_vivid
Seat,TOLEDO II (1M2),2000,2004,itdiag8-dotcom/database (vivid_cars2000.db),added_from_vivid
Seat,INCA (6K9),2000,2000,itdiag8-dotcom/database (vivid_cars2000.db),added_from_vivid
Ford,"FOCUS (DAW, DBW)",2001,2002,itdiag8-dotcom/database (vivid_cars2000.db),added_from_vivid
Ford,FOCUS Saloon (DFW),2001,2002,itdiag8-dotcom/database (vivid_cars2000.db),added_from_vivid
Ford,FOCUS Estate (DNW),2001,2002,itdiag8-dotcom/database (vivid_cars2000.db),added_from_vivid
Volkswagen,CADDY II Box (9K9A),2000,2000,itdiag8-dotcom/database (vivid_cars2000.db),added_from_vivid
Peugeot,806 (221),2000,2000,itdiag8-dotcom/database (vivid_cars2000.db),added_from_vivid
Fiat,ULYSSE (220),2000,2000,itdiag8-dotcom/database (vivid_cars2000.db),added_from_vivid
Honda,"ACCORD VI (CG, CK)",2001,2001,itdiag8-dotcom/database (vivid_cars2000.db),added_from_vivid
Saab,9-3 Cabriolet (YS3D),2001,2001,itdiag8-dotcom/database (vivid_cars2000.db),added_from_vivid
Saab,9-5 (YS3E),2000,2007,itdiag8-dotcom/database (vivid_cars2000.db),added_from_vivid
Saab,9-5 Estate (YS3E),2000,2007,itdiag8-dotcom/database (vivid_cars2000.db),added_from_vivid
Fiat,MULTIPLA (186),2000,2003,itdiag8-dotcom/database (vivid_cars2000.db),added_from_vivid
Ford,"FIESTA Box (J5_, J3_)",2000,2000,itdiag8-dotcom/database (vivid_cars2000.db),added_from_vivid
Mercedes,A-CLASS (W168),,,itdiag8-dotcom/database (vivid_cars2000.db),added_from_vivid
Vauxhall,MOVANO Mk I (A) Combi (JD),2000,2005,itdiag8-dotcom/database (vivid_cars2000.db),added_from_vivid
Vauxhall,MOVANO Mk I (A) Van (FD),2000,2005,itdiag8-dotcom/database (vivid_cars2000.db),added_from_vivid
Vauxhall,"MOVANO Mk I (A) Chassis/Cab (ED, UD, HD)",2000,2005,itdiag8-dotcom/database (vivid_cars2000.db),added_from_vivid
Opel,ASTRA G Box (F70),2000,2003,itdiag8-dotcom/database (vivid_cars2000.db),added_from_vivid
Vauxhall,ASTRAVAN Mk IV (G),2000,2003,itdiag8-dotcom/database (vivid_cars2000.db),added_from_vivid
Chrysler,SEBRING Convertible (JR),2001,2001,itdiag8-dotcom/database (vivid_cars2000.db),added_from_vivid
Mini,"MINI (R50, R53)",2001,2005,itdiag8-dotcom/database (vivid_cars2000.db),added_from_vivid
Fiat,PUNTO Van (188AX),2000,2004,itdiag8-dotcom/database (vivid_cars2000.db),added_from_vivid
Seat,Mii (KF1_),2010,2011,itdiag8-dotcom/database (vivid_cars2000.db),added_from_vivid
BMW,3 Compact (E46),2001,2002,itdiag8-dotcom/database (vivid_cars2000.db),added_from_vivid
Citroën,C5 I Break (DE_),2001,2003,itdiag8-dotcom/database (vivid_cars2000.db),added_from_vivid
Alpina,B3 Convertible (E46),2000,2002,itdiag8-dotcom/database (vivid_cars2000.db),added_from_vivid
Skoda,FABIA Saloon (6Y3),2000,2005,itdiag8-dotcom/database (vivid_cars2000.db),added_from_vivid
MG,MG ZR,2001,2002,itdiag8-dotcom/database (vivid_cars2000.db),added_from_vivid
MG,MG ZT,2001,2003,itdiag8-dotcom/database (vivid_cars2000.db),added_from_vivid
MG,MG ZS Hatchback,2001,2003,itdiag8-dotcom/database (vivid_cars2000.db),added_from_vivid
Subaru,"JUSTY II (JMA, MS)",2001,2001,itdiag8-dotcom/database (vivid_cars2000.db),added_from_vivid
Honda,STREAM (RN),2001,2001,itdiag8-dotcom/database (vivid_cars2000.db),added_from_vivid
Lexus,"GS (GRL1_, GWL1_)",2011,2012,itdiag8-dotcom/database (vivid_cars2000.db),added_from_vivid
Toyota,AQUA (_NHP1_),2010,2010,itdiag8-dotcom/database (vivid_cars2000.db),added_from_vivid
Suzuki,"GRAND VITARA I (FT, GT)",2000,2003,itdiag8-dotcom/database (vivid_cars2000.db),added_from_vivid
Nissan,X-TRAIL (T30),2001,2003,itdiag8-dotcom/database (vivid_cars2000.db),added_from_vivid
Toyota,GT 86 Coupe (ZN6_),2011,2011,itdiag8-dotcom/database (vivid_cars2000.db),added_from_vivid
Porsche,BOXSTER (981),2011,2012,itdiag8-dotcom/database (vivid_cars2000.db),added_from_vivid
Porsche,911 Convertible (991),2011,2012,itdiag8-dotcom/database (vivid_cars2000.db),added_from_vivid
Toyota,"YARIS (SCP1_, NLP1_, NCP1_)",2001,2004,itdiag8-dotcom/database (vivid_cars2000.db),added_from_vivid
Subaru,FORESTER (SF),2001,2001,itdiag8-dotcom/database (vivid_cars2000.db),added_from_vivid
Audi,"A4 Allroad (8KH, B8)",2008,2012,itdiag8-dotcom/database (vivid_cars2000.db),added_from_vivid
Hyundai,MATRIX (FC),2001,2004,itdiag8-dotcom/database (vivid_cars2000.db),added_from_vivid
Toyota,"AVENSIS VERSO (_CLM2_, _ACM2_)",2001,2003,itdiag8-dotcom/database (vivid_cars2000.db),added_from_vivid
Kia,MAGENTIS (GD),2001,2003,itdiag8-dotcom/database (vivid_cars2000.db),added_from_vivid
Kia,SHUMA II (FB),2001,2002,itdiag8-dotcom/database (vivid_cars2000.db),added_from_vivid
Kia,SHUMA II Saloon (FB),2001,2001,itdiag8-dotcom/database (vivid_cars2000.db),added_from_vivid
Ford,PUMA (EC_),2000,2000,itdiag8-dotcom/database (vivid_cars2000.db),added_from_vivid
hernr_788,VEYRON EB 16.4,2003,2009,itdiag8-dotcom/database (vivid_cars2000.db),added_from_vivid
Audi,"A4 (8K2, B8)",2006,2012,itdiag8-dotcom/database (vivid_cars2000.db),added_from_vivid
Audi,"A4 Avant (8E5, B6)",2000,2003,itdiag8-dotcom/database (vivid_cars2000.db),added_from_vivid
Fiat,STILO (192),2001,2004,itdiag8-dotcom/database (vivid_cars2000.db),added_from_vivid
Aston Martin,VANQUISH (R2_),2001,2003,itdiag8-dotcom/database (vivid_cars2000.db),added_from_vivid
Suzuki,LIANA Estate (ER),2001,2004,itdiag8-dotcom/database (vivid_cars2000.db),added_from_vivid
Volvo,"S80 I (TS, XY)",2000,2003,itdiag8-dotcom/database (vivid_cars2000.db),added_from_vivid
Ford,"FIESTA V (JH_, JD_)",2001,2004,itdiag8-dotcom/database (vivid_cars2000.db),added_from_vivid
Suzuki,JIMNY (FJ),2000,2012,itdiag8-dotcom/database (vivid_cars2000.db),added_from_vivid
Honda,CIVIC VII Saloon (ES),2000,2003,itdiag8-dotcom/database (vivid_cars2000.db),added_from_vivid
Nissan,PRIMERA Hatchback (P11),2000,2000,itdiag8-dotcom/database (vivid_cars2000.db),added_from_vivid
Renault,LAGUNA Coupe (DT0/1),2007,2011,itdiag8-dotcom/database (vivid_cars2000.db),added_from_vivid
Mercedes,SL (R230),,,itdiag8-dotcom/database (vivid_cars2000.db),added_from_vivid
Volkswagen,"LT 28-35 II Bus (2DB, 2DE, 2DK)",2001,2001,itdiag8-dotcom/database (vivid_cars2000.db),added_from_vivid
Volkswagen,"LT 28-46 II Box (2DA, 2DD, 2DH)",2001,2002,itdiag8-dotcom/database (vivid_cars2000.db),added_from_vivid
Volkswagen,"LT 28-46 II Platform/Chassis (2DC, 2DF, 2DG, 2DL, 2DM)",2001,2002,itdiag8-dotcom/database (vivid_cars2000.db),added_from_vivid
Mercedes,VANEO (414),,,itdiag8-dotcom/database (vivid_cars2000.db),added_from_vivid
Vauxhall,CORSAVAN Mk II (C),2000,2003,itdiag8-dotcom/database (vivid_cars2000.db),added_from_vivid
Chevrolet,TRANS SPORT,2000,2001,itdiag8-dotcom/database (vivid_cars2000.db),added_from_vivid
Citroën,BERLINGO (MF),2000,2004,itdiag8-dotcom/database (vivid_cars2000.db),added_from_vivid
Fiat,SCUDO Combinato (220P),2000,2003,itdiag8-dotcom/database (vivid_cars2000.db),added_from_vivid
Fiat,DUCATO Bus (230),2000,2001,itdiag8-dotcom/database (vivid_cars2000.db),added_from_vivid
Fiat,DUCATO Box (230L),2000,2001,itdiag8-dotcom/database (vivid_cars2000.db),added_from_vivid
Fiat,DUCATO Platform/Chassis (230),2000,2001,itdiag8-dotcom/database (vivid_cars2000.db),added_from_vivid
Toyota,"CAMRY (_CV2_, _XV2_)",2000,2000,itdiag8-dotcom/database (vivid_cars2000.db),added_from_vivid
Toyota,PICNIC (_XM10),2000,2001,itdiag8-dotcom/database (vivid_cars2000.db),added_from_vivid
Mitsubishi,"SPACE WAGON (N9_W, N8_W)",2000,2002,itdiag8-dotcom/database (vivid_cars2000.db),added_from_vivid
Hyundai,COUPE (RD),2001,2001,itdiag8-dotcom/database (vivid_cars2000.db),added_from_vivid
Hyundai,ATOS (MX),2001,2003,itdiag8-dotcom/database (vivid_cars2000.db),added_from_vivid
Hyundai,ATOS PRIME (MX),2001,2004,itdiag8-dotcom/database (vivid_cars2000.db),added_from_vivid
Volvo,C70 I Coupe,2000,2000,itdiag8-dotcom/database (vivid_cars2000.db),added_from_vivid
Volvo,C70 I Convertible,2000,2002,itdiag8-dotcom/database (vivid_cars2000.db),added_from_vivid
Renault,AVANTIME (DE0_),2001,2002,itdiag8-dotcom/database (vivid_cars2000.db),added_from_vivid
Opel,COMBO Box Body / Estate,2001,2005,itdiag8-dotcom/database (vivid_cars2000.db),added_from_vivid
Opel,"CORSA C Box (F08, W5L)",2000,2004,itdiag8-dotcom/database (vivid_cars2000.db),added_from_vivid
Jeep,CHEROKEE (KJ),2001,2003,itdiag8-dotcom/database (vivid_cars2000.db),added_from_vivid
Mercedes,S-CLASS Coupe (C215),,,itdiag8-dotcom/database (vivid_cars2000.db),added_from_vivid
Citroën,JUMPER Bus (230P),2000,2000,itdiag8-dotcom/database (vivid_cars2000.db),added_from_vivid
Peugeot,PARTNER Box (5),2000,2005,itdiag8-dotcom/database (vivid_cars2000.db),added_from_vivid
Nissan,PRIMERA (P12),2002,2002,itdiag8-dotcom/database (vivid_cars2000.db),added_from_vivid
Nissan,PRIMERA Estate (WP12),2002,2002,itdiag8-dotcom/database (vivid_cars2000.db),added_from_vivid
Hyundai,TERRACAN (HP),2001,2003,itdiag8-dotcom/database (vivid_cars2000.db),added_from_vivid
Skoda,SUPERB (3U4),2001,2006,itdiag8-dotcom/database (vivid_cars2000.db),added_from_vivid
Volkswagen,PASSAT Variant (3B5),2000,2000,itdiag8-dotcom/database (vivid_cars2000.db),added_from_vivid
Lexus,"IS I (JCE1_, GXE1_)",2001,2001,itdiag8-dotcom/database (vivid_cars2000.db),added_from_vivid
Lexus,IS SportCross,2001,2002,itdiag8-dotcom/database (vivid_cars2000.db),added_from_vivid
Audi,"A4 Convertible (8H7, B6, 8HE, B7)",2002,2005,itdiag8-dotcom/database (vivid_cars2000.db),added_from_vivid
MG,MG ZT- T,2001,2003,itdiag8-dotcom/database (vivid_cars2000.db),added_from_vivid
hernr_701,MURCIÉLAGO,2001,2008,itdiag8-dotcom/database (vivid_cars2000.db),added_from_vivid
Alpina,B3 (E46),2001,2002,itdiag8-dotcom/database (vivid_cars2000.db),added_from_vivid
Kia,CARNIVAL II (GQ),2001,2003,itdiag8-dotcom/database (vivid_cars2000.db),added_from_vivid
Toyota,"CAMRY (MCV3_, ACV3_, _XV3_)",2001,2005,itdiag8-dotcom/database (vivid_cars2000.db),added_from_vivid
Chrysler,NEON II,2000,2002,itdiag8-dotcom/database (vivid_cars2000.db),added_from_vivid
Hyundai,COUPE (GK),2001,2006,itdiag8-dotcom/database (vivid_cars2000.db),added_from_vivid
Toyota,"COROLLA Estate (_E12J_, _E12T_)",2001,2003,itdiag8-dotcom/database (vivid_cars2000.db),added_from_vivid
Toyota,"COROLLA Saloon (_E12J_, _E12T_)",2001,2006,itdiag8-dotcom/database (vivid_cars2000.db),added_from_vivid
Toyota,"COROLLA Verso (ZDE12_, CDE12_)",2001,2002,itdiag8-dotcom/database (vivid_cars2000.db),added_from_vivid
Porsche,911 Targa (996),2001,2001,itdiag8-dotcom/database (vivid_cars2000.db),added_from_vivid
Chrysler,CARAVAN (RG_),,,itdiag8-dotcom/database (vivid_cars2000.db),added_from_vivid
Mitsubishi,GALANT VI (EA_),2000,2003,itdiag8-dotcom/database (vivid_cars2000.db),added_from_vivid
Mitsubishi,GALANT VI Estate (EA_),2000,2000,itdiag8-dotcom/database (vivid_cars2000.db),added_from_vivid
Porsche,911 Convertible (996),2001,2003,itdiag8-dotcom/database (vivid_cars2000.db),added_from_vivid
Jeep,"GRAND CHEROKEE II (WJ, WG)",2001,2003,itdiag8-dotcom/database (vivid_cars2000.db),added_from_vivid
Lada,110,2000,2000,itdiag8-dotcom/database (vivid_cars2000.db),added_from_vivid
Lada,112,2000,2005,itdiag8-dotcom/database (vivid_cars2000.db),added_from_vivid
Lada,NIVA (2121),2000,2009,itdiag8-dotcom/database (vivid_cars2000.db),added_from_vivid
Lancia,THESIS (841AX),2002,2005,itdiag8-dotcom/database (vivid_cars2000.db),added_from_vivid
Seat,IBIZA IV (6L1),2002,2006,itdiag8-dotcom/database (vivid_cars2000.db),added_from_vivid
Opel,VECTRA C GTS,2002,2005,itdiag8-dotcom/database (vivid_cars2000.db),added_from_vivid
Vauxhall,VECTRA Mk II (C),2000,2005,itdiag8-dotcom/database (vivid_cars2000.db),added_from_vivid
Vauxhall,VECTRA Mk II (C) GTS,2002,2005,itdiag8-dotcom/database (vivid_cars2000.db),added_from_vivid
Toyota,HIACE IV Bus (LH1_),2001,2005,itdiag8-dotcom/database (vivid_cars2000.db),added_from_vivid
Toyota,"HILUX II Pickup (RN6_, RN5_, LN6_, YN6_, YN5_, LN5_)",2000,2002,itdiag8-dotcom/database (vivid_cars2000.db),added_from_vivid
Renault,THALIA I (LB0/1/2_),2000,2004,itdiag8-dotcom/database (vivid_cars2000.db),added_from_vivid
Toyota,"HIACE IV Box (LXH1_, RZH1_, LH1_)",2001,2005,itdiag8-dotcom/database (vivid_cars2000.db),added_from_vivid
Volkswagen,PHAETON (3D_),2002,2012,itdiag8-dotcom/database (vivid_cars2000.db),added_from_vivid
Honda,CR-V II (RD_),2001,2004,itdiag8-dotcom/database (vivid_cars2000.db),added_from_vivid
Renault,MEGANE I Cabriolet (EA0/1_),2002,2002,itdiag8-dotcom/database (vivid_cars2000.db),added_from_vivid
Honda,INTEGRA (DC5),2002,2003,itdiag8-dotcom/database (vivid_cars2000.db),added_from_vivid
hernr_815,ARNAGE,2002,2002,itdiag8-dotcom/database (vivid_cars2000.db),added_from_vivid
Peugeot,307 SW (3H),2002,2006,itdiag8-dotcom/database (vivid_cars2000.db),added_from_vivid
hernr_1138,CROSSBLADE (450),2002,2002,itdiag8-dotcom/database (vivid_cars2000.db),added_from_vivid
MG,MG TF,2002,2002,itdiag8-dotcom/database (vivid_cars2000.db),added_from_vivid
Ford,FUSION (JU_),2002,2009,itdiag8-dotcom/database (vivid_cars2000.db),added_from_vivid
Mercedes,CLK (C209),,,itdiag8-dotcom/database (vivid_cars2000.db),added_from_vivid
Suzuki,LIANA (ER),2001,2004,itdiag8-dotcom/database (vivid_cars2000.db),added_from_vivid
Peugeot,"BOXER Bus (244, Z_)",2002,2003,itdiag8-dotcom/database (vivid_cars2000.db),added_from_vivid
Fiat,DUCATO Box (244),2002,2003,itdiag8-dotcom/database (vivid_cars2000.db),added_from_vivid
Fiat,"DUCATO Bus (244, Z_)",2002,2003,itdiag8-dotcom/database (vivid_cars2000.db),added_from_vivid
Citroën,"JUMPER Bus (244, Z_)",2002,2002,itdiag8-dotcom/database (vivid_cars2000.db),added_from_vivid
Fiat,PUNTO (188),2001,2006,itdiag8-dotcom/database (vivid_cars2000.db),added_from_vivid
Peugeot,206 SW (2E/K),2002,2004,itdiag8-dotcom/database (vivid_cars2000.db),added_from_vivid
Mazda,6 Hatchback (GG),2002,2006,itdiag8-dotcom/database (vivid_cars2000.db),added_from_vivid
Mazda,6 (GG),2002,2006,itdiag8-dotcom/database (vivid_cars2000.db),added_from_vivid
Mazda,6 Station Wagon (GY),2002,2004,itdiag8-dotcom/database (vivid_cars2000.db),added_from_vivid
Porsche,CAYENNE (955),2002,2008,itdiag8-dotcom/database (vivid_cars2000.db),added_from_vivid
Jaguar,S-TYPE (CCX),2001,2003,itdiag8-dotcom/database (vivid_cars2000.db),added_from_vivid
Suzuki,ALTO IV (FF),2002,2002,itdiag8-dotcom/database (vivid_cars2000.db),added_from_vivid
Hyundai,ACCENT II Saloon (LC),2000,2002,itdiag8-dotcom/database (vivid_cars2000.db),added_from_vivid
Alpina,B10 (E39),2002,2002,itdiag8-dotcom/database (vivid_cars2000.db),added_from_vivid
Fiat,DUCATO Platform/Chassis (244),2002,2003,itdiag8-dotcom/database (vivid_cars2000.db),added_from_vivid
Peugeot,BOXER Platform/Chassis (244),2002,2003,itdiag8-dotcom/database (vivid_cars2000.db),added_from_vivid
Peugeot,BOXER Box (244),2002,2004,itdiag8-dotcom/database (vivid_cars2000.db),added_from_vivid
Citroën,JUMPER Box (244),2002,2003,itdiag8-dotcom/database (vivid_cars2000.db),added_from_vivid
Citroën,JUMPER Platform/Chassis (244),2002,2003,itdiag8-dotcom/database (vivid_cars2000.db),added_from_vivid
Nissan,TERRANO II (R20),2002,2002,itdiag8-dotcom/database (vivid_cars2000.db),added_from_vivid
Volkswagen,"TOUAREG (7LA, 7L6, 7L7)",2002,2006,itdiag8-dotcom/database (vivid_cars2000.db),added_from_vivid
BMW,Z4 (E85),2002,2005,itdiag8-dotcom/database (vivid_cars2000.db),added_from_vivid
Daewoo,REXTON (GAB_),2002,2005,itdiag8-dotcom/database (vivid_cars2000.db),added_from_vivid
Porsche,BOXSTER (986),2002,2003,itdiag8-dotcom/database (vivid_cars2000.db),added_from_vivid
Renault,ESPACE IV (JK0/1_),2002,2005,itdiag8-dotcom/database (vivid_cars2000.db),added_from_vivid
Ford,"RANGER (ER, EQ)",2002,2004,itdiag8-dotcom/database (vivid_cars2000.db),added_from_vivid
Mitsubishi,PAJERO SPORT (K90),2000,2003,itdiag8-dotcom/database (vivid_cars2000.db),added_from_vivid
Audi,A8 (4E_),2002,2006,itdiag8-dotcom/database (vivid_cars2000.db),added_from_vivid
Renault,"MEGANE II (BM0/1_, CM0/1_)",2002,2006,itdiag8-dotcom/database (vivid_cars2000.db),added_from_vivid
Nissan,PRIMERA Hatchback (P12),2002,2002,itdiag8-dotcom/database (vivid_cars2000.db),added_from_vivid
Kia,CARENS II (FJ),2002,2004,itdiag8-dotcom/database (vivid_cars2000.db),added_from_vivid
Nissan,INTERSTAR Bus (X70),2002,2005,itdiag8-dotcom/database (vivid_cars2000.db),added_from_vivid
Nissan,INTERSTAR Box (X70),2002,2005,itdiag8-dotcom/database (vivid_cars2000.db),added_from_vivid
Daewoo,KALOS (KLAS),2002,2002,itdiag8-dotcom/database (vivid_cars2000.db),added_from_vivid
Jaguar,XK 8 Coupe (QEV),2002,2002,itdiag8-dotcom/database (vivid_cars2000.db),added_from_vivid
Jaguar,XK 8 Convertible (QDV),2002,2002,itdiag8-dotcom/database (vivid_cars2000.db),added_from_vivid
Subaru,FORESTER (SG),2002,2004,itdiag8-dotcom/database (vivid_cars2000.db),added_from_vivid
MG,MGF (RD),2000,2001,itdiag8-dotcom/database (vivid_cars2000.db),added_from_vivid
Volkswagen,NEW BEETLE Convertible (1Y7),2002,2004,itdiag8-dotcom/database (vivid_cars2000.db),added_from_vivid
Opel,FRONTERA B (6B_),2002,2002,itdiag8-dotcom/database (vivid_cars2000.db),added_from_vivid
Mazda,2 (DY),2002,2002,itdiag8-dotcom/database (vivid_cars2000.db),added_from_vivid
hernr_1138,ROADSTER (452),2002,2003,itdiag8-dotcom/database (vivid_cars2000.db),added_from_vivid
hernr_1138,ROADSTER Coupe (452),2002,2003,itdiag8-dotcom/database (vivid_cars2000.db),added_from_vivid
Ford,STREET KA (RL2),2003,2003,itdiag8-dotcom/database (vivid_cars2000.db),added_from_vivid
Seat,CORDOBA (6L2),2002,2005,itdiag8-dotcom/database (vivid_cars2000.db),added_from_vivid
Volkswagen,"TOURAN (1T1, 1T2)",2002,2008,itdiag8-dotcom/database (vivid_cars2000.db),added_from_vivid
Ssangyong,ACTYON SPORTS I (QJ),2006,2010,itdiag8-dotcom/database (vivid_cars2000.db),added_from_vivid
Honda,ACCORD VII (CL),2002,2005,itdiag8-dotcom/database (vivid_cars2000.db),added_from_vivid
Fiat,STILO Multi Wagon (192),2002,2004,itdiag8-dotcom/database (vivid_cars2000.db),added_from_vivid
Audi,TT (8N3),2002,2004,itdiag8-dotcom/database (vivid_cars2000.db),added_from_vivid
Nissan,MICRA III (K12),2002,2004,itdiag8-dotcom/database (vivid_cars2000.db),added_from_vivid
Daewoo,EVANDA (KLAL),2002,2002,itdiag8-dotcom/database (vivid_cars2000.db),added_from_vivid
Ford,KA (RB_),2000,2005,itdiag8-dotcom/database (vivid_cars2000.db),added_from_vivid
Mercedes,CLK Convertible (A209),,,itdiag8-dotcom/database (vivid_cars2000.db),added_from_vivid
Toyota,AVENSIS Saloon (T25),2002,2005,itdiag8-dotcom/database (vivid_cars2000.db),added_from_vivid
Jaguar,"XJ (X350, X358)",2003,2004,itdiag8-dotcom/database (vivid_cars2000.db),added_from_vivid
Daewoo,MATIZ (KLYA),2002,2002,itdiag8-dotcom/database (vivid_cars2000.db),added_from_vivid
Daewoo,NUBIRA Saloon (KLAN),2003,2003,itdiag8-dotcom/database (vivid_cars2000.db),added_from_vivid
Hyundai,"ELANTRA Saloon (MD, UD)",2009,2010,itdiag8-dotcom/database (vivid_cars2000.db),added_from_vivid
Jeep,WRANGLER II (TJ),2002,2005,itdiag8-dotcom/database (vivid_cars2000.db),added_from_vivid
Opel,COMBO Tour,2001,2005,itdiag8-dotcom/database (vivid_cars2000.db),added_from_vivid
Honda,ACCORD VII Tourer (CM),2002,2003,itdiag8-dotcom/database (vivid_cars2000.db),added_from_vivid
Citroën,C3 Pluriel (HB_),2003,2004,itdiag8-dotcom/database (vivid_cars2000.db),added_from_vivid
Volkswagen,GOLF V (1K1),2003,2006,itdiag8-dotcom/database (vivid_cars2000.db),added_from_vivid
Mitsubishi,OUTLANDER I (CU_W),2001,2003,itdiag8-dotcom/database (vivid_cars2000.db),added_from_vivid
Alfa Romeo,SPIDER (916S_),2002,2002,itdiag8-dotcom/database (vivid_cars2000.db),added_from_vivid
BMW,5 (E60),2003,2007,itdiag8-dotcom/database (vivid_cars2000.db),added_from_vivid
hernr_701,GALLARDO,2003,2011,itdiag8-dotcom/database (vivid_cars2000.db),added_from_vivid
Kia,PREGIO Box (TB),2002,2002,itdiag8-dotcom/database (vivid_cars2000.db),added_from_vivid
Kia,SPORTAGE (K00),2000,2000,itdiag8-dotcom/database (vivid_cars2000.db),added_from_vivid
Toyota,LAND CRUISER 100 (UZJ100),2002,2002,itdiag8-dotcom/database (vivid_cars2000.db),added_from_vivid
Daihatsu,CUORE VII (L251),2002,2003,itdiag8-dotcom/database (vivid_cars2000.db),added_from_vivid
hernr_705,PHANTOM,2002,2002,itdiag8-dotcom/database (vivid_cars2000.db),added_from_vivid
Citroën,C2 (JM_),2003,2005,itdiag8-dotcom/database (vivid_cars2000.db),added_from_vivid
Lexus,"RX (MHU3_, GSU3_, MCU3_)",2002,2005,itdiag8-dotcom/database (vivid_cars2000.db),added_from_vivid
Toyota,AVENSIS (T25_),2002,2005,itdiag8-dotcom/database (vivid_cars2000.db),added_from_vivid
Volkswagen,"TRANSPORTER V Platform/Chassis (7JD, 7JE, 7JL, 7JY, 7JZ, 7FD",2002,2011,itdiag8-dotcom/database (vivid_cars2000.db),added_from_vivid
Volkswagen,"TRANSPORTER V Box (7HA, 7HH, 7EA, 7EH)",2002,2011,itdiag8-dotcom/database (vivid_cars2000.db),added_from_vivid
Skoda,FABIA Praktik,2001,2004,itdiag8-dotcom/database (vivid_cars2000.db),added_from_vivid
Peugeot,307 CC (3B),2003,2004,itdiag8-dotcom/database (vivid_cars2000.db),added_from_vivid
Mazda,RX 8 (SE17),2003,2003,itdiag8-dotcom/database (vivid_cars2000.db),added_from_vivid
Nissan,350 Z (Z33),2002,2004,itdiag8-dotcom/database (vivid_cars2000.db),added_from_vivid
Renault,SCÉNIC II (JM0/1_),2003,2007,itdiag8-dotcom/database (vivid_cars2000.db),added_from_vivid
Isuzu,TROOPER Open Off-Road Vehicle,2000,2000,itdiag8-dotcom/database (vivid_cars2000.db),added_from_vivid
Mitsubishi,"L 200 (K7_T, K6_T)",2001,2002,itdiag8-dotcom/database (vivid_cars2000.db),added_from_vivid
Fiat,STRADA Pickup (178E),2000,2005,itdiag8-dotcom/database (vivid_cars2000.db),added_from_vivid
Fiat,SCUDO Box (220L),2000,2002,itdiag8-dotcom/database (vivid_cars2000.db),added_from_vivid
Daihatsu,COPEN,2003,2005,itdiag8-dotcom/database (vivid_cars2000.db),added_from_vivid
Honda,"CIVIC VIII Saloon (FD, FA)",2004,2011,itdiag8-dotcom/database (vivid_cars2000.db),added_from_vivid
Opel,CAMPO (TF_),2001,2001,itdiag8-dotcom/database (vivid_cars2000.db),added_from_vivid
Mazda,B-SERIE (UN),2000,2002,itdiag8-dotcom/database (vivid_cars2000.db),added_from_vivid
Daewoo,LACETTI Hatchback (KLAN),2003,2003,itdiag8-dotcom/database (vivid_cars2000.db),added_from_vivid
Alpina,B3 Coupe (E46),2002,2002,itdiag8-dotcom/database (vivid_cars2000.db),added_from_vivid
Alpina,B10 Estate (E39),2002,2002,itdiag8-dotcom/database (vivid_cars2000.db),added_from_vivid
Opel,VECTRA C Estate,2003,2006,itdiag8-dotcom/database (vivid_cars2000.db),added_from_vivid
Subaru,JUSTY III (G3X),2003,2003,itdiag8-dotcom/database (vivid_cars2000.db),added_from_vivid
Subaru,"OUTBACK (BL, BP)",2003,2007,itdiag8-dotcom/database (vivid_cars2000.db),added_from_vivid
Subaru,"LEGACY IV (BL, BP)",2003,2007,itdiag8-dotcom/database (vivid_cars2000.db),added_from_vivid
Subaru,"LEGACY IV Estate (BL, BP, B13_)",2003,2007,itdiag8-dotcom/database (vivid_cars2000.db),added_from_vivid
Mazda,3 (BK),2003,2005,itdiag8-dotcom/database (vivid_cars2000.db),added_from_vivid
Mazda,3 Saloon (BK),2000,2005,itdiag8-dotcom/database (vivid_cars2000.db),added_from_vivid
Citroën,BERLINGO Box (M_),2000,2004,itdiag8-dotcom/database (vivid_cars2000.db),added_from_vivid
Suzuki,IGNIS II,2003,2003,itdiag8-dotcom/database (vivid_cars2000.db),added_from_vivid
Toyota,PRIUS Hatchback (NHW20_),2003,2003,itdiag8-dotcom/database (vivid_cars2000.db),added_from_vivid
Honda,ACCORD VI Hatchback (CH),2000,2000,itdiag8-dotcom/database (vivid_cars2000.db),added_from_vivid
Renault,MEGANE II Coupé-Cabriolet (EM0/1_),2003,2006,itdiag8-dotcom/database (vivid_cars2000.db),added_from_vivid
Renault,MEGANE II Saloon (LM0/1_),2003,2006,itdiag8-dotcom/database (vivid_cars2000.db),added_from_vivid
Volkswagen,POLO Saloon (9A4),2002,2003,itdiag8-dotcom/database (vivid_cars2000.db),added_from_vivid
hernr_1138,FORFOUR (454),2003,2004,itdiag8-dotcom/database (vivid_cars2000.db),added_from_vivid
Mitsubishi,"LANCER Saloon (CS_A, CT0)",2003,2005,itdiag8-dotcom/database (vivid_cars2000.db),added_from_vivid
Mitsubishi,LANCER Estate (CS_W),2003,2004,itdiag8-dotcom/database (vivid_cars2000.db),added_from_vivid
Hyundai,XG (XG),2002,2002,itdiag8-dotcom/database (vivid_cars2000.db),added_from_vivid
BMW,5 Touring (E61),2003,2007,itdiag8-dotcom/database (vivid_cars2000.db),added_from_vivid
BMW,6 (E63),2003,2006,itdiag8-dotcom/database (vivid_cars2000.db),added_from_vivid
BMW,6 Convertible (E64),2003,2006,itdiag8-dotcom/database (vivid_cars2000.db),added_from_vivid
Mini,MINI Convertible (R52),2003,2003,itdiag8-dotcom/database (vivid_cars2000.db),added_from_vivid
Chrysler,VIPER Convertible,,,itdiag8-dotcom/database (vivid_cars2000.db),added_from_vivid
Chevrolet,CORVETTE (C6),2003,2007,itdiag8-dotcom/database (vivid_cars2000.db),added_from_vivid
Kia,OPIRUS (GH),2003,2005,itdiag8-dotcom/database (vivid_cars2000.db),added_from_vivid
Chrysler,PT CRUISER Convertible,2003,2003,itdiag8-dotcom/database (vivid_cars2000.db),added_from_vivid
Mercedes,SLK (R171),,,itdiag8-dotcom/database (vivid_cars2000.db),added_from_vivid
hernr_1558,MF3 Roadster,2003,2003,itdiag8-dotcom/database (vivid_cars2000.db),added_from_vivid
Seat,ALTEA (5P1),2003,2009,itdiag8-dotcom/database (vivid_cars2000.db),added_from_vivid
Peugeot,307 Break (3E),2002,2006,itdiag8-dotcom/database (vivid_cars2000.db),added_from_vivid
BMW,1 (E81),2005,2010,itdiag8-dotcom/database (vivid_cars2000.db),added_from_vivid
Kia,CERATO Saloon (LD),2003,2005,itdiag8-dotcom/database (vivid_cars2000.db),added_from_vivid
Kia,CERATO (LD),2003,2005,itdiag8-dotcom/database (vivid_cars2000.db),added_from_vivid
Mercedes,CLS (C219),,,itdiag8-dotcom/database (vivid_cars2000.db),added_from_vivid
Mercedes,SLR (R199),,,itdiag8-dotcom/database (vivid_cars2000.db),added_from_vivid
Nissan,KUBISTAR (X76),2003,2005,itdiag8-dotcom/database (vivid_cars2000.db),added_from_vivid
Peugeot,407 SW (6E_),2003,2009,itdiag8-dotcom/database (vivid_cars2000.db),added_from_vivid
Citroën,C15 (VD-_),2000,2000,itdiag8-dotcom/database (vivid_cars2000.db),added_from_vivid
Mitsubishi,GRANDIS (NA_W),2003,2006,itdiag8-dotcom/database (vivid_cars2000.db),added_from_vivid
Toyota,"COROLLA Verso (ZER_, ZZE12_, R1_)",2003,2004,itdiag8-dotcom/database (vivid_cars2000.db),added_from_vivid
Kia,PICANTO (BA),2003,2008,itdiag8-dotcom/database (vivid_cars2000.db),added_from_vivid
Kia,K2500 (SD),2002,2009,itdiag8-dotcom/database (vivid_cars2000.db),added_from_vivid
Alpina,B7 (E65),2003,2003,itdiag8-dotcom/database (vivid_cars2000.db),added_from_vivid
Alpina,ROADSTER S (Z4),2003,2003,itdiag8-dotcom/database (vivid_cars2000.db),added_from_vivid
Renault,GRAND SCÉNIC II (JM0/1_),2003,2005,itdiag8-dotcom/database (vivid_cars2000.db),added_from_vivid
hernr_1513,NOVA,2002,2002,itdiag8-dotcom/database (vivid_cars2000.db),added_from_vivid
hernr_1513,BE UP,2002,2003,itdiag8-dotcom/database (vivid_cars2000.db),added_from_vivid
hernr_181,M500,2003,2003,itdiag8-dotcom/database (vivid_cars2000.db),added_from_vivid
Chrysler,CROSSFIRE Roadster,2003,2003,itdiag8-dotcom/database (vivid_cars2000.db),added_from_vivid
Ferrari,ENZO FERRARI,2002,2002,itdiag8-dotcom/database (vivid_cars2000.db),added_from_vivid
hernr_1138,FORTWO Coupe (450),2003,2003,itdiag8-dotcom/database (vivid_cars2000.db),added_from_vivid
hernr_1138,FORTWO Cabrio (450),2003,2003,itdiag8-dotcom/database (vivid_cars2000.db),added_from_vivid
Daihatsu,"EXTOL Bus (S22_, S23_)",2000,2003,itdiag8-dotcom/database (vivid_cars2000.db),added_from_vivid
Volkswagen,TRANSPORTER IV Box (70XA),2000,2000,itdiag8-dotcom/database (vivid_cars2000.db),added_from_vivid
Vauxhall,TIGRA TwinTop,2003,2003,itdiag8-dotcom/database (vivid_cars2000.db),added_from_vivid
Honda,FR-V (BE),2003,2006,itdiag8-dotcom/database (vivid_cars2000.db),added_from_vivid
Land Rover,DISCOVERY III (TAA),2003,2004,itdiag8-dotcom/database (vivid_cars2000.db),added_from_vivid
hernr_701,MURCIÉLAGO Roadster,2003,2006,itdiag8-dotcom/database (vivid_cars2000.db),added_from_vivid
Ford,FOCUS II Saloon (DA_),2004,2007,itdiag8-dotcom/database (vivid_cars2000.db),added_from_vivid
Nissan,350 Z Roadster (Z33),2004,2005,itdiag8-dotcom/database (vivid_cars2000.db),added_from_vivid
Ssangyong,MUSSO (FJ),2002,2002,itdiag8-dotcom/database (vivid_cars2000.db),added_from_vivid
Ford,FIESTA Box (JV_),2000,2000,itdiag8-dotcom/database (vivid_cars2000.db),added_from_vivid
Proton,IMPIAN,2001,2001,itdiag8-dotcom/database (vivid_cars2000.db),added_from_vivid
Proton,SATRIA (C9_M),2000,2000,itdiag8-dotcom/database (vivid_cars2000.db),added_from_vivid
Citroën,C4 Coupe (LA_),2003,2007,itdiag8-dotcom/database (vivid_cars2000.db),added_from_vivid
hernr_178,INDIGO (4_V2),2002,2002,itdiag8-dotcom/database (vivid_cars2000.db),added_from_vivid
hernr_178,INDIGO MARINA (4_V2),2002,2002,itdiag8-dotcom/database (vivid_cars2000.db),added_from_vivid
hernr_178,SAFARI (42_FD),2003,2006,itdiag8-dotcom/database (vivid_cars2000.db),added_from_vivid
Audi,"A4 (8EC, B7)",2003,2005,itdiag8-dotcom/database (vivid_cars2000.db),added_from_vivid
Seat,TOLEDO III (5P2),2003,2006,itdiag8-dotcom/database (vivid_cars2000.db),added_from_vivid
Audi,"A4 Avant (8ED, B7)",2003,2005,itdiag8-dotcom/database (vivid_cars2000.db),added_from_vivid
Nissan,MURANO (Z50),2003,2003,itdiag8-dotcom/database (vivid_cars2000.db),added_from_vivid
Peugeot,1007 (KM_),2004,2006,itdiag8-dotcom/database (vivid_cars2000.db),added_from_vivid
Citroën,C5 II (RC_),2003,2005,itdiag8-dotcom/database (vivid_cars2000.db),added_from_vivid
Citroën,C5 II Break (RE_),2003,2005,itdiag8-dotcom/database (vivid_cars2000.db),added_from_vivid
Daihatsu,SIRION (M3_),2004,2007,itdiag8-dotcom/database (vivid_cars2000.db),added_from_vivid
Volkswagen,CADDY II Estate (9K9B),2000,2000,itdiag8-dotcom/database (vivid_cars2000.db),added_from_vivid
Citroën,"SAXO (S0, S1)",2000,2001,itdiag8-dotcom/database (vivid_cars2000.db),added_from_vivid
Nissan,PATHFINDER (R51),2004,2009,itdiag8-dotcom/database (vivid_cars2000.db),added_from_vivid
Mercedes,B-CLASS (W245),,,itdiag8-dotcom/database (vivid_cars2000.db),added_from_vivid
Volkswagen,PASSAT (3C2),2004,2008,itdiag8-dotcom/database (vivid_cars2000.db),added_from_vivid
Ferrari,F430 Spider,2004,2007,itdiag8-dotcom/database (vivid_cars2000.db),added_from_vivid
Chevrolet,KALOS Saloon,2004,2004,itdiag8-dotcom/database (vivid_cars2000.db),added_from_vivid
Chevrolet,LACETTI (J200),2004,2006,itdiag8-dotcom/database (vivid_cars2000.db),added_from_vivid
Mazda,5 (CR19),2004,2004,itdiag8-dotcom/database (vivid_cars2000.db),added_from_vivid
Chevrolet,NUBIRA Estate,2004,2006,itdiag8-dotcom/database (vivid_cars2000.db),added_from_vivid
hernr_788,VEYRON Grand Sport EB 16.4,2008,2009,itdiag8-dotcom/database (vivid_cars2000.db),added_from_vivid
Chevrolet,REZZO,2004,2004,itdiag8-dotcom/database (vivid_cars2000.db),added_from_vivid
Citroën,"C1 (PM_, PN_)",2004,2004,itdiag8-dotcom/database (vivid_cars2000.db),added_from_vivid
Mercedes,M-CLASS (W164),,,itdiag8-dotcom/database (vivid_cars2000.db),added_from_vivid
hernr_815,CONTINENTAL FLYING SPUR,2004,2012,itdiag8-dotcom/database (vivid_cars2000.db),added_from_vivid
Volkswagen,"FOX (5Z1, 5Z3)",2003,2009,itdiag8-dotcom/database (vivid_cars2000.db),added_from_vivid
Maserati,SPYDER Coupe,2002,2004,itdiag8-dotcom/database (vivid_cars2000.db),added_from_vivid
hernr_3086,FENGSHUN MPV,2009,2010,itdiag8-dotcom/database (vivid_cars2000.db),added_from_vivid
Opel,ZAFIRA B (A05),2004,2012,itdiag8-dotcom/database (vivid_cars2000.db),added_from_vivid
Suzuki,ALTO III (EF),2000,2010,itdiag8-dotcom/database (vivid_cars2000.db),added_from_vivid
hernr_1520,TAXI,2001,2001,itdiag8-dotcom/database (vivid_cars2000.db),added_from_vivid
Subaru,TRIBECA (B9),2004,2008,itdiag8-dotcom/database (vivid_cars2000.db),added_from_vivid
Citroën,C6 (TD_),2004,2008,itdiag8-dotcom/database (vivid_cars2000.db),added_from_vivid
Kia,RIO II (JB),2004,2007,itdiag8-dotcom/database (vivid_cars2000.db),added_from_vivid
Kia,RIO II Saloon (JB),2004,2007,itdiag8-dotcom/database (vivid_cars2000.db),added_from_vivid
hernr_1506,HUMMER H2  SUT,2003,2006,itdiag8-dotcom/database (vivid_cars2000.db),added_from_vivid
hernr_1526,FX,2007,2012,itdiag8-dotcom/database (vivid_cars2000.db),added_from_vivid
Toyota,"AYGO (WNB1_, KGB1_)",2004,2004,itdiag8-dotcom/database (vivid_cars2000.db),added_from_vivid
Vauxhall,BRAVA Pickup,2001,2001,itdiag8-dotcom/database (vivid_cars2000.db),added_from_vivid
Mazda,MX-5 III (NC),2004,2004,itdiag8-dotcom/database (vivid_cars2000.db),added_from_vivid
Opel,ASTRA H TwinTop (L67),2004,2006,itdiag8-dotcom/database (vivid_cars2000.db),added_from_vivid
hernr_2589,LANDWIND,2004,2004,itdiag8-dotcom/database (vivid_cars2000.db),added_from_vivid
Nissan,MICRA C+C (K12),2004,2004,itdiag8-dotcom/database (vivid_cars2000.db),added_from_vivid
hernr_1506,HUMMER H3,2004,2007,itdiag8-dotcom/database (vivid_cars2000.db),added_from_vivid
Peugeot,407 Coupe (6C_),2004,2009,itdiag8-dotcom/database (vivid_cars2000.db),added_from_vivid
hernr_2590,BL Coupe,2004,2004,itdiag8-dotcom/database (vivid_cars2000.db),added_from_vivid
hernr_2590,CK Saloon,2004,2004,itdiag8-dotcom/database (vivid_cars2000.db),added_from_vivid
hernr_2590,HQ Hatchback,2004,2004,itdiag8-dotcom/database (vivid_cars2000.db),added_from_vivid
hernr_2590,HQ Sedan,2004,2004,itdiag8-dotcom/database (vivid_cars2000.db),added_from_vivid
hernr_2590,HQ SRV,2004,2004,itdiag8-dotcom/database (vivid_cars2000.db),added_from_vivid
hernr_2590,MR Hatchback,2004,2004,itdiag8-dotcom/database (vivid_cars2000.db),added_from_vivid
hernr_2590,MR Sedan,2004,2004,itdiag8-dotcom/database (vivid_cars2000.db),added_from_vivid
hernr_2590,PU,2004,2004,itdiag8-dotcom/database (vivid_cars2000.db),added_from_vivid
Suzuki,"SWIFT III (MZ, EZ)",2004,2005,itdiag8-dotcom/database (vivid_cars2000.db),added_from_vivid
Audi,"A4 Avant (8K5, B8)",2006,2012,itdiag8-dotcom/database (vivid_cars2000.db),added_from_vivid
Proton,GEN 2 (CM_),2003,2007,itdiag8-dotcom/database (vivid_cars2000.db),added_from_vivid
Proton,JUMBUCK Pickup,2002,2002,itdiag8-dotcom/database (vivid_cars2000.db),added_from_vivid
Renault,CLIO II Box (SB0/1/2_),2000,2003,itdiag8-dotcom/database (vivid_cars2000.db),added_from_vivid
Jeep,COMMANDER (XK),2004,2005,itdiag8-dotcom/database (vivid_cars2000.db),added_from_vivid
hernr_1516,TS 250,2002,2002,itdiag8-dotcom/database (vivid_cars2000.db),added_from_vivid
hernr_1516,TS 500,2002,2002,itdiag8-dotcom/database (vivid_cars2000.db),added_from_vivid
Suzuki,GRAND VITARA II (JT),2004,2013,itdiag8-dotcom/database (vivid_cars2000.db),added_from_vivid
Isuzu,D-MAX (8DH),2002,2006,itdiag8-dotcom/database (vivid_cars2000.db),added_from_vivid
Suzuki,CARRY Box (FD),2000,2000,itdiag8-dotcom/database (vivid_cars2000.db),added_from_vivid
Honda,"CIVIC VIII Hatchback (FN, FK)",2004,2007,itdiag8-dotcom/database (vivid_cars2000.db),added_from_vivid
BMW,Z4 Coupe (E86),2005,2005,itdiag8-dotcom/database (vivid_cars2000.db),added_from_vivid
Vauxhall,ASTRA TwinTop Mk V (H),2004,2007,itdiag8-dotcom/database (vivid_cars2000.db),added_from_vivid
Mitsubishi,COLT CZC Convertible (RG),2005,2005,itdiag8-dotcom/database (vivid_cars2000.db),added_from_vivid
hernr_701,GALLARDO SPYDER,2004,2010,itdiag8-dotcom/database (vivid_cars2000.db),added_from_vivid
Daewoo,LEGANZA (KLAV),2000,2000,itdiag8-dotcom/database (vivid_cars2000.db),added_from_vivid
Daewoo,NUBIRA Saloon (KLAJ),2000,2000,itdiag8-dotcom/database (vivid_cars2000.db),added_from_vivid
Daewoo,NUBIRA Wagon (KLAJ),2000,2000,itdiag8-dotcom/database (vivid_cars2000.db),added_from_vivid
Audi,"A6 Allroad (4FH, C6)",2005,2007,itdiag8-dotcom/database (vivid_cars2000.db),added_from_vivid
Aston Martin,DB9 Coupe,2003,2011,itdiag8-dotcom/database (vivid_cars2000.db),added_from_vivid
LDV,MAXUS Bus,2004,2005,itdiag8-dotcom/database (vivid_cars2000.db),added_from_vivid
LDV,MAXUS Box,2004,2006,itdiag8-dotcom/database (vivid_cars2000.db),added_from_vivid
Renault,TRAFIC II Platform/Chassis (EL),2001,2006,itdiag8-dotcom/database (vivid_cars2000.db),added_from_vivid
Ford,FOCUS II Convertible,2005,2005,itdiag8-dotcom/database (vivid_cars2000.db),added_from_vivid
Ferrari,599 GTB/GTO,2005,2009,itdiag8-dotcom/database (vivid_cars2000.db),added_from_vivid
Ford,TRANSIT TOURNEO,2005,2007,itdiag8-dotcom/database (vivid_cars2000.db),added_from_vivid
hernr_815,AZURE II,2005,2005,itdiag8-dotcom/database (vivid_cars2000.db),added_from_vivid
Mercedes,SPRINTER 3-t Bus (906),,,itdiag8-dotcom/database (vivid_cars2000.db),added_from_vivid
Mercedes,SPRINTER 3-t Box (906),,,itdiag8-dotcom/database (vivid_cars2000.db),added_from_vivid
Mercedes,SPRINTER 3-t Platform/Chassis (906),,,itdiag8-dotcom/database (vivid_cars2000.db),added_from_vivid
Mercedes,SPRINTER 5-t Box (906),,,itdiag8-dotcom/database (vivid_cars2000.db),added_from_vivid
Daewoo,NUBIRA Wagon (KLAN),2003,2003,itdiag8-dotcom/database (vivid_cars2000.db),added_from_vivid
Renault,TWIZY (MAM_),2011,2011,itdiag8-dotcom/database (vivid_cars2000.db),added_from_vivid
Peugeot,BOXER Bus,2005,2010,itdiag8-dotcom/database (vivid_cars2000.db),added_from_vivid
Peugeot,BOXER Box,2005,2010,itdiag8-dotcom/database (vivid_cars2000.db),added_from_vivid
Peugeot,BOXER Platform/Chassis,2005,2010,itdiag8-dotcom/database (vivid_cars2000.db),added_from_vivid
Peugeot,206 Saloon,2006,2007,itdiag8-dotcom/database (vivid_cars2000.db),added_from_vivid
Lada,KALINA Hatchback (1119),2003,2009,itdiag8-dotcom/database (vivid_cars2000.db),added_from_vivid
Lada,KALINA Saloon (1118),2003,2009,itdiag8-dotcom/database (vivid_cars2000.db),added_from_vivid
hernr_802,EUROPA S,2005,2007,itdiag8-dotcom/database (vivid_cars2000.db),added_from_vivid
Hyundai,ACCENT III (MC),2004,2004,itdiag8-dotcom/database (vivid_cars2000.db),added_from_vivid
Hyundai,ACCENT III Saloon (MC),2004,2004,itdiag8-dotcom/database (vivid_cars2000.db),added_from_vivid
Lada,NIVA II (2123),2002,2003,itdiag8-dotcom/database (vivid_cars2000.db),added_from_vivid
Chrysler,CALIBER,,,itdiag8-dotcom/database (vivid_cars2000.db),added_from_vivid
Peugeot,207 CC (WD_),2006,2009,itdiag8-dotcom/database (vivid_cars2000.db),added_from_vivid
Lexus,LFA (LFA10_),2009,2010,itdiag8-dotcom/database (vivid_cars2000.db),added_from_vivid
Citroën,JUMPY,2006,2010,itdiag8-dotcom/database (vivid_cars2000.db),added_from_vivid
Citroën,JUMPY Box,2006,2010,itdiag8-dotcom/database (vivid_cars2000.db),added_from_vivid
Peugeot,EXPERT Platform/Chassis,2006,2006,itdiag8-dotcom/database (vivid_cars2000.db),added_from_vivid
Honda,LEGEND IV (KB_),2005,2007,itdiag8-dotcom/database (vivid_cars2000.db),added_from_vivid
Toyota,"CROWN Saloon (CRS_, JZS_, GRS18_, UZS_)",2003,2003,itdiag8-dotcom/database (vivid_cars2000.db),added_from_vivid
Mitsubishi,"GALANT Saloon (DJ_, ED_, EF_)",2003,2003,itdiag8-dotcom/database (vivid_cars2000.db),added_from_vivid
Daihatsu,CHARADE (L2_),2002,2002,itdiag8-dotcom/database (vivid_cars2000.db),added_from_vivid
Nissan,URVAN Box (E25),2000,2002,itdiag8-dotcom/database (vivid_cars2000.db),added_from_vivid
Nissan,SERENA (C24),2000,2000,itdiag8-dotcom/database (vivid_cars2000.db),added_from_vivid
Proton,"PERSONA 400 Hatchback (C9_C, C9_S)",2000,2004,itdiag8-dotcom/database (vivid_cars2000.db),added_from_vivid
Proton,PERSONA 400 (C9_S),2000,2004,itdiag8-dotcom/database (vivid_cars2000.db),added_from_vivid
Mitsubishi,ECLIPSE IV (DK_A),2004,2004,itdiag8-dotcom/database (vivid_cars2000.db),added_from_vivid
Proton,PERSONA 300 (C9_M),2000,2000,itdiag8-dotcom/database (vivid_cars2000.db),added_from_vivid
Honda,LEGEND III (KA9),2003,2003,itdiag8-dotcom/database (vivid_cars2000.db),added_from_vivid
Kia,PRIDE (DA),2004,2004,itdiag8-dotcom/database (vivid_cars2000.db),added_from_vivid
Fiat,PALIO (178BX),2003,2003,itdiag8-dotcom/database (vivid_cars2000.db),added_from_vivid
Daewoo,NUBIRA (KLAJ),2002,2002,itdiag8-dotcom/database (vivid_cars2000.db),added_from_vivid
Honda,ACCORD VII (CM),2002,2003,itdiag8-dotcom/database (vivid_cars2000.db),added_from_vivid
Honda,ACCORD VI Coupe (CG),2001,2001,itdiag8-dotcom/database (vivid_cars2000.db),added_from_vivid
Honda,S2000 (AP),2003,2003,itdiag8-dotcom/database (vivid_cars2000.db),added_from_vivid
Subaru,"LEGACY III Estate (BE, BH)",2000,2002,itdiag8-dotcom/database (vivid_cars2000.db),added_from_vivid
Subaru,"LEGACY III (BE, BH)",2000,2002,itdiag8-dotcom/database (vivid_cars2000.db),added_from_vivid
Honda,ACCORD VI Aerodeck (CF),2003,2003,itdiag8-dotcom/database (vivid_cars2000.db),added_from_vivid
Toyota,"HILUX III Pickup (TGN1_, GGN2_, GGN1_, KUN2_, KUN1_)",2003,2009,itdiag8-dotcom/database (vivid_cars2000.db),added_from_vivid
hernr_1490,SEVEN (CF),2000,2012,itdiag8-dotcom/database (vivid_cars2000.db),added_from_vivid
BMW,"X5 (F15, F85)",2011,2013,itdiag8-dotcom/database (vivid_cars2000.db),added_from_vivid
hernr_1526,Q45 III (F50),2001,2001,itdiag8-dotcom/database (vivid_cars2000.db),added_from_vivid
Volkswagen,POLO (6N2),2000,2000,itdiag8-dotcom/database (vivid_cars2000.db),added_from_vivid
hernr_609,COBRA Mk IV (291N),2008,2008,itdiag8-dotcom/database (vivid_cars2000.db),added_from_vivid
hernr_178,INDICA (40_V2),2003,2003,itdiag8-dotcom/database (vivid_cars2000.db),added_from_vivid
hernr_2864,EVEREST (25N_),2003,2005,itdiag8-dotcom/database (vivid_cars2000.db),added_from_vivid
Mazda,3 (BM),2012,2013,itdiag8-dotcom/database (vivid_cars2000.db),added_from_vivid
hernr_2864,"FALCON (BF5_, P54, R54_)",2002,2002,itdiag8-dotcom/database (vivid_cars2000.db),added_from_vivid
Mazda,3 Saloon (BM),2012,2013,itdiag8-dotcom/database (vivid_cars2000.db),added_from_vivid
hernr_2864,"LASER Hatchback (BA_3, BF_3, BF_4, BG_3, BJ_4)",2000,2000,itdiag8-dotcom/database (vivid_cars2000.db),added_from_vivid
hernr_2864,"LASER / LASER LIDEA (BA_2, BA_3, BA_4, BJ_2)",2000,2000,itdiag8-dotcom/database (vivid_cars2000.db),added_from_vivid
hernr_2864,"LYNX (BJ_2A, BJ_2P)",2001,2002,itdiag8-dotcom/database (vivid_cars2000.db),added_from_vivid
Mitsubishi,"L 300 Bus (P0_W, P1_W, P2_W)",2000,2000,itdiag8-dotcom/database (vivid_cars2000.db),added_from_vivid
Mitsubishi,"L 300 Box (P0_W, P1_W)",2000,2005,itdiag8-dotcom/database (vivid_cars2000.db),added_from_vivid
Aston Martin,ZAGATO Coupe,2011,2011,itdiag8-dotcom/database (vivid_cars2000.db),added_from_vivid
Mitsubishi,380 (DB),2004,2004,itdiag8-dotcom/database (vivid_cars2000.db),added_from_vivid
hernr_2857,"800 Saloon (E65, TA)",2000,2000,itdiag8-dotcom/database (vivid_cars2000.db),added_from_vivid
hernr_2887,A5,2005,2005,itdiag8-dotcom/database (vivid_cars2000.db),added_from_vivid
Daewoo,ADVENTRA,2002,2002,itdiag8-dotcom/database (vivid_cars2000.db),added_from_vivid
Holden,ADVENTRA Estate (VZ),2003,2005,itdiag8-dotcom/database (vivid_cars2000.db),added_from_vivid
Holden,ADVENTRA Estate (VY),2003,2003,itdiag8-dotcom/database (vivid_cars2000.db),added_from_vivid
hernr_2867,ALPHA Bus,2002,2002,itdiag8-dotcom/database (vivid_cars2000.db),added_from_vivid
hernr_2867,ALPHA Box,2002,2002,itdiag8-dotcom/database (vivid_cars2000.db),added_from_vivid
Daihatsu,ALTIS,2005,2005,itdiag8-dotcom/database (vivid_cars2000.db),added_from_vivid
Chevrolet,ASTRA Hatchback,2002,2002,itdiag8-dotcom/database (vivid_cars2000.db),added_from_vivid
Chevrolet,ASTRA Saloon,2002,2002,itdiag8-dotcom/database (vivid_cars2000.db),added_from_vivid
Holden,ASTRA Hatchback (TS),2000,2003,itdiag8-dotcom/database (vivid_cars2000.db),added_from_vivid
Holden,ASTRA Saloon (TS),2000,2000,itdiag8-dotcom/database (vivid_cars2000.db),added_from_vivid
Holden,ASTRA Convertible (TS),2002,2002,itdiag8-dotcom/database (vivid_cars2000.db),added_from_vivid
Daewoo,AVEO,2002,2002,itdiag8-dotcom/database (vivid_cars2000.db),added_from_vivid
Holden,BARINA Hatchback (XC),2000,2003,itdiag8-dotcom/database (vivid_cars2000.db),added_from_vivid
Holden,BARINA Hatchback (TK),2004,2004,itdiag8-dotcom/database (vivid_cars2000.db),added_from_vivid
Daihatsu,BEGO,2004,2004,itdiag8-dotcom/database (vivid_cars2000.db),added_from_vivid
hernr_1280,BOLERO Pickup,2002,2002,itdiag8-dotcom/database (vivid_cars2000.db),added_from_vivid
hernr_1280,BOLERO Offroader,2001,2001,itdiag8-dotcom/database (vivid_cars2000.db),added_from_vivid
Seat,LEON ST (5F8),2012,2013,itdiag8-dotcom/database (vivid_cars2000.db),added_from_vivid
Holden,CAPRICE Saloon (WK),2003,2003,itdiag8-dotcom/database (vivid_cars2000.db),added_from_vivid
Honda,CITY Saloon,2012,2013,itdiag8-dotcom/database (vivid_cars2000.db),added_from_vivid
hernr_2901,CITY COURSER,2003,2003,itdiag8-dotcom/database (vivid_cars2000.db),added_from_vivid
hernr_1505,CL Coupe,2000,2001,itdiag8-dotcom/database (vivid_cars2000.db),added_from_vivid
Holden,COMBO Box (XC),2002,2004,itdiag8-dotcom/database (vivid_cars2000.db),added_from_vivid
Holden,COMMODORE Estate (VY),2002,2002,itdiag8-dotcom/database (vivid_cars2000.db),added_from_vivid
Chevrolet,CORSA Pickup,2001,2001,itdiag8-dotcom/database (vivid_cars2000.db),added_from_vivid
hernr_2902,COXSWAIN,2003,2003,itdiag8-dotcom/database (vivid_cars2000.db),added_from_vivid
Holden,CREWMAN Pickup (VZ),2003,2005,itdiag8-dotcom/database (vivid_cars2000.db),added_from_vivid
Holden,CRUZE Hatchback (YG),2002,2002,itdiag8-dotcom/database (vivid_cars2000.db),added_from_vivid
hernr_2903,DEER Platform/Chassis,2000,2000,itdiag8-dotcom/database (vivid_cars2000.db),added_from_vivid
hernr_2904,GALUE Saloon (J32),2000,2003,itdiag8-dotcom/database (vivid_cars2000.db),added_from_vivid
Daewoo,GENTRA Saloon,2012,2012,itdiag8-dotcom/database (vivid_cars2000.db),added_from_vivid
Daewoo,GENTRA Hatchback,2004,2004,itdiag8-dotcom/database (vivid_cars2000.db),added_from_vivid
Maserati,GRANSPORT Coupe,2003,2003,itdiag8-dotcom/database (vivid_cars2000.db),added_from_vivid
Maserati,GRANSPORT Convertible,2003,2003,itdiag8-dotcom/database (vivid_cars2000.db),added_from_vivid
Hyundai,H-1 Platform/Chassis,2000,2000,itdiag8-dotcom/database (vivid_cars2000.db),added_from_vivid
hernr_2903,HOVER,2005,2007,itdiag8-dotcom/database (vivid_cars2000.db),added_from_vivid
hernr_2902,JETSTAR,2003,2003,itdiag8-dotcom/database (vivid_cars2000.db),added_from_vivid
Daewoo,KALOS Saloon (KLAS),2002,2003,itdiag8-dotcom/database (vivid_cars2000.db),added_from_vivid
hernr_2902,KYLIN,2003,2003,itdiag8-dotcom/database (vivid_cars2000.db),added_from_vivid
hernr_2904,LA SEYDE Coupe,2000,2000,itdiag8-dotcom/database (vivid_cars2000.db),added_from_vivid
hernr_2904,LA SEYDE Convertible,2000,2000,itdiag8-dotcom/database (vivid_cars2000.db),added_from_vivid
Daewoo,LACETTI Saloon (J200),2003,2003,itdiag8-dotcom/database (vivid_cars2000.db),added_from_vivid
Honda,LAGREAT,2002,2004,itdiag8-dotcom/database (vivid_cars2000.db),added_from_vivid
Honda,LIFE,2003,2003,itdiag8-dotcom/database (vivid_cars2000.db),added_from_vivid
hernr_1526,M45,2004,2004,itdiag8-dotcom/database (vivid_cars2000.db),added_from_vivid
hernr_1280,MAXX,2000,2000,itdiag8-dotcom/database (vivid_cars2000.db),added_from_vivid
hernr_2903,MONSTER Platform/Chassis,2000,2000,itdiag8-dotcom/database (vivid_cars2000.db),added_from_vivid
hernr_2904,NOUERA,2002,2002,itdiag8-dotcom/database (vivid_cars2000.db),added_from_vivid
Holden,ONE TONNER Platform/Chassis (VY),2003,2003,itdiag8-dotcom/database (vivid_cars2000.db),added_from_vivid
Chevrolet,OPTRA (1J_),2003,2003,itdiag8-dotcom/database (vivid_cars2000.db),added_from_vivid
Volkswagen,PARATI III,2002,2002,itdiag8-dotcom/database (vivid_cars2000.db),added_from_vivid
hernr_2903,PEGASUS,2003,2003,itdiag8-dotcom/database (vivid_cars2000.db),added_from_vivid
hernr_2906,PEGASUS MPV,2003,2003,itdiag8-dotcom/database (vivid_cars2000.db),added_from_vivid
hernr_2901,PICK UP,2003,2003,itdiag8-dotcom/database (vivid_cars2000.db),added_from_vivid
hernr_1280,QUADRO,2000,2000,itdiag8-dotcom/database (vivid_cars2000.db),added_from_vivid
hernr_2904,RAY,2001,2001,itdiag8-dotcom/database (vivid_cars2000.db),added_from_vivid
hernr_1505,RL,2003,2004,itdiag8-dotcom/database (vivid_cars2000.db),added_from_vivid
Holden,RODEO Pickup (RA),2002,2006,itdiag8-dotcom/database (vivid_cars2000.db),added_from_vivid
hernr_1505,RSX Coupe (DC_),2001,2004,itdiag8-dotcom/database (vivid_cars2000.db),added_from_vivid
hernr_2904,RYOGA,2002,2002,itdiag8-dotcom/database (vivid_cars2000.db),added_from_vivid
hernr_3276,CLUBSPORT Estate (VF),2012,2012,itdiag8-dotcom/database (vivid_cars2000.db),added_from_vivid
hernr_2903,SAILING Platform/Chassis,2002,2002,itdiag8-dotcom/database (vivid_cars2000.db),added_from_vivid
hernr_1280,SCORPIO,2002,2002,itdiag8-dotcom/database (vivid_cars2000.db),added_from_vivid
hernr_2867,SEA LION Bus,2001,2001,itdiag8-dotcom/database (vivid_cars2000.db),added_from_vivid
Chevrolet,SILVERADO 1500,2006,2006,itdiag8-dotcom/database (vivid_cars2000.db),added_from_vivid
Chevrolet,SILVERADO 2500 HD,2006,2006,itdiag8-dotcom/database (vivid_cars2000.db),added_from_vivid
hernr_2903,SING,2003,2003,itdiag8-dotcom/database (vivid_cars2000.db),added_from_vivid
hernr_2867,SURF,2000,2000,itdiag8-dotcom/database (vivid_cars2000.db),added_from_vivid
hernr_2867,SURFING,2003,2003,itdiag8-dotcom/database (vivid_cars2000.db),added_from_vivid
hernr_2867,T SERIE Platform/Chassis,2003,2003,itdiag8-dotcom/database (vivid_cars2000.db),added_from_vivid
Honda,THATS,2003,2003,itdiag8-dotcom/database (vivid_cars2000.db),added_from_vivid
hernr_1505,TL,2001,2001,itdiag8-dotcom/database (vivid_cars2000.db),added_from_vivid
hernr_1505,TL (UC_),2003,2004,itdiag8-dotcom/database (vivid_cars2000.db),added_from_vivid
hernr_2902,TROY Platform/Chassis,2003,2003,itdiag8-dotcom/database (vivid_cars2000.db),added_from_vivid
hernr_1505,TSX (CL_),2003,2004,itdiag8-dotcom/database (vivid_cars2000.db),added_from_vivid
Holden,ONE TONNER Platform/Chassis (VZ),2003,2003,itdiag8-dotcom/database (vivid_cars2000.db),added_from_vivid
Holden,COMMODORE Pickup (VZ),2003,2005,itdiag8-dotcom/database (vivid_cars2000.db),added_from_vivid
hernr_2887,V5 MPV,2005,2005,itdiag8-dotcom/database (vivid_cars2000.db),added_from_vivid
Holden,VECTRA Saloon (JS),2000,2000,itdiag8-dotcom/database (vivid_cars2000.db),added_from_vivid
Holden,VECTRA Hatchback (ZC),2002,2002,itdiag8-dotcom/database (vivid_cars2000.db),added_from_vivid
Holden,VECTRA Saloon (ZC),2002,2002,itdiag8-dotcom/database (vivid_cars2000.db),added_from_vivid
hernr_2902,VICTOR,2002,2002,itdiag8-dotcom/database (vivid_cars2000.db),added_from_vivid
hernr_2904,VIEWT,2004,2004,itdiag8-dotcom/database (vivid_cars2000.db),added_from_vivid
Holden,VIVA Hatchback (JF),2004,2004,itdiag8-dotcom/database (vivid_cars2000.db),added_from_vivid
Holden,VIVA Saloon (JF),2004,2004,itdiag8-dotcom/database (vivid_cars2000.db),added_from_vivid
Holden,VIVA Estate (JF),2004,2004,itdiag8-dotcom/database (vivid_cars2000.db),added_from_vivid
Chevrolet,VIVANT,2004,2004,itdiag8-dotcom/database (vivid_cars2000.db),added_from_vivid
Chevrolet,ZAFIRA (F75),2000,2003,itdiag8-dotcom/database (vivid_cars2000.db),added_from_vivid
Holden,ZAFIRA (TT),2001,2001,itdiag8-dotcom/database (vivid_cars2000.db),added_from_vivid
Daihatsu,MATERIA (M4_),2005,2005,itdiag8-dotcom/database (vivid_cars2000.db),added_from_vivid
Daihatsu,TREVIS,2005,2005,itdiag8-dotcom/database (vivid_cars2000.db),added_from_vivid
hernr_1138,FORTWO Coupe (451),2006,2012,itdiag8-dotcom/database (vivid_cars2000.db),added_from_vivid
hernr_1138,FORTWO Cabrio (451),2006,2012,itdiag8-dotcom/database (vivid_cars2000.db),added_from_vivid
Seat,"ALTEA XL (5P5, 5P8)",2005,2009,itdiag8-dotcom/database (vivid_cars2000.db),added_from_vivid
Volkswagen,GOLF V Variant (1K5),2006,2007,itdiag8-dotcom/database (vivid_cars2000.db),added_from_vivid
Mazda,"BT-50 (CD, UN)",2005,2005,itdiag8-dotcom/database (vivid_cars2000.db),added_from_vivid
Toyota,"CAMRY SOLARA Convertible (MCV2_, SXV2_)",2000,2000,itdiag8-dotcom/database (vivid_cars2000.db),added_from_vivid
Mitsubishi,VERADA Saloon (KL),2003,2003,itdiag8-dotcom/database (vivid_cars2000.db),added_from_vivid
Toyota,"ALLION I (ZZT24_, NZT24_, AZT24_)",2001,2001,itdiag8-dotcom/database (vivid_cars2000.db),added_from_vivid
Mitsubishi,VERADA Saloon (KJ),2000,2003,itdiag8-dotcom/database (vivid_cars2000.db),added_from_vivid
Nissan,GLORIA,2000,2000,itdiag8-dotcom/database (vivid_cars2000.db),added_from_vivid
Mitsubishi,MIRAGE Estate,2001,2001,itdiag8-dotcom/database (vivid_cars2000.db),added_from_vivid
Mitsubishi,MAGNA Estate (TJ),2000,2000,itdiag8-dotcom/database (vivid_cars2000.db),added_from_vivid
Mazda,FIGHTER Pickup,2002,2002,itdiag8-dotcom/database (vivid_cars2000.db),added_from_vivid
Nissan,CEDRIC,2000,2000,itdiag8-dotcom/database (vivid_cars2000.db),added_from_vivid
Mitsubishi,VERADA Saloon (KW),2003,2003,itdiag8-dotcom/database (vivid_cars2000.db),added_from_vivid
Mitsubishi,"DIAMANTE Saloon (F4_A, F3_A)",2001,2003,itdiag8-dotcom/database (vivid_cars2000.db),added_from_vivid
Honda,JAZZ Saloon,2003,2003,itdiag8-dotcom/database (vivid_cars2000.db),added_from_vivid
Daihatsu,MAX,2000,2002,itdiag8-dotcom/database (vivid_cars2000.db),added_from_vivid
Daihatsu,TANTO,2002,2002,itdiag8-dotcom/database (vivid_cars2000.db),added_from_vivid
Toyota,"ALPHARD (ATH1_, MNH1_, ANH1_)",2002,2003,itdiag8-dotcom/database (vivid_cars2000.db),added_from_vivid
Toyota,"AVANZA (F602_, F601_)",2003,2005,itdiag8-dotcom/database (vivid_cars2000.db),added_from_vivid
Toyota,bB I (NCP3_),2000,2000,itdiag8-dotcom/database (vivid_cars2000.db),added_from_vivid
Toyota,"CAMRY SOLARA Coupe (MCV3_, ACV3_)",2003,2003,itdiag8-dotcom/database (vivid_cars2000.db),added_from_vivid
Toyota,"CAMRY SOLARA Convertible (MCV3_, ACV3_)",2003,2003,itdiag8-dotcom/database (vivid_cars2000.db),added_from_vivid
Mitsubishi,MAGNA Estate,2003,2003,itdiag8-dotcom/database (vivid_cars2000.db),added_from_vivid
Toyota,"ALTEZZA GITA (SXE1_, GXE1_)",2001,2001,itdiag8-dotcom/database (vivid_cars2000.db),added_from_vivid
Toyota,"ALTEZZA (SXE1_, JCE1_, GXE1_)",2001,2001,itdiag8-dotcom/database (vivid_cars2000.db),added_from_vivid
hernr_2863,FUTURE MPV,2001,2003,itdiag8-dotcom/database (vivid_cars2000.db),added_from_vivid
Mitsubishi,"GRANDIS (N9_, N8_)",2000,2000,itdiag8-dotcom/database (vivid_cars2000.db),added_from_vivid
Honda,ODYSSEY (RB_),2002,2007,itdiag8-dotcom/database (vivid_cars2000.db),added_from_vivid
Opel,GT Convertible,2006,2006,itdiag8-dotcom/database (vivid_cars2000.db),added_from_vivid
Aston Martin,VANTAGE Coupe,2004,2012,itdiag8-dotcom/database (vivid_cars2000.db),added_from_vivid
Aston Martin,VANTAGE Roadster,2006,2012,itdiag8-dotcom/database (vivid_cars2000.db),added_from_vivid
hernr_2901,ELEGANTEST,2002,2003,itdiag8-dotcom/database (vivid_cars2000.db),added_from_vivid
Fiat,LINEA (323),2006,2008,itdiag8-dotcom/database (vivid_cars2000.db),added_from_vivid
Suzuki,SAMURAI (SJ),2000,2000,itdiag8-dotcom/database (vivid_cars2000.db),added_from_vivid
hernr_3047,TX,2002,2008,itdiag8-dotcom/database (vivid_cars2000.db),added_from_vivid
Peugeot,207 SW (WK_),2006,2008,itdiag8-dotcom/database (vivid_cars2000.db),added_from_vivid
Mazda,2 (DE),2006,2010,itdiag8-dotcom/database (vivid_cars2000.db),added_from_vivid
Chrysler,GRAND VOYAGER V (RT),2006,2011,itdiag8-dotcom/database (vivid_cars2000.db),added_from_vivid
Nissan,TIIDA Hatchback (C11X),2006,2006,itdiag8-dotcom/database (vivid_cars2000.db),added_from_vivid
hernr_171,PS10/ANIBAL,2002,2002,itdiag8-dotcom/database (vivid_cars2000.db),added_from_vivid
Nissan,TIIDA Saloon (SC11X),2006,2006,itdiag8-dotcom/database (vivid_cars2000.db),added_from_vivid
Daihatsu,CUORE VIII,2006,2006,itdiag8-dotcom/database (vivid_cars2000.db),added_from_vivid
hernr_3697,GX2,2009,2009,itdiag8-dotcom/database (vivid_cars2000.db),added_from_vivid
Fiat,PANDA Van (141_),2000,2000,itdiag8-dotcom/database (vivid_cars2000.db),added_from_vivid
hernr_2887,X1 Hatchback,2009,2009,itdiag8-dotcom/database (vivid_cars2000.db),added_from_vivid
hernr_2864,FALCON Pickup (BF_D),2002,2003,itdiag8-dotcom/database (vivid_cars2000.db),added_from_vivid
Buick,REGAL (4WF_),2002,2002,itdiag8-dotcom/database (vivid_cars2000.db),added_from_vivid
Daihatsu,CUORE VI (L7_),2000,2000,itdiag8-dotcom/database (vivid_cars2000.db),added_from_vivid
Fiat,STRADA Pickup (578_),2009,2009,itdiag8-dotcom/database (vivid_cars2000.db),added_from_vivid
Subaru,"OUTBACK (BM, BR)",2008,2012,itdiag8-dotcom/database (vivid_cars2000.db),added_from_vivid
hernr_3141,TEANA (J31),2005,2005,itdiag8-dotcom/database (vivid_cars2000.db),added_from_vivid
hernr_3141,TIIDA QIDA Hatchback (C11),2004,2004,itdiag8-dotcom/database (vivid_cars2000.db),added_from_vivid
hernr_3141,TIIDA YIDA Saloon (C11),2004,2004,itdiag8-dotcom/database (vivid_cars2000.db),added_from_vivid
hernr_3129,ODYSSEY MPV,2008,2008,itdiag8-dotcom/database (vivid_cars2000.db),added_from_vivid
hernr_3514,CITY,2007,2009,itdiag8-dotcom/database (vivid_cars2000.db),added_from_vivid
Nissan,INTERSTAR Platform/Chassis,2003,2005,itdiag8-dotcom/database (vivid_cars2000.db),added_from_vivid
hernr_3158,XML,2000,2001,itdiag8-dotcom/database (vivid_cars2000.db),added_from_vivid
hernr_2867,AUMARK Platform/Chassis (BJ1_),2003,2003,itdiag8-dotcom/database (vivid_cars2000.db),added_from_vivid
hernr_2867,AUMARK MPV (BJ1_),2003,2003,itdiag8-dotcom/database (vivid_cars2000.db),added_from_vivid
hernr_2867,FORLAND Platform/Chassis (BJ1_),2004,2004,itdiag8-dotcom/database (vivid_cars2000.db),added_from_vivid
hernr_2867,"SUP Platform/Chassis (BJ2_, BJ6_)",2003,2003,itdiag8-dotcom/database (vivid_cars2000.db),added_from_vivid
hernr_2867,VIEW Bus (BJ6_),2002,2002,itdiag8-dotcom/database (vivid_cars2000.db),added_from_vivid
hernr_2867,VIEW MPV (BJ5_),2002,2002,itdiag8-dotcom/database (vivid_cars2000.db),added_from_vivid
Holden,CAPTIVA (CG),2005,2008,itdiag8-dotcom/database (vivid_cars2000.db),added_from_vivid
Holden,MONARO Coupe (V2),2001,2003,itdiag8-dotcom/database (vivid_cars2000.db),added_from_vivid
Kia,BONGO Bus,2003,2003,itdiag8-dotcom/database (vivid_cars2000.db),added_from_vivid
Kia,BONGO Platform/Chassis,2003,2003,itdiag8-dotcom/database (vivid_cars2000.db),added_from_vivid
Kia,BONGO MPV,2003,2003,itdiag8-dotcom/database (vivid_cars2000.db),added_from_vivid
Toyota,"VISTA Saloon (SV5_, ZV5_)",2001,2002,itdiag8-dotcom/database (vivid_cars2000.db),added_from_vivid
hernr_1139,VIDA Hatchback,2011,2011,itdiag8-dotcom/database (vivid_cars2000.db),added_from_vivid
hernr_1139,FORZA Hatchback,2012,2012,itdiag8-dotcom/database (vivid_cars2000.db),added_from_vivid
hernr_1139,FORZA Saloon,2012,2012,itdiag8-dotcom/database (vivid_cars2000.db),added_from_vivid
Toyota,WILL CYPHA (NCP7_),2001,2001,itdiag8-dotcom/database (vivid_cars2000.db),added_from_vivid
Toyota,"WILL VS (ZZE12_, NZE12_)",2001,2001,itdiag8-dotcom/database (vivid_cars2000.db),added_from_vivid
Toyota,WINDOM (MCV3_),2001,2001,itdiag8-dotcom/database (vivid_cars2000.db),added_from_vivid
Toyota,"WISH MPV (ZNE1_, ANE1_)",2002,2002,itdiag8-dotcom/database (vivid_cars2000.db),added_from_vivid
hernr_1480,A.751,2004,2004,itdiag8-dotcom/database (vivid_cars2000.db),added_from_vivid
BMW,1 Convertible (E88),2007,2007,itdiag8-dotcom/database (vivid_cars2000.db),added_from_vivid
Renault,KOLEOS (HY_),2007,2007,itdiag8-dotcom/database (vivid_cars2000.db),added_from_vivid
Chevrolet,MALIBU Hatchback,2003,2003,itdiag8-dotcom/database (vivid_cars2000.db),added_from_vivid
Chrysler,CHARGER,,,itdiag8-dotcom/database (vivid_cars2000.db),added_from_vivid
Chrysler,DAKOTA,,,itdiag8-dotcom/database (vivid_cars2000.db),added_from_vivid
Nissan,QUEST (V42),2003,2003,itdiag8-dotcom/database (vivid_cars2000.db),added_from_vivid
hernr_774,SOLSTICE,2004,2004,itdiag8-dotcom/database (vivid_cars2000.db),added_from_vivid
Toyota,MATRIX (ZZE13_),2001,2001,itdiag8-dotcom/database (vivid_cars2000.db),added_from_vivid
hernr_1506,HUMMER H2,2002,2007,itdiag8-dotcom/database (vivid_cars2000.db),added_from_vivid
Nissan,PULSAR Hatchback (C12),2011,2012,itdiag8-dotcom/database (vivid_cars2000.db),added_from_vivid
Mitsubishi,"ENDEAVOR (D8_W, D7_W)",2002,2002,itdiag8-dotcom/database (vivid_cars2000.db),added_from_vivid
Chrysler,DURANGO,,,itdiag8-dotcom/database (vivid_cars2000.db),added_from_vivid
Nissan,BLUEBIRD SYLPHY,2004,2004,itdiag8-dotcom/database (vivid_cars2000.db),added_from_vivid
Nissan,CEFIRO I Saloon (J31),2000,2003,itdiag8-dotcom/database (vivid_cars2000.db),added_from_vivid
Nissan,LATIO Saloon,2006,2006,itdiag8-dotcom/database (vivid_cars2000.db),added_from_vivid
Nissan,SUNNY Coupe,2000,2000,itdiag8-dotcom/database (vivid_cars2000.db),added_from_vivid
Nissan,SUNNY Hatchback,2000,2000,itdiag8-dotcom/database (vivid_cars2000.db),added_from_vivid
Nissan,SUNNY Saloon,2000,2000,itdiag8-dotcom/database (vivid_cars2000.db),added_from_vivid
Nissan,TIIDA Hatchback,2003,2003,itdiag8-dotcom/database (vivid_cars2000.db),added_from_vivid
Toyota,"HILUX Closed Off-Road Vehicle (RZN1_, LN1_)",2000,2002,itdiag8-dotcom/database (vivid_cars2000.db),added_from_vivid
Toyota,IST (NCP6_),2003,2003,itdiag8-dotcom/database (vivid_cars2000.db),added_from_vivid
Ford,FIESTA Saloon,2011,2011,itdiag8-dotcom/database (vivid_cars2000.db),added_from_vivid
Toyota,"VIOS (SCP4_, NCP4_, AXP4_)",2002,2002,itdiag8-dotcom/database (vivid_cars2000.db),added_from_vivid
hernr_2866,SAIBAO 3 Saloon,2004,2004,itdiag8-dotcom/database (vivid_cars2000.db),added_from_vivid
hernr_2887,A1,2006,2006,itdiag8-dotcom/database (vivid_cars2000.db),added_from_vivid
hernr_2887,QIYUN,2003,2007,itdiag8-dotcom/database (vivid_cars2000.db),added_from_vivid
hernr_2887,QQ3,2003,2005,itdiag8-dotcom/database (vivid_cars2000.db),added_from_vivid
hernr_3137,PRADO,2003,2003,itdiag8-dotcom/database (vivid_cars2000.db),added_from_vivid
Mazda,6 (GH),2006,2009,itdiag8-dotcom/database (vivid_cars2000.db),added_from_vivid
Toyota,"4 RUNNER (KZN18_, VZN18_, RZN18_)",2000,2002,itdiag8-dotcom/database (vivid_cars2000.db),added_from_vivid
hernr_3122,FLYER,2001,2003,itdiag8-dotcom/database (vivid_cars2000.db),added_from_vivid
Toyota,PLATZ (NCP1_),2002,2002,itdiag8-dotcom/database (vivid_cars2000.db),added_from_vivid
Ford,METROSTAR,2000,2000,itdiag8-dotcom/database (vivid_cars2000.db),added_from_vivid
Toyota,"TOWN ACE Box (KM8_, KM7_, CM8_, CM7_)",2001,2001,itdiag8-dotcom/database (vivid_cars2000.db),added_from_vivid
hernr_2590,HISOON Hatchback,2003,2003,itdiag8-dotcom/database (vivid_cars2000.db),added_from_vivid
hernr_2590,HISOON Saloon,2003,2003,itdiag8-dotcom/database (vivid_cars2000.db),added_from_vivid
hernr_2590,MARINDO,2004,2004,itdiag8-dotcom/database (vivid_cars2000.db),added_from_vivid
hernr_2590,URBAN NANNY,2003,2003,itdiag8-dotcom/database (vivid_cars2000.db),added_from_vivid
Nissan,ALTIMA Coupe,2005,2005,itdiag8-dotcom/database (vivid_cars2000.db),added_from_vivid
Toyota,"KLUGER (_MCU2_, _ACU2_)",2000,2004,itdiag8-dotcom/database (vivid_cars2000.db),added_from_vivid
Toyota,"KLUGER (_MHU4_, _GSU4_, _ASU4_)",2006,2006,itdiag8-dotcom/database (vivid_cars2000.db),added_from_vivid
Toyota,"TOWN ACE Bus (SR5_, SR4_, KR4_, CR5_, CR4_)",2001,2003,itdiag8-dotcom/database (vivid_cars2000.db),added_from_vivid
Honda,BRIO,2010,2010,itdiag8-dotcom/database (vivid_cars2000.db),added_from_vivid
hernr_705,WRAITH Coupe,2012,2012,itdiag8-dotcom/database (vivid_cars2000.db),added_from_vivid
Daihatsu,MOVE,2002,2002,itdiag8-dotcom/database (vivid_cars2000.db),added_from_vivid
Daihatsu,RUSH,2004,2004,itdiag8-dotcom/database (vivid_cars2000.db),added_from_vivid
Daihatsu,STORIA,2004,2004,itdiag8-dotcom/database (vivid_cars2000.db),added_from_vivid
Daihatsu,XENIA,2010,2010,itdiag8-dotcom/database (vivid_cars2000.db),added_from_vivid
Nissan,BASSARA,2002,2002,itdiag8-dotcom/database (vivid_cars2000.db),added_from_vivid
Daihatsu,MIRA GINO,2005,2005,itdiag8-dotcom/database (vivid_cars2000.db),added_from_vivid
Daihatsu,COO,2005,2005,itdiag8-dotcom/database (vivid_cars2000.db),added_from_vivid
Daihatsu,ESSE,2004,2004,itdiag8-dotcom/database (vivid_cars2000.db),added_from_vivid
Toyota,"REGIUSACE Bus (TRH2_, KDH2_)",2003,2003,itdiag8-dotcom/database (vivid_cars2000.db),added_from_vivid
Toyota,RAUM MPV (NCZ2_),2003,2003,itdiag8-dotcom/database (vivid_cars2000.db),added_from_vivid
Toyota,"REGIUSACE Box (TRH2_, KDH2_)",2003,2003,itdiag8-dotcom/database (vivid_cars2000.db),added_from_vivid
Toyota,"RACTIS (SCP10_, NCP10_)",2004,2004,itdiag8-dotcom/database (vivid_cars2000.db),added_from_vivid
Toyota,"CALDINA (ST21_, CT21_, AT21_)",2000,2000,itdiag8-dotcom/database (vivid_cars2000.db),added_from_vivid
Toyota,"CALDINA (ZZT24_, ST24_, AZT24_)",2002,2002,itdiag8-dotcom/database (vivid_cars2000.db),added_from_vivid
Toyota,CELSIOR (UCF3_),2000,2000,itdiag8-dotcom/database (vivid_cars2000.db),added_from_vivid
Toyota,RUSH Closed Off-Road Vehicle (J2_),2005,2005,itdiag8-dotcom/database (vivid_cars2000.db),added_from_vivid
Toyota,"CAMI Closed Off-Road Vehicle (J12_E, J10_E)",2001,2001,itdiag8-dotcom/database (vivid_cars2000.db),added_from_vivid
Toyota,"HARRIER (SXU1_, MCU1_, ACU1_)",2000,2000,itdiag8-dotcom/database (vivid_cars2000.db),added_from_vivid
Subaru,"IMPREZA Hatchback (GR, GH, G3)",2007,2010,itdiag8-dotcom/database (vivid_cars2000.db),added_from_vivid
Toyota,NOAH/VOXY (_AZR6_),2001,2001,itdiag8-dotcom/database (vivid_cars2000.db),added_from_vivid
Toyota,"OPA (ZCT1_, ACT1_)",2000,2000,itdiag8-dotcom/database (vivid_cars2000.db),added_from_vivid
Toyota,DYNA 250 Box,2003,2003,itdiag8-dotcom/database (vivid_cars2000.db),added_from_vivid
Toyota,"PREMIO (ZZT24_, NZT24_, AZT24_)",2001,2001,itdiag8-dotcom/database (vivid_cars2000.db),added_from_vivid
Toyota,DYNA 400 Platform/Chassis (XZU_),2000,2003,itdiag8-dotcom/database (vivid_cars2000.db),added_from_vivid
Toyota,"ECHO Hatchback (NCP13_, NCP12_)",2000,2002,itdiag8-dotcom/database (vivid_cars2000.db),added_from_vivid
Nissan,CLIPPER VAN,2002,2002,itdiag8-dotcom/database (vivid_cars2000.db),added_from_vivid
Nissan,SKYLINE Coupe (V35),2003,2005,itdiag8-dotcom/database (vivid_cars2000.db),added_from_vivid
Nissan,CIMA,2001,2001,itdiag8-dotcom/database (vivid_cars2000.db),added_from_vivid
Toyota,SOLUNA VIOS,2002,2002,itdiag8-dotcom/database (vivid_cars2000.db),added_from_vivid
Toyota,AVALON Saloon (GSX3_),2004,2004,itdiag8-dotcom/database (vivid_cars2000.db),added_from_vivid
Nissan,ELGRAND (E51),2002,2002,itdiag8-dotcom/database (vivid_cars2000.db),added_from_vivid
Nissan,CARAVAN,2000,2002,itdiag8-dotcom/database (vivid_cars2000.db),added_from_vivid
Nissan,CUBE (Z11),2002,2002,itdiag8-dotcom/database (vivid_cars2000.db),added_from_vivid
Nissan,CUBE (Z10),2000,2000,itdiag8-dotcom/database (vivid_cars2000.db),added_from_vivid
Toyota,ASCENT Hatchback,2001,2001,itdiag8-dotcom/database (vivid_cars2000.db),added_from_vivid
Toyota,"SIENNA (MCL2_, GSL2_)",2003,2003,itdiag8-dotcom/database (vivid_cars2000.db),added_from_vivid
Toyota,AVALON Saloon (MCX2_),2000,2001,itdiag8-dotcom/database (vivid_cars2000.db),added_from_vivid
Toyota,ASCENT Saloon,2001,2001,itdiag8-dotcom/database (vivid_cars2000.db),added_from_vivid
Toyota,MARK X I (GRX12_),2003,2003,itdiag8-dotcom/database (vivid_cars2000.db),added_from_vivid
Mercedes,CLC-CLASS (CL203),,,itdiag8-dotcom/database (vivid_cars2000.db),added_from_vivid
Mercedes,SLR ROADSTER (R199),,,itdiag8-dotcom/database (vivid_cars2000.db),added_from_vivid
Hyundai,H-1 Cargo (TQ),2007,2010,itdiag8-dotcom/database (vivid_cars2000.db),added_from_vivid
Lada,KALINA Estate (1117),2003,2009,itdiag8-dotcom/database (vivid_cars2000.db),added_from_vivid
Daihatsu,CERIA,2002,2004,itdiag8-dotcom/database (vivid_cars2000.db),added_from_vivid
Daihatsu,SONICA,2004,2005,itdiag8-dotcom/database (vivid_cars2000.db),added_from_vivid
Volkswagen,CC (358),2010,2011,itdiag8-dotcom/database (vivid_cars2000.db),added_from_vivid
Subaru,"LEGACY V Estate (BM, BR)",2008,2012,itdiag8-dotcom/database (vivid_cars2000.db),added_from_vivid
Volkswagen,GOLF VII Estate (BA5),2012,2013,itdiag8-dotcom/database (vivid_cars2000.db),added_from_vivid
Vauxhall,COMBO TOUR Mk II (C) (F25),2001,2005,itdiag8-dotcom/database (vivid_cars2000.db),added_from_vivid
hernr_3127,PRIDE Hatchback,2004,2004,itdiag8-dotcom/database (vivid_cars2000.db),added_from_vivid
hernr_3127,PRIDE Saloon,2004,2004,itdiag8-dotcom/database (vivid_cars2000.db),added_from_vivid
Buick,LA CROSSE Saloon,2008,2008,itdiag8-dotcom/database (vivid_cars2000.db),added_from_vivid
Mercedes,CLA Coupe (C117),,,itdiag8-dotcom/database (vivid_cars2000.db),added_from_vivid
hernr_1505,MDX (YD2),2005,2005,itdiag8-dotcom/database (vivid_cars2000.db),added_from_vivid
hernr_1526,Q50,2012,2012,itdiag8-dotcom/database (vivid_cars2000.db),added_from_vivid
Mitsubishi,"OUTLANDER III Van (GF_W, GG_W)",2012,2012,itdiag8-dotcom/database (vivid_cars2000.db),added_from_vivid
Holden,ASTRA TWINTOP (AH),2007,2007,itdiag8-dotcom/database (vivid_cars2000.db),added_from_vivid
Holden,RODEO Platform/Chassis (RA),2002,2006,itdiag8-dotcom/database (vivid_cars2000.db),added_from_vivid
Hyundai,PORTER Box,2002,2002,itdiag8-dotcom/database (vivid_cars2000.db),added_from_vivid
Chrysler,"RAM 2500 Pickup (D1, DC, DH, DM, DR)",,,itdiag8-dotcom/database (vivid_cars2000.db),added_from_vivid
Holden,STATESMAN Saloon (WL),2003,2005,itdiag8-dotcom/database (vivid_cars2000.db),added_from_vivid
Honda,ACCORD Coupe (CM),2003,2005,itdiag8-dotcom/database (vivid_cars2000.db),added_from_vivid
Holden,CAPRICE Saloon (WL),2003,2005,itdiag8-dotcom/database (vivid_cars2000.db),added_from_vivid
hernr_701,AVENTADOR Convertible,2012,2012,itdiag8-dotcom/database (vivid_cars2000.db),added_from_vivid
hernr_1505,RDX,2005,2005,itdiag8-dotcom/database (vivid_cars2000.db),added_from_vivid
Holden,BARINA Saloon (TK),2004,2004,itdiag8-dotcom/database (vivid_cars2000.db),added_from_vivid
Chevrolet,CORVETTE (C7),2012,2012,itdiag8-dotcom/database (vivid_cars2000.db),added_from_vivid
Chevrolet,CORVETTE Convertible (C7),2012,2012,itdiag8-dotcom/database (vivid_cars2000.db),added_from_vivid
Ford,E SERIES Bus,,,itdiag8-dotcom/database (vivid_cars2000.db),added_from_vivid
Ford,E SERIES Box,,,itdiag8-dotcom/database (vivid_cars2000.db),added_from_vivid
Hyundai,TIBURON Coupe,2005,2005,itdiag8-dotcom/database (vivid_cars2000.db),added_from_vivid
Holden,STATESMAN Saloon (WM),2005,2005,itdiag8-dotcom/database (vivid_cars2000.db),added_from_vivid
Mercedes,"SPRINTER CLASSIC 3,5-t Box (909)",,,itdiag8-dotcom/database (vivid_cars2000.db),added_from_vivid
Mercedes,"SPRINTER CLASSIC 4,6-t Bus (909)",,,itdiag8-dotcom/database (vivid_cars2000.db),added_from_vivid
Holden,CAPRICE Saloon (WM),2005,2005,itdiag8-dotcom/database (vivid_cars2000.db),added_from_vivid
Hyundai,PORTER Bus,2002,2002,itdiag8-dotcom/database (vivid_cars2000.db),added_from_vivid
Hyundai,PORTER Pickup,2002,2002,itdiag8-dotcom/database (vivid_cars2000.db),added_from_vivid
hernr_701,AVENTADOR Coupe,2010,2012,itdiag8-dotcom/database (vivid_cars2000.db),added_from_vivid
hernr_3086,520 Saloon,2005,2005,itdiag8-dotcom/database (vivid_cars2000.db),added_from_vivid
hernr_2590,VISION,2005,2008,itdiag8-dotcom/database (vivid_cars2000.db),added_from_vivid
hernr_3156,SCEO Closed Off-Road Vehicle,2004,2004,itdiag8-dotcom/database (vivid_cars2000.db),added_from_vivid
Suzuki,"SWIFT II Hatchback (EA, MA)",2001,2001,itdiag8-dotcom/database (vivid_cars2000.db),added_from_vivid
Toyota,"HIACE III Wagon (LH1_, RZH1_)",2001,2001,itdiag8-dotcom/database (vivid_cars2000.db),added_from_vivid
Peugeot,EXPERT Platform/Chassis (223),2000,2000,itdiag8-dotcom/database (vivid_cars2000.db),added_from_vivid
Toyota,"HIACE III Box (YH7_, LH6_, LH7_, LH5_, YH5_, YH6_)",2001,2001,itdiag8-dotcom/database (vivid_cars2000.db),added_from_vivid
hernr_1526,QX56,2009,2011,itdiag8-dotcom/database (vivid_cars2000.db),added_from_vivid
Mitsubishi,LANCER VI (CJ-CP_),2000,2000,itdiag8-dotcom/database (vivid_cars2000.db),added_from_vivid
Isuzu,"ELF Platform/Chassis (NKR8_, NKQ8_)",2003,2003,itdiag8-dotcom/database (vivid_cars2000.db),added_from_vivid
Isuzu,ELF Box (NKR8_),2003,2003,itdiag8-dotcom/database (vivid_cars2000.db),added_from_vivid
hernr_3122,G6 Saloon,2010,2010,itdiag8-dotcom/database (vivid_cars2000.db),added_from_vivid
hernr_1533,KELISA (L7_),2002,2003,itdiag8-dotcom/database (vivid_cars2000.db),added_from_vivid
hernr_1533,KENARI (L9_),2000,2000,itdiag8-dotcom/database (vivid_cars2000.db),added_from_vivid
hernr_3070,RIA,2001,2001,itdiag8-dotcom/database (vivid_cars2000.db),added_from_vivid
hernr_3070,SUTERA,2005,2005,itdiag8-dotcom/database (vivid_cars2000.db),added_from_vivid
hernr_3070,FORZA,2005,2005,itdiag8-dotcom/database (vivid_cars2000.db),added_from_vivid
Chevrolet,EXPRESS Bus,2006,2006,itdiag8-dotcom/database (vivid_cars2000.db),added_from_vivid
Chevrolet,SUBURBAN (GMT 900),2006,2010,itdiag8-dotcom/database (vivid_cars2000.db),added_from_vivid
Vauxhall,AGILA Mk II (B),2007,2010,itdiag8-dotcom/database (vivid_cars2000.db),added_from_vivid
Vauxhall,VXR8 Saloon,2006,2012,itdiag8-dotcom/database (vivid_cars2000.db),added_from_vivid
Chevrolet,TAHOE (GMT900),2006,2008,itdiag8-dotcom/database (vivid_cars2000.db),added_from_vivid
Holden,ASTRA (AH),2004,2006,itdiag8-dotcom/database (vivid_cars2000.db),added_from_vivid
Holden,ASTRA SPORTSBACK (AH),2004,2006,itdiag8-dotcom/database (vivid_cars2000.db),added_from_vivid
Chrysler,NITRO,,,itdiag8-dotcom/database (vivid_cars2000.db),added_from_vivid
Holden,COMMODORE Saloon (VX),2000,2000,itdiag8-dotcom/database (vivid_cars2000.db),added_from_vivid
hernr_803,AEROMAX Coupe,2006,2007,itdiag8-dotcom/database (vivid_cars2000.db),added_from_vivid
Porsche,911 Targa (997),2005,2007,itdiag8-dotcom/database (vivid_cars2000.db),added_from_vivid
hernr_2903,TENGYI C20R Hatchback,2012,2012,itdiag8-dotcom/database (vivid_cars2000.db),added_from_vivid
hernr_2855,DELICIA Bus,2003,2003,itdiag8-dotcom/database (vivid_cars2000.db),added_from_vivid
hernr_2903,STEED Pickup,2005,2012,itdiag8-dotcom/database (vivid_cars2000.db),added_from_vivid
Volkswagen,TRANSPORTER IV Platform/Chassis (70XD),2000,2000,itdiag8-dotcom/database (vivid_cars2000.db),added_from_vivid
Maserati,GRAN TURISMO,2007,2012,itdiag8-dotcom/database (vivid_cars2000.db),added_from_vivid
hernr_1526,G Coupe,2006,2009,itdiag8-dotcom/database (vivid_cars2000.db),added_from_vivid
Aston Martin,DB7 Coupe,2002,2002,itdiag8-dotcom/database (vivid_cars2000.db),added_from_vivid
LDV,CONVOY Box,2001,2002,itdiag8-dotcom/database (vivid_cars2000.db),added_from_vivid
Chrysler,"RAM 2500 Pickup (DJ, DS)",,,itdiag8-dotcom/database (vivid_cars2000.db),added_from_vivid
Lexus,"ES (MCV_, VZV_)",2001,2003,itdiag8-dotcom/database (vivid_cars2000.db),added_from_vivid
Mitsubishi,MIRAGE Hatchback,2011,2011,itdiag8-dotcom/database (vivid_cars2000.db),added_from_vivid
MG,EXPRESS Box,2002,2002,itdiag8-dotcom/database (vivid_cars2000.db),added_from_vivid
Ford,FAIRLANE Saloon (BA),,,itdiag8-dotcom/database (vivid_cars2000.db),added_from_vivid
Ford,FAIRLANE Saloon (BF),,,itdiag8-dotcom/database (vivid_cars2000.db),added_from_vivid
Audi,"A6 Allroad (4GH, 4GJ)",2011,2012,itdiag8-dotcom/database (vivid_cars2000.db),added_from_vivid
Volkswagen,PASSAT ALLTRACK (365),2011,2012,itdiag8-dotcom/database (vivid_cars2000.db),added_from_vivid
Ford,FALCON Saloon (BA),,,itdiag8-dotcom/database (vivid_cars2000.db),added_from_vivid
Ford,FALCON Pickup (BA),,,itdiag8-dotcom/database (vivid_cars2000.db),added_from_vivid
Seat,IBIZA V ST (6J8),2009,2012,itdiag8-dotcom/database (vivid_cars2000.db),added_from_vivid
Ford,FALCON Estate (BA),,,itdiag8-dotcom/database (vivid_cars2000.db),added_from_vivid
Ford,FALCON Platform/Chassis (BA),,,itdiag8-dotcom/database (vivid_cars2000.db),added_from_vivid
Ford,FALCON Saloon (BF),,,itdiag8-dotcom/database (vivid_cars2000.db),added_from_vivid
Ford,FALCON Pickup (BF),,,itdiag8-dotcom/database (vivid_cars2000.db),added_from_vivid
Ford,FALCON Estate (BF),,,itdiag8-dotcom/database (vivid_cars2000.db),added_from_vivid
Ford,LTD Saloon (BA),,,itdiag8-dotcom/database (vivid_cars2000.db),added_from_vivid
Ford,"TERRITORY (SX, SY)",,,itdiag8-dotcom/database (vivid_cars2000.db),added_from_vivid
Honda,ACCORD VIII Estate,2007,2007,itdiag8-dotcom/database (vivid_cars2000.db),added_from_vivid
Toyota,"VENZA (GGV1_, AGV1_)",2007,2007,itdiag8-dotcom/database (vivid_cars2000.db),added_from_vivid
Mazda,E-SERIE Box (SG),2002,2003,itdiag8-dotcom/database (vivid_cars2000.db),added_from_vivid
Kia,CARNIVAL I (UP),2000,2000,itdiag8-dotcom/database (vivid_cars2000.db),added_from_vivid
Holden,STATESMAN Saloon (WK),2003,2003,itdiag8-dotcom/database (vivid_cars2000.db),added_from_vivid
Holden,COMMODORE Saloon (VY),2002,2002,itdiag8-dotcom/database (vivid_cars2000.db),added_from_vivid
Holden,COMMODORE Saloon (VZ),2003,2004,itdiag8-dotcom/database (vivid_cars2000.db),added_from_vivid
Holden,COMMODORE Estate (VZ),2003,2005,itdiag8-dotcom/database (vivid_cars2000.db),added_from_vivid
Holden,MONARO Coupe (VZ),2003,2003,itdiag8-dotcom/database (vivid_cars2000.db),added_from_vivid
Volvo,V40 Hatchback,2011,2012,itdiag8-dotcom/database (vivid_cars2000.db),added_from_vivid
Mitsubishi,MAGNA Saloon (TW),2003,2003,itdiag8-dotcom/database (vivid_cars2000.db),added_from_vivid
Mitsubishi,MAGNA Saloon (TJ),2000,2002,itdiag8-dotcom/database (vivid_cars2000.db),added_from_vivid
Holden,COMMODORE Estate (VX),2000,2000,itdiag8-dotcom/database (vivid_cars2000.db),added_from_vivid
Nissan,NAVARA (D22),2000,2000,itdiag8-dotcom/database (vivid_cars2000.db),added_from_vivid
hernr_3276,SENATOR Saloon (VF),2012,2012,itdiag8-dotcom/database (vivid_cars2000.db),added_from_vivid
hernr_3122,F3R Hatchback,2006,2006,itdiag8-dotcom/database (vivid_cars2000.db),added_from_vivid
hernr_3122,F0 Hatchback,2007,2007,itdiag8-dotcom/database (vivid_cars2000.db),added_from_vivid
hernr_3122,F6,2007,2007,itdiag8-dotcom/database (vivid_cars2000.db),added_from_vivid
Triumph,CHIMAERA,2000,2000,itdiag8-dotcom/database (vivid_cars2000.db),added_from_vivid
Triumph,GRIFFITH (TCT_),2000,2000,itdiag8-dotcom/database (vivid_cars2000.db),added_from_vivid
Land Rover,DEFENDER Cabrio (LD),2006,2010,itdiag8-dotcom/database (vivid_cars2000.db),added_from_vivid
Land Rover,DEFENDER Station Wagon (LD),2006,2010,itdiag8-dotcom/database (vivid_cars2000.db),added_from_vivid
Land Rover,DEFENDER Pickup (LD_),2006,2010,itdiag8-dotcom/database (vivid_cars2000.db),added_from_vivid
hernr_3086,X60 Closed Off-Road Vehicle,2010,2010,itdiag8-dotcom/database (vivid_cars2000.db),added_from_vivid
Nissan,URVAN Bus (V2_),2000,2002,itdiag8-dotcom/database (vivid_cars2000.db),added_from_vivid
hernr_3124,5 SERIES (E60),2003,2003,itdiag8-dotcom/database (vivid_cars2000.db),added_from_vivid
hernr_2590,PANDA,2007,2007,itdiag8-dotcom/database (vivid_cars2000.db),added_from_vivid
hernr_1533,MYVI,2005,2005,itdiag8-dotcom/database (vivid_cars2000.db),added_from_vivid
Opel,ASTRA H Saloon (L69),2006,2009,itdiag8-dotcom/database (vivid_cars2000.db),added_from_vivid
hernr_3133,7,2006,2006,itdiag8-dotcom/database (vivid_cars2000.db),added_from_vivid
Buick,RENDEZVOUZ,2000,2000,itdiag8-dotcom/database (vivid_cars2000.db),added_from_vivid
Toyota,"AURION (GSV4_, ACV4_)",2000,2005,itdiag8-dotcom/database (vivid_cars2000.db),added_from_vivid
Kia,SHUMA (FB),2001,2001,itdiag8-dotcom/database (vivid_cars2000.db),added_from_vivid
Iveco,MASSIF Station Wagon,2007,2007,itdiag8-dotcom/database (vivid_cars2000.db),added_from_vivid
Iveco,MASSIF Single Cab,2007,2007,itdiag8-dotcom/database (vivid_cars2000.db),added_from_vivid
Iveco,MASSIF Pickup,2007,2007,itdiag8-dotcom/database (vivid_cars2000.db),added_from_vivid
Ford,KA (RU8),2007,2007,itdiag8-dotcom/database (vivid_cars2000.db),added_from_vivid
hernr_3276,CLUBSPORT Saloon (VX),2000,2000,itdiag8-dotcom/database (vivid_cars2000.db),added_from_vivid
hernr_3276,CLUBSPORT Saloon (VY),2002,2003,itdiag8-dotcom/database (vivid_cars2000.db),added_from_vivid
hernr_3276,CLUBSPORT Saloon (VZ),2003,2003,itdiag8-dotcom/database (vivid_cars2000.db),added_from_vivid
Suzuki,ALTO V (GF),2008,2008,itdiag8-dotcom/database (vivid_cars2000.db),added_from_vivid
Seat,EXEO (3R2),2007,2009,itdiag8-dotcom/database (vivid_cars2000.db),added_from_vivid
Mazda,3 (BL),2007,2009,itdiag8-dotcom/database (vivid_cars2000.db),added_from_vivid
Mazda,3 Saloon (BL),2007,2009,itdiag8-dotcom/database (vivid_cars2000.db),added_from_vivid
hernr_3130,HIGHLANDER,2008,2010,itdiag8-dotcom/database (vivid_cars2000.db),added_from_vivid
Honda,INSIGHT (ZE_),2008,2008,itdiag8-dotcom/database (vivid_cars2000.db),added_from_vivid
Toyota,PRIUS (ZVW3_),2008,2008,itdiag8-dotcom/database (vivid_cars2000.db),added_from_vivid
Nissan,370 Z (Z34),2008,2012,itdiag8-dotcom/database (vivid_cars2000.db),added_from_vivid
Nissan,PIXO (UA0),2008,2008,itdiag8-dotcom/database (vivid_cars2000.db),added_from_vivid
hernr_3297,FALCON Saloon (BA),2003,2003,itdiag8-dotcom/database (vivid_cars2000.db),added_from_vivid
hernr_3297,FALCON Pickup (BA),2003,2003,itdiag8-dotcom/database (vivid_cars2000.db),added_from_vivid
hernr_3297,FALCON Pickup (BF),2004,2004,itdiag8-dotcom/database (vivid_cars2000.db),added_from_vivid
LDV,MAXUS Platform/Chassis,2004,2005,itdiag8-dotcom/database (vivid_cars2000.db),added_from_vivid
hernr_3086,320,2005,2005,itdiag8-dotcom/database (vivid_cars2000.db),added_from_vivid
hernr_2903,HOVER H3 Closed Off-Road Vehicle,2008,2008,itdiag8-dotcom/database (vivid_cars2000.db),added_from_vivid
Seat,EXEO ST (3R5),2008,2009,itdiag8-dotcom/database (vivid_cars2000.db),added_from_vivid
Holden,COMMODORE Pickup (VU),2000,2000,itdiag8-dotcom/database (vivid_cars2000.db),added_from_vivid
Holden,COMMODORE Pickup (VY),2002,2002,itdiag8-dotcom/database (vivid_cars2000.db),added_from_vivid
Holden,COMMODORE Saloon (VE),2005,2008,itdiag8-dotcom/database (vivid_cars2000.db),added_from_vivid
Ferrari,SUPERAMERICA,2004,2004,itdiag8-dotcom/database (vivid_cars2000.db),added_from_vivid
hernr_2903,HOVER M4,2011,2012,itdiag8-dotcom/database (vivid_cars2000.db),added_from_vivid
hernr_3276,AVALANCHE Estate (VY),2003,2003,itdiag8-dotcom/database (vivid_cars2000.db),added_from_vivid
hernr_3276,AVALANCHE Pickup (VY),2003,2003,itdiag8-dotcom/database (vivid_cars2000.db),added_from_vivid
hernr_3276,GRANGE Saloon (WH),2000,2000,itdiag8-dotcom/database (vivid_cars2000.db),added_from_vivid
hernr_3276,GRANGE Saloon (WK),2003,2003,itdiag8-dotcom/database (vivid_cars2000.db),added_from_vivid
hernr_3276,GRANGE Saloon (WL),2003,2003,itdiag8-dotcom/database (vivid_cars2000.db),added_from_vivid
Holden,TIGRA (XC),2004,2004,itdiag8-dotcom/database (vivid_cars2000.db),added_from_vivid
hernr_2903,TENGYI C30 Saloon,2009,2009,itdiag8-dotcom/database (vivid_cars2000.db),added_from_vivid
hernr_2903,TENGYI C50 Saloon,2010,2010,itdiag8-dotcom/database (vivid_cars2000.db),added_from_vivid
Seat,LEON SC (5F5),2012,2012,itdiag8-dotcom/database (vivid_cars2000.db),added_from_vivid
Honda,CITY Saloon (GM),2007,2012,itdiag8-dotcom/database (vivid_cars2000.db),added_from_vivid
hernr_2903,TENGYI C10 Hatchback,2009,2009,itdiag8-dotcom/database (vivid_cars2000.db),added_from_vivid
Toyota,"VERSO (_AUR2_, _ZGR2_)",2008,2012,itdiag8-dotcom/database (vivid_cars2000.db),added_from_vivid
Holden,CAPRICE Saloon (WH),2000,2001,itdiag8-dotcom/database (vivid_cars2000.db),added_from_vivid
Holden,EPICA Saloon (EP),2006,2007,itdiag8-dotcom/database (vivid_cars2000.db),added_from_vivid
Holden,VECTRA Hatchback (JS),2000,2000,itdiag8-dotcom/database (vivid_cars2000.db),added_from_vivid
Holden,COMMODORE Estate (VE),2007,2008,itdiag8-dotcom/database (vivid_cars2000.db),added_from_vivid
Ford,RANGER Platform/Chassis (PJ),,,itdiag8-dotcom/database (vivid_cars2000.db),added_from_vivid
Ford,FOCUS Hatchback (LR),,,itdiag8-dotcom/database (vivid_cars2000.db),added_from_vivid
Ford,FOCUS Saloon (LR),,,itdiag8-dotcom/database (vivid_cars2000.db),added_from_vivid
Ford,"TRANSIT Bus (VH, VJ)",,,itdiag8-dotcom/database (vivid_cars2000.db),added_from_vivid
Ford,"TRANSIT Platform/Chassis (VH, VJ)",,,itdiag8-dotcom/database (vivid_cars2000.db),added_from_vivid
Ford,"FIESTA Hatchback (WP, WQ)",,,itdiag8-dotcom/database (vivid_cars2000.db),added_from_vivid
Ford,"ESCAPE (BA, ZA, ZB, ZC, ZD)",,,itdiag8-dotcom/database (vivid_cars2000.db),added_from_vivid
Ford,FOCUS Hatchback (LT),,,itdiag8-dotcom/database (vivid_cars2000.db),added_from_vivid
Ford,"FOCUS Saloon (LS, LT)",,,itdiag8-dotcom/database (vivid_cars2000.db),added_from_vivid
Ford,TRANSIT Bus (VM),,,itdiag8-dotcom/database (vivid_cars2000.db),added_from_vivid
Ford,TRANSIT Box (VM),,,itdiag8-dotcom/database (vivid_cars2000.db),added_from_vivid
Ford,TRANSIT Platform/Chassis (VM),,,itdiag8-dotcom/database (vivid_cars2000.db),added_from_vivid
Ford,RANGER Pickup (PJ),,,itdiag8-dotcom/database (vivid_cars2000.db),added_from_vivid
Ford,F150 Pickup,,,itdiag8-dotcom/database (vivid_cars2000.db),added_from_vivid
Holden,ASTRA Estate (AH),2006,2007,itdiag8-dotcom/database (vivid_cars2000.db),added_from_vivid
Holden,"CRUZE Saloon (JG, JH)",2008,2008,itdiag8-dotcom/database (vivid_cars2000.db),added_from_vivid
Holden,COMMODORE Pickup (VE),2006,2008,itdiag8-dotcom/database (vivid_cars2000.db),added_from_vivid
Holden,COLORADO Pickup (RC),2007,2007,itdiag8-dotcom/database (vivid_cars2000.db),added_from_vivid
Holden,COLORADO Platform/Chassis (RC),2007,2007,itdiag8-dotcom/database (vivid_cars2000.db),added_from_vivid
Ford,FALCON Saloon (FG),,,itdiag8-dotcom/database (vivid_cars2000.db),added_from_vivid
Ford,FIESTA Hatchback (WS),,,itdiag8-dotcom/database (vivid_cars2000.db),added_from_vivid
Subaru,"LEGACY V (BM, BR)",2008,2009,itdiag8-dotcom/database (vivid_cars2000.db),added_from_vivid
Ford,"MONDEO Saloon (MA, MB)",,,itdiag8-dotcom/database (vivid_cars2000.db),added_from_vivid
Ford,"MONDEO Hatchback (MA, MB, MC)",,,itdiag8-dotcom/database (vivid_cars2000.db),added_from_vivid
Ford,"MONDEO Estate (MB, MC)",,,itdiag8-dotcom/database (vivid_cars2000.db),added_from_vivid
Holden,CREWMAN Pickup (VY),2003,2003,itdiag8-dotcom/database (vivid_cars2000.db),added_from_vivid
Holden,RODEO Pickup (TF),2001,2001,itdiag8-dotcom/database (vivid_cars2000.db),added_from_vivid
Ford,COURIER Pickup (PH),,,itdiag8-dotcom/database (vivid_cars2000.db),added_from_vivid
Ford,COURIER Pickup (PG),,,itdiag8-dotcom/database (vivid_cars2000.db),added_from_vivid
hernr_124,10 (188),2004,2004,itdiag8-dotcom/database (vivid_cars2000.db),added_from_vivid
Ford,ECONOVAN Box (JH),,,itdiag8-dotcom/database (vivid_cars2000.db),added_from_vivid
Ford,COURIER Platform/Chassis (PG),,,itdiag8-dotcom/database (vivid_cars2000.db),added_from_vivid
Ford,COURIER Platform/Chassis (PH),,,itdiag8-dotcom/database (vivid_cars2000.db),added_from_vivid
Ford,FAIRMONT Saloon (BA),,,itdiag8-dotcom/database (vivid_cars2000.db),added_from_vivid
Ford,FAIRMONT Saloon (BF),,,itdiag8-dotcom/database (vivid_cars2000.db),added_from_vivid
Ford,FALCON Platform/Chassis (AU),,,itdiag8-dotcom/database (vivid_cars2000.db),added_from_vivid
Ford,FALCON Platform/Chassis (BF),,,itdiag8-dotcom/database (vivid_cars2000.db),added_from_vivid
Ford,FALCON Pickup (FG),,,itdiag8-dotcom/database (vivid_cars2000.db),added_from_vivid
Ford,FALCON Platform/Chassis (FG),,,itdiag8-dotcom/database (vivid_cars2000.db),added_from_vivid
Ford,FOCUS Hatchback (LV),,,itdiag8-dotcom/database (vivid_cars2000.db),added_from_vivid
Ford,FOCUS Saloon (LV),,,itdiag8-dotcom/database (vivid_cars2000.db),added_from_vivid
hernr_2903,COOLBEAR MPV,2008,2008,itdiag8-dotcom/database (vivid_cars2000.db),added_from_vivid
Ford,LASER Hatchback (KQ),,,itdiag8-dotcom/database (vivid_cars2000.db),added_from_vivid
Ford,LASER Saloon (KQ),,,itdiag8-dotcom/database (vivid_cars2000.db),added_from_vivid
Ford,RANGER Pickup (PK),,,itdiag8-dotcom/database (vivid_cars2000.db),added_from_vivid
Ford,RANGER Platform/Chassis (PK),,,itdiag8-dotcom/database (vivid_cars2000.db),added_from_vivid
hernr_3137,LAND CRUISER 200,2006,2006,itdiag8-dotcom/database (vivid_cars2000.db),added_from_vivid
Ford,MONDEO Saloon (HE),,,itdiag8-dotcom/database (vivid_cars2000.db),added_from_vivid
Citroën,C4 Saloon,2005,2005,itdiag8-dotcom/database (vivid_cars2000.db),added_from_vivid
Mercedes,"SPRINTER 4,6-t Box (906)",,,itdiag8-dotcom/database (vivid_cars2000.db),added_from_vivid
Mercedes,"SPRINTER 4,6-t Platform/Chassis (906)",,,itdiag8-dotcom/database (vivid_cars2000.db),added_from_vivid
Mercedes,SLS AMG (C197),,,itdiag8-dotcom/database (vivid_cars2000.db),added_from_vivid
Chevrolet,SPARK (M300),2009,2009,itdiag8-dotcom/database (vivid_cars2000.db),added_from_vivid
Nissan,STAGEA (M35),2001,2005,itdiag8-dotcom/database (vivid_cars2000.db),added_from_vivid
Mazda,CX-9 (TB),2006,2006,itdiag8-dotcom/database (vivid_cars2000.db),added_from_vivid
Peugeot,207 Van,2006,2006,itdiag8-dotcom/database (vivid_cars2000.db),added_from_vivid
Citroën,C2 ENTERPRISE,2008,2008,itdiag8-dotcom/database (vivid_cars2000.db),added_from_vivid
Kia,K2900,2007,2007,itdiag8-dotcom/database (vivid_cars2000.db),added_from_vivid
Kia,CERATO II Saloon (TD),2008,2009,itdiag8-dotcom/database (vivid_cars2000.db),added_from_vivid
Kia,CERATO KOUP (TD),2008,2009,itdiag8-dotcom/database (vivid_cars2000.db),added_from_vivid
Nissan,TEANA I (J31),2003,2003,itdiag8-dotcom/database (vivid_cars2000.db),added_from_vivid
Nissan,TEANA II (J32),2007,2012,itdiag8-dotcom/database (vivid_cars2000.db),added_from_vivid
Mazda,"BT-50 Platform/Chassis (CD, UN)",2005,2005,itdiag8-dotcom/database (vivid_cars2000.db),added_from_vivid
Chevrolet,TAVERA,2003,2003,itdiag8-dotcom/database (vivid_cars2000.db),added_from_vivid
Nissan,NAVARA Platform/Chassis (D22),2002,2002,itdiag8-dotcom/database (vivid_cars2000.db),added_from_vivid
hernr_3208,QM5,2005,2006,itdiag8-dotcom/database (vivid_cars2000.db),added_from_vivid
Chevrolet,LANOS Saloon,2004,2004,itdiag8-dotcom/database (vivid_cars2000.db),added_from_vivid
hernr_775,LANOS Saloon,2003,2003,itdiag8-dotcom/database (vivid_cars2000.db),added_from_vivid
hernr_775,LANOS Hatchback,2003,2003,itdiag8-dotcom/database (vivid_cars2000.db),added_from_vivid
hernr_3035,TIGUAN,2009,2009,itdiag8-dotcom/database (vivid_cars2000.db),added_from_vivid
hernr_2888,HAISE VI Bus,2007,2007,itdiag8-dotcom/database (vivid_cars2000.db),added_from_vivid
hernr_1139,LANOS Saloon,2003,2003,itdiag8-dotcom/database (vivid_cars2000.db),added_from_vivid
hernr_1139,LANOS Hatchback,2003,2003,itdiag8-dotcom/database (vivid_cars2000.db),added_from_vivid
hernr_178,XENON Pickup,2008,2008,itdiag8-dotcom/database (vivid_cars2000.db),added_from_vivid
Vauxhall,MOVANO Mk II (B) VAN,2009,2012,itdiag8-dotcom/database (vivid_cars2000.db),added_from_vivid
Proton,PERSONA Saloon,2007,2007,itdiag8-dotcom/database (vivid_cars2000.db),added_from_vivid
Honda,CR-Z (ZF1),2009,2011,itdiag8-dotcom/database (vivid_cars2000.db),added_from_vivid
Honda,ACCORD VII (CP),2006,2006,itdiag8-dotcom/database (vivid_cars2000.db),added_from_vivid
Nissan,PATROL II (GU),2006,2006,itdiag8-dotcom/database (vivid_cars2000.db),added_from_vivid
Suzuki,APV (GD),2004,2004,itdiag8-dotcom/database (vivid_cars2000.db),added_from_vivid
hernr_694,MASCOTT Platform/Chassis,2001,2003,itdiag8-dotcom/database (vivid_cars2000.db),added_from_vivid
hernr_694,MASCOTT Box Body / Estate,2001,2003,itdiag8-dotcom/database (vivid_cars2000.db),added_from_vivid
hernr_694,MASCOTT Dumptruck,2000,2000,itdiag8-dotcom/database (vivid_cars2000.db),added_from_vivid
Iveco,DAILY III Platform/Chassis,2001,2004,itdiag8-dotcom/database (vivid_cars2000.db),added_from_vivid
Iveco,DAILY III Box Body / Estate,2001,2004,itdiag8-dotcom/database (vivid_cars2000.db),added_from_vivid
Mercedes,SPRINTER 5-t Platform/Chassis (905),,,itdiag8-dotcom/database (vivid_cars2000.db),added_from_vivid
Mercedes,SPRINTER Dumptruck (905),,,itdiag8-dotcom/database (vivid_cars2000.db),added_from_vivid
Iveco,DAILY IV Platform/Chassis,2005,2007,itdiag8-dotcom/database (vivid_cars2000.db),added_from_vivid
Iveco,DAILY IV Box Body / Estate,2005,2006,itdiag8-dotcom/database (vivid_cars2000.db),added_from_vivid
Iveco,DAILY IV Dumptruck,2005,2006,itdiag8-dotcom/database (vivid_cars2000.db),added_from_vivid
Mercedes,VARIO Platform/Chassis,,,itdiag8-dotcom/database (vivid_cars2000.db),added_from_vivid
Mercedes,VARIO Dumptruck,,,itdiag8-dotcom/database (vivid_cars2000.db),added_from_vivid
Mercedes,VARIO Box Body / Estate,,,itdiag8-dotcom/database (vivid_cars2000.db),added_from_vivid
Isuzu,D-MAX Platform/Chassis (8DH),2006,2006,itdiag8-dotcom/database (vivid_cars2000.db),added_from_vivid
hernr_3276,CLUBSPORT Saloon (VE),2005,2011,itdiag8-dotcom/database (vivid_cars2000.db),added_from_vivid
Suzuki,CARRY Pickup (FD),2000,2010,itdiag8-dotcom/database (vivid_cars2000.db),added_from_vivid
Toyota,"LAND CRUISER (PZJ7_, KZJ7_, HZJ7_, BJ7_, LJ7_, RJ7_)",2001,2006,itdiag8-dotcom/database (vivid_cars2000.db),added_from_vivid
Nissan,JUKE (F15),2009,2012,itdiag8-dotcom/database (vivid_cars2000.db),added_from_vivid
Nissan,ELGRAND (E50),2000,2000,itdiag8-dotcom/database (vivid_cars2000.db),added_from_vivid
Aston Martin,DB9 Convertible,2003,2011,itdiag8-dotcom/database (vivid_cars2000.db),added_from_vivid
Aston Martin,DBS Coupe,2006,2006,itdiag8-dotcom/database (vivid_cars2000.db),added_from_vivid
hernr_1526,G Convertible,2009,2009,itdiag8-dotcom/database (vivid_cars2000.db),added_from_vivid
hernr_802,2 ELEVEN,2006,2006,itdiag8-dotcom/database (vivid_cars2000.db),added_from_vivid
hernr_705,GHOST,2007,2007,itdiag8-dotcom/database (vivid_cars2000.db),added_from_vivid
hernr_705,PHANTOM Drophead Coupe,2005,2005,itdiag8-dotcom/database (vivid_cars2000.db),added_from_vivid
hernr_815,MULSANNE,2008,2012,itdiag8-dotcom/database (vivid_cars2000.db),added_from_vivid
hernr_2904,OROCHI,2005,2005,itdiag8-dotcom/database (vivid_cars2000.db),added_from_vivid
hernr_2904,HIMIKO Convertible (NCEC),2007,2007,itdiag8-dotcom/database (vivid_cars2000.db),added_from_vivid
hernr_803,ROADSTER Convertible,2003,2010,itdiag8-dotcom/database (vivid_cars2000.db),added_from_vivid
hernr_803,AERO SUPERSPORTS,2009,2009,itdiag8-dotcom/database (vivid_cars2000.db),added_from_vivid
hernr_1139,VIDA Saloon,2011,2011,itdiag8-dotcom/database (vivid_cars2000.db),added_from_vivid
hernr_2242,FORA,2003,2003,itdiag8-dotcom/database (vivid_cars2000.db),added_from_vivid
hernr_705,PHANTOM Coupe,2006,2006,itdiag8-dotcom/database (vivid_cars2000.db),added_from_vivid
Nissan,PATROL III (Y62),2009,2009,itdiag8-dotcom/database (vivid_cars2000.db),added_from_vivid
Opel,MOVANO B Box,2009,2012,itdiag8-dotcom/database (vivid_cars2000.db),added_from_vivid
Opel,MOVANO B Platform/Chassis,2009,2012,itdiag8-dotcom/database (vivid_cars2000.db),added_from_vivid
Suzuki,KIZASHI (FR),2009,2011,itdiag8-dotcom/database (vivid_cars2000.db),added_from_vivid
Dacia,SANDERO II,2011,2012,itdiag8-dotcom/database (vivid_cars2000.db),added_from_vivid
Nissan,SENTRA (B17),2011,2011,itdiag8-dotcom/database (vivid_cars2000.db),added_from_vivid
Nissan,TIIDA Saloon (C12),2010,2011,itdiag8-dotcom/database (vivid_cars2000.db),added_from_vivid
Audi,A3 Limousine (8VS),2012,2012,itdiag8-dotcom/database (vivid_cars2000.db),added_from_vivid
Chevrolet,ASTRO Extended Cargo Van,2001,2001,itdiag8-dotcom/database (vivid_cars2000.db),added_from_vivid
Chevrolet,ASTRO Extended Passenger Van,2001,2001,itdiag8-dotcom/database (vivid_cars2000.db),added_from_vivid
Chevrolet,AVALANCHE Crew Cab Pickup,2005,2009,itdiag8-dotcom/database (vivid_cars2000.db),added_from_vivid
Chevrolet,AVALANCHE 1500 Crew Cab Pickup,2001,2003,itdiag8-dotcom/database (vivid_cars2000.db),added_from_vivid
Chevrolet,AVALANCHE 2500 Crew Cab Pickup,2001,2003,itdiag8-dotcom/database (vivid_cars2000.db),added_from_vivid
Chevrolet,BLAZER S10,2002,2002,itdiag8-dotcom/database (vivid_cars2000.db),added_from_vivid
Chevrolet,SILVERADO 1500 Extended Cab Pickup,2005,2009,itdiag8-dotcom/database (vivid_cars2000.db),added_from_vivid
Chevrolet,SILVERADO 1500 Crew Cab Pickup,2005,2008,itdiag8-dotcom/database (vivid_cars2000.db),added_from_vivid
Chevrolet,SILVERADO 2500 Cab & Chassis,2011,2011,itdiag8-dotcom/database (vivid_cars2000.db),added_from_vivid
Chevrolet,SILVERADO 2500 Extended Cab Pickup,2009,2009,itdiag8-dotcom/database (vivid_cars2000.db),added_from_vivid
Chevrolet,SILVERADO 2500 HD Crew Cab Pickup,2009,2009,itdiag8-dotcom/database (vivid_cars2000.db),added_from_vivid
Chevrolet,SILVERADO 2500 HD Standard Cab Pickup,2006,2011,itdiag8-dotcom/database (vivid_cars2000.db),added_from_vivid
Chevrolet,SILVERADO 3500 Cab & Chassis,2009,2009,itdiag8-dotcom/database (vivid_cars2000.db),added_from_vivid
Chevrolet,SILVERADO 3500 Crew Cab Pickup,2000,2000,itdiag8-dotcom/database (vivid_cars2000.db),added_from_vivid
Chevrolet,SUBURBAN 1500 Closed Off-Road Vehicle,2006,2006,itdiag8-dotcom/database (vivid_cars2000.db),added_from_vivid
Maserati,GHIBLI (M157),2012,2012,itdiag8-dotcom/database (vivid_cars2000.db),added_from_vivid
Skoda,RAPID Spaceback (NH1),2011,2012,itdiag8-dotcom/database (vivid_cars2000.db),added_from_vivid
Chrysler,RAM 1500 Crew Cab Pickup,,,itdiag8-dotcom/database (vivid_cars2000.db),added_from_vivid
Chrysler,RAM 2500 Cab & Chassis,,,itdiag8-dotcom/database (vivid_cars2000.db),added_from_vivid
Chrysler,RAM 2500 Crew Cab Pickup,,,itdiag8-dotcom/database (vivid_cars2000.db),added_from_vivid
Chrysler,RAM 2500 Extended Crew Cab Pickup,,,itdiag8-dotcom/database (vivid_cars2000.db),added_from_vivid
Chrysler,RAM 3500 Cab & Chassis,,,itdiag8-dotcom/database (vivid_cars2000.db),added_from_vivid
Chrysler,RAM 3500 Crew Cab Pickup,,,itdiag8-dotcom/database (vivid_cars2000.db),added_from_vivid
Toyota,WILL Vi (NCP19_),2000,2000,itdiag8-dotcom/database (vivid_cars2000.db),added_from_vivid
hernr_3913,V10,2011,2011,itdiag8-dotcom/database (vivid_cars2000.db),added_from_vivid
GMC,SIERRA 1500 Crew Cab Pickup,2006,2009,itdiag8-dotcom/database (vivid_cars2000.db),added_from_vivid
GMC,SIERRA 1500 HD Crew Cab Pickup,2000,2000,itdiag8-dotcom/database (vivid_cars2000.db),added_from_vivid
GMC,SIERRA 2500 HD Cab & Chassis,2006,2011,itdiag8-dotcom/database (vivid_cars2000.db),added_from_vivid
GMC,SIERRA 2500 HD Crew Cab Pickup,2006,2011,itdiag8-dotcom/database (vivid_cars2000.db),added_from_vivid
GMC,SIERRA 3500 Cab & Chassis,2000,2000,itdiag8-dotcom/database (vivid_cars2000.db),added_from_vivid
GMC,SIERRA 3500 Crew Cab Pickup,2000,2000,itdiag8-dotcom/database (vivid_cars2000.db),added_from_vivid
Volkswagen,"GOLF VII (5G1, BE1)",2011,2012,itdiag8-dotcom/database (vivid_cars2000.db),added_from_vivid
Ford,TOURNEO CONNECT / GRAND TOURNEO CONNECT Kombi,2012,2012,itdiag8-dotcom/database (vivid_cars2000.db),added_from_vivid
BMW,"4 Coupe (F32, F82)",2012,2013,itdiag8-dotcom/database (vivid_cars2000.db),added_from_vivid
Chevrolet,SILVERADO 3500 HD Cab & Chassis,2006,2008,itdiag8-dotcom/database (vivid_cars2000.db),added_from_vivid
Chrysler,RAM 4000 Standard Cab Pickup,,,itdiag8-dotcom/database (vivid_cars2000.db),added_from_vivid
GMC,SIERRA 3500 HD Standard Cab Pickup,2006,2010,itdiag8-dotcom/database (vivid_cars2000.db),added_from_vivid
Mazda,"CX-5 (KE, GH)",2010,2012,itdiag8-dotcom/database (vivid_cars2000.db),added_from_vivid
Lexus,LX (UZJ100),2001,2002,itdiag8-dotcom/database (vivid_cars2000.db),added_from_vivid
hernr_124,KORAL,2002,2002,itdiag8-dotcom/database (vivid_cars2000.db),added_from_vivid
Suzuki,CULTUS,2010,2010,itdiag8-dotcom/database (vivid_cars2000.db),added_from_vivid
Chrysler,RAM 1500 Extended Crew Cab Pickup,,,itdiag8-dotcom/database (vivid_cars2000.db),added_from_vivid
Chrysler,RAM 1500 Standard Cab Pickup,,,itdiag8-dotcom/database (vivid_cars2000.db),added_from_vivid
GMC,SIERRA 1500 Extended Cab Pickup,2006,2008,itdiag8-dotcom/database (vivid_cars2000.db),added_from_vivid
Cadillac,ESCALADE Crew Cab Pickup,2007,2007,itdiag8-dotcom/database (vivid_cars2000.db),added_from_vivid
GMC,SIERRA 1500 Standard Cab Pickup,2006,2009,itdiag8-dotcom/database (vivid_cars2000.db),added_from_vivid
GMC,SIERRA 3500 HD Crew Cab Pickup,2006,2010,itdiag8-dotcom/database (vivid_cars2000.db),added_from_vivid
Chevrolet,SILVERADO 1500 Standard Cab Pickup,2005,2009,itdiag8-dotcom/database (vivid_cars2000.db),added_from_vivid
Chrysler,RAM 2500 Standard Cab Pickup,,,itdiag8-dotcom/database (vivid_cars2000.db),added_from_vivid
Chrysler,RAM 3500 Standard Cab Pickup,,,itdiag8-dotcom/database (vivid_cars2000.db),added_from_vivid
Chevrolet,SILVERADO 3500 HD Crew Cab Pickup,2007,2009,itdiag8-dotcom/database (vivid_cars2000.db),added_from_vivid
Chevrolet,SILVERADO 3500 Extended Cab Pickup,2009,2011,itdiag8-dotcom/database (vivid_cars2000.db),added_from_vivid
Chevrolet,SILVERADO 3500 Standard Cab Pickup,2008,2008,itdiag8-dotcom/database (vivid_cars2000.db),added_from_vivid
Chevrolet,SILVERADO 3500 HD Standard Cab Pickup,2009,2009,itdiag8-dotcom/database (vivid_cars2000.db),added_from_vivid
Chevrolet,SUBURBAN 2500 Closed Off-Road Vehicle,2006,2009,itdiag8-dotcom/database (vivid_cars2000.db),added_from_vivid
BMW,1 (E87),2003,2010,itdiag8-dotcom/database (vivid_cars2000.db),added_from_vivid
BMW,1 (F21),2010,2013,itdiag8-dotcom/database (vivid_cars2000.db),added_from_vivid
Hyundai,GENESIS (BH),2007,2007,itdiag8-dotcom/database (vivid_cars2000.db),added_from_vivid
hernr_3300,V80 Bus,2009,2009,itdiag8-dotcom/database (vivid_cars2000.db),added_from_vivid
hernr_3300,V80 Box,2009,2009,itdiag8-dotcom/database (vivid_cars2000.db),added_from_vivid
Maserati,QUATTROPORTE VI,2011,2012,itdiag8-dotcom/database (vivid_cars2000.db),added_from_vivid
Toyota,"COROLLA Saloon (NRE18_, ZRE17_, ZRE18_, NDE18_)",2012,2012,itdiag8-dotcom/database (vivid_cars2000.db),added_from_vivid
Citroën,C4 Grand Picasso II,2012,2012,itdiag8-dotcom/database (vivid_cars2000.db),added_from_vivid
Mini,MINI PACEMAN (R61),2011,2013,itdiag8-dotcom/database (vivid_cars2000.db),added_from_vivid
Mercedes,GL-CLASS (X166),,,itdiag8-dotcom/database (vivid_cars2000.db),added_from_vivid
Citroën,C4 Picasso II,2012,2012,itdiag8-dotcom/database (vivid_cars2000.db),added_from_vivid
Audi,A3 Sportback (8VA),2011,2012,itdiag8-dotcom/database (vivid_cars2000.db),added_from_vivid
BMW,3 Gran Turismo (F34),2012,2012,itdiag8-dotcom/database (vivid_cars2000.db),added_from_vivid
Ford,TRANSIT CONNECT Box,2012,2012,itdiag8-dotcom/database (vivid_cars2000.db),added_from_vivid
GMC,SIERRA 2500 HD Extended Cab Pickup,2007,2011,itdiag8-dotcom/database (vivid_cars2000.db),added_from_vivid
GMC,SIERRA 2500 HD Standard Cab Pickup,2006,2011,itdiag8-dotcom/database (vivid_cars2000.db),added_from_vivid
GMC,SIERRA 3500 HD Cab & Chassis,2005,2009,itdiag8-dotcom/database (vivid_cars2000.db),added_from_vivid
GMC,SIERRA 3500 HD Extended Cab Pickup,2006,2009,itdiag8-dotcom/database (vivid_cars2000.db),added_from_vivid
Chevrolet,SILVERADO 2500 Crew Cab Pickup,2011,2011,itdiag8-dotcom/database (vivid_cars2000.db),added_from_vivid
Chevrolet,SILVERADO 3500 HD Extended Cab Pickup,2009,2009,itdiag8-dotcom/database (vivid_cars2000.db),added_from_vivid
Chrysler,RAM 3500 Extended Crew Cab Pickup,,,itdiag8-dotcom/database (vivid_cars2000.db),added_from_vivid
Chrysler,Ram 4500 Cab & Chassis,,,itdiag8-dotcom/database (vivid_cars2000.db),added_from_vivid
Chrysler,Ram 5500 Cab & Chassis,,,itdiag8-dotcom/database (vivid_cars2000.db),added_from_vivid
Hyundai,EQUUS / CENTENNIAL,2008,2012,itdiag8-dotcom/database (vivid_cars2000.db),added_from_vivid
hernr_803,PLUS EIGHT,2009,2009,itdiag8-dotcom/database (vivid_cars2000.db),added_from_vivid
hernr_803,PLUS FOUR,2003,2012,itdiag8-dotcom/database (vivid_cars2000.db),added_from_vivid
hernr_803,AERO Coupe,2011,2011,itdiag8-dotcom/database (vivid_cars2000.db),added_from_vivid
Suzuki,VITARA (ET),2003,2003,itdiag8-dotcom/database (vivid_cars2000.db),added_from_vivid
Suzuki,VITARA Cabrio (ET),2003,2003,itdiag8-dotcom/database (vivid_cars2000.db),added_from_vivid
Rover,CITYROVER,2003,2003,itdiag8-dotcom/database (vivid_cars2000.db),added_from_vivid
Mitsubishi,SPACE RUNNER (N6_W),2000,2000,itdiag8-dotcom/database (vivid_cars2000.db),added_from_vivid
Audi,A3 (8V1),2011,2012,itdiag8-dotcom/database (vivid_cars2000.db),added_from_vivid
Mazda,MPV III (LY),2005,2005,itdiag8-dotcom/database (vivid_cars2000.db),added_from_vivid
BMW,3 Touring (F31),2010,2012,itdiag8-dotcom/database (vivid_cars2000.db),added_from_vivid
Citroën,C4 AIRCROSS,2011,2011,itdiag8-dotcom/database (vivid_cars2000.db),added_from_vivid
Chrysler,DART,,,itdiag8-dotcom/database (vivid_cars2000.db),added_from_vivid
Chrysler,CHALLENGER Coupe,,,itdiag8-dotcom/database (vivid_cars2000.db),added_from_vivid
Chrysler,CARAVAN,,,itdiag8-dotcom/database (vivid_cars2000.db),added_from_vivid
Chrysler,VIPER Coupe,,,itdiag8-dotcom/database (vivid_cars2000.db),added_from_vivid
Chrysler,YPSILON,2010,2010,itdiag8-dotcom/database (vivid_cars2000.db),added_from_vivid
Chrysler,DELTA,2010,2010,itdiag8-dotcom/database (vivid_cars2000.db),added_from_vivid
Lancia,FLAVIA Convertible (JS),2011,2011,itdiag8-dotcom/database (vivid_cars2000.db),added_from_vivid
hernr_2852,CV6 Hatchback,2008,2008,itdiag8-dotcom/database (vivid_cars2000.db),added_from_vivid
hernr_2852,STAR Pickup,2010,2010,itdiag8-dotcom/database (vivid_cars2000.db),added_from_vivid
Chevrolet,LUMINA Saloon,2003,2003,itdiag8-dotcom/database (vivid_cars2000.db),added_from_vivid
Chevrolet,OPTRA Estate,2005,2005,itdiag8-dotcom/database (vivid_cars2000.db),added_from_vivid
Mercedes,A-CLASS (W176),,,itdiag8-dotcom/database (vivid_cars2000.db),added_from_vivid
Daihatsu,LUXIO,2008,2008,itdiag8-dotcom/database (vivid_cars2000.db),added_from_vivid
Honda,ELYSION,2003,2003,itdiag8-dotcom/database (vivid_cars2000.db),added_from_vivid
Mitsubishi,"L 200 Platform/Chassis (KA_T, KB_T)",2008,2009,itdiag8-dotcom/database (vivid_cars2000.db),added_from_vivid
Mitsubishi,MAVEN,2004,2004,itdiag8-dotcom/database (vivid_cars2000.db),added_from_vivid
Mitsubishi,SAVRIN,2001,2003,itdiag8-dotcom/database (vivid_cars2000.db),added_from_vivid
hernr_3070,CITRA,2004,2005,itdiag8-dotcom/database (vivid_cars2000.db),added_from_vivid
hernr_3070,SURIA,2005,2005,itdiag8-dotcom/database (vivid_cars2000.db),added_from_vivid
Nissan,LAFESTA,2004,2004,itdiag8-dotcom/database (vivid_cars2000.db),added_from_vivid
Opel,ASTRA J Saloon,2011,2012,itdiag8-dotcom/database (vivid_cars2000.db),added_from_vivid
Vauxhall,ASTRA Mk VI (J) Saloon,2011,2011,itdiag8-dotcom/database (vivid_cars2000.db),added_from_vivid
Chevrolet,CRUZE Station Wagon (J308),2011,2012,itdiag8-dotcom/database (vivid_cars2000.db),added_from_vivid
Toyota,COROLLA Saloon (_NZE16_),2011,2011,itdiag8-dotcom/database (vivid_cars2000.db),added_from_vivid
Toyota,"COROLLA Estate (NKE16_, NZE16_)",2011,2013,itdiag8-dotcom/database (vivid_cars2000.db),added_from_vivid
Toyota,"PIXIS EPOCH (LA31_, LA30_)",2011,2011,itdiag8-dotcom/database (vivid_cars2000.db),added_from_vivid
Mitsubishi,"DELICA D3 (BVM2_, BM2_)",2010,2010,itdiag8-dotcom/database (vivid_cars2000.db),added_from_vivid
Mitsubishi,"PROUDIA/DIGNITY (BHGY5_, BY_5)",2011,2011,itdiag8-dotcom/database (vivid_cars2000.db),added_from_vivid
Hyundai,i40 (VF),2011,2011,itdiag8-dotcom/database (vivid_cars2000.db),added_from_vivid
Toyota,"SIENNA (ASL3_, GSL3_)",2009,2009,itdiag8-dotcom/database (vivid_cars2000.db),added_from_vivid
Toyota,PRIUS C (NHP10_),2011,2011,itdiag8-dotcom/database (vivid_cars2000.db),added_from_vivid
hernr_802,EXIGE,2011,2011,itdiag8-dotcom/database (vivid_cars2000.db),added_from_vivid
Toyota,"AURIS (NZE18_, ZRE18_)",2011,2011,itdiag8-dotcom/database (vivid_cars2000.db),added_from_vivid
Chevrolet,OPTRA Hatchback,2005,2005,itdiag8-dotcom/database (vivid_cars2000.db),added_from_vivid
Daihatsu,EXTOL Box,2000,2003,itdiag8-dotcom/database (vivid_cars2000.db),added_from_vivid
Lada,GRANTA (2190),2010,2010,itdiag8-dotcom/database (vivid_cars2000.db),added_from_vivid
Hyundai,H100 Platform/Chassis,2003,2003,itdiag8-dotcom/database (vivid_cars2000.db),added_from_vivid
Hyundai,ACCENT IV Saloon (RB),2009,2010,itdiag8-dotcom/database (vivid_cars2000.db),added_from_vivid
hernr_3677,LORIMAS Platform/Chassis,2000,2000,itdiag8-dotcom/database (vivid_cars2000.db),added_from_vivid
hernr_3677,HD 5000,2006,2006,itdiag8-dotcom/database (vivid_cars2000.db),added_from_vivid
Isuzu,KB,2009,2009,itdiag8-dotcom/database (vivid_cars2000.db),added_from_vivid
Hyundai,SANTA FÉ III (DM),2011,2011,itdiag8-dotcom/database (vivid_cars2000.db),added_from_vivid
Chevrolet,AVEO Hatchback (T200),2004,2004,itdiag8-dotcom/database (vivid_cars2000.db),added_from_vivid
Vauxhall,VXR8 MALOO,2007,2007,itdiag8-dotcom/database (vivid_cars2000.db),added_from_vivid
Vauxhall,VXR8 Estate,2007,2007,itdiag8-dotcom/database (vivid_cars2000.db),added_from_vivid
hernr_3071,HAICE Bus,2002,2002,itdiag8-dotcom/database (vivid_cars2000.db),added_from_vivid
Jaguar,XF SPORTBRAKE (CC9),2011,2012,itdiag8-dotcom/database (vivid_cars2000.db),added_from_vivid
Mitsubishi,SPACE STAR Hatchback (A0_A),2011,2011,itdiag8-dotcom/database (vivid_cars2000.db),added_from_vivid
hernr_2590,MK Saloon,2011,2011,itdiag8-dotcom/database (vivid_cars2000.db),added_from_vivid
hernr_2590,MK Hatchback,2011,2011,itdiag8-dotcom/database (vivid_cars2000.db),added_from_vivid
Ferrari,360 (F131),2001,2003,itdiag8-dotcom/database (vivid_cars2000.db),added_from_vivid
hernr_3086,520 Hatchback,2005,2005,itdiag8-dotcom/database (vivid_cars2000.db),added_from_vivid
Skoda,RAPID (NH3),2011,2012,itdiag8-dotcom/database (vivid_cars2000.db),added_from_vivid
Nissan,PRIMASTAR Platform/Chassis,2002,2002,itdiag8-dotcom/database (vivid_cars2000.db),added_from_vivid
hernr_3076,BS6,2006,2006,itdiag8-dotcom/database (vivid_cars2000.db),added_from_vivid
Mitsubishi,"OUTLANDER III (GG_W, GF_W)",2011,2011,itdiag8-dotcom/database (vivid_cars2000.db),added_from_vivid
Chevrolet,SILVERADO 2500 Standard Cab Pickup,2009,2009,itdiag8-dotcom/database (vivid_cars2000.db),added_from_vivid
Mitsubishi,ZINGER MPV (KB0_A),2004,2007,itdiag8-dotcom/database (vivid_cars2000.db),added_from_vivid
Mitsubishi,"VERYCA Box Body / Estate (CA9_W, CA8_W)",2010,2010,itdiag8-dotcom/database (vivid_cars2000.db),added_from_vivid
Iveco,DAILY V Platform/Chassis,2010,2010,itdiag8-dotcom/database (vivid_cars2000.db),added_from_vivid
Toyota,PORTE II (NCP14_),2011,2011,itdiag8-dotcom/database (vivid_cars2000.db),added_from_vivid
Toyota,SPADE (NCP14_),2011,2011,itdiag8-dotcom/database (vivid_cars2000.db),added_from_vivid
Iveco,DAILY V Box Body / Estate,2010,2010,itdiag8-dotcom/database (vivid_cars2000.db),added_from_vivid
Land Rover,RANGE ROVER IV (LG),2011,2012,itdiag8-dotcom/database (vivid_cars2000.db),added_from_vivid
Seat,LEON (5F1),2011,2012,itdiag8-dotcom/database (vivid_cars2000.db),added_from_vivid
Iveco,DAILY V Dumptruck,2010,2010,itdiag8-dotcom/database (vivid_cars2000.db),added_from_vivid
Volkswagen,BEETLE Convertible (5C7),2011,2013,itdiag8-dotcom/database (vivid_cars2000.db),added_from_vivid
Hyundai,i30 CW (GD),2011,2011,itdiag8-dotcom/database (vivid_cars2000.db),added_from_vivid
Kia,CEE`D Sportswagon,2011,2012,itdiag8-dotcom/database (vivid_cars2000.db),added_from_vivid
Kia,PRO CEE´D,2012,2012,itdiag8-dotcom/database (vivid_cars2000.db),added_from_vivid
hernr_1518,MP4 SPIDER,2011,2011,itdiag8-dotcom/database (vivid_cars2000.db),added_from_vivid
hernr_3742,7 Closed Off-Road Vehicle,2010,2010,itdiag8-dotcom/database (vivid_cars2000.db),added_from_vivid
Jaguar,F-TYPE Convertible,2011,2013,itdiag8-dotcom/database (vivid_cars2000.db),added_from_vivid
Dacia,LOGAN MCV II,2012,2012,itdiag8-dotcom/database (vivid_cars2000.db),added_from_vivid
Dacia,LOGAN II,2011,2012,itdiag8-dotcom/database (vivid_cars2000.db),added_from_vivid
Mitsubishi,"PAJERO III (V7_W, V6_W)",2000,2001,itdiag8-dotcom/database (vivid_cars2000.db),added_from_vivid
Kia,CERATO Saloon,2001,2001,itdiag8-dotcom/database (vivid_cars2000.db),added_from_vivid
Mercedes,CLS Shooting Brake (X218),,,itdiag8-dotcom/database (vivid_cars2000.db),added_from_vivid
Renault,CLIO IV,2011,2012,itdiag8-dotcom/database (vivid_cars2000.db),added_from_vivid
Mercedes,CITAN Box (415),,,itdiag8-dotcom/database (vivid_cars2000.db),added_from_vivid
Mercedes,CITAN Mixto (415),,,itdiag8-dotcom/database (vivid_cars2000.db),added_from_vivid
Mercedes,CITAN Combi (415),,,itdiag8-dotcom/database (vivid_cars2000.db),added_from_vivid
Porsche,CAYMAN (981),2012,2012,itdiag8-dotcom/database (vivid_cars2000.db),added_from_vivid
Citroën,C-ELYSEE,2011,2011,itdiag8-dotcom/database (vivid_cars2000.db),added_from_vivid
Renault,CLIO Grandtour IV,2012,2012,itdiag8-dotcom/database (vivid_cars2000.db),added_from_vivid
Honda,NBOX (JF),2010,2010,itdiag8-dotcom/database (vivid_cars2000.db),added_from_vivid
Honda,"CIVIC IX Saloon (FB, FG)",2010,2012,itdiag8-dotcom/database (vivid_cars2000.db),added_from_vivid
Suzuki,EVERY,2011,2011,itdiag8-dotcom/database (vivid_cars2000.db),added_from_vivid
Suzuki,MR WAGON,2009,2010,itdiag8-dotcom/database (vivid_cars2000.db),added_from_vivid
Suzuki,PALETTE,2011,2011,itdiag8-dotcom/database (vivid_cars2000.db),added_from_vivid
Suzuki,SOLIO,2010,2010,itdiag8-dotcom/database (vivid_cars2000.db),added_from_vivid
Chevrolet,TRAILBLAZER (31UX),2011,2011,itdiag8-dotcom/database (vivid_cars2000.db),added_from_vivid
Seat,TOLEDO IV (KG3),2011,2012,itdiag8-dotcom/database (vivid_cars2000.db),added_from_vivid
Chrysler,300 C,2010,2010,itdiag8-dotcom/database (vivid_cars2000.db),added_from_vivid
Mazda,"6 Saloon (GJ, GH)",2011,2012,itdiag8-dotcom/database (vivid_cars2000.db),added_from_vivid
Mazda,"6 Estate (GJ, GH)",2011,2012,itdiag8-dotcom/database (vivid_cars2000.db),added_from_vivid
Chrysler,"RAM 4000 Pickup (DR, D1, DC, DM, DH)",,,itdiag8-dotcom/database (vivid_cars2000.db),added_from_vivid
hernr_3086,620 Saloon,2007,2007,itdiag8-dotcom/database (vivid_cars2000.db),added_from_vivid
MG,MG 7,2006,2006,itdiag8-dotcom/database (vivid_cars2000.db),added_from_vivid
Mitsubishi,MINICAB Platform/Chassis (U6_T),2010,2010,itdiag8-dotcom/database (vivid_cars2000.db),added_from_vivid
Mitsubishi,MINICAB Bus (U6_V),2010,2010,itdiag8-dotcom/database (vivid_cars2000.db),added_from_vivid
Mitsubishi,LANCER Estate (CV_1),2007,2007,itdiag8-dotcom/database (vivid_cars2000.db),added_from_vivid
hernr_1533,MYVI II,2010,2010,itdiag8-dotcom/database (vivid_cars2000.db),added_from_vivid
Vauxhall,CASCADA Convertible,2012,2012,itdiag8-dotcom/database (vivid_cars2000.db),added_from_vivid
Toyota,"CROWN Saloon (GRS21_, AWS21_)",2011,2011,itdiag8-dotcom/database (vivid_cars2000.db),added_from_vivid
Toyota,PIXIS Platform/Chassis (S2_),2011,2011,itdiag8-dotcom/database (vivid_cars2000.db),added_from_vivid
Toyota,PIXIS Bus (S3_M),2011,2011,itdiag8-dotcom/database (vivid_cars2000.db),added_from_vivid
BMW,2 Coupe (F22),2012,2013,itdiag8-dotcom/database (vivid_cars2000.db),added_from_vivid
BMW,"4 Convertible (F33, F83)",2012,2012,itdiag8-dotcom/database (vivid_cars2000.db),added_from_vivid
Toyota,"DYNA Bus (XZU3_, XZU4_, WU4_, WU3_, LY2_, KDY2_)",2001,2005,itdiag8-dotcom/database (vivid_cars2000.db),added_from_vivid
Toyota,"AURION (ACV5_, GSV5_)",2010,2010,itdiag8-dotcom/database (vivid_cars2000.db),added_from_vivid
BMW,6 Gran Coupe (F06),2010,2012,itdiag8-dotcom/database (vivid_cars2000.db),added_from_vivid
Toyota,"HILUX III Platform/Chassis (KUN1_, TGN3_, TGN2_, TGN1_, KUN2",2004,2004,itdiag8-dotcom/database (vivid_cars2000.db),added_from_vivid
Mini,MINI CLUBVAN (R55),2011,2011,itdiag8-dotcom/database (vivid_cars2000.db),added_from_vivid
Ford,TOURNEO CUSTOM Bus,2011,2011,itdiag8-dotcom/database (vivid_cars2000.db),added_from_vivid
Ford,TRANSIT CUSTOM Bus,2011,2011,itdiag8-dotcom/database (vivid_cars2000.db),added_from_vivid
Ford,TRANSIT CUSTOM Box,2011,2011,itdiag8-dotcom/database (vivid_cars2000.db),added_from_vivid
Ford,KUGA II (DM2),2012,2012,itdiag8-dotcom/database (vivid_cars2000.db),added_from_vivid
Alpina,B5 Estate (F11),2009,2011,itdiag8-dotcom/database (vivid_cars2000.db),added_from_vivid
Citroën,DS3 Convertible,2012,2013,itdiag8-dotcom/database (vivid_cars2000.db),added_from_vivid
hernr_3762,B70,2011,2011,itdiag8-dotcom/database (vivid_cars2000.db),added_from_vivid
Dacia,DOKKER Express,2011,2012,itdiag8-dotcom/database (vivid_cars2000.db),added_from_vivid
Toyota,"RAV 4 IV (ZSA4_, ALA4_)",2011,2012,itdiag8-dotcom/database (vivid_cars2000.db),added_from_vivid
Kia,CARENS IV,2012,2012,itdiag8-dotcom/database (vivid_cars2000.db),added_from_vivid
Ssangyong,ACTYON SPORTS II,2011,2011,itdiag8-dotcom/database (vivid_cars2000.db),added_from_vivid
Subaru,FORESTER (SJ),2012,2012,itdiag8-dotcom/database (vivid_cars2000.db),added_from_vivid
Opel,CASCADA (W13),2012,2012,itdiag8-dotcom/database (vivid_cars2000.db),added_from_vivid
Lexus,"ES (AVV6_, GSV6_, ASV6_)",2011,2011,itdiag8-dotcom/database (vivid_cars2000.db),added_from_vivid
Skoda,OCTAVIA (5E3),2011,2012,itdiag8-dotcom/database (vivid_cars2000.db),added_from_vivid
Skoda,OCTAVIA Combi (5E5),2011,2012,itdiag8-dotcom/database (vivid_cars2000.db),added_from_vivid
hernr_171,300/350,2005,2005,itdiag8-dotcom/database (vivid_cars2000.db),added_from_vivid
hernr_171,PS10/ANIBAL Pickup,2002,2003,itdiag8-dotcom/database (vivid_cars2000.db),added_from_vivid
Toyota,AVANZA (F65_),2005,2010,itdiag8-dotcom/database (vivid_cars2000.db),added_from_vivid
Lexus,"IS III (GSE3_, AVE3_)",2012,2012,itdiag8-dotcom/database (vivid_cars2000.db),added_from_vivid
Toyota,VIOS/YARIS Saloon (NCP15_),2012,2012,itdiag8-dotcom/database (vivid_cars2000.db),added_from_vivid
Land Rover,RANGE ROVER SPORT (LW),2012,2012,itdiag8-dotcom/database (vivid_cars2000.db),added_from_vivid
Alfa Romeo,4C (960),2012,2012,itdiag8-dotcom/database (vivid_cars2000.db),added_from_vivid
Renault,LOGAN EXPRESS,2006,2006,itdiag8-dotcom/database (vivid_cars2000.db),added_from_vivid
Ssangyong,REXTON W,2011,2011,itdiag8-dotcom/database (vivid_cars2000.db),added_from_vivid
Citroën,BERLINGO Platform/Chassis (B9),2007,2007,itdiag8-dotcom/database (vivid_cars2000.db),added_from_vivid
Hyundai,i30 Coupe,2012,2012,itdiag8-dotcom/database (vivid_cars2000.db),added_from_vivid
Subaru,IMPREZA Hatchback (GP),2010,2011,itdiag8-dotcom/database (vivid_cars2000.db),added_from_vivid
Nissan,SYLPHY (B17),2011,2011,itdiag8-dotcom/database (vivid_cars2000.db),added_from_vivid
Nissan,URVAN NV350 / CARAVAN (E26),2012,2012,itdiag8-dotcom/database (vivid_cars2000.db),added_from_vivid
Toyota,PROACE Box Body / Estate,2012,2012,itdiag8-dotcom/database (vivid_cars2000.db),added_from_vivid
Toyota,"AURIS VAN Box (ZRE18_, NZE18_)",2012,2012,itdiag8-dotcom/database (vivid_cars2000.db),added_from_vivid
Toyota,"AURIS TOURING SPORTS (ADE18_, ZWE18_, ZRE18_)",2012,2012,itdiag8-dotcom/database (vivid_cars2000.db),added_from_vivid
Toyota,"STALLION (RZF5_, LF5_)",2000,2000,itdiag8-dotcom/database (vivid_cars2000.db),added_from_vivid
hernr_907,XTR,2001,2003,itdiag8-dotcom/database (vivid_cars2000.db),added_from_vivid
Peugeot,308 II,2012,2012,itdiag8-dotcom/database (vivid_cars2000.db),added_from_vivid
Ssangyong,RODIUS II,2012,2012,itdiag8-dotcom/database (vivid_cars2000.db),added_from_vivid
Mitsubishi,"L 200 Platform/Chassis (K6_T, K7_T)",2000,2002,itdiag8-dotcom/database (vivid_cars2000.db),added_from_vivid
Toyota,AGYA (B1_),2011,2011,itdiag8-dotcom/database (vivid_cars2000.db),added_from_vivid
Toyota,YARIS (NCP15_),2012,2012,itdiag8-dotcom/database (vivid_cars2000.db),added_from_vivid
Audi,A3 Convertible (8V7),2012,2012,itdiag8-dotcom/database (vivid_cars2000.db),added_from_vivid
Ford,TRANSIT CONNECT Kombi,2012,2012,itdiag8-dotcom/database (vivid_cars2000.db),added_from_vivid
hernr_1526,Q60 Coupe,2012,2012,itdiag8-dotcom/database (vivid_cars2000.db),added_from_vivid
hernr_1526,Q60 Convertible,2012,2012,itdiag8-dotcom/database (vivid_cars2000.db),added_from_vivid
hernr_907,SEVEN,2000,2009,itdiag8-dotcom/database (vivid_cars2000.db),added_from_vivid
Mitsubishi,MIRAGE G4 (A10_),2012,2012,itdiag8-dotcom/database (vivid_cars2000.db),added_from_vivid
Toyota,"TUV Platform/Chassis (YF_, RZF_, LF_, KF_)",2003,2003,itdiag8-dotcom/database (vivid_cars2000.db),added_from_vivid
Mercedes,VARIO Cab with engine,,,itdiag8-dotcom/database (vivid_cars2000.db),added_from_vivid
Mercedes,VARIO Bus,,,itdiag8-dotcom/database (vivid_cars2000.db),added_from_vivid
Vauxhall,SPEEDSTER,2001,2001,itdiag8-dotcom/database (vivid_cars2000.db),added_from_vivid
Mercedes,GLA-CLASS (X156),,,itdiag8-dotcom/database (vivid_cars2000.db),added_from_vivid
Honda,CIVIC IX Tourer (FK),2012,2012,itdiag8-dotcom/database (vivid_cars2000.db),added_from_vivid
Mercedes,C-CLASS (W205),,,itdiag8-dotcom/database (vivid_cars2000.db),added_from_vivid
Mini,MINI (F56),2012,2012,itdiag8-dotcom/database (vivid_cars2000.db),added_from_vivid
Hyundai,i10 (IA),2012,2012,itdiag8-dotcom/database (vivid_cars2000.db),added_from_vivid
Peugeot,308 SW II,2012,2012,itdiag8-dotcom/database (vivid_cars2000.db),added_from_vivid
Mitsubishi,VERADA Estate (KW),2003,2003,itdiag8-dotcom/database (vivid_cars2000.db),added_from_vivid
Ssangyong,ACTYON II,2011,2011,itdiag8-dotcom/database (vivid_cars2000.db),added_from_vivid
Mitsubishi,VERADA Estate (KL),2003,2003,itdiag8-dotcom/database (vivid_cars2000.db),added_from_vivid
Jaguar,F-TYPE Coupe,2012,2013,itdiag8-dotcom/database (vivid_cars2000.db),added_from_vivid
hernr_705,PARK WARD,2000,2000,itdiag8-dotcom/database (vivid_cars2000.db),added_from_vivid
hernr_1526,QX70,2012,2012,itdiag8-dotcom/database (vivid_cars2000.db),added_from_vivid
hernr_1526,QX50,2012,2012,itdiag8-dotcom/database (vivid_cars2000.db),added_from_vivid
Ssangyong,TURISMO,2012,2012,itdiag8-dotcom/database (vivid_cars2000.db),added_from_vivid
Mercedes,V-CLASS (W447),,,itdiag8-dotcom/database (vivid_cars2000.db),added_from_vivid
BMW,4 Gran Coupe (F36),2012,2013,itdiag8-dotcom/database (vivid_cars2000.db),added_from_vivid
Isuzu,MU-X Closed Off-Road Vehicle,2012,2012,itdiag8-dotcom/database (vivid_cars2000.db),added_from_vivid
Subaru,IMPREZA Saloon (GP),2010,2012,itdiag8-dotcom/database (vivid_cars2000.db),added_from_vivid
hernr_1526,Q70 (Y51),2012,2012,itdiag8-dotcom/database (vivid_cars2000.db),added_from_vivid
Alpina,XD3 (F25),2012,2012,itdiag8-dotcom/database (vivid_cars2000.db),added_from_vivid
Alpina,D3 (F30),2012,2012,itdiag8-dotcom/database (vivid_cars2000.db),added_from_vivid
Alpina,D3 Estate (F31),2012,2012,itdiag8-dotcom/database (vivid_cars2000.db),added_from_vivid
Toyota,HARRIER (ZSU6_),2012,2012,itdiag8-dotcom/database (vivid_cars2000.db),added_from_vivid
Toyota,"NOAH/VOXY (ZRR8_, ZWR8_)",2012,2012,itdiag8-dotcom/database (vivid_cars2000.db),added_from_vivid
BMW,X4 (F26),2012,2012,itdiag8-dotcom/database (vivid_cars2000.db),added_from_vivid
Mercedes,S-CLASS Coupe (C217),,,itdiag8-dotcom/database (vivid_cars2000.db),added_from_vivid
Ford,TRANSIT COURIER Kombi,2012,2012,itdiag8-dotcom/database (vivid_cars2000.db),added_from_vivid
Ford,TRANSIT COURIER Box,2012,2012,itdiag8-dotcom/database (vivid_cars2000.db),added_from_vivid
Ford,TOURNEO COURIER Kombi,2012,2012,itdiag8-dotcom/database (vivid_cars2000.db),added_from_vivid
Lexus,"RC (GSC1_, USC1_)",2012,2012,itdiag8-dotcom/database (vivid_cars2000.db),added_from_vivid
hernr_1518,650S Coupe,2012,2012,itdiag8-dotcom/database (vivid_cars2000.db),added_from_vivid
hernr_1518,650S Spider,2012,2012,itdiag8-dotcom/database (vivid_cars2000.db),added_from_vivid
Toyota,"AYGO (PAB4_, KGB4_)",2012,2012,itdiag8-dotcom/database (vivid_cars2000.db),added_from_vivid
Porsche,911 Targa (991),2012,2012,itdiag8-dotcom/database (vivid_cars2000.db),added_from_vivid
Lada,KALINA Hatchback (2192),2012,2012,itdiag8-dotcom/database (vivid_cars2000.db),added_from_vivid
Lada,KALINA Estate (2194),2012,2012,itdiag8-dotcom/database (vivid_cars2000.db),added_from_vivid
BMW,2 Active Tourer (F45),2012,2013,itdiag8-dotcom/database (vivid_cars2000.db),added_from_vivid
Citroën,C4 CACTUS,2012,2012,itdiag8-dotcom/database (vivid_cars2000.db),added_from_vivid
Kia,SOUL II (PS),2012,2012,itdiag8-dotcom/database (vivid_cars2000.db),added_from_vivid
Vauxhall,VIVARO Combi,2012,2012,itdiag8-dotcom/database (vivid_cars2000.db),added_from_vivid
Opel,VIVARO Combi,2012,2012,itdiag8-dotcom/database (vivid_cars2000.db),added_from_vivid
Opel,VIVARO Box,2012,2012,itdiag8-dotcom/database (vivid_cars2000.db),added_from_vivid
Vauxhall,VIVARO Box,2012,2012,itdiag8-dotcom/database (vivid_cars2000.db),added_from_vivid
BMW,"X6 (F16, F86)",2012,2013,itdiag8-dotcom/database (vivid_cars2000.db),added_from_vivid
Mercedes,C-CLASS T-Model (S205),,,itdiag8-dotcom/database (vivid_cars2000.db),added_from_vivid
Nissan,X-TRAIL (T32),2012,2012,itdiag8-dotcom/database (vivid_cars2000.db),added_from_vivid
Mini,MINI (F55),2012,2013,itdiag8-dotcom/database (vivid_cars2000.db),added_from_vivid
Renault,THALIA III,2012,2012,itdiag8-dotcom/database (vivid_cars2000.db),added_from_vivid
Audi,TT (FV3),2012,2013,itdiag8-dotcom/database (vivid_cars2000.db),added_from_vivid
Volkswagen,PASSAT (3G2),2012,2013,itdiag8-dotcom/database (vivid_cars2000.db),added_from_vivid
Volkswagen,PASSAT Variant (3G5),2012,2013,itdiag8-dotcom/database (vivid_cars2000.db),added_from_vivid
Daihatsu,HIJET Pickup,2001,2001,itdiag8-dotcom/database (vivid_cars2000.db),added_from_vivid
Lexus,NX (AYZ1_),2012,2012,itdiag8-dotcom/database (vivid_cars2000.db),added_from_vivid
Holden,CALAIS Saloon (VE),2005,2007,itdiag8-dotcom/database (vivid_cars2000.db),added_from_vivid
Holden,CALAIS Saloon (VF),2012,2012,itdiag8-dotcom/database (vivid_cars2000.db),added_from_vivid
Holden,CALAIS Saloon (VX),2000,2000,itdiag8-dotcom/database (vivid_cars2000.db),added_from_vivid
Holden,CALAIS Saloon (VY),2002,2003,itdiag8-dotcom/database (vivid_cars2000.db),added_from_vivid
Holden,CALAIS Saloon (VZ),2003,2004,itdiag8-dotcom/database (vivid_cars2000.db),added_from_vivid
Holden,CALAIS Estate (VE),2005,2007,itdiag8-dotcom/database (vivid_cars2000.db),added_from_vivid
Holden,CALAIS Estate (VF),2012,2012,itdiag8-dotcom/database (vivid_cars2000.db),added_from_vivid
hernr_3276,GRANGE Saloon (VF),2012,2012,itdiag8-dotcom/database (vivid_cars2000.db),added_from_vivid
hernr_3276,AVALANCHE Pickup (VZ),2003,2003,itdiag8-dotcom/database (vivid_cars2000.db),added_from_vivid
hernr_3276,AVALANCHE Estate (VZ),2003,2003,itdiag8-dotcom/database (vivid_cars2000.db),added_from_vivid
hernr_1138,FORTWO Coupe (453),2012,2013,itdiag8-dotcom/database (vivid_cars2000.db),added_from_vivid
hernr_1138,FORFOUR Hatchback (453),2012,2013,itdiag8-dotcom/database (vivid_cars2000.db),added_from_vivid
Nissan,TEANA III (J33),2012,2012,itdiag8-dotcom/database (vivid_cars2000.db),added_from_vivid
Iveco,DAILY Platform/Chassis,2012,2012,itdiag8-dotcom/database (vivid_cars2000.db),added_from_vivid
Iveco,DAILY Box Body / Estate,2012,2012,itdiag8-dotcom/database (vivid_cars2000.db),added_from_vivid
Nissan,PULSAR Hatchback (C13),2013,2013,itdiag8-dotcom/database (vivid_cars2000.db),added_from_vivid
Ferrari,599 SA,2009,2009,itdiag8-dotcom/database (vivid_cars2000.db),added_from_vivid
Mercedes,VITO Box (W447),,,itdiag8-dotcom/database (vivid_cars2000.db),added_from_vivid
Mercedes,VITO Mixto (W447),,,itdiag8-dotcom/database (vivid_cars2000.db),added_from_vivid
Mercedes,VITO Tourer (W447),,,itdiag8-dotcom/database (vivid_cars2000.db),added_from_vivid
Vauxhall,CORSA Mk IV (E),2012,2012,itdiag8-dotcom/database (vivid_cars2000.db),added_from_vivid
Volvo,XC90 II,2012,2012,itdiag8-dotcom/database (vivid_cars2000.db),added_from_vivid
Honda,JAZZ IV (GK),2012,2012,itdiag8-dotcom/database (vivid_cars2000.db),added_from_vivid
Land Rover,DISCOVERY SPORT (LC),2013,2013,itdiag8-dotcom/database (vivid_cars2000.db),added_from_vivid
Ford,MONDEO V Hatchback,2012,2012,itdiag8-dotcom/database (vivid_cars2000.db),added_from_vivid
Ford,MONDEO V Turnier,2012,2012,itdiag8-dotcom/database (vivid_cars2000.db),added_from_vivid
Renault,LOGAN II,2012,2012,itdiag8-dotcom/database (vivid_cars2000.db),added_from_vivid
BMW,2 Convertible (F23),2013,2013,itdiag8-dotcom/database (vivid_cars2000.db),added_from_vivid
Mercedes,AMG GT / GT S (C190),,,itdiag8-dotcom/database (vivid_cars2000.db),added_from_vivid
Alpina,D4 Coupe (F32),2012,2012,itdiag8-dotcom/database (vivid_cars2000.db),added_from_vivid
Alpina,D4 Convertible (F33),2012,2012,itdiag8-dotcom/database (vivid_cars2000.db),added_from_vivid
Jaguar,XE (X760),2013,2013,itdiag8-dotcom/database (vivid_cars2000.db),added_from_vivid
Holden,TRAX (TJ),2012,2012,itdiag8-dotcom/database (vivid_cars2000.db),added_from_vivid
Holden,COMMODORE Estate (VF),2012,2012,itdiag8-dotcom/database (vivid_cars2000.db),added_from_vivid
hernr_3276,CLUBSPORT Saloon (VF),2012,2012,itdiag8-dotcom/database (vivid_cars2000.db),added_from_vivid
Alfa Romeo,4C SPIDER (960),2013,2013,itdiag8-dotcom/database (vivid_cars2000.db),added_from_vivid
Chevrolet,MW,2000,2000,itdiag8-dotcom/database (vivid_cars2000.db),added_from_vivid
Nissan,PATHFINDER (R52),2012,2012,itdiag8-dotcom/database (vivid_cars2000.db),added_from_vivid
Nissan,NV350 Bus,2011,2011,itdiag8-dotcom/database (vivid_cars2000.db),added_from_vivid
Suzuki,KARIMUN WAGON R,2012,2012,itdiag8-dotcom/database (vivid_cars2000.db),added_from_vivid
Suzuki,FARMWORKER Pickup,2010,2010,itdiag8-dotcom/database (vivid_cars2000.db),added_from_vivid
Suzuki,FARMWORKER Platform/Chassis,2010,2010,itdiag8-dotcom/database (vivid_cars2000.db),added_from_vivid
Suzuki,DZIRE,2007,2007,itdiag8-dotcom/database (vivid_cars2000.db),added_from_vivid
Isuzu,PANTHER,2012,2012,itdiag8-dotcom/database (vivid_cars2000.db),added_from_vivid
Isuzu,BISON Bus,2012,2012,itdiag8-dotcom/database (vivid_cars2000.db),added_from_vivid
Isuzu,BISON Platform/Chassis,2012,2012,itdiag8-dotcom/database (vivid_cars2000.db),added_from_vivid
Nissan,PRESAGE (U30),2001,2001,itdiag8-dotcom/database (vivid_cars2000.db),added_from_vivid
Nissan,FUGA,2008,2009,itdiag8-dotcom/database (vivid_cars2000.db),added_from_vivid
Audi,TT Roadster (FV9),2013,2013,itdiag8-dotcom/database (vivid_cars2000.db),added_from_vivid
Nissan,MOCO,2005,2005,itdiag8-dotcom/database (vivid_cars2000.db),added_from_vivid
Nissan,WINGROAD,2003,2003,itdiag8-dotcom/database (vivid_cars2000.db),added_from_vivid
Nissan,KIX,2007,2007,itdiag8-dotcom/database (vivid_cars2000.db),added_from_vivid
Nissan,OTTI,2005,2005,itdiag8-dotcom/database (vivid_cars2000.db),added_from_vivid
Nissan,ROOX,2008,2008,itdiag8-dotcom/database (vivid_cars2000.db),added_from_vivid
Nissan,PINO,2006,2006,itdiag8-dotcom/database (vivid_cars2000.db),added_from_vivid
Suzuki,SPACIA,2012,2012,itdiag8-dotcom/database (vivid_cars2000.db),added_from_vivid
Suzuki,LAPIN,2012,2012,itdiag8-dotcom/database (vivid_cars2000.db),added_from_vivid
Holden,CAPTIVA 5 (CG),2010,2010,itdiag8-dotcom/database (vivid_cars2000.db),added_from_vivid
Toyota,"VANGUARD (ACA3_, GSA3_)",2004,2004,itdiag8-dotcom/database (vivid_cars2000.db),added_from_vivid
Toyota,"SPARKY (S23_, S22_)",2000,2000,itdiag8-dotcom/database (vivid_cars2000.db),added_from_vivid
Toyota,ORIGIN (JCG1_),2000,2000,itdiag8-dotcom/database (vivid_cars2000.db),added_from_vivid
Toyota,"ESQUIRE (ZRR8_, ZWR8_)",2013,2013,itdiag8-dotcom/database (vivid_cars2000.db),added_from_vivid
hernr_1533,AXIA,2012,2012,itdiag8-dotcom/database (vivid_cars2000.db),added_from_vivid
Skoda,FABIA (NJ3),2012,2012,itdiag8-dotcom/database (vivid_cars2000.db),added_from_vivid
Skoda,FABIA Estate (NJ5),2013,2013,itdiag8-dotcom/database (vivid_cars2000.db),added_from_vivid
LDV,CONVOY Platform/Chassis,2001,2002,itdiag8-dotcom/database (vivid_cars2000.db),added_from_vivid
hernr_2864,I-MAX MPV,2006,2006,itdiag8-dotcom/database (vivid_cars2000.db),added_from_vivid
Ford,KUGA II Van,2012,2012,itdiag8-dotcom/database (vivid_cars2000.db),added_from_vivid
hernr_4176,H5C,2009,2009,itdiag8-dotcom/database (vivid_cars2000.db),added_from_vivid
Ford,GRAND C-MAX Van,2009,2011,itdiag8-dotcom/database (vivid_cars2000.db),added_from_vivid
Ford,C-MAX II Van,2009,2011,itdiag8-dotcom/database (vivid_cars2000.db),added_from_vivid
Ford,B-MAX Van,2011,2011,itdiag8-dotcom/database (vivid_cars2000.db),added_from_vivid
Hyundai,i20 (GB),2013,2013,itdiag8-dotcom/database (vivid_cars2000.db),added_from_vivid
Subaru,IMPREZA Estate,2006,2006,itdiag8-dotcom/database (vivid_cars2000.db),added_from_vivid
Hyundai,GRAND AVEGA,2010,2010,itdiag8-dotcom/database (vivid_cars2000.db),added_from_vivid
Nissan,DAYZ,2012,2012,itdiag8-dotcom/database (vivid_cars2000.db),added_from_vivid
Nissan,DAYZ ROOX,2012,2012,itdiag8-dotcom/database (vivid_cars2000.db),added_from_vivid
hernr_2887,Q22 Bus,2009,2012,itdiag8-dotcom/database (vivid_cars2000.db),added_from_vivid
Daihatsu,BOON LUMINAS,2007,2007,itdiag8-dotcom/database (vivid_cars2000.db),added_from_vivid
hernr_1553,2206,2012,2012,itdiag8-dotcom/database (vivid_cars2000.db),added_from_vivid
Vauxhall,MAGNUM Estate,2013,2013,itdiag8-dotcom/database (vivid_cars2000.db),added_from_vivid
Mercedes,CLA Shooting Brake (X117),,,itdiag8-dotcom/database (vivid_cars2000.db),added_from_vivid
Vauxhall,CORSAVAN Mk IV (E),2013,2013,itdiag8-dotcom/database (vivid_cars2000.db),added_from_vivid
Daihatsu,AYLA,2012,2012,itdiag8-dotcom/database (vivid_cars2000.db),added_from_vivid
hernr_2887,TRANSCAR,2011,2011,itdiag8-dotcom/database (vivid_cars2000.db),added_from_vivid
hernr_2887,TRANSCAB,2011,2011,itdiag8-dotcom/database (vivid_cars2000.db),added_from_vivid
hernr_2887,CRISTAL Hatchback,2012,2012,itdiag8-dotcom/database (vivid_cars2000.db),added_from_vivid
hernr_2887,CRISTAL Saloon,2012,2012,itdiag8-dotcom/database (vivid_cars2000.db),added_from_vivid
Alpina,B5 (F10),2009,2011,itdiag8-dotcom/database (vivid_cars2000.db),added_from_vivid
Volkswagen,GOLF ALLTRACK (BA5),2013,2013,itdiag8-dotcom/database (vivid_cars2000.db),added_from_vivid
Kia,SORENTO III,2013,2013,itdiag8-dotcom/database (vivid_cars2000.db),added_from_vivid
Kia,CERATO Hatchback,2011,2011,itdiag8-dotcom/database (vivid_cars2000.db),added_from_vivid
Kia,CERATO KOUP Coupe,2012,2012,itdiag8-dotcom/database (vivid_cars2000.db),added_from_vivid
Kia,RAY,2010,2010,itdiag8-dotcom/database (vivid_cars2000.db),added_from_vivid
hernr_4260,SM7 (EX2),2003,2003,itdiag8-dotcom/database (vivid_cars2000.db),added_from_vivid
hernr_4260,SM7 (L47),2010,2010,itdiag8-dotcom/database (vivid_cars2000.db),added_from_vivid
Opel,CORSA E Van,2012,2013,itdiag8-dotcom/database (vivid_cars2000.db),added_from_vivid
Suzuki,VITARA (LY),2013,2013,itdiag8-dotcom/database (vivid_cars2000.db),added_from_vivid
hernr_4260,QM3,2012,2012,itdiag8-dotcom/database (vivid_cars2000.db),added_from_vivid
hernr_4260,QM5,2005,2005,itdiag8-dotcom/database (vivid_cars2000.db),added_from_vivid
Renault,LOGAN II Estate,2012,2012,itdiag8-dotcom/database (vivid_cars2000.db),added_from_vivid
Renault,SANDERO/STEPWAY II,2012,2012,itdiag8-dotcom/database (vivid_cars2000.db),added_from_vivid
