engine_code,brand_example,model_example,year_example,displacement_cc,variants
LEMON_ACURA_1.6EL_2000,Acura,1.6EL,2000,,1
LEMON_ACURA_1.7EL_2003,Acura,1.7EL,2003,,1
LEMON_ACURA_1.7EL_2004,Acura,1.7EL,2004,,1
LEMON_ACURA_3.2CL_2001,Acura,3.2CL,2001,,1
LEMON_ACURA_3.2CL_2002,Acura,3.2CL,2002,,1
LEMON_ACURA_3.2CL_2003,Acura,3.2CL,2003,,1
LEMON_ACURA_3.2TL_2000,Acura,3.2TL,2000,,1
LEMON_ACURA_3.2TL_2001,Acura,3.2TL,2001,,1
LEMON_ACURA_3.2TL_2002,Acura,3.2TL,2002,,1
LEMON_ACURA_3.2TL_2003,Acura,3.2TL,2003,,1
LEMON_ACURA_3.5RL_2000,Acura,3.5RL,2000,,1
LEMON_ACURA_3.5RL_2001,Acura,3.5RL,2001,,1
LEMON_ACURA_3.5RL_2002,Acura,3.5RL,2002,,1
LEMON_ACURA_3.5RL_2003,Acura,3.5RL,2003,,1
LEMON_ACURA_3.5RL_2004,Acura,3.5RL,2004,,1
LEMON_ACURA_ADX_2025,Acura,ADX,2025,,1
LEMON_ACURA_CSX_2006,Acura,CSX,2006,,1
LEMON_ACURA_CSX_2007,Acura,CSX,2007,,1
LEMON_ACURA_CSX_2008,Acura,CSX,2008,,1
LEMON_ACURA_CSX_2009,Acura,CSX,2009,,1
LEMON_ACURA_ILX_2400CC_VIN2_2013,Acura,ILX,2013,2400,1
LEMON_ACURA_ILX_2000CC_VIN1_2013,Acura,ILX,2013,2000,1
LEMON_ACURA_ILX_1500CC_2013,Acura,ILX,2013,1500,1
LEMON_ACURA_ILX_2000CC_2014,Acura,ILX,2014,2000,1
LEMON_ACURA_ILX_1500CC_2014,Acura,ILX,2014,1500,1
LEMON_ACURA_ILX_2400CC_2014,Acura,ILX,2014,2400,1
LEMON_ACURA_ILX_2016,Acura,ILX,2016,,1
LEMON_ACURA_ILX_2017,Acura,ILX,2017,,1
LEMON_ACURA_ILX_2018,Acura,ILX,2018,,1
LEMON_ACURA_ILX_2019,Acura,ILX,2019,,1
LEMON_ACURA_ILX_2020,Acura,ILX,2020,,1
LEMON_ACURA_ILX_2021,Acura,ILX,2021,,1
LEMON_ACURA_ILX_2022,Acura,ILX,2022,,1
LEMON_ACURA_INTEGRA_2000,Acura,Integra,2000,,1
LEMON_ACURA_INTEGRA_2001,Acura,Integra,2001,,1
LEMON_ACURA_INTEGRA_2023,Acura,Integra,2023,,1
LEMON_ACURA_INTEGRA_2000CC_2024,Acura,Integra,2024,2000,1
LEMON_ACURA_INTEGRA_1500CC_2024,Acura,Integra,2024,1500,1
LEMON_ACURA_INTEGRA_1500CC_2025,Acura,Integra,2025,1500,1
LEMON_ACURA_INTEGRA_2000CC_2025,Acura,Integra,2025,2000,1
LEMON_ACURA_MDX_2001,Acura,MDX,2001,,1
LEMON_ACURA_MDX_2002,Acura,MDX,2002,,1
LEMON_ACURA_MDX_2003,Acura,MDX,2003,,1
LEMON_ACURA_MDX_2004,Acura,MDX,2004,,1
LEMON_ACURA_MDX_2005,Acura,MDX,2005,,1
LEMON_ACURA_MDX_2006,Acura,MDX,2006,,1
LEMON_ACURA_MDX_2007,Acura,MDX,2007,,1
LEMON_ACURA_MDX_2008,Acura,MDX,2008,,1
LEMON_ACURA_MDX_2009,Acura,MDX,2009,,1
LEMON_ACURA_MDX_2010,Acura,MDX,2010,,1
LEMON_ACURA_MDX_2011,Acura,MDX,2011,,1
LEMON_ACURA_MDX_2012,Acura,MDX,2012,,1
LEMON_ACURA_MDX_3700CC_VINYD2_2013,Acura,MDX,2013,3700,1
LEMON_ACURA_MDX_3700CC_VIN2_2013,Acura,MDX,2013,3700,1
LEMON_ACURA_MDX_2014,Acura,MDX,2014,,1
LEMON_ACURA_MDX_2016,Acura,MDX,2016,,1
LEMON_ACURA_MDX_2017,Acura,MDX,2017,,1
LEMON_ACURA_MDX_2018,Acura,MDX,2018,,1
LEMON_ACURA_MDX_2019,Acura,MDX,2019,,1
LEMON_ACURA_MDX_2020,Acura,MDX,2020,,1
LEMON_ACURA_MDX_2022,Acura,MDX,2022,,1
LEMON_ACURA_MDX_3500CC_2023,Acura,MDX,2023,3500,1
LEMON_ACURA_MDX_3000CC_2023,Acura,MDX,2023,3000,1
LEMON_ACURA_MDX_3500CC_2024,Acura,MDX,2024,3500,1
LEMON_ACURA_MDX_3000CC_2024,Acura,MDX,2024,3000,1
LEMON_ACURA_MDX_3500CC_2025,Acura,MDX,2025,3500,1
LEMON_ACURA_MDX_3000CC_2025,Acura,MDX,2025,3000,1
LEMON_ACURA_NSX_2000,Acura,NSX,2000,,1
LEMON_ACURA_NSX_2001,Acura,NSX,2001,,1
LEMON_ACURA_NSX_2002,Acura,NSX,2002,,1
LEMON_ACURA_NSX_2003,Acura,NSX,2003,,1
LEMON_ACURA_NSX_2004,Acura,NSX,2004,,1
LEMON_ACURA_NSX_2005,Acura,NSX,2005,,1
LEMON_ACURA_NSX_2017,Acura,NSX,2017,,1
LEMON_ACURA_NSX_2018,Acura,NSX,2018,,1
LEMON_ACURA_NSX_2019,Acura,NSX,2019,,1
LEMON_ACURA_NSX_2020,Acura,NSX,2020,,1
LEMON_ACURA_NSX_2021,Acura,NSX,2021,,1
LEMON_ACURA_NSX_2022,Acura,NSX,2022,,1
LEMON_ACURA_NSX_T_2000,Acura,NSX-T,2000,,1
LEMON_ACURA_NSX_T_2001,Acura,NSX-T,2001,,1
LEMON_ACURA_NSX_T_2002,Acura,NSX-T,2002,,1
LEMON_ACURA_NSX_T_2003,Acura,NSX-T,2003,,1
LEMON_ACURA_RDX_2007,Acura,RDX,2007,,1
LEMON_ACURA_RDX_2008,Acura,RDX,2008,,1
LEMON_ACURA_RDX_2009,Acura,RDX,2009,,1
LEMON_ACURA_RDX_2010,Acura,RDX,2010,,1
LEMON_ACURA_RDX_2011,Acura,RDX,2011,,1
LEMON_ACURA_RDX_2300CC_VINTB2_2012,Acura,RDX,2012,2300,1
LEMON_ACURA_RDX_2300CC_VINTB1_2012,Acura,RDX,2012,2300,1
LEMON_ACURA_RDX_3500CC_VIN3_2013,Acura,RDX,2013,3500,1
LEMON_ACURA_RDX_3500CC_VIN4_2013,Acura,RDX,2013,3500,1
LEMON_ACURA_RDX_2014,Acura,RDX,2014,,1
LEMON_ACURA_RDX_2016,Acura,RDX,2016,,1
LEMON_ACURA_RDX_2017,Acura,RDX,2017,,1
LEMON_ACURA_RDX_2018,Acura,RDX,2018,,1
LEMON_ACURA_RDX_2019,Acura,RDX,2019,,1
LEMON_ACURA_RDX_2020,Acura,RDX,2020,,1
LEMON_ACURA_RDX_2021,Acura,RDX,2021,,1
LEMON_ACURA_RDX_2022,Acura,RDX,2022,,1
LEMON_ACURA_RDX_2023,Acura,RDX,2023,,1
LEMON_ACURA_RDX_2024,Acura,RDX,2024,,1
LEMON_ACURA_RDX_2025,Acura,RDX,2025,,1
LEMON_ACURA_RL_2005,Acura,RL,2005,,1
LEMON_ACURA_RL_2006,Acura,RL,2006,,1
LEMON_ACURA_RL_2007,Acura,RL,2007,,1
LEMON_ACURA_RL_2008,Acura,RL,2008,,1
LEMON_ACURA_RL_2009,Acura,RL,2009,,1
LEMON_ACURA_RL_2010,Acura,RL,2010,,1
LEMON_ACURA_RL_2011,Acura,RL,2011,,1
LEMON_ACURA_RL_2012,Acura,RL,2012,,1
LEMON_ACURA_RLX_2014,Acura,RLX,2014,,1
LEMON_ACURA_RLX_2016,Acura,RLX,2016,,1
LEMON_ACURA_RLX_2017,Acura,RLX,2017,,1
LEMON_ACURA_RLX_2018,Acura,RLX,2018,,1
LEMON_ACURA_RLX_2019,Acura,RLX,2019,,1
LEMON_ACURA_RLX_2020,Acura,RLX,2020,,1
LEMON_ACURA_RSX_2002,Acura,RSX,2002,,1
LEMON_ACURA_RSX_2003,Acura,RSX,2003,,1
LEMON_ACURA_RSX_2004,Acura,RSX,2004,,1
LEMON_ACURA_RSX_2005,Acura,RSX,2005,,1
LEMON_ACURA_RSX_2006,Acura,RSX,2006,,1
LEMON_ACURA_TL_2004,Acura,TL,2004,,1
LEMON_ACURA_TL_2005,Acura,TL,2005,,1
LEMON_ACURA_TL_2006,Acura,TL,2006,,1
LEMON_ACURA_TL_2007,Acura,TL,2007,,1
LEMON_ACURA_TL_2008,Acura,TL,2008,,1
LEMON_ACURA_TL_2009,Acura,TL,2009,,1
LEMON_ACURA_TL_2010,Acura,TL,2010,,1
LEMON_ACURA_TL_2011,Acura,TL,2011,,1
LEMON_ACURA_TL_2012,Acura,TL,2012,,1
LEMON_ACURA_TL_2013,Acura,TL,2013,,1
LEMON_ACURA_TL_2014,Acura,TL,2014,,1
LEMON_ACURA_TLX_2400CC_2016,Acura,TLX,2016,2400,1
LEMON_ACURA_TLX_3500CC_2016,Acura,TLX,2016,3500,1
LEMON_ACURA_TLX_2400CC_2017,Acura,TLX,2017,2400,1
LEMON_ACURA_TLX_3500CC_2017,Acura,TLX,2017,3500,1
LEMON_ACURA_TLX_3500CC_2018,Acura,TLX,2018,3500,1
LEMON_ACURA_TLX_2400CC_2018,Acura,TLX,2018,2400,1
LEMON_ACURA_TLX_2400CC_2019,Acura,TLX,2019,2400,1
LEMON_ACURA_TLX_3500CC_2019,Acura,TLX,2019,3500,1
LEMON_ACURA_TLX_2400CC_2020,Acura,TLX,2020,2400,1
LEMON_ACURA_TLX_3500CC_2020,Acura,TLX,2020,3500,1
LEMON_ACURA_TLX_2021,Acura,TLX,2021,,1
LEMON_ACURA_TLX_2000CC_2022,Acura,TLX,2022,2000,1
LEMON_ACURA_TLX_3000CC_2022,Acura,TLX,2022,3000,1
LEMON_ACURA_TLX_3000CC_2023,Acura,TLX,2023,3000,1
LEMON_ACURA_TLX_2000CC_2023,Acura,TLX,2023,2000,1
LEMON_ACURA_TLX_2000CC_2024,Acura,TLX,2024,2000,1
LEMON_ACURA_TLX_3000CC_2024,Acura,TLX,2024,3000,1
LEMON_ACURA_TLX_2000CC_2025,Acura,TLX,2025,2000,1
LEMON_ACURA_TLX_3000CC_2025,Acura,TLX,2025,3000,1
LEMON_ACURA_TSX_2004,Acura,TSX,2004,,1
LEMON_ACURA_TSX_2005,Acura,TSX,2005,,1
LEMON_ACURA_TSX_2006,Acura,TSX,2006,,1
LEMON_ACURA_TSX_2007,Acura,TSX,2007,,1
LEMON_ACURA_TSX_2008,Acura,TSX,2008,,1
LEMON_ACURA_TSX_2009,Acura,TSX,2009,,1
LEMON_ACURA_TSX_2010,Acura,TSX,2010,,1
LEMON_ACURA_TSX_2011,Acura,TSX,2011,,1
LEMON_ACURA_TSX_2400CC_VIN2_2012,Acura,TSX,2012,2400,1
LEMON_ACURA_TSX_2012,Acura,TSX,2012,,1
LEMON_ACURA_TSX_3500CC_VIN4_2012,Acura,TSX,2012,3500,1
LEMON_ACURA_TSX_2400CC_VIN2_2013,Acura,TSX,2013,2400,1
LEMON_ACURA_TSX_3500CC_VIN4_2013,Acura,TSX,2013,3500,1
LEMON_ACURA_TSX_2013,Acura,TSX,2013,,1
LEMON_ACURA_TSX_2014,Acura,TSX,2014,,1
LEMON_ACURA_ZDX_2010,Acura,ZDX,2010,,1
LEMON_ACURA_ZDX_2011,Acura,ZDX,2011,,1
LEMON_ACURA_ZDX_2012,Acura,ZDX,2012,,1
LEMON_ACURA_ZDX_2013,Acura,ZDX,2013,,1
LEMON_ALFA_ROMEO_4C_2015_4CSPIDER,Alfa Romeo,4C,2015,,1
LEMON_ALFA_ROMEO_4C_2015_4CLAUNCHEDIT,Alfa Romeo,4C,2015,,1
LEMON_ALFA_ROMEO_4C_2015_4CBASE,Alfa Romeo,4C,2015,,1
LEMON_ALFA_ROMEO_4C_2016,Alfa Romeo,4C,2016,,1
LEMON_ALFA_ROMEO_4C_2017,Alfa Romeo,4C,2017,,1
LEMON_ALFA_ROMEO_4C_2018,Alfa Romeo,4C,2018,,1
LEMON_ALFA_ROMEO_4C_2019,Alfa Romeo,4C,2019,,1
LEMON_ALFA_ROMEO_4C_2020,Alfa Romeo,4C,2020,,1
LEMON_ALFA_ROMEO_GIULIA_2900CC_2017,Alfa Romeo,Giulia,2017,2900,1
LEMON_ALFA_ROMEO_GIULIA_2000CC_2017,Alfa Romeo,Giulia,2017,2000,1
LEMON_ALFA_ROMEO_GIULIA_2900CC_2018,Alfa Romeo,Giulia,2018,2900,1
LEMON_ALFA_ROMEO_GIULIA_2000CC_2018,Alfa Romeo,Giulia,2018,2000,1
LEMON_ALFA_ROMEO_GIULIA_2900CC_2019,Alfa Romeo,Giulia,2019,2900,1
LEMON_ALFA_ROMEO_GIULIA_2000CC_2019,Alfa Romeo,Giulia,2019,2000,1
LEMON_ALFA_ROMEO_GIULIA_2000CC_2020,Alfa Romeo,Giulia,2020,2000,1
LEMON_ALFA_ROMEO_GIULIA_2900CC_2020,Alfa Romeo,Giulia,2020,2900,1
LEMON_ALFA_ROMEO_GIULIA_2000CC_2021,Alfa Romeo,Giulia,2021,2000,1
LEMON_ALFA_ROMEO_GIULIA_2900CC_2021,Alfa Romeo,Giulia,2021,2900,1
LEMON_ALFA_ROMEO_GIULIA_2000CC_2022,Alfa Romeo,Giulia,2022,2000,1
LEMON_ALFA_ROMEO_GIULIA_2900CC_2022,Alfa Romeo,Giulia,2022,2900,1
LEMON_ALFA_ROMEO_GIULIA_2000CC_2023,Alfa Romeo,Giulia,2023,2000,1
LEMON_ALFA_ROMEO_GIULIA_2900CC_2023,Alfa Romeo,Giulia,2023,2900,1
LEMON_ALFA_ROMEO_GIULIA_2900CC_2024,Alfa Romeo,Giulia,2024,2900,1
LEMON_ALFA_ROMEO_GIULIA_2000CC_2024,Alfa Romeo,Giulia,2024,2000,1
LEMON_ALFA_ROMEO_GIULIA_2025,Alfa Romeo,Giulia,2025,,1
LEMON_ALFA_ROMEO_STELVIO_2000CC_2018,Alfa Romeo,Stelvio,2018,2000,1
LEMON_ALFA_ROMEO_STELVIO_2900CC_2018,Alfa Romeo,Stelvio,2018,2900,1
LEMON_ALFA_ROMEO_STELVIO_2000CC_2019,Alfa Romeo,Stelvio,2019,2000,1
LEMON_ALFA_ROMEO_STELVIO_2900CC_2019,Alfa Romeo,Stelvio,2019,2900,1
LEMON_ALFA_ROMEO_STELVIO_2000CC_2020,Alfa Romeo,Stelvio,2020,2000,1
LEMON_ALFA_ROMEO_STELVIO_2900CC_2020,Alfa Romeo,Stelvio,2020,2900,1
LEMON_ALFA_ROMEO_STELVIO_2900CC_2021,Alfa Romeo,Stelvio,2021,2900,1
LEMON_ALFA_ROMEO_STELVIO_2000CC_2021,Alfa Romeo,Stelvio,2021,2000,1
LEMON_ALFA_ROMEO_STELVIO_2900CC_2022,Alfa Romeo,Stelvio,2022,2900,1
LEMON_ALFA_ROMEO_STELVIO_2000CC_2022,Alfa Romeo,Stelvio,2022,2000,1
LEMON_ALFA_ROMEO_STELVIO_2000CC_2023,Alfa Romeo,Stelvio,2023,2000,1
LEMON_ALFA_ROMEO_STELVIO_2900CC_2023,Alfa Romeo,Stelvio,2023,2900,1
LEMON_ALFA_ROMEO_STELVIO_2900CC_2024,Alfa Romeo,Stelvio,2024,2900,1
LEMON_ALFA_ROMEO_STELVIO_2000CC_2024,Alfa Romeo,Stelvio,2024,2000,1
LEMON_ALFA_ROMEO_STELVIO_2025,Alfa Romeo,Stelvio,2025,,1
LEMON_ALFA_ROMEO_TONALE_1300CC_2024,Alfa Romeo,Tonale,2024,1300,1
LEMON_ALFA_ROMEO_TONALE_1300CC_VINW_2025,Alfa Romeo,Tonale,2025,1300,1
LEMON_ALFA_ROMEO_TONALE_1300CC_2025,Alfa Romeo,Tonale,2025,1300,1
LEMON_AUDI_A3_2000CC_2006,Audi,A3,2006,2000,1
LEMON_AUDI_A3_3200CC_2006,Audi,A3,2006,3200,1
LEMON_AUDI_A3_3200CC_2007,Audi,A3,2007,3200,1
LEMON_AUDI_A3_2000CC_2007,Audi,A3,2007,2000,1
LEMON_AUDI_A3_2000CC_2008,Audi,A3,2008,2000,1
LEMON_AUDI_A3_3200CC_2008,Audi,A3,2008,3200,1
LEMON_AUDI_A3_3200CC_2009,Audi,A3,2009,3200,1
LEMON_AUDI_A3_2000CC_2009,Audi,A3,2009,2000,1
LEMON_AUDI_A3_2010,Audi,A3,2010,,1
LEMON_AUDI_A3_2011,Audi,A3,2011,,1
LEMON_AUDI_A3_2012,Audi,A3,2012,,1
LEMON_AUDI_A3_2000CC_VINE_2012,Audi,A3,2012,2000,1
LEMON_AUDI_A3_2000CC_VINF_2012,Audi,A3,2012,2000,1
LEMON_AUDI_A3_2000CC_VINE_2013,Audi,A3,2013,2000,1
LEMON_AUDI_A3_2000CC_VINF_2013,Audi,A3,2013,2000,1
LEMON_AUDI_A3_2000CC_VINJ_2013,Audi,A3,2013,2000,1
LEMON_AUDI_A3_2000CC_VIN8_2016,Audi,A3,2016,2000,1
LEMON_AUDI_A3_1800CC_VIN7_2016,Audi,A3,2016,1800,1
LEMON_AUDI_A3_2000CC_2016,Audi,A3,2016,2000,1
LEMON_AUDI_A3_2016,Audi,A3,2016,,1
LEMON_AUDI_A3_2017,Audi,A3,2017,,1
LEMON_AUDI_A3_2018,Audi,A3,2018,,1
LEMON_AUDI_A3_2019,Audi,A3,2019,,1
LEMON_AUDI_A3_2020,Audi,A3,2020,,1
LEMON_AUDI_A3_2022,Audi,A3,2022,,1
LEMON_AUDI_A3_2023,Audi,A3,2023,,1
LEMON_AUDI_A3_2024,Audi,A3,2024,,1
LEMON_AUDI_A3_2025,Audi,A3,2025,,1
LEMON_AUDI_A4_1800CC_2000,Audi,A4,2000,1800,1
LEMON_AUDI_A4_2800CC_2000,Audi,A4,2000,2800,1
LEMON_AUDI_A4_2800CC_2001,Audi,A4,2001,2800,1
LEMON_AUDI_A4_1800CC_2001,Audi,A4,2001,1800,1
LEMON_AUDI_A4_1800CC_2002,Audi,A4,2002,1800,1
LEMON_AUDI_A4_3000CC_2002,Audi,A4,2002,3000,1
LEMON_AUDI_A4_1800CC_2003,Audi,A4,2003,1800,1
LEMON_AUDI_A4_3000CC_2003,Audi,A4,2003,3000,1
LEMON_AUDI_A4_1800CC_2004,Audi,A4,2004,1800,1
LEMON_AUDI_A4_3000CC_2004,Audi,A4,2004,3000,1
LEMON_AUDI_A4_1800CC_2005,Audi,A4,2005,1800,1
LEMON_AUDI_A4_3000CC_2005,Audi,A4,2005,3000,1
LEMON_AUDI_A4_2000CC_2005,Audi,A4,2005,2000,1
LEMON_AUDI_A4_3200CC_2005,Audi,A4,2005,3200,1
LEMON_AUDI_A4_3200CC_2006,Audi,A4,2006,3200,1
LEMON_AUDI_A4_2000CC_2006,Audi,A4,2006,2000,1
LEMON_AUDI_A4_1800CC_2006,Audi,A4,2006,1800,1
LEMON_AUDI_A4_3000CC_2006,Audi,A4,2006,3000,1
LEMON_AUDI_A4_2000CC_2007,Audi,A4,2007,2000,1
LEMON_AUDI_A4_3200CC_2007,Audi,A4,2007,3200,1
LEMON_AUDI_A4_2000CC_2008,Audi,A4,2008,2000,1
LEMON_AUDI_A4_3200CC_2008,Audi,A4,2008,3200,1
LEMON_AUDI_A4_2000CC_2009,Audi,A4,2009,2000,1
LEMON_AUDI_A4_3200CC_2009,Audi,A4,2009,3200,1
LEMON_AUDI_A4_2010,Audi,A4,2010,,1
LEMON_AUDI_A4_2011,Audi,A4,2011,,1
LEMON_AUDI_A4_2012,Audi,A4,2012,,1
LEMON_AUDI_A4_2013,Audi,A4,2013,,1
LEMON_AUDI_A4_2014,Audi,A4,2014,,1
LEMON_AUDI_A4_2015_A4PREMIUM,Audi,A4,2015,,1
LEMON_AUDI_A4_2015_A4PREMIUMPLU,Audi,A4,2015,,1
LEMON_AUDI_A4_2015_A4PRESTIGE,Audi,A4,2015,,1
LEMON_AUDI_A4_2016,Audi,A4,2016,,1
LEMON_AUDI_A4_2018,Audi,A4,2018,,1
LEMON_AUDI_A4_2019,Audi,A4,2019,,1
LEMON_AUDI_A4_2020,Audi,A4,2020,,1
LEMON_AUDI_A4_2000CC_VINA_2021,Audi,A4,2021,2000,1
LEMON_AUDI_A4_2000CC_VINB_2021,Audi,A4,2021,2000,1
LEMON_AUDI_A4_2021,Audi,A4,2021,,1
LEMON_AUDI_A4_2000CC_VINB_2022,Audi,A4,2022,2000,1
LEMON_AUDI_A4_2000CC_VINA_2022,Audi,A4,2022,2000,1
LEMON_AUDI_A4_2022,Audi,A4,2022,,1
LEMON_AUDI_A4_2000CC_VINB_2023,Audi,A4,2023,2000,1
LEMON_AUDI_A4_2000CC_VINA_2023,Audi,A4,2023,2000,1
LEMON_AUDI_A4_2023,Audi,A4,2023,,1
LEMON_AUDI_A4_2000CC_VINB_2024,Audi,A4,2024,2000,1
LEMON_AUDI_A4_2000CC_VINA_2024,Audi,A4,2024,2000,1
LEMON_AUDI_A4_2024,Audi,A4,2024,,1
LEMON_AUDI_A4_2025,Audi,A4,2025,,1
LEMON_AUDI_A5_2008,Audi,A5,2008,,1
LEMON_AUDI_A5_2009,Audi,A5,2009,,1
LEMON_AUDI_A5_2000CC_2010,Audi,A5,2010,2000,1
LEMON_AUDI_A5_3200CC_2010,Audi,A5,2010,3200,1
LEMON_AUDI_A5_2011,Audi,A5,2011,,1
LEMON_AUDI_A5_2012,Audi,A5,2012,,1
LEMON_AUDI_A5_2014,Audi,A5,2014,,1
LEMON_AUDI_A5_2000CC_VING_2016,Audi,A5,2016,2000,1
LEMON_AUDI_A5_2000CC_VIN2_2016,Audi,A5,2016,2000,1
LEMON_AUDI_A5_2018,Audi,A5,2018,,1
LEMON_AUDI_A5_2019,Audi,A5,2019,,1
LEMON_AUDI_A5_2020,Audi,A5,2020,,1
LEMON_AUDI_A5_2021,Audi,A5,2021,,1
LEMON_AUDI_A5_2000CC_VINA_2021,Audi,A5,2021,2000,1
LEMON_AUDI_A5_2000CC_VINB_2021,Audi,A5,2021,2000,1
LEMON_AUDI_A5_2022,Audi,A5,2022,,1
LEMON_AUDI_A5_2000CC_VINB_2022,Audi,A5,2022,2000,1
LEMON_AUDI_A5_2000CC_VINA_2022,Audi,A5,2022,2000,1
LEMON_AUDI_A5_2023,Audi,A5,2023,,1
LEMON_AUDI_A5_2000CC_VINA_2023,Audi,A5,2023,2000,1
LEMON_AUDI_A5_2000CC_VINB_2023,Audi,A5,2023,2000,1
LEMON_AUDI_A5_2024,Audi,A5,2024,,1
LEMON_AUDI_A5_2000CC_VINA_2024,Audi,A5,2024,2000,1
LEMON_AUDI_A5_2000CC_VINB_2024,Audi,A5,2024,2000,1
LEMON_AUDI_A5_2025,Audi,A5,2025,,1
LEMON_AUDI_A6_2800CC_2000,Audi,A6,2000,2800,1
LEMON_AUDI_A6_2700CC_2000,Audi,A6,2000,2700,1
LEMON_AUDI_A6_4200CC_2000,Audi,A6,2000,4200,1
LEMON_AUDI_A6_2700CC_2001,Audi,A6,2001,2700,1
LEMON_AUDI_A6_2800CC_2001,Audi,A6,2001,2800,1
LEMON_AUDI_A6_4200CC_2001,Audi,A6,2001,4200,1
LEMON_AUDI_A6_3000CC_2002,Audi,A6,2002,3000,1
LEMON_AUDI_A6_2700CC_2002,Audi,A6,2002,2700,1
LEMON_AUDI_A6_4200CC_2002,Audi,A6,2002,4200,1
LEMON_AUDI_A6_3000CC_2003,Audi,A6,2003,3000,1
LEMON_AUDI_A6_2700CC_2003,Audi,A6,2003,2700,1
LEMON_AUDI_A6_4200CC_2003,Audi,A6,2003,4200,1
LEMON_AUDI_A6_3000CC_2004,Audi,A6,2004,3000,1
LEMON_AUDI_A6_2700CC_2004,Audi,A6,2004,2700,1
LEMON_AUDI_A6_4200CC_2004,Audi,A6,2004,4200,1
LEMON_AUDI_A6_3200CC_2005,Audi,A6,2005,3200,1
LEMON_AUDI_A6_4200CC_2005,Audi,A6,2005,4200,1
LEMON_AUDI_A6_3200CC_2006,Audi,A6,2006,3200,1
LEMON_AUDI_A6_4200CC_2006,Audi,A6,2006,4200,1
LEMON_AUDI_A6_3200CC_2007,Audi,A6,2007,3200,1
LEMON_AUDI_A6_4200CC_2007,Audi,A6,2007,4200,1
LEMON_AUDI_A6_3200CC_2008,Audi,A6,2008,3200,1
LEMON_AUDI_A6_4200CC_2008,Audi,A6,2008,4200,1
LEMON_AUDI_A6_3000CC_2009,Audi,A6,2009,3000,1
LEMON_AUDI_A6_3200CC_2009,Audi,A6,2009,3200,1
LEMON_AUDI_A6_4200CC_2009,Audi,A6,2009,4200,1
LEMON_AUDI_A6_3000CC_2010,Audi,A6,2010,3000,1
LEMON_AUDI_A6_3200CC_2010,Audi,A6,2010,3200,1
LEMON_AUDI_A6_4200CC_2010,Audi,A6,2010,4200,1
LEMON_AUDI_A6_3000CC_2011,Audi,A6,2011,3000,1
LEMON_AUDI_A6_4200CC_2011,Audi,A6,2011,4200,1
LEMON_AUDI_A6_3200CC_2011,Audi,A6,2011,3200,1
LEMON_AUDI_A6_2000CC_2012,Audi,A6,2012,2000,1
LEMON_AUDI_A6_3000CC_2012,Audi,A6,2012,3000,1
LEMON_AUDI_A6_2000CC_2013,Audi,A6,2013,2000,1
LEMON_AUDI_A6_2000CC_VINF_2013,Audi,A6,2013,2000,1
LEMON_AUDI_A6_3000CC_VING_2013,Audi,A6,2013,3000,1
LEMON_AUDI_A6_3000CC_2013,Audi,A6,2013,3000,1
LEMON_AUDI_A6_2014,Audi,A6,2014,,1
LEMON_AUDI_A6_2015_A6PREMIUM,Audi,A6,2015,,1
LEMON_AUDI_A6_3000CC_VING_2015,Audi,A6,2015,3000,1
LEMON_AUDI_A6_3000CC_2015,Audi,A6,2015,3000,1
LEMON_AUDI_A6_2015_A6PREMIUMPLU,Audi,A6,2015,,1
LEMON_AUDI_A6_2016,Audi,A6,2016,,1
LEMON_AUDI_A6_3000CC_VING_2016,Audi,A6,2016,3000,1
LEMON_AUDI_A6_2000CC_VINF_2016,Audi,A6,2016,2000,1
LEMON_AUDI_A6_3000CC_2016,Audi,A6,2016,3000,1
LEMON_AUDI_A6_2000CC_2016,Audi,A6,2016,2000,1
LEMON_AUDI_A6_2017,Audi,A6,2017,,1
LEMON_AUDI_A6_3000CC_2017,Audi,A6,2017,3000,1
LEMON_AUDI_A6_2000CC_2017,Audi,A6,2017,2000,1
LEMON_AUDI_A6_2000CC_VIN8_2017,Audi,A6,2017,2000,1
LEMON_AUDI_A6_3000CC_VIN2_2017,Audi,A6,2017,3000,1
LEMON_AUDI_A6_2018,Audi,A6,2018,,1
LEMON_AUDI_A6_2000CC_VIN8_2018,Audi,A6,2018,2000,1
LEMON_AUDI_A6_3000CC_VIN3_2018,Audi,A6,2018,3000,1
LEMON_AUDI_A6_3000CC_2018,Audi,A6,2018,3000,1
LEMON_AUDI_A6_2000CC_VIN8_2019,Audi,A6,2019,2000,1
LEMON_AUDI_A6_3000CC_VIN2_2019,Audi,A6,2019,3000,1
LEMON_AUDI_A6_3000CC_2019,Audi,A6,2019,3000,1
LEMON_AUDI_A6_3000CC_VIN2_2020,Audi,A6,2020,3000,1
LEMON_AUDI_A6_2000CC_VIN8_2020,Audi,A6,2020,2000,1
LEMON_AUDI_A6_3000CC_2020,Audi,A6,2020,3000,1
LEMON_AUDI_A6_2020,Audi,A6,2020,,1
LEMON_AUDI_A6_2000CC_VIN3_2021,Audi,A6,2021,2000,1
LEMON_AUDI_A6_3000CC_VIN2_2021,Audi,A6,2021,3000,1
LEMON_AUDI_A6_2000CC_VIN8_2021,Audi,A6,2021,2000,1
LEMON_AUDI_A6_3000CC_2021,Audi,A6,2021,3000,1
LEMON_AUDI_A6_2021,Audi,A6,2021,,1
LEMON_AUDI_A6_2000CC_VIN3_2022,Audi,A6,2022,2000,1
LEMON_AUDI_A6_3000CC_VIN2_2022,Audi,A6,2022,3000,1
LEMON_AUDI_A6_3000CC_2022,Audi,A6,2022,3000,1
LEMON_AUDI_A6_2022,Audi,A6,2022,,1
LEMON_AUDI_A6_3000CC_VIN2_2023,Audi,A6,2023,3000,1
LEMON_AUDI_A6_2000CC_VIN3_2023,Audi,A6,2023,2000,1
LEMON_AUDI_A6_3000CC_2023,Audi,A6,2023,3000,1
LEMON_AUDI_A6_2023,Audi,A6,2023,,1
LEMON_AUDI_A6_3000CC_VIN2_2024,Audi,A6,2024,3000,1
LEMON_AUDI_A6_2000CC_VIN3_2024,Audi,A6,2024,2000,1
LEMON_AUDI_A6_3000CC_2024,Audi,A6,2024,3000,1
LEMON_AUDI_A6_2024,Audi,A6,2024,,1
LEMON_AUDI_A6_3000CC_VIN2_2025,Audi,A6,2025,3000,1
LEMON_AUDI_A6_2000CC_VIN3_2025,Audi,A6,2025,2000,1
LEMON_AUDI_A6_3000CC_2025,Audi,A6,2025,3000,1
LEMON_AUDI_A6_2025,Audi,A6,2025,,1
LEMON_AUDI_A7_2012,Audi,A7,2012,,1
LEMON_AUDI_A7_2014,Audi,A7,2014,,1
LEMON_AUDI_A7_2018,Audi,A7,2018,,1
LEMON_AUDI_A7_2019,Audi,A7,2019,,1
LEMON_AUDI_A7_2020,Audi,A7,2020,,1
LEMON_AUDI_A7_2021,Audi,A7,2021,,1
LEMON_AUDI_A7_2022,Audi,A7,2022,,1
LEMON_AUDI_A7_2023,Audi,A7,2023,,1
LEMON_AUDI_A7_2024,Audi,A7,2024,,1
LEMON_AUDI_A7_2025,Audi,A7,2025,,1
LEMON_AUDI_A8_2000,Audi,A8,2000,,1
LEMON_AUDI_A8_2001,Audi,A8,2001,,1
LEMON_AUDI_A8_2002,Audi,A8,2002,,1
LEMON_AUDI_A8_2003,Audi,A8,2003,,1
LEMON_AUDI_A8_2004,Audi,A8,2004,,1
LEMON_AUDI_A8_4200CC_2005,Audi,A8,2005,4200,1
LEMON_AUDI_A8_6000CC_2005,Audi,A8,2005,6000,1
LEMON_AUDI_A8_4200CC_2006,Audi,A8,2006,4200,1
LEMON_AUDI_A8_6000CC_2006,Audi,A8,2006,6000,1
LEMON_AUDI_A8_4200CC_2007,Audi,A8,2007,4200,1
LEMON_AUDI_A8_6000CC_2007,Audi,A8,2007,6000,1
LEMON_AUDI_A8_4200CC_2008,Audi,A8,2008,4200,1
LEMON_AUDI_A8_6000CC_2008,Audi,A8,2008,6000,1
LEMON_AUDI_A8_6000CC_2009,Audi,A8,2009,6000,1
LEMON_AUDI_A8_4200CC_2009,Audi,A8,2009,4200,1
LEMON_AUDI_A8_2010,Audi,A8,2010,,1
LEMON_AUDI_A8_2011,Audi,A8,2011,,1
LEMON_AUDI_A8_6300CC_VIN4_2012,Audi,A8,2012,6300,1
LEMON_AUDI_A8_4200CC_2012,Audi,A8,2012,4200,1
LEMON_AUDI_A8_4200CC_VINV_2012,Audi,A8,2012,4200,1
LEMON_AUDI_A8_3000CC_VING_2013,Audi,A8,2013,3000,1
LEMON_AUDI_A8_4000CC_VIN2_2013,Audi,A8,2013,4000,1
LEMON_AUDI_A8_6300CC_VIN4_2013,Audi,A8,2013,6300,1
LEMON_AUDI_A8_3000CC_VING_2014,Audi,A8,2014,3000,1
LEMON_AUDI_A8_4000CC_VIN2_2014,Audi,A8,2014,4000,1
LEMON_AUDI_A8_3000CC_2014,Audi,A8,2014,3000,1
LEMON_AUDI_A8_6300CC_2014,Audi,A8,2014,6300,1
LEMON_AUDI_A8_3000CC_VING_2015,Audi,A8,2015,3000,1
LEMON_AUDI_A8_4000CC_VIN2_2015,Audi,A8,2015,4000,1
LEMON_AUDI_A8_3000CC_2015,Audi,A8,2015,3000,1
LEMON_AUDI_A8_6300CC_2015,Audi,A8,2015,6300,1
LEMON_AUDI_A8_3000CC_2016,Audi,A8,2016,3000,1
LEMON_AUDI_A8_6300CC_2016,Audi,A8,2016,6300,1
LEMON_AUDI_A8_3000CC_VIN4_2016,Audi,A8,2016,3000,1
LEMON_AUDI_A8_4000CC_VIN3_2016,Audi,A8,2016,4000,1
LEMON_AUDI_A8_4000CC_2017,Audi,A8,2017,4000,1
LEMON_AUDI_A8_3000CC_2017,Audi,A8,2017,3000,1
LEMON_AUDI_A8_3000CC_2018,Audi,A8,2018,3000,1
LEMON_AUDI_A8_4000CC_2018,Audi,A8,2018,4000,1
LEMON_AUDI_A8_3000CC_VIND_2019,Audi,A8,2019,3000,1
LEMON_AUDI_A8_4000CC_VINE_2019,Audi,A8,2019,4000,1
LEMON_AUDI_A8_3000CC_VIND_2020,Audi,A8,2020,3000,1
LEMON_AUDI_A8_4000CC_VINE_2020,Audi,A8,2020,4000,1
LEMON_AUDI_A8_2020,Audi,A8,2020,,1
LEMON_AUDI_A8_3000CC_VIND_2021,Audi,A8,2021,3000,1
LEMON_AUDI_A8_4000CC_VINE_2021,Audi,A8,2021,4000,1
LEMON_AUDI_A8_2021,Audi,A8,2021,,1
LEMON_AUDI_A8_2022,Audi,A8,2022,,1
LEMON_AUDI_A8_2023,Audi,A8,2023,,1
LEMON_AUDI_A8_2024,Audi,A8,2024,,1
LEMON_AUDI_A8_2025,Audi,A8,2025,,1
LEMON_AUDI_Q3_2015_Q3PREMIUMPLU,Audi,Q3,2015,,1
LEMON_AUDI_Q3_2015_Q3PRESTIGE,Audi,Q3,2015,,1
LEMON_AUDI_Q3_2015_Q3QUATTROPRE,Audi,Q3,2015,,1
LEMON_AUDI_Q3_2016,Audi,Q3,2016,,1
LEMON_AUDI_Q3_2017,Audi,Q3,2017,,1
LEMON_AUDI_Q3_2018,Audi,Q3,2018,,1
LEMON_AUDI_Q3_2019,Audi,Q3,2019,,1
LEMON_AUDI_Q3_2020,Audi,Q3,2020,,1
LEMON_AUDI_Q3_2021,Audi,Q3,2021,,1
LEMON_AUDI_Q3_2022,Audi,Q3,2022,,1
LEMON_AUDI_Q3_2000CC_VINE_2023,Audi,Q3,2023,2000,1
LEMON_AUDI_Q3_2000CC_VINU_2023,Audi,Q3,2023,2000,1
LEMON_AUDI_Q3_2000CC_VINE_2024,Audi,Q3,2024,2000,1
LEMON_AUDI_Q3_2000CC_VINU_2024,Audi,Q3,2024,2000,1
LEMON_AUDI_Q3_2025,Audi,Q3,2025,,1
LEMON_AUDI_Q4_2022,Audi,Q4,2022,,1
LEMON_AUDI_Q4_2023,Audi,Q4,2023,,1
LEMON_AUDI_Q4_2024,Audi,Q4,2024,,1
LEMON_AUDI_Q4_2025,Audi,Q4,2025,,1
LEMON_AUDI_Q5_2009,Audi,Q5,2009,,1
LEMON_AUDI_Q5_2010,Audi,Q5,2010,,1
LEMON_AUDI_Q5_2000CC_2011,Audi,Q5,2011,2000,1
LEMON_AUDI_Q5_3200CC_2011,Audi,Q5,2011,3200,1
LEMON_AUDI_Q5_3200CC_2012,Audi,Q5,2012,3200,1
LEMON_AUDI_Q5_2000CC_2012,Audi,Q5,2012,2000,1
LEMON_AUDI_Q5_2000CC_2013,Audi,Q5,2013,2000,1
LEMON_AUDI_Q5_3000CC_VING_2013,Audi,Q5,2013,3000,1
LEMON_AUDI_Q5_2000CC_VINF_2013,Audi,Q5,2013,2000,1
LEMON_AUDI_Q5_3000CC_2013,Audi,Q5,2013,3000,1
LEMON_AUDI_Q5_2000CC_2014,Audi,Q5,2014,2000,1
LEMON_AUDI_Q5_2000CC_VINF_2014,Audi,Q5,2014,2000,1
LEMON_AUDI_Q5_3000CC_VING_2014,Audi,Q5,2014,3000,1
LEMON_AUDI_Q5_3000CC_2014,Audi,Q5,2014,3000,1
LEMON_AUDI_Q5_2000CC_2015,Audi,Q5,2015,2000,1
LEMON_AUDI_Q5_2000CC_VINF_2015,Audi,Q5,2015,2000,1
LEMON_AUDI_Q5_3000CC_2015,Audi,Q5,2015,3000,1
LEMON_AUDI_Q5_3000CC_VING_2015,Audi,Q5,2015,3000,1
LEMON_AUDI_Q5_2000CC_2016,Audi,Q5,2016,2000,1
LEMON_AUDI_Q5_2000CC_VIN2_2016,Audi,Q5,2016,2000,1
LEMON_AUDI_Q5_3000CC_VIN7_2016,Audi,Q5,2016,3000,1
LEMON_AUDI_Q5_3000CC_2016,Audi,Q5,2016,3000,1
LEMON_AUDI_Q5_2000CC_2017,Audi,Q5,2017,2000,1
LEMON_AUDI_Q5_2000CC_VIN2_2017,Audi,Q5,2017,2000,1
LEMON_AUDI_Q5_3000CC_VIN7_2017,Audi,Q5,2017,3000,1
LEMON_AUDI_Q5_3000CC_2017,Audi,Q5,2017,3000,1
LEMON_AUDI_Q5_2018,Audi,Q5,2018,,1
LEMON_AUDI_Q5_2019,Audi,Q5,2019,,1
LEMON_AUDI_Q5_2020,Audi,Q5,2020,,1
LEMON_AUDI_Q5_2021,Audi,Q5,2021,,1
LEMON_AUDI_Q5_2022,Audi,Q5,2022,,1
LEMON_AUDI_Q5_2000CC_VINA_2023,Audi,Q5,2023,2000,1
LEMON_AUDI_Q5_2000CC_VINB_2023,Audi,Q5,2023,2000,1
LEMON_AUDI_Q5_2023,Audi,Q5,2023,,1
LEMON_AUDI_Q5_2000CC_VINB_2024,Audi,Q5,2024,2000,1
LEMON_AUDI_Q5_2000CC_VINA_2024,Audi,Q5,2024,2000,1
LEMON_AUDI_Q5_2024,Audi,Q5,2024,,1
LEMON_AUDI_Q5_2000CC_VINA_2025,Audi,Q5,2025,2000,1
LEMON_AUDI_Q5_2000CC_VINB_2025,Audi,Q5,2025,2000,1
LEMON_AUDI_Q5_2025,Audi,Q5,2025,,1
LEMON_AUDI_Q7_3600CC_2007,Audi,Q7,2007,3600,1
LEMON_AUDI_Q7_4200CC_2007,Audi,Q7,2007,4200,1
LEMON_AUDI_Q7_3600CC_2008,Audi,Q7,2008,3600,1
LEMON_AUDI_Q7_4200CC_2008,Audi,Q7,2008,4200,1
LEMON_AUDI_Q7_3000CC_2009,Audi,Q7,2009,3000,1
LEMON_AUDI_Q7_3600CC_2009,Audi,Q7,2009,3600,1
LEMON_AUDI_Q7_4200CC_2009,Audi,Q7,2009,4200,1
LEMON_AUDI_Q7_3000CC_2010,Audi,Q7,2010,3000,1
LEMON_AUDI_Q7_4200CC_2010,Audi,Q7,2010,4200,1
LEMON_AUDI_Q7_3600CC_2010,Audi,Q7,2010,3600,1
LEMON_AUDI_Q7_2011,Audi,Q7,2011,,1
LEMON_AUDI_Q7_2012,Audi,Q7,2012,,1
LEMON_AUDI_Q7_3000CC_VINM_2013,Audi,Q7,2013,3000,1
LEMON_AUDI_Q7_2013,Audi,Q7,2013,,1
LEMON_AUDI_Q7_2014,Audi,Q7,2014,,1
LEMON_AUDI_Q7_2015_Q7PREMIUM,Audi,Q7,2015,,1
LEMON_AUDI_Q7_2015_Q7PREMIUMPLU,Audi,Q7,2015,,1
LEMON_AUDI_Q7_2015_Q7TDIPREMIUM,Audi,Q7,2015,,1
LEMON_AUDI_Q7_2015_Q7TDIPRESTIG,Audi,Q7,2015,,1
LEMON_AUDI_Q7_2000CC_VINH_2017,Audi,Q7,2017,2000,1
LEMON_AUDI_Q7_3000CC_VINA_2017,Audi,Q7,2017,3000,1
LEMON_AUDI_Q7_3000CC_2017,Audi,Q7,2017,3000,1
LEMON_AUDI_Q7_2000CC_VINH_2018,Audi,Q7,2018,2000,1
LEMON_AUDI_Q7_3000CC_VINA_2018,Audi,Q7,2018,3000,1
LEMON_AUDI_Q7_3000CC_2018,Audi,Q7,2018,3000,1
LEMON_AUDI_Q7_2000CC_VINH_2019,Audi,Q7,2019,2000,1
LEMON_AUDI_Q7_3000CC_VINA_2019,Audi,Q7,2019,3000,1
LEMON_AUDI_Q7_3000CC_2019,Audi,Q7,2019,3000,1
LEMON_AUDI_Q7_3000CC_VINX_2020,Audi,Q7,2020,3000,1
LEMON_AUDI_Q7_2000CC_VINJ_2020,Audi,Q7,2020,2000,1
LEMON_AUDI_Q7_3000CC_2020,Audi,Q7,2020,3000,1
LEMON_AUDI_Q7_3000CC_VINX_2021,Audi,Q7,2021,3000,1
LEMON_AUDI_Q7_2000CC_VINJ_2021,Audi,Q7,2021,2000,1
LEMON_AUDI_Q7_3000CC_2021,Audi,Q7,2021,3000,1
LEMON_AUDI_Q7_2000CC_VINJ_2022,Audi,Q7,2022,2000,1
LEMON_AUDI_Q7_3000CC_VINX_2022,Audi,Q7,2022,3000,1
LEMON_AUDI_Q7_3000CC_2022,Audi,Q7,2022,3000,1
LEMON_AUDI_Q7_3000CC_VINX_2023,Audi,Q7,2023,3000,1
LEMON_AUDI_Q7_2000CC_VINC_2023,Audi,Q7,2023,2000,1
LEMON_AUDI_Q7_3000CC_2023,Audi,Q7,2023,3000,1
LEMON_AUDI_Q7_2000CC_VINC_2024,Audi,Q7,2024,2000,1
LEMON_AUDI_Q7_3000CC_VINX_2024,Audi,Q7,2024,3000,1
LEMON_AUDI_Q7_3000CC_2024,Audi,Q7,2024,3000,1
LEMON_AUDI_Q7_2000CC_VINC_2025,Audi,Q7,2025,2000,1
LEMON_AUDI_Q7_3000CC_VINV_2025,Audi,Q7,2025,3000,1
LEMON_AUDI_Q7_3000CC_2025,Audi,Q7,2025,3000,1
LEMON_AUDI_Q8_2019,Audi,Q8,2019,,1
LEMON_AUDI_Q8_2020,Audi,Q8,2020,,1
LEMON_AUDI_Q8_2021,Audi,Q8,2021,,1
LEMON_AUDI_Q8_2022,Audi,Q8,2022,,1
LEMON_AUDI_Q8_2023,Audi,Q8,2023,,1
LEMON_AUDI_Q8_2024,Audi,Q8,2024,,1
LEMON_AUDI_Q8_2025,Audi,Q8,2025,,1
LEMON_AUDI_R8_2008,Audi,R8,2008,,1
LEMON_AUDI_R8_2009,Audi,R8,2009,,1
LEMON_AUDI_R8_5200CC_2010,Audi,R8,2010,5200,1
LEMON_AUDI_R8_4200CC_2010,Audi,R8,2010,4200,1
LEMON_AUDI_R8_4200CC_2011,Audi,R8,2011,4200,1
LEMON_AUDI_R8_5200CC_2011,Audi,R8,2011,5200,1
LEMON_AUDI_R8_4200CC_VINU_2012,Audi,R8,2012,4200,1
LEMON_AUDI_R8_5200CC_2012,Audi,R8,2012,5200,1
LEMON_AUDI_R8_5200CC_VINN_2012,Audi,R8,2012,5200,1
LEMON_AUDI_R8_4200CC_VINU_2014,Audi,R8,2014,4200,1
LEMON_AUDI_R8_5200CC_2014,Audi,R8,2014,5200,1
LEMON_AUDI_R8_5200CC_VINN_2014,Audi,R8,2014,5200,1
LEMON_AUDI_R8_4200CC_VINU_2015,Audi,R8,2015,4200,1
LEMON_AUDI_R8_5200CC_VINN_2015,Audi,R8,2015,5200,1
LEMON_AUDI_R8_5200CC_2015,Audi,R8,2015,5200,1
LEMON_AUDI_R8_2018,Audi,R8,2018,,1
LEMON_AUDI_R8_5200CC_VINA_2021,Audi,R8,2021,5200,1
LEMON_AUDI_R8_5200CC_VINE_2021,Audi,R8,2021,5200,1
LEMON_AUDI_R8_2021,Audi,R8,2021,,1
LEMON_AUDI_RS_2003,Audi,RS,2003,,1
LEMON_AUDI_RS_2007,Audi,RS,2007,,1
LEMON_AUDI_RS_2008,Audi,RS,2008,,1
LEMON_AUDI_RS_2013,Audi,RS,2013,,1
LEMON_AUDI_RS_2014,Audi,RS,2014,,1
LEMON_AUDI_RS_2016,Audi,RS,2016,,1
LEMON_AUDI_RS_2017,Audi,RS,2017,,1
LEMON_AUDI_RS_2018,Audi,RS,2018,,1
LEMON_AUDI_RS_2019,Audi,RS,2019,,1
LEMON_AUDI_RS_2020,Audi,RS,2020,,1
LEMON_AUDI_RS_2021,Audi,RS,2021,,1
LEMON_AUDI_RS_2022,Audi,RS,2022,,1
LEMON_AUDI_RS_2023,Audi,RS,2023,,1
LEMON_AUDI_RS_2024,Audi,RS,2024,,1
LEMON_AUDI_RS_2025,Audi,RS,2025,,1
LEMON_AUDI_RS_2015_RS5CABRIOLET,Audi,RS 5,2015,,1
LEMON_AUDI_RS_2015_RS5BASE,Audi,RS 5,2015,,1
LEMON_AUDI_RS_2015_RS7,Audi,RS 7,2015,,1
LEMON_AUDI_S3_2015_S3PRESTIGE,Audi,S3,2015,,1
LEMON_AUDI_S3_2015_S3PREMIUMPLU,Audi,S3,2015,,1
LEMON_AUDI_S3_2016,Audi,S3,2016,,1
LEMON_AUDI_S3_2017,Audi,S3,2017,,1
LEMON_AUDI_S3_2018,Audi,S3,2018,,1
LEMON_AUDI_S3_2019,Audi,S3,2019,,1
LEMON_AUDI_S3_2020,Audi,S3,2020,,1
LEMON_AUDI_S3_2022,Audi,S3,2022,,1
LEMON_AUDI_S3_2023,Audi,S3,2023,,1
LEMON_AUDI_S3_2024,Audi,S3,2024,,1
LEMON_AUDI_S3_2025,Audi,S3,2025,,1
LEMON_AUDI_S4_2000,Audi,S4,2000,,1
LEMON_AUDI_S4_2001,Audi,S4,2001,,1
LEMON_AUDI_S4_2002,Audi,S4,2002,,1
LEMON_AUDI_S4_2004,Audi,S4,2004,,1
LEMON_AUDI_S4_2005,Audi,S4,2005,,1
LEMON_AUDI_S4_2006,Audi,S4,2006,,1
LEMON_AUDI_S4_2007,Audi,S4,2007,,1
LEMON_AUDI_S4_2008,Audi,S4,2008,,1
LEMON_AUDI_S4_2009,Audi,S4,2009,,1
LEMON_AUDI_S4_2010,Audi,S4,2010,,1
LEMON_AUDI_S4_2011,Audi,S4,2011,,1
LEMON_AUDI_S4_2012,Audi,S4,2012,,1
LEMON_AUDI_S4_2013,Audi,S4,2013,,1
LEMON_AUDI_S4_2014,Audi,S4,2014,,1
LEMON_AUDI_S4_2015_S4PREMIUMPLU,Audi,S4,2015,,1
LEMON_AUDI_S4_2015_S4PRESTIGEAU,Audi,S4,2015,,1
LEMON_AUDI_S4_2015_S4PRESTIGEST,Audi,S4,2015,,1
LEMON_AUDI_S4_2016,Audi,S4,2016,,1
LEMON_AUDI_S4_2018,Audi,S4,2018,,1
LEMON_AUDI_S4_2019,Audi,S4,2019,,1
LEMON_AUDI_S4_2020,Audi,S4,2020,,1
LEMON_AUDI_S4_2021,Audi,S4,2021,,1
LEMON_AUDI_S4_2022,Audi,S4,2022,,1
LEMON_AUDI_S4_2023,Audi,S4,2023,,1
LEMON_AUDI_S4_2024,Audi,S4,2024,,1
LEMON_AUDI_S4_2025,Audi,S4,2025,,1
LEMON_AUDI_S5_2008,Audi,S5,2008,,1
LEMON_AUDI_S5_2009,Audi,S5,2009,,1
LEMON_AUDI_S5_3000CC_2010,Audi,S5,2010,3000,1
LEMON_AUDI_S5_4200CC_2010,Audi,S5,2010,4200,1
LEMON_AUDI_S5_3000CC_2011,Audi,S5,2011,3000,1
LEMON_AUDI_S5_4200CC_2011,Audi,S5,2011,4200,1
LEMON_AUDI_S5_4200CC_2012,Audi,S5,2012,4200,1
LEMON_AUDI_S5_3000CC_2012,Audi,S5,2012,3000,1
LEMON_AUDI_S5_2013,Audi,S5,2013,,1
LEMON_AUDI_S5_2014,Audi,S5,2014,,1
LEMON_AUDI_S5_2015_S5PREMIUMPLU,Audi,S5,2015,,1
LEMON_AUDI_S5_2015_S5PRESTIGE2D,Audi,S5,2015,,1
LEMON_AUDI_S5_2016,Audi,S5,2016,,1
LEMON_AUDI_S5_2017,Audi,S5,2017,,1
LEMON_AUDI_S5_2018,Audi,S5,2018,,1
LEMON_AUDI_S5_2019,Audi,S5,2019,,1
LEMON_AUDI_S5_2020,Audi,S5,2020,,1
LEMON_AUDI_S5_2021,Audi,S5,2021,,1
LEMON_AUDI_S5_2022,Audi,S5,2022,,1
LEMON_AUDI_S5_2023,Audi,S5,2023,,1
LEMON_AUDI_S5_2024,Audi,S5,2024,,1
LEMON_AUDI_S5_2025,Audi,S5,2025,,1
LEMON_AUDI_S6_2002,Audi,S6,2002,,1
LEMON_AUDI_S6_2003,Audi,S6,2003,,1
LEMON_AUDI_S6_2007,Audi,S6,2007,,1
LEMON_AUDI_S6_2008,Audi,S6,2008,,1
LEMON_AUDI_S6_2009,Audi,S6,2009,,1
LEMON_AUDI_S6_2010,Audi,S6,2010,,1
LEMON_AUDI_S6_2011,Audi,S6,2011,,1
LEMON_AUDI_S6_2013,Audi,S6,2013,,1
LEMON_AUDI_S6_2014,Audi,S6,2014,,1
LEMON_AUDI_S6_2015_S6,Audi,S6,2015,,1
LEMON_AUDI_S6_2016,Audi,S6,2016,,1
LEMON_AUDI_S6_2017,Audi,S6,2017,,1
LEMON_AUDI_S6_2018,Audi,S6,2018,,1
LEMON_AUDI_S6_2020,Audi,S6,2020,,1
LEMON_AUDI_S6_2021,Audi,S6,2021,,1
LEMON_AUDI_S6_2022,Audi,S6,2022,,1
LEMON_AUDI_S6_2023,Audi,S6,2023,,1
LEMON_AUDI_S6_2024,Audi,S6,2024,,1
LEMON_AUDI_S6_2025,Audi,S6,2025,,1
LEMON_AUDI_S7_2013,Audi,S7,2013,,1
LEMON_AUDI_S7_2014,Audi,S7,2014,,1
LEMON_AUDI_S7_2015_S7,Audi,S7,2015,,1
LEMON_AUDI_S7_2016,Audi,S7,2016,,1
LEMON_AUDI_S7_2017,Audi,S7,2017,,1
LEMON_AUDI_S7_2018,Audi,S7,2018,,1
LEMON_AUDI_S7_2020,Audi,S7,2020,,1
LEMON_AUDI_S7_2021,Audi,S7,2021,,1
LEMON_AUDI_S7_2022,Audi,S7,2022,,1
LEMON_AUDI_S7_2023,Audi,S7,2023,,1
LEMON_AUDI_S7_2024,Audi,S7,2024,,1
LEMON_AUDI_S7_2025,Audi,S7,2025,,1
LEMON_AUDI_S8_2001,Audi,S8,2001,,1
LEMON_AUDI_S8_2002,Audi,S8,2002,,1
LEMON_AUDI_S8_2003,Audi,S8,2003,,1
LEMON_AUDI_S8_2007,Audi,S8,2007,,1
LEMON_AUDI_S8_2008,Audi,S8,2008,,1
LEMON_AUDI_S8_2009,Audi,S8,2009,,1
LEMON_AUDI_S8_2013,Audi,S8,2013,,1
LEMON_AUDI_S8_2014,Audi,S8,2014,,1
LEMON_AUDI_S8_2015_S8,Audi,S8,2015,,1
LEMON_AUDI_S8_2016,Audi,S8,2016,,1
LEMON_AUDI_S8_2017,Audi,S8,2017,,1
LEMON_AUDI_S8_2018,Audi,S8,2018,,1
LEMON_AUDI_S8_2020,Audi,S8,2020,,1
LEMON_AUDI_S8_2021,Audi,S8,2021,,1
LEMON_AUDI_S8_2022,Audi,S8,2022,,1
LEMON_AUDI_S8_2023,Audi,S8,2023,,1
LEMON_AUDI_S8_2024,Audi,S8,2024,,1
LEMON_AUDI_S8_2025,Audi,S8,2025,,1
LEMON_AUDI_SQ5_2014,Audi,SQ5,2014,,1
LEMON_AUDI_SQ5_2015_SQ5PREMIUMPL,Audi,SQ5,2015,,1
LEMON_AUDI_SQ5_2015_SQ5PRESTIGE,Audi,SQ5,2015,,1
LEMON_AUDI_SQ5_2016,Audi,SQ5,2016,,1
LEMON_AUDI_SQ5_2017,Audi,SQ5,2017,,1
LEMON_AUDI_SQ5_2018,Audi,SQ5,2018,,1
LEMON_AUDI_SQ5_2019,Audi,SQ5,2019,,1
LEMON_AUDI_SQ5_2020,Audi,SQ5,2020,,1
LEMON_AUDI_SQ5_2021,Audi,SQ5,2021,,1
LEMON_AUDI_SQ5_2022,Audi,SQ5,2022,,1
LEMON_AUDI_SQ5_2023,Audi,SQ5,2023,,1
LEMON_AUDI_SQ5_2024,Audi,SQ5,2024,,1
LEMON_AUDI_SQ5_2025,Audi,SQ5,2025,,1
LEMON_AUDI_SQ7_2020,Audi,SQ7,2020,,1
LEMON_AUDI_SQ7_2021,Audi,SQ7,2021,,1
LEMON_AUDI_SQ7_2022,Audi,SQ7,2022,,1
LEMON_AUDI_SQ7_2023,Audi,SQ7,2023,,1
LEMON_AUDI_SQ7_2024,Audi,SQ7,2024,,1
LEMON_AUDI_SQ7_2025,Audi,SQ7,2025,,1
LEMON_AUDI_SQ8_2020,Audi,SQ8,2020,,1
LEMON_AUDI_SQ8_2021,Audi,SQ8,2021,,1
LEMON_AUDI_SQ8_2022,Audi,SQ8,2022,,1
LEMON_AUDI_SQ8_2023,Audi,SQ8,2023,,1
LEMON_AUDI_SQ8_2024,Audi,SQ8,2024,,1
LEMON_AUDI_SQ8_2025,Audi,SQ8,2025,,1
LEMON_AUDI_TT_2000,Audi,TT,2000,,1
LEMON_AUDI_TT_2001,Audi,TT,2001,,1
LEMON_AUDI_TT_2002,Audi,TT,2002,,1
LEMON_AUDI_TT_2003,Audi,TT,2003,,1
LEMON_AUDI_TT_2000CC_2008,Audi,TT,2008,2000,1
LEMON_AUDI_TT_3200CC_2008,Audi,TT,2008,3200,1
LEMON_AUDI_TT_2000CC_2009,Audi,TT,2009,2000,1
LEMON_AUDI_TT_3200CC_2009,Audi,TT,2009,3200,1
LEMON_AUDI_TT_2010,Audi,TT,2010,,1
LEMON_AUDI_TT_2011,Audi,TT,2011,,1
LEMON_AUDI_TT_2012,Audi,TT,2012,,1
LEMON_AUDI_TT_2000CC_2013,Audi,TT,2013,2000,1
LEMON_AUDI_TT_2500CC_2013,Audi,TT,2013,2500,1
LEMON_AUDI_TT_2015_TTQUATTROBAS,Audi,TT,2015,,1
LEMON_AUDI_TT_2015_TTQUATTROS2D,Audi,TT,2015,,1
LEMON_AUDI_TT_2016,Audi,TT,2016,,1
LEMON_AUDI_TT_2017,Audi,TT,2017,,1
LEMON_AUDI_TT_2000CC_2018,Audi,TT,2018,2000,1
LEMON_AUDI_TT_2500CC_2018,Audi,TT,2018,2500,1
LEMON_AUDI_TT_2500CC_2019,Audi,TT,2019,2500,1
LEMON_AUDI_TT_2500CC_2020,Audi,TT,2020,2500,1
LEMON_AUDI_TT_2500CC_2021,Audi,TT,2021,2500,1
LEMON_AUDI_TT_2500CC_2022,Audi,TT,2022,2500,1
LEMON_AUDI_TTS_2013,Audi,TTS,2013,,1
LEMON_AUDI_ALLROAD_2001,Audi,allroad,2001,,1
LEMON_AUDI_ALLROAD_2002,Audi,allroad,2002,,1
LEMON_AUDI_ALLROAD_2700CC_2003,Audi,allroad,2003,2700,1
LEMON_AUDI_ALLROAD_4200CC_2003,Audi,allroad,2003,4200,1
LEMON_AUDI_ALLROAD_2700CC_2004,Audi,allroad,2004,2700,1
LEMON_AUDI_ALLROAD_4200CC_2004,Audi,allroad,2004,4200,1
LEMON_AUDI_ALLROAD_2700CC_2005,Audi,allroad,2005,2700,1
LEMON_AUDI_ALLROAD_4200CC_2005,Audi,allroad,2005,4200,1
LEMON_AUDI_ALLROAD_2013,Audi,allroad,2013,,1
LEMON_AUDI_ALLROAD_2014,Audi,allroad,2014,,1
LEMON_AUDI_ALLROAD_2015_ALLROADPREMI,Audi,allroad,2015,,1
LEMON_AUDI_ALLROAD_2015_ALLROADPREST,Audi,allroad,2015,,1
LEMON_AUDI_ALLROAD_2016,Audi,allroad,2016,,1
LEMON_AUDI_E_TRON_2019,Audi,e-tron,2019,,1
LEMON_AUDI_E_TRON_2020,Audi,e-tron,2020,,1
LEMON_AUDI_E_TRON_2021,Audi,e-tron,2021,,1
LEMON_AUDI_E_TRON_2022,Audi,e-tron,2022,,1
LEMON_AUDI_E_TRON_2023,Audi,e-tron,2023,,1
LEMON_AUDI_E_TRON_2024,Audi,e-tron,2024,,1
LEMON_BMW_135I_2008,BMW,135i,2008,,1
LEMON_BMW_135I_2009,BMW,135i,2009,,1
LEMON_BMW_135I_2010,BMW,135i,2010,,1
LEMON_BMW_135I_2011,BMW,135i,2011,,1
LEMON_BMW_135I_2012,BMW,135i,2012,,1
LEMON_BMW_135I_2013,BMW,135i,2013,,1
LEMON_BMW_135IS_2013,BMW,135is,2013,,1
LEMON_BMW_1M_2011,BMW,1M,2011,,1
LEMON_BMW_228I_2020,BMW,228i,2020,,1
LEMON_BMW_228I_2021,BMW,228i,2021,,1
LEMON_BMW_228I_2022,BMW,228i,2022,,1
LEMON_BMW_228I_2023,BMW,228i,2023,,1
LEMON_BMW_228I_2024,BMW,228i,2024,,1
LEMON_BMW_230I_2017,BMW,230i,2017,,1
LEMON_BMW_230I_2018,BMW,230i,2018,,1
LEMON_BMW_230I_2019,BMW,230i,2019,,1
LEMON_BMW_230I_2020,BMW,230i,2020,,1
LEMON_BMW_230I_2021,BMW,230i,2021,,1
LEMON_BMW_230I_2022,BMW,230i,2022,,1
LEMON_BMW_230I_2023,BMW,230i,2023,,1
LEMON_BMW_230I_2024,BMW,230i,2024,,1
LEMON_BMW_320I_2013,BMW,320i,2013,,1
LEMON_BMW_320I_2014,BMW,320i,2014,,1
LEMON_BMW_320I_2015_320IAUTOMATI,BMW,320i,2015,,1
LEMON_BMW_320I_2015_320ISTANDARD,BMW,320i,2015,,1
LEMON_BMW_320I_2015_320IXDRIVE,BMW,320i,2015,,1
LEMON_BMW_320I_2016,BMW,320i,2016,,1
LEMON_BMW_320I_2017,BMW,320i,2017,,1
LEMON_BMW_320I_2018,BMW,320i,2018,,1
LEMON_BMW_320XI_2013,BMW,320xi,2013,,1
LEMON_BMW_323CI_2000,BMW,323Ci,2000,,1
LEMON_BMW_323I_2000,BMW,323i,2000,,1
LEMON_BMW_323I_2006,BMW,323i,2006,,1
LEMON_BMW_323I_2007,BMW,323i,2007,,1
LEMON_BMW_323I_2008,BMW,323i,2008,,1
LEMON_BMW_323I_2009,BMW,323i,2009,,1
LEMON_BMW_323I_2010,BMW,323i,2010,,1
LEMON_BMW_323I_2011,BMW,323i,2011,,1
LEMON_BMW_325CI_2001,BMW,325Ci,2001,,1
LEMON_BMW_325CI_2002,BMW,325Ci,2002,,1
LEMON_BMW_325CI_2003,BMW,325Ci,2003,,1
LEMON_BMW_325CI_2004,BMW,325Ci,2004,,1
LEMON_BMW_325CI_2005,BMW,325Ci,2005,,1
LEMON_BMW_325CI_2006,BMW,325Ci,2006,,1
LEMON_BMW_325I_2001,BMW,325i,2001,,1
LEMON_BMW_325I_2002,BMW,325i,2002,,1
LEMON_BMW_325I_2006,BMW,325i,2006,,1
LEMON_BMW_325XI_2001,BMW,325xi,2001,,1
LEMON_BMW_325XI_2002,BMW,325xi,2002,,1
LEMON_BMW_325XI_2003,BMW,325xi,2003,,1
LEMON_BMW_325XI_2004,BMW,325xi,2004,,1
LEMON_BMW_325XI_2005,BMW,325xi,2005,,1
LEMON_BMW_325XI_2006,BMW,325xi,2006,,1
LEMON_BMW_328CI_2000,BMW,328Ci,2000,,1
LEMON_BMW_328D_2014,BMW,328d,2014,,1
LEMON_BMW_328D_2015_328DXDRIVE4D,BMW,328d,2015,,1
LEMON_BMW_328D_2015_328D,BMW,328d,2015,,1
LEMON_BMW_328D_2016,BMW,328d,2016,,1
LEMON_BMW_328D_2017,BMW,328d,2017,,1
LEMON_BMW_328D_2018,BMW,328d,2018,,1
LEMON_BMW_328I_2000,BMW,328i,2000,,1
LEMON_BMW_328I_2014,BMW,328i,2014,,1
LEMON_BMW_328I_2000CC_VINC_2014,BMW,328i,2014,2000,1
LEMON_BMW_330CI_2001,BMW,330Ci,2001,,1
LEMON_BMW_330CI_2002,BMW,330Ci,2002,,1
LEMON_BMW_330CI_2003,BMW,330Ci,2003,,1
LEMON_BMW_330CI_2004,BMW,330Ci,2004,,1
LEMON_BMW_330CI_2005,BMW,330Ci,2005,,1
LEMON_BMW_330CI_2006,BMW,330Ci,2006,,1
LEMON_BMW_330E_2016,BMW,330e,2016,,1
LEMON_BMW_330E_2017,BMW,330e,2017,,1
LEMON_BMW_330E_2018,BMW,330e,2018,,1
LEMON_BMW_330E_2021,BMW,330e,2021,,1
LEMON_BMW_330E_2022,BMW,330e,2022,,1
LEMON_BMW_330E_2023,BMW,330e,2023,,1
LEMON_BMW_330E_2024,BMW,330e,2024,,1
LEMON_BMW_330I_2001,BMW,330i,2001,,1
LEMON_BMW_330I_2002,BMW,330i,2002,,1
LEMON_BMW_330I_2003,BMW,330i,2003,,1
LEMON_BMW_330I_2004,BMW,330i,2004,,1
LEMON_BMW_330I_2005,BMW,330i,2005,,1
LEMON_BMW_330I_2006,BMW,330i,2006,,1
LEMON_BMW_330I_2017,BMW,330i,2017,,1
LEMON_BMW_330I_2018,BMW,330i,2018,,1
LEMON_BMW_330I_2019,BMW,330i,2019,,1
LEMON_BMW_330I_2020,BMW,330i,2020,,1
LEMON_BMW_330I_2021,BMW,330i,2021,,1
LEMON_BMW_330I_2022,BMW,330i,2022,,1
LEMON_BMW_330I_2023,BMW,330i,2023,,1
LEMON_BMW_330I_2024,BMW,330i,2024,,1
LEMON_BMW_330I_2025,BMW,330i,2025,,1
LEMON_BMW_330XI_2001,BMW,330xi,2001,,1
LEMON_BMW_330XI_2002,BMW,330xi,2002,,1
LEMON_BMW_330XI_2003,BMW,330xi,2003,,1
LEMON_BMW_330XI_2004,BMW,330xi,2004,,1
LEMON_BMW_330XI_2005,BMW,330xi,2005,,1
LEMON_BMW_330XI_2006,BMW,330xi,2006,,1
LEMON_BMW_335D_2009,BMW,335d,2009,,1
LEMON_BMW_335D_2010,BMW,335d,2010,,1
LEMON_BMW_335D_2011,BMW,335d,2011,,1
LEMON_BMW_335I_2007,BMW,335i,2007,,1
LEMON_BMW_335I_2008,BMW,335i,2008,,1
LEMON_BMW_335I_2009,BMW,335i,2009,,1
LEMON_BMW_335I_2010,BMW,335i,2010,,1
LEMON_BMW_335I_2011,BMW,335i,2011,,1
LEMON_BMW_335I_2012,BMW,335i,2012,,1
LEMON_BMW_335I_2013,BMW,335i,2013,,1
LEMON_BMW_335I_2014,BMW,335i,2014,,1
LEMON_BMW_335I_2015_335IAUTOMATI,BMW,335i,2015,,1
LEMON_BMW_335I_2015_335ISTANDARD,BMW,335i,2015,,1
LEMON_BMW_335I_2015_335IXDRIVEAU,BMW,335i,2015,,1
LEMON_BMW_335I_2015_335IGTXDRIVE,BMW,335i,2015,,1
LEMON_BMW_335I_2015_335IXDRIVEST,BMW,335i,2015,,1
LEMON_BMW_335I_2016,BMW,335i,2016,,1
LEMON_BMW_335IS_2011,BMW,335is,2011,,1
LEMON_BMW_335IS_2012,BMW,335is,2012,,1
LEMON_BMW_335IS_2013,BMW,335is,2013,,1
LEMON_BMW_335XI_2007,BMW,335xi,2007,,1
LEMON_BMW_335XI_2008,BMW,335xi,2008,,1
LEMON_BMW_335XI_2009,BMW,335xi,2009,,1
LEMON_BMW_335XI_2010,BMW,335xi,2010,,1
LEMON_BMW_335XI_2011,BMW,335xi,2011,,1
LEMON_BMW_335XI_2012,BMW,335xi,2012,,1
LEMON_BMW_335XI_2013,BMW,335xi,2013,,1
LEMON_BMW_340I_2016,BMW,340i,2016,,1
LEMON_BMW_340I_2017,BMW,340i,2017,,1
LEMON_BMW_340I_2018,BMW,340i,2018,,1
LEMON_BMW_340I_2019,BMW,340i,2019,,1
LEMON_BMW_430I_2017,BMW,430i,2017,,1
LEMON_BMW_430I_2018,BMW,430i,2018,,1
LEMON_BMW_430I_2019,BMW,430i,2019,,1
LEMON_BMW_430I_2020,BMW,430i,2020,,1
LEMON_BMW_430I_2021,BMW,430i,2021,,1
LEMON_BMW_430I_2022,BMW,430i,2022,,1
LEMON_BMW_430I_2023,BMW,430i,2023,,1
LEMON_BMW_430I_2024,BMW,430i,2024,,1
LEMON_BMW_430I_2025,BMW,430i,2025,,1
LEMON_BMW_435I_2014,BMW,435i,2014,,1
LEMON_BMW_435I_2015_435I2DCONVER,BMW,435i,2015,,1
LEMON_BMW_435I_2015_435I2DCOUPEA,BMW,435i,2015,,1
LEMON_BMW_435I_2015_435IGRANCOUP,BMW,435i,2015,,1
LEMON_BMW_435I_2015_435I2DCOUPES,BMW,435i,2015,,1
LEMON_BMW_435I_2015_435IXDRIVE2D,BMW,435i,2015,,1
LEMON_BMW_435I_2016,BMW,435i,2016,,1
LEMON_BMW_440I_2017,BMW,440i,2017,,1
LEMON_BMW_440I_2018,BMW,440i,2018,,1
LEMON_BMW_440I_2019,BMW,440i,2019,,1
LEMON_BMW_440I_2020,BMW,440i,2020,,1
LEMON_BMW_525I_2001,BMW,525i,2001,,1
LEMON_BMW_525I_2002,BMW,525i,2002,,1
LEMON_BMW_525I_2003,BMW,525i,2003,,1
LEMON_BMW_525I_2004,BMW,525i,2004,,1
LEMON_BMW_525I_2005,BMW,525i,2005,,1
LEMON_BMW_525I_2006,BMW,525i,2006,,1
LEMON_BMW_525I_2007,BMW,525i,2007,,1
LEMON_BMW_525XI_2006,BMW,525xi,2006,,1
LEMON_BMW_525XI_2007,BMW,525xi,2007,,1
LEMON_BMW_528I_2800CC_2000,BMW,528i,2000,2800,1
LEMON_BMW_528I_2008,BMW,528i,2008,,1
LEMON_BMW_528I_2009,BMW,528i,2009,,1
LEMON_BMW_528I_2010,BMW,528i,2010,,1
LEMON_BMW_528I_2011,BMW,528i,2011,,1
LEMON_BMW_528I_2012,BMW,528i,2012,,1
LEMON_BMW_528I_2013,BMW,528i,2013,,1
LEMON_BMW_528I_2014,BMW,528i,2014,,1
LEMON_BMW_528I_2015_528I,BMW,528i,2015,,1
LEMON_BMW_528I_2015_528IXDRIVE,BMW,528i,2015,,1
LEMON_BMW_528I_2016,BMW,528i,2016,,1
LEMON_BMW_528XI_2008,BMW,528xi,2008,,1
LEMON_BMW_528XI_2009,BMW,528xi,2009,,1
LEMON_BMW_528XI_2010,BMW,528xi,2010,,1
LEMON_BMW_528XI_2012,BMW,528xi,2012,,1
LEMON_BMW_528XI_2013,BMW,528xi,2013,,1
LEMON_BMW_530E_2018,BMW,530e,2018,,1
LEMON_BMW_530E_2019,BMW,530e,2019,,1
LEMON_BMW_530E_2020,BMW,530e,2020,,1
LEMON_BMW_530E_2021,BMW,530e,2021,,1
LEMON_BMW_530E_2022,BMW,530e,2022,,1
LEMON_BMW_530E_2023,BMW,530e,2023,,1
LEMON_BMW_530I_2001,BMW,530i,2001,,1
LEMON_BMW_530I_2002,BMW,530i,2002,,1
LEMON_BMW_530I_2005,BMW,530i,2005,,1
LEMON_BMW_530I_2017,BMW,530i,2017,,1
LEMON_BMW_530I_2018,BMW,530i,2018,,1
LEMON_BMW_530I_2019,BMW,530i,2019,,1
LEMON_BMW_530I_2020,BMW,530i,2020,,1
LEMON_BMW_530I_2021,BMW,530i,2021,,1
LEMON_BMW_530I_2022,BMW,530i,2022,,1
LEMON_BMW_530I_2023,BMW,530i,2023,,1
LEMON_BMW_530I_2024,BMW,530i,2024,,1
LEMON_BMW_530XI_2006,BMW,530xi,2006,,1
LEMON_BMW_530XI_2007,BMW,530xi,2007,,1
LEMON_BMW_535D_2014,BMW,535d,2014,,1
LEMON_BMW_535D_2016,BMW,535d,2016,,1
LEMON_BMW_535I_2008,BMW,535i,2008,,1
LEMON_BMW_535I_2009,BMW,535i,2009,,1
LEMON_BMW_535I_2010,BMW,535i,2010,,1
LEMON_BMW_535I_2011,BMW,535i,2011,,1
LEMON_BMW_535I_2012,BMW,535i,2012,,1
LEMON_BMW_535I_2013,BMW,535i,2013,,1
LEMON_BMW_535I_2014,BMW,535i,2014,,1
LEMON_BMW_535I_2015_535IGTXDRIVE,BMW,535i,2015,,1
LEMON_BMW_535I_2015_535IAUTOMATI,BMW,535i,2015,,1
LEMON_BMW_535I_2015_535ISTANDARD,BMW,535i,2015,,1
LEMON_BMW_535I_2015_535IGT,BMW,535i,2015,,1
LEMON_BMW_535I_2015_535IXDRIVE,BMW,535i,2015,,1
LEMON_BMW_535I_2016,BMW,535i,2016,,1
LEMON_BMW_535I_2017,BMW,535i,2017,,1
LEMON_BMW_535XI_2008,BMW,535xi,2008,,1
LEMON_BMW_535XI_2009,BMW,535xi,2009,,1
LEMON_BMW_535XI_2010,BMW,535xi,2010,,1
LEMON_BMW_535XI_2011,BMW,535xi,2011,,1
LEMON_BMW_535XI_2012,BMW,535xi,2012,,1
LEMON_BMW_535XI_2013,BMW,535xi,2013,,1
LEMON_BMW_540D_2018,BMW,540d,2018,,1
LEMON_BMW_540I_2000,BMW,540i,2000,,1
LEMON_BMW_540I_2001,BMW,540i,2001,,1
LEMON_BMW_540I_2002,BMW,540i,2002,,1
LEMON_BMW_540I_2003,BMW,540i,2003,,1
LEMON_BMW_540I_2017,BMW,540i,2017,,1
LEMON_BMW_540I_2018,BMW,540i,2018,,1
LEMON_BMW_540I_2019,BMW,540i,2019,,1
LEMON_BMW_540I_2020,BMW,540i,2020,,1
LEMON_BMW_540I_2021,BMW,540i,2021,,1
LEMON_BMW_540I_2022,BMW,540i,2022,,1
LEMON_BMW_540I_2023,BMW,540i,2023,,1
LEMON_BMW_540I_2024,BMW,540i,2024,,1
LEMON_BMW_545I_2004,BMW,545i,2004,,1
LEMON_BMW_545I_2005,BMW,545i,2005,,1
LEMON_BMW_550I_2006,BMW,550i,2006,,1
LEMON_BMW_550I_2007,BMW,550i,2007,,1
LEMON_BMW_550I_2008,BMW,550i,2008,,1
LEMON_BMW_550I_2009,BMW,550i,2009,,1
LEMON_BMW_550I_2010,BMW,550i,2010,,1
LEMON_BMW_550I_2011,BMW,550i,2011,,1
LEMON_BMW_550I_4400CC_VINC_2012,BMW,550i,2012,4400,1
LEMON_BMW_550I_2013,BMW,550i,2013,,1
LEMON_BMW_550I_2014,BMW,550i,2014,,1
LEMON_BMW_550I_2015_550I,BMW,550i,2015,,1
LEMON_BMW_550I_2015_550IGT,BMW,550i,2015,,1
LEMON_BMW_550I_2015_550IGTXDRIVE,BMW,550i,2015,,1
LEMON_BMW_550I_2015_550IXDRIVE,BMW,550i,2015,,1
LEMON_BMW_550I_2016,BMW,550i,2016,,1
LEMON_BMW_550I_2017,BMW,550i,2017,,1
LEMON_BMW_550XI_2010,BMW,550xi,2010,,1
LEMON_BMW_550XI_2011,BMW,550xi,2011,,1
LEMON_BMW_550XI_4400CC_VINC_2012,BMW,550xi,2012,4400,1
LEMON_BMW_550XI_2013,BMW,550xi,2013,,1
LEMON_BMW_640I_2012,BMW,640i,2012,,1
LEMON_BMW_640I_2013,BMW,640i,2013,,1
LEMON_BMW_640I_2014,BMW,640i,2014,,1
LEMON_BMW_640I_2015_640I2DCONVER,BMW,640i,2015,,1
LEMON_BMW_640I_2015_640IGRANCOUP,BMW,640i,2015,,1
LEMON_BMW_640I_2015_640I2DCOUPE,BMW,640i,2015,,1
LEMON_BMW_640I_2015_640IXDRIVE2D,BMW,640i,2015,,1
LEMON_BMW_640I_2016,BMW,640i,2016,,1
LEMON_BMW_640I_2017,BMW,640i,2017,,1
LEMON_BMW_640I_2018,BMW,640i,2018,,1
LEMON_BMW_640I_2019,BMW,640i,2019,,1
LEMON_BMW_645CI_2004,BMW,645Ci,2004,,1
LEMON_BMW_645CI_2005,BMW,645Ci,2005,,1
LEMON_BMW_650I_2006,BMW,650i,2006,,1
LEMON_BMW_650I_2007,BMW,650i,2007,,1
LEMON_BMW_650I_2008,BMW,650i,2008,,1
LEMON_BMW_650I_2009,BMW,650i,2009,,1
LEMON_BMW_650I_2010,BMW,650i,2010,,1
LEMON_BMW_650I_4400CC_VINC_2012,BMW,650i,2012,4400,1
LEMON_BMW_650I_4400CC_2012,BMW,650i,2012,4400,1
LEMON_BMW_650I_2013,BMW,650i,2013,,1
LEMON_BMW_650I_2014,BMW,650i,2014,,1
LEMON_BMW_650I_2015_650I2DCONVER,BMW,650i,2015,,1
LEMON_BMW_650I_2015_650I2DCOUPE,BMW,650i,2015,,1
LEMON_BMW_650I_2015_650IGRANCOUP,BMW,650i,2015,,1
LEMON_BMW_650I_2015_650IXDRIVE2D,BMW,650i,2015,,1
LEMON_BMW_650I_2016,BMW,650i,2016,,1
LEMON_BMW_650I_2017,BMW,650i,2017,,1
LEMON_BMW_650I_2018,BMW,650i,2018,,1
LEMON_BMW_650I_2019,BMW,650i,2019,,1
LEMON_BMW_650XI_4400CC_VINC_2012,BMW,650xi,2012,4400,1
LEMON_BMW_650XI_4400CC_2012,BMW,650xi,2012,4400,1
LEMON_BMW_650XI_2013,BMW,650xi,2013,,1
LEMON_BMW_740LD_2015_740LDXDRIVE,BMW,740Ld,2015,,1
LEMON_BMW_740LI_2011,BMW,740Li,2011,,1
LEMON_BMW_740LI_2012,BMW,740Li,2012,,1
LEMON_BMW_740LI_2013,BMW,740Li,2013,,1
LEMON_BMW_740LI_2014,BMW,740Li,2014,,1
LEMON_BMW_740LI_2015_740LI,BMW,740Li,2015,,1
LEMON_BMW_740LI_2015_740LIXDRIVE,BMW,740Li,2015,,1
LEMON_BMW_740LXI_2013,BMW,740Lxi,2013,,1
LEMON_BMW_740E_2017,BMW,740e,2017,,1
LEMON_BMW_740E_2018,BMW,740e,2018,,1
LEMON_BMW_740E_2019,BMW,740e,2019,,1
LEMON_BMW_740I_2000,BMW,740i,2000,,1
LEMON_BMW_740I_2001,BMW,740i,2001,,1
LEMON_BMW_740I_2011,BMW,740i,2011,,1
LEMON_BMW_740I_2012,BMW,740i,2012,,1
LEMON_BMW_740I_2013,BMW,740i,2013,,1
LEMON_BMW_740I_2014,BMW,740i,2014,,1
LEMON_BMW_740I_2015_740I,BMW,740i,2015,,1
LEMON_BMW_740I_2016,BMW,740i,2016,,1
LEMON_BMW_740I_2017,BMW,740i,2017,,1
LEMON_BMW_740I_2018,BMW,740i,2018,,1
LEMON_BMW_740I_2019,BMW,740i,2019,,1
LEMON_BMW_740I_2020,BMW,740i,2020,,1
LEMON_BMW_740I_2021,BMW,740i,2021,,1
LEMON_BMW_740I_2022,BMW,740i,2022,,1
LEMON_BMW_740IL_2000,BMW,740iL,2000,,1
LEMON_BMW_740IL_2001,BMW,740iL,2001,,1
LEMON_BMW_745LI_2002,BMW,745Li,2002,,1
LEMON_BMW_745LI_2003,BMW,745Li,2003,,1
LEMON_BMW_745LI_2004,BMW,745Li,2004,,1
LEMON_BMW_745LI_2005,BMW,745Li,2005,,1
LEMON_BMW_745E_2020,BMW,745e,2020,,1
LEMON_BMW_745E_2021,BMW,745e,2021,,1
LEMON_BMW_745E_2022,BMW,745e,2022,,1
LEMON_BMW_745I_2002,BMW,745i,2002,,1
LEMON_BMW_745I_2003,BMW,745i,2003,,1
LEMON_BMW_745I_2004,BMW,745i,2004,,1
LEMON_BMW_745I_2005,BMW,745i,2005,,1
LEMON_BMW_750LI_2006,BMW,750Li,2006,,1
LEMON_BMW_750LI_2007,BMW,750Li,2007,,1
LEMON_BMW_750LI_2008,BMW,750Li,2008,,1
LEMON_BMW_750LI_2009,BMW,750Li,2009,,1
LEMON_BMW_750LI_2010,BMW,750Li,2010,,1
LEMON_BMW_750LI_2011,BMW,750Li,2011,,1
LEMON_BMW_750LI_4400CC_VINC_2012,BMW,750Li,2012,4400,1
LEMON_BMW_750LI_2013,BMW,750Li,2013,,1
LEMON_BMW_750LI_2014,BMW,750Li,2014,,1
LEMON_BMW_750LI_2015_750LI,BMW,750Li,2015,,1
LEMON_BMW_750LI_2015_750LIXDRIVE,BMW,750Li,2015,,1
LEMON_BMW_750LXI_2010,BMW,750Lxi,2010,,1
LEMON_BMW_750LXI_2011,BMW,750Lxi,2011,,1
LEMON_BMW_750LXI_4400CC_VINC_2012,BMW,750Lxi,2012,4400,1
LEMON_BMW_750LXI_2013,BMW,750Lxi,2013,,1
LEMON_BMW_750I_2006,BMW,750i,2006,,1
LEMON_BMW_750I_2007,BMW,750i,2007,,1
LEMON_BMW_750I_2008,BMW,750i,2008,,1
LEMON_BMW_750I_2009,BMW,750i,2009,,1
LEMON_BMW_750I_2010,BMW,750i,2010,,1
LEMON_BMW_750I_2011,BMW,750i,2011,,1
LEMON_BMW_750I_4400CC_VINC_2012,BMW,750i,2012,4400,1
LEMON_BMW_750I_2013,BMW,750i,2013,,1
LEMON_BMW_750I_2014,BMW,750i,2014,,1
LEMON_BMW_750I_2015_750I,BMW,750i,2015,,1
LEMON_BMW_750I_2015_750IXDRIVE,BMW,750i,2015,,1
LEMON_BMW_750I_2016,BMW,750i,2016,,1
LEMON_BMW_750I_2017,BMW,750i,2017,,1
LEMON_BMW_750I_2018,BMW,750i,2018,,1
LEMON_BMW_750I_2019,BMW,750i,2019,,1
LEMON_BMW_750I_2020,BMW,750i,2020,,1
LEMON_BMW_750I_2021,BMW,750i,2021,,1
LEMON_BMW_750I_2022,BMW,750i,2022,,1
LEMON_BMW_750IL_2000,BMW,750iL,2000,,1
LEMON_BMW_750IL_2001,BMW,750iL,2001,,1
LEMON_BMW_750XI_2010,BMW,750xi,2010,,1
LEMON_BMW_750XI_2011,BMW,750xi,2011,,1
LEMON_BMW_750XI_4400CC_VINC_2012,BMW,750xi,2012,4400,1
LEMON_BMW_750XI_2013,BMW,750xi,2013,,1
LEMON_BMW_760LI_2003,BMW,760Li,2003,,1
LEMON_BMW_760LI_2004,BMW,760Li,2004,,1
LEMON_BMW_760LI_2005,BMW,760Li,2005,,1
LEMON_BMW_760LI_2006,BMW,760Li,2006,,1
LEMON_BMW_760LI_2007,BMW,760Li,2007,,1
LEMON_BMW_760LI_2008,BMW,760Li,2008,,1
LEMON_BMW_760LI_2010,BMW,760Li,2010,,1
LEMON_BMW_760LI_2011,BMW,760Li,2011,,1
LEMON_BMW_760LI_2012,BMW,760Li,2012,,1
LEMON_BMW_760LI_2013,BMW,760Li,2013,,1
LEMON_BMW_760LI_2014,BMW,760Li,2014,,1
LEMON_BMW_760LI_2015_760LI,BMW,760Li,2015,,1
LEMON_BMW_760I_2004,BMW,760i,2004,,1
LEMON_BMW_760I_2005,BMW,760i,2005,,1
LEMON_BMW_760I_2006,BMW,760i,2006,,1
LEMON_BMW_760I_2024,BMW,760i,2024,,1
LEMON_BMW_760I_2025,BMW,760i,2025,,1
LEMON_BMW_840I_2020,BMW,840i,2020,,1
LEMON_BMW_840I_2021,BMW,840i,2021,,1
LEMON_BMW_840I_2022,BMW,840i,2022,,1
LEMON_BMW_840I_2023,BMW,840i,2023,,1
LEMON_BMW_840I_2024,BMW,840i,2024,,1
LEMON_BMW_840I_2025,BMW,840i,2025,,1
LEMON_BMW_ACTIVEHYBRID_2012,BMW,ActiveHybrid,2012,,1
LEMON_BMW_ACTIVEHYBRID_2013,BMW,ActiveHybrid,2013,,1
LEMON_BMW_ACTIVEHYBRID_2014,BMW,ActiveHybrid,2014,,1
LEMON_BMW_ACTIVEHYBRID_2015_ACTIVEHYBRID,BMW,ActiveHybrid,2015,,1
LEMON_BMW_ACTIVEHYBRID_2016,BMW,ActiveHybrid,2016,,1
LEMON_BMW_ALPINA_2007,BMW,Alpina,2007,,1
LEMON_BMW_ALPINA_2008,BMW,Alpina,2008,,1
LEMON_BMW_ALPINA_2011,BMW,Alpina,2011,,1
LEMON_BMW_ALPINA_2012,BMW,Alpina,2012,,1
LEMON_BMW_ALPINA_2013,BMW,Alpina,2013,,1
LEMON_BMW_ALPINA_2014,BMW,Alpina,2014,,1
LEMON_BMW_ALPINA_2015_ALPINAB6GRAN,BMW,Alpina,2015,,1
LEMON_BMW_ALPINA_2015_ALPINAB7,BMW,Alpina,2015,,1
LEMON_BMW_ALPINA_2015_ALPINAB7XDRI,BMW,Alpina,2015,,1
LEMON_BMW_ALPINA_2015_ALPINAB7L,BMW,Alpina,2015,,1
LEMON_BMW_ALPINA_2015_ALPINAB7LXDR,BMW,Alpina,2015,,1
LEMON_BMW_ALPINA_2016,BMW,Alpina,2016,,1
LEMON_BMW_ALPINA_2017,BMW,Alpina,2017,,1
LEMON_BMW_ALPINA_2018,BMW,Alpina,2018,,1
LEMON_BMW_ALPINA_2019,BMW,Alpina,2019,,1
LEMON_BMW_ALPINA_2020,BMW,Alpina,2020,,1
LEMON_BMW_ALPINA_2021,BMW,Alpina,2021,,1
LEMON_BMW_ALPINA_2022,BMW,Alpina,2022,,1
LEMON_BMW_ALPINA_2023,BMW,Alpina,2023,,1
LEMON_BMW_M_2000,BMW,M,2000,,1
LEMON_BMW_M_2001,BMW,M,2001,,1
LEMON_BMW_M_2002,BMW,M,2002,,1
LEMON_BMW_M_2006,BMW,M,2006,,1
LEMON_BMW_M_2007,BMW,M,2007,,1
LEMON_BMW_M_2008,BMW,M,2008,,1
LEMON_BMW_M2_2016,BMW,M2,2016,,1
LEMON_BMW_M2_2017,BMW,M2,2017,,1
LEMON_BMW_M2_2018,BMW,M2,2018,,1
LEMON_BMW_M2_2019,BMW,M2,2019,,1
LEMON_BMW_M2_2020,BMW,M2,2020,,1
LEMON_BMW_M2_2021,BMW,M2,2021,,1
LEMON_BMW_M2_2023,BMW,M2,2023,,1
LEMON_BMW_M2_2024,BMW,M2,2024,,1
LEMON_BMW_M235I_2014,BMW,M235i,2014,,1
LEMON_BMW_M235I_2015_M235I2DCOUPE,BMW,M235i,2015,,1
LEMON_BMW_M235I_2015_M235IXDRIVE,BMW,M235i,2015,,1
LEMON_BMW_M235I_2015_M235I2DCONVE,BMW,M235i,2015,,1
LEMON_BMW_M235I_2016,BMW,M235i,2016,,1
LEMON_BMW_M235I_2020,BMW,M235i,2020,,1
LEMON_BMW_M235I_2021,BMW,M235i,2021,,1
LEMON_BMW_M235I_2022,BMW,M235i,2022,,1
LEMON_BMW_M235I_2023,BMW,M235i,2023,,1
LEMON_BMW_M235I_2024,BMW,M235i,2024,,1
LEMON_BMW_M240I_2017,BMW,M240i,2017,,1
LEMON_BMW_M240I_2018,BMW,M240i,2018,,1
LEMON_BMW_M240I_2019,BMW,M240i,2019,,1
LEMON_BMW_M240I_2020,BMW,M240i,2020,,1
LEMON_BMW_M240I_2021,BMW,M240i,2021,,1
LEMON_BMW_M240I_2022,BMW,M240i,2022,,1
LEMON_BMW_M240I_2023,BMW,M240i,2023,,1
LEMON_BMW_M240I_2024,BMW,M240i,2024,,1
LEMON_BMW_M3_2001,BMW,M3,2001,,1
LEMON_BMW_M3_2002,BMW,M3,2002,,1
LEMON_BMW_M3_2003,BMW,M3,2003,,1
LEMON_BMW_M3_2004,BMW,M3,2004,,1
LEMON_BMW_M3_2005,BMW,M3,2005,,1
LEMON_BMW_M3_2006,BMW,M3,2006,,1
LEMON_BMW_M3_2008,BMW,M3,2008,,1
LEMON_BMW_M3_2009,BMW,M3,2009,,1
LEMON_BMW_M3_2010,BMW,M3,2010,,1
LEMON_BMW_M3_2011,BMW,M3,2011,,1
LEMON_BMW_M3_2012,BMW,M3,2012,,1
LEMON_BMW_M3_2013,BMW,M3,2013,,1
LEMON_BMW_M3_2015_M3AUTOMATICD,BMW,M3,2015,,1
LEMON_BMW_M3_2015_M3STANDARDTR,BMW,M3,2015,,1
LEMON_BMW_M3_2016,BMW,M3,2016,,1
LEMON_BMW_M3_2017,BMW,M3,2017,,1
LEMON_BMW_M3_2018,BMW,M3,2018,,1
LEMON_BMW_M3_2021,BMW,M3,2021,,1
LEMON_BMW_M3_2022,BMW,M3,2022,,1
LEMON_BMW_M3_2023,BMW,M3,2023,,1
LEMON_BMW_M3_2024,BMW,M3,2024,,1
LEMON_BMW_M3_2025,BMW,M3,2025,,1
LEMON_BMW_M340I_2020,BMW,M340i,2020,,1
LEMON_BMW_M340I_2021,BMW,M340i,2021,,1
LEMON_BMW_M340I_2022,BMW,M340i,2022,,1
LEMON_BMW_M340I_2023,BMW,M340i,2023,,1
LEMON_BMW_M340I_2024,BMW,M340i,2024,,1
LEMON_BMW_M340I_2025,BMW,M340i,2025,,1
LEMON_BMW_M4_2015_M42DCONVERTI,BMW,M4,2015,,1
LEMON_BMW_M4_2015_M42DCOUPE,BMW,M4,2015,,1
LEMON_BMW_M4_2016,BMW,M4,2016,,1
LEMON_BMW_M4_2017,BMW,M4,2017,,1
LEMON_BMW_M4_2018,BMW,M4,2018,,1
LEMON_BMW_M4_2019,BMW,M4,2019,,1
LEMON_BMW_M4_2020,BMW,M4,2020,,1
LEMON_BMW_M4_2021,BMW,M4,2021,,1
LEMON_BMW_M4_2022,BMW,M4,2022,,1
LEMON_BMW_M4_2023,BMW,M4,2023,,1
LEMON_BMW_M4_2024,BMW,M4,2024,,1
LEMON_BMW_M4_2025,BMW,M4,2025,,1
LEMON_BMW_M440I_2021,BMW,M440i,2021,,1
LEMON_BMW_M440I_2022,BMW,M440i,2022,,1
LEMON_BMW_M440I_2023,BMW,M440i,2023,,1
LEMON_BMW_M440I_2024,BMW,M440i,2024,,1
LEMON_BMW_M5_2000,BMW,M5,2000,,1
LEMON_BMW_M5_2001,BMW,M5,2001,,1
LEMON_BMW_M5_2002,BMW,M5,2002,,1
LEMON_BMW_M5_2003,BMW,M5,2003,,1
LEMON_BMW_M5_2006,BMW,M5,2006,,1
LEMON_BMW_M5_2007,BMW,M5,2007,,1
LEMON_BMW_M5_2008,BMW,M5,2008,,1
LEMON_BMW_M5_2009,BMW,M5,2009,,1
LEMON_BMW_M5_2010,BMW,M5,2010,,1
LEMON_BMW_M5_4400CC_VINC_2013,BMW,M5,2013,4400,1
LEMON_BMW_M5_2014,BMW,M5,2014,,1
LEMON_BMW_M5_2015_M5AUTOMATICD,BMW,M5,2015,,1
LEMON_BMW_M5_2015_M5STANDARDTR,BMW,M5,2015,,1
LEMON_BMW_M5_2016,BMW,M5,2016,,1
LEMON_BMW_M5_2018,BMW,M5,2018,,1
LEMON_BMW_M5_2019,BMW,M5,2019,,1
LEMON_BMW_M5_2020,BMW,M5,2020,,1
LEMON_BMW_M5_2021,BMW,M5,2021,,1
LEMON_BMW_M5_2022,BMW,M5,2022,,1
LEMON_BMW_M5_2023,BMW,M5,2023,,1
LEMON_BMW_M550I_2018,BMW,M550i,2018,,1
LEMON_BMW_M550I_2019,BMW,M550i,2019,,1
LEMON_BMW_M550I_2020,BMW,M550i,2020,,1
LEMON_BMW_M550I_2021,BMW,M550i,2021,,1
LEMON_BMW_M550I_2022,BMW,M550i,2022,,1
LEMON_BMW_M550I_2023,BMW,M550i,2023,,1
LEMON_BMW_M6_2006,BMW,M6,2006,,1
LEMON_BMW_M6_2007,BMW,M6,2007,,1
LEMON_BMW_M6_2008,BMW,M6,2008,,1
LEMON_BMW_M6_2009,BMW,M6,2009,,1
LEMON_BMW_M6_2010,BMW,M6,2010,,1
LEMON_BMW_M6_4400CC_VINC_2012,BMW,M6,2012,4400,1
LEMON_BMW_M6_4400CC_VINC_2013,BMW,M6,2013,4400,1
LEMON_BMW_M6_4400CC_2013,BMW,M6,2013,4400,1
LEMON_BMW_M6_2014,BMW,M6,2014,,1
LEMON_BMW_M6_2015_M62DCONVERTI,BMW,M6,2015,,1
LEMON_BMW_M6_2015_M62DCOUPEAUT,BMW,M6,2015,,1
LEMON_BMW_M6_2015_M62DCOUPESTA,BMW,M6,2015,,1
LEMON_BMW_M6_2015_M6GRANCOUPEA,BMW,M6,2015,,1
LEMON_BMW_M6_2015_M6GRANCOUPES,BMW,M6,2015,,1
LEMON_BMW_M6_2016,BMW,M6,2016,,1
LEMON_BMW_M6_2017,BMW,M6,2017,,1
LEMON_BMW_M6_2018,BMW,M6,2018,,1
LEMON_BMW_M6_2019,BMW,M6,2019,,1
LEMON_BMW_M760I_2017,BMW,M760i,2017,,1
LEMON_BMW_M760I_2018,BMW,M760i,2018,,1
LEMON_BMW_M760I_2019,BMW,M760i,2019,,1
LEMON_BMW_M760I_2020,BMW,M760i,2020,,1
LEMON_BMW_M760I_2021,BMW,M760i,2021,,1
LEMON_BMW_M760I_2022,BMW,M760i,2022,,1
LEMON_BMW_M8_2020,BMW,M8,2020,,1
LEMON_BMW_M8_2021,BMW,M8,2021,,1
LEMON_BMW_M8_2022,BMW,M8,2022,,1
LEMON_BMW_M8_2023,BMW,M8,2023,,1
LEMON_BMW_M8_2024,BMW,M8,2024,,1
LEMON_BMW_M8_2025,BMW,M8,2025,,1
LEMON_BMW_M850I_2019,BMW,M850i,2019,,1
LEMON_BMW_M850I_2020,BMW,M850i,2020,,1
LEMON_BMW_M850I_2021,BMW,M850i,2021,,1
LEMON_BMW_M850I_2022,BMW,M850i,2022,,1
LEMON_BMW_M850I_2023,BMW,M850i,2023,,1
LEMON_BMW_M850I_2024,BMW,M850i,2024,,1
LEMON_BMW_M850I_2025,BMW,M850i,2025,,1
LEMON_BMW_X1_2016,BMW,X1,2016,,1
LEMON_BMW_X1_2017,BMW,X1,2017,,1
LEMON_BMW_X1_2018,BMW,X1,2018,,1
LEMON_BMW_X1_2019,BMW,X1,2019,,1
LEMON_BMW_X1_2020,BMW,X1,2020,,1
LEMON_BMW_X1_2021,BMW,X1,2021,,1
LEMON_BMW_X1_2022,BMW,X1,2022,,1
LEMON_BMW_X1_2023,BMW,X1,2023,,1
LEMON_BMW_X1_2024,BMW,X1,2024,,1
LEMON_BMW_X1_2025,BMW,X1,2025,,1
LEMON_BMW_X2_2018,BMW,X2,2018,,1
LEMON_BMW_X2_2019,BMW,X2,2019,,1
LEMON_BMW_X2_2020,BMW,X2,2020,,1
LEMON_BMW_X2_2021,BMW,X2,2021,,1
LEMON_BMW_X2_2022,BMW,X2,2022,,1
LEMON_BMW_X2_2023,BMW,X2,2023,,1
LEMON_BMW_X3_2004,BMW,X3,2004,,1
LEMON_BMW_X3_2005,BMW,X3,2005,,1
LEMON_BMW_X3_2006,BMW,X3,2006,,1
LEMON_BMW_X3_2007,BMW,X3,2007,,1
LEMON_BMW_X3_2008,BMW,X3,2008,,1
LEMON_BMW_X3_2009,BMW,X3,2009,,1
LEMON_BMW_X3_2010,BMW,X3,2010,,1
LEMON_BMW_X3_2012,BMW,X3,2012,,1
LEMON_BMW_X3_2000CC_2013,BMW,X3,2013,2000,1
LEMON_BMW_X3_3000CC_2013,BMW,X3,2013,3000,1
LEMON_BMW_X3_2000CC_2014,BMW,X3,2014,2000,1
LEMON_BMW_X3_3000CC_2014,BMW,X3,2014,3000,1
LEMON_BMW_X3_2000CC_2015,BMW,X3,2015,2000,1
LEMON_BMW_X3_3000CC_2015,BMW,X3,2015,3000,1
LEMON_BMW_X3_2000CC_2016,BMW,X3,2016,2000,1
LEMON_BMW_X3_3000CC_2016,BMW,X3,2016,3000,1
LEMON_BMW_X3_2000CC_2017,BMW,X3,2017,2000,1
LEMON_BMW_X3_3000CC_2017,BMW,X3,2017,3000,1
LEMON_BMW_X3_2000CC_2018,BMW,X3,2018,2000,1
LEMON_BMW_X3_3000CC_2018,BMW,X3,2018,3000,1
LEMON_BMW_X3_3000CC_2019,BMW,X3,2019,3000,1
LEMON_BMW_X3_2000CC_2019,BMW,X3,2019,2000,1
LEMON_BMW_X3_2000CC_2020,BMW,X3,2020,2000,1
LEMON_BMW_X3_3000CC_2020,BMW,X3,2020,3000,1
LEMON_BMW_X3_2020,BMW,X3,2020,,1
LEMON_BMW_X3_3000CC_2021,BMW,X3,2021,3000,1
LEMON_BMW_X3_2000CC_2021,BMW,X3,2021,2000,1
LEMON_BMW_X3_2021,BMW,X3,2021,,1
LEMON_BMW_X3_2000CC_2022,BMW,X3,2022,2000,1
LEMON_BMW_X3_3000CC_2022,BMW,X3,2022,3000,1
LEMON_BMW_X3_2022,BMW,X3,2022,,1
LEMON_BMW_X3_3000CC_2023,BMW,X3,2023,3000,1
LEMON_BMW_X3_2000CC_2023,BMW,X3,2023,2000,1
LEMON_BMW_X3_2023,BMW,X3,2023,,1
LEMON_BMW_X3_3000CC_2024,BMW,X3,2024,3000,1
LEMON_BMW_X3_2000CC_2024,BMW,X3,2024,2000,1
LEMON_BMW_X3_2024,BMW,X3,2024,,1
LEMON_BMW_X4_3000CC_2015,BMW,X4,2015,3000,1
LEMON_BMW_X4_2000CC_2015,BMW,X4,2015,2000,1
LEMON_BMW_X4_2000CC_2016,BMW,X4,2016,2000,1
LEMON_BMW_X4_3000CC_2016,BMW,X4,2016,3000,1
LEMON_BMW_X4_3000CC_2017,BMW,X4,2017,3000,1
LEMON_BMW_X4_2000CC_2017,BMW,X4,2017,2000,1
LEMON_BMW_X4_3000CC_2018,BMW,X4,2018,3000,1
LEMON_BMW_X4_2000CC_2018,BMW,X4,2018,2000,1
LEMON_BMW_X4_3000CC_2019,BMW,X4,2019,3000,1
LEMON_BMW_X4_2000CC_2019,BMW,X4,2019,2000,1
LEMON_BMW_X4_3000CC_2020,BMW,X4,2020,3000,1
LEMON_BMW_X4_2020,BMW,X4,2020,,1
LEMON_BMW_X4_2000CC_2020,BMW,X4,2020,2000,1
LEMON_BMW_X4_3000CC_2021,BMW,X4,2021,3000,1
LEMON_BMW_X4_2021,BMW,X4,2021,,1
LEMON_BMW_X4_2000CC_2021,BMW,X4,2021,2000,1
LEMON_BMW_X4_3000CC_2022,BMW,X4,2022,3000,1
LEMON_BMW_X4_2000CC_2022,BMW,X4,2022,2000,1
LEMON_BMW_X4_2022,BMW,X4,2022,,1
LEMON_BMW_X4_2023,BMW,X4,2023,,1
LEMON_BMW_X4_3000CC_2023,BMW,X4,2023,3000,1
LEMON_BMW_X4_2000CC_2023,BMW,X4,2023,2000,1
LEMON_BMW_X4_2000CC_2024,BMW,X4,2024,2000,1
LEMON_BMW_X4_3000CC_2024,BMW,X4,2024,3000,1
LEMON_BMW_X4_2024,BMW,X4,2024,,1
LEMON_BMW_X4_2000CC_2025,BMW,X4,2025,2000,1
LEMON_BMW_X4_3000CC_2025,BMW,X4,2025,3000,1
LEMON_BMW_X4_2025,BMW,X4,2025,,1
LEMON_BMW_X5_2000,BMW,X5,2000,,1
LEMON_BMW_X5_3000CC_2001,BMW,X5,2001,3000,1
LEMON_BMW_X5_4400CC_2001,BMW,X5,2001,4400,1
LEMON_BMW_X5_3000CC_2002,BMW,X5,2002,3000,1
LEMON_BMW_X5_4400CC_2002,BMW,X5,2002,4400,1
LEMON_BMW_X5_4600CC_2002,BMW,X5,2002,4600,1
LEMON_BMW_X5_3000CC_2003,BMW,X5,2003,3000,1
LEMON_BMW_X5_4400CC_2003,BMW,X5,2003,4400,1
LEMON_BMW_X5_4600CC_2003,BMW,X5,2003,4600,1
LEMON_BMW_X5_4400CC_2004,BMW,X5,2004,4400,1
LEMON_BMW_X5_3000CC_2004,BMW,X5,2004,3000,1
LEMON_BMW_X5_4800CC_2004,BMW,X5,2004,4800,1
LEMON_BMW_X5_3000CC_2005,BMW,X5,2005,3000,1
LEMON_BMW_X5_4400CC_2005,BMW,X5,2005,4400,1
LEMON_BMW_X5_4800CC_2005,BMW,X5,2005,4800,1
LEMON_BMW_X5_3000CC_2006,BMW,X5,2006,3000,1
LEMON_BMW_X5_4400CC_2006,BMW,X5,2006,4400,1
LEMON_BMW_X5_4800CC_2006,BMW,X5,2006,4800,1
LEMON_BMW_X5_2010,BMW,X5,2010,,1
LEMON_BMW_X5_2011,BMW,X5,2011,,1
LEMON_BMW_X5_2012,BMW,X5,2012,,1
LEMON_BMW_X5_2013,BMW,X5,2013,,1
LEMON_BMW_X5_2014,BMW,X5,2014,,1
LEMON_BMW_X5_2015_X5XDRIVE50I,BMW,X5,2015,,1
LEMON_BMW_X5_2015_X5M,BMW,X5,2015,,1
LEMON_BMW_X5_3000CC_2016,BMW,X5,2016,3000,1
LEMON_BMW_X5_2000CC_2016,BMW,X5,2016,2000,1
LEMON_BMW_X5_4400CC_2016,BMW,X5,2016,4400,1
LEMON_BMW_X5_2016,BMW,X5,2016,,1
LEMON_BMW_X5_3000CC_2017,BMW,X5,2017,3000,1
LEMON_BMW_X5_2017,BMW,X5,2017,,1
LEMON_BMW_X5_4400CC_2017,BMW,X5,2017,4400,1
LEMON_BMW_X5_2000CC_2017,BMW,X5,2017,2000,1
LEMON_BMW_X5_3000CC_2018,BMW,X5,2018,3000,1
LEMON_BMW_X5_4400CC_2018,BMW,X5,2018,4400,1
LEMON_BMW_X5_2000CC_2018,BMW,X5,2018,2000,1
LEMON_BMW_X5_2018,BMW,X5,2018,,1
LEMON_BMW_X5_3000CC_2019,BMW,X5,2019,3000,1
LEMON_BMW_X5_4400CC_2019,BMW,X5,2019,4400,1
LEMON_BMW_X5_4400CC_2020,BMW,X5,2020,4400,1
LEMON_BMW_X5_3000CC_2020,BMW,X5,2020,3000,1
LEMON_BMW_X5_2020,BMW,X5,2020,,1
LEMON_BMW_X5_3000CC_2021,BMW,X5,2021,3000,1
LEMON_BMW_X5_4400CC_2021,BMW,X5,2021,4400,1
LEMON_BMW_X5_2021,BMW,X5,2021,,1
LEMON_BMW_X5_3000CC_2022,BMW,X5,2022,3000,1
LEMON_BMW_X5_4400CC_2022,BMW,X5,2022,4400,1
LEMON_BMW_X5_2022,BMW,X5,2022,,1
LEMON_BMW_X5_3000CC_2023,BMW,X5,2023,3000,1
LEMON_BMW_X5_4400CC_2023,BMW,X5,2023,4400,1
LEMON_BMW_X5_2023,BMW,X5,2023,,1
LEMON_BMW_X5_3000CC_2024,BMW,X5,2024,3000,1
LEMON_BMW_X5_4400CC_2024,BMW,X5,2024,4400,1
LEMON_BMW_X5_2024,BMW,X5,2024,,1
LEMON_BMW_X5_4400CC_2025,BMW,X5,2025,4400,1
LEMON_BMW_X5_3000CC_2025,BMW,X5,2025,3000,1
LEMON_BMW_X5_2025,BMW,X5,2025,,1
LEMON_BMW_X6_2010,BMW,X6,2010,,1
LEMON_BMW_X6_2011,BMW,X6,2011,,1
LEMON_BMW_X6_2012,BMW,X6,2012,,1
LEMON_BMW_X6_2013,BMW,X6,2013,,1
LEMON_BMW_X6_3000CC_2014,BMW,X6,2014,3000,1
LEMON_BMW_X6_2014,BMW,X6,2014,,1
LEMON_BMW_X6_3000CC_2015,BMW,X6,2015,3000,1
LEMON_BMW_X6_4400CC_2015,BMW,X6,2015,4400,1
LEMON_BMW_X6_3000CC_2016,BMW,X6,2016,3000,1
LEMON_BMW_X6_2016,BMW,X6,2016,,1
LEMON_BMW_X6_4400CC_2016,BMW,X6,2016,4400,1
LEMON_BMW_X6_3000CC_2017,BMW,X6,2017,3000,1
LEMON_BMW_X6_4400CC_2017,BMW,X6,2017,4400,1
LEMON_BMW_X6_2017,BMW,X6,2017,,1
LEMON_BMW_X6_3000CC_2018,BMW,X6,2018,3000,1
LEMON_BMW_X6_2018,BMW,X6,2018,,1
LEMON_BMW_X6_4400CC_2018,BMW,X6,2018,4400,1
LEMON_BMW_X6_4400CC_2019,BMW,X6,2019,4400,1
LEMON_BMW_X6_3000CC_2019,BMW,X6,2019,3000,1
LEMON_BMW_X6_2019,BMW,X6,2019,,1
LEMON_BMW_X6_4400CC_2020,BMW,X6,2020,4400,1
LEMON_BMW_X6_2020,BMW,X6,2020,,1
LEMON_BMW_X6_3000CC_2020,BMW,X6,2020,3000,1
LEMON_BMW_X6_3000CC_2021,BMW,X6,2021,3000,1
LEMON_BMW_X6_2021,BMW,X6,2021,,1
LEMON_BMW_X6_4400CC_2021,BMW,X6,2021,4400,1
LEMON_BMW_X6_4400CC_2022,BMW,X6,2022,4400,1
LEMON_BMW_X6_3000CC_2022,BMW,X6,2022,3000,1
LEMON_BMW_X6_2022,BMW,X6,2022,,1
LEMON_BMW_X6_4400CC_2023,BMW,X6,2023,4400,1
LEMON_BMW_X6_3000CC_2023,BMW,X6,2023,3000,1
LEMON_BMW_X6_2023,BMW,X6,2023,,1
LEMON_BMW_X6_3000CC_2024,BMW,X6,2024,3000,1
LEMON_BMW_X6_4400CC_2024,BMW,X6,2024,4400,1
LEMON_BMW_X7_3000CC_2019,BMW,X7,2019,3000,1
LEMON_BMW_X7_4400CC_2019,BMW,X7,2019,4400,1
LEMON_BMW_X7_4400CC_2020,BMW,X7,2020,4400,1
LEMON_BMW_X7_3000CC_2020,BMW,X7,2020,3000,1
LEMON_BMW_X7_4400CC_2021,BMW,X7,2021,4400,1
LEMON_BMW_X7_3000CC_2021,BMW,X7,2021,3000,1
LEMON_BMW_X7_4400CC_2022,BMW,X7,2022,4400,1
LEMON_BMW_X7_3000CC_2022,BMW,X7,2022,3000,1
LEMON_BMW_X7_3000CC_2023,BMW,X7,2023,3000,1
LEMON_BMW_X7_4400CC_2023,BMW,X7,2023,4400,1
LEMON_BMW_X7_4400CC_2024,BMW,X7,2024,4400,1
LEMON_BMW_X7_3000CC_2024,BMW,X7,2024,3000,1
LEMON_BMW_X7_4400CC_2025,BMW,X7,2025,4400,1
LEMON_BMW_X7_3000CC_2025,BMW,X7,2025,3000,1
LEMON_BMW_Z3_2000,BMW,Z3,2000,,1
LEMON_BMW_Z3_2001,BMW,Z3,2001,,1
LEMON_BMW_Z3_2002,BMW,Z3,2002,,1
LEMON_BMW_Z4_2003,BMW,Z4,2003,,1
LEMON_BMW_Z4_2004,BMW,Z4,2004,,1
LEMON_BMW_Z4_2005,BMW,Z4,2005,,1
LEMON_BMW_Z4_2006,BMW,Z4,2006,,1
LEMON_BMW_Z4_2007,BMW,Z4,2007,,1
LEMON_BMW_Z4_2008,BMW,Z4,2008,,1
LEMON_BMW_Z4_2009,BMW,Z4,2009,,1
LEMON_BMW_Z4_2010,BMW,Z4,2010,,1
LEMON_BMW_Z4_2011,BMW,Z4,2011,,1
LEMON_BMW_Z4_2000CC_2013,BMW,Z4,2013,2000,1
LEMON_BMW_Z4_3000CC_2013,BMW,Z4,2013,3000,1
LEMON_BMW_Z4_3000CC_2014,BMW,Z4,2014,3000,1
LEMON_BMW_Z4_2000CC_2014,BMW,Z4,2014,2000,1
LEMON_BMW_Z4_2000CC_2015,BMW,Z4,2015,2000,1
LEMON_BMW_Z4_3000CC_2015,BMW,Z4,2015,3000,1
LEMON_BMW_Z4_2000CC_2016,BMW,Z4,2016,2000,1
LEMON_BMW_Z4_3000CC_2016,BMW,Z4,2016,3000,1
LEMON_BMW_Z4_2019,BMW,Z4,2019,,1
LEMON_BMW_Z4_3000CC_2020,BMW,Z4,2020,3000,1
LEMON_BMW_Z4_2000CC_2020,BMW,Z4,2020,2000,1
LEMON_BMW_Z4_3000CC_2021,BMW,Z4,2021,3000,1
LEMON_BMW_Z4_2000CC_2021,BMW,Z4,2021,2000,1
LEMON_BMW_Z4_3000CC_2022,BMW,Z4,2022,3000,1
LEMON_BMW_Z4_2000CC_2022,BMW,Z4,2022,2000,1
LEMON_BMW_Z4_3000CC_2023,BMW,Z4,2023,3000,1
LEMON_BMW_Z4_2000CC_2023,BMW,Z4,2023,2000,1
LEMON_BMW_Z4_3000CC_2024,BMW,Z4,2024,3000,1
LEMON_BMW_Z4_2000CC_2024,BMW,Z4,2024,2000,1
LEMON_BMW_Z8_2000,BMW,Z8,2000,,1
LEMON_BMW_Z8_2001,BMW,Z8,2001,,1
LEMON_BMW_Z8_2002,BMW,Z8,2002,,1
LEMON_BMW_Z8_2003,BMW,Z8,2003,,1
LEMON_BMW_I3_2014,BMW,i3,2014,,1
LEMON_BMW_I3_2015_I3RANGEEXTEN,BMW,i3,2015,,1
LEMON_BMW_I3_2015_I3BASE,BMW,i3,2015,,1
LEMON_BMW_I3_2016,BMW,i3,2016,,1
LEMON_BMW_I3_2017,BMW,i3,2017,,1
LEMON_BMW_I3_2018,BMW,i3,2018,,1
LEMON_BMW_I3_2019,BMW,i3,2019,,1
LEMON_BMW_I3_2020,BMW,i3,2020,,1
LEMON_BMW_I3_2021,BMW,i3,2021,,1
LEMON_BMW_I8_2014,BMW,i8,2014,,1
LEMON_BMW_I8_2015_I8,BMW,i8,2015,,1
LEMON_BMW_I8_2016,BMW,i8,2016,,1
LEMON_BMW_I8_2017,BMW,i8,2017,,1
LEMON_BMW_I8_2019,BMW,i8,2019,,1
LEMON_BMW_I8_2020,BMW,i8,2020,,1
LEMON_BUICK_ALLURE_3800CC_2005,Buick,Allure,2005,3800,1
LEMON_BUICK_ALLURE_3600CC_2005,Buick,Allure,2005,3600,1
LEMON_BUICK_ALLURE_3800CC_2006,Buick,Allure,2006,3800,1
LEMON_BUICK_ALLURE_3600CC_2006,Buick,Allure,2006,3600,1
LEMON_BUICK_ALLURE_3600CC_2007,Buick,Allure,2007,3600,1
LEMON_BUICK_ALLURE_3800CC_2007,Buick,Allure,2007,3800,1
LEMON_BUICK_CASCADA_2016,Buick,Cascada,2016,,1
LEMON_BUICK_CASCADA_2017,Buick,Cascada,2017,,1
LEMON_BUICK_CASCADA_2018,Buick,Cascada,2018,,1
LEMON_BUICK_CASCADA_2019,Buick,Cascada,2019,,1
LEMON_BUICK_CENTURY_2000,Buick,Century,2000,,1
LEMON_BUICK_CENTURY_2001,Buick,Century,2001,,1
LEMON_BUICK_CENTURY_2002,Buick,Century,2002,,1
LEMON_BUICK_CENTURY_2003,Buick,Century,2003,,1
LEMON_BUICK_CENTURY_2004,Buick,Century,2004,,1
LEMON_BUICK_CENTURY_2005,Buick,Century,2005,,1
LEMON_BUICK_ENCLAVE_2008,Buick,Enclave,2008,,1
LEMON_BUICK_ENCLAVE_2009,Buick,Enclave,2009,,1
LEMON_BUICK_ENCLAVE_2010,Buick,Enclave,2010,,1
LEMON_BUICK_ENCLAVE_2011,Buick,Enclave,2011,,1
LEMON_BUICK_ENCLAVE_2012,Buick,Enclave,2012,,1
LEMON_BUICK_ENCLAVE_2013,Buick,Enclave,2013,,1
LEMON_BUICK_ENCLAVE_2014,Buick,Enclave,2014,,1
LEMON_BUICK_ENCLAVE_2015_ENCLAVECONVE,Buick,Enclave,2015,,1
LEMON_BUICK_ENCLAVE_2015_ENCLAVELEATH,Buick,Enclave,2015,,1
LEMON_BUICK_ENCLAVE_2015_ENCLAVEPREMI,Buick,Enclave,2015,,1
LEMON_BUICK_ENCLAVE_2016,Buick,Enclave,2016,,1
LEMON_BUICK_ENCLAVE_2017,Buick,Enclave,2017,,1
LEMON_BUICK_ENCLAVE_2018,Buick,Enclave,2018,,1
LEMON_BUICK_ENCLAVE_2019,Buick,Enclave,2019,,1
LEMON_BUICK_ENCLAVE_2020,Buick,Enclave,2020,,1
LEMON_BUICK_ENCLAVE_2021,Buick,Enclave,2021,,1
LEMON_BUICK_ENCLAVE_2022,Buick,Enclave,2022,,1
LEMON_BUICK_ENCLAVE_2023,Buick,Enclave,2023,,1
LEMON_BUICK_ENCLAVE_2024,Buick,Enclave,2024,,1
LEMON_BUICK_ENCLAVE_2025,Buick,Enclave,2025,,1
LEMON_BUICK_ENCORE_2013,Buick,Encore,2013,,1
LEMON_BUICK_ENCORE_1400CC_VIN8_2014,Buick,Encore,2014,1400,1
LEMON_BUICK_ENCORE_1400CC_VINB_2014,Buick,Encore,2014,1400,1
LEMON_BUICK_ENCORE_1400CC_VIN8_2015,Buick,Encore,2015,1400,1
LEMON_BUICK_ENCORE_1400CC_VINB_2015,Buick,Encore,2015,1400,1
LEMON_BUICK_ENCORE_2020,Buick,Encore,2020,,1
LEMON_BUICK_ENCORE_1200CC_VIN2_2020,Buick,Encore,2020,1200,1
LEMON_BUICK_ENCORE_1300CC_VINL_2020,Buick,Encore,2020,1300,1
LEMON_BUICK_ENCORE_1400CC_VINB_2021,Buick,Encore,2021,1400,1
LEMON_BUICK_ENCORE_1200CC_VIN2_2021,Buick,Encore,2021,1200,1
LEMON_BUICK_ENCORE_1400CC_VINM_2021,Buick,Encore,2021,1400,1
LEMON_BUICK_ENCORE_1300CC_VINL_2021,Buick,Encore,2021,1300,1
LEMON_BUICK_ENCORE_2022,Buick,Encore,2022,,1
LEMON_BUICK_ENCORE_1300CC_VINL_2022,Buick,Encore,2022,1300,1
LEMON_BUICK_ENCORE_1200CC_VIN2_2022,Buick,Encore,2022,1200,1
LEMON_BUICK_ENCORE_1300CC_2022,Buick,Encore,2022,1300,1
LEMON_BUICK_ENCORE_1300CC_2023,Buick,Encore,2023,1300,1
LEMON_BUICK_ENCORE_1300CC_VINL_2023,Buick,Encore,2023,1300,1
LEMON_BUICK_ENCORE_1200CC_VIN2_2023,Buick,Encore,2023,1200,1
LEMON_BUICK_ENCORE_1300CC_2024,Buick,Encore,2024,1300,1
LEMON_BUICK_ENCORE_1200CC_VIN2_2024,Buick,Encore,2024,1200,1
LEMON_BUICK_ENCORE_1300CC_VINL_2024,Buick,Encore,2024,1300,1
LEMON_BUICK_ENCORE_1300CC_2025,Buick,Encore,2025,1300,1
LEMON_BUICK_ENCORE_1200CC_VINP_2025,Buick,Encore,2025,1200,1
LEMON_BUICK_ENCORE_1300CC_VINL_2025,Buick,Encore,2025,1300,1
LEMON_BUICK_ENVISION_2016,Buick,Envision,2016,,1
LEMON_BUICK_ENVISION_2500CC_2017,Buick,Envision,2017,2500,1
LEMON_BUICK_ENVISION_2000CC_2017,Buick,Envision,2017,2000,1
LEMON_BUICK_ENVISION_2500CC_2018,Buick,Envision,2018,2500,1
LEMON_BUICK_ENVISION_2000CC_2018,Buick,Envision,2018,2000,1
LEMON_BUICK_ENVISION_2500CC_2019,Buick,Envision,2019,2500,1
LEMON_BUICK_ENVISION_2000CC_2019,Buick,Envision,2019,2000,1
LEMON_BUICK_ENVISION_2500CC_2020,Buick,Envision,2020,2500,1
LEMON_BUICK_ENVISION_2000CC_2020,Buick,Envision,2020,2000,1
LEMON_BUICK_ENVISION_2021,Buick,Envision,2021,,1
LEMON_BUICK_ENVISION_2022,Buick,Envision,2022,,1
LEMON_BUICK_ENVISION_2023,Buick,Envision,2023,,1
LEMON_BUICK_ENVISION_2024,Buick,Envision,2024,,1
LEMON_BUICK_ENVISION_2025,Buick,Envision,2025,,1
LEMON_BUICK_ENVISTA_2024,Buick,Envista,2024,,1
LEMON_BUICK_ENVISTA_2025,Buick,Envista,2025,,1
LEMON_BUICK_LACROSSE_3800CC_2005,Buick,LaCrosse,2005,3800,1
LEMON_BUICK_LACROSSE_3600CC_2005,Buick,LaCrosse,2005,3600,1
LEMON_BUICK_LACROSSE_3800CC_2006,Buick,LaCrosse,2006,3800,1
LEMON_BUICK_LACROSSE_3600CC_2006,Buick,LaCrosse,2006,3600,1
LEMON_BUICK_LACROSSE_3600CC_2007,Buick,LaCrosse,2007,3600,1
LEMON_BUICK_LACROSSE_3800CC_2007,Buick,LaCrosse,2007,3800,1
LEMON_BUICK_LACROSSE_3800CC_2008,Buick,LaCrosse,2008,3800,1
LEMON_BUICK_LACROSSE_3600CC_2008,Buick,LaCrosse,2008,3600,1
LEMON_BUICK_LACROSSE_5300CC_2008,Buick,LaCrosse,2008,5300,1
LEMON_BUICK_LACROSSE_3800CC_2009,Buick,LaCrosse,2009,3800,1
LEMON_BUICK_LACROSSE_5300CC_2009,Buick,LaCrosse,2009,5300,1
LEMON_BUICK_LACROSSE_3000CC_2010,Buick,LaCrosse,2010,3000,1
LEMON_BUICK_LACROSSE_2400CC_2010,Buick,LaCrosse,2010,2400,1
LEMON_BUICK_LACROSSE_3600CC_2010,Buick,LaCrosse,2010,3600,1
LEMON_BUICK_LACROSSE_2400CC_2011,Buick,LaCrosse,2011,2400,1
LEMON_BUICK_LACROSSE_3600CC_2011,Buick,LaCrosse,2011,3600,1
LEMON_BUICK_LACROSSE_3600CC_VIN3_2012,Buick,LaCrosse,2012,3600,1
LEMON_BUICK_LACROSSE_2400CC_2012,Buick,LaCrosse,2012,2400,1
LEMON_BUICK_LACROSSE_2400CC_VINR_2012,Buick,LaCrosse,2012,2400,1
LEMON_BUICK_LACROSSE_3600CC_2012,Buick,LaCrosse,2012,3600,1
LEMON_BUICK_LACROSSE_2400CC_VINR_2013,Buick,LaCrosse,2013,2400,1
LEMON_BUICK_LACROSSE_3600CC_VIN3_2013,Buick,LaCrosse,2013,3600,1
LEMON_BUICK_LACROSSE_2400CC_2013,Buick,LaCrosse,2013,2400,1
LEMON_BUICK_LACROSSE_3600CC_2013,Buick,LaCrosse,2013,3600,1
LEMON_BUICK_LACROSSE_3600CC_VIN3_2014,Buick,LaCrosse,2014,3600,1
LEMON_BUICK_LACROSSE_2400CC_VINR_2014,Buick,LaCrosse,2014,2400,1
LEMON_BUICK_LACROSSE_3600CC_2014,Buick,LaCrosse,2014,3600,1
LEMON_BUICK_LACROSSE_2400CC_VINR_2015,Buick,LaCrosse,2015,2400,1
LEMON_BUICK_LACROSSE_3600CC_VIN3_2015,Buick,LaCrosse,2015,3600,1
LEMON_BUICK_LACROSSE_3600CC_2015,Buick,LaCrosse,2015,3600,1
LEMON_BUICK_LACROSSE_2400CC_VINR_2016,Buick,LaCrosse,2016,2400,1
LEMON_BUICK_LACROSSE_3600CC_VIN3_2016,Buick,LaCrosse,2016,3600,1
LEMON_BUICK_LACROSSE_3600CC_2016,Buick,LaCrosse,2016,3600,1
LEMON_BUICK_LACROSSE_3600CC_2017,Buick,LaCrosse,2017,3600,1
LEMON_BUICK_LACROSSE_3600CC_2018,Buick,LaCrosse,2018,3600,1
LEMON_BUICK_LACROSSE_2500CC_VINZ_2018,Buick,LaCrosse,2018,2500,1
LEMON_BUICK_LACROSSE_2500CC_2018,Buick,LaCrosse,2018,2500,1
LEMON_BUICK_LACROSSE_3600CC_VINS_2018,Buick,LaCrosse,2018,3600,1
LEMON_BUICK_LACROSSE_3600CC_2019,Buick,LaCrosse,2019,3600,1
LEMON_BUICK_LACROSSE_3600CC_VINS_2019,Buick,LaCrosse,2019,3600,1
LEMON_BUICK_LACROSSE_2500CC_2019,Buick,LaCrosse,2019,2500,1
LEMON_BUICK_LACROSSE_2500CC_VINZ_2019,Buick,LaCrosse,2019,2500,1
LEMON_BUICK_LESABRE_2000,Buick,LeSabre,2000,,1
LEMON_BUICK_LESABRE_2001,Buick,LeSabre,2001,,1
LEMON_BUICK_LESABRE_2002,Buick,LeSabre,2002,,1
LEMON_BUICK_LESABRE_2003,Buick,LeSabre,2003,,1
LEMON_BUICK_LESABRE_2004,Buick,LeSabre,2004,,1
LEMON_BUICK_LESABRE_2005,Buick,LeSabre,2005,,1
LEMON_BUICK_LUCERNE_3800CC_2006,Buick,Lucerne,2006,3800,1
LEMON_BUICK_LUCERNE_4600CC_2006,Buick,Lucerne,2006,4600,1
LEMON_BUICK_LUCERNE_3800CC_2007,Buick,Lucerne,2007,3800,1
LEMON_BUICK_LUCERNE_4600CC_2007,Buick,Lucerne,2007,4600,1
LEMON_BUICK_LUCERNE_4600CC_2008,Buick,Lucerne,2008,4600,1
LEMON_BUICK_LUCERNE_3800CC_2008,Buick,Lucerne,2008,3800,1
LEMON_BUICK_LUCERNE_3900CC_2009,Buick,Lucerne,2009,3900,1
LEMON_BUICK_LUCERNE_4600CC_2009,Buick,Lucerne,2009,4600,1
LEMON_BUICK_LUCERNE_3900CC_2010,Buick,Lucerne,2010,3900,1
LEMON_BUICK_LUCERNE_4600CC_2010,Buick,Lucerne,2010,4600,1
LEMON_BUICK_LUCERNE_3900CC_2011,Buick,Lucerne,2011,3900,1
LEMON_BUICK_LUCERNE_4600CC_2011,Buick,Lucerne,2011,4600,1
LEMON_BUICK_PARK_2000,Buick,Park,2000,,1
LEMON_BUICK_PARK_2001,Buick,Park,2001,,1
LEMON_BUICK_PARK_2002,Buick,Park,2002,,1
LEMON_BUICK_PARK_2003,Buick,Park,2003,,1
LEMON_BUICK_PARK_2004,Buick,Park,2004,,1
LEMON_BUICK_PARK_2005,Buick,Park,2005,,1
LEMON_BUICK_RAINIER_5300CC_2004,Buick,Rainier,2004,5300,1
LEMON_BUICK_RAINIER_4200CC_2004,Buick,Rainier,2004,4200,1
LEMON_BUICK_RAINIER_5300CC_2005,Buick,Rainier,2005,5300,1
LEMON_BUICK_RAINIER_4200CC_2005,Buick,Rainier,2005,4200,1
LEMON_BUICK_RAINIER_5300CC_2006,Buick,Rainier,2006,5300,1
LEMON_BUICK_RAINIER_4200CC_2006,Buick,Rainier,2006,4200,1
LEMON_BUICK_RAINIER_4200CC_2007,Buick,Rainier,2007,4200,1
LEMON_BUICK_RAINIER_5300CC_2007,Buick,Rainier,2007,5300,1
LEMON_BUICK_REGAL_2000,Buick,Regal,2000,,1
LEMON_BUICK_REGAL_2001,Buick,Regal,2001,,1
LEMON_BUICK_REGAL_2002,Buick,Regal,2002,,1
LEMON_BUICK_REGAL_2003,Buick,Regal,2003,,1
LEMON_BUICK_REGAL_2004,Buick,Regal,2004,,1
LEMON_BUICK_REGAL_2400CC_2011,Buick,Regal,2011,2400,1
LEMON_BUICK_REGAL_2000CC_2011,Buick,Regal,2011,2000,1
LEMON_BUICK_REGAL_2400CC_2012,Buick,Regal,2012,2400,1
LEMON_BUICK_REGAL_2000CC_2012,Buick,Regal,2012,2000,1
LEMON_BUICK_REGAL_2000CC_2013,Buick,Regal,2013,2000,1
LEMON_BUICK_REGAL_2400CC_2013,Buick,Regal,2013,2400,1
LEMON_BUICK_REGAL_2000CC_2014,Buick,Regal,2014,2000,1
LEMON_BUICK_REGAL_2000CC_VINX_2014,Buick,Regal,2014,2000,1
LEMON_BUICK_REGAL_2000CC_VINX_2015,Buick,Regal,2015,2000,1
LEMON_BUICK_REGAL_2000CC_2015,Buick,Regal,2015,2000,1
LEMON_BUICK_REGAL_2000CC_VINX_2016,Buick,Regal,2016,2000,1
LEMON_BUICK_REGAL_2000CC_2016,Buick,Regal,2016,2000,1
LEMON_BUICK_REGAL_2000CC_VINX_2017,Buick,Regal,2017,2000,1
LEMON_BUICK_REGAL_2400CC_VINK_2017,Buick,Regal,2017,2400,1
LEMON_BUICK_REGAL_2000CC_2017,Buick,Regal,2017,2000,1
LEMON_BUICK_REGAL_2000CC_2018,Buick,Regal,2018,2000,1
LEMON_BUICK_REGAL_3600CC_2018,Buick,Regal,2018,3600,1
LEMON_BUICK_REGAL_2018,Buick,Regal,2018,,1
LEMON_BUICK_REGAL_2000CC_2019,Buick,Regal,2019,2000,1
LEMON_BUICK_REGAL_3600CC_2019,Buick,Regal,2019,3600,1
LEMON_BUICK_REGAL_2019,Buick,Regal,2019,,1
LEMON_BUICK_REGAL_2000CC_2020,Buick,Regal,2020,2000,1
LEMON_BUICK_REGAL_3600CC_2020,Buick,Regal,2020,3600,1
LEMON_BUICK_REGAL_2020,Buick,Regal,2020,,1
LEMON_BUICK_RENDEZVOUS_2002,Buick,Rendezvous,2002,,1
LEMON_BUICK_RENDEZVOUS_2003,Buick,Rendezvous,2003,,1
LEMON_BUICK_RENDEZVOUS_3400CC_2004,Buick,Rendezvous,2004,3400,1
LEMON_BUICK_RENDEZVOUS_3600CC_2004,Buick,Rendezvous,2004,3600,1
LEMON_BUICK_RENDEZVOUS_3400CC_2005,Buick,Rendezvous,2005,3400,1
LEMON_BUICK_RENDEZVOUS_3600CC_2005,Buick,Rendezvous,2005,3600,1
LEMON_BUICK_RENDEZVOUS_3600CC_2006,Buick,Rendezvous,2006,3600,1
LEMON_BUICK_RENDEZVOUS_3500CC_2006,Buick,Rendezvous,2006,3500,1
LEMON_BUICK_RENDEZVOUS_2007,Buick,Rendezvous,2007,,1
LEMON_BUICK_TERRAZA_2005,Buick,Terraza,2005,,1
LEMON_BUICK_TERRAZA_3900CC_2006,Buick,Terraza,2006,3900,1
LEMON_BUICK_TERRAZA_3500CC_2006,Buick,Terraza,2006,3500,1
LEMON_BUICK_TERRAZA_2007,Buick,Terraza,2007,,1
LEMON_BUICK_VERANO_2012,Buick,Verano,2012,,1
LEMON_BUICK_VERANO_2400CC_2013,Buick,Verano,2013,2400,1
LEMON_BUICK_VERANO_2000CC_2013,Buick,Verano,2013,2000,1
LEMON_BUICK_VERANO_2400CC_2014,Buick,Verano,2014,2400,1
LEMON_BUICK_VERANO_2000CC_VINV_2014,Buick,Verano,2014,2000,1
LEMON_BUICK_VERANO_2400CC_VINK_2014,Buick,Verano,2014,2400,1
LEMON_BUICK_VERANO_2000CC_2014,Buick,Verano,2014,2000,1
LEMON_BUICK_VERANO_2400CC_2015,Buick,Verano,2015,2400,1
LEMON_BUICK_VERANO_2000CC_2015,Buick,Verano,2015,2000,1
LEMON_BUICK_VERANO_2400CC_2016,Buick,Verano,2016,2400,1
LEMON_BUICK_VERANO_2000CC_2016,Buick,Verano,2016,2000,1
LEMON_BUICK_VERANO_2017,Buick,Verano,2017,,1
LEMON_CADILLAC_ATS_3600CC_VIN3_2013,Cadillac,ATS,2013,3600,1
LEMON_CADILLAC_ATS_2500CC_VINA_2013,Cadillac,ATS,2013,2500,1
LEMON_CADILLAC_ATS_2000CC_VINX_2013,Cadillac,ATS,2013,2000,1
LEMON_CADILLAC_ATS_2000CC_VINX_2014,Cadillac,ATS,2014,2000,1
LEMON_CADILLAC_ATS_2500CC_VINA_2014,Cadillac,ATS,2014,2500,1
LEMON_CADILLAC_ATS_3600CC_VIN3_2014,Cadillac,ATS,2014,3600,1
LEMON_CADILLAC_ATS_2000CC_2015,Cadillac,ATS,2015,2000,1
LEMON_CADILLAC_ATS_2500CC_VINA_2015,Cadillac,ATS,2015,2500,1
LEMON_CADILLAC_ATS_2000CC_VINX_2015,Cadillac,ATS,2015,2000,1
LEMON_CADILLAC_ATS_3600CC_VIN3_2015,Cadillac,ATS,2015,3600,1
LEMON_CADILLAC_ATS_2000CC_VINX_2016,Cadillac,ATS,2016,2000,1
LEMON_CADILLAC_ATS_2000CC_2016,Cadillac,ATS,2016,2000,1
LEMON_CADILLAC_ATS_2500CC_VINA_2016,Cadillac,ATS,2016,2500,1
LEMON_CADILLAC_ATS_3600CC_VINS_2016,Cadillac,ATS,2016,3600,1
LEMON_CADILLAC_ATS_3600CC_2016,Cadillac,ATS,2016,3600,1
LEMON_CADILLAC_ATS_2000CC_2017,Cadillac,ATS,2017,2000,1
LEMON_CADILLAC_ATS_3600CC_2017,Cadillac,ATS,2017,3600,1
LEMON_CADILLAC_ATS_2000CC_2018,Cadillac,ATS,2018,2000,1
LEMON_CADILLAC_ATS_3600CC_2018,Cadillac,ATS,2018,3600,1
LEMON_CADILLAC_ATS_2000CC_2019,Cadillac,ATS,2019,2000,1
LEMON_CADILLAC_CT4_2000CC_2020,Cadillac,CT4,2020,2000,1
LEMON_CADILLAC_CT4_2000CC_VINK_2020,Cadillac,CT4,2020,2000,1
LEMON_CADILLAC_CT4_2700CC_VINL_2020,Cadillac,CT4,2020,2700,1
LEMON_CADILLAC_CT4_2700CC_2020,Cadillac,CT4,2020,2700,1
LEMON_CADILLAC_CT4_2700CC_VINL_2021,Cadillac,CT4,2021,2700,1
LEMON_CADILLAC_CT4_2000CC_VINK_2021,Cadillac,CT4,2021,2000,1
LEMON_CADILLAC_CT4_2000CC_2021,Cadillac,CT4,2021,2000,1
LEMON_CADILLAC_CT4_2700CC_2021,Cadillac,CT4,2021,2700,1
LEMON_CADILLAC_CT4_2000CC_2022,Cadillac,CT4,2022,2000,1
LEMON_CADILLAC_CT4_2700CC_VINL_2022,Cadillac,CT4,2022,2700,1
LEMON_CADILLAC_CT4_2000CC_VINK_2022,Cadillac,CT4,2022,2000,1
LEMON_CADILLAC_CT4_3600CC_2022,Cadillac,CT4,2022,3600,1
LEMON_CADILLAC_CT4_2700CC_2022,Cadillac,CT4,2022,2700,1
LEMON_CADILLAC_CT4_2000CC_2023,Cadillac,CT4,2023,2000,1
LEMON_CADILLAC_CT4_2000CC_VINK_2023,Cadillac,CT4,2023,2000,1
LEMON_CADILLAC_CT4_2700CC_VINL_2023,Cadillac,CT4,2023,2700,1
LEMON_CADILLAC_CT4_3600CC_2023,Cadillac,CT4,2023,3600,1
LEMON_CADILLAC_CT4_2700CC_2023,Cadillac,CT4,2023,2700,1
LEMON_CADILLAC_CT4_2700CC_VINL_2024,Cadillac,CT4,2024,2700,1
LEMON_CADILLAC_CT4_2000CC_2024,Cadillac,CT4,2024,2000,1
LEMON_CADILLAC_CT4_2000CC_VINK_2024,Cadillac,CT4,2024,2000,1
LEMON_CADILLAC_CT4_3600CC_2024,Cadillac,CT4,2024,3600,1
LEMON_CADILLAC_CT4_2700CC_2024,Cadillac,CT4,2024,2700,1
LEMON_CADILLAC_CT4_2000CC_2025,Cadillac,CT4,2025,2000,1
LEMON_CADILLAC_CT4_2700CC_VINL_2025,Cadillac,CT4,2025,2700,1
LEMON_CADILLAC_CT4_2000CC_VINK_2025,Cadillac,CT4,2025,2000,1
LEMON_CADILLAC_CT4_3600CC_2025,Cadillac,CT4,2025,3600,1
LEMON_CADILLAC_CT4_2700CC_2025,Cadillac,CT4,2025,2700,1
LEMON_CADILLAC_CT5_2000CC_2020,Cadillac,CT5,2020,2000,1
LEMON_CADILLAC_CT5_2000CC_VINK_2020,Cadillac,CT5,2020,2000,1
LEMON_CADILLAC_CT5_3000CC_VINW_2020,Cadillac,CT5,2020,3000,1
LEMON_CADILLAC_CT5_3000CC_2020,Cadillac,CT5,2020,3000,1
LEMON_CADILLAC_CT5_2000CC_2021,Cadillac,CT5,2021,2000,1
LEMON_CADILLAC_CT5_2000CC_VINK_2021,Cadillac,CT5,2021,2000,1
LEMON_CADILLAC_CT5_3000CC_VINW_2021,Cadillac,CT5,2021,3000,1
LEMON_CADILLAC_CT5_3000CC_2021,Cadillac,CT5,2021,3000,1
LEMON_CADILLAC_CT5_2000CC_2022,Cadillac,CT5,2022,2000,1
LEMON_CADILLAC_CT5_2000CC_VINK_2022,Cadillac,CT5,2022,2000,1
LEMON_CADILLAC_CT5_3000CC_VINW_2022,Cadillac,CT5,2022,3000,1
LEMON_CADILLAC_CT5_6200CC_2022,Cadillac,CT5,2022,6200,1
LEMON_CADILLAC_CT5_3000CC_2022,Cadillac,CT5,2022,3000,1
LEMON_CADILLAC_CT5_2000CC_2023,Cadillac,CT5,2023,2000,1
LEMON_CADILLAC_CT5_2000CC_VINK_2023,Cadillac,CT5,2023,2000,1
LEMON_CADILLAC_CT5_3000CC_VINW_2023,Cadillac,CT5,2023,3000,1
LEMON_CADILLAC_CT5_6200CC_2023,Cadillac,CT5,2023,6200,1
LEMON_CADILLAC_CT5_3000CC_2023,Cadillac,CT5,2023,3000,1
LEMON_CADILLAC_CT5_2000CC_2024,Cadillac,CT5,2024,2000,1
LEMON_CADILLAC_CT5_2000CC_VINK_2024,Cadillac,CT5,2024,2000,1
LEMON_CADILLAC_CT5_3000CC_VINW_2024,Cadillac,CT5,2024,3000,1
LEMON_CADILLAC_CT5_6200CC_2024,Cadillac,CT5,2024,6200,1
LEMON_CADILLAC_CT5_3000CC_2024,Cadillac,CT5,2024,3000,1
LEMON_CADILLAC_CT5_2000CC_VINK_2025,Cadillac,CT5,2025,2000,1
LEMON_CADILLAC_CT5_3000CC_VINW_2025,Cadillac,CT5,2025,3000,1
LEMON_CADILLAC_CT5_2000CC_2025,Cadillac,CT5,2025,2000,1
LEMON_CADILLAC_CT5_6200CC_2025,Cadillac,CT5,2025,6200,1
LEMON_CADILLAC_CT5_3000CC_2025,Cadillac,CT5,2025,3000,1
LEMON_CADILLAC_CT6_3600CC_VINS_2016,Cadillac,CT6,2016,3600,1
LEMON_CADILLAC_CT6_2000CC_VINX_2016,Cadillac,CT6,2016,2000,1
LEMON_CADILLAC_CT6_3000CC_VIN6_2016,Cadillac,CT6,2016,3000,1
LEMON_CADILLAC_CT6_2000CC_VINX_2017,Cadillac,CT6,2017,2000,1
LEMON_CADILLAC_CT6_3600CC_VINS_2017,Cadillac,CT6,2017,3600,1
LEMON_CADILLAC_CT6_3000CC_VIN6_2017,Cadillac,CT6,2017,3000,1
LEMON_CADILLAC_CT6_2000CC_2017,Cadillac,CT6,2017,2000,1
LEMON_CADILLAC_CT6_2000CC_VINX_2018,Cadillac,CT6,2018,2000,1
LEMON_CADILLAC_CT6_3000CC_VIN6_2018,Cadillac,CT6,2018,3000,1
LEMON_CADILLAC_CT6_3600CC_VINS_2018,Cadillac,CT6,2018,3600,1
LEMON_CADILLAC_CT6_2000CC_2018,Cadillac,CT6,2018,2000,1
LEMON_CADILLAC_CT6_4200CC_VINJ_2019,Cadillac,CT6,2019,4200,1
LEMON_CADILLAC_CT6_4200CC_2019,Cadillac,CT6,2019,4200,1
LEMON_CADILLAC_CT6_4200CC_2020,Cadillac,CT6,2020,4200,1
LEMON_CADILLAC_CT6_3600CC_2020,Cadillac,CT6,2020,3600,1
LEMON_CADILLAC_CTS_2003,Cadillac,CTS,2003,,1
LEMON_CADILLAC_CTS_3600CC_2004,Cadillac,CTS,2004,3600,1
LEMON_CADILLAC_CTS_3200CC_2004,Cadillac,CTS,2004,3200,1
LEMON_CADILLAC_CTS_5700CC_2004,Cadillac,CTS,2004,5700,1
LEMON_CADILLAC_CTS_3600CC_2005,Cadillac,CTS,2005,3600,1
LEMON_CADILLAC_CTS_2800CC_2005,Cadillac,CTS,2005,2800,1
LEMON_CADILLAC_CTS_5700CC_2005,Cadillac,CTS,2005,5700,1
LEMON_CADILLAC_CTS_2800CC_2006,Cadillac,CTS,2006,2800,1
LEMON_CADILLAC_CTS_3600CC_2006,Cadillac,CTS,2006,3600,1
LEMON_CADILLAC_CTS_6000CC_2006,Cadillac,CTS,2006,6000,1
LEMON_CADILLAC_CTS_2800CC_2007,Cadillac,CTS,2007,2800,1
LEMON_CADILLAC_CTS_6000CC_2007,Cadillac,CTS,2007,6000,1
LEMON_CADILLAC_CTS_3600CC_2007,Cadillac,CTS,2007,3600,1
LEMON_CADILLAC_CTS_2008,Cadillac,CTS,2008,,1
LEMON_CADILLAC_CTS_6200CC_2009,Cadillac,CTS,2009,6200,1
LEMON_CADILLAC_CTS_3000CC_2010,Cadillac,CTS,2010,3000,1
LEMON_CADILLAC_CTS_3600CC_2010,Cadillac,CTS,2010,3600,1
LEMON_CADILLAC_CTS_6200CC_2010,Cadillac,CTS,2010,6200,1
LEMON_CADILLAC_CTS_3600CC_2011,Cadillac,CTS,2011,3600,1
LEMON_CADILLAC_CTS_3000CC_2011,Cadillac,CTS,2011,3000,1
LEMON_CADILLAC_CTS_6200CC_2011,Cadillac,CTS,2011,6200,1
LEMON_CADILLAC_CTS_3000CC_VIN5_2012,Cadillac,CTS,2012,3000,1
LEMON_CADILLAC_CTS_3600CC_2012,Cadillac,CTS,2012,3600,1
LEMON_CADILLAC_CTS_3600CC_VIN3_2012,Cadillac,CTS,2012,3600,1
LEMON_CADILLAC_CTS_6200CC_2012,Cadillac,CTS,2012,6200,1
LEMON_CADILLAC_CTS_3600CC_2013,Cadillac,CTS,2013,3600,1
LEMON_CADILLAC_CTS_3600CC_VIN3_2013,Cadillac,CTS,2013,3600,1
LEMON_CADILLAC_CTS_3000CC_VIN5_2013,Cadillac,CTS,2013,3000,1
LEMON_CADILLAC_CTS_6200CC_2013,Cadillac,CTS,2013,6200,1
LEMON_CADILLAC_CTS_2000CC_VINX_2014,Cadillac,CTS,2014,2000,1
LEMON_CADILLAC_CTS_3000CC_2014,Cadillac,CTS,2014,3000,1
LEMON_CADILLAC_CTS_6200CC_2014,Cadillac,CTS,2014,6200,1
LEMON_CADILLAC_CTS_2000CC_2015,Cadillac,CTS,2015,2000,1
LEMON_CADILLAC_CTS_2000CC_VINX_2015,Cadillac,CTS,2015,2000,1
LEMON_CADILLAC_CTS_6200CC_2015,Cadillac,CTS,2015,6200,1
LEMON_CADILLAC_CTS_2000CC_2016,Cadillac,CTS,2016,2000,1
LEMON_CADILLAC_CTS_2000CC_VINX_2016,Cadillac,CTS,2016,2000,1
LEMON_CADILLAC_CTS_6200CC_2016,Cadillac,CTS,2016,6200,1
LEMON_CADILLAC_CTS_2000CC_2017,Cadillac,CTS,2017,2000,1
LEMON_CADILLAC_CTS_2000CC_VINX_2017,Cadillac,CTS,2017,2000,1
LEMON_CADILLAC_CTS_6200CC_2017,Cadillac,CTS,2017,6200,1
LEMON_CADILLAC_CTS_2000CC_2018,Cadillac,CTS,2018,2000,1
LEMON_CADILLAC_CTS_2000CC_VINX_2018,Cadillac,CTS,2018,2000,1
LEMON_CADILLAC_CTS_6200CC_2018,Cadillac,CTS,2018,6200,1
LEMON_CADILLAC_CTS_2000CC_2019,Cadillac,CTS,2019,2000,1
LEMON_CADILLAC_CTS_2000CC_VINX_2019,Cadillac,CTS,2019,2000,1
LEMON_CADILLAC_CTS_6200CC_2019,Cadillac,CTS,2019,6200,1
LEMON_CADILLAC_CATERA_2000,Cadillac,Catera,2000,,1
LEMON_CADILLAC_CATERA_2001,Cadillac,Catera,2001,,1
LEMON_CADILLAC_DTS_2006,Cadillac,DTS,2006,,1
LEMON_CADILLAC_DTS_2007,Cadillac,DTS,2007,,1
LEMON_CADILLAC_DTS_2008,Cadillac,DTS,2008,,1
LEMON_CADILLAC_DTS_2009,Cadillac,DTS,2009,,1
LEMON_CADILLAC_DTS_2010,Cadillac,DTS,2010,,1
LEMON_CADILLAC_DTS_2011,Cadillac,DTS,2011,,1
LEMON_CADILLAC_DEVILLE_2000,Cadillac,DeVille,2000,,1
LEMON_CADILLAC_DEVILLE_2001,Cadillac,DeVille,2001,,1
LEMON_CADILLAC_DEVILLE_2002,Cadillac,DeVille,2002,,1
LEMON_CADILLAC_DEVILLE_2003,Cadillac,DeVille,2003,,1
LEMON_CADILLAC_DEVILLE_2004,Cadillac,DeVille,2004,,1
LEMON_CADILLAC_DEVILLE_2005,Cadillac,DeVille,2005,,1
LEMON_CADILLAC_ELR_2014,Cadillac,ELR,2014,,1
LEMON_CADILLAC_ELR_2016,Cadillac,ELR,2016,,1
LEMON_CADILLAC_ELDORADO_2000,Cadillac,Eldorado,2000,,1
LEMON_CADILLAC_ELDORADO_2001,Cadillac,Eldorado,2001,,1
LEMON_CADILLAC_ELDORADO_2002,Cadillac,Eldorado,2002,,1
LEMON_CADILLAC_ESCALADE_2000,Cadillac,Escalade,2000,,1
LEMON_CADILLAC_ESCALADE_5300CC_2002,Cadillac,Escalade,2002,5300,1
LEMON_CADILLAC_ESCALADE_6000CC_2002,Cadillac,Escalade,2002,6000,1
LEMON_CADILLAC_ESCALADE_2002,Cadillac,Escalade,2002,,1
LEMON_CADILLAC_ESCALADE_2003,Cadillac,Escalade,2003,,1
LEMON_CADILLAC_ESCALADE_6000CC_2003,Cadillac,Escalade,2003,6000,1
LEMON_CADILLAC_ESCALADE_5300CC_2003,Cadillac,Escalade,2003,5300,1
LEMON_CADILLAC_ESCALADE_5300CC_2004,Cadillac,Escalade,2004,5300,1
LEMON_CADILLAC_ESCALADE_2004,Cadillac,Escalade,2004,,1
LEMON_CADILLAC_ESCALADE_6000CC_2004,Cadillac,Escalade,2004,6000,1
LEMON_CADILLAC_ESCALADE_5300CC_2005,Cadillac,Escalade,2005,5300,1
LEMON_CADILLAC_ESCALADE_6000CC_2005,Cadillac,Escalade,2005,6000,1
LEMON_CADILLAC_ESCALADE_2005,Cadillac,Escalade,2005,,1
LEMON_CADILLAC_ESCALADE_2006,Cadillac,Escalade,2006,,1
LEMON_CADILLAC_ESCALADE_2007,Cadillac,Escalade,2007,,1
LEMON_CADILLAC_ESCALADE_2008,Cadillac,Escalade,2008,,1
LEMON_CADILLAC_ESCALADE_6200CC_2009,Cadillac,Escalade,2009,6200,1
LEMON_CADILLAC_ESCALADE_6000CC_2009,Cadillac,Escalade,2009,6000,1
LEMON_CADILLAC_ESCALADE_2009,Cadillac,Escalade,2009,,1
LEMON_CADILLAC_ESCALADE_6200CC_2010,Cadillac,Escalade,2010,6200,1
LEMON_CADILLAC_ESCALADE_2010,Cadillac,Escalade,2010,,1
LEMON_CADILLAC_ESCALADE_6000CC_2010,Cadillac,Escalade,2010,6000,1
LEMON_CADILLAC_ESCALADE_6200CC_2011,Cadillac,Escalade,2011,6200,1
LEMON_CADILLAC_ESCALADE_6000CC_2011,Cadillac,Escalade,2011,6000,1
LEMON_CADILLAC_ESCALADE_2011,Cadillac,Escalade,2011,,1
LEMON_CADILLAC_ESCALADE_6200CC_2012,Cadillac,Escalade,2012,6200,1
LEMON_CADILLAC_ESCALADE_6000CC_2012,Cadillac,Escalade,2012,6000,1
LEMON_CADILLAC_ESCALADE_2012,Cadillac,Escalade,2012,,1
LEMON_CADILLAC_ESCALADE_6200CC_2013,Cadillac,Escalade,2013,6200,1
LEMON_CADILLAC_ESCALADE_6000CC_2013,Cadillac,Escalade,2013,6000,1
LEMON_CADILLAC_ESCALADE_2013,Cadillac,Escalade,2013,,1
LEMON_CADILLAC_ESCALADE_2014,Cadillac,Escalade,2014,,1
LEMON_CADILLAC_ESCALADE_2015_ESCALADEBASE,Cadillac,Escalade,2015,,1
LEMON_CADILLAC_ESCALADE_2015_ESCALADELUXU,Cadillac,Escalade,2015,,1
LEMON_CADILLAC_ESCALADE_2015_ESCALADEPLAT,Cadillac,Escalade,2015,,1
LEMON_CADILLAC_ESCALADE_2015_ESCALADEPREM,Cadillac,Escalade,2015,,1
LEMON_CADILLAC_ESCALADE_2015_ESCALADEESVB,Cadillac,Escalade,2015,,1
LEMON_CADILLAC_ESCALADE_2015_ESCALADEESVL,Cadillac,Escalade,2015,,1
LEMON_CADILLAC_ESCALADE_2015_ESCALADEESVP,Cadillac,Escalade,2015,,1
LEMON_CADILLAC_ESCALADE_2016,Cadillac,Escalade,2016,,1
LEMON_CADILLAC_ESCALADE_2017,Cadillac,Escalade,2017,,1
LEMON_CADILLAC_ESCALADE_2018,Cadillac,Escalade,2018,,1
LEMON_CADILLAC_ESCALADE_2019,Cadillac,Escalade,2019,,1
LEMON_CADILLAC_ESCALADE_2020,Cadillac,Escalade,2020,,1
LEMON_CADILLAC_ESCALADE_3000CC_VINT_2021,Cadillac,Escalade,2021,3000,1
LEMON_CADILLAC_ESCALADE_6200CC_VINL_2021,Cadillac,Escalade,2021,6200,1
LEMON_CADILLAC_ESCALADE_6200CC_VINL_2022,Cadillac,Escalade,2022,6200,1
LEMON_CADILLAC_ESCALADE_3000CC_VINT_2022,Cadillac,Escalade,2022,3000,1
LEMON_CADILLAC_ESCALADE_3000CC_VINT_2023,Cadillac,Escalade,2023,3000,1
LEMON_CADILLAC_ESCALADE_3000CC_VINT_2024,Cadillac,Escalade,2024,3000,1
LEMON_CADILLAC_ESCALADE_2025,Cadillac,Escalade,2025,,1
LEMON_CADILLAC_LYRIQ_2023,Cadillac,LYRIQ,2023,,1
LEMON_CADILLAC_LYRIQ_2024,Cadillac,LYRIQ,2024,,1
LEMON_CADILLAC_LYRIQ_2025,Cadillac,LYRIQ,2025,,1
LEMON_CADILLAC_OPTIQ_2025,Cadillac,OPTIQ,2025,,1
LEMON_CADILLAC_SRX_4600CC_2004,Cadillac,SRX,2004,4600,1
LEMON_CADILLAC_SRX_3600CC_2004,Cadillac,SRX,2004,3600,1
LEMON_CADILLAC_SRX_3600CC_2005,Cadillac,SRX,2005,3600,1
LEMON_CADILLAC_SRX_4600CC_2005,Cadillac,SRX,2005,4600,1
LEMON_CADILLAC_SRX_3600CC_2006,Cadillac,SRX,2006,3600,1
LEMON_CADILLAC_SRX_4600CC_2006,Cadillac,SRX,2006,4600,1
LEMON_CADILLAC_SRX_4600CC_2007,Cadillac,SRX,2007,4600,1
LEMON_CADILLAC_SRX_3600CC_2007,Cadillac,SRX,2007,3600,1
LEMON_CADILLAC_SRX_3600CC_2008,Cadillac,SRX,2008,3600,1
LEMON_CADILLAC_SRX_4600CC_2008,Cadillac,SRX,2008,4600,1
LEMON_CADILLAC_SRX_3600CC_2009,Cadillac,SRX,2009,3600,1
LEMON_CADILLAC_SRX_4600CC_2009,Cadillac,SRX,2009,4600,1
LEMON_CADILLAC_SRX_2800CC_2010,Cadillac,SRX,2010,2800,1
LEMON_CADILLAC_SRX_3000CC_2010,Cadillac,SRX,2010,3000,1
LEMON_CADILLAC_SRX_3000CC_2011,Cadillac,SRX,2011,3000,1
LEMON_CADILLAC_SRX_2800CC_2011,Cadillac,SRX,2011,2800,1
LEMON_CADILLAC_SRX_2012,Cadillac,SRX,2012,,1
LEMON_CADILLAC_SRX_2013,Cadillac,SRX,2013,,1
LEMON_CADILLAC_SRX_2014,Cadillac,SRX,2014,,1
LEMON_CADILLAC_SRX_2015_SRXBASE4DUTI,Cadillac,SRX,2015,,1
LEMON_CADILLAC_SRX_2015_SRXLUXURY4DU,Cadillac,SRX,2015,,1
LEMON_CADILLAC_SRX_2015_SRXPERFORMAN,Cadillac,SRX,2015,,1
LEMON_CADILLAC_SRX_2015_SRXPREMIUM4D,Cadillac,SRX,2015,,1
LEMON_CADILLAC_SRX_2016,Cadillac,SRX,2016,,1
LEMON_CADILLAC_STS_3600CC_2005,Cadillac,STS,2005,3600,1
LEMON_CADILLAC_STS_4600CC_2005,Cadillac,STS,2005,4600,1
LEMON_CADILLAC_STS_3600CC_2006,Cadillac,STS,2006,3600,1
LEMON_CADILLAC_STS_4600CC_2006,Cadillac,STS,2006,4600,1
LEMON_CADILLAC_STS_4400CC_2006,Cadillac,STS,2006,4400,1
LEMON_CADILLAC_STS_3600CC_2007,Cadillac,STS,2007,3600,1
LEMON_CADILLAC_STS_4600CC_2007,Cadillac,STS,2007,4600,1
LEMON_CADILLAC_STS_4400CC_2007,Cadillac,STS,2007,4400,1
LEMON_CADILLAC_STS_3600CC_2008,Cadillac,STS,2008,3600,1
LEMON_CADILLAC_STS_4400CC_2008,Cadillac,STS,2008,4400,1
LEMON_CADILLAC_STS_4600CC_2008,Cadillac,STS,2008,4600,1
LEMON_CADILLAC_STS_3600CC_2009,Cadillac,STS,2009,3600,1
LEMON_CADILLAC_STS_4600CC_2009,Cadillac,STS,2009,4600,1
LEMON_CADILLAC_STS_4400CC_2009,Cadillac,STS,2009,4400,1
LEMON_CADILLAC_STS_4600CC_2010,Cadillac,STS,2010,4600,1
LEMON_CADILLAC_STS_3600CC_2010,Cadillac,STS,2010,3600,1
LEMON_CADILLAC_STS_2011,Cadillac,STS,2011,,1
LEMON_CADILLAC_SEVILLE_2000,Cadillac,Seville,2000,,1
LEMON_CADILLAC_SEVILLE_2001,Cadillac,Seville,2001,,1
LEMON_CADILLAC_SEVILLE_2002,Cadillac,Seville,2002,,1
LEMON_CADILLAC_SEVILLE_2003,Cadillac,Seville,2003,,1
LEMON_CADILLAC_SEVILLE_2004,Cadillac,Seville,2004,,1
LEMON_CADILLAC_XLR_2004,Cadillac,XLR,2004,,1
LEMON_CADILLAC_XLR_2005,Cadillac,XLR,2005,,1
LEMON_CADILLAC_XLR_2006,Cadillac,XLR,2006,,1
LEMON_CADILLAC_XLR_4400CC_2006,Cadillac,XLR,2006,4400,1
LEMON_CADILLAC_XLR_4400CC_2007,Cadillac,XLR,2007,4400,1
LEMON_CADILLAC_XLR_2007,Cadillac,XLR,2007,,1
LEMON_CADILLAC_XLR_2008,Cadillac,XLR,2008,,1
LEMON_CADILLAC_XLR_4400CC_2008,Cadillac,XLR,2008,4400,1
LEMON_CADILLAC_XLR_2009,Cadillac,XLR,2009,,1
LEMON_CADILLAC_XLR_4400CC_2009,Cadillac,XLR,2009,4400,1
LEMON_CADILLAC_XT4_2019,Cadillac,XT4,2019,,1
LEMON_CADILLAC_XT4_2020,Cadillac,XT4,2020,,1
LEMON_CADILLAC_XT4_2021,Cadillac,XT4,2021,,1
LEMON_CADILLAC_XT4_2022,Cadillac,XT4,2022,,1
LEMON_CADILLAC_XT4_2023,Cadillac,XT4,2023,,1
LEMON_CADILLAC_XT4_2024,Cadillac,XT4,2024,,1
LEMON_CADILLAC_XT4_2025,Cadillac,XT4,2025,,1
LEMON_CADILLAC_XT5_2017,Cadillac,XT5,2017,,1
LEMON_CADILLAC_XT5_2018,Cadillac,XT5,2018,,1
LEMON_CADILLAC_XT5_2019,Cadillac,XT5,2019,,1
LEMON_CADILLAC_XT5_2000CC_VIN4_2020,Cadillac,XT5,2020,2000,1
LEMON_CADILLAC_XT5_3600CC_VINS_2020,Cadillac,XT5,2020,3600,1
LEMON_CADILLAC_XT5_2000CC_2020,Cadillac,XT5,2020,2000,1
LEMON_CADILLAC_XT5_3600CC_2020,Cadillac,XT5,2020,3600,1
LEMON_CADILLAC_XT5_2000CC_VIN4_2021,Cadillac,XT5,2021,2000,1
LEMON_CADILLAC_XT5_3600CC_VINS_2021,Cadillac,XT5,2021,3600,1
LEMON_CADILLAC_XT5_2000CC_2021,Cadillac,XT5,2021,2000,1
LEMON_CADILLAC_XT5_3600CC_2021,Cadillac,XT5,2021,3600,1
LEMON_CADILLAC_XT5_2000CC_VIN4_2022,Cadillac,XT5,2022,2000,1
LEMON_CADILLAC_XT5_3600CC_VINS_2022,Cadillac,XT5,2022,3600,1
LEMON_CADILLAC_XT5_2000CC_2022,Cadillac,XT5,2022,2000,1
LEMON_CADILLAC_XT5_3600CC_2022,Cadillac,XT5,2022,3600,1
LEMON_CADILLAC_XT5_3600CC_2023,Cadillac,XT5,2023,3600,1
LEMON_CADILLAC_XT5_2000CC_VIN4_2023,Cadillac,XT5,2023,2000,1
LEMON_CADILLAC_XT5_2000CC_2023,Cadillac,XT5,2023,2000,1
LEMON_CADILLAC_XT5_3600CC_VINS_2023,Cadillac,XT5,2023,3600,1
LEMON_CADILLAC_XT5_3600CC_2024,Cadillac,XT5,2024,3600,1
LEMON_CADILLAC_XT5_2000CC_2024,Cadillac,XT5,2024,2000,1
LEMON_CADILLAC_XT5_2000CC_VIN4_2024,Cadillac,XT5,2024,2000,1
LEMON_CADILLAC_XT5_3600CC_VINS_2024,Cadillac,XT5,2024,3600,1
LEMON_CADILLAC_XT5_3600CC_2025,Cadillac,XT5,2025,3600,1
LEMON_CADILLAC_XT5_2000CC_2025,Cadillac,XT5,2025,2000,1
LEMON_CADILLAC_XT5_2000CC_VIN4_2025,Cadillac,XT5,2025,2000,1
LEMON_CADILLAC_XT5_3600CC_VINS_2025,Cadillac,XT5,2025,3600,1
LEMON_CADILLAC_XT6_2020,Cadillac,XT6,2020,,1
LEMON_CADILLAC_XT6_2000CC_2021,Cadillac,XT6,2021,2000,1
LEMON_CADILLAC_XT6_3600CC_2021,Cadillac,XT6,2021,3600,1
LEMON_CADILLAC_XT6_2000CC_2022,Cadillac,XT6,2022,2000,1
LEMON_CADILLAC_XT6_3600CC_2022,Cadillac,XT6,2022,3600,1
LEMON_CADILLAC_XT6_2000CC_2023,Cadillac,XT6,2023,2000,1
LEMON_CADILLAC_XT6_3600CC_2023,Cadillac,XT6,2023,3600,1
LEMON_CADILLAC_XT6_2000CC_2024,Cadillac,XT6,2024,2000,1
LEMON_CADILLAC_XT6_3600CC_2024,Cadillac,XT6,2024,3600,1
LEMON_CADILLAC_XT6_2000CC_2025,Cadillac,XT6,2025,2000,1
LEMON_CADILLAC_XT6_3600CC_2025,Cadillac,XT6,2025,3600,1
LEMON_CADILLAC_XTS_2013,Cadillac,XTS,2013,,1
LEMON_CHEVROLET_ASTRO_2000,Chevrolet,Astro,2000,,1
LEMON_CHEVROLET_ASTRO_2001,Chevrolet,Astro,2001,,1
LEMON_CHEVROLET_ASTRO_2002,Chevrolet,Astro,2002,,1
LEMON_CHEVROLET_ASTRO_2003,Chevrolet,Astro,2003,,1
LEMON_CHEVROLET_ASTRO_2004,Chevrolet,Astro,2004,,1
LEMON_CHEVROLET_ASTRO_2005,Chevrolet,Astro,2005,,1
LEMON_CHEVROLET_AVALANCHE_8100CC_2002,Chevrolet,Avalanche,2002,8100,1
LEMON_CHEVROLET_AVALANCHE_5300CC_2002,Chevrolet,Avalanche,2002,5300,1
LEMON_CHEVROLET_AVALANCHE_5300CC_2003,Chevrolet,Avalanche,2003,5300,1
LEMON_CHEVROLET_AVALANCHE_8100CC_2003,Chevrolet,Avalanche,2003,8100,1
LEMON_CHEVROLET_AVALANCHE_5300CC_2004,Chevrolet,Avalanche,2004,5300,1
LEMON_CHEVROLET_AVALANCHE_8100CC_2004,Chevrolet,Avalanche,2004,8100,1
LEMON_CHEVROLET_AVALANCHE_5300CC_2005,Chevrolet,Avalanche,2005,5300,1
LEMON_CHEVROLET_AVALANCHE_8100CC_2005,Chevrolet,Avalanche,2005,8100,1
LEMON_CHEVROLET_AVALANCHE_5300CC_2006,Chevrolet,Avalanche,2006,5300,1
LEMON_CHEVROLET_AVALANCHE_8100CC_2006,Chevrolet,Avalanche,2006,8100,1
LEMON_CHEVROLET_AVALANCHE_2007,Chevrolet,Avalanche,2007,,1
LEMON_CHEVROLET_AVALANCHE_6000CC_2008,Chevrolet,Avalanche,2008,6000,1
LEMON_CHEVROLET_AVALANCHE_5300CC_2008,Chevrolet,Avalanche,2008,5300,1
LEMON_CHEVROLET_AVALANCHE_5300CC_2009,Chevrolet,Avalanche,2009,5300,1
LEMON_CHEVROLET_AVALANCHE_6000CC_2009,Chevrolet,Avalanche,2009,6000,1
LEMON_CHEVROLET_AVALANCHE_2010,Chevrolet,Avalanche,2010,,1
LEMON_CHEVROLET_AVALANCHE_2011,Chevrolet,Avalanche,2011,,1
LEMON_CHEVROLET_AVALANCHE_5300CC_VIN0_2012,Chevrolet,Avalanche,2012,5300,1
LEMON_CHEVROLET_AVALANCHE_5300CC_VIN7_2012,Chevrolet,Avalanche,2012,5300,1
LEMON_CHEVROLET_AVALANCHE_5300CC_VIN0_2013,Chevrolet,Avalanche,2013,5300,1
LEMON_CHEVROLET_AVALANCHE_5300CC_VIN7_2013,Chevrolet,Avalanche,2013,5300,1
LEMON_CHEVROLET_AVEO_2004,Chevrolet,Aveo,2004,,1
LEMON_CHEVROLET_AVEO_2005,Chevrolet,Aveo,2005,,1
LEMON_CHEVROLET_AVEO_2006,Chevrolet,Aveo,2006,,1
LEMON_CHEVROLET_AVEO_2007,Chevrolet,Aveo,2007,,1
LEMON_CHEVROLET_AVEO_2008,Chevrolet,Aveo,2008,,1
LEMON_CHEVROLET_AVEO_2009,Chevrolet,Aveo,2009,,1
LEMON_CHEVROLET_AVEO_2010,Chevrolet,Aveo,2010,,1
LEMON_CHEVROLET_AVEO_2011,Chevrolet,Aveo,2011,,1
LEMON_CHEVROLET_BLAZER_2000,Chevrolet,Blazer,2000,,1
LEMON_CHEVROLET_BLAZER_2001,Chevrolet,Blazer,2001,,1
LEMON_CHEVROLET_BLAZER_2002,Chevrolet,Blazer,2002,,1
LEMON_CHEVROLET_BLAZER_2003,Chevrolet,Blazer,2003,,1
LEMON_CHEVROLET_BLAZER_2004,Chevrolet,Blazer,2004,,1
LEMON_CHEVROLET_BLAZER_2005,Chevrolet,Blazer,2005,,1
LEMON_CHEVROLET_BLAZER_2500CC_2019,Chevrolet,Blazer,2019,2500,1
LEMON_CHEVROLET_BLAZER_3600CC_VINS_2019,Chevrolet,Blazer,2019,3600,1
LEMON_CHEVROLET_BLAZER_3600CC_2019,Chevrolet,Blazer,2019,3600,1
LEMON_CHEVROLET_BLAZER_2500CC_VINA_2019,Chevrolet,Blazer,2019,2500,1
LEMON_CHEVROLET_BLAZER_2000CC_VIN4_2020,Chevrolet,Blazer,2020,2000,1
LEMON_CHEVROLET_BLAZER_2500CC_VINA_2020,Chevrolet,Blazer,2020,2500,1
LEMON_CHEVROLET_BLAZER_3600CC_2020,Chevrolet,Blazer,2020,3600,1
LEMON_CHEVROLET_BLAZER_3600CC_VINS_2020,Chevrolet,Blazer,2020,3600,1
LEMON_CHEVROLET_BLAZER_2500CC_2020,Chevrolet,Blazer,2020,2500,1
LEMON_CHEVROLET_BLAZER_2000CC_VIN4_2021,Chevrolet,Blazer,2021,2000,1
LEMON_CHEVROLET_BLAZER_3600CC_VINS_2021,Chevrolet,Blazer,2021,3600,1
LEMON_CHEVROLET_BLAZER_2500CC_VINA_2021,Chevrolet,Blazer,2021,2500,1
LEMON_CHEVROLET_BLAZER_2500CC_2021,Chevrolet,Blazer,2021,2500,1
LEMON_CHEVROLET_BLAZER_3600CC_2021,Chevrolet,Blazer,2021,3600,1
LEMON_CHEVROLET_BLAZER_2000CC_VIN4_2022,Chevrolet,Blazer,2022,2000,1
LEMON_CHEVROLET_BLAZER_3600CC_VINS_2022,Chevrolet,Blazer,2022,3600,1
LEMON_CHEVROLET_BLAZER_3600CC_2022,Chevrolet,Blazer,2022,3600,1
LEMON_CHEVROLET_BLAZER_3600CC_VINS_2023,Chevrolet,Blazer,2023,3600,1
LEMON_CHEVROLET_BLAZER_2000CC_VIN4_2023,Chevrolet,Blazer,2023,2000,1
LEMON_CHEVROLET_BLAZER_3600CC_2023,Chevrolet,Blazer,2023,3600,1
LEMON_CHEVROLET_BLAZER_2000CC_VIN4_2024,Chevrolet,Blazer,2024,2000,1
LEMON_CHEVROLET_BLAZER_3600CC_VINS_2024,Chevrolet,Blazer,2024,3600,1
LEMON_CHEVROLET_BLAZER_3600CC_2024,Chevrolet,Blazer,2024,3600,1
LEMON_CHEVROLET_BLAZER_2024,Chevrolet,Blazer,2024,,1
LEMON_CHEVROLET_BLAZER_2000CC_VIN4_2025,Chevrolet,Blazer,2025,2000,1
LEMON_CHEVROLET_BLAZER_3600CC_VINS_2025,Chevrolet,Blazer,2025,3600,1
LEMON_CHEVROLET_BLAZER_2025,Chevrolet,Blazer,2025,,1
LEMON_CHEVROLET_BLAZER_3600CC_2025,Chevrolet,Blazer,2025,3600,1
LEMON_CHEVROLET_BOLT_2017,Chevrolet,Bolt,2017,,1
LEMON_CHEVROLET_BOLT_2018,Chevrolet,Bolt,2018,,1
LEMON_CHEVROLET_BOLT_2019,Chevrolet,Bolt,2019,,1
LEMON_CHEVROLET_BOLT_2020,Chevrolet,Bolt,2020,,1
LEMON_CHEVROLET_BOLT_2021,Chevrolet,Bolt,2021,,1
LEMON_CHEVROLET_BOLT_2022,Chevrolet,Bolt,2022,,1
LEMON_CHEVROLET_BOLT_2023,Chevrolet,Bolt,2023,,1
LEMON_CHEVROLET_C3500_6500CC_2000,Chevrolet,C3500,2000,6500,1
LEMON_CHEVROLET_C3500_7400CC_2000,Chevrolet,C3500,2000,7400,1
LEMON_CHEVROLET_C3500_6500CC_2001,Chevrolet,C3500,2001,6500,1
LEMON_CHEVROLET_C3500_8100CC_2001,Chevrolet,C3500,2001,8100,1
LEMON_CHEVROLET_C3500_6500CC_2002,Chevrolet,C3500,2002,6500,1
LEMON_CHEVROLET_C3500_8100CC_2002,Chevrolet,C3500,2002,8100,1
LEMON_CHEVROLET_CAB_5700CC_2000,Chevrolet,Cab,2000,5700,1
LEMON_CHEVROLET_CAB_6500CC_2000,Chevrolet,Cab,2000,6500,1
LEMON_CHEVROLET_CAB_7400CC_2000,Chevrolet,Cab,2000,7400,1
LEMON_CHEVROLET_CAB_6000CC_2001,Chevrolet,Cab,2001,6000,1
LEMON_CHEVROLET_CAB_6600CC_2001,Chevrolet,Cab,2001,6600,1
LEMON_CHEVROLET_CAB_8100CC_2001,Chevrolet,Cab,2001,8100,1
LEMON_CHEVROLET_CAB_6000CC_2002,Chevrolet,Cab,2002,6000,1
LEMON_CHEVROLET_CAB_6600CC_2002,Chevrolet,Cab,2002,6600,1
LEMON_CHEVROLET_CAB_8100CC_2002,Chevrolet,Cab,2002,8100,1
LEMON_CHEVROLET_CAB_6000CC_2003,Chevrolet,Cab,2003,6000,1
LEMON_CHEVROLET_CAB_6600CC_2003,Chevrolet,Cab,2003,6600,1
LEMON_CHEVROLET_CAB_8100CC_2003,Chevrolet,Cab,2003,8100,1
LEMON_CHEVROLET_CAB_6000CC_2004,Chevrolet,Cab,2004,6000,1
LEMON_CHEVROLET_CAB_6600CC_2004,Chevrolet,Cab,2004,6600,1
LEMON_CHEVROLET_CAB_8100CC_2004,Chevrolet,Cab,2004,8100,1
LEMON_CHEVROLET_CAB_6000CC_2005,Chevrolet,Cab,2005,6000,1
LEMON_CHEVROLET_CAB_6600CC_2005,Chevrolet,Cab,2005,6600,1
LEMON_CHEVROLET_CAB_8100CC_2005,Chevrolet,Cab,2005,8100,1
LEMON_CHEVROLET_CAB_6000CC_2006,Chevrolet,Cab,2006,6000,1
LEMON_CHEVROLET_CAB_6600CC_2006,Chevrolet,Cab,2006,6600,1
LEMON_CHEVROLET_CAB_8100CC_2006,Chevrolet,Cab,2006,8100,1
LEMON_CHEVROLET_CAB_6000CC_2007,Chevrolet,Cab,2007,6000,1
LEMON_CHEVROLET_CAB_6600CC_2007,Chevrolet,Cab,2007,6600,1
LEMON_CHEVROLET_CAB_8100CC_2007,Chevrolet,Cab,2007,8100,1
LEMON_CHEVROLET_CAB_6000CC_2008,Chevrolet,Cab,2008,6000,1
LEMON_CHEVROLET_CAB_6600CC_2008,Chevrolet,Cab,2008,6600,1
LEMON_CHEVROLET_CAB_6000CC_2009,Chevrolet,Cab,2009,6000,1
LEMON_CHEVROLET_CAB_6600CC_2009,Chevrolet,Cab,2009,6600,1
LEMON_CHEVROLET_CAB_6000CC_2010,Chevrolet,Cab,2010,6000,1
LEMON_CHEVROLET_CAB_6600CC_2010,Chevrolet,Cab,2010,6600,1
LEMON_CHEVROLET_CAB_6600CC_2011,Chevrolet,Cab,2011,6600,1
LEMON_CHEVROLET_CAB_6000CC_2011,Chevrolet,Cab,2011,6000,1
LEMON_CHEVROLET_CAB_6000CC_VING_2012,Chevrolet,Cab,2012,6000,1
LEMON_CHEVROLET_CAB_6600CC_VINL_2012,Chevrolet,Cab,2012,6600,1
LEMON_CHEVROLET_CAMARO_3800CC_2000,Chevrolet,Camaro,2000,3800,1
LEMON_CHEVROLET_CAMARO_5700CC_2000,Chevrolet,Camaro,2000,5700,1
LEMON_CHEVROLET_CAMARO_3800CC_2001,Chevrolet,Camaro,2001,3800,1
LEMON_CHEVROLET_CAMARO_5700CC_2001,Chevrolet,Camaro,2001,5700,1
LEMON_CHEVROLET_CAMARO_3800CC_2002,Chevrolet,Camaro,2002,3800,1
LEMON_CHEVROLET_CAMARO_5700CC_2002,Chevrolet,Camaro,2002,5700,1
LEMON_CHEVROLET_CAMARO_2010,Chevrolet,Camaro,2010,,1
LEMON_CHEVROLET_CAMARO_2011,Chevrolet,Camaro,2011,,1
LEMON_CHEVROLET_CAMARO_2012,Chevrolet,Camaro,2012,,1
LEMON_CHEVROLET_CAMARO_6200CC_VINJ_2012,Chevrolet,Camaro,2012,6200,1
LEMON_CHEVROLET_CAMARO_6200CC_VINW_2012,Chevrolet,Camaro,2012,6200,1
LEMON_CHEVROLET_CAMARO_2013,Chevrolet,Camaro,2013,,1
LEMON_CHEVROLET_CAMARO_3600CC_2014,Chevrolet,Camaro,2014,3600,1
LEMON_CHEVROLET_CAMARO_6200CC_VINJ_2014,Chevrolet,Camaro,2014,6200,1
LEMON_CHEVROLET_CAMARO_7000CC_2014,Chevrolet,Camaro,2014,7000,1
LEMON_CHEVROLET_CAMARO_6200CC_VINW_2014,Chevrolet,Camaro,2014,6200,1
LEMON_CHEVROLET_CAMARO_2000CC_VINX_2016,Chevrolet,Camaro,2016,2000,1
LEMON_CHEVROLET_CAMARO_2000CC_VINX_2017,Chevrolet,Camaro,2017,2000,1
LEMON_CHEVROLET_CAMARO_2000CC_VINX_2018,Chevrolet,Camaro,2018,2000,1
LEMON_CHEVROLET_CAMARO_2000CC_VINX_2019,Chevrolet,Camaro,2019,2000,1
LEMON_CHEVROLET_CAMARO_2000CC_2020,Chevrolet,Camaro,2020,2000,1
LEMON_CHEVROLET_CAMARO_2000CC_VINX_2020,Chevrolet,Camaro,2020,2000,1
LEMON_CHEVROLET_CAMARO_2000CC_2021,Chevrolet,Camaro,2021,2000,1
LEMON_CHEVROLET_CAMARO_2000CC_VINX_2021,Chevrolet,Camaro,2021,2000,1
LEMON_CHEVROLET_CAMARO_2000CC_2022,Chevrolet,Camaro,2022,2000,1
LEMON_CHEVROLET_CAMARO_2000CC_VINX_2022,Chevrolet,Camaro,2022,2000,1
LEMON_CHEVROLET_CAMARO_2000CC_VINX_2023,Chevrolet,Camaro,2023,2000,1
LEMON_CHEVROLET_CAMARO_2000CC_2023,Chevrolet,Camaro,2023,2000,1
LEMON_CHEVROLET_CAPRICE_2011,Chevrolet,Caprice,2011,,1
LEMON_CHEVROLET_CAPRICE_3600CC_2012,Chevrolet,Caprice,2012,3600,1
LEMON_CHEVROLET_CAPRICE_6000CC_2012,Chevrolet,Caprice,2012,6000,1
LEMON_CHEVROLET_CAPRICE_3600CC_VIN3_2013,Chevrolet,Caprice,2013,3600,1
LEMON_CHEVROLET_CAPRICE_6000CC_VIN2_2013,Chevrolet,Caprice,2013,6000,1
LEMON_CHEVROLET_CAPRICE_3600CC_VIN3_2014,Chevrolet,Caprice,2014,3600,1
LEMON_CHEVROLET_CAPRICE_6000CC_VIN2_2014,Chevrolet,Caprice,2014,6000,1
LEMON_CHEVROLET_CAPRICE_3600CC_VIN3_2015,Chevrolet,Caprice,2015,3600,1
LEMON_CHEVROLET_CAPRICE_6000CC_VIN2_2015,Chevrolet,Caprice,2015,6000,1
LEMON_CHEVROLET_CAPRICE_3600CC_VIN3_2016,Chevrolet,Caprice,2016,3600,1
LEMON_CHEVROLET_CAPRICE_6000CC_VIN2_2016,Chevrolet,Caprice,2016,6000,1
LEMON_CHEVROLET_CAPRICE_3600CC_VIN3_2017,Chevrolet,Caprice,2017,3600,1
LEMON_CHEVROLET_CAPRICE_6000CC_VIN2_2017,Chevrolet,Caprice,2017,6000,1
LEMON_CHEVROLET_CAPTIVA_3000CC_2012,Chevrolet,Captiva,2012,3000,1
LEMON_CHEVROLET_CAPTIVA_2400CC_2012,Chevrolet,Captiva,2012,2400,1
LEMON_CHEVROLET_CAPTIVA_2400CC_2013,Chevrolet,Captiva,2013,2400,1
LEMON_CHEVROLET_CAPTIVA_3000CC_VIN5_2013,Chevrolet,Captiva,2013,3000,1
LEMON_CHEVROLET_CAPTIVA_2400CC_VINK_2013,Chevrolet,Captiva,2013,2400,1
LEMON_CHEVROLET_CAPTIVA_2014,Chevrolet,Captiva,2014,,1
LEMON_CHEVROLET_CAPTIVA_2015_CAPTIVASPORT,Chevrolet,Captiva,2015,,1
LEMON_CHEVROLET_CAVALIER_2200CC_2000,Chevrolet,Cavalier,2000,2200,1
LEMON_CHEVROLET_CAVALIER_2400CC_2000,Chevrolet,Cavalier,2000,2400,1
LEMON_CHEVROLET_CAVALIER_2001,Chevrolet,Cavalier,2001,,1
LEMON_CHEVROLET_CAVALIER_2400CC_2002,Chevrolet,Cavalier,2002,2400,1
LEMON_CHEVROLET_CAVALIER_2003,Chevrolet,Cavalier,2003,,1
LEMON_CHEVROLET_CAVALIER_2004,Chevrolet,Cavalier,2004,,1
LEMON_CHEVROLET_CAVALIER_2005,Chevrolet,Cavalier,2005,,1
LEMON_CHEVROLET_CHEVY_4300CC_2000,Chevrolet,Chevy,2000,4300,1
LEMON_CHEVROLET_CHEVY_5700CC_2000,Chevrolet,Chevy,2000,5700,1
LEMON_CHEVROLET_CHEVY_5000CC_2000,Chevrolet,Chevy,2000,5000,1
LEMON_CHEVROLET_CHEVY_6500CC_2000,Chevrolet,Chevy,2000,6500,1
LEMON_CHEVROLET_CHEVY_7400CC_2000,Chevrolet,Chevy,2000,7400,1
LEMON_CHEVROLET_CHEVY_5000CC_2001,Chevrolet,Chevy,2001,5000,1
LEMON_CHEVROLET_CHEVY_4300CC_2001,Chevrolet,Chevy,2001,4300,1
LEMON_CHEVROLET_CHEVY_5700CC_2001,Chevrolet,Chevy,2001,5700,1
LEMON_CHEVROLET_CHEVY_6500CC_2001,Chevrolet,Chevy,2001,6500,1
LEMON_CHEVROLET_CHEVY_8100CC_2001,Chevrolet,Chevy,2001,8100,1
LEMON_CHEVROLET_CHEVY_4300CC_2002,Chevrolet,Chevy,2002,4300,1
LEMON_CHEVROLET_CHEVY_5000CC_2002,Chevrolet,Chevy,2002,5000,1
LEMON_CHEVROLET_CHEVY_5700CC_2002,Chevrolet,Chevy,2002,5700,1
LEMON_CHEVROLET_CHEVY_6500CC_2002,Chevrolet,Chevy,2002,6500,1
LEMON_CHEVROLET_CHEVY_8100CC_2002,Chevrolet,Chevy,2002,8100,1
LEMON_CHEVROLET_CHEVY_5300CC_2003,Chevrolet,Chevy,2003,5300,1
LEMON_CHEVROLET_CHEVY_4300CC_2003,Chevrolet,Chevy,2003,4300,1
LEMON_CHEVROLET_CHEVY_4800CC_2003,Chevrolet,Chevy,2003,4800,1
LEMON_CHEVROLET_CHEVY_6000CC_2003,Chevrolet,Chevy,2003,6000,1
LEMON_CHEVROLET_CHEVY_4300CC_2004,Chevrolet,Chevy,2004,4300,1
LEMON_CHEVROLET_CHEVY_5300CC_2004,Chevrolet,Chevy,2004,5300,1
LEMON_CHEVROLET_CHEVY_4800CC_2004,Chevrolet,Chevy,2004,4800,1
LEMON_CHEVROLET_CHEVY_6000CC_2004,Chevrolet,Chevy,2004,6000,1
LEMON_CHEVROLET_CHEVY_4300CC_2005,Chevrolet,Chevy,2005,4300,1
LEMON_CHEVROLET_CHEVY_5300CC_2005,Chevrolet,Chevy,2005,5300,1
LEMON_CHEVROLET_CHEVY_4800CC_2005,Chevrolet,Chevy,2005,4800,1
LEMON_CHEVROLET_CHEVY_6000CC_2005,Chevrolet,Chevy,2005,6000,1
LEMON_CHEVROLET_CHEVY_5300CC_2006,Chevrolet,Chevy,2006,5300,1
LEMON_CHEVROLET_CHEVY_4300CC_2006,Chevrolet,Chevy,2006,4300,1
LEMON_CHEVROLET_CHEVY_4800CC_2006,Chevrolet,Chevy,2006,4800,1
LEMON_CHEVROLET_CHEVY_6000CC_2006,Chevrolet,Chevy,2006,6000,1
LEMON_CHEVROLET_CHEVY_6600CC_2006,Chevrolet,Chevy,2006,6600,1
LEMON_CHEVROLET_CHEVY_5300CC_2007,Chevrolet,Chevy,2007,5300,1
LEMON_CHEVROLET_CHEVY_4800CC_2007,Chevrolet,Chevy,2007,4800,1
LEMON_CHEVROLET_CHEVY_4300CC_2007,Chevrolet,Chevy,2007,4300,1
LEMON_CHEVROLET_CHEVY_6000CC_2007,Chevrolet,Chevy,2007,6000,1
LEMON_CHEVROLET_CHEVY_4300CC_2008,Chevrolet,Chevy,2008,4300,1
LEMON_CHEVROLET_CHEVY_5300CC_2008,Chevrolet,Chevy,2008,5300,1
LEMON_CHEVROLET_CHEVY_4800CC_2008,Chevrolet,Chevy,2008,4800,1
LEMON_CHEVROLET_CHEVY_6000CC_2008,Chevrolet,Chevy,2008,6000,1
LEMON_CHEVROLET_CHEVY_6600CC_2008,Chevrolet,Chevy,2008,6600,1
LEMON_CHEVROLET_CHEVY_4300CC_2009,Chevrolet,Chevy,2009,4300,1
LEMON_CHEVROLET_CHEVY_5300CC_2009,Chevrolet,Chevy,2009,5300,1
LEMON_CHEVROLET_CHEVY_4800CC_2009,Chevrolet,Chevy,2009,4800,1
LEMON_CHEVROLET_CHEVY_6000CC_2009,Chevrolet,Chevy,2009,6000,1
LEMON_CHEVROLET_CHEVY_6600CC_2009,Chevrolet,Chevy,2009,6600,1
LEMON_CHEVROLET_CHEVY_4300CC_2010,Chevrolet,Chevy,2010,4300,1
LEMON_CHEVROLET_CHEVY_5300CC_2010,Chevrolet,Chevy,2010,5300,1
LEMON_CHEVROLET_CHEVY_4800CC_2010,Chevrolet,Chevy,2010,4800,1
LEMON_CHEVROLET_CHEVY_6600CC_2010,Chevrolet,Chevy,2010,6600,1
LEMON_CHEVROLET_CHEVY_6000CC_2010,Chevrolet,Chevy,2010,6000,1
LEMON_CHEVROLET_CHEVY_5300CC_2011,Chevrolet,Chevy,2011,5300,1
LEMON_CHEVROLET_CHEVY_4300CC_2011,Chevrolet,Chevy,2011,4300,1
LEMON_CHEVROLET_CHEVY_4800CC_2011,Chevrolet,Chevy,2011,4800,1
LEMON_CHEVROLET_CHEVY_6000CC_2011,Chevrolet,Chevy,2011,6000,1
LEMON_CHEVROLET_CHEVY_6600CC_2011,Chevrolet,Chevy,2011,6600,1
LEMON_CHEVROLET_CHEVY_4300CC_VINX_2012,Chevrolet,Chevy,2012,4300,1
LEMON_CHEVROLET_CHEVY_5300CC_2012,Chevrolet,Chevy,2012,5300,1
LEMON_CHEVROLET_CHEVY_4800CC_VINA_2012,Chevrolet,Chevy,2012,4800,1
LEMON_CHEVROLET_CHEVY_6000CC_VING_2012,Chevrolet,Chevy,2012,6000,1
LEMON_CHEVROLET_CHEVY_5300CC_VIN4_2012,Chevrolet,Chevy,2012,5300,1
LEMON_CHEVROLET_CHEVY_6000CC_VINB_2012,Chevrolet,Chevy,2012,6000,1
LEMON_CHEVROLET_CHEVY_6600CC_VINL_2012,Chevrolet,Chevy,2012,6600,1
LEMON_CHEVROLET_CITY_2015_CITYEXPRESSL,Chevrolet,City,2015,,1
LEMON_CHEVROLET_CITY_2016,Chevrolet,City,2016,,1
LEMON_CHEVROLET_CITY_2017,Chevrolet,City,2017,,1
LEMON_CHEVROLET_CITY_2018,Chevrolet,City,2018,,1
LEMON_CHEVROLET_CLASSIC_2004,Chevrolet,Classic,2004,,1
LEMON_CHEVROLET_CLASSIC_2005,Chevrolet,Classic,2005,,1
LEMON_CHEVROLET_COBALT_2200CC_2005,Chevrolet,Cobalt,2005,2200,1
LEMON_CHEVROLET_COBALT_2000CC_2005,Chevrolet,Cobalt,2005,2000,1
LEMON_CHEVROLET_COBALT_2200CC_2006,Chevrolet,Cobalt,2006,2200,1
LEMON_CHEVROLET_COBALT_2400CC_2006,Chevrolet,Cobalt,2006,2400,1
LEMON_CHEVROLET_COBALT_2000CC_2006,Chevrolet,Cobalt,2006,2000,1
LEMON_CHEVROLET_COBALT_2200CC_2007,Chevrolet,Cobalt,2007,2200,1
LEMON_CHEVROLET_COBALT_2000CC_2007,Chevrolet,Cobalt,2007,2000,1
LEMON_CHEVROLET_COBALT_2400CC_2007,Chevrolet,Cobalt,2007,2400,1
LEMON_CHEVROLET_COBALT_2200CC_2008,Chevrolet,Cobalt,2008,2200,1
LEMON_CHEVROLET_COBALT_2400CC_2008,Chevrolet,Cobalt,2008,2400,1
LEMON_CHEVROLET_COBALT_2008,Chevrolet,Cobalt,2008,,1
LEMON_CHEVROLET_COBALT_2200CC_2009,Chevrolet,Cobalt,2009,2200,1
LEMON_CHEVROLET_COBALT_2000CC_2009,Chevrolet,Cobalt,2009,2000,1
LEMON_CHEVROLET_COBALT_2200CC_2010,Chevrolet,Cobalt,2010,2200,1
LEMON_CHEVROLET_COBALT_2000CC_2010,Chevrolet,Cobalt,2010,2000,1
LEMON_CHEVROLET_COLORADO_2800CC_2004,Chevrolet,Colorado,2004,2800,1
LEMON_CHEVROLET_COLORADO_3500CC_2004,Chevrolet,Colorado,2004,3500,1
LEMON_CHEVROLET_COLORADO_2800CC_2005,Chevrolet,Colorado,2005,2800,1
LEMON_CHEVROLET_COLORADO_3500CC_2005,Chevrolet,Colorado,2005,3500,1
LEMON_CHEVROLET_COLORADO_2800CC_2006,Chevrolet,Colorado,2006,2800,1
LEMON_CHEVROLET_COLORADO_3500CC_2006,Chevrolet,Colorado,2006,3500,1
LEMON_CHEVROLET_COLORADO_2900CC_2007,Chevrolet,Colorado,2007,2900,1
LEMON_CHEVROLET_COLORADO_3700CC_2007,Chevrolet,Colorado,2007,3700,1
LEMON_CHEVROLET_COLORADO_2900CC_2008,Chevrolet,Colorado,2008,2900,1
LEMON_CHEVROLET_COLORADO_3700CC_2008,Chevrolet,Colorado,2008,3700,1
LEMON_CHEVROLET_COLORADO_2900CC_2009,Chevrolet,Colorado,2009,2900,1
LEMON_CHEVROLET_COLORADO_3700CC_2009,Chevrolet,Colorado,2009,3700,1
LEMON_CHEVROLET_COLORADO_5300CC_2009,Chevrolet,Colorado,2009,5300,1
LEMON_CHEVROLET_COLORADO_2900CC_2010,Chevrolet,Colorado,2010,2900,1
LEMON_CHEVROLET_COLORADO_3700CC_2010,Chevrolet,Colorado,2010,3700,1
LEMON_CHEVROLET_COLORADO_5300CC_2010,Chevrolet,Colorado,2010,5300,1
LEMON_CHEVROLET_COLORADO_2900CC_2011,Chevrolet,Colorado,2011,2900,1
LEMON_CHEVROLET_COLORADO_3700CC_2011,Chevrolet,Colorado,2011,3700,1
LEMON_CHEVROLET_COLORADO_5300CC_2011,Chevrolet,Colorado,2011,5300,1
LEMON_CHEVROLET_COLORADO_2900CC_VIN9_2012,Chevrolet,Colorado,2012,2900,1
LEMON_CHEVROLET_COLORADO_3700CC_VINE_2012,Chevrolet,Colorado,2012,3700,1
LEMON_CHEVROLET_COLORADO_5300CC_VINP_2012,Chevrolet,Colorado,2012,5300,1
LEMON_CHEVROLET_COLORADO_2500CC_2015,Chevrolet,Colorado,2015,2500,1
LEMON_CHEVROLET_COLORADO_2500CC_VINA_2015,Chevrolet,Colorado,2015,2500,1
LEMON_CHEVROLET_COLORADO_3600CC_VIN3_2015,Chevrolet,Colorado,2015,3600,1
LEMON_CHEVROLET_COLORADO_2500CC_2016,Chevrolet,Colorado,2016,2500,1
LEMON_CHEVROLET_COLORADO_2800CC_VIN1_2016,Chevrolet,Colorado,2016,2800,1
LEMON_CHEVROLET_COLORADO_3600CC_VIN3_2016,Chevrolet,Colorado,2016,3600,1
LEMON_CHEVROLET_COLORADO_2500CC_VINA_2016,Chevrolet,Colorado,2016,2500,1
LEMON_CHEVROLET_COLORADO_2500CC_2017,Chevrolet,Colorado,2017,2500,1
LEMON_CHEVROLET_COLORADO_2800CC_VIN1_2017,Chevrolet,Colorado,2017,2800,1
LEMON_CHEVROLET_COLORADO_2500CC_VINA_2017,Chevrolet,Colorado,2017,2500,1
LEMON_CHEVROLET_COLORADO_3600CC_VINN_2017,Chevrolet,Colorado,2017,3600,1
LEMON_CHEVROLET_COLORADO_2500CC_2018,Chevrolet,Colorado,2018,2500,1
LEMON_CHEVROLET_COLORADO_2500CC_VINA_2018,Chevrolet,Colorado,2018,2500,1
LEMON_CHEVROLET_COLORADO_2800CC_VIN1_2018,Chevrolet,Colorado,2018,2800,1
LEMON_CHEVROLET_COLORADO_3600CC_VINN_2018,Chevrolet,Colorado,2018,3600,1
LEMON_CHEVROLET_COLORADO_2500CC_2019,Chevrolet,Colorado,2019,2500,1
LEMON_CHEVROLET_COLORADO_2800CC_VIN1_2019,Chevrolet,Colorado,2019,2800,1
LEMON_CHEVROLET_COLORADO_2500CC_VINA_2019,Chevrolet,Colorado,2019,2500,1
LEMON_CHEVROLET_COLORADO_3600CC_VINN_2019,Chevrolet,Colorado,2019,3600,1
LEMON_CHEVROLET_COLORADO_2500CC_2020,Chevrolet,Colorado,2020,2500,1
LEMON_CHEVROLET_COLORADO_2500CC_VINA_2020,Chevrolet,Colorado,2020,2500,1
LEMON_CHEVROLET_COLORADO_2800CC_VIN1_2020,Chevrolet,Colorado,2020,2800,1
LEMON_CHEVROLET_COLORADO_3600CC_VINN_2020,Chevrolet,Colorado,2020,3600,1
LEMON_CHEVROLET_COLORADO_3600CC_2020,Chevrolet,Colorado,2020,3600,1
LEMON_CHEVROLET_COLORADO_2500CC_VINA_2021,Chevrolet,Colorado,2021,2500,1
LEMON_CHEVROLET_COLORADO_3600CC_VINN_2021,Chevrolet,Colorado,2021,3600,1
LEMON_CHEVROLET_COLORADO_2800CC_VIN1_2021,Chevrolet,Colorado,2021,2800,1
LEMON_CHEVROLET_COLORADO_3600CC_2021,Chevrolet,Colorado,2021,3600,1
LEMON_CHEVROLET_COLORADO_2500CC_VINA_2022,Chevrolet,Colorado,2022,2500,1
LEMON_CHEVROLET_COLORADO_2800CC_VIN1_2022,Chevrolet,Colorado,2022,2800,1
LEMON_CHEVROLET_COLORADO_3600CC_VINN_2022,Chevrolet,Colorado,2022,3600,1
LEMON_CHEVROLET_COLORADO_3600CC_2022,Chevrolet,Colorado,2022,3600,1
LEMON_CHEVROLET_COLORADO_2700CC_VINC_2023,Chevrolet,Colorado,2023,2700,1
LEMON_CHEVROLET_COLORADO_2700CC_VINK_2023,Chevrolet,Colorado,2023,2700,1
LEMON_CHEVROLET_COLORADO_2023,Chevrolet,Colorado,2023,,1
LEMON_CHEVROLET_COLORADO_2700CC_VINC_2024,Chevrolet,Colorado,2024,2700,1
LEMON_CHEVROLET_COLORADO_2700CC_VINK_2024,Chevrolet,Colorado,2024,2700,1
LEMON_CHEVROLET_COLORADO_2024,Chevrolet,Colorado,2024,,1
LEMON_CHEVROLET_COLORADO_2025,Chevrolet,Colorado,2025,,1
LEMON_CHEVROLET_CORVETTE_2000,Chevrolet,Corvette,2000,,1
LEMON_CHEVROLET_CORVETTE_2001,Chevrolet,Corvette,2001,,1
LEMON_CHEVROLET_CORVETTE_2002,Chevrolet,Corvette,2002,,1
LEMON_CHEVROLET_CORVETTE_2003,Chevrolet,Corvette,2003,,1
LEMON_CHEVROLET_CORVETTE_2004,Chevrolet,Corvette,2004,,1
LEMON_CHEVROLET_CORVETTE_2005,Chevrolet,Corvette,2005,,1
LEMON_CHEVROLET_CORVETTE_6000CC_2006,Chevrolet,Corvette,2006,6000,1
LEMON_CHEVROLET_CORVETTE_7000CC_2006,Chevrolet,Corvette,2006,7000,1
LEMON_CHEVROLET_CORVETTE_6000CC_2007,Chevrolet,Corvette,2007,6000,1
LEMON_CHEVROLET_CORVETTE_7000CC_2007,Chevrolet,Corvette,2007,7000,1
LEMON_CHEVROLET_CORVETTE_6200CC_2008,Chevrolet,Corvette,2008,6200,1
LEMON_CHEVROLET_CORVETTE_7000CC_2008,Chevrolet,Corvette,2008,7000,1
LEMON_CHEVROLET_CORVETTE_7000CC_2009,Chevrolet,Corvette,2009,7000,1
LEMON_CHEVROLET_CORVETTE_7000CC_2010,Chevrolet,Corvette,2010,7000,1
LEMON_CHEVROLET_CORVETTE_7000CC_2011,Chevrolet,Corvette,2011,7000,1
LEMON_CHEVROLET_CORVETTE_7000CC_2012,Chevrolet,Corvette,2012,7000,1
LEMON_CHEVROLET_CORVETTE_7000CC_2013,Chevrolet,Corvette,2013,7000,1
LEMON_CHEVROLET_CORVETTE_6200CC_2013,Chevrolet,Corvette,2013,6200,1
LEMON_CHEVROLET_CORVETTE_2014,Chevrolet,Corvette,2014,,1
LEMON_CHEVROLET_CORVETTE_2020,Chevrolet,Corvette,2020,,1
LEMON_CHEVROLET_CORVETTE_2021,Chevrolet,Corvette,2021,,1
LEMON_CHEVROLET_CORVETTE_2022,Chevrolet,Corvette,2022,,1
LEMON_CHEVROLET_CORVETTE_6200CC_2023,Chevrolet,Corvette,2023,6200,1
LEMON_CHEVROLET_CORVETTE_5500CC_2023,Chevrolet,Corvette,2023,5500,1
LEMON_CHEVROLET_CORVETTE_6200CC_2024,Chevrolet,Corvette,2024,6200,1
LEMON_CHEVROLET_CORVETTE_5500CC_2024,Chevrolet,Corvette,2024,5500,1
LEMON_CHEVROLET_CORVETTE_6200CC_2025,Chevrolet,Corvette,2025,6200,1
LEMON_CHEVROLET_CORVETTE_5500CC_2025,Chevrolet,Corvette,2025,5500,1
LEMON_CHEVROLET_CRUZE_1800CC_2011,Chevrolet,Cruze,2011,1800,1
LEMON_CHEVROLET_CRUZE_1400CC_2011,Chevrolet,Cruze,2011,1400,1
LEMON_CHEVROLET_CRUZE_1400CC_2012,Chevrolet,Cruze,2012,1400,1
LEMON_CHEVROLET_CRUZE_1800CC_2012,Chevrolet,Cruze,2012,1800,1
LEMON_CHEVROLET_CRUZE_1400CC_2013,Chevrolet,Cruze,2013,1400,1
LEMON_CHEVROLET_CRUZE_1800CC_VING_2013,Chevrolet,Cruze,2013,1800,1
LEMON_CHEVROLET_CRUZE_1800CC_VINH_2013,Chevrolet,Cruze,2013,1800,1
LEMON_CHEVROLET_CRUZE_2000CC_2014,Chevrolet,Cruze,2014,2000,1
LEMON_CHEVROLET_CRUZE_1400CC_2014,Chevrolet,Cruze,2014,1400,1
LEMON_CHEVROLET_CRUZE_1800CC_VING_2014,Chevrolet,Cruze,2014,1800,1
LEMON_CHEVROLET_CRUZE_1800CC_VINH_2014,Chevrolet,Cruze,2014,1800,1
LEMON_CHEVROLET_CRUZE_2000CC_2015,Chevrolet,Cruze,2015,2000,1
LEMON_CHEVROLET_CRUZE_1400CC_2015,Chevrolet,Cruze,2015,1400,1
LEMON_CHEVROLET_CRUZE_1800CC_VING_2015,Chevrolet,Cruze,2015,1800,1
LEMON_CHEVROLET_CRUZE_1800CC_VINH_2015,Chevrolet,Cruze,2015,1800,1
LEMON_CHEVROLET_CRUZE_2016,Chevrolet,Cruze,2016,,1
LEMON_CHEVROLET_CRUZE_1800CC_VING_2016,Chevrolet,Cruze,2016,1800,1
LEMON_CHEVROLET_CRUZE_1800CC_VINH_2016,Chevrolet,Cruze,2016,1800,1
LEMON_CHEVROLET_CRUZE_1400CC_2016,Chevrolet,Cruze,2016,1400,1
LEMON_CHEVROLET_CRUZE_1400CC_2017,Chevrolet,Cruze,2017,1400,1
LEMON_CHEVROLET_CRUZE_1400CC_VINM_2017,Chevrolet,Cruze,2017,1400,1
LEMON_CHEVROLET_CRUZE_1600CC_VINE_2017,Chevrolet,Cruze,2017,1600,1
LEMON_CHEVROLET_CRUZE_1400CC_2018,Chevrolet,Cruze,2018,1400,1
LEMON_CHEVROLET_CRUZE_1400CC_VINM_2018,Chevrolet,Cruze,2018,1400,1
LEMON_CHEVROLET_CRUZE_1600CC_VINE_2018,Chevrolet,Cruze,2018,1600,1
LEMON_CHEVROLET_CRUZE_1400CC_2019,Chevrolet,Cruze,2019,1400,1
LEMON_CHEVROLET_CRUZE_1600CC_VINE_2019,Chevrolet,Cruze,2019,1600,1
LEMON_CHEVROLET_CRUZE_1400CC_VINM_2019,Chevrolet,Cruze,2019,1400,1
LEMON_CHEVROLET_CUTAWAY_5700CC_2000,Chevrolet,Cutaway,2000,5700,1
LEMON_CHEVROLET_CUTAWAY_7400CC_2000,Chevrolet,Cutaway,2000,7400,1
LEMON_CHEVROLET_CUTAWAY_5700CC_2001,Chevrolet,Cutaway,2001,5700,1
LEMON_CHEVROLET_CUTAWAY_6500CC_2001,Chevrolet,Cutaway,2001,6500,1
LEMON_CHEVROLET_CUTAWAY_8100CC_2001,Chevrolet,Cutaway,2001,8100,1
LEMON_CHEVROLET_CUTAWAY_5700CC_2002,Chevrolet,Cutaway,2002,5700,1
LEMON_CHEVROLET_CUTAWAY_6500CC_2002,Chevrolet,Cutaway,2002,6500,1
LEMON_CHEVROLET_CUTAWAY_8100CC_2002,Chevrolet,Cutaway,2002,8100,1
LEMON_CHEVROLET_CUTAWAY_2003,Chevrolet,Cutaway,2003,,1
LEMON_CHEVROLET_CUTAWAY_2004,Chevrolet,Cutaway,2004,,1
LEMON_CHEVROLET_CUTAWAY_2005,Chevrolet,Cutaway,2005,,1
LEMON_CHEVROLET_CUTAWAY_4800CC_2006,Chevrolet,Cutaway,2006,4800,1
LEMON_CHEVROLET_CUTAWAY_6000CC_2006,Chevrolet,Cutaway,2006,6000,1
LEMON_CHEVROLET_CUTAWAY_6600CC_2006,Chevrolet,Cutaway,2006,6600,1
LEMON_CHEVROLET_CUTAWAY_4800CC_2007,Chevrolet,Cutaway,2007,4800,1
LEMON_CHEVROLET_CUTAWAY_6600CC_2007,Chevrolet,Cutaway,2007,6600,1
LEMON_CHEVROLET_CUTAWAY_6000CC_2007,Chevrolet,Cutaway,2007,6000,1
LEMON_CHEVROLET_CUTAWAY_6000CC_2008,Chevrolet,Cutaway,2008,6000,1
LEMON_CHEVROLET_CUTAWAY_6600CC_2008,Chevrolet,Cutaway,2008,6600,1
LEMON_CHEVROLET_CUTAWAY_4800CC_2008,Chevrolet,Cutaway,2008,4800,1
LEMON_CHEVROLET_CUTAWAY_4800CC_2009,Chevrolet,Cutaway,2009,4800,1
LEMON_CHEVROLET_CUTAWAY_6000CC_2009,Chevrolet,Cutaway,2009,6000,1
LEMON_CHEVROLET_CUTAWAY_6600CC_2009,Chevrolet,Cutaway,2009,6600,1
LEMON_CHEVROLET_CUTAWAY_4800CC_2010,Chevrolet,Cutaway,2010,4800,1
LEMON_CHEVROLET_CUTAWAY_6000CC_2010,Chevrolet,Cutaway,2010,6000,1
LEMON_CHEVROLET_CUTAWAY_6600CC_2010,Chevrolet,Cutaway,2010,6600,1
LEMON_CHEVROLET_CUTAWAY_4800CC_2011,Chevrolet,Cutaway,2011,4800,1
LEMON_CHEVROLET_CUTAWAY_6000CC_2011,Chevrolet,Cutaway,2011,6000,1
LEMON_CHEVROLET_CUTAWAY_6600CC_2011,Chevrolet,Cutaway,2011,6600,1
LEMON_CHEVROLET_CUTAWAY_4800CC_VINA_2012,Chevrolet,Cutaway,2012,4800,1
LEMON_CHEVROLET_CUTAWAY_6600CC_VINL_2012,Chevrolet,Cutaway,2012,6600,1
LEMON_CHEVROLET_CUTAWAY_6000CC_VINB_2012,Chevrolet,Cutaway,2012,6000,1
LEMON_CHEVROLET_CUTAWAY_6000CC_VING_2012,Chevrolet,Cutaway,2012,6000,1
LEMON_CHEVROLET_CUTAWAY_4800CC_VINA_2013,Chevrolet,Cutaway,2013,4800,1
LEMON_CHEVROLET_CUTAWAY_6000CC_VINB_2013,Chevrolet,Cutaway,2013,6000,1
LEMON_CHEVROLET_CUTAWAY_6000CC_VING_2013,Chevrolet,Cutaway,2013,6000,1
LEMON_CHEVROLET_CUTAWAY_6600CC_VINL_2013,Chevrolet,Cutaway,2013,6600,1
LEMON_CHEVROLET_EPICA_2004,Chevrolet,Epica,2004,,1
LEMON_CHEVROLET_EPICA_2005,Chevrolet,Epica,2005,,1
LEMON_CHEVROLET_EPICA_2006,Chevrolet,Epica,2006,,1
LEMON_CHEVROLET_EQUINOX_2005,Chevrolet,Equinox,2005,,1
LEMON_CHEVROLET_EQUINOX_2006,Chevrolet,Equinox,2006,,1
LEMON_CHEVROLET_EQUINOX_2007,Chevrolet,Equinox,2007,,1
LEMON_CHEVROLET_EQUINOX_3400CC_2008,Chevrolet,Equinox,2008,3400,1
LEMON_CHEVROLET_EQUINOX_3600CC_2008,Chevrolet,Equinox,2008,3600,1
LEMON_CHEVROLET_EQUINOX_3400CC_2009,Chevrolet,Equinox,2009,3400,1
LEMON_CHEVROLET_EQUINOX_3600CC_2009,Chevrolet,Equinox,2009,3600,1
LEMON_CHEVROLET_EQUINOX_2400CC_2010,Chevrolet,Equinox,2010,2400,1
LEMON_CHEVROLET_EQUINOX_3000CC_2010,Chevrolet,Equinox,2010,3000,1
LEMON_CHEVROLET_EQUINOX_2400CC_2011,Chevrolet,Equinox,2011,2400,1
LEMON_CHEVROLET_EQUINOX_3000CC_2011,Chevrolet,Equinox,2011,3000,1
LEMON_CHEVROLET_EQUINOX_2400CC_2012,Chevrolet,Equinox,2012,2400,1
LEMON_CHEVROLET_EQUINOX_2400CC_VINK_2012,Chevrolet,Equinox,2012,2400,1
LEMON_CHEVROLET_EQUINOX_3000CC_VIN5_2012,Chevrolet,Equinox,2012,3000,1
LEMON_CHEVROLET_EQUINOX_2400CC_2013,Chevrolet,Equinox,2013,2400,1
LEMON_CHEVROLET_EQUINOX_2400CC_VINK_2013,Chevrolet,Equinox,2013,2400,1
LEMON_CHEVROLET_EQUINOX_3600CC_VIN3_2013,Chevrolet,Equinox,2013,3600,1
LEMON_CHEVROLET_EQUINOX_2400CC_2014,Chevrolet,Equinox,2014,2400,1
LEMON_CHEVROLET_EQUINOX_3600CC_2014,Chevrolet,Equinox,2014,3600,1
LEMON_CHEVROLET_EQUINOX_2400CC_VINK_2014,Chevrolet,Equinox,2014,2400,1
LEMON_CHEVROLET_EQUINOX_3600CC_VIN3_2014,Chevrolet,Equinox,2014,3600,1
LEMON_CHEVROLET_EQUINOX_2400CC_2015,Chevrolet,Equinox,2015,2400,1
LEMON_CHEVROLET_EQUINOX_2400CC_VINK_2015,Chevrolet,Equinox,2015,2400,1
LEMON_CHEVROLET_EQUINOX_3600CC_VIN3_2015,Chevrolet,Equinox,2015,3600,1
LEMON_CHEVROLET_EQUINOX_2400CC_2016,Chevrolet,Equinox,2016,2400,1
LEMON_CHEVROLET_EQUINOX_2400CC_VINK_2016,Chevrolet,Equinox,2016,2400,1
LEMON_CHEVROLET_EQUINOX_3600CC_VIN3_2016,Chevrolet,Equinox,2016,3600,1
LEMON_CHEVROLET_EQUINOX_2400CC_2017,Chevrolet,Equinox,2017,2400,1
LEMON_CHEVROLET_EQUINOX_2400CC_VINK_2017,Chevrolet,Equinox,2017,2400,1
LEMON_CHEVROLET_EQUINOX_3600CC_VIN3_2017,Chevrolet,Equinox,2017,3600,1
LEMON_CHEVROLET_EQUINOX_1500CC_2018,Chevrolet,Equinox,2018,1500,1
LEMON_CHEVROLET_EQUINOX_1500CC_VINV_2018,Chevrolet,Equinox,2018,1500,1
LEMON_CHEVROLET_EQUINOX_1600CC_VINU_2018,Chevrolet,Equinox,2018,1600,1
LEMON_CHEVROLET_EQUINOX_2000CC_VINX_2018,Chevrolet,Equinox,2018,2000,1
LEMON_CHEVROLET_EQUINOX_1500CC_2019,Chevrolet,Equinox,2019,1500,1
LEMON_CHEVROLET_EQUINOX_1500CC_VINV_2019,Chevrolet,Equinox,2019,1500,1
LEMON_CHEVROLET_EQUINOX_1600CC_VINU_2019,Chevrolet,Equinox,2019,1600,1
LEMON_CHEVROLET_EQUINOX_2000CC_VINX_2019,Chevrolet,Equinox,2019,2000,1
LEMON_CHEVROLET_EQUINOX_1500CC_2020,Chevrolet,Equinox,2020,1500,1
LEMON_CHEVROLET_EQUINOX_1500CC_VINV_2020,Chevrolet,Equinox,2020,1500,1
LEMON_CHEVROLET_EQUINOX_2000CC_VINX_2020,Chevrolet,Equinox,2020,2000,1
LEMON_CHEVROLET_EQUINOX_2021,Chevrolet,Equinox,2021,,1
LEMON_CHEVROLET_EQUINOX_2022,Chevrolet,Equinox,2022,,1
LEMON_CHEVROLET_EQUINOX_2023,Chevrolet,Equinox,2023,,1
LEMON_CHEVROLET_EQUINOX_2024,Chevrolet,Equinox,2024,,1
LEMON_CHEVROLET_EQUINOX_2025,Chevrolet,Equinox,2025,,1
LEMON_CHEVROLET_EXPRESS_4300CC_VINX_2013,Chevrolet,Express,2013,4300,1
LEMON_CHEVROLET_EXPRESS_5300CC_2013,Chevrolet,Express,2013,5300,1
LEMON_CHEVROLET_EXPRESS_5300CC_VIN4_2013,Chevrolet,Express,2013,5300,1
LEMON_CHEVROLET_EXPRESS_6000CC_VING_2013,Chevrolet,Express,2013,6000,1
LEMON_CHEVROLET_EXPRESS_4800CC_VINA_2013,Chevrolet,Express,2013,4800,1
LEMON_CHEVROLET_EXPRESS_6600CC_VINL_2013,Chevrolet,Express,2013,6600,1
LEMON_CHEVROLET_EXPRESS_6000CC_VINB_2013,Chevrolet,Express,2013,6000,1
LEMON_CHEVROLET_EXPRESS_4300CC_VINX_2014,Chevrolet,Express,2014,4300,1
LEMON_CHEVROLET_EXPRESS_5300CC_VIN4_2014,Chevrolet,Express,2014,5300,1
LEMON_CHEVROLET_EXPRESS_5300CC_2014,Chevrolet,Express,2014,5300,1
LEMON_CHEVROLET_EXPRESS_4800CC_VINA_2014,Chevrolet,Express,2014,4800,1
LEMON_CHEVROLET_EXPRESS_6000CC_VING_2014,Chevrolet,Express,2014,6000,1
LEMON_CHEVROLET_EXPRESS_6000CC_VINB_2014,Chevrolet,Express,2014,6000,1
LEMON_CHEVROLET_EXPRESS_6600CC_VINL_2014,Chevrolet,Express,2014,6600,1
LEMON_CHEVROLET_EXPRESS_4800CC_VINF_2015,Chevrolet,Express,2015,4800,1
LEMON_CHEVROLET_EXPRESS_6000CC_VINB_2015,Chevrolet,Express,2015,6000,1
LEMON_CHEVROLET_EXPRESS_6000CC_VING_2015,Chevrolet,Express,2015,6000,1
LEMON_CHEVROLET_EXPRESS_6600CC_VINL_2015,Chevrolet,Express,2015,6600,1
LEMON_CHEVROLET_EXPRESS_4800CC_VINA_2015,Chevrolet,Express,2015,4800,1
LEMON_CHEVROLET_EXPRESS_6000CC_VINB_2016,Chevrolet,Express,2016,6000,1
LEMON_CHEVROLET_EXPRESS_4800CC_VINF_2016,Chevrolet,Express,2016,4800,1
LEMON_CHEVROLET_EXPRESS_6000CC_VING_2016,Chevrolet,Express,2016,6000,1
LEMON_CHEVROLET_EXPRESS_6600CC_VINL_2016,Chevrolet,Express,2016,6600,1
LEMON_CHEVROLET_EXPRESS_4800CC_VINF_2017,Chevrolet,Express,2017,4800,1
LEMON_CHEVROLET_EXPRESS_6000CC_VINB_2017,Chevrolet,Express,2017,6000,1
LEMON_CHEVROLET_EXPRESS_6000CC_VING_2017,Chevrolet,Express,2017,6000,1
LEMON_CHEVROLET_EXPRESS_4300CC_VINP_2018,Chevrolet,Express,2018,4300,1
LEMON_CHEVROLET_EXPRESS_2800CC_VIN1_2018,Chevrolet,Express,2018,2800,1
LEMON_CHEVROLET_EXPRESS_2800CC_VIN1_2019,Chevrolet,Express,2019,2800,1
LEMON_CHEVROLET_EXPRESS_4300CC_VINP_2019,Chevrolet,Express,2019,4300,1
LEMON_CHEVROLET_EXPRESS_2800CC_VIN1_2020,Chevrolet,Express,2020,2800,1
LEMON_CHEVROLET_EXPRESS_4300CC_VINP_2020,Chevrolet,Express,2020,4300,1
LEMON_CHEVROLET_EXPRESS_4300CC_VINP_2021,Chevrolet,Express,2021,4300,1
LEMON_CHEVROLET_EXPRESS_2800CC_VIN1_2021,Chevrolet,Express,2021,2800,1
LEMON_CHEVROLET_EXPRESS_6600CC_VIN7_2021,Chevrolet,Express,2021,6600,1
LEMON_CHEVROLET_EXPRESS_2800CC_VIN1_2022,Chevrolet,Express,2022,2800,1
LEMON_CHEVROLET_EXPRESS_4300CC_VINP_2022,Chevrolet,Express,2022,4300,1
LEMON_CHEVROLET_EXPRESS_6600CC_VIN7_2022,Chevrolet,Express,2022,6600,1
LEMON_CHEVROLET_EXPRESS_4300CC_VINP_2023,Chevrolet,Express,2023,4300,1
LEMON_CHEVROLET_EXPRESS_6600CC_VIN7_2023,Chevrolet,Express,2023,6600,1
LEMON_CHEVROLET_EXPRESS_6600CC_VIN7_2024,Chevrolet,Express,2024,6600,1
LEMON_CHEVROLET_EXPRESS_4300CC_VINP_2024,Chevrolet,Express,2024,4300,1
LEMON_CHEVROLET_EXPRESS_4300CC_VINP_2025,Chevrolet,Express,2025,4300,1
LEMON_CHEVROLET_EXPRESS_6600CC_VIN7_2025,Chevrolet,Express,2025,6600,1
LEMON_CHEVROLET_HHR_2200CC_2006,Chevrolet,HHR,2006,2200,1
LEMON_CHEVROLET_HHR_2400CC_2006,Chevrolet,HHR,2006,2400,1
LEMON_CHEVROLET_HHR_2200CC_2007,Chevrolet,HHR,2007,2200,1
LEMON_CHEVROLET_HHR_2400CC_2007,Chevrolet,HHR,2007,2400,1
LEMON_CHEVROLET_HHR_2200CC_2008,Chevrolet,HHR,2008,2200,1
LEMON_CHEVROLET_HHR_2400CC_2008,Chevrolet,HHR,2008,2400,1
LEMON_CHEVROLET_HHR_2008,Chevrolet,HHR,2008,,1
LEMON_CHEVROLET_HHR_2200CC_2009,Chevrolet,HHR,2009,2200,1
LEMON_CHEVROLET_HHR_2400CC_2009,Chevrolet,HHR,2009,2400,1
LEMON_CHEVROLET_HHR_2000CC_2009,Chevrolet,HHR,2009,2000,1
LEMON_CHEVROLET_HHR_2200CC_2010,Chevrolet,HHR,2010,2200,1
LEMON_CHEVROLET_HHR_2400CC_2010,Chevrolet,HHR,2010,2400,1
LEMON_CHEVROLET_HHR_2000CC_2010,Chevrolet,HHR,2010,2000,1
LEMON_CHEVROLET_HHR_2200CC_2011,Chevrolet,HHR,2011,2200,1
LEMON_CHEVROLET_HHR_2400CC_2011,Chevrolet,HHR,2011,2400,1
LEMON_CHEVROLET_IMPALA_3800CC_2000,Chevrolet,Impala,2000,3800,1
LEMON_CHEVROLET_IMPALA_3400CC_2000,Chevrolet,Impala,2000,3400,1
LEMON_CHEVROLET_IMPALA_3800CC_2001,Chevrolet,Impala,2001,3800,1
LEMON_CHEVROLET_IMPALA_3400CC_2001,Chevrolet,Impala,2001,3400,1
LEMON_CHEVROLET_IMPALA_3400CC_2002,Chevrolet,Impala,2002,3400,1
LEMON_CHEVROLET_IMPALA_3800CC_2002,Chevrolet,Impala,2002,3800,1
LEMON_CHEVROLET_IMPALA_3400CC_2003,Chevrolet,Impala,2003,3400,1
LEMON_CHEVROLET_IMPALA_3800CC_2003,Chevrolet,Impala,2003,3800,1
LEMON_CHEVROLET_IMPALA_3400CC_2004,Chevrolet,Impala,2004,3400,1
LEMON_CHEVROLET_IMPALA_3800CC_2004,Chevrolet,Impala,2004,3800,1
LEMON_CHEVROLET_IMPALA_3400CC_2005,Chevrolet,Impala,2005,3400,1
LEMON_CHEVROLET_IMPALA_3800CC_2005,Chevrolet,Impala,2005,3800,1
LEMON_CHEVROLET_IMPALA_3500CC_2006,Chevrolet,Impala,2006,3500,1
LEMON_CHEVROLET_IMPALA_3900CC_2006,Chevrolet,Impala,2006,3900,1
LEMON_CHEVROLET_IMPALA_5300CC_2006,Chevrolet,Impala,2006,5300,1
LEMON_CHEVROLET_IMPALA_3500CC_2007,Chevrolet,Impala,2007,3500,1
LEMON_CHEVROLET_IMPALA_3900CC_2007,Chevrolet,Impala,2007,3900,1
LEMON_CHEVROLET_IMPALA_5300CC_2007,Chevrolet,Impala,2007,5300,1
LEMON_CHEVROLET_IMPALA_3500CC_2008,Chevrolet,Impala,2008,3500,1
LEMON_CHEVROLET_IMPALA_3900CC_2008,Chevrolet,Impala,2008,3900,1
LEMON_CHEVROLET_IMPALA_5300CC_2008,Chevrolet,Impala,2008,5300,1
LEMON_CHEVROLET_IMPALA_3500CC_2009,Chevrolet,Impala,2009,3500,1
LEMON_CHEVROLET_IMPALA_3900CC_2009,Chevrolet,Impala,2009,3900,1
LEMON_CHEVROLET_IMPALA_5300CC_2009,Chevrolet,Impala,2009,5300,1
LEMON_CHEVROLET_IMPALA_3500CC_2010,Chevrolet,Impala,2010,3500,1
LEMON_CHEVROLET_IMPALA_3900CC_2010,Chevrolet,Impala,2010,3900,1
LEMON_CHEVROLET_IMPALA_3500CC_2011,Chevrolet,Impala,2011,3500,1
LEMON_CHEVROLET_IMPALA_3900CC_2011,Chevrolet,Impala,2011,3900,1
LEMON_CHEVROLET_IMPALA_2012,Chevrolet,Impala,2012,,1
LEMON_CHEVROLET_IMPALA_2013,Chevrolet,Impala,2013,,1
LEMON_CHEVROLET_IMPALA_2400CC_2014,Chevrolet,Impala,2014,2400,1
LEMON_CHEVROLET_IMPALA_3600CC_VIN3_2014,Chevrolet,Impala,2014,3600,1
LEMON_CHEVROLET_IMPALA_2500CC_2014,Chevrolet,Impala,2014,2500,1
LEMON_CHEVROLET_IMPALA_2500CC_VINL_2014,Chevrolet,Impala,2014,2500,1
LEMON_CHEVROLET_IMPALA_2014,Chevrolet,Impala,2014,,1
LEMON_CHEVROLET_IMPALA_2500CC_VINL_2015,Chevrolet,Impala,2015,2500,1
LEMON_CHEVROLET_IMPALA_3600CC_VIN3_2015,Chevrolet,Impala,2015,3600,1
LEMON_CHEVROLET_IMPALA_3600CC_VINN_2015,Chevrolet,Impala,2015,3600,1
LEMON_CHEVROLET_IMPALA_2015_IMPALALIMITE,Chevrolet,Impala,2015,,1
LEMON_CHEVROLET_IMPALA_2500CC_VINA_2016,Chevrolet,Impala,2016,2500,1
LEMON_CHEVROLET_IMPALA_3600CC_VINN_2016,Chevrolet,Impala,2016,3600,1
LEMON_CHEVROLET_IMPALA_3600CC_VIN3_2016,Chevrolet,Impala,2016,3600,1
LEMON_CHEVROLET_IMPALA_2016,Chevrolet,Impala,2016,,1
LEMON_CHEVROLET_IMPALA_2500CC_VINA_2017,Chevrolet,Impala,2017,2500,1
LEMON_CHEVROLET_IMPALA_3600CC_VIN3_2017,Chevrolet,Impala,2017,3600,1
LEMON_CHEVROLET_IMPALA_3600CC_2017,Chevrolet,Impala,2017,3600,1
LEMON_CHEVROLET_IMPALA_2020,Chevrolet,Impala,2020,,1
LEMON_CHEVROLET_LUMINA_2000,Chevrolet,Lumina,2000,,1
LEMON_CHEVROLET_LUMINA_2001,Chevrolet,Lumina,2001,,1
LEMON_CHEVROLET_MALIBU_2000,Chevrolet,Malibu,2000,,1
LEMON_CHEVROLET_MALIBU_2001,Chevrolet,Malibu,2001,,1
LEMON_CHEVROLET_MALIBU_2002,Chevrolet,Malibu,2002,,1
LEMON_CHEVROLET_MALIBU_2003,Chevrolet,Malibu,2003,,1
LEMON_CHEVROLET_MALIBU_2200CC_2004,Chevrolet,Malibu,2004,2200,1
LEMON_CHEVROLET_MALIBU_3500CC_2004,Chevrolet,Malibu,2004,3500,1
LEMON_CHEVROLET_MALIBU_2200CC_2005,Chevrolet,Malibu,2005,2200,1
LEMON_CHEVROLET_MALIBU_3500CC_2005,Chevrolet,Malibu,2005,3500,1
LEMON_CHEVROLET_MALIBU_2200CC_2006,Chevrolet,Malibu,2006,2200,1
LEMON_CHEVROLET_MALIBU_3500CC_2006,Chevrolet,Malibu,2006,3500,1
LEMON_CHEVROLET_MALIBU_3900CC_2006,Chevrolet,Malibu,2006,3900,1
LEMON_CHEVROLET_MALIBU_2200CC_2007,Chevrolet,Malibu,2007,2200,1
LEMON_CHEVROLET_MALIBU_3500CC_2007,Chevrolet,Malibu,2007,3500,1
LEMON_CHEVROLET_MALIBU_3900CC_2007,Chevrolet,Malibu,2007,3900,1
LEMON_CHEVROLET_MALIBU_2400CC_2008,Chevrolet,Malibu,2008,2400,1
LEMON_CHEVROLET_MALIBU_3500CC_2008,Chevrolet,Malibu,2008,3500,1
LEMON_CHEVROLET_MALIBU_3600CC_2008,Chevrolet,Malibu,2008,3600,1
LEMON_CHEVROLET_MALIBU_2200CC_2008,Chevrolet,Malibu,2008,2200,1
LEMON_CHEVROLET_MALIBU_2400CC_2009,Chevrolet,Malibu,2009,2400,1
LEMON_CHEVROLET_MALIBU_3500CC_2009,Chevrolet,Malibu,2009,3500,1
LEMON_CHEVROLET_MALIBU_3600CC_2009,Chevrolet,Malibu,2009,3600,1
LEMON_CHEVROLET_MALIBU_2400CC_2010,Chevrolet,Malibu,2010,2400,1
LEMON_CHEVROLET_MALIBU_3500CC_2010,Chevrolet,Malibu,2010,3500,1
LEMON_CHEVROLET_MALIBU_3600CC_2010,Chevrolet,Malibu,2010,3600,1
LEMON_CHEVROLET_MALIBU_2400CC_2011,Chevrolet,Malibu,2011,2400,1
LEMON_CHEVROLET_MALIBU_3600CC_2011,Chevrolet,Malibu,2011,3600,1
LEMON_CHEVROLET_MALIBU_3600CC_VIN7_2012,Chevrolet,Malibu,2012,3600,1
LEMON_CHEVROLET_MALIBU_2500CC_2013,Chevrolet,Malibu,2013,2500,1
LEMON_CHEVROLET_MALIBU_2400CC_2013,Chevrolet,Malibu,2013,2400,1
LEMON_CHEVROLET_MALIBU_2000CC_VINX_2013,Chevrolet,Malibu,2013,2000,1
LEMON_CHEVROLET_MALIBU_2500CC_VINA_2013,Chevrolet,Malibu,2013,2500,1
LEMON_CHEVROLET_MALIBU_2400CC_2014,Chevrolet,Malibu,2014,2400,1
LEMON_CHEVROLET_MALIBU_2500CC_2014,Chevrolet,Malibu,2014,2500,1
LEMON_CHEVROLET_MALIBU_2500CC_VINL_2014,Chevrolet,Malibu,2014,2500,1
LEMON_CHEVROLET_MALIBU_2000CC_VINX_2014,Chevrolet,Malibu,2014,2000,1
LEMON_CHEVROLET_MALIBU_2500CC_2015,Chevrolet,Malibu,2015,2500,1
LEMON_CHEVROLET_MALIBU_2000CC_VINX_2015,Chevrolet,Malibu,2015,2000,1
LEMON_CHEVROLET_MALIBU_2500CC_VINL_2015,Chevrolet,Malibu,2015,2500,1
LEMON_CHEVROLET_MALIBU_1800CC_2016,Chevrolet,Malibu,2016,1800,1
LEMON_CHEVROLET_MALIBU_1500CC_2016,Chevrolet,Malibu,2016,1500,1
LEMON_CHEVROLET_MALIBU_2000CC_VINX_2016,Chevrolet,Malibu,2016,2000,1
LEMON_CHEVROLET_MALIBU_1500CC_VINT_2016,Chevrolet,Malibu,2016,1500,1
LEMON_CHEVROLET_MALIBU_2000CC_2016,Chevrolet,Malibu,2016,2000,1
LEMON_CHEVROLET_MALIBU_2016,Chevrolet,Malibu,2016,,1
LEMON_CHEVROLET_MALIBU_1500CC_2017,Chevrolet,Malibu,2017,1500,1
LEMON_CHEVROLET_MALIBU_1800CC_2017,Chevrolet,Malibu,2017,1800,1
LEMON_CHEVROLET_MALIBU_2000CC_2017,Chevrolet,Malibu,2017,2000,1
LEMON_CHEVROLET_MALIBU_1800CC_2018,Chevrolet,Malibu,2018,1800,1
LEMON_CHEVROLET_MALIBU_1500CC_2018,Chevrolet,Malibu,2018,1500,1
LEMON_CHEVROLET_MALIBU_2000CC_2018,Chevrolet,Malibu,2018,2000,1
LEMON_CHEVROLET_MALIBU_1800CC_2019,Chevrolet,Malibu,2019,1800,1
LEMON_CHEVROLET_MALIBU_1500CC_2019,Chevrolet,Malibu,2019,1500,1
LEMON_CHEVROLET_MALIBU_2000CC_2019,Chevrolet,Malibu,2019,2000,1
LEMON_CHEVROLET_MALIBU_1500CC_2020,Chevrolet,Malibu,2020,1500,1
LEMON_CHEVROLET_MALIBU_2000CC_2020,Chevrolet,Malibu,2020,2000,1
LEMON_CHEVROLET_MALIBU_1500CC_2021,Chevrolet,Malibu,2021,1500,1
LEMON_CHEVROLET_MALIBU_2000CC_2021,Chevrolet,Malibu,2021,2000,1
LEMON_CHEVROLET_MALIBU_1500CC_2022,Chevrolet,Malibu,2022,1500,1
LEMON_CHEVROLET_MALIBU_2000CC_2022,Chevrolet,Malibu,2022,2000,1
LEMON_CHEVROLET_MALIBU_2023,Chevrolet,Malibu,2023,,1
LEMON_CHEVROLET_MALIBU_2024,Chevrolet,Malibu,2024,,1
LEMON_CHEVROLET_MALIBU_2025,Chevrolet,Malibu,2025,,1
LEMON_CHEVROLET_METRO_2000,Chevrolet,Metro,2000,,1
LEMON_CHEVROLET_METRO_2001,Chevrolet,Metro,2001,,1
LEMON_CHEVROLET_MONTE_3400CC_2000,Chevrolet,Monte,2000,3400,1
LEMON_CHEVROLET_MONTE_3800CC_2000,Chevrolet,Monte,2000,3800,1
LEMON_CHEVROLET_MONTE_3800CC_2001,Chevrolet,Monte,2001,3800,1
LEMON_CHEVROLET_MONTE_3400CC_2001,Chevrolet,Monte,2001,3400,1
LEMON_CHEVROLET_MONTE_3400CC_2002,Chevrolet,Monte,2002,3400,1
LEMON_CHEVROLET_MONTE_3800CC_2002,Chevrolet,Monte,2002,3800,1
LEMON_CHEVROLET_MONTE_3800CC_2003,Chevrolet,Monte,2003,3800,1
LEMON_CHEVROLET_MONTE_3400CC_2003,Chevrolet,Monte,2003,3400,1
LEMON_CHEVROLET_MONTE_3400CC_2004,Chevrolet,Monte,2004,3400,1
LEMON_CHEVROLET_MONTE_3800CC_2004,Chevrolet,Monte,2004,3800,1
LEMON_CHEVROLET_MONTE_3400CC_2005,Chevrolet,Monte,2005,3400,1
LEMON_CHEVROLET_MONTE_3800CC_2005,Chevrolet,Monte,2005,3800,1
LEMON_CHEVROLET_MONTE_3500CC_2006,Chevrolet,Monte,2006,3500,1
LEMON_CHEVROLET_MONTE_3900CC_2006,Chevrolet,Monte,2006,3900,1
LEMON_CHEVROLET_MONTE_5300CC_2006,Chevrolet,Monte,2006,5300,1
LEMON_CHEVROLET_MONTE_5300CC_2007,Chevrolet,Monte,2007,5300,1
LEMON_CHEVROLET_OPTRA_2004,Chevrolet,Optra,2004,,1
LEMON_CHEVROLET_OPTRA_2005,Chevrolet,Optra,2005,,1
LEMON_CHEVROLET_OPTRA_2006,Chevrolet,Optra,2006,,1
LEMON_CHEVROLET_OPTRA_2007,Chevrolet,Optra,2007,,1
LEMON_CHEVROLET_OPTRA_2008,Chevrolet,Optra,2008,,1
LEMON_CHEVROLET_OPTRA5_2004,Chevrolet,Optra5,2004,,1
LEMON_CHEVROLET_OPTRA5_2005,Chevrolet,Optra5,2005,,1
LEMON_CHEVROLET_OPTRA5_2006,Chevrolet,Optra5,2006,,1
LEMON_CHEVROLET_OPTRA5_2007,Chevrolet,Optra5,2007,,1
LEMON_CHEVROLET_OPTRA5_2008,Chevrolet,Optra5,2008,,1
LEMON_CHEVROLET_PICKUP_5700CC_2000,Chevrolet,Pickup,2000,5700,1
LEMON_CHEVROLET_PICKUP_6500CC_2000,Chevrolet,Pickup,2000,6500,1
LEMON_CHEVROLET_PICKUP_7400CC_2000,Chevrolet,Pickup,2000,7400,1
LEMON_CHEVROLET_PRIZM_2000,Chevrolet,Prizm,2000,,1
LEMON_CHEVROLET_PRIZM_2001,Chevrolet,Prizm,2001,,1
LEMON_CHEVROLET_PRIZM_2002,Chevrolet,Prizm,2002,,1
LEMON_CHEVROLET_RV_5700CC_2000,Chevrolet,RV,2000,5700,1
LEMON_CHEVROLET_RV_7400CC_2000,Chevrolet,RV,2000,7400,1
LEMON_CHEVROLET_RV_5700CC_2001,Chevrolet,RV,2001,5700,1
LEMON_CHEVROLET_RV_8100CC_2001,Chevrolet,RV,2001,8100,1
LEMON_CHEVROLET_RV_6500CC_2001,Chevrolet,RV,2001,6500,1
LEMON_CHEVROLET_RV_5700CC_2002,Chevrolet,RV,2002,5700,1
LEMON_CHEVROLET_RV_8100CC_2002,Chevrolet,RV,2002,8100,1
LEMON_CHEVROLET_RV_6500CC_2002,Chevrolet,RV,2002,6500,1
LEMON_CHEVROLET_RV_2003,Chevrolet,RV,2003,,1
LEMON_CHEVROLET_RV_2004,Chevrolet,RV,2004,,1
LEMON_CHEVROLET_RV_2005,Chevrolet,RV,2005,,1
LEMON_CHEVROLET_RV_4800CC_2006,Chevrolet,RV,2006,4800,1
LEMON_CHEVROLET_RV_6000CC_2006,Chevrolet,RV,2006,6000,1
LEMON_CHEVROLET_RV_6600CC_2006,Chevrolet,RV,2006,6600,1
LEMON_CHEVROLET_RV_4800CC_2007,Chevrolet,RV,2007,4800,1
LEMON_CHEVROLET_RV_6600CC_2007,Chevrolet,RV,2007,6600,1
LEMON_CHEVROLET_RV_6000CC_2007,Chevrolet,RV,2007,6000,1
LEMON_CHEVROLET_RV_4800CC_2008,Chevrolet,RV,2008,4800,1
LEMON_CHEVROLET_RV_6000CC_2008,Chevrolet,RV,2008,6000,1
LEMON_CHEVROLET_RV_6600CC_2008,Chevrolet,RV,2008,6600,1
LEMON_CHEVROLET_RV_4800CC_2009,Chevrolet,RV,2009,4800,1
LEMON_CHEVROLET_RV_6000CC_2009,Chevrolet,RV,2009,6000,1
LEMON_CHEVROLET_RV_6600CC_2009,Chevrolet,RV,2009,6600,1
LEMON_CHEVROLET_RV_4800CC_2010,Chevrolet,RV,2010,4800,1
LEMON_CHEVROLET_RV_6000CC_2010,Chevrolet,RV,2010,6000,1
LEMON_CHEVROLET_RV_6600CC_2010,Chevrolet,RV,2010,6600,1
LEMON_CHEVROLET_RV_6000CC_2011,Chevrolet,RV,2011,6000,1
LEMON_CHEVROLET_RV_4800CC_2011,Chevrolet,RV,2011,4800,1
LEMON_CHEVROLET_RV_6600CC_2011,Chevrolet,RV,2011,6600,1
LEMON_CHEVROLET_RV_6000CC_VINB_2012,Chevrolet,RV,2012,6000,1
LEMON_CHEVROLET_RV_4800CC_VINA_2012,Chevrolet,RV,2012,4800,1
LEMON_CHEVROLET_RV_6000CC_VING_2012,Chevrolet,RV,2012,6000,1
LEMON_CHEVROLET_RV_6600CC_VINL_2012,Chevrolet,RV,2012,6600,1
LEMON_CHEVROLET_RV_4800CC_VINA_2013,Chevrolet,RV,2013,4800,1
LEMON_CHEVROLET_RV_6000CC_VINB_2013,Chevrolet,RV,2013,6000,1
LEMON_CHEVROLET_RV_6000CC_VING_2013,Chevrolet,RV,2013,6000,1
LEMON_CHEVROLET_RV_6600CC_VINL_2013,Chevrolet,RV,2013,6600,1
LEMON_CHEVROLET_S10_2200CC_2000,Chevrolet,S10,2000,2200,1
LEMON_CHEVROLET_S10_4300CC_2000,Chevrolet,S10,2000,4300,1
LEMON_CHEVROLET_S10_2000,Chevrolet,S10,2000,,1
LEMON_CHEVROLET_S10_2200CC_2001,Chevrolet,S10,2001,2200,1
LEMON_CHEVROLET_S10_4300CC_2001,Chevrolet,S10,2001,4300,1
LEMON_CHEVROLET_S10_2200CC_2002,Chevrolet,S10,2002,2200,1
LEMON_CHEVROLET_S10_4300CC_2002,Chevrolet,S10,2002,4300,1
LEMON_CHEVROLET_S10_2200CC_2003,Chevrolet,S10,2003,2200,1
LEMON_CHEVROLET_S10_4300CC_2003,Chevrolet,S10,2003,4300,1
LEMON_CHEVROLET_S10_2004,Chevrolet,S10,2004,,1
LEMON_CHEVROLET_SS_2014,Chevrolet,SS,2014,,1
LEMON_CHEVROLET_SS_2015_SSAUTOMATICT,Chevrolet,SS,2015,,1
LEMON_CHEVROLET_SS_2015_SSSTANDARDTR,Chevrolet,SS,2015,,1
LEMON_CHEVROLET_SS_2016,Chevrolet,SS,2016,,1
LEMON_CHEVROLET_SS_2017,Chevrolet,SS,2017,,1
LEMON_CHEVROLET_SSR_2003,Chevrolet,SSR,2003,,1
LEMON_CHEVROLET_SSR_2004,Chevrolet,SSR,2004,,1
LEMON_CHEVROLET_SSR_2005,Chevrolet,SSR,2005,,1
LEMON_CHEVROLET_SSR_2006,Chevrolet,SSR,2006,,1
LEMON_CHEVROLET_SILVERADO_4300CC_2000,Chevrolet,Silverado,2000,4300,1
LEMON_CHEVROLET_SILVERADO_4800CC_2000,Chevrolet,Silverado,2000,4800,1
LEMON_CHEVROLET_SILVERADO_5300CC_2000,Chevrolet,Silverado,2000,5300,1
LEMON_CHEVROLET_SILVERADO_6000CC_2000,Chevrolet,Silverado,2000,6000,1
LEMON_CHEVROLET_SILVERADO_6000CC_2001,Chevrolet,Silverado,2001,6000,1
LEMON_CHEVROLET_SILVERADO_4300CC_2001,Chevrolet,Silverado,2001,4300,1
LEMON_CHEVROLET_SILVERADO_4800CC_2001,Chevrolet,Silverado,2001,4800,1
LEMON_CHEVROLET_SILVERADO_5300CC_2001,Chevrolet,Silverado,2001,5300,1
LEMON_CHEVROLET_SILVERADO_6600CC_2001,Chevrolet,Silverado,2001,6600,1
LEMON_CHEVROLET_SILVERADO_8100CC_2001,Chevrolet,Silverado,2001,8100,1
LEMON_CHEVROLET_SILVERADO_6000CC_2002,Chevrolet,Silverado,2002,6000,1
LEMON_CHEVROLET_SILVERADO_4300CC_2002,Chevrolet,Silverado,2002,4300,1
LEMON_CHEVROLET_SILVERADO_4800CC_2002,Chevrolet,Silverado,2002,4800,1
LEMON_CHEVROLET_SILVERADO_5300CC_2002,Chevrolet,Silverado,2002,5300,1
LEMON_CHEVROLET_SILVERADO_6600CC_2002,Chevrolet,Silverado,2002,6600,1
LEMON_CHEVROLET_SILVERADO_8100CC_2002,Chevrolet,Silverado,2002,8100,1
LEMON_CHEVROLET_SILVERADO_4300CC_2003,Chevrolet,Silverado,2003,4300,1
LEMON_CHEVROLET_SILVERADO_6000CC_2003,Chevrolet,Silverado,2003,6000,1
LEMON_CHEVROLET_SILVERADO_4800CC_2003,Chevrolet,Silverado,2003,4800,1
LEMON_CHEVROLET_SILVERADO_5300CC_2003,Chevrolet,Silverado,2003,5300,1
LEMON_CHEVROLET_SILVERADO_6600CC_2003,Chevrolet,Silverado,2003,6600,1
LEMON_CHEVROLET_SILVERADO_8100CC_2003,Chevrolet,Silverado,2003,8100,1
LEMON_CHEVROLET_SILVERADO_4300CC_2004,Chevrolet,Silverado,2004,4300,1
LEMON_CHEVROLET_SILVERADO_4800CC_2004,Chevrolet,Silverado,2004,4800,1
LEMON_CHEVROLET_SILVERADO_5300CC_2004,Chevrolet,Silverado,2004,5300,1
LEMON_CHEVROLET_SILVERADO_6000CC_2004,Chevrolet,Silverado,2004,6000,1
LEMON_CHEVROLET_SILVERADO_6600CC_2004,Chevrolet,Silverado,2004,6600,1
LEMON_CHEVROLET_SILVERADO_8100CC_2004,Chevrolet,Silverado,2004,8100,1
LEMON_CHEVROLET_SILVERADO_6000CC_2005,Chevrolet,Silverado,2005,6000,1
LEMON_CHEVROLET_SILVERADO_4300CC_2005,Chevrolet,Silverado,2005,4300,1
LEMON_CHEVROLET_SILVERADO_4800CC_2005,Chevrolet,Silverado,2005,4800,1
LEMON_CHEVROLET_SILVERADO_5300CC_2005,Chevrolet,Silverado,2005,5300,1
LEMON_CHEVROLET_SILVERADO_6600CC_2005,Chevrolet,Silverado,2005,6600,1
LEMON_CHEVROLET_SILVERADO_8100CC_2005,Chevrolet,Silverado,2005,8100,1
LEMON_CHEVROLET_SILVERADO_6000CC_2006,Chevrolet,Silverado,2006,6000,1
LEMON_CHEVROLET_SILVERADO_4300CC_2006,Chevrolet,Silverado,2006,4300,1
LEMON_CHEVROLET_SILVERADO_4800CC_2006,Chevrolet,Silverado,2006,4800,1
LEMON_CHEVROLET_SILVERADO_5300CC_2006,Chevrolet,Silverado,2006,5300,1
LEMON_CHEVROLET_SILVERADO_6600CC_2006,Chevrolet,Silverado,2006,6600,1
LEMON_CHEVROLET_SILVERADO_8100CC_2006,Chevrolet,Silverado,2006,8100,1
LEMON_CHEVROLET_SILVERADO_4300CC_2007,Chevrolet,Silverado,2007,4300,1
LEMON_CHEVROLET_SILVERADO_4800CC_2007,Chevrolet,Silverado,2007,4800,1
LEMON_CHEVROLET_SILVERADO_5300CC_2007,Chevrolet,Silverado,2007,5300,1
LEMON_CHEVROLET_SILVERADO_6000CC_2007,Chevrolet,Silverado,2007,6000,1
LEMON_CHEVROLET_SILVERADO_6600CC_2007,Chevrolet,Silverado,2007,6600,1
LEMON_CHEVROLET_SILVERADO_8100CC_2007,Chevrolet,Silverado,2007,8100,1
LEMON_CHEVROLET_SILVERADO_4300CC_2008,Chevrolet,Silverado,2008,4300,1
LEMON_CHEVROLET_SILVERADO_4800CC_2008,Chevrolet,Silverado,2008,4800,1
LEMON_CHEVROLET_SILVERADO_5300CC_2008,Chevrolet,Silverado,2008,5300,1
LEMON_CHEVROLET_SILVERADO_6000CC_2008,Chevrolet,Silverado,2008,6000,1
LEMON_CHEVROLET_SILVERADO_6600CC_2008,Chevrolet,Silverado,2008,6600,1
LEMON_CHEVROLET_SILVERADO_4300CC_2009,Chevrolet,Silverado,2009,4300,1
LEMON_CHEVROLET_SILVERADO_4800CC_2009,Chevrolet,Silverado,2009,4800,1
LEMON_CHEVROLET_SILVERADO_5300CC_2009,Chevrolet,Silverado,2009,5300,1
LEMON_CHEVROLET_SILVERADO_6000CC_2009,Chevrolet,Silverado,2009,6000,1
LEMON_CHEVROLET_SILVERADO_6200CC_2009,Chevrolet,Silverado,2009,6200,1
LEMON_CHEVROLET_SILVERADO_6600CC_2009,Chevrolet,Silverado,2009,6600,1
LEMON_CHEVROLET_SILVERADO_4300CC_2010,Chevrolet,Silverado,2010,4300,1
LEMON_CHEVROLET_SILVERADO_4800CC_2010,Chevrolet,Silverado,2010,4800,1
LEMON_CHEVROLET_SILVERADO_5300CC_2010,Chevrolet,Silverado,2010,5300,1
LEMON_CHEVROLET_SILVERADO_6200CC_2010,Chevrolet,Silverado,2010,6200,1
LEMON_CHEVROLET_SILVERADO_6000CC_2010,Chevrolet,Silverado,2010,6000,1
LEMON_CHEVROLET_SILVERADO_6600CC_2010,Chevrolet,Silverado,2010,6600,1
LEMON_CHEVROLET_SILVERADO_4300CC_2011,Chevrolet,Silverado,2011,4300,1
LEMON_CHEVROLET_SILVERADO_4800CC_2011,Chevrolet,Silverado,2011,4800,1
LEMON_CHEVROLET_SILVERADO_5300CC_2011,Chevrolet,Silverado,2011,5300,1
LEMON_CHEVROLET_SILVERADO_6200CC_2011,Chevrolet,Silverado,2011,6200,1
LEMON_CHEVROLET_SILVERADO_6000CC_2011,Chevrolet,Silverado,2011,6000,1
LEMON_CHEVROLET_SILVERADO_6600CC_2011,Chevrolet,Silverado,2011,6600,1
LEMON_CHEVROLET_SILVERADO_4300CC_VINX_2012,Chevrolet,Silverado,2012,4300,1
LEMON_CHEVROLET_SILVERADO_4800CC_VINA_2012,Chevrolet,Silverado,2012,4800,1
LEMON_CHEVROLET_SILVERADO_5300CC_VIN0_2012,Chevrolet,Silverado,2012,5300,1
LEMON_CHEVROLET_SILVERADO_5300CC_VIN7_2012,Chevrolet,Silverado,2012,5300,1
LEMON_CHEVROLET_SILVERADO_6200CC_VIN2_2012,Chevrolet,Silverado,2012,6200,1
LEMON_CHEVROLET_SILVERADO_6000CC_VINJ_2012,Chevrolet,Silverado,2012,6000,1
LEMON_CHEVROLET_SILVERADO_6000CC_VING_2012,Chevrolet,Silverado,2012,6000,1
LEMON_CHEVROLET_SILVERADO_6600CC_VINL_2012,Chevrolet,Silverado,2012,6600,1
LEMON_CHEVROLET_SILVERADO_6600CC_VIN8_2012,Chevrolet,Silverado,2012,6600,1
LEMON_CHEVROLET_SILVERADO_5300CC_VINC_2015,Chevrolet,Silverado,2015,5300,1
LEMON_CHEVROLET_SILVERADO_6200CC_VINJ_2015,Chevrolet,Silverado,2015,6200,1
LEMON_CHEVROLET_SILVERADO_4300CC_VINH_2015,Chevrolet,Silverado,2015,4300,1
LEMON_CHEVROLET_SILVERADO_5300CC_2015,Chevrolet,Silverado,2015,5300,1
LEMON_CHEVROLET_SILVERADO_6000CC_VINB_2015,Chevrolet,Silverado,2015,6000,1
LEMON_CHEVROLET_SILVERADO_6000CC_VING_2015,Chevrolet,Silverado,2015,6000,1
LEMON_CHEVROLET_SILVERADO_4300CC_VINH_2016,Chevrolet,Silverado,2016,4300,1
LEMON_CHEVROLET_SILVERADO_5300CC_VINC_2016,Chevrolet,Silverado,2016,5300,1
LEMON_CHEVROLET_SILVERADO_6200CC_VINJ_2016,Chevrolet,Silverado,2016,6200,1
LEMON_CHEVROLET_SILVERADO_5300CC_VINR_2016,Chevrolet,Silverado,2016,5300,1
LEMON_CHEVROLET_SILVERADO_5300CC_2016,Chevrolet,Silverado,2016,5300,1
LEMON_CHEVROLET_SILVERADO_6000CC_VING_2016,Chevrolet,Silverado,2016,6000,1
LEMON_CHEVROLET_SILVERADO_6000CC_VINB_2016,Chevrolet,Silverado,2016,6000,1
LEMON_CHEVROLET_SILVERADO_4300CC_VINH_2017,Chevrolet,Silverado,2017,4300,1
LEMON_CHEVROLET_SILVERADO_5300CC_VINC_2017,Chevrolet,Silverado,2017,5300,1
LEMON_CHEVROLET_SILVERADO_6200CC_VINJ_2017,Chevrolet,Silverado,2017,6200,1
LEMON_CHEVROLET_SILVERADO_5300CC_VINR_2017,Chevrolet,Silverado,2017,5300,1
LEMON_CHEVROLET_SILVERADO_5300CC_2017,Chevrolet,Silverado,2017,5300,1
LEMON_CHEVROLET_SILVERADO_6000CC_VING_2017,Chevrolet,Silverado,2017,6000,1
LEMON_CHEVROLET_SILVERADO_6600CC_VINY_2017,Chevrolet,Silverado,2017,6600,1
LEMON_CHEVROLET_SILVERADO_6000CC_VINB_2017,Chevrolet,Silverado,2017,6000,1
LEMON_CHEVROLET_SILVERADO_4300CC_VINH_2018,Chevrolet,Silverado,2018,4300,1
LEMON_CHEVROLET_SILVERADO_5300CC_VINC_2018,Chevrolet,Silverado,2018,5300,1
LEMON_CHEVROLET_SILVERADO_6200CC_VINJ_2018,Chevrolet,Silverado,2018,6200,1
LEMON_CHEVROLET_SILVERADO_5300CC_VINR_2018,Chevrolet,Silverado,2018,5300,1
LEMON_CHEVROLET_SILVERADO_5300CC_2018,Chevrolet,Silverado,2018,5300,1
LEMON_CHEVROLET_SILVERADO_6000CC_VINB_2018,Chevrolet,Silverado,2018,6000,1
LEMON_CHEVROLET_SILVERADO_6000CC_VING_2018,Chevrolet,Silverado,2018,6000,1
LEMON_CHEVROLET_SILVERADO_6600CC_VINY_2018,Chevrolet,Silverado,2018,6600,1
LEMON_CHEVROLET_SILVERADO_4300CC_VINH_2019,Chevrolet,Silverado,2019,4300,1
LEMON_CHEVROLET_SILVERADO_6200CC_VINL_2019,Chevrolet,Silverado,2019,6200,1
LEMON_CHEVROLET_SILVERADO_2700CC_VINK_2019,Chevrolet,Silverado,2019,2700,1
LEMON_CHEVROLET_SILVERADO_2019,Chevrolet,Silverado,2019,,1
LEMON_CHEVROLET_SILVERADO_6000CC_VING_2019,Chevrolet,Silverado,2019,6000,1
LEMON_CHEVROLET_SILVERADO_6600CC_VINY_2019,Chevrolet,Silverado,2019,6600,1
LEMON_CHEVROLET_SILVERADO_6000CC_VINB_2019,Chevrolet,Silverado,2019,6000,1
LEMON_CHEVROLET_SILVERADO_6000CC_2019,Chevrolet,Silverado,2019,6000,1
LEMON_CHEVROLET_SILVERADO_4300CC_VINH_2020,Chevrolet,Silverado,2020,4300,1
LEMON_CHEVROLET_SILVERADO_6200CC_VINL_2020,Chevrolet,Silverado,2020,6200,1
LEMON_CHEVROLET_SILVERADO_2700CC_VINK_2020,Chevrolet,Silverado,2020,2700,1
LEMON_CHEVROLET_SILVERADO_3000CC_VINT_2020,Chevrolet,Silverado,2020,3000,1
LEMON_CHEVROLET_SILVERADO_4300CC_VINH_2021,Chevrolet,Silverado,2021,4300,1
LEMON_CHEVROLET_SILVERADO_6200CC_VINL_2021,Chevrolet,Silverado,2021,6200,1
LEMON_CHEVROLET_SILVERADO_2700CC_VINK_2021,Chevrolet,Silverado,2021,2700,1
LEMON_CHEVROLET_SILVERADO_3000CC_VINT_2021,Chevrolet,Silverado,2021,3000,1
LEMON_CHEVROLET_SILVERADO_2700CC_VINK_2022,Chevrolet,Silverado,2022,2700,1
LEMON_CHEVROLET_SILVERADO_2700CC_2022,Chevrolet,Silverado,2022,2700,1
LEMON_CHEVROLET_SILVERADO_5300CC_VIND_2022,Chevrolet,Silverado,2022,5300,1
LEMON_CHEVROLET_SILVERADO_3000CC_VINT_2022,Chevrolet,Silverado,2022,3000,1
LEMON_CHEVROLET_SILVERADO_6200CC_VINL_2022,Chevrolet,Silverado,2022,6200,1
LEMON_CHEVROLET_SILVERADO_6200CC_2022,Chevrolet,Silverado,2022,6200,1
LEMON_CHEVROLET_SILVERADO_5300CC_2022,Chevrolet,Silverado,2022,5300,1
LEMON_CHEVROLET_SILVERADO_5300CC_VINF_2022,Chevrolet,Silverado,2022,5300,1
LEMON_CHEVROLET_SILVERADO_2700CC_VINK_2023,Chevrolet,Silverado,2023,2700,1
LEMON_CHEVROLET_SILVERADO_2700CC_2023,Chevrolet,Silverado,2023,2700,1
LEMON_CHEVROLET_SILVERADO_5300CC_VIND_2023,Chevrolet,Silverado,2023,5300,1
LEMON_CHEVROLET_SILVERADO_3000CC_VIN8_2023,Chevrolet,Silverado,2023,3000,1
LEMON_CHEVROLET_SILVERADO_6200CC_VINL_2023,Chevrolet,Silverado,2023,6200,1
LEMON_CHEVROLET_SILVERADO_5300CC_2023,Chevrolet,Silverado,2023,5300,1
LEMON_CHEVROLET_SILVERADO_6200CC_2023,Chevrolet,Silverado,2023,6200,1
LEMON_CHEVROLET_SILVERADO_3000CC_VIN8_2024,Chevrolet,Silverado,2024,3000,1
LEMON_CHEVROLET_SILVERADO_5300CC_VIND_2024,Chevrolet,Silverado,2024,5300,1
LEMON_CHEVROLET_SILVERADO_2700CC_VINK_2024,Chevrolet,Silverado,2024,2700,1
LEMON_CHEVROLET_SILVERADO_2700CC_2024,Chevrolet,Silverado,2024,2700,1
LEMON_CHEVROLET_SILVERADO_6200CC_VINL_2024,Chevrolet,Silverado,2024,6200,1
LEMON_CHEVROLET_SILVERADO_5300CC_2024,Chevrolet,Silverado,2024,5300,1
LEMON_CHEVROLET_SILVERADO_2024,Chevrolet,Silverado,2024,,1
LEMON_CHEVROLET_SILVERADO_3000CC_VIN8_2025,Chevrolet,Silverado,2025,3000,1
LEMON_CHEVROLET_SILVERADO_2700CC_VINK_2025,Chevrolet,Silverado,2025,2700,1
LEMON_CHEVROLET_SILVERADO_2700CC_2025,Chevrolet,Silverado,2025,2700,1
LEMON_CHEVROLET_SILVERADO_5300CC_VIND_2025,Chevrolet,Silverado,2025,5300,1
LEMON_CHEVROLET_SILVERADO_6200CC_VINL_2025,Chevrolet,Silverado,2025,6200,1
LEMON_CHEVROLET_SILVERADO_5300CC_2025,Chevrolet,Silverado,2025,5300,1
LEMON_CHEVROLET_SILVERADO_6600CC_VIN7_2025,Chevrolet,Silverado,2025,6600,1
LEMON_CHEVROLET_SILVERADO_6600CC_VINY_2025,Chevrolet,Silverado,2025,6600,1
LEMON_CHEVROLET_SILVERADO_2025,Chevrolet,Silverado,2025,,1
LEMON_CHEVROLET_SONIC_1800CC_2012,Chevrolet,Sonic,2012,1800,1
LEMON_CHEVROLET_SONIC_1800CC_VINH_2012,Chevrolet,Sonic,2012,1800,1
LEMON_CHEVROLET_SONIC_1400CC_VINB_2012,Chevrolet,Sonic,2012,1400,1
LEMON_CHEVROLET_SONIC_1800CC_VING_2013,Chevrolet,Sonic,2013,1800,1
LEMON_CHEVROLET_SONIC_1800CC_VINH_2013,Chevrolet,Sonic,2013,1800,1
LEMON_CHEVROLET_SONIC_1400CC_VINB_2013,Chevrolet,Sonic,2013,1400,1
LEMON_CHEVROLET_SONIC_1400CC_2013,Chevrolet,Sonic,2013,1400,1
LEMON_CHEVROLET_SONIC_1800CC_VING_2014,Chevrolet,Sonic,2014,1800,1
LEMON_CHEVROLET_SONIC_1800CC_VINH_2014,Chevrolet,Sonic,2014,1800,1
LEMON_CHEVROLET_SONIC_1400CC_VINB_2014,Chevrolet,Sonic,2014,1400,1
LEMON_CHEVROLET_SONIC_1400CC_2014,Chevrolet,Sonic,2014,1400,1
LEMON_CHEVROLET_SONIC_1800CC_VING_2015,Chevrolet,Sonic,2015,1800,1
LEMON_CHEVROLET_SONIC_1800CC_VINH_2015,Chevrolet,Sonic,2015,1800,1
LEMON_CHEVROLET_SONIC_1400CC_VINB_2015,Chevrolet,Sonic,2015,1400,1
LEMON_CHEVROLET_SONIC_1400CC_2015,Chevrolet,Sonic,2015,1400,1
LEMON_CHEVROLET_SONIC_1800CC_VING_2016,Chevrolet,Sonic,2016,1800,1
LEMON_CHEVROLET_SONIC_1800CC_VINH_2016,Chevrolet,Sonic,2016,1800,1
LEMON_CHEVROLET_SONIC_1400CC_VINB_2016,Chevrolet,Sonic,2016,1400,1
LEMON_CHEVROLET_SONIC_1400CC_2016,Chevrolet,Sonic,2016,1400,1
LEMON_CHEVROLET_SONIC_1800CC_VING_2017,Chevrolet,Sonic,2017,1800,1
LEMON_CHEVROLET_SONIC_1800CC_VINH_2017,Chevrolet,Sonic,2017,1800,1
LEMON_CHEVROLET_SONIC_1400CC_VINB_2017,Chevrolet,Sonic,2017,1400,1
LEMON_CHEVROLET_SONIC_1400CC_2017,Chevrolet,Sonic,2017,1400,1
LEMON_CHEVROLET_SONIC_1800CC_VING_2018,Chevrolet,Sonic,2018,1800,1
LEMON_CHEVROLET_SONIC_1800CC_VINH_2018,Chevrolet,Sonic,2018,1800,1
LEMON_CHEVROLET_SONIC_1400CC_VINB_2018,Chevrolet,Sonic,2018,1400,1
LEMON_CHEVROLET_SONIC_1400CC_2018,Chevrolet,Sonic,2018,1400,1
LEMON_CHEVROLET_SONIC_2019,Chevrolet,Sonic,2019,,1
LEMON_CHEVROLET_SONIC_2020,Chevrolet,Sonic,2020,,1
LEMON_CHEVROLET_SPARK_2013,Chevrolet,Spark,2013,,1
LEMON_CHEVROLET_SPARK_2014,Chevrolet,Spark,2014,,1
LEMON_CHEVROLET_SPARK_2016,Chevrolet,Spark,2016,,1
LEMON_CHEVROLET_SPARK_2017,Chevrolet,Spark,2017,,1
LEMON_CHEVROLET_SPARK_2018,Chevrolet,Spark,2018,,1
LEMON_CHEVROLET_SPARK_2019,Chevrolet,Spark,2019,,1
LEMON_CHEVROLET_SPARK_2020,Chevrolet,Spark,2020,,1
LEMON_CHEVROLET_SPARK_2021,Chevrolet,Spark,2021,,1
LEMON_CHEVROLET_SPARK_2022,Chevrolet,Spark,2022,,1
LEMON_CHEVROLET_SUBURBAN_5300CC_2000,Chevrolet,Suburban,2000,5300,1
LEMON_CHEVROLET_SUBURBAN_6000CC_2000,Chevrolet,Suburban,2000,6000,1
LEMON_CHEVROLET_SUBURBAN_6000CC_2001,Chevrolet,Suburban,2001,6000,1
LEMON_CHEVROLET_SUBURBAN_8100CC_2001,Chevrolet,Suburban,2001,8100,1
LEMON_CHEVROLET_SUBURBAN_5300CC_2001,Chevrolet,Suburban,2001,5300,1
LEMON_CHEVROLET_SUBURBAN_5300CC_2002,Chevrolet,Suburban,2002,5300,1
LEMON_CHEVROLET_SUBURBAN_6000CC_2002,Chevrolet,Suburban,2002,6000,1
LEMON_CHEVROLET_SUBURBAN_8100CC_2002,Chevrolet,Suburban,2002,8100,1
LEMON_CHEVROLET_SUBURBAN_5300CC_2003,Chevrolet,Suburban,2003,5300,1
LEMON_CHEVROLET_SUBURBAN_6000CC_2003,Chevrolet,Suburban,2003,6000,1
LEMON_CHEVROLET_SUBURBAN_8100CC_2003,Chevrolet,Suburban,2003,8100,1
LEMON_CHEVROLET_SUBURBAN_5300CC_2004,Chevrolet,Suburban,2004,5300,1
LEMON_CHEVROLET_SUBURBAN_6000CC_2004,Chevrolet,Suburban,2004,6000,1
LEMON_CHEVROLET_SUBURBAN_8100CC_2004,Chevrolet,Suburban,2004,8100,1
LEMON_CHEVROLET_SUBURBAN_5300CC_2005,Chevrolet,Suburban,2005,5300,1
LEMON_CHEVROLET_SUBURBAN_8100CC_2005,Chevrolet,Suburban,2005,8100,1
LEMON_CHEVROLET_SUBURBAN_6000CC_2005,Chevrolet,Suburban,2005,6000,1
LEMON_CHEVROLET_SUBURBAN_5300CC_2006,Chevrolet,Suburban,2006,5300,1
LEMON_CHEVROLET_SUBURBAN_6000CC_2006,Chevrolet,Suburban,2006,6000,1
LEMON_CHEVROLET_SUBURBAN_8100CC_2006,Chevrolet,Suburban,2006,8100,1
LEMON_CHEVROLET_SUBURBAN_5300CC_2007,Chevrolet,Suburban,2007,5300,1
LEMON_CHEVROLET_SUBURBAN_6000CC_2007,Chevrolet,Suburban,2007,6000,1
LEMON_CHEVROLET_SUBURBAN_5300CC_2008,Chevrolet,Suburban,2008,5300,1
LEMON_CHEVROLET_SUBURBAN_6000CC_2008,Chevrolet,Suburban,2008,6000,1
LEMON_CHEVROLET_SUBURBAN_5300CC_2009,Chevrolet,Suburban,2009,5300,1
LEMON_CHEVROLET_SUBURBAN_6000CC_2009,Chevrolet,Suburban,2009,6000,1
LEMON_CHEVROLET_SUBURBAN_6000CC_2010,Chevrolet,Suburban,2010,6000,1
LEMON_CHEVROLET_SUBURBAN_5300CC_2010,Chevrolet,Suburban,2010,5300,1
LEMON_CHEVROLET_SUBURBAN_5300CC_2011,Chevrolet,Suburban,2011,5300,1
LEMON_CHEVROLET_SUBURBAN_6000CC_2011,Chevrolet,Suburban,2011,6000,1
LEMON_CHEVROLET_SUBURBAN_5300CC_2012,Chevrolet,Suburban,2012,5300,1
LEMON_CHEVROLET_SUBURBAN_6000CC_2012,Chevrolet,Suburban,2012,6000,1
LEMON_CHEVROLET_SUBURBAN_5300CC_2013,Chevrolet,Suburban,2013,5300,1
LEMON_CHEVROLET_SUBURBAN_6000CC_2013,Chevrolet,Suburban,2013,6000,1
LEMON_CHEVROLET_SUBURBAN_5300CC_VIN0_2014,Chevrolet,Suburban,2014,5300,1
LEMON_CHEVROLET_SUBURBAN_5300CC_VIN7_2014,Chevrolet,Suburban,2014,5300,1
LEMON_CHEVROLET_SUBURBAN_2016,Chevrolet,Suburban,2016,,1
LEMON_CHEVROLET_SUBURBAN_2017,Chevrolet,Suburban,2017,,1
LEMON_CHEVROLET_SUBURBAN_2018,Chevrolet,Suburban,2018,,1
LEMON_CHEVROLET_SUBURBAN_2019,Chevrolet,Suburban,2019,,1
LEMON_CHEVROLET_SUBURBAN_5300CC_VINC_2019,Chevrolet,Suburban,2019,5300,1
LEMON_CHEVROLET_SUBURBAN_6200CC_VINJ_2019,Chevrolet,Suburban,2019,6200,1
LEMON_CHEVROLET_SUBURBAN_2020,Chevrolet,Suburban,2020,,1
LEMON_CHEVROLET_SUBURBAN_5300CC_VINC_2020,Chevrolet,Suburban,2020,5300,1
LEMON_CHEVROLET_SUBURBAN_6200CC_VINJ_2020,Chevrolet,Suburban,2020,6200,1
LEMON_CHEVROLET_SUBURBAN_3000CC_VINT_2021,Chevrolet,Suburban,2021,3000,1
LEMON_CHEVROLET_SUBURBAN_5300CC_2021,Chevrolet,Suburban,2021,5300,1
LEMON_CHEVROLET_SUBURBAN_6200CC_VINL_2021,Chevrolet,Suburban,2021,6200,1
LEMON_CHEVROLET_SUBURBAN_5300CC_VIND_2021,Chevrolet,Suburban,2021,5300,1
LEMON_CHEVROLET_SUBURBAN_3000CC_VINT_2022,Chevrolet,Suburban,2022,3000,1
LEMON_CHEVROLET_SUBURBAN_5300CC_2022,Chevrolet,Suburban,2022,5300,1
LEMON_CHEVROLET_SUBURBAN_6200CC_VINL_2022,Chevrolet,Suburban,2022,6200,1
LEMON_CHEVROLET_SUBURBAN_5300CC_VIND_2022,Chevrolet,Suburban,2022,5300,1
LEMON_CHEVROLET_SUBURBAN_5300CC_2023,Chevrolet,Suburban,2023,5300,1
LEMON_CHEVROLET_SUBURBAN_3000CC_VINT_2023,Chevrolet,Suburban,2023,3000,1
LEMON_CHEVROLET_SUBURBAN_6200CC_VINL_2023,Chevrolet,Suburban,2023,6200,1
LEMON_CHEVROLET_SUBURBAN_5300CC_VIND_2023,Chevrolet,Suburban,2023,5300,1
LEMON_CHEVROLET_SUBURBAN_5300CC_2024,Chevrolet,Suburban,2024,5300,1
LEMON_CHEVROLET_SUBURBAN_3000CC_VINT_2024,Chevrolet,Suburban,2024,3000,1
LEMON_CHEVROLET_SUBURBAN_6200CC_VINL_2024,Chevrolet,Suburban,2024,6200,1
LEMON_CHEVROLET_SUBURBAN_5300CC_VIND_2024,Chevrolet,Suburban,2024,5300,1
LEMON_CHEVROLET_SUBURBAN_3000CC_VIN8_2025,Chevrolet,Suburban,2025,3000,1
LEMON_CHEVROLET_SUBURBAN_5300CC_2025,Chevrolet,Suburban,2025,5300,1
LEMON_CHEVROLET_SUBURBAN_6200CC_VINL_2025,Chevrolet,Suburban,2025,6200,1
LEMON_CHEVROLET_SUBURBAN_5300CC_VIND_2025,Chevrolet,Suburban,2025,5300,1
LEMON_CHEVROLET_TAHOE_4800CC_2000,Chevrolet,Tahoe,2000,4800,1
LEMON_CHEVROLET_TAHOE_5300CC_2000,Chevrolet,Tahoe,2000,5300,1
LEMON_CHEVROLET_TAHOE_5700CC_2000,Chevrolet,Tahoe,2000,5700,1
LEMON_CHEVROLET_TAHOE_4800CC_2001,Chevrolet,Tahoe,2001,4800,1
LEMON_CHEVROLET_TAHOE_5300CC_2001,Chevrolet,Tahoe,2001,5300,1
LEMON_CHEVROLET_TAHOE_4800CC_2002,Chevrolet,Tahoe,2002,4800,1
LEMON_CHEVROLET_TAHOE_5300CC_2002,Chevrolet,Tahoe,2002,5300,1
LEMON_CHEVROLET_TAHOE_4800CC_2003,Chevrolet,Tahoe,2003,4800,1
LEMON_CHEVROLET_TAHOE_5300CC_2003,Chevrolet,Tahoe,2003,5300,1
LEMON_CHEVROLET_TAHOE_4800CC_2004,Chevrolet,Tahoe,2004,4800,1
LEMON_CHEVROLET_TAHOE_5300CC_2004,Chevrolet,Tahoe,2004,5300,1
LEMON_CHEVROLET_TAHOE_2005,Chevrolet,Tahoe,2005,,1
LEMON_CHEVROLET_TAHOE_2006,Chevrolet,Tahoe,2006,,1
LEMON_CHEVROLET_TAHOE_4800CC_2007,Chevrolet,Tahoe,2007,4800,1
LEMON_CHEVROLET_TAHOE_5300CC_2007,Chevrolet,Tahoe,2007,5300,1
LEMON_CHEVROLET_TAHOE_4800CC_2008,Chevrolet,Tahoe,2008,4800,1
LEMON_CHEVROLET_TAHOE_5300CC_2008,Chevrolet,Tahoe,2008,5300,1
LEMON_CHEVROLET_TAHOE_6000CC_2008,Chevrolet,Tahoe,2008,6000,1
LEMON_CHEVROLET_TAHOE_6200CC_2008,Chevrolet,Tahoe,2008,6200,1
LEMON_CHEVROLET_TAHOE_4800CC_2009,Chevrolet,Tahoe,2009,4800,1
LEMON_CHEVROLET_TAHOE_5300CC_2009,Chevrolet,Tahoe,2009,5300,1
LEMON_CHEVROLET_TAHOE_6200CC_2009,Chevrolet,Tahoe,2009,6200,1
LEMON_CHEVROLET_TAHOE_6000CC_2009,Chevrolet,Tahoe,2009,6000,1
LEMON_CHEVROLET_TAHOE_5300CC_2010,Chevrolet,Tahoe,2010,5300,1
LEMON_CHEVROLET_TAHOE_6000CC_2010,Chevrolet,Tahoe,2010,6000,1
LEMON_CHEVROLET_TAHOE_5300CC_2011,Chevrolet,Tahoe,2011,5300,1
LEMON_CHEVROLET_TAHOE_6000CC_2011,Chevrolet,Tahoe,2011,6000,1
LEMON_CHEVROLET_TAHOE_5300CC_2012,Chevrolet,Tahoe,2012,5300,1
LEMON_CHEVROLET_TAHOE_6000CC_2012,Chevrolet,Tahoe,2012,6000,1
LEMON_CHEVROLET_TAHOE_6000CC_2013,Chevrolet,Tahoe,2013,6000,1
LEMON_CHEVROLET_TAHOE_5300CC_2013,Chevrolet,Tahoe,2013,5300,1
LEMON_CHEVROLET_TAHOE_2014,Chevrolet,Tahoe,2014,,1
LEMON_CHEVROLET_TAHOE_2016,Chevrolet,Tahoe,2016,,1
LEMON_CHEVROLET_TAHOE_2017,Chevrolet,Tahoe,2017,,1
LEMON_CHEVROLET_TAHOE_2018,Chevrolet,Tahoe,2018,,1
LEMON_CHEVROLET_TAHOE_5300CC_VINC_2018,Chevrolet,Tahoe,2018,5300,1
LEMON_CHEVROLET_TAHOE_6200CC_VINJ_2018,Chevrolet,Tahoe,2018,6200,1
LEMON_CHEVROLET_TAHOE_2019,Chevrolet,Tahoe,2019,,1
LEMON_CHEVROLET_TAHOE_5300CC_VINC_2019,Chevrolet,Tahoe,2019,5300,1
LEMON_CHEVROLET_TAHOE_6200CC_VINJ_2019,Chevrolet,Tahoe,2019,6200,1
LEMON_CHEVROLET_TAHOE_2020,Chevrolet,Tahoe,2020,,1
LEMON_CHEVROLET_TAHOE_5300CC_VINC_2020,Chevrolet,Tahoe,2020,5300,1
LEMON_CHEVROLET_TAHOE_6200CC_VINJ_2020,Chevrolet,Tahoe,2020,6200,1
LEMON_CHEVROLET_TAHOE_5300CC_2021,Chevrolet,Tahoe,2021,5300,1
LEMON_CHEVROLET_TAHOE_3000CC_VINT_2021,Chevrolet,Tahoe,2021,3000,1
LEMON_CHEVROLET_TAHOE_6200CC_VINL_2021,Chevrolet,Tahoe,2021,6200,1
LEMON_CHEVROLET_TAHOE_5300CC_VIND_2021,Chevrolet,Tahoe,2021,5300,1
LEMON_CHEVROLET_TAHOE_5300CC_2022,Chevrolet,Tahoe,2022,5300,1
LEMON_CHEVROLET_TAHOE_3000CC_VINT_2022,Chevrolet,Tahoe,2022,3000,1
LEMON_CHEVROLET_TAHOE_6200CC_VINL_2022,Chevrolet,Tahoe,2022,6200,1
LEMON_CHEVROLET_TAHOE_5300CC_VIND_2022,Chevrolet,Tahoe,2022,5300,1
LEMON_CHEVROLET_TAHOE_5300CC_2023,Chevrolet,Tahoe,2023,5300,1
LEMON_CHEVROLET_TAHOE_3000CC_VINT_2023,Chevrolet,Tahoe,2023,3000,1
LEMON_CHEVROLET_TAHOE_6200CC_VINL_2023,Chevrolet,Tahoe,2023,6200,1
LEMON_CHEVROLET_TAHOE_5300CC_VIND_2023,Chevrolet,Tahoe,2023,5300,1
LEMON_CHEVROLET_TAHOE_5300CC_2024,Chevrolet,Tahoe,2024,5300,1
LEMON_CHEVROLET_TAHOE_6200CC_VINL_2024,Chevrolet,Tahoe,2024,6200,1
LEMON_CHEVROLET_TAHOE_3000CC_VINT_2024,Chevrolet,Tahoe,2024,3000,1
LEMON_CHEVROLET_TAHOE_5300CC_VIND_2024,Chevrolet,Tahoe,2024,5300,1
LEMON_CHEVROLET_TAHOE_5300CC_2025,Chevrolet,Tahoe,2025,5300,1
LEMON_CHEVROLET_TAHOE_3000CC_VIN8_2025,Chevrolet,Tahoe,2025,3000,1
LEMON_CHEVROLET_TAHOE_6200CC_VINL_2025,Chevrolet,Tahoe,2025,6200,1
LEMON_CHEVROLET_TAHOE_5300CC_VIND_2025,Chevrolet,Tahoe,2025,5300,1
LEMON_CHEVROLET_TRACKER_1600CC_2000,Chevrolet,Tracker,2000,1600,1
LEMON_CHEVROLET_TRACKER_2000CC_2000,Chevrolet,Tracker,2000,2000,1
LEMON_CHEVROLET_TRACKER_2000CC_2001,Chevrolet,Tracker,2001,2000,1
LEMON_CHEVROLET_TRACKER_2500CC_2001,Chevrolet,Tracker,2001,2500,1
LEMON_CHEVROLET_TRACKER_2000CC_2002,Chevrolet,Tracker,2002,2000,1
LEMON_CHEVROLET_TRACKER_2500CC_2002,Chevrolet,Tracker,2002,2500,1
LEMON_CHEVROLET_TRACKER_2000CC_2003,Chevrolet,Tracker,2003,2000,1
LEMON_CHEVROLET_TRACKER_2500CC_2003,Chevrolet,Tracker,2003,2500,1
LEMON_CHEVROLET_TRACKER_2004,Chevrolet,Tracker,2004,,1
LEMON_CHEVROLET_TRAILBLAZER_2002,Chevrolet,TrailBlazer,2002,,1
LEMON_CHEVROLET_TRAILBLAZER_4200CC_2003,Chevrolet,TrailBlazer,2003,4200,1
LEMON_CHEVROLET_TRAILBLAZER_5300CC_2003,Chevrolet,TrailBlazer,2003,5300,1
LEMON_CHEVROLET_TRAILBLAZER_4200CC_2004,Chevrolet,TrailBlazer,2004,4200,1
LEMON_CHEVROLET_TRAILBLAZER_5300CC_2004,Chevrolet,TrailBlazer,2004,5300,1
LEMON_CHEVROLET_TRAILBLAZER_4200CC_2005,Chevrolet,TrailBlazer,2005,4200,1
LEMON_CHEVROLET_TRAILBLAZER_5300CC_2005,Chevrolet,TrailBlazer,2005,5300,1
LEMON_CHEVROLET_TRAILBLAZER_5300CC_2006,Chevrolet,TrailBlazer,2006,5300,1
LEMON_CHEVROLET_TRAILBLAZER_4200CC_2006,Chevrolet,TrailBlazer,2006,4200,1
LEMON_CHEVROLET_TRAILBLAZER_6000CC_2006,Chevrolet,TrailBlazer,2006,6000,1
LEMON_CHEVROLET_TRAILBLAZER_4200CC_2007,Chevrolet,TrailBlazer,2007,4200,1
LEMON_CHEVROLET_TRAILBLAZER_5300CC_2007,Chevrolet,TrailBlazer,2007,5300,1
LEMON_CHEVROLET_TRAILBLAZER_6000CC_2007,Chevrolet,TrailBlazer,2007,6000,1
LEMON_CHEVROLET_TRAILBLAZER_4200CC_2008,Chevrolet,TrailBlazer,2008,4200,1
LEMON_CHEVROLET_TRAILBLAZER_5300CC_2008,Chevrolet,TrailBlazer,2008,5300,1
LEMON_CHEVROLET_TRAILBLAZER_6000CC_2008,Chevrolet,TrailBlazer,2008,6000,1
LEMON_CHEVROLET_TRAILBLAZER_4200CC_2009,Chevrolet,TrailBlazer,2009,4200,1
LEMON_CHEVROLET_TRAILBLAZER_6000CC_2009,Chevrolet,TrailBlazer,2009,6000,1
LEMON_CHEVROLET_TRAILBLAZER_1300CC_2021,Chevrolet,Trailblazer,2021,1300,1
LEMON_CHEVROLET_TRAILBLAZER_1200CC_2021,Chevrolet,Trailblazer,2021,1200,1
LEMON_CHEVROLET_TRAILBLAZER_1200CC_VIN2_2021,Chevrolet,Trailblazer,2021,1200,1
LEMON_CHEVROLET_TRAILBLAZER_1300CC_VINL_2021,Chevrolet,Trailblazer,2021,1300,1
LEMON_CHEVROLET_TRAILBLAZER_1300CC_2022,Chevrolet,Trailblazer,2022,1300,1
LEMON_CHEVROLET_TRAILBLAZER_1200CC_VIN2_2022,Chevrolet,Trailblazer,2022,1200,1
LEMON_CHEVROLET_TRAILBLAZER_1200CC_2022,Chevrolet,Trailblazer,2022,1200,1
LEMON_CHEVROLET_TRAILBLAZER_1300CC_VINL_2022,Chevrolet,Trailblazer,2022,1300,1
LEMON_CHEVROLET_TRAILBLAZER_1300CC_2023,Chevrolet,Trailblazer,2023,1300,1
LEMON_CHEVROLET_TRAILBLAZER_1200CC_VIN2_2023,Chevrolet,Trailblazer,2023,1200,1
LEMON_CHEVROLET_TRAILBLAZER_1300CC_VINL_2023,Chevrolet,Trailblazer,2023,1300,1
LEMON_CHEVROLET_TRAILBLAZER_1300CC_2024,Chevrolet,Trailblazer,2024,1300,1
LEMON_CHEVROLET_TRAILBLAZER_1200CC_VIN2_2024,Chevrolet,Trailblazer,2024,1200,1
LEMON_CHEVROLET_TRAILBLAZER_1300CC_VINL_2024,Chevrolet,Trailblazer,2024,1300,1
LEMON_CHEVROLET_TRAILBLAZER_1300CC_2025,Chevrolet,Trailblazer,2025,1300,1
LEMON_CHEVROLET_TRAILBLAZER_1200CC_VINP_2025,Chevrolet,Trailblazer,2025,1200,1
LEMON_CHEVROLET_TRAILBLAZER_1300CC_VINL_2025,Chevrolet,Trailblazer,2025,1300,1
LEMON_CHEVROLET_TRAVERSE_2009,Chevrolet,Traverse,2009,,1
LEMON_CHEVROLET_TRAVERSE_2010,Chevrolet,Traverse,2010,,1
LEMON_CHEVROLET_TRAVERSE_2011,Chevrolet,Traverse,2011,,1
LEMON_CHEVROLET_TRAVERSE_2013,Chevrolet,Traverse,2013,,1
LEMON_CHEVROLET_TRAVERSE_2014,Chevrolet,Traverse,2014,,1
LEMON_CHEVROLET_TRAVERSE_2016,Chevrolet,Traverse,2016,,1
LEMON_CHEVROLET_TRAVERSE_2017,Chevrolet,Traverse,2017,,1
LEMON_CHEVROLET_TRAVERSE_3600CC_2018,Chevrolet,Traverse,2018,3600,1
LEMON_CHEVROLET_TRAVERSE_2000CC_2018,Chevrolet,Traverse,2018,2000,1
LEMON_CHEVROLET_TRAVERSE_3600CC_2019,Chevrolet,Traverse,2019,3600,1
LEMON_CHEVROLET_TRAVERSE_3600CC_VINW_2019,Chevrolet,Traverse,2019,3600,1
LEMON_CHEVROLET_TRAVERSE_2000CC_VINX_2019,Chevrolet,Traverse,2019,2000,1
LEMON_CHEVROLET_TRAVERSE_2020,Chevrolet,Traverse,2020,,1
LEMON_CHEVROLET_TRAVERSE_2021,Chevrolet,Traverse,2021,,1
LEMON_CHEVROLET_TRAVERSE_2022,Chevrolet,Traverse,2022,,1
LEMON_CHEVROLET_TRAVERSE_2023,Chevrolet,Traverse,2023,,1
LEMON_CHEVROLET_TRAVERSE_2024,Chevrolet,Traverse,2024,,1
LEMON_CHEVROLET_TRAVERSE_2025,Chevrolet,Traverse,2025,,1
LEMON_CHEVROLET_TRAX_2016,Chevrolet,Trax,2016,,1
LEMON_CHEVROLET_TRAX_2017,Chevrolet,Trax,2017,,1
LEMON_CHEVROLET_TRAX_2018,Chevrolet,Trax,2018,,1
LEMON_CHEVROLET_TRAX_2019,Chevrolet,Trax,2019,,1
LEMON_CHEVROLET_TRAX_2020,Chevrolet,Trax,2020,,1
LEMON_CHEVROLET_TRAX_1400CC_VINB_2021,Chevrolet,Trax,2021,1400,1
LEMON_CHEVROLET_TRAX_1400CC_VINM_2021,Chevrolet,Trax,2021,1400,1
LEMON_CHEVROLET_TRAX_2022,Chevrolet,Trax,2022,,1
LEMON_CHEVROLET_TRAX_2024,Chevrolet,Trax,2024,,1
LEMON_CHEVROLET_TRAX_2025,Chevrolet,Trax,2025,,1
LEMON_CHEVROLET_UPLANDER_2005,Chevrolet,Uplander,2005,,1
LEMON_CHEVROLET_UPLANDER_3500CC_2006,Chevrolet,Uplander,2006,3500,1
LEMON_CHEVROLET_UPLANDER_3900CC_2006,Chevrolet,Uplander,2006,3900,1
LEMON_CHEVROLET_UPLANDER_2007,Chevrolet,Uplander,2007,,1
LEMON_CHEVROLET_UPLANDER_2008,Chevrolet,Uplander,2008,,1
LEMON_CHEVROLET_UPLANDER_2009,Chevrolet,Uplander,2009,,1
LEMON_CHEVROLET_VENTURE_2000,Chevrolet,Venture,2000,,1
LEMON_CHEVROLET_VENTURE_2001,Chevrolet,Venture,2001,,1
LEMON_CHEVROLET_VENTURE_2002,Chevrolet,Venture,2002,,1
LEMON_CHEVROLET_VENTURE_2003,Chevrolet,Venture,2003,,1
LEMON_CHEVROLET_VENTURE_2004,Chevrolet,Venture,2004,,1
LEMON_CHEVROLET_VENTURE_2005,Chevrolet,Venture,2005,,1
LEMON_CHEVROLET_VOLT_2011,Chevrolet,Volt,2011,,1
LEMON_CHEVROLET_VOLT_2012,Chevrolet,Volt,2012,,1
LEMON_CHEVROLET_VOLT_2013,Chevrolet,Volt,2013,,1
LEMON_CHEVROLET_VOLT_2014,Chevrolet,Volt,2014,,1
LEMON_CHEVROLET_VOLT_2015_VOLT,Chevrolet,Volt,2015,,1
LEMON_CHEVROLET_VOLT_2016,Chevrolet,Volt,2016,,1
LEMON_CHEVROLET_VOLT_2017,Chevrolet,Volt,2017,,1
LEMON_CHEVROLET_VOLT_2018,Chevrolet,Volt,2018,,1
LEMON_CHEVROLET_VOLT_2019,Chevrolet,Volt,2019,,1
LEMON_CHRYSLER_200_2400CC_2011,Chrysler,200,2011,2400,1
LEMON_CHRYSLER_200_3600CC_2011,Chrysler,200,2011,3600,1
LEMON_CHRYSLER_200_3600CC_2012,Chrysler,200,2012,3600,1
LEMON_CHRYSLER_200_3600CC_VING_2012,Chrysler,200,2012,3600,1
LEMON_CHRYSLER_200_3600CC_2013,Chrysler,200,2013,3600,1
LEMON_CHRYSLER_200_3600CC_VING_2013,Chrysler,200,2013,3600,1
LEMON_CHRYSLER_200_3600CC_2014,Chrysler,200,2014,3600,1
LEMON_CHRYSLER_200_3600CC_VING_2014,Chrysler,200,2014,3600,1
LEMON_CHRYSLER_200_2400CC_VINB_2014,Chrysler,200,2014,2400,1
LEMON_CHRYSLER_200_3600CC_VING_2015,Chrysler,200,2015,3600,1
LEMON_CHRYSLER_200_3600CC_VING_2016,Chrysler,200,2016,3600,1
LEMON_CHRYSLER_200_3600CC_VING_2017,Chrysler,200,2017,3600,1
LEMON_CHRYSLER_300_3500CC_2005,Chrysler,300,2005,3500,1
LEMON_CHRYSLER_300_5700CC_2005,Chrysler,300,2005,5700,1
LEMON_CHRYSLER_300_6100CC_2005,Chrysler,300,2005,6100,1
LEMON_CHRYSLER_300_2700CC_2005,Chrysler,300,2005,2700,1
LEMON_CHRYSLER_300_3500CC_2006,Chrysler,300,2006,3500,1
LEMON_CHRYSLER_300_5700CC_2006,Chrysler,300,2006,5700,1
LEMON_CHRYSLER_300_2700CC_2006,Chrysler,300,2006,2700,1
LEMON_CHRYSLER_300_6100CC_2006,Chrysler,300,2006,6100,1
LEMON_CHRYSLER_300_3500CC_2007,Chrysler,300,2007,3500,1
LEMON_CHRYSLER_300_5700CC_2007,Chrysler,300,2007,5700,1
LEMON_CHRYSLER_300_6100CC_2007,Chrysler,300,2007,6100,1
LEMON_CHRYSLER_300_2700CC_2007,Chrysler,300,2007,2700,1
LEMON_CHRYSLER_300_3500CC_2008,Chrysler,300,2008,3500,1
LEMON_CHRYSLER_300_6100CC_2008,Chrysler,300,2008,6100,1
LEMON_CHRYSLER_300_2700CC_2008,Chrysler,300,2008,2700,1
LEMON_CHRYSLER_300_5700CC_2008,Chrysler,300,2008,5700,1
LEMON_CHRYSLER_300_3500CC_2009,Chrysler,300,2009,3500,1
LEMON_CHRYSLER_300_5700CC_2009,Chrysler,300,2009,5700,1
LEMON_CHRYSLER_300_2700CC_2009,Chrysler,300,2009,2700,1
LEMON_CHRYSLER_300_6100CC_2009,Chrysler,300,2009,6100,1
LEMON_CHRYSLER_300_5700CC_2010,Chrysler,300,2010,5700,1
LEMON_CHRYSLER_300_2700CC_2010,Chrysler,300,2010,2700,1
LEMON_CHRYSLER_300_3500CC_2010,Chrysler,300,2010,3500,1
LEMON_CHRYSLER_300_6100CC_2010,Chrysler,300,2010,6100,1
LEMON_CHRYSLER_300_3600CC_2011,Chrysler,300,2011,3600,1
LEMON_CHRYSLER_300_5700CC_2011,Chrysler,300,2011,5700,1
LEMON_CHRYSLER_300_3600CC_2012,Chrysler,300,2012,3600,1
LEMON_CHRYSLER_300_5700CC_2012,Chrysler,300,2012,5700,1
LEMON_CHRYSLER_300_3600CC_VING_2012,Chrysler,300,2012,3600,1
LEMON_CHRYSLER_300_5700CC_VINT_2012,Chrysler,300,2012,5700,1
LEMON_CHRYSLER_300_6400CC_2012,Chrysler,300,2012,6400,1
LEMON_CHRYSLER_300_3600CC_2013,Chrysler,300,2013,3600,1
LEMON_CHRYSLER_300_3600CC_VING_2013,Chrysler,300,2013,3600,1
LEMON_CHRYSLER_300_5700CC_VINT_2013,Chrysler,300,2013,5700,1
LEMON_CHRYSLER_300_6400CC_2013,Chrysler,300,2013,6400,1
LEMON_CHRYSLER_300_3600CC_2014,Chrysler,300,2014,3600,1
LEMON_CHRYSLER_300_3600CC_VING_2014,Chrysler,300,2014,3600,1
LEMON_CHRYSLER_300_5700CC_VINT_2014,Chrysler,300,2014,5700,1
LEMON_CHRYSLER_300_6400CC_2014,Chrysler,300,2014,6400,1
LEMON_CHRYSLER_300_3600CC_VING_2015,Chrysler,300,2015,3600,1
LEMON_CHRYSLER_300_5700CC_VINT_2015,Chrysler,300,2015,5700,1
LEMON_CHRYSLER_300_3600CC_2015,Chrysler,300,2015,3600,1
LEMON_CHRYSLER_300_3600CC_VING_2016,Chrysler,300,2016,3600,1
LEMON_CHRYSLER_300_5700CC_VINT_2016,Chrysler,300,2016,5700,1
LEMON_CHRYSLER_300_3600CC_2016,Chrysler,300,2016,3600,1
LEMON_CHRYSLER_300_3600CC_VING_2017,Chrysler,300,2017,3600,1
LEMON_CHRYSLER_300_5700CC_VINT_2017,Chrysler,300,2017,5700,1
LEMON_CHRYSLER_300_3600CC_2017,Chrysler,300,2017,3600,1
LEMON_CHRYSLER_300_3600CC_2018,Chrysler,300,2018,3600,1
LEMON_CHRYSLER_300_3600CC_VING_2018,Chrysler,300,2018,3600,1
LEMON_CHRYSLER_300_5700CC_2018,Chrysler,300,2018,5700,1
LEMON_CHRYSLER_300_5700CC_VINT_2018,Chrysler,300,2018,5700,1
LEMON_CHRYSLER_300_5700CC_2019,Chrysler,300,2019,5700,1
LEMON_CHRYSLER_300_3600CC_VING_2019,Chrysler,300,2019,3600,1
LEMON_CHRYSLER_300_3600CC_2019,Chrysler,300,2019,3600,1
LEMON_CHRYSLER_300_5700CC_VINT_2019,Chrysler,300,2019,5700,1
LEMON_CHRYSLER_300_3600CC_2020,Chrysler,300,2020,3600,1
LEMON_CHRYSLER_300_5700CC_2020,Chrysler,300,2020,5700,1
LEMON_CHRYSLER_300_3600CC_VING_2020,Chrysler,300,2020,3600,1
LEMON_CHRYSLER_300_5700CC_VINT_2020,Chrysler,300,2020,5700,1
LEMON_CHRYSLER_300_3600CC_2021,Chrysler,300,2021,3600,1
LEMON_CHRYSLER_300_3600CC_VING_2021,Chrysler,300,2021,3600,1
LEMON_CHRYSLER_300_5700CC_VINT_2021,Chrysler,300,2021,5700,1
LEMON_CHRYSLER_300_3600CC_2022,Chrysler,300,2022,3600,1
LEMON_CHRYSLER_300_5700CC_VINT_2022,Chrysler,300,2022,5700,1
LEMON_CHRYSLER_300_3600CC_VING_2022,Chrysler,300,2022,3600,1
LEMON_CHRYSLER_300_3600CC_VING_2023,Chrysler,300,2023,3600,1
LEMON_CHRYSLER_300_3600CC_2023,Chrysler,300,2023,3600,1
LEMON_CHRYSLER_300_6400CC_2023,Chrysler,300,2023,6400,1
LEMON_CHRYSLER_300_5700CC_VINT_2023,Chrysler,300,2023,5700,1
LEMON_CHRYSLER_300M_2000,Chrysler,300M,2000,,1
LEMON_CHRYSLER_300M_2001,Chrysler,300M,2001,,1
LEMON_CHRYSLER_300M_2002,Chrysler,300M,2002,,1
LEMON_CHRYSLER_300M_2003,Chrysler,300M,2003,,1
LEMON_CHRYSLER_300M_2004,Chrysler,300M,2004,,1
LEMON_CHRYSLER_ASPEN_4700CC_2007,Chrysler,Aspen,2007,4700,1
LEMON_CHRYSLER_ASPEN_5700CC_2007,Chrysler,Aspen,2007,5700,1
LEMON_CHRYSLER_ASPEN_4700CC_2008,Chrysler,Aspen,2008,4700,1
LEMON_CHRYSLER_ASPEN_5700CC_2008,Chrysler,Aspen,2008,5700,1
LEMON_CHRYSLER_ASPEN_4700CC_2009,Chrysler,Aspen,2009,4700,1
LEMON_CHRYSLER_ASPEN_5700CC_2009,Chrysler,Aspen,2009,5700,1
LEMON_CHRYSLER_CIRRUS_2000,Chrysler,Cirrus,2000,,1
LEMON_CHRYSLER_CONCORDE_2000,Chrysler,Concorde,2000,,1
LEMON_CHRYSLER_CONCORDE_2001,Chrysler,Concorde,2001,,1
LEMON_CHRYSLER_CONCORDE_3500CC_2002,Chrysler,Concorde,2002,3500,1
LEMON_CHRYSLER_CONCORDE_2700CC_2002,Chrysler,Concorde,2002,2700,1
LEMON_CHRYSLER_CONCORDE_3500CC_2003,Chrysler,Concorde,2003,3500,1
LEMON_CHRYSLER_CONCORDE_2700CC_2003,Chrysler,Concorde,2003,2700,1
LEMON_CHRYSLER_CONCORDE_3500CC_2004,Chrysler,Concorde,2004,3500,1
LEMON_CHRYSLER_CONCORDE_2700CC_2004,Chrysler,Concorde,2004,2700,1
LEMON_CHRYSLER_CROSSFIRE_2004,Chrysler,Crossfire,2004,,1
LEMON_CHRYSLER_CROSSFIRE_2005,Chrysler,Crossfire,2005,,1
LEMON_CHRYSLER_CROSSFIRE_2006,Chrysler,Crossfire,2006,,1
LEMON_CHRYSLER_CROSSFIRE_2007,Chrysler,Crossfire,2007,,1
LEMON_CHRYSLER_CROSSFIRE_2008,Chrysler,Crossfire,2008,,1
LEMON_CHRYSLER_GRAND_3000CC_2000,Chrysler,Grand,2000,3000,1
LEMON_CHRYSLER_GRAND_3300CC_2000,Chrysler,Grand,2000,3300,1
LEMON_CHRYSLER_LHS_2000,Chrysler,LHS,2000,,1
LEMON_CHRYSLER_LHS_2001,Chrysler,LHS,2001,,1
LEMON_CHRYSLER_PT_2001,Chrysler,PT,2001,,1
LEMON_CHRYSLER_PT_2002,Chrysler,PT,2002,,1
LEMON_CHRYSLER_PT_2003,Chrysler,PT,2003,,1
LEMON_CHRYSLER_PT_2004,Chrysler,PT,2004,,1
LEMON_CHRYSLER_PT_2005,Chrysler,PT,2005,,1
LEMON_CHRYSLER_PT_2006,Chrysler,PT,2006,,1
LEMON_CHRYSLER_PT_2007,Chrysler,PT,2007,,1
LEMON_CHRYSLER_PT_2008,Chrysler,PT,2008,,1
LEMON_CHRYSLER_PT_2009,Chrysler,PT,2009,,1
LEMON_CHRYSLER_PT_2010,Chrysler,PT,2010,,1
LEMON_CHRYSLER_PACIFICA_2004,Chrysler,Pacifica,2004,,1
LEMON_CHRYSLER_PACIFICA_3500CC_2005,Chrysler,Pacifica,2005,3500,1
LEMON_CHRYSLER_PACIFICA_3800CC_2005,Chrysler,Pacifica,2005,3800,1
LEMON_CHRYSLER_PACIFICA_3500CC_2006,Chrysler,Pacifica,2006,3500,1
LEMON_CHRYSLER_PACIFICA_3800CC_2006,Chrysler,Pacifica,2006,3800,1
LEMON_CHRYSLER_PACIFICA_3800CC_2007,Chrysler,Pacifica,2007,3800,1
LEMON_CHRYSLER_PACIFICA_4000CC_2007,Chrysler,Pacifica,2007,4000,1
LEMON_CHRYSLER_PACIFICA_4000CC_2008,Chrysler,Pacifica,2008,4000,1
LEMON_CHRYSLER_PACIFICA_3800CC_2008,Chrysler,Pacifica,2008,3800,1
LEMON_CHRYSLER_PACIFICA_2017,Chrysler,Pacifica,2017,,1
LEMON_CHRYSLER_PACIFICA_2018,Chrysler,Pacifica,2018,,1
LEMON_CHRYSLER_PACIFICA_2019,Chrysler,Pacifica,2019,,1
LEMON_CHRYSLER_PACIFICA_2020,Chrysler,Pacifica,2020,,1
LEMON_CHRYSLER_PACIFICA_2021,Chrysler,Pacifica,2021,,1
LEMON_CHRYSLER_PACIFICA_2022,Chrysler,Pacifica,2022,,1
LEMON_CHRYSLER_PACIFICA_2023,Chrysler,Pacifica,2023,,1
LEMON_CHRYSLER_PACIFICA_2024,Chrysler,Pacifica,2024,,1
LEMON_CHRYSLER_PACIFICA_2025,Chrysler,Pacifica,2025,,1
LEMON_CHRYSLER_PROWLER_2001,Chrysler,Prowler,2001,,1
LEMON_CHRYSLER_PROWLER_2002,Chrysler,Prowler,2002,,1
LEMON_CHRYSLER_SEBRING_2000,Chrysler,Sebring,2000,,1
LEMON_CHRYSLER_SEBRING_2400CC_2001,Chrysler,Sebring,2001,2400,1
LEMON_CHRYSLER_SEBRING_2700CC_2001,Chrysler,Sebring,2001,2700,1
LEMON_CHRYSLER_SEBRING_3000CC_2001,Chrysler,Sebring,2001,3000,1
LEMON_CHRYSLER_SEBRING_2002,Chrysler,Sebring,2002,,1
LEMON_CHRYSLER_SEBRING_2700CC_2002,Chrysler,Sebring,2002,2700,1
LEMON_CHRYSLER_SEBRING_2400CC_2002,Chrysler,Sebring,2002,2400,1
LEMON_CHRYSLER_SEBRING_2700CC_2003,Chrysler,Sebring,2003,2700,1
LEMON_CHRYSLER_SEBRING_2400CC_2003,Chrysler,Sebring,2003,2400,1
LEMON_CHRYSLER_SEBRING_3000CC_2003,Chrysler,Sebring,2003,3000,1
LEMON_CHRYSLER_SEBRING_2003,Chrysler,Sebring,2003,,1
LEMON_CHRYSLER_SEBRING_2400CC_2004,Chrysler,Sebring,2004,2400,1
LEMON_CHRYSLER_SEBRING_2700CC_2004,Chrysler,Sebring,2004,2700,1
LEMON_CHRYSLER_SEBRING_3000CC_2004,Chrysler,Sebring,2004,3000,1
LEMON_CHRYSLER_SEBRING_2400CC_2005,Chrysler,Sebring,2005,2400,1
LEMON_CHRYSLER_SEBRING_2700CC_2005,Chrysler,Sebring,2005,2700,1
LEMON_CHRYSLER_SEBRING_3000CC_2005,Chrysler,Sebring,2005,3000,1
LEMON_CHRYSLER_SEBRING_2400CC_2006,Chrysler,Sebring,2006,2400,1
LEMON_CHRYSLER_SEBRING_2700CC_2006,Chrysler,Sebring,2006,2700,1
LEMON_CHRYSLER_SEBRING_2400CC_2007,Chrysler,Sebring,2007,2400,1
LEMON_CHRYSLER_SEBRING_2700CC_2007,Chrysler,Sebring,2007,2700,1
LEMON_CHRYSLER_SEBRING_3500CC_2007,Chrysler,Sebring,2007,3500,1
LEMON_CHRYSLER_SEBRING_2400CC_2008,Chrysler,Sebring,2008,2400,1
LEMON_CHRYSLER_SEBRING_2700CC_2008,Chrysler,Sebring,2008,2700,1
LEMON_CHRYSLER_SEBRING_3500CC_2008,Chrysler,Sebring,2008,3500,1
LEMON_CHRYSLER_SEBRING_2400CC_2009,Chrysler,Sebring,2009,2400,1
LEMON_CHRYSLER_SEBRING_2700CC_2009,Chrysler,Sebring,2009,2700,1
LEMON_CHRYSLER_SEBRING_3500CC_2009,Chrysler,Sebring,2009,3500,1
LEMON_CHRYSLER_SEBRING_2400CC_2010,Chrysler,Sebring,2010,2400,1
LEMON_CHRYSLER_SEBRING_2700CC_2010,Chrysler,Sebring,2010,2700,1
LEMON_CHRYSLER_SEBRING_3500CC_2010,Chrysler,Sebring,2010,3500,1
LEMON_CHRYSLER_TOWN_2000,Chrysler,Town,2000,,1
LEMON_CHRYSLER_TOWN_2001,Chrysler,Town,2001,,1
LEMON_CHRYSLER_TOWN_2002,Chrysler,Town,2002,,1
LEMON_CHRYSLER_TOWN_2003,Chrysler,Town,2003,,1
LEMON_CHRYSLER_TOWN_2004,Chrysler,Town,2004,,1
LEMON_CHRYSLER_TOWN_2005,Chrysler,Town,2005,,1
LEMON_CHRYSLER_TOWN_2006,Chrysler,Town,2006,,1
LEMON_CHRYSLER_TOWN_2007,Chrysler,Town,2007,,1
LEMON_CHRYSLER_TOWN_3300CC_2008,Chrysler,Town,2008,3300,1
LEMON_CHRYSLER_TOWN_4000CC_2008,Chrysler,Town,2008,4000,1
LEMON_CHRYSLER_TOWN_3800CC_2008,Chrysler,Town,2008,3800,1
LEMON_CHRYSLER_TOWN_3300CC_2009,Chrysler,Town,2009,3300,1
LEMON_CHRYSLER_TOWN_4000CC_2009,Chrysler,Town,2009,4000,1
LEMON_CHRYSLER_TOWN_3800CC_2009,Chrysler,Town,2009,3800,1
LEMON_CHRYSLER_TOWN_4000CC_2010,Chrysler,Town,2010,4000,1
LEMON_CHRYSLER_TOWN_3800CC_2010,Chrysler,Town,2010,3800,1
LEMON_CHRYSLER_TOWN_3300CC_2010,Chrysler,Town,2010,3300,1
LEMON_CHRYSLER_TOWN_2011,Chrysler,Town,2011,,1
LEMON_CHRYSLER_TOWN_2012,Chrysler,Town,2012,,1
LEMON_CHRYSLER_TOWN_2013,Chrysler,Town,2013,,1
LEMON_CHRYSLER_TOWN_2014,Chrysler,Town,2014,,1
LEMON_CHRYSLER_TOWN_2015_TOWNCOUNTRYL,Chrysler,Town,2015,,1
LEMON_CHRYSLER_TOWN_2015_TOWNCOUNTRYS,Chrysler,Town,2015,,1
LEMON_CHRYSLER_TOWN_2015_TOWNCOUNTRYT,Chrysler,Town,2015,,1
LEMON_CHRYSLER_TOWN_2016,Chrysler,Town,2016,,1
LEMON_CHRYSLER_VOYAGER_2400CC_2000,Chrysler,Voyager,2000,2400,1
LEMON_CHRYSLER_VOYAGER_3000CC_2000,Chrysler,Voyager,2000,3000,1
LEMON_CHRYSLER_VOYAGER_3300CC_2000,Chrysler,Voyager,2000,3300,1
LEMON_CHRYSLER_VOYAGER_2400CC_2001,Chrysler,Voyager,2001,2400,1
LEMON_CHRYSLER_VOYAGER_3300CC_2001,Chrysler,Voyager,2001,3300,1
LEMON_CHRYSLER_VOYAGER_2400CC_2002,Chrysler,Voyager,2002,2400,1
LEMON_CHRYSLER_VOYAGER_3300CC_2002,Chrysler,Voyager,2002,3300,1
LEMON_CHRYSLER_VOYAGER_2400CC_2003,Chrysler,Voyager,2003,2400,1
LEMON_CHRYSLER_VOYAGER_3300CC_2003,Chrysler,Voyager,2003,3300,1
LEMON_CHRYSLER_VOYAGER_2020,Chrysler,Voyager,2020,,1
LEMON_CHRYSLER_VOYAGER_2021,Chrysler,Voyager,2021,,1
LEMON_CHRYSLER_VOYAGER_2022,Chrysler,Voyager,2022,,1
LEMON_CHRYSLER_VOYAGER_2023,Chrysler,Voyager,2023,,1
LEMON_CHRYSLER_VOYAGER_2024,Chrysler,Voyager,2024,,1
LEMON_CHRYSLER_VOYAGER_2025,Chrysler,Voyager,2025,,1
LEMON_DAEWOO_LANOS_2000,Daewoo,Lanos,2000,,1
LEMON_DAEWOO_LANOS_2001,Daewoo,Lanos,2001,,1
LEMON_DAEWOO_LANOS_2002,Daewoo,Lanos,2002,,1
LEMON_DAEWOO_LEGANZA_2000,Daewoo,Leganza,2000,,1
LEMON_DAEWOO_LEGANZA_2001,Daewoo,Leganza,2001,,1
LEMON_DAEWOO_LEGANZA_2002,Daewoo,Leganza,2002,,1
LEMON_DAEWOO_NUBIRA_2000,Daewoo,Nubira,2000,,1
LEMON_DAEWOO_NUBIRA_2001,Daewoo,Nubira,2001,,1
LEMON_DAEWOO_NUBIRA_2002,Daewoo,Nubira,2002,,1
LEMON_DODGE_AVENGER_2000,Dodge,Avenger,2000,,1
LEMON_DODGE_AVENGER_2700CC_2008,Dodge,Avenger,2008,2700,1
LEMON_DODGE_AVENGER_3500CC_2008,Dodge,Avenger,2008,3500,1
LEMON_DODGE_AVENGER_2400CC_2008,Dodge,Avenger,2008,2400,1
LEMON_DODGE_AVENGER_2400CC_2009,Dodge,Avenger,2009,2400,1
LEMON_DODGE_AVENGER_2700CC_2009,Dodge,Avenger,2009,2700,1
LEMON_DODGE_AVENGER_3500CC_2009,Dodge,Avenger,2009,3500,1
LEMON_DODGE_AVENGER_2400CC_2010,Dodge,Avenger,2010,2400,1
LEMON_DODGE_AVENGER_2700CC_2010,Dodge,Avenger,2010,2700,1
LEMON_DODGE_AVENGER_3500CC_2010,Dodge,Avenger,2010,3500,1
LEMON_DODGE_AVENGER_3600CC_2011,Dodge,Avenger,2011,3600,1
LEMON_DODGE_AVENGER_2400CC_2011,Dodge,Avenger,2011,2400,1
LEMON_DODGE_AVENGER_3600CC_2012,Dodge,Avenger,2012,3600,1
LEMON_DODGE_AVENGER_3600CC_VING_2012,Dodge,Avenger,2012,3600,1
LEMON_DODGE_AVENGER_3600CC_2013,Dodge,Avenger,2013,3600,1
LEMON_DODGE_AVENGER_3600CC_VING_2013,Dodge,Avenger,2013,3600,1
LEMON_DODGE_AVENGER_3600CC_2014,Dodge,Avenger,2014,3600,1
LEMON_DODGE_AVENGER_3600CC_VING_2014,Dodge,Avenger,2014,3600,1
LEMON_DODGE_C/V_2012,Dodge,C/V,2012,,1
LEMON_DODGE_C/V_2013,Dodge,C/V,2013,,1
LEMON_DODGE_C/V_2014,Dodge,C/V,2014,,1
LEMON_DODGE_C/V_2015_CVTRADESMAN,Dodge,C/V,2015,,1
LEMON_DODGE_CAB_5900CC_2000,Dodge,Cab,2000,5900,1
LEMON_DODGE_CAB_8000CC_2000,Dodge,Cab,2000,8000,1
LEMON_DODGE_CAB_5900CC_2001,Dodge,Cab,2001,5900,1
LEMON_DODGE_CAB_8000CC_2001,Dodge,Cab,2001,8000,1
LEMON_DODGE_CAB_5900CC_2002,Dodge,Cab,2002,5900,1
LEMON_DODGE_CAB_8000CC_2002,Dodge,Cab,2002,8000,1
LEMON_DODGE_CAB_5700CC_2003,Dodge,Cab,2003,5700,1
LEMON_DODGE_CAB_5900CC_2003,Dodge,Cab,2003,5900,1
LEMON_DODGE_CAB_8000CC_2003,Dodge,Cab,2003,8000,1
LEMON_DODGE_CAB_5700CC_2004,Dodge,Cab,2004,5700,1
LEMON_DODGE_CAB_5900CC_2004,Dodge,Cab,2004,5900,1
LEMON_DODGE_CAB_5700CC_2005,Dodge,Cab,2005,5700,1
LEMON_DODGE_CAB_5900CC_2005,Dodge,Cab,2005,5900,1
LEMON_DODGE_CAB_2006,Dodge,Cab,2006,,1
LEMON_DODGE_CAB_2007,Dodge,Cab,2007,,1
LEMON_DODGE_CAB_2008,Dodge,Cab,2008,,1
LEMON_DODGE_CAB_5700CC_2009,Dodge,Cab,2009,5700,1
LEMON_DODGE_CAB_6700CC_2009,Dodge,Cab,2009,6700,1
LEMON_DODGE_CAB_2010,Dodge,Cab,2010,,1
LEMON_DODGE_CAB_5700CC_2011,Dodge,Cab,2011,5700,1
LEMON_DODGE_CAB_6700CC_2011,Dodge,Cab,2011,6700,1
LEMON_DODGE_CAB_5700CC_VINT_2012,Dodge,Cab,2012,5700,1
LEMON_DODGE_CAB_6700CC_VINL_2012,Dodge,Cab,2012,6700,1
LEMON_DODGE_CALIBER_2007,Dodge,Caliber,2007,,1
LEMON_DODGE_CALIBER_2400CC_2008,Dodge,Caliber,2008,2400,1
LEMON_DODGE_CALIBER_1800CC_2008,Dodge,Caliber,2008,1800,1
LEMON_DODGE_CALIBER_2000CC_2008,Dodge,Caliber,2008,2000,1
LEMON_DODGE_CALIBER_2400CC_2009,Dodge,Caliber,2009,2400,1
LEMON_DODGE_CALIBER_1800CC_2009,Dodge,Caliber,2009,1800,1
LEMON_DODGE_CALIBER_2000CC_2009,Dodge,Caliber,2009,2000,1
LEMON_DODGE_CALIBER_2000CC_2010,Dodge,Caliber,2010,2000,1
LEMON_DODGE_CALIBER_2400CC_2010,Dodge,Caliber,2010,2400,1
LEMON_DODGE_CALIBER_2011,Dodge,Caliber,2011,,1
LEMON_DODGE_CALIBER_2012,Dodge,Caliber,2012,,1
LEMON_DODGE_CARAVAN_3000CC_2000,Dodge,Caravan,2000,3000,1
LEMON_DODGE_CARAVAN_2400CC_2000,Dodge,Caravan,2000,2400,1
LEMON_DODGE_CARAVAN_3300CC_2000,Dodge,Caravan,2000,3300,1
LEMON_DODGE_CARAVAN_2400CC_2001,Dodge,Caravan,2001,2400,1
LEMON_DODGE_CARAVAN_3300CC_2001,Dodge,Caravan,2001,3300,1
LEMON_DODGE_CARAVAN_2400CC_2002,Dodge,Caravan,2002,2400,1
LEMON_DODGE_CARAVAN_3300CC_2002,Dodge,Caravan,2002,3300,1
LEMON_DODGE_CARAVAN_3300CC_2003,Dodge,Caravan,2003,3300,1
LEMON_DODGE_CARAVAN_2400CC_2003,Dodge,Caravan,2003,2400,1
LEMON_DODGE_CARAVAN_3300CC_2004,Dodge,Caravan,2004,3300,1
LEMON_DODGE_CARAVAN_2400CC_2004,Dodge,Caravan,2004,2400,1
LEMON_DODGE_CARAVAN_2400CC_2005,Dodge,Caravan,2005,2400,1
LEMON_DODGE_CARAVAN_3300CC_2005,Dodge,Caravan,2005,3300,1
LEMON_DODGE_CARAVAN_2400CC_2006,Dodge,Caravan,2006,2400,1
LEMON_DODGE_CARAVAN_3300CC_2006,Dodge,Caravan,2006,3300,1
LEMON_DODGE_CARAVAN_3300CC_2007,Dodge,Caravan,2007,3300,1
LEMON_DODGE_CARAVAN_2400CC_2007,Dodge,Caravan,2007,2400,1
LEMON_DODGE_CHALLENGER_2008,Dodge,Challenger,2008,,1
LEMON_DODGE_CHALLENGER_5700CC_2009,Dodge,Challenger,2009,5700,1
LEMON_DODGE_CHALLENGER_3500CC_2009,Dodge,Challenger,2009,3500,1
LEMON_DODGE_CHALLENGER_6100CC_2009,Dodge,Challenger,2009,6100,1
LEMON_DODGE_CHALLENGER_5700CC_2010,Dodge,Challenger,2010,5700,1
LEMON_DODGE_CHALLENGER_6100CC_2010,Dodge,Challenger,2010,6100,1
LEMON_DODGE_CHALLENGER_3500CC_2010,Dodge,Challenger,2010,3500,1
LEMON_DODGE_CHALLENGER_5700CC_2011,Dodge,Challenger,2011,5700,1
LEMON_DODGE_CHALLENGER_3600CC_2011,Dodge,Challenger,2011,3600,1
LEMON_DODGE_CHALLENGER_6400CC_2011,Dodge,Challenger,2011,6400,1
LEMON_DODGE_CHALLENGER_3600CC_2012,Dodge,Challenger,2012,3600,1
LEMON_DODGE_CHALLENGER_3600CC_2013,Dodge,Challenger,2013,3600,1
LEMON_DODGE_CHALLENGER_3600CC_2014,Dodge,Challenger,2014,3600,1
LEMON_DODGE_CHALLENGER_6200CC_2015,Dodge,Challenger,2015,6200,1
LEMON_DODGE_CHALLENGER_3600CC_2015,Dodge,Challenger,2015,3600,1
LEMON_DODGE_CHALLENGER_6200CC_2016,Dodge,Challenger,2016,6200,1
LEMON_DODGE_CHALLENGER_3600CC_2016,Dodge,Challenger,2016,3600,1
LEMON_DODGE_CHALLENGER_3600CC_2017,Dodge,Challenger,2017,3600,1
LEMON_DODGE_CHALLENGER_6200CC_2017,Dodge,Challenger,2017,6200,1
LEMON_DODGE_CHALLENGER_3600CC_2018,Dodge,Challenger,2018,3600,1
LEMON_DODGE_CHALLENGER_6200CC_2018,Dodge,Challenger,2018,6200,1
LEMON_DODGE_CHALLENGER_3600CC_2019,Dodge,Challenger,2019,3600,1
LEMON_DODGE_CHALLENGER_6200CC_2019,Dodge,Challenger,2019,6200,1
LEMON_DODGE_CHALLENGER_3600CC_2020,Dodge,Challenger,2020,3600,1
LEMON_DODGE_CHALLENGER_6200CC_2020,Dodge,Challenger,2020,6200,1
LEMON_DODGE_CHALLENGER_3600CC_2021,Dodge,Challenger,2021,3600,1
LEMON_DODGE_CHALLENGER_6200CC_2021,Dodge,Challenger,2021,6200,1
LEMON_DODGE_CHALLENGER_3600CC_2022,Dodge,Challenger,2022,3600,1
LEMON_DODGE_CHALLENGER_6200CC_2022,Dodge,Challenger,2022,6200,1
LEMON_DODGE_CHALLENGER_3600CC_2023,Dodge,Challenger,2023,3600,1
LEMON_DODGE_CHALLENGER_6200CC_2023,Dodge,Challenger,2023,6200,1
LEMON_DODGE_CHARGER_2700CC_2006,Dodge,Charger,2006,2700,1
LEMON_DODGE_CHARGER_3500CC_2006,Dodge,Charger,2006,3500,1
LEMON_DODGE_CHARGER_5700CC_2006,Dodge,Charger,2006,5700,1
LEMON_DODGE_CHARGER_6100CC_2006,Dodge,Charger,2006,6100,1
LEMON_DODGE_CHARGER_3500CC_2007,Dodge,Charger,2007,3500,1
LEMON_DODGE_CHARGER_5700CC_2007,Dodge,Charger,2007,5700,1
LEMON_DODGE_CHARGER_2700CC_2007,Dodge,Charger,2007,2700,1
LEMON_DODGE_CHARGER_6100CC_2007,Dodge,Charger,2007,6100,1
LEMON_DODGE_CHARGER_5700CC_2008,Dodge,Charger,2008,5700,1
LEMON_DODGE_CHARGER_3500CC_2008,Dodge,Charger,2008,3500,1
LEMON_DODGE_CHARGER_2700CC_2008,Dodge,Charger,2008,2700,1
LEMON_DODGE_CHARGER_6100CC_2008,Dodge,Charger,2008,6100,1
LEMON_DODGE_CHARGER_3500CC_2009,Dodge,Charger,2009,3500,1
LEMON_DODGE_CHARGER_5700CC_2009,Dodge,Charger,2009,5700,1
LEMON_DODGE_CHARGER_2700CC_2009,Dodge,Charger,2009,2700,1
LEMON_DODGE_CHARGER_6100CC_2009,Dodge,Charger,2009,6100,1
LEMON_DODGE_CHARGER_3500CC_2010,Dodge,Charger,2010,3500,1
LEMON_DODGE_CHARGER_5700CC_2010,Dodge,Charger,2010,5700,1
LEMON_DODGE_CHARGER_2700CC_2010,Dodge,Charger,2010,2700,1
LEMON_DODGE_CHARGER_6100CC_2010,Dodge,Charger,2010,6100,1
LEMON_DODGE_CHARGER_3600CC_2011,Dodge,Charger,2011,3600,1
LEMON_DODGE_CHARGER_5700CC_2011,Dodge,Charger,2011,5700,1
LEMON_DODGE_CHARGER_3600CC_VING_2012,Dodge,Charger,2012,3600,1
LEMON_DODGE_CHARGER_5700CC_VINT_2012,Dodge,Charger,2012,5700,1
LEMON_DODGE_CHARGER_5700CC_2012,Dodge,Charger,2012,5700,1
LEMON_DODGE_CHARGER_6400CC_2012,Dodge,Charger,2012,6400,1
LEMON_DODGE_CHARGER_3600CC_2012,Dodge,Charger,2012,3600,1
LEMON_DODGE_CHARGER_3600CC_VING_2013,Dodge,Charger,2013,3600,1
LEMON_DODGE_CHARGER_5700CC_2013,Dodge,Charger,2013,5700,1
LEMON_DODGE_CHARGER_5700CC_VINT_2013,Dodge,Charger,2013,5700,1
LEMON_DODGE_CHARGER_6400CC_2013,Dodge,Charger,2013,6400,1
LEMON_DODGE_CHARGER_3600CC_2013,Dodge,Charger,2013,3600,1
LEMON_DODGE_CHARGER_3600CC_VING_2014,Dodge,Charger,2014,3600,1
LEMON_DODGE_CHARGER_5700CC_VINT_2014,Dodge,Charger,2014,5700,1
LEMON_DODGE_CHARGER_5700CC_2014,Dodge,Charger,2014,5700,1
LEMON_DODGE_CHARGER_6400CC_2014,Dodge,Charger,2014,6400,1
LEMON_DODGE_CHARGER_3600CC_2014,Dodge,Charger,2014,3600,1
LEMON_DODGE_CHARGER_3600CC_VING_2015,Dodge,Charger,2015,3600,1
LEMON_DODGE_CHARGER_5700CC_VINT_2015,Dodge,Charger,2015,5700,1
LEMON_DODGE_CHARGER_5700CC_2015,Dodge,Charger,2015,5700,1
LEMON_DODGE_CHARGER_6400CC_2015,Dodge,Charger,2015,6400,1
LEMON_DODGE_CHARGER_3600CC_2015,Dodge,Charger,2015,3600,1
LEMON_DODGE_CHARGER_6200CC_2015,Dodge,Charger,2015,6200,1
LEMON_DODGE_CHARGER_3600CC_VING_2016,Dodge,Charger,2016,3600,1
LEMON_DODGE_CHARGER_5700CC_VINT_2016,Dodge,Charger,2016,5700,1
LEMON_DODGE_CHARGER_5700CC_2016,Dodge,Charger,2016,5700,1
LEMON_DODGE_CHARGER_6400CC_2016,Dodge,Charger,2016,6400,1
LEMON_DODGE_CHARGER_3600CC_2016,Dodge,Charger,2016,3600,1
LEMON_DODGE_CHARGER_6200CC_2016,Dodge,Charger,2016,6200,1
LEMON_DODGE_CHARGER_5700CC_2017,Dodge,Charger,2017,5700,1
LEMON_DODGE_CHARGER_6400CC_2017,Dodge,Charger,2017,6400,1
LEMON_DODGE_CHARGER_3600CC_VING_2017,Dodge,Charger,2017,3600,1
LEMON_DODGE_CHARGER_5700CC_VINT_2017,Dodge,Charger,2017,5700,1
LEMON_DODGE_CHARGER_3600CC_2017,Dodge,Charger,2017,3600,1
LEMON_DODGE_CHARGER_6200CC_2017,Dodge,Charger,2017,6200,1
LEMON_DODGE_CHARGER_6400CC_2018,Dodge,Charger,2018,6400,1
LEMON_DODGE_CHARGER_5700CC_2018,Dodge,Charger,2018,5700,1
LEMON_DODGE_CHARGER_3600CC_2018,Dodge,Charger,2018,3600,1
LEMON_DODGE_CHARGER_3600CC_VING_2018,Dodge,Charger,2018,3600,1
LEMON_DODGE_CHARGER_5700CC_VINT_2018,Dodge,Charger,2018,5700,1
LEMON_DODGE_CHARGER_6200CC_2018,Dodge,Charger,2018,6200,1
LEMON_DODGE_CHARGER_3600CC_2019,Dodge,Charger,2019,3600,1
LEMON_DODGE_CHARGER_3600CC_VING_2019,Dodge,Charger,2019,3600,1
LEMON_DODGE_CHARGER_5700CC_VINT_2019,Dodge,Charger,2019,5700,1
LEMON_DODGE_CHARGER_5700CC_2019,Dodge,Charger,2019,5700,1
LEMON_DODGE_CHARGER_6200CC_2019,Dodge,Charger,2019,6200,1
LEMON_DODGE_CHARGER_6400CC_2019,Dodge,Charger,2019,6400,1
LEMON_DODGE_CHARGER_3600CC_2020,Dodge,Charger,2020,3600,1
LEMON_DODGE_CHARGER_3600CC_VING_2020,Dodge,Charger,2020,3600,1
LEMON_DODGE_CHARGER_5700CC_VINT_2020,Dodge,Charger,2020,5700,1
LEMON_DODGE_CHARGER_5700CC_2020,Dodge,Charger,2020,5700,1
LEMON_DODGE_CHARGER_6400CC_2020,Dodge,Charger,2020,6400,1
LEMON_DODGE_CHARGER_3600CC_2021,Dodge,Charger,2021,3600,1
LEMON_DODGE_CHARGER_3600CC_VING_2021,Dodge,Charger,2021,3600,1
LEMON_DODGE_CHARGER_6200CC_2021,Dodge,Charger,2021,6200,1
LEMON_DODGE_CHARGER_5700CC_2021,Dodge,Charger,2021,5700,1
LEMON_DODGE_CHARGER_5700CC_VINT_2021,Dodge,Charger,2021,5700,1
LEMON_DODGE_CHARGER_6400CC_2021,Dodge,Charger,2021,6400,1
LEMON_DODGE_CHARGER_3600CC_2022,Dodge,Charger,2022,3600,1
LEMON_DODGE_CHARGER_3600CC_VING_2022,Dodge,Charger,2022,3600,1
LEMON_DODGE_CHARGER_5700CC_2022,Dodge,Charger,2022,5700,1
LEMON_DODGE_CHARGER_5700CC_VINT_2022,Dodge,Charger,2022,5700,1
LEMON_DODGE_CHARGER_6200CC_2022,Dodge,Charger,2022,6200,1
LEMON_DODGE_CHARGER_6400CC_2022,Dodge,Charger,2022,6400,1
LEMON_DODGE_CHARGER_3600CC_2023,Dodge,Charger,2023,3600,1
LEMON_DODGE_CHARGER_6200CC_2023,Dodge,Charger,2023,6200,1
LEMON_DODGE_CHARGER_5700CC_VINT_2023,Dodge,Charger,2023,5700,1
LEMON_DODGE_CHARGER_3600CC_VING_2023,Dodge,Charger,2023,3600,1
LEMON_DODGE_CHARGER_5700CC_2023,Dodge,Charger,2023,5700,1
LEMON_DODGE_CHARGER_6400CC_2023,Dodge,Charger,2023,6400,1
LEMON_DODGE_DAKOTA_2500CC_2000,Dodge,Dakota,2000,2500,1
LEMON_DODGE_DAKOTA_3900CC_2000,Dodge,Dakota,2000,3900,1
LEMON_DODGE_DAKOTA_4700CC_2000,Dodge,Dakota,2000,4700,1
LEMON_DODGE_DAKOTA_5900CC_2000,Dodge,Dakota,2000,5900,1
LEMON_DODGE_DAKOTA_2500CC_2001,Dodge,Dakota,2001,2500,1
LEMON_DODGE_DAKOTA_3900CC_2001,Dodge,Dakota,2001,3900,1
LEMON_DODGE_DAKOTA_4700CC_2001,Dodge,Dakota,2001,4700,1
LEMON_DODGE_DAKOTA_5900CC_2001,Dodge,Dakota,2001,5900,1
LEMON_DODGE_DAKOTA_2500CC_2002,Dodge,Dakota,2002,2500,1
LEMON_DODGE_DAKOTA_3900CC_2002,Dodge,Dakota,2002,3900,1
LEMON_DODGE_DAKOTA_4700CC_2002,Dodge,Dakota,2002,4700,1
LEMON_DODGE_DAKOTA_5900CC_2002,Dodge,Dakota,2002,5900,1
LEMON_DODGE_DAKOTA_3900CC_2003,Dodge,Dakota,2003,3900,1
LEMON_DODGE_DAKOTA_4700CC_2003,Dodge,Dakota,2003,4700,1
LEMON_DODGE_DAKOTA_5900CC_2003,Dodge,Dakota,2003,5900,1
LEMON_DODGE_DAKOTA_3700CC_2004,Dodge,Dakota,2004,3700,1
LEMON_DODGE_DAKOTA_4700CC_2004,Dodge,Dakota,2004,4700,1
LEMON_DODGE_DAKOTA_3700CC_2005,Dodge,Dakota,2005,3700,1
LEMON_DODGE_DAKOTA_4700CC_2005,Dodge,Dakota,2005,4700,1
LEMON_DODGE_DAKOTA_3700CC_2006,Dodge,Dakota,2006,3700,1
LEMON_DODGE_DAKOTA_4700CC_2006,Dodge,Dakota,2006,4700,1
LEMON_DODGE_DAKOTA_3700CC_2007,Dodge,Dakota,2007,3700,1
LEMON_DODGE_DAKOTA_4700CC_2007,Dodge,Dakota,2007,4700,1
LEMON_DODGE_DAKOTA_3700CC_2008,Dodge,Dakota,2008,3700,1
LEMON_DODGE_DAKOTA_4700CC_2008,Dodge,Dakota,2008,4700,1
LEMON_DODGE_DAKOTA_3700CC_2009,Dodge,Dakota,2009,3700,1
LEMON_DODGE_DAKOTA_4700CC_2009,Dodge,Dakota,2009,4700,1
LEMON_DODGE_DAKOTA_4700CC_2010,Dodge,Dakota,2010,4700,1
LEMON_DODGE_DAKOTA_3700CC_2010,Dodge,Dakota,2010,3700,1
LEMON_DODGE_DAKOTA_3700CC_2011,Dodge,Dakota,2011,3700,1
LEMON_DODGE_DAKOTA_4700CC_2011,Dodge,Dakota,2011,4700,1
LEMON_DODGE_DART_1400CC_2013,Dodge,Dart,2013,1400,1
LEMON_DODGE_DART_2400CC_2013,Dodge,Dart,2013,2400,1
LEMON_DODGE_DART_1400CC_VINH_2013,Dodge,Dart,2013,1400,1
LEMON_DODGE_DART_2000CC_VINA_2013,Dodge,Dart,2013,2000,1
LEMON_DODGE_DART_2000CC_2013,Dodge,Dart,2013,2000,1
LEMON_DODGE_DART_1400CC_2014,Dodge,Dart,2014,1400,1
LEMON_DODGE_DART_2400CC_2014,Dodge,Dart,2014,2400,1
LEMON_DODGE_DART_2000CC_2014,Dodge,Dart,2014,2000,1
LEMON_DODGE_DART_2000CC_VINA_2014,Dodge,Dart,2014,2000,1
LEMON_DODGE_DART_2400CC_VINB_2014,Dodge,Dart,2014,2400,1
LEMON_DODGE_DART_1400CC_2015,Dodge,Dart,2015,1400,1
LEMON_DODGE_DART_1400CC_VINH_2015,Dodge,Dart,2015,1400,1
LEMON_DODGE_DART_2000CC_VINA_2015,Dodge,Dart,2015,2000,1
LEMON_DODGE_DART_1400CC_2016,Dodge,Dart,2016,1400,1
LEMON_DODGE_DART_2000CC_2016,Dodge,Dart,2016,2000,1
LEMON_DODGE_DART_1400CC_VINH_2016,Dodge,Dart,2016,1400,1
LEMON_DODGE_DART_2000CC_VINA_2016,Dodge,Dart,2016,2000,1
LEMON_DODGE_DURANGO_4700CC_2000,Dodge,Durango,2000,4700,1
LEMON_DODGE_DURANGO_5200CC_2000,Dodge,Durango,2000,5200,1
LEMON_DODGE_DURANGO_5900CC_2000,Dodge,Durango,2000,5900,1
LEMON_DODGE_DURANGO_4700CC_2001,Dodge,Durango,2001,4700,1
LEMON_DODGE_DURANGO_5900CC_2001,Dodge,Durango,2001,5900,1
LEMON_DODGE_DURANGO_4700CC_2002,Dodge,Durango,2002,4700,1
LEMON_DODGE_DURANGO_5900CC_2002,Dodge,Durango,2002,5900,1
LEMON_DODGE_DURANGO_4700CC_2003,Dodge,Durango,2003,4700,1
LEMON_DODGE_DURANGO_5900CC_2003,Dodge,Durango,2003,5900,1
LEMON_DODGE_DURANGO_4700CC_2004,Dodge,Durango,2004,4700,1
LEMON_DODGE_DURANGO_3700CC_2004,Dodge,Durango,2004,3700,1
LEMON_DODGE_DURANGO_5700CC_2004,Dodge,Durango,2004,5700,1
LEMON_DODGE_DURANGO_4700CC_2005,Dodge,Durango,2005,4700,1
LEMON_DODGE_DURANGO_5700CC_2005,Dodge,Durango,2005,5700,1
LEMON_DODGE_DURANGO_3700CC_2005,Dodge,Durango,2005,3700,1
LEMON_DODGE_DURANGO_3700CC_2006,Dodge,Durango,2006,3700,1
LEMON_DODGE_DURANGO_4700CC_2006,Dodge,Durango,2006,4700,1
LEMON_DODGE_DURANGO_5700CC_2006,Dodge,Durango,2006,5700,1
LEMON_DODGE_DURANGO_3700CC_2007,Dodge,Durango,2007,3700,1
LEMON_DODGE_DURANGO_4700CC_2007,Dodge,Durango,2007,4700,1
LEMON_DODGE_DURANGO_5700CC_2007,Dodge,Durango,2007,5700,1
LEMON_DODGE_DURANGO_3700CC_2008,Dodge,Durango,2008,3700,1
LEMON_DODGE_DURANGO_4700CC_2008,Dodge,Durango,2008,4700,1
LEMON_DODGE_DURANGO_5700CC_2008,Dodge,Durango,2008,5700,1
LEMON_DODGE_DURANGO_3700CC_2009,Dodge,Durango,2009,3700,1
LEMON_DODGE_DURANGO_4700CC_2009,Dodge,Durango,2009,4700,1
LEMON_DODGE_DURANGO_5700CC_2009,Dodge,Durango,2009,5700,1
LEMON_DODGE_DURANGO_3600CC_2011,Dodge,Durango,2011,3600,1
LEMON_DODGE_DURANGO_5700CC_2011,Dodge,Durango,2011,5700,1
LEMON_DODGE_DURANGO_3600CC_VING_2012,Dodge,Durango,2012,3600,1
LEMON_DODGE_DURANGO_5700CC_VINT_2012,Dodge,Durango,2012,5700,1
LEMON_DODGE_DURANGO_5700CC_2012,Dodge,Durango,2012,5700,1
LEMON_DODGE_DURANGO_3600CC_2012,Dodge,Durango,2012,3600,1
LEMON_DODGE_DURANGO_3600CC_VING_2013,Dodge,Durango,2013,3600,1
LEMON_DODGE_DURANGO_5700CC_VINT_2013,Dodge,Durango,2013,5700,1
LEMON_DODGE_DURANGO_5700CC_2013,Dodge,Durango,2013,5700,1
LEMON_DODGE_DURANGO_3600CC_2013,Dodge,Durango,2013,3600,1
LEMON_DODGE_DURANGO_3600CC_VING_2014,Dodge,Durango,2014,3600,1
LEMON_DODGE_DURANGO_5700CC_VINT_2014,Dodge,Durango,2014,5700,1
LEMON_DODGE_DURANGO_5700CC_2014,Dodge,Durango,2014,5700,1
LEMON_DODGE_DURANGO_3600CC_2014,Dodge,Durango,2014,3600,1
LEMON_DODGE_DURANGO_3600CC_VING_2015,Dodge,Durango,2015,3600,1
LEMON_DODGE_DURANGO_5700CC_VINT_2015,Dodge,Durango,2015,5700,1
LEMON_DODGE_DURANGO_5700CC_2015,Dodge,Durango,2015,5700,1
LEMON_DODGE_DURANGO_3600CC_2015,Dodge,Durango,2015,3600,1
LEMON_DODGE_DURANGO_3600CC_VING_2016,Dodge,Durango,2016,3600,1
LEMON_DODGE_DURANGO_5700CC_VINT_2016,Dodge,Durango,2016,5700,1
LEMON_DODGE_DURANGO_3600CC_2016,Dodge,Durango,2016,3600,1
LEMON_DODGE_DURANGO_5700CC_2016,Dodge,Durango,2016,5700,1
LEMON_DODGE_DURANGO_3600CC_VING_2017,Dodge,Durango,2017,3600,1
LEMON_DODGE_DURANGO_5700CC_VINT_2017,Dodge,Durango,2017,5700,1
LEMON_DODGE_DURANGO_3600CC_2017,Dodge,Durango,2017,3600,1
LEMON_DODGE_DURANGO_5700CC_2017,Dodge,Durango,2017,5700,1
LEMON_DODGE_DURANGO_3600CC_VING_2018,Dodge,Durango,2018,3600,1
LEMON_DODGE_DURANGO_5700CC_VINT_2018,Dodge,Durango,2018,5700,1
LEMON_DODGE_DURANGO_3600CC_2018,Dodge,Durango,2018,3600,1
LEMON_DODGE_DURANGO_5700CC_2018,Dodge,Durango,2018,5700,1
LEMON_DODGE_DURANGO_6400CC_2018,Dodge,Durango,2018,6400,1
LEMON_DODGE_DURANGO_3600CC_VING_2019,Dodge,Durango,2019,3600,1
LEMON_DODGE_DURANGO_5700CC_VINT_2019,Dodge,Durango,2019,5700,1
LEMON_DODGE_DURANGO_3600CC_2019,Dodge,Durango,2019,3600,1
LEMON_DODGE_DURANGO_5700CC_2019,Dodge,Durango,2019,5700,1
LEMON_DODGE_DURANGO_6400CC_2019,Dodge,Durango,2019,6400,1
LEMON_DODGE_DURANGO_3600CC_VING_2020,Dodge,Durango,2020,3600,1
LEMON_DODGE_DURANGO_5700CC_VINT_2020,Dodge,Durango,2020,5700,1
LEMON_DODGE_DURANGO_3600CC_2020,Dodge,Durango,2020,3600,1
LEMON_DODGE_DURANGO_5700CC_2020,Dodge,Durango,2020,5700,1
LEMON_DODGE_DURANGO_6400CC_2020,Dodge,Durango,2020,6400,1
LEMON_DODGE_DURANGO_3600CC_VING_2021,Dodge,Durango,2021,3600,1
LEMON_DODGE_DURANGO_5700CC_VINT_2021,Dodge,Durango,2021,5700,1
LEMON_DODGE_DURANGO_3600CC_2021,Dodge,Durango,2021,3600,1
LEMON_DODGE_DURANGO_5700CC_2021,Dodge,Durango,2021,5700,1
LEMON_DODGE_DURANGO_6400CC_2021,Dodge,Durango,2021,6400,1
LEMON_DODGE_DURANGO_6200CC_2021,Dodge,Durango,2021,6200,1
LEMON_DODGE_DURANGO_5700CC_VINT_2022,Dodge,Durango,2022,5700,1
LEMON_DODGE_DURANGO_3600CC_VING_2022,Dodge,Durango,2022,3600,1
LEMON_DODGE_DURANGO_3600CC_2022,Dodge,Durango,2022,3600,1
LEMON_DODGE_DURANGO_5700CC_2022,Dodge,Durango,2022,5700,1
LEMON_DODGE_DURANGO_6400CC_2022,Dodge,Durango,2022,6400,1
LEMON_DODGE_DURANGO_3600CC_VING_2023,Dodge,Durango,2023,3600,1
LEMON_DODGE_DURANGO_3600CC_2023,Dodge,Durango,2023,3600,1
LEMON_DODGE_DURANGO_5700CC_VINT_2023,Dodge,Durango,2023,5700,1
LEMON_DODGE_DURANGO_5700CC_2023,Dodge,Durango,2023,5700,1
LEMON_DODGE_DURANGO_6400CC_2023,Dodge,Durango,2023,6400,1
LEMON_DODGE_DURANGO_6200CC_2023,Dodge,Durango,2023,6200,1
LEMON_DODGE_DURANGO_3600CC_VING_2024,Dodge,Durango,2024,3600,1
LEMON_DODGE_DURANGO_5700CC_VINT_2024,Dodge,Durango,2024,5700,1
LEMON_DODGE_DURANGO_3600CC_2024,Dodge,Durango,2024,3600,1
LEMON_DODGE_DURANGO_5700CC_2024,Dodge,Durango,2024,5700,1
LEMON_DODGE_DURANGO_6400CC_2024,Dodge,Durango,2024,6400,1
LEMON_DODGE_DURANGO_6200CC_2024,Dodge,Durango,2024,6200,1
LEMON_DODGE_DURANGO_3600CC_2025,Dodge,Durango,2025,3600,1
LEMON_DODGE_DURANGO_3600CC_VING_2025,Dodge,Durango,2025,3600,1
LEMON_DODGE_DURANGO_5700CC_2025,Dodge,Durango,2025,5700,1
LEMON_DODGE_DURANGO_5700CC_VINT_2025,Dodge,Durango,2025,5700,1
LEMON_DODGE_DURANGO_6200CC_2025,Dodge,Durango,2025,6200,1
LEMON_DODGE_GRAND_3000CC_2000,Dodge,Grand,2000,3000,1
LEMON_DODGE_GRAND_3300CC_2000,Dodge,Grand,2000,3300,1
LEMON_DODGE_GRAND_3800CC_2000,Dodge,Grand,2000,3800,1
LEMON_DODGE_GRAND_2001,Dodge,Grand,2001,,1
LEMON_DODGE_GRAND_2002,Dodge,Grand,2002,,1
LEMON_DODGE_GRAND_2003,Dodge,Grand,2003,,1
LEMON_DODGE_GRAND_2004,Dodge,Grand,2004,,1
LEMON_DODGE_GRAND_2005,Dodge,Grand,2005,,1
LEMON_DODGE_GRAND_2006,Dodge,Grand,2006,,1
LEMON_DODGE_GRAND_2007,Dodge,Grand,2007,,1
LEMON_DODGE_GRAND_3300CC_2008,Dodge,Grand,2008,3300,1
LEMON_DODGE_GRAND_3800CC_2008,Dodge,Grand,2008,3800,1
LEMON_DODGE_GRAND_4000CC_2008,Dodge,Grand,2008,4000,1
LEMON_DODGE_GRAND_3300CC_2009,Dodge,Grand,2009,3300,1
LEMON_DODGE_GRAND_4000CC_2009,Dodge,Grand,2009,4000,1
LEMON_DODGE_GRAND_3800CC_2009,Dodge,Grand,2009,3800,1
LEMON_DODGE_GRAND_3300CC_2010,Dodge,Grand,2010,3300,1
LEMON_DODGE_GRAND_4000CC_2010,Dodge,Grand,2010,4000,1
LEMON_DODGE_GRAND_3800CC_2010,Dodge,Grand,2010,3800,1
LEMON_DODGE_GRAND_2011,Dodge,Grand,2011,,1
LEMON_DODGE_GRAND_2012,Dodge,Grand,2012,,1
LEMON_DODGE_GRAND_2013,Dodge,Grand,2013,,1
LEMON_DODGE_GRAND_2014,Dodge,Grand,2014,,1
LEMON_DODGE_GRAND_2015_GRANDCARAVAN,Dodge,Grand,2015,,1
LEMON_DODGE_GRAND_2016,Dodge,Grand,2016,,1
LEMON_DODGE_GRAND_2017,Dodge,Grand,2017,,1
LEMON_DODGE_GRAND_2018,Dodge,Grand,2018,,1
LEMON_DODGE_GRAND_2019,Dodge,Grand,2019,,1
LEMON_DODGE_GRAND_2020,Dodge,Grand,2020,,1
LEMON_DODGE_HORNET_2023,Dodge,Hornet,2023,,1
LEMON_DODGE_HORNET_2000CC_2024,Dodge,Hornet,2024,2000,1
LEMON_DODGE_HORNET_1300CC_2024,Dodge,Hornet,2024,1300,1
LEMON_DODGE_HORNET_2000CC_2025,Dodge,Hornet,2025,2000,1
LEMON_DODGE_HORNET_1300CC_2025,Dodge,Hornet,2025,1300,1
LEMON_DODGE_INTREPID_2000,Dodge,Intrepid,2000,,1
LEMON_DODGE_INTREPID_2700CC_2001,Dodge,Intrepid,2001,2700,1
LEMON_DODGE_INTREPID_3200CC_2001,Dodge,Intrepid,2001,3200,1
LEMON_DODGE_INTREPID_3500CC_2001,Dodge,Intrepid,2001,3500,1
LEMON_DODGE_INTREPID_3500CC_2002,Dodge,Intrepid,2002,3500,1
LEMON_DODGE_INTREPID_2700CC_2002,Dodge,Intrepid,2002,2700,1
LEMON_DODGE_INTREPID_3500CC_2003,Dodge,Intrepid,2003,3500,1
LEMON_DODGE_INTREPID_2700CC_2003,Dodge,Intrepid,2003,2700,1
LEMON_DODGE_INTREPID_2700CC_2004,Dodge,Intrepid,2004,2700,1
LEMON_DODGE_INTREPID_3500CC_2004,Dodge,Intrepid,2004,3500,1
LEMON_DODGE_JOURNEY_2009,Dodge,Journey,2009,,1
LEMON_DODGE_JOURNEY_2010,Dodge,Journey,2010,,1
LEMON_DODGE_JOURNEY_2011,Dodge,Journey,2011,,1
LEMON_DODGE_JOURNEY_2400CC_2012,Dodge,Journey,2012,2400,1
LEMON_DODGE_JOURNEY_3600CC_2012,Dodge,Journey,2012,3600,1
LEMON_DODGE_JOURNEY_2400CC_2013,Dodge,Journey,2013,2400,1
LEMON_DODGE_JOURNEY_3600CC_2013,Dodge,Journey,2013,3600,1
LEMON_DODGE_JOURNEY_2400CC_VINB_2013,Dodge,Journey,2013,2400,1
LEMON_DODGE_JOURNEY_3600CC_VING_2013,Dodge,Journey,2013,3600,1
LEMON_DODGE_JOURNEY_2400CC_VINB_2014,Dodge,Journey,2014,2400,1
LEMON_DODGE_JOURNEY_3600CC_VING_2014,Dodge,Journey,2014,3600,1
LEMON_DODGE_JOURNEY_3600CC_2014,Dodge,Journey,2014,3600,1
LEMON_DODGE_JOURNEY_2400CC_2015,Dodge,Journey,2015,2400,1
LEMON_DODGE_JOURNEY_3600CC_VING_2015,Dodge,Journey,2015,3600,1
LEMON_DODGE_JOURNEY_3600CC_2015,Dodge,Journey,2015,3600,1
LEMON_DODGE_JOURNEY_2400CC_VINB_2015,Dodge,Journey,2015,2400,1
LEMON_DODGE_JOURNEY_2400CC_VINB_2016,Dodge,Journey,2016,2400,1
LEMON_DODGE_JOURNEY_3600CC_VING_2016,Dodge,Journey,2016,3600,1
LEMON_DODGE_JOURNEY_3600CC_2016,Dodge,Journey,2016,3600,1
LEMON_DODGE_JOURNEY_2400CC_VINB_2017,Dodge,Journey,2017,2400,1
LEMON_DODGE_JOURNEY_3600CC_VING_2017,Dodge,Journey,2017,3600,1
LEMON_DODGE_JOURNEY_3600CC_2017,Dodge,Journey,2017,3600,1
LEMON_DODGE_JOURNEY_2400CC_VINB_2018,Dodge,Journey,2018,2400,1
LEMON_DODGE_JOURNEY_3600CC_VING_2018,Dodge,Journey,2018,3600,1
LEMON_DODGE_JOURNEY_3600CC_2018,Dodge,Journey,2018,3600,1
LEMON_DODGE_JOURNEY_2400CC_VINB_2019,Dodge,Journey,2019,2400,1
LEMON_DODGE_JOURNEY_3600CC_VING_2019,Dodge,Journey,2019,3600,1
LEMON_DODGE_JOURNEY_3600CC_2019,Dodge,Journey,2019,3600,1
LEMON_DODGE_JOURNEY_2020,Dodge,Journey,2020,,1
LEMON_DODGE_MAGNUM_5700CC_2005,Dodge,Magnum,2005,5700,1
LEMON_DODGE_MAGNUM_2700CC_2005,Dodge,Magnum,2005,2700,1
LEMON_DODGE_MAGNUM_3500CC_2005,Dodge,Magnum,2005,3500,1
LEMON_DODGE_MAGNUM_2700CC_2006,Dodge,Magnum,2006,2700,1
LEMON_DODGE_MAGNUM_5700CC_2006,Dodge,Magnum,2006,5700,1
LEMON_DODGE_MAGNUM_6100CC_2006,Dodge,Magnum,2006,6100,1
LEMON_DODGE_MAGNUM_3500CC_2006,Dodge,Magnum,2006,3500,1
LEMON_DODGE_MAGNUM_5700CC_2007,Dodge,Magnum,2007,5700,1
LEMON_DODGE_MAGNUM_2700CC_2007,Dodge,Magnum,2007,2700,1
LEMON_DODGE_MAGNUM_3500CC_2007,Dodge,Magnum,2007,3500,1
LEMON_DODGE_MAGNUM_6100CC_2007,Dodge,Magnum,2007,6100,1
LEMON_DODGE_MAGNUM_2700CC_2008,Dodge,Magnum,2008,2700,1
LEMON_DODGE_MAGNUM_5700CC_2008,Dodge,Magnum,2008,5700,1
LEMON_DODGE_MAGNUM_3500CC_2008,Dodge,Magnum,2008,3500,1
LEMON_DODGE_MAGNUM_6100CC_2008,Dodge,Magnum,2008,6100,1
LEMON_DODGE_NEON_2000,Dodge,Neon,2000,,1
LEMON_DODGE_NEON_2001,Dodge,Neon,2001,,1
LEMON_DODGE_NEON_2002,Dodge,Neon,2002,,1
LEMON_DODGE_NEON_2003,Dodge,Neon,2003,,1
LEMON_DODGE_NEON_2004,Dodge,Neon,2004,,1
LEMON_DODGE_NEON_2005,Dodge,Neon,2005,,1
LEMON_DODGE_NITRO_4000CC_2007,Dodge,Nitro,2007,4000,1
LEMON_DODGE_NITRO_3700CC_2007,Dodge,Nitro,2007,3700,1
LEMON_DODGE_NITRO_4000CC_2008,Dodge,Nitro,2008,4000,1
LEMON_DODGE_NITRO_3700CC_2008,Dodge,Nitro,2008,3700,1
LEMON_DODGE_NITRO_4000CC_2009,Dodge,Nitro,2009,4000,1
LEMON_DODGE_NITRO_3700CC_2009,Dodge,Nitro,2009,3700,1
LEMON_DODGE_NITRO_4000CC_2010,Dodge,Nitro,2010,4000,1
LEMON_DODGE_NITRO_3700CC_2010,Dodge,Nitro,2010,3700,1
LEMON_DODGE_NITRO_4000CC_2011,Dodge,Nitro,2011,4000,1
LEMON_DODGE_NITRO_3700CC_2011,Dodge,Nitro,2011,3700,1
LEMON_DODGE_PICKUP_5200CC_2000,Dodge,Pickup,2000,5200,1
LEMON_DODGE_PICKUP_5900CC_2000,Dodge,Pickup,2000,5900,1
LEMON_DODGE_PICKUP_3900CC_2000,Dodge,Pickup,2000,3900,1
LEMON_DODGE_PICKUP_8000CC_2000,Dodge,Pickup,2000,8000,1
LEMON_DODGE_PICKUP_5200CC_2001,Dodge,Pickup,2001,5200,1
LEMON_DODGE_PICKUP_5900CC_2001,Dodge,Pickup,2001,5900,1
LEMON_DODGE_PICKUP_3900CC_2001,Dodge,Pickup,2001,3900,1
LEMON_DODGE_PICKUP_8000CC_2001,Dodge,Pickup,2001,8000,1
LEMON_DODGE_PICKUP_4700CC_2002,Dodge,Pickup,2002,4700,1
LEMON_DODGE_PICKUP_3700CC_2002,Dodge,Pickup,2002,3700,1
LEMON_DODGE_PICKUP_5900CC_2002,Dodge,Pickup,2002,5900,1
LEMON_DODGE_PICKUP_8000CC_2002,Dodge,Pickup,2002,8000,1
LEMON_DODGE_PICKUP_3700CC_2003,Dodge,Pickup,2003,3700,1
LEMON_DODGE_PICKUP_4700CC_2003,Dodge,Pickup,2003,4700,1
LEMON_DODGE_PICKUP_5700CC_2003,Dodge,Pickup,2003,5700,1
LEMON_DODGE_PICKUP_5900CC_2003,Dodge,Pickup,2003,5900,1
LEMON_DODGE_PICKUP_8000CC_2003,Dodge,Pickup,2003,8000,1
LEMON_DODGE_PICKUP_3700CC_2004,Dodge,Pickup,2004,3700,1
LEMON_DODGE_PICKUP_4700CC_2004,Dodge,Pickup,2004,4700,1
LEMON_DODGE_PICKUP_5700CC_2004,Dodge,Pickup,2004,5700,1
LEMON_DODGE_PICKUP_8300CC_2004,Dodge,Pickup,2004,8300,1
LEMON_DODGE_PICKUP_5900CC_2004,Dodge,Pickup,2004,5900,1
LEMON_DODGE_PICKUP_3700CC_2005,Dodge,Pickup,2005,3700,1
LEMON_DODGE_PICKUP_4700CC_2005,Dodge,Pickup,2005,4700,1
LEMON_DODGE_PICKUP_8300CC_2005,Dodge,Pickup,2005,8300,1
LEMON_DODGE_PICKUP_5700CC_2005,Dodge,Pickup,2005,5700,1
LEMON_DODGE_PICKUP_5900CC_2005,Dodge,Pickup,2005,5900,1
LEMON_DODGE_PICKUP_3700CC_2006,Dodge,Pickup,2006,3700,1
LEMON_DODGE_PICKUP_4700CC_2006,Dodge,Pickup,2006,4700,1
LEMON_DODGE_PICKUP_5700CC_2006,Dodge,Pickup,2006,5700,1
LEMON_DODGE_PICKUP_8300CC_2006,Dodge,Pickup,2006,8300,1
LEMON_DODGE_PICKUP_5900CC_2006,Dodge,Pickup,2006,5900,1
LEMON_DODGE_PICKUP_3700CC_2007,Dodge,Pickup,2007,3700,1
LEMON_DODGE_PICKUP_4700CC_2007,Dodge,Pickup,2007,4700,1
LEMON_DODGE_PICKUP_5700CC_2007,Dodge,Pickup,2007,5700,1
LEMON_DODGE_PICKUP_5900CC_2007,Dodge,Pickup,2007,5900,1
LEMON_DODGE_PICKUP_6700CC_2007,Dodge,Pickup,2007,6700,1
LEMON_DODGE_PICKUP_3700CC_2008,Dodge,Pickup,2008,3700,1
LEMON_DODGE_PICKUP_4700CC_2008,Dodge,Pickup,2008,4700,1
LEMON_DODGE_PICKUP_5700CC_2008,Dodge,Pickup,2008,5700,1
LEMON_DODGE_PICKUP_5900CC_2008,Dodge,Pickup,2008,5900,1
LEMON_DODGE_PICKUP_6700CC_2008,Dodge,Pickup,2008,6700,1
LEMON_DODGE_PICKUP_3700CC_2009,Dodge,Pickup,2009,3700,1
LEMON_DODGE_PICKUP_4700CC_2009,Dodge,Pickup,2009,4700,1
LEMON_DODGE_PICKUP_5700CC_2009,Dodge,Pickup,2009,5700,1
LEMON_DODGE_PICKUP_5900CC_2009,Dodge,Pickup,2009,5900,1
LEMON_DODGE_PICKUP_6700CC_2009,Dodge,Pickup,2009,6700,1
LEMON_DODGE_PICKUP_3700CC_2010,Dodge,Pickup,2010,3700,1
LEMON_DODGE_PICKUP_4700CC_2010,Dodge,Pickup,2010,4700,1
LEMON_DODGE_PICKUP_5700CC_2010,Dodge,Pickup,2010,5700,1
LEMON_DODGE_PICKUP_6700CC_2010,Dodge,Pickup,2010,6700,1
LEMON_DODGE_PICKUP_4700CC_2011,Dodge,Pickup,2011,4700,1
LEMON_DODGE_PICKUP_3700CC_2011,Dodge,Pickup,2011,3700,1
LEMON_DODGE_PICKUP_5700CC_2011,Dodge,Pickup,2011,5700,1
LEMON_DODGE_PICKUP_6700CC_2011,Dodge,Pickup,2011,6700,1
LEMON_DODGE_PICKUP_4700CC_VINP_2012,Dodge,Pickup,2012,4700,1
LEMON_DODGE_PICKUP_3700CC_VINK_2012,Dodge,Pickup,2012,3700,1
LEMON_DODGE_PICKUP_5700CC_VINT_2012,Dodge,Pickup,2012,5700,1
LEMON_DODGE_PICKUP_6700CC_VINL_2012,Dodge,Pickup,2012,6700,1
LEMON_DODGE_PICKUP_5700CC_VIN2_2012,Dodge,Pickup,2012,5700,1
LEMON_DODGE_PICKUP_6700CC_2012,Dodge,Pickup,2012,6700,1
LEMON_DODGE_PROMASTER_3000CC_VIND_2014,Dodge,ProMaster,2014,3000,1
LEMON_DODGE_PROMASTER_3600CC_VING_2014,Dodge,ProMaster,2014,3600,1
LEMON_DODGE_PROMASTER_3000CC_VIND_2015,Dodge,ProMaster,2015,3000,1
LEMON_DODGE_PROMASTER_3600CC_VING_2015,Dodge,ProMaster,2015,3600,1
LEMON_DODGE_PROMASTER_2015_PROMASTERCIT,Dodge,ProMaster,2015,,1
LEMON_DODGE_PROMASTER_3000CC_VIND_2016,Dodge,ProMaster,2016,3000,1
LEMON_DODGE_PROMASTER_3600CC_VING_2016,Dodge,ProMaster,2016,3600,1
LEMON_DODGE_PROMASTER_2016,Dodge,ProMaster,2016,,1
LEMON_DODGE_PROMASTER_3000CC_VIND_2017,Dodge,ProMaster,2017,3000,1
LEMON_DODGE_PROMASTER_3600CC_VING_2017,Dodge,ProMaster,2017,3600,1
LEMON_DODGE_PROMASTER_2400CC_VINB_2017,Dodge,ProMaster,2017,2400,1
LEMON_DODGE_PROMASTER_2400CC_VINT_2017,Dodge,ProMaster,2017,2400,1
LEMON_DODGE_PROMASTER_2018,Dodge,ProMaster,2018,,1
LEMON_DODGE_PROMASTER_2400CC_VINT_2018,Dodge,ProMaster,2018,2400,1
LEMON_DODGE_PROMASTER_2400CC_VINB_2018,Dodge,ProMaster,2018,2400,1
LEMON_DODGE_PROMASTER_2019,Dodge,ProMaster,2019,,1
LEMON_DODGE_PROMASTER_2020,Dodge,ProMaster,2020,,1
LEMON_DODGE_PROMASTER_2021,Dodge,ProMaster,2021,,1
LEMON_DODGE_PROMASTER_2022,Dodge,ProMaster,2022,,1
LEMON_DODGE_PROMASTER_2400CC_VINB_2022,Dodge,ProMaster,2022,2400,1
LEMON_DODGE_PROMASTER_2400CC_VINP_2022,Dodge,ProMaster,2022,2400,1
LEMON_DODGE_PROMASTER_2023,Dodge,ProMaster,2023,,1
LEMON_DODGE_PROMASTER_2024,Dodge,ProMaster,2024,,1
LEMON_DODGE_PROMASTER_2025,Dodge,ProMaster,2025,,1
LEMON_DODGE_SRT_4_2003,Dodge,SRT-4,2003,,1
LEMON_DODGE_SRT_4_2004,Dodge,SRT-4,2004,,1
LEMON_DODGE_SRT_4_2005,Dodge,SRT-4,2005,,1
LEMON_DODGE_SPRINTER_2003,Dodge,Sprinter,2003,,1
LEMON_DODGE_SPRINTER_2004,Dodge,Sprinter,2004,,1
LEMON_DODGE_SPRINTER_2005,Dodge,Sprinter,2005,,1
LEMON_DODGE_SPRINTER_2006,Dodge,Sprinter,2006,,1
LEMON_DODGE_SPRINTER_2007,Dodge,Sprinter,2007,,1
LEMON_DODGE_SPRINTER_2008,Dodge,Sprinter,2008,,1
LEMON_DODGE_SPRINTER_2009,Dodge,Sprinter,2009,,1
LEMON_DODGE_STRATUS_2000,Dodge,Stratus,2000,,1
LEMON_DODGE_STRATUS_2001,Dodge,Stratus,2001,,1
LEMON_DODGE_STRATUS_2002,Dodge,Stratus,2002,,1
LEMON_DODGE_STRATUS_2400CC_2003,Dodge,Stratus,2003,2400,1
LEMON_DODGE_STRATUS_2700CC_2003,Dodge,Stratus,2003,2700,1
LEMON_DODGE_STRATUS_3000CC_2003,Dodge,Stratus,2003,3000,1
LEMON_DODGE_STRATUS_2003,Dodge,Stratus,2003,,1
LEMON_DODGE_STRATUS_2700CC_2004,Dodge,Stratus,2004,2700,1
LEMON_DODGE_STRATUS_3000CC_2004,Dodge,Stratus,2004,3000,1
LEMON_DODGE_STRATUS_2400CC_2004,Dodge,Stratus,2004,2400,1
LEMON_DODGE_STRATUS_3000CC_2005,Dodge,Stratus,2005,3000,1
LEMON_DODGE_STRATUS_2700CC_2005,Dodge,Stratus,2005,2700,1
LEMON_DODGE_STRATUS_2400CC_2005,Dodge,Stratus,2005,2400,1
LEMON_DODGE_STRATUS_2700CC_2006,Dodge,Stratus,2006,2700,1
LEMON_DODGE_STRATUS_2400CC_2006,Dodge,Stratus,2006,2400,1
LEMON_DODGE_VIPER_2000,Dodge,Viper,2000,,1
LEMON_DODGE_VIPER_2001,Dodge,Viper,2001,,1
LEMON_DODGE_VIPER_2002,Dodge,Viper,2002,,1
LEMON_DODGE_VIPER_2003,Dodge,Viper,2003,,1
LEMON_DODGE_VIPER_2004,Dodge,Viper,2004,,1
LEMON_DODGE_VIPER_2005,Dodge,Viper,2005,,1
LEMON_DODGE_VIPER_2006,Dodge,Viper,2006,,1
LEMON_DODGE_VIPER_2008,Dodge,Viper,2008,,1
LEMON_DODGE_VIPER_2009,Dodge,Viper,2009,,1
LEMON_DODGE_VIPER_2010,Dodge,Viper,2010,,1
LEMON_DODGE_VIPER_2013,Dodge,Viper,2013,,1
LEMON_DODGE_VIPER_2014,Dodge,Viper,2014,,1
LEMON_DODGE_VIPER_2015_VIPERBASE,Dodge,Viper,2015,,1
LEMON_DODGE_VIPER_2015_VIPERGT,Dodge,Viper,2015,,1
LEMON_DODGE_VIPER_2015_VIPERGTS,Dodge,Viper,2015,,1
LEMON_DODGE_VIPER_2016,Dodge,Viper,2016,,1
LEMON_DODGE_VIPER_2017,Dodge,Viper,2017,,1
LEMON_FIAT_124_2017,Fiat,124,2017,,1
LEMON_FIAT_124_2018,Fiat,124,2018,,1
LEMON_FIAT_124_2019,Fiat,124,2019,,1
LEMON_FIAT_124_2020,Fiat,124,2020,,1
LEMON_FIAT_500_2012,Fiat,500,2012,,1
LEMON_FIAT_500_2013,Fiat,500,2013,,1
LEMON_FIAT_500_1400CC_VINH_2013,Fiat,500,2013,1400,1
LEMON_FIAT_500_1400CC_VINR_2013,Fiat,500,2013,1400,1
LEMON_FIAT_500_2014,Fiat,500,2014,,1
LEMON_FIAT_500_1400CC_VINH_2014,Fiat,500,2014,1400,1
LEMON_FIAT_500_1400CC_VINR_2014,Fiat,500,2014,1400,1
LEMON_FIAT_500_2016,Fiat,500,2016,,1
LEMON_FIAT_500_2017,Fiat,500,2017,,1
LEMON_FIAT_500_2018,Fiat,500,2018,,1
LEMON_FIAT_500_2019,Fiat,500,2019,,1
LEMON_FIAT_500_2024,Fiat,500,2024,,1
LEMON_FIAT_500_C_2016,Fiat,500 c,2016,,1
LEMON_FIAT_500_C_2017,Fiat,500 c,2017,,1
LEMON_FIAT_500_C_2018,Fiat,500 c,2018,,1
LEMON_FIAT_500_C_2019,Fiat,500 c,2019,,1
LEMON_FIAT_500L_2014,Fiat,500L,2014,,1
LEMON_FIAT_500L_2016,Fiat,500L,2016,,1
LEMON_FIAT_500L_2017,Fiat,500L,2017,,1
LEMON_FIAT_500L_2018,Fiat,500L,2018,,1
LEMON_FIAT_500L_2019,Fiat,500L,2019,,1
LEMON_FIAT_500L_2020,Fiat,500L,2020,,1
LEMON_FIAT_500X_2400CC_2016,Fiat,500X,2016,2400,1
LEMON_FIAT_500X_1400CC_VINW_2016,Fiat,500X,2016,1400,1
LEMON_FIAT_500X_2400CC_VINT_2016,Fiat,500X,2016,2400,1
LEMON_FIAT_500X_2400CC_2017,Fiat,500X,2017,2400,1
LEMON_FIAT_500X_2400CC_VINB_2017,Fiat,500X,2017,2400,1
LEMON_FIAT_500X_1400CC_VINH_2017,Fiat,500X,2017,1400,1
LEMON_FIAT_500X_2400CC_2018,Fiat,500X,2018,2400,1
LEMON_FIAT_500X_1400CC_VINH_2018,Fiat,500X,2018,1400,1
LEMON_FIAT_500X_2400CC_VINB_2018,Fiat,500X,2018,2400,1
LEMON_FIAT_500X_2019,Fiat,500X,2019,,1
LEMON_FIAT_500X_2020,Fiat,500X,2020,,1
LEMON_FIAT_500X_2021,Fiat,500X,2021,,1
LEMON_FIAT_500X_2022,Fiat,500X,2022,,1
LEMON_FIAT_500X_2023,Fiat,500X,2023,,1
LEMON_FIAT_500E_2013,Fiat,500e,2013,,1
LEMON_FIAT_500E_2014,Fiat,500e,2014,,1
LEMON_FIAT_500E_2025,Fiat,500e,2025,,1
LEMON_FORD_BRONCO_2300CC_VINH_2021,Ford,Bronco,2021,2300,1
LEMON_FORD_BRONCO_2700CC_VINP_2021,Ford,Bronco,2021,2700,1
LEMON_FORD_BRONCO_2700CC_2021,Ford,Bronco,2021,2700,1
LEMON_FORD_BRONCO_1500CC_2021,Ford,Bronco,2021,1500,1
LEMON_FORD_BRONCO_2000CC_2021,Ford,Bronco,2021,2000,1
LEMON_FORD_BRONCO_2300CC_VINH_2022,Ford,Bronco,2022,2300,1
LEMON_FORD_BRONCO_2700CC_VINP_2022,Ford,Bronco,2022,2700,1
LEMON_FORD_BRONCO_2300CC_2022,Ford,Bronco,2022,2300,1
LEMON_FORD_BRONCO_3000CC_2022,Ford,Bronco,2022,3000,1
LEMON_FORD_BRONCO_2700CC_2022,Ford,Bronco,2022,2700,1
LEMON_FORD_BRONCO_2000CC_2022,Ford,Bronco,2022,2000,1
LEMON_FORD_BRONCO_1500CC_2022,Ford,Bronco,2022,1500,1
LEMON_FORD_BRONCO_2300CC_VINH_2023,Ford,Bronco,2023,2300,1
LEMON_FORD_BRONCO_2700CC_VINP_2023,Ford,Bronco,2023,2700,1
LEMON_FORD_BRONCO_2300CC_2023,Ford,Bronco,2023,2300,1
LEMON_FORD_BRONCO_2700CC_2023,Ford,Bronco,2023,2700,1
LEMON_FORD_BRONCO_3000CC_2023,Ford,Bronco,2023,3000,1
LEMON_FORD_BRONCO_2000CC_2023,Ford,Bronco,2023,2000,1
LEMON_FORD_BRONCO_1500CC_2023,Ford,Bronco,2023,1500,1
LEMON_FORD_BRONCO_2300CC_2024,Ford,Bronco,2024,2300,1
LEMON_FORD_BRONCO_2700CC_VINP_2024,Ford,Bronco,2024,2700,1
LEMON_FORD_BRONCO_2300CC_VINH_2024,Ford,Bronco,2024,2300,1
LEMON_FORD_BRONCO_2700CC_2024,Ford,Bronco,2024,2700,1
LEMON_FORD_BRONCO_3000CC_2024,Ford,Bronco,2024,3000,1
LEMON_FORD_BRONCO_1500CC_2024,Ford,Bronco,2024,1500,1
LEMON_FORD_BRONCO_2000CC_2024,Ford,Bronco,2024,2000,1
LEMON_FORD_C_MAX_2013,Ford,C-Max,2013,,1
LEMON_FORD_C_MAX_2014,Ford,C-Max,2014,,1
LEMON_FORD_C_MAX_2015_CMAXENERGISE,Ford,C-Max,2015,,1
LEMON_FORD_C_MAX_2015_CMAXHYBRIDSE,Ford,C-Max,2015,,1
LEMON_FORD_C_MAX_2016,Ford,C-Max,2016,,1
LEMON_FORD_C_MAX_2017,Ford,C-Max,2017,,1
LEMON_FORD_C_MAX_2018,Ford,C-Max,2018,,1
LEMON_FORD_CAB_6800CC_2000,Ford,Cab,2000,6800,1
LEMON_FORD_CAB_5400CC_2000,Ford,Cab,2000,5400,1
LEMON_FORD_CAB_7300CC_2000,Ford,Cab,2000,7300,1
LEMON_FORD_CAB_6800CC_2001,Ford,Cab,2001,6800,1
LEMON_FORD_CAB_5400CC_2001,Ford,Cab,2001,5400,1
LEMON_FORD_CAB_7300CC_2001,Ford,Cab,2001,7300,1
LEMON_FORD_CAB_5400CC_2002,Ford,Cab,2002,5400,1
LEMON_FORD_CAB_6800CC_2002,Ford,Cab,2002,6800,1
LEMON_FORD_CAB_7300CC_2002,Ford,Cab,2002,7300,1
LEMON_FORD_CAB_6000CC_2003,Ford,Cab,2003,6000,1
LEMON_FORD_CAB_5400CC_2003,Ford,Cab,2003,5400,1
LEMON_FORD_CAB_6800CC_2003,Ford,Cab,2003,6800,1
LEMON_FORD_CAB_7300CC_2003,Ford,Cab,2003,7300,1
LEMON_FORD_CAB_5400CC_2004,Ford,Cab,2004,5400,1
LEMON_FORD_CAB_6000CC_2004,Ford,Cab,2004,6000,1
LEMON_FORD_CAB_6800CC_2004,Ford,Cab,2004,6800,1
LEMON_FORD_CAB_6000CC_2005,Ford,Cab,2005,6000,1
LEMON_FORD_CAB_5400CC_2005,Ford,Cab,2005,5400,1
LEMON_FORD_CAB_6800CC_2005,Ford,Cab,2005,6800,1
LEMON_FORD_CAB_6000CC_2006,Ford,Cab,2006,6000,1
LEMON_FORD_CAB_5400CC_2006,Ford,Cab,2006,5400,1
LEMON_FORD_CAB_6800CC_2006,Ford,Cab,2006,6800,1
LEMON_FORD_CAB_5400CC_2007,Ford,Cab,2007,5400,1
LEMON_FORD_CAB_6000CC_2007,Ford,Cab,2007,6000,1
LEMON_FORD_CAB_6800CC_2007,Ford,Cab,2007,6800,1
LEMON_FORD_CAB_6400CC_2008,Ford,Cab,2008,6400,1
LEMON_FORD_CAB_5400CC_2008,Ford,Cab,2008,5400,1
LEMON_FORD_CAB_6800CC_2008,Ford,Cab,2008,6800,1
LEMON_FORD_CAB_5400CC_2009,Ford,Cab,2009,5400,1
LEMON_FORD_CAB_6400CC_2009,Ford,Cab,2009,6400,1
LEMON_FORD_CAB_6800CC_2009,Ford,Cab,2009,6800,1
LEMON_FORD_CAB_5400CC_2010,Ford,Cab,2010,5400,1
LEMON_FORD_CAB_6400CC_2010,Ford,Cab,2010,6400,1
LEMON_FORD_CAB_6800CC_2010,Ford,Cab,2010,6800,1
LEMON_FORD_CAB_6200CC_2011,Ford,Cab,2011,6200,1
LEMON_FORD_CAB_6700CC_2011,Ford,Cab,2011,6700,1
LEMON_FORD_CAB_6700CC_VINT_2012,Ford,Cab,2012,6700,1
LEMON_FORD_CAB_6200CC_VIN6_2012,Ford,Cab,2012,6200,1
LEMON_FORD_CONTOUR_2000CC_2000,Ford,Contour,2000,2000,1
LEMON_FORD_CONTOUR_2500CC_2000,Ford,Contour,2000,2500,1
LEMON_FORD_CROWN_2000,Ford,Crown,2000,,1
LEMON_FORD_CROWN_2001,Ford,Crown,2001,,1
LEMON_FORD_CROWN_2002,Ford,Crown,2002,,1
LEMON_FORD_CROWN_2003,Ford,Crown,2003,,1
LEMON_FORD_CROWN_2004,Ford,Crown,2004,,1
LEMON_FORD_CROWN_2005,Ford,Crown,2005,,1
LEMON_FORD_CROWN_2006,Ford,Crown,2006,,1
LEMON_FORD_CROWN_2007,Ford,Crown,2007,,1
LEMON_FORD_CROWN_2008,Ford,Crown,2008,,1
LEMON_FORD_CROWN_2009,Ford,Crown,2009,,1
LEMON_FORD_CROWN_2010,Ford,Crown,2010,,1
LEMON_FORD_CROWN_2011,Ford,Crown,2011,,1
LEMON_FORD_CUTAWAY_2000,Ford,Cutaway,2000,,1
LEMON_FORD_CUTAWAY_5400CC_2000,Ford,Cutaway,2000,5400,1
LEMON_FORD_CUTAWAY_6800CC_2000,Ford,Cutaway,2000,6800,1
LEMON_FORD_CUTAWAY_7300CC_2000,Ford,Cutaway,2000,7300,1
LEMON_FORD_CUTAWAY_5400CC_2001,Ford,Cutaway,2001,5400,1
LEMON_FORD_CUTAWAY_6800CC_2001,Ford,Cutaway,2001,6800,1
LEMON_FORD_CUTAWAY_7300CC_2001,Ford,Cutaway,2001,7300,1
LEMON_FORD_CUTAWAY_6800CC_2002,Ford,Cutaway,2002,6800,1
LEMON_FORD_CUTAWAY_5400CC_2002,Ford,Cutaway,2002,5400,1
LEMON_FORD_CUTAWAY_7300CC_2002,Ford,Cutaway,2002,7300,1
LEMON_FORD_CUTAWAY_5400CC_2003,Ford,Cutaway,2003,5400,1
LEMON_FORD_CUTAWAY_6800CC_2003,Ford,Cutaway,2003,6800,1
LEMON_FORD_CUTAWAY_7300CC_2003,Ford,Cutaway,2003,7300,1
LEMON_FORD_CUTAWAY_5400CC_2004,Ford,Cutaway,2004,5400,1
LEMON_FORD_CUTAWAY_6000CC_2004,Ford,Cutaway,2004,6000,1
LEMON_FORD_CUTAWAY_6800CC_2004,Ford,Cutaway,2004,6800,1
LEMON_FORD_CUTAWAY_5400CC_2005,Ford,Cutaway,2005,5400,1
LEMON_FORD_CUTAWAY_6000CC_2005,Ford,Cutaway,2005,6000,1
LEMON_FORD_CUTAWAY_6800CC_2005,Ford,Cutaway,2005,6800,1
LEMON_FORD_CUTAWAY_5400CC_2006,Ford,Cutaway,2006,5400,1
LEMON_FORD_CUTAWAY_6000CC_2006,Ford,Cutaway,2006,6000,1
LEMON_FORD_CUTAWAY_6800CC_2006,Ford,Cutaway,2006,6800,1
LEMON_FORD_CUTAWAY_5400CC_2007,Ford,Cutaway,2007,5400,1
LEMON_FORD_CUTAWAY_6000CC_2007,Ford,Cutaway,2007,6000,1
LEMON_FORD_CUTAWAY_6800CC_2007,Ford,Cutaway,2007,6800,1
LEMON_FORD_CUTAWAY_2008,Ford,Cutaway,2008,,1
LEMON_FORD_CUTAWAY_5400CC_2008,Ford,Cutaway,2008,5400,1
LEMON_FORD_CUTAWAY_6800CC_2008,Ford,Cutaway,2008,6800,1
LEMON_FORD_CUTAWAY_6000CC_2008,Ford,Cutaway,2008,6000,1
LEMON_FORD_CUTAWAY_5400CC_2009,Ford,Cutaway,2009,5400,1
LEMON_FORD_CUTAWAY_6000CC_2009,Ford,Cutaway,2009,6000,1
LEMON_FORD_CUTAWAY_6800CC_2009,Ford,Cutaway,2009,6800,1
LEMON_FORD_CUTAWAY_2010,Ford,Cutaway,2010,,1
LEMON_FORD_CUTAWAY_5400CC_2010,Ford,Cutaway,2010,5400,1
LEMON_FORD_CUTAWAY_6000CC_2010,Ford,Cutaway,2010,6000,1
LEMON_FORD_CUTAWAY_6800CC_2010,Ford,Cutaway,2010,6800,1
LEMON_FORD_CUTAWAY_2011,Ford,Cutaway,2011,,1
LEMON_FORD_CUTAWAY_5400CC_2011,Ford,Cutaway,2011,5400,1
LEMON_FORD_CUTAWAY_6800CC_2011,Ford,Cutaway,2011,6800,1
LEMON_FORD_CUTAWAY_5400CC_VINL_2012,Ford,Cutaway,2012,5400,1
LEMON_FORD_CUTAWAY_2012,Ford,Cutaway,2012,,1
LEMON_FORD_CUTAWAY_6800CC_VINS_2012,Ford,Cutaway,2012,6800,1
LEMON_FORD_E-150_4600CC_VINW_2013,Ford,E-150,2013,4600,1
LEMON_FORD_E-150_5400CC_VINL_2013,Ford,E-150,2013,5400,1
LEMON_FORD_E-150_5400CC_VINL_2014,Ford,E-150,2014,5400,1
LEMON_FORD_E-150_4600CC_VINW_2014,Ford,E-150,2014,4600,1
LEMON_FORD_E-250_5400CC_VINL_2013,Ford,E-250,2013,5400,1
LEMON_FORD_E-250_4600CC_VINW_2013,Ford,E-250,2013,4600,1
LEMON_FORD_E-250_4600CC_VINW_2014,Ford,E-250,2014,4600,1
LEMON_FORD_E-250_5400CC_VINL_2014,Ford,E-250,2014,5400,1
LEMON_FORD_E-350_5400CC_VINL_2013,Ford,E-350,2013,5400,1
LEMON_FORD_E-350_6800CC_VINS_2013,Ford,E-350,2013,6800,1
LEMON_FORD_E-350_5400CC_VINL_2014,Ford,E-350,2014,5400,1
LEMON_FORD_E-350_6800CC_VINS_2014,Ford,E-350,2014,6800,1
LEMON_FORD_E-350_6800CC_VINS_2015,Ford,E-350,2015,6800,1
LEMON_FORD_E-350_5400CC_VINL_2015,Ford,E-350,2015,5400,1
LEMON_FORD_E-350_5400CC_VINL_2016,Ford,E-350,2016,5400,1
LEMON_FORD_E-350_6800CC_VINS_2016,Ford,E-350,2016,6800,1
LEMON_FORD_E-350_6200CC_VIN6_2017,Ford,E-350,2017,6200,1
LEMON_FORD_E-350_6800CC_VINS_2017,Ford,E-350,2017,6800,1
LEMON_FORD_E-350_6800CC_VINS_2018,Ford,E-350,2018,6800,1
LEMON_FORD_E-350_6200CC_VIN6_2018,Ford,E-350,2018,6200,1
LEMON_FORD_E-350_6800CC_VINS_2019,Ford,E-350,2019,6800,1
LEMON_FORD_E-350_6200CC_VIN6_2019,Ford,E-350,2019,6200,1
LEMON_FORD_E-350_7300CC_VINK_2021,Ford,E-350,2021,7300,1
LEMON_FORD_E-350_7300CC_VINN_2021,Ford,E-350,2021,7300,1
LEMON_FORD_E-350_7300CC_VINK_2022,Ford,E-350,2022,7300,1
LEMON_FORD_E-350_7300CC_VINN_2022,Ford,E-350,2022,7300,1
LEMON_FORD_E-350_7300CC_VINK_2023,Ford,E-350,2023,7300,1
LEMON_FORD_E-350_7300CC_VINN_2023,Ford,E-350,2023,7300,1
LEMON_FORD_E_350_2024,Ford,E-350,2024,,1
LEMON_FORD_E-450_5400CC_VINL_2013,Ford,E-450,2013,5400,1
LEMON_FORD_E-450_6800CC_VINS_2013,Ford,E-450,2013,6800,1
LEMON_FORD_E-450_5400CC_VINL_2014,Ford,E-450,2014,5400,1
LEMON_FORD_E-450_6800CC_VINS_2014,Ford,E-450,2014,6800,1
LEMON_FORD_E-450_5400CC_VINL_2015,Ford,E-450,2015,5400,1
LEMON_FORD_E-450_6800CC_VINS_2015,Ford,E-450,2015,6800,1
LEMON_FORD_E-450_5400CC_VINL_2016,Ford,E-450,2016,5400,1
LEMON_FORD_E-450_6800CC_VINS_2016,Ford,E-450,2016,6800,1
LEMON_FORD_E-450_6200CC_VIN6_2017,Ford,E-450,2017,6200,1
LEMON_FORD_E-450_6800CC_VINS_2017,Ford,E-450,2017,6800,1
LEMON_FORD_E-450_6800CC_VINS_2018,Ford,E-450,2018,6800,1
LEMON_FORD_E-450_6200CC_VIN6_2018,Ford,E-450,2018,6200,1
LEMON_FORD_E-450_6200CC_VIN6_2019,Ford,E-450,2019,6200,1
LEMON_FORD_E-450_6800CC_VINS_2019,Ford,E-450,2019,6800,1
LEMON_FORD_E-450_7300CC_VINK_2021,Ford,E-450,2021,7300,1
LEMON_FORD_E-450_7300CC_VINN_2021,Ford,E-450,2021,7300,1
LEMON_FORD_E-450_7300CC_VINK_2022,Ford,E-450,2022,7300,1
LEMON_FORD_E-450_7300CC_VINN_2022,Ford,E-450,2022,7300,1
LEMON_FORD_E-450_7300CC_VINK_2023,Ford,E-450,2023,7300,1
LEMON_FORD_E-450_7300CC_VINN_2023,Ford,E-450,2023,7300,1
LEMON_FORD_E_450_2024,Ford,E-450,2024,,1
LEMON_FORD_E_TRANSIT_2022,Ford,E-Transit,2022,,1
LEMON_FORD_E_TRANSIT_2023,Ford,E-Transit,2023,,1
LEMON_FORD_E_TRANSIT_2024,Ford,E-Transit,2024,,1
LEMON_FORD_E450_2000,Ford,E450,2000,,1
LEMON_FORD_E450_6800CC_2000,Ford,E450,2000,6800,1
LEMON_FORD_E450_7300CC_2000,Ford,E450,2000,7300,1
LEMON_FORD_E450_2001,Ford,E450,2001,,1
LEMON_FORD_E450_6800CC_2001,Ford,E450,2001,6800,1
LEMON_FORD_E450_7300CC_2001,Ford,E450,2001,7300,1
LEMON_FORD_E450_2002,Ford,E450,2002,,1
LEMON_FORD_E450_6800CC_2002,Ford,E450,2002,6800,1
LEMON_FORD_E450_7300CC_2002,Ford,E450,2002,7300,1
LEMON_FORD_E450_5400CC_2003,Ford,E450,2003,5400,1
LEMON_FORD_E450_6800CC_2003,Ford,E450,2003,6800,1
LEMON_FORD_E450_7300CC_2003,Ford,E450,2003,7300,1
LEMON_FORD_E450_5400CC_2004,Ford,E450,2004,5400,1
LEMON_FORD_E450_6800CC_2004,Ford,E450,2004,6800,1
LEMON_FORD_E450_6000CC_2004,Ford,E450,2004,6000,1
LEMON_FORD_E450_6000CC_2005,Ford,E450,2005,6000,1
LEMON_FORD_E450_2005,Ford,E450,2005,,1
LEMON_FORD_E450_6800CC_2005,Ford,E450,2005,6800,1
LEMON_FORD_E450_5400CC_2006,Ford,E450,2006,5400,1
LEMON_FORD_E450_6000CC_2006,Ford,E450,2006,6000,1
LEMON_FORD_E450_6800CC_2006,Ford,E450,2006,6800,1
LEMON_FORD_E450_6000CC_2007,Ford,E450,2007,6000,1
LEMON_FORD_E450_6800CC_2007,Ford,E450,2007,6800,1
LEMON_FORD_E450_5400CC_2007,Ford,E450,2007,5400,1
LEMON_FORD_E450_5400CC_2008,Ford,E450,2008,5400,1
LEMON_FORD_E450_6000CC_2008,Ford,E450,2008,6000,1
LEMON_FORD_E450_6800CC_2008,Ford,E450,2008,6800,1
LEMON_FORD_E450_5400CC_2009,Ford,E450,2009,5400,1
LEMON_FORD_E450_6000CC_2009,Ford,E450,2009,6000,1
LEMON_FORD_E450_6800CC_2009,Ford,E450,2009,6800,1
LEMON_FORD_E450_5400CC_2010,Ford,E450,2010,5400,1
LEMON_FORD_E450_6000CC_2010,Ford,E450,2010,6000,1
LEMON_FORD_E450_6800CC_2010,Ford,E450,2010,6800,1
LEMON_FORD_E450_5400CC_2011,Ford,E450,2011,5400,1
LEMON_FORD_E450_6800CC_2011,Ford,E450,2011,6800,1
LEMON_FORD_E450_5400CC_2012,Ford,E450,2012,5400,1
LEMON_FORD_E450_6800CC_2012,Ford,E450,2012,6800,1
LEMON_FORD_E550_6800CC_2002,Ford,E550,2002,6800,1
LEMON_FORD_E550_7300CC_2002,Ford,E550,2002,7300,1
LEMON_FORD_E550_6800CC_2003,Ford,E550,2003,6800,1
LEMON_FORD_E550_7300CC_2003,Ford,E550,2003,7300,1
LEMON_FORD_ECOSPORT_1000CC_VINE_2018,Ford,EcoSport,2018,1000,1
LEMON_FORD_ECOSPORT_2000CC_VINL_2018,Ford,EcoSport,2018,2000,1
LEMON_FORD_ECOSPORT_2000CC_2018,Ford,EcoSport,2018,2000,1
LEMON_FORD_ECOSPORT_2000CC_VINL_2019,Ford,EcoSport,2019,2000,1
LEMON_FORD_ECOSPORT_1000CC_VINE_2019,Ford,EcoSport,2019,1000,1
LEMON_FORD_ECOSPORT_2000CC_2019,Ford,EcoSport,2019,2000,1
LEMON_FORD_ECOSPORT_1000CC_VINE_2020,Ford,EcoSport,2020,1000,1
LEMON_FORD_ECOSPORT_2000CC_VINL_2020,Ford,EcoSport,2020,2000,1
LEMON_FORD_ECOSPORT_2000CC_2020,Ford,EcoSport,2020,2000,1
LEMON_FORD_ECOSPORT_1000CC_VINE_2021,Ford,EcoSport,2021,1000,1
LEMON_FORD_ECOSPORT_2000CC_VINL_2021,Ford,EcoSport,2021,2000,1
LEMON_FORD_ECOSPORT_2000CC_2021,Ford,EcoSport,2021,2000,1
LEMON_FORD_ECOSPORT_2000CC_2022,Ford,EcoSport,2022,2000,1
LEMON_FORD_ECONOLINE_4200CC_2000,Ford,Econoline,2000,4200,1
LEMON_FORD_ECONOLINE_4600CC_2000,Ford,Econoline,2000,4600,1
LEMON_FORD_ECONOLINE_5400CC_2000,Ford,Econoline,2000,5400,1
LEMON_FORD_ECONOLINE_6800CC_2000,Ford,Econoline,2000,6800,1
LEMON_FORD_ECONOLINE_7300CC_2000,Ford,Econoline,2000,7300,1
LEMON_FORD_ECONOLINE_4600CC_2001,Ford,Econoline,2001,4600,1
LEMON_FORD_ECONOLINE_4200CC_2001,Ford,Econoline,2001,4200,1
LEMON_FORD_ECONOLINE_5400CC_2001,Ford,Econoline,2001,5400,1
LEMON_FORD_ECONOLINE_6800CC_2001,Ford,Econoline,2001,6800,1
LEMON_FORD_ECONOLINE_7300CC_2001,Ford,Econoline,2001,7300,1
LEMON_FORD_ECONOLINE_4200CC_2002,Ford,Econoline,2002,4200,1
LEMON_FORD_ECONOLINE_4600CC_2002,Ford,Econoline,2002,4600,1
LEMON_FORD_ECONOLINE_5400CC_2002,Ford,Econoline,2002,5400,1
LEMON_FORD_ECONOLINE_6800CC_2002,Ford,Econoline,2002,6800,1
LEMON_FORD_ECONOLINE_7300CC_2002,Ford,Econoline,2002,7300,1
LEMON_FORD_ECONOLINE_4200CC_2003,Ford,Econoline,2003,4200,1
LEMON_FORD_ECONOLINE_5400CC_2003,Ford,Econoline,2003,5400,1
LEMON_FORD_ECONOLINE_4600CC_2003,Ford,Econoline,2003,4600,1
LEMON_FORD_ECONOLINE_6800CC_2003,Ford,Econoline,2003,6800,1
LEMON_FORD_ECONOLINE_7300CC_2003,Ford,Econoline,2003,7300,1
LEMON_FORD_ECONOLINE_4600CC_2004,Ford,Econoline,2004,4600,1
LEMON_FORD_ECONOLINE_5400CC_2004,Ford,Econoline,2004,5400,1
LEMON_FORD_ECONOLINE_6000CC_2004,Ford,Econoline,2004,6000,1
LEMON_FORD_ECONOLINE_6800CC_2004,Ford,Econoline,2004,6800,1
LEMON_FORD_ECONOLINE_4600CC_2005,Ford,Econoline,2005,4600,1
LEMON_FORD_ECONOLINE_5400CC_2005,Ford,Econoline,2005,5400,1
LEMON_FORD_ECONOLINE_6800CC_2005,Ford,Econoline,2005,6800,1
LEMON_FORD_ECONOLINE_6000CC_2005,Ford,Econoline,2005,6000,1
LEMON_FORD_ECONOLINE_4600CC_2006,Ford,Econoline,2006,4600,1
LEMON_FORD_ECONOLINE_5400CC_2006,Ford,Econoline,2006,5400,1
LEMON_FORD_ECONOLINE_6800CC_2006,Ford,Econoline,2006,6800,1
LEMON_FORD_ECONOLINE_6000CC_2006,Ford,Econoline,2006,6000,1
LEMON_FORD_ECONOLINE_4600CC_2007,Ford,Econoline,2007,4600,1
LEMON_FORD_ECONOLINE_5400CC_2007,Ford,Econoline,2007,5400,1
LEMON_FORD_ECONOLINE_6000CC_2007,Ford,Econoline,2007,6000,1
LEMON_FORD_ECONOLINE_6800CC_2007,Ford,Econoline,2007,6800,1
LEMON_FORD_ECONOLINE_4600CC_2008,Ford,Econoline,2008,4600,1
LEMON_FORD_ECONOLINE_5400CC_2008,Ford,Econoline,2008,5400,1
LEMON_FORD_ECONOLINE_6000CC_2008,Ford,Econoline,2008,6000,1
LEMON_FORD_ECONOLINE_6800CC_2008,Ford,Econoline,2008,6800,1
LEMON_FORD_ECONOLINE_4600CC_2009,Ford,Econoline,2009,4600,1
LEMON_FORD_ECONOLINE_5400CC_2009,Ford,Econoline,2009,5400,1
LEMON_FORD_ECONOLINE_6000CC_2009,Ford,Econoline,2009,6000,1
LEMON_FORD_ECONOLINE_6800CC_2009,Ford,Econoline,2009,6800,1
LEMON_FORD_ECONOLINE_4600CC_2010,Ford,Econoline,2010,4600,1
LEMON_FORD_ECONOLINE_5400CC_2010,Ford,Econoline,2010,5400,1
LEMON_FORD_ECONOLINE_6800CC_2010,Ford,Econoline,2010,6800,1
LEMON_FORD_ECONOLINE_6000CC_2010,Ford,Econoline,2010,6000,1
LEMON_FORD_ECONOLINE_4600CC_2011,Ford,Econoline,2011,4600,1
LEMON_FORD_ECONOLINE_5400CC_2011,Ford,Econoline,2011,5400,1
LEMON_FORD_ECONOLINE_6800CC_2011,Ford,Econoline,2011,6800,1
LEMON_FORD_ECONOLINE_5400CC_VINL_2012,Ford,Econoline,2012,5400,1
LEMON_FORD_ECONOLINE_6800CC_2012,Ford,Econoline,2012,6800,1
LEMON_FORD_ECONOLINE_4600CC_VINW_2012,Ford,Econoline,2012,4600,1
LEMON_FORD_ECONOLINE_6800CC_VINS_2012,Ford,Econoline,2012,6800,1
LEMON_FORD_EDGE_2007,Ford,Edge,2007,,1
LEMON_FORD_EDGE_2008,Ford,Edge,2008,,1
LEMON_FORD_EDGE_2009,Ford,Edge,2009,,1
LEMON_FORD_EDGE_2010,Ford,Edge,2010,,1
LEMON_FORD_EDGE_2011,Ford,Edge,2011,,1
LEMON_FORD_EDGE_2000CC_2012,Ford,Edge,2012,2000,1
LEMON_FORD_EDGE_3500CC_2012,Ford,Edge,2012,3500,1
LEMON_FORD_EDGE_3700CC_2012,Ford,Edge,2012,3700,1
LEMON_FORD_EDGE_3500CC_VINC_2013,Ford,Edge,2013,3500,1
LEMON_FORD_EDGE_2000CC_VIN9_2013,Ford,Edge,2013,2000,1
LEMON_FORD_EDGE_3700CC_2013,Ford,Edge,2013,3700,1
LEMON_FORD_EDGE_2000CC_VIN9_2014,Ford,Edge,2014,2000,1
LEMON_FORD_EDGE_3500CC_VINC_2014,Ford,Edge,2014,3500,1
LEMON_FORD_EDGE_3700CC_2014,Ford,Edge,2014,3700,1
LEMON_FORD_EDGE_2000CC_VIN9_2015,Ford,Edge,2015,2000,1
LEMON_FORD_EDGE_3500CC_VIN8_2015,Ford,Edge,2015,3500,1
LEMON_FORD_EDGE_2700CC_2015,Ford,Edge,2015,2700,1
LEMON_FORD_EDGE_2000CC_2016,Ford,Edge,2016,2000,1
LEMON_FORD_EDGE_2000CC_VIN9_2016,Ford,Edge,2016,2000,1
LEMON_FORD_EDGE_3500CC_VIN8_2016,Ford,Edge,2016,3500,1
LEMON_FORD_EDGE_2700CC_2016,Ford,Edge,2016,2700,1
LEMON_FORD_EDGE_2000CC_2017,Ford,Edge,2017,2000,1
LEMON_FORD_EDGE_2000CC_VIN9_2017,Ford,Edge,2017,2000,1
LEMON_FORD_EDGE_3500CC_VIN8_2017,Ford,Edge,2017,3500,1
LEMON_FORD_EDGE_2700CC_2017,Ford,Edge,2017,2700,1
LEMON_FORD_EDGE_2000CC_VIN9_2018,Ford,Edge,2018,2000,1
LEMON_FORD_EDGE_2000CC_2018,Ford,Edge,2018,2000,1
LEMON_FORD_EDGE_3500CC_VIN8_2018,Ford,Edge,2018,3500,1
LEMON_FORD_EDGE_2700CC_2018,Ford,Edge,2018,2700,1
LEMON_FORD_EDGE_2000CC_2019,Ford,Edge,2019,2000,1
LEMON_FORD_EDGE_2700CC_2019,Ford,Edge,2019,2700,1
LEMON_FORD_EDGE_2000CC_2020,Ford,Edge,2020,2000,1
LEMON_FORD_EDGE_2700CC_2020,Ford,Edge,2020,2700,1
LEMON_FORD_EDGE_2000CC_2021,Ford,Edge,2021,2000,1
LEMON_FORD_EDGE_2700CC_2021,Ford,Edge,2021,2700,1
LEMON_FORD_EDGE_2000CC_2022,Ford,Edge,2022,2000,1
LEMON_FORD_EDGE_2700CC_2022,Ford,Edge,2022,2700,1
LEMON_FORD_EDGE_2000CC_2023,Ford,Edge,2023,2000,1
LEMON_FORD_EDGE_2700CC_2023,Ford,Edge,2023,2700,1
LEMON_FORD_EDGE_2000CC_2024,Ford,Edge,2024,2000,1
LEMON_FORD_EDGE_2700CC_2024,Ford,Edge,2024,2700,1
LEMON_FORD_ESCAPE_2000CC_2001,Ford,Escape,2001,2000,1
LEMON_FORD_ESCAPE_3000CC_2001,Ford,Escape,2001,3000,1
LEMON_FORD_ESCAPE_2000CC_2002,Ford,Escape,2002,2000,1
LEMON_FORD_ESCAPE_3000CC_2002,Ford,Escape,2002,3000,1
LEMON_FORD_ESCAPE_2000CC_2003,Ford,Escape,2003,2000,1
LEMON_FORD_ESCAPE_3000CC_2003,Ford,Escape,2003,3000,1
LEMON_FORD_ESCAPE_2000CC_2004,Ford,Escape,2004,2000,1
LEMON_FORD_ESCAPE_3000CC_2004,Ford,Escape,2004,3000,1
LEMON_FORD_ESCAPE_2300CC_2005,Ford,Escape,2005,2300,1
LEMON_FORD_ESCAPE_3000CC_2005,Ford,Escape,2005,3000,1
LEMON_FORD_ESCAPE_2300CC_2006,Ford,Escape,2006,2300,1
LEMON_FORD_ESCAPE_2006,Ford,Escape,2006,,1
LEMON_FORD_ESCAPE_3000CC_2006,Ford,Escape,2006,3000,1
LEMON_FORD_ESCAPE_2300CC_2007,Ford,Escape,2007,2300,1
LEMON_FORD_ESCAPE_3000CC_2007,Ford,Escape,2007,3000,1
LEMON_FORD_ESCAPE_2007,Ford,Escape,2007,,1
LEMON_FORD_ESCAPE_2300CC_2008,Ford,Escape,2008,2300,1
LEMON_FORD_ESCAPE_3000CC_2008,Ford,Escape,2008,3000,1
LEMON_FORD_ESCAPE_2008,Ford,Escape,2008,,1
LEMON_FORD_ESCAPE_2500CC_2009,Ford,Escape,2009,2500,1
LEMON_FORD_ESCAPE_3000CC_2009,Ford,Escape,2009,3000,1
LEMON_FORD_ESCAPE_2500CC_2010,Ford,Escape,2010,2500,1
LEMON_FORD_ESCAPE_3000CC_2010,Ford,Escape,2010,3000,1
LEMON_FORD_ESCAPE_2500CC_2011,Ford,Escape,2011,2500,1
LEMON_FORD_ESCAPE_3000CC_2011,Ford,Escape,2011,3000,1
LEMON_FORD_ESCAPE_2500CC_2012,Ford,Escape,2012,2500,1
LEMON_FORD_ESCAPE_3000CC_2012,Ford,Escape,2012,3000,1
LEMON_FORD_ESCAPE_1600CC_VINX_2013,Ford,Escape,2013,1600,1
LEMON_FORD_ESCAPE_2500CC_2013,Ford,Escape,2013,2500,1
LEMON_FORD_ESCAPE_2000CC_VIN9_2013,Ford,Escape,2013,2000,1
LEMON_FORD_ESCAPE_2000CC_2013,Ford,Escape,2013,2000,1
LEMON_FORD_ESCAPE_2500CC_2014,Ford,Escape,2014,2500,1
LEMON_FORD_ESCAPE_1600CC_VINX_2014,Ford,Escape,2014,1600,1
LEMON_FORD_ESCAPE_2000CC_VIN9_2014,Ford,Escape,2014,2000,1
LEMON_FORD_ESCAPE_1600CC_VINX_2015,Ford,Escape,2015,1600,1
LEMON_FORD_ESCAPE_2000CC_VIN9_2015,Ford,Escape,2015,2000,1
LEMON_FORD_ESCAPE_2500CC_2015,Ford,Escape,2015,2500,1
LEMON_FORD_ESCAPE_2500CC_VIN7_2015,Ford,Escape,2015,2500,1
LEMON_FORD_ESCAPE_1600CC_VINX_2016,Ford,Escape,2016,1600,1
LEMON_FORD_ESCAPE_2500CC_2016,Ford,Escape,2016,2500,1
LEMON_FORD_ESCAPE_2000CC_VIN9_2016,Ford,Escape,2016,2000,1
LEMON_FORD_ESCAPE_2500CC_VIN7_2016,Ford,Escape,2016,2500,1
LEMON_FORD_ESCAPE_2500CC_2017,Ford,Escape,2017,2500,1
LEMON_FORD_ESCAPE_1500CC_VIND_2017,Ford,Escape,2017,1500,1
LEMON_FORD_ESCAPE_2000CC_VIN9_2017,Ford,Escape,2017,2000,1
LEMON_FORD_ESCAPE_2500CC_2018,Ford,Escape,2018,2500,1
LEMON_FORD_ESCAPE_1500CC_VIND_2018,Ford,Escape,2018,1500,1
LEMON_FORD_ESCAPE_2000CC_VIN9_2018,Ford,Escape,2018,2000,1
LEMON_FORD_ESCAPE_2000CC_2018,Ford,Escape,2018,2000,1
LEMON_FORD_ESCAPE_1500CC_VIND_2019,Ford,Escape,2019,1500,1
LEMON_FORD_ESCAPE_2500CC_2019,Ford,Escape,2019,2500,1
LEMON_FORD_ESCAPE_2000CC_VIN9_2019,Ford,Escape,2019,2000,1
LEMON_FORD_ESCAPE_2000CC_2019,Ford,Escape,2019,2000,1
LEMON_FORD_ESCAPE_2500CC_2020,Ford,Escape,2020,2500,1
LEMON_FORD_ESCAPE_1500CC_2020,Ford,Escape,2020,1500,1
LEMON_FORD_ESCAPE_1500CC_VIN6_2020,Ford,Escape,2020,1500,1
LEMON_FORD_ESCAPE_2000CC_2020,Ford,Escape,2020,2000,1
LEMON_FORD_ESCAPE_2000CC_VIN9_2020,Ford,Escape,2020,2000,1
LEMON_FORD_ESCAPE_1500CC_2021,Ford,Escape,2021,1500,1
LEMON_FORD_ESCAPE_2500CC_2021,Ford,Escape,2021,2500,1
LEMON_FORD_ESCAPE_1500CC_VIN6_2021,Ford,Escape,2021,1500,1
LEMON_FORD_ESCAPE_2000CC_2021,Ford,Escape,2021,2000,1
LEMON_FORD_ESCAPE_2000CC_VIN9_2021,Ford,Escape,2021,2000,1
LEMON_FORD_ESCAPE_1500CC_2022,Ford,Escape,2022,1500,1
LEMON_FORD_ESCAPE_2500CC_2022,Ford,Escape,2022,2500,1
LEMON_FORD_ESCAPE_1500CC_VIN6_2022,Ford,Escape,2022,1500,1
LEMON_FORD_ESCAPE_2000CC_VIN9_2022,Ford,Escape,2022,2000,1
LEMON_FORD_ESCAPE_2000CC_2022,Ford,Escape,2022,2000,1
LEMON_FORD_ESCAPE_2500CC_2023,Ford,Escape,2023,2500,1
LEMON_FORD_ESCAPE_1500CC_2023,Ford,Escape,2023,1500,1
LEMON_FORD_ESCAPE_2000CC_2023,Ford,Escape,2023,2000,1
LEMON_FORD_ESCAPE_1500CC_2024,Ford,Escape,2024,1500,1
LEMON_FORD_ESCAPE_2000CC_2024,Ford,Escape,2024,2000,1
LEMON_FORD_ESCAPE_2500CC_2024,Ford,Escape,2024,2500,1
LEMON_FORD_ESCORT_2000,Ford,Escort,2000,,1
LEMON_FORD_ESCORT_2001,Ford,Escort,2001,,1
LEMON_FORD_ESCORT_2002,Ford,Escort,2002,,1
LEMON_FORD_EXCURSION_5400CC_2000,Ford,Excursion,2000,5400,1
LEMON_FORD_EXCURSION_6800CC_2000,Ford,Excursion,2000,6800,1
LEMON_FORD_EXCURSION_7300CC_2000,Ford,Excursion,2000,7300,1
LEMON_FORD_EXCURSION_5400CC_2001,Ford,Excursion,2001,5400,1
LEMON_FORD_EXCURSION_6800CC_2001,Ford,Excursion,2001,6800,1
LEMON_FORD_EXCURSION_2001,Ford,Excursion,2001,,1
LEMON_FORD_EXCURSION_5400CC_2002,Ford,Excursion,2002,5400,1
LEMON_FORD_EXCURSION_6800CC_2002,Ford,Excursion,2002,6800,1
LEMON_FORD_EXCURSION_7300CC_2002,Ford,Excursion,2002,7300,1
LEMON_FORD_EXCURSION_5400CC_2003,Ford,Excursion,2003,5400,1
LEMON_FORD_EXCURSION_6000CC_2003,Ford,Excursion,2003,6000,1
LEMON_FORD_EXCURSION_6800CC_2003,Ford,Excursion,2003,6800,1
LEMON_FORD_EXCURSION_7300CC_2003,Ford,Excursion,2003,7300,1
LEMON_FORD_EXCURSION_5400CC_2004,Ford,Excursion,2004,5400,1
LEMON_FORD_EXCURSION_6000CC_2004,Ford,Excursion,2004,6000,1
LEMON_FORD_EXCURSION_6800CC_2004,Ford,Excursion,2004,6800,1
LEMON_FORD_EXCURSION_5400CC_2005,Ford,Excursion,2005,5400,1
LEMON_FORD_EXCURSION_6000CC_2005,Ford,Excursion,2005,6000,1
LEMON_FORD_EXCURSION_6800CC_2005,Ford,Excursion,2005,6800,1
LEMON_FORD_EXPEDITION_4600CC_2000,Ford,Expedition,2000,4600,1
LEMON_FORD_EXPEDITION_5400CC_2000,Ford,Expedition,2000,5400,1
LEMON_FORD_EXPEDITION_4600CC_2001,Ford,Expedition,2001,4600,1
LEMON_FORD_EXPEDITION_5400CC_2001,Ford,Expedition,2001,5400,1
LEMON_FORD_EXPEDITION_4600CC_2002,Ford,Expedition,2002,4600,1
LEMON_FORD_EXPEDITION_5400CC_2002,Ford,Expedition,2002,5400,1
LEMON_FORD_EXPEDITION_4600CC_2003,Ford,Expedition,2003,4600,1
LEMON_FORD_EXPEDITION_5400CC_2003,Ford,Expedition,2003,5400,1
LEMON_FORD_EXPEDITION_4600CC_2004,Ford,Expedition,2004,4600,1
LEMON_FORD_EXPEDITION_5400CC_2004,Ford,Expedition,2004,5400,1
LEMON_FORD_EXPEDITION_2005,Ford,Expedition,2005,,1
LEMON_FORD_EXPEDITION_2006,Ford,Expedition,2006,,1
LEMON_FORD_EXPEDITION_2007,Ford,Expedition,2007,,1
LEMON_FORD_EXPEDITION_2008,Ford,Expedition,2008,,1
LEMON_FORD_EXPEDITION_2009,Ford,Expedition,2009,,1
LEMON_FORD_EXPEDITION_2010,Ford,Expedition,2010,,1
LEMON_FORD_EXPEDITION_2011,Ford,Expedition,2011,,1
LEMON_FORD_EXPEDITION_2012,Ford,Expedition,2012,,1
LEMON_FORD_EXPEDITION_2013,Ford,Expedition,2013,,1
LEMON_FORD_EXPEDITION_2014,Ford,Expedition,2014,,1
LEMON_FORD_EXPEDITION_2016,Ford,Expedition,2016,,1
LEMON_FORD_EXPEDITION_2017,Ford,Expedition,2017,,1
LEMON_FORD_EXPEDITION_2018,Ford,Expedition,2018,,1
LEMON_FORD_EXPEDITION_2019,Ford,Expedition,2019,,1
LEMON_FORD_EXPEDITION_2020,Ford,Expedition,2020,,1
LEMON_FORD_EXPEDITION_2021,Ford,Expedition,2021,,1
LEMON_FORD_EXPEDITION_2022,Ford,Expedition,2022,,1
LEMON_FORD_EXPEDITION_2023,Ford,Expedition,2023,,1
LEMON_FORD_EXPEDITION_3500CC_VIN8_2023,Ford,Expedition,2023,3500,1
LEMON_FORD_EXPEDITION_3500CC_VING_2023,Ford,Expedition,2023,3500,1
LEMON_FORD_EXPEDITION_2024,Ford,Expedition,2024,,1
LEMON_FORD_EXPEDITION_3500CC_VIN8_2024,Ford,Expedition,2024,3500,1
LEMON_FORD_EXPEDITION_3500CC_VING_2024,Ford,Expedition,2024,3500,1
LEMON_FORD_EXPLORER_4000CC_2000,Ford,Explorer,2000,4000,1
LEMON_FORD_EXPLORER_5000CC_2000,Ford,Explorer,2000,5000,1
LEMON_FORD_EXPLORER_4000CC_2001,Ford,Explorer,2001,4000,1
LEMON_FORD_EXPLORER_5000CC_2001,Ford,Explorer,2001,5000,1
LEMON_FORD_EXPLORER_2001,Ford,Explorer,2001,,1
LEMON_FORD_EXPLORER_4000CC_2002,Ford,Explorer,2002,4000,1
LEMON_FORD_EXPLORER_4600CC_2002,Ford,Explorer,2002,4600,1
LEMON_FORD_EXPLORER_4000CC_2003,Ford,Explorer,2003,4000,1
LEMON_FORD_EXPLORER_4600CC_2003,Ford,Explorer,2003,4600,1
LEMON_FORD_EXPLORER_4000CC_2004,Ford,Explorer,2004,4000,1
LEMON_FORD_EXPLORER_4600CC_2004,Ford,Explorer,2004,4600,1
LEMON_FORD_EXPLORER_4000CC_2005,Ford,Explorer,2005,4000,1
LEMON_FORD_EXPLORER_4600CC_2005,Ford,Explorer,2005,4600,1
LEMON_FORD_EXPLORER_4000CC_2006,Ford,Explorer,2006,4000,1
LEMON_FORD_EXPLORER_4600CC_2006,Ford,Explorer,2006,4600,1
LEMON_FORD_EXPLORER_4000CC_2007,Ford,Explorer,2007,4000,1
LEMON_FORD_EXPLORER_4600CC_2007,Ford,Explorer,2007,4600,1
LEMON_FORD_EXPLORER_4000CC_2008,Ford,Explorer,2008,4000,1
LEMON_FORD_EXPLORER_4600CC_2008,Ford,Explorer,2008,4600,1
LEMON_FORD_EXPLORER_4000CC_2009,Ford,Explorer,2009,4000,1
LEMON_FORD_EXPLORER_4600CC_2009,Ford,Explorer,2009,4600,1
LEMON_FORD_EXPLORER_4000CC_2010,Ford,Explorer,2010,4000,1
LEMON_FORD_EXPLORER_4600CC_2010,Ford,Explorer,2010,4600,1
LEMON_FORD_EXPLORER_2011,Ford,Explorer,2011,,1
LEMON_FORD_EXPLORER_2000CC_2012,Ford,Explorer,2012,2000,1
LEMON_FORD_EXPLORER_3500CC_2012,Ford,Explorer,2012,3500,1
LEMON_FORD_EXPLORER_2000CC_VIN9_2013,Ford,Explorer,2013,2000,1
LEMON_FORD_EXPLORER_3500CC_VIN8_2013,Ford,Explorer,2013,3500,1
LEMON_FORD_EXPLORER_3700CC_2013,Ford,Explorer,2013,3700,1
LEMON_FORD_EXPLORER_3500CC_2013,Ford,Explorer,2013,3500,1
LEMON_FORD_EXPLORER_2000CC_VIN9_2014,Ford,Explorer,2014,2000,1
LEMON_FORD_EXPLORER_3500CC_VIN8_2014,Ford,Explorer,2014,3500,1
LEMON_FORD_EXPLORER_3500CC_2014,Ford,Explorer,2014,3500,1
LEMON_FORD_EXPLORER_3500CC_VIN8_2015,Ford,Explorer,2015,3500,1
LEMON_FORD_EXPLORER_2000CC_VIN9_2015,Ford,Explorer,2015,2000,1
LEMON_FORD_EXPLORER_3500CC_2015,Ford,Explorer,2015,3500,1
LEMON_FORD_EXPLORER_3500CC_VIN8_2016,Ford,Explorer,2016,3500,1
LEMON_FORD_EXPLORER_2300CC_VINH_2016,Ford,Explorer,2016,2300,1
LEMON_FORD_EXPLORER_3500CC_2016,Ford,Explorer,2016,3500,1
LEMON_FORD_EXPLORER_2300CC_VINH_2017,Ford,Explorer,2017,2300,1
LEMON_FORD_EXPLORER_3500CC_VIN8_2017,Ford,Explorer,2017,3500,1
LEMON_FORD_EXPLORER_3500CC_2017,Ford,Explorer,2017,3500,1
LEMON_FORD_EXPLORER_2300CC_VINH_2018,Ford,Explorer,2018,2300,1
LEMON_FORD_EXPLORER_3500CC_VIN8_2018,Ford,Explorer,2018,3500,1
LEMON_FORD_EXPLORER_3500CC_2018,Ford,Explorer,2018,3500,1
LEMON_FORD_EXPLORER_2300CC_VINH_2019,Ford,Explorer,2019,2300,1
LEMON_FORD_EXPLORER_3500CC_VIN8_2019,Ford,Explorer,2019,3500,1
LEMON_FORD_EXPLORER_3500CC_2019,Ford,Explorer,2019,3500,1
LEMON_FORD_EXPLORER_2300CC_VINH_2020,Ford,Explorer,2020,2300,1
LEMON_FORD_EXPLORER_3300CC_2020,Ford,Explorer,2020,3300,1
LEMON_FORD_EXPLORER_3300CC_VINB_2020,Ford,Explorer,2020,3300,1
LEMON_FORD_EXPLORER_2300CC_2020,Ford,Explorer,2020,2300,1
LEMON_FORD_EXPLORER_3000CC_2020,Ford,Explorer,2020,3000,1
LEMON_FORD_EXPLORER_2300CC_VINH_2021,Ford,Explorer,2021,2300,1
LEMON_FORD_EXPLORER_3300CC_VINB_2021,Ford,Explorer,2021,3300,1
LEMON_FORD_EXPLORER_3000CC_2021,Ford,Explorer,2021,3000,1
LEMON_FORD_EXPLORER_3300CC_2021,Ford,Explorer,2021,3300,1
LEMON_FORD_EXPLORER_2300CC_2021,Ford,Explorer,2021,2300,1
LEMON_FORD_EXPLORER_2300CC_VINH_2022,Ford,Explorer,2022,2300,1
LEMON_FORD_EXPLORER_3300CC_VINB_2022,Ford,Explorer,2022,3300,1
LEMON_FORD_EXPLORER_3000CC_2022,Ford,Explorer,2022,3000,1
LEMON_FORD_EXPLORER_3300CC_2022,Ford,Explorer,2022,3300,1
LEMON_FORD_EXPLORER_2300CC_2022,Ford,Explorer,2022,2300,1
LEMON_FORD_EXPLORER_3300CC_VINB_2023,Ford,Explorer,2023,3300,1
LEMON_FORD_EXPLORER_2300CC_VINH_2023,Ford,Explorer,2023,2300,1
LEMON_FORD_EXPLORER_3000CC_2023,Ford,Explorer,2023,3000,1
LEMON_FORD_EXPLORER_3300CC_2023,Ford,Explorer,2023,3300,1
LEMON_FORD_EXPLORER_2300CC_2023,Ford,Explorer,2023,2300,1
LEMON_FORD_EXPLORER_2300CC_VINH_2024,Ford,Explorer,2024,2300,1
LEMON_FORD_EXPLORER_3000CC_2024,Ford,Explorer,2024,3000,1
LEMON_FORD_EXPLORER_3300CC_VINB_2024,Ford,Explorer,2024,3300,1
LEMON_FORD_EXPLORER_2300CC_2024,Ford,Explorer,2024,2300,1
LEMON_FORD_F-150_3500CC_VINT_2013,Ford,F-150,2013,3500,1
LEMON_FORD_F-150_6200CC_VIN6_2013,Ford,F-150,2013,6200,1
LEMON_FORD_F-150_5000CC_VINF_2013,Ford,F-150,2013,5000,1
LEMON_FORD_F-150_3500CC_2013,Ford,F-150,2013,3500,1
LEMON_FORD_F-150_3700CC_VINM_2013,Ford,F-150,2013,3700,1
LEMON_FORD_F-150_6200CC_2013,Ford,F-150,2013,6200,1
LEMON_FORD_F-150_3500CC_2014,Ford,F-150,2014,3500,1
LEMON_FORD_F-150_3500CC_VINT_2014,Ford,F-150,2014,3500,1
LEMON_FORD_F-150_5000CC_VINF_2014,Ford,F-150,2014,5000,1
LEMON_FORD_F-150_6200CC_VIN6_2014,Ford,F-150,2014,6200,1
LEMON_FORD_F-150_3700CC_VINM_2014,Ford,F-150,2014,3700,1
LEMON_FORD_F-150_6200CC_2014,Ford,F-150,2014,6200,1
LEMON_FORD_F-150_5000CC_VINF_2015,Ford,F-150,2015,5000,1
LEMON_FORD_F-150_2700CC_VINP_2015,Ford,F-150,2015,2700,1
LEMON_FORD_F-150_5000CC_2015,Ford,F-150,2015,5000,1
LEMON_FORD_F-150_3500CC_VING_2016,Ford,F-150,2016,3500,1
LEMON_FORD_F-150_5000CC_VINF_2016,Ford,F-150,2016,5000,1
LEMON_FORD_F-150_2700CC_VINP_2016,Ford,F-150,2016,2700,1
LEMON_FORD_F-150_3500CC_2016,Ford,F-150,2016,3500,1
LEMON_FORD_F-150_3500CC_VIN8_2016,Ford,F-150,2016,3500,1
LEMON_FORD_F-150_3500CC_VING_2017,Ford,F-150,2017,3500,1
LEMON_FORD_F-150_5000CC_VINF_2017,Ford,F-150,2017,5000,1
LEMON_FORD_F-150_2700CC_VINP_2017,Ford,F-150,2017,2700,1
LEMON_FORD_F-150_3500CC_2017,Ford,F-150,2017,3500,1
LEMON_FORD_F-150_3500CC_VIN8_2017,Ford,F-150,2017,3500,1
LEMON_FORD_F-150_3000CC_VIN1_2018,Ford,F-150,2018,3000,1
LEMON_FORD_F-150_3500CC_VING_2018,Ford,F-150,2018,3500,1
LEMON_FORD_F-150_5000CC_VIN5_2018,Ford,F-150,2018,5000,1
LEMON_FORD_F-150_2700CC_VINP_2018,Ford,F-150,2018,2700,1
LEMON_FORD_F-150_3500CC_2018,Ford,F-150,2018,3500,1
LEMON_FORD_F-150_3300CC_VINB_2018,Ford,F-150,2018,3300,1
LEMON_FORD_F-150_3000CC_VIN1_2019,Ford,F-150,2019,3000,1
LEMON_FORD_F-150_3500CC_VIN4_2019,Ford,F-150,2019,3500,1
LEMON_FORD_F-150_5000CC_VIN5_2019,Ford,F-150,2019,5000,1
LEMON_FORD_F-150_2700CC_VINP_2019,Ford,F-150,2019,2700,1
LEMON_FORD_F-150_3500CC_2019,Ford,F-150,2019,3500,1
LEMON_FORD_F-150_3300CC_VINB_2019,Ford,F-150,2019,3300,1
LEMON_FORD_F-150_3000CC_VIN1_2020,Ford,F-150,2020,3000,1
LEMON_FORD_F-150_3500CC_VIN4_2020,Ford,F-150,2020,3500,1
LEMON_FORD_F-150_5000CC_VIN5_2020,Ford,F-150,2020,5000,1
LEMON_FORD_F-150_2700CC_VINP_2020,Ford,F-150,2020,2700,1
LEMON_FORD_F-150_3500CC_2020,Ford,F-150,2020,3500,1
LEMON_FORD_F-150_3300CC_VINB_2020,Ford,F-150,2020,3300,1
LEMON_FORD_F-150_3000CC_VIN1_2021,Ford,F-150,2021,3000,1
LEMON_FORD_F-150_3500CC_VIN8_2021,Ford,F-150,2021,3500,1
LEMON_FORD_F-150_5000CC_VIN5_2021,Ford,F-150,2021,5000,1
LEMON_FORD_F-150_3500CC_VIND_2021,Ford,F-150,2021,3500,1
LEMON_FORD_F-150_2700CC_VINP_2021,Ford,F-150,2021,2700,1
LEMON_FORD_F-150_3500CC_2021,Ford,F-150,2021,3500,1
LEMON_FORD_F-150_3300CC_VINB_2021,Ford,F-150,2021,3300,1
LEMON_FORD_F-150_3500CC_VIN8_2022,Ford,F-150,2022,3500,1
LEMON_FORD_F-150_3500CC_VIND_2022,Ford,F-150,2022,3500,1
LEMON_FORD_F-150_5000CC_VIN5_2022,Ford,F-150,2022,5000,1
LEMON_FORD_F-150_2700CC_VINP_2022,Ford,F-150,2022,2700,1
LEMON_FORD_F-150_3500CC_2022,Ford,F-150,2022,3500,1
LEMON_FORD_F-150_3300CC_VINB_2022,Ford,F-150,2022,3300,1
LEMON_FORD_F_150_2022,Ford,F-150,2022,,1
LEMON_FORD_F-250_6200CC_VIN6_2013,Ford,F-250,2013,6200,1
LEMON_FORD_F-250_6700CC_VINT_2013,Ford,F-250,2013,6700,1
LEMON_FORD_F-250_6200CC_VIN6_2014,Ford,F-250,2014,6200,1
LEMON_FORD_F-250_6700CC_VINT_2014,Ford,F-250,2014,6700,1
LEMON_FORD_F-250_6700CC_VINT_2015,Ford,F-250,2015,6700,1
LEMON_FORD_F-250_6200CC_VIN6_2015,Ford,F-250,2015,6200,1
LEMON_FORD_F-250_6200CC_VIN6_2016,Ford,F-250,2016,6200,1
LEMON_FORD_F-250_6700CC_VINT_2016,Ford,F-250,2016,6700,1
LEMON_FORD_F-250_6200CC_VIN6_2017,Ford,F-250,2017,6200,1
LEMON_FORD_F-250_6700CC_VINT_2017,Ford,F-250,2017,6700,1
LEMON_FORD_F-250_6200CC_VIN6_2018,Ford,F-250,2018,6200,1
LEMON_FORD_F-250_6700CC_VINT_2018,Ford,F-250,2018,6700,1
LEMON_FORD_F-250_6700CC_2018,Ford,F-250,2018,6700,1
LEMON_FORD_F-250_6200CC_VIN6_2019,Ford,F-250,2019,6200,1
LEMON_FORD_F-250_6700CC_VINT_2019,Ford,F-250,2019,6700,1
LEMON_FORD_F-250_6700CC_2019,Ford,F-250,2019,6700,1
LEMON_FORD_F-250_6200CC_VIN6_2020,Ford,F-250,2020,6200,1
LEMON_FORD_F-250_6700CC_VINT_2020,Ford,F-250,2020,6700,1
LEMON_FORD_F-250_7300CC_VINN_2020,Ford,F-250,2020,7300,1
LEMON_FORD_F-250_6700CC_2020,Ford,F-250,2020,6700,1
LEMON_FORD_F-250_6200CC_VIN6_2021,Ford,F-250,2021,6200,1
LEMON_FORD_F-250_6700CC_VINT_2021,Ford,F-250,2021,6700,1
LEMON_FORD_F-250_7300CC_VINN_2021,Ford,F-250,2021,7300,1
LEMON_FORD_F-250_6700CC_2021,Ford,F-250,2021,6700,1
LEMON_FORD_F-250_6200CC_VIN6_2022,Ford,F-250,2022,6200,1
LEMON_FORD_F-250_6700CC_VINT_2022,Ford,F-250,2022,6700,1
LEMON_FORD_F-250_7300CC_VINN_2022,Ford,F-250,2022,7300,1
LEMON_FORD_F-250_6700CC_2022,Ford,F-250,2022,6700,1
LEMON_FORD_F-250_6700CC_VINT_2023,Ford,F-250,2023,6700,1
LEMON_FORD_F-250_6700CC_VINM_2023,Ford,F-250,2023,6700,1
LEMON_FORD_F-250_7300CC_VINN_2023,Ford,F-250,2023,7300,1
LEMON_FORD_F-250_6800CC_VINA_2023,Ford,F-250,2023,6800,1
LEMON_FORD_F-250_7300CC_VINN_2024,Ford,F-250,2024,7300,1
LEMON_FORD_F-250_6700CC_VINT_2024,Ford,F-250,2024,6700,1
LEMON_FORD_F-250_6700CC_VINM_2024,Ford,F-250,2024,6700,1
LEMON_FORD_F-250_6800CC_VINA_2024,Ford,F-250,2024,6800,1
LEMON_FORD_F-350_6200CC_VIN6_2013,Ford,F-350,2013,6200,1
LEMON_FORD_F-350_6700CC_VINT_2013,Ford,F-350,2013,6700,1
LEMON_FORD_F-350_6200CC_VIN6_2014,Ford,F-350,2014,6200,1
LEMON_FORD_F-350_6700CC_VINT_2014,Ford,F-350,2014,6700,1
LEMON_FORD_F-350_6200CC_VIN6_2015,Ford,F-350,2015,6200,1
LEMON_FORD_F-350_6700CC_VINT_2015,Ford,F-350,2015,6700,1
LEMON_FORD_F-350_6200CC_VIN6_2016,Ford,F-350,2016,6200,1
LEMON_FORD_F-350_6700CC_VINT_2016,Ford,F-350,2016,6700,1
LEMON_FORD_F-350_6200CC_VIN6_2017,Ford,F-350,2017,6200,1
LEMON_FORD_F-350_6700CC_VINT_2017,Ford,F-350,2017,6700,1
LEMON_FORD_F-350_6200CC_VIN6_2018,Ford,F-350,2018,6200,1
LEMON_FORD_F-350_6700CC_VINT_2018,Ford,F-350,2018,6700,1
LEMON_FORD_F-350_6700CC_2018,Ford,F-350,2018,6700,1
LEMON_FORD_F-350_6200CC_VIN6_2019,Ford,F-350,2019,6200,1
LEMON_FORD_F-350_6700CC_VINT_2019,Ford,F-350,2019,6700,1
LEMON_FORD_F-350_6700CC_2019,Ford,F-350,2019,6700,1
LEMON_FORD_F-350_6200CC_VIN6_2020,Ford,F-350,2020,6200,1
LEMON_FORD_F-350_6700CC_VINT_2020,Ford,F-350,2020,6700,1
LEMON_FORD_F-350_7300CC_VINN_2020,Ford,F-350,2020,7300,1
LEMON_FORD_F-350_6700CC_2020,Ford,F-350,2020,6700,1
LEMON_FORD_F-350_6200CC_VIN6_2021,Ford,F-350,2021,6200,1
LEMON_FORD_F-350_7300CC_VINN_2021,Ford,F-350,2021,7300,1
LEMON_FORD_F-350_6700CC_VINT_2021,Ford,F-350,2021,6700,1
LEMON_FORD_F-350_6700CC_2021,Ford,F-350,2021,6700,1
LEMON_FORD_F-350_6700CC_VINT_2022,Ford,F-350,2022,6700,1
LEMON_FORD_F-350_6200CC_VIN6_2022,Ford,F-350,2022,6200,1
LEMON_FORD_F-350_7300CC_VINN_2022,Ford,F-350,2022,7300,1
LEMON_FORD_F-350_6700CC_2022,Ford,F-350,2022,6700,1
LEMON_FORD_F-350_6700CC_VINM_2023,Ford,F-350,2023,6700,1
LEMON_FORD_F-350_6700CC_VINT_2023,Ford,F-350,2023,6700,1
LEMON_FORD_F-350_7300CC_VINN_2023,Ford,F-350,2023,7300,1
LEMON_FORD_F-350_6800CC_VINA_2023,Ford,F-350,2023,6800,1
LEMON_FORD_F-350_6700CC_VINM_2024,Ford,F-350,2024,6700,1
LEMON_FORD_F-350_6700CC_VINT_2024,Ford,F-350,2024,6700,1
LEMON_FORD_F-350_7300CC_VINN_2024,Ford,F-350,2024,7300,1
LEMON_FORD_F-350_6800CC_VINA_2024,Ford,F-350,2024,6800,1
LEMON_FORD_F-450_6700CC_2013,Ford,F-450,2013,6700,1
LEMON_FORD_F-450_6700CC_VINT_2013,Ford,F-450,2013,6700,1
LEMON_FORD_F-450_6800CC_VINY_2013,Ford,F-450,2013,6800,1
LEMON_FORD_F-450_6700CC_2014,Ford,F-450,2014,6700,1
LEMON_FORD_F-450_6700CC_VINT_2014,Ford,F-450,2014,6700,1
LEMON_FORD_F-450_6800CC_VINY_2014,Ford,F-450,2014,6800,1
LEMON_FORD_F-450_6700CC_2015,Ford,F-450,2015,6700,1
LEMON_FORD_F-450_6700CC_VINT_2015,Ford,F-450,2015,6700,1
LEMON_FORD_F-450_6800CC_VINY_2015,Ford,F-450,2015,6800,1
LEMON_FORD_F-450_6700CC_2016,Ford,F-450,2016,6700,1
LEMON_FORD_F-450_6700CC_VINT_2016,Ford,F-450,2016,6700,1
LEMON_FORD_F-450_6800CC_VINY_2016,Ford,F-450,2016,6800,1
LEMON_FORD_F-450_6700CC_2017,Ford,F-450,2017,6700,1
LEMON_FORD_F-450_6700CC_VINT_2017,Ford,F-450,2017,6700,1
LEMON_FORD_F-450_6800CC_VINY_2017,Ford,F-450,2017,6800,1
LEMON_FORD_F-450_6700CC_2018,Ford,F-450,2018,6700,1
LEMON_FORD_F-450_6700CC_VINT_2018,Ford,F-450,2018,6700,1
LEMON_FORD_F-450_6800CC_VINY_2018,Ford,F-450,2018,6800,1
LEMON_FORD_F-450_6700CC_2019,Ford,F-450,2019,6700,1
LEMON_FORD_F-450_6700CC_VINT_2019,Ford,F-450,2019,6700,1
LEMON_FORD_F-450_6800CC_VINY_2019,Ford,F-450,2019,6800,1
LEMON_FORD_F-450_6700CC_2020,Ford,F-450,2020,6700,1
LEMON_FORD_F-450_7300CC_VINN_2020,Ford,F-450,2020,7300,1
LEMON_FORD_F-450_6700CC_VINT_2020,Ford,F-450,2020,6700,1
LEMON_FORD_F-450_6700CC_2021,Ford,F-450,2021,6700,1
LEMON_FORD_F-450_6700CC_VINT_2021,Ford,F-450,2021,6700,1
LEMON_FORD_F-450_7300CC_VINN_2021,Ford,F-450,2021,7300,1
LEMON_FORD_F-450_6700CC_2022,Ford,F-450,2022,6700,1
LEMON_FORD_F-450_6700CC_VINT_2022,Ford,F-450,2022,6700,1
LEMON_FORD_F-450_7300CC_VINN_2022,Ford,F-450,2022,7300,1
LEMON_FORD_F-450_6700CC_VINT_2023,Ford,F-450,2023,6700,1
LEMON_FORD_F-450_7300CC_VINN_2023,Ford,F-450,2023,7300,1
LEMON_FORD_F-450_6700CC_VINM_2023,Ford,F-450,2023,6700,1
LEMON_FORD_F-450_6700CC_VINM_2024,Ford,F-450,2024,6700,1
LEMON_FORD_F-450_6700CC_VINT_2024,Ford,F-450,2024,6700,1
LEMON_FORD_F-450_7300CC_VINN_2024,Ford,F-450,2024,7300,1
LEMON_FORD_F-550_6700CC_2013,Ford,F-550,2013,6700,1
LEMON_FORD_F-550_6700CC_VINT_2013,Ford,F-550,2013,6700,1
LEMON_FORD_F-550_6800CC_VINY_2013,Ford,F-550,2013,6800,1
LEMON_FORD_F-550_6700CC_2014,Ford,F-550,2014,6700,1
LEMON_FORD_F-550_6700CC_VINT_2014,Ford,F-550,2014,6700,1
LEMON_FORD_F-550_6800CC_VINY_2014,Ford,F-550,2014,6800,1
LEMON_FORD_F-550_6700CC_2015,Ford,F-550,2015,6700,1
LEMON_FORD_F-550_6700CC_VINT_2015,Ford,F-550,2015,6700,1
LEMON_FORD_F-550_6800CC_VINY_2015,Ford,F-550,2015,6800,1
LEMON_FORD_F-550_6700CC_2016,Ford,F-550,2016,6700,1
LEMON_FORD_F-550_6700CC_VINT_2016,Ford,F-550,2016,6700,1
LEMON_FORD_F-550_6800CC_VINY_2016,Ford,F-550,2016,6800,1
LEMON_FORD_F-550_6700CC_2017,Ford,F-550,2017,6700,1
LEMON_FORD_F-550_6700CC_VINT_2017,Ford,F-550,2017,6700,1
LEMON_FORD_F-550_6800CC_VINY_2017,Ford,F-550,2017,6800,1
LEMON_FORD_F-550_6700CC_2018,Ford,F-550,2018,6700,1
LEMON_FORD_F-550_6800CC_VINY_2018,Ford,F-550,2018,6800,1
LEMON_FORD_F-550_6700CC_VINT_2018,Ford,F-550,2018,6700,1
LEMON_FORD_F-550_6700CC_2019,Ford,F-550,2019,6700,1
LEMON_FORD_F-550_6700CC_VINT_2019,Ford,F-550,2019,6700,1
LEMON_FORD_F-550_6800CC_VINY_2019,Ford,F-550,2019,6800,1
LEMON_FORD_F-550_6700CC_VINT_2020,Ford,F-550,2020,6700,1
LEMON_FORD_F-550_7300CC_VINN_2020,Ford,F-550,2020,7300,1
LEMON_FORD_F-550_6700CC_VINT_2021,Ford,F-550,2021,6700,1
LEMON_FORD_F-550_7300CC_VINN_2021,Ford,F-550,2021,7300,1
LEMON_FORD_F-550_7300CC_VINN_2022,Ford,F-550,2022,7300,1
LEMON_FORD_F-550_6700CC_VINT_2022,Ford,F-550,2022,6700,1
LEMON_FORD_F-550_6700CC_VINT_2023,Ford,F-550,2023,6700,1
LEMON_FORD_F-550_7300CC_VINN_2023,Ford,F-550,2023,7300,1
LEMON_FORD_F-550_6700CC_VINT_2024,Ford,F-550,2024,6700,1
LEMON_FORD_F-550_7300CC_VINN_2024,Ford,F-550,2024,7300,1
LEMON_FORD_F450_2000,Ford,F450,2000,,1
LEMON_FORD_F450_2001,Ford,F450,2001,,1
LEMON_FORD_F450_2002,Ford,F450,2002,,1
LEMON_FORD_F450_6000CC_2003,Ford,F450,2003,6000,1
LEMON_FORD_F450_2003,Ford,F450,2003,,1
LEMON_FORD_F450_7300CC_2003,Ford,F450,2003,7300,1
LEMON_FORD_F450_2004,Ford,F450,2004,,1
LEMON_FORD_F450_6000CC_2005,Ford,F450,2005,6000,1
LEMON_FORD_F450_6800CC_2005,Ford,F450,2005,6800,1
LEMON_FORD_F450_6000CC_2006,Ford,F450,2006,6000,1
LEMON_FORD_F450_6800CC_2006,Ford,F450,2006,6800,1
LEMON_FORD_F450_6000CC_2007,Ford,F450,2007,6000,1
LEMON_FORD_F450_6800CC_2007,Ford,F450,2007,6800,1
LEMON_FORD_F450_6400CC_2008,Ford,F450,2008,6400,1
LEMON_FORD_F450_6800CC_2008,Ford,F450,2008,6800,1
LEMON_FORD_F450_6400CC_2009,Ford,F450,2009,6400,1
LEMON_FORD_F450_6800CC_2009,Ford,F450,2009,6800,1
LEMON_FORD_F450_6400CC_2010,Ford,F450,2010,6400,1
LEMON_FORD_F450_6800CC_2010,Ford,F450,2010,6800,1
LEMON_FORD_F450_6700CC_2011,Ford,F450,2011,6700,1
LEMON_FORD_F450_6800CC_2011,Ford,F450,2011,6800,1
LEMON_FORD_F450_6700CC_VINT_2012,Ford,F450,2012,6700,1
LEMON_FORD_F450_6800CC_VINY_2012,Ford,F450,2012,6800,1
LEMON_FORD_F450_6700CC_2012,Ford,F450,2012,6700,1
LEMON_FORD_F550_2000,Ford,F550,2000,,1
LEMON_FORD_F550_2001,Ford,F550,2001,,1
LEMON_FORD_F550_2002,Ford,F550,2002,,1
LEMON_FORD_F550_6000CC_2003,Ford,F550,2003,6000,1
LEMON_FORD_F550_2003,Ford,F550,2003,,1
LEMON_FORD_F550_7300CC_2003,Ford,F550,2003,7300,1
LEMON_FORD_F550_2004,Ford,F550,2004,,1
LEMON_FORD_F550_6000CC_2005,Ford,F550,2005,6000,1
LEMON_FORD_F550_6800CC_2005,Ford,F550,2005,6800,1
LEMON_FORD_F550_6000CC_2006,Ford,F550,2006,6000,1
LEMON_FORD_F550_6800CC_2006,Ford,F550,2006,6800,1
LEMON_FORD_F550_6000CC_2007,Ford,F550,2007,6000,1
LEMON_FORD_F550_6800CC_2007,Ford,F550,2007,6800,1
LEMON_FORD_F550_6400CC_2008,Ford,F550,2008,6400,1
LEMON_FORD_F550_6800CC_2008,Ford,F550,2008,6800,1
LEMON_FORD_F550_6400CC_2009,Ford,F550,2009,6400,1
LEMON_FORD_F550_6800CC_2009,Ford,F550,2009,6800,1
LEMON_FORD_F550_6400CC_2010,Ford,F550,2010,6400,1
LEMON_FORD_F550_6800CC_2010,Ford,F550,2010,6800,1
LEMON_FORD_F550_6700CC_2011,Ford,F550,2011,6700,1
LEMON_FORD_F550_6800CC_2011,Ford,F550,2011,6800,1
LEMON_FORD_F550_6700CC_VINT_2012,Ford,F550,2012,6700,1
LEMON_FORD_F550_6800CC_VINY_2012,Ford,F550,2012,6800,1
LEMON_FORD_FIESTA_2011,Ford,Fiesta,2011,,1
LEMON_FORD_FIESTA_2012,Ford,Fiesta,2012,,1
LEMON_FORD_FIESTA_2013,Ford,Fiesta,2013,,1
LEMON_FORD_FIESTA_1600CC_2014,Ford,Fiesta,2014,1600,1
LEMON_FORD_FIESTA_1000CC_VINE_2014,Ford,Fiesta,2014,1000,1
LEMON_FORD_FIESTA_1600CC_VINJ_2014,Ford,Fiesta,2014,1600,1
LEMON_FORD_FIESTA_1600CC_2015,Ford,Fiesta,2015,1600,1
LEMON_FORD_FIESTA_1000CC_VINE_2015,Ford,Fiesta,2015,1000,1
LEMON_FORD_FIESTA_1600CC_VINJ_2015,Ford,Fiesta,2015,1600,1
LEMON_FORD_FIESTA_1600CC_2016,Ford,Fiesta,2016,1600,1
LEMON_FORD_FIESTA_1600CC_VINJ_2016,Ford,Fiesta,2016,1600,1
LEMON_FORD_FIESTA_1000CC_VINE_2016,Ford,Fiesta,2016,1000,1
LEMON_FORD_FIESTA_1600CC_2017,Ford,Fiesta,2017,1600,1
LEMON_FORD_FIESTA_1000CC_VINE_2017,Ford,Fiesta,2017,1000,1
LEMON_FORD_FIESTA_1600CC_VINJ_2017,Ford,Fiesta,2017,1600,1
LEMON_FORD_FIESTA_2018,Ford,Fiesta,2018,,1
LEMON_FORD_FIESTA_2019,Ford,Fiesta,2019,,1
LEMON_FORD_FIVE_2005,Ford,Five,2005,,1
LEMON_FORD_FIVE_2006,Ford,Five,2006,,1
LEMON_FORD_FIVE_2007,Ford,Five,2007,,1
LEMON_FORD_FLEX_2009,Ford,Flex,2009,,1
LEMON_FORD_FLEX_2010,Ford,Flex,2010,,1
LEMON_FORD_FLEX_2011,Ford,Flex,2011,,1
LEMON_FORD_FLEX_3500CC_VINC_2012,Ford,Flex,2012,3500,1
LEMON_FORD_FLEX_3500CC_VINT_2012,Ford,Flex,2012,3500,1
LEMON_FORD_FLEX_2012,Ford,Flex,2012,,1
LEMON_FORD_FLEX_3500CC_VIN8_2013,Ford,Flex,2013,3500,1
LEMON_FORD_FLEX_3500CC_VINT_2013,Ford,Flex,2013,3500,1
LEMON_FORD_FLEX_3500CC_2013,Ford,Flex,2013,3500,1
LEMON_FORD_FLEX_3500CC_VIN8_2014,Ford,Flex,2014,3500,1
LEMON_FORD_FLEX_3500CC_VINT_2014,Ford,Flex,2014,3500,1
LEMON_FORD_FLEX_3500CC_2014,Ford,Flex,2014,3500,1
LEMON_FORD_FLEX_3500CC_VIN8_2016,Ford,Flex,2016,3500,1
LEMON_FORD_FLEX_3500CC_VINT_2016,Ford,Flex,2016,3500,1
LEMON_FORD_FLEX_3500CC_2016,Ford,Flex,2016,3500,1
LEMON_FORD_FLEX_3500CC_VIN8_2017,Ford,Flex,2017,3500,1
LEMON_FORD_FLEX_3500CC_2017,Ford,Flex,2017,3500,1
LEMON_FORD_FLEX_3500CC_VINT_2017,Ford,Flex,2017,3500,1
LEMON_FORD_FLEX_3500CC_VIN8_2018,Ford,Flex,2018,3500,1
LEMON_FORD_FLEX_3500CC_VINT_2018,Ford,Flex,2018,3500,1
LEMON_FORD_FLEX_3500CC_2018,Ford,Flex,2018,3500,1
LEMON_FORD_FLEX_3500CC_VIN8_2019,Ford,Flex,2019,3500,1
LEMON_FORD_FLEX_2019,Ford,Flex,2019,,1
LEMON_FORD_FLEX_3500CC_VINT_2019,Ford,Flex,2019,3500,1
LEMON_FORD_FOCUS_2000,Ford,Focus,2000,,1
LEMON_FORD_FOCUS_2001,Ford,Focus,2001,,1
LEMON_FORD_FOCUS_2002,Ford,Focus,2002,,1
LEMON_FORD_FOCUS_2003,Ford,Focus,2003,,1
LEMON_FORD_FOCUS_2000CC_2004,Ford,Focus,2004,2000,1
LEMON_FORD_FOCUS_2300CC_2004,Ford,Focus,2004,2300,1
LEMON_FORD_FOCUS_2005,Ford,Focus,2005,,1
LEMON_FORD_FOCUS_2006,Ford,Focus,2006,,1
LEMON_FORD_FOCUS_2007,Ford,Focus,2007,,1
LEMON_FORD_FOCUS_2008,Ford,Focus,2008,,1
LEMON_FORD_FOCUS_2009,Ford,Focus,2009,,1
LEMON_FORD_FOCUS_2010,Ford,Focus,2010,,1
LEMON_FORD_FOCUS_2011,Ford,Focus,2011,,1
LEMON_FORD_FOCUS_2012,Ford,Focus,2012,,1
LEMON_FORD_FOCUS_2013,Ford,Focus,2013,,1
LEMON_FORD_FOCUS_2014,Ford,Focus,2014,,1
LEMON_FORD_FOCUS_2000CC_2014,Ford,Focus,2014,2000,1
LEMON_FORD_FOCUS_2015_FOCUSELECTRI,Ford,Focus,2015,,1
LEMON_FORD_FOCUS_2000CC_2015,Ford,Focus,2015,2000,1
LEMON_FORD_FOCUS_2000CC_VIN2_2015,Ford,Focus,2015,2000,1
LEMON_FORD_FOCUS_1000CC_VINE_2015,Ford,Focus,2015,1000,1
LEMON_FORD_FOCUS_2016,Ford,Focus,2016,,1
LEMON_FORD_FOCUS_2000CC_2016,Ford,Focus,2016,2000,1
LEMON_FORD_FOCUS_2300CC_2016,Ford,Focus,2016,2300,1
LEMON_FORD_FOCUS_1000CC_VINE_2016,Ford,Focus,2016,1000,1
LEMON_FORD_FOCUS_2000CC_VIN2_2016,Ford,Focus,2016,2000,1
LEMON_FORD_FOCUS_2300CC_2017,Ford,Focus,2017,2300,1
LEMON_FORD_FOCUS_2000CC_2017,Ford,Focus,2017,2000,1
LEMON_FORD_FOCUS_2017,Ford,Focus,2017,,1
LEMON_FORD_FOCUS_1000CC_VINE_2017,Ford,Focus,2017,1000,1
LEMON_FORD_FOCUS_2000CC_VIN2_2017,Ford,Focus,2017,2000,1
LEMON_FORD_FOCUS_2018,Ford,Focus,2018,,1
LEMON_FORD_FOCUS_2300CC_2018,Ford,Focus,2018,2300,1
LEMON_FORD_FOCUS_2000CC_2018,Ford,Focus,2018,2000,1
LEMON_FORD_FOCUS_1000CC_VINE_2018,Ford,Focus,2018,1000,1
LEMON_FORD_FOCUS_2000CC_VIN2_2018,Ford,Focus,2018,2000,1
LEMON_FORD_FREESTAR_2004,Ford,Freestar,2004,,1
LEMON_FORD_FREESTAR_2005,Ford,Freestar,2005,,1
LEMON_FORD_FREESTAR_2006,Ford,Freestar,2006,,1
LEMON_FORD_FREESTAR_2007,Ford,Freestar,2007,,1
LEMON_FORD_FREESTYLE_2005,Ford,Freestyle,2005,,1
LEMON_FORD_FREESTYLE_2006,Ford,Freestyle,2006,,1
LEMON_FORD_FREESTYLE_2007,Ford,Freestyle,2007,,1
LEMON_FORD_FUSION_2300CC_2006,Ford,Fusion,2006,2300,1
LEMON_FORD_FUSION_3000CC_2006,Ford,Fusion,2006,3000,1
LEMON_FORD_FUSION_2300CC_2007,Ford,Fusion,2007,2300,1
LEMON_FORD_FUSION_3000CC_2007,Ford,Fusion,2007,3000,1
LEMON_FORD_FUSION_2300CC_2008,Ford,Fusion,2008,2300,1
LEMON_FORD_FUSION_3000CC_2008,Ford,Fusion,2008,3000,1
LEMON_FORD_FUSION_2300CC_2009,Ford,Fusion,2009,2300,1
LEMON_FORD_FUSION_3000CC_2009,Ford,Fusion,2009,3000,1
LEMON_FORD_FUSION_2500CC_2010,Ford,Fusion,2010,2500,1
LEMON_FORD_FUSION_3000CC_2010,Ford,Fusion,2010,3000,1
LEMON_FORD_FUSION_3500CC_2010,Ford,Fusion,2010,3500,1
LEMON_FORD_FUSION_2500CC_2011,Ford,Fusion,2011,2500,1
LEMON_FORD_FUSION_3000CC_2011,Ford,Fusion,2011,3000,1
LEMON_FORD_FUSION_3500CC_2011,Ford,Fusion,2011,3500,1
LEMON_FORD_FUSION_2500CC_2012,Ford,Fusion,2012,2500,1
LEMON_FORD_FUSION_2500CC_VINA_2012,Ford,Fusion,2012,2500,1
LEMON_FORD_FUSION_3000CC_VING_2012,Ford,Fusion,2012,3000,1
LEMON_FORD_FUSION_3500CC_2012,Ford,Fusion,2012,3500,1
LEMON_FORD_FUSION_2000CC_2013,Ford,Fusion,2013,2000,1
LEMON_FORD_FUSION_2500CC_2013,Ford,Fusion,2013,2500,1
LEMON_FORD_FUSION_1600CC_VINR_2013,Ford,Fusion,2013,1600,1
LEMON_FORD_FUSION_2000CC_VIN9_2013,Ford,Fusion,2013,2000,1
LEMON_FORD_FUSION_2500CC_VIN7_2013,Ford,Fusion,2013,2500,1
LEMON_FORD_FUSION_2000CC_2014,Ford,Fusion,2014,2000,1
LEMON_FORD_FUSION_2500CC_2014,Ford,Fusion,2014,2500,1
LEMON_FORD_FUSION_1600CC_VINR_2014,Ford,Fusion,2014,1600,1
LEMON_FORD_FUSION_2000CC_VIN9_2014,Ford,Fusion,2014,2000,1
LEMON_FORD_FUSION_1500CC_VIND_2014,Ford,Fusion,2014,1500,1
LEMON_FORD_FUSION_2500CC_VIN7_2014,Ford,Fusion,2014,2500,1
LEMON_FORD_FUSION_2000CC_2015,Ford,Fusion,2015,2000,1
LEMON_FORD_FUSION_2500CC_2015,Ford,Fusion,2015,2500,1
LEMON_FORD_FUSION_1500CC_VIND_2015,Ford,Fusion,2015,1500,1
LEMON_FORD_FUSION_1600CC_VINR_2015,Ford,Fusion,2015,1600,1
LEMON_FORD_FUSION_2500CC_VIN7_2015,Ford,Fusion,2015,2500,1
LEMON_FORD_FUSION_2000CC_VIN9_2015,Ford,Fusion,2015,2000,1
LEMON_FORD_FUSION_2000CC_2016,Ford,Fusion,2016,2000,1
LEMON_FORD_FUSION_2500CC_2016,Ford,Fusion,2016,2500,1
LEMON_FORD_FUSION_2000CC_VIN9_2016,Ford,Fusion,2016,2000,1
LEMON_FORD_FUSION_1500CC_VIND_2016,Ford,Fusion,2016,1500,1
LEMON_FORD_FUSION_2500CC_VIN7_2016,Ford,Fusion,2016,2500,1
LEMON_FORD_FUSION_2000CC_2017,Ford,Fusion,2017,2000,1
LEMON_FORD_FUSION_2500CC_2017,Ford,Fusion,2017,2500,1
LEMON_FORD_FUSION_2000CC_VIN9_2017,Ford,Fusion,2017,2000,1
LEMON_FORD_FUSION_1500CC_VIND_2017,Ford,Fusion,2017,1500,1
LEMON_FORD_FUSION_2500CC_VIN7_2017,Ford,Fusion,2017,2500,1
LEMON_FORD_FUSION_2700CC_2017,Ford,Fusion,2017,2700,1
LEMON_FORD_FUSION_2000CC_2018,Ford,Fusion,2018,2000,1
LEMON_FORD_FUSION_2500CC_2018,Ford,Fusion,2018,2500,1
LEMON_FORD_FUSION_1500CC_VIND_2018,Ford,Fusion,2018,1500,1
LEMON_FORD_FUSION_2000CC_VIN9_2018,Ford,Fusion,2018,2000,1
LEMON_FORD_FUSION_2500CC_VIN7_2018,Ford,Fusion,2018,2500,1
LEMON_FORD_FUSION_2700CC_2018,Ford,Fusion,2018,2700,1
LEMON_FORD_FUSION_2500CC_2019,Ford,Fusion,2019,2500,1
LEMON_FORD_FUSION_2000CC_2019,Ford,Fusion,2019,2000,1
LEMON_FORD_FUSION_2500CC_VIN7_2019,Ford,Fusion,2019,2500,1
LEMON_FORD_FUSION_1500CC_VIND_2019,Ford,Fusion,2019,1500,1
LEMON_FORD_FUSION_2000CC_VIN9_2019,Ford,Fusion,2019,2000,1
LEMON_FORD_FUSION_2700CC_2019,Ford,Fusion,2019,2700,1
LEMON_FORD_FUSION_2000CC_2020,Ford,Fusion,2020,2000,1
LEMON_FORD_FUSION_1500CC_VIND_2020,Ford,Fusion,2020,1500,1
LEMON_FORD_FUSION_2000CC_VIN9_2020,Ford,Fusion,2020,2000,1
LEMON_FORD_FUSION_2500CC_2020,Ford,Fusion,2020,2500,1
LEMON_FORD_FUSION_1500CC_2020,Ford,Fusion,2020,1500,1
LEMON_FORD_FUSION_2500CC_VIN7_2020,Ford,Fusion,2020,2500,1
LEMON_FORD_GT_2005,Ford,GT,2005,,1
LEMON_FORD_GT_2006,Ford,GT,2006,,1
LEMON_FORD_MAVERICK_2000CC_VIN9_2022,Ford,Maverick,2022,2000,1
LEMON_FORD_MAVERICK_2500CC_VIN3_2022,Ford,Maverick,2022,2500,1
LEMON_FORD_MAVERICK_2500CC_VIN3_2023,Ford,Maverick,2023,2500,1
LEMON_FORD_MAVERICK_2000CC_VIN9_2023,Ford,Maverick,2023,2000,1
LEMON_FORD_MAVERICK_2000CC_VIN9_2024,Ford,Maverick,2024,2000,1
LEMON_FORD_MAVERICK_2500CC_VIN3_2024,Ford,Maverick,2024,2500,1
LEMON_FORD_MUSTANG_3800CC_2000,Ford,Mustang,2000,3800,1
LEMON_FORD_MUSTANG_4600CC_2000,Ford,Mustang,2000,4600,1
LEMON_FORD_MUSTANG_2000,Ford,Mustang,2000,,1
LEMON_FORD_MUSTANG_3800CC_2001,Ford,Mustang,2001,3800,1
LEMON_FORD_MUSTANG_4600CC_2001,Ford,Mustang,2001,4600,1
LEMON_FORD_MUSTANG_3800CC_2002,Ford,Mustang,2002,3800,1
LEMON_FORD_MUSTANG_4600CC_2002,Ford,Mustang,2002,4600,1
LEMON_FORD_MUSTANG_3800CC_2003,Ford,Mustang,2003,3800,1
LEMON_FORD_MUSTANG_4600CC_2003,Ford,Mustang,2003,4600,1
LEMON_FORD_MUSTANG_3800CC_2004,Ford,Mustang,2004,3800,1
LEMON_FORD_MUSTANG_3900CC_2004,Ford,Mustang,2004,3900,1
LEMON_FORD_MUSTANG_4600CC_2004,Ford,Mustang,2004,4600,1
LEMON_FORD_MUSTANG_4000CC_2005,Ford,Mustang,2005,4000,1
LEMON_FORD_MUSTANG_4600CC_2005,Ford,Mustang,2005,4600,1
LEMON_FORD_MUSTANG_4000CC_2006,Ford,Mustang,2006,4000,1
LEMON_FORD_MUSTANG_4600CC_2006,Ford,Mustang,2006,4600,1
LEMON_FORD_MUSTANG_4000CC_2007,Ford,Mustang,2007,4000,1
LEMON_FORD_MUSTANG_4600CC_2007,Ford,Mustang,2007,4600,1
LEMON_FORD_MUSTANG_5400CC_2007,Ford,Mustang,2007,5400,1
LEMON_FORD_MUSTANG_4000CC_2008,Ford,Mustang,2008,4000,1
LEMON_FORD_MUSTANG_4600CC_2008,Ford,Mustang,2008,4600,1
LEMON_FORD_MUSTANG_5400CC_2008,Ford,Mustang,2008,5400,1
LEMON_FORD_MUSTANG_4000CC_2009,Ford,Mustang,2009,4000,1
LEMON_FORD_MUSTANG_4600CC_2009,Ford,Mustang,2009,4600,1
LEMON_FORD_MUSTANG_5400CC_2009,Ford,Mustang,2009,5400,1
LEMON_FORD_MUSTANG_4000CC_2010,Ford,Mustang,2010,4000,1
LEMON_FORD_MUSTANG_4600CC_2010,Ford,Mustang,2010,4600,1
LEMON_FORD_MUSTANG_5400CC_2010,Ford,Mustang,2010,5400,1
LEMON_FORD_MUSTANG_3700CC_2011,Ford,Mustang,2011,3700,1
LEMON_FORD_MUSTANG_5000CC_2011,Ford,Mustang,2011,5000,1
LEMON_FORD_MUSTANG_5400CC_2011,Ford,Mustang,2011,5400,1
LEMON_FORD_MUSTANG_3700CC_2012,Ford,Mustang,2012,3700,1
LEMON_FORD_MUSTANG_5000CC_2012,Ford,Mustang,2012,5000,1
LEMON_FORD_MUSTANG_5400CC_2012,Ford,Mustang,2012,5400,1
LEMON_FORD_MUSTANG_3700CC_2013,Ford,Mustang,2013,3700,1
LEMON_FORD_MUSTANG_5000CC_2013,Ford,Mustang,2013,5000,1
LEMON_FORD_MUSTANG_5800CC_2013,Ford,Mustang,2013,5800,1
LEMON_FORD_MUSTANG_3700CC_2014,Ford,Mustang,2014,3700,1
LEMON_FORD_MUSTANG_5000CC_2014,Ford,Mustang,2014,5000,1
LEMON_FORD_MUSTANG_5800CC_2014,Ford,Mustang,2014,5800,1
LEMON_FORD_MUSTANG_2300CC_2015,Ford,Mustang,2015,2300,1
LEMON_FORD_MUSTANG_5000CC_2015,Ford,Mustang,2015,5000,1
LEMON_FORD_MUSTANG_3700CC_2015,Ford,Mustang,2015,3700,1
LEMON_FORD_MUSTANG_2300CC_2016,Ford,Mustang,2016,2300,1
LEMON_FORD_MUSTANG_5000CC_2016,Ford,Mustang,2016,5000,1
LEMON_FORD_MUSTANG_3700CC_2016,Ford,Mustang,2016,3700,1
LEMON_FORD_MUSTANG_2300CC_2017,Ford,Mustang,2017,2300,1
LEMON_FORD_MUSTANG_5000CC_2017,Ford,Mustang,2017,5000,1
LEMON_FORD_MUSTANG_3700CC_2017,Ford,Mustang,2017,3700,1
LEMON_FORD_MUSTANG_2300CC_2018,Ford,Mustang,2018,2300,1
LEMON_FORD_MUSTANG_5000CC_2018,Ford,Mustang,2018,5000,1
LEMON_FORD_MUSTANG_5200CC_2018,Ford,Mustang,2018,5200,1
LEMON_FORD_MUSTANG_2300CC_2019,Ford,Mustang,2019,2300,1
LEMON_FORD_MUSTANG_5000CC_2019,Ford,Mustang,2019,5000,1
LEMON_FORD_MUSTANG_5200CC_2019,Ford,Mustang,2019,5200,1
LEMON_FORD_MUSTANG_2300CC_VIND_2020,Ford,Mustang,2020,2300,1
LEMON_FORD_MUSTANG_5000CC_2020,Ford,Mustang,2020,5000,1
LEMON_FORD_MUSTANG_2300CC_VINH_2020,Ford,Mustang,2020,2300,1
LEMON_FORD_MUSTANG_5200CC_2020,Ford,Mustang,2020,5200,1
LEMON_FORD_MUSTANG_2300CC_VIND_2021,Ford,Mustang,2021,2300,1
LEMON_FORD_MUSTANG_2300CC_VINH_2021,Ford,Mustang,2021,2300,1
LEMON_FORD_MUSTANG_5000CC_2021,Ford,Mustang,2021,5000,1
LEMON_FORD_MUSTANG_5200CC_2021,Ford,Mustang,2021,5200,1
LEMON_FORD_MUSTANG_2021,Ford,Mustang,2021,,1
LEMON_FORD_MUSTANG_2300CC_VIND_2022,Ford,Mustang,2022,2300,1
LEMON_FORD_MUSTANG_2300CC_VINH_2022,Ford,Mustang,2022,2300,1
LEMON_FORD_MUSTANG_5000CC_2022,Ford,Mustang,2022,5000,1
LEMON_FORD_MUSTANG_2022,Ford,Mustang,2022,,1
LEMON_FORD_MUSTANG_5200CC_2022,Ford,Mustang,2022,5200,1
LEMON_FORD_MUSTANG_2300CC_VIND_2023,Ford,Mustang,2023,2300,1
LEMON_FORD_MUSTANG_2300CC_VINH_2023,Ford,Mustang,2023,2300,1
LEMON_FORD_MUSTANG_5000CC_2023,Ford,Mustang,2023,5000,1
LEMON_FORD_MUSTANG_2023,Ford,Mustang,2023,,1
LEMON_FORD_MUSTANG_5000CC_2024,Ford,Mustang,2024,5000,1
LEMON_FORD_MUSTANG_2300CC_2024,Ford,Mustang,2024,2300,1
LEMON_FORD_MUSTANG_2024,Ford,Mustang,2024,,1
LEMON_FORD_PICKUP_4200CC_2000,Ford,Pickup,2000,4200,1
LEMON_FORD_PICKUP_4600CC_2000,Ford,Pickup,2000,4600,1
LEMON_FORD_PICKUP_5400CC_2000,Ford,Pickup,2000,5400,1
LEMON_FORD_PICKUP_6800CC_2000,Ford,Pickup,2000,6800,1
LEMON_FORD_PICKUP_7300CC_2000,Ford,Pickup,2000,7300,1
LEMON_FORD_PICKUP_4200CC_2001,Ford,Pickup,2001,4200,1
LEMON_FORD_PICKUP_4600CC_2001,Ford,Pickup,2001,4600,1
LEMON_FORD_PICKUP_5400CC_2001,Ford,Pickup,2001,5400,1
LEMON_FORD_PICKUP_6800CC_2001,Ford,Pickup,2001,6800,1
LEMON_FORD_PICKUP_7300CC_2001,Ford,Pickup,2001,7300,1
LEMON_FORD_PICKUP_4200CC_2002,Ford,Pickup,2002,4200,1
LEMON_FORD_PICKUP_4600CC_2002,Ford,Pickup,2002,4600,1
LEMON_FORD_PICKUP_5400CC_2002,Ford,Pickup,2002,5400,1
LEMON_FORD_PICKUP_6800CC_2002,Ford,Pickup,2002,6800,1
LEMON_FORD_PICKUP_7300CC_2002,Ford,Pickup,2002,7300,1
LEMON_FORD_PICKUP_4200CC_2003,Ford,Pickup,2003,4200,1
LEMON_FORD_PICKUP_4600CC_2003,Ford,Pickup,2003,4600,1
LEMON_FORD_PICKUP_5400CC_2003,Ford,Pickup,2003,5400,1
LEMON_FORD_PICKUP_6000CC_2003,Ford,Pickup,2003,6000,1
LEMON_FORD_PICKUP_6800CC_2003,Ford,Pickup,2003,6800,1
LEMON_FORD_PICKUP_7300CC_2003,Ford,Pickup,2003,7300,1
LEMON_FORD_PICKUP_5400CC_2004,Ford,Pickup,2004,5400,1
LEMON_FORD_PICKUP_4600CC_2004,Ford,Pickup,2004,4600,1
LEMON_FORD_PICKUP_6000CC_2004,Ford,Pickup,2004,6000,1
LEMON_FORD_PICKUP_6800CC_2004,Ford,Pickup,2004,6800,1
LEMON_FORD_PICKUP_4200CC_2004,Ford,Pickup,2004,4200,1
LEMON_FORD_PICKUP_4200CC_2005,Ford,Pickup,2005,4200,1
LEMON_FORD_PICKUP_4600CC_2005,Ford,Pickup,2005,4600,1
LEMON_FORD_PICKUP_5400CC_2005,Ford,Pickup,2005,5400,1
LEMON_FORD_PICKUP_6000CC_2005,Ford,Pickup,2005,6000,1
LEMON_FORD_PICKUP_6800CC_2005,Ford,Pickup,2005,6800,1
LEMON_FORD_PICKUP_4200CC_2006,Ford,Pickup,2006,4200,1
LEMON_FORD_PICKUP_4600CC_2006,Ford,Pickup,2006,4600,1
LEMON_FORD_PICKUP_5400CC_2006,Ford,Pickup,2006,5400,1
LEMON_FORD_PICKUP_6000CC_2006,Ford,Pickup,2006,6000,1
LEMON_FORD_PICKUP_6800CC_2006,Ford,Pickup,2006,6800,1
LEMON_FORD_PICKUP_4200CC_2007,Ford,Pickup,2007,4200,1
LEMON_FORD_PICKUP_4600CC_2007,Ford,Pickup,2007,4600,1
LEMON_FORD_PICKUP_5400CC_2007,Ford,Pickup,2007,5400,1
LEMON_FORD_PICKUP_6000CC_2007,Ford,Pickup,2007,6000,1
LEMON_FORD_PICKUP_6800CC_2007,Ford,Pickup,2007,6800,1
LEMON_FORD_PICKUP_4200CC_2008,Ford,Pickup,2008,4200,1
LEMON_FORD_PICKUP_4600CC_2008,Ford,Pickup,2008,4600,1
LEMON_FORD_PICKUP_5400CC_2008,Ford,Pickup,2008,5400,1
LEMON_FORD_PICKUP_6400CC_2008,Ford,Pickup,2008,6400,1
LEMON_FORD_PICKUP_6800CC_2008,Ford,Pickup,2008,6800,1
LEMON_FORD_PICKUP_4600CC_2009,Ford,Pickup,2009,4600,1
LEMON_FORD_PICKUP_5400CC_2009,Ford,Pickup,2009,5400,1
LEMON_FORD_PICKUP_6400CC_2009,Ford,Pickup,2009,6400,1
LEMON_FORD_PICKUP_6800CC_2009,Ford,Pickup,2009,6800,1
LEMON_FORD_PICKUP_4600CC_2010,Ford,Pickup,2010,4600,1
LEMON_FORD_PICKUP_5400CC_2010,Ford,Pickup,2010,5400,1
LEMON_FORD_PICKUP_6200CC_2010,Ford,Pickup,2010,6200,1
LEMON_FORD_PICKUP_6400CC_2010,Ford,Pickup,2010,6400,1
LEMON_FORD_PICKUP_6800CC_2010,Ford,Pickup,2010,6800,1
LEMON_FORD_PICKUP_3500CC_2011,Ford,Pickup,2011,3500,1
LEMON_FORD_PICKUP_3700CC_2011,Ford,Pickup,2011,3700,1
LEMON_FORD_PICKUP_5000CC_2011,Ford,Pickup,2011,5000,1
LEMON_FORD_PICKUP_6200CC_2011,Ford,Pickup,2011,6200,1
LEMON_FORD_PICKUP_6700CC_2011,Ford,Pickup,2011,6700,1
LEMON_FORD_PICKUP_3500CC_VINT_2012,Ford,Pickup,2012,3500,1
LEMON_FORD_PICKUP_3700CC_VINM_2012,Ford,Pickup,2012,3700,1
LEMON_FORD_PICKUP_5000CC_VINF_2012,Ford,Pickup,2012,5000,1
LEMON_FORD_PICKUP_6200CC_VIN6_2012,Ford,Pickup,2012,6200,1
LEMON_FORD_PICKUP_6700CC_VINT_2012,Ford,Pickup,2012,6700,1
LEMON_FORD_POLICE_3500CC_VIN8_2014,Ford,Police,2014,3500,1
LEMON_FORD_POLICE_3700CC_VINK_2014,Ford,Police,2014,3700,1
LEMON_FORD_POLICE_3500CC_VINT_2014,Ford,Police,2014,3500,1
LEMON_FORD_POLICE_3700CC_VINR_2014,Ford,Police,2014,3700,1
LEMON_FORD_POLICE_3500CC_VIN8_2015,Ford,Police,2015,3500,1
LEMON_FORD_POLICE_3500CC_VINT_2015,Ford,Police,2015,3500,1
LEMON_FORD_POLICE_3700CC_VINK_2015,Ford,Police,2015,3700,1
LEMON_FORD_POLICE_3700CC_VINR_2015,Ford,Police,2015,3700,1
LEMON_FORD_POLICE_3500CC_VIN8_2016,Ford,Police,2016,3500,1
LEMON_FORD_POLICE_3500CC_VINT_2016,Ford,Police,2016,3500,1
LEMON_FORD_POLICE_3700CC_VINK_2016,Ford,Police,2016,3700,1
LEMON_FORD_POLICE_3700CC_VINR_2016,Ford,Police,2016,3700,1
LEMON_FORD_POLICE_3500CC_VIN8_2017,Ford,Police,2017,3500,1
LEMON_FORD_POLICE_3500CC_VINT_2017,Ford,Police,2017,3500,1
LEMON_FORD_POLICE_3700CC_VINK_2017,Ford,Police,2017,3700,1
LEMON_FORD_POLICE_3700CC_VINR_2017,Ford,Police,2017,3700,1
LEMON_FORD_POLICE_3500CC_VIN8_2018,Ford,Police,2018,3500,1
LEMON_FORD_POLICE_3500CC_VINT_2018,Ford,Police,2018,3500,1
LEMON_FORD_POLICE_3700CC_VINK_2018,Ford,Police,2018,3700,1
LEMON_FORD_POLICE_3700CC_VINR_2018,Ford,Police,2018,3700,1
LEMON_FORD_POLICE_3500CC_VIN8_2019,Ford,Police,2019,3500,1
LEMON_FORD_POLICE_3700CC_VINK_2019,Ford,Police,2019,3700,1
LEMON_FORD_POLICE_3500CC_VINT_2019,Ford,Police,2019,3500,1
LEMON_FORD_POLICE_2019,Ford,Police,2019,,1
LEMON_FORD_POLICE_3700CC_VINR_2019,Ford,Police,2019,3700,1
LEMON_FORD_POLICE_3000CC_VINC_2020,Ford,Police,2020,3000,1
LEMON_FORD_POLICE_3300CC_VINB_2020,Ford,Police,2020,3300,1
LEMON_FORD_POLICE_3300CC_VINW_2020,Ford,Police,2020,3300,1
LEMON_FORD_POLICE_2020,Ford,Police,2020,,1
LEMON_FORD_POLICE_3000CC_VINC_2021,Ford,Police,2021,3000,1
LEMON_FORD_POLICE_3300CC_VINB_2021,Ford,Police,2021,3300,1
LEMON_FORD_POLICE_3300CC_VINW_2021,Ford,Police,2021,3300,1
LEMON_FORD_POLICE_3300CC_VINB_2022,Ford,Police,2022,3300,1
LEMON_FORD_POLICE_3300CC_VINW_2022,Ford,Police,2022,3300,1
LEMON_FORD_POLICE_3000CC_VINC_2022,Ford,Police,2022,3000,1
LEMON_FORD_POLICE_3000CC_VINC_2023,Ford,Police,2023,3000,1
LEMON_FORD_POLICE_3300CC_VINB_2023,Ford,Police,2023,3300,1
LEMON_FORD_POLICE_3300CC_VINW_2023,Ford,Police,2023,3300,1
LEMON_FORD_POLICE_3000CC_VINC_2024,Ford,Police,2024,3000,1
LEMON_FORD_POLICE_3300CC_VINB_2024,Ford,Police,2024,3300,1
LEMON_FORD_POLICE_3300CC_VINW_2024,Ford,Police,2024,3300,1
LEMON_FORD_RV_5400CC_2000,Ford,RV,2000,5400,1
LEMON_FORD_RV_6800CC_2000,Ford,RV,2000,6800,1
LEMON_FORD_RV_7300CC_2000,Ford,RV,2000,7300,1
LEMON_FORD_RV_6800CC_2001,Ford,RV,2001,6800,1
LEMON_FORD_RV_5400CC_2001,Ford,RV,2001,5400,1
LEMON_FORD_RV_7300CC_2001,Ford,RV,2001,7300,1
LEMON_FORD_RV_5400CC_2002,Ford,RV,2002,5400,1
LEMON_FORD_RV_6800CC_2002,Ford,RV,2002,6800,1
LEMON_FORD_RV_7300CC_2002,Ford,RV,2002,7300,1
LEMON_FORD_RV_6800CC_2003,Ford,RV,2003,6800,1
LEMON_FORD_RV_7300CC_2003,Ford,RV,2003,7300,1
LEMON_FORD_RV_5400CC_2003,Ford,RV,2003,5400,1
LEMON_FORD_RV_6000CC_2004,Ford,RV,2004,6000,1
LEMON_FORD_RV_5400CC_2004,Ford,RV,2004,5400,1
LEMON_FORD_RV_6800CC_2004,Ford,RV,2004,6800,1
LEMON_FORD_RV_5400CC_2005,Ford,RV,2005,5400,1
LEMON_FORD_RV_6800CC_2005,Ford,RV,2005,6800,1
LEMON_FORD_RV_6000CC_2005,Ford,RV,2005,6000,1
LEMON_FORD_RV_5400CC_2006,Ford,RV,2006,5400,1
LEMON_FORD_RV_6000CC_2006,Ford,RV,2006,6000,1
LEMON_FORD_RV_6800CC_2006,Ford,RV,2006,6800,1
LEMON_FORD_RV_5400CC_2007,Ford,RV,2007,5400,1
LEMON_FORD_RV_6800CC_2007,Ford,RV,2007,6800,1
LEMON_FORD_RV_6000CC_2007,Ford,RV,2007,6000,1
LEMON_FORD_RV_6000CC_2008,Ford,RV,2008,6000,1
LEMON_FORD_RV_6800CC_2008,Ford,RV,2008,6800,1
LEMON_FORD_RV_5400CC_2008,Ford,RV,2008,5400,1
LEMON_FORD_RV_6000CC_2009,Ford,RV,2009,6000,1
LEMON_FORD_RV_6800CC_2009,Ford,RV,2009,6800,1
LEMON_FORD_RV_5400CC_2009,Ford,RV,2009,5400,1
LEMON_FORD_RV_5400CC_2010,Ford,RV,2010,5400,1
LEMON_FORD_RV_6000CC_2010,Ford,RV,2010,6000,1
LEMON_FORD_RV_6800CC_2010,Ford,RV,2010,6800,1
LEMON_FORD_RV_5400CC_2011,Ford,RV,2011,5400,1
LEMON_FORD_RV_6800CC_2011,Ford,RV,2011,6800,1
LEMON_FORD_RANGER_3000CC_2000,Ford,Ranger,2000,3000,1
LEMON_FORD_RANGER_2500CC_2000,Ford,Ranger,2000,2500,1
LEMON_FORD_RANGER_4000CC_2000,Ford,Ranger,2000,4000,1
LEMON_FORD_RANGER_2300CC_2001,Ford,Ranger,2001,2300,1
LEMON_FORD_RANGER_3000CC_2001,Ford,Ranger,2001,3000,1
LEMON_FORD_RANGER_2500CC_2001,Ford,Ranger,2001,2500,1
LEMON_FORD_RANGER_4000CC_2001,Ford,Ranger,2001,4000,1
LEMON_FORD_RANGER_2300CC_2002,Ford,Ranger,2002,2300,1
LEMON_FORD_RANGER_3000CC_2002,Ford,Ranger,2002,3000,1
LEMON_FORD_RANGER_4000CC_2002,Ford,Ranger,2002,4000,1
LEMON_FORD_RANGER_3000CC_2003,Ford,Ranger,2003,3000,1
LEMON_FORD_RANGER_4000CC_2003,Ford,Ranger,2003,4000,1
LEMON_FORD_RANGER_2300CC_2003,Ford,Ranger,2003,2300,1
LEMON_FORD_RANGER_3000CC_2004,Ford,Ranger,2004,3000,1
LEMON_FORD_RANGER_4000CC_2004,Ford,Ranger,2004,4000,1
LEMON_FORD_RANGER_2300CC_2004,Ford,Ranger,2004,2300,1
LEMON_FORD_RANGER_3000CC_2005,Ford,Ranger,2005,3000,1
LEMON_FORD_RANGER_4000CC_2005,Ford,Ranger,2005,4000,1
LEMON_FORD_RANGER_2300CC_2005,Ford,Ranger,2005,2300,1
LEMON_FORD_RANGER_2300CC_2006,Ford,Ranger,2006,2300,1
LEMON_FORD_RANGER_3000CC_2006,Ford,Ranger,2006,3000,1
LEMON_FORD_RANGER_4000CC_2006,Ford,Ranger,2006,4000,1
LEMON_FORD_RANGER_2300CC_2007,Ford,Ranger,2007,2300,1
LEMON_FORD_RANGER_3000CC_2007,Ford,Ranger,2007,3000,1
LEMON_FORD_RANGER_4000CC_2007,Ford,Ranger,2007,4000,1
LEMON_FORD_RANGER_2300CC_2008,Ford,Ranger,2008,2300,1
LEMON_FORD_RANGER_3000CC_2008,Ford,Ranger,2008,3000,1
LEMON_FORD_RANGER_4000CC_2008,Ford,Ranger,2008,4000,1
LEMON_FORD_RANGER_2300CC_2009,Ford,Ranger,2009,2300,1
LEMON_FORD_RANGER_4000CC_2009,Ford,Ranger,2009,4000,1
LEMON_FORD_RANGER_2300CC_2010,Ford,Ranger,2010,2300,1
LEMON_FORD_RANGER_4000CC_2010,Ford,Ranger,2010,4000,1
LEMON_FORD_RANGER_2300CC_2011,Ford,Ranger,2011,2300,1
LEMON_FORD_RANGER_4000CC_2011,Ford,Ranger,2011,4000,1
LEMON_FORD_RANGER_2019,Ford,Ranger,2019,,1
LEMON_FORD_RANGER_2020,Ford,Ranger,2020,,1
LEMON_FORD_RANGER_2021,Ford,Ranger,2021,,1
LEMON_FORD_RANGER_2022,Ford,Ranger,2022,,1
LEMON_FORD_RANGER_2023,Ford,Ranger,2023,,1
LEMON_FORD_RANGER_2300CC_VINH_2024,Ford,Ranger,2024,2300,1
LEMON_FORD_RANGER_2700CC_VINP_2024,Ford,Ranger,2024,2700,1
LEMON_FORD_RANGER_2300CC_2024,Ford,Ranger,2024,2300,1
LEMON_FORD_RANGER_3000CC_2024,Ford,Ranger,2024,3000,1
LEMON_FORD_SSV_2019,Ford,SSV,2019,,1
LEMON_FORD_SSV_2020,Ford,SSV,2020,,1
LEMON_FORD_SPECIAL_2014,Ford,Special,2014,,1
LEMON_FORD_SPECIAL_2015_SPECIALSERVI,Ford,Special,2015,,1
LEMON_FORD_SPECIAL_2016,Ford,Special,2016,,1
LEMON_FORD_SPECIAL_2017,Ford,Special,2017,,1
LEMON_FORD_SPECIAL_2018,Ford,Special,2018,,1
LEMON_FORD_TAURUS_3000CC_2000,Ford,Taurus,2000,3000,1
LEMON_FORD_TAURUS_3000CC_2001,Ford,Taurus,2001,3000,1
LEMON_FORD_TAURUS_2002,Ford,Taurus,2002,,1
LEMON_FORD_TAURUS_2003,Ford,Taurus,2003,,1
LEMON_FORD_TAURUS_2004,Ford,Taurus,2004,,1
LEMON_FORD_TAURUS_2005,Ford,Taurus,2005,,1
LEMON_FORD_TAURUS_2006,Ford,Taurus,2006,,1
LEMON_FORD_TAURUS_2007,Ford,Taurus,2007,,1
LEMON_FORD_TAURUS_2008,Ford,Taurus,2008,,1
LEMON_FORD_TAURUS_2009,Ford,Taurus,2009,,1
LEMON_FORD_TAURUS_2010,Ford,Taurus,2010,,1
LEMON_FORD_TAURUS_2011,Ford,Taurus,2011,,1
LEMON_FORD_TAURUS_2012,Ford,Taurus,2012,,1
LEMON_FORD_TAURUS_2000CC_VIN9_2013,Ford,Taurus,2013,2000,1
LEMON_FORD_TAURUS_3500CC_VIN8_2013,Ford,Taurus,2013,3500,1
LEMON_FORD_TAURUS_3700CC_VINK_2013,Ford,Taurus,2013,3700,1
LEMON_FORD_TAURUS_3500CC_VINT_2013,Ford,Taurus,2013,3500,1
LEMON_FORD_TAURUS_3500CC_2013,Ford,Taurus,2013,3500,1
LEMON_FORD_TAURUS_2000CC_VIN9_2014,Ford,Taurus,2014,2000,1
LEMON_FORD_TAURUS_3500CC_VIN8_2014,Ford,Taurus,2014,3500,1
LEMON_FORD_TAURUS_3500CC_2014,Ford,Taurus,2014,3500,1
LEMON_FORD_TAURUS_3500CC_VIN8_2015,Ford,Taurus,2015,3500,1
LEMON_FORD_TAURUS_2000CC_VIN9_2015,Ford,Taurus,2015,2000,1
LEMON_FORD_TAURUS_3500CC_2015,Ford,Taurus,2015,3500,1
LEMON_FORD_TAURUS_2000CC_VIN9_2016,Ford,Taurus,2016,2000,1
LEMON_FORD_TAURUS_3500CC_VIN8_2016,Ford,Taurus,2016,3500,1
LEMON_FORD_TAURUS_3500CC_2016,Ford,Taurus,2016,3500,1
LEMON_FORD_TAURUS_2000CC_VIN9_2017,Ford,Taurus,2017,2000,1
LEMON_FORD_TAURUS_3500CC_VIN8_2017,Ford,Taurus,2017,3500,1
LEMON_FORD_TAURUS_3500CC_2017,Ford,Taurus,2017,3500,1
LEMON_FORD_TAURUS_2018,Ford,Taurus,2018,,1
LEMON_FORD_TAURUS_2019,Ford,Taurus,2019,,1
LEMON_FORD_THUNDERBIRD_2002,Ford,Thunderbird,2002,,1
LEMON_FORD_THUNDERBIRD_2003,Ford,Thunderbird,2003,,1
LEMON_FORD_THUNDERBIRD_2004,Ford,Thunderbird,2004,,1
LEMON_FORD_THUNDERBIRD_2005,Ford,Thunderbird,2005,,1
LEMON_FORD_TRANSIT_2010,Ford,Transit,2010,,1
LEMON_FORD_TRANSIT_2011,Ford,Transit,2011,,1
LEMON_FORD_TRANSIT_2012,Ford,Transit,2012,,1
LEMON_FORD_TRANSIT_2013,Ford,Transit,2013,,1
LEMON_FORD_TRANSIT_1600CC_VINX_2014,Ford,Transit,2014,1600,1
LEMON_FORD_TRANSIT_2500CC_VIN7_2014,Ford,Transit,2014,2500,1
LEMON_FORD_TRANSIT_2500CC_2014,Ford,Transit,2014,2500,1
LEMON_FORD_TRANSIT_1600CC_VINX_2015,Ford,Transit,2015,1600,1
LEMON_FORD_TRANSIT_2500CC_VIN7_2015,Ford,Transit,2015,2500,1
LEMON_FORD_TRANSIT_2500CC_2015,Ford,Transit,2015,2500,1
LEMON_FORD_TRANSIT_2500CC_2016,Ford,Transit,2016,2500,1
LEMON_FORD_TRANSIT_1600CC_VINX_2016,Ford,Transit,2016,1600,1
LEMON_FORD_TRANSIT_2500CC_VIN7_2016,Ford,Transit,2016,2500,1
LEMON_FORD_TRANSIT_2017,Ford,Transit,2017,,1
LEMON_FORD_TRANSIT_2018,Ford,Transit,2018,,1
LEMON_FORD_TRANSIT_2000CC_2019,Ford,Transit,2019,2000,1
LEMON_FORD_TRANSIT_2000CC_VIN2_2019,Ford,Transit,2019,2000,1
LEMON_FORD_TRANSIT_2500CC_VIN7_2019,Ford,Transit,2019,2500,1
LEMON_FORD_TRANSIT_2000CC_2020,Ford,Transit,2020,2000,1
LEMON_FORD_TRANSIT_2000CC_VIN2_2020,Ford,Transit,2020,2000,1
LEMON_FORD_TRANSIT_2500CC_VIN7_2020,Ford,Transit,2020,2500,1
LEMON_FORD_TRANSIT_2000CC_2021,Ford,Transit,2021,2000,1
LEMON_FORD_TRANSIT_2000CC_VIN2_2021,Ford,Transit,2021,2000,1
LEMON_FORD_TRANSIT_2500CC_VIN7_2021,Ford,Transit,2021,2500,1
LEMON_FORD_TRANSIT_2000CC_2022,Ford,Transit,2022,2000,1
LEMON_FORD_TRANSIT_2000CC_VIN2_2022,Ford,Transit,2022,2000,1
LEMON_FORD_TRANSIT_2500CC_VIN7_2022,Ford,Transit,2022,2500,1
LEMON_FORD_TRANSIT_2023,Ford,Transit,2023,,1
LEMON_FORD_TRANSIT-150_3500CC_VING_2015,Ford,Transit-150,2015,3500,1
LEMON_FORD_TRANSIT-150_3200CC_VINV_2015,Ford,Transit-150,2015,3200,1
LEMON_FORD_TRANSIT-150_3700CC_VINM_2015,Ford,Transit-150,2015,3700,1
LEMON_FORD_TRANSIT-150_3500CC_VING_2016,Ford,Transit-150,2016,3500,1
LEMON_FORD_TRANSIT-150_3200CC_VINV_2016,Ford,Transit-150,2016,3200,1
LEMON_FORD_TRANSIT-150_3700CC_VINM_2016,Ford,Transit-150,2016,3700,1
LEMON_FORD_TRANSIT-150_3200CC_VINV_2017,Ford,Transit-150,2017,3200,1
LEMON_FORD_TRANSIT-150_3500CC_VING_2017,Ford,Transit-150,2017,3500,1
LEMON_FORD_TRANSIT-150_3700CC_VINM_2017,Ford,Transit-150,2017,3700,1
LEMON_FORD_TRANSIT-150_3200CC_VINV_2018,Ford,Transit-150,2018,3200,1
LEMON_FORD_TRANSIT-150_3500CC_VING_2018,Ford,Transit-150,2018,3500,1
LEMON_FORD_TRANSIT-150_3700CC_VINM_2018,Ford,Transit-150,2018,3700,1
LEMON_FORD_TRANSIT-150_3200CC_VINV_2019,Ford,Transit-150,2019,3200,1
LEMON_FORD_TRANSIT-150_3700CC_VINM_2019,Ford,Transit-150,2019,3700,1
LEMON_FORD_TRANSIT-150_3500CC_VING_2019,Ford,Transit-150,2019,3500,1
LEMON_FORD_TRANSIT-150_3500CC_VIN8_2020,Ford,Transit-150,2020,3500,1
LEMON_FORD_TRANSIT-150_3500CC_VING_2020,Ford,Transit-150,2020,3500,1
LEMON_FORD_TRANSIT-150_3500CC_VIN8_2021,Ford,Transit-150,2021,3500,1
LEMON_FORD_TRANSIT-150_3500CC_VING_2021,Ford,Transit-150,2021,3500,1
LEMON_FORD_TRANSIT-150_3500CC_VIN8_2022,Ford,Transit-150,2022,3500,1
LEMON_FORD_TRANSIT-150_3500CC_VING_2022,Ford,Transit-150,2022,3500,1
LEMON_FORD_TRANSIT-150_3500CC_VIN8_2023,Ford,Transit-150,2023,3500,1
LEMON_FORD_TRANSIT-150_3500CC_VING_2023,Ford,Transit-150,2023,3500,1
LEMON_FORD_TRANSIT-150_3500CC_VING_2024,Ford,Transit-150,2024,3500,1
LEMON_FORD_TRANSIT-150_3500CC_VIN8_2024,Ford,Transit-150,2024,3500,1
LEMON_FORD_TRANSIT-250_3200CC_VINV_2015,Ford,Transit-250,2015,3200,1
LEMON_FORD_TRANSIT-250_3700CC_VINM_2015,Ford,Transit-250,2015,3700,1
LEMON_FORD_TRANSIT-250_3500CC_VING_2015,Ford,Transit-250,2015,3500,1
LEMON_FORD_TRANSIT-250_3200CC_VINV_2016,Ford,Transit-250,2016,3200,1
LEMON_FORD_TRANSIT-250_3700CC_VINM_2016,Ford,Transit-250,2016,3700,1
LEMON_FORD_TRANSIT-250_3500CC_VING_2016,Ford,Transit-250,2016,3500,1
LEMON_FORD_TRANSIT-250_3200CC_VINV_2017,Ford,Transit-250,2017,3200,1
LEMON_FORD_TRANSIT-250_3700CC_VINM_2017,Ford,Transit-250,2017,3700,1
LEMON_FORD_TRANSIT-250_3500CC_VING_2017,Ford,Transit-250,2017,3500,1
LEMON_FORD_TRANSIT-250_3200CC_VINV_2018,Ford,Transit-250,2018,3200,1
LEMON_FORD_TRANSIT-250_3700CC_VINM_2018,Ford,Transit-250,2018,3700,1
LEMON_FORD_TRANSIT-250_3500CC_VING_2018,Ford,Transit-250,2018,3500,1
LEMON_FORD_TRANSIT-250_3200CC_VINV_2019,Ford,Transit-250,2019,3200,1
LEMON_FORD_TRANSIT-250_3700CC_VINM_2019,Ford,Transit-250,2019,3700,1
LEMON_FORD_TRANSIT-250_3500CC_VING_2019,Ford,Transit-250,2019,3500,1
LEMON_FORD_TRANSIT-250_3500CC_VIN8_2020,Ford,Transit-250,2020,3500,1
LEMON_FORD_TRANSIT-250_3500CC_VING_2020,Ford,Transit-250,2020,3500,1
LEMON_FORD_TRANSIT-250_3500CC_VIN8_2021,Ford,Transit-250,2021,3500,1
LEMON_FORD_TRANSIT-250_3500CC_VING_2021,Ford,Transit-250,2021,3500,1
LEMON_FORD_TRANSIT-250_3500CC_VIN8_2022,Ford,Transit-250,2022,3500,1
LEMON_FORD_TRANSIT-250_3500CC_VING_2022,Ford,Transit-250,2022,3500,1
LEMON_FORD_TRANSIT-250_3500CC_VIN8_2023,Ford,Transit-250,2023,3500,1
LEMON_FORD_TRANSIT-250_3500CC_VING_2023,Ford,Transit-250,2023,3500,1
LEMON_FORD_TRANSIT-250_3500CC_VIN8_2024,Ford,Transit-250,2024,3500,1
LEMON_FORD_TRANSIT-250_3500CC_VING_2024,Ford,Transit-250,2024,3500,1
LEMON_FORD_TRANSIT-350_3700CC_VINM_2015,Ford,Transit-350,2015,3700,1
LEMON_FORD_TRANSIT-350_3200CC_VINV_2015,Ford,Transit-350,2015,3200,1
LEMON_FORD_TRANSIT-350_3500CC_VING_2015,Ford,Transit-350,2015,3500,1
LEMON_FORD_TRANSIT-350_3500CC_2015,Ford,Transit-350,2015,3500,1
LEMON_FORD_TRANSIT-350_3200CC_VINV_2016,Ford,Transit-350,2016,3200,1
LEMON_FORD_TRANSIT-350_3700CC_VINM_2016,Ford,Transit-350,2016,3700,1
LEMON_FORD_TRANSIT-350_3500CC_VING_2016,Ford,Transit-350,2016,3500,1
LEMON_FORD_TRANSIT-350_3200CC_VINV_2017,Ford,Transit-350,2017,3200,1
LEMON_FORD_TRANSIT-350_3700CC_VINM_2017,Ford,Transit-350,2017,3700,1
LEMON_FORD_TRANSIT-350_3500CC_VING_2017,Ford,Transit-350,2017,3500,1
LEMON_FORD_TRANSIT-350_3200CC_VINV_2018,Ford,Transit-350,2018,3200,1
LEMON_FORD_TRANSIT-350_3700CC_VINM_2018,Ford,Transit-350,2018,3700,1
LEMON_FORD_TRANSIT-350_3500CC_VING_2018,Ford,Transit-350,2018,3500,1
LEMON_FORD_TRANSIT-350_3200CC_VINV_2019,Ford,Transit-350,2019,3200,1
LEMON_FORD_TRANSIT-350_3700CC_VINM_2019,Ford,Transit-350,2019,3700,1
LEMON_FORD_TRANSIT-350_3500CC_VING_2019,Ford,Transit-350,2019,3500,1
LEMON_FORD_TRANSIT-350_3500CC_VIN8_2020,Ford,Transit-350,2020,3500,1
LEMON_FORD_TRANSIT-350_3500CC_VING_2020,Ford,Transit-350,2020,3500,1
LEMON_FORD_TRANSIT-350_3500CC_VIN8_2021,Ford,Transit-350,2021,3500,1
LEMON_FORD_TRANSIT-350_3500CC_VING_2021,Ford,Transit-350,2021,3500,1
LEMON_FORD_TRANSIT-350_3500CC_VING_2022,Ford,Transit-350,2022,3500,1
LEMON_FORD_TRANSIT-350_3500CC_VIN8_2022,Ford,Transit-350,2022,3500,1
LEMON_FORD_TRANSIT-350_3500CC_VIN8_2023,Ford,Transit-350,2023,3500,1
LEMON_FORD_TRANSIT-350_3500CC_VING_2023,Ford,Transit-350,2023,3500,1
LEMON_FORD_TRANSIT-350_3500CC_VIN8_2024,Ford,Transit-350,2024,3500,1
LEMON_FORD_TRANSIT-350_3500CC_VING_2024,Ford,Transit-350,2024,3500,1
LEMON_FORD_WINDSTAR_3000CC_2000,Ford,Windstar,2000,3000,1
LEMON_FORD_WINDSTAR_3800CC_2000,Ford,Windstar,2000,3800,1
LEMON_FORD_WINDSTAR_2001,Ford,Windstar,2001,,1
LEMON_FORD_WINDSTAR_2002,Ford,Windstar,2002,,1
LEMON_FORD_WINDSTAR_2003,Ford,Windstar,2003,,1
LEMON_FORD_ZX2_2000,Ford,ZX2,2000,,1
LEMON_FORD_ZX2_2001,Ford,ZX2,2001,,1
LEMON_FORD_ZX2_2002,Ford,ZX2,2002,,1
LEMON_FORD_ZX2_2003,Ford,ZX2,2003,,1
LEMON_GMC_ACADIA_2007,GMC,Acadia,2007,,1
LEMON_GMC_ACADIA_2008,GMC,Acadia,2008,,1
LEMON_GMC_ACADIA_2009,GMC,Acadia,2009,,1
LEMON_GMC_ACADIA_2010,GMC,Acadia,2010,,1
LEMON_GMC_ACADIA_2011,GMC,Acadia,2011,,1
LEMON_GMC_ACADIA_2012,GMC,Acadia,2012,,1
LEMON_GMC_ACADIA_2013,GMC,Acadia,2013,,1
LEMON_GMC_ACADIA_2014,GMC,Acadia,2014,,1
LEMON_GMC_ACADIA_2015_ACADIADENALI,GMC,Acadia,2015,,1
LEMON_GMC_ACADIA_2015_ACADIASLTAWD,GMC,Acadia,2015,,1
LEMON_GMC_ACADIA_2015_ACADIASLEFWD,GMC,Acadia,2015,,1
LEMON_GMC_ACADIA_2015_ACADIASLTFWD,GMC,Acadia,2015,,1
LEMON_GMC_ACADIA_2015_ACADIASLEAWD,GMC,Acadia,2015,,1
LEMON_GMC_ACADIA_2016,GMC,Acadia,2016,,1
LEMON_GMC_ACADIA_2500CC_VINA_2017,GMC,Acadia,2017,2500,1
LEMON_GMC_ACADIA_3600CC_VINS_2017,GMC,Acadia,2017,3600,1
LEMON_GMC_ACADIA_2500CC_2017,GMC,Acadia,2017,2500,1
LEMON_GMC_ACADIA_3600CC_2017,GMC,Acadia,2017,3600,1
LEMON_GMC_ACADIA_2017,GMC,Acadia,2017,,1
LEMON_GMC_ACADIA_3600CC_2018,GMC,Acadia,2018,3600,1
LEMON_GMC_ACADIA_3600CC_VINS_2018,GMC,Acadia,2018,3600,1
LEMON_GMC_ACADIA_2500CC_VINA_2018,GMC,Acadia,2018,2500,1
LEMON_GMC_ACADIA_2500CC_2018,GMC,Acadia,2018,2500,1
LEMON_GMC_ACADIA_2500CC_VINA_2019,GMC,Acadia,2019,2500,1
LEMON_GMC_ACADIA_3600CC_2019,GMC,Acadia,2019,3600,1
LEMON_GMC_ACADIA_2500CC_2019,GMC,Acadia,2019,2500,1
LEMON_GMC_ACADIA_3600CC_VINS_2019,GMC,Acadia,2019,3600,1
LEMON_GMC_ACADIA_2500CC_2020,GMC,Acadia,2020,2500,1
LEMON_GMC_ACADIA_2500CC_VINA_2020,GMC,Acadia,2020,2500,1
LEMON_GMC_ACADIA_3600CC_2020,GMC,Acadia,2020,3600,1
LEMON_GMC_ACADIA_3600CC_VINS_2020,GMC,Acadia,2020,3600,1
LEMON_GMC_ACADIA_2000CC_VIN4_2020,GMC,Acadia,2020,2000,1
LEMON_GMC_ACADIA_2500CC_2021,GMC,Acadia,2021,2500,1
LEMON_GMC_ACADIA_2000CC_VIN4_2021,GMC,Acadia,2021,2000,1
LEMON_GMC_ACADIA_2500CC_VINA_2021,GMC,Acadia,2021,2500,1
LEMON_GMC_ACADIA_3600CC_VINS_2021,GMC,Acadia,2021,3600,1
LEMON_GMC_ACADIA_3600CC_2021,GMC,Acadia,2021,3600,1
LEMON_GMC_ACADIA_3600CC_VINS_2022,GMC,Acadia,2022,3600,1
LEMON_GMC_ACADIA_2000CC_2022,GMC,Acadia,2022,2000,1
LEMON_GMC_ACADIA_2000CC_VIN4_2022,GMC,Acadia,2022,2000,1
LEMON_GMC_ACADIA_3600CC_2022,GMC,Acadia,2022,3600,1
LEMON_GMC_ACADIA_2000CC_VIN4_2023,GMC,Acadia,2023,2000,1
LEMON_GMC_ACADIA_3600CC_VINS_2023,GMC,Acadia,2023,3600,1
LEMON_GMC_ACADIA_3600CC_2023,GMC,Acadia,2023,3600,1
LEMON_GMC_ACADIA_2000CC_2023,GMC,Acadia,2023,2000,1
LEMON_GMC_ACADIA_2024,GMC,Acadia,2024,,1
LEMON_GMC_ACADIA_2025,GMC,Acadia,2025,,1
LEMON_GMC_C3500_6500CC_2000,GMC,C3500,2000,6500,1
LEMON_GMC_C3500_7400CC_2000,GMC,C3500,2000,7400,1
LEMON_GMC_C3500_8100CC_2001,GMC,C3500,2001,8100,1
LEMON_GMC_C3500_6500CC_2001,GMC,C3500,2001,6500,1
LEMON_GMC_C3500_6500CC_2002,GMC,C3500,2002,6500,1
LEMON_GMC_C3500_8100CC_2002,GMC,C3500,2002,8100,1
LEMON_GMC_CAB_5700CC_2000,GMC,Cab,2000,5700,1
LEMON_GMC_CAB_6500CC_2000,GMC,Cab,2000,6500,1
LEMON_GMC_CAB_7400CC_2000,GMC,Cab,2000,7400,1
LEMON_GMC_CAB_6000CC_2001,GMC,Cab,2001,6000,1
LEMON_GMC_CAB_6600CC_2001,GMC,Cab,2001,6600,1
LEMON_GMC_CAB_8100CC_2001,GMC,Cab,2001,8100,1
LEMON_GMC_CAB_6000CC_2002,GMC,Cab,2002,6000,1
LEMON_GMC_CAB_6600CC_2002,GMC,Cab,2002,6600,1
LEMON_GMC_CAB_8100CC_2002,GMC,Cab,2002,8100,1
LEMON_GMC_CAB_6000CC_2003,GMC,Cab,2003,6000,1
LEMON_GMC_CAB_6600CC_2003,GMC,Cab,2003,6600,1
LEMON_GMC_CAB_8100CC_2003,GMC,Cab,2003,8100,1
LEMON_GMC_CAB_6000CC_2004,GMC,Cab,2004,6000,1
LEMON_GMC_CAB_6600CC_2004,GMC,Cab,2004,6600,1
LEMON_GMC_CAB_8100CC_2004,GMC,Cab,2004,8100,1
LEMON_GMC_CAB_6000CC_2005,GMC,Cab,2005,6000,1
LEMON_GMC_CAB_6600CC_2005,GMC,Cab,2005,6600,1
LEMON_GMC_CAB_8100CC_2005,GMC,Cab,2005,8100,1
LEMON_GMC_CAB_6000CC_2006,GMC,Cab,2006,6000,1
LEMON_GMC_CAB_6600CC_2006,GMC,Cab,2006,6600,1
LEMON_GMC_CAB_8100CC_2006,GMC,Cab,2006,8100,1
LEMON_GMC_CAB_6600CC_2007,GMC,Cab,2007,6600,1
LEMON_GMC_CAB_6000CC_2007,GMC,Cab,2007,6000,1
LEMON_GMC_CAB_8100CC_2007,GMC,Cab,2007,8100,1
LEMON_GMC_CAB_6000CC_2008,GMC,Cab,2008,6000,1
LEMON_GMC_CAB_6600CC_2008,GMC,Cab,2008,6600,1
LEMON_GMC_CAB_6600CC_2009,GMC,Cab,2009,6600,1
LEMON_GMC_CAB_6000CC_2009,GMC,Cab,2009,6000,1
LEMON_GMC_CAB_6000CC_2010,GMC,Cab,2010,6000,1
LEMON_GMC_CAB_6600CC_2010,GMC,Cab,2010,6600,1
LEMON_GMC_CAB_6000CC_2011,GMC,Cab,2011,6000,1
LEMON_GMC_CAB_6600CC_2011,GMC,Cab,2011,6600,1
LEMON_GMC_CAB_6600CC_VINL_2012,GMC,Cab,2012,6600,1
LEMON_GMC_CAB_6000CC_VING_2012,GMC,Cab,2012,6000,1
LEMON_GMC_CANYON_2800CC_2004,GMC,Canyon,2004,2800,1
LEMON_GMC_CANYON_3500CC_2004,GMC,Canyon,2004,3500,1
LEMON_GMC_CANYON_2800CC_2005,GMC,Canyon,2005,2800,1
LEMON_GMC_CANYON_3500CC_2005,GMC,Canyon,2005,3500,1
LEMON_GMC_CANYON_2800CC_2006,GMC,Canyon,2006,2800,1
LEMON_GMC_CANYON_3500CC_2006,GMC,Canyon,2006,3500,1
LEMON_GMC_CANYON_2900CC_2007,GMC,Canyon,2007,2900,1
LEMON_GMC_CANYON_3700CC_2007,GMC,Canyon,2007,3700,1
LEMON_GMC_CANYON_2900CC_2008,GMC,Canyon,2008,2900,1
LEMON_GMC_CANYON_3700CC_2008,GMC,Canyon,2008,3700,1
LEMON_GMC_CANYON_2900CC_2009,GMC,Canyon,2009,2900,1
LEMON_GMC_CANYON_3700CC_2009,GMC,Canyon,2009,3700,1
LEMON_GMC_CANYON_5300CC_2009,GMC,Canyon,2009,5300,1
LEMON_GMC_CANYON_2900CC_2010,GMC,Canyon,2010,2900,1
LEMON_GMC_CANYON_3700CC_2010,GMC,Canyon,2010,3700,1
LEMON_GMC_CANYON_5300CC_2010,GMC,Canyon,2010,5300,1
LEMON_GMC_CANYON_2900CC_2011,GMC,Canyon,2011,2900,1
LEMON_GMC_CANYON_3700CC_2011,GMC,Canyon,2011,3700,1
LEMON_GMC_CANYON_5300CC_2011,GMC,Canyon,2011,5300,1
LEMON_GMC_CANYON_2900CC_VIN9_2012,GMC,Canyon,2012,2900,1
LEMON_GMC_CANYON_3700CC_VINE_2012,GMC,Canyon,2012,3700,1
LEMON_GMC_CANYON_5300CC_VINP_2012,GMC,Canyon,2012,5300,1
LEMON_GMC_CANYON_2500CC_VINA_2015,GMC,Canyon,2015,2500,1
LEMON_GMC_CANYON_3600CC_VIN3_2015,GMC,Canyon,2015,3600,1
LEMON_GMC_CANYON_2500CC_2015,GMC,Canyon,2015,2500,1
LEMON_GMC_CANYON_2500CC_VINA_2016,GMC,Canyon,2016,2500,1
LEMON_GMC_CANYON_2800CC_VIN1_2016,GMC,Canyon,2016,2800,1
LEMON_GMC_CANYON_3600CC_VIN3_2016,GMC,Canyon,2016,3600,1
LEMON_GMC_CANYON_2500CC_2016,GMC,Canyon,2016,2500,1
LEMON_GMC_CANYON_2500CC_VINA_2017,GMC,Canyon,2017,2500,1
LEMON_GMC_CANYON_3600CC_VINN_2017,GMC,Canyon,2017,3600,1
LEMON_GMC_CANYON_2800CC_VIN1_2017,GMC,Canyon,2017,2800,1
LEMON_GMC_CANYON_2500CC_2017,GMC,Canyon,2017,2500,1
LEMON_GMC_CANYON_2800CC_VIN1_2018,GMC,Canyon,2018,2800,1
LEMON_GMC_CANYON_3600CC_VINN_2018,GMC,Canyon,2018,3600,1
LEMON_GMC_CANYON_3600CC_2018,GMC,Canyon,2018,3600,1
LEMON_GMC_CANYON_2500CC_VINA_2018,GMC,Canyon,2018,2500,1
LEMON_GMC_CANYON_2500CC_2018,GMC,Canyon,2018,2500,1
LEMON_GMC_CANYON_3600CC_VINN_2019,GMC,Canyon,2019,3600,1
LEMON_GMC_CANYON_2500CC_VINA_2019,GMC,Canyon,2019,2500,1
LEMON_GMC_CANYON_2800CC_VIN1_2019,GMC,Canyon,2019,2800,1
LEMON_GMC_CANYON_3600CC_2019,GMC,Canyon,2019,3600,1
LEMON_GMC_CANYON_2500CC_2019,GMC,Canyon,2019,2500,1
LEMON_GMC_CANYON_3600CC_VINN_2020,GMC,Canyon,2020,3600,1
LEMON_GMC_CANYON_3600CC_2020,GMC,Canyon,2020,3600,1
LEMON_GMC_CANYON_2500CC_VINA_2020,GMC,Canyon,2020,2500,1
LEMON_GMC_CANYON_2800CC_VIN1_2020,GMC,Canyon,2020,2800,1
LEMON_GMC_CANYON_2500CC_2020,GMC,Canyon,2020,2500,1
LEMON_GMC_CANYON_2800CC_VIN1_2021,GMC,Canyon,2021,2800,1
LEMON_GMC_CANYON_3600CC_VINN_2021,GMC,Canyon,2021,3600,1
LEMON_GMC_CANYON_2500CC_VINA_2021,GMC,Canyon,2021,2500,1
LEMON_GMC_CANYON_2800CC_VIN1_2022,GMC,Canyon,2022,2800,1
LEMON_GMC_CANYON_3600CC_VINN_2022,GMC,Canyon,2022,3600,1
LEMON_GMC_CANYON_2500CC_VINA_2022,GMC,Canyon,2022,2500,1
LEMON_GMC_CANYON_2023,GMC,Canyon,2023,,1
LEMON_GMC_CANYON_2024,GMC,Canyon,2024,,1
LEMON_GMC_CANYON_2025,GMC,Canyon,2025,,1
LEMON_GMC_CUTAWAY_6000CC_VING_2012,GMC,Cutaway,2012,6000,1
LEMON_GMC_CUTAWAY_4800CC_VINA_2012,GMC,Cutaway,2012,4800,1
LEMON_GMC_CUTAWAY_6600CC_VINL_2012,GMC,Cutaway,2012,6600,1
LEMON_GMC_CUTAWAY_6000CC_VINB_2012,GMC,Cutaway,2012,6000,1
LEMON_GMC_CUTAWAY_4800CC_VINA_2013,GMC,Cutaway,2013,4800,1
LEMON_GMC_CUTAWAY_6600CC_VINL_2013,GMC,Cutaway,2013,6600,1
LEMON_GMC_CUTAWAY_6000CC_VINB_2013,GMC,Cutaway,2013,6000,1
LEMON_GMC_CUTAWAY_6000CC_VING_2013,GMC,Cutaway,2013,6000,1
LEMON_GMC_ENVOY_2000,GMC,Envoy,2000,,1
LEMON_GMC_ENVOY_2002,GMC,Envoy,2002,,1
LEMON_GMC_ENVOY_2003,GMC,Envoy,2003,,1
LEMON_GMC_ENVOY_4200CC_2003,GMC,Envoy,2003,4200,1
LEMON_GMC_ENVOY_5300CC_2003,GMC,Envoy,2003,5300,1
LEMON_GMC_ENVOY_2004,GMC,Envoy,2004,,1
LEMON_GMC_ENVOY_4200CC_2004,GMC,Envoy,2004,4200,1
LEMON_GMC_ENVOY_5300CC_2004,GMC,Envoy,2004,5300,1
LEMON_GMC_ENVOY_4200CC_2005,GMC,Envoy,2005,4200,1
LEMON_GMC_ENVOY_5300CC_2005,GMC,Envoy,2005,5300,1
LEMON_GMC_ENVOY_4200CC_2006,GMC,Envoy,2006,4200,1
LEMON_GMC_ENVOY_5300CC_2006,GMC,Envoy,2006,5300,1
LEMON_GMC_ENVOY_4200CC_2007,GMC,Envoy,2007,4200,1
LEMON_GMC_ENVOY_5300CC_2007,GMC,Envoy,2007,5300,1
LEMON_GMC_ENVOY_4200CC_2008,GMC,Envoy,2008,4200,1
LEMON_GMC_ENVOY_5300CC_2008,GMC,Envoy,2008,5300,1
LEMON_GMC_ENVOY_4200CC_2009,GMC,Envoy,2009,4200,1
LEMON_GMC_ENVOY_5300CC_2009,GMC,Envoy,2009,5300,1
LEMON_GMC_HUMMER_2022,GMC,Hummer,2022,,1
LEMON_GMC_HUMMER_2023,GMC,Hummer,2023,,1
LEMON_GMC_HUMMER_2024,GMC,Hummer,2024,,1
LEMON_GMC_HUMMER_2025,GMC,Hummer,2025,,1
LEMON_GMC_JIMMY_2000,GMC,Jimmy,2000,,1
LEMON_GMC_JIMMY_2001,GMC,Jimmy,2001,,1
LEMON_GMC_JIMMY_2002,GMC,Jimmy,2002,,1
LEMON_GMC_JIMMY_2003,GMC,Jimmy,2003,,1
LEMON_GMC_JIMMY_2004,GMC,Jimmy,2004,,1
LEMON_GMC_JIMMY_2005,GMC,Jimmy,2005,,1
LEMON_GMC_PICKUP_5700CC_2000,GMC,Pickup,2000,5700,1
LEMON_GMC_PICKUP_6500CC_2000,GMC,Pickup,2000,6500,1
LEMON_GMC_PICKUP_7400CC_2000,GMC,Pickup,2000,7400,1
LEMON_GMC_RV_4800CC_VINA_2012,GMC,RV,2012,4800,1
LEMON_GMC_RV_6000CC_VING_2012,GMC,RV,2012,6000,1
LEMON_GMC_RV_6000CC_VINB_2012,GMC,RV,2012,6000,1
LEMON_GMC_RV_6600CC_VINL_2012,GMC,RV,2012,6600,1
LEMON_GMC_RV_4800CC_VINA_2013,GMC,RV,2013,4800,1
LEMON_GMC_RV_6000CC_VINB_2013,GMC,RV,2013,6000,1
LEMON_GMC_RV_6000CC_VING_2013,GMC,RV,2013,6000,1
LEMON_GMC_RV_6600CC_VINL_2013,GMC,RV,2013,6600,1
LEMON_GMC_SAFARI_2000,GMC,Safari,2000,,1
LEMON_GMC_SAFARI_2001,GMC,Safari,2001,,1
LEMON_GMC_SAFARI_2002,GMC,Safari,2002,,1
LEMON_GMC_SAFARI_2003,GMC,Safari,2003,,1
LEMON_GMC_SAFARI_2004,GMC,Safari,2004,,1
LEMON_GMC_SAFARI_2005,GMC,Safari,2005,,1
LEMON_GMC_SAVANA_4300CC_2000,GMC,Savana,2000,4300,1
LEMON_GMC_SAVANA_5000CC_2000,GMC,Savana,2000,5000,1
LEMON_GMC_SAVANA_5700CC_2000,GMC,Savana,2000,5700,1
LEMON_GMC_SAVANA_6500CC_2000,GMC,Savana,2000,6500,1
LEMON_GMC_SAVANA_7400CC_2000,GMC,Savana,2000,7400,1
LEMON_GMC_SAVANA_4300CC_2001,GMC,Savana,2001,4300,1
LEMON_GMC_SAVANA_5000CC_2001,GMC,Savana,2001,5000,1
LEMON_GMC_SAVANA_5700CC_2001,GMC,Savana,2001,5700,1
LEMON_GMC_SAVANA_6500CC_2001,GMC,Savana,2001,6500,1
LEMON_GMC_SAVANA_8100CC_2001,GMC,Savana,2001,8100,1
LEMON_GMC_SAVANA_4300CC_2002,GMC,Savana,2002,4300,1
LEMON_GMC_SAVANA_5000CC_2002,GMC,Savana,2002,5000,1
LEMON_GMC_SAVANA_5700CC_2002,GMC,Savana,2002,5700,1
LEMON_GMC_SAVANA_6500CC_2002,GMC,Savana,2002,6500,1
LEMON_GMC_SAVANA_8100CC_2002,GMC,Savana,2002,8100,1
LEMON_GMC_SAVANA_4300CC_2003,GMC,Savana,2003,4300,1
LEMON_GMC_SAVANA_5300CC_2003,GMC,Savana,2003,5300,1
LEMON_GMC_SAVANA_6000CC_2003,GMC,Savana,2003,6000,1
LEMON_GMC_SAVANA_4800CC_2003,GMC,Savana,2003,4800,1
LEMON_GMC_SAVANA_2003,GMC,Savana,2003,,1
LEMON_GMC_SAVANA_4300CC_2004,GMC,Savana,2004,4300,1
LEMON_GMC_SAVANA_5300CC_2004,GMC,Savana,2004,5300,1
LEMON_GMC_SAVANA_6000CC_2004,GMC,Savana,2004,6000,1
LEMON_GMC_SAVANA_4800CC_2004,GMC,Savana,2004,4800,1
LEMON_GMC_SAVANA_4300CC_2005,GMC,Savana,2005,4300,1
LEMON_GMC_SAVANA_5300CC_2005,GMC,Savana,2005,5300,1
LEMON_GMC_SAVANA_6000CC_2005,GMC,Savana,2005,6000,1
LEMON_GMC_SAVANA_4800CC_2005,GMC,Savana,2005,4800,1
LEMON_GMC_SAVANA_4300CC_2006,GMC,Savana,2006,4300,1
LEMON_GMC_SAVANA_5300CC_2006,GMC,Savana,2006,5300,1
LEMON_GMC_SAVANA_6000CC_2006,GMC,Savana,2006,6000,1
LEMON_GMC_SAVANA_6600CC_2006,GMC,Savana,2006,6600,1
LEMON_GMC_SAVANA_4800CC_2006,GMC,Savana,2006,4800,1
LEMON_GMC_SAVANA_4300CC_2007,GMC,Savana,2007,4300,1
LEMON_GMC_SAVANA_5300CC_2007,GMC,Savana,2007,5300,1
LEMON_GMC_SAVANA_6600CC_2007,GMC,Savana,2007,6600,1
LEMON_GMC_SAVANA_6000CC_2007,GMC,Savana,2007,6000,1
LEMON_GMC_SAVANA_4800CC_2007,GMC,Savana,2007,4800,1
LEMON_GMC_SAVANA_5300CC_2008,GMC,Savana,2008,5300,1
LEMON_GMC_SAVANA_4300CC_2008,GMC,Savana,2008,4300,1
LEMON_GMC_SAVANA_6000CC_2008,GMC,Savana,2008,6000,1
LEMON_GMC_SAVANA_6600CC_2008,GMC,Savana,2008,6600,1
LEMON_GMC_SAVANA_4800CC_2008,GMC,Savana,2008,4800,1
LEMON_GMC_SAVANA_4300CC_2009,GMC,Savana,2009,4300,1
LEMON_GMC_SAVANA_5300CC_2009,GMC,Savana,2009,5300,1
LEMON_GMC_SAVANA_6000CC_2009,GMC,Savana,2009,6000,1
LEMON_GMC_SAVANA_6600CC_2009,GMC,Savana,2009,6600,1
LEMON_GMC_SAVANA_4800CC_2009,GMC,Savana,2009,4800,1
LEMON_GMC_SAVANA_4300CC_2010,GMC,Savana,2010,4300,1
LEMON_GMC_SAVANA_5300CC_2010,GMC,Savana,2010,5300,1
LEMON_GMC_SAVANA_4800CC_2010,GMC,Savana,2010,4800,1
LEMON_GMC_SAVANA_6000CC_2010,GMC,Savana,2010,6000,1
LEMON_GMC_SAVANA_6600CC_2010,GMC,Savana,2010,6600,1
LEMON_GMC_SAVANA_4300CC_2011,GMC,Savana,2011,4300,1
LEMON_GMC_SAVANA_5300CC_2011,GMC,Savana,2011,5300,1
LEMON_GMC_SAVANA_4800CC_2011,GMC,Savana,2011,4800,1
LEMON_GMC_SAVANA_6000CC_2011,GMC,Savana,2011,6000,1
LEMON_GMC_SAVANA_6600CC_2011,GMC,Savana,2011,6600,1
LEMON_GMC_SAVANA_5300CC_2012,GMC,Savana,2012,5300,1
LEMON_GMC_SAVANA_5300CC_VIN4_2012,GMC,Savana,2012,5300,1
LEMON_GMC_SAVANA_4300CC_VINX_2012,GMC,Savana,2012,4300,1
LEMON_GMC_SAVANA_4800CC_VINA_2012,GMC,Savana,2012,4800,1
LEMON_GMC_SAVANA_6000CC_VING_2012,GMC,Savana,2012,6000,1
LEMON_GMC_SAVANA_6600CC_VINL_2012,GMC,Savana,2012,6600,1
LEMON_GMC_SAVANA_6000CC_VINB_2012,GMC,Savana,2012,6000,1
LEMON_GMC_SAVANA_5300CC_VIN4_2013,GMC,Savana,2013,5300,1
LEMON_GMC_SAVANA_4300CC_VINX_2013,GMC,Savana,2013,4300,1
LEMON_GMC_SAVANA_4800CC_VINA_2013,GMC,Savana,2013,4800,1
LEMON_GMC_SAVANA_5300CC_2013,GMC,Savana,2013,5300,1
LEMON_GMC_SAVANA_6600CC_VINL_2013,GMC,Savana,2013,6600,1
LEMON_GMC_SAVANA_6000CC_VING_2013,GMC,Savana,2013,6000,1
LEMON_GMC_SAVANA_6000CC_VINB_2013,GMC,Savana,2013,6000,1
LEMON_GMC_SAVANA_4300CC_VINX_2014,GMC,Savana,2014,4300,1
LEMON_GMC_SAVANA_5300CC_2014,GMC,Savana,2014,5300,1
LEMON_GMC_SAVANA_5300CC_VIN4_2014,GMC,Savana,2014,5300,1
LEMON_GMC_SAVANA_4800CC_VINA_2014,GMC,Savana,2014,4800,1
LEMON_GMC_SAVANA_6000CC_VINB_2014,GMC,Savana,2014,6000,1
LEMON_GMC_SAVANA_6000CC_VING_2014,GMC,Savana,2014,6000,1
LEMON_GMC_SAVANA_6600CC_VINL_2014,GMC,Savana,2014,6600,1
LEMON_GMC_SAVANA_4800CC_VINF_2015,GMC,Savana,2015,4800,1
LEMON_GMC_SAVANA_6000CC_VINB_2015,GMC,Savana,2015,6000,1
LEMON_GMC_SAVANA_6600CC_VINL_2015,GMC,Savana,2015,6600,1
LEMON_GMC_SAVANA_6000CC_VING_2015,GMC,Savana,2015,6000,1
LEMON_GMC_SAVANA_4800CC_VINA_2015,GMC,Savana,2015,4800,1
LEMON_GMC_SAVANA_4800CC_VINF_2016,GMC,Savana,2016,4800,1
LEMON_GMC_SAVANA_6600CC_VINL_2016,GMC,Savana,2016,6600,1
LEMON_GMC_SAVANA_6000CC_VINB_2016,GMC,Savana,2016,6000,1
LEMON_GMC_SAVANA_6000CC_VING_2016,GMC,Savana,2016,6000,1
LEMON_GMC_SAVANA_6000CC_VING_2017,GMC,Savana,2017,6000,1
LEMON_GMC_SAVANA_4800CC_VINF_2017,GMC,Savana,2017,4800,1
LEMON_GMC_SAVANA_6000CC_VINB_2017,GMC,Savana,2017,6000,1
LEMON_GMC_SAVANA_2800CC_VIN1_2018,GMC,Savana,2018,2800,1
LEMON_GMC_SAVANA_4300CC_VINP_2018,GMC,Savana,2018,4300,1
LEMON_GMC_SAVANA_2800CC_VIN1_2019,GMC,Savana,2019,2800,1
LEMON_GMC_SAVANA_4300CC_VINP_2019,GMC,Savana,2019,4300,1
LEMON_GMC_SAVANA_2800CC_VIN1_2020,GMC,Savana,2020,2800,1
LEMON_GMC_SAVANA_4300CC_VINP_2020,GMC,Savana,2020,4300,1
LEMON_GMC_SAVANA_4300CC_VINP_2021,GMC,Savana,2021,4300,1
LEMON_GMC_SAVANA_2800CC_VIN1_2021,GMC,Savana,2021,2800,1
LEMON_GMC_SAVANA_6600CC_VIN7_2021,GMC,Savana,2021,6600,1
LEMON_GMC_SAVANA_2800CC_VIN1_2022,GMC,Savana,2022,2800,1
LEMON_GMC_SAVANA_4300CC_VINP_2022,GMC,Savana,2022,4300,1
LEMON_GMC_SAVANA_6600CC_VIN7_2022,GMC,Savana,2022,6600,1
LEMON_GMC_SAVANA_4300CC_VINP_2023,GMC,Savana,2023,4300,1
LEMON_GMC_SAVANA_6600CC_VIN7_2023,GMC,Savana,2023,6600,1
LEMON_GMC_SAVANA_4300CC_VINP_2024,GMC,Savana,2024,4300,1
LEMON_GMC_SAVANA_6600CC_VIN7_2024,GMC,Savana,2024,6600,1
LEMON_GMC_SAVANA_4300CC_VINP_2025,GMC,Savana,2025,4300,1
LEMON_GMC_SAVANA_6600CC_VIN7_2025,GMC,Savana,2025,6600,1
LEMON_GMC_SIERRA_4300CC_2000,GMC,Sierra,2000,4300,1
LEMON_GMC_SIERRA_4800CC_2000,GMC,Sierra,2000,4800,1
LEMON_GMC_SIERRA_5300CC_2000,GMC,Sierra,2000,5300,1
LEMON_GMC_SIERRA_6000CC_2000,GMC,Sierra,2000,6000,1
LEMON_GMC_SIERRA_6000CC_2001,GMC,Sierra,2001,6000,1
LEMON_GMC_SIERRA_4300CC_2001,GMC,Sierra,2001,4300,1
LEMON_GMC_SIERRA_4800CC_2001,GMC,Sierra,2001,4800,1
LEMON_GMC_SIERRA_5300CC_2001,GMC,Sierra,2001,5300,1
LEMON_GMC_SIERRA_6600CC_2001,GMC,Sierra,2001,6600,1
LEMON_GMC_SIERRA_8100CC_2001,GMC,Sierra,2001,8100,1
LEMON_GMC_SIERRA_6000CC_2002,GMC,Sierra,2002,6000,1
LEMON_GMC_SIERRA_4300CC_2002,GMC,Sierra,2002,4300,1
LEMON_GMC_SIERRA_4800CC_2002,GMC,Sierra,2002,4800,1
LEMON_GMC_SIERRA_5300CC_2002,GMC,Sierra,2002,5300,1
LEMON_GMC_SIERRA_6600CC_2002,GMC,Sierra,2002,6600,1
LEMON_GMC_SIERRA_8100CC_2002,GMC,Sierra,2002,8100,1
LEMON_GMC_SIERRA_6000CC_2003,GMC,Sierra,2003,6000,1
LEMON_GMC_SIERRA_4300CC_2003,GMC,Sierra,2003,4300,1
LEMON_GMC_SIERRA_4800CC_2003,GMC,Sierra,2003,4800,1
LEMON_GMC_SIERRA_5300CC_2003,GMC,Sierra,2003,5300,1
LEMON_GMC_SIERRA_6600CC_2003,GMC,Sierra,2003,6600,1
LEMON_GMC_SIERRA_8100CC_2003,GMC,Sierra,2003,8100,1
LEMON_GMC_SIERRA_4300CC_2004,GMC,Sierra,2004,4300,1
LEMON_GMC_SIERRA_4800CC_2004,GMC,Sierra,2004,4800,1
LEMON_GMC_SIERRA_5300CC_2004,GMC,Sierra,2004,5300,1
LEMON_GMC_SIERRA_6000CC_2004,GMC,Sierra,2004,6000,1
LEMON_GMC_SIERRA_6600CC_2004,GMC,Sierra,2004,6600,1
LEMON_GMC_SIERRA_8100CC_2004,GMC,Sierra,2004,8100,1
LEMON_GMC_SIERRA_6000CC_2005,GMC,Sierra,2005,6000,1
LEMON_GMC_SIERRA_4300CC_2005,GMC,Sierra,2005,4300,1
LEMON_GMC_SIERRA_4800CC_2005,GMC,Sierra,2005,4800,1
LEMON_GMC_SIERRA_5300CC_2005,GMC,Sierra,2005,5300,1
LEMON_GMC_SIERRA_6600CC_2005,GMC,Sierra,2005,6600,1
LEMON_GMC_SIERRA_8100CC_2005,GMC,Sierra,2005,8100,1
LEMON_GMC_SIERRA_6000CC_2006,GMC,Sierra,2006,6000,1
LEMON_GMC_SIERRA_4300CC_2006,GMC,Sierra,2006,4300,1
LEMON_GMC_SIERRA_4800CC_2006,GMC,Sierra,2006,4800,1
LEMON_GMC_SIERRA_5300CC_2006,GMC,Sierra,2006,5300,1
LEMON_GMC_SIERRA_6600CC_2006,GMC,Sierra,2006,6600,1
LEMON_GMC_SIERRA_8100CC_2006,GMC,Sierra,2006,8100,1
LEMON_GMC_SIERRA_4300CC_2007,GMC,Sierra,2007,4300,1
LEMON_GMC_SIERRA_4800CC_2007,GMC,Sierra,2007,4800,1
LEMON_GMC_SIERRA_5300CC_2007,GMC,Sierra,2007,5300,1
LEMON_GMC_SIERRA_6000CC_2007,GMC,Sierra,2007,6000,1
LEMON_GMC_SIERRA_6200CC_2007,GMC,Sierra,2007,6200,1
LEMON_GMC_SIERRA_6600CC_2007,GMC,Sierra,2007,6600,1
LEMON_GMC_SIERRA_8100CC_2007,GMC,Sierra,2007,8100,1
LEMON_GMC_SIERRA_4300CC_2008,GMC,Sierra,2008,4300,1
LEMON_GMC_SIERRA_4800CC_2008,GMC,Sierra,2008,4800,1
LEMON_GMC_SIERRA_5300CC_2008,GMC,Sierra,2008,5300,1
LEMON_GMC_SIERRA_6000CC_2008,GMC,Sierra,2008,6000,1
LEMON_GMC_SIERRA_6200CC_2008,GMC,Sierra,2008,6200,1
LEMON_GMC_SIERRA_6600CC_2008,GMC,Sierra,2008,6600,1
LEMON_GMC_SIERRA_4300CC_2009,GMC,Sierra,2009,4300,1
LEMON_GMC_SIERRA_4800CC_2009,GMC,Sierra,2009,4800,1
LEMON_GMC_SIERRA_5300CC_2009,GMC,Sierra,2009,5300,1
LEMON_GMC_SIERRA_6000CC_2009,GMC,Sierra,2009,6000,1
LEMON_GMC_SIERRA_6200CC_2009,GMC,Sierra,2009,6200,1
LEMON_GMC_SIERRA_6600CC_2009,GMC,Sierra,2009,6600,1
LEMON_GMC_SIERRA_4300CC_2010,GMC,Sierra,2010,4300,1
LEMON_GMC_SIERRA_4800CC_2010,GMC,Sierra,2010,4800,1
LEMON_GMC_SIERRA_5300CC_2010,GMC,Sierra,2010,5300,1
LEMON_GMC_SIERRA_6200CC_2010,GMC,Sierra,2010,6200,1
LEMON_GMC_SIERRA_6000CC_2010,GMC,Sierra,2010,6000,1
LEMON_GMC_SIERRA_6600CC_2010,GMC,Sierra,2010,6600,1
LEMON_GMC_SIERRA_4300CC_2011,GMC,Sierra,2011,4300,1
LEMON_GMC_SIERRA_4800CC_2011,GMC,Sierra,2011,4800,1
LEMON_GMC_SIERRA_5300CC_2011,GMC,Sierra,2011,5300,1
LEMON_GMC_SIERRA_6200CC_2011,GMC,Sierra,2011,6200,1
LEMON_GMC_SIERRA_6000CC_2011,GMC,Sierra,2011,6000,1
LEMON_GMC_SIERRA_6600CC_2011,GMC,Sierra,2011,6600,1
LEMON_GMC_SIERRA_4300CC_VINX_2012,GMC,Sierra,2012,4300,1
LEMON_GMC_SIERRA_4800CC_VINA_2012,GMC,Sierra,2012,4800,1
LEMON_GMC_SIERRA_5300CC_VIN0_2012,GMC,Sierra,2012,5300,1
LEMON_GMC_SIERRA_5300CC_VIN7_2012,GMC,Sierra,2012,5300,1
LEMON_GMC_SIERRA_6200CC_VIN2_2012,GMC,Sierra,2012,6200,1
LEMON_GMC_SIERRA_6000CC_VINJ_2012,GMC,Sierra,2012,6000,1
LEMON_GMC_SIERRA_6000CC_VING_2012,GMC,Sierra,2012,6000,1
LEMON_GMC_SIERRA_6600CC_VIN8_2012,GMC,Sierra,2012,6600,1
LEMON_GMC_SIERRA_6600CC_VINL_2012,GMC,Sierra,2012,6600,1
LEMON_GMC_SIERRA_4300CC_VINH_2014,GMC,Sierra,2014,4300,1
LEMON_GMC_SIERRA_5300CC_VINC_2014,GMC,Sierra,2014,5300,1
LEMON_GMC_SIERRA_6200CC_VINJ_2014,GMC,Sierra,2014,6200,1
LEMON_GMC_SIERRA_6000CC_VINB_2014,GMC,Sierra,2014,6000,1
LEMON_GMC_SIERRA_6000CC_VING_2014,GMC,Sierra,2014,6000,1
LEMON_GMC_SIERRA_6600CC_VIN8_2014,GMC,Sierra,2014,6600,1
LEMON_GMC_SIERRA_4300CC_VINH_2015,GMC,Sierra,2015,4300,1
LEMON_GMC_SIERRA_5300CC_VINC_2015,GMC,Sierra,2015,5300,1
LEMON_GMC_SIERRA_6200CC_VINJ_2015,GMC,Sierra,2015,6200,1
LEMON_GMC_SIERRA_6000CC_VINB_2015,GMC,Sierra,2015,6000,1
LEMON_GMC_SIERRA_4300CC_VINH_2016,GMC,Sierra,2016,4300,1
LEMON_GMC_SIERRA_5300CC_VINC_2016,GMC,Sierra,2016,5300,1
LEMON_GMC_SIERRA_6200CC_VINJ_2016,GMC,Sierra,2016,6200,1
LEMON_GMC_SIERRA_5300CC_VINR_2016,GMC,Sierra,2016,5300,1
LEMON_GMC_SIERRA_6000CC_VINB_2016,GMC,Sierra,2016,6000,1
LEMON_GMC_SIERRA_4300CC_VINH_2017,GMC,Sierra,2017,4300,1
LEMON_GMC_SIERRA_5300CC_VINC_2017,GMC,Sierra,2017,5300,1
LEMON_GMC_SIERRA_6200CC_VINJ_2017,GMC,Sierra,2017,6200,1
LEMON_GMC_SIERRA_5300CC_VINR_2017,GMC,Sierra,2017,5300,1
LEMON_GMC_SIERRA_6000CC_VING_2017,GMC,Sierra,2017,6000,1
LEMON_GMC_SIERRA_6600CC_VINY_2017,GMC,Sierra,2017,6600,1
LEMON_GMC_SIERRA_6000CC_VINB_2017,GMC,Sierra,2017,6000,1
LEMON_GMC_SIERRA_4300CC_VINH_2018,GMC,Sierra,2018,4300,1
LEMON_GMC_SIERRA_5300CC_VINC_2018,GMC,Sierra,2018,5300,1
LEMON_GMC_SIERRA_6200CC_VINJ_2018,GMC,Sierra,2018,6200,1
LEMON_GMC_SIERRA_5300CC_VINR_2018,GMC,Sierra,2018,5300,1
LEMON_GMC_SIERRA_6000CC_VINB_2018,GMC,Sierra,2018,6000,1
LEMON_GMC_SIERRA_6000CC_VING_2018,GMC,Sierra,2018,6000,1
LEMON_GMC_SIERRA_6600CC_VINY_2018,GMC,Sierra,2018,6600,1
LEMON_GMC_SIERRA_3000CC_VINT_2020,GMC,Sierra,2020,3000,1
LEMON_GMC_SIERRA_6200CC_VINL_2020,GMC,Sierra,2020,6200,1
LEMON_GMC_SIERRA_4300CC_VINH_2020,GMC,Sierra,2020,4300,1
LEMON_GMC_SIERRA_2700CC_VINK_2020,GMC,Sierra,2020,2700,1
LEMON_GMC_SIERRA_3000CC_VINT_2021,GMC,Sierra,2021,3000,1
LEMON_GMC_SIERRA_4300CC_VINH_2021,GMC,Sierra,2021,4300,1
LEMON_GMC_SIERRA_6200CC_VINL_2021,GMC,Sierra,2021,6200,1
LEMON_GMC_SIERRA_2700CC_VINK_2021,GMC,Sierra,2021,2700,1
LEMON_GMC_SIERRA_3000CC_VINT_2022,GMC,Sierra,2022,3000,1
LEMON_GMC_SIERRA_6200CC_VINL_2022,GMC,Sierra,2022,6200,1
LEMON_GMC_SIERRA_6200CC_2022,GMC,Sierra,2022,6200,1
LEMON_GMC_SIERRA_5300CC_VIND_2022,GMC,Sierra,2022,5300,1
LEMON_GMC_SIERRA_2700CC_VINK_2022,GMC,Sierra,2022,2700,1
LEMON_GMC_SIERRA_5300CC_VINF_2022,GMC,Sierra,2022,5300,1
LEMON_GMC_SIERRA_3000CC_VIN8_2023,GMC,Sierra,2023,3000,1
LEMON_GMC_SIERRA_6200CC_VINL_2023,GMC,Sierra,2023,6200,1
LEMON_GMC_SIERRA_6200CC_2023,GMC,Sierra,2023,6200,1
LEMON_GMC_SIERRA_5300CC_VIND_2023,GMC,Sierra,2023,5300,1
LEMON_GMC_SIERRA_2700CC_VINK_2023,GMC,Sierra,2023,2700,1
LEMON_GMC_SIERRA_3000CC_VIN8_2024,GMC,Sierra,2024,3000,1
LEMON_GMC_SIERRA_6200CC_VINL_2024,GMC,Sierra,2024,6200,1
LEMON_GMC_SIERRA_5300CC_VIND_2024,GMC,Sierra,2024,5300,1
LEMON_GMC_SIERRA_2700CC_VINK_2024,GMC,Sierra,2024,2700,1
LEMON_GMC_SIERRA_2024,GMC,Sierra,2024,,1
LEMON_GMC_SIERRA_3000CC_VIN8_2025,GMC,Sierra,2025,3000,1
LEMON_GMC_SIERRA_6200CC_VINL_2025,GMC,Sierra,2025,6200,1
LEMON_GMC_SIERRA_5300CC_VIND_2025,GMC,Sierra,2025,5300,1
LEMON_GMC_SIERRA_2700CC_VINK_2025,GMC,Sierra,2025,2700,1
LEMON_GMC_SIERRA_6600CC_VIN7_2025,GMC,Sierra,2025,6600,1
LEMON_GMC_SIERRA_6600CC_VINY_2025,GMC,Sierra,2025,6600,1
LEMON_GMC_SIERRA_2025,GMC,Sierra,2025,,1
LEMON_GMC_SONOMA_2200CC_2000,GMC,Sonoma,2000,2200,1
LEMON_GMC_SONOMA_4300CC_2000,GMC,Sonoma,2000,4300,1
LEMON_GMC_SONOMA_2200CC_2001,GMC,Sonoma,2001,2200,1
LEMON_GMC_SONOMA_4300CC_2001,GMC,Sonoma,2001,4300,1
LEMON_GMC_SONOMA_2200CC_2002,GMC,Sonoma,2002,2200,1
LEMON_GMC_SONOMA_4300CC_2002,GMC,Sonoma,2002,4300,1
LEMON_GMC_SONOMA_4300CC_2003,GMC,Sonoma,2003,4300,1
LEMON_GMC_SONOMA_2200CC_2003,GMC,Sonoma,2003,2200,1
LEMON_GMC_SONOMA_2004,GMC,Sonoma,2004,,1
LEMON_GMC_TERRAIN_2400CC_2010,GMC,Terrain,2010,2400,1
LEMON_GMC_TERRAIN_3000CC_2010,GMC,Terrain,2010,3000,1
LEMON_GMC_TERRAIN_2400CC_2011,GMC,Terrain,2011,2400,1
LEMON_GMC_TERRAIN_3000CC_2011,GMC,Terrain,2011,3000,1
LEMON_GMC_TERRAIN_2400CC_VINK_2012,GMC,Terrain,2012,2400,1
LEMON_GMC_TERRAIN_3000CC_VIN5_2012,GMC,Terrain,2012,3000,1
LEMON_GMC_TERRAIN_2400CC_VINK_2013,GMC,Terrain,2013,2400,1
LEMON_GMC_TERRAIN_3600CC_VIN3_2013,GMC,Terrain,2013,3600,1
LEMON_GMC_TERRAIN_3600CC_2014,GMC,Terrain,2014,3600,1
LEMON_GMC_TERRAIN_2400CC_VINK_2014,GMC,Terrain,2014,2400,1
LEMON_GMC_TERRAIN_3600CC_VIN3_2014,GMC,Terrain,2014,3600,1
LEMON_GMC_TERRAIN_2400CC_VINK_2015,GMC,Terrain,2015,2400,1
LEMON_GMC_TERRAIN_3600CC_VIN3_2015,GMC,Terrain,2015,3600,1
LEMON_GMC_TERRAIN_2400CC_2015,GMC,Terrain,2015,2400,1
LEMON_GMC_TERRAIN_2400CC_VINK_2016,GMC,Terrain,2016,2400,1
LEMON_GMC_TERRAIN_2400CC_2016,GMC,Terrain,2016,2400,1
LEMON_GMC_TERRAIN_3600CC_VIN3_2016,GMC,Terrain,2016,3600,1
LEMON_GMC_TERRAIN_2400CC_VINK_2017,GMC,Terrain,2017,2400,1
LEMON_GMC_TERRAIN_3600CC_VIN3_2017,GMC,Terrain,2017,3600,1
LEMON_GMC_TERRAIN_2400CC_2017,GMC,Terrain,2017,2400,1
LEMON_GMC_TERRAIN_2000CC_2018,GMC,Terrain,2018,2000,1
LEMON_GMC_TERRAIN_1500CC_VINV_2018,GMC,Terrain,2018,1500,1
LEMON_GMC_TERRAIN_1500CC_2018,GMC,Terrain,2018,1500,1
LEMON_GMC_TERRAIN_1600CC_VINU_2018,GMC,Terrain,2018,1600,1
LEMON_GMC_TERRAIN_2000CC_VINX_2018,GMC,Terrain,2018,2000,1
LEMON_GMC_TERRAIN_2000CC_2019,GMC,Terrain,2019,2000,1
LEMON_GMC_TERRAIN_1500CC_VINV_2019,GMC,Terrain,2019,1500,1
LEMON_GMC_TERRAIN_1500CC_2019,GMC,Terrain,2019,1500,1
LEMON_GMC_TERRAIN_1600CC_VINU_2019,GMC,Terrain,2019,1600,1
LEMON_GMC_TERRAIN_2000CC_VINX_2019,GMC,Terrain,2019,2000,1
LEMON_GMC_TERRAIN_2000CC_2020,GMC,Terrain,2020,2000,1
LEMON_GMC_TERRAIN_1500CC_2020,GMC,Terrain,2020,1500,1
LEMON_GMC_TERRAIN_1500CC_VINV_2020,GMC,Terrain,2020,1500,1
LEMON_GMC_TERRAIN_2000CC_VINX_2020,GMC,Terrain,2020,2000,1
LEMON_GMC_TERRAIN_2021,GMC,Terrain,2021,,1
LEMON_GMC_TERRAIN_2022,GMC,Terrain,2022,,1
LEMON_GMC_TERRAIN_2023,GMC,Terrain,2023,,1
LEMON_GMC_TERRAIN_2024,GMC,Terrain,2024,,1
LEMON_GMC_TERRAIN_2025,GMC,Terrain,2025,,1
LEMON_GMC_YUKON_4800CC_2000,GMC,Yukon,2000,4800,1
LEMON_GMC_YUKON_5300CC_2000,GMC,Yukon,2000,5300,1
LEMON_GMC_YUKON_6000CC_2000,GMC,Yukon,2000,6000,1
LEMON_GMC_YUKON_5700CC_2000,GMC,Yukon,2000,5700,1
LEMON_GMC_YUKON_4800CC_2001,GMC,Yukon,2001,4800,1
LEMON_GMC_YUKON_5300CC_2001,GMC,Yukon,2001,5300,1
LEMON_GMC_YUKON_8100CC_2001,GMC,Yukon,2001,8100,1
LEMON_GMC_YUKON_6000CC_2001,GMC,Yukon,2001,6000,1
LEMON_GMC_YUKON_4800CC_2002,GMC,Yukon,2002,4800,1
LEMON_GMC_YUKON_5300CC_2002,GMC,Yukon,2002,5300,1
LEMON_GMC_YUKON_6000CC_2002,GMC,Yukon,2002,6000,1
LEMON_GMC_YUKON_8100CC_2002,GMC,Yukon,2002,8100,1
LEMON_GMC_YUKON_4800CC_2003,GMC,Yukon,2003,4800,1
LEMON_GMC_YUKON_5300CC_2003,GMC,Yukon,2003,5300,1
LEMON_GMC_YUKON_6000CC_2003,GMC,Yukon,2003,6000,1
LEMON_GMC_YUKON_8100CC_2003,GMC,Yukon,2003,8100,1
LEMON_GMC_YUKON_4800CC_2004,GMC,Yukon,2004,4800,1
LEMON_GMC_YUKON_5300CC_2004,GMC,Yukon,2004,5300,1
LEMON_GMC_YUKON_6000CC_2004,GMC,Yukon,2004,6000,1
LEMON_GMC_YUKON_8100CC_2004,GMC,Yukon,2004,8100,1
LEMON_GMC_YUKON_4800CC_2005,GMC,Yukon,2005,4800,1
LEMON_GMC_YUKON_5300CC_2005,GMC,Yukon,2005,5300,1
LEMON_GMC_YUKON_6000CC_2005,GMC,Yukon,2005,6000,1
LEMON_GMC_YUKON_8100CC_2005,GMC,Yukon,2005,8100,1
LEMON_GMC_YUKON_4800CC_2006,GMC,Yukon,2006,4800,1
LEMON_GMC_YUKON_5300CC_2006,GMC,Yukon,2006,5300,1
LEMON_GMC_YUKON_6000CC_2006,GMC,Yukon,2006,6000,1
LEMON_GMC_YUKON_8100CC_2006,GMC,Yukon,2006,8100,1
LEMON_GMC_YUKON_4800CC_2007,GMC,Yukon,2007,4800,1
LEMON_GMC_YUKON_5300CC_2007,GMC,Yukon,2007,5300,1
LEMON_GMC_YUKON_6200CC_2007,GMC,Yukon,2007,6200,1
LEMON_GMC_YUKON_6000CC_2007,GMC,Yukon,2007,6000,1
LEMON_GMC_YUKON_4800CC_2008,GMC,Yukon,2008,4800,1
LEMON_GMC_YUKON_5300CC_2008,GMC,Yukon,2008,5300,1
LEMON_GMC_YUKON_6200CC_2008,GMC,Yukon,2008,6200,1
LEMON_GMC_YUKON_6000CC_2008,GMC,Yukon,2008,6000,1
LEMON_GMC_YUKON_5300CC_2009,GMC,Yukon,2009,5300,1
LEMON_GMC_YUKON_4800CC_2009,GMC,Yukon,2009,4800,1
LEMON_GMC_YUKON_6200CC_2009,GMC,Yukon,2009,6200,1
LEMON_GMC_YUKON_6000CC_2009,GMC,Yukon,2009,6000,1
LEMON_GMC_YUKON_5300CC_2010,GMC,Yukon,2010,5300,1
LEMON_GMC_YUKON_6200CC_2010,GMC,Yukon,2010,6200,1
LEMON_GMC_YUKON_6000CC_2010,GMC,Yukon,2010,6000,1
LEMON_GMC_YUKON_5300CC_2011,GMC,Yukon,2011,5300,1
LEMON_GMC_YUKON_6200CC_2011,GMC,Yukon,2011,6200,1
LEMON_GMC_YUKON_6000CC_2011,GMC,Yukon,2011,6000,1
LEMON_GMC_YUKON_5300CC_2012,GMC,Yukon,2012,5300,1
LEMON_GMC_YUKON_6200CC_2012,GMC,Yukon,2012,6200,1
LEMON_GMC_YUKON_6000CC_2012,GMC,Yukon,2012,6000,1
LEMON_GMC_YUKON_5300CC_VIN0_2012,GMC,Yukon,2012,5300,1
LEMON_GMC_YUKON_5300CC_VIN7_2012,GMC,Yukon,2012,5300,1
LEMON_GMC_YUKON_6200CC_VINF_2012,GMC,Yukon,2012,6200,1
LEMON_GMC_YUKON_5300CC_2013,GMC,Yukon,2013,5300,1
LEMON_GMC_YUKON_6200CC_2013,GMC,Yukon,2013,6200,1
LEMON_GMC_YUKON_6000CC_2013,GMC,Yukon,2013,6000,1
LEMON_GMC_YUKON_5300CC_VIN0_2013,GMC,Yukon,2013,5300,1
LEMON_GMC_YUKON_6200CC_VINF_2013,GMC,Yukon,2013,6200,1
LEMON_GMC_YUKON_5300CC_VIN7_2013,GMC,Yukon,2013,5300,1
LEMON_GMC_YUKON_6200CC_2014,GMC,Yukon,2014,6200,1
LEMON_GMC_YUKON_5300CC_2014,GMC,Yukon,2014,5300,1
LEMON_GMC_YUKON_5300CC_VIN0_2014,GMC,Yukon,2014,5300,1
LEMON_GMC_YUKON_5300CC_VIN7_2014,GMC,Yukon,2014,5300,1
LEMON_GMC_YUKON_6200CC_VINF_2014,GMC,Yukon,2014,6200,1
LEMON_GMC_YUKON_2016,GMC,Yukon,2016,,1
LEMON_GMC_YUKON_2017,GMC,Yukon,2017,,1
LEMON_GMC_YUKON_2018,GMC,Yukon,2018,,1
LEMON_GMC_YUKON_2019,GMC,Yukon,2019,,1
LEMON_GMC_YUKON_5300CC_VINC_2019,GMC,Yukon,2019,5300,1
LEMON_GMC_YUKON_6200CC_VINJ_2019,GMC,Yukon,2019,6200,1
LEMON_GMC_YUKON_2020,GMC,Yukon,2020,,1
LEMON_GMC_YUKON_5300CC_VINC_2020,GMC,Yukon,2020,5300,1
LEMON_GMC_YUKON_6200CC_VINJ_2020,GMC,Yukon,2020,6200,1
LEMON_GMC_YUKON_3000CC_VINT_2021,GMC,Yukon,2021,3000,1
LEMON_GMC_YUKON_5300CC_2021,GMC,Yukon,2021,5300,1
LEMON_GMC_YUKON_6200CC_VINL_2021,GMC,Yukon,2021,6200,1
LEMON_GMC_YUKON_5300CC_VIND_2021,GMC,Yukon,2021,5300,1
LEMON_GMC_YUKON_5300CC_VIND_2022,GMC,Yukon,2022,5300,1
LEMON_GMC_YUKON_3000CC_VINT_2022,GMC,Yukon,2022,3000,1
LEMON_GMC_YUKON_6200CC_VINL_2022,GMC,Yukon,2022,6200,1
LEMON_GMC_YUKON_5300CC_VIND_2023,GMC,Yukon,2023,5300,1
LEMON_GMC_YUKON_6200CC_VINL_2023,GMC,Yukon,2023,6200,1
LEMON_GMC_YUKON_3000CC_VINT_2023,GMC,Yukon,2023,3000,1
LEMON_GMC_YUKON_5300CC_VIND_2024,GMC,Yukon,2024,5300,1
LEMON_GMC_YUKON_6200CC_VINL_2024,GMC,Yukon,2024,6200,1
LEMON_GMC_YUKON_3000CC_VINT_2024,GMC,Yukon,2024,3000,1
LEMON_GMC_YUKON_3000CC_VIN8_2025,GMC,Yukon,2025,3000,1
LEMON_GMC_YUKON_6200CC_VINL_2025,GMC,Yukon,2025,6200,1
LEMON_GMC_YUKON_5300CC_VIND_2025,GMC,Yukon,2025,5300,1
LEMON_GENESIS_ELECTRIFIED_2023,Genesis,Electrified,2023,,1
LEMON_GENESIS_ELECTRIFIED_2024,Genesis,Electrified,2024,,1
LEMON_GENESIS_ELECTRIFIED_2025,Genesis,Electrified,2025,,1
LEMON_GENESIS_G70_2000CC_2019,Genesis,G70,2019,2000,1
LEMON_GENESIS_G70_3300CC_2019,Genesis,G70,2019,3300,1
LEMON_GENESIS_G70_2000CC_2020,Genesis,G70,2020,2000,1
LEMON_GENESIS_G70_3300CC_2020,Genesis,G70,2020,3300,1
LEMON_GENESIS_G70_2000CC_2021,Genesis,G70,2021,2000,1
LEMON_GENESIS_G70_3300CC_2021,Genesis,G70,2021,3300,1
LEMON_GENESIS_G70_2000CC_2022,Genesis,G70,2022,2000,1
LEMON_GENESIS_G70_3300CC_2022,Genesis,G70,2022,3300,1
LEMON_GENESIS_G70_2000CC_2023,Genesis,G70,2023,2000,1
LEMON_GENESIS_G70_3300CC_2023,Genesis,G70,2023,3300,1
LEMON_GENESIS_G70_2500CC_2024,Genesis,G70,2024,2500,1
LEMON_GENESIS_G70_3300CC_2024,Genesis,G70,2024,3300,1
LEMON_GENESIS_G70_2500CC_2025,Genesis,G70,2025,2500,1
LEMON_GENESIS_G70_3300CC_2025,Genesis,G70,2025,3300,1
LEMON_GENESIS_G80_3800CC_2017,Genesis,G80,2017,3800,1
LEMON_GENESIS_G80_5000CC_2017,Genesis,G80,2017,5000,1
LEMON_GENESIS_G80_3800CC_2018,Genesis,G80,2018,3800,1
LEMON_GENESIS_G80_3300CC_2018,Genesis,G80,2018,3300,1
LEMON_GENESIS_G80_5000CC_2018,Genesis,G80,2018,5000,1
LEMON_GENESIS_G80_3300CC_2019,Genesis,G80,2019,3300,1
LEMON_GENESIS_G80_3800CC_2019,Genesis,G80,2019,3800,1
LEMON_GENESIS_G80_5000CC_2019,Genesis,G80,2019,5000,1
LEMON_GENESIS_G80_3300CC_2020,Genesis,G80,2020,3300,1
LEMON_GENESIS_G80_3800CC_2020,Genesis,G80,2020,3800,1
LEMON_GENESIS_G80_5000CC_2020,Genesis,G80,2020,5000,1
LEMON_GENESIS_G80_2500CC_2021,Genesis,G80,2021,2500,1
LEMON_GENESIS_G80_3500CC_2021,Genesis,G80,2021,3500,1
LEMON_GENESIS_G80_2500CC_2022,Genesis,G80,2022,2500,1
LEMON_GENESIS_G80_3500CC_2022,Genesis,G80,2022,3500,1
LEMON_GENESIS_G80_2500CC_2023,Genesis,G80,2023,2500,1
LEMON_GENESIS_G80_3500CC_2023,Genesis,G80,2023,3500,1
LEMON_GENESIS_G80_2500CC_2024,Genesis,G80,2024,2500,1
LEMON_GENESIS_G80_3500CC_2024,Genesis,G80,2024,3500,1
LEMON_GENESIS_G80_2500CC_2025,Genesis,G80,2025,2500,1
LEMON_GENESIS_G80_3500CC_2025,Genesis,G80,2025,3500,1
LEMON_GENESIS_G90_3300CC_2017,Genesis,G90,2017,3300,1
LEMON_GENESIS_G90_5000CC_2017,Genesis,G90,2017,5000,1
LEMON_GENESIS_G90_3300CC_2018,Genesis,G90,2018,3300,1
LEMON_GENESIS_G90_5000CC_2018,Genesis,G90,2018,5000,1
LEMON_GENESIS_G90_3300CC_2019,Genesis,G90,2019,3300,1
LEMON_GENESIS_G90_5000CC_2019,Genesis,G90,2019,5000,1
LEMON_GENESIS_G90_3300CC_2020,Genesis,G90,2020,3300,1
LEMON_GENESIS_G90_5000CC_2020,Genesis,G90,2020,5000,1
LEMON_GENESIS_G90_3300CC_2021,Genesis,G90,2021,3300,1
LEMON_GENESIS_G90_5000CC_2021,Genesis,G90,2021,5000,1
LEMON_GENESIS_G90_3300CC_2022,Genesis,G90,2022,3300,1
LEMON_GENESIS_G90_5000CC_2022,Genesis,G90,2022,5000,1
LEMON_GENESIS_G90_2023,Genesis,G90,2023,,1
LEMON_GENESIS_G90_2024,Genesis,G90,2024,,1
LEMON_GENESIS_G90_2025,Genesis,G90,2025,,1
LEMON_GENESIS_GV60_2023,Genesis,GV60,2023,,1
LEMON_GENESIS_GV60_2024,Genesis,GV60,2024,,1
LEMON_GENESIS_GV60_2025,Genesis,GV60,2025,,1
LEMON_GENESIS_GV70_2500CC_2022,Genesis,GV70,2022,2500,1
LEMON_GENESIS_GV70_3500CC_2022,Genesis,GV70,2022,3500,1
LEMON_GENESIS_GV70_2500CC_2023,Genesis,GV70,2023,2500,1
LEMON_GENESIS_GV70_3500CC_2023,Genesis,GV70,2023,3500,1
LEMON_GENESIS_GV70_2500CC_2024,Genesis,GV70,2024,2500,1
LEMON_GENESIS_GV70_3500CC_2024,Genesis,GV70,2024,3500,1
LEMON_GENESIS_GV70_2500CC_2025,Genesis,GV70,2025,2500,1
LEMON_GENESIS_GV70_3500CC_2025,Genesis,GV70,2025,3500,1
LEMON_GENESIS_GV80_2500CC_2021,Genesis,GV80,2021,2500,1
LEMON_GENESIS_GV80_3500CC_2021,Genesis,GV80,2021,3500,1
LEMON_GENESIS_GV80_2500CC_2022,Genesis,GV80,2022,2500,1
LEMON_GENESIS_GV80_3500CC_2022,Genesis,GV80,2022,3500,1
LEMON_GENESIS_GV80_2500CC_2023,Genesis,GV80,2023,2500,1
LEMON_GENESIS_GV80_3500CC_2023,Genesis,GV80,2023,3500,1
LEMON_GENESIS_GV80_2500CC_2024,Genesis,GV80,2024,2500,1
LEMON_GENESIS_GV80_3500CC_2024,Genesis,GV80,2024,3500,1
LEMON_GENESIS_GV80_2500CC_2025,Genesis,GV80,2025,2500,1
LEMON_GENESIS_GV80_3500CC_2025,Genesis,GV80,2025,3500,1
LEMON_HONDA_ACCORD_2300CC_2000,Honda,Accord,2000,2300,1
LEMON_HONDA_ACCORD_3000CC_2000,Honda,Accord,2000,3000,1
LEMON_HONDA_ACCORD_2300CC_2001,Honda,Accord,2001,2300,1
LEMON_HONDA_ACCORD_3000CC_2001,Honda,Accord,2001,3000,1
LEMON_HONDA_ACCORD_2002,Honda,Accord,2002,,1
LEMON_HONDA_ACCORD_2003,Honda,Accord,2003,,1
LEMON_HONDA_ACCORD_2004,Honda,Accord,2004,,1
LEMON_HONDA_ACCORD_2005,Honda,Accord,2005,,1
LEMON_HONDA_ACCORD_2006,Honda,Accord,2006,,1
LEMON_HONDA_ACCORD_2007,Honda,Accord,2007,,1
LEMON_HONDA_ACCORD_2008,Honda,Accord,2008,,1
LEMON_HONDA_ACCORD_2009,Honda,Accord,2009,,1
LEMON_HONDA_ACCORD_2010,Honda,Accord,2010,,1
LEMON_HONDA_ACCORD_2011,Honda,Accord,2011,,1
LEMON_HONDA_ACCORD_2400CC_VINCS1_2012,Honda,Accord,2012,2400,1
LEMON_HONDA_ACCORD_2400CC_VINCP2_2012,Honda,Accord,2012,2400,1
LEMON_HONDA_ACCORD_2012,Honda,Accord,2012,,1
LEMON_HONDA_ACCORD_3500CC_VINCP3_2012,Honda,Accord,2012,3500,1
LEMON_HONDA_ACCORD_2400CC_VIN1_2013,Honda,Accord,2013,2400,1
LEMON_HONDA_ACCORD_3500CC_VIN2_2013,Honda,Accord,2013,3500,1
LEMON_HONDA_ACCORD_3500CC_2013,Honda,Accord,2013,3500,1
LEMON_HONDA_ACCORD_2400CC_VIN2_2013,Honda,Accord,2013,2400,1
LEMON_HONDA_ACCORD_2013,Honda,Accord,2013,,1
LEMON_HONDA_ACCORD_3500CC_VIN3_2013,Honda,Accord,2013,3500,1
LEMON_HONDA_ACCORD_2400CC_2014,Honda,Accord,2014,2400,1
LEMON_HONDA_ACCORD_2000CC_2014,Honda,Accord,2014,2000,1
LEMON_HONDA_ACCORD_3500CC_2014,Honda,Accord,2014,3500,1
LEMON_HONDA_ACCORD_2400CC_VIN2_2015,Honda,Accord,2015,2400,1
LEMON_HONDA_ACCORD_2400CC_2015,Honda,Accord,2015,2400,1
LEMON_HONDA_ACCORD_3500CC_2015,Honda,Accord,2015,3500,1
LEMON_HONDA_ACCORD_2000CC_2015,Honda,Accord,2015,2000,1
LEMON_HONDA_ACCORD_2400CC_2016,Honda,Accord,2016,2400,1
LEMON_HONDA_ACCORD_3500CC_2016,Honda,Accord,2016,3500,1
LEMON_HONDA_ACCORD_2400CC_2017,Honda,Accord,2017,2400,1
LEMON_HONDA_ACCORD_2000CC_2017,Honda,Accord,2017,2000,1
LEMON_HONDA_ACCORD_3500CC_2017,Honda,Accord,2017,3500,1
LEMON_HONDA_ACCORD_1500CC_2018,Honda,Accord,2018,1500,1
LEMON_HONDA_ACCORD_2000CC_2018,Honda,Accord,2018,2000,1
LEMON_HONDA_ACCORD_2000CC_2019,Honda,Accord,2019,2000,1
LEMON_HONDA_ACCORD_1500CC_2019,Honda,Accord,2019,1500,1
LEMON_HONDA_ACCORD_2000CC_2020,Honda,Accord,2020,2000,1
LEMON_HONDA_ACCORD_1500CC_2020,Honda,Accord,2020,1500,1
LEMON_HONDA_ACCORD_1500CC_2021,Honda,Accord,2021,1500,1
LEMON_HONDA_ACCORD_2000CC_2021,Honda,Accord,2021,2000,1
LEMON_HONDA_ACCORD_1500CC_2022,Honda,Accord,2022,1500,1
LEMON_HONDA_ACCORD_2000CC_2022,Honda,Accord,2022,2000,1
LEMON_HONDA_ACCORD_2000CC_2023,Honda,Accord,2023,2000,1
LEMON_HONDA_ACCORD_1500CC_2023,Honda,Accord,2023,1500,1
LEMON_HONDA_ACCORD_2000CC_2024,Honda,Accord,2024,2000,1
LEMON_HONDA_ACCORD_1500CC_2024,Honda,Accord,2024,1500,1
LEMON_HONDA_ACCORD_2000CC_2025,Honda,Accord,2025,2000,1
LEMON_HONDA_ACCORD_1500CC_2025,Honda,Accord,2025,1500,1
LEMON_HONDA_CR_V_2000,Honda,CR-V,2000,,1
LEMON_HONDA_CR_V_2001,Honda,CR-V,2001,,1
LEMON_HONDA_CR_V_2002,Honda,CR-V,2002,,1
LEMON_HONDA_CR_V_2003,Honda,CR-V,2003,,1
LEMON_HONDA_CR_V_2004,Honda,CR-V,2004,,1
LEMON_HONDA_CR_V_2005,Honda,CR-V,2005,,1
LEMON_HONDA_CR_V_2006,Honda,CR-V,2006,,1
LEMON_HONDA_CR_V_2007,Honda,CR-V,2007,,1
LEMON_HONDA_CR_V_2008,Honda,CR-V,2008,,1
LEMON_HONDA_CR_V_2009,Honda,CR-V,2009,,1
LEMON_HONDA_CR_V_2010,Honda,CR-V,2010,,1
LEMON_HONDA_CR_V_2011,Honda,CR-V,2011,,1
LEMON_HONDA_CR-V_2400CC_VIN3_2012,Honda,CR-V,2012,2400,1
LEMON_HONDA_CR-V_2400CC_VIN4_2012,Honda,CR-V,2012,2400,1
LEMON_HONDA_CR-V_2400CC_VIN3_2013,Honda,CR-V,2013,2400,1
LEMON_HONDA_CR-V_2400CC_VIN4_2013,Honda,CR-V,2013,2400,1
LEMON_HONDA_CR-V_2400CC_VIN3_2014,Honda,CR-V,2014,2400,1
LEMON_HONDA_CR-V_2400CC_2014,Honda,CR-V,2014,2400,1
LEMON_HONDA_CR_V_2015_CRVEXLAWD,Honda,CR-V,2015,,1
LEMON_HONDA_CR_V_2015_CRVEXLFWD,Honda,CR-V,2015,,1
LEMON_HONDA_CR_V_2015_CRVTOURINGAW,Honda,CR-V,2015,,1
LEMON_HONDA_CR_V_2015_CRVTOURINGFW,Honda,CR-V,2015,,1
LEMON_HONDA_CR_V_2016,Honda,CR-V,2016,,1
LEMON_HONDA_CR-V_1500CC_2017,Honda,CR-V,2017,1500,1
LEMON_HONDA_CR-V_1500CC_2018,Honda,CR-V,2018,1500,1
LEMON_HONDA_CR-V_1500CC_2020,Honda,CR-V,2020,1500,1
LEMON_HONDA_CR-V_2000CC_2020,Honda,CR-V,2020,2000,1
LEMON_HONDA_CR-V_1500CC_2021,Honda,CR-V,2021,1500,1
LEMON_HONDA_CR-V_2000CC_2021,Honda,CR-V,2021,2000,1
LEMON_HONDA_CR-V_1500CC_2022,Honda,CR-V,2022,1500,1
LEMON_HONDA_CR-V_2000CC_2022,Honda,CR-V,2022,2000,1
LEMON_HONDA_CR-V_1500CC_2023,Honda,CR-V,2023,1500,1
LEMON_HONDA_CR-V_2000CC_2023,Honda,CR-V,2023,2000,1
LEMON_HONDA_CR-V_1500CC_2024,Honda,CR-V,2024,1500,1
LEMON_HONDA_CR-V_2000CC_2024,Honda,CR-V,2024,2000,1
LEMON_HONDA_CR-V_1500CC_2025,Honda,CR-V,2025,1500,1
LEMON_HONDA_CR-V_2000CC_2025,Honda,CR-V,2025,2000,1
LEMON_HONDA_CR_V_2025,Honda,CR-V,2025,,1
LEMON_HONDA_CR_Z_2011,Honda,CR-Z,2011,,1
LEMON_HONDA_CR_Z_2012,Honda,CR-Z,2012,,1
LEMON_HONDA_CR_Z_2013,Honda,CR-Z,2013,,1
LEMON_HONDA_CR-Z_1500CC_VIN1_2014,Honda,CR-Z,2014,1500,1
LEMON_HONDA_CR-Z_1500CC_2014,Honda,CR-Z,2014,1500,1
LEMON_HONDA_CR_Z_2015_CRZBASEAUTOM,Honda,CR-Z,2015,,1
LEMON_HONDA_CR_Z_2015_CRZBASESTAND,Honda,CR-Z,2015,,1
LEMON_HONDA_CR_Z_2015_CRZEXAUTOMAT,Honda,CR-Z,2015,,1
LEMON_HONDA_CR_Z_2015_CRZEXSTANDAR,Honda,CR-Z,2015,,1
LEMON_HONDA_CR_Z_2016,Honda,CR-Z,2016,,1
LEMON_HONDA_CIVIC_2000,Honda,Civic,2000,,1
LEMON_HONDA_CIVIC_2001,Honda,Civic,2001,,1
LEMON_HONDA_CIVIC_2002,Honda,Civic,2002,,1
LEMON_HONDA_CIVIC_2003,Honda,Civic,2003,,1
LEMON_HONDA_CIVIC_2004,Honda,Civic,2004,,1
LEMON_HONDA_CIVIC_2005,Honda,Civic,2005,,1
LEMON_HONDA_CIVIC_2006,Honda,Civic,2006,,1
LEMON_HONDA_CIVIC_2007,Honda,Civic,2007,,1
LEMON_HONDA_CIVIC_2008,Honda,Civic,2008,,1
LEMON_HONDA_CIVIC_2009,Honda,Civic,2009,,1
LEMON_HONDA_CIVIC_2010,Honda,Civic,2010,,1
LEMON_HONDA_CIVIC_2011,Honda,Civic,2011,,1
LEMON_HONDA_CIVIC_2012,Honda,Civic,2012,,1
LEMON_HONDA_CIVIC_1800CC_2013,Honda,Civic,2013,1800,1
LEMON_HONDA_CIVIC_1500CC_2013,Honda,Civic,2013,1500,1
LEMON_HONDA_CIVIC_2400CC_2013,Honda,Civic,2013,2400,1
LEMON_HONDA_CIVIC_1800CC_2014,Honda,Civic,2014,1800,1
LEMON_HONDA_CIVIC_1500CC_2014,Honda,Civic,2014,1500,1
LEMON_HONDA_CIVIC_2400CC_2014,Honda,Civic,2014,2400,1
LEMON_HONDA_CIVIC_1800CC_2015,Honda,Civic,2015,1800,1
LEMON_HONDA_CIVIC_1500CC_2015,Honda,Civic,2015,1500,1
LEMON_HONDA_CIVIC_2400CC_2015,Honda,Civic,2015,2400,1
LEMON_HONDA_CIVIC_2000CC_2016,Honda,Civic,2016,2000,1
LEMON_HONDA_CIVIC_1500CC_2016,Honda,Civic,2016,1500,1
LEMON_HONDA_CIVIC_1500CC_2017,Honda,Civic,2017,1500,1
LEMON_HONDA_CIVIC_2000CC_2017,Honda,Civic,2017,2000,1
LEMON_HONDA_CIVIC_2000CC_2018,Honda,Civic,2018,2000,1
LEMON_HONDA_CIVIC_1500CC_2018,Honda,Civic,2018,1500,1
LEMON_HONDA_CIVIC_1500CC_2019,Honda,Civic,2019,1500,1
LEMON_HONDA_CIVIC_2000CC_2019,Honda,Civic,2019,2000,1
LEMON_HONDA_CIVIC_1500CC_2020,Honda,Civic,2020,1500,1
LEMON_HONDA_CIVIC_2000CC_2020,Honda,Civic,2020,2000,1
LEMON_HONDA_CIVIC_1500CC_2021,Honda,Civic,2021,1500,1
LEMON_HONDA_CIVIC_2000CC_2021,Honda,Civic,2021,2000,1
LEMON_HONDA_CIVIC_2000CC_2022,Honda,Civic,2022,2000,1
LEMON_HONDA_CIVIC_1500CC_2022,Honda,Civic,2022,1500,1
LEMON_HONDA_CIVIC_1500CC_2023,Honda,Civic,2023,1500,1
LEMON_HONDA_CIVIC_2000CC_2023,Honda,Civic,2023,2000,1
LEMON_HONDA_CIVIC_1500CC_2024,Honda,Civic,2024,1500,1
LEMON_HONDA_CIVIC_2000CC_2024,Honda,Civic,2024,2000,1
LEMON_HONDA_CIVIC_2025,Honda,Civic,2025,,1
LEMON_HONDA_CIVIC_2000CC_2025,Honda,Civic,2025,2000,1
LEMON_HONDA_CIVIC_1500CC_2025,Honda,Civic,2025,1500,1
LEMON_HONDA_CLARITY_2017,Honda,Clarity,2017,,1
LEMON_HONDA_CLARITY_2018,Honda,Clarity,2018,,1
LEMON_HONDA_CLARITY_2019,Honda,Clarity,2019,,1
LEMON_HONDA_CLARITY_2020,Honda,Clarity,2020,,1
LEMON_HONDA_CLARITY_2021,Honda,Clarity,2021,,1
LEMON_HONDA_CROSSTOUR_2400CC_VIN3_2012,Honda,Crosstour,2012,2400,1
LEMON_HONDA_CROSSTOUR_3500CC_VINTF1_2012,Honda,Crosstour,2012,3500,1
LEMON_HONDA_CROSSTOUR_3500CC_VINTF2_2012,Honda,Crosstour,2012,3500,1
LEMON_HONDA_CROSSTOUR_2400CC_VIN3_2013,Honda,Crosstour,2013,2400,1
LEMON_HONDA_CROSSTOUR_3500CC_VIN2_2013,Honda,Crosstour,2013,3500,1
LEMON_HONDA_CROSSTOUR_3500CC_VIN1_2013,Honda,Crosstour,2013,3500,1
LEMON_HONDA_CROSSTOUR_2400CC_2014,Honda,Crosstour,2014,2400,1
LEMON_HONDA_CROSSTOUR_3500CC_2014,Honda,Crosstour,2014,3500,1
LEMON_HONDA_CROSSTOUR_3500CC_VIN1_2014,Honda,Crosstour,2014,3500,1
LEMON_HONDA_CROSSTOUR_2400CC_VIN3_2015,Honda,Crosstour,2015,2400,1
LEMON_HONDA_CROSSTOUR_3500CC_2015,Honda,Crosstour,2015,3500,1
LEMON_HONDA_ELEMENT_2003,Honda,Element,2003,,1
LEMON_HONDA_ELEMENT_2004,Honda,Element,2004,,1
LEMON_HONDA_ELEMENT_2005,Honda,Element,2005,,1
LEMON_HONDA_ELEMENT_2006,Honda,Element,2006,,1
LEMON_HONDA_ELEMENT_2007,Honda,Element,2007,,1
LEMON_HONDA_ELEMENT_2008,Honda,Element,2008,,1
LEMON_HONDA_ELEMENT_2009,Honda,Element,2009,,1
LEMON_HONDA_ELEMENT_2010,Honda,Element,2010,,1
LEMON_HONDA_ELEMENT_2011,Honda,Element,2011,,1
LEMON_HONDA_FIT_2007,Honda,Fit,2007,,1
LEMON_HONDA_FIT_2008,Honda,Fit,2008,,1
LEMON_HONDA_FIT_2009,Honda,Fit,2009,,1
LEMON_HONDA_FIT_2010,Honda,Fit,2010,,1
LEMON_HONDA_FIT_2011,Honda,Fit,2011,,1
LEMON_HONDA_FIT_2012,Honda,Fit,2012,,1
LEMON_HONDA_FIT_2013,Honda,Fit,2013,,1
LEMON_HONDA_FIT_2014,Honda,Fit,2014,,1
LEMON_HONDA_FIT_2015_FITEXAUTOMAT,Honda,Fit,2015,,1
LEMON_HONDA_FIT_2015_FITEXSTANDAR,Honda,Fit,2015,,1
LEMON_HONDA_FIT_2015_FITEXL,Honda,Fit,2015,,1
LEMON_HONDA_FIT_2015_FITLXSTANDAR,Honda,Fit,2015,,1
LEMON_HONDA_FIT_2015_FITLXAUTOMAT,Honda,Fit,2015,,1
LEMON_HONDA_FIT_2018,Honda,Fit,2018,,1
LEMON_HONDA_FIT_2019,Honda,Fit,2019,,1
LEMON_HONDA_FIT_2020,Honda,Fit,2020,,1
LEMON_HONDA_HR_V_2016,Honda,HR-V,2016,,1
LEMON_HONDA_HR_V_2017,Honda,HR-V,2017,,1
LEMON_HONDA_HR_V_2018,Honda,HR-V,2018,,1
LEMON_HONDA_HR_V_2019,Honda,HR-V,2019,,1
LEMON_HONDA_HR_V_2020,Honda,HR-V,2020,,1
LEMON_HONDA_HR_V_2021,Honda,HR-V,2021,,1
LEMON_HONDA_HR_V_2022,Honda,HR-V,2022,,1
LEMON_HONDA_HR_V_2023,Honda,HR-V,2023,,1
LEMON_HONDA_HR_V_2024,Honda,HR-V,2024,,1
LEMON_HONDA_HR_V_2025,Honda,HR-V,2025,,1
LEMON_HONDA_INSIGHT_2000,Honda,Insight,2000,,1
LEMON_HONDA_INSIGHT_2001,Honda,Insight,2001,,1
LEMON_HONDA_INSIGHT_2002,Honda,Insight,2002,,1
LEMON_HONDA_INSIGHT_2003,Honda,Insight,2003,,1
LEMON_HONDA_INSIGHT_2004,Honda,Insight,2004,,1
LEMON_HONDA_INSIGHT_2005,Honda,Insight,2005,,1
LEMON_HONDA_INSIGHT_2006,Honda,Insight,2006,,1
LEMON_HONDA_INSIGHT_2010,Honda,Insight,2010,,1
LEMON_HONDA_INSIGHT_2011,Honda,Insight,2011,,1
LEMON_HONDA_INSIGHT_2012,Honda,Insight,2012,,1
LEMON_HONDA_INSIGHT_2013,Honda,Insight,2013,,1
LEMON_HONDA_INSIGHT_2014,Honda,Insight,2014,,1
LEMON_HONDA_INSIGHT_2019,Honda,Insight,2019,,1
LEMON_HONDA_INSIGHT_2020,Honda,Insight,2020,,1
LEMON_HONDA_INSIGHT_2021,Honda,Insight,2021,,1
LEMON_HONDA_INSIGHT_2022,Honda,Insight,2022,,1
LEMON_HONDA_ODYSSEY_2000,Honda,Odyssey,2000,,1
LEMON_HONDA_ODYSSEY_2001,Honda,Odyssey,2001,,1
LEMON_HONDA_ODYSSEY_2002,Honda,Odyssey,2002,,1
LEMON_HONDA_ODYSSEY_2003,Honda,Odyssey,2003,,1
LEMON_HONDA_ODYSSEY_2004,Honda,Odyssey,2004,,1
LEMON_HONDA_ODYSSEY_2005,Honda,Odyssey,2005,,1
LEMON_HONDA_ODYSSEY_2006,Honda,Odyssey,2006,,1
LEMON_HONDA_ODYSSEY_2007,Honda,Odyssey,2007,,1
LEMON_HONDA_ODYSSEY_2008,Honda,Odyssey,2008,,1
LEMON_HONDA_ODYSSEY_2009,Honda,Odyssey,2009,,1
LEMON_HONDA_ODYSSEY_2010,Honda,Odyssey,2010,,1
LEMON_HONDA_ODYSSEY_2011,Honda,Odyssey,2011,,1
LEMON_HONDA_ODYSSEY_2012,Honda,Odyssey,2012,,1
LEMON_HONDA_ODYSSEY_2013,Honda,Odyssey,2013,,1
LEMON_HONDA_ODYSSEY_2014,Honda,Odyssey,2014,,1
LEMON_HONDA_ODYSSEY_2015_ODYSSEYEX,Honda,Odyssey,2015,,1
LEMON_HONDA_ODYSSEY_2015_ODYSSEYEXL,Honda,Odyssey,2015,,1
LEMON_HONDA_ODYSSEY_2015_ODYSSEYLX,Honda,Odyssey,2015,,1
LEMON_HONDA_ODYSSEY_2015_ODYSSEYTOURI,Honda,Odyssey,2015,,1
LEMON_HONDA_ODYSSEY_2016,Honda,Odyssey,2016,,1
LEMON_HONDA_ODYSSEY_2017,Honda,Odyssey,2017,,1
LEMON_HONDA_ODYSSEY_2018,Honda,Odyssey,2018,,1
LEMON_HONDA_ODYSSEY_2019,Honda,Odyssey,2019,,1
LEMON_HONDA_ODYSSEY_2020,Honda,Odyssey,2020,,1
LEMON_HONDA_ODYSSEY_2021,Honda,Odyssey,2021,,1
LEMON_HONDA_ODYSSEY_2022,Honda,Odyssey,2022,,1
LEMON_HONDA_ODYSSEY_2023,Honda,Odyssey,2023,,1
LEMON_HONDA_ODYSSEY_2024,Honda,Odyssey,2024,,1
LEMON_HONDA_ODYSSEY_2025,Honda,Odyssey,2025,,1
LEMON_HONDA_PASSPORT_2000,Honda,Passport,2000,,1
LEMON_HONDA_PASSPORT_2001,Honda,Passport,2001,,1
LEMON_HONDA_PASSPORT_2002,Honda,Passport,2002,,1
LEMON_HONDA_PASSPORT_2019,Honda,Passport,2019,,1
LEMON_HONDA_PASSPORT_2020,Honda,Passport,2020,,1
LEMON_HONDA_PASSPORT_2021,Honda,Passport,2021,,1
LEMON_HONDA_PASSPORT_2022,Honda,Passport,2022,,1
LEMON_HONDA_PASSPORT_2023,Honda,Passport,2023,,1
LEMON_HONDA_PASSPORT_2024,Honda,Passport,2024,,1
LEMON_HONDA_PASSPORT_2025,Honda,Passport,2025,,1
LEMON_HONDA_PILOT_2003,Honda,Pilot,2003,,1
LEMON_HONDA_PILOT_2004,Honda,Pilot,2004,,1
LEMON_HONDA_PILOT_2005,Honda,Pilot,2005,,1
LEMON_HONDA_PILOT_2006,Honda,Pilot,2006,,1
LEMON_HONDA_PILOT_2007,Honda,Pilot,2007,,1
LEMON_HONDA_PILOT_2008,Honda,Pilot,2008,,1
LEMON_HONDA_PILOT_2009,Honda,Pilot,2009,,1
LEMON_HONDA_PILOT_2010,Honda,Pilot,2010,,1
LEMON_HONDA_PILOT_2011,Honda,Pilot,2011,,1
LEMON_HONDA_PILOT_3500CC_VIN3_2012,Honda,Pilot,2012,3500,1
LEMON_HONDA_PILOT_3500CC_VIN4_2012,Honda,Pilot,2012,3500,1
LEMON_HONDA_PILOT_3500CC_VIN3_2013,Honda,Pilot,2013,3500,1
LEMON_HONDA_PILOT_3500CC_VIN4_2013,Honda,Pilot,2013,3500,1
LEMON_HONDA_PILOT_2014,Honda,Pilot,2014,,1
LEMON_HONDA_PILOT_2016,Honda,Pilot,2016,,1
LEMON_HONDA_PILOT_2017,Honda,Pilot,2017,,1
LEMON_HONDA_PILOT_2018,Honda,Pilot,2018,,1
LEMON_HONDA_PILOT_2019,Honda,Pilot,2019,,1
LEMON_HONDA_PILOT_2020,Honda,Pilot,2020,,1
LEMON_HONDA_PILOT_2021,Honda,Pilot,2021,,1
LEMON_HONDA_PILOT_2022,Honda,Pilot,2022,,1
LEMON_HONDA_PILOT_2023,Honda,Pilot,2023,,1
LEMON_HONDA_PILOT_2024,Honda,Pilot,2024,,1
LEMON_HONDA_PILOT_2025,Honda,Pilot,2025,,1
LEMON_HONDA_PRELUDE_2000,Honda,Prelude,2000,,1
LEMON_HONDA_PRELUDE_2001,Honda,Prelude,2001,,1
LEMON_HONDA_RIDGELINE_2006,Honda,Ridgeline,2006,,1
LEMON_HONDA_RIDGELINE_2007,Honda,Ridgeline,2007,,1
LEMON_HONDA_RIDGELINE_2008,Honda,Ridgeline,2008,,1
LEMON_HONDA_RIDGELINE_2009,Honda,Ridgeline,2009,,1
LEMON_HONDA_RIDGELINE_2010,Honda,Ridgeline,2010,,1
LEMON_HONDA_RIDGELINE_2011,Honda,Ridgeline,2011,,1
LEMON_HONDA_RIDGELINE_2012,Honda,Ridgeline,2012,,1
LEMON_HONDA_RIDGELINE_2013,Honda,Ridgeline,2013,,1
LEMON_HONDA_RIDGELINE_2014,Honda,Ridgeline,2014,,1
LEMON_HONDA_RIDGELINE_2017,Honda,Ridgeline,2017,,1
LEMON_HONDA_RIDGELINE_2018,Honda,Ridgeline,2018,,1
LEMON_HONDA_RIDGELINE_2019,Honda,Ridgeline,2019,,1
LEMON_HONDA_RIDGELINE_2020,Honda,Ridgeline,2020,,1
LEMON_HONDA_RIDGELINE_2021,Honda,Ridgeline,2021,,1
LEMON_HONDA_RIDGELINE_2022,Honda,Ridgeline,2022,,1
LEMON_HONDA_RIDGELINE_2023,Honda,Ridgeline,2023,,1
LEMON_HONDA_RIDGELINE_2024,Honda,Ridgeline,2024,,1
LEMON_HONDA_RIDGELINE_2025,Honda,Ridgeline,2025,,1
LEMON_HONDA_S2000_2000,Honda,S2000,2000,,1
LEMON_HONDA_S2000_2001,Honda,S2000,2001,,1
LEMON_HONDA_S2000_2002,Honda,S2000,2002,,1
LEMON_HONDA_S2000_2003,Honda,S2000,2003,,1
LEMON_HONDA_S2000_2004,Honda,S2000,2004,,1
LEMON_HONDA_S2000_2005,Honda,S2000,2005,,1
LEMON_HONDA_S2000_2006,Honda,S2000,2006,,1
LEMON_HONDA_S2000_2007,Honda,S2000,2007,,1
LEMON_HONDA_S2000_2008,Honda,S2000,2008,,1
LEMON_HONDA_S2000_2009,Honda,S2000,2009,,1
LEMON_HUMMER_H2_2003,Hummer,H2,2003,,1
LEMON_HUMMER_H2_2004,Hummer,H2,2004,,1
LEMON_HUMMER_H2_2005,Hummer,H2,2005,,1
LEMON_HUMMER_H2_2006,Hummer,H2,2006,,1
LEMON_HUMMER_H2_2007,Hummer,H2,2007,,1
LEMON_HUMMER_H2_2008,Hummer,H2,2008,,1
LEMON_HUMMER_H2_2009,Hummer,H2,2009,,1
LEMON_HUMMER_H3_2006,Hummer,H3,2006,,1
LEMON_HUMMER_H3_2007,Hummer,H3,2007,,1
LEMON_HUMMER_H3_3700CC_2008,Hummer,H3,2008,3700,1
LEMON_HUMMER_H3_5300CC_2008,Hummer,H3,2008,5300,1
LEMON_HUMMER_H3_3700CC_2009,Hummer,H3,2009,3700,1
LEMON_HUMMER_H3_5300CC_2009,Hummer,H3,2009,5300,1
LEMON_HUMMER_H3_5300CC_2010,Hummer,H3,2010,5300,1
LEMON_HUMMER_H3_3700CC_2010,Hummer,H3,2010,3700,1
LEMON_HUMMER_H3T_5300CC_2009,Hummer,H3T,2009,5300,1
LEMON_HUMMER_H3T_3700CC_2009,Hummer,H3T,2009,3700,1
LEMON_HUMMER_H3T_5300CC_2010,Hummer,H3T,2010,5300,1
LEMON_HUMMER_H3T_3700CC_2010,Hummer,H3T,2010,3700,1
LEMON_HYUNDAI_ACCENT_2000,Hyundai,Accent,2000,,1
LEMON_HYUNDAI_ACCENT_1600CC_2001,Hyundai,Accent,2001,1600,1
LEMON_HYUNDAI_ACCENT_1500CC_2001,Hyundai,Accent,2001,1500,1
LEMON_HYUNDAI_ACCENT_1500CC_2002,Hyundai,Accent,2002,1500,1
LEMON_HYUNDAI_ACCENT_1600CC_2002,Hyundai,Accent,2002,1600,1
LEMON_HYUNDAI_ACCENT_2003,Hyundai,Accent,2003,,1
LEMON_HYUNDAI_ACCENT_2004,Hyundai,Accent,2004,,1
LEMON_HYUNDAI_ACCENT_2005,Hyundai,Accent,2005,,1
LEMON_HYUNDAI_ACCENT_2006,Hyundai,Accent,2006,,1
LEMON_HYUNDAI_ACCENT_2007,Hyundai,Accent,2007,,1
LEMON_HYUNDAI_ACCENT_2008,Hyundai,Accent,2008,,1
LEMON_HYUNDAI_ACCENT_2009,Hyundai,Accent,2009,,1
LEMON_HYUNDAI_ACCENT_2010,Hyundai,Accent,2010,,1
LEMON_HYUNDAI_ACCENT_2011,Hyundai,Accent,2011,,1
LEMON_HYUNDAI_ACCENT_2012,Hyundai,Accent,2012,,1
LEMON_HYUNDAI_ACCENT_2013,Hyundai,Accent,2013,,1
LEMON_HYUNDAI_ACCENT_2014,Hyundai,Accent,2014,,1
LEMON_HYUNDAI_ACCENT_2016,Hyundai,Accent,2016,,1
LEMON_HYUNDAI_ACCENT_2017,Hyundai,Accent,2017,,1
LEMON_HYUNDAI_ACCENT_2018,Hyundai,Accent,2018,,1
LEMON_HYUNDAI_ACCENT_2019,Hyundai,Accent,2019,,1
LEMON_HYUNDAI_ACCENT_2020,Hyundai,Accent,2020,,1
LEMON_HYUNDAI_ACCENT_2021,Hyundai,Accent,2021,,1
LEMON_HYUNDAI_ACCENT_2022,Hyundai,Accent,2022,,1
LEMON_HYUNDAI_AZERA_2006,Hyundai,Azera,2006,,1
LEMON_HYUNDAI_AZERA_3300CC_2007,Hyundai,Azera,2007,3300,1
LEMON_HYUNDAI_AZERA_3800CC_2007,Hyundai,Azera,2007,3800,1
LEMON_HYUNDAI_AZERA_3300CC_2008,Hyundai,Azera,2008,3300,1
LEMON_HYUNDAI_AZERA_3800CC_2008,Hyundai,Azera,2008,3800,1
LEMON_HYUNDAI_AZERA_3800CC_2009,Hyundai,Azera,2009,3800,1
LEMON_HYUNDAI_AZERA_3300CC_2009,Hyundai,Azera,2009,3300,1
LEMON_HYUNDAI_AZERA_3300CC_2010,Hyundai,Azera,2010,3300,1
LEMON_HYUNDAI_AZERA_3800CC_2010,Hyundai,Azera,2010,3800,1
LEMON_HYUNDAI_AZERA_3300CC_2011,Hyundai,Azera,2011,3300,1
LEMON_HYUNDAI_AZERA_3800CC_2011,Hyundai,Azera,2011,3800,1
LEMON_HYUNDAI_AZERA_2012,Hyundai,Azera,2012,,1
LEMON_HYUNDAI_AZERA_2013,Hyundai,Azera,2013,,1
LEMON_HYUNDAI_AZERA_2014,Hyundai,Azera,2014,,1
LEMON_HYUNDAI_AZERA_2015_AZERALIMITED,Hyundai,Azera,2015,,1
LEMON_HYUNDAI_AZERA_2015_AZERABASE,Hyundai,Azera,2015,,1
LEMON_HYUNDAI_AZERA_2016,Hyundai,Azera,2016,,1
LEMON_HYUNDAI_AZERA_2017,Hyundai,Azera,2017,,1
LEMON_HYUNDAI_ELANTRA_2000,Hyundai,Elantra,2000,,1
LEMON_HYUNDAI_ELANTRA_2001,Hyundai,Elantra,2001,,1
LEMON_HYUNDAI_ELANTRA_2002,Hyundai,Elantra,2002,,1
LEMON_HYUNDAI_ELANTRA_2003,Hyundai,Elantra,2003,,1
LEMON_HYUNDAI_ELANTRA_2004,Hyundai,Elantra,2004,,1
LEMON_HYUNDAI_ELANTRA_2005,Hyundai,Elantra,2005,,1
LEMON_HYUNDAI_ELANTRA_2006,Hyundai,Elantra,2006,,1
LEMON_HYUNDAI_ELANTRA_2007,Hyundai,Elantra,2007,,1
LEMON_HYUNDAI_ELANTRA_2008,Hyundai,Elantra,2008,,1
LEMON_HYUNDAI_ELANTRA_2009,Hyundai,Elantra,2009,,1
LEMON_HYUNDAI_ELANTRA_2010,Hyundai,Elantra,2010,,1
LEMON_HYUNDAI_ELANTRA_2011,Hyundai,Elantra,2011,,1
LEMON_HYUNDAI_ELANTRA_2012,Hyundai,Elantra,2012,,1
LEMON_HYUNDAI_ELANTRA_2013,Hyundai,Elantra,2013,,1
LEMON_HYUNDAI_ELANTRA_2014,Hyundai,Elantra,2014,,1
LEMON_HYUNDAI_ELANTRA_2016,Hyundai,Elantra,2016,,1
LEMON_HYUNDAI_ELANTRA_2017,Hyundai,Elantra,2017,,1
LEMON_HYUNDAI_ELANTRA_1600CC_2017,Hyundai,Elantra,2017,1600,1
LEMON_HYUNDAI_ELANTRA_1400CC_2017,Hyundai,Elantra,2017,1400,1
LEMON_HYUNDAI_ELANTRA_2000CC_2018,Hyundai,Elantra,2018,2000,1
LEMON_HYUNDAI_ELANTRA_1400CC_2018,Hyundai,Elantra,2018,1400,1
LEMON_HYUNDAI_ELANTRA_1600CC_2018,Hyundai,Elantra,2018,1600,1
LEMON_HYUNDAI_ELANTRA_2000CC_2019,Hyundai,Elantra,2019,2000,1
LEMON_HYUNDAI_ELANTRA_1400CC_2019,Hyundai,Elantra,2019,1400,1
LEMON_HYUNDAI_ELANTRA_1600CC_2019,Hyundai,Elantra,2019,1600,1
LEMON_HYUNDAI_ELANTRA_2000CC_2020,Hyundai,Elantra,2020,2000,1
LEMON_HYUNDAI_ELANTRA_1400CC_2020,Hyundai,Elantra,2020,1400,1
LEMON_HYUNDAI_ELANTRA_1600CC_2020,Hyundai,Elantra,2020,1600,1
LEMON_HYUNDAI_ELANTRA_1600CC_2021,Hyundai,Elantra,2021,1600,1
LEMON_HYUNDAI_ELANTRA_2000CC_2021,Hyundai,Elantra,2021,2000,1
LEMON_HYUNDAI_ELANTRA_1600CC_2022,Hyundai,Elantra,2022,1600,1
LEMON_HYUNDAI_ELANTRA_2000CC_2022,Hyundai,Elantra,2022,2000,1
LEMON_HYUNDAI_ELANTRA_2022,Hyundai,Elantra,2022,,1
LEMON_HYUNDAI_ELANTRA_2000CC_2023,Hyundai,Elantra,2023,2000,1
LEMON_HYUNDAI_ELANTRA_2023,Hyundai,Elantra,2023,,1
LEMON_HYUNDAI_ELANTRA_1600CC_2023,Hyundai,Elantra,2023,1600,1
LEMON_HYUNDAI_ELANTRA_1600CC_2024,Hyundai,Elantra,2024,1600,1
LEMON_HYUNDAI_ELANTRA_2000CC_2024,Hyundai,Elantra,2024,2000,1
LEMON_HYUNDAI_ELANTRA_2024,Hyundai,Elantra,2024,,1
LEMON_HYUNDAI_ELANTRA_1600CC_2025,Hyundai,Elantra,2025,1600,1
LEMON_HYUNDAI_ELANTRA_2000CC_2025,Hyundai,Elantra,2025,2000,1
LEMON_HYUNDAI_ELANTRA_2025,Hyundai,Elantra,2025,,1
LEMON_HYUNDAI_ENTOURAGE_2007,Hyundai,Entourage,2007,,1
LEMON_HYUNDAI_ENTOURAGE_2008,Hyundai,Entourage,2008,,1
LEMON_HYUNDAI_ENTOURAGE_2009,Hyundai,Entourage,2009,,1
LEMON_HYUNDAI_EQUUS_2011,Hyundai,Equus,2011,,1
LEMON_HYUNDAI_EQUUS_2012,Hyundai,Equus,2012,,1
LEMON_HYUNDAI_EQUUS_2013,Hyundai,Equus,2013,,1
LEMON_HYUNDAI_EQUUS_2014,Hyundai,Equus,2014,,1
LEMON_HYUNDAI_EQUUS_2015_EQUUSSIGNATU,Hyundai,Equus,2015,,1
LEMON_HYUNDAI_EQUUS_2015_EQUUSULTIMAT,Hyundai,Equus,2015,,1
LEMON_HYUNDAI_EQUUS_2016,Hyundai,Equus,2016,,1
LEMON_HYUNDAI_GENESIS_3800CC_2009,Hyundai,Genesis,2009,3800,1
LEMON_HYUNDAI_GENESIS_4600CC_2009,Hyundai,Genesis,2009,4600,1
LEMON_HYUNDAI_GENESIS_4600CC_2010,Hyundai,Genesis,2010,4600,1
LEMON_HYUNDAI_GENESIS_3800CC_2010,Hyundai,Genesis,2010,3800,1
LEMON_HYUNDAI_GENESIS_2000CC_2010,Hyundai,Genesis,2010,2000,1
LEMON_HYUNDAI_GENESIS_3800CC_2011,Hyundai,Genesis,2011,3800,1
LEMON_HYUNDAI_GENESIS_4600CC_2011,Hyundai,Genesis,2011,4600,1
LEMON_HYUNDAI_GENESIS_2000CC_2011,Hyundai,Genesis,2011,2000,1
LEMON_HYUNDAI_GENESIS_3800CC_2012,Hyundai,Genesis,2012,3800,1
LEMON_HYUNDAI_GENESIS_5000CC_2012,Hyundai,Genesis,2012,5000,1
LEMON_HYUNDAI_GENESIS_4600CC_2012,Hyundai,Genesis,2012,4600,1
LEMON_HYUNDAI_GENESIS_2000CC_2012,Hyundai,Genesis,2012,2000,1
LEMON_HYUNDAI_GENESIS_5000CC_2013,Hyundai,Genesis,2013,5000,1
LEMON_HYUNDAI_GENESIS_2000CC_2013,Hyundai,Genesis,2013,2000,1
LEMON_HYUNDAI_GENESIS_3800CC_2013,Hyundai,Genesis,2013,3800,1
LEMON_HYUNDAI_GENESIS_3800CC_2014,Hyundai,Genesis,2014,3800,1
LEMON_HYUNDAI_GENESIS_2000CC_2014,Hyundai,Genesis,2014,2000,1
LEMON_HYUNDAI_GENESIS_5000CC_2014,Hyundai,Genesis,2014,5000,1
LEMON_HYUNDAI_GENESIS_3800CC_2015,Hyundai,Genesis,2015,3800,1
LEMON_HYUNDAI_GENESIS_2015_GENESISCOUPE,Hyundai,Genesis,2015,,1
LEMON_HYUNDAI_GENESIS_5000CC_2015,Hyundai,Genesis,2015,5000,1
LEMON_HYUNDAI_GENESIS_5000CC_2016,Hyundai,Genesis,2016,5000,1
LEMON_HYUNDAI_GENESIS_2016,Hyundai,Genesis,2016,,1
LEMON_HYUNDAI_GENESIS_3800CC_2016,Hyundai,Genesis,2016,3800,1
LEMON_HYUNDAI_IONIQ_2017,Hyundai,Ioniq,2017,,1
LEMON_HYUNDAI_IONIQ_2018,Hyundai,Ioniq,2018,,1
LEMON_HYUNDAI_IONIQ_2019,Hyundai,Ioniq,2019,,1
LEMON_HYUNDAI_IONIQ_2020,Hyundai,Ioniq,2020,,1
LEMON_HYUNDAI_IONIQ_2021,Hyundai,Ioniq,2021,,1
LEMON_HYUNDAI_IONIQ_2022,Hyundai,Ioniq,2022,,1
LEMON_HYUNDAI_IONIQ_2023,Hyundai,Ioniq,2023,,1
LEMON_HYUNDAI_IONIQ_2024,Hyundai,Ioniq,2024,,1
LEMON_HYUNDAI_IONIQ_2025,Hyundai,Ioniq,2025,,1
LEMON_HYUNDAI_KONA_1600CC_2018,Hyundai,Kona,2018,1600,1
LEMON_HYUNDAI_KONA_2000CC_2018,Hyundai,Kona,2018,2000,1
LEMON_HYUNDAI_KONA_1600CC_2019,Hyundai,Kona,2019,1600,1
LEMON_HYUNDAI_KONA_2000CC_2019,Hyundai,Kona,2019,2000,1
LEMON_HYUNDAI_KONA_2019,Hyundai,Kona,2019,,1
LEMON_HYUNDAI_KONA_1600CC_2020,Hyundai,Kona,2020,1600,1
LEMON_HYUNDAI_KONA_2000CC_2020,Hyundai,Kona,2020,2000,1
LEMON_HYUNDAI_KONA_2020,Hyundai,Kona,2020,,1
LEMON_HYUNDAI_KONA_1600CC_2021,Hyundai,Kona,2021,1600,1
LEMON_HYUNDAI_KONA_2000CC_2021,Hyundai,Kona,2021,2000,1
LEMON_HYUNDAI_KONA_2021,Hyundai,Kona,2021,,1
LEMON_HYUNDAI_KONA_1600CC_2022,Hyundai,Kona,2022,1600,1
LEMON_HYUNDAI_KONA_2000CC_2022,Hyundai,Kona,2022,2000,1
LEMON_HYUNDAI_KONA_2022,Hyundai,Kona,2022,,1
LEMON_HYUNDAI_KONA_1600CC_2023,Hyundai,Kona,2023,1600,1
LEMON_HYUNDAI_KONA_2000CC_2023,Hyundai,Kona,2023,2000,1
LEMON_HYUNDAI_KONA_2023,Hyundai,Kona,2023,,1
LEMON_HYUNDAI_KONA_1600CC_2024,Hyundai,Kona,2024,1600,1
LEMON_HYUNDAI_KONA_2000CC_2024,Hyundai,Kona,2024,2000,1
LEMON_HYUNDAI_KONA_2024,Hyundai,Kona,2024,,1
LEMON_HYUNDAI_KONA_1600CC_2025,Hyundai,Kona,2025,1600,1
LEMON_HYUNDAI_KONA_2000CC_2025,Hyundai,Kona,2025,2000,1
LEMON_HYUNDAI_KONA_2025,Hyundai,Kona,2025,,1
LEMON_HYUNDAI_PALISADE_2020,Hyundai,Palisade,2020,,1
LEMON_HYUNDAI_PALISADE_2021,Hyundai,Palisade,2021,,1
LEMON_HYUNDAI_PALISADE_2022,Hyundai,Palisade,2022,,1
LEMON_HYUNDAI_PALISADE_2023,Hyundai,Palisade,2023,,1
LEMON_HYUNDAI_PALISADE_2024,Hyundai,Palisade,2024,,1
LEMON_HYUNDAI_PALISADE_2025,Hyundai,Palisade,2025,,1
LEMON_HYUNDAI_SANTA_2400CC_2001,Hyundai,Santa,2001,2400,1
LEMON_HYUNDAI_SANTA_2700CC_2001,Hyundai,Santa,2001,2700,1
LEMON_HYUNDAI_SANTA_2400CC_2002,Hyundai,Santa,2002,2400,1
LEMON_HYUNDAI_SANTA_2700CC_2002,Hyundai,Santa,2002,2700,1
LEMON_HYUNDAI_SANTA_2400CC_2003,Hyundai,Santa,2003,2400,1
LEMON_HYUNDAI_SANTA_2700CC_2003,Hyundai,Santa,2003,2700,1
LEMON_HYUNDAI_SANTA_3500CC_2003,Hyundai,Santa,2003,3500,1
LEMON_HYUNDAI_SANTA_2400CC_2004,Hyundai,Santa,2004,2400,1
LEMON_HYUNDAI_SANTA_2700CC_2004,Hyundai,Santa,2004,2700,1
LEMON_HYUNDAI_SANTA_3500CC_2004,Hyundai,Santa,2004,3500,1
LEMON_HYUNDAI_SANTA_2700CC_2005,Hyundai,Santa,2005,2700,1
LEMON_HYUNDAI_SANTA_3500CC_2005,Hyundai,Santa,2005,3500,1
LEMON_HYUNDAI_SANTA_2700CC_2006,Hyundai,Santa,2006,2700,1
LEMON_HYUNDAI_SANTA_3500CC_2006,Hyundai,Santa,2006,3500,1
LEMON_HYUNDAI_SANTA_2700CC_2007,Hyundai,Santa,2007,2700,1
LEMON_HYUNDAI_SANTA_3300CC_2007,Hyundai,Santa,2007,3300,1
LEMON_HYUNDAI_SANTA_2700CC_2008,Hyundai,Santa,2008,2700,1
LEMON_HYUNDAI_SANTA_3300CC_2008,Hyundai,Santa,2008,3300,1
LEMON_HYUNDAI_SANTA_2700CC_2009,Hyundai,Santa,2009,2700,1
LEMON_HYUNDAI_SANTA_3300CC_2009,Hyundai,Santa,2009,3300,1
LEMON_HYUNDAI_SANTA_2400CC_2010,Hyundai,Santa,2010,2400,1
LEMON_HYUNDAI_SANTA_3500CC_2010,Hyundai,Santa,2010,3500,1
LEMON_HYUNDAI_SANTA_2400CC_2011,Hyundai,Santa,2011,2400,1
LEMON_HYUNDAI_SANTA_3500CC_2011,Hyundai,Santa,2011,3500,1
LEMON_HYUNDAI_SANTA_2400CC_VINB_2012,Hyundai,Santa,2012,2400,1
LEMON_HYUNDAI_SANTA_3500CC_VING_2012,Hyundai,Santa,2012,3500,1
LEMON_HYUNDAI_SANTA_3500CC_2012,Hyundai,Santa,2012,3500,1
LEMON_HYUNDAI_SANTA_2013,Hyundai,Santa,2013,,1
LEMON_HYUNDAI_SANTA_2000CC_2013,Hyundai,Santa,2013,2000,1
LEMON_HYUNDAI_SANTA_2400CC_2013,Hyundai,Santa,2013,2400,1
LEMON_HYUNDAI_SANTA_2014,Hyundai,Santa,2014,,1
LEMON_HYUNDAI_SANTA_2000CC_2014,Hyundai,Santa,2014,2000,1
LEMON_HYUNDAI_SANTA_2400CC_2014,Hyundai,Santa,2014,2400,1
LEMON_HYUNDAI_SANTA_2015_SANTAFEGLSAW,Hyundai,Santa,2015,,1
LEMON_HYUNDAI_SANTA_2015_SANTAFEGLSFW,Hyundai,Santa,2015,,1
LEMON_HYUNDAI_SANTA_2015_SANTAFELIMIT,Hyundai,Santa,2015,,1
LEMON_HYUNDAI_SANTA_2000CC_2015,Hyundai,Santa,2015,2000,1
LEMON_HYUNDAI_SANTA_2400CC_2015,Hyundai,Santa,2015,2400,1
LEMON_HYUNDAI_SANTA_2016,Hyundai,Santa,2016,,1
LEMON_HYUNDAI_SANTA_2000CC_2016,Hyundai,Santa,2016,2000,1
LEMON_HYUNDAI_SANTA_2400CC_2016,Hyundai,Santa,2016,2400,1
LEMON_HYUNDAI_SANTA_2017,Hyundai,Santa,2017,,1
LEMON_HYUNDAI_SANTA_2000CC_2017,Hyundai,Santa,2017,2000,1
LEMON_HYUNDAI_SANTA_2400CC_2017,Hyundai,Santa,2017,2400,1
LEMON_HYUNDAI_SANTA_2018,Hyundai,Santa,2018,,1
LEMON_HYUNDAI_SANTA_2000CC_2018,Hyundai,Santa,2018,2000,1
LEMON_HYUNDAI_SANTA_2400CC_2018,Hyundai,Santa,2018,2400,1
LEMON_HYUNDAI_SANTA_2000CC_VINA_2019,Hyundai,Santa,2019,2000,1
LEMON_HYUNDAI_SANTA_2400CC_VIND_2019,Hyundai,Santa,2019,2400,1
LEMON_HYUNDAI_SANTA_2400CC_2019,Hyundai,Santa,2019,2400,1
LEMON_HYUNDAI_SANTA_2019,Hyundai,Santa,2019,,1
LEMON_HYUNDAI_SANTA_2000CC_VINA_2020,Hyundai,Santa,2020,2000,1
LEMON_HYUNDAI_SANTA_2400CC_VIND_2020,Hyundai,Santa,2020,2400,1
LEMON_HYUNDAI_SANTA_2400CC_2020,Hyundai,Santa,2020,2400,1
LEMON_HYUNDAI_SANTA_2500CC_2021,Hyundai,Santa,2021,2500,1
LEMON_HYUNDAI_SANTA_1600CC_2021,Hyundai,Santa,2021,1600,1
LEMON_HYUNDAI_SANTA_2022,Hyundai,Santa,2022,,1
LEMON_HYUNDAI_SANTA_2500CC_2022,Hyundai,Santa,2022,2500,1
LEMON_HYUNDAI_SANTA_1600CC_2022,Hyundai,Santa,2022,1600,1
LEMON_HYUNDAI_SANTA_2023,Hyundai,Santa,2023,,1
LEMON_HYUNDAI_SANTA_2500CC_2023,Hyundai,Santa,2023,2500,1
LEMON_HYUNDAI_SANTA_1600CC_2023,Hyundai,Santa,2023,1600,1
LEMON_HYUNDAI_SANTA_2024,Hyundai,Santa,2024,,1
LEMON_HYUNDAI_SANTA_2500CC_2024,Hyundai,Santa,2024,2500,1
LEMON_HYUNDAI_SANTA_1600CC_2024,Hyundai,Santa,2024,1600,1
LEMON_HYUNDAI_SANTA_2025,Hyundai,Santa,2025,,1
LEMON_HYUNDAI_SANTA_2500CC_2025,Hyundai,Santa,2025,2500,1
LEMON_HYUNDAI_SANTA_1600CC_2025,Hyundai,Santa,2025,1600,1
LEMON_HYUNDAI_SONATA_2400CC_2000,Hyundai,Sonata,2000,2400,1
LEMON_HYUNDAI_SONATA_2500CC_2000,Hyundai,Sonata,2000,2500,1
LEMON_HYUNDAI_SONATA_2400CC_2001,Hyundai,Sonata,2001,2400,1
LEMON_HYUNDAI_SONATA_2500CC_2001,Hyundai,Sonata,2001,2500,1
LEMON_HYUNDAI_SONATA_2400CC_2002,Hyundai,Sonata,2002,2400,1
LEMON_HYUNDAI_SONATA_2700CC_2002,Hyundai,Sonata,2002,2700,1
LEMON_HYUNDAI_SONATA_2400CC_2003,Hyundai,Sonata,2003,2400,1
LEMON_HYUNDAI_SONATA_2700CC_2003,Hyundai,Sonata,2003,2700,1
LEMON_HYUNDAI_SONATA_2400CC_2004,Hyundai,Sonata,2004,2400,1
LEMON_HYUNDAI_SONATA_2700CC_2004,Hyundai,Sonata,2004,2700,1
LEMON_HYUNDAI_SONATA_2400CC_2005,Hyundai,Sonata,2005,2400,1
LEMON_HYUNDAI_SONATA_2700CC_2005,Hyundai,Sonata,2005,2700,1
LEMON_HYUNDAI_SONATA_2400CC_2006,Hyundai,Sonata,2006,2400,1
LEMON_HYUNDAI_SONATA_3300CC_2006,Hyundai,Sonata,2006,3300,1
LEMON_HYUNDAI_SONATA_2400CC_2007,Hyundai,Sonata,2007,2400,1
LEMON_HYUNDAI_SONATA_3300CC_2007,Hyundai,Sonata,2007,3300,1
LEMON_HYUNDAI_SONATA_2400CC_2008,Hyundai,Sonata,2008,2400,1
LEMON_HYUNDAI_SONATA_3300CC_2008,Hyundai,Sonata,2008,3300,1
LEMON_HYUNDAI_SONATA_2400CC_2009,Hyundai,Sonata,2009,2400,1
LEMON_HYUNDAI_SONATA_3300CC_2009,Hyundai,Sonata,2009,3300,1
LEMON_HYUNDAI_SONATA_2400CC_2010,Hyundai,Sonata,2010,2400,1
LEMON_HYUNDAI_SONATA_3300CC_2010,Hyundai,Sonata,2010,3300,1
LEMON_HYUNDAI_SONATA_2011,Hyundai,Sonata,2011,,1
LEMON_HYUNDAI_SONATA_2012,Hyundai,Sonata,2012,,1
LEMON_HYUNDAI_SONATA_2400CC_VINC_2012,Hyundai,Sonata,2012,2400,1
LEMON_HYUNDAI_SONATA_2000CC_VINB_2012,Hyundai,Sonata,2012,2000,1
LEMON_HYUNDAI_SONATA_2400CC_2013,Hyundai,Sonata,2013,2400,1
LEMON_HYUNDAI_SONATA_2000CC_VINB_2013,Hyundai,Sonata,2013,2000,1
LEMON_HYUNDAI_SONATA_2400CC_VINC_2013,Hyundai,Sonata,2013,2400,1
LEMON_HYUNDAI_SONATA_2000CC_VINB_2014,Hyundai,Sonata,2014,2000,1
LEMON_HYUNDAI_SONATA_2400CC_VINC_2014,Hyundai,Sonata,2014,2400,1
LEMON_HYUNDAI_SONATA_2400CC_2014,Hyundai,Sonata,2014,2400,1
LEMON_HYUNDAI_SONATA_2400CC_2015,Hyundai,Sonata,2015,2400,1
LEMON_HYUNDAI_SONATA_1600CC_2015,Hyundai,Sonata,2015,1600,1
LEMON_HYUNDAI_SONATA_2000CC_2015,Hyundai,Sonata,2015,2000,1
LEMON_HYUNDAI_SONATA_1600CC_2016,Hyundai,Sonata,2016,1600,1
LEMON_HYUNDAI_SONATA_2400CC_2016,Hyundai,Sonata,2016,2400,1
LEMON_HYUNDAI_SONATA_2000CC_2016,Hyundai,Sonata,2016,2000,1
LEMON_HYUNDAI_SONATA_2400CC_2017,Hyundai,Sonata,2017,2400,1
LEMON_HYUNDAI_SONATA_1600CC_2017,Hyundai,Sonata,2017,1600,1
LEMON_HYUNDAI_SONATA_2000CC_VIN1_2017,Hyundai,Sonata,2017,2000,1
LEMON_HYUNDAI_SONATA_2000CC_VIN3_2017,Hyundai,Sonata,2017,2000,1
LEMON_HYUNDAI_SONATA_2000CC_2017,Hyundai,Sonata,2017,2000,1
LEMON_HYUNDAI_SONATA_1600CC_2018,Hyundai,Sonata,2018,1600,1
LEMON_HYUNDAI_SONATA_2000CC_2018,Hyundai,Sonata,2018,2000,1
LEMON_HYUNDAI_SONATA_2400CC_2018,Hyundai,Sonata,2018,2400,1
LEMON_HYUNDAI_SONATA_1600CC_2019,Hyundai,Sonata,2019,1600,1
LEMON_HYUNDAI_SONATA_2000CC_VIN1_2019,Hyundai,Sonata,2019,2000,1
LEMON_HYUNDAI_SONATA_2000CC_VIN3_2019,Hyundai,Sonata,2019,2000,1
LEMON_HYUNDAI_SONATA_2400CC_2019,Hyundai,Sonata,2019,2400,1
LEMON_HYUNDAI_SONATA_2000CC_2019,Hyundai,Sonata,2019,2000,1
LEMON_HYUNDAI_SONATA_2000CC_2020,Hyundai,Sonata,2020,2000,1
LEMON_HYUNDAI_SONATA_1600CC_2020,Hyundai,Sonata,2020,1600,1
LEMON_HYUNDAI_SONATA_2500CC_2020,Hyundai,Sonata,2020,2500,1
LEMON_HYUNDAI_SONATA_2000CC_2021,Hyundai,Sonata,2021,2000,1
LEMON_HYUNDAI_SONATA_2500CC_2021,Hyundai,Sonata,2021,2500,1
LEMON_HYUNDAI_SONATA_1600CC_2021,Hyundai,Sonata,2021,1600,1
LEMON_HYUNDAI_SONATA_2000CC_2022,Hyundai,Sonata,2022,2000,1
LEMON_HYUNDAI_SONATA_1600CC_2022,Hyundai,Sonata,2022,1600,1
LEMON_HYUNDAI_SONATA_2500CC_2022,Hyundai,Sonata,2022,2500,1
LEMON_HYUNDAI_SONATA_2000CC_2023,Hyundai,Sonata,2023,2000,1
LEMON_HYUNDAI_SONATA_1600CC_2023,Hyundai,Sonata,2023,1600,1
LEMON_HYUNDAI_SONATA_2500CC_2023,Hyundai,Sonata,2023,2500,1
LEMON_HYUNDAI_SONATA_2000CC_2024,Hyundai,Sonata,2024,2000,1
LEMON_HYUNDAI_SONATA_2500CC_2024,Hyundai,Sonata,2024,2500,1
LEMON_HYUNDAI_SONATA_2000CC_2025,Hyundai,Sonata,2025,2000,1
LEMON_HYUNDAI_SONATA_2500CC_2025,Hyundai,Sonata,2025,2500,1
LEMON_HYUNDAI_TIBURON_2000,Hyundai,Tiburon,2000,,1
LEMON_HYUNDAI_TIBURON_2001,Hyundai,Tiburon,2001,,1
LEMON_HYUNDAI_TIBURON_2000CC_2003,Hyundai,Tiburon,2003,2000,1
LEMON_HYUNDAI_TIBURON_2700CC_2003,Hyundai,Tiburon,2003,2700,1
LEMON_HYUNDAI_TIBURON_2000CC_2004,Hyundai,Tiburon,2004,2000,1
LEMON_HYUNDAI_TIBURON_2700CC_2004,Hyundai,Tiburon,2004,2700,1
LEMON_HYUNDAI_TIBURON_2700CC_2005,Hyundai,Tiburon,2005,2700,1
LEMON_HYUNDAI_TIBURON_2000CC_2005,Hyundai,Tiburon,2005,2000,1
LEMON_HYUNDAI_TIBURON_2700CC_2006,Hyundai,Tiburon,2006,2700,1
LEMON_HYUNDAI_TIBURON_2000CC_2006,Hyundai,Tiburon,2006,2000,1
LEMON_HYUNDAI_TIBURON_2000CC_2007,Hyundai,Tiburon,2007,2000,1
LEMON_HYUNDAI_TIBURON_2700CC_2007,Hyundai,Tiburon,2007,2700,1
LEMON_HYUNDAI_TIBURON_2000CC_2008,Hyundai,Tiburon,2008,2000,1
LEMON_HYUNDAI_TIBURON_2700CC_2008,Hyundai,Tiburon,2008,2700,1
LEMON_HYUNDAI_TUCSON_2000CC_2005,Hyundai,Tucson,2005,2000,1
LEMON_HYUNDAI_TUCSON_2700CC_2005,Hyundai,Tucson,2005,2700,1
LEMON_HYUNDAI_TUCSON_2000CC_2006,Hyundai,Tucson,2006,2000,1
LEMON_HYUNDAI_TUCSON_2700CC_2006,Hyundai,Tucson,2006,2700,1
LEMON_HYUNDAI_TUCSON_2000CC_2007,Hyundai,Tucson,2007,2000,1
LEMON_HYUNDAI_TUCSON_2700CC_2007,Hyundai,Tucson,2007,2700,1
LEMON_HYUNDAI_TUCSON_2000CC_2008,Hyundai,Tucson,2008,2000,1
LEMON_HYUNDAI_TUCSON_2700CC_2008,Hyundai,Tucson,2008,2700,1
LEMON_HYUNDAI_TUCSON_2000CC_2009,Hyundai,Tucson,2009,2000,1
LEMON_HYUNDAI_TUCSON_2700CC_2009,Hyundai,Tucson,2009,2700,1
LEMON_HYUNDAI_TUCSON_2010,Hyundai,Tucson,2010,,1
LEMON_HYUNDAI_TUCSON_2000CC_2011,Hyundai,Tucson,2011,2000,1
LEMON_HYUNDAI_TUCSON_2400CC_2011,Hyundai,Tucson,2011,2400,1
LEMON_HYUNDAI_TUCSON_2400CC_2012,Hyundai,Tucson,2012,2400,1
LEMON_HYUNDAI_TUCSON_2000CC_2012,Hyundai,Tucson,2012,2000,1
LEMON_HYUNDAI_TUCSON_2000CC_2013,Hyundai,Tucson,2013,2000,1
LEMON_HYUNDAI_TUCSON_2400CC_2013,Hyundai,Tucson,2013,2400,1
LEMON_HYUNDAI_TUCSON_2000CC_2014,Hyundai,Tucson,2014,2000,1
LEMON_HYUNDAI_TUCSON_2400CC_2014,Hyundai,Tucson,2014,2400,1
LEMON_HYUNDAI_TUCSON_2000CC_2015,Hyundai,Tucson,2015,2000,1
LEMON_HYUNDAI_TUCSON_2400CC_2015,Hyundai,Tucson,2015,2400,1
LEMON_HYUNDAI_TUCSON_1600CC_2016,Hyundai,Tucson,2016,1600,1
LEMON_HYUNDAI_TUCSON_2000CC_2016,Hyundai,Tucson,2016,2000,1
LEMON_HYUNDAI_TUCSON_1600CC_2017,Hyundai,Tucson,2017,1600,1
LEMON_HYUNDAI_TUCSON_2000CC_2017,Hyundai,Tucson,2017,2000,1
LEMON_HYUNDAI_TUCSON_1600CC_2018,Hyundai,Tucson,2018,1600,1
LEMON_HYUNDAI_TUCSON_2000CC_2018,Hyundai,Tucson,2018,2000,1
LEMON_HYUNDAI_TUCSON_2400CC_2018,Hyundai,Tucson,2018,2400,1
LEMON_HYUNDAI_TUCSON_2000CC_2019,Hyundai,Tucson,2019,2000,1
LEMON_HYUNDAI_TUCSON_2400CC_2019,Hyundai,Tucson,2019,2400,1
LEMON_HYUNDAI_TUCSON_2400CC_2020,Hyundai,Tucson,2020,2400,1
LEMON_HYUNDAI_TUCSON_2000CC_2020,Hyundai,Tucson,2020,2000,1
LEMON_HYUNDAI_TUCSON_2400CC_2021,Hyundai,Tucson,2021,2400,1
LEMON_HYUNDAI_TUCSON_2000CC_2021,Hyundai,Tucson,2021,2000,1
LEMON_HYUNDAI_TUCSON_1600CC_2022,Hyundai,Tucson,2022,1600,1
LEMON_HYUNDAI_TUCSON_2500CC_2022,Hyundai,Tucson,2022,2500,1
LEMON_HYUNDAI_TUCSON_1600CC_2023,Hyundai,Tucson,2023,1600,1
LEMON_HYUNDAI_TUCSON_1600CC_2024,Hyundai,Tucson,2024,1600,1
LEMON_HYUNDAI_TUCSON_1600CC_2025,Hyundai,Tucson,2025,1600,1
LEMON_HYUNDAI_VELOSTER_2012,Hyundai,Veloster,2012,,1
LEMON_HYUNDAI_VELOSTER_2013,Hyundai,Veloster,2013,,1
LEMON_HYUNDAI_VELOSTER_2014,Hyundai,Veloster,2014,,1
LEMON_HYUNDAI_VELOSTER_2015_VELOSTERREFL,Hyundai,Veloster,2015,,1
LEMON_HYUNDAI_VELOSTER_2015_VELOSTERBASE,Hyundai,Veloster,2015,,1
LEMON_HYUNDAI_VELOSTER_2015_VELOSTERTURB,Hyundai,Veloster,2015,,1
LEMON_HYUNDAI_VELOSTER_2016,Hyundai,Veloster,2016,,1
LEMON_HYUNDAI_VELOSTER_2017,Hyundai,Veloster,2017,,1
LEMON_HYUNDAI_VELOSTER_2000CC_2019,Hyundai,Veloster,2019,2000,1
LEMON_HYUNDAI_VELOSTER_1600CC_2019,Hyundai,Veloster,2019,1600,1
LEMON_HYUNDAI_VELOSTER_2019,Hyundai,Veloster,2019,,1
LEMON_HYUNDAI_VELOSTER_2000CC_2020,Hyundai,Veloster,2020,2000,1
LEMON_HYUNDAI_VELOSTER_1600CC_2020,Hyundai,Veloster,2020,1600,1
LEMON_HYUNDAI_VELOSTER_2020,Hyundai,Veloster,2020,,1
LEMON_HYUNDAI_VELOSTER_2000CC_2021,Hyundai,Veloster,2021,2000,1
LEMON_HYUNDAI_VELOSTER_1600CC_2021,Hyundai,Veloster,2021,1600,1
LEMON_HYUNDAI_VELOSTER_2021,Hyundai,Veloster,2021,,1
LEMON_HYUNDAI_VELOSTER_2022,Hyundai,Veloster,2022,,1
LEMON_HYUNDAI_VENUE_2020,Hyundai,Venue,2020,,1
LEMON_HYUNDAI_VENUE_2021,Hyundai,Venue,2021,,1
LEMON_HYUNDAI_VENUE_2022,Hyundai,Venue,2022,,1
LEMON_HYUNDAI_VENUE_2023,Hyundai,Venue,2023,,1
LEMON_HYUNDAI_VENUE_2024,Hyundai,Venue,2024,,1
LEMON_HYUNDAI_VENUE_2025,Hyundai,Venue,2025,,1
LEMON_HYUNDAI_VERACRUZ_2007,Hyundai,Veracruz,2007,,1
LEMON_HYUNDAI_VERACRUZ_2008,Hyundai,Veracruz,2008,,1
LEMON_HYUNDAI_VERACRUZ_2009,Hyundai,Veracruz,2009,,1
LEMON_HYUNDAI_VERACRUZ_2010,Hyundai,Veracruz,2010,,1
LEMON_HYUNDAI_VERACRUZ_2011,Hyundai,Veracruz,2011,,1
LEMON_HYUNDAI_VERACRUZ_2012,Hyundai,Veracruz,2012,,1
LEMON_HYUNDAI_XG300_2001,Hyundai,XG300,2001,,1
LEMON_HYUNDAI_XG350_2002,Hyundai,XG350,2002,,1
LEMON_HYUNDAI_XG350_2003,Hyundai,XG350,2003,,1
LEMON_HYUNDAI_XG350_2004,Hyundai,XG350,2004,,1
LEMON_HYUNDAI_XG350_2005,Hyundai,XG350,2005,,1
LEMON_INFINITI_EX35_2008,Infiniti,EX35,2008,,1
LEMON_INFINITI_EX35_2009,Infiniti,EX35,2009,,1
LEMON_INFINITI_EX35_2010,Infiniti,EX35,2010,,1
LEMON_INFINITI_EX35_2011,Infiniti,EX35,2011,,1
LEMON_INFINITI_EX35_2012,Infiniti,EX35,2012,,1
LEMON_INFINITI_EX37_2013,Infiniti,EX37,2013,,1
LEMON_INFINITI_FX35_2003,Infiniti,FX35,2003,,1
LEMON_INFINITI_FX35_2004,Infiniti,FX35,2004,,1
LEMON_INFINITI_FX35_2005,Infiniti,FX35,2005,,1
LEMON_INFINITI_FX35_2006,Infiniti,FX35,2006,,1
LEMON_INFINITI_FX35_2007,Infiniti,FX35,2007,,1
LEMON_INFINITI_FX35_2008,Infiniti,FX35,2008,,1
LEMON_INFINITI_FX35_2009,Infiniti,FX35,2009,,1
LEMON_INFINITI_FX35_2010,Infiniti,FX35,2010,,1
LEMON_INFINITI_FX35_2011,Infiniti,FX35,2011,,1
LEMON_INFINITI_FX35_2012,Infiniti,FX35,2012,,1
LEMON_INFINITI_FX37_2013,Infiniti,FX37,2013,,1
LEMON_INFINITI_FX45_2003,Infiniti,FX45,2003,,1
LEMON_INFINITI_FX45_2004,Infiniti,FX45,2004,,1
LEMON_INFINITI_FX45_2005,Infiniti,FX45,2005,,1
LEMON_INFINITI_FX45_2006,Infiniti,FX45,2006,,1
LEMON_INFINITI_FX45_2007,Infiniti,FX45,2007,,1
LEMON_INFINITI_FX45_2008,Infiniti,FX45,2008,,1
LEMON_INFINITI_FX50_2009,Infiniti,FX50,2009,,1
LEMON_INFINITI_FX50_2010,Infiniti,FX50,2010,,1
LEMON_INFINITI_FX50_2011,Infiniti,FX50,2011,,1
LEMON_INFINITI_FX50_2012,Infiniti,FX50,2012,,1
LEMON_INFINITI_FX50_2013,Infiniti,FX50,2013,,1
LEMON_INFINITI_G20_2000,Infiniti,G20,2000,,1
LEMON_INFINITI_G20_2001,Infiniti,G20,2001,,1
LEMON_INFINITI_G20_2002,Infiniti,G20,2002,,1
LEMON_INFINITI_G25_2011,Infiniti,G25,2011,,1
LEMON_INFINITI_G25_2012,Infiniti,G25,2012,,1
LEMON_INFINITI_G35_2003,Infiniti,G35,2003,,1
LEMON_INFINITI_G35_2004,Infiniti,G35,2004,,1
LEMON_INFINITI_G35_2005,Infiniti,G35,2005,,1
LEMON_INFINITI_G35_2006,Infiniti,G35,2006,,1
LEMON_INFINITI_G35_2007,Infiniti,G35,2007,,1
LEMON_INFINITI_G35_2008,Infiniti,G35,2008,,1
LEMON_INFINITI_G37_2008,Infiniti,G37,2008,,1
LEMON_INFINITI_G37_2009,Infiniti,G37,2009,,1
LEMON_INFINITI_G37_2010,Infiniti,G37,2010,,1
LEMON_INFINITI_G37_2011,Infiniti,G37,2011,,1
LEMON_INFINITI_G37_2012,Infiniti,G37,2012,,1
LEMON_INFINITI_G37_2013,Infiniti,G37,2013,,1
LEMON_INFINITI_I30_2000,Infiniti,I30,2000,,1
LEMON_INFINITI_I30_2001,Infiniti,I30,2001,,1
LEMON_INFINITI_I35_2002,Infiniti,I35,2002,,1
LEMON_INFINITI_I35_2003,Infiniti,I35,2003,,1
LEMON_INFINITI_I35_2004,Infiniti,I35,2004,,1
LEMON_INFINITI_JX35_2013,Infiniti,JX35,2013,,1
LEMON_INFINITI_M35_2006,Infiniti,M35,2006,,1
LEMON_INFINITI_M35_2007,Infiniti,M35,2007,,1
LEMON_INFINITI_M35_2008,Infiniti,M35,2008,,1
LEMON_INFINITI_M35_2009,Infiniti,M35,2009,,1
LEMON_INFINITI_M35_2010,Infiniti,M35,2010,,1
LEMON_INFINITI_M35H_2012,Infiniti,M35h,2012,,1
LEMON_INFINITI_M35H_2013,Infiniti,M35h,2013,,1
LEMON_INFINITI_M37_2011,Infiniti,M37,2011,,1
LEMON_INFINITI_M37_2012,Infiniti,M37,2012,,1
LEMON_INFINITI_M37_2013,Infiniti,M37,2013,,1
LEMON_INFINITI_M45_2003,Infiniti,M45,2003,,1
LEMON_INFINITI_M45_2004,Infiniti,M45,2004,,1
LEMON_INFINITI_M45_2006,Infiniti,M45,2006,,1
LEMON_INFINITI_M45_2007,Infiniti,M45,2007,,1
LEMON_INFINITI_M45_2008,Infiniti,M45,2008,,1
LEMON_INFINITI_M45_2009,Infiniti,M45,2009,,1
LEMON_INFINITI_M45_2010,Infiniti,M45,2010,,1
LEMON_INFINITI_M56_2011,Infiniti,M56,2011,,1
LEMON_INFINITI_M56_2013,Infiniti,M56,2013,,1
LEMON_INFINITI_Q40_2015_Q40AWD,Infiniti,Q40,2015,,1
LEMON_INFINITI_Q40_2015_Q40RWD,Infiniti,Q40,2015,,1
LEMON_INFINITI_Q45_2000,Infiniti,Q45,2000,,1
LEMON_INFINITI_Q45_2001,Infiniti,Q45,2001,,1
LEMON_INFINITI_Q45_2002,Infiniti,Q45,2002,,1
LEMON_INFINITI_Q45_2003,Infiniti,Q45,2003,,1
LEMON_INFINITI_Q45_2004,Infiniti,Q45,2004,,1
LEMON_INFINITI_Q45_2005,Infiniti,Q45,2005,,1
LEMON_INFINITI_Q45_2006,Infiniti,Q45,2006,,1
LEMON_INFINITI_Q50_2014,Infiniti,Q50,2014,,1
LEMON_INFINITI_Q50_2015_Q50HYBRIDPRE,Infiniti,Q50,2015,,1
LEMON_INFINITI_Q50_2015_Q50HYBRIDSPO,Infiniti,Q50,2015,,1
LEMON_INFINITI_Q50_2015_Q50BASEAWD,Infiniti,Q50,2015,,1
LEMON_INFINITI_Q50_2015_Q50BASERWD,Infiniti,Q50,2015,,1
LEMON_INFINITI_Q50_2015_Q50SPORTRWD,Infiniti,Q50,2015,,1
LEMON_INFINITI_Q50_2015_Q50SPORTAWD,Infiniti,Q50,2015,,1
LEMON_INFINITI_Q50_2015_Q50PREMIUMAW,Infiniti,Q50,2015,,1
LEMON_INFINITI_Q50_2015_Q50PREMIUMRW,Infiniti,Q50,2015,,1
LEMON_INFINITI_Q50_2000CC_2016,Infiniti,Q50,2016,2000,1
LEMON_INFINITI_Q50_3000CC_VINE_2016,Infiniti,Q50,2016,3000,1
LEMON_INFINITI_Q50_2000CC_VINC_2016,Infiniti,Q50,2016,2000,1
LEMON_INFINITI_Q50_3500CC_2016,Infiniti,Q50,2016,3500,1
LEMON_INFINITI_Q50_3000CC_2016,Infiniti,Q50,2016,3000,1
LEMON_INFINITI_Q50_3500CC_2017,Infiniti,Q50,2017,3500,1
LEMON_INFINITI_Q50_2000CC_VINC_2017,Infiniti,Q50,2017,2000,1
LEMON_INFINITI_Q50_3000CC_VINE_2017,Infiniti,Q50,2017,3000,1
LEMON_INFINITI_Q50_2000CC_2017,Infiniti,Q50,2017,2000,1
LEMON_INFINITI_Q50_3000CC_2017,Infiniti,Q50,2017,3000,1
LEMON_INFINITI_Q50_2000CC_2018,Infiniti,Q50,2018,2000,1
LEMON_INFINITI_Q50_3000CC_VINE_2018,Infiniti,Q50,2018,3000,1
LEMON_INFINITI_Q50_3500CC_2018,Infiniti,Q50,2018,3500,1
LEMON_INFINITI_Q50_2000CC_VINC_2018,Infiniti,Q50,2018,2000,1
LEMON_INFINITI_Q50_3000CC_2018,Infiniti,Q50,2018,3000,1
LEMON_INFINITI_Q50_3000CC_2019,Infiniti,Q50,2019,3000,1
LEMON_INFINITI_Q50_2000CC_2019,Infiniti,Q50,2019,2000,1
LEMON_INFINITI_Q50_2020,Infiniti,Q50,2020,,1
LEMON_INFINITI_Q50_2021,Infiniti,Q50,2021,,1
LEMON_INFINITI_Q50_2022,Infiniti,Q50,2022,,1
LEMON_INFINITI_Q50_2023,Infiniti,Q50,2023,,1
LEMON_INFINITI_Q50_2024,Infiniti,Q50,2024,,1
LEMON_INFINITI_Q60_2014,Infiniti,Q60,2014,,1
LEMON_INFINITI_Q60_2000CC_2017,Infiniti,Q60,2017,2000,1
LEMON_INFINITI_Q60_2000CC_VINC_2017,Infiniti,Q60,2017,2000,1
LEMON_INFINITI_Q60_3000CC_VINE_2017,Infiniti,Q60,2017,3000,1
LEMON_INFINITI_Q60_3000CC_2017,Infiniti,Q60,2017,3000,1
LEMON_INFINITI_Q60_2000CC_VINC_2018,Infiniti,Q60,2018,2000,1
LEMON_INFINITI_Q60_3000CC_VINE_2018,Infiniti,Q60,2018,3000,1
LEMON_INFINITI_Q60_2000CC_2018,Infiniti,Q60,2018,2000,1
LEMON_INFINITI_Q60_3000CC_2018,Infiniti,Q60,2018,3000,1
LEMON_INFINITI_Q60_2019,Infiniti,Q60,2019,,1
LEMON_INFINITI_Q60_2020,Infiniti,Q60,2020,,1
LEMON_INFINITI_Q60_2021,Infiniti,Q60,2021,,1
LEMON_INFINITI_Q60_2022,Infiniti,Q60,2022,,1
LEMON_INFINITI_Q70_5600CC_2014,Infiniti,Q70,2014,5600,1
LEMON_INFINITI_Q70_3700CC_2014,Infiniti,Q70,2014,3700,1
LEMON_INFINITI_Q70_3500CC_2014,Infiniti,Q70,2014,3500,1
LEMON_INFINITI_Q70_3700CC_2015,Infiniti,Q70,2015,3700,1
LEMON_INFINITI_Q70_5600CC_2015,Infiniti,Q70,2015,5600,1
LEMON_INFINITI_Q70_3500CC_2015,Infiniti,Q70,2015,3500,1
LEMON_INFINITI_Q70_3700CC_2016,Infiniti,Q70,2016,3700,1
LEMON_INFINITI_Q70_5600CC_2016,Infiniti,Q70,2016,5600,1
LEMON_INFINITI_Q70_3500CC_2016,Infiniti,Q70,2016,3500,1
LEMON_INFINITI_Q70_3700CC_2017,Infiniti,Q70,2017,3700,1
LEMON_INFINITI_Q70_5600CC_2017,Infiniti,Q70,2017,5600,1
LEMON_INFINITI_Q70_3500CC_2017,Infiniti,Q70,2017,3500,1
LEMON_INFINITI_Q70_3700CC_2018,Infiniti,Q70,2018,3700,1
LEMON_INFINITI_Q70_5600CC_2018,Infiniti,Q70,2018,5600,1
LEMON_INFINITI_Q70_3500CC_2018,Infiniti,Q70,2018,3500,1
LEMON_INFINITI_Q70_3700CC_2019,Infiniti,Q70,2019,3700,1
LEMON_INFINITI_Q70_5600CC_2019,Infiniti,Q70,2019,5600,1
LEMON_INFINITI_Q70L_3700CC_2015,Infiniti,Q70L,2015,3700,1
LEMON_INFINITI_Q70L_5600CC_2015,Infiniti,Q70L,2015,5600,1
LEMON_INFINITI_Q70L_5600CC_2016,Infiniti,Q70L,2016,5600,1
LEMON_INFINITI_Q70L_3700CC_2016,Infiniti,Q70L,2016,3700,1
LEMON_INFINITI_Q70L_3700CC_2017,Infiniti,Q70L,2017,3700,1
LEMON_INFINITI_Q70L_5600CC_2017,Infiniti,Q70L,2017,5600,1
LEMON_INFINITI_Q70L_3700CC_2018,Infiniti,Q70L,2018,3700,1
LEMON_INFINITI_Q70L_5600CC_2018,Infiniti,Q70L,2018,5600,1
LEMON_INFINITI_Q70L_3700CC_2019,Infiniti,Q70L,2019,3700,1
LEMON_INFINITI_Q70L_5600CC_2019,Infiniti,Q70L,2019,5600,1
LEMON_INFINITI_QX30_2017,Infiniti,QX30,2017,,1
LEMON_INFINITI_QX30_2018,Infiniti,QX30,2018,,1
LEMON_INFINITI_QX30_2019,Infiniti,QX30,2019,,1
LEMON_INFINITI_QX4_2000,Infiniti,QX4,2000,,1
LEMON_INFINITI_QX4_2001,Infiniti,QX4,2001,,1
LEMON_INFINITI_QX4_2002,Infiniti,QX4,2002,,1
LEMON_INFINITI_QX4_2003,Infiniti,QX4,2003,,1
LEMON_INFINITI_QX50_2014,Infiniti,QX50,2014,,1
LEMON_INFINITI_QX50_2015_QX50BASEAWD,Infiniti,QX50,2015,,1
LEMON_INFINITI_QX50_2015_QX50JOURNEYA,Infiniti,QX50,2015,,1
LEMON_INFINITI_QX50_2015_QX50BASERWD,Infiniti,QX50,2015,,1
LEMON_INFINITI_QX50_2015_QX50JOURNEYR,Infiniti,QX50,2015,,1
LEMON_INFINITI_QX50_2016,Infiniti,QX50,2016,,1
LEMON_INFINITI_QX50_2017,Infiniti,QX50,2017,,1
LEMON_INFINITI_QX50_2019,Infiniti,QX50,2019,,1
LEMON_INFINITI_QX50_2020,Infiniti,QX50,2020,,1
LEMON_INFINITI_QX50_2021,Infiniti,QX50,2021,,1
LEMON_INFINITI_QX50_2022,Infiniti,QX50,2022,,1
LEMON_INFINITI_QX50_2023,Infiniti,QX50,2023,,1
LEMON_INFINITI_QX50_2024,Infiniti,QX50,2024,,1
LEMON_INFINITI_QX50_2025,Infiniti,QX50,2025,,1
LEMON_INFINITI_QX55_2022,Infiniti,QX55,2022,,1
LEMON_INFINITI_QX55_2023,Infiniti,QX55,2023,,1
LEMON_INFINITI_QX55_2024,Infiniti,QX55,2024,,1
LEMON_INFINITI_QX55_2025,Infiniti,QX55,2025,,1
LEMON_INFINITI_QX56_2004,Infiniti,QX56,2004,,1
LEMON_INFINITI_QX56_2005,Infiniti,QX56,2005,,1
LEMON_INFINITI_QX56_2006,Infiniti,QX56,2006,,1
LEMON_INFINITI_QX56_2007,Infiniti,QX56,2007,,1
LEMON_INFINITI_QX56_2008,Infiniti,QX56,2008,,1
LEMON_INFINITI_QX56_2009,Infiniti,QX56,2009,,1
LEMON_INFINITI_QX56_2010,Infiniti,QX56,2010,,1
LEMON_INFINITI_QX56_2011,Infiniti,QX56,2011,,1
LEMON_INFINITI_QX56_2012,Infiniti,QX56,2012,,1
LEMON_INFINITI_QX56_2013,Infiniti,QX56,2013,,1
LEMON_INFINITI_QX60_2500CC_2014,Infiniti,QX60,2014,2500,1
LEMON_INFINITI_QX60_3500CC_2014,Infiniti,QX60,2014,3500,1
LEMON_INFINITI_QX60_3500CC_2015,Infiniti,QX60,2015,3500,1
LEMON_INFINITI_QX60_2500CC_2015,Infiniti,QX60,2015,2500,1
LEMON_INFINITI_QX60_3500CC_2016,Infiniti,QX60,2016,3500,1
LEMON_INFINITI_QX60_2500CC_2016,Infiniti,QX60,2016,2500,1
LEMON_INFINITI_QX60_3500CC_2017,Infiniti,QX60,2017,3500,1
LEMON_INFINITI_QX60_2500CC_2017,Infiniti,QX60,2017,2500,1
LEMON_INFINITI_QX60_2018,Infiniti,QX60,2018,,1
LEMON_INFINITI_QX60_2019,Infiniti,QX60,2019,,1
LEMON_INFINITI_QX60_2020,Infiniti,QX60,2020,,1
LEMON_INFINITI_QX60_2022,Infiniti,QX60,2022,,1
LEMON_INFINITI_QX60_2023,Infiniti,QX60,2023,,1
LEMON_INFINITI_QX60_2024,Infiniti,QX60,2024,,1
LEMON_INFINITI_QX60_2025,Infiniti,QX60,2025,,1
LEMON_INFINITI_QX70_3700CC_VINC_2014,Infiniti,QX70,2014,3700,1
LEMON_INFINITI_QX70_5000CC_VINB_2014,Infiniti,QX70,2014,5000,1
LEMON_INFINITI_QX70_2015_QX70RWD,Infiniti,QX70,2015,,1
LEMON_INFINITI_QX70_2015_QX70AWD,Infiniti,QX70,2015,,1
LEMON_INFINITI_QX70_2016,Infiniti,QX70,2016,,1
LEMON_INFINITI_QX70_2017,Infiniti,QX70,2017,,1
LEMON_INFINITI_QX80_2014,Infiniti,QX80,2014,,1
LEMON_INFINITI_QX80_2015_QX80BASERWD,Infiniti,QX80,2015,,1
LEMON_INFINITI_QX80_2015_QX80BASEAWD,Infiniti,QX80,2015,,1
LEMON_INFINITI_QX80_2015_QX80LIMITEDF,Infiniti,QX80,2015,,1
LEMON_INFINITI_QX80_2015_QX80LIMITEDA,Infiniti,QX80,2015,,1
LEMON_INFINITI_QX80_2016,Infiniti,QX80,2016,,1
LEMON_INFINITI_QX80_2017,Infiniti,QX80,2017,,1
LEMON_INFINITI_QX80_2018,Infiniti,QX80,2018,,1
LEMON_INFINITI_QX80_2019,Infiniti,QX80,2019,,1
LEMON_INFINITI_QX80_2020,Infiniti,QX80,2020,,1
LEMON_INFINITI_QX80_2021,Infiniti,QX80,2021,,1
LEMON_INFINITI_QX80_2022,Infiniti,QX80,2022,,1
LEMON_INFINITI_QX80_2023,Infiniti,QX80,2023,,1
LEMON_INFINITI_QX80_2024,Infiniti,QX80,2024,,1
LEMON_INFINITI_QX80_2025,Infiniti,QX80,2025,,1
LEMON_ISUZU_AMIGO_3200CC_2000,Isuzu,Amigo,2000,3200,1
LEMON_ISUZU_AMIGO_2200CC_2000,Isuzu,Amigo,2000,2200,1
LEMON_ISUZU_ASCENDER_2003,Isuzu,Ascender,2003,,1
LEMON_ISUZU_ASCENDER_5300CC_2004,Isuzu,Ascender,2004,5300,1
LEMON_ISUZU_ASCENDER_4200CC_2004,Isuzu,Ascender,2004,4200,1
LEMON_ISUZU_ASCENDER_4200CC_2005,Isuzu,Ascender,2005,4200,1
LEMON_ISUZU_ASCENDER_5300CC_2005,Isuzu,Ascender,2005,5300,1
LEMON_ISUZU_ASCENDER_5300CC_2006,Isuzu,Ascender,2006,5300,1
LEMON_ISUZU_ASCENDER_4200CC_2006,Isuzu,Ascender,2006,4200,1
LEMON_ISUZU_ASCENDER_2007,Isuzu,Ascender,2007,,1
LEMON_ISUZU_ASCENDER_2008,Isuzu,Ascender,2008,,1
LEMON_ISUZU_AXIOM_2002,Isuzu,Axiom,2002,,1
LEMON_ISUZU_AXIOM_2003,Isuzu,Axiom,2003,,1
LEMON_ISUZU_AXIOM_2004,Isuzu,Axiom,2004,,1
LEMON_ISUZU_HOMBRE_2000,Isuzu,Hombre,2000,,1
LEMON_ISUZU_RODEO_2200CC_2000,Isuzu,Rodeo,2000,2200,1
LEMON_ISUZU_RODEO_3200CC_2000,Isuzu,Rodeo,2000,3200,1
LEMON_ISUZU_RODEO_3200CC_2001,Isuzu,Rodeo,2001,3200,1
LEMON_ISUZU_RODEO_2200CC_2001,Isuzu,Rodeo,2001,2200,1
LEMON_ISUZU_RODEO_3200CC_2002,Isuzu,Rodeo,2002,3200,1
LEMON_ISUZU_RODEO_2200CC_2002,Isuzu,Rodeo,2002,2200,1
LEMON_ISUZU_RODEO_2200CC_2003,Isuzu,Rodeo,2003,2200,1
LEMON_ISUZU_RODEO_3200CC_2003,Isuzu,Rodeo,2003,3200,1
LEMON_ISUZU_RODEO_2004,Isuzu,Rodeo,2004,,1
LEMON_ISUZU_TROOPER_2000,Isuzu,Trooper,2000,,1
LEMON_ISUZU_TROOPER_2001,Isuzu,Trooper,2001,,1
LEMON_ISUZU_TROOPER_2002,Isuzu,Trooper,2002,,1
LEMON_ISUZU_VEHICROSS_2000,Isuzu,VehiCROSS,2000,,1
LEMON_ISUZU_VEHICROSS_2001,Isuzu,VehiCROSS,2001,,1
LEMON_ISUZU_I_280_2006,Isuzu,i-280,2006,,1
LEMON_ISUZU_I_290_2007,Isuzu,i-290,2007,,1
LEMON_ISUZU_I_290_2008,Isuzu,i-290,2008,,1
LEMON_ISUZU_I_350_2006,Isuzu,i-350,2006,,1
LEMON_ISUZU_I_370_2007,Isuzu,i-370,2007,,1
LEMON_ISUZU_I_370_2008,Isuzu,i-370,2008,,1
LEMON_JAGUAR_E_PACE_2018,Jaguar,E-Pace,2018,,1
LEMON_JAGUAR_E_PACE_2019,Jaguar,E-Pace,2019,,1
LEMON_JAGUAR_E_PACE_2020,Jaguar,E-Pace,2020,,1
LEMON_JAGUAR_E_PACE_2021,Jaguar,E-Pace,2021,,1
LEMON_JAGUAR_E_PACE_2022,Jaguar,E-Pace,2022,,1
LEMON_JAGUAR_E_PACE_2023,Jaguar,E-Pace,2023,,1
LEMON_JAGUAR_E_PACE_2024,Jaguar,E-Pace,2024,,1
LEMON_JAGUAR_F-PACE_3000CC_2017,Jaguar,F-Pace,2017,3000,1
LEMON_JAGUAR_F-PACE_3000CC_VINV_2017,Jaguar,F-Pace,2017,3000,1
LEMON_JAGUAR_F-PACE_2000CC_VINN_2017,Jaguar,F-Pace,2017,2000,1
LEMON_JAGUAR_F-PACE_2000CC_2018,Jaguar,F-Pace,2018,2000,1
LEMON_JAGUAR_F-PACE_2000CC_VINX_2018,Jaguar,F-Pace,2018,2000,1
LEMON_JAGUAR_F-PACE_2000CC_VINN_2018,Jaguar,F-Pace,2018,2000,1
LEMON_JAGUAR_F-PACE_3000CC_VINV_2018,Jaguar,F-Pace,2018,3000,1
LEMON_JAGUAR_F-PACE_3000CC_2018,Jaguar,F-Pace,2018,3000,1
LEMON_JAGUAR_F-PACE_2000CC_2019,Jaguar,F-Pace,2019,2000,1
LEMON_JAGUAR_F-PACE_2000CC_VINN_2019,Jaguar,F-Pace,2019,2000,1
LEMON_JAGUAR_F-PACE_2000CC_VINX_2019,Jaguar,F-Pace,2019,2000,1
LEMON_JAGUAR_F-PACE_3000CC_2019,Jaguar,F-Pace,2019,3000,1
LEMON_JAGUAR_F-PACE_5000CC_2019,Jaguar,F-Pace,2019,5000,1
LEMON_JAGUAR_F-PACE_2000CC_2020,Jaguar,F-Pace,2020,2000,1
LEMON_JAGUAR_F-PACE_5000CC_2020,Jaguar,F-Pace,2020,5000,1
LEMON_JAGUAR_F-PACE_3000CC_2020,Jaguar,F-Pace,2020,3000,1
LEMON_JAGUAR_F-PACE_3000CC_2021,Jaguar,F-Pace,2021,3000,1
LEMON_JAGUAR_F-PACE_2000CC_VINX_2021,Jaguar,F-Pace,2021,2000,1
LEMON_JAGUAR_F-PACE_3000CC_VINU_2021,Jaguar,F-Pace,2021,3000,1
LEMON_JAGUAR_F-PACE_5000CC_2021,Jaguar,F-Pace,2021,5000,1
LEMON_JAGUAR_F-PACE_2000CC_2021,Jaguar,F-Pace,2021,2000,1
LEMON_JAGUAR_F-PACE_2000CC_2022,Jaguar,F-Pace,2022,2000,1
LEMON_JAGUAR_F-PACE_3000CC_2022,Jaguar,F-Pace,2022,3000,1
LEMON_JAGUAR_F-PACE_2000CC_VINX_2022,Jaguar,F-Pace,2022,2000,1
LEMON_JAGUAR_F-PACE_5000CC_2022,Jaguar,F-Pace,2022,5000,1
LEMON_JAGUAR_F-PACE_3000CC_VINU_2022,Jaguar,F-Pace,2022,3000,1
LEMON_JAGUAR_F-PACE_3000CC_2023,Jaguar,F-Pace,2023,3000,1
LEMON_JAGUAR_F-PACE_2000CC_2023,Jaguar,F-Pace,2023,2000,1
LEMON_JAGUAR_F-PACE_5000CC_2023,Jaguar,F-Pace,2023,5000,1
LEMON_JAGUAR_F-PACE_5000CC_2024,Jaguar,F-Pace,2024,5000,1
LEMON_JAGUAR_F-PACE_3000CC_VINU_2024,Jaguar,F-Pace,2024,3000,1
LEMON_JAGUAR_F-PACE_2000CC_VINX_2024,Jaguar,F-Pace,2024,2000,1
LEMON_JAGUAR_F-PACE_2000CC_VINX_2025,Jaguar,F-Pace,2025,2000,1
LEMON_JAGUAR_F-PACE_3000CC_VINU_2025,Jaguar,F-Pace,2025,3000,1
LEMON_JAGUAR_F-PACE_5000CC_2025,Jaguar,F-Pace,2025,5000,1
LEMON_JAGUAR_F-TYPE_5000CC_2014,Jaguar,F-Type,2014,5000,1
LEMON_JAGUAR_F-TYPE_3000CC_2014,Jaguar,F-Type,2014,3000,1
LEMON_JAGUAR_F-TYPE_3000CC_VINT_2015,Jaguar,F-Type,2015,3000,1
LEMON_JAGUAR_F-TYPE_3000CC_VIN7_2015,Jaguar,F-Type,2015,3000,1
LEMON_JAGUAR_F-TYPE_3000CC_VINC_2015,Jaguar,F-Type,2015,3000,1
LEMON_JAGUAR_F-TYPE_3000CC_VINU_2015,Jaguar,F-Type,2015,3000,1
LEMON_JAGUAR_F-TYPE_5000CC_2015,Jaguar,F-Type,2015,5000,1
LEMON_JAGUAR_F-TYPE_5000CC_2016,Jaguar,F-Type,2016,5000,1
LEMON_JAGUAR_F-TYPE_5000CC_2017,Jaguar,F-Type,2017,5000,1
LEMON_JAGUAR_F-TYPE_3000CC_2018,Jaguar,F-Type,2018,3000,1
LEMON_JAGUAR_F-TYPE_3000CC_VINV_2018,Jaguar,F-Type,2018,3000,1
LEMON_JAGUAR_F-TYPE_2000CC_VINX_2018,Jaguar,F-Type,2018,2000,1
LEMON_JAGUAR_F-TYPE_5000CC_2018,Jaguar,F-Type,2018,5000,1
LEMON_JAGUAR_F-TYPE_3000CC_VINV_2019,Jaguar,F-Type,2019,3000,1
LEMON_JAGUAR_F-TYPE_2000CC_VINX_2019,Jaguar,F-Type,2019,2000,1
LEMON_JAGUAR_F-TYPE_5000CC_2019,Jaguar,F-Type,2019,5000,1
LEMON_JAGUAR_F-TYPE_3000CC_2019,Jaguar,F-Type,2019,3000,1
LEMON_JAGUAR_F-TYPE_2000CC_VINX_2020,Jaguar,F-Type,2020,2000,1
LEMON_JAGUAR_F-TYPE_3000CC_VINV_2020,Jaguar,F-Type,2020,3000,1
LEMON_JAGUAR_F-TYPE_5000CC_2020,Jaguar,F-Type,2020,5000,1
LEMON_JAGUAR_F-TYPE_3000CC_2020,Jaguar,F-Type,2020,3000,1
LEMON_JAGUAR_F-TYPE_2000CC_2021,Jaguar,F-Type,2021,2000,1
LEMON_JAGUAR_F-TYPE_5000CC_2021,Jaguar,F-Type,2021,5000,1
LEMON_JAGUAR_F-TYPE_3000CC_2021,Jaguar,F-Type,2021,3000,1
LEMON_JAGUAR_F_TYPE_2022,Jaguar,F-Type,2022,,1
LEMON_JAGUAR_F_TYPE_2023,Jaguar,F-Type,2023,,1
LEMON_JAGUAR_F_TYPE_2024,Jaguar,F-Type,2024,,1
LEMON_JAGUAR_I_PACE_2019,Jaguar,I-Pace,2019,,1
LEMON_JAGUAR_I_PACE_2020,Jaguar,I-Pace,2020,,1
LEMON_JAGUAR_I_PACE_2021,Jaguar,I-Pace,2021,,1
LEMON_JAGUAR_I_PACE_2022,Jaguar,I-Pace,2022,,1
LEMON_JAGUAR_I_PACE_2023,Jaguar,I-Pace,2023,,1
LEMON_JAGUAR_I_PACE_2024,Jaguar,I-Pace,2024,,1
LEMON_JAGUAR_S_TYPE_2000,Jaguar,S-Type,2000,,1
LEMON_JAGUAR_S_TYPE_2001,Jaguar,S-Type,2001,,1
LEMON_JAGUAR_S_TYPE_2002,Jaguar,S-Type,2002,,1
LEMON_JAGUAR_S_TYPE_2003,Jaguar,S-Type,2003,,1
LEMON_JAGUAR_S_TYPE_2004,Jaguar,S-Type,2004,,1
LEMON_JAGUAR_S_TYPE_2005,Jaguar,S-Type,2005,,1
LEMON_JAGUAR_S_TYPE_2006,Jaguar,S-Type,2006,,1
LEMON_JAGUAR_S_TYPE_2007,Jaguar,S-Type,2007,,1
LEMON_JAGUAR_S_TYPE_2008,Jaguar,S-Type,2008,,1
LEMON_JAGUAR_X_TYPE_2002,Jaguar,X-Type,2002,,1
LEMON_JAGUAR_X_TYPE_2003,Jaguar,X-Type,2003,,1
LEMON_JAGUAR_X_TYPE_2004,Jaguar,X-Type,2004,,1
LEMON_JAGUAR_X_TYPE_2005,Jaguar,X-Type,2005,,1
LEMON_JAGUAR_X_TYPE_2006,Jaguar,X-Type,2006,,1
LEMON_JAGUAR_X_TYPE_2007,Jaguar,X-Type,2007,,1
LEMON_JAGUAR_X_TYPE_2008,Jaguar,X-Type,2008,,1
LEMON_JAGUAR_XE_2000CC_VING_2017,Jaguar,XE,2017,2000,1
LEMON_JAGUAR_XE_2000CC_VINN_2017,Jaguar,XE,2017,2000,1
LEMON_JAGUAR_XE_3000CC_VINV_2017,Jaguar,XE,2017,3000,1
LEMON_JAGUAR_XE_2000CC_VINN_2018,Jaguar,XE,2018,2000,1
LEMON_JAGUAR_XE_2000CC_VINX_2018,Jaguar,XE,2018,2000,1
LEMON_JAGUAR_XE_3000CC_VINV_2018,Jaguar,XE,2018,3000,1
LEMON_JAGUAR_XE_3000CC_2018,Jaguar,XE,2018,3000,1
LEMON_JAGUAR_XE_2000CC_2019,Jaguar,XE,2019,2000,1
LEMON_JAGUAR_XE_2000CC_VINN_2019,Jaguar,XE,2019,2000,1
LEMON_JAGUAR_XE_2000CC_VINX_2019,Jaguar,XE,2019,2000,1
LEMON_JAGUAR_XE_3000CC_2019,Jaguar,XE,2019,3000,1
LEMON_JAGUAR_XE_2020,Jaguar,XE,2020,,1
LEMON_JAGUAR_XF_2009,Jaguar,XF,2009,,1
LEMON_JAGUAR_XF_5000CC_2010,Jaguar,XF,2010,5000,1
LEMON_JAGUAR_XF_4200CC_2010,Jaguar,XF,2010,4200,1
LEMON_JAGUAR_XF_5000CC_2011,Jaguar,XF,2011,5000,1
LEMON_JAGUAR_XF_5000CC_2012,Jaguar,XF,2012,5000,1
LEMON_JAGUAR_XF_2000CC_2013,Jaguar,XF,2013,2000,1
LEMON_JAGUAR_XF_5000CC_2013,Jaguar,XF,2013,5000,1
LEMON_JAGUAR_XF_3000CC_2013,Jaguar,XF,2013,3000,1
LEMON_JAGUAR_XF_3000CC_VINX_2014,Jaguar,XF,2014,3000,1
LEMON_JAGUAR_XF_3000CC_VINF_2014,Jaguar,XF,2014,3000,1
LEMON_JAGUAR_XF_2000CC_2014,Jaguar,XF,2014,2000,1
LEMON_JAGUAR_XF_5000CC_2014,Jaguar,XF,2014,5000,1
LEMON_JAGUAR_XF_2000CC_2015,Jaguar,XF,2015,2000,1
LEMON_JAGUAR_XF_3000CC_VINF_2015,Jaguar,XF,2015,3000,1
LEMON_JAGUAR_XF_3000CC_VIN7_2015,Jaguar,XF,2015,3000,1
LEMON_JAGUAR_XF_5000CC_VINE_2015,Jaguar,XF,2015,5000,1
LEMON_JAGUAR_XF_5000CC_VINP_2015,Jaguar,XF,2015,5000,1
LEMON_JAGUAR_XF_2016,Jaguar,XF,2016,,1
LEMON_JAGUAR_XF_2000CC_VINN_2017,Jaguar,XF,2017,2000,1
LEMON_JAGUAR_XF_3000CC_VINV_2017,Jaguar,XF,2017,3000,1
LEMON_JAGUAR_XF_3000CC_2017,Jaguar,XF,2017,3000,1
LEMON_JAGUAR_XF_2000CC_VINN_2018,Jaguar,XF,2018,2000,1
LEMON_JAGUAR_XF_3000CC_VINV_2018,Jaguar,XF,2018,3000,1
LEMON_JAGUAR_XF_3000CC_2018,Jaguar,XF,2018,3000,1
LEMON_JAGUAR_XF_2000CC_2019,Jaguar,XF,2019,2000,1
LEMON_JAGUAR_XF_2000CC_VINN_2019,Jaguar,XF,2019,2000,1
LEMON_JAGUAR_XF_2000CC_VINX_2019,Jaguar,XF,2019,2000,1
LEMON_JAGUAR_XF_3000CC_2019,Jaguar,XF,2019,3000,1
LEMON_JAGUAR_XF_2000CC_2020,Jaguar,XF,2020,2000,1
LEMON_JAGUAR_XF_3000CC_2020,Jaguar,XF,2020,3000,1
LEMON_JAGUAR_XF_2021,Jaguar,XF,2021,,1
LEMON_JAGUAR_XF_2022,Jaguar,XF,2022,,1
LEMON_JAGUAR_XF_2023,Jaguar,XF,2023,,1
LEMON_JAGUAR_XF_2024,Jaguar,XF,2024,,1
LEMON_JAGUAR_XFR_5000CC_2010,Jaguar,XFR,2010,5000,1
LEMON_JAGUAR_XFR_5000CC_2011,Jaguar,XFR,2011,5000,1
LEMON_JAGUAR_XFR_5000CC_2012,Jaguar,XFR,2012,5000,1
LEMON_JAGUAR_XFR_2013,Jaguar,XFR,2013,,1
LEMON_JAGUAR_XFR_2014,Jaguar,XFR,2014,,1
LEMON_JAGUAR_XFR_5000CC_VINC_2015,Jaguar,XFR,2015,5000,1
LEMON_JAGUAR_XFR_5000CC_VINH_2015,Jaguar,XFR,2015,5000,1
LEMON_JAGUAR_XFR_S_2013,Jaguar,XFR-S,2013,,1
LEMON_JAGUAR_XFR_S_2014,Jaguar,XFR-S,2014,,1
LEMON_JAGUAR_XFR_S_2015_XFRS,Jaguar,XFR-S,2015,,1
LEMON_JAGUAR_XJ_2002,Jaguar,XJ,2002,,1
LEMON_JAGUAR_XJ_2003,Jaguar,XJ,2003,,1
LEMON_JAGUAR_XJ_2010,Jaguar,XJ,2010,,1
LEMON_JAGUAR_XJ_2011,Jaguar,XJ,2011,,1
LEMON_JAGUAR_XJ_2012,Jaguar,XJ,2012,,1
LEMON_JAGUAR_XJ_3000CC_2013,Jaguar,XJ,2013,3000,1
LEMON_JAGUAR_XJ_5000CC_2013,Jaguar,XJ,2013,5000,1
LEMON_JAGUAR_XJ_5000CC_VINB_2013,Jaguar,XJ,2013,5000,1
LEMON_JAGUAR_XJ_3000CC_VIN7_2013,Jaguar,XJ,2013,3000,1
LEMON_JAGUAR_XJ_5000CC_VINT_2013,Jaguar,XJ,2013,5000,1
LEMON_JAGUAR_XJ_5000CC_VINE_2013,Jaguar,XJ,2013,5000,1
LEMON_JAGUAR_XJ_3000CC_VINZ_2014,Jaguar,XJ,2014,3000,1
LEMON_JAGUAR_XJ_3000CC_VIND_2014,Jaguar,XJ,2014,3000,1
LEMON_JAGUAR_XJ_5000CC_2014,Jaguar,XJ,2014,5000,1
LEMON_JAGUAR_XJ_3000CC_VIN7_2015,Jaguar,XJ,2015,3000,1
LEMON_JAGUAR_XJ_3000CC_VIND_2015,Jaguar,XJ,2015,3000,1
LEMON_JAGUAR_XJ_3000CC_VINZ_2015,Jaguar,XJ,2015,3000,1
LEMON_JAGUAR_XJ_5000CC_VINE_2015,Jaguar,XJ,2015,5000,1
LEMON_JAGUAR_XJ_5000CC_VINT_2015,Jaguar,XJ,2015,5000,1
LEMON_JAGUAR_XJ_3000CC_VIND_2016,Jaguar,XJ,2016,3000,1
LEMON_JAGUAR_XJ_3000CC_VIN7_2016,Jaguar,XJ,2016,3000,1
LEMON_JAGUAR_XJ_5000CC_2016,Jaguar,XJ,2016,5000,1
LEMON_JAGUAR_XJ_3000CC_VIN7_2017,Jaguar,XJ,2017,3000,1
LEMON_JAGUAR_XJ_5000CC_2017,Jaguar,XJ,2017,5000,1
LEMON_JAGUAR_XJ_3000CC_VIND_2017,Jaguar,XJ,2017,3000,1
LEMON_JAGUAR_XJ_3000CC_VIN7_2018,Jaguar,XJ,2018,3000,1
LEMON_JAGUAR_XJ_3000CC_VIND_2018,Jaguar,XJ,2018,3000,1
LEMON_JAGUAR_XJ_5000CC_2018,Jaguar,XJ,2018,5000,1
LEMON_JAGUAR_XJ_3000CC_VIN7_2019,Jaguar,XJ,2019,3000,1
LEMON_JAGUAR_XJ_3000CC_VIND_2019,Jaguar,XJ,2019,3000,1
LEMON_JAGUAR_XJ_5000CC_VINE_2019,Jaguar,XJ,2019,5000,1
LEMON_JAGUAR_XJ_5000CC_2019,Jaguar,XJ,2019,5000,1
LEMON_JAGUAR_XJ8_2000,Jaguar,XJ8,2000,,1
LEMON_JAGUAR_XJ8_2001,Jaguar,XJ8,2001,,1
LEMON_JAGUAR_XJ8_2002,Jaguar,XJ8,2002,,1
LEMON_JAGUAR_XJ8_2003,Jaguar,XJ8,2003,,1
LEMON_JAGUAR_XJ8_2004,Jaguar,XJ8,2004,,1
LEMON_JAGUAR_XJ8_2005,Jaguar,XJ8,2005,,1
LEMON_JAGUAR_XJ8_2006,Jaguar,XJ8,2006,,1
LEMON_JAGUAR_XJ8_2007,Jaguar,XJ8,2007,,1
LEMON_JAGUAR_XJ8_2008,Jaguar,XJ8,2008,,1
LEMON_JAGUAR_XJ8_2009,Jaguar,XJ8,2009,,1
LEMON_JAGUAR_XJR_2000,Jaguar,XJR,2000,,1
LEMON_JAGUAR_XJR_2001,Jaguar,XJR,2001,,1
LEMON_JAGUAR_XJR_2002,Jaguar,XJR,2002,,1
LEMON_JAGUAR_XJR_2003,Jaguar,XJR,2003,,1
LEMON_JAGUAR_XJR_2004,Jaguar,XJR,2004,,1
LEMON_JAGUAR_XJR_2005,Jaguar,XJR,2005,,1
LEMON_JAGUAR_XJR_2006,Jaguar,XJR,2006,,1
LEMON_JAGUAR_XJR_2007,Jaguar,XJR,2007,,1
LEMON_JAGUAR_XJR_2008,Jaguar,XJR,2008,,1
LEMON_JAGUAR_XJR_2009,Jaguar,XJR,2009,,1
LEMON_JAGUAR_XJR_2014,Jaguar,XJR,2014,,1
LEMON_JAGUAR_XJR_2015_XJRBASE,Jaguar,XJR,2015,,1
LEMON_JAGUAR_XJR_2015_XJRL,Jaguar,XJR,2015,,1
LEMON_JAGUAR_XJR_2016,Jaguar,XJR,2016,,1
LEMON_JAGUAR_XJR_2017,Jaguar,XJR,2017,,1
LEMON_JAGUAR_XJR575_2018,Jaguar,XJR575,2018,,1
LEMON_JAGUAR_XJR575_2019,Jaguar,XJR575,2019,,1
LEMON_JAGUAR_XK_2010,Jaguar,XK,2010,,1
LEMON_JAGUAR_XK_2011,Jaguar,XK,2011,,1
LEMON_JAGUAR_XK_2012,Jaguar,XK,2012,,1
LEMON_JAGUAR_XK_2013,Jaguar,XK,2013,,1
LEMON_JAGUAR_XK_2014,Jaguar,XK,2014,,1
LEMON_JAGUAR_XK_2015_XK2DCONVERTI,Jaguar,XK,2015,,1
LEMON_JAGUAR_XK_2015_XK2DCOUPE,Jaguar,XK,2015,,1
LEMON_JAGUAR_XK8_2000,Jaguar,XK8,2000,,1
LEMON_JAGUAR_XK8_2001,Jaguar,XK8,2001,,1
LEMON_JAGUAR_XK8_2002,Jaguar,XK8,2002,,1
LEMON_JAGUAR_XK8_2003,Jaguar,XK8,2003,,1
LEMON_JAGUAR_XK8_2004,Jaguar,XK8,2004,,1
LEMON_JAGUAR_XK8_2005,Jaguar,XK8,2005,,1
LEMON_JAGUAR_XK8_2006,Jaguar,XK8,2006,,1
LEMON_JAGUAR_XK8_2007,Jaguar,XK8,2007,,1
LEMON_JAGUAR_XK8_2008,Jaguar,XK8,2008,,1
LEMON_JAGUAR_XK8_2009,Jaguar,XK8,2009,,1
LEMON_JAGUAR_XKR_2000,Jaguar,XKR,2000,,1
LEMON_JAGUAR_XKR_2001,Jaguar,XKR,2001,,1
LEMON_JAGUAR_XKR_2002,Jaguar,XKR,2002,,1
LEMON_JAGUAR_XKR_2003,Jaguar,XKR,2003,,1
LEMON_JAGUAR_XKR_2004,Jaguar,XKR,2004,,1
LEMON_JAGUAR_XKR_2005,Jaguar,XKR,2005,,1
LEMON_JAGUAR_XKR_2006,Jaguar,XKR,2006,,1
LEMON_JAGUAR_XKR_2007,Jaguar,XKR,2007,,1
LEMON_JAGUAR_XKR_2008,Jaguar,XKR,2008,,1
LEMON_JAGUAR_XKR_2009,Jaguar,XKR,2009,,1
LEMON_JAGUAR_XKR_2010,Jaguar,XKR,2010,,1
LEMON_JAGUAR_XKR_2011,Jaguar,XKR,2011,,1
LEMON_JAGUAR_XKR_2012,Jaguar,XKR,2012,,1
LEMON_JAGUAR_XKR_2013,Jaguar,XKR,2013,,1
LEMON_JAGUAR_XKR_2014,Jaguar,XKR,2014,,1
LEMON_JAGUAR_XKR_2015_XKR2DCONVERT,Jaguar,XKR,2015,,1
LEMON_JAGUAR_XKR_2015_XKR2DCOUPE,Jaguar,XKR,2015,,1
LEMON_JAGUAR_XKR_S_2012,Jaguar,XKR-S,2012,,1
LEMON_JAGUAR_XKR_S_2013,Jaguar,XKR-S,2013,,1
LEMON_JAGUAR_XKR_S_2014,Jaguar,XKR-S,2014,,1
LEMON_JAGUAR_XKR_S_2015_XKRS2DCONVER,Jaguar,XKR-S,2015,,1
LEMON_JAGUAR_XKR_S_2015_XKRS2DCOUPE,Jaguar,XKR-S,2015,,1
LEMON_JAGUAR_XKR175_2011,Jaguar,XKR175,2011,,1
LEMON_JEEP_CHEROKEE_2500CC_2000,Jeep,Cherokee,2000,2500,1
LEMON_JEEP_CHEROKEE_4000CC_2000,Jeep,Cherokee,2000,4000,1
LEMON_JEEP_CHEROKEE_2001,Jeep,Cherokee,2001,,1
LEMON_JEEP_CHEROKEE_2400CC_VINB_2014,Jeep,Cherokee,2014,2400,1
LEMON_JEEP_CHEROKEE_3200CC_VINS_2014,Jeep,Cherokee,2014,3200,1
LEMON_JEEP_CHEROKEE_2400CC_2014,Jeep,Cherokee,2014,2400,1
LEMON_JEEP_CHEROKEE_3200CC_VINS_2015,Jeep,Cherokee,2015,3200,1
LEMON_JEEP_CHEROKEE_3200CC_VINS_2016,Jeep,Cherokee,2016,3200,1
LEMON_JEEP_CHEROKEE_3200CC_VINS_2017,Jeep,Cherokee,2017,3200,1
LEMON_JEEP_CHEROKEE_3200CC_VINS_2018,Jeep,Cherokee,2018,3200,1
LEMON_JEEP_CHEROKEE_3200CC_VINX_2018,Jeep,Cherokee,2018,3200,1
LEMON_JEEP_CHEROKEE_2400CC_VINB_2019,Jeep,Cherokee,2019,2400,1
LEMON_JEEP_CHEROKEE_2000CC_VINN_2019,Jeep,Cherokee,2019,2000,1
LEMON_JEEP_CHEROKEE_3200CC_VINX_2019,Jeep,Cherokee,2019,3200,1
LEMON_JEEP_CHEROKEE_2000CC_VINN_2020,Jeep,Cherokee,2020,2000,1
LEMON_JEEP_CHEROKEE_2400CC_VINB_2020,Jeep,Cherokee,2020,2400,1
LEMON_JEEP_CHEROKEE_3200CC_VINX_2020,Jeep,Cherokee,2020,3200,1
LEMON_JEEP_CHEROKEE_2000CC_VINN_2021,Jeep,Cherokee,2021,2000,1
LEMON_JEEP_CHEROKEE_2400CC_2021,Jeep,Cherokee,2021,2400,1
LEMON_JEEP_CHEROKEE_3200CC_VINX_2021,Jeep,Cherokee,2021,3200,1
LEMON_JEEP_CHEROKEE_2000CC_2021,Jeep,Cherokee,2021,2000,1
LEMON_JEEP_CHEROKEE_3200CC_2021,Jeep,Cherokee,2021,3200,1
LEMON_JEEP_CHEROKEE_3200CC_VINX_2022,Jeep,Cherokee,2022,3200,1
LEMON_JEEP_CHEROKEE_2000CC_VINN_2022,Jeep,Cherokee,2022,2000,1
LEMON_JEEP_CHEROKEE_3200CC_2022,Jeep,Cherokee,2022,3200,1
LEMON_JEEP_CHEROKEE_2000CC_2023,Jeep,Cherokee,2023,2000,1
LEMON_JEEP_CHEROKEE_2400CC_2023,Jeep,Cherokee,2023,2400,1
LEMON_JEEP_COMMANDER_3700CC_2006,Jeep,Commander,2006,3700,1
LEMON_JEEP_COMMANDER_4700CC_2006,Jeep,Commander,2006,4700,1
LEMON_JEEP_COMMANDER_5700CC_2006,Jeep,Commander,2006,5700,1
LEMON_JEEP_COMMANDER_3700CC_2007,Jeep,Commander,2007,3700,1
LEMON_JEEP_COMMANDER_4700CC_2007,Jeep,Commander,2007,4700,1
LEMON_JEEP_COMMANDER_5700CC_2007,Jeep,Commander,2007,5700,1
LEMON_JEEP_COMMANDER_4700CC_2008,Jeep,Commander,2008,4700,1
LEMON_JEEP_COMMANDER_3700CC_2008,Jeep,Commander,2008,3700,1
LEMON_JEEP_COMMANDER_5700CC_2008,Jeep,Commander,2008,5700,1
LEMON_JEEP_COMMANDER_5700CC_2009,Jeep,Commander,2009,5700,1
LEMON_JEEP_COMMANDER_3700CC_2009,Jeep,Commander,2009,3700,1
LEMON_JEEP_COMMANDER_4700CC_2009,Jeep,Commander,2009,4700,1
LEMON_JEEP_COMMANDER_5700CC_2010,Jeep,Commander,2010,5700,1
LEMON_JEEP_COMMANDER_3700CC_2010,Jeep,Commander,2010,3700,1
LEMON_JEEP_COMPASS_2007,Jeep,Compass,2007,,1
LEMON_JEEP_COMPASS_2008,Jeep,Compass,2008,,1
LEMON_JEEP_COMPASS_2009,Jeep,Compass,2009,,1
LEMON_JEEP_COMPASS_2010,Jeep,Compass,2010,,1
LEMON_JEEP_COMPASS_2011,Jeep,Compass,2011,,1
LEMON_JEEP_COMPASS_2012,Jeep,Compass,2012,,1
LEMON_JEEP_COMPASS_2000CC_VINA_2013,Jeep,Compass,2013,2000,1
LEMON_JEEP_COMPASS_2013,Jeep,Compass,2013,,1
LEMON_JEEP_COMPASS_2400CC_VINB_2013,Jeep,Compass,2013,2400,1
LEMON_JEEP_COMPASS_2000CC_VINA_2014,Jeep,Compass,2014,2000,1
LEMON_JEEP_COMPASS_2400CC_VINB_2014,Jeep,Compass,2014,2400,1
LEMON_JEEP_COMPASS_2014,Jeep,Compass,2014,,1
LEMON_JEEP_COMPASS_2000CC_VINA_2015,Jeep,Compass,2015,2000,1
LEMON_JEEP_COMPASS_2400CC_VINB_2015,Jeep,Compass,2015,2400,1
LEMON_JEEP_COMPASS_2015_COMPASSLIMIT,Jeep,Compass,2015,,1
LEMON_JEEP_COMPASS_2016,Jeep,Compass,2016,,1
LEMON_JEEP_COMPASS_2000CC_VINA_2016,Jeep,Compass,2016,2000,1
LEMON_JEEP_COMPASS_2400CC_VINB_2016,Jeep,Compass,2016,2400,1
LEMON_JEEP_COMPASS_2000CC_VINA_2017,Jeep,Compass,2017,2000,1
LEMON_JEEP_COMPASS_2018,Jeep,Compass,2018,,1
LEMON_JEEP_COMPASS_2019,Jeep,Compass,2019,,1
LEMON_JEEP_COMPASS_2020,Jeep,Compass,2020,,1
LEMON_JEEP_COMPASS_2021,Jeep,Compass,2021,,1
LEMON_JEEP_COMPASS_2022,Jeep,Compass,2022,,1
LEMON_JEEP_COMPASS_2023,Jeep,Compass,2023,,1
LEMON_JEEP_COMPASS_2024,Jeep,Compass,2024,,1
LEMON_JEEP_COMPASS_2025,Jeep,Compass,2025,,1
LEMON_JEEP_GLADIATOR_2020,Jeep,Gladiator,2020,,1
LEMON_JEEP_GLADIATOR_3000CC_VINM_2021,Jeep,Gladiator,2021,3000,1
LEMON_JEEP_GLADIATOR_3600CC_VING_2021,Jeep,Gladiator,2021,3600,1
LEMON_JEEP_GLADIATOR_3600CC_2021,Jeep,Gladiator,2021,3600,1
LEMON_JEEP_GLADIATOR_3000CC_VINM_2022,Jeep,Gladiator,2022,3000,1
LEMON_JEEP_GLADIATOR_3600CC_VING_2022,Jeep,Gladiator,2022,3600,1
LEMON_JEEP_GLADIATOR_3600CC_2022,Jeep,Gladiator,2022,3600,1
LEMON_JEEP_GLADIATOR_3600CC_2023,Jeep,Gladiator,2023,3600,1
LEMON_JEEP_GLADIATOR_3000CC_VINM_2023,Jeep,Gladiator,2023,3000,1
LEMON_JEEP_GLADIATOR_3600CC_VING_2023,Jeep,Gladiator,2023,3600,1
LEMON_JEEP_GLADIATOR_2024,Jeep,Gladiator,2024,,1
LEMON_JEEP_GLADIATOR_2025,Jeep,Gladiator,2025,,1
LEMON_JEEP_GRAND_3000CC_VINP_2022,Jeep,Grand,2022,3000,1
LEMON_JEEP_GRAND_6400CC_VINJ_2022,Jeep,Grand,2022,6400,1
LEMON_JEEP_GRAND_6400CC_2023,Jeep,Grand,2023,6400,1
LEMON_JEEP_GRAND_3000CC_VINP_2023,Jeep,Grand,2023,3000,1
LEMON_JEEP_GRAND_6400CC_VINJ_2023,Jeep,Grand,2023,6400,1
LEMON_JEEP_GRAND_3000CC_2023,Jeep,Grand,2023,3000,1
LEMON_JEEP_GRAND_3000CC_2024,Jeep,Grand,2024,3000,1
LEMON_JEEP_GRAND_3000CC_2025,Jeep,Grand,2025,3000,1
LEMON_JEEP_GRAND_CHEROKEE_4000CC_2000,Jeep,Grand Cherokee,2000,4000,1
LEMON_JEEP_GRAND_CHEROKEE_4700CC_2000,Jeep,Grand Cherokee,2000,4700,1
LEMON_JEEP_GRAND_CHEROKEE_4000CC_2001,Jeep,Grand Cherokee,2001,4000,1
LEMON_JEEP_GRAND_CHEROKEE_4700CC_2001,Jeep,Grand Cherokee,2001,4700,1
LEMON_JEEP_GRAND_CHEROKEE_4000CC_2002,Jeep,Grand Cherokee,2002,4000,1
LEMON_JEEP_GRAND_CHEROKEE_4700CC_2002,Jeep,Grand Cherokee,2002,4700,1
LEMON_JEEP_GRAND_CHEROKEE_4000CC_2003,Jeep,Grand Cherokee,2003,4000,1
LEMON_JEEP_GRAND_CHEROKEE_4700CC_2003,Jeep,Grand Cherokee,2003,4700,1
LEMON_JEEP_GRAND_CHEROKEE_4000CC_2004,Jeep,Grand Cherokee,2004,4000,1
LEMON_JEEP_GRAND_CHEROKEE_4700CC_2004,Jeep,Grand Cherokee,2004,4700,1
LEMON_JEEP_GRAND_CHEROKEE_3700CC_2005,Jeep,Grand Cherokee,2005,3700,1
LEMON_JEEP_GRAND_CHEROKEE_4700CC_2005,Jeep,Grand Cherokee,2005,4700,1
LEMON_JEEP_GRAND_CHEROKEE_5700CC_2005,Jeep,Grand Cherokee,2005,5700,1
LEMON_JEEP_GRAND_CHEROKEE_4700CC_2006,Jeep,Grand Cherokee,2006,4700,1
LEMON_JEEP_GRAND_CHEROKEE_3700CC_2006,Jeep,Grand Cherokee,2006,3700,1
LEMON_JEEP_GRAND_CHEROKEE_5700CC_2006,Jeep,Grand Cherokee,2006,5700,1
LEMON_JEEP_GRAND_CHEROKEE_6100CC_2006,Jeep,Grand Cherokee,2006,6100,1
LEMON_JEEP_GRAND_CHEROKEE_3000CC_2007,Jeep,Grand Cherokee,2007,3000,1
LEMON_JEEP_GRAND_CHEROKEE_3700CC_2007,Jeep,Grand Cherokee,2007,3700,1
LEMON_JEEP_GRAND_CHEROKEE_4700CC_2007,Jeep,Grand Cherokee,2007,4700,1
LEMON_JEEP_GRAND_CHEROKEE_5700CC_2007,Jeep,Grand Cherokee,2007,5700,1
LEMON_JEEP_GRAND_CHEROKEE_6100CC_2007,Jeep,Grand Cherokee,2007,6100,1
LEMON_JEEP_GRAND_CHEROKEE_3000CC_2008,Jeep,Grand Cherokee,2008,3000,1
LEMON_JEEP_GRAND_CHEROKEE_3700CC_2008,Jeep,Grand Cherokee,2008,3700,1
LEMON_JEEP_GRAND_CHEROKEE_4700CC_2008,Jeep,Grand Cherokee,2008,4700,1
LEMON_JEEP_GRAND_CHEROKEE_5700CC_2008,Jeep,Grand Cherokee,2008,5700,1
LEMON_JEEP_GRAND_CHEROKEE_6100CC_2008,Jeep,Grand Cherokee,2008,6100,1
LEMON_JEEP_GRAND_CHEROKEE_3000CC_2009,Jeep,Grand Cherokee,2009,3000,1
LEMON_JEEP_GRAND_CHEROKEE_3700CC_2009,Jeep,Grand Cherokee,2009,3700,1
LEMON_JEEP_GRAND_CHEROKEE_4700CC_2009,Jeep,Grand Cherokee,2009,4700,1
LEMON_JEEP_GRAND_CHEROKEE_5700CC_2009,Jeep,Grand Cherokee,2009,5700,1
LEMON_JEEP_GRAND_CHEROKEE_6100CC_2009,Jeep,Grand Cherokee,2009,6100,1
LEMON_JEEP_GRAND_CHEROKEE_3700CC_2010,Jeep,Grand Cherokee,2010,3700,1
LEMON_JEEP_GRAND_CHEROKEE_5700CC_2010,Jeep,Grand Cherokee,2010,5700,1
LEMON_JEEP_GRAND_CHEROKEE_6100CC_2010,Jeep,Grand Cherokee,2010,6100,1
LEMON_JEEP_GRAND_CHEROKEE_3600CC_2011,Jeep,Grand Cherokee,2011,3600,1
LEMON_JEEP_GRAND_CHEROKEE_5700CC_2011,Jeep,Grand Cherokee,2011,5700,1
LEMON_JEEP_GRAND_CHEROKEE_3600CC_VING_2012,Jeep,Grand Cherokee,2012,3600,1
LEMON_JEEP_GRAND_CHEROKEE_3600CC_2012,Jeep,Grand Cherokee,2012,3600,1
LEMON_JEEP_GRAND_CHEROKEE_5700CC_VINT_2012,Jeep,Grand Cherokee,2012,5700,1
LEMON_JEEP_GRAND_CHEROKEE_6400CC_2012,Jeep,Grand Cherokee,2012,6400,1
LEMON_JEEP_GRAND_CHEROKEE_3600CC_VING_2013,Jeep,Grand Cherokee,2013,3600,1
LEMON_JEEP_GRAND_CHEROKEE_5700CC_VINT_2013,Jeep,Grand Cherokee,2013,5700,1
LEMON_JEEP_GRAND_CHEROKEE_3600CC_2013,Jeep,Grand Cherokee,2013,3600,1
LEMON_JEEP_GRAND_CHEROKEE_6400CC_2013,Jeep,Grand Cherokee,2013,6400,1
LEMON_JEEP_GRAND_CHEROKEE_3600CC_2014,Jeep,Grand Cherokee,2014,3600,1
LEMON_JEEP_GRAND_CHEROKEE_3000CC_VINM_2014,Jeep,Grand Cherokee,2014,3000,1
LEMON_JEEP_GRAND_CHEROKEE_3600CC_VING_2014,Jeep,Grand Cherokee,2014,3600,1
LEMON_JEEP_GRAND_CHEROKEE_5700CC_VINT_2014,Jeep,Grand Cherokee,2014,5700,1
LEMON_JEEP_GRAND_CHEROKEE_6400CC_2014,Jeep,Grand Cherokee,2014,6400,1
LEMON_JEEP_GRAND_CHEROKEE_3600CC_2015,Jeep,Grand Cherokee,2015,3600,1
LEMON_JEEP_GRAND_CHEROKEE_3000CC_VINM_2015,Jeep,Grand Cherokee,2015,3000,1
LEMON_JEEP_GRAND_CHEROKEE_3600CC_VING_2015,Jeep,Grand Cherokee,2015,3600,1
LEMON_JEEP_GRAND_CHEROKEE_5700CC_VINT_2015,Jeep,Grand Cherokee,2015,5700,1
LEMON_JEEP_GRAND_CHEROKEE_6400CC_2015,Jeep,Grand Cherokee,2015,6400,1
LEMON_JEEP_GRAND_CHEROKEE_3600CC_2016,Jeep,Grand Cherokee,2016,3600,1
LEMON_JEEP_GRAND_CHEROKEE_3000CC_VINM_2016,Jeep,Grand Cherokee,2016,3000,1
LEMON_JEEP_GRAND_CHEROKEE_3600CC_VING_2016,Jeep,Grand Cherokee,2016,3600,1
LEMON_JEEP_GRAND_CHEROKEE_5700CC_VINT_2016,Jeep,Grand Cherokee,2016,5700,1
LEMON_JEEP_GRAND_CHEROKEE_6400CC_2016,Jeep,Grand Cherokee,2016,6400,1
LEMON_JEEP_GRAND_CHEROKEE_3600CC_2017,Jeep,Grand Cherokee,2017,3600,1
LEMON_JEEP_GRAND_CHEROKEE_3000CC_VINM_2017,Jeep,Grand Cherokee,2017,3000,1
LEMON_JEEP_GRAND_CHEROKEE_3600CC_VING_2017,Jeep,Grand Cherokee,2017,3600,1
LEMON_JEEP_GRAND_CHEROKEE_5700CC_VINT_2017,Jeep,Grand Cherokee,2017,5700,1
LEMON_JEEP_GRAND_CHEROKEE_6400CC_2017,Jeep,Grand Cherokee,2017,6400,1
LEMON_JEEP_GRAND_CHEROKEE_3600CC_2018,Jeep,Grand Cherokee,2018,3600,1
LEMON_JEEP_GRAND_CHEROKEE_3600CC_VING_2018,Jeep,Grand Cherokee,2018,3600,1
LEMON_JEEP_GRAND_CHEROKEE_3000CC_VINM_2018,Jeep,Grand Cherokee,2018,3000,1
LEMON_JEEP_GRAND_CHEROKEE_5700CC_VINT_2018,Jeep,Grand Cherokee,2018,5700,1
LEMON_JEEP_GRAND_CHEROKEE_6400CC_2018,Jeep,Grand Cherokee,2018,6400,1
LEMON_JEEP_GRAND_CHEROKEE_6200CC_2018,Jeep,Grand Cherokee,2018,6200,1
LEMON_JEEP_GRAND_CHEROKEE_3600CC_2019,Jeep,Grand Cherokee,2019,3600,1
LEMON_JEEP_GRAND_CHEROKEE_3600CC_VING_2019,Jeep,Grand Cherokee,2019,3600,1
LEMON_JEEP_GRAND_CHEROKEE_3000CC_VINM_2019,Jeep,Grand Cherokee,2019,3000,1
LEMON_JEEP_GRAND_CHEROKEE_5700CC_VINT_2019,Jeep,Grand Cherokee,2019,5700,1
LEMON_JEEP_GRAND_CHEROKEE_6400CC_2019,Jeep,Grand Cherokee,2019,6400,1
LEMON_JEEP_GRAND_CHEROKEE_6200CC_2019,Jeep,Grand Cherokee,2019,6200,1
LEMON_JEEP_GRAND_CHEROKEE_3600CC_2020,Jeep,Grand Cherokee,2020,3600,1
LEMON_JEEP_GRAND_CHEROKEE_3600CC_VING_2020,Jeep,Grand Cherokee,2020,3600,1
LEMON_JEEP_GRAND_CHEROKEE_5700CC_VINT_2020,Jeep,Grand Cherokee,2020,5700,1
LEMON_JEEP_GRAND_CHEROKEE_6400CC_2020,Jeep,Grand Cherokee,2020,6400,1
LEMON_JEEP_GRAND_CHEROKEE_6200CC_2020,Jeep,Grand Cherokee,2020,6200,1
LEMON_JEEP_GRAND_CHEROKEE_3600CC_VING_2021,Jeep,Grand Cherokee,2021,3600,1
LEMON_JEEP_GRAND_CHEROKEE_5700CC_VINT_2021,Jeep,Grand Cherokee,2021,5700,1
LEMON_JEEP_GRAND_CHEROKEE_3600CC_2021,Jeep,Grand Cherokee,2021,3600,1
LEMON_JEEP_GRAND_CHEROKEE_6400CC_2021,Jeep,Grand Cherokee,2021,6400,1
LEMON_JEEP_GRAND_CHEROKEE_6200CC_2021,Jeep,Grand Cherokee,2021,6200,1
LEMON_JEEP_GRAND_CHEROKEE_3600CC_2022,Jeep,Grand Cherokee,2022,3600,1
LEMON_JEEP_GRAND_CHEROKEE_2000CC_2022,Jeep,Grand Cherokee,2022,2000,1
LEMON_JEEP_GRAND_CHEROKEE_3600CC_VING_2022,Jeep,Grand Cherokee,2022,3600,1
LEMON_JEEP_GRAND_CHEROKEE_5700CC_VINT_2022,Jeep,Grand Cherokee,2022,5700,1
LEMON_JEEP_GRAND_CHEROKEE_2022,Jeep,Grand Cherokee,2022,,1
LEMON_JEEP_GRAND_CHEROKEE_2000CC_2023,Jeep,Grand Cherokee,2023,2000,1
LEMON_JEEP_GRAND_CHEROKEE_3600CC_2023,Jeep,Grand Cherokee,2023,3600,1
LEMON_JEEP_GRAND_CHEROKEE_3600CC_VING_2023,Jeep,Grand Cherokee,2023,3600,1
LEMON_JEEP_GRAND_CHEROKEE_5700CC_VINT_2023,Jeep,Grand Cherokee,2023,5700,1
LEMON_JEEP_GRAND_CHEROKEE_2000CC_2024,Jeep,Grand Cherokee,2024,2000,1
LEMON_JEEP_GRAND_CHEROKEE_3600CC_2024,Jeep,Grand Cherokee,2024,3600,1
LEMON_JEEP_GRAND_CHEROKEE_3600CC_VING_2024,Jeep,Grand Cherokee,2024,3600,1
LEMON_JEEP_GRAND_CHEROKEE_5700CC_VINT_2024,Jeep,Grand Cherokee,2024,5700,1
LEMON_JEEP_GRAND_CHEROKEE_2000CC_2025,Jeep,Grand Cherokee,2025,2000,1
LEMON_JEEP_GRAND_CHEROKEE_3600CC_2025,Jeep,Grand Cherokee,2025,3600,1
LEMON_JEEP_GRAND_CHEROKEE_2025,Jeep,Grand Cherokee,2025,,1
LEMON_JEEP_LIBERTY_3700CC_2002,Jeep,Liberty,2002,3700,1
LEMON_JEEP_LIBERTY_2400CC_2002,Jeep,Liberty,2002,2400,1
LEMON_JEEP_LIBERTY_3700CC_2003,Jeep,Liberty,2003,3700,1
LEMON_JEEP_LIBERTY_2400CC_2003,Jeep,Liberty,2003,2400,1
LEMON_JEEP_LIBERTY_3700CC_2004,Jeep,Liberty,2004,3700,1
LEMON_JEEP_LIBERTY_2400CC_2004,Jeep,Liberty,2004,2400,1
LEMON_JEEP_LIBERTY_2800CC_2005,Jeep,Liberty,2005,2800,1
LEMON_JEEP_LIBERTY_3700CC_2005,Jeep,Liberty,2005,3700,1
LEMON_JEEP_LIBERTY_2400CC_2005,Jeep,Liberty,2005,2400,1
LEMON_JEEP_LIBERTY_3700CC_2006,Jeep,Liberty,2006,3700,1
LEMON_JEEP_LIBERTY_2800CC_2006,Jeep,Liberty,2006,2800,1
LEMON_JEEP_LIBERTY_2007,Jeep,Liberty,2007,,1
LEMON_JEEP_LIBERTY_2008,Jeep,Liberty,2008,,1
LEMON_JEEP_LIBERTY_2009,Jeep,Liberty,2009,,1
LEMON_JEEP_LIBERTY_2010,Jeep,Liberty,2010,,1
LEMON_JEEP_LIBERTY_2011,Jeep,Liberty,2011,,1
LEMON_JEEP_LIBERTY_2012,Jeep,Liberty,2012,,1
LEMON_JEEP_PATRIOT_2007,Jeep,Patriot,2007,,1
LEMON_JEEP_PATRIOT_2008,Jeep,Patriot,2008,,1
LEMON_JEEP_PATRIOT_2009,Jeep,Patriot,2009,,1
LEMON_JEEP_PATRIOT_2010,Jeep,Patriot,2010,,1
LEMON_JEEP_PATRIOT_2011,Jeep,Patriot,2011,,1
LEMON_JEEP_PATRIOT_2012,Jeep,Patriot,2012,,1
LEMON_JEEP_PATRIOT_2000CC_VINA_2013,Jeep,Patriot,2013,2000,1
LEMON_JEEP_PATRIOT_2400CC_VINB_2013,Jeep,Patriot,2013,2400,1
LEMON_JEEP_PATRIOT_2013,Jeep,Patriot,2013,,1
LEMON_JEEP_PATRIOT_2000CC_VINA_2014,Jeep,Patriot,2014,2000,1
LEMON_JEEP_PATRIOT_2400CC_VINB_2014,Jeep,Patriot,2014,2400,1
LEMON_JEEP_PATRIOT_2014,Jeep,Patriot,2014,,1
LEMON_JEEP_PATRIOT_2000CC_VINA_2015,Jeep,Patriot,2015,2000,1
LEMON_JEEP_PATRIOT_2400CC_VINB_2015,Jeep,Patriot,2015,2400,1
LEMON_JEEP_PATRIOT_2015_PATRIOTLIMIT,Jeep,Patriot,2015,,1
LEMON_JEEP_PATRIOT_2000CC_VINA_2016,Jeep,Patriot,2016,2000,1
LEMON_JEEP_PATRIOT_2016,Jeep,Patriot,2016,,1
LEMON_JEEP_PATRIOT_2400CC_VINB_2016,Jeep,Patriot,2016,2400,1
LEMON_JEEP_PATRIOT_2000CC_VINA_2017,Jeep,Patriot,2017,2000,1
LEMON_JEEP_PATRIOT_2400CC_VINB_2017,Jeep,Patriot,2017,2400,1
LEMON_JEEP_RENEGADE_1400CC_VINH_2015,Jeep,Renegade,2015,1400,1
LEMON_JEEP_RENEGADE_2400CC_VINT_2015,Jeep,Renegade,2015,2400,1
LEMON_JEEP_RENEGADE_2400CC_2015,Jeep,Renegade,2015,2400,1
LEMON_JEEP_RENEGADE_1400CC_VINH_2016,Jeep,Renegade,2016,1400,1
LEMON_JEEP_RENEGADE_1400CC_VINW_2016,Jeep,Renegade,2016,1400,1
LEMON_JEEP_RENEGADE_2400CC_VINT_2016,Jeep,Renegade,2016,2400,1
LEMON_JEEP_RENEGADE_2400CC_2016,Jeep,Renegade,2016,2400,1
LEMON_JEEP_RENEGADE_1400CC_VINH_2017,Jeep,Renegade,2017,1400,1
LEMON_JEEP_RENEGADE_2400CC_VINB_2017,Jeep,Renegade,2017,2400,1
LEMON_JEEP_RENEGADE_2400CC_2017,Jeep,Renegade,2017,2400,1
LEMON_JEEP_RENEGADE_1400CC_VINH_2018,Jeep,Renegade,2018,1400,1
LEMON_JEEP_RENEGADE_2400CC_2018,Jeep,Renegade,2018,2400,1
LEMON_JEEP_RENEGADE_1300CC_VIN1_2019,Jeep,Renegade,2019,1300,1
LEMON_JEEP_RENEGADE_2400CC_VINB_2019,Jeep,Renegade,2019,2400,1
LEMON_JEEP_RENEGADE_1300CC_2019,Jeep,Renegade,2019,1300,1
LEMON_JEEP_RENEGADE_2400CC_2019,Jeep,Renegade,2019,2400,1
LEMON_JEEP_RENEGADE_1300CC_VIN1_2020,Jeep,Renegade,2020,1300,1
LEMON_JEEP_RENEGADE_2400CC_VINB_2020,Jeep,Renegade,2020,2400,1
LEMON_JEEP_RENEGADE_1300CC_2020,Jeep,Renegade,2020,1300,1
LEMON_JEEP_RENEGADE_2400CC_2020,Jeep,Renegade,2020,2400,1
LEMON_JEEP_RENEGADE_1300CC_VIN1_2021,Jeep,Renegade,2021,1300,1
LEMON_JEEP_RENEGADE_2400CC_VINB_2021,Jeep,Renegade,2021,2400,1
LEMON_JEEP_RENEGADE_2400CC_2021,Jeep,Renegade,2021,2400,1
LEMON_JEEP_RENEGADE_1300CC_2021,Jeep,Renegade,2021,1300,1
LEMON_JEEP_RENEGADE_2022,Jeep,Renegade,2022,,1
LEMON_JEEP_RENEGADE_2023,Jeep,Renegade,2023,,1
LEMON_JEEP_WAGONEER_2022,Jeep,Wagoneer,2022,,1
LEMON_JEEP_WAGONEER_3000CC_VINP_2023,Jeep,Wagoneer,2023,3000,1
LEMON_JEEP_WAGONEER_5700CC_VINT_2023,Jeep,Wagoneer,2023,5700,1
LEMON_JEEP_WAGONEER_2023,Jeep,Wagoneer,2023,,1
LEMON_JEEP_WAGONEER_3000CC_2023,Jeep,Wagoneer,2023,3000,1
LEMON_JEEP_WAGONEER_2024,Jeep,Wagoneer,2024,,1
LEMON_JEEP_WAGONEER_3000CC_2024,Jeep,Wagoneer,2024,3000,1
LEMON_JEEP_WAGONEER_2025,Jeep,Wagoneer,2025,,1
LEMON_JEEP_WAGONEER_3000CC_2025,Jeep,Wagoneer,2025,3000,1
LEMON_JEEP_WRANGLER_2500CC_2000,Jeep,Wrangler,2000,2500,1
LEMON_JEEP_WRANGLER_4000CC_2000,Jeep,Wrangler,2000,4000,1
LEMON_JEEP_WRANGLER_2500CC_2001,Jeep,Wrangler,2001,2500,1
LEMON_JEEP_WRANGLER_4000CC_2001,Jeep,Wrangler,2001,4000,1
LEMON_JEEP_WRANGLER_2500CC_2002,Jeep,Wrangler,2002,2500,1
LEMON_JEEP_WRANGLER_4000CC_2002,Jeep,Wrangler,2002,4000,1
LEMON_JEEP_WRANGLER_4000CC_2003,Jeep,Wrangler,2003,4000,1
LEMON_JEEP_WRANGLER_2400CC_2003,Jeep,Wrangler,2003,2400,1
LEMON_JEEP_WRANGLER_4000CC_2004,Jeep,Wrangler,2004,4000,1
LEMON_JEEP_WRANGLER_2400CC_2004,Jeep,Wrangler,2004,2400,1
LEMON_JEEP_WRANGLER_4000CC_2005,Jeep,Wrangler,2005,4000,1
LEMON_JEEP_WRANGLER_2400CC_2005,Jeep,Wrangler,2005,2400,1
LEMON_JEEP_WRANGLER_4000CC_2006,Jeep,Wrangler,2006,4000,1
LEMON_JEEP_WRANGLER_2400CC_2006,Jeep,Wrangler,2006,2400,1
LEMON_JEEP_WRANGLER_2007,Jeep,Wrangler,2007,,1
LEMON_JEEP_WRANGLER_2008,Jeep,Wrangler,2008,,1
LEMON_JEEP_WRANGLER_2009,Jeep,Wrangler,2009,,1
LEMON_JEEP_WRANGLER_2010,Jeep,Wrangler,2010,,1
LEMON_JEEP_WRANGLER_2011,Jeep,Wrangler,2011,,1
LEMON_JEEP_WRANGLER_2012,Jeep,Wrangler,2012,,1
LEMON_JEEP_WRANGLER_2013,Jeep,Wrangler,2013,,1
LEMON_JEEP_WRANGLER_2014,Jeep,Wrangler,2014,,1
LEMON_JEEP_WRANGLER_2015_WRANGLERSAHA,Jeep,Wrangler,2015,,1
LEMON_JEEP_WRANGLER_2015_WRANGLERRUBI,Jeep,Wrangler,2015,,1
LEMON_JEEP_WRANGLER_2015_WRANGLERSPOR,Jeep,Wrangler,2015,,1
LEMON_JEEP_WRANGLER_2015_WRANGLERUNLI,Jeep,Wrangler,2015,,1
LEMON_JEEP_WRANGLER_2016,Jeep,Wrangler,2016,,1
LEMON_JEEP_WRANGLER_2017,Jeep,Wrangler,2017,,1
LEMON_JEEP_WRANGLER_3600CC_VING_2018,Jeep,Wrangler,2018,3600,1
LEMON_JEEP_WRANGLER_2000CC_VINN_2018,Jeep,Wrangler,2018,2000,1
LEMON_JEEP_WRANGLER_3600CC_2018,Jeep,Wrangler,2018,3600,1
LEMON_JEEP_WRANGLER_2018,Jeep,Wrangler,2018,,1
LEMON_JEEP_WRANGLER_2000CC_VINN_2019,Jeep,Wrangler,2019,2000,1
LEMON_JEEP_WRANGLER_3600CC_VING_2019,Jeep,Wrangler,2019,3600,1
LEMON_JEEP_WRANGLER_3600CC_2019,Jeep,Wrangler,2019,3600,1
LEMON_JEEP_WRANGLER_3600CC_VING_2020,Jeep,Wrangler,2020,3600,1
LEMON_JEEP_WRANGLER_2000CC_VINN_2020,Jeep,Wrangler,2020,2000,1
LEMON_JEEP_WRANGLER_3000CC_VINM_2020,Jeep,Wrangler,2020,3000,1
LEMON_JEEP_WRANGLER_2000CC_VINN_2021,Jeep,Wrangler,2021,2000,1
LEMON_JEEP_WRANGLER_3000CC_VINM_2021,Jeep,Wrangler,2021,3000,1
LEMON_JEEP_WRANGLER_2000CC_2021,Jeep,Wrangler,2021,2000,1
LEMON_JEEP_WRANGLER_6400CC_2021,Jeep,Wrangler,2021,6400,1
LEMON_JEEP_WRANGLER_2000CC_VINN_2022,Jeep,Wrangler,2022,2000,1
LEMON_JEEP_WRANGLER_2000CC_2022,Jeep,Wrangler,2022,2000,1
LEMON_JEEP_WRANGLER_3000CC_VINM_2022,Jeep,Wrangler,2022,3000,1
LEMON_JEEP_WRANGLER_3600CC_VING_2022,Jeep,Wrangler,2022,3600,1
LEMON_JEEP_WRANGLER_3600CC_2022,Jeep,Wrangler,2022,3600,1
LEMON_JEEP_WRANGLER_6400CC_2022,Jeep,Wrangler,2022,6400,1
LEMON_JEEP_WRANGLER_2000CC_VINN_2023,Jeep,Wrangler,2023,2000,1
LEMON_JEEP_WRANGLER_3000CC_VINM_2023,Jeep,Wrangler,2023,3000,1
LEMON_JEEP_WRANGLER_2000CC_2023,Jeep,Wrangler,2023,2000,1
LEMON_JEEP_WRANGLER_3600CC_VING_2023,Jeep,Wrangler,2023,3600,1
LEMON_JEEP_WRANGLER_3600CC_2023,Jeep,Wrangler,2023,3600,1
LEMON_JEEP_WRANGLER_6400CC_2023,Jeep,Wrangler,2023,6400,1
LEMON_JEEP_WRANGLER_2000CC_VINN_2024,Jeep,Wrangler,2024,2000,1
LEMON_JEEP_WRANGLER_3600CC_VING_2024,Jeep,Wrangler,2024,3600,1
LEMON_JEEP_WRANGLER_2000CC_2024,Jeep,Wrangler,2024,2000,1
LEMON_JEEP_WRANGLER_6400CC_2024,Jeep,Wrangler,2024,6400,1
LEMON_JEEP_WRANGLER_2000CC_VINN_2025,Jeep,Wrangler,2025,2000,1
LEMON_JEEP_WRANGLER_3600CC_VING_2025,Jeep,Wrangler,2025,3600,1
LEMON_JEEP_WRANGLER_2000CC_2025,Jeep,Wrangler,2025,2000,1
LEMON_JEEP_WRANGLER_6400CC_2025,Jeep,Wrangler,2025,6400,1
LEMON_KIA_AMANTI_2004,Kia,Amanti,2004,,1
LEMON_KIA_AMANTI_2005,Kia,Amanti,2005,,1
LEMON_KIA_AMANTI_2006,Kia,Amanti,2006,,1
LEMON_KIA_AMANTI_2007,Kia,Amanti,2007,,1
LEMON_KIA_AMANTI_2008,Kia,Amanti,2008,,1
LEMON_KIA_AMANTI_2009,Kia,Amanti,2009,,1
LEMON_KIA_BORREGO_3800CC_2009,Kia,Borrego,2009,3800,1
LEMON_KIA_BORREGO_4600CC_2009,Kia,Borrego,2009,4600,1
LEMON_KIA_CADENZA_2014,Kia,Cadenza,2014,,1
LEMON_KIA_CADENZA_2015_CADENZALIMIT,Kia,Cadenza,2015,,1
LEMON_KIA_CADENZA_2015_CADENZAPREMI,Kia,Cadenza,2015,,1
LEMON_KIA_CADENZA_2016,Kia,Cadenza,2016,,1
LEMON_KIA_CADENZA_2017,Kia,Cadenza,2017,,1
LEMON_KIA_CADENZA_2018,Kia,Cadenza,2018,,1
LEMON_KIA_CADENZA_2019,Kia,Cadenza,2019,,1
LEMON_KIA_CADENZA_2020,Kia,Cadenza,2020,,1
LEMON_KIA_CARNIVAL_2022,Kia,Carnival,2022,,1
LEMON_KIA_CARNIVAL_2023,Kia,Carnival,2023,,1
LEMON_KIA_CARNIVAL_2024,Kia,Carnival,2024,,1
LEMON_KIA_CARNIVAL_3500CC_2025,Kia,Carnival,2025,3500,1
LEMON_KIA_CARNIVAL_1600CC_2025,Kia,Carnival,2025,1600,1
LEMON_KIA_EV6_2022,Kia,EV6,2022,,1
LEMON_KIA_EV6_2023,Kia,EV6,2023,,1
LEMON_KIA_EV6_2024,Kia,EV6,2024,,1
LEMON_KIA_EV9_2024,Kia,EV9,2024,,1
LEMON_KIA_EV9_2025,Kia,EV9,2025,,1
LEMON_KIA_FORTE_2000CC_2010,Kia,Forte,2010,2000,1
LEMON_KIA_FORTE_2400CC_2010,Kia,Forte,2010,2400,1
LEMON_KIA_FORTE_2000CC_2011,Kia,Forte,2011,2000,1
LEMON_KIA_FORTE_2400CC_2011,Kia,Forte,2011,2400,1
LEMON_KIA_FORTE_2000CC_2012,Kia,Forte,2012,2000,1
LEMON_KIA_FORTE_2400CC_2012,Kia,Forte,2012,2400,1
LEMON_KIA_FORTE_2000CC_2013,Kia,Forte,2013,2000,1
LEMON_KIA_FORTE_2400CC_2013,Kia,Forte,2013,2400,1
LEMON_KIA_FORTE_2014,Kia,Forte,2014,,1
LEMON_KIA_FORTE_2016,Kia,Forte,2016,,1
LEMON_KIA_FORTE_2017,Kia,Forte,2017,,1
LEMON_KIA_FORTE_2018,Kia,Forte,2018,,1
LEMON_KIA_FORTE_2019,Kia,Forte,2019,,1
LEMON_KIA_FORTE_2000CC_2020,Kia,Forte,2020,2000,1
LEMON_KIA_FORTE_1600CC_2020,Kia,Forte,2020,1600,1
LEMON_KIA_FORTE_2000CC_2021,Kia,Forte,2021,2000,1
LEMON_KIA_FORTE_1600CC_2021,Kia,Forte,2021,1600,1
LEMON_KIA_FORTE_2000CC_2022,Kia,Forte,2022,2000,1
LEMON_KIA_FORTE_1600CC_2022,Kia,Forte,2022,1600,1
LEMON_KIA_FORTE_1600CC_2023,Kia,Forte,2023,1600,1
LEMON_KIA_FORTE_2000CC_2023,Kia,Forte,2023,2000,1
LEMON_KIA_FORTE_1600CC_2024,Kia,Forte,2024,1600,1
LEMON_KIA_FORTE_2000CC_2024,Kia,Forte,2024,2000,1
LEMON_KIA_FORTE5_2014,Kia,Forte5,2014,,1
LEMON_KIA_FORTE5_2016,Kia,Forte5,2016,,1
LEMON_KIA_FORTE5_2017,Kia,Forte5,2017,,1
LEMON_KIA_FORTE5_2018,Kia,Forte5,2018,,1
LEMON_KIA_K4_2000CC_2025,Kia,K4,2025,2000,1
LEMON_KIA_K4_1600CC_2025,Kia,K4,2025,1600,1
LEMON_KIA_K5_1600CC_2021,Kia,K5,2021,1600,1
LEMON_KIA_K5_2500CC_2021,Kia,K5,2021,2500,1
LEMON_KIA_K5_2500CC_2022,Kia,K5,2022,2500,1
LEMON_KIA_K5_1600CC_2022,Kia,K5,2022,1600,1
LEMON_KIA_K5_1600CC_2023,Kia,K5,2023,1600,1
LEMON_KIA_K5_2500CC_2023,Kia,K5,2023,2500,1
LEMON_KIA_K5_1600CC_2024,Kia,K5,2024,1600,1
LEMON_KIA_K5_2500CC_2024,Kia,K5,2024,2500,1
LEMON_KIA_K5_2025,Kia,K5,2025,,1
LEMON_KIA_K900_3800CC_2015,Kia,K900,2015,3800,1
LEMON_KIA_K900_5000CC_2015,Kia,K900,2015,5000,1
LEMON_KIA_K900_5000CC_2016,Kia,K900,2016,5000,1
LEMON_KIA_K900_3800CC_2016,Kia,K900,2016,3800,1
LEMON_KIA_K900_3800CC_2017,Kia,K900,2017,3800,1
LEMON_KIA_K900_5000CC_2017,Kia,K900,2017,5000,1
LEMON_KIA_K900_2019,Kia,K900,2019,,1
LEMON_KIA_K900_2020,Kia,K900,2020,,1
LEMON_KIA_NIRO_2017,Kia,Niro,2017,,1
LEMON_KIA_NIRO_2018,Kia,Niro,2018,,1
LEMON_KIA_NIRO_2019,Kia,Niro,2019,,1
LEMON_KIA_NIRO_2020,Kia,Niro,2020,,1
LEMON_KIA_NIRO_2021,Kia,Niro,2021,,1
LEMON_KIA_NIRO_2022,Kia,Niro,2022,,1
LEMON_KIA_NIRO_2023,Kia,Niro,2023,,1
LEMON_KIA_NIRO_2024,Kia,Niro,2024,,1
LEMON_KIA_NIRO_2025,Kia,Niro,2025,,1
LEMON_KIA_OPTIMA_2001,Kia,Optima,2001,,1
LEMON_KIA_OPTIMA_2400CC_2002,Kia,Optima,2002,2400,1
LEMON_KIA_OPTIMA_2700CC_2002,Kia,Optima,2002,2700,1
LEMON_KIA_OPTIMA_2400CC_2003,Kia,Optima,2003,2400,1
LEMON_KIA_OPTIMA_2700CC_2003,Kia,Optima,2003,2700,1
LEMON_KIA_OPTIMA_2700CC_2004,Kia,Optima,2004,2700,1
LEMON_KIA_OPTIMA_2400CC_2004,Kia,Optima,2004,2400,1
LEMON_KIA_OPTIMA_2400CC_2005,Kia,Optima,2005,2400,1
LEMON_KIA_OPTIMA_2700CC_2005,Kia,Optima,2005,2700,1
LEMON_KIA_OPTIMA_2400CC_2006,Kia,Optima,2006,2400,1
LEMON_KIA_OPTIMA_2700CC_2006,Kia,Optima,2006,2700,1
LEMON_KIA_OPTIMA_2400CC_2007,Kia,Optima,2007,2400,1
LEMON_KIA_OPTIMA_2700CC_2007,Kia,Optima,2007,2700,1
LEMON_KIA_OPTIMA_2700CC_2008,Kia,Optima,2008,2700,1
LEMON_KIA_OPTIMA_2400CC_2008,Kia,Optima,2008,2400,1
LEMON_KIA_OPTIMA_2400CC_2009,Kia,Optima,2009,2400,1
LEMON_KIA_OPTIMA_2700CC_2009,Kia,Optima,2009,2700,1
LEMON_KIA_OPTIMA_2400CC_2010,Kia,Optima,2010,2400,1
LEMON_KIA_OPTIMA_2700CC_2010,Kia,Optima,2010,2700,1
LEMON_KIA_OPTIMA_2011,Kia,Optima,2011,,1
LEMON_KIA_OPTIMA_2000CC_VIN6_2012,Kia,Optima,2012,2000,1
LEMON_KIA_OPTIMA_2400CC_2012,Kia,Optima,2012,2400,1
LEMON_KIA_OPTIMA_2400CC_VIN7_2012,Kia,Optima,2012,2400,1
LEMON_KIA_OPTIMA_2000CC_2012,Kia,Optima,2012,2000,1
LEMON_KIA_OPTIMA_2400CC_VIN7_2013,Kia,Optima,2013,2400,1
LEMON_KIA_OPTIMA_2000CC_VIN6_2013,Kia,Optima,2013,2000,1
LEMON_KIA_OPTIMA_2400CC_2013,Kia,Optima,2013,2400,1
LEMON_KIA_OPTIMA_2000CC_2013,Kia,Optima,2013,2000,1
LEMON_KIA_OPTIMA_2400CC_2014,Kia,Optima,2014,2400,1
LEMON_KIA_OPTIMA_2000CC_2014,Kia,Optima,2014,2000,1
LEMON_KIA_OPTIMA_2400CC_2015,Kia,Optima,2015,2400,1
LEMON_KIA_OPTIMA_2000CC_2015,Kia,Optima,2015,2000,1
LEMON_KIA_OPTIMA_2400CC_2016,Kia,Optima,2016,2400,1
LEMON_KIA_OPTIMA_1600CC_2016,Kia,Optima,2016,1600,1
LEMON_KIA_OPTIMA_2000CC_2016,Kia,Optima,2016,2000,1
LEMON_KIA_OPTIMA_2400CC_2017,Kia,Optima,2017,2400,1
LEMON_KIA_OPTIMA_2000CC_VINC_2017,Kia,Optima,2017,2000,1
LEMON_KIA_OPTIMA_2000CC_VINE_2017,Kia,Optima,2017,2000,1
LEMON_KIA_OPTIMA_1600CC_2017,Kia,Optima,2017,1600,1
LEMON_KIA_OPTIMA_2000CC_2017,Kia,Optima,2017,2000,1
LEMON_KIA_OPTIMA_2400CC_2018,Kia,Optima,2018,2400,1
LEMON_KIA_OPTIMA_2000CC_VINC_2018,Kia,Optima,2018,2000,1
LEMON_KIA_OPTIMA_2000CC_VINE_2018,Kia,Optima,2018,2000,1
LEMON_KIA_OPTIMA_2000CC_2018,Kia,Optima,2018,2000,1
LEMON_KIA_OPTIMA_1600CC_2018,Kia,Optima,2018,1600,1
LEMON_KIA_OPTIMA_1600CC_2019,Kia,Optima,2019,1600,1
LEMON_KIA_OPTIMA_2000CC_VINE_2019,Kia,Optima,2019,2000,1
LEMON_KIA_OPTIMA_2000CC_VIND_2019,Kia,Optima,2019,2000,1
LEMON_KIA_OPTIMA_2000CC_VINC_2019,Kia,Optima,2019,2000,1
LEMON_KIA_OPTIMA_2400CC_2019,Kia,Optima,2019,2400,1
LEMON_KIA_OPTIMA_2000CC_VINF_2019,Kia,Optima,2019,2000,1
LEMON_KIA_OPTIMA_2000CC_2019,Kia,Optima,2019,2000,1
LEMON_KIA_OPTIMA_1600CC_2020,Kia,Optima,2020,1600,1
LEMON_KIA_OPTIMA_2400CC_2020,Kia,Optima,2020,2400,1
LEMON_KIA_OPTIMA_2000CC_2020,Kia,Optima,2020,2000,1
LEMON_KIA_RIO_2001,Kia,Rio,2001,,1
LEMON_KIA_RIO_2002,Kia,Rio,2002,,1
LEMON_KIA_RIO_2003,Kia,Rio,2003,,1
LEMON_KIA_RIO_2004,Kia,Rio,2004,,1
LEMON_KIA_RIO_2005,Kia,Rio,2005,,1
LEMON_KIA_RIO_2006,Kia,Rio,2006,,1
LEMON_KIA_RIO_2007,Kia,Rio,2007,,1
LEMON_KIA_RIO_2008,Kia,Rio,2008,,1
LEMON_KIA_RIO_2009,Kia,Rio,2009,,1
LEMON_KIA_RIO_2010,Kia,Rio,2010,,1
LEMON_KIA_RIO_2011,Kia,Rio,2011,,1
LEMON_KIA_RIO_2012,Kia,Rio,2012,,1
LEMON_KIA_RIO_2013,Kia,Rio,2013,,1
LEMON_KIA_RIO_2014,Kia,Rio,2014,,1
LEMON_KIA_RIO_2016,Kia,Rio,2016,,1
LEMON_KIA_RIO_2017,Kia,Rio,2017,,1
LEMON_KIA_RIO_2018,Kia,Rio,2018,,1
LEMON_KIA_RIO_2019,Kia,Rio,2019,,1
LEMON_KIA_RIO_2020,Kia,Rio,2020,,1
LEMON_KIA_RIO_2021,Kia,Rio,2021,,1
LEMON_KIA_RIO_2022,Kia,Rio,2022,,1
LEMON_KIA_RIO_2023,Kia,Rio,2023,,1
LEMON_KIA_RIO5_2006,Kia,Rio5,2006,,1
LEMON_KIA_RIO5_2007,Kia,Rio5,2007,,1
LEMON_KIA_RIO5_2008,Kia,Rio5,2008,,1
LEMON_KIA_RIO5_2009,Kia,Rio5,2009,,1
LEMON_KIA_RIO5_2010,Kia,Rio5,2010,,1
LEMON_KIA_RIO5_2011,Kia,Rio5,2011,,1
LEMON_KIA_RONDO_2400CC_2007,Kia,Rondo,2007,2400,1
LEMON_KIA_RONDO_2700CC_2007,Kia,Rondo,2007,2700,1
LEMON_KIA_RONDO_2400CC_2008,Kia,Rondo,2008,2400,1
LEMON_KIA_RONDO_2700CC_2008,Kia,Rondo,2008,2700,1
LEMON_KIA_RONDO_2400CC_2009,Kia,Rondo,2009,2400,1
LEMON_KIA_RONDO_2700CC_2009,Kia,Rondo,2009,2700,1
LEMON_KIA_RONDO_2400CC_2010,Kia,Rondo,2010,2400,1
LEMON_KIA_RONDO_2700CC_2010,Kia,Rondo,2010,2700,1
LEMON_KIA_SEDONA_2002,Kia,Sedona,2002,,1
LEMON_KIA_SEDONA_2003,Kia,Sedona,2003,,1
LEMON_KIA_SEDONA_2004,Kia,Sedona,2004,,1
LEMON_KIA_SEDONA_2005,Kia,Sedona,2005,,1
LEMON_KIA_SEDONA_2006,Kia,Sedona,2006,,1
LEMON_KIA_SEDONA_2007,Kia,Sedona,2007,,1
LEMON_KIA_SEDONA_2008,Kia,Sedona,2008,,1
LEMON_KIA_SEDONA_2009,Kia,Sedona,2009,,1
LEMON_KIA_SEDONA_2010,Kia,Sedona,2010,,1
LEMON_KIA_SEDONA_2011,Kia,Sedona,2011,,1
LEMON_KIA_SEDONA_2012,Kia,Sedona,2012,,1
LEMON_KIA_SEDONA_2014,Kia,Sedona,2014,,1
LEMON_KIA_SEDONA_2016,Kia,Sedona,2016,,1
LEMON_KIA_SEDONA_2017,Kia,Sedona,2017,,1
LEMON_KIA_SEDONA_2018,Kia,Sedona,2018,,1
LEMON_KIA_SEDONA_2019,Kia,Sedona,2019,,1
LEMON_KIA_SEDONA_2020,Kia,Sedona,2020,,1
LEMON_KIA_SEDONA_2021,Kia,Sedona,2021,,1
LEMON_KIA_SELTOS_2000CC_2021,Kia,Seltos,2021,2000,1
LEMON_KIA_SELTOS_1600CC_2021,Kia,Seltos,2021,1600,1
LEMON_KIA_SELTOS_2000CC_2022,Kia,Seltos,2022,2000,1
LEMON_KIA_SELTOS_1600CC_2022,Kia,Seltos,2022,1600,1
LEMON_KIA_SELTOS_2000CC_2023,Kia,Seltos,2023,2000,1
LEMON_KIA_SELTOS_1600CC_2023,Kia,Seltos,2023,1600,1
LEMON_KIA_SELTOS_2000CC_2024,Kia,Seltos,2024,2000,1
LEMON_KIA_SELTOS_1600CC_2024,Kia,Seltos,2024,1600,1
LEMON_KIA_SELTOS_2000CC_2025,Kia,Seltos,2025,2000,1
LEMON_KIA_SELTOS_1600CC_2025,Kia,Seltos,2025,1600,1
LEMON_KIA_SEPHIA_2000,Kia,Sephia,2000,,1
LEMON_KIA_SEPHIA_2001,Kia,Sephia,2001,,1
LEMON_KIA_SORENTO_2003,Kia,Sorento,2003,,1
LEMON_KIA_SORENTO_2004,Kia,Sorento,2004,,1
LEMON_KIA_SORENTO_2005,Kia,Sorento,2005,,1
LEMON_KIA_SORENTO_2006,Kia,Sorento,2006,,1
LEMON_KIA_SORENTO_2007,Kia,Sorento,2007,,1
LEMON_KIA_SORENTO_2008,Kia,Sorento,2008,,1
LEMON_KIA_SORENTO_2009,Kia,Sorento,2009,,1
LEMON_KIA_SORENTO_2400CC_2011,Kia,Sorento,2011,2400,1
LEMON_KIA_SORENTO_3500CC_2011,Kia,Sorento,2011,3500,1
LEMON_KIA_SORENTO_2400CC_VIN1_2012,Kia,Sorento,2012,2400,1
LEMON_KIA_SORENTO_2400CC_VIN6_2012,Kia,Sorento,2012,2400,1
LEMON_KIA_SORENTO_3500CC_VIN2_2012,Kia,Sorento,2012,3500,1
LEMON_KIA_SORENTO_3500CC_2012,Kia,Sorento,2012,3500,1
LEMON_KIA_SORENTO_2400CC_VIN6_2013,Kia,Sorento,2013,2400,1
LEMON_KIA_SORENTO_3500CC_VIN2_2013,Kia,Sorento,2013,3500,1
LEMON_KIA_SORENTO_2400CC_VIN1_2013,Kia,Sorento,2013,2400,1
LEMON_KIA_SORENTO_3500CC_2013,Kia,Sorento,2013,3500,1
LEMON_KIA_SORENTO_3300CC_2014,Kia,Sorento,2014,3300,1
LEMON_KIA_SORENTO_2400CC_VIN6_2014,Kia,Sorento,2014,2400,1
LEMON_KIA_SORENTO_3300CC_VIN7_2014,Kia,Sorento,2014,3300,1
LEMON_KIA_SORENTO_3300CC_2015,Kia,Sorento,2015,3300,1
LEMON_KIA_SORENTO_2400CC_VIN6_2015,Kia,Sorento,2015,2400,1
LEMON_KIA_SORENTO_3300CC_VIN7_2015,Kia,Sorento,2015,3300,1
LEMON_KIA_SORENTO_2000CC_VIN1_2016,Kia,Sorento,2016,2000,1
LEMON_KIA_SORENTO_3300CC_VIN5_2016,Kia,Sorento,2016,3300,1
LEMON_KIA_SORENTO_2400CC_2016,Kia,Sorento,2016,2400,1
LEMON_KIA_SORENTO_2400CC_VIN3_2016,Kia,Sorento,2016,2400,1
LEMON_KIA_SORENTO_3300CC_2016,Kia,Sorento,2016,3300,1
LEMON_KIA_SORENTO_2000CC_VIN1_2017,Kia,Sorento,2017,2000,1
LEMON_KIA_SORENTO_3300CC_VIN5_2017,Kia,Sorento,2017,3300,1
LEMON_KIA_SORENTO_2400CC_2017,Kia,Sorento,2017,2400,1
LEMON_KIA_SORENTO_2400CC_VIN3_2017,Kia,Sorento,2017,2400,1
LEMON_KIA_SORENTO_3300CC_2017,Kia,Sorento,2017,3300,1
LEMON_KIA_SORENTO_2000CC_VIN1_2018,Kia,Sorento,2018,2000,1
LEMON_KIA_SORENTO_3300CC_VIN5_2018,Kia,Sorento,2018,3300,1
LEMON_KIA_SORENTO_2400CC_2018,Kia,Sorento,2018,2400,1
LEMON_KIA_SORENTO_2400CC_VIN3_2018,Kia,Sorento,2018,2400,1
LEMON_KIA_SORENTO_3300CC_2018,Kia,Sorento,2018,3300,1
LEMON_KIA_SORENTO_3300CC_2019,Kia,Sorento,2019,3300,1
LEMON_KIA_SORENTO_2400CC_2019,Kia,Sorento,2019,2400,1
LEMON_KIA_SORENTO_2400CC_VIN3_2019,Kia,Sorento,2019,2400,1
LEMON_KIA_SORENTO_3300CC_VIN5_2019,Kia,Sorento,2019,3300,1
LEMON_KIA_SORENTO_3300CC_2020,Kia,Sorento,2020,3300,1
LEMON_KIA_SORENTO_2400CC_2020,Kia,Sorento,2020,2400,1
LEMON_KIA_SORENTO_2400CC_VIN3_2020,Kia,Sorento,2020,2400,1
LEMON_KIA_SORENTO_3300CC_VIN5_2020,Kia,Sorento,2020,3300,1
LEMON_KIA_SORENTO_2500CC_2021,Kia,Sorento,2021,2500,1
LEMON_KIA_SORENTO_1600CC_2021,Kia,Sorento,2021,1600,1
LEMON_KIA_SORENTO_1600CC_2022,Kia,Sorento,2022,1600,1
LEMON_KIA_SORENTO_2500CC_2022,Kia,Sorento,2022,2500,1
LEMON_KIA_SORENTO_2500CC_2023,Kia,Sorento,2023,2500,1
LEMON_KIA_SORENTO_1600CC_2023,Kia,Sorento,2023,1600,1
LEMON_KIA_SORENTO_2500CC_2024,Kia,Sorento,2024,2500,1
LEMON_KIA_SORENTO_1600CC_2024,Kia,Sorento,2024,1600,1
LEMON_KIA_SORENTO_1600CC_2025,Kia,Sorento,2025,1600,1
LEMON_KIA_SORENTO_2500CC_2025,Kia,Sorento,2025,2500,1
LEMON_KIA_SOUL_2000CC_2010,Kia,Soul,2010,2000,1
LEMON_KIA_SOUL_1600CC_2010,Kia,Soul,2010,1600,1
LEMON_KIA_SOUL_2000CC_2011,Kia,Soul,2011,2000,1
LEMON_KIA_SOUL_1600CC_2011,Kia,Soul,2011,1600,1
LEMON_KIA_SOUL_2000CC_2012,Kia,Soul,2012,2000,1
LEMON_KIA_SOUL_1600CC_2012,Kia,Soul,2012,1600,1
LEMON_KIA_SOUL_2000CC_2013,Kia,Soul,2013,2000,1
LEMON_KIA_SOUL_1600CC_2013,Kia,Soul,2013,1600,1
LEMON_KIA_SOUL_1600CC_2014,Kia,Soul,2014,1600,1
LEMON_KIA_SOUL_2000CC_2014,Kia,Soul,2014,2000,1
LEMON_KIA_SOUL_2000CC_2015,Kia,Soul,2015,2000,1
LEMON_KIA_SOUL_1600CC_2015,Kia,Soul,2015,1600,1
LEMON_KIA_SOUL_2015_SOULEV,Kia,Soul,2015,,1
LEMON_KIA_SOUL_2015_SOULEVBASE,Kia,Soul,2015,,1
LEMON_KIA_SOUL_2000CC_2016,Kia,Soul,2016,2000,1
LEMON_KIA_SOUL_1600CC_2016,Kia,Soul,2016,1600,1
LEMON_KIA_SOUL_2016,Kia,Soul,2016,,1
LEMON_KIA_SOUL_2000CC_2017,Kia,Soul,2017,2000,1
LEMON_KIA_SOUL_1600CC_2017,Kia,Soul,2017,1600,1
LEMON_KIA_SOUL_2017,Kia,Soul,2017,,1
LEMON_KIA_SOUL_1600CC_2018,Kia,Soul,2018,1600,1
LEMON_KIA_SOUL_2000CC_2018,Kia,Soul,2018,2000,1
LEMON_KIA_SOUL_2018,Kia,Soul,2018,,1
LEMON_KIA_SOUL_1600CC_2019,Kia,Soul,2019,1600,1
LEMON_KIA_SOUL_2000CC_2019,Kia,Soul,2019,2000,1
LEMON_KIA_SOUL_2019,Kia,Soul,2019,,1
LEMON_KIA_SOUL_2000CC_2020,Kia,Soul,2020,2000,1
LEMON_KIA_SOUL_1600CC_2020,Kia,Soul,2020,1600,1
LEMON_KIA_SOUL_2000CC_2021,Kia,Soul,2021,2000,1
LEMON_KIA_SOUL_1600CC_2021,Kia,Soul,2021,1600,1
LEMON_KIA_SOUL_2000CC_2022,Kia,Soul,2022,2000,1
LEMON_KIA_SOUL_1600CC_2022,Kia,Soul,2022,1600,1
LEMON_KIA_SOUL_2023,Kia,Soul,2023,,1
LEMON_KIA_SOUL_2024,Kia,Soul,2024,,1
LEMON_KIA_SOUL_2025,Kia,Soul,2025,,1
LEMON_KIA_SPECTRA_2000,Kia,Spectra,2000,,1
LEMON_KIA_SPECTRA_2001,Kia,Spectra,2001,,1
LEMON_KIA_SPECTRA_2002,Kia,Spectra,2002,,1
LEMON_KIA_SPECTRA_2003,Kia,Spectra,2003,,1
LEMON_KIA_SPECTRA_2004,Kia,Spectra,2004,,1
LEMON_KIA_SPECTRA_2005,Kia,Spectra,2005,,1
LEMON_KIA_SPECTRA_2006,Kia,Spectra,2006,,1
LEMON_KIA_SPECTRA_2007,Kia,Spectra,2007,,1
LEMON_KIA_SPECTRA_2008,Kia,Spectra,2008,,1
LEMON_KIA_SPECTRA_2009,Kia,Spectra,2009,,1
LEMON_KIA_SPECTRA5_2005,Kia,Spectra5,2005,,1
LEMON_KIA_SPECTRA5_2006,Kia,Spectra5,2006,,1
LEMON_KIA_SPECTRA5_2007,Kia,Spectra5,2007,,1
LEMON_KIA_SPECTRA5_2008,Kia,Spectra5,2008,,1
LEMON_KIA_SPECTRA5_2009,Kia,Spectra5,2009,,1
LEMON_KIA_SPORTAGE_2000,Kia,Sportage,2000,,1
LEMON_KIA_SPORTAGE_2001,Kia,Sportage,2001,,1
LEMON_KIA_SPORTAGE_2002,Kia,Sportage,2002,,1
LEMON_KIA_SPORTAGE_2700CC_2005,Kia,Sportage,2005,2700,1
LEMON_KIA_SPORTAGE_2000CC_2005,Kia,Sportage,2005,2000,1
LEMON_KIA_SPORTAGE_2000CC_2006,Kia,Sportage,2006,2000,1
LEMON_KIA_SPORTAGE_2700CC_2006,Kia,Sportage,2006,2700,1
LEMON_KIA_SPORTAGE_2700CC_2007,Kia,Sportage,2007,2700,1
LEMON_KIA_SPORTAGE_2000CC_2007,Kia,Sportage,2007,2000,1
LEMON_KIA_SPORTAGE_2700CC_2008,Kia,Sportage,2008,2700,1
LEMON_KIA_SPORTAGE_2000CC_2008,Kia,Sportage,2008,2000,1
LEMON_KIA_SPORTAGE_2700CC_2009,Kia,Sportage,2009,2700,1
LEMON_KIA_SPORTAGE_2000CC_2009,Kia,Sportage,2009,2000,1
LEMON_KIA_SPORTAGE_2700CC_2010,Kia,Sportage,2010,2700,1
LEMON_KIA_SPORTAGE_2000CC_2010,Kia,Sportage,2010,2000,1
LEMON_KIA_SPORTAGE_2011,Kia,Sportage,2011,,1
LEMON_KIA_SPORTAGE_2400CC_2012,Kia,Sportage,2012,2400,1
LEMON_KIA_SPORTAGE_2000CC_2012,Kia,Sportage,2012,2000,1
LEMON_KIA_SPORTAGE_2400CC_2013,Kia,Sportage,2013,2400,1
LEMON_KIA_SPORTAGE_2000CC_2013,Kia,Sportage,2013,2000,1
LEMON_KIA_SPORTAGE_2400CC_2014,Kia,Sportage,2014,2400,1
LEMON_KIA_SPORTAGE_2000CC_2014,Kia,Sportage,2014,2000,1
LEMON_KIA_SPORTAGE_2400CC_2015,Kia,Sportage,2015,2400,1
LEMON_KIA_SPORTAGE_2000CC_2015,Kia,Sportage,2015,2000,1
LEMON_KIA_SPORTAGE_2400CC_2016,Kia,Sportage,2016,2400,1
LEMON_KIA_SPORTAGE_2000CC_2016,Kia,Sportage,2016,2000,1
LEMON_KIA_SPORTAGE_2400CC_2017,Kia,Sportage,2017,2400,1
LEMON_KIA_SPORTAGE_2000CC_2017,Kia,Sportage,2017,2000,1
LEMON_KIA_SPORTAGE_2400CC_2018,Kia,Sportage,2018,2400,1
LEMON_KIA_SPORTAGE_2000CC_2018,Kia,Sportage,2018,2000,1
LEMON_KIA_SPORTAGE_2400CC_2019,Kia,Sportage,2019,2400,1
LEMON_KIA_SPORTAGE_2000CC_2019,Kia,Sportage,2019,2000,1
LEMON_KIA_SPORTAGE_2400CC_2020,Kia,Sportage,2020,2400,1
LEMON_KIA_SPORTAGE_2000CC_2020,Kia,Sportage,2020,2000,1
LEMON_KIA_SPORTAGE_2400CC_2021,Kia,Sportage,2021,2400,1
LEMON_KIA_SPORTAGE_2000CC_2021,Kia,Sportage,2021,2000,1
LEMON_KIA_SPORTAGE_2400CC_2022,Kia,Sportage,2022,2400,1
LEMON_KIA_SPORTAGE_2000CC_2022,Kia,Sportage,2022,2000,1
LEMON_KIA_SPORTAGE_2500CC_2023,Kia,Sportage,2023,2500,1
LEMON_KIA_SPORTAGE_1600CC_2023,Kia,Sportage,2023,1600,1
LEMON_KIA_SPORTAGE_2500CC_2024,Kia,Sportage,2024,2500,1
LEMON_KIA_SPORTAGE_1600CC_2024,Kia,Sportage,2024,1600,1
LEMON_KIA_SPORTAGE_2500CC_2025,Kia,Sportage,2025,2500,1
LEMON_KIA_SPORTAGE_1600CC_2025,Kia,Sportage,2025,1600,1
LEMON_KIA_STINGER_2000CC_2018,Kia,Stinger,2018,2000,1
LEMON_KIA_STINGER_3300CC_2018,Kia,Stinger,2018,3300,1
LEMON_KIA_STINGER_2000CC_2019,Kia,Stinger,2019,2000,1
LEMON_KIA_STINGER_3300CC_2019,Kia,Stinger,2019,3300,1
LEMON_KIA_STINGER_3300CC_2020,Kia,Stinger,2020,3300,1
LEMON_KIA_STINGER_2000CC_2020,Kia,Stinger,2020,2000,1
LEMON_KIA_STINGER_3300CC_2021,Kia,Stinger,2021,3300,1
LEMON_KIA_STINGER_2000CC_2021,Kia,Stinger,2021,2000,1
LEMON_KIA_STINGER_2500CC_2022,Kia,Stinger,2022,2500,1
LEMON_KIA_STINGER_3300CC_2022,Kia,Stinger,2022,3300,1
LEMON_KIA_STINGER_2500CC_2023,Kia,Stinger,2023,2500,1
LEMON_KIA_STINGER_3300CC_2023,Kia,Stinger,2023,3300,1
LEMON_KIA_TELLURIDE_2020,Kia,Telluride,2020,,1
LEMON_KIA_TELLURIDE_2021,Kia,Telluride,2021,,1
LEMON_KIA_TELLURIDE_2022,Kia,Telluride,2022,,1
LEMON_KIA_TELLURIDE_2023,Kia,Telluride,2023,,1
LEMON_KIA_TELLURIDE_2024,Kia,Telluride,2024,,1
LEMON_KIA_TELLURIDE_2025,Kia,Telluride,2025,,1
LEMON_LAND_ROVER_DEFENDER_2000CC_VINX_2020,Land Rover,Defender,2020,2000,1
LEMON_LAND_ROVER_DEFENDER_3000CC_2020,Land Rover,Defender,2020,3000,1
LEMON_LAND_ROVER_DEFENDER_2000CC_2020,Land Rover,Defender,2020,2000,1
LEMON_LAND_ROVER_DEFENDER_3000CC_VINU_2020,Land Rover,Defender,2020,3000,1
LEMON_LAND_ROVER_DEFENDER_3000CC_2021,Land Rover,Defender,2021,3000,1
LEMON_LAND_ROVER_DEFENDER_2000CC_2021,Land Rover,Defender,2021,2000,1
LEMON_LAND_ROVER_DEFENDER_3000CC_2022,Land Rover,Defender,2022,3000,1
LEMON_LAND_ROVER_DEFENDER_2000CC_2022,Land Rover,Defender,2022,2000,1
LEMON_LAND_ROVER_DEFENDER_5000CC_2022,Land Rover,Defender,2022,5000,1
LEMON_LAND_ROVER_DEFENDER_2000CC_2023,Land Rover,Defender,2023,2000,1
LEMON_LAND_ROVER_DEFENDER_3000CC_2023,Land Rover,Defender,2023,3000,1
LEMON_LAND_ROVER_DEFENDER_5000CC_2023,Land Rover,Defender,2023,5000,1
LEMON_LAND_ROVER_DEFENDER_2000CC_VINX_2024,Land Rover,Defender,2024,2000,1
LEMON_LAND_ROVER_DEFENDER_3000CC_2024,Land Rover,Defender,2024,3000,1
LEMON_LAND_ROVER_DEFENDER_5000CC_2024,Land Rover,Defender,2024,5000,1
LEMON_LAND_ROVER_DEFENDER_3000CC_VINU_2024,Land Rover,Defender,2024,3000,1
LEMON_LAND_ROVER_DEFENDER_2000CC_2024,Land Rover,Defender,2024,2000,1
LEMON_LAND_ROVER_DISCOVERY_2000,Land Rover,Discovery,2000,,1
LEMON_LAND_ROVER_DISCOVERY_2001,Land Rover,Discovery,2001,,1
LEMON_LAND_ROVER_DISCOVERY_2002,Land Rover,Discovery,2002,,1
LEMON_LAND_ROVER_DISCOVERY_2003,Land Rover,Discovery,2003,,1
LEMON_LAND_ROVER_DISCOVERY_2004,Land Rover,Discovery,2004,,1
LEMON_LAND_ROVER_DISCOVERY_2015_DISCOVERYSPO,Land Rover,Discovery,2015,,1
LEMON_LAND_ROVER_DISCOVERY_2016,Land Rover,Discovery,2016,,1
LEMON_LAND_ROVER_DISCOVERY_3000CC_VINV_2017,Land Rover,Discovery,2017,3000,1
LEMON_LAND_ROVER_DISCOVERY_3000CC_VINK_2017,Land Rover,Discovery,2017,3000,1
LEMON_LAND_ROVER_DISCOVERY_2017,Land Rover,Discovery,2017,,1
LEMON_LAND_ROVER_DISCOVERY_2018,Land Rover,Discovery,2018,,1
LEMON_LAND_ROVER_DISCOVERY_3000CC_VINK_2018,Land Rover,Discovery,2018,3000,1
LEMON_LAND_ROVER_DISCOVERY_3000CC_VINV_2018,Land Rover,Discovery,2018,3000,1
LEMON_LAND_ROVER_DISCOVERY_3000CC_VINK_2019,Land Rover,Discovery,2019,3000,1
LEMON_LAND_ROVER_DISCOVERY_3000CC_VINV_2019,Land Rover,Discovery,2019,3000,1
LEMON_LAND_ROVER_DISCOVERY_2019,Land Rover,Discovery,2019,,1
LEMON_LAND_ROVER_DISCOVERY_3000CC_VINK_2020,Land Rover,Discovery,2020,3000,1
LEMON_LAND_ROVER_DISCOVERY_3000CC_VINV_2020,Land Rover,Discovery,2020,3000,1
LEMON_LAND_ROVER_DISCOVERY_2020,Land Rover,Discovery,2020,,1
LEMON_LAND_ROVER_DISCOVERY_3000CC_2021,Land Rover,Discovery,2021,3000,1
LEMON_LAND_ROVER_DISCOVERY_2000CC_VINX_2021,Land Rover,Discovery,2021,2000,1
LEMON_LAND_ROVER_DISCOVERY_2000CC_2021,Land Rover,Discovery,2021,2000,1
LEMON_LAND_ROVER_DISCOVERY_3000CC_VINU_2021,Land Rover,Discovery,2021,3000,1
LEMON_LAND_ROVER_DISCOVERY_2021,Land Rover,Discovery,2021,,1
LEMON_LAND_ROVER_DISCOVERY_2000CC_VINX_2022,Land Rover,Discovery,2022,2000,1
LEMON_LAND_ROVER_DISCOVERY_3000CC_VINU_2022,Land Rover,Discovery,2022,3000,1
LEMON_LAND_ROVER_DISCOVERY_2022,Land Rover,Discovery,2022,,1
LEMON_LAND_ROVER_DISCOVERY_3000CC_2022,Land Rover,Discovery,2022,3000,1
LEMON_LAND_ROVER_DISCOVERY_2000CC_2022,Land Rover,Discovery,2022,2000,1
LEMON_LAND_ROVER_DISCOVERY_3000CC_2023,Land Rover,Discovery,2023,3000,1
LEMON_LAND_ROVER_DISCOVERY_2000CC_VINX_2023,Land Rover,Discovery,2023,2000,1
LEMON_LAND_ROVER_DISCOVERY_3000CC_VINU_2023,Land Rover,Discovery,2023,3000,1
LEMON_LAND_ROVER_DISCOVERY_2023,Land Rover,Discovery,2023,,1
LEMON_LAND_ROVER_DISCOVERY_2000CC_2023,Land Rover,Discovery,2023,2000,1
LEMON_LAND_ROVER_DISCOVERY_3000CC_VINU_2024,Land Rover,Discovery,2024,3000,1
LEMON_LAND_ROVER_DISCOVERY_2000CC_VINX_2024,Land Rover,Discovery,2024,2000,1
LEMON_LAND_ROVER_DISCOVERY_2024,Land Rover,Discovery,2024,,1
LEMON_LAND_ROVER_DISCOVERY_3000CC_2024,Land Rover,Discovery,2024,3000,1
LEMON_LAND_ROVER_DISCOVERY_2000CC_2024,Land Rover,Discovery,2024,2000,1
LEMON_LAND_ROVER_DISCOVERY_3000CC_VINU_2025,Land Rover,Discovery,2025,3000,1
LEMON_LAND_ROVER_DISCOVERY_3000CC_2025,Land Rover,Discovery,2025,3000,1
LEMON_LAND_ROVER_DISCOVERY_2000CC_VINX_2025,Land Rover,Discovery,2025,2000,1
LEMON_LAND_ROVER_DISCOVERY_2025,Land Rover,Discovery,2025,,1
LEMON_LAND_ROVER_DISCOVERY_2000CC_2025,Land Rover,Discovery,2025,2000,1
LEMON_LAND_ROVER_FREELANDER_2002,Land Rover,Freelander,2002,,1
LEMON_LAND_ROVER_FREELANDER_2003,Land Rover,Freelander,2003,,1
LEMON_LAND_ROVER_FREELANDER_2004,Land Rover,Freelander,2004,,1
LEMON_LAND_ROVER_FREELANDER_2005,Land Rover,Freelander,2005,,1
LEMON_LAND_ROVER_LR2_2008,Land Rover,LR2,2008,,1
LEMON_LAND_ROVER_LR2_2009,Land Rover,LR2,2009,,1
LEMON_LAND_ROVER_LR2_2010,Land Rover,LR2,2010,,1
LEMON_LAND_ROVER_LR2_2011,Land Rover,LR2,2011,,1
LEMON_LAND_ROVER_LR2_2012,Land Rover,LR2,2012,,1
LEMON_LAND_ROVER_LR2_2013,Land Rover,LR2,2013,,1
LEMON_LAND_ROVER_LR2_2014,Land Rover,LR2,2014,,1
LEMON_LAND_ROVER_LR2_2015_LR2BASE,Land Rover,LR2,2015,,1
LEMON_LAND_ROVER_LR2_2015_LR2HSELUX,Land Rover,LR2,2015,,1
LEMON_LAND_ROVER_LR2_2015_LR2HSE,Land Rover,LR2,2015,,1
LEMON_LAND_ROVER_LR3_4400CC_2005,Land Rover,LR3,2005,4400,1
LEMON_LAND_ROVER_LR3_4000CC_2005,Land Rover,LR3,2005,4000,1
LEMON_LAND_ROVER_LR3_4400CC_2006,Land Rover,LR3,2006,4400,1
LEMON_LAND_ROVER_LR3_4000CC_2006,Land Rover,LR3,2006,4000,1
LEMON_LAND_ROVER_LR3_4000CC_2007,Land Rover,LR3,2007,4000,1
LEMON_LAND_ROVER_LR3_4400CC_2007,Land Rover,LR3,2007,4400,1
LEMON_LAND_ROVER_LR3_2008,Land Rover,LR3,2008,,1
LEMON_LAND_ROVER_LR3_2009,Land Rover,LR3,2009,,1
LEMON_LAND_ROVER_LR4_2010,Land Rover,LR4,2010,,1
LEMON_LAND_ROVER_LR4_2011,Land Rover,LR4,2011,,1
LEMON_LAND_ROVER_LR4_2012,Land Rover,LR4,2012,,1
LEMON_LAND_ROVER_LR4_2013,Land Rover,LR4,2013,,1
LEMON_LAND_ROVER_LR4_2014,Land Rover,LR4,2014,,1
LEMON_LAND_ROVER_LR4_2016,Land Rover,LR4,2016,,1
LEMON_LAND_ROVER_RANGE_2000,Land Rover,Range,2000,,1
LEMON_LAND_ROVER_RANGE_2001,Land Rover,Range,2001,,1
LEMON_LAND_ROVER_RANGE_2002,Land Rover,Range,2002,,1
LEMON_LAND_ROVER_RANGE_2003,Land Rover,Range,2003,,1
LEMON_LAND_ROVER_RANGE_2004,Land Rover,Range,2004,,1
LEMON_LAND_ROVER_RANGE_2005,Land Rover,Range,2005,,1
LEMON_LAND_ROVER_RANGE_2006,Land Rover,Range,2006,,1
LEMON_LAND_ROVER_RANGE_4200CC_2006,Land Rover,Range,2006,4200,1
LEMON_LAND_ROVER_RANGE_4400CC_2006,Land Rover,Range,2006,4400,1
LEMON_LAND_ROVER_RANGE_4200CC_2007,Land Rover,Range,2007,4200,1
LEMON_LAND_ROVER_RANGE_4400CC_2007,Land Rover,Range,2007,4400,1
LEMON_LAND_ROVER_RANGE_4400CC_2008,Land Rover,Range,2008,4400,1
LEMON_LAND_ROVER_RANGE_4200CC_2008,Land Rover,Range,2008,4200,1
LEMON_LAND_ROVER_RANGE_2009,Land Rover,Range,2009,,1
LEMON_LAND_ROVER_RANGE_2010,Land Rover,Range,2010,,1
LEMON_LAND_ROVER_RANGE_2011,Land Rover,Range,2011,,1
LEMON_LAND_ROVER_RANGE_5000CC_VIND_2012,Land Rover,Range,2012,5000,1
LEMON_LAND_ROVER_RANGE_2012,Land Rover,Range,2012,,1
LEMON_LAND_ROVER_RANGE_5000CC_VINE_2012,Land Rover,Range,2012,5000,1
LEMON_LAND_ROVER_RANGE_2013,Land Rover,Range,2013,,1
LEMON_LAND_ROVER_RANGE_5000CC_2014,Land Rover,Range,2014,5000,1
LEMON_LAND_ROVER_RANGE_3000CC_2014,Land Rover,Range,2014,3000,1
LEMON_LAND_ROVER_RANGE_2014,Land Rover,Range,2014,,1
LEMON_LAND_ROVER_RANGE_3000CC_VINV_2014,Land Rover,Range,2014,3000,1
LEMON_LAND_ROVER_RANGE_3000CC_VINW_2014,Land Rover,Range,2014,3000,1
LEMON_LAND_ROVER_RANGE_5000CC_2015,Land Rover,Range,2015,5000,1
LEMON_LAND_ROVER_RANGE_3000CC_2015,Land Rover,Range,2015,3000,1
LEMON_LAND_ROVER_RANGE_2015_RANGEROVEREV,Land Rover,Range,2015,,1
LEMON_LAND_ROVER_RANGE_5000CC_2016,Land Rover,Range,2016,5000,1
LEMON_LAND_ROVER_RANGE_3000CC_VINK_2016,Land Rover,Range,2016,3000,1
LEMON_LAND_ROVER_RANGE_3000CC_VINV_2016,Land Rover,Range,2016,3000,1
LEMON_LAND_ROVER_RANGE_3000CC_VINP_2016,Land Rover,Range,2016,3000,1
LEMON_LAND_ROVER_RANGE_2016,Land Rover,Range,2016,,1
LEMON_LAND_ROVER_RANGE_2017,Land Rover,Range,2017,,1
LEMON_LAND_ROVER_RANGE_3000CC_VINK_2017,Land Rover,Range,2017,3000,1
LEMON_LAND_ROVER_RANGE_3000CC_VINV_2017,Land Rover,Range,2017,3000,1
LEMON_LAND_ROVER_RANGE_3000CC_VINK_2018,Land Rover,Range,2018,3000,1
LEMON_LAND_ROVER_RANGE_2018,Land Rover,Range,2018,,1
LEMON_LAND_ROVER_RANGE_3000CC_VINV_2018,Land Rover,Range,2018,3000,1
LEMON_LAND_ROVER_RANGE_2000CC_2018,Land Rover,Range,2018,2000,1
LEMON_LAND_ROVER_RANGE_3000CC_2018,Land Rover,Range,2018,3000,1
LEMON_LAND_ROVER_RANGE_2000CC_VINN_2018,Land Rover,Range,2018,2000,1
LEMON_LAND_ROVER_RANGE_2000CC_VINX_2018,Land Rover,Range,2018,2000,1
LEMON_LAND_ROVER_RANGE_2019,Land Rover,Range,2019,,1
LEMON_LAND_ROVER_RANGE_3000CC_VINV_2019,Land Rover,Range,2019,3000,1
LEMON_LAND_ROVER_RANGE_3000CC_VINK_2019,Land Rover,Range,2019,3000,1
LEMON_LAND_ROVER_RANGE_2000CC_VINY_2019,Land Rover,Range,2019,2000,1
LEMON_LAND_ROVER_RANGE_3000CC_VINU_2019,Land Rover,Range,2019,3000,1
LEMON_LAND_ROVER_RANGE_3000CC_2019,Land Rover,Range,2019,3000,1
LEMON_LAND_ROVER_RANGE_2000CC_VINX_2019,Land Rover,Range,2019,2000,1
LEMON_LAND_ROVER_RANGE_2000CC_VINN_2019,Land Rover,Range,2019,2000,1
LEMON_LAND_ROVER_RANGE_2000CC_2019,Land Rover,Range,2019,2000,1
LEMON_LAND_ROVER_RANGE_2000CC_VINY_2021,Land Rover,Range,2021,2000,1
LEMON_LAND_ROVER_RANGE_5000CC_VINE_2021,Land Rover,Range,2021,5000,1
LEMON_LAND_ROVER_RANGE_3000CC_VINU_2021,Land Rover,Range,2021,3000,1
LEMON_LAND_ROVER_RANGE_3000CC_2021,Land Rover,Range,2021,3000,1
LEMON_LAND_ROVER_RANGE_5000CC_2021,Land Rover,Range,2021,5000,1
LEMON_LAND_ROVER_RANGE_3000CC_VINK_2021,Land Rover,Range,2021,3000,1
LEMON_LAND_ROVER_RANGE_2021,Land Rover,Range,2021,,1
LEMON_LAND_ROVER_RANGE_2000CC_VINX_2021,Land Rover,Range,2021,2000,1
LEMON_LAND_ROVER_RANGE_5000CC_VINE_2022,Land Rover,Range,2022,5000,1
LEMON_LAND_ROVER_RANGE_3000CC_2022,Land Rover,Range,2022,3000,1
LEMON_LAND_ROVER_RANGE_3000CC_VINU_2022,Land Rover,Range,2022,3000,1
LEMON_LAND_ROVER_RANGE_5000CC_2022,Land Rover,Range,2022,5000,1
LEMON_LAND_ROVER_RANGE_2022,Land Rover,Range,2022,,1
LEMON_LAND_ROVER_RANGE_2000CC_VINX_2022,Land Rover,Range,2022,2000,1
LEMON_LAND_ROVER_RANGE_4400CC_2023,Land Rover,Range,2023,4400,1
LEMON_LAND_ROVER_RANGE_3000CC_VIN4_2023,Land Rover,Range,2023,3000,1
LEMON_LAND_ROVER_RANGE_3000CC_VINU_2023,Land Rover,Range,2023,3000,1
LEMON_LAND_ROVER_RANGE_4400CC_VIN7_2023,Land Rover,Range,2023,4400,1
LEMON_LAND_ROVER_RANGE_2023,Land Rover,Range,2023,,1
LEMON_LAND_ROVER_RANGE_3000CC_2023,Land Rover,Range,2023,3000,1
LEMON_LAND_ROVER_RANGE_2000CC_VINX_2023,Land Rover,Range,2023,2000,1
LEMON_LAND_ROVER_RANGE_2000CC_2023,Land Rover,Range,2023,2000,1
LEMON_LAND_ROVER_RANGE_3000CC_VIN4_2024,Land Rover,Range,2024,3000,1
LEMON_LAND_ROVER_RANGE_4400CC_VIN9_2024,Land Rover,Range,2024,4400,1
LEMON_LAND_ROVER_RANGE_3000CC_VINU_2024,Land Rover,Range,2024,3000,1
LEMON_LAND_ROVER_RANGE_2024,Land Rover,Range,2024,,1
LEMON_LAND_ROVER_RANGE_3000CC_2024,Land Rover,Range,2024,3000,1
LEMON_LAND_ROVER_RANGE_4400CC_2024,Land Rover,Range,2024,4400,1
LEMON_LAND_ROVER_RANGE_2000CC_VINX_2024,Land Rover,Range,2024,2000,1
LEMON_LAND_ROVER_RANGE_2000CC_2024,Land Rover,Range,2024,2000,1
LEMON_LAND_ROVER_RANGE_4400CC_2025,Land Rover,Range,2025,4400,1
LEMON_LAND_ROVER_RANGE_3000CC_2025,Land Rover,Range,2025,3000,1
LEMON_LAND_ROVER_RANGE_3000CC_VINU_2025,Land Rover,Range,2025,3000,1
LEMON_LAND_ROVER_RANGE_2025,Land Rover,Range,2025,,1
LEMON_LAND_ROVER_RANGE_4400CC_VIN9_2025,Land Rover,Range,2025,4400,1
LEMON_LAND_ROVER_RANGE_2000CC_VINX_2025,Land Rover,Range,2025,2000,1
LEMON_LAND_ROVER_RANGE_2000CC_2025,Land Rover,Range,2025,2000,1
LEMON_LEXUS_CT_2011,Lexus,CT,2011,,1
LEMON_LEXUS_CT_2012,Lexus,CT,2012,,1
LEMON_LEXUS_CT_2013,Lexus,CT,2013,,1
LEMON_LEXUS_CT_2014,Lexus,CT,2014,,1
LEMON_LEXUS_CT_2015_CT200HFSPORT,Lexus,CT,2015,,1
LEMON_LEXUS_CT_2015_CT200HBASE,Lexus,CT,2015,,1
LEMON_LEXUS_CT_2016,Lexus,CT,2016,,1
LEMON_LEXUS_CT_2017,Lexus,CT,2017,,1
LEMON_LEXUS_ES_2000,Lexus,ES,2000,,1
LEMON_LEXUS_ES_2001,Lexus,ES,2001,,1
LEMON_LEXUS_ES_2002,Lexus,ES,2002,,1
LEMON_LEXUS_ES_2003,Lexus,ES,2003,,1
LEMON_LEXUS_ES_2004,Lexus,ES,2004,,1
LEMON_LEXUS_ES_2005,Lexus,ES,2005,,1
LEMON_LEXUS_ES_2006,Lexus,ES,2006,,1
LEMON_LEXUS_ES_2007,Lexus,ES,2007,,1
LEMON_LEXUS_ES_2008,Lexus,ES,2008,,1
LEMON_LEXUS_ES_2009,Lexus,ES,2009,,1
LEMON_LEXUS_ES_2010,Lexus,ES,2010,,1
LEMON_LEXUS_ES_2011,Lexus,ES,2011,,1
LEMON_LEXUS_ES_2013,Lexus,ES,2013,,1
LEMON_LEXUS_ES_2014,Lexus,ES,2014,,1
LEMON_LEXUS_ES_2015_ES350,Lexus,ES,2015,,1
LEMON_LEXUS_ES_2015_ES300H,Lexus,ES,2015,,1
LEMON_LEXUS_ES_2016,Lexus,ES,2016,,1
LEMON_LEXUS_ES_2017,Lexus,ES,2017,,1
LEMON_LEXUS_ES_2018,Lexus,ES,2018,,1
LEMON_LEXUS_ES_2019,Lexus,ES,2019,,1
LEMON_LEXUS_ES_2020,Lexus,ES,2020,,1
LEMON_LEXUS_ES_2021,Lexus,ES,2021,,1
LEMON_LEXUS_ES_2022,Lexus,ES,2022,,1
LEMON_LEXUS_ES_2023,Lexus,ES,2023,,1
LEMON_LEXUS_ES_2024,Lexus,ES,2024,,1
LEMON_LEXUS_ES_2025,Lexus,ES,2025,,1
LEMON_LEXUS_GS_2000,Lexus,GS,2000,,1
LEMON_LEXUS_GS_2001,Lexus,GS,2001,,1
LEMON_LEXUS_GS_2002,Lexus,GS,2002,,1
LEMON_LEXUS_GS_2003,Lexus,GS,2003,,1
LEMON_LEXUS_GS_2004,Lexus,GS,2004,,1
LEMON_LEXUS_GS_2005,Lexus,GS,2005,,1
LEMON_LEXUS_GS_2006,Lexus,GS,2006,,1
LEMON_LEXUS_GS_2007,Lexus,GS,2007,,1
LEMON_LEXUS_GS_2008,Lexus,GS,2008,,1
LEMON_LEXUS_GS_2009,Lexus,GS,2009,,1
LEMON_LEXUS_GS_2010,Lexus,GS,2010,,1
LEMON_LEXUS_GS_2011,Lexus,GS,2011,,1
LEMON_LEXUS_GS_2013,Lexus,GS,2013,,1
LEMON_LEXUS_GS_2014,Lexus,GS,2014,,1
LEMON_LEXUS_GS_2016,Lexus,GS,2016,,1
LEMON_LEXUS_GS_2017,Lexus,GS,2017,,1
LEMON_LEXUS_GS_2018,Lexus,GS,2018,,1
LEMON_LEXUS_GS_2019,Lexus,GS,2019,,1
LEMON_LEXUS_GS_2020,Lexus,GS,2020,,1
LEMON_LEXUS_GX_2003,Lexus,GX,2003,,1
LEMON_LEXUS_GX_2004,Lexus,GX,2004,,1
LEMON_LEXUS_GX_2005,Lexus,GX,2005,,1
LEMON_LEXUS_GX_2006,Lexus,GX,2006,,1
LEMON_LEXUS_GX_2007,Lexus,GX,2007,,1
LEMON_LEXUS_GX_2008,Lexus,GX,2008,,1
LEMON_LEXUS_GX_2009,Lexus,GX,2009,,1
LEMON_LEXUS_GX_2010,Lexus,GX,2010,,1
LEMON_LEXUS_GX_2011,Lexus,GX,2011,,1
LEMON_LEXUS_GX_2012,Lexus,GX,2012,,1
LEMON_LEXUS_GX_2013,Lexus,GX,2013,,1
LEMON_LEXUS_GX_2014,Lexus,GX,2014,,1
LEMON_LEXUS_GX_2015_GX460BASE,Lexus,GX,2015,,1
LEMON_LEXUS_GX_2015_GX460LUXURY,Lexus,GX,2015,,1
LEMON_LEXUS_GX_2015_GX460PREMIUM,Lexus,GX,2015,,1
LEMON_LEXUS_GX_2016,Lexus,GX,2016,,1
LEMON_LEXUS_GX_2017,Lexus,GX,2017,,1
LEMON_LEXUS_GX_2018,Lexus,GX,2018,,1
LEMON_LEXUS_GX_2019,Lexus,GX,2019,,1
LEMON_LEXUS_GX_2020,Lexus,GX,2020,,1
LEMON_LEXUS_GX_2021,Lexus,GX,2021,,1
LEMON_LEXUS_GX_2022,Lexus,GX,2022,,1
LEMON_LEXUS_GX_2023,Lexus,GX,2023,,1
LEMON_LEXUS_GX_2024,Lexus,GX,2024,,1
LEMON_LEXUS_GX_2025,Lexus,GX,2025,,1
LEMON_LEXUS_HS_2010,Lexus,HS,2010,,1
LEMON_LEXUS_HS_2011,Lexus,HS,2011,,1
LEMON_LEXUS_HS_2012,Lexus,HS,2012,,1
LEMON_LEXUS_IS_2001,Lexus,IS,2001,,1
LEMON_LEXUS_IS_2002,Lexus,IS,2002,,1
LEMON_LEXUS_IS_2003,Lexus,IS,2003,,1
LEMON_LEXUS_IS_2004,Lexus,IS,2004,,1
LEMON_LEXUS_IS_2005,Lexus,IS,2005,,1
LEMON_LEXUS_IS_2006,Lexus,IS,2006,,1
LEMON_LEXUS_IS_2007,Lexus,IS,2007,,1
LEMON_LEXUS_IS_2008,Lexus,IS,2008,,1
LEMON_LEXUS_IS_2009,Lexus,IS,2009,,1
LEMON_LEXUS_IS_2010,Lexus,IS,2010,,1
LEMON_LEXUS_IS_2011,Lexus,IS,2011,,1
LEMON_LEXUS_IS_2012,Lexus,IS,2012,,1
LEMON_LEXUS_IS_2013,Lexus,IS,2013,,1
LEMON_LEXUS_IS_2014,Lexus,IS,2014,,1
LEMON_LEXUS_IS_2016,Lexus,IS,2016,,1
LEMON_LEXUS_IS_2017,Lexus,IS,2017,,1
LEMON_LEXUS_IS_3500CC_VIN8_2018,Lexus,IS,2018,3500,1
LEMON_LEXUS_IS_2000CC_VINA_2018,Lexus,IS,2018,2000,1
LEMON_LEXUS_IS_2018,Lexus,IS,2018,,1
LEMON_LEXUS_IS_2000CC_VINA_2019,Lexus,IS,2019,2000,1
LEMON_LEXUS_IS_3500CC_VIN8_2019,Lexus,IS,2019,3500,1
LEMON_LEXUS_IS_2019,Lexus,IS,2019,,1
LEMON_LEXUS_IS_2000CC_VINA_2020,Lexus,IS,2020,2000,1
LEMON_LEXUS_IS_3500CC_VIN8_2020,Lexus,IS,2020,3500,1
LEMON_LEXUS_IS_2020,Lexus,IS,2020,,1
LEMON_LEXUS_IS_2000CC_VINA_2021,Lexus,IS,2021,2000,1
LEMON_LEXUS_IS_3500CC_VIN8_2021,Lexus,IS,2021,3500,1
LEMON_LEXUS_IS_2021,Lexus,IS,2021,,1
LEMON_LEXUS_IS_2000CC_VINA_2022,Lexus,IS,2022,2000,1
LEMON_LEXUS_IS_3500CC_VIN8_2022,Lexus,IS,2022,3500,1
LEMON_LEXUS_IS_2022,Lexus,IS,2022,,1
LEMON_LEXUS_IS_2023,Lexus,IS,2023,,1
LEMON_LEXUS_IS_2000CC_VINA_2023,Lexus,IS,2023,2000,1
LEMON_LEXUS_IS_3500CC_VIN8_2023,Lexus,IS,2023,3500,1
LEMON_LEXUS_IS_2000CC_VINA_2024,Lexus,IS,2024,2000,1
LEMON_LEXUS_IS_3500CC_VIN8_2024,Lexus,IS,2024,3500,1
LEMON_LEXUS_IS_2024,Lexus,IS,2024,,1
LEMON_LEXUS_IS_2000CC_VINA_2025,Lexus,IS,2025,2000,1
LEMON_LEXUS_IS_3500CC_VIN8_2025,Lexus,IS,2025,3500,1
LEMON_LEXUS_IS_2025,Lexus,IS,2025,,1
LEMON_LEXUS_LC_2018,Lexus,LC,2018,,1
LEMON_LEXUS_LC_2019,Lexus,LC,2019,,1
LEMON_LEXUS_LC_2020,Lexus,LC,2020,,1
LEMON_LEXUS_LC_2021,Lexus,LC,2021,,1
LEMON_LEXUS_LC_2022,Lexus,LC,2022,,1
LEMON_LEXUS_LC_2023,Lexus,LC,2023,,1
LEMON_LEXUS_LC_2024,Lexus,LC,2024,,1
LEMON_LEXUS_LC_2025,Lexus,LC,2025,,1
LEMON_LEXUS_LFA_2012,Lexus,LFA,2012,,1
LEMON_LEXUS_LS_2000,Lexus,LS,2000,,1
LEMON_LEXUS_LS_2001,Lexus,LS,2001,,1
LEMON_LEXUS_LS_2002,Lexus,LS,2002,,1
LEMON_LEXUS_LS_2003,Lexus,LS,2003,,1
LEMON_LEXUS_LS_2004,Lexus,LS,2004,,1
LEMON_LEXUS_LS_2005,Lexus,LS,2005,,1
LEMON_LEXUS_LS_2006,Lexus,LS,2006,,1
LEMON_LEXUS_LS_2007,Lexus,LS,2007,,1
LEMON_LEXUS_LS_2008,Lexus,LS,2008,,1
LEMON_LEXUS_LS_2009,Lexus,LS,2009,,1
LEMON_LEXUS_LS_2010,Lexus,LS,2010,,1
LEMON_LEXUS_LS_2011,Lexus,LS,2011,,1
LEMON_LEXUS_LS_2012,Lexus,LS,2012,,1
LEMON_LEXUS_LS_2013,Lexus,LS,2013,,1
LEMON_LEXUS_LS_2014,Lexus,LS,2014,,1
LEMON_LEXUS_LS_2016,Lexus,LS,2016,,1
LEMON_LEXUS_LS_2017,Lexus,LS,2017,,1
LEMON_LEXUS_LS_2018,Lexus,LS,2018,,1
LEMON_LEXUS_LS_2019,Lexus,LS,2019,,1
LEMON_LEXUS_LS_2020,Lexus,LS,2020,,1
LEMON_LEXUS_LS_2021,Lexus,LS,2021,,1
LEMON_LEXUS_LS_2022,Lexus,LS,2022,,1
LEMON_LEXUS_LS_2023,Lexus,LS,2023,,1
LEMON_LEXUS_LS_2024,Lexus,LS,2024,,1
LEMON_LEXUS_LS_2025,Lexus,LS,2025,,1
LEMON_LEXUS_LX_2000,Lexus,LX,2000,,1
LEMON_LEXUS_LX_2001,Lexus,LX,2001,,1
LEMON_LEXUS_LX_2002,Lexus,LX,2002,,1
LEMON_LEXUS_LX_2003,Lexus,LX,2003,,1
LEMON_LEXUS_LX_2004,Lexus,LX,2004,,1
LEMON_LEXUS_LX_2005,Lexus,LX,2005,,1
LEMON_LEXUS_LX_2006,Lexus,LX,2006,,1
LEMON_LEXUS_LX_2007,Lexus,LX,2007,,1
LEMON_LEXUS_LX_2008,Lexus,LX,2008,,1
LEMON_LEXUS_LX_2009,Lexus,LX,2009,,1
LEMON_LEXUS_LX_2010,Lexus,LX,2010,,1
LEMON_LEXUS_LX_2011,Lexus,LX,2011,,1
LEMON_LEXUS_LX_2013,Lexus,LX,2013,,1
LEMON_LEXUS_LX_2014,Lexus,LX,2014,,1
LEMON_LEXUS_LX_2015_LX570,Lexus,LX,2015,,1
LEMON_LEXUS_LX_2016,Lexus,LX,2016,,1
LEMON_LEXUS_LX_2017,Lexus,LX,2017,,1
LEMON_LEXUS_LX_2018,Lexus,LX,2018,,1
LEMON_LEXUS_LX_2019,Lexus,LX,2019,,1
LEMON_LEXUS_LX_2020,Lexus,LX,2020,,1
LEMON_LEXUS_LX_2021,Lexus,LX,2021,,1
LEMON_LEXUS_LX_2022,Lexus,LX,2022,,1
LEMON_LEXUS_LX_2023,Lexus,LX,2023,,1
LEMON_LEXUS_LX_2024,Lexus,LX,2024,,1
LEMON_LEXUS_LX_2025,Lexus,LX,2025,,1
LEMON_LEXUS_NX_2015_NX200TFSPORT,Lexus,NX,2015,,1
LEMON_LEXUS_NX_2015_NX200TBASEFW,Lexus,NX,2015,,1
LEMON_LEXUS_NX_2015_NX300HAWD,Lexus,NX,2015,,1
LEMON_LEXUS_NX_2015_NX200TBASEAW,Lexus,NX,2015,,1
LEMON_LEXUS_NX_2015_NX300HFWD,Lexus,NX,2015,,1
LEMON_LEXUS_NX_2016,Lexus,NX,2016,,1
LEMON_LEXUS_NX_2500CC_VINW_2016,Lexus,NX,2016,2500,1
LEMON_LEXUS_NX_2500CC_VINJ_2016,Lexus,NX,2016,2500,1
LEMON_LEXUS_NX_2017,Lexus,NX,2017,,1
LEMON_LEXUS_NX_2018,Lexus,NX,2018,,1
LEMON_LEXUS_NX_2019,Lexus,NX,2019,,1
LEMON_LEXUS_NX_2020,Lexus,NX,2020,,1
LEMON_LEXUS_NX_2021,Lexus,NX,2021,,1
LEMON_LEXUS_NX_2022,Lexus,NX,2022,,1
LEMON_LEXUS_NX_2023,Lexus,NX,2023,,1
LEMON_LEXUS_NX_2024,Lexus,NX,2024,,1
LEMON_LEXUS_NX_2025,Lexus,NX,2025,,1
LEMON_LEXUS_RC_2015_RC350BASEAWD,Lexus,RC,2015,,1
LEMON_LEXUS_RC_2015_RC350BASERWD,Lexus,RC,2015,,1
LEMON_LEXUS_RC_2015_RC350FSPORTA,Lexus,RC,2015,,1
LEMON_LEXUS_RC_2015_RC350FSPORTR,Lexus,RC,2015,,1
LEMON_LEXUS_RC_2015_RCF,Lexus,RC,2015,,1
LEMON_LEXUS_RC_2016,Lexus,RC,2016,,1
LEMON_LEXUS_RC_2017,Lexus,RC,2017,,1
LEMON_LEXUS_RC_2000CC_VINA_2018,Lexus,RC,2018,2000,1
LEMON_LEXUS_RC_3500CC_VIN8_2018,Lexus,RC,2018,3500,1
LEMON_LEXUS_RC_2018,Lexus,RC,2018,,1
LEMON_LEXUS_RC_2000CC_VINA_2019,Lexus,RC,2019,2000,1
LEMON_LEXUS_RC_3500CC_VIN8_2019,Lexus,RC,2019,3500,1
LEMON_LEXUS_RC_2019,Lexus,RC,2019,,1
LEMON_LEXUS_RC_2000CC_VINA_2020,Lexus,RC,2020,2000,1
LEMON_LEXUS_RC_3500CC_VIN8_2020,Lexus,RC,2020,3500,1
LEMON_LEXUS_RC_2020,Lexus,RC,2020,,1
LEMON_LEXUS_RC_2000CC_VINA_2021,Lexus,RC,2021,2000,1
LEMON_LEXUS_RC_3500CC_VIN8_2021,Lexus,RC,2021,3500,1
LEMON_LEXUS_RC_2021,Lexus,RC,2021,,1
LEMON_LEXUS_RC_2000CC_VINA_2022,Lexus,RC,2022,2000,1
LEMON_LEXUS_RC_3500CC_VIN8_2022,Lexus,RC,2022,3500,1
LEMON_LEXUS_RC_2022,Lexus,RC,2022,,1
LEMON_LEXUS_RC_2000CC_VINA_2023,Lexus,RC,2023,2000,1
LEMON_LEXUS_RC_3500CC_VIN8_2023,Lexus,RC,2023,3500,1
LEMON_LEXUS_RC_2023,Lexus,RC,2023,,1
LEMON_LEXUS_RC_2000CC_VINA_2024,Lexus,RC,2024,2000,1
LEMON_LEXUS_RC_3500CC_VIN8_2024,Lexus,RC,2024,3500,1
LEMON_LEXUS_RC_2024,Lexus,RC,2024,,1
LEMON_LEXUS_RC_3500CC_VIN8_2025,Lexus,RC,2025,3500,1
LEMON_LEXUS_RC_2000CC_VINA_2025,Lexus,RC,2025,2000,1
LEMON_LEXUS_RC_2025,Lexus,RC,2025,,1
LEMON_LEXUS_RX_2000,Lexus,RX,2000,,1
LEMON_LEXUS_RX_2001,Lexus,RX,2001,,1
LEMON_LEXUS_RX_2002,Lexus,RX,2002,,1
LEMON_LEXUS_RX_2003,Lexus,RX,2003,,1
LEMON_LEXUS_RX_2004,Lexus,RX,2004,,1
LEMON_LEXUS_RX_2005,Lexus,RX,2005,,1
LEMON_LEXUS_RX_2006,Lexus,RX,2006,,1
LEMON_LEXUS_RX_2007,Lexus,RX,2007,,1
LEMON_LEXUS_RX_2008,Lexus,RX,2008,,1
LEMON_LEXUS_RX_2009,Lexus,RX,2009,,1
LEMON_LEXUS_RX_2010,Lexus,RX,2010,,1
LEMON_LEXUS_RX_2011,Lexus,RX,2011,,1
LEMON_LEXUS_RX_2012,Lexus,RX,2012,,1
LEMON_LEXUS_RX_3500CC_VINB_2012,Lexus,RX,2012,3500,1
LEMON_LEXUS_RX_3500CC_VINC_2012,Lexus,RX,2012,3500,1
LEMON_LEXUS_RX_2013,Lexus,RX,2013,,1
LEMON_LEXUS_RX_3500CC_VINB_2013,Lexus,RX,2013,3500,1
LEMON_LEXUS_RX_3500CC_VINC_2013,Lexus,RX,2013,3500,1
LEMON_LEXUS_RX_2014,Lexus,RX,2014,,1
LEMON_LEXUS_RX_3500CC_VINC_2014,Lexus,RX,2014,3500,1
LEMON_LEXUS_RX_3500CC_VINB_2014,Lexus,RX,2014,3500,1
LEMON_LEXUS_RX_2015_RX350BASEAWD,Lexus,RX,2015,,1
LEMON_LEXUS_RX_2015_RX350FSPORT,Lexus,RX,2015,,1
LEMON_LEXUS_RX_2015_RX350BASEFWD,Lexus,RX,2015,,1
LEMON_LEXUS_RX_3500CC_VINB_2015,Lexus,RX,2015,3500,1
LEMON_LEXUS_RX_3500CC_VINC_2015,Lexus,RX,2015,3500,1
LEMON_LEXUS_RX_2016,Lexus,RX,2016,,1
LEMON_LEXUS_RX_3500CC_VING_2016,Lexus,RX,2016,3500,1
LEMON_LEXUS_RX_3500CC_VINF_2016,Lexus,RX,2016,3500,1
LEMON_LEXUS_RX_2017,Lexus,RX,2017,,1
LEMON_LEXUS_RX_2018,Lexus,RX,2018,,1
LEMON_LEXUS_RX_2019,Lexus,RX,2019,,1
LEMON_LEXUS_RX_2020,Lexus,RX,2020,,1
LEMON_LEXUS_RX_2021,Lexus,RX,2021,,1
LEMON_LEXUS_RX_2022,Lexus,RX,2022,,1
LEMON_LEXUS_RX_2400CC_VINA_2023,Lexus,RX,2023,2400,1
LEMON_LEXUS_RX_2400CC_VINH_2023,Lexus,RX,2023,2400,1
LEMON_LEXUS_RX_2023,Lexus,RX,2023,,1
LEMON_LEXUS_RX_2400CC_VINA_2024,Lexus,RX,2024,2400,1
LEMON_LEXUS_RX_2400CC_VINH_2024,Lexus,RX,2024,2400,1
LEMON_LEXUS_RX_2024,Lexus,RX,2024,,1
LEMON_LEXUS_RX_2400CC_VINA_2025,Lexus,RX,2025,2400,1
LEMON_LEXUS_RX_2400CC_VINH_2025,Lexus,RX,2025,2400,1
LEMON_LEXUS_RX_2025,Lexus,RX,2025,,1
LEMON_LEXUS_RZ_2023,Lexus,RZ,2023,,1
LEMON_LEXUS_RZ_2024,Lexus,RZ,2024,,1
LEMON_LEXUS_RZ_2025,Lexus,RZ,2025,,1
LEMON_LEXUS_SC_2000,Lexus,SC,2000,,1
LEMON_LEXUS_SC_2002,Lexus,SC,2002,,1
LEMON_LEXUS_SC_2003,Lexus,SC,2003,,1
LEMON_LEXUS_SC_2004,Lexus,SC,2004,,1
LEMON_LEXUS_SC_2005,Lexus,SC,2005,,1
LEMON_LEXUS_SC_2006,Lexus,SC,2006,,1
LEMON_LEXUS_SC_2007,Lexus,SC,2007,,1
LEMON_LEXUS_SC_2008,Lexus,SC,2008,,1
LEMON_LEXUS_SC_2009,Lexus,SC,2009,,1
LEMON_LEXUS_SC_2010,Lexus,SC,2010,,1
LEMON_LEXUS_TX_2024,Lexus,TX,2024,,1
LEMON_LEXUS_TX_2025,Lexus,TX,2025,,1
LEMON_LEXUS_UX_2019,Lexus,UX,2019,,1
LEMON_LEXUS_UX_2020,Lexus,UX,2020,,1
LEMON_LEXUS_UX_2021,Lexus,UX,2021,,1
LEMON_LEXUS_UX_2022,Lexus,UX,2022,,1
LEMON_LEXUS_UX_2000CC_VIN6_2023,Lexus,UX,2023,2000,1
LEMON_LEXUS_UX_2000CC_VIN9_2023,Lexus,UX,2023,2000,1
LEMON_LEXUS_UX_2000CC_VIN6_2024,Lexus,UX,2024,2000,1
LEMON_LEXUS_UX_2000CC_VIN9_2024,Lexus,UX,2024,2000,1
LEMON_LEXUS_UX_2000CC_VINB_2025,Lexus,UX,2025,2000,1
LEMON_LEXUS_UX_2000CC_VINC_2025,Lexus,UX,2025,2000,1
LEMON_LINCOLN_AVIATOR_2003,Lincoln,Aviator,2003,,1
LEMON_LINCOLN_AVIATOR_2004,Lincoln,Aviator,2004,,1
LEMON_LINCOLN_AVIATOR_2005,Lincoln,Aviator,2005,,1
LEMON_LINCOLN_AVIATOR_2020,Lincoln,Aviator,2020,,1
LEMON_LINCOLN_AVIATOR_2021,Lincoln,Aviator,2021,,1
LEMON_LINCOLN_AVIATOR_2022,Lincoln,Aviator,2022,,1
LEMON_LINCOLN_AVIATOR_2023,Lincoln,Aviator,2023,,1
LEMON_LINCOLN_AVIATOR_2024,Lincoln,Aviator,2024,,1
LEMON_LINCOLN_AVIATOR_2025,Lincoln,Aviator,2025,,1
LEMON_LINCOLN_BLACKWOOD_2002,Lincoln,Blackwood,2002,,1
LEMON_LINCOLN_BLACKWOOD_2003,Lincoln,Blackwood,2003,,1
LEMON_LINCOLN_CONTINENTAL_2000,Lincoln,Continental,2000,,1
LEMON_LINCOLN_CONTINENTAL_2001,Lincoln,Continental,2001,,1
LEMON_LINCOLN_CONTINENTAL_2002,Lincoln,Continental,2002,,1
LEMON_LINCOLN_CONTINENTAL_3700CC_2017,Lincoln,Continental,2017,3700,1
LEMON_LINCOLN_CONTINENTAL_2700CC_VINP_2017,Lincoln,Continental,2017,2700,1
LEMON_LINCOLN_CONTINENTAL_3000CC_VINC_2017,Lincoln,Continental,2017,3000,1
LEMON_LINCOLN_CONTINENTAL_3700CC_VINK_2017,Lincoln,Continental,2017,3700,1
LEMON_LINCOLN_CONTINENTAL_2700CC_VINP_2018,Lincoln,Continental,2018,2700,1
LEMON_LINCOLN_CONTINENTAL_3700CC_2018,Lincoln,Continental,2018,3700,1
LEMON_LINCOLN_CONTINENTAL_3000CC_VINC_2018,Lincoln,Continental,2018,3000,1
LEMON_LINCOLN_CONTINENTAL_3700CC_VINK_2018,Lincoln,Continental,2018,3700,1
LEMON_LINCOLN_CONTINENTAL_3700CC_2019,Lincoln,Continental,2019,3700,1
LEMON_LINCOLN_CONTINENTAL_2700CC_VINP_2019,Lincoln,Continental,2019,2700,1
LEMON_LINCOLN_CONTINENTAL_3000CC_VINC_2019,Lincoln,Continental,2019,3000,1
LEMON_LINCOLN_CONTINENTAL_3700CC_2020,Lincoln,Continental,2020,3700,1
LEMON_LINCOLN_CONTINENTAL_2700CC_VINP_2020,Lincoln,Continental,2020,2700,1
LEMON_LINCOLN_CONTINENTAL_3000CC_VINC_2020,Lincoln,Continental,2020,3000,1
LEMON_LINCOLN_CORSAIR_2020,Lincoln,Corsair,2020,,1
LEMON_LINCOLN_CORSAIR_2000CC_VIN9_2020,Lincoln,Corsair,2020,2000,1
LEMON_LINCOLN_CORSAIR_2300CC_VINH_2020,Lincoln,Corsair,2020,2300,1
LEMON_LINCOLN_CORSAIR_2000CC_VIN9_2021,Lincoln,Corsair,2021,2000,1
LEMON_LINCOLN_CORSAIR_2300CC_VINH_2021,Lincoln,Corsair,2021,2300,1
LEMON_LINCOLN_CORSAIR_2021,Lincoln,Corsair,2021,,1
LEMON_LINCOLN_CORSAIR_2022,Lincoln,Corsair,2022,,1
LEMON_LINCOLN_CORSAIR_2000CC_VIN9_2022,Lincoln,Corsair,2022,2000,1
LEMON_LINCOLN_CORSAIR_2300CC_VINH_2022,Lincoln,Corsair,2022,2300,1
LEMON_LINCOLN_CORSAIR_2000CC_2023,Lincoln,Corsair,2023,2000,1
LEMON_LINCOLN_CORSAIR_2500CC_2023,Lincoln,Corsair,2023,2500,1
LEMON_LINCOLN_CORSAIR_2500CC_2024,Lincoln,Corsair,2024,2500,1
LEMON_LINCOLN_CORSAIR_2000CC_2024,Lincoln,Corsair,2024,2000,1
LEMON_LINCOLN_CORSAIR_2500CC_2025,Lincoln,Corsair,2025,2500,1
LEMON_LINCOLN_CORSAIR_2000CC_2025,Lincoln,Corsair,2025,2000,1
LEMON_LINCOLN_LS_3900CC_2000,Lincoln,LS,2000,3900,1
LEMON_LINCOLN_LS_3000CC_2000,Lincoln,LS,2000,3000,1
LEMON_LINCOLN_LS_3900CC_2001,Lincoln,LS,2001,3900,1
LEMON_LINCOLN_LS_3000CC_2001,Lincoln,LS,2001,3000,1
LEMON_LINCOLN_LS_3000CC_2002,Lincoln,LS,2002,3000,1
LEMON_LINCOLN_LS_3900CC_2002,Lincoln,LS,2002,3900,1
LEMON_LINCOLN_LS_3900CC_2003,Lincoln,LS,2003,3900,1
LEMON_LINCOLN_LS_3000CC_2003,Lincoln,LS,2003,3000,1
LEMON_LINCOLN_LS_3900CC_2004,Lincoln,LS,2004,3900,1
LEMON_LINCOLN_LS_3000CC_2004,Lincoln,LS,2004,3000,1
LEMON_LINCOLN_LS_3000CC_2005,Lincoln,LS,2005,3000,1
LEMON_LINCOLN_LS_3900CC_2005,Lincoln,LS,2005,3900,1
LEMON_LINCOLN_LS_2006,Lincoln,LS,2006,,1
LEMON_LINCOLN_MKC_2000CC_VIN9_2015,Lincoln,MKC,2015,2000,1
LEMON_LINCOLN_MKC_2300CC_VINH_2015,Lincoln,MKC,2015,2300,1
LEMON_LINCOLN_MKC_2000CC_VIN9_2016,Lincoln,MKC,2016,2000,1
LEMON_LINCOLN_MKC_2000CC_2016,Lincoln,MKC,2016,2000,1
LEMON_LINCOLN_MKC_2300CC_VINH_2016,Lincoln,MKC,2016,2300,1
LEMON_LINCOLN_MKC_2000CC_VIN9_2017,Lincoln,MKC,2017,2000,1
LEMON_LINCOLN_MKC_2300CC_VINH_2017,Lincoln,MKC,2017,2300,1
LEMON_LINCOLN_MKC_2000CC_2017,Lincoln,MKC,2017,2000,1
LEMON_LINCOLN_MKC_2000CC_VIN9_2018,Lincoln,MKC,2018,2000,1
LEMON_LINCOLN_MKC_2300CC_VINH_2018,Lincoln,MKC,2018,2300,1
LEMON_LINCOLN_MKC_2000CC_2018,Lincoln,MKC,2018,2000,1
LEMON_LINCOLN_MKC_2000CC_2019,Lincoln,MKC,2019,2000,1
LEMON_LINCOLN_MKC_2000CC_VIN9_2019,Lincoln,MKC,2019,2000,1
LEMON_LINCOLN_MKC_2300CC_VINH_2019,Lincoln,MKC,2019,2300,1
LEMON_LINCOLN_MKS_2009,Lincoln,MKS,2009,,1
LEMON_LINCOLN_MKS_3500CC_2010,Lincoln,MKS,2010,3500,1
LEMON_LINCOLN_MKS_3700CC_2010,Lincoln,MKS,2010,3700,1
LEMON_LINCOLN_MKS_3500CC_2011,Lincoln,MKS,2011,3500,1
LEMON_LINCOLN_MKS_3700CC_2011,Lincoln,MKS,2011,3700,1
LEMON_LINCOLN_MKS_3500CC_2012,Lincoln,MKS,2012,3500,1
LEMON_LINCOLN_MKS_3700CC_2012,Lincoln,MKS,2012,3700,1
LEMON_LINCOLN_MKS_3700CC_2013,Lincoln,MKS,2013,3700,1
LEMON_LINCOLN_MKS_3500CC_2013,Lincoln,MKS,2013,3500,1
LEMON_LINCOLN_MKS_3700CC_2014,Lincoln,MKS,2014,3700,1
LEMON_LINCOLN_MKS_3500CC_2014,Lincoln,MKS,2014,3500,1
LEMON_LINCOLN_MKS_3700CC_2015,Lincoln,MKS,2015,3700,1
LEMON_LINCOLN_MKS_3500CC_2015,Lincoln,MKS,2015,3500,1
LEMON_LINCOLN_MKS_3700CC_2016,Lincoln,MKS,2016,3700,1
LEMON_LINCOLN_MKS_3500CC_2016,Lincoln,MKS,2016,3500,1
LEMON_LINCOLN_MKT_3700CC_2010,Lincoln,MKT,2010,3700,1
LEMON_LINCOLN_MKT_3500CC_2010,Lincoln,MKT,2010,3500,1
LEMON_LINCOLN_MKT_3700CC_2011,Lincoln,MKT,2011,3700,1
LEMON_LINCOLN_MKT_3500CC_2011,Lincoln,MKT,2011,3500,1
LEMON_LINCOLN_MKT_3500CC_2012,Lincoln,MKT,2012,3500,1
LEMON_LINCOLN_MKT_3700CC_2012,Lincoln,MKT,2012,3700,1
LEMON_LINCOLN_MKT_3700CC_2013,Lincoln,MKT,2013,3700,1
LEMON_LINCOLN_MKT_2000CC_VIN9_2013,Lincoln,MKT,2013,2000,1
LEMON_LINCOLN_MKT_3500CC_VINT_2013,Lincoln,MKT,2013,3500,1
LEMON_LINCOLN_MKT_2000CC_VIN9_2014,Lincoln,MKT,2014,2000,1
LEMON_LINCOLN_MKT_3700CC_2014,Lincoln,MKT,2014,3700,1
LEMON_LINCOLN_MKT_3500CC_VINT_2014,Lincoln,MKT,2014,3500,1
LEMON_LINCOLN_MKT_3700CC_2015,Lincoln,MKT,2015,3700,1
LEMON_LINCOLN_MKT_2000CC_VIN9_2015,Lincoln,MKT,2015,2000,1
LEMON_LINCOLN_MKT_3500CC_VINT_2015,Lincoln,MKT,2015,3500,1
LEMON_LINCOLN_MKT_3700CC_2016,Lincoln,MKT,2016,3700,1
LEMON_LINCOLN_MKT_2000CC_VIN9_2016,Lincoln,MKT,2016,2000,1
LEMON_LINCOLN_MKT_3500CC_VINT_2016,Lincoln,MKT,2016,3500,1
LEMON_LINCOLN_MKT_3500CC_2017,Lincoln,MKT,2017,3500,1
LEMON_LINCOLN_MKT_3700CC_2017,Lincoln,MKT,2017,3700,1
LEMON_LINCOLN_MKT_3700CC_2018,Lincoln,MKT,2018,3700,1
LEMON_LINCOLN_MKT_3500CC_2018,Lincoln,MKT,2018,3500,1
LEMON_LINCOLN_MKT_3700CC_2019,Lincoln,MKT,2019,3700,1
LEMON_LINCOLN_MKT_3500CC_2019,Lincoln,MKT,2019,3500,1
LEMON_LINCOLN_MKX_2007,Lincoln,MKX,2007,,1
LEMON_LINCOLN_MKX_2008,Lincoln,MKX,2008,,1
LEMON_LINCOLN_MKX_2009,Lincoln,MKX,2009,,1
LEMON_LINCOLN_MKX_2010,Lincoln,MKX,2010,,1
LEMON_LINCOLN_MKX_2011,Lincoln,MKX,2011,,1
LEMON_LINCOLN_MKX_2012,Lincoln,MKX,2012,,1
LEMON_LINCOLN_MKX_2013,Lincoln,MKX,2013,,1
LEMON_LINCOLN_MKX_2014,Lincoln,MKX,2014,,1
LEMON_LINCOLN_MKX_2015_MKXAWD,Lincoln,MKX,2015,,1
LEMON_LINCOLN_MKX_2015_MKXFWD,Lincoln,MKX,2015,,1
LEMON_LINCOLN_MKX_2700CC_VINP_2016,Lincoln,MKX,2016,2700,1
LEMON_LINCOLN_MKX_3700CC_VINR_2016,Lincoln,MKX,2016,3700,1
LEMON_LINCOLN_MKX_2700CC_VINP_2017,Lincoln,MKX,2017,2700,1
LEMON_LINCOLN_MKX_3700CC_VINR_2017,Lincoln,MKX,2017,3700,1
LEMON_LINCOLN_MKX_2700CC_VINP_2018,Lincoln,MKX,2018,2700,1
LEMON_LINCOLN_MKX_3700CC_VINR_2018,Lincoln,MKX,2018,3700,1
LEMON_LINCOLN_MKZ_2007,Lincoln,MKZ,2007,,1
LEMON_LINCOLN_MKZ_2008,Lincoln,MKZ,2008,,1
LEMON_LINCOLN_MKZ_2009,Lincoln,MKZ,2009,,1
LEMON_LINCOLN_MKZ_2010,Lincoln,MKZ,2010,,1
LEMON_LINCOLN_MKZ_2011,Lincoln,MKZ,2011,,1
LEMON_LINCOLN_MKZ_2012,Lincoln,MKZ,2012,,1
LEMON_LINCOLN_MKZ_2000CC_VIN9_2013,Lincoln,MKZ,2013,2000,1
LEMON_LINCOLN_MKZ_3700CC_VINK_2013,Lincoln,MKZ,2013,3700,1
LEMON_LINCOLN_MKZ_2000CC_2013,Lincoln,MKZ,2013,2000,1
LEMON_LINCOLN_MKZ_3700CC_VINK_2014,Lincoln,MKZ,2014,3700,1
LEMON_LINCOLN_MKZ_2000CC_2014,Lincoln,MKZ,2014,2000,1
LEMON_LINCOLN_MKZ_2000CC_VIN9_2014,Lincoln,MKZ,2014,2000,1
LEMON_LINCOLN_MKZ_2000CC_VIN9_2015,Lincoln,MKZ,2015,2000,1
LEMON_LINCOLN_MKZ_3700CC_VINK_2015,Lincoln,MKZ,2015,3700,1
LEMON_LINCOLN_MKZ_2000CC_2015,Lincoln,MKZ,2015,2000,1
LEMON_LINCOLN_MKZ_2000CC_VIN9_2016,Lincoln,MKZ,2016,2000,1
LEMON_LINCOLN_MKZ_3700CC_VINK_2016,Lincoln,MKZ,2016,3700,1
LEMON_LINCOLN_MKZ_2000CC_2016,Lincoln,MKZ,2016,2000,1
LEMON_LINCOLN_MKZ_2000CC_VIN9_2017,Lincoln,MKZ,2017,2000,1
LEMON_LINCOLN_MKZ_3000CC_VINC_2017,Lincoln,MKZ,2017,3000,1
LEMON_LINCOLN_MKZ_2000CC_2017,Lincoln,MKZ,2017,2000,1
LEMON_LINCOLN_MKZ_2000CC_2018,Lincoln,MKZ,2018,2000,1
LEMON_LINCOLN_MKZ_2000CC_VIN9_2018,Lincoln,MKZ,2018,2000,1
LEMON_LINCOLN_MKZ_3000CC_VINC_2018,Lincoln,MKZ,2018,3000,1
LEMON_LINCOLN_MKZ_2000CC_2019,Lincoln,MKZ,2019,2000,1
LEMON_LINCOLN_MKZ_2000CC_VIN9_2019,Lincoln,MKZ,2019,2000,1
LEMON_LINCOLN_MKZ_3000CC_VINC_2019,Lincoln,MKZ,2019,3000,1
LEMON_LINCOLN_MKZ_2000CC_2020,Lincoln,MKZ,2020,2000,1
LEMON_LINCOLN_MKZ_2000CC_VIN9_2020,Lincoln,MKZ,2020,2000,1
LEMON_LINCOLN_MKZ_3000CC_VINC_2020,Lincoln,MKZ,2020,3000,1
LEMON_LINCOLN_MARK_2006,Lincoln,Mark,2006,,1
LEMON_LINCOLN_MARK_2007,Lincoln,Mark,2007,,1
LEMON_LINCOLN_MARK_2008,Lincoln,Mark,2008,,1
LEMON_LINCOLN_NAUTILUS_2000CC_2019,Lincoln,Nautilus,2019,2000,1
LEMON_LINCOLN_NAUTILUS_2700CC_VINP_2019,Lincoln,Nautilus,2019,2700,1
LEMON_LINCOLN_NAUTILUS_2000CC_VIN9_2019,Lincoln,Nautilus,2019,2000,1
LEMON_LINCOLN_NAUTILUS_2000CC_2020,Lincoln,Nautilus,2020,2000,1
LEMON_LINCOLN_NAUTILUS_2700CC_2020,Lincoln,Nautilus,2020,2700,1
LEMON_LINCOLN_NAUTILUS_2000CC_VIN9_2020,Lincoln,Nautilus,2020,2000,1
LEMON_LINCOLN_NAUTILUS_2700CC_VINP_2020,Lincoln,Nautilus,2020,2700,1
LEMON_LINCOLN_NAUTILUS_2000CC_2021,Lincoln,Nautilus,2021,2000,1
LEMON_LINCOLN_NAUTILUS_2700CC_2021,Lincoln,Nautilus,2021,2700,1
LEMON_LINCOLN_NAUTILUS_2000CC_VIN9_2021,Lincoln,Nautilus,2021,2000,1
LEMON_LINCOLN_NAUTILUS_2700CC_VINP_2021,Lincoln,Nautilus,2021,2700,1
LEMON_LINCOLN_NAUTILUS_2000CC_2022,Lincoln,Nautilus,2022,2000,1
LEMON_LINCOLN_NAUTILUS_2700CC_2022,Lincoln,Nautilus,2022,2700,1
LEMON_LINCOLN_NAUTILUS_2000CC_VIN9_2022,Lincoln,Nautilus,2022,2000,1
LEMON_LINCOLN_NAUTILUS_2700CC_VINP_2022,Lincoln,Nautilus,2022,2700,1
LEMON_LINCOLN_NAUTILUS_2000CC_2023,Lincoln,Nautilus,2023,2000,1
LEMON_LINCOLN_NAUTILUS_2700CC_2023,Lincoln,Nautilus,2023,2700,1
LEMON_LINCOLN_NAUTILUS_2000CC_VIN9_2023,Lincoln,Nautilus,2023,2000,1
LEMON_LINCOLN_NAUTILUS_2700CC_VINP_2023,Lincoln,Nautilus,2023,2700,1
LEMON_LINCOLN_NAUTILUS_2000CC_2024,Lincoln,Nautilus,2024,2000,1
LEMON_LINCOLN_NAUTILUS_2000CC_2025,Lincoln,Nautilus,2025,2000,1
LEMON_LINCOLN_NAVIGATOR_2000,Lincoln,Navigator,2000,,1
LEMON_LINCOLN_NAVIGATOR_2001,Lincoln,Navigator,2001,,1
LEMON_LINCOLN_NAVIGATOR_2002,Lincoln,Navigator,2002,,1
LEMON_LINCOLN_NAVIGATOR_2003,Lincoln,Navigator,2003,,1
LEMON_LINCOLN_NAVIGATOR_2004,Lincoln,Navigator,2004,,1
LEMON_LINCOLN_NAVIGATOR_2005,Lincoln,Navigator,2005,,1
LEMON_LINCOLN_NAVIGATOR_2006,Lincoln,Navigator,2006,,1
LEMON_LINCOLN_NAVIGATOR_2007,Lincoln,Navigator,2007,,1
LEMON_LINCOLN_NAVIGATOR_2008,Lincoln,Navigator,2008,,1
LEMON_LINCOLN_NAVIGATOR_2009,Lincoln,Navigator,2009,,1
LEMON_LINCOLN_NAVIGATOR_2010,Lincoln,Navigator,2010,,1
LEMON_LINCOLN_NAVIGATOR_2011,Lincoln,Navigator,2011,,1
LEMON_LINCOLN_NAVIGATOR_2012,Lincoln,Navigator,2012,,1
LEMON_LINCOLN_NAVIGATOR_2013,Lincoln,Navigator,2013,,1
LEMON_LINCOLN_NAVIGATOR_2014,Lincoln,Navigator,2014,,1
LEMON_LINCOLN_NAVIGATOR_2015_NAVIGATORBAS,Lincoln,Navigator,2015,,1
LEMON_LINCOLN_NAVIGATOR_2015_NAVIGATORLRW,Lincoln,Navigator,2015,,1
LEMON_LINCOLN_NAVIGATOR_2015_NAVIGATORL4W,Lincoln,Navigator,2015,,1
LEMON_LINCOLN_NAVIGATOR_2016,Lincoln,Navigator,2016,,1
LEMON_LINCOLN_NAVIGATOR_2017,Lincoln,Navigator,2017,,1
LEMON_LINCOLN_NAVIGATOR_2018,Lincoln,Navigator,2018,,1
LEMON_LINCOLN_NAVIGATOR_2019,Lincoln,Navigator,2019,,1
LEMON_LINCOLN_NAVIGATOR_2020,Lincoln,Navigator,2020,,1
LEMON_LINCOLN_NAVIGATOR_2021,Lincoln,Navigator,2021,,1
LEMON_LINCOLN_NAVIGATOR_2022,Lincoln,Navigator,2022,,1
LEMON_LINCOLN_NAVIGATOR_2023,Lincoln,Navigator,2023,,1
LEMON_LINCOLN_NAVIGATOR_2024,Lincoln,Navigator,2024,,1
LEMON_LINCOLN_NAVIGATOR_2025,Lincoln,Navigator,2025,,1
LEMON_LINCOLN_TOWN_2000,Lincoln,Town,2000,,1
LEMON_LINCOLN_TOWN_2001,Lincoln,Town,2001,,1
LEMON_LINCOLN_TOWN_2002,Lincoln,Town,2002,,1
LEMON_LINCOLN_TOWN_2003,Lincoln,Town,2003,,1
LEMON_LINCOLN_TOWN_2004,Lincoln,Town,2004,,1
LEMON_LINCOLN_TOWN_2005,Lincoln,Town,2005,,1
LEMON_LINCOLN_TOWN_2006,Lincoln,Town,2006,,1
LEMON_LINCOLN_TOWN_2007,Lincoln,Town,2007,,1
LEMON_LINCOLN_TOWN_2008,Lincoln,Town,2008,,1
LEMON_LINCOLN_TOWN_2009,Lincoln,Town,2009,,1
LEMON_LINCOLN_TOWN_2010,Lincoln,Town,2010,,1
LEMON_LINCOLN_TOWN_2011,Lincoln,Town,2011,,1
LEMON_LINCOLN_ZEPHYR_2006,Lincoln,Zephyr,2006,,1
LEMON_MAZDA_2_2011,Mazda,2,2011,,1
LEMON_MAZDA_2_1500CC_VINY_2012,Mazda,2,2012,1500,1
LEMON_MAZDA_2_1500CC_VINZ_2012,Mazda,2,2012,1500,1
LEMON_MAZDA_2_1500CC_VINZ_2013,Mazda,2,2013,1500,1
LEMON_MAZDA_2_1500CC_VINY_2013,Mazda,2,2013,1500,1
LEMON_MAZDA_3_2004,Mazda,3,2004,,1
LEMON_MAZDA_3_2005,Mazda,3,2005,,1
LEMON_MAZDA_3_2006,Mazda,3,2006,,1
LEMON_MAZDA_3_2007,Mazda,3,2007,,1
LEMON_MAZDA_3_2008,Mazda,3,2008,,1
LEMON_MAZDA_3_2009,Mazda,3,2009,,1
LEMON_MAZDA_3_2000CC_2010,Mazda,3,2010,2000,1
LEMON_MAZDA_3_2300CC_2010,Mazda,3,2010,2300,1
LEMON_MAZDA_3_2500CC_2010,Mazda,3,2010,2500,1
LEMON_MAZDA_3_2000CC_2011,Mazda,3,2011,2000,1
LEMON_MAZDA_3_2300CC_2011,Mazda,3,2011,2300,1
LEMON_MAZDA_3_2500CC_2011,Mazda,3,2011,2500,1
LEMON_MAZDA_3_2300CC_VIN3_2012,Mazda,3,2012,2300,1
LEMON_MAZDA_3_2000CC_VIN7_2012,Mazda,3,2012,2000,1
LEMON_MAZDA_3_2000CC_VIN8_2012,Mazda,3,2012,2000,1
LEMON_MAZDA_3_2000CC_VINF_2012,Mazda,3,2012,2000,1
LEMON_MAZDA_3_2300CC_VIN4_2012,Mazda,3,2012,2300,1
LEMON_MAZDA_3_2000CC_VING_2012,Mazda,3,2012,2000,1
LEMON_MAZDA_3_2500CC_VIN5_2012,Mazda,3,2012,2500,1
LEMON_MAZDA_3_2500CC_VIN6_2012,Mazda,3,2012,2500,1
LEMON_MAZDA_3_2500CC_VIN9_2012,Mazda,3,2012,2500,1
LEMON_MAZDA_3_2000CC_VIN7_2014,Mazda,3,2014,2000,1
LEMON_MAZDA_3_2500CC_VIN3_2014,Mazda,3,2014,2500,1
LEMON_MAZDA_3_2000CC_2014,Mazda,3,2014,2000,1
LEMON_MAZDA_3_2500CC_VIN3_2015,Mazda,3,2015,2500,1
LEMON_MAZDA_3_2000CC_VIN7_2015,Mazda,3,2015,2000,1
LEMON_MAZDA_3_2000CC_2015,Mazda,3,2015,2000,1
LEMON_MAZDA_3_2000CC_VIN7_2016,Mazda,3,2016,2000,1
LEMON_MAZDA_3_2500CC_VIN3_2016,Mazda,3,2016,2500,1
LEMON_MAZDA_3_2000CC_2016,Mazda,3,2016,2000,1
LEMON_MAZDA_3_2000CC_2017,Mazda,3,2017,2000,1
LEMON_MAZDA_3_2500CC_2017,Mazda,3,2017,2500,1
LEMON_MAZDA_3_2500CC_VIN3_2017,Mazda,3,2017,2500,1
LEMON_MAZDA_3_2000CC_VIN7_2017,Mazda,3,2017,2000,1
LEMON_MAZDA_3_2000CC_2018,Mazda,3,2018,2000,1
LEMON_MAZDA_3_2500CC_2018,Mazda,3,2018,2500,1
LEMON_MAZDA_3_2019,Mazda,3,2019,,1
LEMON_MAZDA_3_2500CC_VINM_2019,Mazda,3,2019,2500,1
LEMON_MAZDA_3_2500CC_VINL_2019,Mazda,3,2019,2500,1
LEMON_MAZDA_3_2020,Mazda,3,2020,,1
LEMON_MAZDA_3_2500CC_VINL_2020,Mazda,3,2020,2500,1
LEMON_MAZDA_3_2500CC_VINM_2020,Mazda,3,2020,2500,1
LEMON_MAZDA_3_2500CC_2021,Mazda,3,2021,2500,1
LEMON_MAZDA_3_2500CC_VINL_2021,Mazda,3,2021,2500,1
LEMON_MAZDA_3_2500CC_VINM_2021,Mazda,3,2021,2500,1
LEMON_MAZDA_3_2000CC_2021,Mazda,3,2021,2000,1
LEMON_MAZDA_3_2500CC_2022,Mazda,3,2022,2500,1
LEMON_MAZDA_3_2000CC_2022,Mazda,3,2022,2000,1
LEMON_MAZDA_3_2023,Mazda,3,2023,,1
LEMON_MAZDA_3_2024,Mazda,3,2024,,1
LEMON_MAZDA_3_2025,Mazda,3,2025,,1
LEMON_MAZDA_5_2006,Mazda,5,2006,,1
LEMON_MAZDA_5_2007,Mazda,5,2007,,1
LEMON_MAZDA_5_2008,Mazda,5,2008,,1
LEMON_MAZDA_5_2009,Mazda,5,2009,,1
LEMON_MAZDA_5_2010,Mazda,5,2010,,1
LEMON_MAZDA_5_2012,Mazda,5,2012,,1
LEMON_MAZDA_5_2013,Mazda,5,2013,,1
LEMON_MAZDA_5_2014,Mazda,5,2014,,1
LEMON_MAZDA_5_2015_5SPORT,Mazda,5,2015,,1
LEMON_MAZDA_5_2015_5GRANDTOURIN,Mazda,5,2015,,1
LEMON_MAZDA_5_2015_5TOURING,Mazda,5,2015,,1
LEMON_MAZDA_6_3000CC_2003,Mazda,6,2003,3000,1
LEMON_MAZDA_6_2300CC_2003,Mazda,6,2003,2300,1
LEMON_MAZDA_6_2300CC_2004,Mazda,6,2004,2300,1
LEMON_MAZDA_6_3000CC_2004,Mazda,6,2004,3000,1
LEMON_MAZDA_6_2300CC_2005,Mazda,6,2005,2300,1
LEMON_MAZDA_6_3000CC_2005,Mazda,6,2005,3000,1
LEMON_MAZDA_6_2300CC_2006,Mazda,6,2006,2300,1
LEMON_MAZDA_6_3000CC_2006,Mazda,6,2006,3000,1
LEMON_MAZDA_6_2300CC_2007,Mazda,6,2007,2300,1
LEMON_MAZDA_6_3000CC_2007,Mazda,6,2007,3000,1
LEMON_MAZDA_6_2300CC_2008,Mazda,6,2008,2300,1
LEMON_MAZDA_6_3000CC_2008,Mazda,6,2008,3000,1
LEMON_MAZDA_6_2500CC_2009,Mazda,6,2009,2500,1
LEMON_MAZDA_6_3700CC_2009,Mazda,6,2009,3700,1
LEMON_MAZDA_6_2500CC_2010,Mazda,6,2010,2500,1
LEMON_MAZDA_6_3700CC_2010,Mazda,6,2010,3700,1
LEMON_MAZDA_6_2500CC_2011,Mazda,6,2011,2500,1
LEMON_MAZDA_6_3700CC_2011,Mazda,6,2011,3700,1
LEMON_MAZDA_6_2500CC_2012,Mazda,6,2012,2500,1
LEMON_MAZDA_6_3700CC_2012,Mazda,6,2012,3700,1
LEMON_MAZDA_6_2500CC_2013,Mazda,6,2013,2500,1
LEMON_MAZDA_6_3700CC_2013,Mazda,6,2013,3700,1
LEMON_MAZDA_6_2500CC_VIN5_2014,Mazda,6,2014,2500,1
LEMON_MAZDA_6_2500CC_VIN6_2014,Mazda,6,2014,2500,1
LEMON_MAZDA_6_2500CC_VIN5_2015,Mazda,6,2015,2500,1
LEMON_MAZDA_6_2500CC_VIN6_2015,Mazda,6,2015,2500,1
LEMON_MAZDA_6_2016,Mazda,6,2016,,1
LEMON_MAZDA_6_2017,Mazda,6,2017,,1
LEMON_MAZDA_6_2018,Mazda,6,2018,,1
LEMON_MAZDA_6_2500CC_VIN5_2018,Mazda,6,2018,2500,1
LEMON_MAZDA_6_2500CC_VINM_2018,Mazda,6,2018,2500,1
LEMON_MAZDA_6_2019,Mazda,6,2019,,1
LEMON_MAZDA_6_2020,Mazda,6,2020,,1
LEMON_MAZDA_6_2500CC_2021,Mazda,6,2021,2500,1
LEMON_MAZDA_626_2000CC_2000,Mazda,626,2000,2000,1
LEMON_MAZDA_626_2500CC_2000,Mazda,626,2000,2500,1
LEMON_MAZDA_626_2000CC_2001,Mazda,626,2001,2000,1
LEMON_MAZDA_626_2500CC_2001,Mazda,626,2001,2500,1
LEMON_MAZDA_626_2500CC_2002,Mazda,626,2002,2500,1
LEMON_MAZDA_626_2000CC_2002,Mazda,626,2002,2000,1
LEMON_MAZDA_B2300_2001,Mazda,B2300,2001,,1
LEMON_MAZDA_B2300_2002,Mazda,B2300,2002,,1
LEMON_MAZDA_B2300_2003,Mazda,B2300,2003,,1
LEMON_MAZDA_B2300_2004,Mazda,B2300,2004,,1
LEMON_MAZDA_B2300_2005,Mazda,B2300,2005,,1
LEMON_MAZDA_B2300_2006,Mazda,B2300,2006,,1
LEMON_MAZDA_B2300_2007,Mazda,B2300,2007,,1
LEMON_MAZDA_B2300_2008,Mazda,B2300,2008,,1
LEMON_MAZDA_B2300_2009,Mazda,B2300,2009,,1
LEMON_MAZDA_B2500_2000,Mazda,B2500,2000,,1
LEMON_MAZDA_B2500_2001,Mazda,B2500,2001,,1
LEMON_MAZDA_B3000_2000,Mazda,B3000,2000,,1
LEMON_MAZDA_B3000_2001,Mazda,B3000,2001,,1
LEMON_MAZDA_B3000_2002,Mazda,B3000,2002,,1
LEMON_MAZDA_B3000_2003,Mazda,B3000,2003,,1
LEMON_MAZDA_B3000_2004,Mazda,B3000,2004,,1
LEMON_MAZDA_B3000_2005,Mazda,B3000,2005,,1
LEMON_MAZDA_B3000_2006,Mazda,B3000,2006,,1
LEMON_MAZDA_B3000_2007,Mazda,B3000,2007,,1
LEMON_MAZDA_B4000_2000,Mazda,B4000,2000,,1
LEMON_MAZDA_B4000_2001,Mazda,B4000,2001,,1
LEMON_MAZDA_B4000_2002,Mazda,B4000,2002,,1
LEMON_MAZDA_B4000_2003,Mazda,B4000,2003,,1
LEMON_MAZDA_B4000_2004,Mazda,B4000,2004,,1
LEMON_MAZDA_B4000_2005,Mazda,B4000,2005,,1
LEMON_MAZDA_B4000_2006,Mazda,B4000,2006,,1
LEMON_MAZDA_B4000_2007,Mazda,B4000,2007,,1
LEMON_MAZDA_B4000_2008,Mazda,B4000,2008,,1
LEMON_MAZDA_B4000_2009,Mazda,B4000,2009,,1
LEMON_MAZDA_CX_3_2016,Mazda,CX-3,2016,,1
LEMON_MAZDA_CX_3_2017,Mazda,CX-3,2017,,1
LEMON_MAZDA_CX_3_2018,Mazda,CX-3,2018,,1
LEMON_MAZDA_CX_3_2019,Mazda,CX-3,2019,,1
LEMON_MAZDA_CX_3_2020,Mazda,CX-3,2020,,1
LEMON_MAZDA_CX_3_2021,Mazda,CX-3,2021,,1
LEMON_MAZDA_CX_30_2020,Mazda,CX-30,2020,,1
LEMON_MAZDA_CX-30_2500CC_VINM_2021,Mazda,CX-30,2021,2500,1
LEMON_MAZDA_CX-30_2500CC_VINL_2021,Mazda,CX-30,2021,2500,1
LEMON_MAZDA_CX_30_2021,Mazda,CX-30,2021,,1
LEMON_MAZDA_CX_30_2022,Mazda,CX-30,2022,,1
LEMON_MAZDA_CX_30_2023,Mazda,CX-30,2023,,1
LEMON_MAZDA_CX_30_2024,Mazda,CX-30,2024,,1
LEMON_MAZDA_CX_30_2025,Mazda,CX-30,2025,,1
LEMON_MAZDA_CX_5_2013,Mazda,CX-5,2013,,1
LEMON_MAZDA_CX-5_2500CC_2014,Mazda,CX-5,2014,2500,1
LEMON_MAZDA_CX-5_2000CC_2014,Mazda,CX-5,2014,2000,1
LEMON_MAZDA_CX-5_2000CC_VINE_2015,Mazda,CX-5,2015,2000,1
LEMON_MAZDA_CX-5_2500CC_2015,Mazda,CX-5,2015,2500,1
LEMON_MAZDA_CX-5_2500CC_VINY_2015,Mazda,CX-5,2015,2500,1
LEMON_MAZDA_CX-5_2500CC_2016,Mazda,CX-5,2016,2500,1
LEMON_MAZDA_CX-5_2000CC_VINE_2016,Mazda,CX-5,2016,2000,1
LEMON_MAZDA_CX-5_2500CC_VINY_2016,Mazda,CX-5,2016,2500,1
LEMON_MAZDA_CX_5_2017,Mazda,CX-5,2017,,1
LEMON_MAZDA_CX_5_2018,Mazda,CX-5,2018,,1
LEMON_MAZDA_CX-5_2500CC_2019,Mazda,CX-5,2019,2500,1
LEMON_MAZDA_CX-5_2500CC_VINY_2019,Mazda,CX-5,2019,2500,1
LEMON_MAZDA_CX-5_2200CC_VIN2_2019,Mazda,CX-5,2019,2200,1
LEMON_MAZDA_CX-5_2500CC_2020,Mazda,CX-5,2020,2500,1
LEMON_MAZDA_CX-5_2500CC_2021,Mazda,CX-5,2021,2500,1
LEMON_MAZDA_CX-5_2500CC_2022,Mazda,CX-5,2022,2500,1
LEMON_MAZDA_CX-5_2500CC_2023,Mazda,CX-5,2023,2500,1
LEMON_MAZDA_CX-5_2500CC_2024,Mazda,CX-5,2024,2500,1
LEMON_MAZDA_CX-5_2500CC_VINL_2024,Mazda,CX-5,2024,2500,1
LEMON_MAZDA_CX-5_2500CC_VINM_2024,Mazda,CX-5,2024,2500,1
LEMON_MAZDA_CX-5_2500CC_2025,Mazda,CX-5,2025,2500,1
LEMON_MAZDA_CX_50_2023,Mazda,CX-50,2023,,1
LEMON_MAZDA_CX_50_2024,Mazda,CX-50,2024,,1
LEMON_MAZDA_CX_50_2025,Mazda,CX-50,2025,,1
LEMON_MAZDA_CX_7_2007,Mazda,CX-7,2007,,1
LEMON_MAZDA_CX_7_2008,Mazda,CX-7,2008,,1
LEMON_MAZDA_CX_7_2009,Mazda,CX-7,2009,,1
LEMON_MAZDA_CX-7_2500CC_2010,Mazda,CX-7,2010,2500,1
LEMON_MAZDA_CX-7_2300CC_2010,Mazda,CX-7,2010,2300,1
LEMON_MAZDA_CX-7_2500CC_2011,Mazda,CX-7,2011,2500,1
LEMON_MAZDA_CX-7_2300CC_2011,Mazda,CX-7,2011,2300,1
LEMON_MAZDA_CX-7_2500CC_VINM_2012,Mazda,CX-7,2012,2500,1
LEMON_MAZDA_CX-7_2500CC_VIN5_2012,Mazda,CX-7,2012,2500,1
LEMON_MAZDA_CX-7_2300CC_VIN3_2012,Mazda,CX-7,2012,2300,1
LEMON_MAZDA_CX-7_2300CC_VINL_2012,Mazda,CX-7,2012,2300,1
LEMON_MAZDA_CX-70_2500CC_2025,Mazda,CX-70,2025,2500,1
LEMON_MAZDA_CX-70_3300CC_2025,Mazda,CX-70,2025,3300,1
LEMON_MAZDA_CX_9_2007,Mazda,CX-9,2007,,1
LEMON_MAZDA_CX_9_2008,Mazda,CX-9,2008,,1
LEMON_MAZDA_CX_9_2009,Mazda,CX-9,2009,,1
LEMON_MAZDA_CX_9_2010,Mazda,CX-9,2010,,1
LEMON_MAZDA_CX_9_2011,Mazda,CX-9,2011,,1
LEMON_MAZDA_CX-9_3700CC_VINA_2012,Mazda,CX-9,2012,3700,1
LEMON_MAZDA_CX-9_3700CC_VINV_2012,Mazda,CX-9,2012,3700,1
LEMON_MAZDA_CX-9_3700CC_VINV_2013,Mazda,CX-9,2013,3700,1
LEMON_MAZDA_CX-9_3700CC_VINA_2013,Mazda,CX-9,2013,3700,1
LEMON_MAZDA_CX-9_3700CC_VINA_2014,Mazda,CX-9,2014,3700,1
LEMON_MAZDA_CX-9_3700CC_VINV_2014,Mazda,CX-9,2014,3700,1
LEMON_MAZDA_CX-9_3700CC_VINA_2015,Mazda,CX-9,2015,3700,1
LEMON_MAZDA_CX-9_3700CC_VINV_2015,Mazda,CX-9,2015,3700,1
LEMON_MAZDA_CX_9_2016,Mazda,CX-9,2016,,1
LEMON_MAZDA_CX_9_2017,Mazda,CX-9,2017,,1
LEMON_MAZDA_CX_9_2018,Mazda,CX-9,2018,,1
LEMON_MAZDA_CX_9_2019,Mazda,CX-9,2019,,1
LEMON_MAZDA_CX_9_2020,Mazda,CX-9,2020,,1
LEMON_MAZDA_CX_9_2021,Mazda,CX-9,2021,,1
LEMON_MAZDA_CX_9_2022,Mazda,CX-9,2022,,1
LEMON_MAZDA_CX_9_2023,Mazda,CX-9,2023,,1
LEMON_MAZDA_CX-90_2500CC_2024,Mazda,CX-90,2024,2500,1
LEMON_MAZDA_CX-90_3300CC_2024,Mazda,CX-90,2024,3300,1
LEMON_MAZDA_CX-90_2500CC_2025,Mazda,CX-90,2025,2500,1
LEMON_MAZDA_CX-90_3300CC_2025,Mazda,CX-90,2025,3300,1
LEMON_MAZDA_MPV_2000,Mazda,MPV,2000,,1
LEMON_MAZDA_MPV_2001,Mazda,MPV,2001,,1
LEMON_MAZDA_MPV_2002,Mazda,MPV,2002,,1
LEMON_MAZDA_MPV_2003,Mazda,MPV,2003,,1
LEMON_MAZDA_MPV_2004,Mazda,MPV,2004,,1
LEMON_MAZDA_MPV_2005,Mazda,MPV,2005,,1
LEMON_MAZDA_MPV_2006,Mazda,MPV,2006,,1
LEMON_MAZDA_MX_30_2022,Mazda,MX-30,2022,,1
LEMON_MAZDA_MX_30_2023,Mazda,MX-30,2023,,1
LEMON_MAZDA_MX_5_2000,Mazda,MX-5,2000,,1
LEMON_MAZDA_MX_5_2001,Mazda,MX-5,2001,,1
LEMON_MAZDA_MX_5_2002,Mazda,MX-5,2002,,1
LEMON_MAZDA_MX_5_2003,Mazda,MX-5,2003,,1
LEMON_MAZDA_MX_5_2004,Mazda,MX-5,2004,,1
LEMON_MAZDA_MX_5_2005,Mazda,MX-5,2005,,1
LEMON_MAZDA_MX_5_2006,Mazda,MX-5,2006,,1
LEMON_MAZDA_MX_5_2007,Mazda,MX-5,2007,,1
LEMON_MAZDA_MX_5_2008,Mazda,MX-5,2008,,1
LEMON_MAZDA_MX_5_2009,Mazda,MX-5,2009,,1
LEMON_MAZDA_MX_5_2010,Mazda,MX-5,2010,,1
LEMON_MAZDA_MX_5_2011,Mazda,MX-5,2011,,1
LEMON_MAZDA_MX_5_2012,Mazda,MX-5,2012,,1
LEMON_MAZDA_MX_5_2013,Mazda,MX-5,2013,,1
LEMON_MAZDA_MX_5_2014,Mazda,MX-5,2014,,1
LEMON_MAZDA_MX_5_2015_MX5MIATA25TH,Mazda,MX-5,2015,,1
LEMON_MAZDA_MX_5_2015_MX5MIATACLUB,Mazda,MX-5,2015,,1
LEMON_MAZDA_MX_5_2015_MX5MIATAGRAN,Mazda,MX-5,2015,,1
LEMON_MAZDA_MX_5_2015_MX5MIATASPOR,Mazda,MX-5,2015,,1
LEMON_MAZDA_MX_5_2016,Mazda,MX-5,2016,,1
LEMON_MAZDA_MX_5_2017,Mazda,MX-5,2017,,1
LEMON_MAZDA_MX_5_2018,Mazda,MX-5,2018,,1
LEMON_MAZDA_MX_5_2019,Mazda,MX-5,2019,,1
LEMON_MAZDA_MX_5_2020,Mazda,MX-5,2020,,1
LEMON_MAZDA_MX_5_2021,Mazda,MX-5,2021,,1
LEMON_MAZDA_MX_5_2022,Mazda,MX-5,2022,,1
LEMON_MAZDA_MX_5_2023,Mazda,MX-5,2023,,1
LEMON_MAZDA_MX_5_2024,Mazda,MX-5,2024,,1
LEMON_MAZDA_MX_5_2025,Mazda,MX-5,2025,,1
LEMON_MAZDA_MILLENIA_2300CC_2000,Mazda,Millenia,2000,2300,1
LEMON_MAZDA_MILLENIA_2500CC_2000,Mazda,Millenia,2000,2500,1
LEMON_MAZDA_MILLENIA_2500CC_2001,Mazda,Millenia,2001,2500,1
LEMON_MAZDA_MILLENIA_2300CC_2001,Mazda,Millenia,2001,2300,1
LEMON_MAZDA_MILLENIA_2500CC_2002,Mazda,Millenia,2002,2500,1
LEMON_MAZDA_MILLENIA_2300CC_2002,Mazda,Millenia,2002,2300,1
LEMON_MAZDA_PROTEGE_1600CC_2000,Mazda,Protege,2000,1600,1
LEMON_MAZDA_PROTEGE_1800CC_2000,Mazda,Protege,2000,1800,1
LEMON_MAZDA_PROTEGE_1600CC_2001,Mazda,Protege,2001,1600,1
LEMON_MAZDA_PROTEGE_2000CC_2001,Mazda,Protege,2001,2000,1
LEMON_MAZDA_PROTEGE_2002,Mazda,Protege,2002,,1
LEMON_MAZDA_PROTEGE_2003,Mazda,Protege,2003,,1
LEMON_MAZDA_PROTEGE5_2002,Mazda,Protege5,2002,,1
LEMON_MAZDA_PROTEGE5_2003,Mazda,Protege5,2003,,1
LEMON_MAZDA_RX_8_2004,Mazda,RX-8,2004,,1
LEMON_MAZDA_RX_8_2005,Mazda,RX-8,2005,,1
LEMON_MAZDA_RX_8_2006,Mazda,RX-8,2006,,1
LEMON_MAZDA_RX_8_2007,Mazda,RX-8,2007,,1
LEMON_MAZDA_RX_8_2008,Mazda,RX-8,2008,,1
LEMON_MAZDA_RX_8_2009,Mazda,RX-8,2009,,1
LEMON_MAZDA_RX_8_2010,Mazda,RX-8,2010,,1
LEMON_MAZDA_RX_8_2011,Mazda,RX-8,2011,,1
LEMON_MAZDA_TRIBUTE_2000CC_2001,Mazda,Tribute,2001,2000,1
LEMON_MAZDA_TRIBUTE_3000CC_2001,Mazda,Tribute,2001,3000,1
LEMON_MAZDA_TRIBUTE_2000CC_2002,Mazda,Tribute,2002,2000,1
LEMON_MAZDA_TRIBUTE_3000CC_2002,Mazda,Tribute,2002,3000,1
LEMON_MAZDA_TRIBUTE_3000CC_2003,Mazda,Tribute,2003,3000,1
LEMON_MAZDA_TRIBUTE_2000CC_2003,Mazda,Tribute,2003,2000,1
LEMON_MAZDA_TRIBUTE_3000CC_2004,Mazda,Tribute,2004,3000,1
LEMON_MAZDA_TRIBUTE_2000CC_2004,Mazda,Tribute,2004,2000,1
LEMON_MAZDA_TRIBUTE_2300CC_2005,Mazda,Tribute,2005,2300,1
LEMON_MAZDA_TRIBUTE_3000CC_2005,Mazda,Tribute,2005,3000,1
LEMON_MAZDA_TRIBUTE_2300CC_2006,Mazda,Tribute,2006,2300,1
LEMON_MAZDA_TRIBUTE_3000CC_2006,Mazda,Tribute,2006,3000,1
LEMON_MAZDA_TRIBUTE_2300CC_2008,Mazda,Tribute,2008,2300,1
LEMON_MAZDA_TRIBUTE_3000CC_2008,Mazda,Tribute,2008,3000,1
LEMON_MAZDA_TRIBUTE_2500CC_2009,Mazda,Tribute,2009,2500,1
LEMON_MAZDA_TRIBUTE_3000CC_2009,Mazda,Tribute,2009,3000,1
LEMON_MAZDA_TRIBUTE_2500CC_2010,Mazda,Tribute,2010,2500,1
LEMON_MAZDA_TRIBUTE_3000CC_2010,Mazda,Tribute,2010,3000,1
LEMON_MAZDA_TRIBUTE_2500CC_2011,Mazda,Tribute,2011,2500,1
LEMON_MAZDA_TRIBUTE_3000CC_2011,Mazda,Tribute,2011,3000,1
LEMON_MERCEDES_A220_2019,Mercedes,A220,2019,,1
LEMON_MERCEDES_A220_2020,Mercedes,A220,2020,,1
LEMON_MERCEDES_A220_2021,Mercedes,A220,2021,,1
LEMON_MERCEDES_A220_2022,Mercedes,A220,2022,,1
LEMON_MERCEDES_A35_2020,Mercedes,A35,2020,,1
LEMON_MERCEDES_A35_2021,Mercedes,A35,2021,,1
LEMON_MERCEDES_B_2014,Mercedes,B,2014,,1
LEMON_MERCEDES_B_2015_BELECTRICDRI,Mercedes,B,2015,,1
LEMON_MERCEDES_B200_2006,Mercedes,B200,2006,,1
LEMON_MERCEDES_B200_2007,Mercedes,B200,2007,,1
LEMON_MERCEDES_B200_2008,Mercedes,B200,2008,,1
LEMON_MERCEDES_B200_2009,Mercedes,B200,2009,,1
LEMON_MERCEDES_B200_2010,Mercedes,B200,2010,,1
LEMON_MERCEDES_B200_2011,Mercedes,B200,2011,,1
LEMON_MERCEDES_B250_2013,Mercedes,B250,2013,,1
LEMON_MERCEDES_B250_2014,Mercedes,B250,2014,,1
LEMON_MERCEDES_B250_2015_B2504MATIC,Mercedes,B250,2015,,1
LEMON_MERCEDES_B250_2015_B250BASE,Mercedes,B250,2015,,1
LEMON_MERCEDES_B250_2016,Mercedes,B250,2016,,1
LEMON_MERCEDES_B250E_2016,Mercedes,B250e,2016,,1
LEMON_MERCEDES_B250E_2017,Mercedes,B250e,2017,,1
LEMON_MERCEDES_C230_2000,Mercedes,C230,2000,,1
LEMON_MERCEDES_C230_2002,Mercedes,C230,2002,,1
LEMON_MERCEDES_C230_2003,Mercedes,C230,2003,,1
LEMON_MERCEDES_C230_2004,Mercedes,C230,2004,,1
LEMON_MERCEDES_C230_2005,Mercedes,C230,2005,,1
LEMON_MERCEDES_C230_2006,Mercedes,C230,2006,,1
LEMON_MERCEDES_C230_2007,Mercedes,C230,2007,,1
LEMON_MERCEDES_C240_2001,Mercedes,C240,2001,,1
LEMON_MERCEDES_C240_2002,Mercedes,C240,2002,,1
LEMON_MERCEDES_C240_2003,Mercedes,C240,2003,,1
LEMON_MERCEDES_C240_2004,Mercedes,C240,2004,,1
LEMON_MERCEDES_C240_2005,Mercedes,C240,2005,,1
LEMON_MERCEDES_C250_2012,Mercedes,C250,2012,,1
LEMON_MERCEDES_C250_2013,Mercedes,C250,2013,,1
LEMON_MERCEDES_C250_2014,Mercedes,C250,2014,,1
LEMON_MERCEDES_C250_2015_C250,Mercedes,C250,2015,,1
LEMON_MERCEDES_C280_2000,Mercedes,C280,2000,,1
LEMON_MERCEDES_C280_2006,Mercedes,C280,2006,,1
LEMON_MERCEDES_C280_2007,Mercedes,C280,2007,,1
LEMON_MERCEDES_C300_2008,Mercedes,C300,2008,,1
LEMON_MERCEDES_C300_2009,Mercedes,C300,2009,,1
LEMON_MERCEDES_C300_2010,Mercedes,C300,2010,,1
LEMON_MERCEDES_C300_2011,Mercedes,C300,2011,,1
LEMON_MERCEDES_C300_2012,Mercedes,C300,2012,,1
LEMON_MERCEDES_C300_2013,Mercedes,C300,2013,,1
LEMON_MERCEDES_C300_2014,Mercedes,C300,2014,,1
LEMON_MERCEDES_C300_2015_C3004MATIC,Mercedes,C300,2015,,1
LEMON_MERCEDES_C300_2015_C300BASE,Mercedes,C300,2015,,1
LEMON_MERCEDES_C300_2016,Mercedes,C300,2016,,1
LEMON_MERCEDES_C300_2017,Mercedes,C300,2017,,1
LEMON_MERCEDES_C300_2018,Mercedes,C300,2018,,1
LEMON_MERCEDES_C300_2019,Mercedes,C300,2019,,1
LEMON_MERCEDES_C300_2020,Mercedes,C300,2020,,1
LEMON_MERCEDES_C300_2021,Mercedes,C300,2021,,1
LEMON_MERCEDES_C300_2022,Mercedes,C300,2022,,1
LEMON_MERCEDES_C300_2023,Mercedes,C300,2023,,1
LEMON_MERCEDES_C300_2024,Mercedes,C300,2024,,1
LEMON_MERCEDES_C300_2025,Mercedes,C300,2025,,1
LEMON_MERCEDES_C32_2002,Mercedes,C32,2002,,1
LEMON_MERCEDES_C32_2003,Mercedes,C32,2003,,1
LEMON_MERCEDES_C32_2004,Mercedes,C32,2004,,1
LEMON_MERCEDES_C320_2001,Mercedes,C320,2001,,1
LEMON_MERCEDES_C320_2002,Mercedes,C320,2002,,1
LEMON_MERCEDES_C320_2003,Mercedes,C320,2003,,1
LEMON_MERCEDES_C320_2004,Mercedes,C320,2004,,1
LEMON_MERCEDES_C320_2005,Mercedes,C320,2005,,1
LEMON_MERCEDES_C350_2006,Mercedes,C350,2006,,1
LEMON_MERCEDES_C350_2007,Mercedes,C350,2007,,1
LEMON_MERCEDES_C350_2008,Mercedes,C350,2008,,1
LEMON_MERCEDES_C350_2009,Mercedes,C350,2009,,1
LEMON_MERCEDES_C350_2010,Mercedes,C350,2010,,1
LEMON_MERCEDES_C350_2011,Mercedes,C350,2011,,1
LEMON_MERCEDES_C350_2012,Mercedes,C350,2012,,1
LEMON_MERCEDES_C350_2013,Mercedes,C350,2013,,1
LEMON_MERCEDES_C350_2014,Mercedes,C350,2014,,1
LEMON_MERCEDES_C350_2015_C350BASE,Mercedes,C350,2015,,1
LEMON_MERCEDES_C350_2015_C3504MATIC,Mercedes,C350,2015,,1
LEMON_MERCEDES_C350E_2016,Mercedes,C350e,2016,,1
LEMON_MERCEDES_C350E_2017,Mercedes,C350e,2017,,1
LEMON_MERCEDES_C350E_2018,Mercedes,C350e,2018,,1
LEMON_MERCEDES_C400_2015_C400,Mercedes,C400,2015,,1
LEMON_MERCEDES_C43_2000,Mercedes,C43,2000,,1
LEMON_MERCEDES_C43_2017,Mercedes,C43,2017,,1
LEMON_MERCEDES_C43_2018,Mercedes,C43,2018,,1
LEMON_MERCEDES_C43_2019,Mercedes,C43,2019,,1
LEMON_MERCEDES_C43_2020,Mercedes,C43,2020,,1
LEMON_MERCEDES_C43_2021,Mercedes,C43,2021,,1
LEMON_MERCEDES_C43_2022,Mercedes,C43,2022,,1
LEMON_MERCEDES_C43_3000CC_2023,Mercedes,C43,2023,3000,1
LEMON_MERCEDES_C43_2000CC_2023,Mercedes,C43,2023,2000,1
LEMON_MERCEDES_C43_2024,Mercedes,C43,2024,,1
LEMON_MERCEDES_C43_2025,Mercedes,C43,2025,,1
LEMON_MERCEDES_C450_2016,Mercedes,C450,2016,,1
LEMON_MERCEDES_C55_2005,Mercedes,C55,2005,,1
LEMON_MERCEDES_C55_2006,Mercedes,C55,2006,,1
LEMON_MERCEDES_C63_2008,Mercedes,C63,2008,,1
LEMON_MERCEDES_C63_2009,Mercedes,C63,2009,,1
LEMON_MERCEDES_C63_2010,Mercedes,C63,2010,,1
LEMON_MERCEDES_C63_2011,Mercedes,C63,2011,,1
LEMON_MERCEDES_C63_2012,Mercedes,C63,2012,,1
LEMON_MERCEDES_C63_2013,Mercedes,C63,2013,,1
LEMON_MERCEDES_C63_2014,Mercedes,C63,2014,,1
LEMON_MERCEDES_C63_6300CC_2015,Mercedes,C63,2015,6300,1
LEMON_MERCEDES_C63_4000CC_2015,Mercedes,C63,2015,4000,1
LEMON_MERCEDES_C63_2015_C63SAMG,Mercedes,C63,2015,,1
LEMON_MERCEDES_C63_2016,Mercedes,C63,2016,,1
LEMON_MERCEDES_C63_2017,Mercedes,C63,2017,,1
LEMON_MERCEDES_C63_2018,Mercedes,C63,2018,,1
LEMON_MERCEDES_C63_2019,Mercedes,C63,2019,,1
LEMON_MERCEDES_C63_2020,Mercedes,C63,2020,,1
LEMON_MERCEDES_C63_2021,Mercedes,C63,2021,,1
LEMON_MERCEDES_C63_2023,Mercedes,C63,2023,,1
LEMON_MERCEDES_CL500_2000,Mercedes,CL500,2000,,1
LEMON_MERCEDES_CL500_2001,Mercedes,CL500,2001,,1
LEMON_MERCEDES_CL500_2002,Mercedes,CL500,2002,,1
LEMON_MERCEDES_CL500_2003,Mercedes,CL500,2003,,1
LEMON_MERCEDES_CL500_2004,Mercedes,CL500,2004,,1
LEMON_MERCEDES_CL500_2005,Mercedes,CL500,2005,,1
LEMON_MERCEDES_CL500_2006,Mercedes,CL500,2006,,1
LEMON_MERCEDES_CL55_2001,Mercedes,CL55,2001,,1
LEMON_MERCEDES_CL55_2002,Mercedes,CL55,2002,,1
LEMON_MERCEDES_CL55_2003,Mercedes,CL55,2003,,1
LEMON_MERCEDES_CL55_2004,Mercedes,CL55,2004,,1
LEMON_MERCEDES_CL55_2005,Mercedes,CL55,2005,,1
LEMON_MERCEDES_CL55_2006,Mercedes,CL55,2006,,1
LEMON_MERCEDES_CL550_2007,Mercedes,CL550,2007,,1
LEMON_MERCEDES_CL550_2008,Mercedes,CL550,2008,,1
LEMON_MERCEDES_CL550_2009,Mercedes,CL550,2009,,1
LEMON_MERCEDES_CL550_2010,Mercedes,CL550,2010,,1
LEMON_MERCEDES_CL550_2011,Mercedes,CL550,2011,,1
LEMON_MERCEDES_CL550_2012,Mercedes,CL550,2012,,1
LEMON_MERCEDES_CL550_2013,Mercedes,CL550,2013,,1
LEMON_MERCEDES_CL550_2014,Mercedes,CL550,2014,,1
LEMON_MERCEDES_CL600_2001,Mercedes,CL600,2001,,1
LEMON_MERCEDES_CL600_2002,Mercedes,CL600,2002,,1
LEMON_MERCEDES_CL600_2003,Mercedes,CL600,2003,,1
LEMON_MERCEDES_CL600_2004,Mercedes,CL600,2004,,1
LEMON_MERCEDES_CL600_2005,Mercedes,CL600,2005,,1
LEMON_MERCEDES_CL600_2006,Mercedes,CL600,2006,,1
LEMON_MERCEDES_CL600_2007,Mercedes,CL600,2007,,1
LEMON_MERCEDES_CL600_2008,Mercedes,CL600,2008,,1
LEMON_MERCEDES_CL600_2009,Mercedes,CL600,2009,,1
LEMON_MERCEDES_CL600_2010,Mercedes,CL600,2010,,1
LEMON_MERCEDES_CL600_2011,Mercedes,CL600,2011,,1
LEMON_MERCEDES_CL600_2012,Mercedes,CL600,2012,,1
LEMON_MERCEDES_CL600_2013,Mercedes,CL600,2013,,1
LEMON_MERCEDES_CL600_2014,Mercedes,CL600,2014,,1
LEMON_MERCEDES_CL63_2008,Mercedes,CL63,2008,,1
LEMON_MERCEDES_CL63_2009,Mercedes,CL63,2009,,1
LEMON_MERCEDES_CL63_2010,Mercedes,CL63,2010,,1
LEMON_MERCEDES_CL63_2011,Mercedes,CL63,2011,,1
LEMON_MERCEDES_CL63_2012,Mercedes,CL63,2012,,1
LEMON_MERCEDES_CL63_2013,Mercedes,CL63,2013,,1
LEMON_MERCEDES_CL63_2014,Mercedes,CL63,2014,,1
LEMON_MERCEDES_CL65_2005,Mercedes,CL65,2005,,1
LEMON_MERCEDES_CL65_2006,Mercedes,CL65,2006,,1
LEMON_MERCEDES_CL65_2008,Mercedes,CL65,2008,,1
LEMON_MERCEDES_CL65_2009,Mercedes,CL65,2009,,1
LEMON_MERCEDES_CL65_2010,Mercedes,CL65,2010,,1
LEMON_MERCEDES_CL65_2011,Mercedes,CL65,2011,,1
LEMON_MERCEDES_CL65_2012,Mercedes,CL65,2012,,1
LEMON_MERCEDES_CL65_2013,Mercedes,CL65,2013,,1
LEMON_MERCEDES_CL65_2014,Mercedes,CL65,2014,,1
LEMON_MERCEDES_CLA250_2014,Mercedes,CLA250,2014,,1
LEMON_MERCEDES_CLA250_2015_CLA2504MATIC,Mercedes,CLA250,2015,,1
LEMON_MERCEDES_CLA250_2015_CLA250BASE,Mercedes,CLA250,2015,,1
LEMON_MERCEDES_CLA250_2016,Mercedes,CLA250,2016,,1
LEMON_MERCEDES_CLA250_2017,Mercedes,CLA250,2017,,1
LEMON_MERCEDES_CLA250_2018,Mercedes,CLA250,2018,,1
LEMON_MERCEDES_CLA250_2019,Mercedes,CLA250,2019,,1
LEMON_MERCEDES_CLA250_2020,Mercedes,CLA250,2020,,1
LEMON_MERCEDES_CLA250_2021,Mercedes,CLA250,2021,,1
LEMON_MERCEDES_CLA250_2022,Mercedes,CLA250,2022,,1
LEMON_MERCEDES_CLA250_2023,Mercedes,CLA250,2023,,1
LEMON_MERCEDES_CLA250_2024,Mercedes,CLA250,2024,,1
LEMON_MERCEDES_CLA250_2025,Mercedes,CLA250,2025,,1
LEMON_MERCEDES_CLA35_2020,Mercedes,CLA35,2020,,1
LEMON_MERCEDES_CLA35_2021,Mercedes,CLA35,2021,,1
LEMON_MERCEDES_CLA35_2022,Mercedes,CLA35,2022,,1
LEMON_MERCEDES_CLA35_2023,Mercedes,CLA35,2023,,1
LEMON_MERCEDES_CLA35_2024,Mercedes,CLA35,2024,,1
LEMON_MERCEDES_CLA35_2025,Mercedes,CLA35,2025,,1
LEMON_MERCEDES_CLA45_2014,Mercedes,CLA45,2014,,1
LEMON_MERCEDES_CLA45_2015_CLA45AMG,Mercedes,CLA45,2015,,1
LEMON_MERCEDES_CLA45_2016,Mercedes,CLA45,2016,,1
LEMON_MERCEDES_CLA45_2017,Mercedes,CLA45,2017,,1
LEMON_MERCEDES_CLA45_2018,Mercedes,CLA45,2018,,1
LEMON_MERCEDES_CLA45_2019,Mercedes,CLA45,2019,,1
LEMON_MERCEDES_CLA45_2020,Mercedes,CLA45,2020,,1
LEMON_MERCEDES_CLA45_2021,Mercedes,CLA45,2021,,1
LEMON_MERCEDES_CLA45_2022,Mercedes,CLA45,2022,,1
LEMON_MERCEDES_CLA45_2023,Mercedes,CLA45,2023,,1
LEMON_MERCEDES_CLK320_2000,Mercedes,CLK320,2000,,1
LEMON_MERCEDES_CLK320_2001,Mercedes,CLK320,2001,,1
LEMON_MERCEDES_CLK320_2002,Mercedes,CLK320,2002,,1
LEMON_MERCEDES_CLK320_2003,Mercedes,CLK320,2003,,1
LEMON_MERCEDES_CLK320_2004,Mercedes,CLK320,2004,,1
LEMON_MERCEDES_CLK320_2005,Mercedes,CLK320,2005,,1
LEMON_MERCEDES_CLK350_2006,Mercedes,CLK350,2006,,1
LEMON_MERCEDES_CLK350_2007,Mercedes,CLK350,2007,,1
LEMON_MERCEDES_CLK350_2008,Mercedes,CLK350,2008,,1
LEMON_MERCEDES_CLK350_2009,Mercedes,CLK350,2009,,1
LEMON_MERCEDES_CLK430_2000,Mercedes,CLK430,2000,,1
LEMON_MERCEDES_CLK430_2001,Mercedes,CLK430,2001,,1
LEMON_MERCEDES_CLK430_2002,Mercedes,CLK430,2002,,1
LEMON_MERCEDES_CLK430_2003,Mercedes,CLK430,2003,,1
LEMON_MERCEDES_CLK500_2003,Mercedes,CLK500,2003,,1
LEMON_MERCEDES_CLK500_2004,Mercedes,CLK500,2004,,1
LEMON_MERCEDES_CLK500_2005,Mercedes,CLK500,2005,,1
LEMON_MERCEDES_CLK500_2006,Mercedes,CLK500,2006,,1
LEMON_MERCEDES_CLK55_2001,Mercedes,CLK55,2001,,1
LEMON_MERCEDES_CLK55_2002,Mercedes,CLK55,2002,,1
LEMON_MERCEDES_CLK55_2003,Mercedes,CLK55,2003,,1
LEMON_MERCEDES_CLK55_2004,Mercedes,CLK55,2004,,1
LEMON_MERCEDES_CLK55_2005,Mercedes,CLK55,2005,,1
LEMON_MERCEDES_CLK55_2006,Mercedes,CLK55,2006,,1
LEMON_MERCEDES_CLK550_2007,Mercedes,CLK550,2007,,1
LEMON_MERCEDES_CLK550_2008,Mercedes,CLK550,2008,,1
LEMON_MERCEDES_CLK550_2009,Mercedes,CLK550,2009,,1
LEMON_MERCEDES_CLK63_2007,Mercedes,CLK63,2007,,1
LEMON_MERCEDES_CLK63_2008,Mercedes,CLK63,2008,,1
LEMON_MERCEDES_CLS400_2015_CLS400BASE,Mercedes,CLS400,2015,,1
LEMON_MERCEDES_CLS400_2015_CLS4004MATIC,Mercedes,CLS400,2015,,1
LEMON_MERCEDES_CLS400_2016,Mercedes,CLS400,2016,,1
LEMON_MERCEDES_CLS400_2017,Mercedes,CLS400,2017,,1
LEMON_MERCEDES_CLS450_2019,Mercedes,CLS450,2019,,1
LEMON_MERCEDES_CLS450_2020,Mercedes,CLS450,2020,,1
LEMON_MERCEDES_CLS450_2021,Mercedes,CLS450,2021,,1
LEMON_MERCEDES_CLS450_2022,Mercedes,CLS450,2022,,1
LEMON_MERCEDES_CLS450_2023,Mercedes,CLS450,2023,,1
LEMON_MERCEDES_CLS500_2006,Mercedes,CLS500,2006,,1
LEMON_MERCEDES_CLS53_2019,Mercedes,CLS53,2019,,1
LEMON_MERCEDES_CLS53_2020,Mercedes,CLS53,2020,,1
LEMON_MERCEDES_CLS53_2021,Mercedes,CLS53,2021,,1
LEMON_MERCEDES_CLS55_2006,Mercedes,CLS55,2006,,1
LEMON_MERCEDES_CLS550_2007,Mercedes,CLS550,2007,,1
LEMON_MERCEDES_CLS550_2008,Mercedes,CLS550,2008,,1
LEMON_MERCEDES_CLS550_2009,Mercedes,CLS550,2009,,1
LEMON_MERCEDES_CLS550_2010,Mercedes,CLS550,2010,,1
LEMON_MERCEDES_CLS550_2011,Mercedes,CLS550,2011,,1
LEMON_MERCEDES_CLS550_2012,Mercedes,CLS550,2012,,1
LEMON_MERCEDES_CLS550_2013,Mercedes,CLS550,2013,,1
LEMON_MERCEDES_CLS550_2014,Mercedes,CLS550,2014,,1
LEMON_MERCEDES_CLS550_2015_CLS550BASE,Mercedes,CLS550,2015,,1
LEMON_MERCEDES_CLS550_2015_CLS5504MATIC,Mercedes,CLS550,2015,,1
LEMON_MERCEDES_CLS550_2016,Mercedes,CLS550,2016,,1
LEMON_MERCEDES_CLS550_2017,Mercedes,CLS550,2017,,1
LEMON_MERCEDES_CLS550_2018,Mercedes,CLS550,2018,,1
LEMON_MERCEDES_CLS63_2007,Mercedes,CLS63,2007,,1
LEMON_MERCEDES_CLS63_2008,Mercedes,CLS63,2008,,1
LEMON_MERCEDES_CLS63_2009,Mercedes,CLS63,2009,,1
LEMON_MERCEDES_CLS63_2010,Mercedes,CLS63,2010,,1
LEMON_MERCEDES_CLS63_2011,Mercedes,CLS63,2011,,1
LEMON_MERCEDES_CLS63_2012,Mercedes,CLS63,2012,,1
LEMON_MERCEDES_CLS63_2013,Mercedes,CLS63,2013,,1
LEMON_MERCEDES_CLS63_2014,Mercedes,CLS63,2014,,1
LEMON_MERCEDES_CLS63_2015_CLS63SAMG,Mercedes,CLS63,2015,,1
LEMON_MERCEDES_CLS63_2016,Mercedes,CLS63,2016,,1
LEMON_MERCEDES_CLS63_2017,Mercedes,CLS63,2017,,1
LEMON_MERCEDES_CLS63_2018,Mercedes,CLS63,2018,,1
LEMON_MERCEDES_E250_2014,Mercedes,E250,2014,,1
LEMON_MERCEDES_E250_2015_E250BLUETEC,Mercedes,E250,2015,,1
LEMON_MERCEDES_E250_2015_E250BLUETEC4,Mercedes,E250,2015,,1
LEMON_MERCEDES_E250_2016,Mercedes,E250,2016,,1
LEMON_MERCEDES_E300_2017,Mercedes,E300,2017,,1
LEMON_MERCEDES_E300_2018,Mercedes,E300,2018,,1
LEMON_MERCEDES_E300_2019,Mercedes,E300,2019,,1
LEMON_MERCEDES_E320_2000,Mercedes,E320,2000,,1
LEMON_MERCEDES_E320_2001,Mercedes,E320,2001,,1
LEMON_MERCEDES_E320_2002,Mercedes,E320,2002,,1
LEMON_MERCEDES_E320_2003,Mercedes,E320,2003,,1
LEMON_MERCEDES_E320_2004,Mercedes,E320,2004,,1
LEMON_MERCEDES_E320_2005,Mercedes,E320,2005,,1
LEMON_MERCEDES_E320_2006,Mercedes,E320,2006,,1
LEMON_MERCEDES_E320_2007,Mercedes,E320,2007,,1
LEMON_MERCEDES_E320_2008,Mercedes,E320,2008,,1
LEMON_MERCEDES_E320_2009,Mercedes,E320,2009,,1
LEMON_MERCEDES_E350_2006,Mercedes,E350,2006,,1
LEMON_MERCEDES_E350_2007,Mercedes,E350,2007,,1
LEMON_MERCEDES_E350_2008,Mercedes,E350,2008,,1
LEMON_MERCEDES_E350_2009,Mercedes,E350,2009,,1
LEMON_MERCEDES_E350_2010,Mercedes,E350,2010,,1
LEMON_MERCEDES_E350_2011,Mercedes,E350,2011,,1
LEMON_MERCEDES_E350_2012,Mercedes,E350,2012,,1
LEMON_MERCEDES_E350_2013,Mercedes,E350,2013,,1
LEMON_MERCEDES_E350_2014,Mercedes,E350,2014,,1
LEMON_MERCEDES_E350_2015_E3504MATIC4D,Mercedes,E350,2015,,1
LEMON_MERCEDES_E350_2015_E350BASE,Mercedes,E350,2015,,1
LEMON_MERCEDES_E350_2016,Mercedes,E350,2016,,1
LEMON_MERCEDES_E350_2020,Mercedes,E350,2020,,1
LEMON_MERCEDES_E350_2021,Mercedes,E350,2021,,1
LEMON_MERCEDES_E350_2022,Mercedes,E350,2022,,1
LEMON_MERCEDES_E350_2023,Mercedes,E350,2023,,1
LEMON_MERCEDES_E350_2024,Mercedes,E350,2024,,1
LEMON_MERCEDES_E400_2013,Mercedes,E400,2013,,1
LEMON_MERCEDES_E400_2014,Mercedes,E400,2014,,1
LEMON_MERCEDES_E400_2015_E4004MATIC2D,Mercedes,E400,2015,,1
LEMON_MERCEDES_E400_2015_E400BASE2DCO,Mercedes,E400,2015,,1
LEMON_MERCEDES_E400_2015_E4004MATIC4D,Mercedes,E400,2015,,1
LEMON_MERCEDES_E400_2015_E400BASE4DSE,Mercedes,E400,2015,,1
LEMON_MERCEDES_E400_2015_E400HYBRID,Mercedes,E400,2015,,1
LEMON_MERCEDES_E400_2016,Mercedes,E400,2016,,1
LEMON_MERCEDES_E400_2017,Mercedes,E400,2017,,1
LEMON_MERCEDES_E400_2018,Mercedes,E400,2018,,1
LEMON_MERCEDES_E43_2017,Mercedes,E43,2017,,1
LEMON_MERCEDES_E43_2018,Mercedes,E43,2018,,1
LEMON_MERCEDES_E430_2000,Mercedes,E430,2000,,1
LEMON_MERCEDES_E430_2001,Mercedes,E430,2001,,1
LEMON_MERCEDES_E430_2002,Mercedes,E430,2002,,1
LEMON_MERCEDES_E450_2019,Mercedes,E450,2019,,1
LEMON_MERCEDES_E450_2020,Mercedes,E450,2020,,1
LEMON_MERCEDES_E450_2021,Mercedes,E450,2021,,1
LEMON_MERCEDES_E450_2022,Mercedes,E450,2022,,1
LEMON_MERCEDES_E450_2023,Mercedes,E450,2023,,1
LEMON_MERCEDES_E450_2024,Mercedes,E450,2024,,1
LEMON_MERCEDES_E450_2025,Mercedes,E450,2025,,1
LEMON_MERCEDES_E500_2003,Mercedes,E500,2003,,1
LEMON_MERCEDES_E500_2004,Mercedes,E500,2004,,1
LEMON_MERCEDES_E500_2005,Mercedes,E500,2005,,1
LEMON_MERCEDES_E500_2006,Mercedes,E500,2006,,1
LEMON_MERCEDES_E53_2019,Mercedes,E53,2019,,1
LEMON_MERCEDES_E53_2020,Mercedes,E53,2020,,1
LEMON_MERCEDES_E53_2021,Mercedes,E53,2021,,1
LEMON_MERCEDES_E53_2022,Mercedes,E53,2022,,1
LEMON_MERCEDES_E53_2023,Mercedes,E53,2023,,1
LEMON_MERCEDES_E55_2000,Mercedes,E55,2000,,1
LEMON_MERCEDES_E55_2001,Mercedes,E55,2001,,1
LEMON_MERCEDES_E55_2002,Mercedes,E55,2002,,1
LEMON_MERCEDES_E55_2003,Mercedes,E55,2003,,1
LEMON_MERCEDES_E55_2004,Mercedes,E55,2004,,1
LEMON_MERCEDES_E55_2005,Mercedes,E55,2005,,1
LEMON_MERCEDES_E55_2006,Mercedes,E55,2006,,1
LEMON_MERCEDES_E550_2007,Mercedes,E550,2007,,1
LEMON_MERCEDES_E550_2008,Mercedes,E550,2008,,1
LEMON_MERCEDES_E550_2009,Mercedes,E550,2009,,1
LEMON_MERCEDES_E550_2010,Mercedes,E550,2010,,1
LEMON_MERCEDES_E550_2011,Mercedes,E550,2011,,1
LEMON_MERCEDES_E550_2012,Mercedes,E550,2012,,1
LEMON_MERCEDES_E550_2013,Mercedes,E550,2013,,1
LEMON_MERCEDES_E550_2014,Mercedes,E550,2014,,1
LEMON_MERCEDES_E550_2015_E5502DCOUPE,Mercedes,E550,2015,,1
LEMON_MERCEDES_E550_2015_E5502DCONVER,Mercedes,E550,2015,,1
LEMON_MERCEDES_E550_2016,Mercedes,E550,2016,,1
LEMON_MERCEDES_E550_2017,Mercedes,E550,2017,,1
LEMON_MERCEDES_E63_2007,Mercedes,E63,2007,,1
LEMON_MERCEDES_E63_2008,Mercedes,E63,2008,,1
LEMON_MERCEDES_E63_2009,Mercedes,E63,2009,,1
LEMON_MERCEDES_E63_2010,Mercedes,E63,2010,,1
LEMON_MERCEDES_E63_2011,Mercedes,E63,2011,,1
LEMON_MERCEDES_E63_2012,Mercedes,E63,2012,,1
LEMON_MERCEDES_E63_2013,Mercedes,E63,2013,,1
LEMON_MERCEDES_E63_2014,Mercedes,E63,2014,,1
LEMON_MERCEDES_E63_2015_E63AMG,Mercedes,E63,2015,,1
LEMON_MERCEDES_E63_2015_E63SAMG4DSED,Mercedes,E63,2015,,1
LEMON_MERCEDES_E63_2015_E63SAMG4DWAG,Mercedes,E63,2015,,1
LEMON_MERCEDES_E63_2016,Mercedes,E63,2016,,1
LEMON_MERCEDES_E63_2018,Mercedes,E63,2018,,1
LEMON_MERCEDES_E63_2019,Mercedes,E63,2019,,1
LEMON_MERCEDES_E63_2020,Mercedes,E63,2020,,1
LEMON_MERCEDES_E63_2021,Mercedes,E63,2021,,1
LEMON_MERCEDES_E63_2023,Mercedes,E63,2023,,1
LEMON_MERCEDES_EQB250+_2023,Mercedes,EQB250+,2023,,1
LEMON_MERCEDES_EQB250+_2024,Mercedes,EQB250+,2024,,1
LEMON_MERCEDES_EQB250+_2025,Mercedes,EQB250+,2025,,1
LEMON_MERCEDES_EQB300_2022,Mercedes,EQB300,2022,,1
LEMON_MERCEDES_EQB300_2023,Mercedes,EQB300,2023,,1
LEMON_MERCEDES_EQB300_2024,Mercedes,EQB300,2024,,1
LEMON_MERCEDES_EQB300_2025,Mercedes,EQB300,2025,,1
LEMON_MERCEDES_EQB350_2022,Mercedes,EQB350,2022,,1
LEMON_MERCEDES_EQB350_2023,Mercedes,EQB350,2023,,1
LEMON_MERCEDES_EQB350_2024,Mercedes,EQB350,2024,,1
LEMON_MERCEDES_EQB350_2025,Mercedes,EQB350,2025,,1
LEMON_MERCEDES_EQS450+_2023,Mercedes,EQS450+,2023,,1
LEMON_MERCEDES_G500_2002,Mercedes,G500,2002,,1
LEMON_MERCEDES_G500_2003,Mercedes,G500,2003,,1
LEMON_MERCEDES_G500_2004,Mercedes,G500,2004,,1
LEMON_MERCEDES_G500_2005,Mercedes,G500,2005,,1
LEMON_MERCEDES_G500_2006,Mercedes,G500,2006,,1
LEMON_MERCEDES_G500_2007,Mercedes,G500,2007,,1
LEMON_MERCEDES_G500_2008,Mercedes,G500,2008,,1
LEMON_MERCEDES_G55_2003,Mercedes,G55,2003,,1
LEMON_MERCEDES_G55_2004,Mercedes,G55,2004,,1
LEMON_MERCEDES_G55_2005,Mercedes,G55,2005,,1
LEMON_MERCEDES_G55_2006,Mercedes,G55,2006,,1
LEMON_MERCEDES_G55_2007,Mercedes,G55,2007,,1
LEMON_MERCEDES_G55_2008,Mercedes,G55,2008,,1
LEMON_MERCEDES_G55_2009,Mercedes,G55,2009,,1
LEMON_MERCEDES_G55_2010,Mercedes,G55,2010,,1
LEMON_MERCEDES_G55_2011,Mercedes,G55,2011,,1
LEMON_MERCEDES_G550_2009,Mercedes,G550,2009,,1
LEMON_MERCEDES_G550_2010,Mercedes,G550,2010,,1
LEMON_MERCEDES_G550_2011,Mercedes,G550,2011,,1
LEMON_MERCEDES_G550_2012,Mercedes,G550,2012,,1
LEMON_MERCEDES_G550_2013,Mercedes,G550,2013,,1
LEMON_MERCEDES_G550_2014,Mercedes,G550,2014,,1
LEMON_MERCEDES_G550_2015_G550,Mercedes,G550,2015,,1
LEMON_MERCEDES_G550_2016,Mercedes,G550,2016,,1
LEMON_MERCEDES_G550_2017,Mercedes,G550,2017,,1
LEMON_MERCEDES_G550_2018,Mercedes,G550,2018,,1
LEMON_MERCEDES_G550_2019,Mercedes,G550,2019,,1
LEMON_MERCEDES_G550_2020,Mercedes,G550,2020,,1
LEMON_MERCEDES_G550_2021,Mercedes,G550,2021,,1
LEMON_MERCEDES_G550_2022,Mercedes,G550,2022,,1
LEMON_MERCEDES_G550_2023,Mercedes,G550,2023,,1
LEMON_MERCEDES_G550_2024,Mercedes,G550,2024,,1
LEMON_MERCEDES_G63_2013,Mercedes,G63,2013,,1
LEMON_MERCEDES_G63_2014,Mercedes,G63,2014,,1
LEMON_MERCEDES_G63_2015_G63AMG,Mercedes,G63,2015,,1
LEMON_MERCEDES_G63_2016,Mercedes,G63,2016,,1
LEMON_MERCEDES_G63_2017,Mercedes,G63,2017,,1
LEMON_MERCEDES_G63_2018,Mercedes,G63,2018,,1
LEMON_MERCEDES_G63_2019,Mercedes,G63,2019,,1
LEMON_MERCEDES_G63_2020,Mercedes,G63,2020,,1
LEMON_MERCEDES_G63_2021,Mercedes,G63,2021,,1
LEMON_MERCEDES_G63_2022,Mercedes,G63,2022,,1
LEMON_MERCEDES_G63_2023,Mercedes,G63,2023,,1
LEMON_MERCEDES_G63_2024,Mercedes,G63,2024,,1
LEMON_MERCEDES_G63_2025,Mercedes,G63,2025,,1
LEMON_MERCEDES_G65_2016,Mercedes,G65,2016,,1
LEMON_MERCEDES_G65_2017,Mercedes,G65,2017,,1
LEMON_MERCEDES_G65_2018,Mercedes,G65,2018,,1
LEMON_MERCEDES_GL320_2007,Mercedes,GL320,2007,,1
LEMON_MERCEDES_GL320_2008,Mercedes,GL320,2008,,1
LEMON_MERCEDES_GL320_2009,Mercedes,GL320,2009,,1
LEMON_MERCEDES_GL350_2010,Mercedes,GL350,2010,,1
LEMON_MERCEDES_GL350_2011,Mercedes,GL350,2011,,1
LEMON_MERCEDES_GL350_2012,Mercedes,GL350,2012,,1
LEMON_MERCEDES_GL350_2013,Mercedes,GL350,2013,,1
LEMON_MERCEDES_GL350_2014,Mercedes,GL350,2014,,1
LEMON_MERCEDES_GL350_2015_GL350,Mercedes,GL350,2015,,1
LEMON_MERCEDES_GL350_2016,Mercedes,GL350,2016,,1
LEMON_MERCEDES_GL450_2007,Mercedes,GL450,2007,,1
LEMON_MERCEDES_GL450_2008,Mercedes,GL450,2008,,1
LEMON_MERCEDES_GL450_2009,Mercedes,GL450,2009,,1
LEMON_MERCEDES_GL450_2010,Mercedes,GL450,2010,,1
LEMON_MERCEDES_GL450_2011,Mercedes,GL450,2011,,1
LEMON_MERCEDES_GL450_2012,Mercedes,GL450,2012,,1
LEMON_MERCEDES_GL450_2013,Mercedes,GL450,2013,,1
LEMON_MERCEDES_GL450_2014,Mercedes,GL450,2014,,1
LEMON_MERCEDES_GL450_2015_GL450,Mercedes,GL450,2015,,1
LEMON_MERCEDES_GL450_2016,Mercedes,GL450,2016,,1
LEMON_MERCEDES_GL550_2008,Mercedes,GL550,2008,,1
LEMON_MERCEDES_GL550_2009,Mercedes,GL550,2009,,1
LEMON_MERCEDES_GL550_2010,Mercedes,GL550,2010,,1
LEMON_MERCEDES_GL550_2011,Mercedes,GL550,2011,,1
LEMON_MERCEDES_GL550_2012,Mercedes,GL550,2012,,1
LEMON_MERCEDES_GL550_2013,Mercedes,GL550,2013,,1
LEMON_MERCEDES_GL550_2014,Mercedes,GL550,2014,,1
LEMON_MERCEDES_GL550_2015_GL550,Mercedes,GL550,2015,,1
LEMON_MERCEDES_GL550_2016,Mercedes,GL550,2016,,1
LEMON_MERCEDES_GL63_2014,Mercedes,GL63,2014,,1
LEMON_MERCEDES_GL63_2015_GL63AMG,Mercedes,GL63,2015,,1
LEMON_MERCEDES_GL63_2016,Mercedes,GL63,2016,,1
LEMON_MERCEDES_GLA250_2015_GLA2504MATIC,Mercedes,GLA250,2015,,1
LEMON_MERCEDES_GLA250_2015_GLA250BASE,Mercedes,GLA250,2015,,1
LEMON_MERCEDES_GLA250_2016,Mercedes,GLA250,2016,,1
LEMON_MERCEDES_GLA250_2017,Mercedes,GLA250,2017,,1
LEMON_MERCEDES_GLA250_2018,Mercedes,GLA250,2018,,1
LEMON_MERCEDES_GLA250_2019,Mercedes,GLA250,2019,,1
LEMON_MERCEDES_GLA250_2020,Mercedes,GLA250,2020,,1
LEMON_MERCEDES_GLA250_2021,Mercedes,GLA250,2021,,1
LEMON_MERCEDES_GLA250_2022,Mercedes,GLA250,2022,,1
LEMON_MERCEDES_GLA250_2023,Mercedes,GLA250,2023,,1
LEMON_MERCEDES_GLA250_2024,Mercedes,GLA250,2024,,1
LEMON_MERCEDES_GLA250_2025,Mercedes,GLA250,2025,,1
LEMON_MERCEDES_GLA35_2021,Mercedes,GLA35,2021,,1
LEMON_MERCEDES_GLA35_2022,Mercedes,GLA35,2022,,1
LEMON_MERCEDES_GLA35_2023,Mercedes,GLA35,2023,,1
LEMON_MERCEDES_GLA35_2024,Mercedes,GLA35,2024,,1
LEMON_MERCEDES_GLA35_2025,Mercedes,GLA35,2025,,1
LEMON_MERCEDES_GLA45_2015_GLA45AMG,Mercedes,GLA45,2015,,1
LEMON_MERCEDES_GLA45_2016,Mercedes,GLA45,2016,,1
LEMON_MERCEDES_GLA45_2017,Mercedes,GLA45,2017,,1
LEMON_MERCEDES_GLA45_2018,Mercedes,GLA45,2018,,1
LEMON_MERCEDES_GLA45_2019,Mercedes,GLA45,2019,,1
LEMON_MERCEDES_GLA45_2021,Mercedes,GLA45,2021,,1
LEMON_MERCEDES_GLA45_2022,Mercedes,GLA45,2022,,1
LEMON_MERCEDES_GLA45_2023,Mercedes,GLA45,2023,,1
LEMON_MERCEDES_GLB250_2020,Mercedes,GLB250,2020,,1
LEMON_MERCEDES_GLB250_2021,Mercedes,GLB250,2021,,1
LEMON_MERCEDES_GLB250_2022,Mercedes,GLB250,2022,,1
LEMON_MERCEDES_GLB250_2023,Mercedes,GLB250,2023,,1
LEMON_MERCEDES_GLB250_2024,Mercedes,GLB250,2024,,1
LEMON_MERCEDES_GLB250_2025,Mercedes,GLB250,2025,,1
LEMON_MERCEDES_GLB35_2021,Mercedes,GLB35,2021,,1
LEMON_MERCEDES_GLB35_2022,Mercedes,GLB35,2022,,1
LEMON_MERCEDES_GLB35_2023,Mercedes,GLB35,2023,,1
LEMON_MERCEDES_GLB35_2024,Mercedes,GLB35,2024,,1
LEMON_MERCEDES_GLB35_2025,Mercedes,GLB35,2025,,1
LEMON_MERCEDES_GLC300_2016,Mercedes,GLC300,2016,,1
LEMON_MERCEDES_GLC300_2017,Mercedes,GLC300,2017,,1
LEMON_MERCEDES_GLC300_2018,Mercedes,GLC300,2018,,1
LEMON_MERCEDES_GLC300_2019,Mercedes,GLC300,2019,,1
LEMON_MERCEDES_GLC300_2020,Mercedes,GLC300,2020,,1
LEMON_MERCEDES_GLC300_2021,Mercedes,GLC300,2021,,1
LEMON_MERCEDES_GLC300_2022,Mercedes,GLC300,2022,,1
LEMON_MERCEDES_GLC300_2023,Mercedes,GLC300,2023,,1
LEMON_MERCEDES_GLC300_2024,Mercedes,GLC300,2024,,1
LEMON_MERCEDES_GLC300_2025,Mercedes,GLC300,2025,,1
LEMON_MERCEDES_GLC350E_2018,Mercedes,GLC350e,2018,,1
LEMON_MERCEDES_GLC350E_2019,Mercedes,GLC350e,2019,,1
LEMON_MERCEDES_GLC350E_2020,Mercedes,GLC350e,2020,,1
LEMON_MERCEDES_GLC43_2017,Mercedes,GLC43,2017,,1
LEMON_MERCEDES_GLC43_2018,Mercedes,GLC43,2018,,1
LEMON_MERCEDES_GLC43_2019,Mercedes,GLC43,2019,,1
LEMON_MERCEDES_GLC43_2020,Mercedes,GLC43,2020,,1
LEMON_MERCEDES_GLC43_2021,Mercedes,GLC43,2021,,1
LEMON_MERCEDES_GLC43_2022,Mercedes,GLC43,2022,,1
LEMON_MERCEDES_GLC43_2023,Mercedes,GLC43,2023,,1
LEMON_MERCEDES_GLC63_2018,Mercedes,GLC63,2018,,1
LEMON_MERCEDES_GLC63_2019,Mercedes,GLC63,2019,,1
LEMON_MERCEDES_GLC63_2020,Mercedes,GLC63,2020,,1
LEMON_MERCEDES_GLC63_2021,Mercedes,GLC63,2021,,1
LEMON_MERCEDES_GLE300D_2016,Mercedes,GLE300d,2016,,1
LEMON_MERCEDES_GLE350_2016,Mercedes,GLE350,2016,,1
LEMON_MERCEDES_GLE350_2017,Mercedes,GLE350,2017,,1
LEMON_MERCEDES_GLE350_2018,Mercedes,GLE350,2018,,1
LEMON_MERCEDES_GLE350_2020,Mercedes,GLE350,2020,,1
LEMON_MERCEDES_GLE350_2021,Mercedes,GLE350,2021,,1
LEMON_MERCEDES_GLE350_2022,Mercedes,GLE350,2022,,1
LEMON_MERCEDES_GLE350_2023,Mercedes,GLE350,2023,,1
LEMON_MERCEDES_GLE350_2024,Mercedes,GLE350,2024,,1
LEMON_MERCEDES_GLE350_2025,Mercedes,GLE350,2025,,1
LEMON_MERCEDES_GLE400_2016,Mercedes,GLE400,2016,,1
LEMON_MERCEDES_GLE400_2017,Mercedes,GLE400,2017,,1
LEMON_MERCEDES_GLE400_2019,Mercedes,GLE400,2019,,1
LEMON_MERCEDES_GLE43_2017,Mercedes,GLE43,2017,,1
LEMON_MERCEDES_GLE43_2018,Mercedes,GLE43,2018,,1
LEMON_MERCEDES_GLE43_2019,Mercedes,GLE43,2019,,1
LEMON_MERCEDES_GLE450_2016,Mercedes,GLE450,2016,,1
LEMON_MERCEDES_GLE450_2020,Mercedes,GLE450,2020,,1
LEMON_MERCEDES_GLE450_2021,Mercedes,GLE450,2021,,1
LEMON_MERCEDES_GLE450_2022,Mercedes,GLE450,2022,,1
LEMON_MERCEDES_GLE450_2023,Mercedes,GLE450,2023,,1
LEMON_MERCEDES_GLE450_2024,Mercedes,GLE450,2024,,1
LEMON_MERCEDES_GLE450_2025,Mercedes,GLE450,2025,,1
LEMON_MERCEDES_GLE53_2021,Mercedes,GLE53,2021,,1
LEMON_MERCEDES_GLE53_2022,Mercedes,GLE53,2022,,1
LEMON_MERCEDES_GLE53_2023,Mercedes,GLE53,2023,,1
LEMON_MERCEDES_GLE53_2024,Mercedes,GLE53,2024,,1
LEMON_MERCEDES_GLE53_2025,Mercedes,GLE53,2025,,1
LEMON_MERCEDES_GLE550E_2016,Mercedes,GLE550e,2016,,1
LEMON_MERCEDES_GLE550E_2017,Mercedes,GLE550e,2017,,1
LEMON_MERCEDES_GLE550E_2018,Mercedes,GLE550e,2018,,1
LEMON_MERCEDES_GLE580_2020,Mercedes,GLE580,2020,,1
LEMON_MERCEDES_GLE580_2021,Mercedes,GLE580,2021,,1
LEMON_MERCEDES_GLE580_2022,Mercedes,GLE580,2022,,1
LEMON_MERCEDES_GLE580_2023,Mercedes,GLE580,2023,,1
LEMON_MERCEDES_GLE580_2024,Mercedes,GLE580,2024,,1
LEMON_MERCEDES_GLE580_2025,Mercedes,GLE580,2025,,1
LEMON_MERCEDES_GLE63_2016,Mercedes,GLE63,2016,,1
LEMON_MERCEDES_GLE63_2017,Mercedes,GLE63,2017,,1
LEMON_MERCEDES_GLE63_2018,Mercedes,GLE63,2018,,1
LEMON_MERCEDES_GLE63_2019,Mercedes,GLE63,2019,,1
LEMON_MERCEDES_GLE63_2021,Mercedes,GLE63,2021,,1
LEMON_MERCEDES_GLE63_2022,Mercedes,GLE63,2022,,1
LEMON_MERCEDES_GLE63_2023,Mercedes,GLE63,2023,,1
LEMON_MERCEDES_GLE63_2024,Mercedes,GLE63,2024,,1
LEMON_MERCEDES_GLE63_2025,Mercedes,GLE63,2025,,1
LEMON_MERCEDES_GLK250_2013,Mercedes,GLK250,2013,,1
LEMON_MERCEDES_GLK250_2014,Mercedes,GLK250,2014,,1
LEMON_MERCEDES_GLK250_2015_GLK250,Mercedes,GLK250,2015,,1
LEMON_MERCEDES_GLK350_2010,Mercedes,GLK350,2010,,1
LEMON_MERCEDES_GLK350_2011,Mercedes,GLK350,2011,,1
LEMON_MERCEDES_GLK350_2012,Mercedes,GLK350,2012,,1
LEMON_MERCEDES_GLK350_2013,Mercedes,GLK350,2013,,1
LEMON_MERCEDES_GLK350_2014,Mercedes,GLK350,2014,,1
LEMON_MERCEDES_GLK350_2015_GLK350BASE,Mercedes,GLK350,2015,,1
LEMON_MERCEDES_GLK350_2015_GLK3504MATIC,Mercedes,GLK350,2015,,1
LEMON_MERCEDES_GLS350D_2017,Mercedes,GLS350d,2017,,1
LEMON_MERCEDES_GLS450_2017,Mercedes,GLS450,2017,,1
LEMON_MERCEDES_GLS450_2018,Mercedes,GLS450,2018,,1
LEMON_MERCEDES_GLS450_2019,Mercedes,GLS450,2019,,1
LEMON_MERCEDES_GLS450_2020,Mercedes,GLS450,2020,,1
LEMON_MERCEDES_GLS450_2021,Mercedes,GLS450,2021,,1
LEMON_MERCEDES_GLS450_2022,Mercedes,GLS450,2022,,1
LEMON_MERCEDES_GLS450_2023,Mercedes,GLS450,2023,,1
LEMON_MERCEDES_GLS450_2024,Mercedes,GLS450,2024,,1
LEMON_MERCEDES_GLS450_2025,Mercedes,GLS450,2025,,1
LEMON_MERCEDES_GLS550_2017,Mercedes,GLS550,2017,,1
LEMON_MERCEDES_GLS550_2018,Mercedes,GLS550,2018,,1
LEMON_MERCEDES_GLS550_2019,Mercedes,GLS550,2019,,1
LEMON_MERCEDES_GLS580_2020,Mercedes,GLS580,2020,,1
LEMON_MERCEDES_GLS580_2021,Mercedes,GLS580,2021,,1
LEMON_MERCEDES_GLS580_2022,Mercedes,GLS580,2022,,1
LEMON_MERCEDES_GLS580_2023,Mercedes,GLS580,2023,,1
LEMON_MERCEDES_GLS580_2024,Mercedes,GLS580,2024,,1
LEMON_MERCEDES_GLS580_2025,Mercedes,GLS580,2025,,1
LEMON_MERCEDES_GLS63_2017,Mercedes,GLS63,2017,,1
LEMON_MERCEDES_GLS63_2018,Mercedes,GLS63,2018,,1
LEMON_MERCEDES_GLS63_2019,Mercedes,GLS63,2019,,1
LEMON_MERCEDES_GLS63_2021,Mercedes,GLS63,2021,,1
LEMON_MERCEDES_GLS63_2022,Mercedes,GLS63,2022,,1
LEMON_MERCEDES_GLS63_2023,Mercedes,GLS63,2023,,1
LEMON_MERCEDES_GLS63_2024,Mercedes,GLS63,2024,,1
LEMON_MERCEDES_GLS63_2025,Mercedes,GLS63,2025,,1
LEMON_MERCEDES_GT_2016,Mercedes,GT,2016,,1
LEMON_MERCEDES_GT_2017,Mercedes,GT,2017,,1
LEMON_MERCEDES_GT_2018,Mercedes,GT,2018,,1
LEMON_MERCEDES_GT_2019,Mercedes,GT,2019,,1
LEMON_MERCEDES_GT_2020,Mercedes,GT,2020,,1
LEMON_MERCEDES_GT_2021,Mercedes,GT,2021,,1
LEMON_MERCEDES_GT_2022,Mercedes,GT,2022,,1
LEMON_MERCEDES_GT_2023,Mercedes,GT,2023,,1
LEMON_MERCEDES_GT_2024,Mercedes,GT,2024,,1
LEMON_MERCEDES_ML250_2015_ML250,Mercedes,ML250,2015,,1
LEMON_MERCEDES_ML320_2000,Mercedes,ML320,2000,,1
LEMON_MERCEDES_ML320_2001,Mercedes,ML320,2001,,1
LEMON_MERCEDES_ML320_2002,Mercedes,ML320,2002,,1
LEMON_MERCEDES_ML320_2003,Mercedes,ML320,2003,,1
LEMON_MERCEDES_ML320_2007,Mercedes,ML320,2007,,1
LEMON_MERCEDES_ML320_2008,Mercedes,ML320,2008,,1
LEMON_MERCEDES_ML320_2009,Mercedes,ML320,2009,,1
LEMON_MERCEDES_ML350_2003,Mercedes,ML350,2003,,1
LEMON_MERCEDES_ML350_2004,Mercedes,ML350,2004,,1
LEMON_MERCEDES_ML350_2005,Mercedes,ML350,2005,,1
LEMON_MERCEDES_ML350_2006,Mercedes,ML350,2006,,1
LEMON_MERCEDES_ML350_2007,Mercedes,ML350,2007,,1
LEMON_MERCEDES_ML350_2008,Mercedes,ML350,2008,,1
LEMON_MERCEDES_ML350_2009,Mercedes,ML350,2009,,1
LEMON_MERCEDES_ML350_2010,Mercedes,ML350,2010,,1
LEMON_MERCEDES_ML350_2011,Mercedes,ML350,2011,,1
LEMON_MERCEDES_ML350_2012,Mercedes,ML350,2012,,1
LEMON_MERCEDES_ML350_2013,Mercedes,ML350,2013,,1
LEMON_MERCEDES_ML350_2014,Mercedes,ML350,2014,,1
LEMON_MERCEDES_ML350_2015_ML3504MATIC,Mercedes,ML350,2015,,1
LEMON_MERCEDES_ML350_2015_ML350BASE,Mercedes,ML350,2015,,1
LEMON_MERCEDES_ML400_2015_ML400,Mercedes,ML400,2015,,1
LEMON_MERCEDES_ML430_2000,Mercedes,ML430,2000,,1
LEMON_MERCEDES_ML430_2001,Mercedes,ML430,2001,,1
LEMON_MERCEDES_ML450_2010,Mercedes,ML450,2010,,1
LEMON_MERCEDES_ML450_2011,Mercedes,ML450,2011,,1
LEMON_MERCEDES_ML500_2002,Mercedes,ML500,2002,,1
LEMON_MERCEDES_ML500_2003,Mercedes,ML500,2003,,1
LEMON_MERCEDES_ML500_2004,Mercedes,ML500,2004,,1
LEMON_MERCEDES_ML500_2005,Mercedes,ML500,2005,,1
LEMON_MERCEDES_ML500_2006,Mercedes,ML500,2006,,1
LEMON_MERCEDES_ML500_2007,Mercedes,ML500,2007,,1
LEMON_MERCEDES_ML55_2000,Mercedes,ML55,2000,,1
LEMON_MERCEDES_ML55_2001,Mercedes,ML55,2001,,1
LEMON_MERCEDES_ML55_2002,Mercedes,ML55,2002,,1
LEMON_MERCEDES_ML55_2003,Mercedes,ML55,2003,,1
LEMON_MERCEDES_ML550_2008,Mercedes,ML550,2008,,1
LEMON_MERCEDES_ML550_2009,Mercedes,ML550,2009,,1
LEMON_MERCEDES_ML550_2010,Mercedes,ML550,2010,,1
LEMON_MERCEDES_ML550_2011,Mercedes,ML550,2011,,1
LEMON_MERCEDES_ML550_2012,Mercedes,ML550,2012,,1
LEMON_MERCEDES_ML550_2013,Mercedes,ML550,2013,,1
LEMON_MERCEDES_ML550_2014,Mercedes,ML550,2014,,1
LEMON_MERCEDES_ML63_2007,Mercedes,ML63,2007,,1
LEMON_MERCEDES_ML63_2008,Mercedes,ML63,2008,,1
LEMON_MERCEDES_ML63_2009,Mercedes,ML63,2009,,1
LEMON_MERCEDES_ML63_2010,Mercedes,ML63,2010,,1
LEMON_MERCEDES_ML63_2011,Mercedes,ML63,2011,,1
LEMON_MERCEDES_ML63_2012,Mercedes,ML63,2012,,1
LEMON_MERCEDES_ML63_2013,Mercedes,ML63,2013,,1
LEMON_MERCEDES_ML63_2014,Mercedes,ML63,2014,,1
LEMON_MERCEDES_ML63_2015_ML63AMG,Mercedes,ML63,2015,,1
LEMON_MERCEDES_MAYBACH_2021,Mercedes,Maybach,2021,,1
LEMON_MERCEDES_MAYBACH_2022,Mercedes,Maybach,2022,,1
LEMON_MERCEDES_MAYBACH_2023,Mercedes,Maybach,2023,,1
LEMON_MERCEDES_METRIS_2016,Mercedes,Metris,2016,,1
LEMON_MERCEDES_METRIS_2017,Mercedes,Metris,2017,,1
LEMON_MERCEDES_METRIS_2018,Mercedes,Metris,2018,,1
LEMON_MERCEDES_METRIS_2019,Mercedes,Metris,2019,,1
LEMON_MERCEDES_METRIS_2020,Mercedes,Metris,2020,,1
LEMON_MERCEDES_METRIS_2021,Mercedes,Metris,2021,,1
LEMON_MERCEDES_METRIS_2022,Mercedes,Metris,2022,,1
LEMON_MERCEDES_METRIS_2023,Mercedes,Metris,2023,,1
LEMON_MERCEDES_R320_2007,Mercedes,R320,2007,,1
LEMON_MERCEDES_R320_2008,Mercedes,R320,2008,,1
LEMON_MERCEDES_R320_2009,Mercedes,R320,2009,,1
LEMON_MERCEDES_R350_2006,Mercedes,R350,2006,,1
LEMON_MERCEDES_R350_2007,Mercedes,R350,2007,,1
LEMON_MERCEDES_R350_2008,Mercedes,R350,2008,,1
LEMON_MERCEDES_R350_2009,Mercedes,R350,2009,,1
LEMON_MERCEDES_R350_2010,Mercedes,R350,2010,,1
LEMON_MERCEDES_R350_2011,Mercedes,R350,2011,,1
LEMON_MERCEDES_R350_2012,Mercedes,R350,2012,,1
LEMON_MERCEDES_R500_2006,Mercedes,R500,2006,,1
LEMON_MERCEDES_R500_2007,Mercedes,R500,2007,,1
LEMON_MERCEDES_R63_2007,Mercedes,R63,2007,,1
LEMON_MERCEDES_S350_2006,Mercedes,S350,2006,,1
LEMON_MERCEDES_S350_2012,Mercedes,S350,2012,,1
LEMON_MERCEDES_S350_2013,Mercedes,S350,2013,,1
LEMON_MERCEDES_S400_2010,Mercedes,S400,2010,,1
LEMON_MERCEDES_S400_2011,Mercedes,S400,2011,,1
LEMON_MERCEDES_S400_2012,Mercedes,S400,2012,,1
LEMON_MERCEDES_S400_2013,Mercedes,S400,2013,,1
LEMON_MERCEDES_S430_2000,Mercedes,S430,2000,,1
LEMON_MERCEDES_S430_2001,Mercedes,S430,2001,,1
LEMON_MERCEDES_S430_2002,Mercedes,S430,2002,,1
LEMON_MERCEDES_S430_2003,Mercedes,S430,2003,,1
LEMON_MERCEDES_S430_2004,Mercedes,S430,2004,,1
LEMON_MERCEDES_S430_2005,Mercedes,S430,2005,,1
LEMON_MERCEDES_S430_2006,Mercedes,S430,2006,,1
LEMON_MERCEDES_S450_2018,Mercedes,S450,2018,,1
LEMON_MERCEDES_S450_2019,Mercedes,S450,2019,,1
LEMON_MERCEDES_S450_2020,Mercedes,S450,2020,,1
LEMON_MERCEDES_S500_2000,Mercedes,S500,2000,,1
LEMON_MERCEDES_S500_2001,Mercedes,S500,2001,,1
LEMON_MERCEDES_S500_2002,Mercedes,S500,2002,,1
LEMON_MERCEDES_S500_2003,Mercedes,S500,2003,,1
LEMON_MERCEDES_S500_2004,Mercedes,S500,2004,,1
LEMON_MERCEDES_S500_2005,Mercedes,S500,2005,,1
LEMON_MERCEDES_S500_2006,Mercedes,S500,2006,,1
LEMON_MERCEDES_S500_2021,Mercedes,S500,2021,,1
LEMON_MERCEDES_S500_2022,Mercedes,S500,2022,,1
LEMON_MERCEDES_S500_2023,Mercedes,S500,2023,,1
LEMON_MERCEDES_S500_2024,Mercedes,S500,2024,,1
LEMON_MERCEDES_S500_2025,Mercedes,S500,2025,,1
LEMON_MERCEDES_S55_2001,Mercedes,S55,2001,,1
LEMON_MERCEDES_S55_2002,Mercedes,S55,2002,,1
LEMON_MERCEDES_S55_2003,Mercedes,S55,2003,,1
LEMON_MERCEDES_S55_2004,Mercedes,S55,2004,,1
LEMON_MERCEDES_S55_2005,Mercedes,S55,2005,,1
LEMON_MERCEDES_S55_2006,Mercedes,S55,2006,,1
LEMON_MERCEDES_S550_2007,Mercedes,S550,2007,,1
LEMON_MERCEDES_S550_2008,Mercedes,S550,2008,,1
LEMON_MERCEDES_S550_2009,Mercedes,S550,2009,,1
LEMON_MERCEDES_S550_2010,Mercedes,S550,2010,,1
LEMON_MERCEDES_S550_2011,Mercedes,S550,2011,,1
LEMON_MERCEDES_S550_2012,Mercedes,S550,2012,,1
LEMON_MERCEDES_S550_2013,Mercedes,S550,2013,,1
LEMON_MERCEDES_S550_2014,Mercedes,S550,2014,,1
LEMON_MERCEDES_S550_2015_S5504MATIC2D,Mercedes,S550,2015,,1
LEMON_MERCEDES_S550_2015_S5504MATIC4D,Mercedes,S550,2015,,1
LEMON_MERCEDES_S550_2015_S550BASE,Mercedes,S550,2015,,1
LEMON_MERCEDES_S550_2016,Mercedes,S550,2016,,1
LEMON_MERCEDES_S550_2017,Mercedes,S550,2017,,1
LEMON_MERCEDES_S550E_2015_S550E,Mercedes,S550e,2015,,1
LEMON_MERCEDES_S550E_2016,Mercedes,S550e,2016,,1
LEMON_MERCEDES_S550E_2017,Mercedes,S550e,2017,,1
LEMON_MERCEDES_S560_2018,Mercedes,S560,2018,,1
LEMON_MERCEDES_S560_2019,Mercedes,S560,2019,,1
LEMON_MERCEDES_S560_2020,Mercedes,S560,2020,,1
LEMON_MERCEDES_S560_2021,Mercedes,S560,2021,,1
LEMON_MERCEDES_S560E_2019,Mercedes,S560e,2019,,1
LEMON_MERCEDES_S560E_2020,Mercedes,S560e,2020,,1
LEMON_MERCEDES_S580_2021,Mercedes,S580,2021,,1
LEMON_MERCEDES_S580_2022,Mercedes,S580,2022,,1
LEMON_MERCEDES_S580_2023,Mercedes,S580,2023,,1
LEMON_MERCEDES_S580_2024,Mercedes,S580,2024,,1
LEMON_MERCEDES_S580_2025,Mercedes,S580,2025,,1
LEMON_MERCEDES_S580E_2023,Mercedes,S580e,2023,,1
LEMON_MERCEDES_S580E_2024,Mercedes,S580e,2024,,1
LEMON_MERCEDES_S580E_2025,Mercedes,S580e,2025,,1
LEMON_MERCEDES_S600_2001,Mercedes,S600,2001,,1
LEMON_MERCEDES_S600_2002,Mercedes,S600,2002,,1
LEMON_MERCEDES_S600_2003,Mercedes,S600,2003,,1
LEMON_MERCEDES_S600_2004,Mercedes,S600,2004,,1
LEMON_MERCEDES_S600_2005,Mercedes,S600,2005,,1
LEMON_MERCEDES_S600_2006,Mercedes,S600,2006,,1
LEMON_MERCEDES_S600_2007,Mercedes,S600,2007,,1
LEMON_MERCEDES_S600_2008,Mercedes,S600,2008,,1
LEMON_MERCEDES_S600_2009,Mercedes,S600,2009,,1
LEMON_MERCEDES_S600_2010,Mercedes,S600,2010,,1
LEMON_MERCEDES_S600_2011,Mercedes,S600,2011,,1
LEMON_MERCEDES_S600_2012,Mercedes,S600,2012,,1
LEMON_MERCEDES_S600_2013,Mercedes,S600,2013,,1
LEMON_MERCEDES_S600_2015_S600,Mercedes,S600,2015,,1
LEMON_MERCEDES_S600_2016,Mercedes,S600,2016,,1
LEMON_MERCEDES_S600_2017,Mercedes,S600,2017,,1
LEMON_MERCEDES_S63_2008,Mercedes,S63,2008,,1
LEMON_MERCEDES_S63_2009,Mercedes,S63,2009,,1
LEMON_MERCEDES_S63_2010,Mercedes,S63,2010,,1
LEMON_MERCEDES_S63_2011,Mercedes,S63,2011,,1
LEMON_MERCEDES_S63_2012,Mercedes,S63,2012,,1
LEMON_MERCEDES_S63_2013,Mercedes,S63,2013,,1
LEMON_MERCEDES_S63_2014,Mercedes,S63,2014,,1
LEMON_MERCEDES_S63_2015_S63AMG2DCOUP,Mercedes,S63,2015,,1
LEMON_MERCEDES_S63_2015_S63AMG4DSEDA,Mercedes,S63,2015,,1
LEMON_MERCEDES_S63_2016,Mercedes,S63,2016,,1
LEMON_MERCEDES_S63_2017,Mercedes,S63,2017,,1
LEMON_MERCEDES_S63_2018,Mercedes,S63,2018,,1
LEMON_MERCEDES_S63_2019,Mercedes,S63,2019,,1
LEMON_MERCEDES_S63_2020,Mercedes,S63,2020,,1
LEMON_MERCEDES_S63_2021,Mercedes,S63,2021,,1
LEMON_MERCEDES_S65_2006,Mercedes,S65,2006,,1
LEMON_MERCEDES_S65_2007,Mercedes,S65,2007,,1
LEMON_MERCEDES_S65_2008,Mercedes,S65,2008,,1
LEMON_MERCEDES_S65_2009,Mercedes,S65,2009,,1
LEMON_MERCEDES_S65_2010,Mercedes,S65,2010,,1
LEMON_MERCEDES_S65_2011,Mercedes,S65,2011,,1
LEMON_MERCEDES_S65_2012,Mercedes,S65,2012,,1
LEMON_MERCEDES_S65_2013,Mercedes,S65,2013,,1
LEMON_MERCEDES_S65_2015_S65AMG2DCOUP,Mercedes,S65,2015,,1
LEMON_MERCEDES_S65_2015_S65AMG4DSEDA,Mercedes,S65,2015,,1
LEMON_MERCEDES_S65_2016,Mercedes,S65,2016,,1
LEMON_MERCEDES_S65_2017,Mercedes,S65,2017,,1
LEMON_MERCEDES_S65_2018,Mercedes,S65,2018,,1
LEMON_MERCEDES_S65_2019,Mercedes,S65,2019,,1
LEMON_MERCEDES_S65_2020,Mercedes,S65,2020,,1
LEMON_MERCEDES_SL400_2015_SL400,Mercedes,SL400,2015,,1
LEMON_MERCEDES_SL400_2016,Mercedes,SL400,2016,,1
LEMON_MERCEDES_SL43_2023,Mercedes,SL43,2023,,1
LEMON_MERCEDES_SL43_2024,Mercedes,SL43,2024,,1
LEMON_MERCEDES_SL43_2025,Mercedes,SL43,2025,,1
LEMON_MERCEDES_SL450_2017,Mercedes,SL450,2017,,1
LEMON_MERCEDES_SL450_2018,Mercedes,SL450,2018,,1
LEMON_MERCEDES_SL450_2019,Mercedes,SL450,2019,,1
LEMON_MERCEDES_SL450_2020,Mercedes,SL450,2020,,1
LEMON_MERCEDES_SL500_2000,Mercedes,SL500,2000,,1
LEMON_MERCEDES_SL500_2001,Mercedes,SL500,2001,,1
LEMON_MERCEDES_SL500_2002,Mercedes,SL500,2002,,1
LEMON_MERCEDES_SL500_2003,Mercedes,SL500,2003,,1
LEMON_MERCEDES_SL500_2004,Mercedes,SL500,2004,,1
LEMON_MERCEDES_SL500_2005,Mercedes,SL500,2005,,1
LEMON_MERCEDES_SL500_2006,Mercedes,SL500,2006,,1
LEMON_MERCEDES_SL55_2003,Mercedes,SL55,2003,,1
LEMON_MERCEDES_SL55_2004,Mercedes,SL55,2004,,1
LEMON_MERCEDES_SL55_2005,Mercedes,SL55,2005,,1
LEMON_MERCEDES_SL55_2006,Mercedes,SL55,2006,,1
LEMON_MERCEDES_SL55_2007,Mercedes,SL55,2007,,1
LEMON_MERCEDES_SL55_2008,Mercedes,SL55,2008,,1
LEMON_MERCEDES_SL55_2022,Mercedes,SL55,2022,,1
LEMON_MERCEDES_SL55_2023,Mercedes,SL55,2023,,1
LEMON_MERCEDES_SL55_2024,Mercedes,SL55,2024,,1
LEMON_MERCEDES_SL55_2025,Mercedes,SL55,2025,,1
LEMON_MERCEDES_SL550_2007,Mercedes,SL550,2007,,1
LEMON_MERCEDES_SL550_2008,Mercedes,SL550,2008,,1
LEMON_MERCEDES_SL550_2009,Mercedes,SL550,2009,,1
LEMON_MERCEDES_SL550_2011,Mercedes,SL550,2011,,1
LEMON_MERCEDES_SL550_2012,Mercedes,SL550,2012,,1
LEMON_MERCEDES_SL550_2013,Mercedes,SL550,2013,,1
LEMON_MERCEDES_SL550_2014,Mercedes,SL550,2014,,1
LEMON_MERCEDES_SL550_2015_SL550,Mercedes,SL550,2015,,1
LEMON_MERCEDES_SL550_2016,Mercedes,SL550,2016,,1
LEMON_MERCEDES_SL550_2017,Mercedes,SL550,2017,,1
LEMON_MERCEDES_SL550_2018,Mercedes,SL550,2018,,1
LEMON_MERCEDES_SL550_2019,Mercedes,SL550,2019,,1
LEMON_MERCEDES_SL550_2020,Mercedes,SL550,2020,,1
LEMON_MERCEDES_SL600_2000,Mercedes,SL600,2000,,1
LEMON_MERCEDES_SL600_2001,Mercedes,SL600,2001,,1
LEMON_MERCEDES_SL600_2002,Mercedes,SL600,2002,,1
LEMON_MERCEDES_SL600_2004,Mercedes,SL600,2004,,1
LEMON_MERCEDES_SL600_2005,Mercedes,SL600,2005,,1
LEMON_MERCEDES_SL600_2006,Mercedes,SL600,2006,,1
LEMON_MERCEDES_SL600_2007,Mercedes,SL600,2007,,1
LEMON_MERCEDES_SL600_2008,Mercedes,SL600,2008,,1
LEMON_MERCEDES_SL600_2009,Mercedes,SL600,2009,,1
LEMON_MERCEDES_SL63_2009,Mercedes,SL63,2009,,1
LEMON_MERCEDES_SL63_2011,Mercedes,SL63,2011,,1
LEMON_MERCEDES_SL63_2012,Mercedes,SL63,2012,,1
LEMON_MERCEDES_SL63_2013,Mercedes,SL63,2013,,1
LEMON_MERCEDES_SL63_2014,Mercedes,SL63,2014,,1
LEMON_MERCEDES_SL63_2015_SL63AMG,Mercedes,SL63,2015,,1
LEMON_MERCEDES_SL63_2016,Mercedes,SL63,2016,,1
LEMON_MERCEDES_SL63_2017,Mercedes,SL63,2017,,1
LEMON_MERCEDES_SL63_2018,Mercedes,SL63,2018,,1
LEMON_MERCEDES_SL63_2019,Mercedes,SL63,2019,,1
LEMON_MERCEDES_SL63_2022,Mercedes,SL63,2022,,1
LEMON_MERCEDES_SL63_2023,Mercedes,SL63,2023,,1
LEMON_MERCEDES_SL63_2024,Mercedes,SL63,2024,,1
LEMON_MERCEDES_SL63_2025,Mercedes,SL63,2025,,1
LEMON_MERCEDES_SL65_2005,Mercedes,SL65,2005,,1
LEMON_MERCEDES_SL65_2006,Mercedes,SL65,2006,,1
LEMON_MERCEDES_SL65_2007,Mercedes,SL65,2007,,1
LEMON_MERCEDES_SL65_2008,Mercedes,SL65,2008,,1
LEMON_MERCEDES_SL65_2009,Mercedes,SL65,2009,,1
LEMON_MERCEDES_SL65_2011,Mercedes,SL65,2011,,1
LEMON_MERCEDES_SL65_2013,Mercedes,SL65,2013,,1
LEMON_MERCEDES_SL65_2014,Mercedes,SL65,2014,,1
LEMON_MERCEDES_SL65_2015_SL65AMG,Mercedes,SL65,2015,,1
LEMON_MERCEDES_SL65_2016,Mercedes,SL65,2016,,1
LEMON_MERCEDES_SL65_2017,Mercedes,SL65,2017,,1
LEMON_MERCEDES_SL65_2018,Mercedes,SL65,2018,,1
LEMON_MERCEDES_SLC300_2017,Mercedes,SLC300,2017,,1
LEMON_MERCEDES_SLC300_2018,Mercedes,SLC300,2018,,1
LEMON_MERCEDES_SLC300_2019,Mercedes,SLC300,2019,,1
LEMON_MERCEDES_SLC300_2020,Mercedes,SLC300,2020,,1
LEMON_MERCEDES_SLC43_2017,Mercedes,SLC43,2017,,1
LEMON_MERCEDES_SLC43_2018,Mercedes,SLC43,2018,,1
LEMON_MERCEDES_SLC43_2019,Mercedes,SLC43,2019,,1
LEMON_MERCEDES_SLC43_2020,Mercedes,SLC43,2020,,1
LEMON_MERCEDES_SLK230_2000,Mercedes,SLK230,2000,,1
LEMON_MERCEDES_SLK230_2001,Mercedes,SLK230,2001,,1
LEMON_MERCEDES_SLK230_2002,Mercedes,SLK230,2002,,1
LEMON_MERCEDES_SLK230_2003,Mercedes,SLK230,2003,,1
LEMON_MERCEDES_SLK230_2004,Mercedes,SLK230,2004,,1
LEMON_MERCEDES_SLK250_2012,Mercedes,SLK250,2012,,1
LEMON_MERCEDES_SLK250_2013,Mercedes,SLK250,2013,,1
LEMON_MERCEDES_SLK250_2014,Mercedes,SLK250,2014,,1
LEMON_MERCEDES_SLK250_2015_SLK250AUTOMA,Mercedes,SLK250,2015,,1
LEMON_MERCEDES_SLK250_2015_SLK250STANDA,Mercedes,SLK250,2015,,1
LEMON_MERCEDES_SLK280_2006,Mercedes,SLK280,2006,,1
LEMON_MERCEDES_SLK280_2007,Mercedes,SLK280,2007,,1
LEMON_MERCEDES_SLK280_2008,Mercedes,SLK280,2008,,1
LEMON_MERCEDES_SLK300_2009,Mercedes,SLK300,2009,,1
LEMON_MERCEDES_SLK300_2010,Mercedes,SLK300,2010,,1
LEMON_MERCEDES_SLK300_2011,Mercedes,SLK300,2011,,1
LEMON_MERCEDES_SLK300_2016,Mercedes,SLK300,2016,,1
LEMON_MERCEDES_SLK32_2002,Mercedes,SLK32,2002,,1
LEMON_MERCEDES_SLK32_2003,Mercedes,SLK32,2003,,1
LEMON_MERCEDES_SLK32_2004,Mercedes,SLK32,2004,,1
LEMON_MERCEDES_SLK320_2001,Mercedes,SLK320,2001,,1
LEMON_MERCEDES_SLK320_2002,Mercedes,SLK320,2002,,1
LEMON_MERCEDES_SLK320_2003,Mercedes,SLK320,2003,,1
LEMON_MERCEDES_SLK320_2004,Mercedes,SLK320,2004,,1
LEMON_MERCEDES_SLK350_2005,Mercedes,SLK350,2005,,1
LEMON_MERCEDES_SLK350_2006,Mercedes,SLK350,2006,,1
LEMON_MERCEDES_SLK350_2007,Mercedes,SLK350,2007,,1
LEMON_MERCEDES_SLK350_2008,Mercedes,SLK350,2008,,1
LEMON_MERCEDES_SLK350_2009,Mercedes,SLK350,2009,,1
LEMON_MERCEDES_SLK350_2010,Mercedes,SLK350,2010,,1
LEMON_MERCEDES_SLK350_2011,Mercedes,SLK350,2011,,1
LEMON_MERCEDES_SLK350_2012,Mercedes,SLK350,2012,,1
LEMON_MERCEDES_SLK350_2013,Mercedes,SLK350,2013,,1
LEMON_MERCEDES_SLK350_2014,Mercedes,SLK350,2014,,1
LEMON_MERCEDES_SLK350_2015_SLK350,Mercedes,SLK350,2015,,1
LEMON_MERCEDES_SLK350_2016,Mercedes,SLK350,2016,,1
LEMON_MERCEDES_SLK55_2005,Mercedes,SLK55,2005,,1
LEMON_MERCEDES_SLK55_2006,Mercedes,SLK55,2006,,1
LEMON_MERCEDES_SLK55_2007,Mercedes,SLK55,2007,,1
LEMON_MERCEDES_SLK55_2008,Mercedes,SLK55,2008,,1
LEMON_MERCEDES_SLK55_2009,Mercedes,SLK55,2009,,1
LEMON_MERCEDES_SLK55_2010,Mercedes,SLK55,2010,,1
LEMON_MERCEDES_SLK55_2012,Mercedes,SLK55,2012,,1
LEMON_MERCEDES_SLK55_2013,Mercedes,SLK55,2013,,1
LEMON_MERCEDES_SLK55_2014,Mercedes,SLK55,2014,,1
LEMON_MERCEDES_SLK55_2015_SLK55AMG,Mercedes,SLK55,2015,,1
LEMON_MERCEDES_SLK55_2016,Mercedes,SLK55,2016,,1
LEMON_MERCEDES_SLR_2005,Mercedes,SLR,2005,,1
LEMON_MERCEDES_SLR_2006,Mercedes,SLR,2006,,1
LEMON_MERCEDES_SLR_2007,Mercedes,SLR,2007,,1
LEMON_MERCEDES_SLR_2008,Mercedes,SLR,2008,,1
LEMON_MERCEDES_SLR_2009,Mercedes,SLR,2009,,1
LEMON_MERCEDES_SLS_2011,Mercedes,SLS,2011,,1
LEMON_MERCEDES_SLS_2012,Mercedes,SLS,2012,,1
LEMON_MERCEDES_SLS_2013,Mercedes,SLS,2013,,1
LEMON_MERCEDES_SLS_2014,Mercedes,SLS,2014,,1
LEMON_MERCEDES_SLS_2015_SLSAMG2DCONV,Mercedes,SLS,2015,,1
LEMON_MERCEDES_SLS_2015_SLSAMG2DCOUP,Mercedes,SLS,2015,,1
LEMON_MERCEDES_SPRINTER_2010,Mercedes,Sprinter,2010,,1
LEMON_MERCEDES_SPRINTER_2011,Mercedes,Sprinter,2011,,1
LEMON_MERCEDES_SPRINTER_2012,Mercedes,Sprinter,2012,,1
LEMON_MERCEDES_SPRINTER_2013,Mercedes,Sprinter,2013,,1
LEMON_MERCEDES_SPRINTER_2100CC_2014,Mercedes,Sprinter,2014,2100,1
LEMON_MERCEDES_SPRINTER_3000CC_2014,Mercedes,Sprinter,2014,3000,1
LEMON_MERCEDES_SPRINTER_2100CC_2015,Mercedes,Sprinter,2015,2100,1
LEMON_MERCEDES_SPRINTER_3000CC_2015,Mercedes,Sprinter,2015,3000,1
LEMON_MERCEDES_SPRINTER_2015_SPRINTER3500,Mercedes,Sprinter,2015,,1
LEMON_MERCEDES_SPRINTER_2100CC_2016,Mercedes,Sprinter,2016,2100,1
LEMON_MERCEDES_SPRINTER_3000CC_2016,Mercedes,Sprinter,2016,3000,1
LEMON_MERCEDES_SPRINTER_2016,Mercedes,Sprinter,2016,,1
LEMON_MERCEDES_SPRINTER_2100CC_2017,Mercedes,Sprinter,2017,2100,1
LEMON_MERCEDES_SPRINTER_3000CC_2017,Mercedes,Sprinter,2017,3000,1
LEMON_MERCEDES_SPRINTER_2017,Mercedes,Sprinter,2017,,1
LEMON_MERCEDES_SPRINTER_2018,Mercedes,Sprinter,2018,,1
LEMON_MERCEDES_SPRINTER_3000CC_2019,Mercedes,Sprinter,2019,3000,1
LEMON_MERCEDES_SPRINTER_2019,Mercedes,Sprinter,2019,,1
LEMON_MERCEDES_SPRINTER_2000CC_2019,Mercedes,Sprinter,2019,2000,1
LEMON_MERCEDES_SPRINTER_2020,Mercedes,Sprinter,2020,,1
LEMON_MERCEDES_SPRINTER_2100CC_2020,Mercedes,Sprinter,2020,2100,1
LEMON_MERCEDES_SPRINTER_3000CC_2020,Mercedes,Sprinter,2020,3000,1
LEMON_MERCEDES_SPRINTER_2000CC_2020,Mercedes,Sprinter,2020,2000,1
LEMON_MERCEDES_SPRINTER_2021,Mercedes,Sprinter,2021,,1
LEMON_MERCEDES_SPRINTER_3000CC_2021,Mercedes,Sprinter,2021,3000,1
LEMON_MERCEDES_SPRINTER_2100CC_2021,Mercedes,Sprinter,2021,2100,1
LEMON_MERCEDES_SPRINTER_2000CC_2021,Mercedes,Sprinter,2021,2000,1
LEMON_MERCEDES_SPRINTER_2022,Mercedes,Sprinter,2022,,1
LEMON_MERCEDES_SPRINTER_3000CC_2022,Mercedes,Sprinter,2022,3000,1
LEMON_MERCEDES_SPRINTER_2100CC_2022,Mercedes,Sprinter,2022,2100,1
LEMON_MERCEDES_SPRINTER_2000CC_2022,Mercedes,Sprinter,2022,2000,1
LEMON_MERCEDES_SPRINTER_2023,Mercedes,Sprinter,2023,,1
LEMON_MERCEDES_SPRINTER_2024,Mercedes,Sprinter,2024,,1
LEMON_MERCEDES_SPRINTER_2025,Mercedes,Sprinter,2025,,1
LEMON_MERCURY_COUGAR_2500CC_2000,Mercury,Cougar,2000,2500,1
LEMON_MERCURY_COUGAR_2000CC_2000,Mercury,Cougar,2000,2000,1
LEMON_MERCURY_GRAND_2000,Mercury,Grand,2000,,1
LEMON_MERCURY_GRAND_2005,Mercury,Grand,2005,,1
LEMON_MERCURY_GRAND_2006,Mercury,Grand,2006,,1
LEMON_MERCURY_GRAND_2007,Mercury,Grand,2007,,1
LEMON_MERCURY_GRAND_2008,Mercury,Grand,2008,,1
LEMON_MERCURY_GRAND_2009,Mercury,Grand,2009,,1
LEMON_MERCURY_GRAND_2010,Mercury,Grand,2010,,1
LEMON_MERCURY_GRAND_2011,Mercury,Grand,2011,,1
LEMON_MERCURY_MARINER_2300CC_2005,Mercury,Mariner,2005,2300,1
LEMON_MERCURY_MARINER_3000CC_2005,Mercury,Mariner,2005,3000,1
LEMON_MERCURY_MARINER_2300CC_2006,Mercury,Mariner,2006,2300,1
LEMON_MERCURY_MARINER_3000CC_2006,Mercury,Mariner,2006,3000,1
LEMON_MERCURY_MARINER_3000CC_2007,Mercury,Mariner,2007,3000,1
LEMON_MERCURY_MARINER_2300CC_2007,Mercury,Mariner,2007,2300,1
LEMON_MERCURY_MARINER_2300CC_2008,Mercury,Mariner,2008,2300,1
LEMON_MERCURY_MARINER_3000CC_2008,Mercury,Mariner,2008,3000,1
LEMON_MERCURY_MARINER_3000CC_2009,Mercury,Mariner,2009,3000,1
LEMON_MERCURY_MARINER_2500CC_2009,Mercury,Mariner,2009,2500,1
LEMON_MERCURY_MARINER_2500CC_2010,Mercury,Mariner,2010,2500,1
LEMON_MERCURY_MARINER_3000CC_2010,Mercury,Mariner,2010,3000,1
LEMON_MERCURY_MARINER_2500CC_2011,Mercury,Mariner,2011,2500,1
LEMON_MERCURY_MARINER_3000CC_2011,Mercury,Mariner,2011,3000,1
LEMON_MERCURY_MILAN_3000CC_2006,Mercury,Milan,2006,3000,1
LEMON_MERCURY_MILAN_2300CC_2006,Mercury,Milan,2006,2300,1
LEMON_MERCURY_MILAN_3000CC_2007,Mercury,Milan,2007,3000,1
LEMON_MERCURY_MILAN_2300CC_2007,Mercury,Milan,2007,2300,1
LEMON_MERCURY_MILAN_2300CC_2008,Mercury,Milan,2008,2300,1
LEMON_MERCURY_MILAN_3000CC_2008,Mercury,Milan,2008,3000,1
LEMON_MERCURY_MILAN_2300CC_2009,Mercury,Milan,2009,2300,1
LEMON_MERCURY_MILAN_3000CC_2009,Mercury,Milan,2009,3000,1
LEMON_MERCURY_MILAN_2500CC_2010,Mercury,Milan,2010,2500,1
LEMON_MERCURY_MILAN_3000CC_2010,Mercury,Milan,2010,3000,1
LEMON_MERCURY_MILAN_2500CC_2011,Mercury,Milan,2011,2500,1
LEMON_MERCURY_MILAN_3000CC_2011,Mercury,Milan,2011,3000,1
LEMON_MERCURY_MONTEGO_2005,Mercury,Montego,2005,,1
LEMON_MERCURY_MONTEGO_2006,Mercury,Montego,2006,,1
LEMON_MERCURY_MONTEGO_2007,Mercury,Montego,2007,,1
LEMON_MERCURY_MONTEREY_2005,Mercury,Monterey,2005,,1
LEMON_MERCURY_MONTEREY_2006,Mercury,Monterey,2006,,1
LEMON_MERCURY_MONTEREY_2007,Mercury,Monterey,2007,,1
LEMON_MERCURY_MOUNTAINEER_4000CC_2000,Mercury,Mountaineer,2000,4000,1
LEMON_MERCURY_MOUNTAINEER_5000CC_2000,Mercury,Mountaineer,2000,5000,1
LEMON_MERCURY_MOUNTAINEER_4000CC_2005,Mercury,Mountaineer,2005,4000,1
LEMON_MERCURY_MOUNTAINEER_4600CC_2005,Mercury,Mountaineer,2005,4600,1
LEMON_MERCURY_MOUNTAINEER_4000CC_2006,Mercury,Mountaineer,2006,4000,1
LEMON_MERCURY_MOUNTAINEER_4600CC_2006,Mercury,Mountaineer,2006,4600,1
LEMON_MERCURY_MOUNTAINEER_4000CC_2007,Mercury,Mountaineer,2007,4000,1
LEMON_MERCURY_MOUNTAINEER_4600CC_2007,Mercury,Mountaineer,2007,4600,1
LEMON_MERCURY_MOUNTAINEER_4000CC_2008,Mercury,Mountaineer,2008,4000,1
LEMON_MERCURY_MOUNTAINEER_4600CC_2008,Mercury,Mountaineer,2008,4600,1
LEMON_MERCURY_MOUNTAINEER_4000CC_2009,Mercury,Mountaineer,2009,4000,1
LEMON_MERCURY_MOUNTAINEER_4600CC_2009,Mercury,Mountaineer,2009,4600,1
LEMON_MERCURY_MOUNTAINEER_4000CC_2010,Mercury,Mountaineer,2010,4000,1
LEMON_MERCURY_MOUNTAINEER_4600CC_2010,Mercury,Mountaineer,2010,4600,1
LEMON_MERCURY_MYSTIQUE_2000CC_2000,Mercury,Mystique,2000,2000,1
LEMON_MERCURY_MYSTIQUE_2500CC_2000,Mercury,Mystique,2000,2500,1
LEMON_MERCURY_SABLE_2000,Mercury,Sable,2000,,1
LEMON_MERCURY_SABLE_2005,Mercury,Sable,2005,,1
LEMON_MERCURY_SABLE_2008,Mercury,Sable,2008,,1
LEMON_MERCURY_SABLE_2009,Mercury,Sable,2009,,1
LEMON_MERCURY_VILLAGER_2000,Mercury,Villager,2000,,1
LEMON_MINI_COOPER_2005,Mini,Cooper,2005,,1
LEMON_MINI_COOPER_2006,Mini,Cooper,2006,,1
LEMON_MINI_COOPER_2011,Mini,Cooper,2011,,1
LEMON_MINI_COOPER_2012,Mini,Cooper,2012,,1
LEMON_MINI_COOPER_2013,Mini,Cooper,2013,,1
LEMON_MINI_COOPER_2014,Mini,Cooper,2014,,1
LEMON_MINI_COOPER_1600CC_VINC_2015,Mini,Cooper,2015,1600,1
LEMON_MINI_COOPER_1600CC_2015,Mini,Cooper,2015,1600,1
LEMON_MINI_COOPER_2016,Mini,Cooper,2016,,1
LEMON_MINI_COOPER_2000CC_2017,Mini,Cooper,2017,2000,1
LEMON_MINI_COOPER_1500CC_2017,Mini,Cooper,2017,1500,1
LEMON_MINI_COOPER_1500CC_2018,Mini,Cooper,2018,1500,1
LEMON_MINI_COOPER_2000CC_2018,Mini,Cooper,2018,2000,1
LEMON_MINI_COOPER_1500CC_2019,Mini,Cooper,2019,1500,1
LEMON_MINI_COOPER_2000CC_2019,Mini,Cooper,2019,2000,1
LEMON_MINI_COOPER_2000CC_2020,Mini,Cooper,2020,2000,1
LEMON_MINI_COOPER_1500CC_2020,Mini,Cooper,2020,1500,1
LEMON_MINI_COOPER_2020,Mini,Cooper,2020,,1
LEMON_MINI_COOPER_1500CC_2021,Mini,Cooper,2021,1500,1
LEMON_MINI_COOPER_2000CC_2021,Mini,Cooper,2021,2000,1
LEMON_MINI_COOPER_2021,Mini,Cooper,2021,,1
LEMON_MINI_COOPER_2000CC_2022,Mini,Cooper,2022,2000,1
LEMON_MINI_COOPER_1500CC_2022,Mini,Cooper,2022,1500,1
LEMON_MINI_COOPER_2022,Mini,Cooper,2022,,1
LEMON_MINI_COOPER_1500CC_2023,Mini,Cooper,2023,1500,1
LEMON_MINI_COOPER_2000CC_2023,Mini,Cooper,2023,2000,1
LEMON_MINI_COOPER_2023,Mini,Cooper,2023,,1
LEMON_MINI_COOPER_1500CC_2024,Mini,Cooper,2024,1500,1
LEMON_MINI_COOPER_2000CC_2024,Mini,Cooper,2024,2000,1
LEMON_MINI_COOPER_2024,Mini,Cooper,2024,,1
LEMON_MINI_COOPER_2025,Mini,Cooper,2025,,1
LEMON_MITSUBISHI_ECLIPSE_2400CC_2005,Mitsubishi,Eclipse,2005,2400,1
LEMON_MITSUBISHI_ECLIPSE_3000CC_2005,Mitsubishi,Eclipse,2005,3000,1
LEMON_MITSUBISHI_ECLIPSE_2400CC_2006,Mitsubishi,Eclipse,2006,2400,1
LEMON_MITSUBISHI_ECLIPSE_3800CC_2006,Mitsubishi,Eclipse,2006,3800,1
LEMON_MITSUBISHI_ECLIPSE_2400CC_2007,Mitsubishi,Eclipse,2007,2400,1
LEMON_MITSUBISHI_ECLIPSE_3800CC_2007,Mitsubishi,Eclipse,2007,3800,1
LEMON_MITSUBISHI_ECLIPSE_2400CC_2008,Mitsubishi,Eclipse,2008,2400,1
LEMON_MITSUBISHI_ECLIPSE_3800CC_2008,Mitsubishi,Eclipse,2008,3800,1
LEMON_MITSUBISHI_ECLIPSE_2400CC_2009,Mitsubishi,Eclipse,2009,2400,1
LEMON_MITSUBISHI_ECLIPSE_3800CC_2009,Mitsubishi,Eclipse,2009,3800,1
LEMON_MITSUBISHI_ECLIPSE_3800CC_2010,Mitsubishi,Eclipse,2010,3800,1
LEMON_MITSUBISHI_ECLIPSE_2400CC_2010,Mitsubishi,Eclipse,2010,2400,1
LEMON_MITSUBISHI_ECLIPSE_2011,Mitsubishi,Eclipse,2011,,1
LEMON_MITSUBISHI_ECLIPSE_2400CC_2012,Mitsubishi,Eclipse,2012,2400,1
LEMON_MITSUBISHI_ECLIPSE_3800CC_2012,Mitsubishi,Eclipse,2012,3800,1
LEMON_MITSUBISHI_ECLIPSE_2018,Mitsubishi,Eclipse,2018,,1
LEMON_MITSUBISHI_ECLIPSE_2019,Mitsubishi,Eclipse,2019,,1
LEMON_MITSUBISHI_ECLIPSE_2020,Mitsubishi,Eclipse,2020,,1
LEMON_MITSUBISHI_ECLIPSE_2022,Mitsubishi,Eclipse,2022,,1
LEMON_MITSUBISHI_ECLIPSE_2023,Mitsubishi,Eclipse,2023,,1
LEMON_MITSUBISHI_ECLIPSE_2024,Mitsubishi,Eclipse,2024,,1
LEMON_MITSUBISHI_ECLIPSE_2025,Mitsubishi,Eclipse,2025,,1
LEMON_MITSUBISHI_ENDEAVOR_2005,Mitsubishi,Endeavor,2005,,1
LEMON_MITSUBISHI_ENDEAVOR_2006,Mitsubishi,Endeavor,2006,,1
LEMON_MITSUBISHI_ENDEAVOR_2007,Mitsubishi,Endeavor,2007,,1
LEMON_MITSUBISHI_ENDEAVOR_2008,Mitsubishi,Endeavor,2008,,1
LEMON_MITSUBISHI_ENDEAVOR_2010,Mitsubishi,Endeavor,2010,,1
LEMON_MITSUBISHI_ENDEAVOR_2011,Mitsubishi,Endeavor,2011,,1
LEMON_MITSUBISHI_GALANT_2400CC_2005,Mitsubishi,Galant,2005,2400,1
LEMON_MITSUBISHI_GALANT_3800CC_2005,Mitsubishi,Galant,2005,3800,1
LEMON_MITSUBISHI_GALANT_3800CC_2006,Mitsubishi,Galant,2006,3800,1
LEMON_MITSUBISHI_GALANT_2400CC_2006,Mitsubishi,Galant,2006,2400,1
LEMON_MITSUBISHI_GALANT_2400CC_2007,Mitsubishi,Galant,2007,2400,1
LEMON_MITSUBISHI_GALANT_3800CC_2007,Mitsubishi,Galant,2007,3800,1
LEMON_MITSUBISHI_GALANT_2400CC_2008,Mitsubishi,Galant,2008,2400,1
LEMON_MITSUBISHI_GALANT_3800CC_2008,Mitsubishi,Galant,2008,3800,1
LEMON_MITSUBISHI_GALANT_2400CC_2009,Mitsubishi,Galant,2009,2400,1
LEMON_MITSUBISHI_GALANT_3800CC_2009,Mitsubishi,Galant,2009,3800,1
LEMON_MITSUBISHI_GALANT_2010,Mitsubishi,Galant,2010,,1
LEMON_MITSUBISHI_GALANT_2011,Mitsubishi,Galant,2011,,1
LEMON_MITSUBISHI_GALANT_2012,Mitsubishi,Galant,2012,,1
LEMON_MITSUBISHI_LANCER_2005,Mitsubishi,Lancer,2005,,1
LEMON_MITSUBISHI_LANCER_2006,Mitsubishi,Lancer,2006,,1
LEMON_MITSUBISHI_LANCER_2007,Mitsubishi,Lancer,2007,,1
LEMON_MITSUBISHI_LANCER_2008,Mitsubishi,Lancer,2008,,1
LEMON_MITSUBISHI_LANCER_2000CC_2009,Mitsubishi,Lancer,2009,2000,1
LEMON_MITSUBISHI_LANCER_2400CC_2009,Mitsubishi,Lancer,2009,2400,1
LEMON_MITSUBISHI_LANCER_2000CC_2010,Mitsubishi,Lancer,2010,2000,1
LEMON_MITSUBISHI_LANCER_2400CC_2010,Mitsubishi,Lancer,2010,2400,1
LEMON_MITSUBISHI_LANCER_2000CC_2011,Mitsubishi,Lancer,2011,2000,1
LEMON_MITSUBISHI_LANCER_2400CC_2011,Mitsubishi,Lancer,2011,2400,1
LEMON_MITSUBISHI_LANCER_2000CC_2012,Mitsubishi,Lancer,2012,2000,1
LEMON_MITSUBISHI_LANCER_2400CC_2012,Mitsubishi,Lancer,2012,2400,1
LEMON_MITSUBISHI_LANCER_2000CC_2013,Mitsubishi,Lancer,2013,2000,1
LEMON_MITSUBISHI_LANCER_2400CC_2013,Mitsubishi,Lancer,2013,2400,1
LEMON_MITSUBISHI_LANCER_2000CC_2014,Mitsubishi,Lancer,2014,2000,1
LEMON_MITSUBISHI_LANCER_2400CC_2014,Mitsubishi,Lancer,2014,2400,1
LEMON_MITSUBISHI_LANCER_2000CC_2015,Mitsubishi,Lancer,2015,2000,1
LEMON_MITSUBISHI_LANCER_2400CC_2015,Mitsubishi,Lancer,2015,2400,1
LEMON_MITSUBISHI_LANCER_2000CC_VINU_2016,Mitsubishi,Lancer,2016,2000,1
LEMON_MITSUBISHI_LANCER_2400CC_2016,Mitsubishi,Lancer,2016,2400,1
LEMON_MITSUBISHI_LANCER_2400CC_VINW_2016,Mitsubishi,Lancer,2016,2400,1
LEMON_MITSUBISHI_LANCER_2400CC_2017,Mitsubishi,Lancer,2017,2400,1
LEMON_MITSUBISHI_LANCER_2000CC_VINU_2017,Mitsubishi,Lancer,2017,2000,1
LEMON_MITSUBISHI_LANCER_2400CC_VINW_2017,Mitsubishi,Lancer,2017,2400,1
LEMON_MITSUBISHI_MIRAGE_2014,Mitsubishi,Mirage,2014,,1
LEMON_MITSUBISHI_MIRAGE_2015_MIRAGEDEAUTO,Mitsubishi,Mirage,2015,,1
LEMON_MITSUBISHI_MIRAGE_2015_MIRAGEDESTAN,Mitsubishi,Mirage,2015,,1
LEMON_MITSUBISHI_MIRAGE_2015_MIRAGEESAUTO,Mitsubishi,Mirage,2015,,1
LEMON_MITSUBISHI_MIRAGE_2015_MIRAGEESSTAN,Mitsubishi,Mirage,2015,,1
LEMON_MITSUBISHI_MIRAGE_2015_MIRAGERF,Mitsubishi,Mirage,2015,,1
LEMON_MITSUBISHI_MIRAGE_2017,Mitsubishi,Mirage,2017,,1
LEMON_MITSUBISHI_MIRAGE_2018,Mitsubishi,Mirage,2018,,1
LEMON_MITSUBISHI_MIRAGE_2019,Mitsubishi,Mirage,2019,,1
LEMON_MITSUBISHI_MIRAGE_2020,Mitsubishi,Mirage,2020,,1
LEMON_MITSUBISHI_MIRAGE_2021,Mitsubishi,Mirage,2021,,1
LEMON_MITSUBISHI_MIRAGE_2022,Mitsubishi,Mirage,2022,,1
LEMON_MITSUBISHI_MIRAGE_2023,Mitsubishi,Mirage,2023,,1
LEMON_MITSUBISHI_MIRAGE_2024,Mitsubishi,Mirage,2024,,1
LEMON_MITSUBISHI_MONTERO_2005,Mitsubishi,Montero,2005,,1
LEMON_MITSUBISHI_MONTERO_2006,Mitsubishi,Montero,2006,,1
LEMON_MITSUBISHI_OUTLANDER_2005,Mitsubishi,Outlander,2005,,1
LEMON_MITSUBISHI_OUTLANDER_2006,Mitsubishi,Outlander,2006,,1
LEMON_MITSUBISHI_OUTLANDER_2007,Mitsubishi,Outlander,2007,,1
LEMON_MITSUBISHI_OUTLANDER_2400CC_2008,Mitsubishi,Outlander,2008,2400,1
LEMON_MITSUBISHI_OUTLANDER_3000CC_2008,Mitsubishi,Outlander,2008,3000,1
LEMON_MITSUBISHI_OUTLANDER_2400CC_2009,Mitsubishi,Outlander,2009,2400,1
LEMON_MITSUBISHI_OUTLANDER_3000CC_2009,Mitsubishi,Outlander,2009,3000,1
LEMON_MITSUBISHI_OUTLANDER_2400CC_2010,Mitsubishi,Outlander,2010,2400,1
LEMON_MITSUBISHI_OUTLANDER_3000CC_2010,Mitsubishi,Outlander,2010,3000,1
LEMON_MITSUBISHI_OUTLANDER_2011,Mitsubishi,Outlander,2011,,1
LEMON_MITSUBISHI_OUTLANDER_2400CC_2012,Mitsubishi,Outlander,2012,2400,1
LEMON_MITSUBISHI_OUTLANDER_3000CC_2012,Mitsubishi,Outlander,2012,3000,1
LEMON_MITSUBISHI_OUTLANDER_2012,Mitsubishi,Outlander,2012,,1
LEMON_MITSUBISHI_OUTLANDER_3000CC_2013,Mitsubishi,Outlander,2013,3000,1
LEMON_MITSUBISHI_OUTLANDER_2400CC_2013,Mitsubishi,Outlander,2013,2400,1
LEMON_MITSUBISHI_OUTLANDER_2013,Mitsubishi,Outlander,2013,,1
LEMON_MITSUBISHI_OUTLANDER_2400CC_2014,Mitsubishi,Outlander,2014,2400,1
LEMON_MITSUBISHI_OUTLANDER_3000CC_2014,Mitsubishi,Outlander,2014,3000,1
LEMON_MITSUBISHI_OUTLANDER_2014,Mitsubishi,Outlander,2014,,1
LEMON_MITSUBISHI_OUTLANDER_2400CC_2015,Mitsubishi,Outlander,2015,2400,1
LEMON_MITSUBISHI_OUTLANDER_3000CC_2015,Mitsubishi,Outlander,2015,3000,1
LEMON_MITSUBISHI_OUTLANDER_2000CC_VINU_2015,Mitsubishi,Outlander,2015,2000,1
LEMON_MITSUBISHI_OUTLANDER_2400CC_VINW_2015,Mitsubishi,Outlander,2015,2400,1
LEMON_MITSUBISHI_OUTLANDER_2015_OUTLANDERSPO,Mitsubishi,Outlander,2015,,1
LEMON_MITSUBISHI_OUTLANDER_2400CC_2016,Mitsubishi,Outlander,2016,2400,1
LEMON_MITSUBISHI_OUTLANDER_2000CC_VINU_2016,Mitsubishi,Outlander,2016,2000,1
LEMON_MITSUBISHI_OUTLANDER_3000CC_2016,Mitsubishi,Outlander,2016,3000,1
LEMON_MITSUBISHI_OUTLANDER_2400CC_VINW_2016,Mitsubishi,Outlander,2016,2400,1
LEMON_MITSUBISHI_OUTLANDER_2400CC_2017,Mitsubishi,Outlander,2017,2400,1
LEMON_MITSUBISHI_OUTLANDER_3000CC_2017,Mitsubishi,Outlander,2017,3000,1
LEMON_MITSUBISHI_OUTLANDER_2000CC_2017,Mitsubishi,Outlander,2017,2000,1
LEMON_MITSUBISHI_OUTLANDER_2400CC_2018,Mitsubishi,Outlander,2018,2400,1
LEMON_MITSUBISHI_OUTLANDER_3000CC_2018,Mitsubishi,Outlander,2018,3000,1
LEMON_MITSUBISHI_OUTLANDER_2018,Mitsubishi,Outlander,2018,,1
LEMON_MITSUBISHI_OUTLANDER_2000CC_2018,Mitsubishi,Outlander,2018,2000,1
LEMON_MITSUBISHI_OUTLANDER_2400CC_2019,Mitsubishi,Outlander,2019,2400,1
LEMON_MITSUBISHI_OUTLANDER_3000CC_2019,Mitsubishi,Outlander,2019,3000,1
LEMON_MITSUBISHI_OUTLANDER_2019,Mitsubishi,Outlander,2019,,1
LEMON_MITSUBISHI_OUTLANDER_2000CC_2019,Mitsubishi,Outlander,2019,2000,1
LEMON_MITSUBISHI_OUTLANDER_2400CC_2020,Mitsubishi,Outlander,2020,2400,1
LEMON_MITSUBISHI_OUTLANDER_3000CC_2020,Mitsubishi,Outlander,2020,3000,1
LEMON_MITSUBISHI_OUTLANDER_2020,Mitsubishi,Outlander,2020,,1
LEMON_MITSUBISHI_OUTLANDER_2021,Mitsubishi,Outlander,2021,,1
LEMON_MITSUBISHI_OUTLANDER_2022,Mitsubishi,Outlander,2022,,1
LEMON_MITSUBISHI_OUTLANDER_2023,Mitsubishi,Outlander,2023,,1
LEMON_MITSUBISHI_OUTLANDER_2024,Mitsubishi,Outlander,2024,,1
LEMON_MITSUBISHI_OUTLANDER_2025,Mitsubishi,Outlander,2025,,1
LEMON_MITSUBISHI_RAIDER_2006,Mitsubishi,Raider,2006,,1
LEMON_MITSUBISHI_RAIDER_4700CC_2006,Mitsubishi,Raider,2006,4700,1
LEMON_MITSUBISHI_RAIDER_2007,Mitsubishi,Raider,2007,,1
LEMON_MITSUBISHI_RAIDER_4700CC_2007,Mitsubishi,Raider,2007,4700,1
LEMON_MITSUBISHI_RAIDER_2008,Mitsubishi,Raider,2008,,1
LEMON_MITSUBISHI_RAIDER_2009,Mitsubishi,Raider,2009,,1
LEMON_MITSUBISHI_I_MIEV_2012,Mitsubishi,i-MiEV,2012,,1
LEMON_MITSUBISHI_I_MIEV_2014,Mitsubishi,i-MiEV,2014,,1
LEMON_MITSUBISHI_I_MIEV_2016,Mitsubishi,i-MiEV,2016,,1
LEMON_MITSUBISHI_I_MIEV_2017,Mitsubishi,i-MiEV,2017,,1
LEMON_NISSAN_350Z_2005,Nissan,350Z,2005,,1
LEMON_NISSAN_350Z_2006,Nissan,350Z,2006,,1
LEMON_NISSAN_350Z_2007,Nissan,350Z,2007,,1
LEMON_NISSAN_350Z_2008,Nissan,350Z,2008,,1
LEMON_NISSAN_350Z_2009,Nissan,350Z,2009,,1
LEMON_NISSAN_370Z_2009,Nissan,370Z,2009,,1
LEMON_NISSAN_370Z_2010,Nissan,370Z,2010,,1
LEMON_NISSAN_370Z_2011,Nissan,370Z,2011,,1
LEMON_NISSAN_370Z_2012,Nissan,370Z,2012,,1
LEMON_NISSAN_370Z_2013,Nissan,370Z,2013,,1
LEMON_NISSAN_370Z_2014,Nissan,370Z,2014,,1
LEMON_NISSAN_370Z_2016,Nissan,370Z,2016,,1
LEMON_NISSAN_370Z_2017,Nissan,370Z,2017,,1
LEMON_NISSAN_370Z_2018,Nissan,370Z,2018,,1
LEMON_NISSAN_370Z_2019,Nissan,370Z,2019,,1
LEMON_NISSAN_370Z_2020,Nissan,370Z,2020,,1
LEMON_NISSAN_ALTIMA_2500CC_2005,Nissan,Altima,2005,2500,1
LEMON_NISSAN_ALTIMA_3500CC_2005,Nissan,Altima,2005,3500,1
LEMON_NISSAN_ALTIMA_2500CC_2006,Nissan,Altima,2006,2500,1
LEMON_NISSAN_ALTIMA_3500CC_2006,Nissan,Altima,2006,3500,1
LEMON_NISSAN_ALTIMA_2500CC_2007,Nissan,Altima,2007,2500,1
LEMON_NISSAN_ALTIMA_3500CC_2007,Nissan,Altima,2007,3500,1
LEMON_NISSAN_ALTIMA_2500CC_2008,Nissan,Altima,2008,2500,1
LEMON_NISSAN_ALTIMA_3500CC_2008,Nissan,Altima,2008,3500,1
LEMON_NISSAN_ALTIMA_2500CC_2009,Nissan,Altima,2009,2500,1
LEMON_NISSAN_ALTIMA_3500CC_2009,Nissan,Altima,2009,3500,1
LEMON_NISSAN_ALTIMA_2500CC_2010,Nissan,Altima,2010,2500,1
LEMON_NISSAN_ALTIMA_3500CC_2010,Nissan,Altima,2010,3500,1
LEMON_NISSAN_ALTIMA_3500CC_2011,Nissan,Altima,2011,3500,1
LEMON_NISSAN_ALTIMA_2500CC_2012,Nissan,Altima,2012,2500,1
LEMON_NISSAN_ALTIMA_3500CC_2012,Nissan,Altima,2012,3500,1
LEMON_NISSAN_ALTIMA_2500CC_2013,Nissan,Altima,2013,2500,1
LEMON_NISSAN_ALTIMA_3500CC_VINB_2013,Nissan,Altima,2013,3500,1
LEMON_NISSAN_ALTIMA_2500CC_VINA_2013,Nissan,Altima,2013,2500,1
LEMON_NISSAN_ALTIMA_2500CC_2014,Nissan,Altima,2014,2500,1
LEMON_NISSAN_ALTIMA_2500CC_VINA_2014,Nissan,Altima,2014,2500,1
LEMON_NISSAN_ALTIMA_3500CC_VINB_2014,Nissan,Altima,2014,3500,1
LEMON_NISSAN_ALTIMA_2500CC_2015,Nissan,Altima,2015,2500,1
LEMON_NISSAN_ALTIMA_3500CC_VINB_2015,Nissan,Altima,2015,3500,1
LEMON_NISSAN_ALTIMA_2500CC_VINA_2015,Nissan,Altima,2015,2500,1
LEMON_NISSAN_ALTIMA_2500CC_2016,Nissan,Altima,2016,2500,1
LEMON_NISSAN_ALTIMA_2500CC_VINA_2016,Nissan,Altima,2016,2500,1
LEMON_NISSAN_ALTIMA_3500CC_VINB_2016,Nissan,Altima,2016,3500,1
LEMON_NISSAN_ALTIMA_2500CC_2017,Nissan,Altima,2017,2500,1
LEMON_NISSAN_ALTIMA_2500CC_VINA_2017,Nissan,Altima,2017,2500,1
LEMON_NISSAN_ALTIMA_3500CC_VINB_2017,Nissan,Altima,2017,3500,1
LEMON_NISSAN_ALTIMA_2500CC_VINA_2018,Nissan,Altima,2018,2500,1
LEMON_NISSAN_ALTIMA_2500CC_2018,Nissan,Altima,2018,2500,1
LEMON_NISSAN_ALTIMA_3500CC_VINB_2018,Nissan,Altima,2018,3500,1
LEMON_NISSAN_ALTIMA_2000CC_2019,Nissan,Altima,2019,2000,1
LEMON_NISSAN_ALTIMA_2500CC_VINB_2019,Nissan,Altima,2019,2500,1
LEMON_NISSAN_ALTIMA_2000CC_VINA_2019,Nissan,Altima,2019,2000,1
LEMON_NISSAN_ALTIMA_2500CC_2019,Nissan,Altima,2019,2500,1
LEMON_NISSAN_ALTIMA_2000CC_VINA_2020,Nissan,Altima,2020,2000,1
LEMON_NISSAN_ALTIMA_2500CC_2020,Nissan,Altima,2020,2500,1
LEMON_NISSAN_ALTIMA_2500CC_VINB_2020,Nissan,Altima,2020,2500,1
LEMON_NISSAN_ALTIMA_2000CC_VINA_2021,Nissan,Altima,2021,2000,1
LEMON_NISSAN_ALTIMA_2500CC_2021,Nissan,Altima,2021,2500,1
LEMON_NISSAN_ALTIMA_2500CC_VINB_2021,Nissan,Altima,2021,2500,1
LEMON_NISSAN_ALTIMA_2500CC_2022,Nissan,Altima,2022,2500,1
LEMON_NISSAN_ALTIMA_2000CC_VINA_2022,Nissan,Altima,2022,2000,1
LEMON_NISSAN_ALTIMA_2500CC_VINB_2022,Nissan,Altima,2022,2500,1
LEMON_NISSAN_ALTIMA_2500CC_2023,Nissan,Altima,2023,2500,1
LEMON_NISSAN_ALTIMA_2500CC_VINB_2023,Nissan,Altima,2023,2500,1
LEMON_NISSAN_ALTIMA_2000CC_VINA_2023,Nissan,Altima,2023,2000,1
LEMON_NISSAN_ALTIMA_2500CC_VINB_2024,Nissan,Altima,2024,2500,1
LEMON_NISSAN_ALTIMA_2000CC_VINA_2024,Nissan,Altima,2024,2000,1
LEMON_NISSAN_ALTIMA_2500CC_2024,Nissan,Altima,2024,2500,1
LEMON_NISSAN_ALTIMA_2025,Nissan,Altima,2025,,1
LEMON_NISSAN_ARIYA_0CC_VINA_2023,Nissan,Ariya,2023,0,1
LEMON_NISSAN_ARIYA_2023,Nissan,Ariya,2023,,1
LEMON_NISSAN_ARIYA_0CC_VINC_2023,Nissan,Ariya,2023,0,1
LEMON_NISSAN_ARIYA_0CC_VINB_2023,Nissan,Ariya,2023,0,1
LEMON_NISSAN_ARIYA_0CC_VIND_2023,Nissan,Ariya,2023,0,1
LEMON_NISSAN_ARIYA_2024,Nissan,Ariya,2024,,1
LEMON_NISSAN_ARIYA_0CC_VINC_2024,Nissan,Ariya,2024,0,1
LEMON_NISSAN_ARIYA_0CC_VINA_2024,Nissan,Ariya,2024,0,1
LEMON_NISSAN_ARIYA_0CC_VINB_2024,Nissan,Ariya,2024,0,1
LEMON_NISSAN_ARIYA_0CC_VIND_2024,Nissan,Ariya,2024,0,1
LEMON_NISSAN_ARIYA_2025,Nissan,Ariya,2025,,1
LEMON_NISSAN_ARMADA_2005,Nissan,Armada,2005,,1
LEMON_NISSAN_ARMADA_2006,Nissan,Armada,2006,,1
LEMON_NISSAN_ARMADA_2007,Nissan,Armada,2007,,1
LEMON_NISSAN_ARMADA_2008,Nissan,Armada,2008,,1
LEMON_NISSAN_ARMADA_2009,Nissan,Armada,2009,,1
LEMON_NISSAN_ARMADA_2010,Nissan,Armada,2010,,1
LEMON_NISSAN_ARMADA_2011,Nissan,Armada,2011,,1
LEMON_NISSAN_ARMADA_5600CC_VINB_2012,Nissan,Armada,2012,5600,1
LEMON_NISSAN_ARMADA_5600CC_VINA_2012,Nissan,Armada,2012,5600,1
LEMON_NISSAN_ARMADA_5600CC_VINA_2013,Nissan,Armada,2013,5600,1
LEMON_NISSAN_ARMADA_5600CC_VINB_2013,Nissan,Armada,2013,5600,1
LEMON_NISSAN_ARMADA_5600CC_VINB_2014,Nissan,Armada,2014,5600,1
LEMON_NISSAN_ARMADA_5600CC_VINA_2014,Nissan,Armada,2014,5600,1
LEMON_NISSAN_ARMADA_5600CC_VINA_2015,Nissan,Armada,2015,5600,1
LEMON_NISSAN_ARMADA_5600CC_VINB_2015,Nissan,Armada,2015,5600,1
LEMON_NISSAN_ARMADA_2017,Nissan,Armada,2017,,1
LEMON_NISSAN_ARMADA_2018,Nissan,Armada,2018,,1
LEMON_NISSAN_ARMADA_2019,Nissan,Armada,2019,,1
LEMON_NISSAN_ARMADA_2020,Nissan,Armada,2020,,1
LEMON_NISSAN_ARMADA_2021,Nissan,Armada,2021,,1
LEMON_NISSAN_ARMADA_2022,Nissan,Armada,2022,,1
LEMON_NISSAN_ARMADA_2023,Nissan,Armada,2023,,1
LEMON_NISSAN_ARMADA_2024,Nissan,Armada,2024,,1
LEMON_NISSAN_ARMADA_2025,Nissan,Armada,2025,,1
LEMON_NISSAN_CUBE_2009,Nissan,Cube,2009,,1
LEMON_NISSAN_CUBE_2010,Nissan,Cube,2010,,1
LEMON_NISSAN_CUBE_2011,Nissan,Cube,2011,,1
LEMON_NISSAN_CUBE_2012,Nissan,Cube,2012,,1
LEMON_NISSAN_CUBE_2013,Nissan,Cube,2013,,1
LEMON_NISSAN_CUBE_2014,Nissan,Cube,2014,,1
LEMON_NISSAN_FRONTIER_4000CC_2005,Nissan,Frontier,2005,4000,1
LEMON_NISSAN_FRONTIER_2500CC_2005,Nissan,Frontier,2005,2500,1
LEMON_NISSAN_FRONTIER_4000CC_2006,Nissan,Frontier,2006,4000,1
LEMON_NISSAN_FRONTIER_2500CC_2006,Nissan,Frontier,2006,2500,1
LEMON_NISSAN_FRONTIER_4000CC_2007,Nissan,Frontier,2007,4000,1
LEMON_NISSAN_FRONTIER_2500CC_2007,Nissan,Frontier,2007,2500,1
LEMON_NISSAN_FRONTIER_4000CC_2008,Nissan,Frontier,2008,4000,1
LEMON_NISSAN_FRONTIER_2500CC_2008,Nissan,Frontier,2008,2500,1
LEMON_NISSAN_FRONTIER_4000CC_2009,Nissan,Frontier,2009,4000,1
LEMON_NISSAN_FRONTIER_2500CC_2009,Nissan,Frontier,2009,2500,1
LEMON_NISSAN_FRONTIER_4000CC_2010,Nissan,Frontier,2010,4000,1
LEMON_NISSAN_FRONTIER_2500CC_2010,Nissan,Frontier,2010,2500,1
LEMON_NISSAN_FRONTIER_4000CC_2011,Nissan,Frontier,2011,4000,1
LEMON_NISSAN_FRONTIER_2500CC_2011,Nissan,Frontier,2011,2500,1
LEMON_NISSAN_FRONTIER_4000CC_2012,Nissan,Frontier,2012,4000,1
LEMON_NISSAN_FRONTIER_2500CC_2012,Nissan,Frontier,2012,2500,1
LEMON_NISSAN_FRONTIER_2500CC_VINB_2012,Nissan,Frontier,2012,2500,1
LEMON_NISSAN_FRONTIER_4000CC_VINA_2012,Nissan,Frontier,2012,4000,1
LEMON_NISSAN_FRONTIER_4000CC_2013,Nissan,Frontier,2013,4000,1
LEMON_NISSAN_FRONTIER_2500CC_VINB_2013,Nissan,Frontier,2013,2500,1
LEMON_NISSAN_FRONTIER_4000CC_VINA_2013,Nissan,Frontier,2013,4000,1
LEMON_NISSAN_FRONTIER_4000CC_2014,Nissan,Frontier,2014,4000,1
LEMON_NISSAN_FRONTIER_2500CC_2014,Nissan,Frontier,2014,2500,1
LEMON_NISSAN_FRONTIER_2500CC_VINB_2014,Nissan,Frontier,2014,2500,1
LEMON_NISSAN_FRONTIER_4000CC_VINA_2014,Nissan,Frontier,2014,4000,1
LEMON_NISSAN_FRONTIER_4000CC_2015,Nissan,Frontier,2015,4000,1
LEMON_NISSAN_FRONTIER_2500CC_2015,Nissan,Frontier,2015,2500,1
LEMON_NISSAN_FRONTIER_2500CC_VINB_2015,Nissan,Frontier,2015,2500,1
LEMON_NISSAN_FRONTIER_4000CC_VINA_2015,Nissan,Frontier,2015,4000,1
LEMON_NISSAN_FRONTIER_4000CC_2016,Nissan,Frontier,2016,4000,1
LEMON_NISSAN_FRONTIER_2500CC_2016,Nissan,Frontier,2016,2500,1
LEMON_NISSAN_FRONTIER_4000CC_VINA_2016,Nissan,Frontier,2016,4000,1
LEMON_NISSAN_FRONTIER_2500CC_VINB_2016,Nissan,Frontier,2016,2500,1
LEMON_NISSAN_FRONTIER_4000CC_VINA_2017,Nissan,Frontier,2017,4000,1
LEMON_NISSAN_FRONTIER_4000CC_VIND_2017,Nissan,Frontier,2017,4000,1
LEMON_NISSAN_FRONTIER_2500CC_2017,Nissan,Frontier,2017,2500,1
LEMON_NISSAN_FRONTIER_2500CC_VINB_2017,Nissan,Frontier,2017,2500,1
LEMON_NISSAN_FRONTIER_4000CC_VINA_2018,Nissan,Frontier,2018,4000,1
LEMON_NISSAN_FRONTIER_4000CC_VIND_2018,Nissan,Frontier,2018,4000,1
LEMON_NISSAN_FRONTIER_2500CC_2018,Nissan,Frontier,2018,2500,1
LEMON_NISSAN_FRONTIER_2500CC_VINB_2018,Nissan,Frontier,2018,2500,1
LEMON_NISSAN_FRONTIER_4000CC_VIND_2019,Nissan,Frontier,2019,4000,1
LEMON_NISSAN_FRONTIER_4000CC_VINA_2019,Nissan,Frontier,2019,4000,1
LEMON_NISSAN_FRONTIER_2500CC_2019,Nissan,Frontier,2019,2500,1
LEMON_NISSAN_FRONTIER_2500CC_VINB_2019,Nissan,Frontier,2019,2500,1
LEMON_NISSAN_FRONTIER_2020,Nissan,Frontier,2020,,1
LEMON_NISSAN_FRONTIER_2021,Nissan,Frontier,2021,,1
LEMON_NISSAN_FRONTIER_2022,Nissan,Frontier,2022,,1
LEMON_NISSAN_FRONTIER_2023,Nissan,Frontier,2023,,1
LEMON_NISSAN_FRONTIER_2024,Nissan,Frontier,2024,,1
LEMON_NISSAN_FRONTIER_2025,Nissan,Frontier,2025,,1
LEMON_NISSAN_GT_R_2009,Nissan,GT-R,2009,,1
LEMON_NISSAN_GT_R_2010,Nissan,GT-R,2010,,1
LEMON_NISSAN_GT_R_2011,Nissan,GT-R,2011,,1
LEMON_NISSAN_GT_R_2012,Nissan,GT-R,2012,,1
LEMON_NISSAN_GT_R_2013,Nissan,GT-R,2013,,1
LEMON_NISSAN_GT_R_2014,Nissan,GT-R,2014,,1
LEMON_NISSAN_JUKE_2011,Nissan,Juke,2011,,1
LEMON_NISSAN_JUKE_2013,Nissan,Juke,2013,,1
LEMON_NISSAN_JUKE_2014,Nissan,Juke,2014,,1
LEMON_NISSAN_JUKE_2016,Nissan,Juke,2016,,1
LEMON_NISSAN_JUKE_2017,Nissan,Juke,2017,,1
LEMON_NISSAN_KICKS_2018,Nissan,Kicks,2018,,1
LEMON_NISSAN_KICKS_2019,Nissan,Kicks,2019,,1
LEMON_NISSAN_KICKS_2020,Nissan,Kicks,2020,,1
LEMON_NISSAN_KICKS_2021,Nissan,Kicks,2021,,1
LEMON_NISSAN_KICKS_2022,Nissan,Kicks,2022,,1
LEMON_NISSAN_KICKS_2023,Nissan,Kicks,2023,,1
LEMON_NISSAN_KICKS_2024,Nissan,Kicks,2024,,1
LEMON_NISSAN_KICKS_2025,Nissan,Kicks,2025,,1
LEMON_NISSAN_LEAF_2011,Nissan,Leaf,2011,,1
LEMON_NISSAN_LEAF_2012,Nissan,Leaf,2012,,1
LEMON_NISSAN_LEAF_2013,Nissan,Leaf,2013,,1
LEMON_NISSAN_LEAF_2014,Nissan,Leaf,2014,,1
LEMON_NISSAN_LEAF_2015_LEAFS,Nissan,Leaf,2015,,1
LEMON_NISSAN_LEAF_2015_LEAFSL,Nissan,Leaf,2015,,1
LEMON_NISSAN_LEAF_2015_LEAFSV,Nissan,Leaf,2015,,1
LEMON_NISSAN_LEAF_2016,Nissan,Leaf,2016,,1
LEMON_NISSAN_LEAF_2017,Nissan,Leaf,2017,,1
LEMON_NISSAN_LEAF_2018,Nissan,Leaf,2018,,1
LEMON_NISSAN_LEAF_2019,Nissan,Leaf,2019,,1
LEMON_NISSAN_LEAF_2020,Nissan,Leaf,2020,,1
LEMON_NISSAN_LEAF_2021,Nissan,Leaf,2021,,1
LEMON_NISSAN_LEAF_2022,Nissan,Leaf,2022,,1
LEMON_NISSAN_LEAF_2023,Nissan,Leaf,2023,,1
LEMON_NISSAN_LEAF_2024,Nissan,Leaf,2024,,1
LEMON_NISSAN_LEAF_2025,Nissan,Leaf,2025,,1
LEMON_NISSAN_MAXIMA_2005,Nissan,Maxima,2005,,1
LEMON_NISSAN_MAXIMA_2006,Nissan,Maxima,2006,,1
LEMON_NISSAN_MAXIMA_2007,Nissan,Maxima,2007,,1
LEMON_NISSAN_MAXIMA_2008,Nissan,Maxima,2008,,1
LEMON_NISSAN_MAXIMA_2009,Nissan,Maxima,2009,,1
LEMON_NISSAN_MAXIMA_2010,Nissan,Maxima,2010,,1
LEMON_NISSAN_MAXIMA_2011,Nissan,Maxima,2011,,1
LEMON_NISSAN_MAXIMA_2012,Nissan,Maxima,2012,,1
LEMON_NISSAN_MAXIMA_2013,Nissan,Maxima,2013,,1
LEMON_NISSAN_MAXIMA_2014,Nissan,Maxima,2014,,1
LEMON_NISSAN_MAXIMA_2016,Nissan,Maxima,2016,,1
LEMON_NISSAN_MAXIMA_2017,Nissan,Maxima,2017,,1
LEMON_NISSAN_MAXIMA_2018,Nissan,Maxima,2018,,1
LEMON_NISSAN_MAXIMA_2019,Nissan,Maxima,2019,,1
LEMON_NISSAN_MAXIMA_2020,Nissan,Maxima,2020,,1
LEMON_NISSAN_MAXIMA_2021,Nissan,Maxima,2021,,1
LEMON_NISSAN_MAXIMA_2022,Nissan,Maxima,2022,,1
LEMON_NISSAN_MAXIMA_2023,Nissan,Maxima,2023,,1
LEMON_NISSAN_MURANO_2005,Nissan,Murano,2005,,1
LEMON_NISSAN_MURANO_2006,Nissan,Murano,2006,,1
LEMON_NISSAN_MURANO_2007,Nissan,Murano,2007,,1
LEMON_NISSAN_MURANO_2009,Nissan,Murano,2009,,1
LEMON_NISSAN_MURANO_2010,Nissan,Murano,2010,,1
LEMON_NISSAN_MURANO_2011,Nissan,Murano,2011,,1
LEMON_NISSAN_MURANO_2012,Nissan,Murano,2012,,1
LEMON_NISSAN_MURANO_2013,Nissan,Murano,2013,,1
LEMON_NISSAN_MURANO_2014,Nissan,Murano,2014,,1
LEMON_NISSAN_MURANO_2016,Nissan,Murano,2016,,1
LEMON_NISSAN_MURANO_2017,Nissan,Murano,2017,,1
LEMON_NISSAN_MURANO_2018,Nissan,Murano,2018,,1
LEMON_NISSAN_MURANO_2019,Nissan,Murano,2019,,1
LEMON_NISSAN_MURANO_2020,Nissan,Murano,2020,,1
LEMON_NISSAN_MURANO_2021,Nissan,Murano,2021,,1
LEMON_NISSAN_MURANO_2022,Nissan,Murano,2022,,1
LEMON_NISSAN_MURANO_2023,Nissan,Murano,2023,,1
LEMON_NISSAN_MURANO_2024,Nissan,Murano,2024,,1
LEMON_NISSAN_MURANO_2025,Nissan,Murano,2025,,1
LEMON_NISSAN_NV1500_2012,Nissan,NV1500,2012,,1
LEMON_NISSAN_NV1500_2013,Nissan,NV1500,2013,,1
LEMON_NISSAN_NV1500_2014,Nissan,NV1500,2014,,1
LEMON_NISSAN_NV1500_2015_NV1500S,Nissan,NV1500,2015,,1
LEMON_NISSAN_NV1500_2015_NV1500SV,Nissan,NV1500,2015,,1
LEMON_NISSAN_NV1500_2016,Nissan,NV1500,2016,,1
LEMON_NISSAN_NV1500_2017,Nissan,NV1500,2017,,1
LEMON_NISSAN_NV1500_2018,Nissan,NV1500,2018,,1
LEMON_NISSAN_NV1500_2019,Nissan,NV1500,2019,,1
LEMON_NISSAN_NV1500_2020,Nissan,NV1500,2020,,1
LEMON_NISSAN_NV1500_2021,Nissan,NV1500,2021,,1
LEMON_NISSAN_NV200_2013,Nissan,NV200,2013,,1
LEMON_NISSAN_NV200_2014,Nissan,NV200,2014,,1
LEMON_NISSAN_NV200_2015_NV200SV,Nissan,NV200,2015,,1
LEMON_NISSAN_NV200_2015_NV200S,Nissan,NV200,2015,,1
LEMON_NISSAN_NV200_2015_NV200TAXI,Nissan,NV200,2015,,1
LEMON_NISSAN_NV200_2016,Nissan,NV200,2016,,1
LEMON_NISSAN_NV200_2017,Nissan,NV200,2017,,1
LEMON_NISSAN_NV200_2018,Nissan,NV200,2018,,1
LEMON_NISSAN_NV200_2019,Nissan,NV200,2019,,1
LEMON_NISSAN_NV200_2020,Nissan,NV200,2020,,1
LEMON_NISSAN_NV200_2021,Nissan,NV200,2021,,1
LEMON_NISSAN_NV2500_4000CC_VINB_2012,Nissan,NV2500,2012,4000,1
LEMON_NISSAN_NV2500_5600CC_VINA_2012,Nissan,NV2500,2012,5600,1
LEMON_NISSAN_NV2500_4000CC_VINB_2013,Nissan,NV2500,2013,4000,1
LEMON_NISSAN_NV2500_5600CC_VINA_2013,Nissan,NV2500,2013,5600,1
LEMON_NISSAN_NV2500_4000CC_VINB_2014,Nissan,NV2500,2014,4000,1
LEMON_NISSAN_NV2500_5600CC_VINA_2014,Nissan,NV2500,2014,5600,1
LEMON_NISSAN_NV2500_4000CC_VINB_2015,Nissan,NV2500,2015,4000,1
LEMON_NISSAN_NV2500_5600CC_VINA_2015,Nissan,NV2500,2015,5600,1
LEMON_NISSAN_NV2500_4000CC_VINB_2016,Nissan,NV2500,2016,4000,1
LEMON_NISSAN_NV2500_5600CC_VINA_2016,Nissan,NV2500,2016,5600,1
LEMON_NISSAN_NV2500_4000CC_VINB_2017,Nissan,NV2500,2017,4000,1
LEMON_NISSAN_NV2500_5600CC_VINA_2018,Nissan,NV2500,2018,5600,1
LEMON_NISSAN_NV2500_4000CC_VINB_2018,Nissan,NV2500,2018,4000,1
LEMON_NISSAN_NV2500_5600CC_VINA_2019,Nissan,NV2500,2019,5600,1
LEMON_NISSAN_NV2500_4000CC_VINB_2019,Nissan,NV2500,2019,4000,1
LEMON_NISSAN_NV2500_4000CC_VINB_2020,Nissan,NV2500,2020,4000,1
LEMON_NISSAN_NV2500_5600CC_VINA_2020,Nissan,NV2500,2020,5600,1
LEMON_NISSAN_NV2500_4000CC_2021,Nissan,NV2500,2021,4000,1
LEMON_NISSAN_NV2500_4000CC_VINB_2021,Nissan,NV2500,2021,4000,1
LEMON_NISSAN_NV2500_5600CC_VINA_2021,Nissan,NV2500,2021,5600,1
LEMON_NISSAN_NV3500_4000CC_VINB_2012,Nissan,NV3500,2012,4000,1
LEMON_NISSAN_NV3500_2012,Nissan,NV3500,2012,,1
LEMON_NISSAN_NV3500_5600CC_VINA_2012,Nissan,NV3500,2012,5600,1
LEMON_NISSAN_NV3500_2013,Nissan,NV3500,2013,,1
LEMON_NISSAN_NV3500_4000CC_VINB_2013,Nissan,NV3500,2013,4000,1
LEMON_NISSAN_NV3500_5600CC_VINA_2013,Nissan,NV3500,2013,5600,1
LEMON_NISSAN_NV3500_5600CC_2014,Nissan,NV3500,2014,5600,1
LEMON_NISSAN_NV3500_4000CC_VINB_2014,Nissan,NV3500,2014,4000,1
LEMON_NISSAN_NV3500_5600CC_VINA_2014,Nissan,NV3500,2014,5600,1
LEMON_NISSAN_NV3500_4000CC_VINB_2015,Nissan,NV3500,2015,4000,1
LEMON_NISSAN_NV3500_5600CC_2015,Nissan,NV3500,2015,5600,1
LEMON_NISSAN_NV3500_5600CC_VINA_2015,Nissan,NV3500,2015,5600,1
LEMON_NISSAN_NV3500_4000CC_VINB_2016,Nissan,NV3500,2016,4000,1
LEMON_NISSAN_NV3500_5600CC_2016,Nissan,NV3500,2016,5600,1
LEMON_NISSAN_NV3500_5600CC_VINA_2016,Nissan,NV3500,2016,5600,1
LEMON_NISSAN_NV3500_4000CC_VINB_2017,Nissan,NV3500,2017,4000,1
LEMON_NISSAN_NV3500_5600CC_2018,Nissan,NV3500,2018,5600,1
LEMON_NISSAN_NV3500_4000CC_VINB_2018,Nissan,NV3500,2018,4000,1
LEMON_NISSAN_NV3500_5600CC_VINA_2018,Nissan,NV3500,2018,5600,1
LEMON_NISSAN_NV3500_5600CC_2019,Nissan,NV3500,2019,5600,1
LEMON_NISSAN_NV3500_4000CC_VINB_2019,Nissan,NV3500,2019,4000,1
LEMON_NISSAN_NV3500_5600CC_VINA_2019,Nissan,NV3500,2019,5600,1
LEMON_NISSAN_NV3500_5600CC_2020,Nissan,NV3500,2020,5600,1
LEMON_NISSAN_NV3500_4000CC_VINB_2020,Nissan,NV3500,2020,4000,1
LEMON_NISSAN_NV3500_5600CC_VINA_2020,Nissan,NV3500,2020,5600,1
LEMON_NISSAN_NV3500_5600CC_2021,Nissan,NV3500,2021,5600,1
LEMON_NISSAN_NV3500_4000CC_2021,Nissan,NV3500,2021,4000,1
LEMON_NISSAN_PATHFINDER_2005,Nissan,Pathfinder,2005,,1
LEMON_NISSAN_PATHFINDER_2006,Nissan,Pathfinder,2006,,1
LEMON_NISSAN_PATHFINDER_2007,Nissan,Pathfinder,2007,,1
LEMON_NISSAN_PATHFINDER_4000CC_2008,Nissan,Pathfinder,2008,4000,1
LEMON_NISSAN_PATHFINDER_5600CC_2008,Nissan,Pathfinder,2008,5600,1
LEMON_NISSAN_PATHFINDER_4000CC_2009,Nissan,Pathfinder,2009,4000,1
LEMON_NISSAN_PATHFINDER_5600CC_2009,Nissan,Pathfinder,2009,5600,1
LEMON_NISSAN_PATHFINDER_5600CC_2010,Nissan,Pathfinder,2010,5600,1
LEMON_NISSAN_PATHFINDER_4000CC_2010,Nissan,Pathfinder,2010,4000,1
LEMON_NISSAN_PATHFINDER_4000CC_2011,Nissan,Pathfinder,2011,4000,1
LEMON_NISSAN_PATHFINDER_5600CC_2011,Nissan,Pathfinder,2011,5600,1
LEMON_NISSAN_PATHFINDER_4000CC_VINA_2012,Nissan,Pathfinder,2012,4000,1
LEMON_NISSAN_PATHFINDER_5600CC_VINB_2012,Nissan,Pathfinder,2012,5600,1
LEMON_NISSAN_PATHFINDER_4000CC_2012,Nissan,Pathfinder,2012,4000,1
LEMON_NISSAN_PATHFINDER_2013,Nissan,Pathfinder,2013,,1
LEMON_NISSAN_PATHFINDER_2014,Nissan,Pathfinder,2014,,1
LEMON_NISSAN_PATHFINDER_2015_PATHFINDERPL,Nissan,Pathfinder,2015,,1
LEMON_NISSAN_PATHFINDER_2015_PATHFINDERSF,Nissan,Pathfinder,2015,,1
LEMON_NISSAN_PATHFINDER_2015_PATHFINDERSL,Nissan,Pathfinder,2015,,1
LEMON_NISSAN_PATHFINDER_2015_PATHFINDERS4,Nissan,Pathfinder,2015,,1
LEMON_NISSAN_PATHFINDER_2015_PATHFINDERSV,Nissan,Pathfinder,2015,,1
LEMON_NISSAN_PATHFINDER_2016,Nissan,Pathfinder,2016,,1
LEMON_NISSAN_PATHFINDER_2017,Nissan,Pathfinder,2017,,1
LEMON_NISSAN_PATHFINDER_2018,Nissan,Pathfinder,2018,,1
LEMON_NISSAN_PATHFINDER_2019,Nissan,Pathfinder,2019,,1
LEMON_NISSAN_PATHFINDER_2020,Nissan,Pathfinder,2020,,1
LEMON_NISSAN_PATHFINDER_2022,Nissan,Pathfinder,2022,,1
LEMON_NISSAN_PATHFINDER_2023,Nissan,Pathfinder,2023,,1
LEMON_NISSAN_PATHFINDER_2024,Nissan,Pathfinder,2024,,1
LEMON_NISSAN_PATHFINDER_2025,Nissan,Pathfinder,2025,,1
LEMON_NISSAN_QUEST_2005,Nissan,Quest,2005,,1
LEMON_NISSAN_QUEST_2006,Nissan,Quest,2006,,1
LEMON_NISSAN_QUEST_2007,Nissan,Quest,2007,,1
LEMON_NISSAN_QUEST_2008,Nissan,Quest,2008,,1
LEMON_NISSAN_QUEST_2009,Nissan,Quest,2009,,1
LEMON_NISSAN_QUEST_2011,Nissan,Quest,2011,,1
LEMON_NISSAN_QUEST_2012,Nissan,Quest,2012,,1
LEMON_NISSAN_QUEST_2013,Nissan,Quest,2013,,1
LEMON_NISSAN_QUEST_2014,Nissan,Quest,2014,,1
LEMON_NISSAN_QUEST_2015_QUESTS,Nissan,Quest,2015,,1
LEMON_NISSAN_QUEST_2015_QUESTPLATINU,Nissan,Quest,2015,,1
LEMON_NISSAN_QUEST_2015_QUESTSL,Nissan,Quest,2015,,1
LEMON_NISSAN_QUEST_2015_QUESTSV,Nissan,Quest,2015,,1
LEMON_NISSAN_QUEST_2016,Nissan,Quest,2016,,1
LEMON_NISSAN_QUEST_2017,Nissan,Quest,2017,,1
LEMON_NISSAN_ROGUE_2008,Nissan,Rogue,2008,,1
LEMON_NISSAN_ROGUE_2009,Nissan,Rogue,2009,,1
LEMON_NISSAN_ROGUE_2010,Nissan,Rogue,2010,,1
LEMON_NISSAN_ROGUE_2011,Nissan,Rogue,2011,,1
LEMON_NISSAN_ROGUE_2012,Nissan,Rogue,2012,,1
LEMON_NISSAN_ROGUE_2013,Nissan,Rogue,2013,,1
LEMON_NISSAN_ROGUE_2014,Nissan,Rogue,2014,,1
LEMON_NISSAN_ROGUE_2015_ROGUESAWD,Nissan,Rogue,2015,,1
LEMON_NISSAN_ROGUE_2015_ROGUESFWD,Nissan,Rogue,2015,,1
LEMON_NISSAN_ROGUE_2015_ROGUESLAWD,Nissan,Rogue,2015,,1
LEMON_NISSAN_ROGUE_2015_ROGUESVAWD,Nissan,Rogue,2015,,1
LEMON_NISSAN_ROGUE_2015_ROGUESLFWD,Nissan,Rogue,2015,,1
LEMON_NISSAN_ROGUE_2015_ROGUESVFWD,Nissan,Rogue,2015,,1
LEMON_NISSAN_ROGUE_2015_ROGUESELECTA,Nissan,Rogue,2015,,1
LEMON_NISSAN_ROGUE_2015_ROGUESELECTF,Nissan,Rogue,2015,,1
LEMON_NISSAN_ROGUE_2016,Nissan,Rogue,2016,,1
LEMON_NISSAN_ROGUE_2017,Nissan,Rogue,2017,,1
LEMON_NISSAN_ROGUE_2018,Nissan,Rogue,2018,,1
LEMON_NISSAN_ROGUE_2019,Nissan,Rogue,2019,,1
LEMON_NISSAN_ROGUE_2020,Nissan,Rogue,2020,,1
LEMON_NISSAN_ROGUE_1500CC_VINB_2021,Nissan,Rogue,2021,1500,1
LEMON_NISSAN_ROGUE_2500CC_VINA_2021,Nissan,Rogue,2021,2500,1
LEMON_NISSAN_ROGUE_2021,Nissan,Rogue,2021,,1
LEMON_NISSAN_ROGUE_2022,Nissan,Rogue,2022,,1
LEMON_NISSAN_ROGUE_2023,Nissan,Rogue,2023,,1
LEMON_NISSAN_ROGUE_2024,Nissan,Rogue,2024,,1
LEMON_NISSAN_ROGUE_2025,Nissan,Rogue,2025,,1
LEMON_NISSAN_SENTRA_1800CC_2005,Nissan,Sentra,2005,1800,1
LEMON_NISSAN_SENTRA_2500CC_2005,Nissan,Sentra,2005,2500,1
LEMON_NISSAN_SENTRA_1800CC_2006,Nissan,Sentra,2006,1800,1
LEMON_NISSAN_SENTRA_2500CC_2006,Nissan,Sentra,2006,2500,1
LEMON_NISSAN_SENTRA_2000CC_2007,Nissan,Sentra,2007,2000,1
LEMON_NISSAN_SENTRA_2500CC_2007,Nissan,Sentra,2007,2500,1
LEMON_NISSAN_SENTRA_2000CC_2008,Nissan,Sentra,2008,2000,1
LEMON_NISSAN_SENTRA_2500CC_2008,Nissan,Sentra,2008,2500,1
LEMON_NISSAN_SENTRA_2000CC_2009,Nissan,Sentra,2009,2000,1
LEMON_NISSAN_SENTRA_2500CC_2009,Nissan,Sentra,2009,2500,1
LEMON_NISSAN_SENTRA_2000CC_2010,Nissan,Sentra,2010,2000,1
LEMON_NISSAN_SENTRA_2500CC_2010,Nissan,Sentra,2010,2500,1
LEMON_NISSAN_SENTRA_2000CC_2011,Nissan,Sentra,2011,2000,1
LEMON_NISSAN_SENTRA_2500CC_2011,Nissan,Sentra,2011,2500,1
LEMON_NISSAN_SENTRA_2000CC_2012,Nissan,Sentra,2012,2000,1
LEMON_NISSAN_SENTRA_2500CC_2012,Nissan,Sentra,2012,2500,1
LEMON_NISSAN_SENTRA_2013,Nissan,Sentra,2013,,1
LEMON_NISSAN_SENTRA_2014,Nissan,Sentra,2014,,1
LEMON_NISSAN_SENTRA_2015_SENTRASAUTOM,Nissan,Sentra,2015,,1
LEMON_NISSAN_SENTRA_2015_SENTRAFES,Nissan,Sentra,2015,,1
LEMON_NISSAN_SENTRA_2015_SENTRASSTAND,Nissan,Sentra,2015,,1
LEMON_NISSAN_SENTRA_2015_SENTRASL,Nissan,Sentra,2015,,1
LEMON_NISSAN_SENTRA_2015_SENTRASV,Nissan,Sentra,2015,,1
LEMON_NISSAN_SENTRA_2015_SENTRASR,Nissan,Sentra,2015,,1
LEMON_NISSAN_SENTRA_2016,Nissan,Sentra,2016,,1
LEMON_NISSAN_SENTRA_1600CC_2017,Nissan,Sentra,2017,1600,1
LEMON_NISSAN_SENTRA_1800CC_2017,Nissan,Sentra,2017,1800,1
LEMON_NISSAN_SENTRA_1800CC_2018,Nissan,Sentra,2018,1800,1
LEMON_NISSAN_SENTRA_1600CC_2018,Nissan,Sentra,2018,1600,1
LEMON_NISSAN_SENTRA_1600CC_2019,Nissan,Sentra,2019,1600,1
LEMON_NISSAN_SENTRA_1800CC_2019,Nissan,Sentra,2019,1800,1
LEMON_NISSAN_SENTRA_2020,Nissan,Sentra,2020,,1
LEMON_NISSAN_SENTRA_2021,Nissan,Sentra,2021,,1
LEMON_NISSAN_SENTRA_2022,Nissan,Sentra,2022,,1
LEMON_NISSAN_SENTRA_2023,Nissan,Sentra,2023,,1
LEMON_NISSAN_SENTRA_2024,Nissan,Sentra,2024,,1
LEMON_NISSAN_SENTRA_2025,Nissan,Sentra,2025,,1
LEMON_NISSAN_TITAN_2005,Nissan,Titan,2005,,1
LEMON_NISSAN_TITAN_2006,Nissan,Titan,2006,,1
LEMON_NISSAN_TITAN_2007,Nissan,Titan,2007,,1
LEMON_NISSAN_TITAN_2008,Nissan,Titan,2008,,1
LEMON_NISSAN_TITAN_2009,Nissan,Titan,2009,,1
LEMON_NISSAN_TITAN_2010,Nissan,Titan,2010,,1
LEMON_NISSAN_TITAN_2011,Nissan,Titan,2011,,1
LEMON_NISSAN_TITAN_5600CC_VINA_2012,Nissan,Titan,2012,5600,1
LEMON_NISSAN_TITAN_5600CC_VINB_2012,Nissan,Titan,2012,5600,1
LEMON_NISSAN_TITAN_5600CC_VINA_2013,Nissan,Titan,2013,5600,1
LEMON_NISSAN_TITAN_5600CC_VINB_2013,Nissan,Titan,2013,5600,1
LEMON_NISSAN_TITAN_5600CC_VINA_2014,Nissan,Titan,2014,5600,1
LEMON_NISSAN_TITAN_5600CC_VINB_2014,Nissan,Titan,2014,5600,1
LEMON_NISSAN_TITAN_5600CC_VINA_2015,Nissan,Titan,2015,5600,1
LEMON_NISSAN_TITAN_5600CC_VINB_2015,Nissan,Titan,2015,5600,1
LEMON_NISSAN_TITAN_5600CC_VINA_2016,Nissan,Titan,2016,5600,1
LEMON_NISSAN_TITAN_5000CC_VINB_2016,Nissan,Titan,2016,5000,1
LEMON_NISSAN_TITAN_2017,Nissan,Titan,2017,,1
LEMON_NISSAN_TITAN_5600CC_VINA_2017,Nissan,Titan,2017,5600,1
LEMON_NISSAN_TITAN_5000CC_VINB_2017,Nissan,Titan,2017,5000,1
LEMON_NISSAN_TITAN_2018,Nissan,Titan,2018,,1
LEMON_NISSAN_TITAN_5000CC_VINB_2018,Nissan,Titan,2018,5000,1
LEMON_NISSAN_TITAN_5600CC_VINA_2018,Nissan,Titan,2018,5600,1
LEMON_NISSAN_TITAN_2019,Nissan,Titan,2019,,1
LEMON_NISSAN_TITAN_5600CC_VINA_2019,Nissan,Titan,2019,5600,1
LEMON_NISSAN_TITAN_5000CC_VINB_2019,Nissan,Titan,2019,5000,1
LEMON_NISSAN_TITAN_2020,Nissan,Titan,2020,,1
LEMON_NISSAN_TITAN_2021,Nissan,Titan,2021,,1
LEMON_NISSAN_TITAN_2022,Nissan,Titan,2022,,1
LEMON_NISSAN_TITAN_2023,Nissan,Titan,2023,,1
LEMON_NISSAN_TITAN_2024,Nissan,Titan,2024,,1
LEMON_NISSAN_VERSA_2007,Nissan,Versa,2007,,1
LEMON_NISSAN_VERSA_2008,Nissan,Versa,2008,,1
LEMON_NISSAN_VERSA_1800CC_2009,Nissan,Versa,2009,1800,1
LEMON_NISSAN_VERSA_1600CC_2009,Nissan,Versa,2009,1600,1
LEMON_NISSAN_VERSA_1600CC_2010,Nissan,Versa,2010,1600,1
LEMON_NISSAN_VERSA_1800CC_2010,Nissan,Versa,2010,1800,1
LEMON_NISSAN_VERSA_1600CC_2011,Nissan,Versa,2011,1600,1
LEMON_NISSAN_VERSA_1800CC_2011,Nissan,Versa,2011,1800,1
LEMON_NISSAN_VERSA_1800CC_2012,Nissan,Versa,2012,1800,1
LEMON_NISSAN_VERSA_1600CC_2012,Nissan,Versa,2012,1600,1
LEMON_NISSAN_VERSA_2013,Nissan,Versa,2013,,1
LEMON_NISSAN_VERSA_2014,Nissan,Versa,2014,,1
LEMON_NISSAN_VERSA_2016,Nissan,Versa,2016,,1
LEMON_NISSAN_VERSA_2017,Nissan,Versa,2017,,1
LEMON_NISSAN_VERSA_2018,Nissan,Versa,2018,,1
LEMON_NISSAN_VERSA_2019,Nissan,Versa,2019,,1
LEMON_NISSAN_VERSA_2020,Nissan,Versa,2020,,1
LEMON_NISSAN_VERSA_2021,Nissan,Versa,2021,,1
LEMON_NISSAN_VERSA_2022,Nissan,Versa,2022,,1
LEMON_NISSAN_VERSA_2023,Nissan,Versa,2023,,1
LEMON_NISSAN_VERSA_2024,Nissan,Versa,2024,,1
LEMON_NISSAN_VERSA_2025,Nissan,Versa,2025,,1
LEMON_NISSAN_XTERRA_2005,Nissan,Xterra,2005,,1
LEMON_NISSAN_XTERRA_2006,Nissan,Xterra,2006,,1
LEMON_NISSAN_XTERRA_2007,Nissan,Xterra,2007,,1
LEMON_NISSAN_XTERRA_2008,Nissan,Xterra,2008,,1
LEMON_NISSAN_XTERRA_2009,Nissan,Xterra,2009,,1
LEMON_NISSAN_XTERRA_2010,Nissan,Xterra,2010,,1
LEMON_NISSAN_XTERRA_2011,Nissan,Xterra,2011,,1
LEMON_NISSAN_XTERRA_2012,Nissan,Xterra,2012,,1
LEMON_NISSAN_XTERRA_2013,Nissan,Xterra,2013,,1
LEMON_NISSAN_XTERRA_2014,Nissan,Xterra,2014,,1
LEMON_NISSAN_Z_2023,Nissan,Z,2023,,1
LEMON_NISSAN_Z_2024,Nissan,Z,2024,,1
LEMON_NISSAN_Z_2025,Nissan,Z,2025,,1
LEMON_PONTIAC_AZTEK_2005,Pontiac,Aztek,2005,,1
LEMON_PONTIAC_BONNEVILLE_4600CC_2005,Pontiac,Bonneville,2005,4600,1
LEMON_PONTIAC_BONNEVILLE_3800CC_2005,Pontiac,Bonneville,2005,3800,1
LEMON_PONTIAC_G3_2009,Pontiac,G3,2009,,1
LEMON_PONTIAC_G3_2010,Pontiac,G3,2010,,1
LEMON_PONTIAC_G5_2200CC_2006,Pontiac,G5,2006,2200,1
LEMON_PONTIAC_G5_2400CC_2006,Pontiac,G5,2006,2400,1
LEMON_PONTIAC_G5_2400CC_2007,Pontiac,G5,2007,2400,1
LEMON_PONTIAC_G5_2200CC_2007,Pontiac,G5,2007,2200,1
LEMON_PONTIAC_G5_2400CC_2008,Pontiac,G5,2008,2400,1
LEMON_PONTIAC_G5_2200CC_2008,Pontiac,G5,2008,2200,1
LEMON_PONTIAC_G5_2200CC_2009,Pontiac,G5,2009,2200,1
LEMON_PONTIAC_G5_2010,Pontiac,G5,2010,,1
LEMON_PONTIAC_G6_2005,Pontiac,G6,2005,,1
LEMON_PONTIAC_G6_2400CC_2006,Pontiac,G6,2006,2400,1
LEMON_PONTIAC_G6_3500CC_2006,Pontiac,G6,2006,3500,1
LEMON_PONTIAC_G6_3900CC_2006,Pontiac,G6,2006,3900,1
LEMON_PONTIAC_G6_3500CC_2007,Pontiac,G6,2007,3500,1
LEMON_PONTIAC_G6_3900CC_2007,Pontiac,G6,2007,3900,1
LEMON_PONTIAC_G6_2400CC_2007,Pontiac,G6,2007,2400,1
LEMON_PONTIAC_G6_3600CC_2007,Pontiac,G6,2007,3600,1
LEMON_PONTIAC_G6_3900CC_2008,Pontiac,G6,2008,3900,1
LEMON_PONTIAC_G6_3500CC_2008,Pontiac,G6,2008,3500,1
LEMON_PONTIAC_G6_2400CC_2008,Pontiac,G6,2008,2400,1
LEMON_PONTIAC_G6_3600CC_2008,Pontiac,G6,2008,3600,1
LEMON_PONTIAC_G6_2400CC_2009,Pontiac,G6,2009,2400,1
LEMON_PONTIAC_G6_3500CC_2009,Pontiac,G6,2009,3500,1
LEMON_PONTIAC_G6_3900CC_2009,Pontiac,G6,2009,3900,1
LEMON_PONTIAC_G6_3600CC_2009,Pontiac,G6,2009,3600,1
LEMON_PONTIAC_G6_2400CC_2010,Pontiac,G6,2010,2400,1
LEMON_PONTIAC_G6_3500CC_2010,Pontiac,G6,2010,3500,1
LEMON_PONTIAC_G6_3900CC_2010,Pontiac,G6,2010,3900,1
LEMON_PONTIAC_G6_3600CC_2010,Pontiac,G6,2010,3600,1
LEMON_PONTIAC_G8_3600CC_2008,Pontiac,G8,2008,3600,1
LEMON_PONTIAC_G8_6000CC_2008,Pontiac,G8,2008,6000,1
LEMON_PONTIAC_G8_3600CC_2009,Pontiac,G8,2009,3600,1
LEMON_PONTIAC_G8_6000CC_2009,Pontiac,G8,2009,6000,1
LEMON_PONTIAC_G8_6200CC_2009,Pontiac,G8,2009,6200,1
LEMON_PONTIAC_GTO_2005,Pontiac,GTO,2005,,1
LEMON_PONTIAC_GTO_2006,Pontiac,GTO,2006,,1
LEMON_PONTIAC_GRAND_2005,Pontiac,Grand,2005,,1
LEMON_PONTIAC_GRAND_3800CC_2005,Pontiac,Grand,2005,3800,1
LEMON_PONTIAC_GRAND_5300CC_2005,Pontiac,Grand,2005,5300,1
LEMON_PONTIAC_GRAND_3800CC_2006,Pontiac,Grand,2006,3800,1
LEMON_PONTIAC_GRAND_5300CC_2006,Pontiac,Grand,2006,5300,1
LEMON_PONTIAC_GRAND_3800CC_2007,Pontiac,Grand,2007,3800,1
LEMON_PONTIAC_GRAND_5300CC_2007,Pontiac,Grand,2007,5300,1
LEMON_PONTIAC_GRAND_3800CC_2008,Pontiac,Grand,2008,3800,1
LEMON_PONTIAC_GRAND_5300CC_2008,Pontiac,Grand,2008,5300,1
LEMON_PONTIAC_MONTANA_2005,Pontiac,Montana,2005,,1
LEMON_PONTIAC_MONTANA_3500CC_2006,Pontiac,Montana,2006,3500,1
LEMON_PONTIAC_MONTANA_3900CC_2006,Pontiac,Montana,2006,3900,1
LEMON_PONTIAC_MONTANA_2007,Pontiac,Montana,2007,,1
LEMON_PONTIAC_MONTANA_2008,Pontiac,Montana,2008,,1
LEMON_PONTIAC_MONTANA_2009,Pontiac,Montana,2009,,1
LEMON_PONTIAC_PURSUIT_2200CC_2005,Pontiac,Pursuit,2005,2200,1
LEMON_PONTIAC_PURSUIT_2400CC_2005,Pontiac,Pursuit,2005,2400,1
LEMON_PONTIAC_SOLSTICE_2006,Pontiac,Solstice,2006,,1
LEMON_PONTIAC_SOLSTICE_2400CC_2007,Pontiac,Solstice,2007,2400,1
LEMON_PONTIAC_SOLSTICE_2000CC_2007,Pontiac,Solstice,2007,2000,1
LEMON_PONTIAC_SOLSTICE_2400CC_2008,Pontiac,Solstice,2008,2400,1
LEMON_PONTIAC_SOLSTICE_2000CC_2008,Pontiac,Solstice,2008,2000,1
LEMON_PONTIAC_SOLSTICE_2400CC_2009,Pontiac,Solstice,2009,2400,1
LEMON_PONTIAC_SOLSTICE_2000CC_2009,Pontiac,Solstice,2009,2000,1
LEMON_PONTIAC_SOLSTICE_2400CC_2010,Pontiac,Solstice,2010,2400,1
LEMON_PONTIAC_SOLSTICE_2000CC_2010,Pontiac,Solstice,2010,2000,1
LEMON_PONTIAC_SUNFIRE_2005,Pontiac,Sunfire,2005,,1
LEMON_PONTIAC_TORRENT_2006,Pontiac,Torrent,2006,,1
LEMON_PONTIAC_TORRENT_2007,Pontiac,Torrent,2007,,1
LEMON_PONTIAC_TORRENT_3400CC_2008,Pontiac,Torrent,2008,3400,1
LEMON_PONTIAC_TORRENT_3600CC_2008,Pontiac,Torrent,2008,3600,1
LEMON_PONTIAC_TORRENT_3600CC_2009,Pontiac,Torrent,2009,3600,1
LEMON_PONTIAC_TORRENT_3400CC_2009,Pontiac,Torrent,2009,3400,1
LEMON_PONTIAC_VIBE_2005,Pontiac,Vibe,2005,,1
LEMON_PONTIAC_VIBE_2006,Pontiac,Vibe,2006,,1
LEMON_PONTIAC_VIBE_2007,Pontiac,Vibe,2007,,1
LEMON_PONTIAC_VIBE_2008,Pontiac,Vibe,2008,,1
LEMON_PONTIAC_VIBE_1800CC_2009,Pontiac,Vibe,2009,1800,1
LEMON_PONTIAC_VIBE_2400CC_2009,Pontiac,Vibe,2009,2400,1
LEMON_PONTIAC_VIBE_1800CC_2010,Pontiac,Vibe,2010,1800,1
LEMON_PONTIAC_VIBE_2400CC_2010,Pontiac,Vibe,2010,2400,1
LEMON_PONTIAC_WAVE_2005,Pontiac,Wave,2005,,1
LEMON_PONTIAC_WAVE_2006,Pontiac,Wave,2006,,1
LEMON_PONTIAC_WAVE_2007,Pontiac,Wave,2007,,1
LEMON_PONTIAC_WAVE_2008,Pontiac,Wave,2008,,1
LEMON_PORSCHE_718_2017,Porsche,718,2017,,1
LEMON_PORSCHE_718_2000CC_2018,Porsche,718,2018,2000,1
LEMON_PORSCHE_718_2500CC_2018,Porsche,718,2018,2500,1
LEMON_PORSCHE_718_2500CC_2019,Porsche,718,2019,2500,1
LEMON_PORSCHE_718_2000CC_2019,Porsche,718,2019,2000,1
LEMON_PORSCHE_718_2500CC_2020,Porsche,718,2020,2500,1
LEMON_PORSCHE_718_2000CC_2020,Porsche,718,2020,2000,1
LEMON_PORSCHE_718_4000CC_2020,Porsche,718,2020,4000,1
LEMON_PORSCHE_718_2000CC_2021,Porsche,718,2021,2000,1
LEMON_PORSCHE_718_2500CC_2021,Porsche,718,2021,2500,1
LEMON_PORSCHE_718_2000CC_2022,Porsche,718,2022,2000,1
LEMON_PORSCHE_718_4000CC_2022,Porsche,718,2022,4000,1
LEMON_PORSCHE_718_2000CC_2023,Porsche,718,2023,2000,1
LEMON_PORSCHE_718_4000CC_2023,Porsche,718,2023,4000,1
LEMON_PORSCHE_718_2000CC_2024,Porsche,718,2024,2000,1
LEMON_PORSCHE_718_4000CC_2024,Porsche,718,2024,4000,1
LEMON_PORSCHE_911_2005,Porsche,911,2005,,1
LEMON_PORSCHE_911_2006,Porsche,911,2006,,1
LEMON_PORSCHE_911_2007,Porsche,911,2007,,1
LEMON_PORSCHE_911_3600CC_2008,Porsche,911,2008,3600,1
LEMON_PORSCHE_911_2008,Porsche,911,2008,,1
LEMON_PORSCHE_911_2009,Porsche,911,2009,,1
LEMON_PORSCHE_911_2010,Porsche,911,2010,,1
LEMON_PORSCHE_911_2011,Porsche,911,2011,,1
LEMON_PORSCHE_911_2012,Porsche,911,2012,,1
LEMON_PORSCHE_911_3800CC_2012,Porsche,911,2012,3800,1
LEMON_PORSCHE_911_3800CC_VINB_2012,Porsche,911,2012,3800,1
LEMON_PORSCHE_911_3400CC_2012,Porsche,911,2012,3400,1
LEMON_PORSCHE_911_3600CC_VINA_2012,Porsche,911,2012,3600,1
LEMON_PORSCHE_911_3800CC_VIND_2012,Porsche,911,2012,3800,1
LEMON_PORSCHE_911_2013,Porsche,911,2013,,1
LEMON_PORSCHE_911_3800CC_2013,Porsche,911,2013,3800,1
LEMON_PORSCHE_911_3800CC_VIND_2013,Porsche,911,2013,3800,1
LEMON_PORSCHE_911_2014,Porsche,911,2014,,1
LEMON_PORSCHE_911_2016,Porsche,911,2016,,1
LEMON_PORSCHE_911_3000CC_2017,Porsche,911,2017,3000,1
LEMON_PORSCHE_911_3800CC_2017,Porsche,911,2017,3800,1
LEMON_PORSCHE_911_2018,Porsche,911,2018,,1
LEMON_PORSCHE_911_2019,Porsche,911,2019,,1
LEMON_PORSCHE_911_2021,Porsche,911,2021,,1
LEMON_PORSCHE_911_3000CC_2022,Porsche,911,2022,3000,1
LEMON_PORSCHE_911_4000CC_2022,Porsche,911,2022,4000,1
LEMON_PORSCHE_911_3700CC_2022,Porsche,911,2022,3700,1
LEMON_PORSCHE_911_3000CC_2023,Porsche,911,2023,3000,1
LEMON_PORSCHE_911_4000CC_2023,Porsche,911,2023,4000,1
LEMON_PORSCHE_911_3700CC_2023,Porsche,911,2023,3700,1
LEMON_PORSCHE_BOXSTER_2005,Porsche,Boxster,2005,,1
LEMON_PORSCHE_BOXSTER_2006,Porsche,Boxster,2006,,1
LEMON_PORSCHE_BOXSTER_2007,Porsche,Boxster,2007,,1
LEMON_PORSCHE_BOXSTER_2008,Porsche,Boxster,2008,,1
LEMON_PORSCHE_BOXSTER_2009,Porsche,Boxster,2009,,1
LEMON_PORSCHE_BOXSTER_2010,Porsche,Boxster,2010,,1
LEMON_PORSCHE_BOXSTER_2011,Porsche,Boxster,2011,,1
LEMON_PORSCHE_BOXSTER_2012,Porsche,Boxster,2012,,1
LEMON_PORSCHE_BOXSTER_2013,Porsche,Boxster,2013,,1
LEMON_PORSCHE_BOXSTER_2014,Porsche,Boxster,2014,,1
LEMON_PORSCHE_BOXSTER_2015_BOXSTERBASEA,Porsche,Boxster,2015,,1
LEMON_PORSCHE_BOXSTER_2015_BOXSTERBASES,Porsche,Boxster,2015,,1
LEMON_PORSCHE_BOXSTER_2015_BOXSTERGTSAU,Porsche,Boxster,2015,,1
LEMON_PORSCHE_BOXSTER_2015_BOXSTERSAUTO,Porsche,Boxster,2015,,1
LEMON_PORSCHE_BOXSTER_2015_BOXSTERGTSST,Porsche,Boxster,2015,,1
LEMON_PORSCHE_BOXSTER_2015_BOXSTERSSTAN,Porsche,Boxster,2015,,1
LEMON_PORSCHE_BOXSTER_2016,Porsche,Boxster,2016,,1
LEMON_PORSCHE_CARRERA_2005,Porsche,Carrera,2005,,1
LEMON_PORSCHE_CAYENNE_2005,Porsche,Cayenne,2005,,1
LEMON_PORSCHE_CAYENNE_2006,Porsche,Cayenne,2006,,1
LEMON_PORSCHE_CAYENNE_2008,Porsche,Cayenne,2008,,1
LEMON_PORSCHE_CAYENNE_3600CC_2009,Porsche,Cayenne,2009,3600,1
LEMON_PORSCHE_CAYENNE_4800CC_2009,Porsche,Cayenne,2009,4800,1
LEMON_PORSCHE_CAYENNE_3600CC_2010,Porsche,Cayenne,2010,3600,1
LEMON_PORSCHE_CAYENNE_4800CC_2010,Porsche,Cayenne,2010,4800,1
LEMON_PORSCHE_CAYENNE_3600CC_2011,Porsche,Cayenne,2011,3600,1
LEMON_PORSCHE_CAYENNE_2011,Porsche,Cayenne,2011,,1
LEMON_PORSCHE_CAYENNE_2012,Porsche,Cayenne,2012,,1
LEMON_PORSCHE_CAYENNE_3600CC_2013,Porsche,Cayenne,2013,3600,1
LEMON_PORSCHE_CAYENNE_3000CC_2013,Porsche,Cayenne,2013,3000,1
LEMON_PORSCHE_CAYENNE_4800CC_VINB_2013,Porsche,Cayenne,2013,4800,1
LEMON_PORSCHE_CAYENNE_4800CC_VIND_2013,Porsche,Cayenne,2013,4800,1
LEMON_PORSCHE_CAYENNE_4800CC_2013,Porsche,Cayenne,2013,4800,1
LEMON_PORSCHE_CAYENNE_3600CC_2014,Porsche,Cayenne,2014,3600,1
LEMON_PORSCHE_CAYENNE_4800CC_2014,Porsche,Cayenne,2014,4800,1
LEMON_PORSCHE_CAYENNE_3000CC_2014,Porsche,Cayenne,2014,3000,1
LEMON_PORSCHE_CAYENNE_3000CC_2015,Porsche,Cayenne,2015,3000,1
LEMON_PORSCHE_CAYENNE_3600CC_2015,Porsche,Cayenne,2015,3600,1
LEMON_PORSCHE_CAYENNE_4800CC_2015,Porsche,Cayenne,2015,4800,1
LEMON_PORSCHE_CAYENNE_3600CC_2016,Porsche,Cayenne,2016,3600,1
LEMON_PORSCHE_CAYENNE_3000CC_2016,Porsche,Cayenne,2016,3000,1
LEMON_PORSCHE_CAYENNE_4800CC_2016,Porsche,Cayenne,2016,4800,1
LEMON_PORSCHE_CAYENNE_3600CC_2017,Porsche,Cayenne,2017,3600,1
LEMON_PORSCHE_CAYENNE_3000CC_2017,Porsche,Cayenne,2017,3000,1
LEMON_PORSCHE_CAYENNE_4800CC_2017,Porsche,Cayenne,2017,4800,1
LEMON_PORSCHE_CAYENNE_3600CC_2018,Porsche,Cayenne,2018,3600,1
LEMON_PORSCHE_CAYENNE_3000CC_2018,Porsche,Cayenne,2018,3000,1
LEMON_PORSCHE_CAYENNE_4800CC_2018,Porsche,Cayenne,2018,4800,1
LEMON_PORSCHE_CAYENNE_3000CC_2019,Porsche,Cayenne,2019,3000,1
LEMON_PORSCHE_CAYENNE_2900CC_2019,Porsche,Cayenne,2019,2900,1
LEMON_PORSCHE_CAYENNE_4000CC_2019,Porsche,Cayenne,2019,4000,1
LEMON_PORSCHE_CAYENNE_3000CC_2020,Porsche,Cayenne,2020,3000,1
LEMON_PORSCHE_CAYENNE_4000CC_2020,Porsche,Cayenne,2020,4000,1
LEMON_PORSCHE_CAYENNE_2900CC_2020,Porsche,Cayenne,2020,2900,1
LEMON_PORSCHE_CAYENNE_3000CC_2021,Porsche,Cayenne,2021,3000,1
LEMON_PORSCHE_CAYENNE_4000CC_2021,Porsche,Cayenne,2021,4000,1
LEMON_PORSCHE_CAYENNE_2900CC_2021,Porsche,Cayenne,2021,2900,1
LEMON_PORSCHE_CAYENNE_3000CC_2022,Porsche,Cayenne,2022,3000,1
LEMON_PORSCHE_CAYENNE_4000CC_2022,Porsche,Cayenne,2022,4000,1
LEMON_PORSCHE_CAYENNE_2900CC_2022,Porsche,Cayenne,2022,2900,1
LEMON_PORSCHE_CAYENNE_3000CC_2023,Porsche,Cayenne,2023,3000,1
LEMON_PORSCHE_CAYENNE_4000CC_2023,Porsche,Cayenne,2023,4000,1
LEMON_PORSCHE_CAYENNE_2900CC_2023,Porsche,Cayenne,2023,2900,1
LEMON_PORSCHE_CAYMAN_2006,Porsche,Cayman,2006,,1
LEMON_PORSCHE_CAYMAN_2007,Porsche,Cayman,2007,,1
LEMON_PORSCHE_CAYMAN_2008,Porsche,Cayman,2008,,1
LEMON_PORSCHE_CAYMAN_2009,Porsche,Cayman,2009,,1
LEMON_PORSCHE_CAYMAN_2010,Porsche,Cayman,2010,,1
LEMON_PORSCHE_CAYMAN_2011,Porsche,Cayman,2011,,1
LEMON_PORSCHE_CAYMAN_2012,Porsche,Cayman,2012,,1
LEMON_PORSCHE_CAYMAN_2014,Porsche,Cayman,2014,,1
LEMON_PORSCHE_CAYMAN_2015_CAYMANBASEAU,Porsche,Cayman,2015,,1
LEMON_PORSCHE_CAYMAN_2015_CAYMANBASEST,Porsche,Cayman,2015,,1
LEMON_PORSCHE_CAYMAN_2015_CAYMANGTSAUT,Porsche,Cayman,2015,,1
LEMON_PORSCHE_CAYMAN_2015_CAYMANGTSSTA,Porsche,Cayman,2015,,1
LEMON_PORSCHE_CAYMAN_2015_CAYMANSSTAND,Porsche,Cayman,2015,,1
LEMON_PORSCHE_CAYMAN_2015_CAYMANSAUTOM,Porsche,Cayman,2015,,1
LEMON_PORSCHE_CAYMAN_2016,Porsche,Cayman,2016,,1
LEMON_PORSCHE_MACAN_3000CC_2015,Porsche,Macan,2015,3000,1
LEMON_PORSCHE_MACAN_3600CC_2015,Porsche,Macan,2015,3600,1
LEMON_PORSCHE_MACAN_3600CC_2016,Porsche,Macan,2016,3600,1
LEMON_PORSCHE_MACAN_3000CC_2016,Porsche,Macan,2016,3000,1
LEMON_PORSCHE_MACAN_3000CC_2017,Porsche,Macan,2017,3000,1
LEMON_PORSCHE_MACAN_2000CC_2017,Porsche,Macan,2017,2000,1
LEMON_PORSCHE_MACAN_2000CC_2018,Porsche,Macan,2018,2000,1
LEMON_PORSCHE_MACAN_3000CC_2018,Porsche,Macan,2018,3000,1
LEMON_PORSCHE_MACAN_2000CC_2019,Porsche,Macan,2019,2000,1
LEMON_PORSCHE_MACAN_3000CC_2019,Porsche,Macan,2019,3000,1
LEMON_PORSCHE_MACAN_2000CC_2020,Porsche,Macan,2020,2000,1
LEMON_PORSCHE_MACAN_2900CC_2020,Porsche,Macan,2020,2900,1
LEMON_PORSCHE_MACAN_3000CC_2020,Porsche,Macan,2020,3000,1
LEMON_PORSCHE_MACAN_2000CC_2021,Porsche,Macan,2021,2000,1
LEMON_PORSCHE_MACAN_2900CC_2021,Porsche,Macan,2021,2900,1
LEMON_PORSCHE_MACAN_3000CC_2021,Porsche,Macan,2021,3000,1
LEMON_PORSCHE_MACAN_2000CC_2022,Porsche,Macan,2022,2000,1
LEMON_PORSCHE_MACAN_2900CC_2022,Porsche,Macan,2022,2900,1
LEMON_PORSCHE_MACAN_2900CC_2023,Porsche,Macan,2023,2900,1
LEMON_PORSCHE_MACAN_2000CC_2023,Porsche,Macan,2023,2000,1
LEMON_PORSCHE_MACAN_2900CC_2024,Porsche,Macan,2024,2900,1
LEMON_PORSCHE_MACAN_2000CC_2024,Porsche,Macan,2024,2000,1
LEMON_PORSCHE_PANAMERA_2010,Porsche,Panamera,2010,,1
LEMON_PORSCHE_PANAMERA_2011,Porsche,Panamera,2011,,1
LEMON_PORSCHE_PANAMERA_2012,Porsche,Panamera,2012,,1
LEMON_PORSCHE_PANAMERA_3000CC_2012,Porsche,Panamera,2012,3000,1
LEMON_PORSCHE_PANAMERA_3600CC_2013,Porsche,Panamera,2013,3600,1
LEMON_PORSCHE_PANAMERA_4800CC_2013,Porsche,Panamera,2013,4800,1
LEMON_PORSCHE_PANAMERA_3000CC_2013,Porsche,Panamera,2013,3000,1
LEMON_PORSCHE_PANAMERA_3600CC_2014,Porsche,Panamera,2014,3600,1
LEMON_PORSCHE_PANAMERA_3000CC_2014,Porsche,Panamera,2014,3000,1
LEMON_PORSCHE_PANAMERA_4800CC_2014,Porsche,Panamera,2014,4800,1
LEMON_PORSCHE_PANAMERA_3000CC_2015,Porsche,Panamera,2015,3000,1
LEMON_PORSCHE_PANAMERA_3600CC_2015,Porsche,Panamera,2015,3600,1
LEMON_PORSCHE_PANAMERA_4800CC_2015,Porsche,Panamera,2015,4800,1
LEMON_PORSCHE_PANAMERA_3600CC_2016,Porsche,Panamera,2016,3600,1
LEMON_PORSCHE_PANAMERA_3000CC_2016,Porsche,Panamera,2016,3000,1
LEMON_PORSCHE_PANAMERA_4800CC_2016,Porsche,Panamera,2016,4800,1
LEMON_PORSCHE_PANAMERA_3000CC_2017,Porsche,Panamera,2017,3000,1
LEMON_PORSCHE_PANAMERA_2900CC_2017,Porsche,Panamera,2017,2900,1
LEMON_PORSCHE_PANAMERA_4000CC_2017,Porsche,Panamera,2017,4000,1
LEMON_PORSCHE_PANAMERA_2900CC_2018,Porsche,Panamera,2018,2900,1
LEMON_PORSCHE_PANAMERA_3000CC_2018,Porsche,Panamera,2018,3000,1
LEMON_PORSCHE_PANAMERA_4000CC_2018,Porsche,Panamera,2018,4000,1
LEMON_PORSCHE_PANAMERA_2900CC_2019,Porsche,Panamera,2019,2900,1
LEMON_PORSCHE_PANAMERA_3000CC_2019,Porsche,Panamera,2019,3000,1
LEMON_PORSCHE_PANAMERA_4000CC_2019,Porsche,Panamera,2019,4000,1
LEMON_PORSCHE_PANAMERA_2900CC_2020,Porsche,Panamera,2020,2900,1
LEMON_PORSCHE_PANAMERA_3000CC_2020,Porsche,Panamera,2020,3000,1
LEMON_PORSCHE_PANAMERA_4000CC_2020,Porsche,Panamera,2020,4000,1
LEMON_PORSCHE_PANAMERA_2900CC_2021,Porsche,Panamera,2021,2900,1
LEMON_PORSCHE_PANAMERA_4000CC_2021,Porsche,Panamera,2021,4000,1
LEMON_PORSCHE_PANAMERA_2900CC_2022,Porsche,Panamera,2022,2900,1
LEMON_PORSCHE_PANAMERA_4000CC_2022,Porsche,Panamera,2022,4000,1
LEMON_PORSCHE_PANAMERA_2900CC_2023,Porsche,Panamera,2023,2900,1
LEMON_PORSCHE_PANAMERA_4000CC_2023,Porsche,Panamera,2023,4000,1
LEMON_DODGE_1500_5700CC_2013,Ram,1500,2013,5700,1
LEMON_DODGE_1500_3600CC_VING_2013,Ram,1500,2013,3600,1
LEMON_DODGE_1500_5700CC_VINT_2013,Ram,1500,2013,5700,1
LEMON_DODGE_1500_4700CC_VINP_2013,Ram,1500,2013,4700,1
LEMON_DODGE_1500_3600CC_VING_2014,Ram,1500,2014,3600,1
LEMON_DODGE_1500_3000CC_VINM_2014,Ram,1500,2014,3000,1
LEMON_DODGE_1500_5700CC_VINT_2014,Ram,1500,2014,5700,1
LEMON_DODGE_1500_5700CC_2014,Ram,1500,2014,5700,1
LEMON_DODGE_1500_3600CC_VING_2015,Ram,1500,2015,3600,1
LEMON_DODGE_1500_5700CC_VINT_2015,Ram,1500,2015,5700,1
LEMON_DODGE_1500_3000CC_VINM_2015,Ram,1500,2015,3000,1
LEMON_DODGE_1500_5700CC_2015,Ram,1500,2015,5700,1
LEMON_DODGE_1500_3600CC_2015,Ram,1500,2015,3600,1
LEMON_DODGE_1500_3600CC_VING_2016,Ram,1500,2016,3600,1
LEMON_DODGE_1500_5700CC_VINT_2016,Ram,1500,2016,5700,1
LEMON_DODGE_1500_3000CC_VINM_2016,Ram,1500,2016,3000,1
LEMON_DODGE_1500_3600CC_2016,Ram,1500,2016,3600,1
LEMON_DODGE_1500_3000CC_2016,Ram,1500,2016,3000,1
LEMON_DODGE_1500_5700CC_2016,Ram,1500,2016,5700,1
LEMON_DODGE_1500_5700CC_VINT_2017,Ram,1500,2017,5700,1
LEMON_DODGE_1500_3000CC_VINM_2017,Ram,1500,2017,3000,1
LEMON_DODGE_1500_3600CC_VING_2017,Ram,1500,2017,3600,1
LEMON_DODGE_1500_3600CC_2017,Ram,1500,2017,3600,1
LEMON_DODGE_1500_3000CC_2017,Ram,1500,2017,3000,1
LEMON_DODGE_1500_5700CC_2017,Ram,1500,2017,5700,1
LEMON_DODGE_1500_3000CC_VINM_2018,Ram,1500,2018,3000,1
LEMON_DODGE_1500_5700CC_VINT_2018,Ram,1500,2018,5700,1
LEMON_DODGE_1500_3600CC_VING_2018,Ram,1500,2018,3600,1
LEMON_DODGE_1500_3000CC_2018,Ram,1500,2018,3000,1
LEMON_DODGE_1500_5700CC_2018,Ram,1500,2018,5700,1
LEMON_DODGE_1500_3600CC_VING_2019,Ram,1500,2019,3600,1
LEMON_DODGE_1500_5700CC_VINT_2019,Ram,1500,2019,5700,1
LEMON_DODGE_1500_3000CC_2019,Ram,1500,2019,3000,1
LEMON_DODGE_1500_5700CC_2019,Ram,1500,2019,5700,1
LEMON_DODGE_1500_3000CC_VINM_2019,Ram,1500,2019,3000,1
LEMON_DODGE_1500_3600CC_VING_2020,Ram,1500,2020,3600,1
LEMON_DODGE_1500_3000CC_VINM_2020,Ram,1500,2020,3000,1
LEMON_DODGE_1500_3600CC_2020,Ram,1500,2020,3600,1
LEMON_DODGE_1500_5700CC_VINT_2020,Ram,1500,2020,5700,1
LEMON_DODGE_1500_5700CC_2020,Ram,1500,2020,5700,1
LEMON_DODGE_1500_3000CC_VINM_2021,Ram,1500,2021,3000,1
LEMON_DODGE_1500_3600CC_VING_2021,Ram,1500,2021,3600,1
LEMON_DODGE_1500_3600CC_2021,Ram,1500,2021,3600,1
LEMON_DODGE_1500_6200CC_2021,Ram,1500,2021,6200,1
LEMON_DODGE_1500_5700CC_VINT_2021,Ram,1500,2021,5700,1
LEMON_DODGE_1500_5700CC_2021,Ram,1500,2021,5700,1
LEMON_DODGE_1500_3000CC_VINM_2022,Ram,1500,2022,3000,1
LEMON_DODGE_1500_3600CC_VING_2022,Ram,1500,2022,3600,1
LEMON_DODGE_1500_3000CC_2022,Ram,1500,2022,3000,1
LEMON_DODGE_1500_3600CC_2022,Ram,1500,2022,3600,1
LEMON_DODGE_1500_6200CC_2022,Ram,1500,2022,6200,1
LEMON_DODGE_1500_5700CC_VINT_2022,Ram,1500,2022,5700,1
LEMON_DODGE_1500_5700CC_2022,Ram,1500,2022,5700,1
LEMON_DODGE_1500_3600CC_VING_2023,Ram,1500,2023,3600,1
LEMON_DODGE_1500_3000CC_VINM_2023,Ram,1500,2023,3000,1
LEMON_DODGE_1500_3000CC_2023,Ram,1500,2023,3000,1
LEMON_DODGE_1500_3600CC_2023,Ram,1500,2023,3600,1
LEMON_DODGE_1500_6200CC_2023,Ram,1500,2023,6200,1
LEMON_DODGE_1500_5700CC_VINT_2023,Ram,1500,2023,5700,1
LEMON_DODGE_1500_5700CC_2023,Ram,1500,2023,5700,1
LEMON_DODGE_1500_3600CC_VING_2024,Ram,1500,2024,3600,1
LEMON_DODGE_1500_5700CC_VINT_2024,Ram,1500,2024,5700,1
LEMON_DODGE_1500_3600CC_2024,Ram,1500,2024,3600,1
LEMON_DODGE_1500_6200CC_2024,Ram,1500,2024,6200,1
LEMON_DODGE_1500_5700CC_2024,Ram,1500,2024,5700,1
LEMON_DODGE_1500_3000CC_VINP_2025,Ram,1500,2025,3000,1
LEMON_DODGE_1500_3600CC_VING_2025,Ram,1500,2025,3600,1
LEMON_DODGE_1500_3000CC_2025,Ram,1500,2025,3000,1
LEMON_DODGE_1500_3600CC_2025,Ram,1500,2025,3600,1
LEMON_DODGE_2500_5700CC_VINT_2013,Ram,2500,2013,5700,1
LEMON_DODGE_2500_6700CC_VINL_2013,Ram,2500,2013,6700,1
LEMON_DODGE_2500_5700CC_2013,Ram,2500,2013,5700,1
LEMON_DODGE_2500_5700CC_VIN2_2013,Ram,2500,2013,5700,1
LEMON_DODGE_2500_5700CC_VINT_2014,Ram,2500,2014,5700,1
LEMON_DODGE_2500_6700CC_VINL_2014,Ram,2500,2014,6700,1
LEMON_DODGE_2500_6400CC_VINJ_2014,Ram,2500,2014,6400,1
LEMON_DODGE_2500_6400CC_2014,Ram,2500,2014,6400,1
LEMON_DODGE_2500_5700CC_VIN2_2014,Ram,2500,2014,5700,1
LEMON_DODGE_2500_5700CC_VINT_2015,Ram,2500,2015,5700,1
LEMON_DODGE_2500_6400CC_VINJ_2015,Ram,2500,2015,6400,1
LEMON_DODGE_2500_6700CC_VINL_2015,Ram,2500,2015,6700,1
LEMON_DODGE_2500_6400CC_2015,Ram,2500,2015,6400,1
LEMON_DODGE_2500_5700CC_VIN2_2015,Ram,2500,2015,5700,1
LEMON_DODGE_2500_5700CC_VINT_2016,Ram,2500,2016,5700,1
LEMON_DODGE_2500_6400CC_VINJ_2016,Ram,2500,2016,6400,1
LEMON_DODGE_2500_6700CC_VINL_2016,Ram,2500,2016,6700,1
LEMON_DODGE_2500_6400CC_2016,Ram,2500,2016,6400,1
LEMON_DODGE_2500_5700CC_VIN2_2016,Ram,2500,2016,5700,1
LEMON_DODGE_2500_5700CC_VINT_2017,Ram,2500,2017,5700,1
LEMON_DODGE_2500_6400CC_VINJ_2017,Ram,2500,2017,6400,1
LEMON_DODGE_2500_6700CC_VINL_2017,Ram,2500,2017,6700,1
LEMON_DODGE_2500_6400CC_2017,Ram,2500,2017,6400,1
LEMON_DODGE_2500_5700CC_VIN2_2017,Ram,2500,2017,5700,1
LEMON_DODGE_2500_5700CC_VINT_2018,Ram,2500,2018,5700,1
LEMON_DODGE_2500_6400CC_VINJ_2018,Ram,2500,2018,6400,1
LEMON_DODGE_2500_6700CC_VINL_2018,Ram,2500,2018,6700,1
LEMON_DODGE_2500_5700CC_VIN2_2018,Ram,2500,2018,5700,1
LEMON_DODGE_2500_6400CC_2018,Ram,2500,2018,6400,1
LEMON_DODGE_2500_6400CC_VINJ_2019,Ram,2500,2019,6400,1
LEMON_DODGE_2500_6700CC_VINL_2019,Ram,2500,2019,6700,1
LEMON_DODGE_2500_6400CC_2019,Ram,2500,2019,6400,1
LEMON_DODGE_2500_6400CC_VINJ_2020,Ram,2500,2020,6400,1
LEMON_DODGE_2500_6700CC_VINL_2020,Ram,2500,2020,6700,1
LEMON_DODGE_2500_6400CC_2020,Ram,2500,2020,6400,1
LEMON_DODGE_2500_6400CC_VINJ_2021,Ram,2500,2021,6400,1
LEMON_DODGE_2500_6700CC_VINL_2021,Ram,2500,2021,6700,1
LEMON_DODGE_2500_6400CC_2021,Ram,2500,2021,6400,1
LEMON_DODGE_2500_6400CC_VINJ_2022,Ram,2500,2022,6400,1
LEMON_DODGE_2500_6700CC_VINL_2022,Ram,2500,2022,6700,1
LEMON_DODGE_2500_6400CC_2022,Ram,2500,2022,6400,1
LEMON_DODGE_2500_6400CC_VINJ_2023,Ram,2500,2023,6400,1
LEMON_DODGE_2500_6700CC_VINL_2023,Ram,2500,2023,6700,1
LEMON_DODGE_2500_6400CC_2023,Ram,2500,2023,6400,1
LEMON_DODGE_2500_6400CC_VINJ_2024,Ram,2500,2024,6400,1
LEMON_DODGE_2500_6700CC_VINL_2024,Ram,2500,2024,6700,1
LEMON_DODGE_2500_6400CC_2024,Ram,2500,2024,6400,1
LEMON_DODGE_2500_6400CC_VINJ_2025,Ram,2500,2025,6400,1
LEMON_DODGE_2500_6700CC_VINL_2025,Ram,2500,2025,6700,1
LEMON_DODGE_2500_6700CC_2025,Ram,2500,2025,6700,1
LEMON_DODGE_2500_6400CC_2025,Ram,2500,2025,6400,1
LEMON_DODGE_3500_5700CC_VINT_2013,Ram,3500,2013,5700,1
LEMON_DODGE_3500_6700CC_VINL_2013,Ram,3500,2013,6700,1
LEMON_DODGE_3500_5700CC_VINT_2014,Ram,3500,2014,5700,1
LEMON_DODGE_3500_6400CC_VINJ_2014,Ram,3500,2014,6400,1
LEMON_DODGE_3500_6700CC_VINL_2014,Ram,3500,2014,6700,1
LEMON_DODGE_3500_6400CC_VINJ_2015,Ram,3500,2015,6400,1
LEMON_DODGE_3500_5700CC_VINT_2015,Ram,3500,2015,5700,1
LEMON_DODGE_3500_6700CC_VINL_2015,Ram,3500,2015,6700,1
LEMON_DODGE_3500_5700CC_VINT_2016,Ram,3500,2016,5700,1
LEMON_DODGE_3500_6400CC_VINJ_2016,Ram,3500,2016,6400,1
LEMON_DODGE_3500_6700CC_VINL_2016,Ram,3500,2016,6700,1
LEMON_DODGE_3500_5700CC_VINT_2017,Ram,3500,2017,5700,1
LEMON_DODGE_3500_6400CC_VINJ_2017,Ram,3500,2017,6400,1
LEMON_DODGE_3500_6700CC_VINL_2017,Ram,3500,2017,6700,1
LEMON_DODGE_3500_5700CC_VINT_2018,Ram,3500,2018,5700,1
LEMON_DODGE_3500_6400CC_VINJ_2018,Ram,3500,2018,6400,1
LEMON_DODGE_3500_6700CC_VINL_2018,Ram,3500,2018,6700,1
LEMON_DODGE_3500_6400CC_VINJ_2019,Ram,3500,2019,6400,1
LEMON_DODGE_3500_6700CC_VINL_2019,Ram,3500,2019,6700,1
LEMON_DODGE_3500_6400CC_VINJ_2020,Ram,3500,2020,6400,1
LEMON_DODGE_3500_6700CC_VINL_2020,Ram,3500,2020,6700,1
LEMON_DODGE_3500_6400CC_VINJ_2021,Ram,3500,2021,6400,1
LEMON_DODGE_3500_6700CC_VINL_2021,Ram,3500,2021,6700,1
LEMON_DODGE_3500_6400CC_VINJ_2022,Ram,3500,2022,6400,1
LEMON_DODGE_3500_6700CC_VINL_2022,Ram,3500,2022,6700,1
LEMON_DODGE_3500_6400CC_VINJ_2023,Ram,3500,2023,6400,1
LEMON_DODGE_3500_6700CC_VINL_2023,Ram,3500,2023,6700,1
LEMON_DODGE_3500_6400CC_VINJ_2024,Ram,3500,2024,6400,1
LEMON_DODGE_3500_6700CC_VINL_2024,Ram,3500,2024,6700,1
LEMON_DODGE_3500_6400CC_VINJ_2025,Ram,3500,2025,6400,1
LEMON_DODGE_3500_6700CC_VINL_2025,Ram,3500,2025,6700,1
LEMON_DODGE_3500_6700CC_2025,Ram,3500,2025,6700,1
LEMON_RAM_RAM_3900CC_2000,Ram,Ram,2000,3900,1
LEMON_RAM_RAM_5200CC_2000,Ram,Ram,2000,5200,1
LEMON_RAM_RAM_5900CC_2000,Ram,Ram,2000,5900,1
LEMON_RAM_RAM_3900CC_2001,Ram,Ram,2001,3900,1
LEMON_RAM_RAM_5900CC_2001,Ram,Ram,2001,5900,1
LEMON_RAM_RAM_5200CC_2001,Ram,Ram,2001,5200,1
LEMON_RAM_RAM_5200CC_2002,Ram,Ram,2002,5200,1
LEMON_RAM_RAM_3900CC_2002,Ram,Ram,2002,3900,1
LEMON_RAM_RAM_5900CC_2002,Ram,Ram,2002,5900,1
LEMON_RAM_RAM_3900CC_2003,Ram,Ram,2003,3900,1
LEMON_RAM_RAM_5200CC_2003,Ram,Ram,2003,5200,1
LEMON_RAM_RAM_5900CC_2003,Ram,Ram,2003,5900,1
LEMON_SAAB_9-2X_2000CC_2005,Saab,9-2X,2005,2000,1
LEMON_SAAB_9-2X_2500CC_2005,Saab,9-2X,2005,2500,1
LEMON_SAAB_9_2X_2006,Saab,9-2X,2006,,1
LEMON_SAAB_9-3_2000CC_2005,Saab,9-3,2005,2000,1
LEMON_SAAB_9-3_2000CC_2006,Saab,9-3,2006,2000,1
LEMON_SAAB_9-3_2800CC_2006,Saab,9-3,2006,2800,1
LEMON_SAAB_9-3_2000CC_2007,Saab,9-3,2007,2000,1
LEMON_SAAB_9-3_2800CC_2007,Saab,9-3,2007,2800,1
LEMON_SAAB_9-3_2000CC_2008,Saab,9-3,2008,2000,1
LEMON_SAAB_9-3_2800CC_2008,Saab,9-3,2008,2800,1
LEMON_SAAB_9_3_2011,Saab,9-3,2011,,1
LEMON_SAAB_9-3_2000CC_VINR_2012,Saab,9-3,2012,2000,1
LEMON_SAAB_9_3_2012,Saab,9-3,2012,,1
LEMON_SAAB_9-3_2000CC_VINZ_2012,Saab,9-3,2012,2000,1
LEMON_SAAB_9_3X_2011,Saab,9-3X,2011,,1
LEMON_SAAB_9_3X_2012,Saab,9-3X,2012,,1
LEMON_SAAB_9_4X_2011,Saab,9-4X,2011,,1
LEMON_SAAB_9_5_2005,Saab,9-5,2005,,1
LEMON_SAAB_9_5_2006,Saab,9-5,2006,,1
LEMON_SAAB_9_5_2007,Saab,9-5,2007,,1
LEMON_SAAB_9_5_2008,Saab,9-5,2008,,1
LEMON_SAAB_9_5_2011,Saab,9-5,2011,,1
LEMON_SAAB_9-7X_5300CC_2005,Saab,9-7X,2005,5300,1
LEMON_SAAB_9-7X_4200CC_2005,Saab,9-7X,2005,4200,1
LEMON_SAAB_9-7X_4200CC_2006,Saab,9-7X,2006,4200,1
LEMON_SAAB_9-7X_5300CC_2006,Saab,9-7X,2006,5300,1
LEMON_SAAB_9-7X_4200CC_2007,Saab,9-7X,2007,4200,1
LEMON_SAAB_9-7X_5300CC_2007,Saab,9-7X,2007,5300,1
LEMON_SAAB_9-7X_5300CC_2008,Saab,9-7X,2008,5300,1
LEMON_SAAB_9-7X_4200CC_2008,Saab,9-7X,2008,4200,1
LEMON_SAAB_9-7X_6000CC_2008,Saab,9-7X,2008,6000,1
LEMON_SAAB_9-7X_4200CC_2009,Saab,9-7X,2009,4200,1
LEMON_SAAB_9-7X_5300CC_2009,Saab,9-7X,2009,5300,1
LEMON_SAAB_9-7X_6000CC_2009,Saab,9-7X,2009,6000,1
LEMON_SATURN_ASTRA_2008,Saturn,Astra,2008,,1
LEMON_SATURN_ASTRA_2009,Saturn,Astra,2009,,1
LEMON_SATURN_AURA_2400CC_2007,Saturn,Aura,2007,2400,1
LEMON_SATURN_AURA_3500CC_2007,Saturn,Aura,2007,3500,1
LEMON_SATURN_AURA_3600CC_2007,Saturn,Aura,2007,3600,1
LEMON_SATURN_AURA_2400CC_2008,Saturn,Aura,2008,2400,1
LEMON_SATURN_AURA_3500CC_2008,Saturn,Aura,2008,3500,1
LEMON_SATURN_AURA_3600CC_2008,Saturn,Aura,2008,3600,1
LEMON_SATURN_AURA_2400CC_2009,Saturn,Aura,2009,2400,1
LEMON_SATURN_AURA_3600CC_2009,Saturn,Aura,2009,3600,1
LEMON_SATURN_ION_2005,Saturn,Ion,2005,,1
LEMON_SATURN_ION_2200CC_2006,Saturn,Ion,2006,2200,1
LEMON_SATURN_ION_2006,Saturn,Ion,2006,,1
LEMON_SATURN_ION_2400CC_2006,Saturn,Ion,2006,2400,1
LEMON_SATURN_ION_2007,Saturn,Ion,2007,,1
LEMON_SATURN_ION_2200CC_2007,Saturn,Ion,2007,2200,1
LEMON_SATURN_ION_2400CC_2007,Saturn,Ion,2007,2400,1
LEMON_SATURN_L300_2005,Saturn,L300,2005,,1
LEMON_SATURN_OUTLOOK_2007,Saturn,Outlook,2007,,1
LEMON_SATURN_OUTLOOK_2008,Saturn,Outlook,2008,,1
LEMON_SATURN_OUTLOOK_2009,Saturn,Outlook,2009,,1
LEMON_SATURN_OUTLOOK_2010,Saturn,Outlook,2010,,1
LEMON_SATURN_RELAY_2005,Saturn,Relay,2005,,1
LEMON_SATURN_RELAY_2006,Saturn,Relay,2006,,1
LEMON_SATURN_RELAY_2007,Saturn,Relay,2007,,1
LEMON_SATURN_SKY_2400CC_2007,Saturn,Sky,2007,2400,1
LEMON_SATURN_SKY_2000CC_2007,Saturn,Sky,2007,2000,1
LEMON_SATURN_SKY_2400CC_2008,Saturn,Sky,2008,2400,1
LEMON_SATURN_SKY_2000CC_2008,Saturn,Sky,2008,2000,1
LEMON_SATURN_SKY_2400CC_2009,Saturn,Sky,2009,2400,1
LEMON_SATURN_SKY_2000CC_2009,Saturn,Sky,2009,2000,1
LEMON_SATURN_SKY_2400CC_2010,Saturn,Sky,2010,2400,1
LEMON_SATURN_SKY_2000CC_2010,Saturn,Sky,2010,2000,1
LEMON_SATURN_VUE_2200CC_2005,Saturn,Vue,2005,2200,1
LEMON_SATURN_VUE_3500CC_2005,Saturn,Vue,2005,3500,1
LEMON_SATURN_VUE_2200CC_2006,Saturn,Vue,2006,2200,1
LEMON_SATURN_VUE_3500CC_2006,Saturn,Vue,2006,3500,1
LEMON_SATURN_VUE_2200CC_2007,Saturn,Vue,2007,2200,1
LEMON_SATURN_VUE_3500CC_2007,Saturn,Vue,2007,3500,1
LEMON_SATURN_VUE_2400CC_2007,Saturn,Vue,2007,2400,1
LEMON_SATURN_VUE_2400CC_2008,Saturn,Vue,2008,2400,1
LEMON_SATURN_VUE_3600CC_2008,Saturn,Vue,2008,3600,1
LEMON_SATURN_VUE_3500CC_2008,Saturn,Vue,2008,3500,1
LEMON_SATURN_VUE_3600CC_2009,Saturn,Vue,2009,3600,1
LEMON_SATURN_VUE_2400CC_2009,Saturn,Vue,2009,2400,1
LEMON_SATURN_VUE_3500CC_2009,Saturn,Vue,2009,3500,1
LEMON_SATURN_VUE_3500CC_2010,Saturn,Vue,2010,3500,1
LEMON_SATURN_VUE_3600CC_2010,Saturn,Vue,2010,3600,1
LEMON_SATURN_VUE_2400CC_2010,Saturn,Vue,2010,2400,1
LEMON_SCION_FR_S_2013,Scion,FR-S,2013,,1
LEMON_SCION_FR_S_2014,Scion,FR-S,2014,,1
LEMON_SCION_FR_S_2015_FRSAUTOMATIC,Scion,FR-S,2015,,1
LEMON_SCION_FR_S_2015_FRSSTANDARDT,Scion,FR-S,2015,,1
LEMON_SCION_FR_S_2016,Scion,FR-S,2016,,1
LEMON_SCION_IA_2016,Scion,iA,2016,,1
LEMON_SCION_IM_2016,Scion,iM,2016,,1
LEMON_SCION_IQ_2012,Scion,iQ,2012,,1
LEMON_SCION_IQ_2013,Scion,iQ,2013,,1
LEMON_SCION_IQ_2014,Scion,iQ,2014,,1
LEMON_SCION_IQ_2015_IQ,Scion,iQ,2015,,1
LEMON_SCION_TC_2005,Scion,tC,2005,,1
LEMON_SCION_TC_2006,Scion,tC,2006,,1
LEMON_SCION_TC_2007,Scion,tC,2007,,1
LEMON_SCION_TC_2008,Scion,tC,2008,,1
LEMON_SCION_TC_2009,Scion,tC,2009,,1
LEMON_SCION_TC_2010,Scion,tC,2010,,1
LEMON_SCION_TC_2011,Scion,tC,2011,,1
LEMON_SCION_TC_2012,Scion,tC,2012,,1
LEMON_SCION_TC_2013,Scion,tC,2013,,1
LEMON_SCION_TC_2014,Scion,tC,2014,,1
LEMON_SCION_TC_2015_TCSTANDARDTR,Scion,tC,2015,,1
LEMON_SCION_TC_2015_TCAUTOMATICT,Scion,tC,2015,,1
LEMON_SCION_TC_2016,Scion,tC,2016,,1
LEMON_SCION_XA_2005,Scion,xA,2005,,1
LEMON_SCION_XA_2006,Scion,xA,2006,,1
LEMON_SCION_XB_2005,Scion,xB,2005,,1
LEMON_SCION_XB_2006,Scion,xB,2006,,1
LEMON_SCION_XB_2008,Scion,xB,2008,,1
LEMON_SCION_XB_2009,Scion,xB,2009,,1
LEMON_SCION_XB_2010,Scion,xB,2010,,1
LEMON_SCION_XB_2011,Scion,xB,2011,,1
LEMON_SCION_XB_2012,Scion,xB,2012,,1
LEMON_SCION_XB_2013,Scion,xB,2013,,1
LEMON_SCION_XB_2014,Scion,xB,2014,,1
LEMON_SCION_XB_2015_XBAUTOMATICT,Scion,xB,2015,,1
LEMON_SCION_XB_2015_XBSTANDARDTR,Scion,xB,2015,,1
LEMON_SCION_XD_2008,Scion,xD,2008,,1
LEMON_SCION_XD_2009,Scion,xD,2009,,1
LEMON_SCION_XD_2010,Scion,xD,2010,,1
LEMON_SCION_XD_2011,Scion,xD,2011,,1
LEMON_SCION_XD_2012,Scion,xD,2012,,1
LEMON_SCION_XD_2013,Scion,xD,2013,,1
LEMON_SCION_XD_2014,Scion,xD,2014,,1
LEMON_SMART_FORTWO_2008,Smart,Fortwo,2008,,1
LEMON_SMART_FORTWO_2009,Smart,Fortwo,2009,,1
LEMON_SMART_FORTWO_2010,Smart,Fortwo,2010,,1
LEMON_SMART_FORTWO_2011,Smart,Fortwo,2011,,1
LEMON_SMART_FORTWO_2012,Smart,Fortwo,2012,,1
LEMON_SMART_FORTWO_2013,Smart,Fortwo,2013,,1
LEMON_SMART_FORTWO_2014,Smart,Fortwo,2014,,1
LEMON_SMART_FORTWO_2015_FORTWOPASSIO,Smart,Fortwo,2015,,1
LEMON_SMART_FORTWO_2015_FORTWOELECTR,Smart,Fortwo,2015,,1
LEMON_SMART_FORTWO_2015_FORTWOPURE,Smart,Fortwo,2015,,1
LEMON_SMART_FORTWO_2016,Smart,Fortwo,2016,,1
LEMON_SMART_FORTWO_2017,Smart,Fortwo,2017,,1
LEMON_SUBARU_ASCENT_2019,Subaru,Ascent,2019,,1
LEMON_SUBARU_ASCENT_2020,Subaru,Ascent,2020,,1
LEMON_SUBARU_ASCENT_2021,Subaru,Ascent,2021,,1
LEMON_SUBARU_ASCENT_2022,Subaru,Ascent,2022,,1
LEMON_SUBARU_ASCENT_2023,Subaru,Ascent,2023,,1
LEMON_SUBARU_ASCENT_2024,Subaru,Ascent,2024,,1
LEMON_SUBARU_ASCENT_2025,Subaru,Ascent,2025,,1
LEMON_SUBARU_B9_2006,Subaru,B9,2006,,1
LEMON_SUBARU_B9_2007,Subaru,B9,2007,,1
LEMON_SUBARU_BRZ_2013,Subaru,BRZ,2013,,1
LEMON_SUBARU_BRZ_2014,Subaru,BRZ,2014,,1
LEMON_SUBARU_BRZ_2015_BRZLIMITEDST,Subaru,BRZ,2015,,1
LEMON_SUBARU_BRZ_2015_BRZPREMIUM,Subaru,BRZ,2015,,1
LEMON_SUBARU_BRZ_2015_BRZSERIESBLU,Subaru,BRZ,2015,,1
LEMON_SUBARU_BRZ_2015_BRZLIMITEDAU,Subaru,BRZ,2015,,1
LEMON_SUBARU_BRZ_2016,Subaru,BRZ,2016,,1
LEMON_SUBARU_BRZ_2017,Subaru,BRZ,2017,,1
LEMON_SUBARU_BRZ_2018,Subaru,BRZ,2018,,1
LEMON_SUBARU_BRZ_2019,Subaru,BRZ,2019,,1
LEMON_SUBARU_BRZ_2020,Subaru,BRZ,2020,,1
LEMON_SUBARU_BRZ_2022,Subaru,BRZ,2022,,1
LEMON_SUBARU_BRZ_2023,Subaru,BRZ,2023,,1
LEMON_SUBARU_BRZ_2024,Subaru,BRZ,2024,,1
LEMON_SUBARU_BRZ_2025,Subaru,BRZ,2025,,1
LEMON_SUBARU_BAJA_2005,Subaru,Baja,2005,,1
LEMON_SUBARU_BAJA_2006,Subaru,Baja,2006,,1
LEMON_SUBARU_CROSSTREK_2000CC_2016,Subaru,Crosstrek,2016,2000,1
LEMON_SUBARU_CROSSTREK_2017,Subaru,Crosstrek,2017,,1
LEMON_SUBARU_CROSSTREK_2018,Subaru,Crosstrek,2018,,1
LEMON_SUBARU_CROSSTREK_2019,Subaru,Crosstrek,2019,,1
LEMON_SUBARU_CROSSTREK_2020,Subaru,Crosstrek,2020,,1
LEMON_SUBARU_CROSSTREK_2000CC_2021,Subaru,Crosstrek,2021,2000,1
LEMON_SUBARU_CROSSTREK_2500CC_2021,Subaru,Crosstrek,2021,2500,1
LEMON_SUBARU_CROSSTREK_2000CC_2022,Subaru,Crosstrek,2022,2000,1
LEMON_SUBARU_CROSSTREK_2500CC_2022,Subaru,Crosstrek,2022,2500,1
LEMON_SUBARU_CROSSTREK_2000CC_2023,Subaru,Crosstrek,2023,2000,1
LEMON_SUBARU_CROSSTREK_2500CC_2023,Subaru,Crosstrek,2023,2500,1
LEMON_SUBARU_CROSSTREK_2500CC_2024,Subaru,Crosstrek,2024,2500,1
LEMON_SUBARU_CROSSTREK_2000CC_2024,Subaru,Crosstrek,2024,2000,1
LEMON_SUBARU_CROSSTREK_2000CC_2025,Subaru,Crosstrek,2025,2000,1
LEMON_SUBARU_CROSSTREK_2500CC_2025,Subaru,Crosstrek,2025,2500,1
LEMON_SUBARU_FORESTER_2005,Subaru,Forester,2005,,1
LEMON_SUBARU_FORESTER_2006,Subaru,Forester,2006,,1
LEMON_SUBARU_FORESTER_2007,Subaru,Forester,2007,,1
LEMON_SUBARU_FORESTER_2008,Subaru,Forester,2008,,1
LEMON_SUBARU_FORESTER_2009,Subaru,Forester,2009,,1
LEMON_SUBARU_FORESTER_2010,Subaru,Forester,2010,,1
LEMON_SUBARU_FORESTER_2011,Subaru,Forester,2011,,1
LEMON_SUBARU_FORESTER_2012,Subaru,Forester,2012,,1
LEMON_SUBARU_FORESTER_2013,Subaru,Forester,2013,,1
LEMON_SUBARU_FORESTER_2000CC_2014,Subaru,Forester,2014,2000,1
LEMON_SUBARU_FORESTER_2000CC_2015,Subaru,Forester,2015,2000,1
LEMON_SUBARU_FORESTER_2000CC_2016,Subaru,Forester,2016,2000,1
LEMON_SUBARU_FORESTER_2000CC_2017,Subaru,Forester,2017,2000,1
LEMON_SUBARU_FORESTER_2500CC_2018,Subaru,Forester,2018,2500,1
LEMON_SUBARU_FORESTER_2000CC_2018,Subaru,Forester,2018,2000,1
LEMON_SUBARU_FORESTER_2019,Subaru,Forester,2019,,1
LEMON_SUBARU_FORESTER_2020,Subaru,Forester,2020,,1
LEMON_SUBARU_FORESTER_2021,Subaru,Forester,2021,,1
LEMON_SUBARU_FORESTER_2022,Subaru,Forester,2022,,1
LEMON_SUBARU_FORESTER_2023,Subaru,Forester,2023,,1
LEMON_SUBARU_FORESTER_2024,Subaru,Forester,2024,,1
LEMON_SUBARU_FORESTER_2025,Subaru,Forester,2025,,1
LEMON_SUBARU_IMPREZA_2500CC_2005,Subaru,Impreza,2005,2500,1
LEMON_SUBARU_IMPREZA_2000CC_2005,Subaru,Impreza,2005,2000,1
LEMON_SUBARU_IMPREZA_2006,Subaru,Impreza,2006,,1
LEMON_SUBARU_IMPREZA_2007,Subaru,Impreza,2007,,1
LEMON_SUBARU_IMPREZA_2008,Subaru,Impreza,2008,,1
LEMON_SUBARU_IMPREZA_2009,Subaru,Impreza,2009,,1
LEMON_SUBARU_IMPREZA_2010,Subaru,Impreza,2010,,1
LEMON_SUBARU_IMPREZA_2011,Subaru,Impreza,2011,,1
LEMON_SUBARU_IMPREZA_2000CC_2012,Subaru,Impreza,2012,2000,1
LEMON_SUBARU_IMPREZA_2500CC_2012,Subaru,Impreza,2012,2500,1
LEMON_SUBARU_IMPREZA_2000CC_2013,Subaru,Impreza,2013,2000,1
LEMON_SUBARU_IMPREZA_2500CC_2013,Subaru,Impreza,2013,2500,1
LEMON_SUBARU_IMPREZA_2014,Subaru,Impreza,2014,,1
LEMON_SUBARU_IMPREZA_2015_IMPREZA20I4D,Subaru,Impreza,2015,,1
LEMON_SUBARU_IMPREZA_2015_IMPREZABASE4,Subaru,Impreza,2015,,1
LEMON_SUBARU_IMPREZA_2015_IMPREZALIMIT,Subaru,Impreza,2015,,1
LEMON_SUBARU_IMPREZA_2015_IMPREZAPREMI,Subaru,Impreza,2015,,1
LEMON_SUBARU_IMPREZA_2015_IMPREZASPORT,Subaru,Impreza,2015,,1
LEMON_SUBARU_IMPREZA_2016,Subaru,Impreza,2016,,1
LEMON_SUBARU_IMPREZA_2017,Subaru,Impreza,2017,,1
LEMON_SUBARU_IMPREZA_2018,Subaru,Impreza,2018,,1
LEMON_SUBARU_IMPREZA_2019,Subaru,Impreza,2019,,1
LEMON_SUBARU_IMPREZA_2020,Subaru,Impreza,2020,,1
LEMON_SUBARU_IMPREZA_2021,Subaru,Impreza,2021,,1
LEMON_SUBARU_IMPREZA_2022,Subaru,Impreza,2022,,1
LEMON_SUBARU_IMPREZA_2023,Subaru,Impreza,2023,,1
LEMON_SUBARU_IMPREZA_2500CC_2024,Subaru,Impreza,2024,2500,1
LEMON_SUBARU_IMPREZA_2000CC_2024,Subaru,Impreza,2024,2000,1
LEMON_SUBARU_IMPREZA_2000CC_2025,Subaru,Impreza,2025,2000,1
LEMON_SUBARU_IMPREZA_2500CC_2025,Subaru,Impreza,2025,2500,1
LEMON_SUBARU_LEGACY_2005,Subaru,Legacy,2005,,1
LEMON_SUBARU_LEGACY_2006,Subaru,Legacy,2006,,1
LEMON_SUBARU_LEGACY_2007,Subaru,Legacy,2007,,1
LEMON_SUBARU_LEGACY_2500CC_2008,Subaru,Legacy,2008,2500,1
LEMON_SUBARU_LEGACY_3000CC_2008,Subaru,Legacy,2008,3000,1
LEMON_SUBARU_LEGACY_2500CC_2009,Subaru,Legacy,2009,2500,1
LEMON_SUBARU_LEGACY_3000CC_2009,Subaru,Legacy,2009,3000,1
LEMON_SUBARU_LEGACY_2500CC_2010,Subaru,Legacy,2010,2500,1
LEMON_SUBARU_LEGACY_3600CC_2010,Subaru,Legacy,2010,3600,1
LEMON_SUBARU_LEGACY_2500CC_2011,Subaru,Legacy,2011,2500,1
LEMON_SUBARU_LEGACY_3600CC_2011,Subaru,Legacy,2011,3600,1
LEMON_SUBARU_LEGACY_2500CC_2012,Subaru,Legacy,2012,2500,1
LEMON_SUBARU_LEGACY_3600CC_2012,Subaru,Legacy,2012,3600,1
LEMON_SUBARU_LEGACY_2500CC_2013,Subaru,Legacy,2013,2500,1
LEMON_SUBARU_LEGACY_3600CC_2013,Subaru,Legacy,2013,3600,1
LEMON_SUBARU_LEGACY_2500CC_2014,Subaru,Legacy,2014,2500,1
LEMON_SUBARU_LEGACY_3600CC_2014,Subaru,Legacy,2014,3600,1
LEMON_SUBARU_LEGACY_2500CC_2015,Subaru,Legacy,2015,2500,1
LEMON_SUBARU_LEGACY_3600CC_2015,Subaru,Legacy,2015,3600,1
LEMON_SUBARU_LEGACY_2500CC_2016,Subaru,Legacy,2016,2500,1
LEMON_SUBARU_LEGACY_3600CC_2016,Subaru,Legacy,2016,3600,1
LEMON_SUBARU_LEGACY_2500CC_2017,Subaru,Legacy,2017,2500,1
LEMON_SUBARU_LEGACY_3600CC_2017,Subaru,Legacy,2017,3600,1
LEMON_SUBARU_LEGACY_2500CC_2018,Subaru,Legacy,2018,2500,1
LEMON_SUBARU_LEGACY_3600CC_2018,Subaru,Legacy,2018,3600,1
LEMON_SUBARU_LEGACY_2500CC_2019,Subaru,Legacy,2019,2500,1
LEMON_SUBARU_LEGACY_3600CC_2019,Subaru,Legacy,2019,3600,1
LEMON_SUBARU_LEGACY_2500CC_2020,Subaru,Legacy,2020,2500,1
LEMON_SUBARU_LEGACY_2400CC_2020,Subaru,Legacy,2020,2400,1
LEMON_SUBARU_LEGACY_2400CC_2021,Subaru,Legacy,2021,2400,1
LEMON_SUBARU_LEGACY_2500CC_2021,Subaru,Legacy,2021,2500,1
LEMON_SUBARU_LEGACY_2500CC_2022,Subaru,Legacy,2022,2500,1
LEMON_SUBARU_LEGACY_2400CC_2022,Subaru,Legacy,2022,2400,1
LEMON_SUBARU_LEGACY_2500CC_2023,Subaru,Legacy,2023,2500,1
LEMON_SUBARU_LEGACY_2400CC_2023,Subaru,Legacy,2023,2400,1
LEMON_SUBARU_LEGACY_2500CC_2024,Subaru,Legacy,2024,2500,1
LEMON_SUBARU_LEGACY_2400CC_2024,Subaru,Legacy,2024,2400,1
LEMON_SUBARU_LEGACY_2500CC_2025,Subaru,Legacy,2025,2500,1
LEMON_SUBARU_OUTBACK_2500CC_2005,Subaru,Outback,2005,2500,1
LEMON_SUBARU_OUTBACK_3000CC_2005,Subaru,Outback,2005,3000,1
LEMON_SUBARU_OUTBACK_2500CC_2006,Subaru,Outback,2006,2500,1
LEMON_SUBARU_OUTBACK_3000CC_2006,Subaru,Outback,2006,3000,1
LEMON_SUBARU_OUTBACK_2500CC_2007,Subaru,Outback,2007,2500,1
LEMON_SUBARU_OUTBACK_3000CC_2007,Subaru,Outback,2007,3000,1
LEMON_SUBARU_OUTBACK_2500CC_2008,Subaru,Outback,2008,2500,1
LEMON_SUBARU_OUTBACK_3000CC_2008,Subaru,Outback,2008,3000,1
LEMON_SUBARU_OUTBACK_3000CC_2009,Subaru,Outback,2009,3000,1
LEMON_SUBARU_OUTBACK_2500CC_2009,Subaru,Outback,2009,2500,1
LEMON_SUBARU_OUTBACK_2500CC_2010,Subaru,Outback,2010,2500,1
LEMON_SUBARU_OUTBACK_3600CC_2010,Subaru,Outback,2010,3600,1
LEMON_SUBARU_OUTBACK_2500CC_2011,Subaru,Outback,2011,2500,1
LEMON_SUBARU_OUTBACK_3600CC_2011,Subaru,Outback,2011,3600,1
LEMON_SUBARU_OUTBACK_2500CC_2012,Subaru,Outback,2012,2500,1
LEMON_SUBARU_OUTBACK_3600CC_2012,Subaru,Outback,2012,3600,1
LEMON_SUBARU_OUTBACK_2500CC_2013,Subaru,Outback,2013,2500,1
LEMON_SUBARU_OUTBACK_3600CC_2013,Subaru,Outback,2013,3600,1
LEMON_SUBARU_OUTBACK_2500CC_2014,Subaru,Outback,2014,2500,1
LEMON_SUBARU_OUTBACK_3600CC_2014,Subaru,Outback,2014,3600,1
LEMON_SUBARU_OUTBACK_2500CC_2015,Subaru,Outback,2015,2500,1
LEMON_SUBARU_OUTBACK_3600CC_2015,Subaru,Outback,2015,3600,1
LEMON_SUBARU_OUTBACK_2500CC_2016,Subaru,Outback,2016,2500,1
LEMON_SUBARU_OUTBACK_3600CC_2016,Subaru,Outback,2016,3600,1
LEMON_SUBARU_OUTBACK_2500CC_2017,Subaru,Outback,2017,2500,1
LEMON_SUBARU_OUTBACK_3600CC_2017,Subaru,Outback,2017,3600,1
LEMON_SUBARU_OUTBACK_2500CC_2018,Subaru,Outback,2018,2500,1
LEMON_SUBARU_OUTBACK_3600CC_2018,Subaru,Outback,2018,3600,1
LEMON_SUBARU_OUTBACK_2500CC_2019,Subaru,Outback,2019,2500,1
LEMON_SUBARU_OUTBACK_3600CC_2019,Subaru,Outback,2019,3600,1
LEMON_SUBARU_OUTBACK_2400CC_2020,Subaru,Outback,2020,2400,1
LEMON_SUBARU_OUTBACK_2500CC_2020,Subaru,Outback,2020,2500,1
LEMON_SUBARU_OUTBACK_2500CC_2021,Subaru,Outback,2021,2500,1
LEMON_SUBARU_OUTBACK_2400CC_2021,Subaru,Outback,2021,2400,1
LEMON_SUBARU_OUTBACK_2500CC_2022,Subaru,Outback,2022,2500,1
LEMON_SUBARU_OUTBACK_2400CC_2022,Subaru,Outback,2022,2400,1
LEMON_SUBARU_OUTBACK_2500CC_2023,Subaru,Outback,2023,2500,1
LEMON_SUBARU_OUTBACK_2400CC_2023,Subaru,Outback,2023,2400,1
LEMON_SUBARU_OUTBACK_2500CC_2024,Subaru,Outback,2024,2500,1
LEMON_SUBARU_OUTBACK_2400CC_2024,Subaru,Outback,2024,2400,1
LEMON_SUBARU_OUTBACK_2500CC_2025,Subaru,Outback,2025,2500,1
LEMON_SUBARU_SOLTERRA_2023,Subaru,Solterra,2023,,1
LEMON_SUBARU_SOLTERRA_2024,Subaru,Solterra,2024,,1
LEMON_SUBARU_SOLTERRA_2025,Subaru,Solterra,2025,,1
LEMON_SUBARU_TRIBECA_2008,Subaru,Tribeca,2008,,1
LEMON_SUBARU_TRIBECA_2009,Subaru,Tribeca,2009,,1
LEMON_SUBARU_TRIBECA_2010,Subaru,Tribeca,2010,,1
LEMON_SUBARU_TRIBECA_2011,Subaru,Tribeca,2011,,1
LEMON_SUBARU_TRIBECA_2012,Subaru,Tribeca,2012,,1
LEMON_SUBARU_TRIBECA_2013,Subaru,Tribeca,2013,,1
LEMON_SUBARU_TRIBECA_2014,Subaru,Tribeca,2014,,1
LEMON_SUBARU_WRX_2015_WRXBASE,Subaru,WRX,2015,,1
LEMON_SUBARU_WRX_2015_WRXLIMITEDST,Subaru,WRX,2015,,1
LEMON_SUBARU_WRX_2015_WRXPREMIUMAU,Subaru,WRX,2015,,1
LEMON_SUBARU_WRX_2015_WRXPREMIUMST,Subaru,WRX,2015,,1
LEMON_SUBARU_WRX_2015_WRXLIMITEDAU,Subaru,WRX,2015,,1
LEMON_SUBARU_WRX_2015_WRXSTILIMITE,Subaru,WRX,2015,,1
LEMON_SUBARU_WRX_2015_WRXSTI,Subaru,WRX,2015,,1
LEMON_SUBARU_WRX_2016,Subaru,WRX,2016,,1
LEMON_SUBARU_WRX_2017,Subaru,WRX,2017,,1
LEMON_SUBARU_WRX_2018,Subaru,WRX,2018,,1
LEMON_SUBARU_WRX_2000CC_2019,Subaru,WRX,2019,2000,1
LEMON_SUBARU_WRX_2500CC_2019,Subaru,WRX,2019,2500,1
LEMON_SUBARU_WRX_2000CC_2020,Subaru,WRX,2020,2000,1
LEMON_SUBARU_WRX_2500CC_2020,Subaru,WRX,2020,2500,1
LEMON_SUBARU_WRX_2000CC_2021,Subaru,WRX,2021,2000,1
LEMON_SUBARU_WRX_2500CC_2021,Subaru,WRX,2021,2500,1
LEMON_SUBARU_WRX_2022,Subaru,WRX,2022,,1
LEMON_SUBARU_WRX_2023,Subaru,WRX,2023,,1
LEMON_SUBARU_WRX_2024,Subaru,WRX,2024,,1
LEMON_SUBARU_WRX_2025,Subaru,WRX,2025,,1
LEMON_SUBARU_XV_2013,Subaru,XV,2013,,1
LEMON_SUBARU_XV_2014,Subaru,XV,2014,,1
LEMON_SUBARU_XV_2000CC_2015,Subaru,XV,2015,2000,1
LEMON_SUZUKI_AERIO_2005,Suzuki,Aerio,2005,,1
LEMON_SUZUKI_AERIO_2006,Suzuki,Aerio,2006,,1
LEMON_SUZUKI_AERIO_2007,Suzuki,Aerio,2007,,1
LEMON_SUZUKI_EQUATOR_2500CC_2009,Suzuki,Equator,2009,2500,1
LEMON_SUZUKI_EQUATOR_4000CC_2009,Suzuki,Equator,2009,4000,1
LEMON_SUZUKI_FORENZA_2005,Suzuki,Forenza,2005,,1
LEMON_SUZUKI_FORENZA_2006,Suzuki,Forenza,2006,,1
LEMON_SUZUKI_FORENZA_2007,Suzuki,Forenza,2007,,1
LEMON_SUZUKI_FORENZA_2008,Suzuki,Forenza,2008,,1
LEMON_SUZUKI_GRAND_2005,Suzuki,Grand,2005,,1
LEMON_SUZUKI_GRAND_2006,Suzuki,Grand,2006,,1
LEMON_SUZUKI_GRAND_2007,Suzuki,Grand,2007,,1
LEMON_SUZUKI_GRAND_2008,Suzuki,Grand,2008,,1
LEMON_SUZUKI_GRAND_2400CC_2009,Suzuki,Grand,2009,2400,1
LEMON_SUZUKI_GRAND_3200CC_2009,Suzuki,Grand,2009,3200,1
LEMON_SUZUKI_RENO_2005,Suzuki,Reno,2005,,1
LEMON_SUZUKI_RENO_2006,Suzuki,Reno,2006,,1
LEMON_SUZUKI_RENO_2007,Suzuki,Reno,2007,,1
LEMON_SUZUKI_RENO_2008,Suzuki,Reno,2008,,1
LEMON_SUZUKI_SX4_2007,Suzuki,SX4,2007,,1
LEMON_SUZUKI_SX4_2008,Suzuki,SX4,2008,,1
LEMON_SUZUKI_SX4_2009,Suzuki,SX4,2009,,1
LEMON_SUZUKI_VERONA_2005,Suzuki,Verona,2005,,1
LEMON_SUZUKI_VERONA_2006,Suzuki,Verona,2006,,1
LEMON_SUZUKI_XL_7_2005,Suzuki,XL-7,2005,,1
LEMON_SUZUKI_XL_7_2006,Suzuki,XL-7,2006,,1
LEMON_SUZUKI_XL7_2007,Suzuki,XL7,2007,,1
LEMON_SUZUKI_XL7_2008,Suzuki,XL7,2008,,1
LEMON_SUZUKI_XL7_2009,Suzuki,XL7,2009,,1
LEMON_TESLA_MODEL_2016,Tesla,Model,2016,,1
LEMON_TESLA_MODEL_2017,Tesla,Model,2017,,1
LEMON_TESLA_MODEL_2018,Tesla,Model,2018,,1
LEMON_TESLA_MODEL_2019,Tesla,Model,2019,,1
LEMON_TESLA_MODEL_2020,Tesla,Model,2020,,1
LEMON_TESLA_MODEL_2021,Tesla,Model,2021,,1
LEMON_TESLA_MODEL_2022,Tesla,Model,2022,,1
LEMON_TESLA_MODEL_2023,Tesla,Model,2023,,1
LEMON_TESLA_MODEL_2024,Tesla,Model,2024,,1
LEMON_TESLA_MODEL_2025,Tesla,Model,2025,,1
LEMON_TOYOTA_4RUNNER_4000CC_2005,Toyota,4Runner,2005,4000,1
LEMON_TOYOTA_4RUNNER_4700CC_2005,Toyota,4Runner,2005,4700,1
LEMON_TOYOTA_4RUNNER_4000CC_2006,Toyota,4Runner,2006,4000,1
LEMON_TOYOTA_4RUNNER_4700CC_2006,Toyota,4Runner,2006,4700,1
LEMON_TOYOTA_4RUNNER_4700CC_2007,Toyota,4Runner,2007,4700,1
LEMON_TOYOTA_4RUNNER_4000CC_2007,Toyota,4Runner,2007,4000,1
LEMON_TOYOTA_4RUNNER_4000CC_2008,Toyota,4Runner,2008,4000,1
LEMON_TOYOTA_4RUNNER_4700CC_2008,Toyota,4Runner,2008,4700,1
LEMON_TOYOTA_4RUNNER_4700CC_2009,Toyota,4Runner,2009,4700,1
LEMON_TOYOTA_4RUNNER_4000CC_2009,Toyota,4Runner,2009,4000,1
LEMON_TOYOTA_4RUNNER_2015_4RUNNERLIMIT,Toyota,4Runner,2015,,1
LEMON_TOYOTA_4RUNNER_2015_4RUNNERSR54W,Toyota,4Runner,2015,,1
LEMON_TOYOTA_4RUNNER_2015_4RUNNERTRDPR,Toyota,4Runner,2015,,1
LEMON_TOYOTA_4RUNNER_2015_4RUNNERSR5RW,Toyota,4Runner,2015,,1
LEMON_TOYOTA_4RUNNER_2015_4RUNNERTRAIL,Toyota,4Runner,2015,,1
LEMON_TOYOTA_4RUNNER_2016,Toyota,4Runner,2016,,1
LEMON_TOYOTA_4RUNNER_2017,Toyota,4Runner,2017,,1
LEMON_TOYOTA_4RUNNER_2018,Toyota,4Runner,2018,,1
LEMON_TOYOTA_4RUNNER_2019,Toyota,4Runner,2019,,1
LEMON_TOYOTA_4RUNNER_2020,Toyota,4Runner,2020,,1
LEMON_TOYOTA_4RUNNER_2022,Toyota,4Runner,2022,,1
LEMON_TOYOTA_4RUNNER_2023,Toyota,4Runner,2023,,1
LEMON_TOYOTA_4RUNNER_2024,Toyota,4Runner,2024,,1
LEMON_TOYOTA_4RUNNER_2400CC_VINA_2025,Toyota,4Runner,2025,2400,1
LEMON_TOYOTA_4RUNNER_2025,Toyota,4Runner,2025,,1
LEMON_TOYOTA_4RUNNER_2400CC_VINB_2025,Toyota,4Runner,2025,2400,1
LEMON_TOYOTA_86_2017,Toyota,86,2017,,1
LEMON_TOYOTA_86_2018,Toyota,86,2018,,1
LEMON_TOYOTA_86_2019,Toyota,86,2019,,1
LEMON_TOYOTA_86_2020,Toyota,86,2020,,1
LEMON_TOYOTA_AVALON_2005,Toyota,Avalon,2005,,1
LEMON_TOYOTA_AVALON_2006,Toyota,Avalon,2006,,1
LEMON_TOYOTA_AVALON_2007,Toyota,Avalon,2007,,1
LEMON_TOYOTA_AVALON_2008,Toyota,Avalon,2008,,1
LEMON_TOYOTA_AVALON_2009,Toyota,Avalon,2009,,1
LEMON_TOYOTA_AVALON_2500CC_2015,Toyota,Avalon,2015,2500,1
LEMON_TOYOTA_AVALON_3500CC_2015,Toyota,Avalon,2015,3500,1
LEMON_TOYOTA_AVALON_2500CC_2016,Toyota,Avalon,2016,2500,1
LEMON_TOYOTA_AVALON_3500CC_2016,Toyota,Avalon,2016,3500,1
LEMON_TOYOTA_AVALON_3500CC_2017,Toyota,Avalon,2017,3500,1
LEMON_TOYOTA_AVALON_2500CC_2017,Toyota,Avalon,2017,2500,1
LEMON_TOYOTA_AVALON_2500CC_2018,Toyota,Avalon,2018,2500,1
LEMON_TOYOTA_AVALON_3500CC_2018,Toyota,Avalon,2018,3500,1
LEMON_TOYOTA_AVALON_2500CC_2019,Toyota,Avalon,2019,2500,1
LEMON_TOYOTA_AVALON_3500CC_2019,Toyota,Avalon,2019,3500,1
LEMON_TOYOTA_AVALON_2500CC_2020,Toyota,Avalon,2020,2500,1
LEMON_TOYOTA_AVALON_3500CC_2020,Toyota,Avalon,2020,3500,1
LEMON_TOYOTA_AVALON_2500CC_2022,Toyota,Avalon,2022,2500,1
LEMON_TOYOTA_AVALON_3500CC_2022,Toyota,Avalon,2022,3500,1
LEMON_TOYOTA_C_HR_2018,Toyota,C-HR,2018,,1
LEMON_TOYOTA_C_HR_2019,Toyota,C-HR,2019,,1
LEMON_TOYOTA_C_HR_2020,Toyota,C-HR,2020,,1
LEMON_TOYOTA_C_HR_2022,Toyota,C-HR,2022,,1
LEMON_TOYOTA_CAMRY_2400CC_2005,Toyota,Camry,2005,2400,1
LEMON_TOYOTA_CAMRY_3000CC_2005,Toyota,Camry,2005,3000,1
LEMON_TOYOTA_CAMRY_3300CC_2005,Toyota,Camry,2005,3300,1
LEMON_TOYOTA_CAMRY_2400CC_2006,Toyota,Camry,2006,2400,1
LEMON_TOYOTA_CAMRY_3000CC_2006,Toyota,Camry,2006,3000,1
LEMON_TOYOTA_CAMRY_3300CC_2006,Toyota,Camry,2006,3300,1
LEMON_TOYOTA_CAMRY_2400CC_2007,Toyota,Camry,2007,2400,1
LEMON_TOYOTA_CAMRY_3500CC_2007,Toyota,Camry,2007,3500,1
LEMON_TOYOTA_CAMRY_3300CC_2007,Toyota,Camry,2007,3300,1
LEMON_TOYOTA_CAMRY_2400CC_2008,Toyota,Camry,2008,2400,1
LEMON_TOYOTA_CAMRY_3500CC_2008,Toyota,Camry,2008,3500,1
LEMON_TOYOTA_CAMRY_3300CC_2008,Toyota,Camry,2008,3300,1
LEMON_TOYOTA_CAMRY_2400CC_2009,Toyota,Camry,2009,2400,1
LEMON_TOYOTA_CAMRY_3500CC_2009,Toyota,Camry,2009,3500,1
LEMON_TOYOTA_CAMRY_3500CC_VINK_2015,Toyota,Camry,2015,3500,1
LEMON_TOYOTA_CAMRY_3500CC_VINK_2016,Toyota,Camry,2016,3500,1
LEMON_TOYOTA_CAMRY_3500CC_VINK_2017,Toyota,Camry,2017,3500,1
LEMON_TOYOTA_CAMRY_3500CC_VINZ_2018,Toyota,Camry,2018,3500,1
LEMON_TOYOTA_CAMRY_2500CC_2019,Toyota,Camry,2019,2500,1
LEMON_TOYOTA_CAMRY_2500CC_VIN1_2019,Toyota,Camry,2019,2500,1
LEMON_TOYOTA_CAMRY_2500CC_VIN6_2019,Toyota,Camry,2019,2500,1
LEMON_TOYOTA_CAMRY_3500CC_VINZ_2019,Toyota,Camry,2019,3500,1
LEMON_TOYOTA_CAMRY_2500CC_2020,Toyota,Camry,2020,2500,1
LEMON_TOYOTA_CAMRY_3500CC_2020,Toyota,Camry,2020,3500,1
LEMON_TOYOTA_CAMRY_2500CC_VIN1_2020,Toyota,Camry,2020,2500,1
LEMON_TOYOTA_CAMRY_3500CC_VINZ_2020,Toyota,Camry,2020,3500,1
LEMON_TOYOTA_CAMRY_2500CC_VIN6_2020,Toyota,Camry,2020,2500,1
LEMON_TOYOTA_CAMRY_2500CC_2022,Toyota,Camry,2022,2500,1
LEMON_TOYOTA_CAMRY_3500CC_2022,Toyota,Camry,2022,3500,1
LEMON_TOYOTA_CAMRY_2500CC_VIN1_2022,Toyota,Camry,2022,2500,1
LEMON_TOYOTA_CAMRY_3500CC_VINZ_2022,Toyota,Camry,2022,3500,1
LEMON_TOYOTA_CAMRY_2500CC_VIN6_2022,Toyota,Camry,2022,2500,1
LEMON_TOYOTA_CAMRY_2500CC_2023,Toyota,Camry,2023,2500,1
LEMON_TOYOTA_CAMRY_3500CC_2023,Toyota,Camry,2023,3500,1
LEMON_TOYOTA_CAMRY_2500CC_VIN1_2023,Toyota,Camry,2023,2500,1
LEMON_TOYOTA_CAMRY_3500CC_VINZ_2023,Toyota,Camry,2023,3500,1
LEMON_TOYOTA_CAMRY_2500CC_VIN6_2023,Toyota,Camry,2023,2500,1
LEMON_TOYOTA_CAMRY_2500CC_2024,Toyota,Camry,2024,2500,1
LEMON_TOYOTA_CAMRY_3500CC_2024,Toyota,Camry,2024,3500,1
LEMON_TOYOTA_CAMRY_2500CC_VIN1_2024,Toyota,Camry,2024,2500,1
LEMON_TOYOTA_CAMRY_3500CC_VINZ_2024,Toyota,Camry,2024,3500,1
LEMON_TOYOTA_CAMRY_2500CC_VIN6_2024,Toyota,Camry,2024,2500,1
LEMON_TOYOTA_CAMRY_2500CC_VINA_2025,Toyota,Camry,2025,2500,1
LEMON_TOYOTA_CAMRY_2500CC_VINB_2025,Toyota,Camry,2025,2500,1
LEMON_TOYOTA_CELICA_2005,Toyota,Celica,2005,,1
LEMON_TOYOTA_COROLLA_2005,Toyota,Corolla,2005,,1
LEMON_TOYOTA_COROLLA_2006,Toyota,Corolla,2006,,1
LEMON_TOYOTA_COROLLA_2007,Toyota,Corolla,2007,,1
LEMON_TOYOTA_COROLLA_2008,Toyota,Corolla,2008,,1
LEMON_TOYOTA_COROLLA_1800CC_2009,Toyota,Corolla,2009,1800,1
LEMON_TOYOTA_COROLLA_2400CC_2009,Toyota,Corolla,2009,2400,1
LEMON_TOYOTA_COROLLA_2015_COROLLALAUTO,Toyota,Corolla,2015,,1
LEMON_TOYOTA_COROLLA_2015_COROLLALSTAN,Toyota,Corolla,2015,,1
LEMON_TOYOTA_COROLLA_2015_COROLLALE,Toyota,Corolla,2015,,1
LEMON_TOYOTA_COROLLA_2015_COROLLALEECO,Toyota,Corolla,2015,,1
LEMON_TOYOTA_COROLLA_2015_COROLLASSTAN,Toyota,Corolla,2015,,1
LEMON_TOYOTA_COROLLA_2015_COROLLASAUTO,Toyota,Corolla,2015,,1
LEMON_TOYOTA_COROLLA_2016,Toyota,Corolla,2016,,1
LEMON_TOYOTA_COROLLA_2017,Toyota,Corolla,2017,,1
LEMON_TOYOTA_COROLLA_2018,Toyota,Corolla,2018,,1
LEMON_TOYOTA_COROLLA_1800CC_2019,Toyota,Corolla,2019,1800,1
LEMON_TOYOTA_COROLLA_2000CC_2019,Toyota,Corolla,2019,2000,1
LEMON_TOYOTA_COROLLA_1800CC_2020,Toyota,Corolla,2020,1800,1
LEMON_TOYOTA_COROLLA_2000CC_2020,Toyota,Corolla,2020,2000,1
LEMON_TOYOTA_COROLLA_1800CC_2022,Toyota,Corolla,2022,1800,1
LEMON_TOYOTA_COROLLA_2000CC_2022,Toyota,Corolla,2022,2000,1
LEMON_TOYOTA_COROLLA_2022,Toyota,Corolla,2022,,1
LEMON_TOYOTA_COROLLA_1800CC_VINC_2023,Toyota,Corolla,2023,1800,1
LEMON_TOYOTA_COROLLA_1800CC_VIND_2023,Toyota,Corolla,2023,1800,1
LEMON_TOYOTA_COROLLA_1800CC_2023,Toyota,Corolla,2023,1800,1
LEMON_TOYOTA_COROLLA_2000CC_2023,Toyota,Corolla,2023,2000,1
LEMON_TOYOTA_COROLLA_2023,Toyota,Corolla,2023,,1
LEMON_TOYOTA_COROLLA_1800CC_VINC_2024,Toyota,Corolla,2024,1800,1
LEMON_TOYOTA_COROLLA_1800CC_VIND_2024,Toyota,Corolla,2024,1800,1
LEMON_TOYOTA_COROLLA_2000CC_2024,Toyota,Corolla,2024,2000,1
LEMON_TOYOTA_COROLLA_1800CC_2024,Toyota,Corolla,2024,1800,1
LEMON_TOYOTA_COROLLA_2024,Toyota,Corolla,2024,,1
LEMON_TOYOTA_COROLLA_2000CC_2025,Toyota,Corolla,2025,2000,1
LEMON_TOYOTA_COROLLA_1800CC_VIND_2025,Toyota,Corolla,2025,1800,1
LEMON_TOYOTA_COROLLA_1800CC_VINC_2025,Toyota,Corolla,2025,1800,1
LEMON_TOYOTA_COROLLA_1800CC_2025,Toyota,Corolla,2025,1800,1
LEMON_TOYOTA_COROLLA_2025,Toyota,Corolla,2025,,1
LEMON_TOYOTA_CROWN_2500CC_2023,Toyota,Crown,2023,2500,1
LEMON_TOYOTA_CROWN_2400CC_2023,Toyota,Crown,2023,2400,1
LEMON_TOYOTA_CROWN_2400CC_2024,Toyota,Crown,2024,2400,1
LEMON_TOYOTA_CROWN_2500CC_2024,Toyota,Crown,2024,2500,1
LEMON_TOYOTA_CROWN_2500CC_2025,Toyota,Crown,2025,2500,1
LEMON_TOYOTA_CROWN_2400CC_2025,Toyota,Crown,2025,2400,1
LEMON_TOYOTA_CROWN_2025,Toyota,Crown,2025,,1
LEMON_TOYOTA_ECHO_2005,Toyota,ECHO,2005,,1
LEMON_TOYOTA_FJ_2007,Toyota,FJ,2007,,1
LEMON_TOYOTA_FJ_2008,Toyota,FJ,2008,,1
LEMON_TOYOTA_FJ_2009,Toyota,FJ,2009,,1
LEMON_TOYOTA_GR_2023,Toyota,GR,2023,,1
LEMON_TOYOTA_GR_2024,Toyota,GR,2024,,1
LEMON_TOYOTA_GR_2025,Toyota,GR,2025,,1
LEMON_TOYOTA_GR86_2022,Toyota,GR86,2022,,1
LEMON_TOYOTA_GR86_2023,Toyota,GR86,2023,,1
LEMON_TOYOTA_GR86_2024,Toyota,GR86,2024,,1
LEMON_TOYOTA_GR86_2025,Toyota,GR86,2025,,1
LEMON_TOYOTA_GRAND_2500CC_2024,Toyota,Grand,2024,2500,1
LEMON_TOYOTA_GRAND_2400CC_2024,Toyota,Grand,2024,2400,1
LEMON_TOYOTA_GRAND_2500CC_VINB_2024,Toyota,Grand,2024,2500,1
LEMON_TOYOTA_GRAND_2500CC_VINC_2024,Toyota,Grand,2024,2500,1
LEMON_TOYOTA_GRAND_2500CC_2025,Toyota,Grand,2025,2500,1
LEMON_TOYOTA_GRAND_2400CC_2025,Toyota,Grand,2025,2400,1
LEMON_TOYOTA_GRAND_2500CC_VINB_2025,Toyota,Grand,2025,2500,1
LEMON_TOYOTA_GRAND_2500CC_VINC_2025,Toyota,Grand,2025,2500,1
LEMON_TOYOTA_HIGHLANDER_2400CC_2005,Toyota,Highlander,2005,2400,1
LEMON_TOYOTA_HIGHLANDER_3300CC_2005,Toyota,Highlander,2005,3300,1
LEMON_TOYOTA_HIGHLANDER_2400CC_2006,Toyota,Highlander,2006,2400,1
LEMON_TOYOTA_HIGHLANDER_3300CC_2006,Toyota,Highlander,2006,3300,1
LEMON_TOYOTA_HIGHLANDER_2400CC_2007,Toyota,Highlander,2007,2400,1
LEMON_TOYOTA_HIGHLANDER_3300CC_2007,Toyota,Highlander,2007,3300,1
LEMON_TOYOTA_HIGHLANDER_3500CC_2008,Toyota,Highlander,2008,3500,1
LEMON_TOYOTA_HIGHLANDER_3300CC_2008,Toyota,Highlander,2008,3300,1
LEMON_TOYOTA_HIGHLANDER_2700CC_2009,Toyota,Highlander,2009,2700,1
LEMON_TOYOTA_HIGHLANDER_3500CC_2009,Toyota,Highlander,2009,3500,1
LEMON_TOYOTA_HIGHLANDER_3300CC_2009,Toyota,Highlander,2009,3300,1
LEMON_TOYOTA_HIGHLANDER_3500CC_2015,Toyota,Highlander,2015,3500,1
LEMON_TOYOTA_HIGHLANDER_2700CC_VINA_2015,Toyota,Highlander,2015,2700,1
LEMON_TOYOTA_HIGHLANDER_3500CC_VINK_2015,Toyota,Highlander,2015,3500,1
LEMON_TOYOTA_HIGHLANDER_3500CC_2016,Toyota,Highlander,2016,3500,1
LEMON_TOYOTA_HIGHLANDER_3500CC_VINK_2016,Toyota,Highlander,2016,3500,1
LEMON_TOYOTA_HIGHLANDER_2700CC_VINA_2016,Toyota,Highlander,2016,2700,1
LEMON_TOYOTA_HIGHLANDER_3500CC_2017,Toyota,Highlander,2017,3500,1
LEMON_TOYOTA_HIGHLANDER_3500CC_VINZ_2017,Toyota,Highlander,2017,3500,1
LEMON_TOYOTA_HIGHLANDER_2700CC_VINA_2017,Toyota,Highlander,2017,2700,1
LEMON_TOYOTA_HIGHLANDER_3500CC_2018,Toyota,Highlander,2018,3500,1
LEMON_TOYOTA_HIGHLANDER_2700CC_VINA_2018,Toyota,Highlander,2018,2700,1
LEMON_TOYOTA_HIGHLANDER_3500CC_VINZ_2018,Toyota,Highlander,2018,3500,1
LEMON_TOYOTA_HIGHLANDER_3500CC_2019,Toyota,Highlander,2019,3500,1
LEMON_TOYOTA_HIGHLANDER_2700CC_VINA_2019,Toyota,Highlander,2019,2700,1
LEMON_TOYOTA_HIGHLANDER_3500CC_VINZ_2019,Toyota,Highlander,2019,3500,1
LEMON_TOYOTA_HIGHLANDER_2500CC_VINA_2020,Toyota,Highlander,2020,2500,1
LEMON_TOYOTA_HIGHLANDER_2500CC_VINB_2020,Toyota,Highlander,2020,2500,1
LEMON_TOYOTA_HIGHLANDER_3500CC_2020,Toyota,Highlander,2020,3500,1
LEMON_TOYOTA_HIGHLANDER_2500CC_VINA_2022,Toyota,Highlander,2022,2500,1
LEMON_TOYOTA_HIGHLANDER_2500CC_VINB_2022,Toyota,Highlander,2022,2500,1
LEMON_TOYOTA_HIGHLANDER_3500CC_2022,Toyota,Highlander,2022,3500,1
LEMON_TOYOTA_HIGHLANDER_2500CC_VINB_2023,Toyota,Highlander,2023,2500,1
LEMON_TOYOTA_HIGHLANDER_2500CC_VINA_2023,Toyota,Highlander,2023,2500,1
LEMON_TOYOTA_HIGHLANDER_2400CC_2023,Toyota,Highlander,2023,2400,1
LEMON_TOYOTA_HIGHLANDER_2500CC_VINA_2024,Toyota,Highlander,2024,2500,1
LEMON_TOYOTA_HIGHLANDER_2500CC_VINB_2024,Toyota,Highlander,2024,2500,1
LEMON_TOYOTA_HIGHLANDER_2400CC_2024,Toyota,Highlander,2024,2400,1
LEMON_TOYOTA_HIGHLANDER_2500CC_2025,Toyota,Highlander,2025,2500,1
LEMON_TOYOTA_HIGHLANDER_2400CC_2025,Toyota,Highlander,2025,2400,1
LEMON_TOYOTA_LAND_CRUISER_2005,Toyota,Land Cruiser,2005,,1
LEMON_TOYOTA_LAND_CRUISER_2006,Toyota,Land Cruiser,2006,,1
LEMON_TOYOTA_LAND_CRUISER_2007,Toyota,Land Cruiser,2007,,1
LEMON_TOYOTA_LAND_CRUISER_2008,Toyota,Land Cruiser,2008,,1
LEMON_TOYOTA_LAND_CRUISER_2009,Toyota,Land Cruiser,2009,,1
LEMON_TOYOTA_LAND_CRUISER_2015_LANDCRUISER4,Toyota,Land Cruiser,2015,,1
LEMON_TOYOTA_LAND_CRUISER_2015_LANDCRUISERA,Toyota,Land Cruiser,2015,,1
LEMON_TOYOTA_LAND_CRUISER_2016,Toyota,Land Cruiser,2016,,1
LEMON_TOYOTA_LAND_CRUISER_2017,Toyota,Land Cruiser,2017,,1
LEMON_TOYOTA_LAND_CRUISER_2018,Toyota,Land Cruiser,2018,,1
LEMON_TOYOTA_LAND_CRUISER_2019,Toyota,Land Cruiser,2019,,1
LEMON_TOYOTA_LAND_CRUISER_2020,Toyota,Land Cruiser,2020,,1
LEMON_TOYOTA_LAND_CRUISER_2024,Toyota,Land Cruiser,2024,,1
LEMON_TOYOTA_LAND_CRUISER_2025,Toyota,Land Cruiser,2025,,1
LEMON_TOYOTA_MR2_2005,Toyota,MR2,2005,,1
LEMON_TOYOTA_MATRIX_2005,Toyota,Matrix,2005,,1
LEMON_TOYOTA_MATRIX_2006,Toyota,Matrix,2006,,1
LEMON_TOYOTA_MATRIX_2007,Toyota,Matrix,2007,,1
LEMON_TOYOTA_MATRIX_2008,Toyota,Matrix,2008,,1
LEMON_TOYOTA_MATRIX_1800CC_2009,Toyota,Matrix,2009,1800,1
LEMON_TOYOTA_MATRIX_2400CC_2009,Toyota,Matrix,2009,2400,1
LEMON_TOYOTA_MIRAI_2016,Toyota,Mirai,2016,,1
LEMON_TOYOTA_MIRAI_2017,Toyota,Mirai,2017,,1
LEMON_TOYOTA_MIRAI_2018,Toyota,Mirai,2018,,1
LEMON_TOYOTA_MIRAI_2019,Toyota,Mirai,2019,,1
LEMON_TOYOTA_MIRAI_2020,Toyota,Mirai,2020,,1
LEMON_TOYOTA_MIRAI_2022,Toyota,Mirai,2022,,1
LEMON_TOYOTA_MIRAI_2023,Toyota,Mirai,2023,,1
LEMON_TOYOTA_MIRAI_2024,Toyota,Mirai,2024,,1
LEMON_TOYOTA_PRIUS_2005,Toyota,Prius,2005,,1
LEMON_TOYOTA_PRIUS_2006,Toyota,Prius,2006,,1
LEMON_TOYOTA_PRIUS_2007,Toyota,Prius,2007,,1
LEMON_TOYOTA_PRIUS_2008,Toyota,Prius,2008,,1
LEMON_TOYOTA_PRIUS_2009,Toyota,Prius,2009,,1
LEMON_TOYOTA_PRIUS_2016,Toyota,Prius,2016,,1
LEMON_TOYOTA_PRIUS_2017,Toyota,Prius,2017,,1
LEMON_TOYOTA_PRIUS_2018,Toyota,Prius,2018,,1
LEMON_TOYOTA_PRIUS_2019,Toyota,Prius,2019,,1
LEMON_TOYOTA_PRIUS_2020,Toyota,Prius,2020,,1
LEMON_TOYOTA_PRIUS_2022,Toyota,Prius,2022,,1
LEMON_TOYOTA_PRIUS_2023,Toyota,Prius,2023,,1
LEMON_TOYOTA_PRIUS_2024,Toyota,Prius,2024,,1
LEMON_TOYOTA_PRIUS_2025,Toyota,Prius,2025,,1
LEMON_TOYOTA_RAV4_2005,Toyota,RAV4,2005,,1
LEMON_TOYOTA_RAV4_2400CC_2006,Toyota,RAV4,2006,2400,1
LEMON_TOYOTA_RAV4_3500CC_2006,Toyota,RAV4,2006,3500,1
LEMON_TOYOTA_RAV4_2400CC_2007,Toyota,RAV4,2007,2400,1
LEMON_TOYOTA_RAV4_3500CC_2007,Toyota,RAV4,2007,3500,1
LEMON_TOYOTA_RAV4_2400CC_2008,Toyota,RAV4,2008,2400,1
LEMON_TOYOTA_RAV4_3500CC_2008,Toyota,RAV4,2008,3500,1
LEMON_TOYOTA_RAV4_2500CC_2009,Toyota,RAV4,2009,2500,1
LEMON_TOYOTA_RAV4_3500CC_2009,Toyota,RAV4,2009,3500,1
LEMON_TOYOTA_RAV4_2015_RAV4LEAWD,Toyota,RAV4,2015,,1
LEMON_TOYOTA_RAV4_2015_RAV4LIMITEDA,Toyota,RAV4,2015,,1
LEMON_TOYOTA_RAV4_2015_RAV4LEFWD,Toyota,RAV4,2015,,1
LEMON_TOYOTA_RAV4_2015_RAV4XLEFWD,Toyota,RAV4,2015,,1
LEMON_TOYOTA_RAV4_2015_RAV4LIMITEDF,Toyota,RAV4,2015,,1
LEMON_TOYOTA_RAV4_2015_RAV4XLEAWD,Toyota,RAV4,2015,,1
LEMON_TOYOTA_RAV4_2016,Toyota,RAV4,2016,,1
LEMON_TOYOTA_RAV4_2017,Toyota,RAV4,2017,,1
LEMON_TOYOTA_RAV4_2018,Toyota,RAV4,2018,,1
LEMON_TOYOTA_RAV4_2019,Toyota,RAV4,2019,,1
LEMON_TOYOTA_RAV4_2020,Toyota,RAV4,2020,,1
LEMON_TOYOTA_RAV4_2500CC_VIN6_2020,Toyota,RAV4,2020,2500,1
LEMON_TOYOTA_RAV4_2500CC_VINW_2020,Toyota,RAV4,2020,2500,1
LEMON_TOYOTA_RAV4_2500CC_VIN6_2022,Toyota,RAV4,2022,2500,1
LEMON_TOYOTA_RAV4_2022,Toyota,RAV4,2022,,1
LEMON_TOYOTA_RAV4_2500CC_VINW_2022,Toyota,RAV4,2022,2500,1
LEMON_TOYOTA_RAV4_2023,Toyota,RAV4,2023,,1
LEMON_TOYOTA_RAV4_2500CC_VINW_2023,Toyota,RAV4,2023,2500,1
LEMON_TOYOTA_RAV4_2500CC_VIN6_2023,Toyota,RAV4,2023,2500,1
LEMON_TOYOTA_RAV4_2024,Toyota,RAV4,2024,,1
LEMON_TOYOTA_RAV4_2500CC_VIN6_2024,Toyota,RAV4,2024,2500,1
LEMON_TOYOTA_RAV4_2500CC_VINW_2024,Toyota,RAV4,2024,2500,1
LEMON_TOYOTA_RAV4_2500CC_VIN6_2025,Toyota,RAV4,2025,2500,1
LEMON_TOYOTA_RAV4_2500CC_VINW_2025,Toyota,RAV4,2025,2500,1
LEMON_TOYOTA_RAV4_2025,Toyota,RAV4,2025,,1
LEMON_TOYOTA_SEQUOIA_2005,Toyota,Sequoia,2005,,1
LEMON_TOYOTA_SEQUOIA_2006,Toyota,Sequoia,2006,,1
LEMON_TOYOTA_SEQUOIA_2007,Toyota,Sequoia,2007,,1
LEMON_TOYOTA_SEQUOIA_4700CC_2008,Toyota,Sequoia,2008,4700,1
LEMON_TOYOTA_SEQUOIA_5700CC_2008,Toyota,Sequoia,2008,5700,1
LEMON_TOYOTA_SEQUOIA_4700CC_2009,Toyota,Sequoia,2009,4700,1
LEMON_TOYOTA_SEQUOIA_5700CC_2009,Toyota,Sequoia,2009,5700,1
LEMON_TOYOTA_SEQUOIA_5700CC_VINW_2015,Toyota,Sequoia,2015,5700,1
LEMON_TOYOTA_SEQUOIA_5700CC_VINY_2015,Toyota,Sequoia,2015,5700,1
LEMON_TOYOTA_SEQUOIA_5700CC_VINW_2016,Toyota,Sequoia,2016,5700,1
LEMON_TOYOTA_SEQUOIA_5700CC_VINY_2016,Toyota,Sequoia,2016,5700,1
LEMON_TOYOTA_SEQUOIA_5700CC_VINY_2017,Toyota,Sequoia,2017,5700,1
LEMON_TOYOTA_SEQUOIA_5700CC_VINW_2017,Toyota,Sequoia,2017,5700,1
LEMON_TOYOTA_SEQUOIA_5700CC_VINW_2018,Toyota,Sequoia,2018,5700,1
LEMON_TOYOTA_SEQUOIA_5700CC_VINY_2018,Toyota,Sequoia,2018,5700,1
LEMON_TOYOTA_SEQUOIA_2019,Toyota,Sequoia,2019,,1
LEMON_TOYOTA_SEQUOIA_2020,Toyota,Sequoia,2020,,1
LEMON_TOYOTA_SEQUOIA_2022,Toyota,Sequoia,2022,,1
LEMON_TOYOTA_SEQUOIA_2023,Toyota,Sequoia,2023,,1
LEMON_TOYOTA_SEQUOIA_2024,Toyota,Sequoia,2024,,1
LEMON_TOYOTA_SEQUOIA_2025,Toyota,Sequoia,2025,,1
LEMON_TOYOTA_SIENNA_2005,Toyota,Sienna,2005,,1
LEMON_TOYOTA_SIENNA_2006,Toyota,Sienna,2006,,1
LEMON_TOYOTA_SIENNA_2007,Toyota,Sienna,2007,,1
LEMON_TOYOTA_SIENNA_2008,Toyota,Sienna,2008,,1
LEMON_TOYOTA_SIENNA_2009,Toyota,Sienna,2009,,1
LEMON_TOYOTA_SIENNA_2015_SIENNALVANCA,Toyota,Sienna,2015,,1
LEMON_TOYOTA_SIENNA_2015_SIENNALVANPA,Toyota,Sienna,2015,,1
LEMON_TOYOTA_SIENNA_2015_SIENNALEFWD,Toyota,Sienna,2015,,1
LEMON_TOYOTA_SIENNA_2015_SIENNALEAWD,Toyota,Sienna,2015,,1
LEMON_TOYOTA_SIENNA_2015_SIENNALIMITE,Toyota,Sienna,2015,,1
LEMON_TOYOTA_SIENNA_2015_SIENNASE,Toyota,Sienna,2015,,1
LEMON_TOYOTA_SIENNA_2015_SIENNAXLEAWD,Toyota,Sienna,2015,,1
LEMON_TOYOTA_SIENNA_2015_SIENNAXLEFWD,Toyota,Sienna,2015,,1
LEMON_TOYOTA_SIENNA_2016,Toyota,Sienna,2016,,1
LEMON_TOYOTA_SIENNA_2017,Toyota,Sienna,2017,,1
LEMON_TOYOTA_SIENNA_2018,Toyota,Sienna,2018,,1
LEMON_TOYOTA_SIENNA_2019,Toyota,Sienna,2019,,1
LEMON_TOYOTA_SIENNA_2020,Toyota,Sienna,2020,,1
LEMON_TOYOTA_SIENNA_2500CC_VINR_2022,Toyota,Sienna,2022,2500,1
LEMON_TOYOTA_SIENNA_2500CC_VINS_2022,Toyota,Sienna,2022,2500,1
LEMON_TOYOTA_SIENNA_2022,Toyota,Sienna,2022,,1
LEMON_TOYOTA_SIENNA_2500CC_VINR_2023,Toyota,Sienna,2023,2500,1
LEMON_TOYOTA_SIENNA_2500CC_VINS_2023,Toyota,Sienna,2023,2500,1
LEMON_TOYOTA_SIENNA_2023,Toyota,Sienna,2023,,1
LEMON_TOYOTA_SIENNA_2500CC_VINR_2024,Toyota,Sienna,2024,2500,1
LEMON_TOYOTA_SIENNA_2500CC_VINS_2024,Toyota,Sienna,2024,2500,1
LEMON_TOYOTA_SIENNA_2024,Toyota,Sienna,2024,,1
LEMON_TOYOTA_SIENNA_2500CC_VINR_2025,Toyota,Sienna,2025,2500,1
LEMON_TOYOTA_SIENNA_2500CC_VINS_2025,Toyota,Sienna,2025,2500,1
LEMON_TOYOTA_SIENNA_2025,Toyota,Sienna,2025,,1
LEMON_TOYOTA_SUPRA_2020,Toyota,Supra,2020,,1
LEMON_TOYOTA_SUPRA_2000CC_VIN2_2022,Toyota,Supra,2022,2000,1
LEMON_TOYOTA_SUPRA_3000CC_2022,Toyota,Supra,2022,3000,1
LEMON_TOYOTA_SUPRA_3000CC_VIN0_2022,Toyota,Supra,2022,3000,1
LEMON_TOYOTA_SUPRA_2000CC_VIN2_2023,Toyota,Supra,2023,2000,1
LEMON_TOYOTA_SUPRA_3000CC_2023,Toyota,Supra,2023,3000,1
LEMON_TOYOTA_SUPRA_3000CC_VIN0_2023,Toyota,Supra,2023,3000,1
LEMON_TOYOTA_SUPRA_3000CC_2024,Toyota,Supra,2024,3000,1
LEMON_TOYOTA_SUPRA_2000CC_VIN2_2024,Toyota,Supra,2024,2000,1
LEMON_TOYOTA_SUPRA_3000CC_VIN0_2024,Toyota,Supra,2024,3000,1
LEMON_TOYOTA_SUPRA_2025,Toyota,Supra,2025,,1
LEMON_TOYOTA_TACOMA_2700CC_2005,Toyota,Tacoma,2005,2700,1
LEMON_TOYOTA_TACOMA_4000CC_2005,Toyota,Tacoma,2005,4000,1
LEMON_TOYOTA_TACOMA_2700CC_2006,Toyota,Tacoma,2006,2700,1
LEMON_TOYOTA_TACOMA_4000CC_2006,Toyota,Tacoma,2006,4000,1
LEMON_TOYOTA_TACOMA_2700CC_2007,Toyota,Tacoma,2007,2700,1
LEMON_TOYOTA_TACOMA_4000CC_2007,Toyota,Tacoma,2007,4000,1
LEMON_TOYOTA_TACOMA_2700CC_2008,Toyota,Tacoma,2008,2700,1
LEMON_TOYOTA_TACOMA_4000CC_2008,Toyota,Tacoma,2008,4000,1
LEMON_TOYOTA_TACOMA_2700CC_2009,Toyota,Tacoma,2009,2700,1
LEMON_TOYOTA_TACOMA_4000CC_2009,Toyota,Tacoma,2009,4000,1
LEMON_TOYOTA_TACOMA_2700CC_VINX_2015,Toyota,Tacoma,2015,2700,1
LEMON_TOYOTA_TACOMA_4000CC_VINU_2015,Toyota,Tacoma,2015,4000,1
LEMON_TOYOTA_TACOMA_4000CC_2015,Toyota,Tacoma,2015,4000,1
LEMON_TOYOTA_TACOMA_3500CC_2016,Toyota,Tacoma,2016,3500,1
LEMON_TOYOTA_TACOMA_3500CC_VINZ_2016,Toyota,Tacoma,2016,3500,1
LEMON_TOYOTA_TACOMA_2700CC_VINX_2016,Toyota,Tacoma,2016,2700,1
LEMON_TOYOTA_TACOMA_3500CC_2017,Toyota,Tacoma,2017,3500,1
LEMON_TOYOTA_TACOMA_2700CC_VINX_2017,Toyota,Tacoma,2017,2700,1
LEMON_TOYOTA_TACOMA_3500CC_VINZ_2017,Toyota,Tacoma,2017,3500,1
LEMON_TOYOTA_TACOMA_2700CC_2017,Toyota,Tacoma,2017,2700,1
LEMON_TOYOTA_TACOMA_3500CC_2018,Toyota,Tacoma,2018,3500,1
LEMON_TOYOTA_TACOMA_2700CC_VINX_2018,Toyota,Tacoma,2018,2700,1
LEMON_TOYOTA_TACOMA_2700CC_2018,Toyota,Tacoma,2018,2700,1
LEMON_TOYOTA_TACOMA_3500CC_VINZ_2018,Toyota,Tacoma,2018,3500,1
LEMON_TOYOTA_TACOMA_3500CC_2019,Toyota,Tacoma,2019,3500,1
LEMON_TOYOTA_TACOMA_2700CC_VINX_2019,Toyota,Tacoma,2019,2700,1
LEMON_TOYOTA_TACOMA_3500CC_VINZ_2019,Toyota,Tacoma,2019,3500,1
LEMON_TOYOTA_TACOMA_3500CC_2020,Toyota,Tacoma,2020,3500,1
LEMON_TOYOTA_TACOMA_2700CC_VINX_2020,Toyota,Tacoma,2020,2700,1
LEMON_TOYOTA_TACOMA_3500CC_VINZ_2020,Toyota,Tacoma,2020,3500,1
LEMON_TOYOTA_TACOMA_3500CC_2022,Toyota,Tacoma,2022,3500,1
LEMON_TOYOTA_TACOMA_2700CC_VINX_2022,Toyota,Tacoma,2022,2700,1
LEMON_TOYOTA_TACOMA_3500CC_VINZ_2022,Toyota,Tacoma,2022,3500,1
LEMON_TOYOTA_TACOMA_3500CC_2023,Toyota,Tacoma,2023,3500,1
LEMON_TOYOTA_TACOMA_2700CC_VINX_2023,Toyota,Tacoma,2023,2700,1
LEMON_TOYOTA_TACOMA_3500CC_VINZ_2023,Toyota,Tacoma,2023,3500,1
LEMON_TOYOTA_TACOMA_2400CC_VINB_2024,Toyota,Tacoma,2024,2400,1
LEMON_TOYOTA_TACOMA_2024,Toyota,Tacoma,2024,,1
LEMON_TOYOTA_TACOMA_2400CC_VINC_2024,Toyota,Tacoma,2024,2400,1
LEMON_TOYOTA_TACOMA_2400CC_VIND_2024,Toyota,Tacoma,2024,2400,1
LEMON_TOYOTA_TACOMA_2400CC_VINE_2024,Toyota,Tacoma,2024,2400,1
LEMON_TOYOTA_TACOMA_2400CC_VINB_2025,Toyota,Tacoma,2025,2400,1
LEMON_TOYOTA_TACOMA_2025,Toyota,Tacoma,2025,,1
LEMON_TOYOTA_TACOMA_2400CC_VIND_2025,Toyota,Tacoma,2025,2400,1
LEMON_TOYOTA_TACOMA_2400CC_VINC_2025,Toyota,Tacoma,2025,2400,1
LEMON_TOYOTA_TACOMA_2400CC_VINE_2025,Toyota,Tacoma,2025,2400,1
LEMON_TOYOTA_TUNDRA_4000CC_2005,Toyota,Tundra,2005,4000,1
LEMON_TOYOTA_TUNDRA_4700CC_2005,Toyota,Tundra,2005,4700,1
LEMON_TOYOTA_TUNDRA_4700CC_2006,Toyota,Tundra,2006,4700,1
LEMON_TOYOTA_TUNDRA_4000CC_2006,Toyota,Tundra,2006,4000,1
LEMON_TOYOTA_TUNDRA_4000CC_2007,Toyota,Tundra,2007,4000,1
LEMON_TOYOTA_TUNDRA_4700CC_2007,Toyota,Tundra,2007,4700,1
LEMON_TOYOTA_TUNDRA_5700CC_2007,Toyota,Tundra,2007,5700,1
LEMON_TOYOTA_TUNDRA_4000CC_2008,Toyota,Tundra,2008,4000,1
LEMON_TOYOTA_TUNDRA_4700CC_2008,Toyota,Tundra,2008,4700,1
LEMON_TOYOTA_TUNDRA_5700CC_2008,Toyota,Tundra,2008,5700,1
LEMON_TOYOTA_TUNDRA_4000CC_2009,Toyota,Tundra,2009,4000,1
LEMON_TOYOTA_TUNDRA_4700CC_2009,Toyota,Tundra,2009,4700,1
LEMON_TOYOTA_TUNDRA_5700CC_2009,Toyota,Tundra,2009,5700,1
LEMON_TOYOTA_TUNDRA_5700CC_VINW_2015,Toyota,Tundra,2015,5700,1
LEMON_TOYOTA_TUNDRA_5700CC_VINY_2015,Toyota,Tundra,2015,5700,1
LEMON_TOYOTA_TUNDRA_4600CC_VINM_2015,Toyota,Tundra,2015,4600,1
LEMON_TOYOTA_TUNDRA_5700CC_VINW_2016,Toyota,Tundra,2016,5700,1
LEMON_TOYOTA_TUNDRA_5700CC_VINY_2016,Toyota,Tundra,2016,5700,1
LEMON_TOYOTA_TUNDRA_4600CC_VINM_2016,Toyota,Tundra,2016,4600,1
LEMON_TOYOTA_TUNDRA_5700CC_VINW_2017,Toyota,Tundra,2017,5700,1
LEMON_TOYOTA_TUNDRA_5700CC_VINY_2017,Toyota,Tundra,2017,5700,1
LEMON_TOYOTA_TUNDRA_4600CC_VINM_2017,Toyota,Tundra,2017,4600,1
LEMON_TOYOTA_TUNDRA_5700CC_VINW_2018,Toyota,Tundra,2018,5700,1
LEMON_TOYOTA_TUNDRA_5700CC_VINY_2018,Toyota,Tundra,2018,5700,1
LEMON_TOYOTA_TUNDRA_4600CC_VINM_2018,Toyota,Tundra,2018,4600,1
LEMON_TOYOTA_TUNDRA_5700CC_2019,Toyota,Tundra,2019,5700,1
LEMON_TOYOTA_TUNDRA_4600CC_VINM_2019,Toyota,Tundra,2019,4600,1
LEMON_TOYOTA_TUNDRA_5700CC_VINY_2019,Toyota,Tundra,2019,5700,1
LEMON_TOYOTA_TUNDRA_5700CC_VINW_2019,Toyota,Tundra,2019,5700,1
LEMON_TOYOTA_TUNDRA_2020,Toyota,Tundra,2020,,1
LEMON_TOYOTA_TUNDRA_3400CC_VINA_2022,Toyota,Tundra,2022,3400,1
LEMON_TOYOTA_TUNDRA_3400CC_VINC_2022,Toyota,Tundra,2022,3400,1
LEMON_TOYOTA_TUNDRA_2022,Toyota,Tundra,2022,,1
LEMON_TOYOTA_TUNDRA_3400CC_VINA_2023,Toyota,Tundra,2023,3400,1
LEMON_TOYOTA_TUNDRA_3400CC_VINC_2023,Toyota,Tundra,2023,3400,1
LEMON_TOYOTA_TUNDRA_2023,Toyota,Tundra,2023,,1
LEMON_TOYOTA_TUNDRA_3400CC_VINA_2024,Toyota,Tundra,2024,3400,1
LEMON_TOYOTA_TUNDRA_3400CC_VINC_2024,Toyota,Tundra,2024,3400,1
LEMON_TOYOTA_TUNDRA_2024,Toyota,Tundra,2024,,1
LEMON_TOYOTA_TUNDRA_3400CC_VINA_2025,Toyota,Tundra,2025,3400,1
LEMON_TOYOTA_TUNDRA_3400CC_VINC_2025,Toyota,Tundra,2025,3400,1
LEMON_TOYOTA_TUNDRA_2025,Toyota,Tundra,2025,,1
LEMON_TOYOTA_VENZA_2700CC_2009,Toyota,Venza,2009,2700,1
LEMON_TOYOTA_VENZA_3500CC_2009,Toyota,Venza,2009,3500,1
LEMON_TOYOTA_VENZA_3500CC_2015,Toyota,Venza,2015,3500,1
LEMON_TOYOTA_VENZA_2700CC_2015,Toyota,Venza,2015,2700,1
LEMON_TOYOTA_VENZA_2700CC_VINA_2015,Toyota,Venza,2015,2700,1
LEMON_TOYOTA_VENZA_3500CC_VINK_2015,Toyota,Venza,2015,3500,1
LEMON_TOYOTA_VENZA_2700CC_VINA_2016,Toyota,Venza,2016,2700,1
LEMON_TOYOTA_VENZA_3500CC_VINK_2016,Toyota,Venza,2016,3500,1
LEMON_TOYOTA_VENZA_2022,Toyota,Venza,2022,,1
LEMON_TOYOTA_VENZA_2023,Toyota,Venza,2023,,1
LEMON_TOYOTA_VENZA_2024,Toyota,Venza,2024,,1
LEMON_TOYOTA_YARIS_2007,Toyota,Yaris,2007,,1
LEMON_TOYOTA_YARIS_2008,Toyota,Yaris,2008,,1
LEMON_TOYOTA_YARIS_2009,Toyota,Yaris,2009,,1
LEMON_TOYOTA_YARIS_2015_YARISL2DHATC,Toyota,Yaris,2015,,1
LEMON_TOYOTA_YARIS_2015_YARISL4DHATC,Toyota,Yaris,2015,,1
LEMON_TOYOTA_YARIS_2015_YARISLE2DHAT,Toyota,Yaris,2015,,1
LEMON_TOYOTA_YARIS_2015_YARISLE4DHAT,Toyota,Yaris,2015,,1
LEMON_TOYOTA_YARIS_2015_YARISSEAUTOM,Toyota,Yaris,2015,,1
LEMON_TOYOTA_YARIS_2015_YARISSESTAND,Toyota,Yaris,2015,,1
LEMON_TOYOTA_YARIS_2016,Toyota,Yaris,2016,,1
LEMON_TOYOTA_YARIS_2017,Toyota,Yaris,2017,,1
LEMON_TOYOTA_YARIS_2018,Toyota,Yaris,2018,,1
LEMON_TOYOTA_YARIS_2019,Toyota,Yaris,2019,,1
LEMON_TOYOTA_YARIS_2020,Toyota,Yaris,2020,,1
LEMON_TOYOTA_BZ4X_2023,Toyota,bZ4X,2023,,1
LEMON_TOYOTA_BZ4X_2024,Toyota,bZ4X,2024,,1
LEMON_TOYOTA_BZ4X_2025,Toyota,bZ4X,2025,,1
LEMON_VOLKSWAGEN_ARTEON_2019,Volkswagen,Arteon,2019,,1
LEMON_VOLKSWAGEN_ARTEON_2020,Volkswagen,Arteon,2020,,1
LEMON_VOLKSWAGEN_ARTEON_2021,Volkswagen,Arteon,2021,,1
LEMON_VOLKSWAGEN_ARTEON_2022,Volkswagen,Arteon,2022,,1
LEMON_VOLKSWAGEN_ARTEON_2023,Volkswagen,Arteon,2023,,1
LEMON_VOLKSWAGEN_ATLAS_3600CC_VINR_2018,Volkswagen,Atlas,2018,3600,1
LEMON_VOLKSWAGEN_ATLAS_2000CC_VINP_2018,Volkswagen,Atlas,2018,2000,1
LEMON_VOLKSWAGEN_ATLAS_3600CC_2018,Volkswagen,Atlas,2018,3600,1
LEMON_VOLKSWAGEN_ATLAS_3600CC_VINR_2019,Volkswagen,Atlas,2019,3600,1
LEMON_VOLKSWAGEN_ATLAS_3600CC_2019,Volkswagen,Atlas,2019,3600,1
LEMON_VOLKSWAGEN_ATLAS_2000CC_VINP_2019,Volkswagen,Atlas,2019,2000,1
LEMON_VOLKSWAGEN_ATLAS_2000CC_VINP_2020,Volkswagen,Atlas,2020,2000,1
LEMON_VOLKSWAGEN_ATLAS_3600CC_2020,Volkswagen,Atlas,2020,3600,1
LEMON_VOLKSWAGEN_ATLAS_3600CC_VINR_2020,Volkswagen,Atlas,2020,3600,1
LEMON_VOLKSWAGEN_ATLAS_2000CC_2020,Volkswagen,Atlas,2020,2000,1
LEMON_VOLKSWAGEN_ATLAS_2000CC_VINC_2020,Volkswagen,Atlas,2020,2000,1
LEMON_VOLKSWAGEN_ATLAS_3600CC_VINE_2020,Volkswagen,Atlas,2020,3600,1
LEMON_VOLKSWAGEN_ATLAS_2000CC_2021,Volkswagen,Atlas,2021,2000,1
LEMON_VOLKSWAGEN_ATLAS_3600CC_2021,Volkswagen,Atlas,2021,3600,1
LEMON_VOLKSWAGEN_ATLAS_2000CC_VINP_2021,Volkswagen,Atlas,2021,2000,1
LEMON_VOLKSWAGEN_ATLAS_3600CC_VINR_2021,Volkswagen,Atlas,2021,3600,1
LEMON_VOLKSWAGEN_ATLAS_2000CC_VINC_2021,Volkswagen,Atlas,2021,2000,1
LEMON_VOLKSWAGEN_ATLAS_3600CC_VINE_2021,Volkswagen,Atlas,2021,3600,1
LEMON_VOLKSWAGEN_ATLAS_2000CC_VINP_2022,Volkswagen,Atlas,2022,2000,1
LEMON_VOLKSWAGEN_ATLAS_3600CC_2022,Volkswagen,Atlas,2022,3600,1
LEMON_VOLKSWAGEN_ATLAS_3600CC_VINR_2022,Volkswagen,Atlas,2022,3600,1
LEMON_VOLKSWAGEN_ATLAS_2000CC_VINC_2022,Volkswagen,Atlas,2022,2000,1
LEMON_VOLKSWAGEN_ATLAS_3600CC_VINE_2022,Volkswagen,Atlas,2022,3600,1
LEMON_VOLKSWAGEN_ATLAS_2000CC_VINP_2023,Volkswagen,Atlas,2023,2000,1
LEMON_VOLKSWAGEN_ATLAS_3600CC_VINR_2023,Volkswagen,Atlas,2023,3600,1
LEMON_VOLKSWAGEN_ATLAS_3600CC_2023,Volkswagen,Atlas,2023,3600,1
LEMON_VOLKSWAGEN_ATLAS_2000CC_VINC_2023,Volkswagen,Atlas,2023,2000,1
LEMON_VOLKSWAGEN_ATLAS_3600CC_VINE_2023,Volkswagen,Atlas,2023,3600,1
LEMON_VOLKSWAGEN_ATLAS_2024,Volkswagen,Atlas,2024,,1
LEMON_VOLKSWAGEN_ATLAS_2025,Volkswagen,Atlas,2025,,1
LEMON_VOLKSWAGEN_BEETLE_1800CC_VIN1_2015,Volkswagen,Beetle,2015,1800,1
LEMON_VOLKSWAGEN_BEETLE_1800CC_VIN0_2015,Volkswagen,Beetle,2015,1800,1
LEMON_VOLKSWAGEN_BEETLE_2000CC_VINS_2015,Volkswagen,Beetle,2015,2000,1
LEMON_VOLKSWAGEN_BEETLE_2000CC_VINT_2015,Volkswagen,Beetle,2015,2000,1
LEMON_VOLKSWAGEN_BEETLE_1800CC_2015,Volkswagen,Beetle,2015,1800,1
LEMON_VOLKSWAGEN_BEETLE_2000CC_2015,Volkswagen,Beetle,2015,2000,1
LEMON_VOLKSWAGEN_BEETLE_1800CC_VIN1_2016,Volkswagen,Beetle,2016,1800,1
LEMON_VOLKSWAGEN_BEETLE_1800CC_VIN0_2016,Volkswagen,Beetle,2016,1800,1
LEMON_VOLKSWAGEN_BEETLE_2000CC_VINS_2016,Volkswagen,Beetle,2016,2000,1
LEMON_VOLKSWAGEN_BEETLE_2000CC_VINT_2016,Volkswagen,Beetle,2016,2000,1
LEMON_VOLKSWAGEN_BEETLE_1800CC_2016,Volkswagen,Beetle,2016,1800,1
LEMON_VOLKSWAGEN_BEETLE_1800CC_2017,Volkswagen,Beetle,2017,1800,1
LEMON_VOLKSWAGEN_BEETLE_2000CC_2017,Volkswagen,Beetle,2017,2000,1
LEMON_VOLKSWAGEN_BEETLE_2018,Volkswagen,Beetle,2018,,1
LEMON_VOLKSWAGEN_BEETLE_2019,Volkswagen,Beetle,2019,,1
LEMON_VOLKSWAGEN_CC_2000CC_2009,Volkswagen,CC,2009,2000,1
LEMON_VOLKSWAGEN_CC_3600CC_2009,Volkswagen,CC,2009,3600,1
LEMON_VOLKSWAGEN_CC_3600CC_2015,Volkswagen,CC,2015,3600,1
LEMON_VOLKSWAGEN_CC_2000CC_VINN_2015,Volkswagen,CC,2015,2000,1
LEMON_VOLKSWAGEN_CC_2000CC_VINP_2015,Volkswagen,CC,2015,2000,1
LEMON_VOLKSWAGEN_CC_2000CC_VINN_2016,Volkswagen,CC,2016,2000,1
LEMON_VOLKSWAGEN_CC_2000CC_VINP_2016,Volkswagen,CC,2016,2000,1
LEMON_VOLKSWAGEN_CC_2016,Volkswagen,CC,2016,,1
LEMON_VOLKSWAGEN_CC_2000CC_VINN_2017,Volkswagen,CC,2017,2000,1
LEMON_VOLKSWAGEN_CC_2000CC_VINP_2017,Volkswagen,CC,2017,2000,1
LEMON_VOLKSWAGEN_EOS_3200CC_2007,Volkswagen,Eos,2007,3200,1
LEMON_VOLKSWAGEN_EOS_2000CC_2007,Volkswagen,Eos,2007,2000,1
LEMON_VOLKSWAGEN_EOS_3200CC_2008,Volkswagen,Eos,2008,3200,1
LEMON_VOLKSWAGEN_EOS_2000CC_2008,Volkswagen,Eos,2008,2000,1
LEMON_VOLKSWAGEN_EOS_2009,Volkswagen,Eos,2009,,1
LEMON_VOLKSWAGEN_EOS_2000CC_VIND_2015,Volkswagen,Eos,2015,2000,1
LEMON_VOLKSWAGEN_EOS_2000CC_VINW_2015,Volkswagen,Eos,2015,2000,1
LEMON_VOLKSWAGEN_EOS_2000CC_VIND_2016,Volkswagen,Eos,2016,2000,1
LEMON_VOLKSWAGEN_EOS_2000CC_VINW_2016,Volkswagen,Eos,2016,2000,1
LEMON_VOLKSWAGEN_GLI_2008,Volkswagen,GLI,2008,,1
LEMON_VOLKSWAGEN_GLI_2009,Volkswagen,GLI,2009,,1
LEMON_VOLKSWAGEN_GTI_1800CC_2005,Volkswagen,GTI,2005,1800,1
LEMON_VOLKSWAGEN_GTI_2800CC_2005,Volkswagen,GTI,2005,2800,1
LEMON_VOLKSWAGEN_GTI_2000CC_2006,Volkswagen,GTI,2006,2000,1
LEMON_VOLKSWAGEN_GTI_1800CC_2006,Volkswagen,GTI,2006,1800,1
LEMON_VOLKSWAGEN_GTI_2007,Volkswagen,GTI,2007,,1
LEMON_VOLKSWAGEN_GTI_2008,Volkswagen,GTI,2008,,1
LEMON_VOLKSWAGEN_GTI_2009,Volkswagen,GTI,2009,,1
LEMON_VOLKSWAGEN_GTI_2000CC_VIN4_2015,Volkswagen,GTI,2015,2000,1
LEMON_VOLKSWAGEN_GTI_2000CC_VIN4_2016,Volkswagen,GTI,2016,2000,1
LEMON_VOLKSWAGEN_GTI_2000CC_VINT_2016,Volkswagen,GTI,2016,2000,1
LEMON_VOLKSWAGEN_GTI_2017,Volkswagen,GTI,2017,,1
LEMON_VOLKSWAGEN_GTI_2018,Volkswagen,GTI,2018,,1
LEMON_VOLKSWAGEN_GTI_2019,Volkswagen,GTI,2019,,1
LEMON_VOLKSWAGEN_GTI_2020,Volkswagen,GTI,2020,,1
LEMON_VOLKSWAGEN_GTI_2021,Volkswagen,GTI,2021,,1
LEMON_VOLKSWAGEN_GTI_2022,Volkswagen,GTI,2022,,1
LEMON_VOLKSWAGEN_GTI_2023,Volkswagen,GTI,2023,,1
LEMON_VOLKSWAGEN_GTI_2024,Volkswagen,GTI,2024,,1
LEMON_VOLKSWAGEN_GOLF_1900CC_2005,Volkswagen,Golf,2005,1900,1
LEMON_VOLKSWAGEN_GOLF_2000CC_2005,Volkswagen,Golf,2005,2000,1
LEMON_VOLKSWAGEN_GOLF_2000CC_2006,Volkswagen,Golf,2006,2000,1
LEMON_VOLKSWAGEN_GOLF_1900CC_2006,Volkswagen,Golf,2006,1900,1
LEMON_VOLKSWAGEN_GOLF_2007,Volkswagen,Golf,2007,,1
LEMON_VOLKSWAGEN_GOLF_2008,Volkswagen,Golf,2008,,1
LEMON_VOLKSWAGEN_GOLF_2009,Volkswagen,Golf,2009,,1
LEMON_VOLKSWAGEN_GOLF_2000CC_2015,Volkswagen,Golf,2015,2000,1
LEMON_VOLKSWAGEN_GOLF_2015_GOLFRAUTOMAT,Volkswagen,Golf,2015,,1
LEMON_VOLKSWAGEN_GOLF_2015_GOLFRSTANDAR,Volkswagen,Golf,2015,,1
LEMON_VOLKSWAGEN_GOLF_2016,Volkswagen,Golf,2016,,1
LEMON_VOLKSWAGEN_GOLF_2017,Volkswagen,Golf,2017,,1
LEMON_VOLKSWAGEN_GOLF_2018,Volkswagen,Golf,2018,,1
LEMON_VOLKSWAGEN_GOLF_2019,Volkswagen,Golf,2019,,1
LEMON_VOLKSWAGEN_GOLF_1400CC_VIN5_2019,Volkswagen,Golf,2019,1400,1
LEMON_VOLKSWAGEN_GOLF_1400CC_2019,Volkswagen,Golf,2019,1400,1
LEMON_VOLKSWAGEN_GOLF_2020,Volkswagen,Golf,2020,,1
LEMON_VOLKSWAGEN_GOLF_2021,Volkswagen,Golf,2021,,1
LEMON_VOLKSWAGEN_GOLF_2025,Volkswagen,Golf,2025,,1
LEMON_VOLKSWAGEN_JETTA_2500CC_2005,Volkswagen,Jetta,2005,2500,1
LEMON_VOLKSWAGEN_JETTA_1800CC_2005,Volkswagen,Jetta,2005,1800,1
LEMON_VOLKSWAGEN_JETTA_2000CC_2005,Volkswagen,Jetta,2005,2000,1
LEMON_VOLKSWAGEN_JETTA_1900CC_2005,Volkswagen,Jetta,2005,1900,1
LEMON_VOLKSWAGEN_JETTA_2000CC_2006,Volkswagen,Jetta,2006,2000,1
LEMON_VOLKSWAGEN_JETTA_2500CC_2006,Volkswagen,Jetta,2006,2500,1
LEMON_VOLKSWAGEN_JETTA_1900CC_2006,Volkswagen,Jetta,2006,1900,1
LEMON_VOLKSWAGEN_JETTA_2000CC_2007,Volkswagen,Jetta,2007,2000,1
LEMON_VOLKSWAGEN_JETTA_2500CC_2007,Volkswagen,Jetta,2007,2500,1
LEMON_VOLKSWAGEN_JETTA_2500CC_2008,Volkswagen,Jetta,2008,2500,1
LEMON_VOLKSWAGEN_JETTA_2000CC_2008,Volkswagen,Jetta,2008,2000,1
LEMON_VOLKSWAGEN_JETTA_2500CC_2009,Volkswagen,Jetta,2009,2500,1
LEMON_VOLKSWAGEN_JETTA_2000CC_2009,Volkswagen,Jetta,2009,2000,1
LEMON_VOLKSWAGEN_JETTA_2000CC_VINT_2016,Volkswagen,Jetta,2016,2000,1
LEMON_VOLKSWAGEN_JETTA_1400CC_2016,Volkswagen,Jetta,2016,1400,1
LEMON_VOLKSWAGEN_JETTA_1800CC_VIN1_2016,Volkswagen,Jetta,2016,1800,1
LEMON_VOLKSWAGEN_JETTA_1800CC_VIN0_2016,Volkswagen,Jetta,2016,1800,1
LEMON_VOLKSWAGEN_JETTA_2000CC_2017,Volkswagen,Jetta,2017,2000,1
LEMON_VOLKSWAGEN_JETTA_1400CC_VIN6_2017,Volkswagen,Jetta,2017,1400,1
LEMON_VOLKSWAGEN_JETTA_1400CC_VINB_2017,Volkswagen,Jetta,2017,1400,1
LEMON_VOLKSWAGEN_JETTA_1800CC_2017,Volkswagen,Jetta,2017,1800,1
LEMON_VOLKSWAGEN_JETTA_1400CC_VIN6_2018,Volkswagen,Jetta,2018,1400,1
LEMON_VOLKSWAGEN_JETTA_1400CC_VINB_2018,Volkswagen,Jetta,2018,1400,1
LEMON_VOLKSWAGEN_JETTA_2000CC_2019,Volkswagen,Jetta,2019,2000,1
LEMON_VOLKSWAGEN_JETTA_1400CC_VIN5_2019,Volkswagen,Jetta,2019,1400,1
LEMON_VOLKSWAGEN_JETTA_1400CC_VINB_2019,Volkswagen,Jetta,2019,1400,1
LEMON_VOLKSWAGEN_JETTA_2000CC_2020,Volkswagen,Jetta,2020,2000,1
LEMON_VOLKSWAGEN_JETTA_1400CC_VINB_2020,Volkswagen,Jetta,2020,1400,1
LEMON_VOLKSWAGEN_JETTA_1400CC_VIN5_2020,Volkswagen,Jetta,2020,1400,1
LEMON_VOLKSWAGEN_JETTA_2000CC_2021,Volkswagen,Jetta,2021,2000,1
LEMON_VOLKSWAGEN_JETTA_1400CC_2021,Volkswagen,Jetta,2021,1400,1
LEMON_VOLKSWAGEN_JETTA_1500CC_2022,Volkswagen,Jetta,2022,1500,1
LEMON_VOLKSWAGEN_JETTA_2000CC_2022,Volkswagen,Jetta,2022,2000,1
LEMON_VOLKSWAGEN_JETTA_2000CC_2023,Volkswagen,Jetta,2023,2000,1
LEMON_VOLKSWAGEN_JETTA_1500CC_2023,Volkswagen,Jetta,2023,1500,1
LEMON_VOLKSWAGEN_JETTA_2000CC_2024,Volkswagen,Jetta,2024,2000,1
LEMON_VOLKSWAGEN_JETTA_1500CC_2024,Volkswagen,Jetta,2024,1500,1
LEMON_VOLKSWAGEN_JETTA_2000CC_2025,Volkswagen,Jetta,2025,2000,1
LEMON_VOLKSWAGEN_JETTA_1500CC_2025,Volkswagen,Jetta,2025,1500,1
LEMON_VOLKSWAGEN_NEW_2000CC_2005,Volkswagen,New,2005,2000,1
LEMON_VOLKSWAGEN_NEW_1800CC_2005,Volkswagen,New,2005,1800,1
LEMON_VOLKSWAGEN_NEW_1900CC_2005,Volkswagen,New,2005,1900,1
LEMON_VOLKSWAGEN_NEW_2500CC_2006,Volkswagen,New,2006,2500,1
LEMON_VOLKSWAGEN_NEW_1900CC_2006,Volkswagen,New,2006,1900,1
LEMON_VOLKSWAGEN_NEW_2007,Volkswagen,New,2007,,1
LEMON_VOLKSWAGEN_NEW_2008,Volkswagen,New,2008,,1
LEMON_VOLKSWAGEN_NEW_2009,Volkswagen,New,2009,,1
LEMON_VOLKSWAGEN_PASSAT_1800CC_2005,Volkswagen,Passat,2005,1800,1
LEMON_VOLKSWAGEN_PASSAT_2000CC_2005,Volkswagen,Passat,2005,2000,1
LEMON_VOLKSWAGEN_PASSAT_2800CC_2005,Volkswagen,Passat,2005,2800,1
LEMON_VOLKSWAGEN_PASSAT_2000CC_2006,Volkswagen,Passat,2006,2000,1
LEMON_VOLKSWAGEN_PASSAT_3600CC_2006,Volkswagen,Passat,2006,3600,1
LEMON_VOLKSWAGEN_PASSAT_2000CC_2007,Volkswagen,Passat,2007,2000,1
LEMON_VOLKSWAGEN_PASSAT_3600CC_2007,Volkswagen,Passat,2007,3600,1
LEMON_VOLKSWAGEN_PASSAT_2000CC_2008,Volkswagen,Passat,2008,2000,1
LEMON_VOLKSWAGEN_PASSAT_3600CC_2008,Volkswagen,Passat,2008,3600,1
LEMON_VOLKSWAGEN_PASSAT_2009,Volkswagen,Passat,2009,,1
LEMON_VOLKSWAGEN_PASSAT_1800CC_VINS_2015,Volkswagen,Passat,2015,1800,1
LEMON_VOLKSWAGEN_PASSAT_1800CC_VINT_2015,Volkswagen,Passat,2015,1800,1
LEMON_VOLKSWAGEN_PASSAT_3600CC_VINM_2015,Volkswagen,Passat,2015,3600,1
LEMON_VOLKSWAGEN_PASSAT_2000CC_2015,Volkswagen,Passat,2015,2000,1
LEMON_VOLKSWAGEN_PASSAT_1800CC_VINS_2016,Volkswagen,Passat,2016,1800,1
LEMON_VOLKSWAGEN_PASSAT_1800CC_VINT_2016,Volkswagen,Passat,2016,1800,1
LEMON_VOLKSWAGEN_PASSAT_3600CC_VINM_2016,Volkswagen,Passat,2016,3600,1
LEMON_VOLKSWAGEN_PASSAT_1800CC_2017,Volkswagen,Passat,2017,1800,1
LEMON_VOLKSWAGEN_PASSAT_1800CC_VINT_2017,Volkswagen,Passat,2017,1800,1
LEMON_VOLKSWAGEN_PASSAT_3600CC_VINM_2017,Volkswagen,Passat,2017,3600,1
LEMON_VOLKSWAGEN_PASSAT_2018,Volkswagen,Passat,2018,,1
LEMON_VOLKSWAGEN_PASSAT_3600CC_VINM_2018,Volkswagen,Passat,2018,3600,1
LEMON_VOLKSWAGEN_PASSAT_2000CC_VINA_2018,Volkswagen,Passat,2018,2000,1
LEMON_VOLKSWAGEN_PASSAT_2022,Volkswagen,Passat,2022,,1
LEMON_VOLKSWAGEN_PHAETON_6000CC_2005,Volkswagen,Phaeton,2005,6000,1
LEMON_VOLKSWAGEN_PHAETON_6000CC_2006,Volkswagen,Phaeton,2006,6000,1
LEMON_VOLKSWAGEN_R32_2008,Volkswagen,R32,2008,,1
LEMON_VOLKSWAGEN_RABBIT_2006,Volkswagen,Rabbit,2006,,1
LEMON_VOLKSWAGEN_RABBIT_2007,Volkswagen,Rabbit,2007,,1
LEMON_VOLKSWAGEN_RABBIT_2008,Volkswagen,Rabbit,2008,,1
LEMON_VOLKSWAGEN_RABBIT_2009,Volkswagen,Rabbit,2009,,1
LEMON_VOLKSWAGEN_ROUTAN_4000CC_2009,Volkswagen,Routan,2009,4000,1
LEMON_VOLKSWAGEN_ROUTAN_3800CC_2009,Volkswagen,Routan,2009,3800,1
LEMON_VOLKSWAGEN_TAOS_2022,Volkswagen,Taos,2022,,1
LEMON_VOLKSWAGEN_TAOS_2023,Volkswagen,Taos,2023,,1
LEMON_VOLKSWAGEN_TAOS_2024,Volkswagen,Taos,2024,,1
LEMON_VOLKSWAGEN_TAOS_2025,Volkswagen,Taos,2025,,1
LEMON_VOLKSWAGEN_TIGUAN_2009,Volkswagen,Tiguan,2009,,1
LEMON_VOLKSWAGEN_TIGUAN_2015_TIGUANRLINE4,Volkswagen,Tiguan,2015,,1
LEMON_VOLKSWAGEN_TIGUAN_2015_TIGUANS4DUTI,Volkswagen,Tiguan,2015,,1
LEMON_VOLKSWAGEN_TIGUAN_2015_TIGUANSE4DUT,Volkswagen,Tiguan,2015,,1
LEMON_VOLKSWAGEN_TIGUAN_2015_TIGUANSEL4DU,Volkswagen,Tiguan,2015,,1
LEMON_VOLKSWAGEN_TIGUAN_2016,Volkswagen,Tiguan,2016,,1
LEMON_VOLKSWAGEN_TIGUAN_2017,Volkswagen,Tiguan,2017,,1
LEMON_VOLKSWAGEN_TIGUAN_2018,Volkswagen,Tiguan,2018,,1
LEMON_VOLKSWAGEN_TIGUAN_2019,Volkswagen,Tiguan,2019,,1
LEMON_VOLKSWAGEN_TIGUAN_2020,Volkswagen,Tiguan,2020,,1
LEMON_VOLKSWAGEN_TIGUAN_2022,Volkswagen,Tiguan,2022,,1
LEMON_VOLKSWAGEN_TIGUAN_2023,Volkswagen,Tiguan,2023,,1
LEMON_VOLKSWAGEN_TIGUAN_2024,Volkswagen,Tiguan,2024,,1
LEMON_VOLKSWAGEN_TOUAREG_3200CC_2005,Volkswagen,Touareg,2005,3200,1
LEMON_VOLKSWAGEN_TOUAREG_4200CC_2005,Volkswagen,Touareg,2005,4200,1
LEMON_VOLKSWAGEN_TOUAREG_3200CC_2006,Volkswagen,Touareg,2006,3200,1
LEMON_VOLKSWAGEN_TOUAREG_3600CC_2006,Volkswagen,Touareg,2006,3600,1
LEMON_VOLKSWAGEN_TOUAREG_4200CC_2006,Volkswagen,Touareg,2006,4200,1
LEMON_VOLKSWAGEN_TOUAREG_5000CC_2006,Volkswagen,Touareg,2006,5000,1
LEMON_VOLKSWAGEN_TOUAREG_3600CC_2007,Volkswagen,Touareg,2007,3600,1
LEMON_VOLKSWAGEN_TOUAREG_4200CC_2007,Volkswagen,Touareg,2007,4200,1
LEMON_VOLKSWAGEN_TOUAREG_5000CC_2007,Volkswagen,Touareg,2007,5000,1
LEMON_VOLKSWAGEN_TOUAREG_3600CC_2008,Volkswagen,Touareg,2008,3600,1
LEMON_VOLKSWAGEN_TOUAREG_4200CC_2008,Volkswagen,Touareg,2008,4200,1
LEMON_VOLKSWAGEN_TOUAREG_5000CC_2008,Volkswagen,Touareg,2008,5000,1
LEMON_VOLKSWAGEN_TOUAREG_3600CC_2009,Volkswagen,Touareg,2009,3600,1
LEMON_VOLKSWAGEN_TOUAREG_3000CC_2009,Volkswagen,Touareg,2009,3000,1
LEMON_VOLKSWAGEN_TOUAREG_4200CC_2009,Volkswagen,Touareg,2009,4200,1
LEMON_VOLKSWAGEN_TOUAREG_3000CC_2015,Volkswagen,Touareg,2015,3000,1
LEMON_VOLKSWAGEN_TOUAREG_3600CC_2015,Volkswagen,Touareg,2015,3600,1
LEMON_VOLKSWAGEN_TOUAREG_2016,Volkswagen,Touareg,2016,,1
LEMON_VOLKSWAGEN_TOUAREG_2017,Volkswagen,Touareg,2017,,1
LEMON_VOLKSWAGEN_E_GOLF_2015_EGOLFLIMITED,Volkswagen,e-Golf,2015,,1
LEMON_VOLKSWAGEN_E_GOLF_2015_EGOLFSELPREM,Volkswagen,e-Golf,2015,,1
LEMON_VOLKSWAGEN_E_GOLF_2016,Volkswagen,e-Golf,2016,,1
LEMON_VOLKSWAGEN_E_GOLF_2017,Volkswagen,e-Golf,2017,,1
LEMON_VOLVO_C30_2008,Volvo,C30,2008,,1
LEMON_VOLVO_C30_2009,Volvo,C30,2009,,1
LEMON_VOLVO_C70_2006,Volvo,C70,2006,,1
LEMON_VOLVO_C70_2007,Volvo,C70,2007,,1
LEMON_VOLVO_C70_2008,Volvo,C70,2008,,1
LEMON_VOLVO_C70_2009,Volvo,C70,2009,,1
LEMON_VOLVO_S40_2005,Volvo,S40,2005,,1
LEMON_VOLVO_S40_2006,Volvo,S40,2006,,1
LEMON_VOLVO_S40_2007,Volvo,S40,2007,,1
LEMON_VOLVO_S40_2008,Volvo,S40,2008,,1
LEMON_VOLVO_S40_2009,Volvo,S40,2009,,1
LEMON_VOLVO_S60_2005,Volvo,S60,2005,,1
LEMON_VOLVO_S60_2006,Volvo,S60,2006,,1
LEMON_VOLVO_S60_2007,Volvo,S60,2007,,1
LEMON_VOLVO_S60_2008,Volvo,S60,2008,,1
LEMON_VOLVO_S60_2009,Volvo,S60,2009,,1
LEMON_VOLVO_S60_2000CC_VIN49_2015,Volvo,S60,2015,2000,1
LEMON_VOLVO_S60_3000CC_2015,Volvo,S60,2015,3000,1
LEMON_VOLVO_S60_2000CC_VIN40_2015,Volvo,S60,2015,2000,1
LEMON_VOLVO_S60_2000CC_VIN26_2015,Volvo,S60,2015,2000,1
LEMON_VOLVO_S60_2500CC_VIN61_2015,Volvo,S60,2015,2500,1
LEMON_VOLVO_S60_2000CC_VIN27_2015,Volvo,S60,2015,2000,1
LEMON_VOLVO_S60_2500CC_VIN61_2016,Volvo,S60,2016,2500,1
LEMON_VOLVO_S60_2000CC_VIN26_2016,Volvo,S60,2016,2000,1
LEMON_VOLVO_S60_2000CC_VIN40_2016,Volvo,S60,2016,2000,1
LEMON_VOLVO_S60_2000CC_2016,Volvo,S60,2016,2000,1
LEMON_VOLVO_S60_3000CC_VIN90_2016,Volvo,S60,2016,3000,1
LEMON_VOLVO_S60_2000CC_VIN49_2016,Volvo,S60,2016,2000,1
LEMON_VOLVO_S60_3000CC_2016,Volvo,S60,2016,3000,1
LEMON_VOLVO_S60_2016,Volvo,S60,2016,,1
LEMON_VOLVO_S60_2017,Volvo,S60,2017,,1
LEMON_VOLVO_S60_2000CC_VIN26_2017,Volvo,S60,2017,2000,1
LEMON_VOLVO_S60_2000CC_VIN40_2017,Volvo,S60,2017,2000,1
LEMON_VOLVO_S60_2018,Volvo,S60,2018,,1
LEMON_VOLVO_S60_2019,Volvo,S60,2019,,1
LEMON_VOLVO_S60_2020,Volvo,S60,2020,,1
LEMON_VOLVO_S60_2021,Volvo,S60,2021,,1
LEMON_VOLVO_S60_2022,Volvo,S60,2022,,1
LEMON_VOLVO_S60_2000CC_VINBR_2022,Volvo,S60,2022,2000,1
LEMON_VOLVO_S60_2000CC_VINH6_2022,Volvo,S60,2022,2000,1
LEMON_VOLVO_S60_2000CC_VINBK_2022,Volvo,S60,2022,2000,1
LEMON_VOLVO_S60_2023,Volvo,S60,2023,,1
LEMON_VOLVO_S60_2024,Volvo,S60,2024,,1
LEMON_VOLVO_S60_2025,Volvo,S60,2025,,1
LEMON_VOLVO_S80_2500CC_2005,Volvo,S80,2005,2500,1
LEMON_VOLVO_S80_2900CC_2005,Volvo,S80,2005,2900,1
LEMON_VOLVO_S80_2006,Volvo,S80,2006,,1
LEMON_VOLVO_S80_4400CC_2007,Volvo,S80,2007,4400,1
LEMON_VOLVO_S80_3200CC_2007,Volvo,S80,2007,3200,1
LEMON_VOLVO_S80_3200CC_2008,Volvo,S80,2008,3200,1
LEMON_VOLVO_S80_3000CC_2008,Volvo,S80,2008,3000,1
LEMON_VOLVO_S80_4400CC_2008,Volvo,S80,2008,4400,1
LEMON_VOLVO_S80_3200CC_2009,Volvo,S80,2009,3200,1
LEMON_VOLVO_S80_3000CC_2009,Volvo,S80,2009,3000,1
LEMON_VOLVO_S80_4400CC_2009,Volvo,S80,2009,4400,1
LEMON_VOLVO_S80_2000CC_VIN26_2015,Volvo,S80,2015,2000,1
LEMON_VOLVO_S80_2000CC_VIN40_2015,Volvo,S80,2015,2000,1
LEMON_VOLVO_S80_3000CC_2015,Volvo,S80,2015,3000,1
LEMON_VOLVO_S80_2000CC_2016,Volvo,S80,2016,2000,1
LEMON_VOLVO_S90_2017,Volvo,S90,2017,,1
LEMON_VOLVO_S90_2000CC_VIN98_2018,Volvo,S90,2018,2000,1
LEMON_VOLVO_S90_2000CC_VIN10_2018,Volvo,S90,2018,2000,1
LEMON_VOLVO_S90_2000CC_VIN99_2018,Volvo,S90,2018,2000,1
LEMON_VOLVO_S90_2000CC_VINBC_2018,Volvo,S90,2018,2000,1
LEMON_VOLVO_S90_2000CC_VINA2_2018,Volvo,S90,2018,2000,1
LEMON_VOLVO_S90_2000CC_VINBR_2018,Volvo,S90,2018,2000,1
LEMON_VOLVO_S90_2019,Volvo,S90,2019,,1
LEMON_VOLVO_S90_2020,Volvo,S90,2020,,1
LEMON_VOLVO_S90_2021,Volvo,S90,2021,,1
LEMON_VOLVO_S90_2022,Volvo,S90,2022,,1
LEMON_VOLVO_S90_2000CC_VINBR_2022,Volvo,S90,2022,2000,1
LEMON_VOLVO_S90_2000CC_VINH6_2022,Volvo,S90,2022,2000,1
LEMON_VOLVO_S90_2023,Volvo,S90,2023,,1
LEMON_VOLVO_S90_2024,Volvo,S90,2024,,1
LEMON_VOLVO_S90_2025,Volvo,S90,2025,,1
LEMON_VOLVO_V50_2005,Volvo,V50,2005,,1
LEMON_VOLVO_V50_2006,Volvo,V50,2006,,1
LEMON_VOLVO_V50_2007,Volvo,V50,2007,,1
LEMON_VOLVO_V50_2008,Volvo,V50,2008,,1
LEMON_VOLVO_V50_2009,Volvo,V50,2009,,1
LEMON_VOLVO_V60_2000CC_VIN26_2015,Volvo,V60,2015,2000,1
LEMON_VOLVO_V60_2000CC_VIN40_2015,Volvo,V60,2015,2000,1
LEMON_VOLVO_V60_2500CC_VIN61_2015,Volvo,V60,2015,2500,1
LEMON_VOLVO_V60_3000CC_2015,Volvo,V60,2015,3000,1
LEMON_VOLVO_V60_2015_V60CROSSCOUN,Volvo,V60,2015,,1
LEMON_VOLVO_V60_2000CC_VIN40_2016,Volvo,V60,2016,2000,1
LEMON_VOLVO_V60_2000CC_VIN26_2016,Volvo,V60,2016,2000,1
LEMON_VOLVO_V60_2500CC_VIN61_2016,Volvo,V60,2016,2500,1
LEMON_VOLVO_V60_3000CC_2016,Volvo,V60,2016,3000,1
LEMON_VOLVO_V60_3000CC_VIN90_2016,Volvo,V60,2016,3000,1
LEMON_VOLVO_V60_2000CC_VIN49_2016,Volvo,V60,2016,2000,1
LEMON_VOLVO_V60_2016,Volvo,V60,2016,,1
LEMON_VOLVO_V60_2017,Volvo,V60,2017,,1
LEMON_VOLVO_V60_2018,Volvo,V60,2018,,1
LEMON_VOLVO_V60_2019,Volvo,V60,2019,,1
LEMON_VOLVO_V60_2020,Volvo,V60,2020,,1
LEMON_VOLVO_V60_2021,Volvo,V60,2021,,1
LEMON_VOLVO_V60_2000CC_VINBK_2022,Volvo,V60,2022,2000,1
LEMON_VOLVO_V60_2000CC_VINH6_2022,Volvo,V60,2022,2000,1
LEMON_VOLVO_V60_2022,Volvo,V60,2022,,1
LEMON_VOLVO_V60_2023,Volvo,V60,2023,,1
LEMON_VOLVO_V60_2024,Volvo,V60,2024,,1
LEMON_VOLVO_V60_2025,Volvo,V60,2025,,1
LEMON_VOLVO_V70_2005,Volvo,V70,2005,,1
LEMON_VOLVO_V70_2006,Volvo,V70,2006,,1
LEMON_VOLVO_V70_2007,Volvo,V70,2007,,1
LEMON_VOLVO_V70_2008,Volvo,V70,2008,,1
LEMON_VOLVO_V70_2009,Volvo,V70,2009,,1
LEMON_VOLVO_V90_2017,Volvo,V90,2017,,1
LEMON_VOLVO_V90_2018,Volvo,V90,2018,,1
LEMON_VOLVO_V90_2019,Volvo,V90,2019,,1
LEMON_VOLVO_V90_2020,Volvo,V90,2020,,1
LEMON_VOLVO_V90_2021,Volvo,V90,2021,,1
LEMON_VOLVO_V90_2022,Volvo,V90,2022,,1
LEMON_VOLVO_V90_2023,Volvo,V90,2023,,1
LEMON_VOLVO_V90_2024,Volvo,V90,2024,,1
LEMON_VOLVO_V90_2025,Volvo,V90,2025,,1
LEMON_VOLVO_XC40_2019,Volvo,XC40,2019,,1
LEMON_VOLVO_XC40_2020,Volvo,XC40,2020,,1
LEMON_VOLVO_XC40_2021,Volvo,XC40,2021,,1
LEMON_VOLVO_XC40_2022,Volvo,XC40,2022,,1
LEMON_VOLVO_XC40_2023,Volvo,XC40,2023,,1
LEMON_VOLVO_XC40_2024,Volvo,XC40,2024,,1
LEMON_VOLVO_XC40_2025,Volvo,XC40,2025,,1
LEMON_VOLVO_XC60_2000CC_VIN40_2016,Volvo,XC60,2016,2000,1
LEMON_VOLVO_XC60_2500CC_VIN61_2016,Volvo,XC60,2016,2500,1
LEMON_VOLVO_XC60_2000CC_VIN49_2016,Volvo,XC60,2016,2000,1
LEMON_VOLVO_XC60_3000CC_VIN90_2016,Volvo,XC60,2016,3000,1
LEMON_VOLVO_XC60_2016,Volvo,XC60,2016,,1
LEMON_VOLVO_XC60_2017,Volvo,XC60,2017,,1
LEMON_VOLVO_XC60_2018,Volvo,XC60,2018,,1
LEMON_VOLVO_XC60_2019,Volvo,XC60,2019,,1
LEMON_VOLVO_XC60_2020,Volvo,XC60,2020,,1
LEMON_VOLVO_XC60_2021,Volvo,XC60,2021,,1
LEMON_VOLVO_XC60_2022,Volvo,XC60,2022,,1
LEMON_VOLVO_XC60_2000CC_VINH6_2022,Volvo,XC60,2022,2000,1
LEMON_VOLVO_XC60_2000CC_VINBR_2022,Volvo,XC60,2022,2000,1
LEMON_VOLVO_XC60_2000CC_VINBK_2022,Volvo,XC60,2022,2000,1
LEMON_VOLVO_XC60_2023,Volvo,XC60,2023,,1
LEMON_VOLVO_XC60_2024,Volvo,XC60,2024,,1
LEMON_VOLVO_XC60_2025,Volvo,XC60,2025,,1
LEMON_VOLVO_XC70_2005,Volvo,XC70,2005,,1
LEMON_VOLVO_XC70_2006,Volvo,XC70,2006,,1
LEMON_VOLVO_XC70_2007,Volvo,XC70,2007,,1
LEMON_VOLVO_XC70_2008,Volvo,XC70,2008,,1
LEMON_VOLVO_XC70_2009,Volvo,XC70,2009,,1
LEMON_VOLVO_XC70_3200CC_VIN94_2015,Volvo,XC70,2015,3200,1
LEMON_VOLVO_XC70_2000CC_2015,Volvo,XC70,2015,2000,1
LEMON_VOLVO_XC70_3200CC_VIN95_2015,Volvo,XC70,2015,3200,1
LEMON_VOLVO_XC70_3000CC_2015,Volvo,XC70,2015,3000,1
LEMON_VOLVO_XC70_2000CC_VIN40_2016,Volvo,XC70,2016,2000,1
LEMON_VOLVO_XC70_2500CC_VIN61_2016,Volvo,XC70,2016,2500,1
LEMON_VOLVO_XC90_2500CC_2005,Volvo,XC90,2005,2500,1
LEMON_VOLVO_XC90_4400CC_2005,Volvo,XC90,2005,4400,1
LEMON_VOLVO_XC90_2900CC_2005,Volvo,XC90,2005,2900,1
LEMON_VOLVO_XC90_2500CC_2006,Volvo,XC90,2006,2500,1
LEMON_VOLVO_XC90_4400CC_2006,Volvo,XC90,2006,4400,1
LEMON_VOLVO_XC90_3200CC_2007,Volvo,XC90,2007,3200,1
LEMON_VOLVO_XC90_4400CC_2007,Volvo,XC90,2007,4400,1
LEMON_VOLVO_XC90_4400CC_2008,Volvo,XC90,2008,4400,1
LEMON_VOLVO_XC90_3200CC_2008,Volvo,XC90,2008,3200,1
LEMON_VOLVO_XC90_3200CC_2009,Volvo,XC90,2009,3200,1
LEMON_VOLVO_XC90_4400CC_2009,Volvo,XC90,2009,4400,1
LEMON_VOLVO_XC90_2016,Volvo,XC90,2016,,1
LEMON_VOLVO_XC90_2017,Volvo,XC90,2017,,1
LEMON_VOLVO_XC90_2018,Volvo,XC90,2018,,1
LEMON_VOLVO_XC90_2019,Volvo,XC90,2019,,1
LEMON_VOLVO_XC90_2020,Volvo,XC90,2020,,1
LEMON_VOLVO_XC90_2021,Volvo,XC90,2021,,1
LEMON_VOLVO_XC90_2022,Volvo,XC90,2022,,1
LEMON_VOLVO_XC90_2000CC_VINBR_2022,Volvo,XC90,2022,2000,1
LEMON_VOLVO_XC90_2000CC_VINH6_2022,Volvo,XC90,2022,2000,1
LEMON_VOLVO_XC90_2023,Volvo,XC90,2023,,1
LEMON_VOLVO_XC90_2024,Volvo,XC90,2024,,1
LEMON_VOLVO_XC90_2025,Volvo,XC90,2025,,1
