variant_id,brand,model,field,old,new,evidence
219,Aston Martin,Dbs,engine_type-pattern,6.0 V12 Carbon Black Special Edition,NULL,DB-internal consistency (etype vs linked engine cc)
223,Aston Martin,Dbs,engine_type-spoof,6.0 V12 UB-2010 Limited Edition,NULL,DB-internal consistency (etype vs linked engine cc)
226,Aston Martin,Dbs,engine_type-pattern,6.0 V12 Volante Carbon Black Special Edition,NULL,DB-internal consistency (etype vs linked engine cc)
230,Aston Martin,Dbs,engine_type-pattern,6.0 V12 Volante UB-2010 Limited Edition,NULL,DB-internal consistency (etype vs linked engine cc)
234,Aston Martin,V12 Vantage,engine_type-pattern,6.0 V12 Carbon Black Special Edition,NULL,DB-internal consistency (etype vs linked engine cc)
986,Audi,A4,engine_type-pattern,3.0 TDI Clean Diesel Quattro S-Tronic,NULL,DB-internal consistency (etype vs linked engine cc)
987,Audi,A4,engine_type-pattern,3.0 TDI Clean Diesel Quattro S-Tronic,NULL,DB-internal consistency (etype vs linked engine cc)
988,Audi,A4,engine_type-pattern,3.0 TDI Clean Diesel Quattro Tiptronic,NULL,DB-internal consistency (etype vs linked engine cc)
1053,Audi,A4,engine_type-pattern,2.0 TFSI Quattro Flexible Fuel (gas.),2.0 TFSI Flexible Fuel,DB-internal consistency (etype vs linked engine cc)
1378,Audi,A6,engine_type-spoof,2.7 V6 TDI (163) DPF,2.0 TDI (163),DB-internal consistency (etype vs linked engine cc)
1382,Audi,A6,engine_type-spoof,2.7 V6 TDI (163) Multitronic DPF,2.0 TDI (163),DB-internal consistency (etype vs linked engine cc)
1383,Audi,A6,engine_type-pattern,2.7 V6 TDI (163) Quattro Tiptronic DPF,2.7 V6 TDI (163) DPF,DB-internal consistency (etype vs linked engine cc)
1384,Audi,A6,engine_type-pattern,2.7 V6 TDI (163) Quattro Tiptronic DPF,NULL,DB-internal consistency (etype vs linked engine cc)
1387,Audi,A6,engine_type-pattern,2.7 V6 TDI (190) Quattro Tiptronic DPF,NULL,DB-internal consistency (etype vs linked engine cc)
1397,Audi,A6,engine_type-pattern,3.0 V6 TDI Quattro Tiptronic Automatic,3.0 V6 TDI Quattro DPF,DB-internal consistency (etype vs linked engine cc)
1433,Audi,A6,engine_type-pattern,3.0 TDI Clean Diesel (218) Quattro S-Tronic,NULL,DB-internal consistency (etype vs linked engine cc)
1435,Audi,A6,engine_type-pattern,3.0 TDI Clean Diesel (272) Quattro S-Tronic,NULL,DB-internal consistency (etype vs linked engine cc)
1436,Audi,A6,engine_type-pattern,3.0 TDI Clean Diesel Biturbo (320) Quattro Tiptronic,NULL,DB-internal consistency (etype vs linked engine cc)
1437,Audi,A6,engine_type-pattern,3.0 TDI Clean Diesel Quattro S-Tronic,NULL,DB-internal consistency (etype vs linked engine cc)
1438,Audi,A6,engine_type-pattern,3.0 TDI Clean Diesel Quattro S-Tronic,NULL,DB-internal consistency (etype vs linked engine cc)
1439,Audi,A6,engine_type-pattern,3.0 TDI Clean Diesel Quattro Tiptronic,NULL,DB-internal consistency (etype vs linked engine cc)
1440,Audi,A6,engine_type-pattern,3.0 TDI Competition Quattro Tiptronic,NULL,DB-internal consistency (etype vs linked engine cc)
1486,Audi,A6 Allroad,engine_type-pattern,3.0 TDI Clean Diesel (211) Quattro S-Tronic,NULL,DB-internal consistency (etype vs linked engine cc)
1487,Audi,A6 Allroad,engine_type-pattern,3.0 TDI Clean Diesel (211) Quattro S-Tronic,NULL,DB-internal consistency (etype vs linked engine cc)
1488,Audi,A6 Allroad,engine_type-pattern,3.0 TDI Clean Diesel (218) Quattro S-Tronic,NULL,DB-internal consistency (etype vs linked engine cc)
1489,Audi,A6 Allroad,engine_type-pattern,3.0 TDI Clean Diesel (272) Quattro S-Tronic,NULL,DB-internal consistency (etype vs linked engine cc)
1490,Audi,A6 Allroad,engine_type-pattern,3.0 TDI Clean Diesel Biturbo (320) Quattro Tiptronic,NULL,DB-internal consistency (etype vs linked engine cc)
1617,Audi,S3,engine_type-spoof,2.0 TFSI Quattro,2.5 TDI,DB-internal consistency (etype vs linked engine cc)
1730,BMW,1 Series,engine_type-spoof,123d 2000 D,NULL,DB-internal consistency (etype vs linked engine cc)
1732,BMW,1 Series,engine_type-spoof,116i 2000 16v,NULL,DB-internal consistency (etype vs linked engine cc)
1743,BMW,1 Series,engine_type-spoof,128i 3000 24v,NULL,DB-internal consistency (etype vs linked engine cc)
1745,BMW,1 Series,engine_type-spoof,135i 3000 Turbo,NULL,DB-internal consistency (etype vs linked engine cc)
1746,BMW,1 Series,engine_type-spoof,135i 3000 TwinTurbo,NULL,DB-internal consistency (etype vs linked engine cc)
1747,BMW,1 Series,engine_type-spoof,118d 2000 D,NULL,DB-internal consistency (etype vs linked engine cc)
1748,BMW,1 Series,engine_type-spoof,120d 2000 D,NULL,DB-internal consistency (etype vs linked engine cc)
1750,BMW,1 Series,engine_type-spoof,116i 2000 16v,NULL,DB-internal consistency (etype vs linked engine cc)
1751,BMW,1 Series,engine_type-spoof,118i 2000 16v,NULL,DB-internal consistency (etype vs linked engine cc)
1752,BMW,1 Series,engine_type-spoof,120i 2000 16v,NULL,DB-internal consistency (etype vs linked engine cc)
1755,BMW,1 Series,engine_type-spoof,123d M 2000 D,NULL,DB-internal consistency (etype vs linked engine cc)
1758,BMW,1 Series,engine_type-spoof,128i 3000 24v,NULL,DB-internal consistency (etype vs linked engine cc)
1759,BMW,1 Series,engine_type-spoof,114d 1600 D,NULL,DB-internal consistency (etype vs linked engine cc)
1761,BMW,1 Series,engine_type-spoof,116d ed 1600 D,NULL,DB-internal consistency (etype vs linked engine cc)
1764,BMW,1 Series,engine_type-spoof,125d 2000 D,NULL,DB-internal consistency (etype vs linked engine cc)
1765,BMW,1 Series,engine_type-spoof,114i 1600 16v,NULL,DB-internal consistency (etype vs linked engine cc)
1766,BMW,1 Series,engine_type-spoof,116i 1600 16v,NULL,DB-internal consistency (etype vs linked engine cc)
1767,BMW,1 Series,engine_type-spoof,118i 1600 16v,NULL,DB-internal consistency (etype vs linked engine cc)
1768,BMW,1 Series,engine_type-spoof,118i 1600 16v,NULL,DB-internal consistency (etype vs linked engine cc)
1769,BMW,1 Series,engine_type-spoof,120i 1600 16v,NULL,DB-internal consistency (etype vs linked engine cc)
1770,BMW,1 Series,engine_type-spoof,125i 2000 16v,NULL,DB-internal consistency (etype vs linked engine cc)
1771,BMW,1 Series,engine_type-spoof,125i 2000 16v,NULL,DB-internal consistency (etype vs linked engine cc)
1772,BMW,1 Series,engine_type-spoof,116i 1500 Turbo,NULL,DB-internal consistency (etype vs linked engine cc)
1774,BMW,1 Series,engine_type-spoof,114d 1600 D,NULL,DB-internal consistency (etype vs linked engine cc)
1776,BMW,1 Series,engine_type-spoof,116d ed 1600 D,NULL,DB-internal consistency (etype vs linked engine cc)
1782,BMW,2 Series,engine_type-spoof,225d 2000 D,NULL,DB-internal consistency (etype vs linked engine cc)
1784,BMW,2 Series,engine_type-spoof,220i 2000 16v,NULL,DB-internal consistency (etype vs linked engine cc)
1787,BMW,2 Series,engine_type-spoof,220d 2000 D,NULL,DB-internal consistency (etype vs linked engine cc)
1789,BMW,2 Series,engine_type-spoof,220i 2000 Turbo,NULL,DB-internal consistency (etype vs linked engine cc)
1790,BMW,2 Series,engine_type-spoof,216i 1500 Turbo,NULL,DB-internal consistency (etype vs linked engine cc)
1801,BMW,3 Series,engine_type-spoof,318d 2000 D,NULL,DB-internal consistency (etype vs linked engine cc)
1805,BMW,3 Series,engine_type-spoof,330d 3000 D,NULL,DB-internal consistency (etype vs linked engine cc)
1806,BMW,3 Series,engine_type-spoof,316i 1800 16v,NULL,DB-internal consistency (etype vs linked engine cc)
1807,BMW,3 Series,engine_type-spoof,316i 1800 16v,NULL,DB-internal consistency (etype vs linked engine cc)
1809,BMW,3 Series,engine_type-spoof,318ci 2000 16v,NULL,DB-internal consistency (etype vs linked engine cc)
1812,BMW,3 Series,engine_type-spoof,318i 2000 16v,NULL,DB-internal consistency (etype vs linked engine cc)
1832,BMW,3 Series,engine_type-spoof,325d 3000 D,NULL,DB-internal consistency (etype vs linked engine cc)
1833,BMW,3 Series,engine_type-spoof,325d 3000 D,NULL,DB-internal consistency (etype vs linked engine cc)
1836,BMW,3 Series,engine_type-spoof,335d 3000 D,NULL,DB-internal consistency (etype vs linked engine cc)
1838,BMW,3 Series,engine_type-spoof,318i 2000 16v,NULL,DB-internal consistency (etype vs linked engine cc)
1839,BMW,3 Series,engine_type-spoof,318i 2000 16v,NULL,DB-internal consistency (etype vs linked engine cc)
1841,BMW,3 Series,engine_type-spoof,320i 2000 16v,NULL,DB-internal consistency (etype vs linked engine cc)
1842,BMW,3 Series,engine_type-spoof,320i 2000 16v,NULL,DB-internal consistency (etype vs linked engine cc)
1843,BMW,3 Series,engine_type-spoof,320i 2000 16v,NULL,DB-internal consistency (etype vs linked engine cc)
1847,BMW,3 Series,engine_type-spoof,323i 2500 24v,NULL,DB-internal consistency (etype vs linked engine cc)
1848,BMW,3 Series,engine_type-spoof,323i 2500 24v,NULL,DB-internal consistency (etype vs linked engine cc)
1853,BMW,3 Series,engine_type-spoof,328i 2500 24v,NULL,DB-internal consistency (etype vs linked engine cc)
1854,BMW,3 Series,engine_type-spoof,328i 3000 24v,NULL,DB-internal consistency (etype vs linked engine cc)
1859,BMW,3 Series,engine_type-spoof,330i 3000 24v,NULL,DB-internal consistency (etype vs linked engine cc)
1860,BMW,3 Series,engine_type-spoof,335i 3000 TwinTurbo,NULL,DB-internal consistency (etype vs linked engine cc)
1863,BMW,3 Series,engine_type-spoof,328i 2500 24v,NULL,DB-internal consistency (etype vs linked engine cc)
1865,BMW,3 Series,engine_type-spoof,328i 3000 24v,NULL,DB-internal consistency (etype vs linked engine cc)
1866,BMW,3 Series,engine_type-spoof,335i 3000 Turbo,NULL,DB-internal consistency (etype vs linked engine cc)
1867,BMW,3 Series,engine_type-spoof,335i 3000 Turbo,NULL,DB-internal consistency (etype vs linked engine cc)
1868,BMW,3 Series,engine_type-spoof,335i 3000 TwinTurbo,NULL,DB-internal consistency (etype vs linked engine cc)
1869,BMW,3 Series,engine_type-spoof,335i 3000 TwinTurbo,NULL,DB-internal consistency (etype vs linked engine cc)
1871,BMW,3 Series,engine_type-spoof,320si 2000 16v,NULL,DB-internal consistency (etype vs linked engine cc)
1872,BMW,3 Series,engine_type-spoof,328i 2500 24v,NULL,DB-internal consistency (etype vs linked engine cc)
1873,BMW,3 Series,engine_type-spoof,330i 3000 24v,NULL,DB-internal consistency (etype vs linked engine cc)
1875,BMW,3 Series,engine_type-spoof,328i 2500 24v,NULL,DB-internal consistency (etype vs linked engine cc)
1876,BMW,3 Series,engine_type-spoof,325d 3000 D,NULL,DB-internal consistency (etype vs linked engine cc)
1881,BMW,3 Series,engine_type-spoof,328i 2500 24v,NULL,DB-internal consistency (etype vs linked engine cc)
1883,BMW,3 Series,engine_type-spoof,335i 3000 TwinTurbo,NULL,DB-internal consistency (etype vs linked engine cc)
1886,BMW,3 Series,engine_type-spoof,328i 2500 24v,NULL,DB-internal consistency (etype vs linked engine cc)
1888,BMW,3 Series,engine_type-spoof,335i 3000 Turbo,NULL,DB-internal consistency (etype vs linked engine cc)
1893,BMW,3 Series,engine_type-spoof,328i 3000 24v,NULL,DB-internal consistency (etype vs linked engine cc)
1894,BMW,3 Series,engine_type-spoof,328i 3000 24v,NULL,DB-internal consistency (etype vs linked engine cc)
1904,BMW,3 Series,engine_type-spoof,320i 2000 16v,NULL,DB-internal consistency (etype vs linked engine cc)
1905,BMW,3 Series,engine_type-spoof,320i 2000 16v,NULL,DB-internal consistency (etype vs linked engine cc)
1906,BMW,3 Series,engine_type-spoof,328i 2000 16v,NULL,DB-internal consistency (etype vs linked engine cc)
1907,BMW,3 Series,engine_type-spoof,328i 2000 16v,NULL,DB-internal consistency (etype vs linked engine cc)
1908,BMW,3 Series,engine_type-spoof,335i 3000 24v,NULL,DB-internal consistency (etype vs linked engine cc)
1913,BMW,3 Series,engine_type-spoof,325d GT 2000 D,NULL,DB-internal consistency (etype vs linked engine cc)
1917,BMW,4 Series,engine_type-spoof,425d 2000 D,NULL,DB-internal consistency (etype vs linked engine cc)
1925,BMW,5 Series,engine_type-spoof,520d 2000 D,NULL,DB-internal consistency (etype vs linked engine cc)
1926,BMW,5 Series,engine_type-spoof,525 2500 D,NULL,DB-internal consistency (etype vs linked engine cc)
1945,BMW,5 Series,engine_type-spoof,520d 2000 D,NULL,DB-internal consistency (etype vs linked engine cc)
1948,BMW,5 Series,engine_type-spoof,525d 2500 D,NULL,DB-internal consistency (etype vs linked engine cc)
1949,BMW,5 Series,engine_type-spoof,525d 3000 D,NULL,DB-internal consistency (etype vs linked engine cc)
1954,BMW,5 Series,engine_type-spoof,535d 3000 D,NULL,DB-internal consistency (etype vs linked engine cc)
1955,BMW,5 Series,engine_type-spoof,535d 3000 D,NULL,DB-internal consistency (etype vs linked engine cc)
1958,BMW,5 Series,engine_type-spoof,523i 2500 24v,NULL,DB-internal consistency (etype vs linked engine cc)
1959,BMW,5 Series,engine_type-spoof,523i 2500 24v,NULL,DB-internal consistency (etype vs linked engine cc)
1960,BMW,5 Series,engine_type-spoof,523i 2500 24V,NULL,DB-internal consistency (etype vs linked engine cc)
1968,BMW,5 Series,engine_type-spoof,535i 3000 TwinTurbo,NULL,DB-internal consistency (etype vs linked engine cc)
1973,BMW,5 Series,engine_type-spoof,528i 2500 24v,NULL,DB-internal consistency (etype vs linked engine cc)
1975,BMW,5 Series,engine_type-spoof,530i 3000 24v,NULL,DB-internal consistency (etype vs linked engine cc)
1977,BMW,5 Series,engine_type-spoof,525d 2500 D,NULL,DB-internal consistency (etype vs linked engine cc)
1983,BMW,5 Series,engine_type-spoof,535i 3000 TwinTurbo,NULL,DB-internal consistency (etype vs linked engine cc)
1991,BMW,5 Series,engine_type-spoof,535i GT 3000 TwinTurbo,NULL,DB-internal consistency (etype vs linked engine cc)
1993,BMW,5 Series,engine_type-spoof,518d 2000 D,NULL,DB-internal consistency (etype vs linked engine cc)
1995,BMW,5 Series,engine_type-spoof,520d 2000 D,NULL,DB-internal consistency (etype vs linked engine cc)
1997,BMW,5 Series,engine_type-spoof,525d 2000 D,NULL,DB-internal consistency (etype vs linked engine cc)
2005,BMW,5 Series,engine_type-spoof,550d M 3000 D,NULL,DB-internal consistency (etype vs linked engine cc)
2006,BMW,5 Series,engine_type-spoof,520i 2000 Turbo,NULL,DB-internal consistency (etype vs linked engine cc)
2007,BMW,5 Series,engine_type-spoof,528i 2000 16v,NULL,DB-internal consistency (etype vs linked engine cc)
2009,BMW,6 Series,engine_type-spoof,635d 3000 D,NULL,DB-internal consistency (etype vs linked engine cc)
2011,BMW,6 Series,engine_type-spoof,630i 3000 24v,NULL,DB-internal consistency (etype vs linked engine cc)
2013,BMW,6 Series,engine_type-spoof,650i 4800 V8,NULL,DB-internal consistency (etype vs linked engine cc)
2020,BMW,7 Series,engine_type-spoof,730d 2900 D,NULL,DB-internal consistency (etype vs linked engine cc)
2021,BMW,7 Series,engine_type-spoof,740d 3900 D,NULL,DB-internal consistency (etype vs linked engine cc)
2022,BMW,7 Series,engine_type-spoof,740d 3900 D,NULL,DB-internal consistency (etype vs linked engine cc)
2029,BMW,7 Series,engine_type-spoof,730d 3000 D,NULL,DB-internal consistency (etype vs linked engine cc)
2031,BMW,7 Series,engine_type-spoof,740d 3900 D,NULL,DB-internal consistency (etype vs linked engine cc)
2032,BMW,7 Series,engine_type-spoof,745d 4400 D,NULL,DB-internal consistency (etype vs linked engine cc)
2035,BMW,7 Series,engine_type-spoof,735i 3600 V8,NULL,DB-internal consistency (etype vs linked engine cc)
2036,BMW,7 Series,engine_type-spoof,740i 4000 V8,NULL,DB-internal consistency (etype vs linked engine cc)
2039,BMW,7 Series,engine_type-spoof,740Li 4000 V8,NULL,DB-internal consistency (etype vs linked engine cc)
2040,BMW,7 Series,engine_type-spoof,730d 3000 D,NULL,DB-internal consistency (etype vs linked engine cc)
2041,BMW,7 Series,engine_type-spoof,730d 3000 D,NULL,DB-internal consistency (etype vs linked engine cc)
2042,BMW,7 Series,engine_type-spoof,730d 3000 D,NULL,DB-internal consistency (etype vs linked engine cc)
2045,BMW,7 Series,engine_type-spoof,750d 3000 D,NULL,DB-internal consistency (etype vs linked engine cc)
2058,BMW,M Series,engine_type-spoof,1M 3000 TwinTurbo,NULL,DB-internal consistency (etype vs linked engine cc)
2061,BMW,M Series,engine_type-spoof,M135 3000 24v,NULL,DB-internal consistency (etype vs linked engine cc)
2062,BMW,M Series,engine_type-spoof,M135 3000 24v,NULL,DB-internal consistency (etype vs linked engine cc)
2063,BMW,M Series,engine_type-spoof,M135 3000 24v,NULL,DB-internal consistency (etype vs linked engine cc)
2069,BMW,X Series,engine_type-spoof,X5 44i 4400 V8,NULL,DB-internal consistency (etype vs linked engine cc)
2083,BMW,X Series,engine_type-spoof,X5 xDrive30i 3000 Turbo,NULL,DB-internal consistency (etype vs linked engine cc)
2090,BMW,X Series,engine_type-spoof,X6 xDrive35i 3000 Turbo,NULL,DB-internal consistency (etype vs linked engine cc)
2091,BMW,X Series,engine_type-spoof,X6 xDrive35i 3000 TwinTurbo,NULL,DB-internal consistency (etype vs linked engine cc)
2092,BMW,X Series,engine_type-spoof,X6 xDrive35i 3000 TwinTurbo,NULL,DB-internal consistency (etype vs linked engine cc)
2097,BMW,X Series,engine_type-spoof,X3 30d 3000 D,NULL,DB-internal consistency (etype vs linked engine cc)
2098,BMW,X Series,engine_type-spoof,X3 30sd 3000 D,NULL,DB-internal consistency (etype vs linked engine cc)
2102,BMW,X Series,engine_type-spoof,X3 xDrive30d 3000 D,NULL,DB-internal consistency (etype vs linked engine cc)
2103,BMW,X Series,engine_type-spoof,X3 xDrive35d 3000 D,NULL,DB-internal consistency (etype vs linked engine cc)
2104,BMW,X Series,engine_type-spoof,X3 20i 2000 16v,NULL,DB-internal consistency (etype vs linked engine cc)
2109,BMW,X Series,engine_type-spoof,X3 xDrive20i 2000 16v,NULL,DB-internal consistency (etype vs linked engine cc)
2110,BMW,X Series,engine_type-spoof,X3 xDrive25i 2500 24v,NULL,DB-internal consistency (etype vs linked engine cc)
2117,BMW,X Series,engine_type-spoof,X1 sDrive18i 2000 16v,NULL,DB-internal consistency (etype vs linked engine cc)
2120,BMW,X Series,engine_type-spoof,X5 25d 2000 D,NULL,DB-internal consistency (etype vs linked engine cc)
2124,BMW,X Series,engine_type-spoof,X5 M 35d 3000 D,NULL,DB-internal consistency (etype vs linked engine cc)
2125,BMW,X Series,engine_type-spoof,X5 35i 3000 24v,NULL,DB-internal consistency (etype vs linked engine cc)
2128,BMW,X Series,engine_type-spoof,X6 M 50d 3000 D,NULL,DB-internal consistency (etype vs linked engine cc)
2131,BMW,X Series,engine_type-spoof,X3 18d 2000 D,NULL,DB-internal consistency (etype vs linked engine cc)
2135,BMW,X Series,engine_type-spoof,X3 20d 2000 D,NULL,DB-internal consistency (etype vs linked engine cc)
2139,BMW,X Series,engine_type-spoof,X4 20d 2000 D,NULL,DB-internal consistency (etype vs linked engine cc)
2142,BMW,X Series,engine_type-spoof,x1 xDrive20i 2000 Turbo,NULL,DB-internal consistency (etype vs linked engine cc)
2162,BMW,Z Series,engine_type-spoof,Z4 2000 16v,NULL,DB-internal consistency (etype vs linked engine cc)
2164,BMW,Z Series,engine_type-spoof,Z4 2500 24v,NULL,DB-internal consistency (etype vs linked engine cc)
2169,BMW,Z Series,engine_type-spoof,Z4 si 2500 24v,NULL,DB-internal consistency (etype vs linked engine cc)
2173,BMW,Z Series,engine_type-spoof,Z4 sDrive 18i 2000 24v,NULL,DB-internal consistency (etype vs linked engine cc)
2174,BMW,Z Series,engine_type-spoof,Z4 sDrive 20i 2000 24v,NULL,DB-internal consistency (etype vs linked engine cc)
2175,BMW,Z Series,engine_type-spoof,Z4 sDrive 20i 2000 24v,NULL,DB-internal consistency (etype vs linked engine cc)
2176,BMW,Z Series,engine_type-spoof,Z4 sDrive 23i 2500 24v,NULL,DB-internal consistency (etype vs linked engine cc)
2177,BMW,Z Series,engine_type-spoof,Z4 sDrive 28i 2000 24v,NULL,DB-internal consistency (etype vs linked engine cc)
2178,BMW,Z Series,engine_type-spoof,Z4 sDrive 28i 2000 24v,NULL,DB-internal consistency (etype vs linked engine cc)
2180,BMW,Z Series,engine_type-spoof,Z4 sDrive 35i 3000 TwinTurbo,NULL,DB-internal consistency (etype vs linked engine cc)
2181,BMW,Z Series,engine_type-spoof,Z4 sDrive 35is 3000 TwinTurbo,NULL,DB-internal consistency (etype vs linked engine cc)
2622,Citroen,Ds3,engine_type-pattern,1.6 8v Cabrio e-HDI 90 Airdream EGS6,1.6 8v e-HDI 90,DB-internal consistency (etype vs linked engine cc)
2819,Ferrari,599 Fiorano,engine_type-pattern,6.0 V12 GTB Fiorano China Special Edition,6.0 V12 GTB Fiorano,DB-internal consistency (etype vs linked engine cc)
2868,Fiat,500C,engine_type-spoof,0.9 TwinAir 5MT (85 hp),1.2 8v,DB-internal consistency (etype vs linked engine cc)
2870,Fiat,500C,engine_type-spoof,0.9 TwinAir 6AT (85 hp),1.2 8v,DB-internal consistency (etype vs linked engine cc)
2893,Fiat,500X,engine_type-pattern,2.0 16v Multijet II 140 4x4 Cross Automatic,NULL,DB-internal consistency (etype vs linked engine cc)
2897,Fiat,500X,engine_type-pattern,1.4 16v MultiAir Turbo 140 4x2 Cross,1.4 16v MultiAir Turbo,DB-internal consistency (etype vs linked engine cc)
3011,Fiat,Linea,engine_type-spoof,1.9 16v Mjet,1.6 16v Multijet 105,DB-internal consistency (etype vs linked engine cc)
3536,Ford,Mustang,engine_type-pattern,4.6 V8 Automatic California Special GT,NULL,DB-internal consistency (etype vs linked engine cc)
3537,Ford,Mustang,engine_type-pattern,4.6 V8 Automatic California Special GT Coupe,NULL,DB-internal consistency (etype vs linked engine cc)
3549,Ford,Mustang,engine_type-pattern,5.0 V8 California Special Automatic GT Coupe,NULL,DB-internal consistency (etype vs linked engine cc)
3556,Ford,Mustang,engine_type-pattern,2.3 Turbo Ecoboost Automatic Convertible,2.3 Petrol,DB-internal consistency (etype vs linked engine cc)
3557,Ford,Mustang,engine_type-pattern,2.3 Turbo Ecoboost Automatic Fastback,NULL,DB-internal consistency (etype vs linked engine cc)
3560,Ford,Mustang,engine_type-pattern,2.3 Turbo Ecoboost Performance Package,NULL,DB-internal consistency (etype vs linked engine cc)
3561,Ford,Mustang,engine_type-pattern,2.3 Turbo Ecoboost Performance Package Automatic,NULL,DB-internal consistency (etype vs linked engine cc)
4032,Hyundai,I20,engine_type-spoof,1.6 16v,1.4 16v,DB-internal consistency (etype vs linked engine cc)
4033,Hyundai,I20,engine_type-spoof,1.6 16v Automatic,1.4 16v,DB-internal consistency (etype vs linked engine cc)
4682,Jeep,Cherokee,engine_type-pattern,2.0 Multijet II 16V 170 4x4 Automatic,NULL,DB-internal consistency (etype vs linked engine cc)
4833,Lamborghini,Gallardo,engine_type-pattern,5.2 V10 LP570-4 Spyder Performante E-Gear,NULL,DB-internal consistency (etype vs linked engine cc)
4921,Land Rover,Range Rover,engine_type-spoof,4.4 V8 Autobiography Edition,NULL,DB-internal consistency (etype vs linked engine cc)
4922,Land Rover,Range Rover,engine_type-spoof,4.4 V8 V8 HSE,NULL,DB-internal consistency (etype vs linked engine cc)
4923,Land Rover,Range Rover,engine_type-spoof,4.4 V8 V8 HSE,NULL,DB-internal consistency (etype vs linked engine cc)
4924,Land Rover,Range Rover,engine_type-spoof,4.4 V8 V8 SE,NULL,DB-internal consistency (etype vs linked engine cc)
4925,Land Rover,Range Rover,engine_type-spoof,4.4 V8 Vogue,NULL,DB-internal consistency (etype vs linked engine cc)
4926,Land Rover,Range Rover,engine_type-spoof,4.4 V8 Westminster LE,NULL,DB-internal consistency (etype vs linked engine cc)
4958,Land Rover,Range Rover,engine_type-pattern,5.0 V8 Supercharged Autobiography Black,5.0 V8 R Coupe,DB-internal consistency (etype vs linked engine cc)
4979,Land Rover,Range Rover,engine_type-spoof,5.8 V8 Supercharged,5.0 V8 R Coupe,DB-internal consistency (etype vs linked engine cc)
4980,Land Rover,Range Rover,engine_type-spoof,5.8 V8 Supercharged Autobiography,5.0 V8 R Coupe,DB-internal consistency (etype vs linked engine cc)
4981,Land Rover,Range Rover,engine_type-spoof,5.8 V8 Supercharged HSE,5.0 V8 R Coupe,DB-internal consistency (etype vs linked engine cc)
5206,Mercedes,A,engine_type-spoof,A160 1700 CDI,NULL,DB-internal consistency (etype vs linked engine cc)
5208,Mercedes,A,engine_type-spoof,A170 1700 CDI,NULL,DB-internal consistency (etype vs linked engine cc)
5209,Mercedes,A,engine_type-spoof,A160 2000 CDI,NULL,DB-internal consistency (etype vs linked engine cc)
5210,Mercedes,A,engine_type-spoof,A160 2000 CDI Blue,NULL,DB-internal consistency (etype vs linked engine cc)
5211,Mercedes,A,engine_type-spoof,A180 2000 CDI,NULL,DB-internal consistency (etype vs linked engine cc)
5213,Mercedes,A,engine_type-spoof,A150 1500 16v,NULL,DB-internal consistency (etype vs linked engine cc)
5214,Mercedes,A,engine_type-spoof,A160 1500 16v BlueEfficiency,NULL,DB-internal consistency (etype vs linked engine cc)
5215,Mercedes,A,engine_type-spoof,A170 1700 16v,NULL,DB-internal consistency (etype vs linked engine cc)
5216,Mercedes,A,engine_type-spoof,A200 2000 16v,NULL,DB-internal consistency (etype vs linked engine cc)
5217,Mercedes,A,engine_type-spoof,A200 2000 16v Turbo,NULL,DB-internal consistency (etype vs linked engine cc)
5218,Mercedes,A,engine_type-spoof,A180 1800 16v CDI Blue,NULL,DB-internal consistency (etype vs linked engine cc)
5219,Mercedes,A,engine_type-spoof,A200 1800 16v CDI Blue,NULL,DB-internal consistency (etype vs linked engine cc)
5220,Mercedes,A,engine_type-spoof,A250 2000 CGI,NULL,DB-internal consistency (etype vs linked engine cc)
5222,Mercedes,B,engine_type-spoof,B180 2000 CDI,NULL,DB-internal consistency (etype vs linked engine cc)
5224,Mercedes,B,engine_type-spoof,B150 1500 16v,NULL,DB-internal consistency (etype vs linked engine cc)
5225,Mercedes,B,engine_type-spoof,B160 1500 16v BlueEfficiency,NULL,DB-internal consistency (etype vs linked engine cc)
5226,Mercedes,B,engine_type-spoof,B170 1700 16v,NULL,DB-internal consistency (etype vs linked engine cc)
5227,Mercedes,B,engine_type-spoof,B200 2000 16v,NULL,DB-internal consistency (etype vs linked engine cc)
5228,Mercedes,B,engine_type-spoof,B200 2000 16v Turbo,NULL,DB-internal consistency (etype vs linked engine cc)
5229,Mercedes,B,engine_type-spoof,B180 1800 CDI Blue,NULL,DB-internal consistency (etype vs linked engine cc)
5230,Mercedes,B,engine_type-spoof,B200 1800 CDI Blue,NULL,DB-internal consistency (etype vs linked engine cc)
5240,Mercedes,C,engine_type-spoof,C200 2200 CDI,NULL,DB-internal consistency (etype vs linked engine cc)
5241,Mercedes,C,engine_type-spoof,C200 2200 CDI,NULL,DB-internal consistency (etype vs linked engine cc)
5242,Mercedes,C,engine_type-spoof,C200 2200 CDI,NULL,DB-internal consistency (etype vs linked engine cc)
5243,Mercedes,C,engine_type-spoof,C220 2200 CDI,NULL,DB-internal consistency (etype vs linked engine cc)
5244,Mercedes,C,engine_type-spoof,C220 2200 CDI,NULL,DB-internal consistency (etype vs linked engine cc)
5245,Mercedes,C,engine_type-spoof,C270 2700 CDI,NULL,DB-internal consistency (etype vs linked engine cc)
5249,Mercedes,C,engine_type-spoof,C180 2000 16v,NULL,DB-internal consistency (etype vs linked engine cc)
5250,Mercedes,C,engine_type-spoof,C200 1800 16v Komp,NULL,DB-internal consistency (etype vs linked engine cc)
5251,Mercedes,C,engine_type-spoof,C200 1800 16v Komp CGI,NULL,DB-internal consistency (etype vs linked engine cc)
5252,Mercedes,C,engine_type-spoof,C200 2000 16v Komp,NULL,DB-internal consistency (etype vs linked engine cc)
5253,Mercedes,C,engine_type-spoof,C230 1800 16v Komp,NULL,DB-internal consistency (etype vs linked engine cc)
5255,Mercedes,C,engine_type-spoof,C240 2600 V6,NULL,DB-internal consistency (etype vs linked engine cc)
5258,Mercedes,C,engine_type-spoof,C320 3200 V6,NULL,DB-internal consistency (etype vs linked engine cc)
5261,Mercedes,C,engine_type-spoof,CLK200 1800 16v Komp CGI,NULL,DB-internal consistency (etype vs linked engine cc)
5262,Mercedes,C,engine_type-spoof,C180 2200 CDI,NULL,DB-internal consistency (etype vs linked engine cc)
5263,Mercedes,C,engine_type-spoof,C180 2200 CDI Blue,NULL,DB-internal consistency (etype vs linked engine cc)
5264,Mercedes,C,engine_type-spoof,C200 1800 CDI Blue,NULL,DB-internal consistency (etype vs linked engine cc)
5265,Mercedes,C,engine_type-spoof,C200 2200 CDI,NULL,DB-internal consistency (etype vs linked engine cc)
5266,Mercedes,C,engine_type-spoof,C200 2200 CDI Blue,NULL,DB-internal consistency (etype vs linked engine cc)
5267,Mercedes,C,engine_type-spoof,C220 2200 CDI,NULL,DB-internal consistency (etype vs linked engine cc)
5268,Mercedes,C,engine_type-spoof,C220 2200 CDI,NULL,DB-internal consistency (etype vs linked engine cc)
5269,Mercedes,C,engine_type-spoof,C220 2200 CDI,NULL,DB-internal consistency (etype vs linked engine cc)
5270,Mercedes,C,engine_type-spoof,C220 2200 CDI,NULL,DB-internal consistency (etype vs linked engine cc)
5271,Mercedes,C,engine_type-spoof,C220 2200 CDI Blue,NULL,DB-internal consistency (etype vs linked engine cc)
5272,Mercedes,C,engine_type-spoof,C250 2200 CDI Blue,NULL,DB-internal consistency (etype vs linked engine cc)
5273,Mercedes,C,engine_type-spoof,C250 2200 CDI Blue,NULL,DB-internal consistency (etype vs linked engine cc)
5281,Mercedes,C,engine_type-spoof,C200 1800 16v Komp,NULL,DB-internal consistency (etype vs linked engine cc)
5287,Mercedes,C,engine_type-spoof,C 180 1600 16v,NULL,DB-internal consistency (etype vs linked engine cc)
5288,Mercedes,C,engine_type-spoof,C 400 3000 V6 TwinTurbo,NULL,DB-internal consistency (etype vs linked engine cc)
5289,Mercedes,C,engine_type-spoof,C 400 3000 V6 TwinTurbo,NULL,DB-internal consistency (etype vs linked engine cc)
5291,Mercedes,Citan,engine_type-spoof,109 1500 CDI,NULL,DB-internal consistency (etype vs linked engine cc)
5292,Mercedes,Citan,engine_type-spoof,110 1500 CDI,NULL,DB-internal consistency (etype vs linked engine cc)
5296,Mercedes,Cl,engine_type-spoof,CL600 5500 V8 TwinTurbo,NULL,DB-internal consistency (etype vs linked engine cc)
5298,Mercedes,Cl,engine_type-spoof,CL500 4700 V8 TwinTurbo Blue,NULL,DB-internal consistency (etype vs linked engine cc)
5302,Mercedes,Cl,engine_type-spoof,CL600 5500 V8 TwinTurbo,NULL,DB-internal consistency (etype vs linked engine cc)
5305,Mercedes,Cla,engine_type-spoof,CLA200 2200 CDI,NULL,DB-internal consistency (etype vs linked engine cc)
5306,Mercedes,Cla,engine_type-spoof,CLA220 2200 CDI,NULL,DB-internal consistency (etype vs linked engine cc)
5307,Mercedes,Cla,engine_type-spoof,CLA 250 2000,NULL,DB-internal consistency (etype vs linked engine cc)
5308,Mercedes,Clc,engine_type-spoof,CLC200 2200 CDI,NULL,DB-internal consistency (etype vs linked engine cc)
5309,Mercedes,Clc,engine_type-spoof,CLC220 2200 CDI,NULL,DB-internal consistency (etype vs linked engine cc)
5311,Mercedes,Clc,engine_type-spoof,CLC200 1800 16v Komp,NULL,DB-internal consistency (etype vs linked engine cc)
5323,Mercedes,Clk,engine_type-spoof,CLK220 2200 CDI,NULL,DB-internal consistency (etype vs linked engine cc)
5324,Mercedes,Clk,engine_type-spoof,CLK270 2700 CDI,NULL,DB-internal consistency (etype vs linked engine cc)
5326,Mercedes,Clk,engine_type-spoof,CLK200 1800 16v Komp,NULL,DB-internal consistency (etype vs linked engine cc)
5327,Mercedes,Clk,engine_type-spoof,CLK200 1800 16v Komp,NULL,DB-internal consistency (etype vs linked engine cc)
5328,Mercedes,Clk,engine_type-spoof,CLK240 2600 V6,NULL,DB-internal consistency (etype vs linked engine cc)
5330,Mercedes,Clk,engine_type-spoof,CLK320 3200 V6,NULL,DB-internal consistency (etype vs linked engine cc)
5332,Mercedes,Clk,engine_type-spoof,CLK500 5000 V8,NULL,DB-internal consistency (etype vs linked engine cc)
5335,Mercedes,Cls,engine_type-spoof,CLS250 2200 CDI Blue,NULL,DB-internal consistency (etype vs linked engine cc)
5341,Mercedes,Cls,engine_type-spoof,CLS500 4600 V8 TwinTurbo,NULL,DB-internal consistency (etype vs linked engine cc)
5349,Mercedes,Cls,engine_type-spoof,CLS500 5000 V8,NULL,DB-internal consistency (etype vs linked engine cc)
5365,Mercedes,E,engine_type-spoof,E240 2600 V6,NULL,DB-internal consistency (etype vs linked engine cc)
5373,Mercedes,E,engine_type-spoof,E200 2200 CDI,NULL,DB-internal consistency (etype vs linked engine cc)
5374,Mercedes,E,engine_type-spoof,E200 2200 CDI,NULL,DB-internal consistency (etype vs linked engine cc)
5375,Mercedes,E,engine_type-spoof,E220 2200 CDI,NULL,DB-internal consistency (etype vs linked engine cc)
5376,Mercedes,E,engine_type-spoof,E220 2200 CDI,NULL,DB-internal consistency (etype vs linked engine cc)
5377,Mercedes,E,engine_type-spoof,E220 2200 CDI,NULL,DB-internal consistency (etype vs linked engine cc)
5378,Mercedes,E,engine_type-spoof,E220 2200 CDI,NULL,DB-internal consistency (etype vs linked engine cc)
5379,Mercedes,E,engine_type-spoof,E270 2700 CDI,NULL,DB-internal consistency (etype vs linked engine cc)
5380,Mercedes,E,engine_type-spoof,E280 3000 CDI,NULL,DB-internal consistency (etype vs linked engine cc)
5381,Mercedes,E,engine_type-spoof,E280 3200 CDI,NULL,DB-internal consistency (etype vs linked engine cc)
5384,Mercedes,E,engine_type-spoof,E320 3200 CDI,NULL,DB-internal consistency (etype vs linked engine cc)
5386,Mercedes,E,engine_type-spoof,E200 1800 16v Komp,NULL,DB-internal consistency (etype vs linked engine cc)
5387,Mercedes,E,engine_type-spoof,E200 1800 16v Komp,NULL,DB-internal consistency (etype vs linked engine cc)
5388,Mercedes,E,engine_type-spoof,E240 2600 V6,NULL,DB-internal consistency (etype vs linked engine cc)
5390,Mercedes,E,engine_type-spoof,E320 3200 V6,NULL,DB-internal consistency (etype vs linked engine cc)
5392,Mercedes,E,engine_type-spoof,E500 5000 V8,NULL,DB-internal consistency (etype vs linked engine cc)
5400,Mercedes,E,engine_type-spoof,E200 2200 CDI Blue,NULL,DB-internal consistency (etype vs linked engine cc)
5401,Mercedes,E,engine_type-spoof,E220 2200 CDI Blue,NULL,DB-internal consistency (etype vs linked engine cc)
5402,Mercedes,E,engine_type-spoof,E220 2200 CDI Blue,NULL,DB-internal consistency (etype vs linked engine cc)
5403,Mercedes,E,engine_type-spoof,E250 2200 CDI,NULL,DB-internal consistency (etype vs linked engine cc)
5404,Mercedes,E,engine_type-spoof,E250 2200 CDI Blue,NULL,DB-internal consistency (etype vs linked engine cc)
5405,Mercedes,E,engine_type-spoof,E250 2200 CDI Blue,NULL,DB-internal consistency (etype vs linked engine cc)
5413,Mercedes,E,engine_type-spoof,E500 4600 V8 TwinTurbo Blue,NULL,DB-internal consistency (etype vs linked engine cc)
5417,Mercedes,G,engine_type-spoof,G270 2700 CDI,NULL,DB-internal consistency (etype vs linked engine cc)
5420,Mercedes,G,engine_type-spoof,G350 3000 CDI BlueTec,NULL,DB-internal consistency (etype vs linked engine cc)
5422,Mercedes,G,engine_type-spoof,G320 3200 V6,NULL,DB-internal consistency (etype vs linked engine cc)
5440,Mercedes,Gl,engine_type-spoof,GL500 4700 V8 32v,NULL,DB-internal consistency (etype vs linked engine cc)
5442,Mercedes,Glk,engine_type-spoof,GLK200 2200 CDI,NULL,DB-internal consistency (etype vs linked engine cc)
5443,Mercedes,Glk,engine_type-spoof,GLK200 2200 CDI,NULL,DB-internal consistency (etype vs linked engine cc)
5445,Mercedes,Glk,engine_type-spoof,GLK220 2200 CDI,NULL,DB-internal consistency (etype vs linked engine cc)
5446,Mercedes,Glk,engine_type-spoof,GLK250 2200 CDI,NULL,DB-internal consistency (etype vs linked engine cc)
5447,Mercedes,Glk,engine_type-spoof,GLK250 2200 CDI,NULL,DB-internal consistency (etype vs linked engine cc)
5448,Mercedes,Glk,engine_type-spoof,GLK250 2200 CDI,NULL,DB-internal consistency (etype vs linked engine cc)
5460,Mercedes,M,engine_type-spoof,ML350 3700 V6,NULL,DB-internal consistency (etype vs linked engine cc)
5463,Mercedes,M,engine_type-spoof,ML500 5000 V8,NULL,DB-internal consistency (etype vs linked engine cc)
5465,Mercedes,M,engine_type-spoof,ML280 3000 CDI,NULL,DB-internal consistency (etype vs linked engine cc)
5466,Mercedes,M,engine_type-spoof,ML300 3000 CDI,NULL,DB-internal consistency (etype vs linked engine cc)
5467,Mercedes,M,engine_type-spoof,ML300 3000 CDI,NULL,DB-internal consistency (etype vs linked engine cc)
5474,Mercedes,M,engine_type-spoof,ML500 5000 V8,NULL,DB-internal consistency (etype vs linked engine cc)
5477,Mercedes,M,engine_type-spoof,M250 2200 CDI,NULL,DB-internal consistency (etype vs linked engine cc)
5478,Mercedes,M,engine_type-spoof,ML250 2200 CDI BlueTec,NULL,DB-internal consistency (etype vs linked engine cc)
5486,Mercedes,R,engine_type-spoof,R280 3000 CDI,NULL,DB-internal consistency (etype vs linked engine cc)
5487,Mercedes,R,engine_type-spoof,R300 3000 CDI,NULL,DB-internal consistency (etype vs linked engine cc)
5488,Mercedes,R,engine_type-spoof,R300 3000 CDI Blue,NULL,DB-internal consistency (etype vs linked engine cc)
5496,Mercedes,R,engine_type-spoof,R500 5000 V8,NULL,DB-internal consistency (etype vs linked engine cc)
5499,Mercedes,S,engine_type-spoof,S320 3200 CDI,NULL,DB-internal consistency (etype vs linked engine cc)
5502,Mercedes,S,engine_type-spoof,S350 3700 V6,NULL,DB-internal consistency (etype vs linked engine cc)
5506,Mercedes,S,engine_type-spoof,S500 5000 V8,NULL,DB-internal consistency (etype vs linked engine cc)
5509,Mercedes,S,engine_type-spoof,S600 5500 V8 TwinTurbo,NULL,DB-internal consistency (etype vs linked engine cc)
5521,Mercedes,S,engine_type-spoof,S500 4600 V8 TwinTurbo Blue,NULL,DB-internal consistency (etype vs linked engine cc)
5523,Mercedes,S,engine_type-spoof,S600 5500 V12 TwinTurbo,NULL,DB-internal consistency (etype vs linked engine cc)
5535,Mercedes,Sl,engine_type-spoof,SL350 3700 V6,NULL,DB-internal consistency (etype vs linked engine cc)
5536,Mercedes,Sl,engine_type-spoof,SL500 5000 V8,NULL,DB-internal consistency (etype vs linked engine cc)
5540,Mercedes,Sl,engine_type-spoof,SL600 5500 V12 TwinTurbo,NULL,DB-internal consistency (etype vs linked engine cc)
5541,Mercedes,Sl,engine_type-spoof,SL600 5500 V12 TwinTurbo,NULL,DB-internal consistency (etype vs linked engine cc)
5543,Mercedes,Sl,engine_type-spoof,SL500 4600 V8 TwinTurbo,NULL,DB-internal consistency (etype vs linked engine cc)
5551,Mercedes,Slk,engine_type-spoof,SLK320 3200 V6,NULL,DB-internal consistency (etype vs linked engine cc)
5552,Mercedes,Slk,engine_type-spoof,SLK200 1800 16v Komp,NULL,DB-internal consistency (etype vs linked engine cc)
5553,Mercedes,Slk,engine_type-spoof,SLK200 1800 16v Komp,NULL,DB-internal consistency (etype vs linked engine cc)
5560,Mercedes,Slk,engine_type-spoof,SLK250 2200 CDI Blue,NULL,DB-internal consistency (etype vs linked engine cc)
5562,Mercedes,Sportcoupe,engine_type-spoof,C200 2200 CDI,NULL,DB-internal consistency (etype vs linked engine cc)
5563,Mercedes,Sportcoupe,engine_type-spoof,C220 2200 CDI,NULL,DB-internal consistency (etype vs linked engine cc)
5564,Mercedes,Sportcoupe,engine_type-spoof,C220 2200 CDI,NULL,DB-internal consistency (etype vs linked engine cc)
5566,Mercedes,Sportcoupe,engine_type-spoof,C160 1800 16v Komp,NULL,DB-internal consistency (etype vs linked engine cc)
5569,Mercedes,Sportcoupe,engine_type-spoof,C200 1800 16v Komp,NULL,DB-internal consistency (etype vs linked engine cc)
5571,Mercedes,Sportcoupe,engine_type-spoof,C230 1800 16v Komp,NULL,DB-internal consistency (etype vs linked engine cc)
5575,Mercedes,Sportcoupe,engine_type-spoof,C320 3200 V6,NULL,DB-internal consistency (etype vs linked engine cc)
5577,Mercedes,Sprinter,engine_type-spoof,208 2200 CDI,NULL,DB-internal consistency (etype vs linked engine cc)
5578,Mercedes,Sprinter,engine_type-spoof,211 2200 CDI,NULL,DB-internal consistency (etype vs linked engine cc)
5579,Mercedes,Sprinter,engine_type-spoof,213 2200 CDI,NULL,DB-internal consistency (etype vs linked engine cc)
5580,Mercedes,Sprinter,engine_type-spoof,216 2700 CDI,NULL,DB-internal consistency (etype vs linked engine cc)
5581,Mercedes,Sprinter,engine_type-spoof,308 2200 CDI,NULL,DB-internal consistency (etype vs linked engine cc)
5582,Mercedes,Sprinter,engine_type-spoof,311 2200 CDI,NULL,DB-internal consistency (etype vs linked engine cc)
5583,Mercedes,Sprinter,engine_type-spoof,313 2200 CDI,NULL,DB-internal consistency (etype vs linked engine cc)
5584,Mercedes,Sprinter,engine_type-spoof,316 2700 CDI,NULL,DB-internal consistency (etype vs linked engine cc)
5585,Mercedes,Sprinter,engine_type-spoof,408 2200 CDI,NULL,DB-internal consistency (etype vs linked engine cc)
5586,Mercedes,Sprinter,engine_type-spoof,411 2200 CDI,NULL,DB-internal consistency (etype vs linked engine cc)
5587,Mercedes,Sprinter,engine_type-spoof,413 2200 CDI,NULL,DB-internal consistency (etype vs linked engine cc)
5588,Mercedes,Sprinter,engine_type-spoof,416 2700 CDI,NULL,DB-internal consistency (etype vs linked engine cc)
5589,Mercedes,Sprinter,engine_type-spoof,214 2300 16v,NULL,DB-internal consistency (etype vs linked engine cc)
5590,Mercedes,Sprinter,engine_type-spoof,314 2300 16v,NULL,DB-internal consistency (etype vs linked engine cc)
5591,Mercedes,Sprinter,engine_type-spoof,414 2300 16v,NULL,DB-internal consistency (etype vs linked engine cc)
5592,Mercedes,Sprinter,engine_type-spoof,209 2200 CDI,NULL,DB-internal consistency (etype vs linked engine cc)
5593,Mercedes,Sprinter,engine_type-spoof,210 2200 CDI,NULL,DB-internal consistency (etype vs linked engine cc)
5594,Mercedes,Sprinter,engine_type-spoof,211 2200 CDI,NULL,DB-internal consistency (etype vs linked engine cc)
5595,Mercedes,Sprinter,engine_type-spoof,213 2200 CDI,NULL,DB-internal consistency (etype vs linked engine cc)
5596,Mercedes,Sprinter,engine_type-spoof,213 2200 CDI,NULL,DB-internal consistency (etype vs linked engine cc)
5597,Mercedes,Sprinter,engine_type-spoof,215 2200 CDI,NULL,DB-internal consistency (etype vs linked engine cc)
5598,Mercedes,Sprinter,engine_type-spoof,216 2200 CDI,NULL,DB-internal consistency (etype vs linked engine cc)
5601,Mercedes,Sprinter,engine_type-spoof,309 2200 CDI,NULL,DB-internal consistency (etype vs linked engine cc)
5602,Mercedes,Sprinter,engine_type-spoof,310 2200 CDI,NULL,DB-internal consistency (etype vs linked engine cc)
5603,Mercedes,Sprinter,engine_type-spoof,311 2200 CDI,NULL,DB-internal consistency (etype vs linked engine cc)
5604,Mercedes,Sprinter,engine_type-spoof,313 2200 CDI,NULL,DB-internal consistency (etype vs linked engine cc)
5605,Mercedes,Sprinter,engine_type-spoof,313 2200 CDI,NULL,DB-internal consistency (etype vs linked engine cc)
5606,Mercedes,Sprinter,engine_type-spoof,315 2200 CDI,NULL,DB-internal consistency (etype vs linked engine cc)
5607,Mercedes,Sprinter,engine_type-spoof,316 2200 CDI,NULL,DB-internal consistency (etype vs linked engine cc)
5610,Mercedes,Sprinter,engine_type-spoof,409 2200 CDI,NULL,DB-internal consistency (etype vs linked engine cc)
5611,Mercedes,Sprinter,engine_type-spoof,411 2200 CDI,NULL,DB-internal consistency (etype vs linked engine cc)
5612,Mercedes,Sprinter,engine_type-spoof,415 2200 CDI,NULL,DB-internal consistency (etype vs linked engine cc)
5613,Mercedes,Sprinter,engine_type-spoof,416 2200 CDI,NULL,DB-internal consistency (etype vs linked engine cc)
5616,Mercedes,Sprinter,engine_type-spoof,510 2200 CDI,NULL,DB-internal consistency (etype vs linked engine cc)
5617,Mercedes,Sprinter,engine_type-spoof,511 2200 CDI,NULL,DB-internal consistency (etype vs linked engine cc)
5618,Mercedes,Sprinter,engine_type-spoof,515 2200 CDI,NULL,DB-internal consistency (etype vs linked engine cc)
5619,Mercedes,Sprinter,engine_type-spoof,516 2200 CDI,NULL,DB-internal consistency (etype vs linked engine cc)
5627,Mercedes,Vaneo,engine_type-spoof,1.7 CDI,NULL,DB-internal consistency (etype vs linked engine cc)
5628,Mercedes,Vaneo,engine_type-spoof,1.7 CDI,NULL,DB-internal consistency (etype vs linked engine cc)
5632,Mercedes,Viano,engine_type-spoof,V200 2200 CDI,NULL,DB-internal consistency (etype vs linked engine cc)
5633,Mercedes,Viano,engine_type-spoof,V200 2200 CDI,NULL,DB-internal consistency (etype vs linked engine cc)
5634,Mercedes,Viano,engine_type-spoof,V200 2200 CDI BlueTec,NULL,DB-internal consistency (etype vs linked engine cc)
5635,Mercedes,Viano,engine_type-spoof,V220 2200 CDI,NULL,DB-internal consistency (etype vs linked engine cc)
5638,Mercedes,Viano,engine_type-spoof,V320 3200 V6,NULL,DB-internal consistency (etype vs linked engine cc)
5640,Mercedes,Viano,engine_type-spoof,V350 3700 V6,NULL,DB-internal consistency (etype vs linked engine cc)
5645,Mercedes,Vito,engine_type-spoof,109 2200 CDI,NULL,DB-internal consistency (etype vs linked engine cc)
5646,Mercedes,Vito,engine_type-spoof,109 2200 CDI,NULL,DB-internal consistency (etype vs linked engine cc)
5647,Mercedes,Vito,engine_type-spoof,111 2200 CDI,NULL,DB-internal consistency (etype vs linked engine cc)
5648,Mercedes,Vito,engine_type-spoof,111 2200 CDI,NULL,DB-internal consistency (etype vs linked engine cc)
5649,Mercedes,Vito,engine_type-spoof,111 2200 CDI Blue,NULL,DB-internal consistency (etype vs linked engine cc)
5650,Mercedes,Vito,engine_type-spoof,115 2200 CDI,NULL,DB-internal consistency (etype vs linked engine cc)
5652,Mercedes,Vito,engine_type-spoof,122 3200 V6,NULL,DB-internal consistency (etype vs linked engine cc)
5654,Mercedes,Vito,engine_type-spoof,123 3700 V6,NULL,DB-internal consistency (etype vs linked engine cc)
5659,Mini,(F55),engine_type-spoof,2.0 i 16v Turbo Cooper S,NULL,DB-internal consistency (etype vs linked engine cc)
5664,Mini,(F56),engine_type-spoof,2.0 i 16v Turbo Cooper S,NULL,DB-internal consistency (etype vs linked engine cc)
5669,Mini,(R50),engine_type-spoof,1.6 i 16v Cooper,1.4 i 16v One,DB-internal consistency (etype vs linked engine cc)
5670,Mini,(R50),engine_type-spoof,1.6 i 16v One,1.4 i 16v One,DB-internal consistency (etype vs linked engine cc)
5671,Mini,(R52) Cabrio,engine_type-spoof,1.6 i 16v Cooper,1.4 i 16v One,DB-internal consistency (etype vs linked engine cc)
5673,Mini,(R52) Cabrio,engine_type-spoof,1.6 i 16v One,1.4 i 16v One,DB-internal consistency (etype vs linked engine cc)
5700,Mini,(R56),engine_type-spoof,1.4 i 16v One,1.6 i 16v Cooper,DB-internal consistency (etype vs linked engine cc)
5739,Mitsubishi,Airtrek,engine_type-spoof,2.4 16v Sport Gear,2.0 16v,DB-internal consistency (etype vs linked engine cc)
5740,Mitsubishi,Airtrek,engine_type-spoof,2.4 16v Sport Gear 4WD,2.0 16v,DB-internal consistency (etype vs linked engine cc)
5803,Mitsubishi,Grandis,engine_type-spoof,2.4 16v,2.0 16v,DB-internal consistency (etype vs linked engine cc)
5804,Mitsubishi,Grandis,engine_type-spoof,2.4 16v 4WD Automatic,2.0 16v,DB-internal consistency (etype vs linked engine cc)
5805,Mitsubishi,Grandis,engine_type-spoof,2.4 16v Automatic,2.0 16v,DB-internal consistency (etype vs linked engine cc)
5843,Mitsubishi,Lancer Evolution,engine_type-pattern,2.0 Turbo GSR Evolution VI Tommi Makinen Edition,2.0 16v Turbo R,DB-internal consistency (etype vs linked engine cc)
5845,Mitsubishi,Lancer Evolution,engine_type-pattern,2.0 Turbo RS Evolution VI Tommi Makinen Edition,2.0 16v Turbo R,DB-internal consistency (etype vs linked engine cc)
5847,Mitsubishi,Lancer Evolution,engine_type-pattern,2.0 Turbo RSX Limited Edition Evolution VI,2.0 16v Turbo R,DB-internal consistency (etype vs linked engine cc)
5861,Mitsubishi,Lancer Evolution,engine_type-pattern,2.0 Turbo RS Evolution VIII (5-speed),2.0 16v Turbo R,DB-internal consistency (etype vs linked engine cc)
5862,Mitsubishi,Lancer Evolution,engine_type-pattern,2.0 Turbo RS Evolution VIII (6-speed),2.0 16v Turbo R,DB-internal consistency (etype vs linked engine cc)
5865,Mitsubishi,Lancer Evolution,engine_type-pattern,2.0 Turbo RS Evolution VIII MR (5-speed),2.0 16v Turbo R,DB-internal consistency (etype vs linked engine cc)
5866,Mitsubishi,Lancer Evolution,engine_type-pattern,2.0 Turbo RS Evolution VIII MR (6-speed),2.0 16v Turbo R,DB-internal consistency (etype vs linked engine cc)
5867,Mitsubishi,Lancer Evolution,engine_type-pattern,2.0 Turbo RS Evolution VIII MR FQ-300,2.0 16v Turbo R,DB-internal consistency (etype vs linked engine cc)
5868,Mitsubishi,Lancer Evolution,engine_type-pattern,2.0 Turbo RS Evolution VIII MR FQ-320,2.0 16v Turbo R,DB-internal consistency (etype vs linked engine cc)
5869,Mitsubishi,Lancer Evolution,engine_type-pattern,2.0 Turbo RS Evolution VIII MR FQ-330,2.0 16v Turbo R,DB-internal consistency (etype vs linked engine cc)
5870,Mitsubishi,Lancer Evolution,engine_type-pattern,2.0 Turbo RS Evolution VIII MR FQ-400,2.0 16v Turbo R,DB-internal consistency (etype vs linked engine cc)
5890,Mitsubishi,Lancer Evolution,engine_type-pattern,2.0 Turbo Evolution GSR FQ-300 TC-SST,2.0 16v Mivec 2WD,DB-internal consistency (etype vs linked engine cc)
5896,Mitsubishi,Lancer Evolution,engine_type-pattern,2.0 Turbo Evolution X Premium 5-speed,2.0 16v Mivec 2WD,DB-internal consistency (etype vs linked engine cc)
5897,Mitsubishi,Lancer Evolution,engine_type-pattern,2.0 Turbo Evolution X Premium TC-SST,2.0 16v Mivec 2WD,DB-internal consistency (etype vs linked engine cc)
5923,Mitsubishi,Outlander,engine_type-spoof,2.4 16v 4WD,2.0 16v,DB-internal consistency (etype vs linked engine cc)
5924,Mitsubishi,Outlander,engine_type-spoof,2.4 16v Automatic 4WD,2.0 16v,DB-internal consistency (etype vs linked engine cc)
6906,Proton,37257,engine_type-spoof,1.6 16v,1.3 16v,DB-internal consistency (etype vs linked engine cc)
6985,Renault,Koleos,engine_type-spoof,1.6 16v,2.5 16v DOHC,DB-internal consistency (etype vs linked engine cc)
7325,Seat,Altea,engine_type-spoof,1.2 8v TSI,1.6 8v MultiFuel,DB-internal consistency (etype vs linked engine cc)
7538,Seat,Leon,engine_type-spoof,1.2 8v TSI,1.6 8v MultiFuel,DB-internal consistency (etype vs linked engine cc)
7724,Skoda,Octavia,engine_type-spoof,1.2 8v TSI,1.6 8v MultiFuel,DB-internal consistency (etype vs linked engine cc)
7870,Subaru,Forester,engine_type-spoof,2.5 16v Turbo 4WD,2.0 D-4S,DB-internal consistency (etype vs linked engine cc)
8012,Toyota,Corolla Verso,engine_type-spoof,1.8 VVT-i,1.6 16v,DB-internal consistency (etype vs linked engine cc)
8381,Volkswagen,Fox,engine_type-spoof,1.0 8v TotalFlex,1.6 8v TotalFlex,DB-internal consistency (etype vs linked engine cc)
8398,Volkswagen,Gol,engine_type-spoof,1.0 8v TotalFlex,1.6 8v TotalFlex,DB-internal consistency (etype vs linked engine cc)
8430,Volkswagen,Golf,engine_type-spoof,1.0 8v TotalFlex,1.6 8v TotalFlex,DB-internal consistency (etype vs linked engine cc)
8552,Volkswagen,Golf,engine_type-spoof,1.2 8v TSI,1.6 8v MultiFuel,DB-internal consistency (etype vs linked engine cc)
8763,Volkswagen,Jetta,engine_type-spoof,1.2 8v TSI,1.6 8v MultiFuel,DB-internal consistency (etype vs linked engine cc)
9060,Volkswagen,Polo,engine_type-spoof,1.0 8v TotalFlex,1.6 8v TotalFlex,DB-internal consistency (etype vs linked engine cc)
9124,Volkswagen,Saveiro,engine_type-spoof,1.0 8v TotalFlex,1.6 8v TotalFlex,DB-internal consistency (etype vs linked engine cc)
9441,Renault,MEGANE III Coupe (DZ0/1_),engine_type-pattern,2.0 16V (corr.),NULL,DB-internal consistency (etype vs linked engine cc)
9442,Renault,MEGANE CC (EZ0/1_),engine_type-pattern,1.6 (corr.),NULL,DB-internal consistency (etype vs linked engine cc)
9443,Renault,MEGANE CC (EZ0/1_),engine_type-pattern,1.6 (corr.),NULL,DB-internal consistency (etype vs linked engine cc)
9446,Renault,MEGANE CC (EZ0/1_),engine_type-pattern,2 (est.),NULL,DB-internal consistency (etype vs linked engine cc)
9447,Renault,MEGANE CC (EZ0/1_),engine_type-pattern,2 (est.),NULL,DB-internal consistency (etype vs linked engine cc)
9448,Renault,MEGANE CC (EZ0/1_),engine_type-pattern,2 (est.),NULL,DB-internal consistency (etype vs linked engine cc)
9452,Ford,C-MAX II,engine_type-pattern,1.6 Ti (corr.),1.6 EcoBoost,DB-internal consistency (etype vs linked engine cc)
9453,Ford,C-MAX II,engine_type-pattern,1.6 Ti (corr.),NULL,DB-internal consistency (etype vs linked engine cc)
9454,Ford,C-MAX II,engine_type-pattern,1.6 Ti (corr.),NULL,DB-internal consistency (etype vs linked engine cc)
9455,Ford,C-MAX II,engine_type-pattern,1.6 Ti (corr.),NULL,DB-internal consistency (etype vs linked engine cc)
9463,Ford,Grand C-MAX,engine_type-pattern,1.6 Ti (corr.),1.6 EcoBoost,DB-internal consistency (etype vs linked engine cc)
9464,Ford,Grand C-MAX,engine_type-pattern,1.6 Ti (corr.),NULL,DB-internal consistency (etype vs linked engine cc)
9465,Ford,Grand C-MAX,engine_type-pattern,1.6 Ti (corr.),NULL,DB-internal consistency (etype vs linked engine cc)
9466,Ford,Grand C-MAX,engine_type-pattern,1.6 Ti (corr.),NULL,DB-internal consistency (etype vs linked engine cc)
9471,Saab,9-5 (YS3G),engine_type-pattern,2 (est.),2.0 BiTurbo CDTI,DB-internal consistency (etype vs linked engine cc)
9475,Volkswagen,PASSAT (362),engine_type-pattern,1.6 (est.),1.6 TDI (105),DB-internal consistency (etype vs linked engine cc)
9479,Volkswagen,PASSAT (362),engine_type-pattern,1.4 TSI (corr.),1.4 16v TSI,DB-internal consistency (etype vs linked engine cc)
9482,Volkswagen,PASSAT Variant (365),engine_type-pattern,1.6 (est.),1.6 TDI (105),DB-internal consistency (etype vs linked engine cc)
9487,Volkswagen,PASSAT Variant (365),engine_type-pattern,1.4 TSI (corr.),1.4 16v TSI,DB-internal consistency (etype vs linked engine cc)
9488,Renault,MEGANE III Grandtour (KZ0/1),engine_type-pattern,1.5 dCi (corr.),NULL,DB-internal consistency (etype vs linked engine cc)
9489,Renault,MEGANE III Grandtour (KZ0/1),engine_type-pattern,1.5 dCi (corr.),NULL,DB-internal consistency (etype vs linked engine cc)
9490,Renault,MEGANE III Grandtour (KZ0/1),engine_type-pattern,1.5 dCi (corr.),NULL,DB-internal consistency (etype vs linked engine cc)
9492,Mitsubishi,ASX (GA_W_),engine_type-pattern,1.8 (est.),1.8 16v DI-D 2WD,DB-internal consistency (etype vs linked engine cc)
9495,Chevrolet,"MATIZ (M200, M250)",engine_type-pattern,0.8 (corr.),NULL,DB-internal consistency (etype vs linked engine cc)
9498,Citroen,C4 II (B7),engine_type-pattern,1.6 VTi 120 (corr.),1.6 16v THP,DB-internal consistency (etype vs linked engine cc)
9499,Citroen,C4 II (B7),engine_type-pattern,1.6 VTi 120 (corr.),1.6 16v THP,DB-internal consistency (etype vs linked engine cc)
9503,Citroen,C4 II (B7),engine_type-pattern,2.0 HDi (corr.),2.0 HDI,DB-internal consistency (etype vs linked engine cc)
9505,Chevrolet,"MATIZ (M200, M250)",engine_type-pattern,1.0 (corr.),NULL,DB-internal consistency (etype vs linked engine cc)
9520,Peugeot,508,engine_type-pattern,1.6 VTi (corr.),NULL,DB-internal consistency (etype vs linked engine cc)
9521,Peugeot,508 SW,engine_type-pattern,1.6 VTi (corr.),NULL,DB-internal consistency (etype vs linked engine cc)
9530,Seat,LEON (1P1),engine_type-pattern,1.6 (est.),1.6 TDI (90),DB-internal consistency (etype vs linked engine cc)
9531,Seat,LEON (1P1),engine_type-pattern,1.6 (est.),1.6 TDI (105),DB-internal consistency (etype vs linked engine cc)
9532,Lexus,CT (ZWA1_),engine_type-pattern,1.8 (est.),NULL,DB-internal consistency (etype vs linked engine cc)
9533,Lexus,CT (ZWA1_),engine_type-pattern,1.8 (est.),NULL,DB-internal consistency (etype vs linked engine cc)
9537,Land Rover,DISCOVERY IV (LA),engine_type-pattern,3 (est.),NULL,DB-internal consistency (etype vs linked engine cc)
9538,Land Rover,DISCOVERY IV (LA),engine_type-pattern,3 (est.),NULL,DB-internal consistency (etype vs linked engine cc)
9539,Nissan,Np300,engine_type-pattern,2.5 dCi 4WD (corr.),2.5 dCi,DB-internal consistency (etype vs linked engine cc)
9541,Suzuki,Splash,engine_type-pattern,1.2 (corr.),1.2 ecoFLEX,DB-internal consistency (etype vs linked engine cc)
9542,Toyota,"LAND CRUISER 150 (KDJ15_, GRJ15_)",engine_type-pattern,4.0 (corr.),4.0 V6 VVT-i,DB-internal consistency (etype vs linked engine cc)
9566,BMW,X5 (E70),engine_type-pattern,3.0 d (corr.),330d 3000 D,DB-internal consistency (etype vs linked engine cc)
9567,BMW,X5 (E70),engine_type-pattern,3.0 d (corr.),335d 3000 D,DB-internal consistency (etype vs linked engine cc)
9568,BMW,X5 (E70),engine_type-pattern,at Spring Eye (corr.),NULL,DB-internal consistency (etype vs linked engine cc)
9571,BMW,"X6 (E71, E72)",engine_type-pattern,530 d (corr.),330d 3000 D,DB-internal consistency (etype vs linked engine cc)
9572,BMW,"X6 (E71, E72)",engine_type-pattern,530 d (corr.),NULL,DB-internal consistency (etype vs linked engine cc)
9573,BMW,"X6 (E71, E72)",engine_type-pattern,530 d (corr.),335d 3000 D,DB-internal consistency (etype vs linked engine cc)
9574,Cadillac,CTS Coupe,engine_type-pattern,6.2 (corr.),NULL,DB-internal consistency (etype vs linked engine cc)
9578,Alpina,"B7 (F01, F02)",engine_type-pattern,HIJET Pickup (corr.),4.4,DB-internal consistency (etype vs linked engine cc)
9581,Fiat,PANDA (169),engine_type-pattern,1.4 (corr.),1.4 8v,DB-internal consistency (etype vs linked engine cc)
9583,Fiat,PANDA (169),engine_type-spoof,2.0 TDI (EA6A),1.3 16v Multijet 5MT (75 hp),DB-internal consistency (etype vs linked engine cc)
9584,Fiat,PANDA (169),engine_type-spoof,2.0 TDI (EA6A),NULL,DB-internal consistency (etype vs linked engine cc)
9588,Nissan,NAVARA (D40),engine_type-pattern,3 (est.),EX30d 3.0 V6 AWD Crossover,DB-internal consistency (etype vs linked engine cc)
9593,Fiat,"DOBLO MPV (152, 263)",engine_type-spoof,1.9 TDI Syncro,1.4 TB 16v 120,DB-internal consistency (etype vs linked engine cc)
9599,Fiat,PUNTO EVO (199),engine_type-spoof,1.9 TDI Syncro,1.4 8v,DB-internal consistency (etype vs linked engine cc)
9603,Ford,"RANGER (ES, ET)",engine_type-pattern,2.5 D (corr.),NULL,DB-internal consistency (etype vs linked engine cc)
9604,Ford,"RANGER (ES, ET)",engine_type-pattern,3 (est.),NULL,DB-internal consistency (etype vs linked engine cc)
9609,Fiat,DUCATO Box (250),engine_type-pattern,3 (est.),NULL,DB-internal consistency (etype vs linked engine cc)
9618,Vauxhall,ASTRA Mk VI (J) Sports Tourer,engine_type-spoof,1.8 i Syncro CAT,1.3 16v D,DB-internal consistency (etype vs linked engine cc)
9625,Mazda,CX-7 (ER),engine_type-pattern,2.5 (corr.),2.5 16v MZR,DB-internal consistency (etype vs linked engine cc)
9626,Vauxhall,MERIVA Mk II (B),engine_type-spoof,1.8 i Syncro CAT,1.3 16v D,DB-internal consistency (etype vs linked engine cc)
9628,Volkswagen,TOURAN (1T3),engine_type-pattern,1.2 (est.),1.2 TFSI,DB-internal consistency (etype vs linked engine cc)
9629,Porsche,Cayenne,engine_type-pattern,Dismantle/assemble rear axle (rear axle removed),4.8 V8 Turbo 8AT,DB-internal consistency (etype vs linked engine cc)
9630,Porsche,Cayenne,engine_type-pattern,3.0 D (corr.),3.0 V6 TDI 8AT,DB-internal consistency (etype vs linked engine cc)
9631,Porsche,Cayenne,engine_type-pattern,3.0 D (corr.),NULL,DB-internal consistency (etype vs linked engine cc)
9638,Hyundai,ix20 (JC),engine_type-pattern,1.4 (est.),1.4 16v CRDi,DB-internal consistency (etype vs linked engine cc)
9640,Fiat,DOBLO Box Body / Estate (263),engine_type-spoof,1.9 TDI Syncro,1.4 TB 16v 120,DB-internal consistency (etype vs linked engine cc)
9641,Hyundai,SONATA IV (EF),engine_type-pattern,2.7 V6 (corr.),NULL,DB-internal consistency (etype vs linked engine cc)
9642,Land Rover,FREELANDER 2 (FA_),engine_type-pattern,2.2 TD4 4x4 (corr.),2.2 TD4 AWD,DB-internal consistency (etype vs linked engine cc)
9643,Land Rover,FREELANDER 2 (FA_),engine_type-pattern,2.2 TD4 4x4 (corr.),NULL,DB-internal consistency (etype vs linked engine cc)
9651,Citroen,C5 III Break (TD_),engine_type-pattern,Repair spirit tank,1.6 16v,DB-internal consistency (etype vs linked engine cc)
9654,Land Rover,RANGE ROVER SPORT (LS),engine_type-pattern,"Screw, pressure plate",NULL,DB-internal consistency (etype vs linked engine cc)
9659,Citroen,NEMO Box (AA_),engine_type-pattern,1.2 (est.),1.3 HDI,DB-internal consistency (etype vs linked engine cc)
9660,Lexus,"RX (GYL1_, GGL15, AGL10)",engine_type-pattern,350 (corr.),RX350 3.5 V6 VVT-i,DB-internal consistency (etype vs linked engine cc)
9662,Lexus,HS (ANF10),engine_type-pattern,2.4 (est.),NULL,DB-internal consistency (etype vs linked engine cc)
9668,Mercedes,CLS (C218),engine_type-pattern,350 (corr.),NULL,DB-internal consistency (etype vs linked engine cc)
9671,Mercedes,CLS (C218),engine_type-pattern,2.1 (est.),NULL,DB-internal consistency (etype vs linked engine cc)
9672,Mercedes,CLS (C218),engine_type-pattern,C 320 CDI (corr.),NULL,DB-internal consistency (etype vs linked engine cc)
9679,Renault,TRAFIC II Bus (JL),engine_type-pattern,2.5 dCi (corr.),2.5 CDTI,DB-internal consistency (etype vs linked engine cc)
9680,Mitsubishi,LANCER Saloon (CY/Z_A),engine_type-pattern,1.8 (est.),1.8 16v DI-D 2WD,DB-internal consistency (etype vs linked engine cc)
9683,BMW,1 (F20),engine_type-pattern,320 d (corr.),NULL,DB-internal consistency (etype vs linked engine cc)
9687,Mitsubishi,LANCER SPORTBACK (CX_A),engine_type-pattern,1.8 (est.),1.8 16v DI-D 2WD,DB-internal consistency (etype vs linked engine cc)
9694,Mitsubishi,OUTLANDER II (CW_W),engine_type-pattern,2.3 (est.),2.2 16v DI-D 4WD Automatic,DB-internal consistency (etype vs linked engine cc)
9708,Mercedes,G-CLASS (W461),engine_type-pattern,C 320 CDI (corr.),NULL,DB-internal consistency (etype vs linked engine cc)
9709,Hyundai,i30 (GD),engine_type-pattern,1.4 (est.),1.4 16v CRDi,DB-internal consistency (etype vs linked engine cc)
9711,Mercedes,G-CLASS (W463),engine_type-pattern,55 AMG (corr.),NULL,DB-internal consistency (etype vs linked engine cc)
9712,Dacia,LOGAN (LS_),engine_type-pattern,1.4 (corr.),1.4,DB-internal consistency (etype vs linked engine cc)
9713,Dacia,LOGAN (LS_),engine_type-pattern,1.4 (corr.),NULL,DB-internal consistency (etype vs linked engine cc)
9716,BMW,"5 (F10, F18)",engine_type-pattern,520 d (corr.),NULL,DB-internal consistency (etype vs linked engine cc)
9718,Nissan,X-TRAIL (T31),engine_type-pattern,Safety check of chassis and structural parts,2.0 dCi,DB-internal consistency (etype vs linked engine cc)
9721,Volkswagen,"GOLF PLUS (5M1, 521)",engine_type-spoof,3.1 TD,1.6 8v LPG,DB-internal consistency (etype vs linked engine cc)
9723,BMW,6 Coupe (F13),engine_type-pattern,530 d (corr.),335d 3000 D,DB-internal consistency (etype vs linked engine cc)
9724,Volkswagen,GOLF VI (5K1),engine_type-pattern,1.6 (corr.),1.6 TDI (105),DB-internal consistency (etype vs linked engine cc)
9725,Volkswagen,GOLF VI (5K1),engine_type-pattern,1.6 (corr.),1.6 8v MultiFuel,DB-internal consistency (etype vs linked engine cc)
9726,Volkswagen,"GOLF PLUS (5M1, 521)",engine_type-pattern,1.6 (est.),1.6 TDI (90),DB-internal consistency (etype vs linked engine cc)
9727,Jeep,"GRAND CHEROKEE IV (WK, WK2)",engine_type-pattern,3.6 (est.),NULL,DB-internal consistency (etype vs linked engine cc)
9728,Jeep,"GRAND CHEROKEE IV (WK, WK2)",engine_type-pattern,5.7 (est.),5.7 V8 HEMI (VCT),DB-internal consistency (etype vs linked engine cc)
9730,Jeep,"GRAND CHEROKEE III (WH, WK)",engine_type-pattern,3 (est.),3.0 V6 EcoDiesel (VM A630),DB-internal consistency (etype vs linked engine cc)
9735,Porsche,911 (997),engine_type-pattern,3.8 Carrera 4S (corr.),3.6 24v Turbo 6MT,DB-internal consistency (etype vs linked engine cc)
9738,Porsche,911 (997),engine_type-pattern,3.8 Carrera 4S (corr.),3.8 24v 6MT,DB-internal consistency (etype vs linked engine cc)
9741,Fiat,PUNTO / GRANDE PUNTO (199),engine_type-spoof,1.9 TDI Syncro,1.4 8v,DB-internal consistency (etype vs linked engine cc)
9742,Porsche,911 (997),engine_type-pattern,3.6 Carrera (corr.),3.6 24v Turbo 5AT,DB-internal consistency (etype vs linked engine cc)
9743,Porsche,911 Convertible (997),engine_type-pattern,3.8 Carrera 4S (corr.),3.6 24v Turbo 6MT,DB-internal consistency (etype vs linked engine cc)
9745,Porsche,911 Convertible (997),engine_type-pattern,3.8 Carrera 4S (corr.),3.8 24v 6MT,DB-internal consistency (etype vs linked engine cc)
9746,Maserati,Quattroporte V,engine_type-pattern,4.7 (corr.),NULL,DB-internal consistency (etype vs linked engine cc)
9747,Maserati,Quattroporte V,engine_type-pattern,4.7 (corr.),NULL,DB-internal consistency (etype vs linked engine cc)
9751,Skoda,OCTAVIA Combi (1Z5),engine_type-pattern,Repair rear seat bench *,1.6 TDI (105),DB-internal consistency (etype vs linked engine cc)
9752,Skoda,OCTAVIA Combi (1Z5),engine_type-pattern,1.6 (corr.),1.6 8v LPG,DB-internal consistency (etype vs linked engine cc)
9753,Skoda,OCTAVIA (1Z3),engine_type-pattern,1.6 (corr.),1.6 8v LPG,DB-internal consistency (etype vs linked engine cc)
9760,Citroen,DS3,engine_type-pattern,1.6 VTi 120 (corr.),NULL,DB-internal consistency (etype vs linked engine cc)
9767,Citroen,"C8 (EA_, EB_)",engine_type-pattern,2.0 HDi (corr.),2.0 HDI,DB-internal consistency (etype vs linked engine cc)
9768,Citroen,"C8 (EA_, EB_)",engine_type-pattern,2.0 HDi (corr.),2.0 HDI,DB-internal consistency (etype vs linked engine cc)
9769,Piaggio,QUARGO Platform/Chassis,engine_type-pattern,0.7 (est.),NULL,DB-internal consistency (etype vs linked engine cc)
9770,Fiat,DOBLO Cargo (223),engine_type-pattern,1.3 D Multijet (corr.),1.3 16v Multijet DPF,DB-internal consistency (etype vs linked engine cc)
9771,Fiat,DOBLO Cargo (223),engine_type-pattern,1.9 JTD (corr.),1.9 8v Multijet DPF (120),DB-internal consistency (etype vs linked engine cc)
9772,Renault,MODUS / GRAND MODUS (F/JP0_),engine_type-pattern,1.5 dCi (corr.),NULL,DB-internal consistency (etype vs linked engine cc)
9773,Renault,MODUS / GRAND MODUS (F/JP0_),engine_type-pattern,1.5 dCi (corr.),NULL,DB-internal consistency (etype vs linked engine cc)
9775,Renault,TWINGO II (CN0_),engine_type-pattern,1.5 dCi (corr.),NULL,DB-internal consistency (etype vs linked engine cc)
9776,Renault,TWINGO II (CN0_),engine_type-pattern,1.5 dCi (corr.),NULL,DB-internal consistency (etype vs linked engine cc)
9777,Renault,TWINGO II (CN0_),engine_type-pattern,1.5 dCi (corr.),1.5 dCi,DB-internal consistency (etype vs linked engine cc)
9778,Renault,MEGANE III Hatchback (BZ0_),engine_type-pattern,2.0 dCi (corr.),NULL,DB-internal consistency (etype vs linked engine cc)
9779,Renault,MEGANE III Grandtour (KZ0/1),engine_type-pattern,2.0 dCi (corr.),NULL,DB-internal consistency (etype vs linked engine cc)
9780,Renault,MEGANE CC (EZ0/1_),engine_type-pattern,2.0 16V (corr.),NULL,DB-internal consistency (etype vs linked engine cc)
9781,Renault,MEGANE CC (EZ0/1_),engine_type-pattern,2.0 16V (corr.),NULL,DB-internal consistency (etype vs linked engine cc)
9784,BMW,1 (F20),engine_type-pattern,320 d (corr.),116d 2000 D,DB-internal consistency (etype vs linked engine cc)
9785,BMW,1 (F20),engine_type-pattern,1.6 (est.),NULL,DB-internal consistency (etype vs linked engine cc)
9791,Dacia,Duster,engine_type-pattern,1.5 dCi (corr.),NULL,DB-internal consistency (etype vs linked engine cc)
9792,Dacia,Duster,engine_type-pattern,1.5 dCi (corr.),NULL,DB-internal consistency (etype vs linked engine cc)
9793,Lexus,LX (URJ201),engine_type-pattern,5.7 (est.),LX570 5.7 V8 VVT-i,DB-internal consistency (etype vs linked engine cc)
9797,Mercedes,"SPRINTER 3,5-t Bus (906)",engine_type-pattern,C 320 CDI (corr.),NULL,DB-internal consistency (etype vs linked engine cc)
9798,Mercedes,"SPRINTER 3,5-t Bus (906)",engine_type-pattern,C 320 CDI (corr.),NULL,DB-internal consistency (etype vs linked engine cc)
9799,Mercedes,"SPRINTER 3,5-t Bus (906)",engine_type-pattern,C 320 CDI (corr.),NULL,DB-internal consistency (etype vs linked engine cc)
9801,Opel,Meriva,engine_type-pattern,1.4 (corr.),1.4TwinPort Ecotec,DB-internal consistency (etype vs linked engine cc)
9802,Mercedes,"SPRINTER 3,5-t Bus (906)",engine_type-pattern,C 320 CDI (corr.),NULL,DB-internal consistency (etype vs linked engine cc)
9803,Mercedes,"SPRINTER 3,5-t Bus (906)",engine_type-pattern,C 320 CDI (corr.),NULL,DB-internal consistency (etype vs linked engine cc)
9804,Mercedes,"SPRINTER 3,5-t Bus (906)",engine_type-pattern,C 320 CDI (corr.),NULL,DB-internal consistency (etype vs linked engine cc)
9807,Opel,ASTRA H Estate (L35),engine_type-pattern,1.6 (corr.),1.6 Twinport,DB-internal consistency (etype vs linked engine cc)
9815,BMW,1 (F20),engine_type-pattern,320 d (corr.),116d 2000 D,DB-internal consistency (etype vs linked engine cc)
9816,Mercedes,"SPRINTER 3,5-t Box (906)",engine_type-pattern,C 320 CDI (corr.),NULL,DB-internal consistency (etype vs linked engine cc)
9817,Mercedes,"SPRINTER 3,5-t Box (906)",engine_type-pattern,C 320 CDI (corr.),NULL,DB-internal consistency (etype vs linked engine cc)
9818,Mercedes,"SPRINTER 3,5-t Box (906)",engine_type-pattern,C 320 CDI (corr.),NULL,DB-internal consistency (etype vs linked engine cc)
9819,Mercedes,"SPRINTER 3,5-t Platform/Chassis (906)",engine_type-pattern,2.1 (est.),NULL,DB-internal consistency (etype vs linked engine cc)
9820,Mercedes,"SPRINTER 3,5-t Platform/Chassis (906)",engine_type-pattern,2.1 (est.),NULL,DB-internal consistency (etype vs linked engine cc)
9826,BMW,"7 (F01, F02, F03, F04)",engine_type-pattern,4.4 (est.),NULL,DB-internal consistency (etype vs linked engine cc)
9827,BMW,"7 (F01, F02, F03, F04)",engine_type-pattern,730 d (corr.),335d 3000 D,DB-internal consistency (etype vs linked engine cc)
9828,BMW,"X6 (E71, E72)",engine_type-pattern,4.4 (est.),NULL,DB-internal consistency (etype vs linked engine cc)
9840,Toyota,"AURIS (NRE15_, ZZE15_, ADE15_, ZRE15_, NDE15_)",engine_type-pattern,1.8 (corr.),1.8 16v Valvematic,DB-internal consistency (etype vs linked engine cc)
9843,Toyota,"RAV 4 III (ACA3_, ACE_, ALA3_, GSA3_, ZSA3_)",engine_type-pattern,2.4 (corr.),2.4 VVT-i,DB-internal consistency (etype vs linked engine cc)
9844,McLaren,MP4 Coupe,engine_type-pattern,3.8 (corr.),3.8 V8 32v Turbo,DB-internal consistency (etype vs linked engine cc)
9853,Toyota,"ALLION II (NZT26_, ZRT26_)",engine_type-pattern,1.8 (corr.),1.8 16v Valvematic,DB-internal consistency (etype vs linked engine cc)
9868,Vauxhall,"ANTARA (J26, H26)",engine_type-pattern,2.2 (est.),NULL,DB-internal consistency (etype vs linked engine cc)
9869,Vauxhall,"ANTARA (J26, H26)",engine_type-pattern,2.2 (est.),NULL,DB-internal consistency (etype vs linked engine cc)
9871,Toyota,COROLLA Saloon (E15_),engine_type-pattern,1.8 (corr.),1.8 16v Valvematic,DB-internal consistency (etype vs linked engine cc)
9875,Toyota,COROLLA Estate (_E14_),engine_type-pattern,1.8 (corr.),1.8 16v Valvematic,DB-internal consistency (etype vs linked engine cc)
9879,Toyota,"COROLLA RUMION (_AZE15_, _NZE15_, _ZRE15_)",engine_type-pattern,1.8 (corr.),1.8 16v Valvematic,DB-internal consistency (etype vs linked engine cc)
9882,Toyota,WISH MPV (ZGE2_),engine_type-pattern,1.8 (corr.),1.8 16v Valvematic,DB-internal consistency (etype vs linked engine cc)
9883,Mercedes,"R-CLASS (W251, V251)",engine_type-pattern,C 320 CDI (corr.),NULL,DB-internal consistency (etype vs linked engine cc)
9885,Lancia,PHEDRA (179),engine_type-pattern,2.2 (est.),NULL,DB-internal consistency (etype vs linked engine cc)
9886,Lancia,PHEDRA (179),engine_type-pattern,2.2 (est.),NULL,DB-internal consistency (etype vs linked engine cc)
9895,Toyota,"LAND CRUISER (VDJ20_, UZJ20_)",engine_type-pattern,4.6 (est.),GX460 4.6 V8 VVT-i,DB-internal consistency (etype vs linked engine cc)
9898,Hyundai,"i20 (PB, PBT)",engine_type-pattern,1.4 (est.),1.4 16v CRDi,DB-internal consistency (etype vs linked engine cc)
9904,Toyota,"PREMIO (NZT26_, ZRT26_)",engine_type-pattern,1.8 (corr.),1.8 16v Valvematic,DB-internal consistency (etype vs linked engine cc)
9915,Volkswagen,"JETTA IV (162, 163)",engine_type-pattern,1.2 (est.),1.2 TFSI,DB-internal consistency (etype vs linked engine cc)
9916,Volkswagen,"JETTA IV (162, 163)",engine_type-pattern,1.6 (est.),1.6 TDI (105),DB-internal consistency (etype vs linked engine cc)
9926,Peugeot,EXPERT Tepee (VF3V_),engine_type-pattern,2.0 HDi (corr.),2.0 HDI,DB-internal consistency (etype vs linked engine cc)
9927,Vauxhall,MOVANO Mk II (B) Chassis/Cab,engine_type-pattern,2.0 GT3 (corr.),NULL,DB-internal consistency (etype vs linked engine cc)
9928,Vauxhall,MOVANO Mk II (B) Chassis/Cab,engine_type-pattern,2.0 GT3 (corr.),NULL,DB-internal consistency (etype vs linked engine cc)
9929,Vauxhall,MOVANO Mk II (B) Chassis/Cab,engine_type-pattern,2.0 GT3 (corr.),NULL,DB-internal consistency (etype vs linked engine cc)
9930,Vauxhall,MOVANO Mk II (B) Chassis/Cab,engine_type-pattern,2.0 GT3 (corr.),NULL,DB-internal consistency (etype vs linked engine cc)
9931,Vauxhall,MOVANO Mk II (B) Chassis/Cab,engine_type-pattern,2.0 GT3 (corr.),NULL,DB-internal consistency (etype vs linked engine cc)
9932,Vauxhall,MOVANO Mk II (B) Chassis/Cab,engine_type-pattern,2.0 GT3 (corr.),NULL,DB-internal consistency (etype vs linked engine cc)
9933,Vauxhall,MOVANO Mk II (B) Chassis/Cab,engine_type-pattern,2.0 GT3 (corr.),NULL,DB-internal consistency (etype vs linked engine cc)
9935,Vauxhall,MOVANO Mk II (B) Chassis/Cab,engine_type-pattern,2.0 GT3 (corr.),NULL,DB-internal consistency (etype vs linked engine cc)
9936,Vauxhall,MOVANO Mk II (B) Chassis/Cab,engine_type-pattern,2.0 GT3 (corr.),NULL,DB-internal consistency (etype vs linked engine cc)
9937,Renault,SCÉNIC III (JZ0/1_),engine_type-pattern,1.6 (corr.),NULL,DB-internal consistency (etype vs linked engine cc)
9940,Seat,ALHAMBRA (710),engine_type-pattern,2.0 TFSI (corr.),2.0 TFSI,DB-internal consistency (etype vs linked engine cc)
9941,Audi,A3 (8P1),engine_type-pattern,1.6 (corr.),1.6 8v MultiFuel,DB-internal consistency (etype vs linked engine cc)
9942,Audi,A3 Sportback (8PA),engine_type-pattern,1.6 (corr.),1.6 8v MultiFuel,DB-internal consistency (etype vs linked engine cc)
9944,Opel,ASTRA H Estate (L35),engine_type-spoof,3.8 Carrera,1.4TwinPort Ecotec,DB-internal consistency (etype vs linked engine cc)
9948,Volkswagen,GOLF VI Variant (AJ5),engine_type-pattern,1.6 (corr.),1.6 8v MultiFuel,DB-internal consistency (etype vs linked engine cc)
9954,Volvo,V60,engine_type-pattern,3 (est.),NULL,DB-internal consistency (etype vs linked engine cc)
9957,Volvo,C30,engine_type-pattern,1.6 D (corr.),1.6 D2,DB-internal consistency (etype vs linked engine cc)
9964,Volvo,S80 II (AS),engine_type-pattern,3 (est.),NULL,DB-internal consistency (etype vs linked engine cc)
9966,Skoda,SUPERB (3T4),engine_type-pattern,2.0 (corr.),2.0 TFSI,DB-internal consistency (etype vs linked engine cc)
9967,Skoda,SUPERB (3T4),engine_type-pattern,Repair rear seat bench * (corr.),1.6 TDI (105),DB-internal consistency (etype vs linked engine cc)
9968,Skoda,SUPERB Estate (3T5),engine_type-pattern,2.0 (corr.),2.0 TFSI,DB-internal consistency (etype vs linked engine cc)
9969,Skoda,SUPERB Estate (3T5),engine_type-pattern,Repair rear seat bench * (corr.),1.6 TDI (105),DB-internal consistency (etype vs linked engine cc)
9970,Skoda,YETI (5L),engine_type-pattern,Repair rear seat bench * (corr.),1.6 TDI (105),DB-internal consistency (etype vs linked engine cc)
9971,Ssangyong,Korando,engine_type-pattern,2.0 Xdi (corr.),NULL,DB-internal consistency (etype vs linked engine cc)
9973,Citroen,DS4,engine_type-pattern,1.6 VTi 120 (corr.),1.6 16v THP,DB-internal consistency (etype vs linked engine cc)
9974,Citroen,DS4,engine_type-pattern,1.6 VTi 120 (corr.),1.6 16v THP,DB-internal consistency (etype vs linked engine cc)
9976,Citroen,DS4,engine_type-pattern,2.0 HDi (corr.),2.0 HDI,DB-internal consistency (etype vs linked engine cc)
9978,Citroen,NEMO Estate,engine_type-pattern,1.2 (est.),1.3 HDI,DB-internal consistency (etype vs linked engine cc)
9979,Alpina,D5 Touring (F11),engine_type-pattern,3 (est.),335d 3000 D,DB-internal consistency (etype vs linked engine cc)
9982,Citroen,C4 Picasso I (UD_),engine_type-pattern,1.6 VTi 120 (corr.),1.6 16v THP,DB-internal consistency (etype vs linked engine cc)
9985,Mini,MINI COUNTRYMAN (R60),engine_type-spoof,4.9 Roadster,2.0 Diesel,DB-internal consistency (etype vs linked engine cc)
9986,Mini,MINI (R56),engine_type-spoof,1.6 Trekking,2.0 Diesel,DB-internal consistency (etype vs linked engine cc)
9990,Citroen,C4 Picasso I (UD_),engine_type-pattern,2.0 HDi (corr.),2.0 HDI,DB-internal consistency (etype vs linked engine cc)
9991,Citroen,C4 Grand Picasso I (UA_),engine_type-pattern,1.6 16V (corr.),1.6 16v THP,DB-internal consistency (etype vs linked engine cc)
9994,Citroen,C4 Grand Picasso I (UA_),engine_type-pattern,2.0 HDi (corr.),2.0 HDI,DB-internal consistency (etype vs linked engine cc)
9998,Peugeot,BIPPER Tepee,engine_type-pattern,1.2 (est.),1.3 16v Mjet DPF,DB-internal consistency (etype vs linked engine cc)
9999,Peugeot,BIPPER (AA_),engine_type-pattern,1.2 (est.),1.3 16v Mjet DPF,DB-internal consistency (etype vs linked engine cc)
10000,Peugeot,308 CC,engine_type-pattern,1.6 16V (corr.),NULL,DB-internal consistency (etype vs linked engine cc)
10002,Dacia,Sandero,engine_type-pattern,1.6 16V (corr.),NULL,DB-internal consistency (etype vs linked engine cc)
10004,Dacia,LOGAN (LS_),engine_type-pattern,1.6 16V (corr.),NULL,DB-internal consistency (etype vs linked engine cc)
10005,Dacia,LOGAN (LS_),engine_type-pattern,1.5 dCi (corr.),1.5 dCi,DB-internal consistency (etype vs linked engine cc)
10006,Dacia,LOGAN (LS_),engine_type-pattern,1.5 dCi (corr.),1.5 dCi,DB-internal consistency (etype vs linked engine cc)
10008,Dacia,LOGAN MCV (KS_),engine_type-pattern,1.6 16V (corr.),NULL,DB-internal consistency (etype vs linked engine cc)
10010,Dacia,LOGAN MCV (KS_),engine_type-spoof,2.0 -16,1.5 dCi,DB-internal consistency (etype vs linked engine cc)
10011,BMW,5 Touring (F11),engine_type-pattern,530 d (corr.),NULL,DB-internal consistency (etype vs linked engine cc)
10024,Ford,S-MAX (WA6),engine_type-pattern,1.6 Ti (corr.),NULL,DB-internal consistency (etype vs linked engine cc)
10025,Ford,S-MAX (WA6),engine_type-pattern,1.6 Ti (corr.),NULL,DB-internal consistency (etype vs linked engine cc)
10027,Ford,S-MAX (WA6),engine_type-pattern,2.0 (corr.),2.0 EcoBoost,DB-internal consistency (etype vs linked engine cc)
10028,Ford,S-MAX (WA6),engine_type-pattern,2.0 (corr.),NULL,DB-internal consistency (etype vs linked engine cc)
10029,Ford,GALAXY (WA6),engine_type-pattern,1.6 Ti (corr.),NULL,DB-internal consistency (etype vs linked engine cc)
10030,Ford,GALAXY (WA6),engine_type-pattern,1.6 Ti (corr.),NULL,DB-internal consistency (etype vs linked engine cc)
10032,Ford,MONDEO IV (BA7),engine_type-pattern,1.6 Ti (corr.),1.6 EcoBoost,DB-internal consistency (etype vs linked engine cc)
10033,Ford,MONDEO IV (BA7),engine_type-pattern,2.0 (corr.),2.0 EcoBoost,DB-internal consistency (etype vs linked engine cc)
10046,Mercedes,"R-CLASS (W251, V251)",engine_type-pattern,350 (corr.),NULL,DB-internal consistency (etype vs linked engine cc)
10047,Mercedes,"R-CLASS (W251, V251)",engine_type-pattern,350 (corr.),NULL,DB-internal consistency (etype vs linked engine cc)
10048,Ford,MONDEO IV Turnier (BA7),engine_type-pattern,1.6 Ti (corr.),NULL,DB-internal consistency (etype vs linked engine cc)
10049,Ford,MONDEO IV Turnier (BA7),engine_type-pattern,2.0 (corr.),2.0 EcoBoost,DB-internal consistency (etype vs linked engine cc)
10058,Nissan,MICRA IV (K13),engine_type-pattern,1.2 (corr.),NULL,DB-internal consistency (etype vs linked engine cc)
10060,Kia,PICANTO (TA),engine_type-pattern,1 (est.),1.0 12v,DB-internal consistency (etype vs linked engine cc)
10061,Kia,PICANTO (TA),engine_type-pattern,1 (est.),NULL,DB-internal consistency (etype vs linked engine cc)
10066,Volvo,S40 II (MS),engine_type-pattern,1.6 D (corr.),1.6 D2,DB-internal consistency (etype vs linked engine cc)
10069,Renault,LATITUDE (L70_),engine_type-pattern,3 (est.),NULL,DB-internal consistency (etype vs linked engine cc)
10072,Dacia,LOGAN MCV (KS_),engine_type-pattern,1.6 16V (corr.),1.6 MPI,DB-internal consistency (etype vs linked engine cc)
10073,Dacia,LOGAN MCV (KS_),engine_type-pattern,1.6 16V (corr.),NULL,DB-internal consistency (etype vs linked engine cc)
10074,Dacia,LOGAN MCV (KS_),engine_type-pattern,1.6 16V (corr.),NULL,DB-internal consistency (etype vs linked engine cc)
10077,Dacia,LOGAN EXPRESS (FS_),engine_type-pattern,1.6 16V (corr.),NULL,DB-internal consistency (etype vs linked engine cc)
10078,Dacia,LOGAN Pickup (US_),engine_type-pattern,1.6 16V (corr.),NULL,DB-internal consistency (etype vs linked engine cc)
10081,Dacia,Sandero,engine_type-spoof,4.0,NULL,DB-internal consistency (etype vs linked engine cc)
10085,Vauxhall,"CORSA Mk II (C) (W5L, F08)",engine_type-pattern,1.4 (corr.),1.4TwinPort Ecotec,DB-internal consistency (etype vs linked engine cc)
10091,Opel,Antara,engine_type-pattern,Dismantle/assemble front right seat (corr.),NULL,DB-internal consistency (etype vs linked engine cc)
10101,Perodua,VIVA,engine_type-pattern,0.7 (est.),NULL,DB-internal consistency (etype vs linked engine cc)
10112,Mercedes,S-CLASS (W221),engine_type-pattern,GAZELLE (corr.),NULL,DB-internal consistency (etype vs linked engine cc)
10113,Mercedes,M-CLASS (W166),engine_type-pattern,4.7 (est.),NULL,DB-internal consistency (etype vs linked engine cc)
10114,Mercedes,CLS (C218),engine_type-pattern,GAZELLE (corr.),NULL,DB-internal consistency (etype vs linked engine cc)
10115,Mercedes,CLS (C218),engine_type-pattern,GAZELLE (corr.),NULL,DB-internal consistency (etype vs linked engine cc)
10116,Mercedes,CLS (C218),engine_type-pattern,4.7 (est.),NULL,DB-internal consistency (etype vs linked engine cc)
10117,Mercedes,SPRINTER 5-t Platform/Chassis (906),engine_type-pattern,2.1 (est.),NULL,DB-internal consistency (etype vs linked engine cc)
10118,Mercedes,SPRINTER 5-t Platform/Chassis (906),engine_type-pattern,2.1 (est.),NULL,DB-internal consistency (etype vs linked engine cc)
10119,Mercedes,SLK (R172),engine_type-pattern,C 180 Kompressor (corr.),LEMANS,DB-internal consistency (etype vs linked engine cc)
10120,Mercedes,SLK (R172),engine_type-pattern,C 180 Kompressor (corr.),NULL,DB-internal consistency (etype vs linked engine cc)
10121,Mercedes,C-CLASS (W204),engine_type-spoof,2.8 GT,NULL,DB-internal consistency (etype vs linked engine cc)
10122,Mercedes,C-CLASS (W204),engine_type-spoof,3.1 LT,NULL,DB-internal consistency (etype vs linked engine cc)
10123,Mercedes,C-CLASS (W204),engine_type-pattern,2.1 (est.),NULL,DB-internal consistency (etype vs linked engine cc)
10124,Mercedes,C-CLASS (W204),engine_type-pattern,C 320 CDI (corr.),NULL,DB-internal consistency (etype vs linked engine cc)
10125,Mercedes,C-CLASS (W204),engine_type-pattern,350 (corr.),NULL,DB-internal consistency (etype vs linked engine cc)
10126,BMW,"5 (F10, F18)",engine_type-pattern,530 d (corr.),NULL,DB-internal consistency (etype vs linked engine cc)
10130,Mercedes,VITO / MIXTO Box (W639),engine_type-spoof,55 1.2,NULL,DB-internal consistency (etype vs linked engine cc)
10134,Mercedes,VITO Bus (W639),engine_type-spoof,55 1.2,NULL,DB-internal consistency (etype vs linked engine cc)
10135,Mercedes,VIANO (W639),engine_type-pattern,2.1 (est.),110 CDI,DB-internal consistency (etype vs linked engine cc)
10137,Mercedes,VIANO (W639),engine_type-spoof,2.0 GLSTD (E57A),NULL,DB-internal consistency (etype vs linked engine cc)
10139,BMW,6 Convertible (F12),engine_type-pattern,530 d (corr.),335d 3000 D,DB-internal consistency (etype vs linked engine cc)
10141,Cadillac,Bls,engine_type-pattern,2.0 T (corr.),2.0 16v Turbo Aero,DB-internal consistency (etype vs linked engine cc)
10142,Cadillac,Bls,engine_type-pattern,2.0 T (corr.),NULL,DB-internal consistency (etype vs linked engine cc)
10145,Toyota,"COASTER Bus (TRB5_, XZB5_, RZB4_, HZB5_, BZB5_, BB4_)",engine_type-pattern,940 II Estate (corr.),4.0 Diesel,DB-internal consistency (etype vs linked engine cc)
10146,Toyota,"COASTER Bus (TRB5_, XZB5_, RZB4_, HZB5_, BZB5_, BB4_)",engine_type-pattern,940 II Estate (corr.),4.0 Diesel,DB-internal consistency (etype vs linked engine cc)
10147,Toyota,"COASTER Bus (TRB5_, XZB5_, RZB4_, HZB5_, BZB5_, BB4_)",engine_type-pattern,940 II Estate (corr.),4.0 Diesel,DB-internal consistency (etype vs linked engine cc)
10149,Volkswagen,"GOLF PLUS (5M1, 521)",engine_type-pattern,1.2 (est.),1.2 TFSI,DB-internal consistency (etype vs linked engine cc)
10176,Ford,FOCUS III Saloon,engine_type-spoof,1800 HL,1.6 Ti-VCT Flexifuel (120),DB-internal consistency (etype vs linked engine cc)
10177,Ford,FOCUS III Saloon,engine_type-pattern,1.6 Ti (corr.),1.6 EcoBoost,DB-internal consistency (etype vs linked engine cc)
10178,Ford,FOCUS III Saloon,engine_type-pattern,1.6 Ti (corr.),NULL,DB-internal consistency (etype vs linked engine cc)
10179,Ford,FOCUS III Saloon,engine_type-pattern,1.6 Ti (corr.),NULL,DB-internal consistency (etype vs linked engine cc)
10180,Ford,FOCUS III Saloon,engine_type-pattern,1.6 Ti (corr.),NULL,DB-internal consistency (etype vs linked engine cc)
10181,Honda,CR-V IV (RE),engine_type-pattern,2.4 (corr.),2.4 16v i-VTEC,DB-internal consistency (etype vs linked engine cc)
10182,Honda,CR-V IV (RE),engine_type-pattern,2.4 (corr.),NULL,DB-internal consistency (etype vs linked engine cc)
10183,Honda,CR-V IV (RE),engine_type-pattern,2.4 (corr.),NULL,DB-internal consistency (etype vs linked engine cc)
10193,Ford,FOCUS III,engine_type-spoof,1800 HL,1.6 Ti-VCT Flexifuel (120),DB-internal consistency (etype vs linked engine cc)
10194,Ford,FOCUS III,engine_type-pattern,1.6 Ti (corr.),1.6 EcoBoost,DB-internal consistency (etype vs linked engine cc)
10195,Ford,FOCUS III,engine_type-pattern,1.6 Ti (corr.),NULL,DB-internal consistency (etype vs linked engine cc)
10196,Ford,FOCUS III,engine_type-pattern,1.6 Ti (corr.),NULL,DB-internal consistency (etype vs linked engine cc)
10197,Ford,FOCUS III,engine_type-pattern,1.6 Ti (corr.),NULL,DB-internal consistency (etype vs linked engine cc)
10207,Ford,FOCUS III Turnier,engine_type-spoof,1800 HL,1.6 Ti-VCT Flexifuel (120),DB-internal consistency (etype vs linked engine cc)
10208,Ford,FOCUS III Turnier,engine_type-pattern,1.6 Ti (corr.),1.6 EcoBoost,DB-internal consistency (etype vs linked engine cc)
10209,Ford,FOCUS III Turnier,engine_type-pattern,1.6 Ti (corr.),NULL,DB-internal consistency (etype vs linked engine cc)
10210,Ford,FOCUS III Turnier,engine_type-pattern,1.6 Ti (corr.),NULL,DB-internal consistency (etype vs linked engine cc)
10211,Ford,FOCUS III Turnier,engine_type-pattern,1.6 Ti (corr.),NULL,DB-internal consistency (etype vs linked engine cc)
10219,Volkswagen,GOLF VI Convertible (517),engine_type-pattern,1.2 (est.),1.2 TFSI,DB-internal consistency (etype vs linked engine cc)
10226,Volkswagen,GOLF VI Convertible (517),engine_type-pattern,1.6 (est.),1.6 TDI (105),DB-internal consistency (etype vs linked engine cc)
10229,BMW,6 Convertible (F12),engine_type-pattern,at Spring Eye (corr.),NULL,DB-internal consistency (etype vs linked engine cc)
10230,BMW,6 Convertible (F12),engine_type-pattern,Dismantle/assemble gear selector bearing/mounting body (removed),NULL,DB-internal consistency (etype vs linked engine cc)
10231,BMW,6 Coupe (F13),engine_type-pattern,at Spring Eye (corr.),NULL,DB-internal consistency (etype vs linked engine cc)
10232,BMW,1 (F20),engine_type-pattern,528 i (corr.),NULL,DB-internal consistency (etype vs linked engine cc)
10233,BMW,6 Coupe (F13),engine_type-pattern,Dismantle/assemble gear selector bearing/mounting body (removed),NULL,DB-internal consistency (etype vs linked engine cc)
10234,BMW,X5 (E70),engine_type-pattern,Dismantle/assemble gear selector bearing/mounting body (corr.),NULL,DB-internal consistency (etype vs linked engine cc)
10236,Volkswagen,TOUAREG (7P5),engine_type-pattern,3 (est.),NULL,DB-internal consistency (etype vs linked engine cc)
10239,Mercedes,"SPRINTER 3,5-t Bus (906)",engine_type-pattern,2.1 (est.),NULL,DB-internal consistency (etype vs linked engine cc)
10240,Mercedes,"SPRINTER 3,5-t Bus (906)",engine_type-pattern,2.1 (est.),NULL,DB-internal consistency (etype vs linked engine cc)
10245,Infiniti,M (Y51),engine_type-pattern,3.5 (est.),EX35 3.5 V6 AWD Crossover,DB-internal consistency (etype vs linked engine cc)
10252,Kia,SPORTAGE (SL),engine_type-spoof,1.4 Mirafiori,1.6 16v GDI,DB-internal consistency (etype vs linked engine cc)
10253,Kia,SPORTAGE (SL),engine_type-spoof,3.0 -24 V6 CS/CSE,NULL,DB-internal consistency (etype vs linked engine cc)
10257,Kia,CARENS III (UN),engine_type-pattern,2.0 CRDi (corr.),2.0 CRDi 4WD,DB-internal consistency (etype vs linked engine cc)
10260,Renault,LAGUNA III (BT0/1),engine_type-pattern,3.5 (est.),NULL,DB-internal consistency (etype vs linked engine cc)
10261,Renault,LAGUNA III Grandtour (KT0/1),engine_type-pattern,3.5 (est.),NULL,DB-internal consistency (etype vs linked engine cc)
10263,Cadillac,Escalade,engine_type-pattern,6 (est.),NULL,DB-internal consistency (etype vs linked engine cc)
10265,Cadillac,BLS Wagon,engine_type-pattern,"G 320 (463.230, 463.231)",2.8 V6 Turbo,DB-internal consistency (etype vs linked engine cc)
10267,Cadillac,Bls,engine_type-pattern,"G 320 (463.230, 463.231)",2.8 V6 Turbo,DB-internal consistency (etype vs linked engine cc)
10268,Chrysler,300 C (LX),engine_type-pattern,3.0 CRD (corr.),3.0 V6 EcoDiesel (VM A630),DB-internal consistency (etype vs linked engine cc)
10273,Mercedes,S-CLASS Coupe (C216),engine_type-pattern,4.7 (est.),NULL,DB-internal consistency (etype vs linked engine cc)
10292,Peugeot,407 (6D_),engine_type-pattern,2.0 16V (corr.),2.0 16v,DB-internal consistency (etype vs linked engine cc)
10303,Honda,JAZZ III (GE),engine_type-pattern,Rear side wall (corr.),NULL,DB-internal consistency (etype vs linked engine cc)
10304,Saab,9-3 (YS3F),engine_type-spoof,1.2 GL (A151A),2.0 16v Turbo Aero,DB-internal consistency (etype vs linked engine cc)
10306,Saab,9-3 Estate,engine_type-spoof,2.7 CRD Laredo,NULL,DB-internal consistency (etype vs linked engine cc)
10307,Saab,9-3 Estate,engine_type-pattern,2.0 t (corr.),2.0 16v Turbo Aero,DB-internal consistency (etype vs linked engine cc)
10308,Saab,9-3 Estate,engine_type-spoof,1.2 GL (A151A),NULL,DB-internal consistency (etype vs linked engine cc)
10315,Hyundai,GRAND SANTA FÉ,engine_type-pattern,2.2 (est.),2.2 16v CRDi 2WD,DB-internal consistency (etype vs linked engine cc)
10316,Saab,9-3 (YS3F),engine_type-spoof,1.2 GL (A151A),NULL,DB-internal consistency (etype vs linked engine cc)
10319,Opel,AGILA (B) (H08),engine_type-pattern,1.0 (corr.),NULL,DB-internal consistency (etype vs linked engine cc)
10320,Opel,AGILA (B) (H08),engine_type-spoof,2.7 TD,1.2 ecoFLEX,DB-internal consistency (etype vs linked engine cc)
10355,Renault,TWINGO II (CN0_),engine_type-pattern,1.2 16V (corr.),BENBEN,DB-internal consistency (etype vs linked engine cc)
10356,Renault,TWINGO II (CN0_),engine_type-pattern,1.2 16V (corr.),NULL,DB-internal consistency (etype vs linked engine cc)
10357,Fiat,500 (312),engine_type-spoof,2.7 TD,1.2 8v,DB-internal consistency (etype vs linked engine cc)
10358,Toyota,"YARIS (SCP9_, NSP9_, KSP9_, NCP9_, ZSP9_)",engine_type-spoof,2.8 V6,1.33 VVT-i,DB-internal consistency (etype vs linked engine cc)
10359,Lancia,YPSILON (843),engine_type-spoof,3.8 Carrera,1.4 8v,DB-internal consistency (etype vs linked engine cc)
10360,Lancia,MUSA (350),engine_type-spoof,3.8 Carrera,1.4 8v,DB-internal consistency (etype vs linked engine cc)
10362,Fiat,BRAVO II (198),engine_type-spoof,3.8 Carrera,1.4 16v 90,DB-internal consistency (etype vs linked engine cc)
10365,Opel,Corsa D,engine_type-spoof,3.8 Carrera,1.4 ecoFLEX,DB-internal consistency (etype vs linked engine cc)
10366,Spyker,C12 Coupe,engine_type-pattern,6 (est.),6.0 W12 48v Quattro,DB-internal consistency (etype vs linked engine cc)
10374,Fiat,PANDA Van (169),engine_type-spoof,1.9 TDI Syncro,1.4 8v,DB-internal consistency (etype vs linked engine cc)
10376,Citroen,DS3,engine_type-pattern,1.6 VTi 120 (corr.),1.6 16v THP Racing,DB-internal consistency (etype vs linked engine cc)
10385,Renault,THALIA II (LU1/2_),engine_type-pattern,1.2 16V (corr.),NULL,DB-internal consistency (etype vs linked engine cc)
10386,Renault,THALIA II (LU1/2_),engine_type-pattern,1.2 16V (corr.),NULL,DB-internal consistency (etype vs linked engine cc)
10389,Opel,Insignia,engine_type-pattern,"1500 (WAS2103, WAS2106)",2.0 Turbo ecoFLEX,DB-internal consistency (etype vs linked engine cc)
10390,Opel,Insignia,engine_type-pattern,"1500 (WAS2103, WAS2106)",2.0 Turbo Ecotec OPC,DB-internal consistency (etype vs linked engine cc)
10391,Opel,INSIGNIA Estate,engine_type-pattern,"1500 (WAS2103, WAS2106)",2.0 Turbo ecoFLEX,DB-internal consistency (etype vs linked engine cc)
10392,Opel,INSIGNIA Estate,engine_type-pattern,"1500 (WAS2103, WAS2106)",2.0 Turbo Ecotec OPC,DB-internal consistency (etype vs linked engine cc)
10399,Alfa Romeo,MITO (955),engine_type-pattern,1.2 (est.),1.3 JTDm (85),DB-internal consistency (etype vs linked engine cc)
10403,Audi,"A1 (8X1, 8XF)",engine_type-pattern,1.6 (est.),1.6 TDI (90),DB-internal consistency (etype vs linked engine cc)
10405,Audi,A5 (8T3),engine_type-pattern,4.2 FSI quattro (corr.),4.2 V8 32v FSI,DB-internal consistency (etype vs linked engine cc)
10411,Fiat,Idea,engine_type-spoof,3.8 Carrera,1.4 8v,DB-internal consistency (etype vs linked engine cc)
10415,Audi,A8 (4H_),engine_type-spoof,2.0 Turbo SE,NULL,DB-internal consistency (etype vs linked engine cc)
10416,Audi,A8 (4H_),engine_type-spoof,2.0 Turbo SE,NULL,DB-internal consistency (etype vs linked engine cc)
10436,Volkswagen,TIGUAN (5N_),engine_type-spoof,2.7 D Rear Wheel Drive,2.0 16v TDI,DB-internal consistency (etype vs linked engine cc)
10443,Tata,ARIA,engine_type-spoof,1.8 D 4x4,NULL,DB-internal consistency (etype vs linked engine cc)
10444,Mazda,CX-7 (ER),engine_type-pattern,C 280 (corr.),C 280 (202.029),DB-internal consistency (etype vs linked engine cc)
10480,Morgan,EVA,engine_type-pattern,3 (est.),1M 3000 TwinTurbo,DB-internal consistency (etype vs linked engine cc)
10486,Chrysler,SEBRING (JS),engine_type-pattern,2.4 (est.),NULL,DB-internal consistency (etype vs linked engine cc)
10487,Chrysler,SEBRING (JS),engine_type-pattern,2.4 (est.),NULL,DB-internal consistency (etype vs linked engine cc)
10488,Chrysler,SEBRING Convertible (JS),engine_type-pattern,2.4 (est.),NULL,DB-internal consistency (etype vs linked engine cc)
10489,Fiat,FREEMONT (JF_),engine_type-pattern,"Joint Bearing, connector rod",NULL,DB-internal consistency (etype vs linked engine cc)
10493,Opel,INSIGNIA Saloon,engine_type-pattern,2.0 Turbo (corr.),2.0 Turbo ecoFLEX,DB-internal consistency (etype vs linked engine cc)
10494,Opel,INSIGNIA Saloon,engine_type-pattern,2.0 Turbo (corr.),2.0 Turbo Ecotec OPC,DB-internal consistency (etype vs linked engine cc)
10499,Volkswagen,GOLF VI (5K1),engine_type-pattern,1.2 (est.),1.2 TFSI,DB-internal consistency (etype vs linked engine cc)
10506,Fiat,SIENA (178_),engine_type-pattern,1000 (corr.),1.0 8v,DB-internal consistency (etype vs linked engine cc)
10507,Fiat,SIENA (178_),engine_type-pattern,1000 (corr.),NULL,DB-internal consistency (etype vs linked engine cc)
10508,Fiat,SIENA (178_),engine_type-pattern,"LITEACE Box (CM3_V, KM3_V)",NULL,DB-internal consistency (etype vs linked engine cc)
10511,Fiat,SIENA (178_),engine_type-spoof,2.0 Turbo Performance,1.4 8v Flexpower,DB-internal consistency (etype vs linked engine cc)
10523,Opel,MOVANO B Bus,engine_type-spoof,2.0 GT3,NULL,DB-internal consistency (etype vs linked engine cc)
10524,Opel,MOVANO B Bus,engine_type-spoof,2.0 GT3,NULL,DB-internal consistency (etype vs linked engine cc)
10525,Opel,MOVANO B Bus,engine_type-spoof,2.0 GT3,NULL,DB-internal consistency (etype vs linked engine cc)
10526,Opel,MOVANO B Bus,engine_type-spoof,2.0 GT3,NULL,DB-internal consistency (etype vs linked engine cc)
10527,Opel,MOVANO B Bus,engine_type-spoof,2.0 GT3,NULL,DB-internal consistency (etype vs linked engine cc)
10528,Opel,MOVANO B Bus,engine_type-spoof,2.0 GT3,NULL,DB-internal consistency (etype vs linked engine cc)
10529,Opel,MOVANO B Bus,engine_type-spoof,2.0 GT3,NULL,DB-internal consistency (etype vs linked engine cc)
10530,Opel,MOVANO B Bus,engine_type-spoof,2.0 GT3,NULL,DB-internal consistency (etype vs linked engine cc)
10531,Opel,MOVANO B Bus,engine_type-spoof,2.0 GT3,NULL,DB-internal consistency (etype vs linked engine cc)
10536,Cadillac,STS,engine_type-pattern,4.6 (corr.),NULL,DB-internal consistency (etype vs linked engine cc)
10539,Volvo,XC70 II,engine_type-pattern,3.2 (corr.),NULL,DB-internal consistency (etype vs linked engine cc)
10541,Volvo,XC70 II,engine_type-pattern,3 (est.),NULL,DB-internal consistency (etype vs linked engine cc)
10544,Volvo,S80 II (AS),engine_type-pattern,3.2 (corr.),NULL,DB-internal consistency (etype vs linked engine cc)
10545,Toyota,FJ CRUISER (GSJ1_),engine_type-pattern,4.0 (corr.),4.0 V6 VVT-i,DB-internal consistency (etype vs linked engine cc)
10546,Volvo,S60 II,engine_type-pattern,1.6 D (corr.),1.6 D2,DB-internal consistency (etype vs linked engine cc)
10547,Toyota,FJ CRUISER (GSJ1_),engine_type-pattern,4.0 (corr.),4.0 V6 VVT-i,DB-internal consistency (etype vs linked engine cc)
10555,Fiat,PALIO Weekend (178DX),engine_type-spoof,3.0 Vtec,1.4 8v Flexpower,DB-internal consistency (etype vs linked engine cc)
10556,Subaru,FORESTER (SH),engine_type-pattern,2 (est.),NULL,DB-internal consistency (etype vs linked engine cc)
10566,Kia,VENGA (YN),engine_type-spoof,2.5 V6 24V,1.4 16v CRDi,DB-internal consistency (etype vs linked engine cc)
10567,Hyundai,VELOSTER (FS),engine_type-spoof,1.4 Mirafiori,1.6 16v GDI,DB-internal consistency (etype vs linked engine cc)
10568,Land Rover,RANGE ROVER EVOQUE (LV),engine_type-pattern,2.2 TD4 4x4 (corr.),2.2 TD4 AWD,DB-internal consistency (etype vs linked engine cc)
10570,Land Rover,RANGE ROVER EVOQUE (LV),engine_type-pattern,2 (est.),2.0 16v T Si4,DB-internal consistency (etype vs linked engine cc)
10592,BMW,"7 (F01, F02, F03, F04)",engine_type-pattern,330 i (corr.),NULL,DB-internal consistency (etype vs linked engine cc)
10593,BMW,"7 (F01, F02, F03, F04)",engine_type-pattern,330 i (corr.),NULL,DB-internal consistency (etype vs linked engine cc)
10596,Mitsubishi,DELICA D5 (CV_W),engine_type-pattern,2.4 (est.),NULL,DB-internal consistency (etype vs linked engine cc)
10598,Mercedes,S-CLASS (W221),engine_type-pattern,2.1 (est.),NULL,DB-internal consistency (etype vs linked engine cc)
10599,Mercedes,S-CLASS (W221),engine_type-pattern,C 320 CDI (corr.),NULL,DB-internal consistency (etype vs linked engine cc)
10600,Mercedes,S-CLASS (W221),engine_type-pattern,C 320 CDI (corr.),NULL,DB-internal consistency (etype vs linked engine cc)
10601,Mercedes,S-CLASS (W221),engine_type-pattern,350 (corr.),NULL,DB-internal consistency (etype vs linked engine cc)
10603,Mercedes,S-CLASS (W221),engine_type-pattern,GAZELLE (corr.),NULL,DB-internal consistency (etype vs linked engine cc)
10607,Mercedes,C-CLASS T-Model (S204),engine_type-spoof,1.2 Trekking,NULL,DB-internal consistency (etype vs linked engine cc)
10611,Mini,MINI (R56),engine_type-spoof,1.6 Trekking,2.0 Diesel,DB-internal consistency (etype vs linked engine cc)
10613,Mini,MINI CLUBMAN (R55),engine_type-spoof,1.6 Trekking,2.0 Diesel,DB-internal consistency (etype vs linked engine cc)
10615,Mini,MINI Convertible (R57),engine_type-spoof,1.6 Trekking,2.0 Diesel,DB-internal consistency (etype vs linked engine cc)
10617,Mini,MINI COUNTRYMAN (R60),engine_type-spoof,1.6 Trekking,2.0 Diesel,DB-internal consistency (etype vs linked engine cc)
10620,Hyundai,"ix35 (LM, EL, ELH)",engine_type-spoof,3.0 -24 V6 CS/CSE,1.7 16v CRDi 115,DB-internal consistency (etype vs linked engine cc)
10622,Hyundai,H-1 / STAREX,engine_type-pattern,2.4 (corr.),NULL,DB-internal consistency (etype vs linked engine cc)
10623,Mercedes,E-CLASS (W212),engine_type-pattern,2.1 (est.),NULL,DB-internal consistency (etype vs linked engine cc)
10624,Mercedes,E-CLASS (W212),engine_type-pattern,Glass (corr.),NULL,DB-internal consistency (etype vs linked engine cc)
10625,Mercedes,E-CLASS (W212),engine_type-pattern,Glass (corr.),NULL,DB-internal consistency (etype vs linked engine cc)
10626,Mercedes,E-CLASS (W212),engine_type-spoof,2.4 Laredo,NULL,DB-internal consistency (etype vs linked engine cc)
10627,Mercedes,E-CLASS (W212),engine_type-spoof,3.7 Laredo,NULL,DB-internal consistency (etype vs linked engine cc)
10628,Mercedes,E-CLASS (W212),engine_type-spoof,4.0 Laredo,NULL,DB-internal consistency (etype vs linked engine cc)
10629,BMW,"X6 (E71, E72)",engine_type-pattern,530 d (corr.),330d 3000 D,DB-internal consistency (etype vs linked engine cc)
10632,Opel,ASTRA H (L48),engine_type-spoof,3.8 Carrera,1.4TwinPort Ecotec,DB-internal consistency (etype vs linked engine cc)
10634,Saab,9-3 (YS3F),engine_type-spoof,2.7 CRD Laredo,NULL,DB-internal consistency (etype vs linked engine cc)
10636,Skoda,ROOMSTER Praktik (5J),engine_type-pattern,1.2 (est.),1.2 TFSI,DB-internal consistency (etype vs linked engine cc)
10656,BMW,X1 (E84),engine_type-pattern,528 i (corr.),NULL,DB-internal consistency (etype vs linked engine cc)
10657,BMW,X3 (F25),engine_type-pattern,330 i (corr.),NULL,DB-internal consistency (etype vs linked engine cc)
10659,Mercedes,C-CLASS T-Model (S204),engine_type-pattern,C 180 Kompressor (corr.),NULL,DB-internal consistency (etype vs linked engine cc)
10663,Vauxhall,MOVANO Mk II (B) Chassis/Cab,engine_type-pattern,2.0 GT3 (corr.),NULL,DB-internal consistency (etype vs linked engine cc)
10664,Vauxhall,MOVANO Mk II (B) Chassis/Cab,engine_type-pattern,2.0 GT3 (corr.),NULL,DB-internal consistency (etype vs linked engine cc)
10665,Vauxhall,MOVANO Mk II (B) Chassis/Cab,engine_type-pattern,2.0 GT3 (corr.),NULL,DB-internal consistency (etype vs linked engine cc)
10666,Vauxhall,MOVANO Mk II (B) Chassis/Cab,engine_type-pattern,2.0 GT3 (corr.),NULL,DB-internal consistency (etype vs linked engine cc)
10667,Vauxhall,MOVANO Mk II (B) Chassis/Cab,engine_type-pattern,2.0 GT3 (corr.),NULL,DB-internal consistency (etype vs linked engine cc)
10668,Vauxhall,MOVANO Mk II (B) Chassis/Cab,engine_type-pattern,2.0 GT3 (corr.),NULL,DB-internal consistency (etype vs linked engine cc)
10669,Vauxhall,MOVANO Mk II (B) Chassis/Cab,engine_type-pattern,2.0 GT3 (corr.),NULL,DB-internal consistency (etype vs linked engine cc)
10670,Vauxhall,MOVANO Mk II (B) Chassis/Cab,engine_type-pattern,2.0 GT3 (corr.),NULL,DB-internal consistency (etype vs linked engine cc)
10671,Vauxhall,MOVANO Mk II (B) Chassis/Cab,engine_type-pattern,2.0 GT3 (corr.),NULL,DB-internal consistency (etype vs linked engine cc)
10672,Vauxhall,MOVANO Mk II (B) Chassis/Cab,engine_type-pattern,2.0 GT3 (corr.),NULL,DB-internal consistency (etype vs linked engine cc)
10688,Vauxhall,MOVANO Mk II (B) Combi,engine_type-spoof,2.0 GT3,NULL,DB-internal consistency (etype vs linked engine cc)
10689,Vauxhall,MOVANO Mk II (B) Combi,engine_type-spoof,2.0 GT3,NULL,DB-internal consistency (etype vs linked engine cc)
10690,Vauxhall,MOVANO Mk II (B) Combi,engine_type-spoof,2.0 GT3,NULL,DB-internal consistency (etype vs linked engine cc)
10691,Vauxhall,MOVANO Mk II (B) Combi,engine_type-spoof,2.0 GT3,NULL,DB-internal consistency (etype vs linked engine cc)
10692,Vauxhall,MOVANO Mk II (B) Combi,engine_type-spoof,2.0 GT3,NULL,DB-internal consistency (etype vs linked engine cc)
10693,Vauxhall,MOVANO Mk II (B) Combi,engine_type-spoof,2.0 GT3,NULL,DB-internal consistency (etype vs linked engine cc)
10694,Vauxhall,MOVANO Mk II (B) Combi,engine_type-spoof,2.0 GT3,NULL,DB-internal consistency (etype vs linked engine cc)
10695,Vauxhall,MOVANO Mk II (B) Combi,engine_type-spoof,2.0 GT3,NULL,DB-internal consistency (etype vs linked engine cc)
10696,Vauxhall,MOVANO Mk II (B) Combi,engine_type-spoof,2.0 GT3,NULL,DB-internal consistency (etype vs linked engine cc)
10701,Mercedes,C-CLASS T-Model (S204),engine_type-pattern,2.1 (est.),NULL,DB-internal consistency (etype vs linked engine cc)
10702,Mercedes,E-CLASS T-Model (S212),engine_type-pattern,350 (corr.),NULL,DB-internal consistency (etype vs linked engine cc)
10705,Mercedes,E-CLASS T-Model (S212),engine_type-pattern,GAZELLE (corr.),NULL,DB-internal consistency (etype vs linked engine cc)
10706,Mercedes,E-CLASS T-Model (S212),engine_type-pattern,GAZELLE (corr.),NULL,DB-internal consistency (etype vs linked engine cc)
10707,Mercedes,E-CLASS (W212),engine_type-pattern,GAZELLE (corr.),NULL,DB-internal consistency (etype vs linked engine cc)
10708,Mercedes,E-CLASS (W212),engine_type-pattern,GAZELLE (corr.),NULL,DB-internal consistency (etype vs linked engine cc)
10710,Toyota,"SEQUOIA (UCK6_, UPK6_, USK6_)",engine_type-pattern,4.7 (corr.),4.7,DB-internal consistency (etype vs linked engine cc)
10711,Toyota,"SEQUOIA (UCK6_, UPK6_, USK6_)",engine_type-pattern,5.7 (est.),LX570 5.7 V8 VVT-i,DB-internal consistency (etype vs linked engine cc)
10714,Toyota,"LAND CRUISER 150 (KDJ15_, GRJ15_)",engine_type-pattern,4.0 (corr.),4.0 V6 VVT-i,DB-internal consistency (etype vs linked engine cc)
10726,Toyota,NOAH/VOXY (_ZRR7_),engine_type-pattern,2.0 (corr.),2.0 VVTi,DB-internal consistency (etype vs linked engine cc)
10729,Toyota,CROWN Saloon (GRS20_),engine_type-pattern,3.5 (corr.),GS350 3.5 V6 VVT-i,DB-internal consistency (etype vs linked engine cc)
10731,Toyota,CROWN Saloon (GRS20_),engine_type-spoof,2.5 TDdi,LS430 4.3 V8 VVT-i,DB-internal consistency (etype vs linked engine cc)
10740,Toyota,"HARRIER (MCU3_, MHU3_, ACU3_, GSU3_)",engine_type-pattern,3.3 (corr.),NULL,DB-internal consistency (etype vs linked engine cc)
10752,Fiat,DUCATO Bus (250),engine_type-spoof,2.5 TDdi 4x4,NULL,DB-internal consistency (etype vs linked engine cc)
10755,Fiat,DUCATO Box (250),engine_type-spoof,2.5 TDdi 4x4,NULL,DB-internal consistency (etype vs linked engine cc)
10756,Fiat,DUCATO Platform/Chassis (250),engine_type-spoof,2.5 TDdi 4x4,NULL,DB-internal consistency (etype vs linked engine cc)
10757,Fiat,DUCATO Bus (250),engine_type-pattern,"130 Multijet 2,3 D",2.3 Mjet,DB-internal consistency (etype vs linked engine cc)
10758,Fiat,DUCATO Bus (250),engine_type-spoof,3.0 TDCi,2.3 Mjet,DB-internal consistency (etype vs linked engine cc)
10759,Fiat,DUCATO Box (250),engine_type-spoof,3.0 TDCi,2.3 Mjet,DB-internal consistency (etype vs linked engine cc)
10760,Fiat,DUCATO Platform/Chassis (250),engine_type-spoof,3.0 TDCi,2.3 Mjet,DB-internal consistency (etype vs linked engine cc)
10764,Lancia,YPSILON (846),engine_type-spoof,1.4 TDi,0.9 TwinAir (85),DB-internal consistency (etype vs linked engine cc)
10769,Volkswagen,PARATI IV,engine_type-spoof,1.8 Hybrid,1.6 8v TotalFlex,DB-internal consistency (etype vs linked engine cc)
10771,Volvo,V60,engine_type-pattern,1.6 D (corr.),1.6 D2,DB-internal consistency (etype vs linked engine cc)
10772,Volvo,S80 II (AS),engine_type-pattern,1.6 D (corr.),1.6 D2,DB-internal consistency (etype vs linked engine cc)
10774,Volkswagen,"POLO (6R, 6C)",engine_type-spoof,3.1 TD,NULL,DB-internal consistency (etype vs linked engine cc)
10775,Fiat,PALIO Weekend (178DX),engine_type-spoof,1.4 TD,NULL,DB-internal consistency (etype vs linked engine cc)
10777,Lancia,YPSILON (846),engine_type-pattern,1.3 D Multijet (corr.),1.3 JTDm (95),DB-internal consistency (etype vs linked engine cc)
10783,Volvo,S80 II (AS),engine_type-pattern,D5 (corr.),D5,DB-internal consistency (etype vs linked engine cc)
10784,Volvo,S80 II (AS),engine_type-pattern,D5 (corr.),D5,DB-internal consistency (etype vs linked engine cc)
10785,Lancia,YPSILON (846),engine_type-pattern,1.2 (corr.),1.2 8v,DB-internal consistency (etype vs linked engine cc)
10786,Peugeot,206 Hatchback (2A/C),engine_type-spoof,3.8 Carrera,1.4 8v,DB-internal consistency (etype vs linked engine cc)
10788,Peugeot,"207 (WA_, WC_)",engine_type-spoof,2.5 TDi 4x4,1.4 8v,DB-internal consistency (etype vs linked engine cc)
10792,Peugeot,207 Saloon,engine_type-pattern,1.4 (corr.),NULL,DB-internal consistency (etype vs linked engine cc)
10793,Volvo,Xc60,engine_type-pattern,D5 (corr.),D5,DB-internal consistency (etype vs linked engine cc)
10794,Volvo,Xc60,engine_type-pattern,D5 (corr.),D5,DB-internal consistency (etype vs linked engine cc)
10796,Volvo,XC70 II,engine_type-pattern,D5 (corr.),D5,DB-internal consistency (etype vs linked engine cc)
10797,Volvo,XC70 II,engine_type-pattern,D5 (corr.),D5,DB-internal consistency (etype vs linked engine cc)
10805,Honda,JAZZ III (GE),engine_type-pattern,1.5 (est.),NULL,DB-internal consistency (etype vs linked engine cc)
10806,BMW,1 (F20),engine_type-pattern,1.6 (est.),NULL,DB-internal consistency (etype vs linked engine cc)
10807,BMW,1 (F20),engine_type-pattern,1.6 (est.),NULL,DB-internal consistency (etype vs linked engine cc)
10808,BMW,1 (F20),engine_type-pattern,320 d (corr.),116d 2000 D,DB-internal consistency (etype vs linked engine cc)
10809,BMW,1 (F20),engine_type-pattern,320 d (corr.),116d 2000 D,DB-internal consistency (etype vs linked engine cc)
10810,Volkswagen,Voyage,engine_type-spoof,2.3 R,1.0 8v TotalFlex,DB-internal consistency (etype vs linked engine cc)
10812,BMW,1 (F20),engine_type-pattern,320 d (corr.),116d 2000 D,DB-internal consistency (etype vs linked engine cc)
10813,Volkswagen,Voyage,engine_type-spoof,2.0 GSX,1.0 8v TotalFlex,DB-internal consistency (etype vs linked engine cc)
10828,Mercedes,C-CLASS Coupe (C204),engine_type-pattern,2.1 (est.),NULL,DB-internal consistency (etype vs linked engine cc)
10833,Mercedes,C-CLASS Coupe (C204),engine_type-pattern,350 (corr.),NULL,DB-internal consistency (etype vs linked engine cc)
10839,Mercedes,E-CLASS Coupe (C207),engine_type-pattern,C 320 CDI (corr.),NULL,DB-internal consistency (etype vs linked engine cc)
10841,Mercedes,E-CLASS Coupe (C207),engine_type-pattern,350 (corr.),NULL,DB-internal consistency (etype vs linked engine cc)
10843,Mercedes,E-CLASS Convertible (A207),engine_type-pattern,H21 W (corr.),NULL,DB-internal consistency (etype vs linked engine cc)
10844,Mercedes,E-CLASS Convertible (A207),engine_type-pattern,350 (corr.),NULL,DB-internal consistency (etype vs linked engine cc)
10845,Mercedes,E-CLASS Convertible (A207),engine_type-pattern,350 (corr.),NULL,DB-internal consistency (etype vs linked engine cc)
10852,Mercedes,E-CLASS (W212),engine_type-spoof,1.5 CRDi VGT,NULL,DB-internal consistency (etype vs linked engine cc)
10853,Alpina,D5 (F10),engine_type-pattern,3 (est.),335d 3000 D,DB-internal consistency (etype vs linked engine cc)
10860,Volkswagen,POLO (9N_),engine_type-spoof,2.3 R,1.6 8v TotalFlex,DB-internal consistency (etype vs linked engine cc)
10861,Vauxhall,Insignia,engine_type-pattern,2.0 CDTI (corr.),2.0 BiTurbo CDTI,DB-internal consistency (etype vs linked engine cc)
10863,Vauxhall,INSIGNIA Saloon,engine_type-pattern,2.0 CDTI (corr.),2.0 BiTurbo CDTI,DB-internal consistency (etype vs linked engine cc)
10865,Vauxhall,INSIGNIA Estate,engine_type-pattern,2.0 CDTI (corr.),2.0 BiTurbo CDTI,DB-internal consistency (etype vs linked engine cc)
10875,Renault,"CLIO II (BB0/1/2_, CB0/1/2_)",engine_type-pattern,1.6 (corr.),1.6 Hi-Flex,DB-internal consistency (etype vs linked engine cc)
10888,Opel,Corsa D,engine_type-spoof,2.7 TD,1.2 16v Eco,DB-internal consistency (etype vs linked engine cc)
10889,Opel,Meriva B,engine_type-spoof,3.8 Carrera,1.4 16v Turbo,DB-internal consistency (etype vs linked engine cc)
10890,Opel,Meriva B,engine_type-spoof,3.8 Carrera,NULL,DB-internal consistency (etype vs linked engine cc)
10903,Toyota,CAMRY Saloon (_XV4_),engine_type-spoof,5.9 S,NULL,DB-internal consistency (etype vs linked engine cc)
10905,BMW,"5 (F10, F18)",engine_type-pattern,535 i (corr.),NULL,DB-internal consistency (etype vs linked engine cc)
10912,Mitsubishi,"COLT VI (Z3_A, Z2_A)",engine_type-pattern,1.5 (corr.),1.5 16v Ralliart,DB-internal consistency (etype vs linked engine cc)
10916,Cadillac,Escalade,engine_type-pattern,6.2 (corr.),6.2,DB-internal consistency (etype vs linked engine cc)
10917,Cadillac,Escalade,engine_type-pattern,6.2 (corr.),6.2,DB-internal consistency (etype vs linked engine cc)
10918,Cadillac,STS,engine_type-pattern,4.4 (est.),4.4,DB-internal consistency (etype vs linked engine cc)
10921,Toyota,"FORTUNER Closed Off-Road Vehicle (TGN6_, KUN6_, GGN6_, TGN5_",engine_type-pattern,4.0 (corr.),4.0 V6 VVT-i,DB-internal consistency (etype vs linked engine cc)
10925,Audi,A3 Sportback (8PA),engine_type-spoof,3.8 Turbo AWD,2.5 20v TFSI Quattro DSG,DB-internal consistency (etype vs linked engine cc)
10927,Renault,SCÉNIC III (JZ0/1_),engine_type-pattern,1.6 (est.),NULL,DB-internal consistency (etype vs linked engine cc)
10928,Renault,SCÉNIC III (JZ0/1_),engine_type-pattern,1.6 (est.),NULL,DB-internal consistency (etype vs linked engine cc)
10929,Renault,GRAND SCÉNIC III (JZ0/1_),engine_type-pattern,1.6 (est.),NULL,DB-internal consistency (etype vs linked engine cc)
10930,Renault,GRAND SCÉNIC III (JZ0/1_),engine_type-pattern,1.6 (est.),NULL,DB-internal consistency (etype vs linked engine cc)
10931,Mitsubishi,LANCER Saloon (CY/Z_A),engine_type-pattern,2.0 (corr.),NULL,DB-internal consistency (etype vs linked engine cc)
10946,Lada,PRIORA Hatchback (2172),engine_type-spoof,1.6,1.3,DB-internal consistency (etype vs linked engine cc)
10949,Lada,PRIORA Saloon (2170),engine_type-spoof,1.6,1.3,DB-internal consistency (etype vs linked engine cc)
10952,Lada,PRIORA Estate (2171),engine_type-spoof,1.6,1.3,DB-internal consistency (etype vs linked engine cc)
10963,BMW,X3 (E83),engine_type-pattern,2.0 d (corr.),318d 2000 D,DB-internal consistency (etype vs linked engine cc)
10964,BMW,X3 (F25),engine_type-pattern,530 d (corr.),330d 3000 D,DB-internal consistency (etype vs linked engine cc)
10965,Volkswagen,PASSAT (362),engine_type-spoof,6.7 Turbo R,1.4 TSI Twincharger,DB-internal consistency (etype vs linked engine cc)
10966,BMW,X3 (E83),engine_type-pattern,3.0 d (corr.),NULL,DB-internal consistency (etype vs linked engine cc)
10967,Volkswagen,PASSAT Variant (365),engine_type-spoof,6.7 Turbo R,1.4 TSI Twincharger,DB-internal consistency (etype vs linked engine cc)
10968,BMW,"7 (F01, F02, F03, F04)",engine_type-pattern,4.4 (est.),NULL,DB-internal consistency (etype vs linked engine cc)
10971,Hyundai,ix20 (JC),engine_type-spoof,2.5 RX Nato AWD,1.6 16v CRDi VGT,DB-internal consistency (etype vs linked engine cc)
10972,Hyundai,ix20 (JC),engine_type-pattern,1.4 (est.),NULL,DB-internal consistency (etype vs linked engine cc)
10975,Hyundai,i40 CW (VF),engine_type-spoof,1.4 Mirafiori,1.6 16v GDI,DB-internal consistency (etype vs linked engine cc)
10977,Seat,ALHAMBRA (710),engine_type-pattern,2.0 TDI (corr.),2.0 TDI (140),DB-internal consistency (etype vs linked engine cc)
10978,Hyundai,i40 CW (VF),engine_type-spoof,3.0 -24 V6 CS/CSE,1.7 16v CRDi 115,DB-internal consistency (etype vs linked engine cc)
10981,Honda,CR-V III (RE),engine_type-pattern,SX4 Hatchback (corr.),2.4 16v i-VTEC,DB-internal consistency (etype vs linked engine cc)
10982,Honda,CR-V III (RE),engine_type-pattern,SX4 Hatchback (corr.),2.4 Petrol,DB-internal consistency (etype vs linked engine cc)
10983,Seat,IBIZA V SPORTCOUPE (6J1),engine_type-pattern,1.6 (corr.),NULL,DB-internal consistency (etype vs linked engine cc)
10985,Seat,IBIZA V (6J5),engine_type-pattern,1.6 (corr.),NULL,DB-internal consistency (etype vs linked engine cc)
10986,Toyota,"COASTER Bus (TRB5_, XZB5_, RZB4_, HZB5_, BZB5_, BB4_)",engine_type-spoof,2.3 MZR,NULL,DB-internal consistency (etype vs linked engine cc)
10994,Volkswagen,"CADDY III Estate (2KB, 2KJ, 2CB, 2CJ)",engine_type-spoof,3.1 TD,1.6 8v LPG,DB-internal consistency (etype vs linked engine cc)
10995,Volkswagen,"CADDY III Box (2KA, 2KH, 2CA, 2CH)",engine_type-spoof,3.1 TD,1.6 8v LPG,DB-internal consistency (etype vs linked engine cc)
11019,Maybach,MAYBACH (240_),engine_type-spoof,3.0 D4d,NULL,DB-internal consistency (etype vs linked engine cc)
11020,Volkswagen,SHARAN (7N),engine_type-spoof,2.7 D Rear Wheel Drive,2.0 TDI (136),DB-internal consistency (etype vs linked engine cc)
11021,Volkswagen,SHARAN (7N),engine_type-spoof,2.7 D Rear Wheel Drive,2.0 TDI (140),DB-internal consistency (etype vs linked engine cc)
11022,Citroen,DS5,engine_type-pattern,1.6 VTi 120 (corr.),1.6 16v THP,DB-internal consistency (etype vs linked engine cc)
11023,Citroen,DS5,engine_type-pattern,1.6 VTi 120 (corr.),1.6 16v THP,DB-internal consistency (etype vs linked engine cc)
11025,Citroen,DS5,engine_type-pattern,2.0 HDi (corr.),2.0 HDI,DB-internal consistency (etype vs linked engine cc)
11028,Nissan,NV200 EVALIA,engine_type-pattern,1.5 dCi (corr.),NULL,DB-internal consistency (etype vs linked engine cc)
11029,Nissan,NV200 EVALIA,engine_type-pattern,1.5 dCi (corr.),NULL,DB-internal consistency (etype vs linked engine cc)
11030,Jaguar,"XF (_J05_, CC9)",engine_type-pattern,Incoming inspection - dialog acceptance,5.0 V8,DB-internal consistency (etype vs linked engine cc)
11031,Nissan,NV200 Box,engine_type-pattern,1.5 dCi (corr.),NULL,DB-internal consistency (etype vs linked engine cc)
11032,Nissan,NV200 Box,engine_type-pattern,1.5 dCi (corr.),NULL,DB-internal consistency (etype vs linked engine cc)
11033,Nissan,NV200 EVALIA,engine_type-pattern,1.5 dCi (corr.),1.5 dCi,DB-internal consistency (etype vs linked engine cc)
11034,Nissan,NV200 EVALIA,engine_type-pattern,1.5 dCi (corr.),1.5 dCi,DB-internal consistency (etype vs linked engine cc)
11035,Volkswagen,TIGUAN (5N_),engine_type-pattern,2.0 (corr.),2.0 16v TSI,DB-internal consistency (etype vs linked engine cc)
11036,Nissan,NV200 Box,engine_type-pattern,1.5 dCi (corr.),1.5 dCi,DB-internal consistency (etype vs linked engine cc)
11037,Nissan,NV200 Box,engine_type-pattern,1.5 dCi (corr.),1.5 dCi,DB-internal consistency (etype vs linked engine cc)
11038,Volkswagen,TIGUAN (5N_),engine_type-pattern,2.0 (corr.),2.0 16v TFSI,DB-internal consistency (etype vs linked engine cc)
11050,Skoda,ROOMSTER Praktik (5J),engine_type-pattern,Repair rear seat bench * (corr.),1.6 TDI (90),DB-internal consistency (etype vs linked engine cc)
11056,Kia,RIO III (UB),engine_type-spoof,2.6 Di,1.2 16v,DB-internal consistency (etype vs linked engine cc)
11059,Kia,RIO III (UB),engine_type-pattern,1.4 (est.),1.4 16v CRDi,DB-internal consistency (etype vs linked engine cc)
11064,Renault,MASTER III Bus (JV),engine_type-pattern,2.3 (est.),NULL,DB-internal consistency (etype vs linked engine cc)
11065,Renault,MASTER III Bus (JV),engine_type-pattern,2.3 (est.),NULL,DB-internal consistency (etype vs linked engine cc)
11066,Renault,MASTER III Bus (JV),engine_type-pattern,2.3 (est.),NULL,DB-internal consistency (etype vs linked engine cc)
11067,Renault,MASTER III Bus (JV),engine_type-pattern,2.3 (est.),2.3 Diesel,DB-internal consistency (etype vs linked engine cc)
11068,Renault,MASTER III Bus (JV),engine_type-pattern,Repair EGR radiator,NULL,DB-internal consistency (etype vs linked engine cc)
11089,Renault,KANGOO Express (FW0/1_),engine_type-pattern,1.5 dCi (corr.),NULL,DB-internal consistency (etype vs linked engine cc)
11090,Renault,KANGOO Express (FW0/1_),engine_type-pattern,1.5 dCi (corr.),NULL,DB-internal consistency (etype vs linked engine cc)
11091,Renault,KANGOO Express (FW0/1_),engine_type-pattern,1.5 dCi (corr.),1.5 dCi,DB-internal consistency (etype vs linked engine cc)
11092,Renault,KANGOO BE BOP (KW0/1_),engine_type-pattern,1.5 dCi (corr.),NULL,DB-internal consistency (etype vs linked engine cc)
11095,Mercedes,"S-CLASS (W222, V222, X222)",engine_type-pattern,GAZELLE (corr.),NULL,DB-internal consistency (etype vs linked engine cc)
11096,Mercedes,"S-CLASS (W222, V222, X222)",engine_type-pattern,GAZELLE (corr.),NULL,DB-internal consistency (etype vs linked engine cc)
11097,Mercedes,"S-CLASS (W222, V222, X222)",engine_type-pattern,GAZELLE (corr.),NULL,DB-internal consistency (etype vs linked engine cc)
11098,Peugeot,EXPERT Tepee (VF3V_),engine_type-spoof,0.8 6331,NULL,DB-internal consistency (etype vs linked engine cc)
11100,Peugeot,"EXPERT Box (VF3A_, VF3U_, VF3X_)",engine_type-spoof,0.8 6331,NULL,DB-internal consistency (etype vs linked engine cc)
11101,Dacia,Sandero,engine_type-pattern,1.2 (corr.),1.2 16V,DB-internal consistency (etype vs linked engine cc)
11102,Dacia,LOGAN (LS_),engine_type-pattern,1.6 16V (corr.),NULL,DB-internal consistency (etype vs linked engine cc)
11103,Dacia,Duster,engine_type-pattern,1.6 16V (corr.),NULL,DB-internal consistency (etype vs linked engine cc)
11107,Audi,R8,engine_type-pattern,5.2 (est.),5.2 V10 40v FSI Quattro GT,DB-internal consistency (etype vs linked engine cc)
11109,BMW,3 Touring (E91),engine_type-pattern,320 d (corr.),116d 2000 D,DB-internal consistency (etype vs linked engine cc)
11113,Mercedes,E-CLASS T-Model (S212),engine_type-spoof,1.0 6360 Star Wagon,NULL,DB-internal consistency (etype vs linked engine cc)
11114,Mercedes,E-CLASS T-Model (S212),engine_type-pattern,C 320 CDI (corr.),NULL,DB-internal consistency (etype vs linked engine cc)
11120,Vauxhall,ZAFIRA Mk II (B) (M75),engine_type-pattern,1.6 (corr.),1.6 EcoM Turbo CNG,DB-internal consistency (etype vs linked engine cc)
11121,Vauxhall,ZAFIRA Mk II (B) (M75),engine_type-pattern,1.6 (corr.),420 TD,DB-internal consistency (etype vs linked engine cc)
11126,Ssangyong,REXTON (GAB_),engine_type-pattern,2.7 Xdi (corr.),2.7 Xdi,DB-internal consistency (etype vs linked engine cc)
11127,Ssangyong,REXTON (GAB_),engine_type-pattern,2.7 Xdi (corr.),NULL,DB-internal consistency (etype vs linked engine cc)
11129,Volkswagen,JETTA III (1K2),engine_type-pattern,1.6 (est.),1.6 TDI (90),DB-internal consistency (etype vs linked engine cc)
11136,Vauxhall,COMBO Mk II (C) Box Body / Estate (F25),engine_type-pattern,1.6 (corr.),1.6 16v FlexFuel,DB-internal consistency (etype vs linked engine cc)
11142,Hyundai,H-1 Travel (TQ),engine_type-pattern,Retrofit radio,2.5 16v CRDi Automatic,DB-internal consistency (etype vs linked engine cc)
11144,Vauxhall,"CORSA Mk II (C) (W5L, F08)",engine_type-pattern,1.2 (corr.),1.2 TwinPort Ecotec,DB-internal consistency (etype vs linked engine cc)
11154,Volkswagen,PASSAT CC (357),engine_type-spoof,6.7 Turbo R,1.4 TSI Twincharger,DB-internal consistency (etype vs linked engine cc)
11164,Vauxhall,CORSA Mk III (D) (L_8),engine_type-spoof,4.0 HO,1.6 Turbo OPC,DB-internal consistency (etype vs linked engine cc)
11165,Vauxhall,CORSA Mk III (D) (L_8),engine_type-spoof,4.0 HO,1.6 Turbo OPC Nurburgring Edition,DB-internal consistency (etype vs linked engine cc)
11172,Volkswagen,BEETLE (5C1),engine_type-pattern,1.2 (est.),1.2 TFSI,DB-internal consistency (etype vs linked engine cc)
11179,Kia,SPORTAGE (SL),engine_type-pattern,2.0 CRDi (corr.),2.0 16v CRDi 136 2WD,DB-internal consistency (etype vs linked engine cc)
11180,Mercedes,E-CLASS Coupe (C207),engine_type-pattern,4.7 (est.),NULL,DB-internal consistency (etype vs linked engine cc)
11205,Vauxhall,ZAFIRA Mk I (A) (F75),engine_type-pattern,"240 (P242, P244)",1.8 16v,DB-internal consistency (etype vs linked engine cc)
11206,Vauxhall,COMBO Mk II (C) Box Body / Estate (F25),engine_type-pattern,1.6 (corr.),1.6 16v FlexFuel,DB-internal consistency (etype vs linked engine cc)
11207,Mercedes,E-CLASS Convertible (A207),engine_type-pattern,4.7 (est.),NULL,DB-internal consistency (etype vs linked engine cc)
11208,Mercedes,E-CLASS (W212),engine_type-pattern,4.7 (est.),NULL,DB-internal consistency (etype vs linked engine cc)
11209,Mercedes,E-CLASS T-Model (S212),engine_type-pattern,4.7 (est.),NULL,DB-internal consistency (etype vs linked engine cc)
11210,Mercedes,E-CLASS T-Model (S212),engine_type-pattern,350 (corr.),NULL,DB-internal consistency (etype vs linked engine cc)
11212,Mercedes,E-CLASS (W212),engine_type-pattern,350 (corr.),NULL,DB-internal consistency (etype vs linked engine cc)
11216,Mercedes,GLK-CLASS (X204),engine_type-pattern,C 320 CDI (corr.),NULL,DB-internal consistency (etype vs linked engine cc)
11217,Mercedes,CLS (C218),engine_type-pattern,C 320 CDI (corr.),NULL,DB-internal consistency (etype vs linked engine cc)
11219,BMW,3 (E90),engine_type-pattern,320 d (corr.),116d 2000 D,DB-internal consistency (etype vs linked engine cc)
11223,Jeep,COMPASS (MK49),engine_type-pattern,2.0 RSK AWD (corr.),2.0 RSK AWD,DB-internal consistency (etype vs linked engine cc)
11224,Jeep,"GRAND CHEROKEE IV (WK, WK2)",engine_type-pattern,3 (est.),NULL,DB-internal consistency (etype vs linked engine cc)
11225,Jeep,"GRAND CHEROKEE IV (WK, WK2)",engine_type-pattern,3 (est.),NULL,DB-internal consistency (etype vs linked engine cc)
11236,Porsche,Cayenne,engine_type-pattern,3.0 D (corr.),3.0 V6 TDI 8AT,DB-internal consistency (etype vs linked engine cc)
11237,Toyota,"FORTUNER Closed Off-Road Vehicle (TGN6_, KUN6_, GGN6_, TGN5_",engine_type-pattern,2.7 (corr.),2.7 VVT-i,DB-internal consistency (etype vs linked engine cc)
11242,Porsche,Cayenne,engine_type-pattern,Dismantle/assemble rear axle (rear axle removed),4.8 V8 Turbo 8AT,DB-internal consistency (etype vs linked engine cc)
11247,Mini,MINI Coupe (R58),engine_type-pattern,Cooper S (corr.),NULL,DB-internal consistency (etype vs linked engine cc)
11248,Porsche,Panamera,engine_type-pattern,Dismantle/assemble rear axle (rear axle removed),4.8 V8 7AT,DB-internal consistency (etype vs linked engine cc)
11249,Mini,MINI Coupe (R58),engine_type-spoof,1.6 Trekking,2.0 Diesel,DB-internal consistency (etype vs linked engine cc)
11253,Renault,"CLIO II (BB0/1/2_, CB0/1/2_)",engine_type-spoof,1.2 16V,NULL,DB-internal consistency (etype vs linked engine cc)
11270,Peugeot,508 SW,engine_type-spoof,3000 GT (Z16A),NULL,DB-internal consistency (etype vs linked engine cc)
11271,Peugeot,508 SW,engine_type-spoof,3000 GT (Z16A),NULL,DB-internal consistency (etype vs linked engine cc)
11273,Audi,"A1 Sportback (8XA, 8XK)",engine_type-spoof,S6 4.2 quattro,1.2 TFSI,DB-internal consistency (etype vs linked engine cc)
11280,Audi,"A1 Sportback (8XA, 8XK)",engine_type-pattern,1.6 (est.),1.6 TDI (90),DB-internal consistency (etype vs linked engine cc)
11281,Audi,"A1 Sportback (8XA, 8XK)",engine_type-pattern,1.6 (est.),1.6 TDI (105),DB-internal consistency (etype vs linked engine cc)
11303,Porsche,Cayenne,engine_type-pattern,3.0 D (corr.),NULL,DB-internal consistency (etype vs linked engine cc)
11304,Porsche,Panamera,engine_type-pattern,"Taper Screw, spring bolt",3.0 V6 8AT,DB-internal consistency (etype vs linked engine cc)
11305,Porsche,Panamera,engine_type-pattern,"Taper Screw, spring bolt",3.0 V6 8AT,DB-internal consistency (etype vs linked engine cc)
11320,BMW,"5 (F10, F18)",engine_type-pattern,530 d (corr.),335d 3000 D,DB-internal consistency (etype vs linked engine cc)
11321,BMW,"5 (F10, F18)",engine_type-pattern,3 (est.),NULL,DB-internal consistency (etype vs linked engine cc)
11327,BMW,5 Touring (F11),engine_type-pattern,Dismantle/assemble gear selector bearing/mounting body (corr.),NULL,DB-internal consistency (etype vs linked engine cc)
11331,BMW,5 Touring (F11),engine_type-pattern,530 d (corr.),335d 3000 D,DB-internal consistency (etype vs linked engine cc)
11332,BMW,X3 (F25),engine_type-pattern,530 d (corr.),335d 3000 D,DB-internal consistency (etype vs linked engine cc)
11333,BMW,Z4 (E89),engine_type-pattern,528 i (corr.),NULL,DB-internal consistency (etype vs linked engine cc)
11335,Land Rover,DISCOVERY IV (LA),engine_type-pattern,"Bolt, release fork",NULL,DB-internal consistency (etype vs linked engine cc)
11345,Volkswagen,"POLO (6R, 6C)",engine_type-pattern,1.2 (est.),1.2 8v TSI,DB-internal consistency (etype vs linked engine cc)
11346,Volkswagen,"POLO (6R, 6C)",engine_type-pattern,1.4 TSI (corr.),NULL,DB-internal consistency (etype vs linked engine cc)
11351,Infiniti,M35,engine_type-pattern,3.5 (est.),EX35 3.5 V6 AWD Crossover,DB-internal consistency (etype vs linked engine cc)
11353,Ford,C-MAX II,engine_type-spoof,1800 HL,1.6 Ti-VCT Flexifuel (120),DB-internal consistency (etype vs linked engine cc)
11382,BMW,X1 (E84),engine_type-pattern,528 i (corr.),NULL,DB-internal consistency (etype vs linked engine cc)
11383,BMW,X3 (F25),engine_type-pattern,528 i (corr.),NULL,DB-internal consistency (etype vs linked engine cc)
11413,Ford,TRANSIT Box,engine_type-pattern,"A4 (8D2, B5)",NULL,DB-internal consistency (etype vs linked engine cc)
11414,Ford,TRANSIT Box,engine_type-pattern,"A4 (8D2, B5)",NULL,DB-internal consistency (etype vs linked engine cc)
11428,Ford,TRANSIT Platform/Chassis,engine_type-pattern,"A4 (8D2, B5)",NULL,DB-internal consistency (etype vs linked engine cc)
11429,Ford,TRANSIT Platform/Chassis,engine_type-pattern,"A4 (8D2, B5)",NULL,DB-internal consistency (etype vs linked engine cc)
11433,Volkswagen,GOLF VI Convertible (517),engine_type-pattern,1.2 (est.),1.2 TFSI (105),DB-internal consistency (etype vs linked engine cc)
11435,Vauxhall,COMBO Mk III (D) Box Body / Estate,engine_type-pattern,1.4 (est.),NULL,DB-internal consistency (etype vs linked engine cc)
11436,Vauxhall,COMBO Mk III (D) Box Body / Estate,engine_type-spoof,1.8 i Syncro CAT,1.3 16v CDTI,DB-internal consistency (etype vs linked engine cc)
11437,Vauxhall,COMBO Mk III (D) Box Body / Estate,engine_type-spoof,1.8 i Syncro CAT,1.3 CDTI ecoFLEX,DB-internal consistency (etype vs linked engine cc)
11462,Lexus,"GS (GRS19_, UZS19_, GWS19_)",engine_type-pattern,3.5 (est.),GS350 3.5 V6 VVT-i,DB-internal consistency (etype vs linked engine cc)
11463,Audi,R8 Spyder,engine_type-pattern,5.2 (est.),5.2 V10 40v FSI Quattro GT,DB-internal consistency (etype vs linked engine cc)
11464,Iveco,DAILY IV Bus,engine_type-pattern,"MANTA B (58_, 59_)",NULL,DB-internal consistency (etype vs linked engine cc)
11466,Land Rover,RANGE ROVER SPORT (LS),engine_type-pattern,3 (est.),NULL,DB-internal consistency (etype vs linked engine cc)
11479,Fiat,DUCATO Platform/Chassis (250),engine_type-pattern,"120 Multijet 2,3 D",2.3 Mjet,DB-internal consistency (etype vs linked engine cc)
11480,Audi,A8 (4H_),engine_type-pattern,"A6 (4A, C4)",NULL,DB-internal consistency (etype vs linked engine cc)
11481,Fiat,DUCATO Box (250),engine_type-pattern,"130 Multijet 2,3 D (corr.)",2.3 Mjet,DB-internal consistency (etype vs linked engine cc)
11488,Opel,Corsa D,engine_type-spoof,2.7 TD,1.2 16v Eco,DB-internal consistency (etype vs linked engine cc)
11499,Suzuki,Splash,engine_type-pattern,1.2 (corr.),1.2 ecoFLEX,DB-internal consistency (etype vs linked engine cc)
11500,Citroen,JUMPER Bus,engine_type-spoof,1.0 1020,2.2 16v HDi TurboDiesel,DB-internal consistency (etype vs linked engine cc)
11501,Citroen,JUMPER Box,engine_type-spoof,1.0 1020,2.2 16v HDi TurboDiesel,DB-internal consistency (etype vs linked engine cc)
11502,Citroen,JUMPER Platform/Chassis,engine_type-spoof,1.0 1020,2.2 16v HDi TurboDiesel,DB-internal consistency (etype vs linked engine cc)
11510,Audi,"A6 (4G2, C7, 4GC)",engine_type-pattern,2 (est.),2.0 TFSI Hybrid,DB-internal consistency (etype vs linked engine cc)
11511,Audi,Q7 (4L),engine_type-pattern,3.0 TFSI quattro (corr.),NULL,DB-internal consistency (etype vs linked engine cc)
11512,Audi,Q7 (4L),engine_type-pattern,3.0 TFSI quattro (corr.),NULL,DB-internal consistency (etype vs linked engine cc)
11518,Volkswagen,POLO Saloon,engine_type-spoof,1.6,1.2 8v TSI,DB-internal consistency (etype vs linked engine cc)
11529,Fiat,SCUDO (270_),engine_type-pattern,2.0 D Multijet (corr.),NULL,DB-internal consistency (etype vs linked engine cc)
11530,Fiat,SCUDO Box (270_),engine_type-pattern,2.0 D Multijet (corr.),NULL,DB-internal consistency (etype vs linked engine cc)
11535,Renault,GRAND SCÉNIC III (JZ0/1_),engine_type-pattern,1.6 (corr.),NULL,DB-internal consistency (etype vs linked engine cc)
11537,Audi,A8 (4H_),engine_type-pattern,2 (est.),2.0 TFSI Hybrid,DB-internal consistency (etype vs linked engine cc)
11546,Land Rover,DISCOVERY IV (LA),engine_type-pattern,3 (est.),NULL,DB-internal consistency (etype vs linked engine cc)
11548,Mercedes,"B-CLASS (W246, W242)",engine_type-pattern,1.6 (est.),NULL,DB-internal consistency (etype vs linked engine cc)
11560,Mitsubishi,"L 200 (KB_T, KA_T)",engine_type-pattern,2.5 DI-D (corr.),2.5 DI-D,DB-internal consistency (etype vs linked engine cc)
11562,Mitsubishi,"L 200 (KB_T, KA_T)",engine_type-pattern,"SUP Platform/Chassis (BJ2_, BJ6_)",2.4,DB-internal consistency (etype vs linked engine cc)
11564,Fiat,PANDA Van (169),engine_type-spoof,2.0 TDI (EA6A),1.3 16v Multijet 5MT (75 hp),DB-internal consistency (etype vs linked engine cc)
11566,Fiat,PUNTO Van (199),engine_type-spoof,1.9 TDI Syncro,1.4 8v,DB-internal consistency (etype vs linked engine cc)
11581,Toyota,FJ CRUISER (GSJ1_),engine_type-pattern,4.0 (corr.),4.0 V6 VVT-i,DB-internal consistency (etype vs linked engine cc)
11586,Hyundai,Ix55,engine_type-pattern,3 (est.),3.0 V6 CRDi Automatic,DB-internal consistency (etype vs linked engine cc)
11588,BMW,1 Coupe (E82),engine_type-pattern,320 d (corr.),116d 2000 D,DB-internal consistency (etype vs linked engine cc)
11599,Citroen,DS3,engine_type-spoof,1.6 16V,1.4 HDi,DB-internal consistency (etype vs linked engine cc)
11602,Mercedes,M-CLASS (W166),engine_type-pattern,2.1 (est.),NULL,DB-internal consistency (etype vs linked engine cc)
11603,Mercedes,M-CLASS (W166),engine_type-pattern,C 320 CDI (corr.),NULL,DB-internal consistency (etype vs linked engine cc)
11604,Mercedes,M-CLASS (W166),engine_type-pattern,350 (corr.),NULL,DB-internal consistency (etype vs linked engine cc)
11605,Mercedes,C-CLASS T-Model (S204),engine_type-pattern,2.1 (est.),NULL,DB-internal consistency (etype vs linked engine cc)
11611,Mercedes,G-CLASS Cabrio (W463),engine_type-pattern,C 320 CDI (corr.),NULL,DB-internal consistency (etype vs linked engine cc)
11612,Mercedes,G-CLASS (W463),engine_type-pattern,C 320 CDI (corr.),NULL,DB-internal consistency (etype vs linked engine cc)
11613,Mercedes,E-CLASS T-Model (S212),engine_type-pattern,2.1 (est.),NULL,DB-internal consistency (etype vs linked engine cc)
11615,Mercedes,E-CLASS T-Model (S212),engine_type-pattern,350 (corr.),NULL,DB-internal consistency (etype vs linked engine cc)
11616,Mercedes,GL-CLASS (X164),engine_type-pattern,C 320 CDI (corr.),NULL,DB-internal consistency (etype vs linked engine cc)
11650,BMW,"3 (F30, F35, F80)",engine_type-pattern,at Spring Eye (corr.),NULL,DB-internal consistency (etype vs linked engine cc)
11653,Mitsubishi,ASX Van (GA_W_),engine_type-pattern,1.8 (est.),1.8 16v DI-D 2WD,DB-internal consistency (etype vs linked engine cc)
11657,Mitsubishi,OUTLANDER II Van (CW_W),engine_type-pattern,2.3 (est.),2.2 16v DI-D 4WD Automatic,DB-internal consistency (etype vs linked engine cc)
11661,Jeep,WRANGLER III (JK),engine_type-pattern,3.6 (est.),NULL,DB-internal consistency (etype vs linked engine cc)
11663,Volvo,XC90 I,engine_type-pattern,3.2 (corr.),NULL,DB-internal consistency (etype vs linked engine cc)
11664,BMW,3 Convertible (E93),engine_type-pattern,330 d (corr.),330d 3000 D,DB-internal consistency (etype vs linked engine cc)
11665,BMW,3 Convertible (E93),engine_type-pattern,330 d (corr.),NULL,DB-internal consistency (etype vs linked engine cc)
11670,Dacia,Sandero,engine_type-pattern,1.6 16V (corr.),1.6 MPI,DB-internal consistency (etype vs linked engine cc)
11671,Dacia,Sandero,engine_type-pattern,1.6 16V (corr.),NULL,DB-internal consistency (etype vs linked engine cc)
11672,Dacia,Sandero,engine_type-pattern,1.6 16V (corr.),NULL,DB-internal consistency (etype vs linked engine cc)
11713,BMW,6 Coupe (F13),engine_type-pattern,Dismantle/assemble gear selector bearing/mounting body (corr.),NULL,DB-internal consistency (etype vs linked engine cc)
11714,BMW,6 Coupe (F13),engine_type-pattern,530 d (corr.),335d 3000 D,DB-internal consistency (etype vs linked engine cc)
11715,BMW,6 Convertible (F12),engine_type-pattern,Dismantle/assemble gear selector bearing/mounting body (corr.),NULL,DB-internal consistency (etype vs linked engine cc)
11716,Ford,"TRANSIT CONNECT (P65_, P70_, P80_)",engine_type-pattern,1.8 16V (corr.),NULL,DB-internal consistency (etype vs linked engine cc)
11717,Jeep,CHEROKEE (KK),engine_type-pattern,3.7 (est.),NULL,DB-internal consistency (etype vs linked engine cc)
11718,Volvo,S60 II,engine_type-pattern,1.6 (corr.),NULL,DB-internal consistency (etype vs linked engine cc)
11720,Volvo,S80 II (AS),engine_type-pattern,1.6 (corr.),NULL,DB-internal consistency (etype vs linked engine cc)
11723,Ford,RANGER (TKE),engine_type-pattern,"A4 (8D2, B5)",2.2 16v TDCi,DB-internal consistency (etype vs linked engine cc)
11724,Ford,RANGER (TKE),engine_type-pattern,3.2 (est.),3.2 16v TDCi,DB-internal consistency (etype vs linked engine cc)
11729,BMW,5 Touring (F11),engine_type-pattern,at Spring Eye (corr.),NULL,DB-internal consistency (etype vs linked engine cc)
11730,Volvo,V60,engine_type-pattern,1.6 (corr.),NULL,DB-internal consistency (etype vs linked engine cc)
11733,Volvo,V70 III (BW),engine_type-pattern,1.6 (corr.),NULL,DB-internal consistency (etype vs linked engine cc)
11735,Peugeot,508,engine_type-pattern,1.6 VTi (corr.),1.6 16v THP,DB-internal consistency (etype vs linked engine cc)
11737,Peugeot,508 SW,engine_type-pattern,1.6 VTi (corr.),1.6 16v THP,DB-internal consistency (etype vs linked engine cc)
11739,Renault,LATITUDE (L70_),engine_type-pattern,2 (est.),NULL,DB-internal consistency (etype vs linked engine cc)
11741,Suzuki,SX4 S-Cross,engine_type-pattern,1.6 (corr.),1.6,DB-internal consistency (etype vs linked engine cc)
11748,Citroen,C4 I (LC_),engine_type-spoof,2.3 R,1.6 16v,DB-internal consistency (etype vs linked engine cc)
11784,Opel,Insignia,engine_type-pattern,Accessories - sunroof - add-on parts,2.0 BiTurbo CDTI,DB-internal consistency (etype vs linked engine cc)
11785,Opel,INSIGNIA Saloon,engine_type-pattern,Accessories - sunroof - add-on parts,2.0 BiTurbo CDTI,DB-internal consistency (etype vs linked engine cc)
11789,Vauxhall,Insignia,engine_type-pattern,Accessories - sunroof - add-on parts,2.0 BiTurbo CDTI,DB-internal consistency (etype vs linked engine cc)
11792,Vauxhall,INSIGNIA Saloon,engine_type-pattern,Accessories - sunroof - add-on parts,2.0 BiTurbo CDTI,DB-internal consistency (etype vs linked engine cc)
11793,Vauxhall,INSIGNIA Estate,engine_type-pattern,Accessories - sunroof - add-on parts,2.0 BiTurbo CDTI,DB-internal consistency (etype vs linked engine cc)
11801,Toyota,"DYNA Platform/Chassis (KD_, LY_, TRY2_, KDY2_, XZU4_, XZU3_,",engine_type-spoof,2.3 MZR,NULL,DB-internal consistency (etype vs linked engine cc)
11814,Fiat,PANDA (169),engine_type-spoof,1.9 TDI Syncro,1.4 8v,DB-internal consistency (etype vs linked engine cc)
11833,Opel,ASTRA J Sports Tourer,engine_type-spoof,3.8 Carrera,1.4 16v Turbo,DB-internal consistency (etype vs linked engine cc)
11834,Opel,Astra J,engine_type-spoof,3.8 Carrera,1.4 16v Turbo,DB-internal consistency (etype vs linked engine cc)
11843,Alfa Romeo,MITO (955),engine_type-pattern,Retrofit leather multifunction steering wheel,1.4 TB 16v 120,DB-internal consistency (etype vs linked engine cc)
11844,Lancia,DELTA III (844),engine_type-pattern,1.4 (corr.),1.4 TB 16v 120,DB-internal consistency (etype vs linked engine cc)
11845,Fiat,PUNTO (199),engine_type-pattern,0.9 (corr.),0.9 TwinAir (85),DB-internal consistency (etype vs linked engine cc)
11847,Proton,Wira,engine_type-pattern,1.8 (corr.),NULL,DB-internal consistency (etype vs linked engine cc)
11862,Mercedes,E-CLASS Coupe (C207),engine_type-pattern,350 (corr.),NULL,DB-internal consistency (etype vs linked engine cc)
11903,Mercedes,E-CLASS (W212),engine_type-pattern,HHR (corr.),HHR,DB-internal consistency (etype vs linked engine cc)
11908,Ssangyong,Rodius,engine_type-pattern,3.2 (corr.),3.2,DB-internal consistency (etype vs linked engine cc)
11912,Mercedes,S-CLASS (W220),engine_type-pattern,"S 600 (220.878, 220.178)",NULL,DB-internal consistency (etype vs linked engine cc)
11920,Mercedes,"SPRINTER 3,5-t Platform/Chassis (906)",engine_type-pattern,C 320 CDI (corr.),NULL,DB-internal consistency (etype vs linked engine cc)
11921,Mercedes,"SPRINTER 3,5-t Platform/Chassis (906)",engine_type-pattern,C 320 CDI (corr.),NULL,DB-internal consistency (etype vs linked engine cc)
11922,Mercedes,"SPRINTER 3,5-t Platform/Chassis (906)",engine_type-pattern,C 320 CDI (corr.),NULL,DB-internal consistency (etype vs linked engine cc)
11957,Volvo,V70 III (BW),engine_type-pattern,3 (est.),NULL,DB-internal consistency (etype vs linked engine cc)
11961,Suzuki,LANDY (SC25),engine_type-pattern,2.0 (corr.),2.0,DB-internal consistency (etype vs linked engine cc)
11985,Mitsubishi,"PAJERO III Canvas Top (V6_W, V7_W)",engine_type-pattern,"3.5 V6 GDI (V65W, V75W)",3.5 i,DB-internal consistency (etype vs linked engine cc)
11986,Mitsubishi,"PAJERO III Canvas Top (V6_W, V7_W)",engine_type-pattern,"3.5 V6 GDI (V65W, V75W)",3.5 Petrol,DB-internal consistency (etype vs linked engine cc)
11987,Mitsubishi,"PAJERO III Canvas Top (V6_W, V7_W)",engine_type-pattern,"3.2 DI-D (V68W, V78W)",3.2 V6 TD,DB-internal consistency (etype vs linked engine cc)
12001,Holden,STATESMAN Saloon (WH),engine_type-pattern,3.8 (est.),NULL,DB-internal consistency (etype vs linked engine cc)
12002,Holden,STATESMAN Saloon (WH),engine_type-pattern,3.8 (est.),NULL,DB-internal consistency (etype vs linked engine cc)
12010,Mercedes,S-CLASS (W220),engine_type-pattern,"S 400 CDI (220.028, 220.128)",NULL,DB-internal consistency (etype vs linked engine cc)
12011,Ford,"TRANSIT Bus (FD_ _, FB_ _, FS_ _, FZ_ _, FC_ _)",engine_type-pattern,"2.4 DI [RWD] (F_B_, F_C_, F_A_)",2.4 DI,DB-internal consistency (etype vs linked engine cc)
12012,Ford,"TRANSIT Bus (FD_ _, FB_ _, FS_ _, FZ_ _, FC_ _)",engine_type-pattern,"2.4 DI (F_B_, F_C_, F_A_)",NULL,DB-internal consistency (etype vs linked engine cc)
12013,Ford,"TRANSIT Bus (FD_ _, FB_ _, FS_ _, FZ_ _, FC_ _)",engine_type-pattern,"2.4 DI (F_B_, F_C_, F_A_)",NULL,DB-internal consistency (etype vs linked engine cc)
12014,Ford,"TRANSIT Bus (FD_ _, FB_ _, FS_ _, FZ_ _, FC_ _)",engine_type-pattern,"2.4 DI (F_B_, F_C_, F_A_)",NULL,DB-internal consistency (etype vs linked engine cc)
12015,Ford,TRANSIT Box (FA_ _),engine_type-pattern,"2.4 DI (FAA_, FAB_, FAC_, FAD_)",NULL,DB-internal consistency (etype vs linked engine cc)
12016,Ford,TRANSIT Box (FA_ _),engine_type-pattern,"2.4 DI (FAA_, FAB_, FAC_, FAD_)",NULL,DB-internal consistency (etype vs linked engine cc)
12017,Ford,TRANSIT Box (FA_ _),engine_type-pattern,"2.4 DI (FAA_, FAB_, FAC_, FAD_)",NULL,DB-internal consistency (etype vs linked engine cc)
12018,Ford,TRANSIT Box (FA_ _),engine_type-pattern,"2.4 DI [RWD] (FAA_, FAB_, FAC_, FAD_)",2.4 DI,DB-internal consistency (etype vs linked engine cc)
12019,Ford,"TRANSIT Platform/Chassis (FM_ _, FN_ _)",engine_type-pattern,"2.4 DI (F_A_, F_B_, F_C_, F_D_)",NULL,DB-internal consistency (etype vs linked engine cc)
12020,Ford,"TRANSIT Platform/Chassis (FM_ _, FN_ _)",engine_type-pattern,"2.4 DI (F_A_, F_B_, F_C_, F_D_)",NULL,DB-internal consistency (etype vs linked engine cc)
12021,Ford,"TRANSIT Platform/Chassis (FM_ _, FN_ _)",engine_type-pattern,"2.4 DI (F_A_, F_B_, F_C_, F_D_)",NULL,DB-internal consistency (etype vs linked engine cc)
12022,Ford,"TRANSIT Platform/Chassis (FM_ _, FN_ _)",engine_type-pattern,"2.4 DI (F_A_, F_B_, F_C_, F_D_)",2.4 DI,DB-internal consistency (etype vs linked engine cc)
12030,Audi,R8,engine_type-pattern,5.2 (est.),NULL,DB-internal consistency (etype vs linked engine cc)
12046,Audi,R8 Spyder,engine_type-pattern,5.2 (est.),NULL,DB-internal consistency (etype vs linked engine cc)
12047,Mazda,TRIBUTE (EP),engine_type-pattern,2 (est.),NULL,DB-internal consistency (etype vs linked engine cc)
12109,Ford,"TRANSIT Bus (FD_ _, FB_ _, FS_ _, FZ_ _, FC_ _)",engine_type-pattern,"2.4 DI [RWD] (F_B_, F_C_)",NULL,DB-internal consistency (etype vs linked engine cc)
12110,Ford,TRANSIT Box (FA_ _),engine_type-pattern,"2.4 DI [RWD] (FAA_, FAB_, FAC_, FAD_)",NULL,DB-internal consistency (etype vs linked engine cc)
12111,Ford,"TRANSIT Platform/Chassis (FM_ _, FN_ _)",engine_type-pattern,"2.4 DI (F_A_, F_B_, F_C_, F_D_)",NULL,DB-internal consistency (etype vs linked engine cc)
12121,Chrysler,"RAM 4000 Platform/Chassis (DH, DR, D1, DC, DM)",engine_type-pattern,5.7 (corr.),NULL,DB-internal consistency (etype vs linked engine cc)
12136,Toyota,"RAV 4 II (CLA2_, XA2_, ZCA2_, ACA2_)",engine_type-spoof,1.8 VVTi,1.6 16v,DB-internal consistency (etype vs linked engine cc)
12138,Volkswagen,"NEW BEETLE (9C1, 1C1)",engine_type-pattern,3.2 (est.),3.2 V6 24v RSI,DB-internal consistency (etype vs linked engine cc)
12148,Mercedes,CLS (C218),engine_type-pattern,GAZELLE (corr.),NULL,DB-internal consistency (etype vs linked engine cc)
12195,Renault,"MASTER III Platform/Chassis (EV, HV, UV)",engine_type-pattern,840 i (corr.),NULL,DB-internal consistency (etype vs linked engine cc)
12196,Renault,"MASTER III Platform/Chassis (EV, HV, UV)",engine_type-pattern,840 i (corr.),NULL,DB-internal consistency (etype vs linked engine cc)
12197,Renault,"MASTER III Platform/Chassis (EV, HV, UV)",engine_type-pattern,840 i (corr.),2.3 Diesel,DB-internal consistency (etype vs linked engine cc)
12198,Renault,"MASTER III Platform/Chassis (EV, HV, UV)",engine_type-pattern,840 i (corr.),NULL,DB-internal consistency (etype vs linked engine cc)
12199,Renault,MASTER III Box (FV),engine_type-pattern,Repair EGR radiator *,NULL,DB-internal consistency (etype vs linked engine cc)
12200,Renault,MASTER III Box (FV),engine_type-pattern,Repair EGR radiator *,NULL,DB-internal consistency (etype vs linked engine cc)
12201,Renault,MASTER III Box (FV),engine_type-pattern,Repair EGR radiator *,NULL,DB-internal consistency (etype vs linked engine cc)
12202,Renault,MASTER III Box (FV),engine_type-pattern,Repair EGR radiator *,NULL,DB-internal consistency (etype vs linked engine cc)
12203,Renault,MASTER III Box (FV),engine_type-pattern,Repair EGR radiator *,2.3 Diesel,DB-internal consistency (etype vs linked engine cc)
12204,Renault,MASTER III Box (FV),engine_type-pattern,Repair EGR radiator *,NULL,DB-internal consistency (etype vs linked engine cc)
12209,Renault,ESPACE III (JE0_),engine_type-spoof,A 1500 GS Carrera,NULL,DB-internal consistency (etype vs linked engine cc)
12210,Renault,ESPACE III (JE0_),engine_type-spoof,A 1500 GS Carrera,NULL,DB-internal consistency (etype vs linked engine cc)
12211,Mini,MINI CLUBMAN (R55),engine_type-spoof,1.6 Trekking,2.0 Diesel,DB-internal consistency (etype vs linked engine cc)
12232,Renault,TWINGO I (C06_),engine_type-pattern,"1.2 16V (C06C, C06D, C06K)",NULL,DB-internal consistency (etype vs linked engine cc)
12282,Mini,MINI Roadster (R59),engine_type-pattern,Cooper S (corr.),NULL,DB-internal consistency (etype vs linked engine cc)
12283,Mini,MINI Roadster (R59),engine_type-spoof,1.6 Trekking,2.0 Diesel,DB-internal consistency (etype vs linked engine cc)
12313,Vauxhall,OMEGA (B),engine_type-pattern,2.6 i V6 (corr.),2.6 i V6,DB-internal consistency (etype vs linked engine cc)
12314,Vauxhall,OMEGA (B) Estate,engine_type-pattern,2.6 i V6 (corr.),2.6 i V6,DB-internal consistency (etype vs linked engine cc)
12349,Daihatsu,SIRION (M1),engine_type-pattern,1.3 (corr.),NULL,DB-internal consistency (etype vs linked engine cc)
12350,Mercedes,G-CLASS (W463),engine_type-pattern,"G 400 CDI (463.332, 463.333)",NULL,DB-internal consistency (etype vs linked engine cc)
12352,Mitsubishi,CARISMA (DA_),engine_type-pattern,1.9 DI-D (corr.),NULL,DB-internal consistency (etype vs linked engine cc)
12354,Mitsubishi,CARISMA Saloon (DA_),engine_type-pattern,1.9 DI-D (corr.),NULL,DB-internal consistency (etype vs linked engine cc)
12356,Mitsubishi,SPACE STAR (DG_A),engine_type-pattern,1.9 DI-D (corr.),NULL,DB-internal consistency (etype vs linked engine cc)
12381,Renault,SCÉNIC I (JA0/1_),engine_type-pattern,"2.0 16V (JA1B, JA1D)",NULL,DB-internal consistency (etype vs linked engine cc)
12382,Renault,SCÉNIC I (JA0/1_),engine_type-pattern,"2.0 16V (JA1B, JA1D)",NULL,DB-internal consistency (etype vs linked engine cc)
12385,Subaru,"IMPREZA Estate (GD, GG)",engine_type-pattern,2.0 (corr.),2.0 16v,DB-internal consistency (etype vs linked engine cc)
12387,Subaru,"IMPREZA Saloon (GD, GG)",engine_type-pattern,2.0 WRX STi AWD (corr.),NULL,DB-internal consistency (etype vs linked engine cc)
12430,Renault,LAGUNA II (BG0/1_),engine_type-pattern,"1.6 16V (BG0A, BG0L)",NULL,DB-internal consistency (etype vs linked engine cc)
12431,Renault,LAGUNA II (BG0/1_),engine_type-pattern,"1.6 16V (BG0A, BG0L)",NULL,DB-internal consistency (etype vs linked engine cc)
12432,Renault,LAGUNA II (BG0/1_),engine_type-pattern,1.8 16V (corr.),NULL,DB-internal consistency (etype vs linked engine cc)
12433,Renault,LAGUNA II (BG0/1_),engine_type-pattern,1.8 16V (corr.),NULL,DB-internal consistency (etype vs linked engine cc)
12434,Renault,LAGUNA II (BG0/1_),engine_type-pattern,1.8 16V (corr.),NULL,DB-internal consistency (etype vs linked engine cc)
12435,Renault,LAGUNA II (BG0/1_),engine_type-pattern,2.9 (est.),NULL,DB-internal consistency (etype vs linked engine cc)
12436,Renault,LAGUNA II (BG0/1_),engine_type-spoof,1.2 16V (KR0P),NULL,DB-internal consistency (etype vs linked engine cc)
12437,Renault,LAGUNA II (BG0/1_),engine_type-spoof,1.2 16V (KR0P),NULL,DB-internal consistency (etype vs linked engine cc)
12438,Renault,LAGUNA II (BG0/1_),engine_type-spoof,1.2 16V (KR0P),NULL,DB-internal consistency (etype vs linked engine cc)
12439,Renault,LAGUNA II (BG0/1_),engine_type-spoof,1.2 16V (KR0P),NULL,DB-internal consistency (etype vs linked engine cc)
12440,Renault,LAGUNA II Grandtour (KG0/1_),engine_type-pattern,"1.6 16V (KG0A, KG0L)",NULL,DB-internal consistency (etype vs linked engine cc)
12441,Renault,LAGUNA II Grandtour (KG0/1_),engine_type-pattern,"1.6 16V (KG0A, KG0L)",NULL,DB-internal consistency (etype vs linked engine cc)
12448,Mitsubishi,"PAJERO PININ (H6_W, H7_W)",engine_type-pattern,"2.0 GDI (H67W, H77W)",NULL,DB-internal consistency (etype vs linked engine cc)
12479,Mitsubishi,CARISMA (DA_),engine_type-pattern,1.8 (corr.),2.0 16v GDI,DB-internal consistency (etype vs linked engine cc)
12480,Mitsubishi,CARISMA (DA_),engine_type-pattern,1.8 (corr.),NULL,DB-internal consistency (etype vs linked engine cc)
12481,Mitsubishi,CARISMA Saloon (DA_),engine_type-pattern,1.8 (corr.),2.0 16v GDI,DB-internal consistency (etype vs linked engine cc)
12482,Mitsubishi,CARISMA Saloon (DA_),engine_type-pattern,1.8 (corr.),NULL,DB-internal consistency (etype vs linked engine cc)
12501,Toyota,AVENSIS Liftback (_T22_),engine_type-spoof,1.8 VVT-i,1.6 16v,DB-internal consistency (etype vs linked engine cc)
12502,Toyota,AVENSIS (_T22_),engine_type-spoof,1.8 VVT-i,1.6 16v,DB-internal consistency (etype vs linked engine cc)
12506,Toyota,AVENSIS Station Wagon (_T22_),engine_type-spoof,1.8 VVT-i,1.6 16v,DB-internal consistency (etype vs linked engine cc)
12514,Renault,MEGANE III Coupe (DZ0/1_),engine_type-pattern,1.2 (est.),NULL,DB-internal consistency (etype vs linked engine cc)
12563,Renault,KANGOO / GRAND KANGOO (KW0/1_),engine_type-pattern,1.5 dCi (corr.),1.5 dCi,DB-internal consistency (etype vs linked engine cc)
12565,Lexus,RX (MCU15),engine_type-pattern,3.0 (corr.),3.0 V6 24v DOHC VVT-i,DB-internal consistency (etype vs linked engine cc)
12579,Toyota,LAND CRUISER 90 (_J9_),engine_type-pattern,3.0 TD (corr.),3.0 D-4D,DB-internal consistency (etype vs linked engine cc)
12596,Jaguar,X-TYPE (CF1),engine_type-pattern,2.5 (est.),2.5 V6,DB-internal consistency (etype vs linked engine cc)
12597,Jaguar,X-TYPE (CF1),engine_type-pattern,3.0 (corr.),NULL,DB-internal consistency (etype vs linked engine cc)
12629,Seat,LEON (1M1),engine_type-pattern,1.6 (corr.),1.6 16v,DB-internal consistency (etype vs linked engine cc)
12630,Seat,LEON (1M1),engine_type-pattern,1.6 (corr.),1.6 16v,DB-internal consistency (etype vs linked engine cc)
12631,Seat,LEON (1M1),engine_type-pattern,1.6 (corr.),1.6 16v,DB-internal consistency (etype vs linked engine cc)
12632,Seat,LEON (1M1),engine_type-pattern,1.6 (corr.),1.6 16v,DB-internal consistency (etype vs linked engine cc)
12633,Ford,"TRANSIT Bus (FD_ _, FB_ _, FS_ _, FZ_ _, FC_ _)",engine_type-pattern,"2.0 DI (F_E_, F_F_, F_G_)",NULL,DB-internal consistency (etype vs linked engine cc)
12634,Ford,"TRANSIT Bus (FD_ _, FB_ _, FS_ _, FZ_ _, FC_ _)",engine_type-pattern,"2.0 DI (F_E_, F_F_, F_G_)",NULL,DB-internal consistency (etype vs linked engine cc)
12635,Ford,TRANSIT Box (FA_ _),engine_type-pattern,"2.0 DI (FAE_, FAF_, FAG_)",1.8 TDCi Duratorq,DB-internal consistency (etype vs linked engine cc)
12636,Ford,TRANSIT Box (FA_ _),engine_type-pattern,"2.0 DI (FAE_, FAF_, FAG_)",NULL,DB-internal consistency (etype vs linked engine cc)
12637,Ford,"TRANSIT Platform/Chassis (FM_ _, FN_ _)",engine_type-pattern,"2.0 DI (F_E_, F_F_)",1.8 TDCi Duratorq,DB-internal consistency (etype vs linked engine cc)
12638,Ford,"TRANSIT Platform/Chassis (FM_ _, FN_ _)",engine_type-pattern,"2.0 DI (F_E_, F_F_)",NULL,DB-internal consistency (etype vs linked engine cc)
12641,Citroen,C5 I (DC_),engine_type-pattern,"1.8 16V (DC6FZB, DC6FZE)",1.8 16V,DB-internal consistency (etype vs linked engine cc)
12679,Renault,TRAFIC II Bus (JL),engine_type-pattern,1.9 dCi (corr.),1.9 CDTI,DB-internal consistency (etype vs linked engine cc)
12680,Renault,TRAFIC II Bus (JL),engine_type-pattern,1.9 dCi (corr.),1.9 CDTI,DB-internal consistency (etype vs linked engine cc)
12681,Renault,TRAFIC II Bus (JL),engine_type-pattern,2.0 16V (corr.),2.0 16V,DB-internal consistency (etype vs linked engine cc)
12682,Renault,TRAFIC II Bus (JL),engine_type-pattern,2.0 16V (corr.),NULL,DB-internal consistency (etype vs linked engine cc)
12683,Renault,TRAFIC II Box (FL),engine_type-pattern,2.0 16V (corr.),2.0 16V,DB-internal consistency (etype vs linked engine cc)
12684,Renault,TRAFIC II Box (FL),engine_type-pattern,2.0 16V (corr.),NULL,DB-internal consistency (etype vs linked engine cc)
12685,Renault,TRAFIC II Box (FL),engine_type-pattern,1.9 dCi (corr.),1.9 CDTI,DB-internal consistency (etype vs linked engine cc)
12686,Renault,TRAFIC II Box (FL),engine_type-pattern,1.9 dCi (corr.),1.9 CDTI,DB-internal consistency (etype vs linked engine cc)
12687,Renault,TRAFIC II Box (FL),engine_type-pattern,1.9 dCi (corr.),1.9 CDTI,DB-internal consistency (etype vs linked engine cc)
12691,Mercedes,C-CLASS T-Model (S203),engine_type-pattern,320 (corr.),C 320 (203.064),DB-internal consistency (etype vs linked engine cc)
12707,Opel,ASTRA G Convertible (F67),engine_type-spoof,2.2 16V,1.8,DB-internal consistency (etype vs linked engine cc)
12712,Renault,MEGANE I (BA0/1_),engine_type-pattern,"1.9 dCi (BA05, BA1F)",NULL,DB-internal consistency (etype vs linked engine cc)
12713,Renault,MEGANE I (BA0/1_),engine_type-pattern,"1.9 dCi (BA05, BA1F)",NULL,DB-internal consistency (etype vs linked engine cc)
12714,Renault,MEGANE I Classic (LA0/1_),engine_type-pattern,"1.9 dCi (LA05, LA1F)",NULL,DB-internal consistency (etype vs linked engine cc)
12715,Renault,MEGANE I Classic (LA0/1_),engine_type-pattern,"1.9 dCi (LA05, LA1F)",NULL,DB-internal consistency (etype vs linked engine cc)
12716,Renault,MEGANE I Classic (LA0/1_),engine_type-pattern,"1.9 dCi (LA05, LA1F)",NULL,DB-internal consistency (etype vs linked engine cc)
12717,Renault,MEGANE I Grandtour (KA0/1_),engine_type-pattern,"1.9 dCi (KA05, KA1F)",NULL,DB-internal consistency (etype vs linked engine cc)
12718,Renault,MEGANE I Grandtour (KA0/1_),engine_type-pattern,"1.9 dCi (KA05, KA1F)",NULL,DB-internal consistency (etype vs linked engine cc)
12719,Renault,MEGANE I Grandtour (KA0/1_),engine_type-pattern,"1.9 dCi (KA05, KA1F)",NULL,DB-internal consistency (etype vs linked engine cc)
12720,Renault,MEGANE I Grandtour (KA0/1_),engine_type-pattern,"1.9 dCi (KA05, KA1F)",NULL,DB-internal consistency (etype vs linked engine cc)
12721,Renault,MEGANE I Coach (DA0/1_),engine_type-pattern,"1.9 dCi (DA05, DA1F)",NULL,DB-internal consistency (etype vs linked engine cc)
12722,Renault,MEGANE I Coach (DA0/1_),engine_type-pattern,"1.9 dCi (DA05, DA1F)",NULL,DB-internal consistency (etype vs linked engine cc)
12739,Volkswagen,PASSAT Variant (3B6),engine_type-spoof,1.9 TDI 4motion,NULL,DB-internal consistency (etype vs linked engine cc)
12792,Mercedes,A-CLASS (W168),engine_type-pattern,"A 170 CDI (168.009, 168.109)",NULL,DB-internal consistency (etype vs linked engine cc)
12830,Peugeot,307 (3A/C),engine_type-pattern,2.0 HDi (corr.),2.0 HDI,DB-internal consistency (etype vs linked engine cc)
12832,Skoda,OCTAVIA Combi (1U5),engine_type-pattern,2.0 (corr.),2.0 8v,DB-internal consistency (etype vs linked engine cc)
12839,Citroen,C5 I (DC_),engine_type-pattern,"2.0 16V (DCRFNC, DCRFNF)",2.0 16v,DB-internal consistency (etype vs linked engine cc)
12841,Citroen,C5 I (DC_),engine_type-pattern,"3.0 V6 (DCXFXC, DCXFXF)",3.0 V6,DB-internal consistency (etype vs linked engine cc)
12842,Citroen,C5 I (DC_),engine_type-pattern,"2.0 HDi (DCRHZB, DCRHZE)",2.0 HDI,DB-internal consistency (etype vs linked engine cc)
12843,Citroen,C5 I (DC_),engine_type-pattern,"2.2 HDi (DC4HXB, DC4HXE)",NULL,DB-internal consistency (etype vs linked engine cc)
12852,Citroen,C5 I Break (DE_),engine_type-pattern,"2.0 16V (DERFNF, DERFNC, RERFNC)",2.0 16v,DB-internal consistency (etype vs linked engine cc)
12854,Citroen,C5 I Break (DE_),engine_type-pattern,"3.0 V6 (DEXFXC, DEXFXF)",3.0 V6,DB-internal consistency (etype vs linked engine cc)
12855,Citroen,C5 I Break (DE_),engine_type-pattern,"2.0 HDi (DERHSB, DERHSE)",2.0 HDI,DB-internal consistency (etype vs linked engine cc)
12856,Citroen,C5 I Break (DE_),engine_type-pattern,"2.0 HDi (DERHSB, DERHSE)",2.0 HDI,DB-internal consistency (etype vs linked engine cc)
12877,Subaru,"JUSTY II (JMA, MS)",engine_type-pattern,1.3 (est.),1.3,DB-internal consistency (etype vs linked engine cc)
12878,Honda,STREAM (RN),engine_type-pattern,1.7 (est.),NULL,DB-internal consistency (etype vs linked engine cc)
12880,Fiat,DUCATO Bus (250),engine_type-pattern,"120 Multijet 2,3 D (corr.)",NULL,DB-internal consistency (etype vs linked engine cc)
12881,Fiat,DUCATO Box (250),engine_type-pattern,"130 Multijet 2,3 D (corr.)",NULL,DB-internal consistency (etype vs linked engine cc)
12882,Fiat,DUCATO Platform/Chassis (250),engine_type-pattern,"120 Multijet 2,3 D (corr.)",NULL,DB-internal consistency (etype vs linked engine cc)
12885,Lexus,"GS (GRL1_, GWL1_)",engine_type-pattern,3.5 (est.),NULL,DB-internal consistency (etype vs linked engine cc)
12886,Mercedes,"SPRINTER 3,5-t Box (906)",engine_type-pattern,2.1 (est.),NULL,DB-internal consistency (etype vs linked engine cc)
12887,Mercedes,"SPRINTER 3,5-t Box (906)",engine_type-pattern,2.1 (est.),NULL,DB-internal consistency (etype vs linked engine cc)
12889,Suzuki,"GRAND VITARA I (FT, GT)",engine_type-pattern,2 (est.),NULL,DB-internal consistency (etype vs linked engine cc)
12890,Nissan,X-TRAIL (T30),engine_type-pattern,2.0 (corr.),2.0,DB-internal consistency (etype vs linked engine cc)
12953,Vauxhall,ASTRA Mk IV (G) Convertible,engine_type-spoof,2.2 16V,1.8,DB-internal consistency (etype vs linked engine cc)
12978,Volvo,"S80 I (TS, XY)",engine_type-pattern,2.4 (corr.),NULL,DB-internal consistency (etype vs linked engine cc)
12981,Volvo,V70 II (SW),engine_type-pattern,2.4 (corr.),NULL,DB-internal consistency (etype vs linked engine cc)
12982,Volvo,V70 II (SW),engine_type-pattern,2.4 (corr.),NULL,DB-internal consistency (etype vs linked engine cc)
12991,Skoda,OCTAVIA Combi (1U5),engine_type-pattern,2.0 (corr.),2.0 8v,DB-internal consistency (etype vs linked engine cc)
12992,Skoda,OCTAVIA Combi (1U5),engine_type-pattern,2.0 (corr.),2.0 8v,DB-internal consistency (etype vs linked engine cc)
12993,Skoda,OCTAVIA Combi (1U5),engine_type-pattern,2.0 (corr.),2.0 8v,DB-internal consistency (etype vs linked engine cc)
12994,Skoda,OCTAVIA Combi (1U5),engine_type-pattern,2.0 (corr.),2.0 8v,DB-internal consistency (etype vs linked engine cc)
12996,Mercedes,C-CLASS T-Model (S203),engine_type-pattern,C 200 CDI (corr.),C 200 CDI (203.004),DB-internal consistency (etype vs linked engine cc)
12997,Mercedes,C-CLASS T-Model (S203),engine_type-pattern,C 200 CDI (corr.),C 200 CDI,DB-internal consistency (etype vs linked engine cc)
12999,Fiat,PALIO Weekend (178DX),engine_type-pattern,1.2 (corr.),1.2 8v,DB-internal consistency (etype vs linked engine cc)
13000,Fiat,PALIO Weekend (178DX),engine_type-pattern,1.2 (corr.),1.2 8v,DB-internal consistency (etype vs linked engine cc)
13003,Ford,"TRANSIT Bus (FD_ _, FB_ _, FS_ _, FZ_ _, FC_ _)",engine_type-pattern,"2.3 16V [RWD] (F_B_, F_C_, F_A_)",NULL,DB-internal consistency (etype vs linked engine cc)
13004,Ford,"TRANSIT Bus (FD_ _, FB_ _, FS_ _, FZ_ _, FC_ _)",engine_type-pattern,"2.3 16V [RWD] (F_B_, F_C_, F_A_)",NULL,DB-internal consistency (etype vs linked engine cc)
13005,Ford,"TRANSIT Bus (FD_ _, FB_ _, FS_ _, FZ_ _, FC_ _)",engine_type-pattern,"2.0 DI (F_E_, F_F_, F_G_)",NULL,DB-internal consistency (etype vs linked engine cc)
13006,Ford,TRANSIT Box (FA_ _),engine_type-pattern,"2.0 DI (FAE_, FAF_, FAG_)",NULL,DB-internal consistency (etype vs linked engine cc)
13007,Ford,TRANSIT Box (FA_ _),engine_type-pattern,"2.3 16V [RWD] (FAA_, FAB_, FAC_)",NULL,DB-internal consistency (etype vs linked engine cc)
13008,Ford,TRANSIT Box (FA_ _),engine_type-pattern,"2.3 16V [RWD] (FAA_, FAB_, FAC_)",NULL,DB-internal consistency (etype vs linked engine cc)
13009,Ford,"TRANSIT Platform/Chassis (FM_ _, FN_ _)",engine_type-pattern,"2.0 DI (F_E_, F_F_)",NULL,DB-internal consistency (etype vs linked engine cc)
13010,Ford,"TRANSIT Platform/Chassis (FM_ _, FN_ _)",engine_type-pattern,"2.3 16V (F_A_, F_B_, F_C_, F_D_)",NULL,DB-internal consistency (etype vs linked engine cc)
13011,Ford,"TRANSIT Platform/Chassis (FM_ _, FN_ _)",engine_type-pattern,"2.3 16V (F_A_, F_B_, F_C_, F_D_)",NULL,DB-internal consistency (etype vs linked engine cc)
13015,Renault,"CLIO II (BB0/1/2_, CB0/1/2_)",engine_type-pattern,1.2 16V (corr.),NULL,DB-internal consistency (etype vs linked engine cc)
13016,Renault,"CLIO II (BB0/1/2_, CB0/1/2_)",engine_type-pattern,1.2 16V (corr.),NULL,DB-internal consistency (etype vs linked engine cc)
13017,Renault,"CLIO II (BB0/1/2_, CB0/1/2_)",engine_type-pattern,1.2 16V (corr.),NULL,DB-internal consistency (etype vs linked engine cc)
13018,Renault,"CLIO II (BB0/1/2_, CB0/1/2_)",engine_type-pattern,1.2 16V (corr.),1.2 16V,DB-internal consistency (etype vs linked engine cc)
13019,Renault,"CLIO II (BB0/1/2_, CB0/1/2_)",engine_type-pattern,1.2 16V (corr.),NULL,DB-internal consistency (etype vs linked engine cc)
13028,Renault,LAGUNA Coupe (DT0/1),engine_type-pattern,3 (est.),NULL,DB-internal consistency (etype vs linked engine cc)
13036,Mercedes,A-CLASS (W168),engine_type-pattern,"A 140 (168.031, 168.131)",NULL,DB-internal consistency (etype vs linked engine cc)
13065,Mitsubishi,SPACE STAR (DG_A),engine_type-pattern,1.3 12V (corr.),1300,DB-internal consistency (etype vs linked engine cc)
13066,BMW,"7 (E65, E66, E67)",engine_type-pattern,"735 i,Li",NULL,DB-internal consistency (etype vs linked engine cc)
13067,BMW,"7 (E65, E66, E67)",engine_type-pattern,"745 i,Li",545i 4400 V8,DB-internal consistency (etype vs linked engine cc)
13068,BMW,"7 (E65, E66, E67)",engine_type-pattern,"745 i,Li",NULL,DB-internal consistency (etype vs linked engine cc)
13071,Renault,AVANTIME (DE0_),engine_type-pattern,"3.0 V6 (DE04, DE0T)",NULL,DB-internal consistency (etype vs linked engine cc)
13072,Renault,AVANTIME (DE0_),engine_type-pattern,"3.0 V6 (DE04, DE0T)",NULL,DB-internal consistency (etype vs linked engine cc)
13075,Mercedes,VANEO (414),engine_type-pattern,1.6 (est.),NULL,DB-internal consistency (etype vs linked engine cc)
13077,Mercedes,E-CLASS (W210),engine_type-pattern,55 AMG (corr.),E 55 T AMG 4-matic (210.283),DB-internal consistency (etype vs linked engine cc)
13078,Renault,AVANTIME (DE0_),engine_type-pattern,"2.0 16V Turbo (DE0U, DE0V)",NULL,DB-internal consistency (etype vs linked engine cc)
13079,Renault,AVANTIME (DE0_),engine_type-pattern,"2.0 16V Turbo (DE0U, DE0V)",NULL,DB-internal consistency (etype vs linked engine cc)
13105,Renault,KANGOO (KC0/1_),engine_type-pattern,"1.2 16V (KC03, KC05, KC06, KC0T, KC0W)",NULL,DB-internal consistency (etype vs linked engine cc)
13106,Renault,KANGOO (KC0/1_),engine_type-pattern,"1.2 16V (KC03, KC05, KC06, KC0T, KC0W)",NULL,DB-internal consistency (etype vs linked engine cc)
13107,Renault,KANGOO (KC0/1_),engine_type-pattern,"1.2 16V (KC03, KC05, KC06, KC0T, KC0W)",NULL,DB-internal consistency (etype vs linked engine cc)
13109,Renault,MEGANE III Grandtour (KZ0/1),engine_type-pattern,1.2 (est.),NULL,DB-internal consistency (etype vs linked engine cc)
13111,Jeep,CHEROKEE (KJ),engine_type-pattern,2.4 (est.),NULL,DB-internal consistency (etype vs linked engine cc)
13112,Jeep,CHEROKEE (KJ),engine_type-pattern,3.7 (est.),NULL,DB-internal consistency (etype vs linked engine cc)
13113,Jeep,CHEROKEE (KJ),engine_type-pattern,2.5 (est.),2.5 16v CRD,DB-internal consistency (etype vs linked engine cc)
13114,Renault,LAGUNA II (BG0/1_),engine_type-pattern,"1.8 16V (BG0B, BG0M)",NULL,DB-internal consistency (etype vs linked engine cc)
13115,Renault,LAGUNA II (BG0/1_),engine_type-pattern,"1.8 16V (BG0B, BG0M)",NULL,DB-internal consistency (etype vs linked engine cc)
13116,Renault,LAGUNA II (BG0/1_),engine_type-pattern,"1.8 16V (BG06, BG0J, BG0M)",NULL,DB-internal consistency (etype vs linked engine cc)
13117,Renault,LAGUNA II (BG0/1_),engine_type-pattern,"1.8 16V (BG06, BG0J, BG0M)",NULL,DB-internal consistency (etype vs linked engine cc)
13118,Renault,LAGUNA II (BG0/1_),engine_type-pattern,"1.8 16V (BG06, BG0J, BG0M)",NULL,DB-internal consistency (etype vs linked engine cc)
13119,Renault,LAGUNA II (BG0/1_),engine_type-pattern,"1.8 16V (BG06, BG0J, BG0M)",NULL,DB-internal consistency (etype vs linked engine cc)
13120,Renault,LAGUNA II (BG0/1_),engine_type-pattern,"1.8 16V (BG06, BG0J, BG0M)",NULL,DB-internal consistency (etype vs linked engine cc)
13126,Renault,LAGUNA II Grandtour (KG0/1_),engine_type-pattern,"1.8 16V (KG0B, KG0M)",NULL,DB-internal consistency (etype vs linked engine cc)
13127,Renault,LAGUNA II Grandtour (KG0/1_),engine_type-pattern,"1.8 16V (KG0B, KG0M)",NULL,DB-internal consistency (etype vs linked engine cc)
13128,Renault,SCÉNIC I (JA0/1_),engine_type-pattern,"1.8 16V (JA12, JA1R, JA1M, JA1A)",NULL,DB-internal consistency (etype vs linked engine cc)
13129,Renault,SCÉNIC I (JA0/1_),engine_type-pattern,"1.8 16V (JA12, JA1R, JA1M, JA1A)",NULL,DB-internal consistency (etype vs linked engine cc)
13130,Renault,MEGANE I (BA0/1_),engine_type-pattern,"1.8 16V (BA06, BA12, BA1A, BA1M, BA1R)",NULL,DB-internal consistency (etype vs linked engine cc)
13131,Renault,MEGANE I (BA0/1_),engine_type-pattern,"1.8 16V (BA06, BA12, BA1A, BA1M, BA1R)",NULL,DB-internal consistency (etype vs linked engine cc)
13132,Renault,MEGANE I Classic (LA0/1_),engine_type-pattern,"1.8 16V (LA06, LA12, LA1A, LA1M, LA1R)",NULL,DB-internal consistency (etype vs linked engine cc)
13133,Renault,MEGANE I Classic (LA0/1_),engine_type-pattern,"1.8 16V (LA06, LA12, LA1A, LA1M, LA1R)",NULL,DB-internal consistency (etype vs linked engine cc)
13134,Renault,MEGANE I Grandtour (KA0/1_),engine_type-pattern,"1.8 16V (KA0S, KA12, KA1A, KA1M, KA1R)",NULL,DB-internal consistency (etype vs linked engine cc)
13135,Renault,MEGANE I Grandtour (KA0/1_),engine_type-pattern,"1.8 16V (KA0S, KA12, KA1A, KA1M, KA1R)",NULL,DB-internal consistency (etype vs linked engine cc)
13136,Mercedes,VANEO (414),engine_type-pattern,1.6 (est.),NULL,DB-internal consistency (etype vs linked engine cc)
13139,Citroen,C5 I Break (DE_),engine_type-pattern,"1.8 16V (DE6FZB, DE6FZE)",1.8 16V,DB-internal consistency (etype vs linked engine cc)
13144,Mercedes,S-CLASS Coupe (C215),engine_type-pattern,6.3 (est.),S 63 AMG,DB-internal consistency (etype vs linked engine cc)
13175,Hyundai,i30 (GD),engine_type-spoof,1.4 Mirafiori,1.6 16v GDI,DB-internal consistency (etype vs linked engine cc)
13246,Alpina,B3 (E46),engine_type-pattern,3.3 (corr.),NULL,DB-internal consistency (etype vs linked engine cc)
13247,Alpina,B3 Estate (E46),engine_type-pattern,3.3 (corr.),NULL,DB-internal consistency (etype vs linked engine cc)
13260,Hyundai,SONATA IV (EF),engine_type-spoof,2.0 16V,2.7,DB-internal consistency (etype vs linked engine cc)
13277,Mercedes,G-CLASS (W463),engine_type-pattern,"G 270 CDI (463.322, 463.323)",NULL,DB-internal consistency (etype vs linked engine cc)
13282,Renault,VEL SATIS (BJ0_),engine_type-pattern,3.5 (est.),NULL,DB-internal consistency (etype vs linked engine cc)
13283,Renault,VEL SATIS (BJ0_),engine_type-pattern,3.5 (est.),NULL,DB-internal consistency (etype vs linked engine cc)
13284,Renault,VEL SATIS (BJ0_),engine_type-pattern,2.2 dCi (corr.),2.2 dCi (BG0F),DB-internal consistency (etype vs linked engine cc)
13285,Renault,VEL SATIS (BJ0_),engine_type-pattern,2.2 dCi (corr.),NULL,DB-internal consistency (etype vs linked engine cc)
13293,Mitsubishi,SPACE STAR (DG_A),engine_type-pattern,1.6 (est.),1.6 16v,DB-internal consistency (etype vs linked engine cc)
13294,Mitsubishi,GALANT VI (EA_),engine_type-pattern,2.0 (corr.),NULL,DB-internal consistency (etype vs linked engine cc)
13295,Mitsubishi,GALANT VI (EA_),engine_type-pattern,2.0 (corr.),NULL,DB-internal consistency (etype vs linked engine cc)
13296,Mitsubishi,GALANT VI (EA_),engine_type-pattern,2.4 (corr.),2.4 GDI,DB-internal consistency (etype vs linked engine cc)
13300,Mitsubishi,GALANT VI Estate (EA_),engine_type-pattern,2.4 (corr.),2.4 GDI,DB-internal consistency (etype vs linked engine cc)
13310,Mitsubishi,"PAJERO III Canvas Top (V6_W, V7_W)",engine_type-pattern,"3.2 DI-D (V68W, V78W)",3.2 V6 TD,DB-internal consistency (etype vs linked engine cc)
13317,Audi,"A4 Avant (8E5, B6)",engine_type-pattern,"1.0 i (SF310, AA44)",3.0,DB-internal consistency (etype vs linked engine cc)
13365,Renault,KANGOO Express (FC0/1_),engine_type-pattern,"1.6 16V 4x4 (FC0L, FC0P, FC0S)",1.6 16V,DB-internal consistency (etype vs linked engine cc)
13366,Renault,KANGOO Express (FC0/1_),engine_type-pattern,"1.6 16V 4x4 (FC0L, FC0P, FC0S)",1.6 16V,DB-internal consistency (etype vs linked engine cc)
13367,Renault,KANGOO Express (FC0/1_),engine_type-pattern,"1.6 16V 4x4 (FC0L, FC0P, FC0S)",1.6 16V,DB-internal consistency (etype vs linked engine cc)
13373,Lancia,THESIS (841AX),engine_type-spoof,3.0 V6 (841AXC1101),NULL,DB-internal consistency (etype vs linked engine cc)
13382,Toyota,"COROLLA Verso (ZDE12_, CDE12_)",engine_type-spoof,1.8 VVT-i,1.6 16v,DB-internal consistency (etype vs linked engine cc)
13434,Ford,"TRANSIT Bus (FD_ _, FB_ _, FS_ _, FZ_ _, FC_ _)",engine_type-pattern,"2.4 TDE (F_C_, F_B_, F_A_)",NULL,DB-internal consistency (etype vs linked engine cc)
13439,Renault,KANGOO Express (FC0/1_),engine_type-pattern,1.5 dCi (corr.),1.5 dCi,DB-internal consistency (etype vs linked engine cc)
13440,Renault,KANGOO Express (FC0/1_),engine_type-pattern,1.5 dCi (corr.),1.5 dCi,DB-internal consistency (etype vs linked engine cc)
13441,Renault,KANGOO Express (FC0/1_),engine_type-pattern,1.5 dCi (corr.),1.5 dCi (B/CB08),DB-internal consistency (etype vs linked engine cc)
13456,Mercedes,"SPRINTER 3,5-t Bus (906)",engine_type-pattern,2.1 (est.),without tensioner pulley damper,DB-internal consistency (etype vs linked engine cc)
13457,Mercedes,"SPRINTER 3,5-t Bus (906)",engine_type-pattern,2.1 (est.),NULL,DB-internal consistency (etype vs linked engine cc)
13463,Renault,LAGUNA II (BG0/1_),engine_type-pattern,1.9 dCi (corr.),NULL,DB-internal consistency (etype vs linked engine cc)
13464,Renault,LAGUNA II (BG0/1_),engine_type-pattern,1.9 dCi (corr.),1.9 dCI (BG0E),DB-internal consistency (etype vs linked engine cc)
13465,Renault,LAGUNA II Grandtour (KG0/1_),engine_type-pattern,1.9 dCi (corr.),NULL,DB-internal consistency (etype vs linked engine cc)
13466,Alfa Romeo,156 (932),engine_type-pattern,"1.9 JTD (932A2B, 932A2C)",1.9 JTD (937AXD1A),DB-internal consistency (etype vs linked engine cc)
13467,Alfa Romeo,156 Sportwagon (932),engine_type-pattern,"1.9 JTD (932B2B, 932B2C)",1.9 JTD (937AXD1A),DB-internal consistency (etype vs linked engine cc)
13473,Mercedes,A-CLASS (W168),engine_type-pattern,"A 210 (168.035, 168.135)",NULL,DB-internal consistency (etype vs linked engine cc)
13501,Smart,CROSSBLADE (450),engine_type-pattern,0.6 (est.),NULL,DB-internal consistency (etype vs linked engine cc)
13502,Smart,CROSSBLADE (450),engine_type-pattern,0.6 (est.),0.6 Petrol,DB-internal consistency (etype vs linked engine cc)
13591,Jaguar,S-TYPE (CCX),engine_type-pattern,"R 4,2 V8",NULL,DB-internal consistency (etype vs linked engine cc)
13596,Maybach,MAYBACH (240_),engine_type-pattern,5.5 (est.),NULL,DB-internal consistency (etype vs linked engine cc)
13655,Maybach,MAYBACH (240_),engine_type-pattern,"5.5 V12 57/62 (240.078, 240.178)",NULL,DB-internal consistency (etype vs linked engine cc)
13684,Saab,9-3 (YS3F),engine_type-pattern,2.0 t (corr.),2.0 16v Turbo,DB-internal consistency (etype vs linked engine cc)
13698,Volvo,S60 I,engine_type-pattern,2.4 (corr.),NULL,DB-internal consistency (etype vs linked engine cc)
13699,Volvo,S60 I,engine_type-pattern,2.4 (corr.),NULL,DB-internal consistency (etype vs linked engine cc)
13711,Porsche,BOXSTER (986),engine_type-pattern,"S 3,2",3.2 24v 5AT,DB-internal consistency (etype vs linked engine cc)
13717,Renault,ESPACE IV (JK0/1_),engine_type-pattern,2.0 16V (corr.),NULL,DB-internal consistency (etype vs linked engine cc)
13718,Renault,ESPACE IV (JK0/1_),engine_type-pattern,2.0 16V (corr.),NULL,DB-internal consistency (etype vs linked engine cc)
13719,Renault,ESPACE IV (JK0/1_),engine_type-pattern,2.0 16V (corr.),NULL,DB-internal consistency (etype vs linked engine cc)
13720,Renault,ESPACE IV (JK0/1_),engine_type-pattern,2.0 16V (corr.),NULL,DB-internal consistency (etype vs linked engine cc)
13721,Renault,ESPACE IV (JK0/1_),engine_type-pattern,2.2 dCi (corr.),NULL,DB-internal consistency (etype vs linked engine cc)
13722,Renault,ESPACE IV (JK0/1_),engine_type-pattern,2.2 dCi (corr.),NULL,DB-internal consistency (etype vs linked engine cc)
13728,Ford,"TRANSIT Bus (FD_ _, FB_ _, FS_ _, FZ_ _, FC_ _)",engine_type-pattern,"2.0 TDCi (F_F_, F_E_, F_G_)",2.0 TDCi,DB-internal consistency (etype vs linked engine cc)
13729,Ford,"TRANSIT Platform/Chassis (FM_ _, FN_ _)",engine_type-pattern,"2.0 TDCi (F_E_, F_F_)",2.0 TDCi,DB-internal consistency (etype vs linked engine cc)
13739,Mitsubishi,PAJERO SPORT (K90),engine_type-pattern,2.5 TD (corr.),NULL,DB-internal consistency (etype vs linked engine cc)
13741,Renault,KANGOO (KC0/1_),engine_type-pattern,"1.5 dCi (KC08, KC09)",1.5 dCi (B/CB08),DB-internal consistency (etype vs linked engine cc)
13742,Renault,KANGOO (KC0/1_),engine_type-pattern,"1.5 dCi (KC08, KC09)",1.5 dCi,DB-internal consistency (etype vs linked engine cc)
13744,Mitsubishi,SPACE STAR (DG_A),engine_type-pattern,1.8 (corr.),2.0 16v GDI,DB-internal consistency (etype vs linked engine cc)
13750,Kia,SORENTO I (JC),engine_type-pattern,3.5 (est.),3.5,DB-internal consistency (etype vs linked engine cc)
13753,Renault,"MEGANE II (BM0/1_, CM0/1_)",engine_type-pattern,"1.4 16V (BM0B, CM0B)",NULL,DB-internal consistency (etype vs linked engine cc)
13754,Renault,"MEGANE II (BM0/1_, CM0/1_)",engine_type-pattern,"1.4 16V (BM0B, CM0B)",NULL,DB-internal consistency (etype vs linked engine cc)
13755,Renault,"MEGANE II (BM0/1_, CM0/1_)",engine_type-pattern,"1.6 16V (BM0C, CM0C)",1.6 16V,DB-internal consistency (etype vs linked engine cc)
13756,Renault,"MEGANE II (BM0/1_, CM0/1_)",engine_type-pattern,"2.0 16V (BM0U, CM0U)",2.0 16V,DB-internal consistency (etype vs linked engine cc)
13757,Renault,"MEGANE II (BM0/1_, CM0/1_)",engine_type-pattern,"1.5 dCi (BM0F, CM0F)",NULL,DB-internal consistency (etype vs linked engine cc)
13758,Renault,"MEGANE II (BM0/1_, CM0/1_)",engine_type-pattern,"1.9 dCi (BM0G, CM0G)",NULL,DB-internal consistency (etype vs linked engine cc)
13759,Renault,"MEGANE II (BM0/1_, CM0/1_)",engine_type-pattern,"1.9 dCi (BM0G, CM0G)",NULL,DB-internal consistency (etype vs linked engine cc)
13764,Volvo,V70 II (SW),engine_type-pattern,"R 2,5 T AWD",WINSTORM,DB-internal consistency (etype vs linked engine cc)
13805,Mercedes,S-CLASS (W220),engine_type-pattern,"S 350 (220.067, 220.167)",NULL,DB-internal consistency (etype vs linked engine cc)
13806,Mercedes,S-CLASS (W220),engine_type-pattern,"S 55 AMG Kompressor (220.074, 220.174)",NULL,DB-internal consistency (etype vs linked engine cc)
13807,Mercedes,S-CLASS (W220),engine_type-pattern,"S 430 4-matic (220.083, 220.183)",NULL,DB-internal consistency (etype vs linked engine cc)
13823,Mercedes,S-CLASS (W220),engine_type-pattern,"S 500 4-matic (220.084, 220.184)",NULL,DB-internal consistency (etype vs linked engine cc)
13830,Renault,MEGANE III Hatchback (BZ0_),engine_type-pattern,1.2 (est.),NULL,DB-internal consistency (etype vs linked engine cc)
13841,Jaguar,XK 8 Coupe (QEV),engine_type-pattern,"R 4,2",NULL,DB-internal consistency (etype vs linked engine cc)
13842,Jaguar,XK 8 Convertible (QDV),engine_type-pattern,"R 4,2",NULL,DB-internal consistency (etype vs linked engine cc)
13847,BMW,1 (F20),engine_type-pattern,320 d (corr.),NULL,DB-internal consistency (etype vs linked engine cc)
13853,MG,MGF (RD),engine_type-pattern,"1,8 i VVC",1.8 16V,DB-internal consistency (etype vs linked engine cc)
13866,Mercedes,S-CLASS (W220),engine_type-pattern,"S 320 CDI (220.025, 220.125)",NULL,DB-internal consistency (etype vs linked engine cc)
13893,Renault,ESPACE IV (JK0/1_),engine_type-pattern,3.5 (est.),NULL,DB-internal consistency (etype vs linked engine cc)
13894,Renault,ESPACE IV (JK0/1_),engine_type-pattern,3.5 (est.),NULL,DB-internal consistency (etype vs linked engine cc)
13895,Renault,ESPACE IV (JK0/1_),engine_type-pattern,3 (est.),3.0 Diesel,DB-internal consistency (etype vs linked engine cc)
13896,Renault,ESPACE IV (JK0/1_),engine_type-pattern,3 (est.),NULL,DB-internal consistency (etype vs linked engine cc)
13897,Renault,ESPACE IV (JK0/1_),engine_type-pattern,2.0 16V (corr.),NULL,DB-internal consistency (etype vs linked engine cc)
13898,Renault,ESPACE IV (JK0/1_),engine_type-pattern,2.0 16V (corr.),NULL,DB-internal consistency (etype vs linked engine cc)
13907,Smart,ROADSTER Coupe (452),engine_type-pattern,0.7 (est.),EASTAR A6,DB-internal consistency (etype vs linked engine cc)
13919,Mercedes,SL (R231),engine_type-pattern,350 (corr.),NULL,DB-internal consistency (etype vs linked engine cc)
13920,Mercedes,SL (R231),engine_type-pattern,350 (corr.),NULL,DB-internal consistency (etype vs linked engine cc)
13923,Ssangyong,ACTYON SPORTS I (QJ),engine_type-pattern,2.0 Xdi (corr.),NULL,DB-internal consistency (etype vs linked engine cc)
13924,Renault,ESPACE IV (JK0/1_),engine_type-pattern,"1.9 dCi (JK0U, JK0G)",NULL,DB-internal consistency (etype vs linked engine cc)
13925,Renault,ESPACE IV (JK0/1_),engine_type-pattern,"1.9 dCi (JK0U, JK0G)",NULL,DB-internal consistency (etype vs linked engine cc)
13926,Renault,ESPACE IV (JK0/1_),engine_type-pattern,"1.9 dCi (JK0U, JK0G)",NULL,DB-internal consistency (etype vs linked engine cc)
13928,Honda,ACCORD VII (CL),engine_type-pattern,2.4 (corr.),2.4 16v i-VTEC,DB-internal consistency (etype vs linked engine cc)
13929,Honda,ACCORD VII (CL),engine_type-pattern,2.4 (corr.),NULL,DB-internal consistency (etype vs linked engine cc)
13935,Volvo,S60 I,engine_type-pattern,"R 2,5 T AWD",WINSTORM,DB-internal consistency (etype vs linked engine cc)
13941,Renault,"CLIO II (BB0/1/2_, CB0/1/2_)",engine_type-pattern,2.9 (est.),NULL,DB-internal consistency (etype vs linked engine cc)
13954,BMW,"7 (E65, E66, E67)",engine_type-pattern,"760 i,Li",NULL,DB-internal consistency (etype vs linked engine cc)
13966,Mazda,6 Station Wagon (GY),engine_type-pattern,2.3 (corr.),2.3,DB-internal consistency (etype vs linked engine cc)
14005,Renault,LAGUNA II (BG0/1_),engine_type-pattern,"2.0 16V (BG00, BG0K, BG0P, BG0W)",NULL,DB-internal consistency (etype vs linked engine cc)
14006,Renault,LAGUNA II (BG0/1_),engine_type-pattern,"2.0 16V (BG00, BG0K, BG0P, BG0W)",NULL,DB-internal consistency (etype vs linked engine cc)
14007,Renault,LAGUNA II (BG0/1_),engine_type-pattern,"2.0 16V (BG00, BG0K, BG0P, BG0W)",NULL,DB-internal consistency (etype vs linked engine cc)
14008,Renault,LAGUNA II (BG0/1_),engine_type-pattern,"2.0 16V (BG00, BG0K, BG0P, BG0W)",NULL,DB-internal consistency (etype vs linked engine cc)
14009,Renault,LAGUNA II (BG0/1_),engine_type-pattern,"2.0 16V Turbo (BG0S, BG0Z, BG1L, BG1M)",NULL,DB-internal consistency (etype vs linked engine cc)
14010,Renault,LAGUNA II (BG0/1_),engine_type-pattern,"2.0 16V Turbo (BG0S, BG0Z, BG1L, BG1M)",NULL,DB-internal consistency (etype vs linked engine cc)
14011,Renault,LAGUNA II (BG0/1_),engine_type-pattern,"2.0 16V Turbo (BG0S, BG0Z, BG1L, BG1M)",NULL,DB-internal consistency (etype vs linked engine cc)
14012,Renault,LAGUNA II (BG0/1_),engine_type-pattern,"2.0 16V Turbo (BG0S, BG0Z, BG1L, BG1M)",NULL,DB-internal consistency (etype vs linked engine cc)
14013,Renault,LAGUNA II Grandtour (KG0/1_),engine_type-pattern,"2.0 16V (KG00, KG0K, KG0W)",NULL,DB-internal consistency (etype vs linked engine cc)
14014,Renault,LAGUNA II Grandtour (KG0/1_),engine_type-pattern,"2.0 16V (KG00, KG0K, KG0W)",NULL,DB-internal consistency (etype vs linked engine cc)
14015,Renault,LAGUNA II Grandtour (KG0/1_),engine_type-pattern,"2.0 16V (KG00, KG0K, KG0W)",NULL,DB-internal consistency (etype vs linked engine cc)
14016,Renault,LAGUNA II Grandtour (KG0/1_),engine_type-pattern,"2.0 16V (KG00, KG0K, KG0W)",NULL,DB-internal consistency (etype vs linked engine cc)
14017,Renault,LAGUNA II Grandtour (KG0/1_),engine_type-pattern,"2.0 16V Turbo (KG0S, KG0Z, KG1L, KG1M)",NULL,DB-internal consistency (etype vs linked engine cc)
14018,Renault,LAGUNA II Grandtour (KG0/1_),engine_type-pattern,"2.0 16V Turbo (KG0S, KG0Z, KG1L, KG1M)",NULL,DB-internal consistency (etype vs linked engine cc)
14019,Renault,LAGUNA II Grandtour (KG0/1_),engine_type-pattern,"2.0 16V Turbo (KG0S, KG0Z, KG1L, KG1M)",NULL,DB-internal consistency (etype vs linked engine cc)
14020,Renault,LAGUNA II Grandtour (KG0/1_),engine_type-pattern,"2.0 16V Turbo (KG0S, KG0Z, KG1L, KG1M)",NULL,DB-internal consistency (etype vs linked engine cc)
14021,Mercedes,CLK Convertible (A209),engine_type-pattern,C 180 Kompressor (corr.),200 Kompressor (209.342),DB-internal consistency (etype vs linked engine cc)
14022,Mercedes,CLK Convertible (A209),engine_type-pattern,C 180 Kompressor (corr.),200 CGI  (209.343),DB-internal consistency (etype vs linked engine cc)
14023,Mercedes,CLK Convertible (A209),engine_type-pattern,2.6 (est.),C 240 (203.061),DB-internal consistency (etype vs linked engine cc)
14024,Mercedes,CLK Convertible (A209),engine_type-pattern,320 (corr.),320 (209.365),DB-internal consistency (etype vs linked engine cc)
14025,Mercedes,CLK Convertible (A209),engine_type-pattern,500 (corr.),500 (209.375),DB-internal consistency (etype vs linked engine cc)
14026,Mercedes,CLK Convertible (A209),engine_type-pattern,55 AMG (corr.),55 AMG (209.376),DB-internal consistency (etype vs linked engine cc)
14029,Subaru,"IMPREZA Saloon (GD, GG)",engine_type-pattern,2.0 WRX STi AWD (corr.),NULL,DB-internal consistency (etype vs linked engine cc)
14030,Subaru,"IMPREZA Estate (GD, GG)",engine_type-pattern,2.0 (corr.),NULL,DB-internal consistency (etype vs linked engine cc)
14035,Smart,CABRIO (450),engine_type-spoof,XIALI 2000 Saloon,NULL,DB-internal consistency (etype vs linked engine cc)
14053,Toyota,AVENSIS Saloon (T25),engine_type-spoof,1.8,1.6 16v,DB-internal consistency (etype vs linked engine cc)
14056,Toyota,AVENSIS Estate (T25),engine_type-spoof,1.8,1.6 16v,DB-internal consistency (etype vs linked engine cc)
14103,Jeep,CHEROKEE (KJ),engine_type-pattern,2.8 (est.),2.8 CRD,DB-internal consistency (etype vs linked engine cc)
14108,Honda,ACCORD VII Tourer (CM),engine_type-pattern,2.0 (corr.),QQ6,DB-internal consistency (etype vs linked engine cc)
14109,Honda,ACCORD VII Tourer (CM),engine_type-pattern,2.0 (corr.),2.0 16V,DB-internal consistency (etype vs linked engine cc)
14110,Honda,ACCORD VII Tourer (CM),engine_type-pattern,2.4 (corr.),2.4 16v i-VTEC,DB-internal consistency (etype vs linked engine cc)
14112,Hyundai,COUPE (GK),engine_type-pattern,2.0 (corr.),2.0,DB-internal consistency (etype vs linked engine cc)
14113,Renault,KANGOO Express (FC0/1_),engine_type-pattern,1.5 dCi (corr.),1.5 dCi,DB-internal consistency (etype vs linked engine cc)
14122,Mercedes,M-CLASS (W163),engine_type-pattern,3.7 (est.),ML 350 (163.157),DB-internal consistency (etype vs linked engine cc)
14152,BMW,5 (E60),engine_type-pattern,4.4 (est.),545i 4400 V8,DB-internal consistency (etype vs linked engine cc)
14153,BMW,5 (E60),engine_type-pattern,4.4 (est.),NULL,DB-internal consistency (etype vs linked engine cc)
14169,Kia,PREGIO Box (TB),engine_type-pattern,2.5 (est.),2.5 8v TC,DB-internal consistency (etype vs linked engine cc)
14171,Kia,SPORTAGE (K00),engine_type-pattern,2.0 i 16V 4WD (corr.),2.0 16V,DB-internal consistency (etype vs linked engine cc)
14178,Toyota,LAND CRUISER 100 (UZJ100),engine_type-pattern,4.7 (corr.),4.7,DB-internal consistency (etype vs linked engine cc)
14184,Audi,"A4 Convertible (8H7, B6, 8HE, B7)",engine_type-pattern,"1.0 i (SF310, AA44)",3.0,DB-internal consistency (etype vs linked engine cc)
14199,Toyota,AVENSIS (T25_),engine_type-spoof,1.8,1.6 16v,DB-internal consistency (etype vs linked engine cc)
14203,Mitsubishi,CARISMA (DA_),engine_type-spoof,TJ6341 XINFU MPV,1600,DB-internal consistency (etype vs linked engine cc)
14204,Mitsubishi,CARISMA Saloon (DA_),engine_type-spoof,TJ6341 XINFU MPV,1600,DB-internal consistency (etype vs linked engine cc)
14267,Mitsubishi,OUTLANDER I (CU_W),engine_type-pattern,2.4 (corr.),2.4,DB-internal consistency (etype vs linked engine cc)
14270,Mazda,RX 8 (SE17),engine_type-pattern,Turbo (corr.),1.3 MZR 16v,DB-internal consistency (etype vs linked engine cc)
14271,Mazda,RX 8 (SE17),engine_type-pattern,Turbo (corr.),1.3 MZR 16v,DB-internal consistency (etype vs linked engine cc)
14274,Mercedes,VIANO (W639),engine_type-pattern,"3,0",NULL,DB-internal consistency (etype vs linked engine cc)
14277,Mercedes,VIANO (W639),engine_type-pattern,C 220 CDI (corr.),CDI 2.2,DB-internal consistency (etype vs linked engine cc)
14287,Hyundai,TERRACAN (HP),engine_type-pattern,2.9 (est.),2.9 16v CRDi 2WD,DB-internal consistency (etype vs linked engine cc)
14297,Renault,SCÉNIC II (JM0/1_),engine_type-pattern,Repair clutch master cylinder *,2.0 16V,DB-internal consistency (etype vs linked engine cc)
14298,Renault,SCÉNIC II (JM0/1_),engine_type-pattern,Repair clutch master cylinder *,NULL,DB-internal consistency (etype vs linked engine cc)
14299,Renault,SCÉNIC II (JM0/1_),engine_type-pattern,1.5 dCi (corr.),NULL,DB-internal consistency (etype vs linked engine cc)
14300,Renault,SCÉNIC II (JM0/1_),engine_type-pattern,1.6 (corr.),NULL,DB-internal consistency (etype vs linked engine cc)
14301,Renault,SCÉNIC II (JM0/1_),engine_type-pattern,1.6 (corr.),NULL,DB-internal consistency (etype vs linked engine cc)
14302,Renault,SCÉNIC II (JM0/1_),engine_type-pattern,1.4 (corr.),NULL,DB-internal consistency (etype vs linked engine cc)
14303,Renault,SCÉNIC II (JM0/1_),engine_type-pattern,1.4 (corr.),NULL,DB-internal consistency (etype vs linked engine cc)
14304,Renault,SCÉNIC II (JM0/1_),engine_type-pattern,1.4 (corr.),NULL,DB-internal consistency (etype vs linked engine cc)
14309,Mini,MINI Coupe (R58),engine_type-spoof,1.6 Trekking,2.0 Diesel,DB-internal consistency (etype vs linked engine cc)
14322,Daihatsu,COPEN,engine_type-pattern,0.7 (corr.),NULL,DB-internal consistency (etype vs linked engine cc)
14323,Daihatsu,COPEN,engine_type-pattern,0.7 (corr.),NULL,DB-internal consistency (etype vs linked engine cc)
14324,Mercedes,S-CLASS (W220),engine_type-pattern,"S 350 4-matic (220.087, 220.187)",NULL,DB-internal consistency (etype vs linked engine cc)
14360,Renault,KANGOO Express (FC0/1_),engine_type-pattern,"1.5 dCi (FC08, FC09)",1.5 dCi (B/CB08),DB-internal consistency (etype vs linked engine cc)
14361,Renault,KANGOO Express (FC0/1_),engine_type-pattern,"1.5 dCi (FC08, FC09)",1.5 dCi,DB-internal consistency (etype vs linked engine cc)
14379,Mercedes,S-CLASS (W220),engine_type-pattern,"S 400 CDI (220.028, 220.128)",NULL,DB-internal consistency (etype vs linked engine cc)
14395,Peugeot,PARTNER Box (5),engine_type-pattern,1.4 (corr.),1.4 8v,DB-internal consistency (etype vs linked engine cc)
14434,Mini,MINI Roadster (R59),engine_type-spoof,1.6 Trekking,2.0 Diesel,DB-internal consistency (etype vs linked engine cc)
14469,Subaru,"LEGACY IV Estate (BL, BP, B13_)",engine_type-pattern,2.0 (corr.),2.0 16v,DB-internal consistency (etype vs linked engine cc)
14472,Subaru,"LEGACY IV (BL, BP)",engine_type-pattern,3 (est.),3.0 H6,DB-internal consistency (etype vs linked engine cc)
14473,Subaru,"LEGACY IV Estate (BL, BP, B13_)",engine_type-pattern,3 (est.),3.0 H6,DB-internal consistency (etype vs linked engine cc)
14480,Citroen,BERLINGO Box (M_),engine_type-pattern,"200 (44, 44Q)",1.4 8v,DB-internal consistency (etype vs linked engine cc)
14502,Suzuki,IGNIS II,engine_type-pattern,1.5 (corr.),1.5 VVT,DB-internal consistency (etype vs linked engine cc)
14535,Renault,MEGANE II Saloon (LM0/1_),engine_type-pattern,1.9 dCi (corr.),NULL,DB-internal consistency (etype vs linked engine cc)
14536,Renault,MEGANE II Saloon (LM0/1_),engine_type-pattern,1.9 dCi (corr.),2.2 TDCi,DB-internal consistency (etype vs linked engine cc)
14546,Jeep,CHEROKEE (KJ),engine_type-pattern,3.7 (est.),NULL,DB-internal consistency (etype vs linked engine cc)
14552,Volkswagen,POLO Saloon (9A4),engine_type-spoof,1.4 TDI,1.7 CDTI,DB-internal consistency (etype vs linked engine cc)
14562,Smart,FORFOUR (454),engine_type-pattern,1.5 (est.),NULL,DB-internal consistency (etype vs linked engine cc)
14564,Mitsubishi,"LANCER Saloon (CS_A, CT0)",engine_type-pattern,1.6 (est.),1.6 16v,DB-internal consistency (etype vs linked engine cc)
14567,Mitsubishi,PAJERO SPORT (K90),engine_type-pattern,2.5 TD (corr.),NULL,DB-internal consistency (etype vs linked engine cc)
14599,BMW,5 Touring (E61),engine_type-pattern,4.4 (est.),545i 4400 V8,DB-internal consistency (etype vs linked engine cc)
14600,BMW,5 Touring (E61),engine_type-pattern,4.4 (est.),NULL,DB-internal consistency (etype vs linked engine cc)
14601,BMW,5 Touring (E61),engine_type-pattern,4.4 (est.),NULL,DB-internal consistency (etype vs linked engine cc)
14653,BMW,X3 (E83),engine_type-pattern,at Spring Eye (corr.),3.0 i,DB-internal consistency (etype vs linked engine cc)
14656,BMW,6 (E63),engine_type-pattern,4.4 (est.),545i 4400 V8,DB-internal consistency (etype vs linked engine cc)
14657,BMW,6 (E63),engine_type-pattern,4.4 (est.),NULL,DB-internal consistency (etype vs linked engine cc)
14658,BMW,6 Convertible (E64),engine_type-pattern,4.4 (est.),545i 4400 V8,DB-internal consistency (etype vs linked engine cc)
14659,BMW,6 Convertible (E64),engine_type-pattern,4.4 (est.),NULL,DB-internal consistency (etype vs linked engine cc)
14779,BMW,1 (E81),engine_type-pattern,316 i (corr.),NULL,DB-internal consistency (etype vs linked engine cc)
14780,BMW,1 (E81),engine_type-pattern,316 i (corr.),NULL,DB-internal consistency (etype vs linked engine cc)
14781,BMW,1 (E81),engine_type-pattern,320 d (corr.),NULL,DB-internal consistency (etype vs linked engine cc)
14782,BMW,1 (E81),engine_type-pattern,320 d (corr.),116d 2000 D,DB-internal consistency (etype vs linked engine cc)
14783,BMW,1 (E81),engine_type-pattern,320 d (corr.),320 td,DB-internal consistency (etype vs linked engine cc)
14816,Mercedes,CLS (C219),engine_type-pattern,350 (corr.),NULL,DB-internal consistency (etype vs linked engine cc)
14817,Mercedes,CLS (C219),engine_type-pattern,500 (corr.),E 500 (211.070),DB-internal consistency (etype vs linked engine cc)
14854,Peugeot,307 SW (3H),engine_type-pattern,1.6 HDi (corr.),1.6 HDI,DB-internal consistency (etype vs linked engine cc)
14855,Peugeot,307 SW (3H),engine_type-pattern,1.6 HDi (corr.),1.6 HDI,DB-internal consistency (etype vs linked engine cc)
14861,Renault,MASTER II Platform/Chassis (ED/HD/UD),engine_type-pattern,"3.0 dCi 140 (ED0S, UD0S)",3.0 DTI,DB-internal consistency (etype vs linked engine cc)
14862,Renault,MASTER II Platform/Chassis (ED/HD/UD),engine_type-pattern,"2.5 dCi 100 (ED4V, ED8V)",2.5 DTI,DB-internal consistency (etype vs linked engine cc)
14864,Renault,MASTER II Box (FD),engine_type-pattern,"3.0 dCi 140 (HD0S, FD0S, HD1S)",3.0 DTI,DB-internal consistency (etype vs linked engine cc)
14868,Renault,SCÉNIC II (JM0/1_),engine_type-pattern,1.5 dCi (corr.),1.5 dCi,DB-internal consistency (etype vs linked engine cc)
14869,Renault,SCÉNIC II (JM0/1_),engine_type-pattern,1.5 dCi (corr.),1.5 dCi,DB-internal consistency (etype vs linked engine cc)
14870,Saab,9-3 Convertible (YS3F),engine_type-pattern,2.0 t (corr.),2.0 16v Turbo,DB-internal consistency (etype vs linked engine cc)
14896,Hyundai,TERRACAN (HP),engine_type-pattern,2.9 (est.),2.9 16v CRDi 2WD,DB-internal consistency (etype vs linked engine cc)
14898,Audi,"A6 Avant (4B5, C5)",engine_type-pattern,FUTURA (corr.),4.2 V8 BiTurbo Plus,DB-internal consistency (etype vs linked engine cc)
14905,Toyota,"COROLLA Verso (ZER_, ZZE12_, R1_)",engine_type-spoof,1.8,1.6 16v,DB-internal consistency (etype vs linked engine cc)
14917,Renault,GRAND SCÉNIC II (JM0/1_),engine_type-pattern,1.5 dCi (corr.),1.5 dCi,DB-internal consistency (etype vs linked engine cc)
14918,Renault,GRAND SCÉNIC II (JM0/1_),engine_type-pattern,1.5 dCi (corr.),1.5 dCi,DB-internal consistency (etype vs linked engine cc)
14924,Piaggio,M500,engine_type-pattern,0.5 (est.),500,DB-internal consistency (etype vs linked engine cc)
14973,BMW,"7 (E65, E66, E67)",engine_type-pattern,"730 i,Li",3.0 i,DB-internal consistency (etype vs linked engine cc)
14987,Mazda,TRIBUTE (EP),engine_type-pattern,2.3 (corr.),2.3 MPS Turbo,DB-internal consistency (etype vs linked engine cc)
14990,Mercedes,G-CLASS (W463),engine_type-pattern,55 AMG (corr.),NULL,DB-internal consistency (etype vs linked engine cc)
15095,Hyundai,TUCSON (JM),engine_type-pattern,2.7 V6 (corr.),2.7,DB-internal consistency (etype vs linked engine cc)
15098,Renault,LAGUNA II Grandtour (KG0/1_),engine_type-pattern,1.9 dCi (corr.),NULL,DB-internal consistency (etype vs linked engine cc)
15099,Renault,LAGUNA II (BG0/1_),engine_type-pattern,1.9 dCi (corr.),NULL,DB-internal consistency (etype vs linked engine cc)
15144,Lancia,MUSA (350),engine_type-pattern,1.9 JTD (corr.),1.9 8v Jtd,DB-internal consistency (etype vs linked engine cc)
15152,Mercedes,A-CLASS (W169),engine_type-pattern,"A 170 (169.032, 169.332)",NULL,DB-internal consistency (etype vs linked engine cc)
15153,Mercedes,A-CLASS (W169),engine_type-pattern,"A 150 (169.031, 169.331)",NULL,DB-internal consistency (etype vs linked engine cc)
15154,Mercedes,A-CLASS (W169),engine_type-pattern,"A 200 (169.033, 169.333)",NULL,DB-internal consistency (etype vs linked engine cc)
15155,Mercedes,A-CLASS (W169),engine_type-pattern,"A 160 CDI (169.006, 169.306)",NULL,DB-internal consistency (etype vs linked engine cc)
15156,Mercedes,A-CLASS (W169),engine_type-pattern,"A 180 CDI (169.007, 169.307)",NULL,DB-internal consistency (etype vs linked engine cc)
15157,Mercedes,A-CLASS (W169),engine_type-pattern,"A 200 CDI (169.008, 169.308)",2.0 Diesel,DB-internal consistency (etype vs linked engine cc)
15211,BMW,5 (E60),engine_type-pattern,530 d (corr.),NULL,DB-internal consistency (etype vs linked engine cc)
15212,BMW,5 Touring (E61),engine_type-pattern,530 d (corr.),NULL,DB-internal consistency (etype vs linked engine cc)
15213,Renault,MODUS / GRAND MODUS (F/JP0_),engine_type-pattern,1.2 16V (corr.),NULL,DB-internal consistency (etype vs linked engine cc)
15214,Renault,MODUS / GRAND MODUS (F/JP0_),engine_type-pattern,1.2 16V (corr.),NULL,DB-internal consistency (etype vs linked engine cc)
15215,Renault,MODUS / GRAND MODUS (F/JP0_),engine_type-pattern,Repair fuel distributor/rail *,NULL,DB-internal consistency (etype vs linked engine cc)
15216,Renault,MODUS / GRAND MODUS (F/JP0_),engine_type-pattern,Repair fuel distributor/rail,NULL,DB-internal consistency (etype vs linked engine cc)
15217,Renault,MODUS / GRAND MODUS (F/JP0_),engine_type-pattern,Repair fuel distributor/rail,NULL,DB-internal consistency (etype vs linked engine cc)
15218,Renault,MODUS / GRAND MODUS (F/JP0_),engine_type-pattern,Repair fuel distributor/rail,NULL,DB-internal consistency (etype vs linked engine cc)
15219,Renault,MODUS / GRAND MODUS (F/JP0_),engine_type-pattern,Repair fuel distributor/rail,NULL,DB-internal consistency (etype vs linked engine cc)
15220,Renault,MODUS / GRAND MODUS (F/JP0_),engine_type-pattern,1.5 dCi (corr.),NULL,DB-internal consistency (etype vs linked engine cc)
15221,Renault,MODUS / GRAND MODUS (F/JP0_),engine_type-pattern,1.5 dCi (corr.),NULL,DB-internal consistency (etype vs linked engine cc)
15222,Renault,MODUS / GRAND MODUS (F/JP0_),engine_type-pattern,1.5 dCi (corr.),NULL,DB-internal consistency (etype vs linked engine cc)
15223,Renault,MODUS / GRAND MODUS (F/JP0_),engine_type-pattern,1.5 dCi (corr.),NULL,DB-internal consistency (etype vs linked engine cc)
15237,BMW,6 (E63),engine_type-pattern,330 i (corr.),NULL,DB-internal consistency (etype vs linked engine cc)
15238,BMW,6 Convertible (E64),engine_type-pattern,330 i (corr.),NULL,DB-internal consistency (etype vs linked engine cc)
15264,Tata,SAFARI (42_FD),engine_type-pattern,2.1 (est.),NULL,DB-internal consistency (etype vs linked engine cc)
15265,Renault,VEL SATIS (BJ0_),engine_type-pattern,2.2 dCi (corr.),2.2 dCi (BG0F),DB-internal consistency (etype vs linked engine cc)
15266,Renault,VEL SATIS (BJ0_),engine_type-pattern,2.2 dCi (corr.),NULL,DB-internal consistency (etype vs linked engine cc)
15267,Renault,VEL SATIS (BJ0_),engine_type-pattern,2.2 dCi (corr.),2.2 dCi (BG0F),DB-internal consistency (etype vs linked engine cc)
15268,Renault,VEL SATIS (BJ0_),engine_type-pattern,2.2 dCi (corr.),NULL,DB-internal consistency (etype vs linked engine cc)
15269,Renault,VEL SATIS (BJ0_),engine_type-pattern,2.2 dCi (corr.),NULL,DB-internal consistency (etype vs linked engine cc)
15363,Audi,"A6 (4F2, C6)",engine_type-pattern,2.4 (corr.),2.4,DB-internal consistency (etype vs linked engine cc)
15364,Audi,"A6 (4F2, C6)",engine_type-pattern,2.4 (corr.),2.4,DB-internal consistency (etype vs linked engine cc)
15401,Citroen,C5 II (RC_),engine_type-pattern,"2.0 16V (RCRFJB, RCRFJC)",2.0 16v,DB-internal consistency (etype vs linked engine cc)
15410,Citroen,C5 II Break (RE_),engine_type-pattern,"2.0 16V (RERFJB, RERFJC)",2.0 16v,DB-internal consistency (etype vs linked engine cc)
15426,Nissan,MICRA III (K12),engine_type-pattern,1 (est.),1.0 i 16V,DB-internal consistency (etype vs linked engine cc)
15427,Mitsubishi,PAJERO SPORT (K90),engine_type-pattern,3.0 (corr.),NULL,DB-internal consistency (etype vs linked engine cc)
15428,Mitsubishi,PAJERO SPORT (K90),engine_type-pattern,3.0 (corr.),3.0 Petrol,DB-internal consistency (etype vs linked engine cc)
15527,Kia,SOUL (AM),engine_type-spoof,1.4 Mirafiori,1.6 16v GDI,DB-internal consistency (etype vs linked engine cc)
15532,BMW,1 (E81),engine_type-pattern,330 i (corr.),NULL,DB-internal consistency (etype vs linked engine cc)
15533,BMW,1 (E81),engine_type-pattern,330 i (corr.),NULL,DB-internal consistency (etype vs linked engine cc)
15534,BMW,1 (E81),engine_type-pattern,330 i (corr.),NULL,DB-internal consistency (etype vs linked engine cc)
15537,BMW,Z4 (E85),engine_type-spoof,2.0 i,NULL,DB-internal consistency (etype vs linked engine cc)
15551,Mitsubishi,"COLT VI (Z3_A, Z2_A)",engine_type-pattern,1.5 (corr.),1.5 16v Ralliart,DB-internal consistency (etype vs linked engine cc)
15558,Renault,LAGUNA II (BG0/1_),engine_type-pattern,1.9 dCi (corr.),NULL,DB-internal consistency (etype vs linked engine cc)
15559,Renault,LAGUNA II (BG0/1_),engine_type-pattern,1.9 dCi (corr.),NULL,DB-internal consistency (etype vs linked engine cc)
15560,Renault,LAGUNA II (BG0/1_),engine_type-pattern,1.9 dCi (corr.),C 220 CDI (203.006),DB-internal consistency (etype vs linked engine cc)
15566,Renault,LAGUNA II Grandtour (KG0/1_),engine_type-pattern,1.9 dCi (corr.),NULL,DB-internal consistency (etype vs linked engine cc)
15567,Renault,LAGUNA II Grandtour (KG0/1_),engine_type-pattern,1.9 dCi (corr.),NULL,DB-internal consistency (etype vs linked engine cc)
15599,Renault,VEL SATIS (BJ0_),engine_type-pattern,2.2 dCi (corr.),NULL,DB-internal consistency (etype vs linked engine cc)
15604,Mitsubishi,OUTLANDER I (CU_W),engine_type-pattern,5 SERIES (corr.),NULL,DB-internal consistency (etype vs linked engine cc)
15606,Renault,KANGOO Express (FC0/1_),engine_type-pattern,1.9 dCi 4x4 (corr.),1.9 dCi 4x4 (KC0V),DB-internal consistency (etype vs linked engine cc)
15607,Renault,KANGOO Express (FC0/1_),engine_type-pattern,1.9 dCi 4x4 (corr.),1.9 dCi 4x4 (KC0V),DB-internal consistency (etype vs linked engine cc)
15629,Renault,MODUS / GRAND MODUS (F/JP0_),engine_type-pattern,"1.5 dCi (JP0G, JP0H)",NULL,DB-internal consistency (etype vs linked engine cc)
15630,Renault,LAGUNA II (BG0/1_),engine_type-pattern,1.9 dCi (corr.),NULL,DB-internal consistency (etype vs linked engine cc)
15631,Renault,LAGUNA II (BG0/1_),engine_type-pattern,1.9 dCi (corr.),NULL,DB-internal consistency (etype vs linked engine cc)
15639,Renault,LAGUNA II Grandtour (KG0/1_),engine_type-pattern,1.9 dCi (corr.),NULL,DB-internal consistency (etype vs linked engine cc)
15640,Renault,LAGUNA II Grandtour (KG0/1_),engine_type-pattern,1.9 dCi (corr.),NULL,DB-internal consistency (etype vs linked engine cc)
15664,Renault,ESPACE IV (JK0/1_),engine_type-pattern,Repair clutch master cylinder,NULL,DB-internal consistency (etype vs linked engine cc)
15665,Renault,ESPACE IV (JK0/1_),engine_type-pattern,Repair clutch master cylinder,NULL,DB-internal consistency (etype vs linked engine cc)
15666,Renault,ESPACE IV (JK0/1_),engine_type-pattern,Repair clutch master cylinder,NULL,DB-internal consistency (etype vs linked engine cc)
15667,Renault,ESPACE IV (JK0/1_),engine_type-pattern,Repair clutch master cylinder,NULL,DB-internal consistency (etype vs linked engine cc)
15668,Renault,MODUS / GRAND MODUS (F/JP0_),engine_type-pattern,1.2 16V (corr.),NULL,DB-internal consistency (etype vs linked engine cc)
15669,Renault,LAGUNA II (BG0/1_),engine_type-pattern,1.6 (corr.),NULL,DB-internal consistency (etype vs linked engine cc)
15673,Toyota,"LAND CRUISER (KDJ12_, GRJ12_)",engine_type-pattern,3.0 D (corr.),3.0 D-4D,DB-internal consistency (etype vs linked engine cc)
15694,Mercedes,E-CLASS T-Model (S211),engine_type-pattern,C 320 CDI (corr.),E 280 CDI 4-matic,DB-internal consistency (etype vs linked engine cc)
15695,Mercedes,CLK Convertible (A209),engine_type-pattern,350 (corr.),C 350 (203.756),DB-internal consistency (etype vs linked engine cc)
15696,Mercedes,CLK Convertible (A209),engine_type-pattern,300 SL (corr.),NULL,DB-internal consistency (etype vs linked engine cc)
15739,Mitsubishi,OUTLANDER I (CU_W),engine_type-pattern,2.4 (corr.),2.4 GDI,DB-internal consistency (etype vs linked engine cc)
15740,Mitsubishi,OUTLANDER I (CU_W),engine_type-pattern,2.4 (corr.),2.4,DB-internal consistency (etype vs linked engine cc)
15741,Mitsubishi,OUTLANDER I (CU_W),engine_type-pattern,2.4 (corr.),2.4,DB-internal consistency (etype vs linked engine cc)
15799,Renault,SCÉNIC II (JM0/1_),engine_type-pattern,1.5 dCi (corr.),NULL,DB-internal consistency (etype vs linked engine cc)
15800,Renault,SCÉNIC II (JM0/1_),engine_type-pattern,1.5 dCi (corr.),NULL,DB-internal consistency (etype vs linked engine cc)
15801,Renault,SCÉNIC II (JM0/1_),engine_type-pattern,1.5 dCi (corr.),NULL,DB-internal consistency (etype vs linked engine cc)
15802,Renault,SCÉNIC II (JM0/1_),engine_type-pattern,1.5 dCi (corr.),NULL,DB-internal consistency (etype vs linked engine cc)
15803,Renault,SCÉNIC II (JM0/1_),engine_type-pattern,1.9 dCi (corr.),NULL,DB-internal consistency (etype vs linked engine cc)
15804,Renault,SCÉNIC II (JM0/1_),engine_type-pattern,1.9 dCi (corr.),NULL,DB-internal consistency (etype vs linked engine cc)
15805,Renault,SCÉNIC II (JM0/1_),engine_type-pattern,1.9 dCi (corr.),NULL,DB-internal consistency (etype vs linked engine cc)
15806,Renault,SCÉNIC II (JM0/1_),engine_type-pattern,1.9 dCi (corr.),1.9 dCi,DB-internal consistency (etype vs linked engine cc)
15813,Renault,MEGANE II Estate (KM0/1_),engine_type-spoof,1.2 S (KP62),NULL,DB-internal consistency (etype vs linked engine cc)
15814,Renault,MEGANE II Estate (KM0/1_),engine_type-spoof,1.2 S (KP62),NULL,DB-internal consistency (etype vs linked engine cc)
15815,Renault,MEGANE II Estate (KM0/1_),engine_type-spoof,1.2 S (KP62),NULL,DB-internal consistency (etype vs linked engine cc)
15823,Jeep,CHEROKEE (KJ),engine_type-pattern,2.8 (est.),2.8 CRD,DB-internal consistency (etype vs linked engine cc)
15835,Jeep,"GRAND CHEROKEE III (WH, WK)",engine_type-pattern,3.7 (est.),NULL,DB-internal consistency (etype vs linked engine cc)
15837,Jeep,"GRAND CHEROKEE III (WH, WK)",engine_type-pattern,5.7 (est.),5.7,DB-internal consistency (etype vs linked engine cc)
15838,Jeep,"GRAND CHEROKEE III (WH, WK)",engine_type-pattern,3 (est.),3.0 V6 EcoDiesel (VM A630),DB-internal consistency (etype vs linked engine cc)
15841,Infiniti,FX,engine_type-pattern,35 (corr.),3.5 V6,DB-internal consistency (etype vs linked engine cc)
15842,Infiniti,FX,engine_type-pattern,4.5 (corr.),NULL,DB-internal consistency (etype vs linked engine cc)
15858,Vauxhall,BRAVA Pickup,engine_type-pattern,2.5 D (corr.),2.5 TD,DB-internal consistency (etype vs linked engine cc)
15859,Citroen,BERLINGO Box (M_),engine_type-pattern,2.0 HDi (corr.),2.0 HDI,DB-internal consistency (etype vs linked engine cc)
15893,Jaguar,"XJ (X350, X358)",engine_type-pattern,2.7 (est.),2.7 D,DB-internal consistency (etype vs linked engine cc)
15967,Mercedes,S-CLASS (W221),engine_type-pattern,"S 350 (221.056, 221.156)",NULL,DB-internal consistency (etype vs linked engine cc)
15968,Mercedes,S-CLASS (W221),engine_type-pattern,"S 500 (221.071, 221.171)",NULL,DB-internal consistency (etype vs linked engine cc)
15969,Mercedes,CLS (C219),engine_type-pattern,C 320 CDI (corr.),320 CDI (209.320),DB-internal consistency (etype vs linked engine cc)
15970,Mercedes,CLS (C219),engine_type-pattern,C 320 CDI (corr.),E 280 CDI (211.020),DB-internal consistency (etype vs linked engine cc)
15997,Dacia,LOGAN (LS_),engine_type-pattern,1.5 dCi (corr.),NULL,DB-internal consistency (etype vs linked engine cc)
16000,BMW,"7 (E65, E66, E67)",engine_type-pattern,"740 i,Li",NULL,DB-internal consistency (etype vs linked engine cc)
16001,BMW,"7 (E65, E66, E67)",engine_type-pattern,"750 i,Li",4.8,DB-internal consistency (etype vs linked engine cc)
16014,BMW,6 Convertible (E64),engine_type-pattern,Dismantle/assemble gear selector bearing/mounting body (removed),4.8,DB-internal consistency (etype vs linked engine cc)
16016,BMW,6 (E63),engine_type-pattern,Dismantle/assemble gear selector bearing/mounting body (removed),4.8,DB-internal consistency (etype vs linked engine cc)
16036,BMW,5 (E60),engine_type-pattern,4.8 (est.),4.8 is,DB-internal consistency (etype vs linked engine cc)
16037,BMW,5 (E60),engine_type-pattern,4.8 (est.),4.8,DB-internal consistency (etype vs linked engine cc)
16038,BMW,5 Touring (E61),engine_type-pattern,4.8 (est.),4.8 is,DB-internal consistency (etype vs linked engine cc)
16039,BMW,5 Touring (E61),engine_type-pattern,4.8 (est.),4.8,DB-internal consistency (etype vs linked engine cc)
16057,BMW,X3 (E83),engine_type-spoof,2.0 i,NULL,DB-internal consistency (etype vs linked engine cc)
16060,Renault,SCÉNIC II (JM0/1_),engine_type-pattern,1.9 dCi (corr.),NULL,DB-internal consistency (etype vs linked engine cc)
16061,Renault,SCÉNIC II (JM0/1_),engine_type-pattern,1.9 dCi (corr.),NULL,DB-internal consistency (etype vs linked engine cc)
16062,Renault,SCÉNIC II (JM0/1_),engine_type-pattern,1.9 dCi (corr.),1.9 dCi,DB-internal consistency (etype vs linked engine cc)
16064,Renault,GRAND SCÉNIC II (JM0/1_),engine_type-pattern,1.9 dCi (corr.),NULL,DB-internal consistency (etype vs linked engine cc)
16065,Renault,GRAND SCÉNIC II (JM0/1_),engine_type-pattern,1.9 dCi (corr.),NULL,DB-internal consistency (etype vs linked engine cc)
16066,Renault,GRAND SCÉNIC II (JM0/1_),engine_type-pattern,1.9 dCi (corr.),NULL,DB-internal consistency (etype vs linked engine cc)
16067,Renault,GRAND SCÉNIC II (JM0/1_),engine_type-pattern,1.9 dCi (corr.),NULL,DB-internal consistency (etype vs linked engine cc)
16068,Renault,GRAND SCÉNIC II (JM0/1_),engine_type-pattern,1.9 dCi (corr.),1.9 dCi,DB-internal consistency (etype vs linked engine cc)
16071,Renault,MEGANE II Saloon (LM0/1_),engine_type-pattern,1.9 dCi (corr.),NULL,DB-internal consistency (etype vs linked engine cc)
16072,Renault,MEGANE II Saloon (LM0/1_),engine_type-pattern,1.9 dCi (corr.),1.9 dCi,DB-internal consistency (etype vs linked engine cc)
16073,Renault,MEGANE II Saloon (LM0/1_),engine_type-pattern,1.9 dCi (corr.),NULL,DB-internal consistency (etype vs linked engine cc)
16074,Renault,MEGANE II Saloon (LM0/1_),engine_type-pattern,1.9 dCi (corr.),1.9 dCi,DB-internal consistency (etype vs linked engine cc)
16077,Renault,LAGUNA II (BG0/1_),engine_type-pattern,2.0 dCi (corr.),NULL,DB-internal consistency (etype vs linked engine cc)
16078,Renault,LAGUNA II (BG0/1_),engine_type-pattern,2.0 dCi (corr.),NULL,DB-internal consistency (etype vs linked engine cc)
16079,Renault,LAGUNA II Grandtour (KG0/1_),engine_type-pattern,2.0 dCi (corr.),NULL,DB-internal consistency (etype vs linked engine cc)
16080,Renault,"CLIO III (BR0/1, CR0/1)",engine_type-pattern,1.2 16V (corr.),NULL,DB-internal consistency (etype vs linked engine cc)
16082,Renault,"CLIO III (BR0/1, CR0/1)",engine_type-pattern,1.2 16V (corr.),NULL,DB-internal consistency (etype vs linked engine cc)
16083,Renault,"CLIO III (BR0/1, CR0/1)",engine_type-pattern,1.6 (corr.),NULL,DB-internal consistency (etype vs linked engine cc)
16084,Renault,"CLIO III (BR0/1, CR0/1)",engine_type-pattern,1.6 (corr.),NULL,DB-internal consistency (etype vs linked engine cc)
16085,Renault,"CLIO III (BR0/1, CR0/1)",engine_type-pattern,1.6 (corr.),NULL,DB-internal consistency (etype vs linked engine cc)
16089,Renault,"CLIO III (BR0/1, CR0/1)",engine_type-spoof,1.8 D (CE80),NULL,DB-internal consistency (etype vs linked engine cc)
16090,Renault,"CLIO III (BR0/1, CR0/1)",engine_type-pattern,1.5 dCi (corr.),NULL,DB-internal consistency (etype vs linked engine cc)
16091,Mercedes,"R-CLASS (W251, V251)",engine_type-pattern,350 (corr.),ML 350 4-matic (164.186),DB-internal consistency (etype vs linked engine cc)
16092,Mercedes,"R-CLASS (W251, V251)",engine_type-pattern,"R 500 4-matic (251.075, 251.175)",NULL,DB-internal consistency (etype vs linked engine cc)
16093,Mercedes,"R-CLASS (W251, V251)",engine_type-pattern,C 320 CDI (corr.),NULL,DB-internal consistency (etype vs linked engine cc)
16106,Lexus,"IS II (GSE2_, ALE2_, USE2_)",engine_type-pattern,2.2 (est.),IS220d 2.2 16v D-CAT,DB-internal consistency (etype vs linked engine cc)
16153,BMW,5 (E60),engine_type-pattern,530 d (corr.),NULL,DB-internal consistency (etype vs linked engine cc)
16176,Vauxhall,ASTRA Mk V (H) Estate,engine_type-spoof,1.8 i Syncro CAT,1.3 16v CDTI,DB-internal consistency (etype vs linked engine cc)
16198,Subaru,"IMPREZA Saloon (GD, GG)",engine_type-pattern,2.0 WRX STi AWD (corr.),NULL,DB-internal consistency (etype vs linked engine cc)
16199,Subaru,"IMPREZA Saloon (GD, GG)",engine_type-pattern,WINSTORM (corr.),2.5 Turbo WRX,DB-internal consistency (etype vs linked engine cc)
16200,Subaru,"IMPREZA Saloon (GD, GG)",engine_type-pattern,WINSTORM (corr.),2.5 Turbo WRX Sti,DB-internal consistency (etype vs linked engine cc)
16201,Subaru,"IMPREZA Estate (GD, GG)",engine_type-pattern,2.0 (corr.),2.0 16v,DB-internal consistency (etype vs linked engine cc)
16202,Subaru,"IMPREZA Estate (GD, GG)",engine_type-pattern,2.0 (corr.),NULL,DB-internal consistency (etype vs linked engine cc)
16203,Subaru,"IMPREZA Estate (GD, GG)",engine_type-pattern,WINSTORM (corr.),2.5 Turbo WRX,DB-internal consistency (etype vs linked engine cc)
16223,Renault,CLIO II Box (SB0/1/2_),engine_type-pattern,"2.5 TD (L044G, L049G)",1.5 dCi,DB-internal consistency (etype vs linked engine cc)
16224,Renault,CLIO II Box (SB0/1/2_),engine_type-pattern,"2.5 TD (L044G, L049G)",1.5 dCi,DB-internal consistency (etype vs linked engine cc)
16236,Jeep,COMMANDER (XK),engine_type-pattern,3.7 (est.),NULL,DB-internal consistency (etype vs linked engine cc)
16238,Jeep,COMMANDER (XK),engine_type-pattern,5.7 (est.),5.7,DB-internal consistency (etype vs linked engine cc)
16242,Suzuki,GRAND VITARA II (JT),engine_type-pattern,1.6 (corr.),1.6,DB-internal consistency (etype vs linked engine cc)
16250,Isuzu,Ascender,engine_type-pattern,4.2 (est.),PS10/ANIBAL,DB-internal consistency (etype vs linked engine cc)
16252,Isuzu,Ascender,engine_type-pattern,5.3 (est.),NULL,DB-internal consistency (etype vs linked engine cc)
16253,Suzuki,"SWIFT III (MZ, EZ)",engine_type-pattern,1.3 (corr.),1.3,DB-internal consistency (etype vs linked engine cc)
16255,Lexus,"RX (MHU3_, GSU3_, MCU3_)",engine_type-pattern,"Ball Joint, axle strut",NULL,DB-internal consistency (etype vs linked engine cc)
16266,Renault,KANGOO Express (FC0/1_),engine_type-pattern,1.5 dCi (corr.),1.5 dCi,DB-internal consistency (etype vs linked engine cc)
16301,Toyota,"AYGO (WNB1_, KGB1_)",engine_type-pattern,Repair front left seat cover * (10-20 mm),1.4 D-4D,DB-internal consistency (etype vs linked engine cc)
16302,Mazda,6 (GG),engine_type-pattern,2.3 (corr.),NULL,DB-internal consistency (etype vs linked engine cc)
16359,Toyota,"RAV 4 III (ACA3_, ACE_, ALA3_, GSA3_, ZSA3_)",engine_type-pattern,2.2 D-4D (corr.),2.2 16v D-4D,DB-internal consistency (etype vs linked engine cc)
16360,Toyota,"RAV 4 III (ACA3_, ACE_, ALA3_, GSA3_, ZSA3_)",engine_type-pattern,2.2 D-4D (corr.),IS220d 2.2 16v D-CAT,DB-internal consistency (etype vs linked engine cc)
16367,Mini,MINI Convertible (R52),engine_type-pattern,Cooper S (corr.),Cooper S,DB-internal consistency (etype vs linked engine cc)
16383,BMW,"7 (E65, E66, E67)",engine_type-pattern,"730 i,Li",NULL,DB-internal consistency (etype vs linked engine cc)
16410,Lexus,"GS (GRS19_, UZS19_, GWS19_)",engine_type-pattern,3.5 (est.),GS350 3.5 V6 VVT-i,DB-internal consistency (etype vs linked engine cc)
16411,Lexus,"RX (MHU3_, GSU3_, MCU3_)",engine_type-pattern,350 (corr.),RX350 3.5 V6 VVT-i,DB-internal consistency (etype vs linked engine cc)
16417,Mercedes,GL-CLASS (X164),engine_type-pattern,4.7 (est.),NULL,DB-internal consistency (etype vs linked engine cc)
16418,Mercedes,GL-CLASS (X164),engine_type-pattern,GAZELLE (corr.),NULL,DB-internal consistency (etype vs linked engine cc)
16419,Mercedes,GL-CLASS (X164),engine_type-pattern,4 (est.),NULL,DB-internal consistency (etype vs linked engine cc)
16420,Mercedes,GL-CLASS (X164),engine_type-pattern,C 320 CDI (corr.),ML 280 CDI 4-matic (164.120),DB-internal consistency (etype vs linked engine cc)
16433,Renault,LAGUNA II (BG0/1_),engine_type-pattern,2.0 dCi (corr.),NULL,DB-internal consistency (etype vs linked engine cc)
16434,Renault,LAGUNA II Grandtour (KG0/1_),engine_type-pattern,2.0 dCi (corr.),NULL,DB-internal consistency (etype vs linked engine cc)
16435,Renault,ESPACE IV (JK0/1_),engine_type-pattern,2.0 dCi (corr.),NULL,DB-internal consistency (etype vs linked engine cc)
16436,Renault,ESPACE IV (JK0/1_),engine_type-pattern,2.0 dCi (corr.),NULL,DB-internal consistency (etype vs linked engine cc)
16437,Renault,ESPACE IV (JK0/1_),engine_type-pattern,2.0 dCi (corr.),NULL,DB-internal consistency (etype vs linked engine cc)
16438,Renault,ESPACE IV (JK0/1_),engine_type-pattern,2.0 dCi (corr.),NULL,DB-internal consistency (etype vs linked engine cc)
16443,Renault,ESPACE IV (JK0/1_),engine_type-pattern,3 (est.),NULL,DB-internal consistency (etype vs linked engine cc)
16449,Mitsubishi,"L 200 (KB_T, KA_T)",engine_type-pattern,2.5 DI-D (corr.),2.5 DI-D,DB-internal consistency (etype vs linked engine cc)
16450,Mitsubishi,"LANCER Saloon (CS_A, CT0)",engine_type-pattern,2.0 (corr.),109 CDI,DB-internal consistency (etype vs linked engine cc)
16451,Lancia,THESIS (841AX),engine_type-pattern,2.4 JTD (corr.),NULL,DB-internal consistency (etype vs linked engine cc)
16485,Renault,"MEGANE II (BM0/1_, CM0/1_)",engine_type-pattern,2.0 dCi (corr.),NULL,DB-internal consistency (etype vs linked engine cc)
16486,Renault,"MEGANE II (BM0/1_, CM0/1_)",engine_type-pattern,2.0 dCi (corr.),NULL,DB-internal consistency (etype vs linked engine cc)
16615,Opel,Antara,engine_type-pattern,2.0 CDTI (corr.),2.0 CDTI,DB-internal consistency (etype vs linked engine cc)
16616,Opel,Antara,engine_type-pattern,2.0 CDTI (corr.),2.0 D 4WD,DB-internal consistency (etype vs linked engine cc)
16638,Renault,TRAFIC II Platform/Chassis (EL),engine_type-spoof,1.5 dCi (KR0F),2.0 16V,DB-internal consistency (etype vs linked engine cc)
16639,Renault,TRAFIC II Platform/Chassis (EL),engine_type-spoof,1.5 dCi (KR0G),1.9 CDTI,DB-internal consistency (etype vs linked engine cc)
16640,Renault,TRAFIC II Platform/Chassis (EL),engine_type-spoof,1.6 16V (KR0B),1.9 CDTI,DB-internal consistency (etype vs linked engine cc)
16641,Renault,TRAFIC II Platform/Chassis (EL),engine_type-pattern,2.5 dCi 120 (corr.),2.5 DTi,DB-internal consistency (etype vs linked engine cc)
16652,Peugeot,PARTNER Combispace (5F),engine_type-pattern,1.6 HDi (corr.),1.6 HDI,DB-internal consistency (etype vs linked engine cc)
16656,Peugeot,PARTNER Box (5),engine_type-pattern,1.6 HDi (corr.),1.6 HDI,DB-internal consistency (etype vs linked engine cc)
16667,Renault,VEL SATIS (BJ0_),engine_type-pattern,2.0 dCi (corr.),NULL,DB-internal consistency (etype vs linked engine cc)
16671,Renault,VEL SATIS (BJ0_),engine_type-pattern,3 (est.),NULL,DB-internal consistency (etype vs linked engine cc)
16676,Jeep,COMMANDER (XK),engine_type-pattern,3 (est.),3.0 V6 EcoDiesel (VM A630),DB-internal consistency (etype vs linked engine cc)
16684,BMW,3 Coupe (E92),engine_type-pattern,at Spring Eye (corr.),1M 3000 TwinTurbo,DB-internal consistency (etype vs linked engine cc)
16685,BMW,3 Coupe (E92),engine_type-pattern,at Spring Eye (corr.),NULL,DB-internal consistency (etype vs linked engine cc)
16734,Daihatsu,TERIOS (J2_),engine_type-pattern,C 230 (corr.),1.5,DB-internal consistency (etype vs linked engine cc)
16748,Opel,COMBO Box Body / Estate,engine_type-pattern,1.6 (corr.),1.6 16v FlexFuel,DB-internal consistency (etype vs linked engine cc)
16764,Mercedes,SPRINTER 3-t Bus (906),engine_type-pattern,350 (corr.),NULL,DB-internal consistency (etype vs linked engine cc)
16765,Mercedes,SPRINTER 3-t Box (906),engine_type-pattern,350 (corr.),NULL,DB-internal consistency (etype vs linked engine cc)
16766,Mercedes,SPRINTER 3-t Platform/Chassis (906),engine_type-pattern,350 (corr.),NULL,DB-internal consistency (etype vs linked engine cc)
16768,Mercedes,SPRINTER 3-t Box (906),engine_type-pattern,C 220 CDI (corr.),NULL,DB-internal consistency (etype vs linked engine cc)
16769,Mercedes,SPRINTER 3-t Platform/Chassis (906),engine_type-pattern,C 220 CDI (corr.),NULL,DB-internal consistency (etype vs linked engine cc)
16770,Mercedes,SPRINTER 3-t Bus (906),engine_type-pattern,C 220 CDI (corr.),NULL,DB-internal consistency (etype vs linked engine cc)
16771,Mercedes,SPRINTER 3-t Box (906),engine_type-pattern,C 220 CDI (corr.),NULL,DB-internal consistency (etype vs linked engine cc)
16772,Mercedes,SPRINTER 3-t Platform/Chassis (906),engine_type-pattern,C 220 CDI (corr.),NULL,DB-internal consistency (etype vs linked engine cc)
16773,Mercedes,SPRINTER 3-t Box (906),engine_type-pattern,C 220 CDI (corr.),NULL,DB-internal consistency (etype vs linked engine cc)
16774,Mercedes,SPRINTER 3-t Platform/Chassis (906),engine_type-pattern,C 220 CDI (corr.),NULL,DB-internal consistency (etype vs linked engine cc)
16775,Mercedes,SPRINTER 3-t Bus (906),engine_type-pattern,C 220 CDI (corr.),NULL,DB-internal consistency (etype vs linked engine cc)
16776,Mercedes,SPRINTER 3-t Bus (906),engine_type-pattern,C 220 CDI (corr.),NULL,DB-internal consistency (etype vs linked engine cc)
16777,Mercedes,SPRINTER 3-t Bus (906),engine_type-pattern,C 220 CDI (corr.),NULL,DB-internal consistency (etype vs linked engine cc)
16778,Mercedes,SPRINTER 3-t Box (906),engine_type-pattern,C 220 CDI (corr.),NULL,DB-internal consistency (etype vs linked engine cc)
16779,Mercedes,SPRINTER 3-t Box (906),engine_type-pattern,C 220 CDI (corr.),NULL,DB-internal consistency (etype vs linked engine cc)
16780,Mercedes,SPRINTER 3-t Platform/Chassis (906),engine_type-pattern,C 220 CDI (corr.),NULL,DB-internal consistency (etype vs linked engine cc)
16781,Mercedes,SPRINTER 3-t Platform/Chassis (906),engine_type-pattern,C 220 CDI (corr.),NULL,DB-internal consistency (etype vs linked engine cc)
16782,Mercedes,SPRINTER 3-t Box (906),engine_type-pattern,C 320 CDI (corr.),NULL,DB-internal consistency (etype vs linked engine cc)
16783,Mercedes,SPRINTER 3-t Box (906),engine_type-pattern,C 320 CDI (corr.),NULL,DB-internal consistency (etype vs linked engine cc)
16784,Mercedes,SPRINTER 3-t Platform/Chassis (906),engine_type-pattern,C 320 CDI (corr.),NULL,DB-internal consistency (etype vs linked engine cc)
16785,Mercedes,SPRINTER 3-t Platform/Chassis (906),engine_type-pattern,C 320 CDI (corr.),NULL,DB-internal consistency (etype vs linked engine cc)
16786,Mercedes,SPRINTER 3-t Platform/Chassis (906),engine_type-pattern,C 320 CDI (corr.),NULL,DB-internal consistency (etype vs linked engine cc)
16789,Mercedes,"SPRINTER 3,5-t Bus (906)",engine_type-pattern,350 (corr.),NULL,DB-internal consistency (etype vs linked engine cc)
16790,Mercedes,"SPRINTER 3,5-t Bus (906)",engine_type-pattern,C 220 CDI (corr.),NULL,DB-internal consistency (etype vs linked engine cc)
16791,Mercedes,"SPRINTER 3,5-t Bus (906)",engine_type-pattern,C 220 CDI (corr.),NULL,DB-internal consistency (etype vs linked engine cc)
16792,Mercedes,"SPRINTER 3,5-t Bus (906)",engine_type-pattern,C 220 CDI (corr.),NULL,DB-internal consistency (etype vs linked engine cc)
16793,Mercedes,"SPRINTER 3,5-t Box (906)",engine_type-pattern,350 (corr.),NULL,DB-internal consistency (etype vs linked engine cc)
16794,Mercedes,"SPRINTER 3,5-t Box (906)",engine_type-pattern,C 220 CDI (corr.),NULL,DB-internal consistency (etype vs linked engine cc)
16795,Mercedes,"SPRINTER 3,5-t Box (906)",engine_type-pattern,C 220 CDI (corr.),NULL,DB-internal consistency (etype vs linked engine cc)
16796,Mercedes,"SPRINTER 3,5-t Box (906)",engine_type-pattern,C 220 CDI (corr.),NULL,DB-internal consistency (etype vs linked engine cc)
16797,Mercedes,"SPRINTER 3,5-t Platform/Chassis (906)",engine_type-pattern,350 (corr.),NULL,DB-internal consistency (etype vs linked engine cc)
16798,Mercedes,"SPRINTER 3,5-t Platform/Chassis (906)",engine_type-pattern,C 220 CDI (corr.),NULL,DB-internal consistency (etype vs linked engine cc)
16799,Mercedes,"SPRINTER 3,5-t Platform/Chassis (906)",engine_type-pattern,Retrofit coolant preheater *,NULL,DB-internal consistency (etype vs linked engine cc)
16800,Mercedes,"SPRINTER 3,5-t Platform/Chassis (906)",engine_type-pattern,Retrofit coolant preheater *,NULL,DB-internal consistency (etype vs linked engine cc)
16801,Mercedes,"SPRINTER 3,5-t Box (906)",engine_type-pattern,C 220 CDI (corr.),NULL,DB-internal consistency (etype vs linked engine cc)
16802,Mercedes,"SPRINTER 3,5-t Platform/Chassis (906)",engine_type-pattern,C 220 CDI (corr.),NULL,DB-internal consistency (etype vs linked engine cc)
16803,Mercedes,"SPRINTER 3,5-t Box (906)",engine_type-pattern,C 320 CDI (corr.),NULL,DB-internal consistency (etype vs linked engine cc)
16804,Mercedes,"SPRINTER 3,5-t Box (906)",engine_type-pattern,C 320 CDI (corr.),NULL,DB-internal consistency (etype vs linked engine cc)
16805,Mercedes,"SPRINTER 3,5-t Box (906)",engine_type-pattern,C 320 CDI (corr.),NULL,DB-internal consistency (etype vs linked engine cc)
16806,Mercedes,"SPRINTER 3,5-t Platform/Chassis (906)",engine_type-pattern,C 320 CDI (corr.),NULL,DB-internal consistency (etype vs linked engine cc)
16807,Mercedes,"SPRINTER 3,5-t Platform/Chassis (906)",engine_type-pattern,C 320 CDI (corr.),NULL,DB-internal consistency (etype vs linked engine cc)
16808,Mercedes,"SPRINTER 3,5-t Platform/Chassis (906)",engine_type-pattern,C 320 CDI (corr.),NULL,DB-internal consistency (etype vs linked engine cc)
16811,Mercedes,SPRINTER 5-t Box (906),engine_type-pattern,C 220 CDI (corr.),NULL,DB-internal consistency (etype vs linked engine cc)
16812,Mercedes,SPRINTER 5-t Platform/Chassis (906),engine_type-pattern,C 220 CDI (corr.),NULL,DB-internal consistency (etype vs linked engine cc)
16813,Mercedes,SPRINTER 5-t Box (906),engine_type-pattern,C 220 CDI (corr.),NULL,DB-internal consistency (etype vs linked engine cc)
16814,Mercedes,SPRINTER 5-t Platform/Chassis (906),engine_type-pattern,C 220 CDI (corr.),NULL,DB-internal consistency (etype vs linked engine cc)
16815,Mercedes,SPRINTER 5-t Box (906),engine_type-pattern,C 220 CDI (corr.),NULL,DB-internal consistency (etype vs linked engine cc)
16816,Mercedes,SPRINTER 5-t Box (906),engine_type-pattern,C 220 CDI (corr.),NULL,DB-internal consistency (etype vs linked engine cc)
16817,Mercedes,SPRINTER 5-t Box (906),engine_type-pattern,C 220 CDI (corr.),NULL,DB-internal consistency (etype vs linked engine cc)
16818,Mercedes,SPRINTER 5-t Platform/Chassis (906),engine_type-pattern,C 220 CDI (corr.),NULL,DB-internal consistency (etype vs linked engine cc)
16819,Mercedes,SPRINTER 5-t Platform/Chassis (906),engine_type-pattern,C 220 CDI (corr.),NULL,DB-internal consistency (etype vs linked engine cc)
16820,Mercedes,SPRINTER 5-t Box (906),engine_type-pattern,C 320 CDI (corr.),NULL,DB-internal consistency (etype vs linked engine cc)
16821,Mercedes,SPRINTER 5-t Box (906),engine_type-pattern,C 320 CDI (corr.),NULL,DB-internal consistency (etype vs linked engine cc)
16822,Mercedes,SPRINTER 5-t Box (906),engine_type-pattern,C 320 CDI (corr.),NULL,DB-internal consistency (etype vs linked engine cc)
16823,Mercedes,SPRINTER 5-t Platform/Chassis (906),engine_type-pattern,C 320 CDI (corr.),NULL,DB-internal consistency (etype vs linked engine cc)
16824,Mercedes,SPRINTER 5-t Platform/Chassis (906),engine_type-pattern,C 320 CDI (corr.),NULL,DB-internal consistency (etype vs linked engine cc)
16825,Mercedes,SPRINTER 5-t Platform/Chassis (906),engine_type-pattern,C 320 CDI (corr.),NULL,DB-internal consistency (etype vs linked engine cc)
16826,Renault,ESPACE IV (JK0/1_),engine_type-pattern,2.2 dCi (corr.),NULL,DB-internal consistency (etype vs linked engine cc)
16853,Mercedes,S-CLASS (W221),engine_type-pattern,C 320 CDI (corr.),TRACKER,DB-internal consistency (etype vs linked engine cc)
16863,Mercedes,CLS (C219),engine_type-pattern,350 (corr.),NULL,DB-internal consistency (etype vs linked engine cc)
16864,Mercedes,CLS (C219),engine_type-pattern,GAZELLE (corr.),NULL,DB-internal consistency (etype vs linked engine cc)
16865,Mercedes,CLS (C219),engine_type-pattern,HHR (corr.),NULL,DB-internal consistency (etype vs linked engine cc)
16876,Mercedes,A-CLASS (W169),engine_type-pattern,"A 200 TURBO (169.034, 169.334)",B 200 TURBO (245.234),DB-internal consistency (etype vs linked engine cc)
16878,Mercedes,VIANO (W639),engine_type-pattern,C 220 CDI (corr.),CDI 2.2,DB-internal consistency (etype vs linked engine cc)
16880,Mercedes,VIANO (W639),engine_type-spoof,2.0 GLSTD (E57A),NULL,DB-internal consistency (etype vs linked engine cc)
16890,Mitsubishi,PAJERO SPORT (K90),engine_type-pattern,3.0 (corr.),NULL,DB-internal consistency (etype vs linked engine cc)
16895,Citroen,C4 Picasso I (UD_),engine_type-pattern,2.0 HDi (corr.),NULL,DB-internal consistency (etype vs linked engine cc)
16896,Citroen,C4 Picasso I (UD_),engine_type-pattern,2.0 HDi (corr.),2.0 HDI,DB-internal consistency (etype vs linked engine cc)
16898,Kia,CARENS III (UN),engine_type-pattern,2.0 CRDi (corr.),2.0 CRDi 4WD,DB-internal consistency (etype vs linked engine cc)
16901,Land Rover,FREELANDER 2 (FA_),engine_type-pattern,3.2 (est.),3.2 V6,DB-internal consistency (etype vs linked engine cc)
16909,Jeep,COMPASS (MK49),engine_type-pattern,2.4 (est.),NULL,DB-internal consistency (etype vs linked engine cc)
16910,Jeep,COMPASS (MK49),engine_type-pattern,2 (est.),NULL,DB-internal consistency (etype vs linked engine cc)
16924,Mercedes,CLK Convertible (A209),engine_type-pattern,HHR (corr.),HHR,DB-internal consistency (etype vs linked engine cc)
16931,Alfa Romeo,147 (937),engine_type-spoof,4.0 RX,1.9 D Multijet,DB-internal consistency (etype vs linked engine cc)
16990,BMW,3 (E90),engine_type-pattern,at Spring Eye (corr.),1M 3000 TwinTurbo,DB-internal consistency (etype vs linked engine cc)
16991,BMW,3 (E90),engine_type-pattern,at Spring Eye (corr.),NULL,DB-internal consistency (etype vs linked engine cc)
16992,BMW,3 Touring (E91),engine_type-pattern,at Spring Eye (corr.),1M 3000 TwinTurbo,DB-internal consistency (etype vs linked engine cc)
16993,BMW,3 Touring (E91),engine_type-pattern,at Spring Eye (corr.),NULL,DB-internal consistency (etype vs linked engine cc)
16994,BMW,3 Coupe (E92),engine_type-pattern,330 d (corr.),3.0 sd,DB-internal consistency (etype vs linked engine cc)
16995,BMW,3 Touring (E91),engine_type-pattern,330 d (corr.),3.0 sd,DB-internal consistency (etype vs linked engine cc)
16996,BMW,3 (E90),engine_type-pattern,330 d (corr.),3.0 sd,DB-internal consistency (etype vs linked engine cc)
17007,Mercedes,"R-CLASS (W251, V251)",engine_type-pattern,"R 63 AMG (251.077, 251.177)",ML 63 AMG 4-matic (164.177),DB-internal consistency (etype vs linked engine cc)
17008,Mercedes,S-CLASS (W221),engine_type-pattern,C 320 CDI (corr.),TRACKER,DB-internal consistency (etype vs linked engine cc)
17009,Mercedes,S-CLASS (W221),engine_type-pattern,C 320 CDI (corr.),NULL,DB-internal consistency (etype vs linked engine cc)
17011,Mercedes,S-CLASS (W221),engine_type-pattern,GAZELLE (corr.),NULL,DB-internal consistency (etype vs linked engine cc)
17013,Renault,TRAFIC II Bus (JL),engine_type-pattern,2.0 dCi (corr.),NULL,DB-internal consistency (etype vs linked engine cc)
17014,Renault,TRAFIC II Bus (JL),engine_type-pattern,2.0 dCi (corr.),NULL,DB-internal consistency (etype vs linked engine cc)
17015,Renault,TRAFIC II Bus (JL),engine_type-pattern,2.0 dCi (corr.),NULL,DB-internal consistency (etype vs linked engine cc)
17016,Renault,TRAFIC II Bus (JL),engine_type-pattern,2.0 dCi (corr.),NULL,DB-internal consistency (etype vs linked engine cc)
17017,Renault,TRAFIC II Bus (JL),engine_type-pattern,2.0 dCi (corr.),NULL,DB-internal consistency (etype vs linked engine cc)
17018,Renault,TRAFIC II Bus (JL),engine_type-pattern,2.0 dCi (corr.),NULL,DB-internal consistency (etype vs linked engine cc)
17019,Renault,TRAFIC II Bus (JL),engine_type-pattern,2.5 dCi (corr.),2.5 CDTI,DB-internal consistency (etype vs linked engine cc)
17021,Renault,TRAFIC II Box (FL),engine_type-pattern,2.0 dCi (corr.),NULL,DB-internal consistency (etype vs linked engine cc)
17022,Renault,TRAFIC II Box (FL),engine_type-pattern,2.0 dCi (corr.),NULL,DB-internal consistency (etype vs linked engine cc)
17023,Renault,TRAFIC II Box (FL),engine_type-pattern,2.0 dCi (corr.),NULL,DB-internal consistency (etype vs linked engine cc)
17024,Renault,TRAFIC II Box (FL),engine_type-pattern,2.0 dCi (corr.),NULL,DB-internal consistency (etype vs linked engine cc)
17025,Renault,TRAFIC II Box (FL),engine_type-pattern,2.0 dCi (corr.),NULL,DB-internal consistency (etype vs linked engine cc)
17026,Renault,TRAFIC II Box (FL),engine_type-pattern,2.0 dCi (corr.),NULL,DB-internal consistency (etype vs linked engine cc)
17027,Renault,TRAFIC II Box (FL),engine_type-pattern,2.0 dCi (corr.),NULL,DB-internal consistency (etype vs linked engine cc)
17029,Renault,TRAFIC II Box (FL),engine_type-pattern,2.5 dCi (corr.),2.5 CDTI,DB-internal consistency (etype vs linked engine cc)
17030,Renault,TRAFIC II Platform/Chassis (EL),engine_type-pattern,2.0 dCi (corr.),NULL,DB-internal consistency (etype vs linked engine cc)
17031,Renault,TRAFIC II Platform/Chassis (EL),engine_type-pattern,2.0 dCi (corr.),NULL,DB-internal consistency (etype vs linked engine cc)
17032,Renault,TRAFIC II Platform/Chassis (EL),engine_type-pattern,2.0 dCi (corr.),NULL,DB-internal consistency (etype vs linked engine cc)
17033,Renault,TRAFIC II Platform/Chassis (EL),engine_type-pattern,2.0 dCi (corr.),NULL,DB-internal consistency (etype vs linked engine cc)
17034,Renault,TRAFIC II Platform/Chassis (EL),engine_type-pattern,2.0 dCi (corr.),NULL,DB-internal consistency (etype vs linked engine cc)
17035,Renault,TRAFIC II Platform/Chassis (EL),engine_type-pattern,2.5 dCi (corr.),2.5 CDTI,DB-internal consistency (etype vs linked engine cc)
17036,Renault,TWINGO II (CN0_),engine_type-pattern,1.2 16V (corr.),BENBEN,DB-internal consistency (etype vs linked engine cc)
17037,Renault,TWINGO II (CN0_),engine_type-pattern,1.2 16V (corr.),NULL,DB-internal consistency (etype vs linked engine cc)
17072,Dacia,LOGAN MCV (KS_),engine_type-pattern,2.0 -16 (corr.),NULL,DB-internal consistency (etype vs linked engine cc)
17075,Hyundai,ACCENT III (MC),engine_type-pattern,1.6 (corr.),1.6 16v,DB-internal consistency (etype vs linked engine cc)
17079,Hyundai,ACCENT III Saloon (MC),engine_type-pattern,1.6 (corr.),1.6 16v,DB-internal consistency (etype vs linked engine cc)
17091,Jeep,"GRAND CHEROKEE III (WH, WK)",engine_type-pattern,6.1 (est.),6.1 V8 16v HEMI SRT8 LC,DB-internal consistency (etype vs linked engine cc)
17162,Fiat,DUCATO Bus (250),engine_type-pattern,"100 Multijet 2,2 D",2.2 Mjet,DB-internal consistency (etype vs linked engine cc)
17163,Fiat,DUCATO Bus (250),engine_type-pattern,"120 Multijet 2,3 D",2.3 Mjet,DB-internal consistency (etype vs linked engine cc)
17164,Fiat,DUCATO Bus (250),engine_type-pattern,3.0 TDCi 4x4 (corr.),3.0 HDI,DB-internal consistency (etype vs linked engine cc)
17165,Fiat,DUCATO Bus (250),engine_type-pattern,3.0 TDCi 4x4 (corr.),3.0 Mjet,DB-internal consistency (etype vs linked engine cc)
17166,Fiat,DUCATO Box (250),engine_type-pattern,"100 Multijet 2,2 D",2.2 Mjet,DB-internal consistency (etype vs linked engine cc)
17167,Fiat,DUCATO Box (250),engine_type-pattern,"120 Multijet 2,3 D",2.3 Mjet,DB-internal consistency (etype vs linked engine cc)
17168,Fiat,DUCATO Box (250),engine_type-pattern,3.0 TDCi 4x4 (corr.),3.0 HDI,DB-internal consistency (etype vs linked engine cc)
17169,Fiat,DUCATO Box (250),engine_type-pattern,3.0 TDCi 4x4 (corr.),3.0 Mjet,DB-internal consistency (etype vs linked engine cc)
17170,Fiat,DUCATO Platform/Chassis (250),engine_type-pattern,"100 Multijet 2,2 D",2.2 Mjet,DB-internal consistency (etype vs linked engine cc)
17171,Fiat,DUCATO Platform/Chassis (250),engine_type-pattern,"120 Multijet 2,3 D",2.3 Mjet,DB-internal consistency (etype vs linked engine cc)
17172,Fiat,DUCATO Platform/Chassis (250),engine_type-pattern,3.0 TDCi 4x4 (corr.),3.0 HDI,DB-internal consistency (etype vs linked engine cc)
17173,Fiat,DUCATO Platform/Chassis (250),engine_type-pattern,3.0 TDCi 4x4 (corr.),3.0 Mjet,DB-internal consistency (etype vs linked engine cc)
17174,Fiat,MULTIPLA (186),engine_type-spoof,3.9 Supercharged,1.6 16v,DB-internal consistency (etype vs linked engine cc)
17176,Fiat,STILO (192),engine_type-pattern,"1.9 JTD (192AXS1B, 192BXS1B)",1.9 8v Multijet 90 DPF,DB-internal consistency (etype vs linked engine cc)
17182,Suzuki,JIMNY (FJ),engine_type-pattern,1.3 (corr.),1.3,DB-internal consistency (etype vs linked engine cc)
17186,BMW,3 Touring (E91),engine_type-pattern,330 d (corr.),NULL,DB-internal consistency (etype vs linked engine cc)
17190,BMW,3 (E90),engine_type-pattern,330 d (corr.),NULL,DB-internal consistency (etype vs linked engine cc)
17205,Vauxhall,MERIVA Mk I (A),engine_type-pattern,1.4 (corr.),1.4TwinPort Ecotec,DB-internal consistency (etype vs linked engine cc)
17220,Citroen,JUMPY,engine_type-pattern,1.6 HDi (corr.),1.6 HDI,DB-internal consistency (etype vs linked engine cc)
17221,Citroen,JUMPY,engine_type-pattern,1.6 HDi (corr.),NULL,DB-internal consistency (etype vs linked engine cc)
17225,Citroen,JUMPY Box,engine_type-pattern,1.6 HDi (corr.),1.6 HDI,DB-internal consistency (etype vs linked engine cc)
17231,Vauxhall,AGILA Mk I (A),engine_type-pattern,1.2 (corr.),1.2 TwinPort Ecotec,DB-internal consistency (etype vs linked engine cc)
17236,Peugeot,EXPERT Tepee (VF3V_),engine_type-pattern,1.6 HDi (corr.),1.6 HDI,DB-internal consistency (etype vs linked engine cc)
17243,Peugeot,"EXPERT Box (VF3A_, VF3U_, VF3X_)",engine_type-pattern,1.6 HDi (corr.),1.6 HDI,DB-internal consistency (etype vs linked engine cc)
17253,Renault,KANGOO Express (FC0/1_),engine_type-pattern,1.5 dCi (corr.),1.5 dCi,DB-internal consistency (etype vs linked engine cc)
17254,Honda,LEGEND IV (KB_),engine_type-pattern,3.5 (corr.),NULL,DB-internal consistency (etype vs linked engine cc)
17255,Honda,LEGEND IV (KB_),engine_type-pattern,3.5 (corr.),NULL,DB-internal consistency (etype vs linked engine cc)
17256,Mercedes,E-CLASS (W211),engine_type-pattern,HHR (corr.),NULL,DB-internal consistency (etype vs linked engine cc)
17258,Mercedes,G-CLASS (W463),engine_type-pattern,C 320 CDI (corr.),NULL,DB-internal consistency (etype vs linked engine cc)
17306,Toyota,"COROLLA Saloon (_E12J_, _E12T_)",engine_type-spoof,1.8,1.6 16v,DB-internal consistency (etype vs linked engine cc)
17307,Toyota,"COROLLA Estate (_E12J_, _E12T_)",engine_type-spoof,1.8,1.6 16v,DB-internal consistency (etype vs linked engine cc)
17319,Mitsubishi,"GALANT Saloon (DJ_, ED_, EF_)",engine_type-pattern,Insert/adhere material section to repair point of front left seat cover,2.4,DB-internal consistency (etype vs linked engine cc)
17323,Daihatsu,CHARADE (L2_),engine_type-pattern,1.0 (corr.),1.0,DB-internal consistency (etype vs linked engine cc)
17350,Mitsubishi,"L 200 (K7_T, K6_T)",engine_type-pattern,2.5 TD 4WD (corr.),NULL,DB-internal consistency (etype vs linked engine cc)
17354,Volkswagen,"TRANSPORTER V Box (7HA, 7HH, 7EA, 7EH)",engine_type-pattern,3.2 V6 (corr.),3.2 V6 24v,DB-internal consistency (etype vs linked engine cc)
17358,Toyota,"COROLLA Saloon (_E12J_, _E12T_)",engine_type-spoof,1.8,1.6 16v,DB-internal consistency (etype vs linked engine cc)
17364,Opel,Antara,engine_type-pattern,2.4 (corr.),2.4 Ecotec,DB-internal consistency (etype vs linked engine cc)
17366,Saab,9-5 (YS3E),engine_type-pattern,2.0 t (corr.),2.0 16v Turbo BioPower,DB-internal consistency (etype vs linked engine cc)
17380,Mercedes,CLK Convertible (A209),engine_type-pattern,C 320 CDI (corr.),320 CDI (209.320),DB-internal consistency (etype vs linked engine cc)
17381,Saab,9-5 Estate (YS3E),engine_type-pattern,2.0 t (corr.),2.0 16v Turbo BioPower,DB-internal consistency (etype vs linked engine cc)
17384,Mazda,323 S VI (BJ),engine_type-pattern,2.0 D (corr.),2.0 TD,DB-internal consistency (etype vs linked engine cc)
17386,Honda,ACCORD VII (CM),engine_type-pattern,2.4 (corr.),NULL,DB-internal consistency (etype vs linked engine cc)
17387,Honda,ACCORD VII (CM),engine_type-pattern,2.4 (corr.),NULL,DB-internal consistency (etype vs linked engine cc)
17390,Honda,ACCORD VI Coupe (CG),engine_type-pattern,3.0 (corr.),NULL,DB-internal consistency (etype vs linked engine cc)
17394,Suzuki,JIMNY (FJ),engine_type-pattern,1.3 (corr.),1.3,DB-internal consistency (etype vs linked engine cc)
17404,Subaru,"LEGACY III (BE, BH)",engine_type-pattern,2.0 (corr.),NULL,DB-internal consistency (etype vs linked engine cc)
17407,Citroen,XSARA PICASSO (N68),engine_type-pattern,1.8 i (corr.),NULL,DB-internal consistency (etype vs linked engine cc)
17413,Jeep,CHEROKEE (KJ),engine_type-pattern,3.7 (est.),NULL,DB-internal consistency (etype vs linked engine cc)
17419,BMW,"X5 (F15, F85)",engine_type-pattern,Dismantle/assemble gear selector bearing/mounting body (corr.),NULL,DB-internal consistency (etype vs linked engine cc)
17422,Vauxhall,INSIGNIA Saloon,engine_type-pattern,2.0 CDTI (corr.),2.0 CDTI,DB-internal consistency (etype vs linked engine cc)
17424,Volkswagen,POLO (6N2),engine_type-pattern,1.4 TDI (corr.),1.4 6v TDI,DB-internal consistency (etype vs linked engine cc)
17431,Volvo,V70 II (SW),engine_type-pattern,2.3 (corr.),NULL,DB-internal consistency (etype vs linked engine cc)
17432,Volvo,V70 II (SW),engine_type-pattern,2.3 (corr.),NULL,DB-internal consistency (etype vs linked engine cc)
17440,Daewoo,REZZO (KLAU),engine_type-pattern,1.6 16V (corr.),NULL,DB-internal consistency (etype vs linked engine cc)
17441,Toyota,"PREVIA (MCR3_, ACR3_, CLR3_)",engine_type-pattern,2.4 (corr.),NULL,DB-internal consistency (etype vs linked engine cc)
17443,Toyota,"RAV 4 II (CLA2_, XA2_, ZCA2_, ACA2_)",engine_type-pattern,2.4 (corr.),2.4 VVT-i,DB-internal consistency (etype vs linked engine cc)
17444,Toyota,"RAV 4 III (ACA3_, ACE_, ALA3_, GSA3_, ZSA3_)",engine_type-pattern,3.5 (corr.),RX350 3.5 V6 VVT-i,DB-internal consistency (etype vs linked engine cc)
17455,Subaru,"IMPREZA Saloon (GD, GG)",engine_type-pattern,2.0 WRX STi AWD (corr.),NULL,DB-internal consistency (etype vs linked engine cc)
17459,Renault,LAGUNA II (BG0/1_),engine_type-pattern,2.2 dCi (corr.),NULL,DB-internal consistency (etype vs linked engine cc)
17460,Renault,LAGUNA II Grandtour (KG0/1_),engine_type-pattern,2.2 dCi (corr.),NULL,DB-internal consistency (etype vs linked engine cc)
17466,Hyundai,MATRIX (FC),engine_type-pattern,1.5 CRDi (corr.),1.5 16v CRDi,DB-internal consistency (etype vs linked engine cc)
17468,Aston Martin,VANQUISH (R2_),engine_type-pattern,5.9 (est.),5.9,DB-internal consistency (etype vs linked engine cc)
17474,Chevrolet,TRAILBLAZER (KC_),engine_type-pattern,5.3 (corr.),NULL,DB-internal consistency (etype vs linked engine cc)
17481,Toyota,"COROLLA (ZZE12_, NDE12_, ZDE12_)",engine_type-spoof,1.8 VVTi,1.6 16v,DB-internal consistency (etype vs linked engine cc)
17484,Chrysler,CARAVAN (RG_),engine_type-pattern,3.8 (corr.),3.8,DB-internal consistency (etype vs linked engine cc)
17491,Daewoo,REXTON (GAB_),engine_type-pattern,2.3 (corr.),NULL,DB-internal consistency (etype vs linked engine cc)
17495,Subaru,FORESTER (SG),engine_type-pattern,2.5 (corr.),2.5 Turbo WRX DBW,DB-internal consistency (etype vs linked engine cc)
17508,Subaru,"LEGACY IV Estate (BL, BP, B13_)",engine_type-pattern,2.0 (corr.),2.0 16v,DB-internal consistency (etype vs linked engine cc)
17509,Mazda,3 (BK),engine_type-pattern,2.3 (corr.),2.3 MPS Turbo,DB-internal consistency (etype vs linked engine cc)
17523,Daihatsu,"EXTOL Bus (S22_, S23_)",engine_type-pattern,1.3 (corr.),1.3,DB-internal consistency (etype vs linked engine cc)
17538,Lexus,"GS (GRS19_, UZS19_, GWS19_)",engine_type-pattern,430 (corr.),LS430 4.3 V8 VVT-i,DB-internal consistency (etype vs linked engine cc)
17539,Toyota,"DYNA Platform/Chassis (KD_, LY_, TRY2_, KDY2_, XZU4_, XZU3_,",engine_type-pattern,2.5 D-4D (corr.),2.5 D-4D,DB-internal consistency (etype vs linked engine cc)
17540,Toyota,"DYNA Platform/Chassis (KD_, LY_, TRY2_, KDY2_, XZU4_, XZU3_,",engine_type-pattern,2.5 D-4D (corr.),2.5 D-4D,DB-internal consistency (etype vs linked engine cc)
17546,BMW,"X5 (F15, F85)",engine_type-pattern,530 d (corr.),NULL,DB-internal consistency (etype vs linked engine cc)
17549,Mercedes,GLK-CLASS (X204),engine_type-pattern,2 (est.),NULL,DB-internal consistency (etype vs linked engine cc)
17550,Mercedes,GLK-CLASS (X204),engine_type-pattern,2 (est.),NULL,DB-internal consistency (etype vs linked engine cc)
17551,Mazda,3 (BM),engine_type-pattern,2.0 (corr.),NULL,DB-internal consistency (etype vs linked engine cc)
17552,Mazda,3 (BM),engine_type-pattern,2.0 (corr.),NULL,DB-internal consistency (etype vs linked engine cc)
17553,Mazda,3 (BM),engine_type-pattern,2.2 D (corr.),NULL,DB-internal consistency (etype vs linked engine cc)
17554,Mazda,3 (BM),engine_type-pattern,2.2 D (corr.),NULL,DB-internal consistency (etype vs linked engine cc)
17555,Mazda,3 (BM),engine_type-pattern,2.0 (corr.),NULL,DB-internal consistency (etype vs linked engine cc)
17556,Mazda,3 (BM),engine_type-pattern,2.0 (corr.),NULL,DB-internal consistency (etype vs linked engine cc)
17558,Mazda,3 Saloon (BM),engine_type-pattern,2.0 (corr.),NULL,DB-internal consistency (etype vs linked engine cc)
17559,Mazda,3 Saloon (BM),engine_type-pattern,2.0 (corr.),NULL,DB-internal consistency (etype vs linked engine cc)
17560,Mazda,3 Saloon (BM),engine_type-pattern,2.2 D (corr.),2.2 MZR-CD,DB-internal consistency (etype vs linked engine cc)
17561,Ford,"LASER Hatchback (BA_3, BF_3, BF_4, BG_3, BJ_4)",engine_type-pattern,1.6 (corr.),NULL,DB-internal consistency (etype vs linked engine cc)
17562,Ford,"LASER Hatchback (BA_3, BF_3, BF_4, BG_3, BJ_4)",engine_type-pattern,1.6 (corr.),NULL,DB-internal consistency (etype vs linked engine cc)
17570,Ford,"LYNX (BJ_2A, BJ_2P)",engine_type-pattern,1.8 (corr.),NULL,DB-internal consistency (etype vs linked engine cc)
17571,Ford,"LYNX (BJ_2A, BJ_2P)",engine_type-pattern,2.0 (corr.),NULL,DB-internal consistency (etype vs linked engine cc)
17572,Mitsubishi,"PAJERO III Canvas Top (V6_W, V7_W)",engine_type-pattern,"2.5 TDi (V64W, V74W)",NULL,DB-internal consistency (etype vs linked engine cc)
17573,Mitsubishi,"PAJERO III Canvas Top (V6_W, V7_W)",engine_type-pattern,"2.5 TDi (V64W, V74W)",NULL,DB-internal consistency (etype vs linked engine cc)
17574,Audi,"A6 (4F2, C6)",engine_type-pattern,"1.0 i (SF310, AA44)",3.0,DB-internal consistency (etype vs linked engine cc)
17575,Audi,"A6 Avant (4F5, C6)",engine_type-pattern,"1.0 i (SF310, AA44)",3.0,DB-internal consistency (etype vs linked engine cc)
17583,Mitsubishi,"LANCER Saloon (CS_A, CT0)",engine_type-pattern,2.0 (corr.),109 CDI,DB-internal consistency (etype vs linked engine cc)
17584,Citroen,BERLINGO (MF),engine_type-pattern,"LANCER III (C1_A, C6_A)",2.0 HDI,DB-internal consistency (etype vs linked engine cc)
17607,Renault,ESPACE IV (JK0/1_),engine_type-pattern,1.9 dCi (corr.),NULL,DB-internal consistency (etype vs linked engine cc)
17609,Mitsubishi,OUTLANDER I (CU_W),engine_type-pattern,2.4 (corr.),2.4,DB-internal consistency (etype vs linked engine cc)
17624,Holden,ADVENTRA Estate (VZ),engine_type-pattern,"BOXER Bus (244, Z_)",3.6 V6,DB-internal consistency (etype vs linked engine cc)
17625,Holden,ADVENTRA Estate (VZ),engine_type-pattern,"BOXER Bus (244, Z_)",3.6 Petrol,DB-internal consistency (etype vs linked engine cc)
17630,Foton,ALPHA Bus,engine_type-pattern,2.2 (corr.),NULL,DB-internal consistency (etype vs linked engine cc)
17639,Chevrolet,ASTRA Hatchback,engine_type-pattern,2 (est.),2.0 16v DTI,DB-internal consistency (etype vs linked engine cc)
17642,Chevrolet,ASTRA Saloon,engine_type-pattern,2 (est.),2.0 16v DTI,DB-internal consistency (etype vs linked engine cc)
17643,BMW,"X5 (F15, F85)",engine_type-pattern,530 d (corr.),330d 3000 D,DB-internal consistency (etype vs linked engine cc)
17653,Holden,BARINA Hatchback (XC),engine_type-pattern,1.4 i (corr.),1.4 16v,DB-internal consistency (etype vs linked engine cc)
17654,Holden,BARINA Hatchback (XC),engine_type-pattern,1.4 i (corr.),1.4 16v,DB-internal consistency (etype vs linked engine cc)
17655,Holden,BARINA Hatchback (XC),engine_type-pattern,1.8 i (corr.),1.8 16v,DB-internal consistency (etype vs linked engine cc)
17657,Daihatsu,BEGO,engine_type-pattern,1.3 (corr.),1.3,DB-internal consistency (etype vs linked engine cc)
17662,Mahindra,BOLERO Pickup,engine_type-pattern,2.5 D (corr.),NULL,DB-internal consistency (etype vs linked engine cc)
17689,Dadi,CITY COURSER,engine_type-pattern,2.2 (corr.),NULL,DB-internal consistency (etype vs linked engine cc)
17690,Dadi,CITY COURSER,engine_type-pattern,2.8 D (corr.),NULL,DB-internal consistency (etype vs linked engine cc)
17702,Holden,COMMODORE Estate (VY),engine_type-pattern,3.8 (est.),NULL,DB-internal consistency (etype vs linked engine cc)
17703,Holden,COMMODORE Estate (VY),engine_type-pattern,3.8 (est.),NULL,DB-internal consistency (etype vs linked engine cc)
17705,Chevrolet,CORSA Pickup,engine_type-pattern,1.7 D (corr.),1.7 16v DTI,DB-internal consistency (etype vs linked engine cc)
17707,Holden,CREWMAN Pickup (VZ),engine_type-pattern,"DUCATO Bus (244, Z_)",3.6 Petrol,DB-internal consistency (etype vs linked engine cc)
17708,Holden,CREWMAN Pickup (VZ),engine_type-pattern,"DUCATO Bus (244, Z_)",3.6 Petrol,DB-internal consistency (etype vs linked engine cc)
17709,Holden,CREWMAN Pickup (VZ),engine_type-pattern,LIANA (corr.),COO,DB-internal consistency (etype vs linked engine cc)
17711,Chevrolet,Cruze,engine_type-pattern,1.3 (est.),1.2 16v Eco,DB-internal consistency (etype vs linked engine cc)
17714,Holden,CRUZE Hatchback (YG),engine_type-pattern,"JUMPER Bus (244, Z_)",Make centre right seat functional,DB-internal consistency (etype vs linked engine cc)
17722,Daewoo,GENTRA Saloon,engine_type-pattern,1.4 (corr.),1.4 16v,DB-internal consistency (etype vs linked engine cc)
17729,Vauxhall,Adam,engine_type-spoof,3.8 Carrera,1.4 ecoFLEX,DB-internal consistency (etype vs linked engine cc)
17736,GWM,HOVER,engine_type-pattern,2.8 (est.),NULL,DB-internal consistency (etype vs linked engine cc)
17737,GWM,HOVER,engine_type-pattern,"Bush, spring bracket shackle",NULL,DB-internal consistency (etype vs linked engine cc)
17740,Gonow,KYLIN,engine_type-pattern,2.4 (est.),2.4,DB-internal consistency (etype vs linked engine cc)
17743,Daewoo,LACETTI Saloon (J200),engine_type-pattern,1.8 (corr.),1.8,DB-internal consistency (etype vs linked engine cc)
17744,Daewoo,LACETTI Saloon (J200),engine_type-pattern,1.8 (corr.),1.8,DB-internal consistency (etype vs linked engine cc)
17753,Honda,LIFE,engine_type-pattern,0.7 (corr.),NULL,DB-internal consistency (etype vs linked engine cc)
17754,Honda,LIFE,engine_type-pattern,0.7 (corr.),NULL,DB-internal consistency (etype vs linked engine cc)
17765,GWM,MONSTER Platform/Chassis,engine_type-pattern,2.2 (corr.),2.2,DB-internal consistency (etype vs linked engine cc)
17766,Mitsuoka,NOUERA,engine_type-pattern,2.0 (corr.),NULL,DB-internal consistency (etype vs linked engine cc)
17767,Mitsuoka,NOUERA,engine_type-pattern,2.4 (est.),NULL,DB-internal consistency (etype vs linked engine cc)
17768,Holden,ONE TONNER Platform/Chassis (VY),engine_type-pattern,3.6 (est.),3.6 Petrol,DB-internal consistency (etype vs linked engine cc)
17774,GWM,PEGASUS,engine_type-pattern,2.2 (corr.),NULL,DB-internal consistency (etype vs linked engine cc)
17783,Mahindra,QUADRO,engine_type-pattern,2.5 D (corr.),2.5 D 4x4,DB-internal consistency (etype vs linked engine cc)
17786,Acura,RL,engine_type-pattern,CORVETTE (corr.),NULL,DB-internal consistency (etype vs linked engine cc)
17787,Holden,RODEO Pickup (RA),engine_type-pattern,3.5 (est.),3.5 V6 24V,DB-internal consistency (etype vs linked engine cc)
17788,Holden,RODEO Pickup (RA),engine_type-pattern,"C8 (EA_, EB_)",NLR 3.0 TD,DB-internal consistency (etype vs linked engine cc)
17790,Acura,RSX Coupe (DC_),engine_type-pattern,2 (est.),NULL,DB-internal consistency (etype vs linked engine cc)
17792,HSV,CLUBSPORT Estate (VF),engine_type-pattern,6.2 (est.),6.2,DB-internal consistency (etype vs linked engine cc)
17798,Mahindra,SCORPIO,engine_type-pattern,2.6 (est.),NULL,DB-internal consistency (etype vs linked engine cc)
17800,Chevrolet,SILVERADO 1500,engine_type-pattern,5.3 (est.),5.3 V8 Vortec,DB-internal consistency (etype vs linked engine cc)
17801,Chevrolet,SILVERADO 2500 HD,engine_type-pattern,6.6 (est.),NULL,DB-internal consistency (etype vs linked engine cc)
17802,Chevrolet,SILVERADO 2500 HD,engine_type-pattern,6.6 (est.),6.6 V8 D Duramax,DB-internal consistency (etype vs linked engine cc)
17803,GWM,SING,engine_type-pattern,2.2 (corr.),2.2,DB-internal consistency (etype vs linked engine cc)
17804,GWM,SING,engine_type-pattern,2.8 (est.),2.8 D,DB-internal consistency (etype vs linked engine cc)
17810,Mercedes,"B-CLASS (W246, W242)",engine_type-pattern,2 (est.),NULL,DB-internal consistency (etype vs linked engine cc)
17836,Daewoo,Tosca,engine_type-pattern,2 (est.),2.0,DB-internal consistency (etype vs linked engine cc)
17837,Daewoo,Tosca,engine_type-pattern,2 (est.),NULL,DB-internal consistency (etype vs linked engine cc)
17841,Acura,TSX (CL_),engine_type-pattern,2.4 (est.),NULL,DB-internal consistency (etype vs linked engine cc)
17867,Chevrolet,VIVANT,engine_type-pattern,2.0 (corr.),2.0,DB-internal consistency (etype vs linked engine cc)
17891,Smart,FORTWO Coupe (451),engine_type-pattern,1 (est.),NULL,DB-internal consistency (etype vs linked engine cc)
17892,Smart,FORTWO Coupe (451),engine_type-pattern,1 (est.),NULL,DB-internal consistency (etype vs linked engine cc)
17895,Smart,FORTWO Cabrio (451),engine_type-pattern,1 (est.),NULL,DB-internal consistency (etype vs linked engine cc)
17903,Citroen,C4 Grand Picasso I (UA_),engine_type-pattern,2.0 HDi (corr.),NULL,DB-internal consistency (etype vs linked engine cc)
17904,Citroen,C4 Grand Picasso I (UA_),engine_type-pattern,2.0 HDi (corr.),2.0 HDI,DB-internal consistency (etype vs linked engine cc)
17909,Renault,ESPACE IV (JK0/1_),engine_type-pattern,2.0 dCi (corr.),NULL,DB-internal consistency (etype vs linked engine cc)
17991,BMW,3 Convertible (E93),engine_type-pattern,at Spring Eye (corr.),1M 3000 TwinTurbo,DB-internal consistency (etype vs linked engine cc)
17992,BMW,3 Convertible (E93),engine_type-pattern,at Spring Eye (corr.),NULL,DB-internal consistency (etype vs linked engine cc)
17993,BMW,3 Convertible (E93),engine_type-pattern,at Spring Eye (corr.),NULL,DB-internal consistency (etype vs linked engine cc)
17998,BMW,3 Coupe (E92),engine_type-pattern,330 d (corr.),NULL,DB-internal consistency (etype vs linked engine cc)
18019,Volkswagen,GOLF V Variant (1K5),engine_type-spoof,1.9 TDI,NULL,DB-internal consistency (etype vs linked engine cc)
18024,Mazda,"BT-50 (CD, UN)",engine_type-pattern,2.5 D (corr.),NULL,DB-internal consistency (etype vs linked engine cc)
18027,Smart,FORFOUR (454),engine_type-pattern,1.5 (est.),NULL,DB-internal consistency (etype vs linked engine cc)
18037,Volkswagen,"FOX (5Z1, 5Z3)",engine_type-spoof,1.6,1.0 8v TotalFlex,DB-internal consistency (etype vs linked engine cc)
18039,Daihatsu,SIRION (M3_),engine_type-pattern,1.0 (corr.),1.0 12v,DB-internal consistency (etype vs linked engine cc)
18046,Honda,CR-V III (RE),engine_type-pattern,2.2 (est.),2.2 i-CTDi,DB-internal consistency (etype vs linked engine cc)
18047,Mitsubishi,"PAJERO IV (V8_W, V9_W)",engine_type-pattern,"3.8 V6 (V87W, V97W)",3.8 24v Automatic,DB-internal consistency (etype vs linked engine cc)
18048,Mitsubishi,"PAJERO IV (V8_W, V9_W)",engine_type-pattern,"3.2 DI-D (V88W, V98W)",3.2 V6 TD,DB-internal consistency (etype vs linked engine cc)
18049,Mitsubishi,"PAJERO IV (V8_W, V9_W)",engine_type-pattern,"3.2 DI-D (V88W, V98W)",3.2 V6 TD,DB-internal consistency (etype vs linked engine cc)
18050,BMW,5 (E60),engine_type-pattern,530 d (corr.),3.0 sd,DB-internal consistency (etype vs linked engine cc)
18063,BMW,5 Touring (E61),engine_type-pattern,Repair bearing/mounting block,NULL,DB-internal consistency (etype vs linked engine cc)
18064,BMW,5 Touring (E61),engine_type-pattern,530 d (corr.),3.0 sd,DB-internal consistency (etype vs linked engine cc)
18067,Renault,"CLIO III (BR0/1, CR0/1)",engine_type-pattern,2 (est.),NULL,DB-internal consistency (etype vs linked engine cc)
18068,Renault,"CLIO III (BR0/1, CR0/1)",engine_type-pattern,2 (est.),NULL,DB-internal consistency (etype vs linked engine cc)
18105,Toyota,"LAND CRUISER (KDJ12_, GRJ12_)",engine_type-pattern,3.0 D (corr.),3.0 D-4D,DB-internal consistency (etype vs linked engine cc)
18128,Toyota,"ALLION I (ZZT24_, NZT24_, AZT24_)",engine_type-spoof,1.8,1.6 16v,DB-internal consistency (etype vs linked engine cc)
18129,Mitsubishi,MAGNA Estate (TJ),engine_type-pattern,3.5 (corr.),3.5 Petrol,DB-internal consistency (etype vs linked engine cc)
18164,BMW,1 (E81),engine_type-pattern,320 i (corr.),318 i,DB-internal consistency (etype vs linked engine cc)
18165,BMW,1 (E81),engine_type-pattern,320 i (corr.),318 i,DB-internal consistency (etype vs linked engine cc)
18166,BMW,1 (E81),engine_type-pattern,320 i (corr.),320 i,DB-internal consistency (etype vs linked engine cc)
18167,BMW,1 (E81),engine_type-pattern,320 i (corr.),318 i,DB-internal consistency (etype vs linked engine cc)
18168,BMW,1 (E81),engine_type-pattern,320 i (corr.),318 i,DB-internal consistency (etype vs linked engine cc)
18169,BMW,1 (E81),engine_type-pattern,320 d (corr.),NULL,DB-internal consistency (etype vs linked engine cc)
18170,BMW,1 (E81),engine_type-pattern,320 d (corr.),116d 2000 D,DB-internal consistency (etype vs linked engine cc)
18171,BMW,1 (E81),engine_type-pattern,320 d (corr.),NULL,DB-internal consistency (etype vs linked engine cc)
18172,BMW,1 (E81),engine_type-pattern,320 d (corr.),116d 2000 D,DB-internal consistency (etype vs linked engine cc)
18214,Renault,"CLIO III (BR0/1, CR0/1)",engine_type-pattern,1.2 16V (corr.),NULL,DB-internal consistency (etype vs linked engine cc)
18215,Renault,MODUS / GRAND MODUS (F/JP0_),engine_type-pattern,1.2 16V (corr.),NULL,DB-internal consistency (etype vs linked engine cc)
18216,Renault,MODUS / GRAND MODUS (F/JP0_),engine_type-pattern,1.5 dCi (corr.),1.6 GT 16V (AE86),DB-internal consistency (etype vs linked engine cc)
18219,Land Rover,RANGE ROVER III (LM),engine_type-pattern,"Bush, connecting rod",3.6 TDV8 Autobiography DPF,DB-internal consistency (etype vs linked engine cc)
18220,Land Rover,RANGE ROVER SPORT (LS),engine_type-pattern,"Bush, connecting rod",3.6 TDV8 Autobiography DPF,DB-internal consistency (etype vs linked engine cc)
18224,Volvo,XC90 I,engine_type-pattern,3.2 (corr.),3.2 V6,DB-internal consistency (etype vs linked engine cc)
18232,Renault,MEGANE II Estate (KM0/1_),engine_type-pattern,1.5 dCi (corr.),1.5 dCi,DB-internal consistency (etype vs linked engine cc)
18249,Renault,SCÉNIC II (JM0/1_),engine_type-spoof,2.5 V6 GXI (VZV21_),1.5 dCi,DB-internal consistency (etype vs linked engine cc)
18250,Renault,SCÉNIC II (JM0/1_),engine_type-spoof,2.5 V6 GXI (VZV21_),NULL,DB-internal consistency (etype vs linked engine cc)
18284,Volvo,S80 II (AS),engine_type-pattern,3.2 (corr.),3.2 V6,DB-internal consistency (etype vs linked engine cc)
18285,Volvo,S80 II (AS),engine_type-pattern,D5 (corr.),2.4 20v D5,DB-internal consistency (etype vs linked engine cc)
18288,Volvo,V70 III (BW),engine_type-pattern,3.2 (corr.),3.2 V6,DB-internal consistency (etype vs linked engine cc)
18291,Volvo,XC70 II,engine_type-pattern,3.2 (corr.),3.2 V6,DB-internal consistency (etype vs linked engine cc)
18292,Volvo,XC70 II,engine_type-pattern,D5 (corr.),2.4 20v D5,DB-internal consistency (etype vs linked engine cc)
18294,Mercedes,CLK Convertible (A209),engine_type-pattern,C 180 Kompressor (corr.),200 Kompressor (209.341),DB-internal consistency (etype vs linked engine cc)
18295,Mercedes,CLK Convertible (A209),engine_type-pattern,GAZELLE (corr.),NULL,DB-internal consistency (etype vs linked engine cc)
18296,Mercedes,CLK Convertible (A209),engine_type-pattern,GAZELLE (corr.),NULL,DB-internal consistency (etype vs linked engine cc)
18320,Volkswagen,TIGUAN (5N_),engine_type-spoof,2.7 D Rear Wheel Drive,2.0 TDI (140),DB-internal consistency (etype vs linked engine cc)
18321,Volkswagen,TIGUAN (5N_),engine_type-spoof,2.7 D Rear Wheel Drive,2.0 TDI (140),DB-internal consistency (etype vs linked engine cc)
18322,Volkswagen,TIGUAN (5N_),engine_type-spoof,2.7 D Rear Wheel Drive,2.0 TDI (140),DB-internal consistency (etype vs linked engine cc)
18323,Volkswagen,TIGUAN (5N_),engine_type-spoof,2.7 D Rear Wheel Drive,2.0 TDI (170),DB-internal consistency (etype vs linked engine cc)
18324,Volkswagen,TIGUAN (5N_),engine_type-spoof,2.7 D Rear Wheel Drive,2.0 TDI (170),DB-internal consistency (etype vs linked engine cc)
18325,Volkswagen,TIGUAN (5N_),engine_type-pattern,2.0 (corr.),2.0 TFSI,DB-internal consistency (etype vs linked engine cc)
18326,Volkswagen,TIGUAN (5N_),engine_type-pattern,2.0 (corr.),2.0 TFSI,DB-internal consistency (etype vs linked engine cc)
18327,Volkswagen,TIGUAN (5N_),engine_type-pattern,2.0 (corr.),2.0 TFSI,DB-internal consistency (etype vs linked engine cc)
18328,Volkswagen,TIGUAN (5N_),engine_type-pattern,2.0 (corr.),2.0 16v TSI,DB-internal consistency (etype vs linked engine cc)
18329,Volkswagen,TIGUAN (5N_),engine_type-pattern,2.0 (corr.),2.0 16v TFSI,DB-internal consistency (etype vs linked engine cc)
18330,Volkswagen,TIGUAN (5N_),engine_type-pattern,1.4 TSI (corr.),1.4 16v TSI,DB-internal consistency (etype vs linked engine cc)
18331,Volkswagen,TIGUAN (5N_),engine_type-pattern,1.4 TSI (corr.),1.4 16v TSI,DB-internal consistency (etype vs linked engine cc)
18332,Volkswagen,TIGUAN (5N_),engine_type-pattern,1.4 TSI (corr.),1.4 TSI,DB-internal consistency (etype vs linked engine cc)
18362,Ford,TRANSIT Bus,engine_type-pattern,"CORSA A Hatchback (93_, 94_, 98_, 99_)",2.4 TDCi V347,DB-internal consistency (etype vs linked engine cc)
18390,Mazda,3 (BK),engine_type-pattern,2.3 (corr.),NULL,DB-internal consistency (etype vs linked engine cc)
18391,Mazda,3 (BK),engine_type-pattern,2.3 (corr.),NULL,DB-internal consistency (etype vs linked engine cc)
18401,Vauxhall,CORSA Mk III (D) (L_8),engine_type-spoof,4.0 HO,1.6 Turbo OPC,DB-internal consistency (etype vs linked engine cc)
18402,Vauxhall,CORSA Mk III (D) (L_8),engine_type-spoof,4.0 HO,1.6 16v Turbo,DB-internal consistency (etype vs linked engine cc)
18409,Suzuki,SAMURAI (SJ),engine_type-pattern,1.3 (corr.),NULL,DB-internal consistency (etype vs linked engine cc)
18411,Smart,ROADSTER Coupe (452),engine_type-pattern,0.7 (est.),NULL,DB-internal consistency (etype vs linked engine cc)
18412,Smart,ROADSTER Coupe (452),engine_type-pattern,0.7 (est.),YAKU,DB-internal consistency (etype vs linked engine cc)
18414,BMW,X5 (E70),engine_type-pattern,4.8 (est.),4.8,DB-internal consistency (etype vs linked engine cc)
18417,Mercedes,E-CLASS T-Model (S211),engine_type-pattern,E 220 T CDI (corr.),E 220 CDI (211.006),DB-internal consistency (etype vs linked engine cc)
18421,Kia,CEE'D SW (ED),engine_type-pattern,2.0 CRDi (corr.),2.0 CRDi 4WD,DB-internal consistency (etype vs linked engine cc)
18422,Kia,CEE'D Hatchback (ED),engine_type-pattern,2.0 CRDi (corr.),2.0 CRDi 4WD,DB-internal consistency (etype vs linked engine cc)
18463,Renault,LAGUNA III (BT0/1),engine_type-pattern,2.0 16V (corr.),NULL,DB-internal consistency (etype vs linked engine cc)
18465,Renault,LAGUNA III (BT0/1),engine_type-pattern,1.5 dCi (corr.),NULL,DB-internal consistency (etype vs linked engine cc)
18466,Renault,LAGUNA III (BT0/1),engine_type-pattern,2.0 dCi (corr.),NULL,DB-internal consistency (etype vs linked engine cc)
18467,Renault,LAGUNA III (BT0/1),engine_type-pattern,2.0 dCi (corr.),NULL,DB-internal consistency (etype vs linked engine cc)
18468,Renault,LAGUNA III (BT0/1),engine_type-pattern,2.0 dCi (corr.),NULL,DB-internal consistency (etype vs linked engine cc)
18474,Renault,LAGUNA III Grandtour (KT0/1),engine_type-pattern,2.0 16V (corr.),NULL,DB-internal consistency (etype vs linked engine cc)
18476,Renault,LAGUNA III Grandtour (KT0/1),engine_type-pattern,1.5 dCi (corr.),NULL,DB-internal consistency (etype vs linked engine cc)
18508,Mazda,CX-7 (ER),engine_type-pattern,2.3 (corr.),NULL,DB-internal consistency (etype vs linked engine cc)
18513,Mercedes,C-CLASS T-Model (S204),engine_type-spoof,4.0 XR6T Ute,C 180 Kompressor (204.046),DB-internal consistency (etype vs linked engine cc)
18514,Mercedes,C-CLASS T-Model (S204),engine_type-pattern,C 180 Kompressor (corr.),C 200 Kompressor (204.041),DB-internal consistency (etype vs linked engine cc)
18517,Mercedes,C-CLASS T-Model (S204),engine_type-pattern,350 (corr.),C 350 (204.056),DB-internal consistency (etype vs linked engine cc)
18518,Mercedes,C-CLASS T-Model (S204),engine_type-pattern,C 220 CDI (corr.),C 200 CDI (204.007),DB-internal consistency (etype vs linked engine cc)
18523,BMW,1 Coupe (E82),engine_type-pattern,at Spring Eye (corr.),1M 3000 TwinTurbo,DB-internal consistency (etype vs linked engine cc)
18524,BMW,1 Coupe (E82),engine_type-pattern,at Spring Eye (corr.),NULL,DB-internal consistency (etype vs linked engine cc)
18525,BMW,1 Coupe (E82),engine_type-pattern,320 d (corr.),NULL,DB-internal consistency (etype vs linked engine cc)
18526,BMW,1 Coupe (E82),engine_type-pattern,320 d (corr.),116d 2000 D,DB-internal consistency (etype vs linked engine cc)
18527,BMW,1 Coupe (E82),engine_type-pattern,320 d (corr.),NULL,DB-internal consistency (etype vs linked engine cc)
18528,BMW,1 Coupe (E82),engine_type-pattern,320 d (corr.),NULL,DB-internal consistency (etype vs linked engine cc)
18529,BMW,1 (E81),engine_type-pattern,320 d (corr.),NULL,DB-internal consistency (etype vs linked engine cc)
18530,BMW,1 (E81),engine_type-pattern,320 d (corr.),NULL,DB-internal consistency (etype vs linked engine cc)
18551,Renault,CLIO Grandtour (KR0/1_),engine_type-pattern,1.2 16V (corr.),NULL,DB-internal consistency (etype vs linked engine cc)
18552,Renault,CLIO Grandtour (KR0/1_),engine_type-pattern,1.2 16V (corr.),1.2 16V,DB-internal consistency (etype vs linked engine cc)
18559,Renault,CLIO Grandtour (KR0/1_),engine_type-pattern,1.5 dCi (corr.),1.6 GT 16V (AE86),DB-internal consistency (etype vs linked engine cc)
18560,Renault,CLIO Grandtour (KR0/1_),engine_type-pattern,1.5 dCi (corr.),NULL,DB-internal consistency (etype vs linked engine cc)
18561,Mercedes,C-CLASS T-Model (S204),engine_type-pattern,C 320 CDI (corr.),C 320 CDI (204.022),DB-internal consistency (etype vs linked engine cc)
18563,Mercedes,C-CLASS T-Model (S204),engine_type-pattern,C 320 CDI (corr.),C 320 CDI 4-matic (204.089),DB-internal consistency (etype vs linked engine cc)
18564,Renault,KANGOO / GRAND KANGOO (KW0/1_),engine_type-pattern,1.6 (corr.),NULL,DB-internal consistency (etype vs linked engine cc)
18565,Renault,KANGOO / GRAND KANGOO (KW0/1_),engine_type-pattern,1.6 (corr.),NULL,DB-internal consistency (etype vs linked engine cc)
18567,Renault,KANGOO / GRAND KANGOO (KW0/1_),engine_type-spoof,2.0 Turbo 4x4,NULL,DB-internal consistency (etype vs linked engine cc)
18568,Renault,KANGOO / GRAND KANGOO (KW0/1_),engine_type-pattern,1.5 dCi (corr.),NULL,DB-internal consistency (etype vs linked engine cc)
18569,Renault,KANGOO / GRAND KANGOO (KW0/1_),engine_type-spoof,3.0 Turbo,1.5 dCi,DB-internal consistency (etype vs linked engine cc)
18570,Renault,KANGOO / GRAND KANGOO (KW0/1_),engine_type-spoof,3.0 Turbo,NULL,DB-internal consistency (etype vs linked engine cc)
18577,Mercedes,E-CLASS (W211),engine_type-pattern,350 (corr.),NULL,DB-internal consistency (etype vs linked engine cc)
18580,Kia,PRO CEE'D (ED),engine_type-pattern,2.0 CRDi (corr.),2.0 CRDi 4WD,DB-internal consistency (etype vs linked engine cc)
18581,Mercedes,E-CLASS (W211),engine_type-pattern,C 320 CDI (corr.),E 280 CDI (211.020),DB-internal consistency (etype vs linked engine cc)
18587,Renault,TWINGO II (CN0_),engine_type-pattern,1.2 16V (corr.),NULL,DB-internal consistency (etype vs linked engine cc)
18588,Renault,TWINGO II (CN0_),engine_type-pattern,1.5 dCi (corr.),1.5 dCi,DB-internal consistency (etype vs linked engine cc)
18597,Renault,KANGOO Express (FW0/1_),engine_type-spoof,2.0 GTX,NULL,DB-internal consistency (etype vs linked engine cc)
18598,Renault,KANGOO Express (FW0/1_),engine_type-spoof,2.0 GTX,NULL,DB-internal consistency (etype vs linked engine cc)
18599,Renault,KANGOO Express (FW0/1_),engine_type-pattern,1.5 dCi (corr.),NULL,DB-internal consistency (etype vs linked engine cc)
18655,Audi,"A4 Avant (8ED, B7)",engine_type-pattern,"1.0 i (SF310, AA44)",3.0,DB-internal consistency (etype vs linked engine cc)
18683,Opel,INSIGNIA Estate,engine_type-pattern,2.0 CDTI (corr.),2.0 CDTI,DB-internal consistency (etype vs linked engine cc)
18685,Seat,"ALHAMBRA (7V8, 7V9)",engine_type-pattern,1.9 TDI (corr.),1.9 TDI (130),DB-internal consistency (etype vs linked engine cc)
18713,Volkswagen,BEETLE (5C1),engine_type-pattern,1.6 (est.),1.6 TDI (105),DB-internal consistency (etype vs linked engine cc)
18714,Smart,CITY,engine_type-pattern,Retrofit leather multifunction steering wheel (without SA 248),NULL,DB-internal consistency (etype vs linked engine cc)
18742,Volkswagen,POLO Saloon (9A4),engine_type-spoof,1.6,1.0 8v TotalFlex,DB-internal consistency (etype vs linked engine cc)
18750,Foton,AUMARK MPV (BJ1_),engine_type-pattern,2.8 D (corr.),2.8 Di,DB-internal consistency (etype vs linked engine cc)
18751,Foton,AUMARK MPV (BJ1_),engine_type-pattern,4 (est.),NULL,DB-internal consistency (etype vs linked engine cc)
18752,Foton,AUMARK MPV (BJ1_),engine_type-pattern,4.1 (est.),NULL,DB-internal consistency (etype vs linked engine cc)
18755,Foton,FORLAND Platform/Chassis (BJ1_),engine_type-pattern,3.3 (est.),NULL,DB-internal consistency (etype vs linked engine cc)
18762,Seat,LEON (1P1),engine_type-pattern,1.6 (corr.),1.6 8v MultiFuel,DB-internal consistency (etype vs linked engine cc)
18777,BMW,i3,engine_type-pattern,Retrofit leather multifunction steering wheel (without SA 248),NULL,DB-internal consistency (etype vs linked engine cc)
18781,Toyota,"WILL VS (ZZE12_, NZE12_)",engine_type-spoof,1.8 VVTi,1.6 16v,DB-internal consistency (etype vs linked engine cc)
18782,Toyota,"WILL VS (ZZE12_, NZE12_)",engine_type-pattern,1.8 (corr.),NULL,DB-internal consistency (etype vs linked engine cc)
18784,Toyota,WINDOM (MCV3_),engine_type-pattern,3.0 (corr.),3.0 V6 24v DOHC VVT-i,DB-internal consistency (etype vs linked engine cc)
18785,Toyota,"WISH MPV (ZNE1_, ANE1_)",engine_type-spoof,1.8 Hi 4WD,1.6 16v,DB-internal consistency (etype vs linked engine cc)
18786,Toyota,"WISH MPV (ZNE1_, ANE1_)",engine_type-pattern,1.8 (corr.),1.6 16v,DB-internal consistency (etype vs linked engine cc)
18787,Toyota,"WISH MPV (ZNE1_, ANE1_)",engine_type-pattern,2.0 (corr.),2.0 16v VVT-i,DB-internal consistency (etype vs linked engine cc)
18796,BMW,1 Convertible (E88),engine_type-pattern,320 i (corr.),318 i,DB-internal consistency (etype vs linked engine cc)
18797,BMW,1 Convertible (E88),engine_type-pattern,320 i (corr.),318 i,DB-internal consistency (etype vs linked engine cc)
18798,BMW,1 Convertible (E88),engine_type-pattern,330 i (corr.),NULL,DB-internal consistency (etype vs linked engine cc)
18848,Dacia,LOGAN (LS_),engine_type-pattern,1.5 dCi (corr.),1.5 dCi,DB-internal consistency (etype vs linked engine cc)
18849,Dacia,LOGAN MCV (KS_),engine_type-pattern,2.0 -16 (corr.),1.5 dCi,DB-internal consistency (etype vs linked engine cc)
18894,Renault,KOLEOS (HY_),engine_type-spoof,2.4 TD (LJ77),NULL,DB-internal consistency (etype vs linked engine cc)
18911,Jeep,PATRIOT (MK74),engine_type-pattern,2.4 (est.),NULL,DB-internal consistency (etype vs linked engine cc)
18912,Jeep,PATRIOT (MK74),engine_type-pattern,2 (est.),2.0 16v CRD,DB-internal consistency (etype vs linked engine cc)
18913,Jeep,PATRIOT (MK74),engine_type-pattern,2 (est.),NULL,DB-internal consistency (etype vs linked engine cc)
18918,Lexus,"LS (UVF4_, USF4_)",engine_type-pattern,5 (est.),NULL,DB-internal consistency (etype vs linked engine cc)
18934,Toyota,"COROLLA Saloon (_E12J_, _E12T_)",engine_type-spoof,1.8,1.6 16v,DB-internal consistency (etype vs linked engine cc)
18936,Toyota,"COROLLA Verso (ZDE12_, CDE12_)",engine_type-spoof,1.8 VVTi 4WD,1.6 16v,DB-internal consistency (etype vs linked engine cc)
18941,Acura,RL,engine_type-pattern,CORVETTE (corr.),NULL,DB-internal consistency (etype vs linked engine cc)
18967,Toyota,MATRIX (ZZE13_),engine_type-spoof,1.8 VVTi 4WD,1.6 16v,DB-internal consistency (etype vs linked engine cc)
18968,Toyota,MATRIX (ZZE13_),engine_type-spoof,1.8 VVTi,1.6 16v,DB-internal consistency (etype vs linked engine cc)
18969,Renault,"CLIO II (BB0/1/2_, CB0/1/2_)",engine_type-spoof,2.3 R,1.6 Hi-Flex,DB-internal consistency (etype vs linked engine cc)
18987,Chevrolet,Colorado,engine_type-pattern,3.5 (est.),NULL,DB-internal consistency (etype vs linked engine cc)
18989,Chevrolet,Suburban,engine_type-pattern,5.3 (corr.),5.3 V8 Vortec,DB-internal consistency (etype vs linked engine cc)
18990,Chevrolet,Suburban,engine_type-pattern,5.3 (corr.),NULL,DB-internal consistency (etype vs linked engine cc)
18991,Chevrolet,Suburban,engine_type-pattern,5.3 (corr.),NULL,DB-internal consistency (etype vs linked engine cc)
18994,Chevrolet,Uplander,engine_type-pattern,3.5 (est.),3.5,DB-internal consistency (etype vs linked engine cc)
18995,Chevrolet,Uplander,engine_type-pattern,3.5 (est.),NULL,DB-internal consistency (etype vs linked engine cc)
18996,Chrysler,DAKOTA,engine_type-pattern,4.7 (corr.),4.7 V8 4x4,DB-internal consistency (etype vs linked engine cc)
19039,Land Rover,DISCOVERY III (TAA),engine_type-pattern,4 (est.),NULL,DB-internal consistency (etype vs linked engine cc)
19043,Ssangyong,Korando,engine_type-pattern,2.0 Xdi (corr.),NULL,DB-internal consistency (etype vs linked engine cc)
19045,Toyota,PRADO,engine_type-pattern,4 (est.),4.0 V6 VVT-i,DB-internal consistency (etype vs linked engine cc)
19046,Mercedes,"R-CLASS (W251, V251)",engine_type-spoof,1800 Turismo 4WD,NULL,DB-internal consistency (etype vs linked engine cc)
19047,Mercedes,"R-CLASS (W251, V251)",engine_type-pattern,"R 350 (251.056, 251.156)",ML 350 4-matic (164.186),DB-internal consistency (etype vs linked engine cc)
19048,Mercedes,"R-CLASS (W251, V251)",engine_type-pattern,"R 500 4-matic (251.072, 251.172)",NULL,DB-internal consistency (etype vs linked engine cc)
19051,BMW,1 Coupe (E82),engine_type-pattern,330 i (corr.),NULL,DB-internal consistency (etype vs linked engine cc)
19052,BMW,1 Coupe (E82),engine_type-pattern,330 i (corr.),325 i,DB-internal consistency (etype vs linked engine cc)
19053,BMW,1 Convertible (E88),engine_type-pattern,320 i (corr.),318 i,DB-internal consistency (etype vs linked engine cc)
19054,BMW,1 Convertible (E88),engine_type-pattern,at Spring Eye (corr.),1M 3000 TwinTurbo,DB-internal consistency (etype vs linked engine cc)
19055,BMW,1 Convertible (E88),engine_type-pattern,at Spring Eye (corr.),NULL,DB-internal consistency (etype vs linked engine cc)
19056,BMW,1 Convertible (E88),engine_type-pattern,320 d (corr.),NULL,DB-internal consistency (etype vs linked engine cc)
19057,BMW,1 Convertible (E88),engine_type-pattern,320 d (corr.),116d 2000 D,DB-internal consistency (etype vs linked engine cc)
19070,Mazda,6 (GH),engine_type-pattern,1.8 (corr.),1.8,DB-internal consistency (etype vs linked engine cc)
19072,Mazda,6 (GH),engine_type-pattern,2.5 (corr.),2.5 16v MZR,DB-internal consistency (etype vs linked engine cc)
19074,Mazda,6 Hatchback (GH),engine_type-pattern,1.8 (corr.),1.8,DB-internal consistency (etype vs linked engine cc)
19076,Mazda,6 Hatchback (GH),engine_type-pattern,2.5 (corr.),2.5 16v MZR,DB-internal consistency (etype vs linked engine cc)
19081,BMW,3 (E90),engine_type-pattern,at Spring Eye (corr.),1M 3000 TwinTurbo,DB-internal consistency (etype vs linked engine cc)
19082,BMW,3 (E90),engine_type-pattern,at Spring Eye (corr.),NULL,DB-internal consistency (etype vs linked engine cc)
19093,BMW,3 Touring (E91),engine_type-pattern,at Spring Eye (corr.),1M 3000 TwinTurbo,DB-internal consistency (etype vs linked engine cc)
19094,BMW,3 Touring (E91),engine_type-pattern,at Spring Eye (corr.),NULL,DB-internal consistency (etype vs linked engine cc)
19101,BMW,3 Convertible (E93),engine_type-pattern,330 d (corr.),NULL,DB-internal consistency (etype vs linked engine cc)
19104,BMW,1 (E81),engine_type-pattern,1.6 (est.),NULL,DB-internal consistency (etype vs linked engine cc)
19105,BMW,1 (E81),engine_type-pattern,1.6 (est.),NULL,DB-internal consistency (etype vs linked engine cc)
19113,BMW,6 (E63),engine_type-pattern,330 i (corr.),NULL,DB-internal consistency (etype vs linked engine cc)
19114,BMW,6 (E63),engine_type-pattern,330 i (corr.),NULL,DB-internal consistency (etype vs linked engine cc)
19115,BMW,6 (E63),engine_type-pattern,530 d (corr.),3.0 sd,DB-internal consistency (etype vs linked engine cc)
19116,BMW,6 Convertible (E64),engine_type-pattern,530 d (corr.),3.0 sd,DB-internal consistency (etype vs linked engine cc)
19117,BMW,6 Convertible (E64),engine_type-pattern,330 i (corr.),NULL,DB-internal consistency (etype vs linked engine cc)
19118,BMW,6 Convertible (E64),engine_type-pattern,330 i (corr.),NULL,DB-internal consistency (etype vs linked engine cc)
19119,BMW,6 Convertible (E64),engine_type-pattern,330 i (corr.),NULL,DB-internal consistency (etype vs linked engine cc)
19131,Mercedes,E-CLASS (W211),engine_type-pattern,C 230 (corr.),NULL,DB-internal consistency (etype vs linked engine cc)
19144,Toyota,"4 RUNNER (KZN18_, VZN18_, RZN18_)",engine_type-pattern,1.8 (corr.),NULL,DB-internal consistency (etype vs linked engine cc)
19149,Nissan,PICK UP (D22),engine_type-pattern,3.3 (est.),NULL,DB-internal consistency (etype vs linked engine cc)
19152,Toyota,"LAND CRUISER (KDJ12_, GRJ12_)",engine_type-pattern,2.7 (corr.),2.7 VVT-i,DB-internal consistency (etype vs linked engine cc)
19170,Chevrolet,Avalanche,engine_type-pattern,5.3 (corr.),NULL,DB-internal consistency (etype vs linked engine cc)
19172,Chevrolet,Avalanche,engine_type-pattern,8.1 (corr.),8.1 V8 Vortec,DB-internal consistency (etype vs linked engine cc)
19174,Chevrolet,Colorado,engine_type-pattern,2.9 (est.),NULL,DB-internal consistency (etype vs linked engine cc)
19208,Fiat,PUNTO (199),engine_type-pattern,1.4 (corr.),1.4 16v MultiAir (105),DB-internal consistency (etype vs linked engine cc)
19221,Chrysler,SEBRING (JS),engine_type-pattern,3.5 (corr.),3.5 V6 24V,DB-internal consistency (etype vs linked engine cc)
19222,Chrysler,SEBRING (JS),engine_type-pattern,3.5 (corr.),NULL,DB-internal consistency (etype vs linked engine cc)
19223,Honda,BRIO,engine_type-pattern,not for 4 speed automatic transmission,KADETT,DB-internal consistency (etype vs linked engine cc)
19224,Honda,BRIO,engine_type-pattern,not for 4 speed automatic transmission,1.4 16v i-VTEC,DB-internal consistency (etype vs linked engine cc)
19225,Honda,BRIO,engine_type-pattern,not for 4 speed automatic transmission,1.3,DB-internal consistency (etype vs linked engine cc)
19228,Rolls-Royce,WRAITH Coupe,engine_type-pattern,6.6 (est.),NULL,DB-internal consistency (etype vs linked engine cc)
19236,Daihatsu,RUSH,engine_type-spoof,1.5,1.3,DB-internal consistency (etype vs linked engine cc)
19238,Daihatsu,STORIA,engine_type-pattern,1.3 (corr.),1.3,DB-internal consistency (etype vs linked engine cc)
19251,Daihatsu,COO,engine_type-pattern,1.3 (corr.),1.3 GTti,DB-internal consistency (etype vs linked engine cc)
19260,Toyota,"CALDINA (ST21_, CT21_, AT21_)",engine_type-pattern,2.0 (corr.),NULL,DB-internal consistency (etype vs linked engine cc)
19266,Toyota,"HARRIER (MCU3_, MHU3_, ACU3_, GSU3_)",engine_type-pattern,"Spacer Tube, torsion bar",NULL,DB-internal consistency (etype vs linked engine cc)
19267,Toyota,"HARRIER (MCU3_, MHU3_, ACU3_, GSU3_)",engine_type-pattern,"Spacer Disc, connector rod",NULL,DB-internal consistency (etype vs linked engine cc)
19268,Toyota,"HARRIER (MCU3_, MHU3_, ACU3_, GSU3_)",engine_type-pattern,3.5 (corr.),RX350 3.5 V6 VVT-i,DB-internal consistency (etype vs linked engine cc)
19270,Toyota,"ISIS (ZNM1_, ANM1_, ZGM1_)",engine_type-spoof,1.8 VVTi,1.6 16v,DB-internal consistency (etype vs linked engine cc)
19272,Subaru,"IMPREZA Hatchback (GR, GH, G3)",engine_type-pattern,2.0 D (corr.),2.0 16v D,DB-internal consistency (etype vs linked engine cc)
19279,Toyota,"OPA (ZCT1_, ACT1_)",engine_type-pattern,1.8 (corr.),1.6 16v,DB-internal consistency (etype vs linked engine cc)
19280,Toyota,"OPA (ZCT1_, ACT1_)",engine_type-spoof,1.8,1.6 16v,DB-internal consistency (etype vs linked engine cc)
19295,Toyota,"ECHO Hatchback (NCP13_, NCP12_)",engine_type-pattern,1.4 D-4D (corr.),1.4 8v D-4D,DB-internal consistency (etype vs linked engine cc)
19323,Toyota,"SIENNA (MCL2_, GSL2_)",engine_type-pattern,3.3 (corr.),NULL,DB-internal consistency (etype vs linked engine cc)
19330,Fiat,PUNTO (199),engine_type-pattern,1.4 (corr.),1.4 16v Turbo MultiAir (135),DB-internal consistency (etype vs linked engine cc)
19363,Mercedes,CLC-CLASS (CL203),engine_type-pattern,Repair steering wheel *,C 180 Kompressor (203.046),DB-internal consistency (etype vs linked engine cc)
19364,Mercedes,CLC-CLASS (CL203),engine_type-pattern,C 180 Kompressor (corr.),200 Kompressor (209.341),DB-internal consistency (etype vs linked engine cc)
19365,Mercedes,CLC-CLASS (CL203),engine_type-pattern,C 180 Kompressor (corr.),NULL,DB-internal consistency (etype vs linked engine cc)
19366,Mercedes,CLC-CLASS (CL203),engine_type-pattern,C 230 (corr.),C 230 (203.752),DB-internal consistency (etype vs linked engine cc)
19367,Mercedes,CLC-CLASS (CL203),engine_type-pattern,350 (corr.),C 350 (203.756),DB-internal consistency (etype vs linked engine cc)
19368,Mercedes,CLC-CLASS (CL203),engine_type-pattern,C 220 CDI (corr.),C 200 CDI,DB-internal consistency (etype vs linked engine cc)
19369,Mercedes,CLC-CLASS (CL203),engine_type-pattern,C 220 CDI (corr.),C 220 CDI (203.208),DB-internal consistency (etype vs linked engine cc)
19373,Mercedes,M-CLASS (W164),engine_type-spoof,1800 4WD (AM),NULL,DB-internal consistency (etype vs linked engine cc)
19375,Mercedes,S-CLASS (W221),engine_type-pattern,350 (corr.),NULL,DB-internal consistency (etype vs linked engine cc)
19376,Mercedes,S-CLASS (W221),engine_type-pattern,350 (corr.),NULL,DB-internal consistency (etype vs linked engine cc)
19380,Mercedes,SL (R230),engine_type-pattern,HHR (corr.),NULL,DB-internal consistency (etype vs linked engine cc)
19393,BMW,3 (E90),engine_type-pattern,Completely remove/refit sliding roof laminates,M,DB-internal consistency (etype vs linked engine cc)
19433,Fiat,PANDA (169),engine_type-pattern,"1800 Super 4WD (AM, AJ)",1.2 8v,DB-internal consistency (etype vs linked engine cc)
19444,Renault,MODUS / GRAND MODUS (F/JP0_),engine_type-pattern,1.2 16V (corr.),1.2 16V,DB-internal consistency (etype vs linked engine cc)
19445,Renault,MODUS / GRAND MODUS (F/JP0_),engine_type-spoof,2.0 Super (YR21),1.5 dCi,DB-internal consistency (etype vs linked engine cc)
19451,Mitsubishi,OUTLANDER II (CW_W),engine_type-pattern,2.2 (est.),NULL,DB-internal consistency (etype vs linked engine cc)
19452,Mitsubishi,OUTLANDER II (CW_W),engine_type-pattern,2.2 (est.),NULL,DB-internal consistency (etype vs linked engine cc)
19458,BMW,"X6 (E71, E72)",engine_type-pattern,at Spring Eye (corr.),1M 3000 TwinTurbo,DB-internal consistency (etype vs linked engine cc)
19459,BMW,"X6 (E71, E72)",engine_type-pattern,Dismantle/assemble gear selector bearing/mounting body (corr.),NULL,DB-internal consistency (etype vs linked engine cc)
19460,BMW,"X6 (E71, E72)",engine_type-pattern,530 d (corr.),NULL,DB-internal consistency (etype vs linked engine cc)
19461,BMW,"X6 (E71, E72)",engine_type-pattern,530 d (corr.),3.0 sd,DB-internal consistency (etype vs linked engine cc)
19464,Mitsubishi,LANCER SPORTBACK (CX_A),engine_type-pattern,1.8 (corr.),1.8,DB-internal consistency (etype vs linked engine cc)
19471,Renault,LAGUNA III Grandtour (KT0/1),engine_type-pattern,2.0 dCi (corr.),BJ2020,DB-internal consistency (etype vs linked engine cc)
19472,Renault,LAGUNA III Grandtour (KT0/1),engine_type-pattern,2.0 dCi (corr.),NULL,DB-internal consistency (etype vs linked engine cc)
19473,Renault,TWINGO II (CN0_),engine_type-pattern,1.6 (corr.),NULL,DB-internal consistency (etype vs linked engine cc)
19474,Renault,KOLEOS (HY_),engine_type-pattern,2.0 dCi (corr.),NULL,DB-internal consistency (etype vs linked engine cc)
19475,Renault,KOLEOS (HY_),engine_type-pattern,2.0 dCi (corr.),NULL,DB-internal consistency (etype vs linked engine cc)
19476,Renault,KOLEOS (HY_),engine_type-pattern,2.0 dCi (corr.),NULL,DB-internal consistency (etype vs linked engine cc)
19477,Renault,KOLEOS (HY_),engine_type-pattern,2.0 dCi (corr.),NULL,DB-internal consistency (etype vs linked engine cc)
19478,Renault,KOLEOS (HY_),engine_type-pattern,2.0 dCi (corr.),NULL,DB-internal consistency (etype vs linked engine cc)
19479,Renault,KOLEOS (HY_),engine_type-pattern,2.0 dCi (corr.),NULL,DB-internal consistency (etype vs linked engine cc)
19480,Renault,KOLEOS (HY_),engine_type-pattern,2.0 dCi (corr.),NULL,DB-internal consistency (etype vs linked engine cc)
19482,Lada,PRIORA Saloon (2170),engine_type-spoof,1.6,1.3,DB-internal consistency (etype vs linked engine cc)
19484,Lada,PRIORA Hatchback (2172),engine_type-spoof,1.6,1.3,DB-internal consistency (etype vs linked engine cc)
19486,Lada,KALINA Estate (1117),engine_type-spoof,1.6,1.3,DB-internal consistency (etype vs linked engine cc)
19512,Cadillac,Escalade,engine_type-pattern,6.2 (corr.),NULL,DB-internal consistency (etype vs linked engine cc)
19514,Renault,LATITUDE (L70_),engine_type-pattern,2.5 (est.),NULL,DB-internal consistency (etype vs linked engine cc)
19524,Volkswagen,GOLF VII Estate (BA5),engine_type-spoof,2.7 D Rear Wheel Drive,2.0 TDI (150),DB-internal consistency (etype vs linked engine cc)
19525,Volkswagen,GOLF VII Estate (BA5),engine_type-spoof,2.7 D Rear Wheel Drive,2.0 16v TDI,DB-internal consistency (etype vs linked engine cc)
19526,Volkswagen,GOLF VII Estate (BA5),engine_type-spoof,2.7 D Rear Wheel Drive,2.0 TDI,DB-internal consistency (etype vs linked engine cc)
19527,Volkswagen,GOLF VII Estate (BA5),engine_type-spoof,2.7 D Rear Wheel Drive,2.0 TDI (150),DB-internal consistency (etype vs linked engine cc)
19539,Volkswagen,GOLF VII Estate (BA5),engine_type-pattern,1.6 (est.),1.6 TDI (105),DB-internal consistency (etype vs linked engine cc)
19541,Volkswagen,GOLF VII Estate (BA5),engine_type-pattern,1.6 (est.),1.6 16v TDI,DB-internal consistency (etype vs linked engine cc)
19542,Volkswagen,GOLF VII Estate (BA5),engine_type-pattern,1.6 (est.),1.6 16v TDI,DB-internal consistency (etype vs linked engine cc)
19544,Holden,CAPRICE Saloon (WK),engine_type-pattern,3.8 (est.),NULL,DB-internal consistency (etype vs linked engine cc)
19550,Cadillac,Escalade,engine_type-pattern,6 (est.),NULL,DB-internal consistency (etype vs linked engine cc)
19559,Mercedes,CLA Coupe (C117),engine_type-pattern,2 (est.),NULL,DB-internal consistency (etype vs linked engine cc)
19562,Honda,"CIVIC VII Hatchback (EU, EP, EV)",engine_type-pattern,1.7 (est.),ODYSSEY (RA_),DB-internal consistency (etype vs linked engine cc)
19566,Infiniti,Q50,engine_type-pattern,35 (corr.),EX35 3.5 V6 AWD Crossover,DB-internal consistency (etype vs linked engine cc)
19569,Mitsubishi,"OUTLANDER III Van (GF_W, GG_W)",engine_type-pattern,2.3 (est.),2.2 16v DI-D 4WD Automatic,DB-internal consistency (etype vs linked engine cc)
19570,Vauxhall,COMBO TOUR Mk II (C) (F25),engine_type-pattern,1.6 (corr.),1.6 16v FlexFuel,DB-internal consistency (etype vs linked engine cc)
19577,Daewoo,Tosca,engine_type-pattern,2 (est.),2.0 CDTI,DB-internal consistency (etype vs linked engine cc)
19578,Holden,RODEO Platform/Chassis (RA),engine_type-pattern,3 (est.),NLR 3.0 TD,DB-internal consistency (etype vs linked engine cc)
19586,Chrysler,"RAM 2500 Pickup (D1, DC, DH, DM, DR)",engine_type-pattern,2.2 Vtec (corr.),5.9 I6 Cummins 24V Turbo Diesel,DB-internal consistency (etype vs linked engine cc)
19587,Holden,STATESMAN Saloon (WL),engine_type-pattern,3.6 (est.),3.6 Petrol,DB-internal consistency (etype vs linked engine cc)
19590,Chrysler,CALIBER,engine_type-pattern,Radiator grille touch-up paint (stage 3),NULL,DB-internal consistency (etype vs linked engine cc)
19591,Holden,CAPRICE Saloon (WL),engine_type-pattern,3.6 (est.),3.6 Petrol,DB-internal consistency (etype vs linked engine cc)
19592,Lamborghini,AVENTADOR Convertible,engine_type-pattern,6.5 (est.),NULL,DB-internal consistency (etype vs linked engine cc)
19615,Volkswagen,GOLF VII Estate (BA5),engine_type-pattern,1.6 (est.),1.6 TDI (110) Clean Diesel,DB-internal consistency (etype vs linked engine cc)
19616,Volkswagen,GOLF VII Estate (BA5),engine_type-pattern,1.6 (est.),NULL,DB-internal consistency (etype vs linked engine cc)
19617,BMW,X1 (E84),engine_type-pattern,320 i (corr.),318 i,DB-internal consistency (etype vs linked engine cc)
19618,Holden,STATESMAN Saloon (WM),engine_type-pattern,3.6 (est.),3.6 V6,DB-internal consistency (etype vs linked engine cc)
19619,Holden,STATESMAN Saloon (WM),engine_type-pattern,6 (est.),6.0,DB-internal consistency (etype vs linked engine cc)
19620,Mercedes,"SPRINTER CLASSIC 3,5-t Box (909)",engine_type-pattern,C 220 CDI (corr.),211 CDI,DB-internal consistency (etype vs linked engine cc)
19621,Mercedes,"SPRINTER CLASSIC 3,5-t Box (909)",engine_type-pattern,C 220 CDI (corr.),211 CDI,DB-internal consistency (etype vs linked engine cc)
19622,Mercedes,"SPRINTER CLASSIC 3,5-t Box (909)",engine_type-pattern,C 220 CDI (corr.),CDI 2.2,DB-internal consistency (etype vs linked engine cc)
19623,Mercedes,"SPRINTER CLASSIC 3,5-t Box (909)",engine_type-pattern,C 220 CDI (corr.),NULL,DB-internal consistency (etype vs linked engine cc)
19624,Mercedes,"SPRINTER CLASSIC 4,6-t Bus (909)",engine_type-pattern,C 220 CDI (corr.),211 CDI,DB-internal consistency (etype vs linked engine cc)
19625,Mercedes,"SPRINTER CLASSIC 4,6-t Bus (909)",engine_type-pattern,C 220 CDI (corr.),211 CDI,DB-internal consistency (etype vs linked engine cc)
19626,Mercedes,"SPRINTER CLASSIC 4,6-t Bus (909)",engine_type-pattern,C 220 CDI (corr.),CDI 2.2,DB-internal consistency (etype vs linked engine cc)
19627,Mercedes,"SPRINTER CLASSIC 4,6-t Bus (909)",engine_type-pattern,C 220 CDI (corr.),NULL,DB-internal consistency (etype vs linked engine cc)
19628,Holden,CAPRICE Saloon (WM),engine_type-pattern,3.6 (est.),3.6 Petrol,DB-internal consistency (etype vs linked engine cc)
19633,Lamborghini,AVENTADOR Coupe,engine_type-pattern,6.5 (est.),NULL,DB-internal consistency (etype vs linked engine cc)
19636,Volkswagen,GOLF VII Estate (BA5),engine_type-pattern,1.4 TSI (corr.),1.4 TFSI G-Tron,DB-internal consistency (etype vs linked engine cc)
19637,Volkswagen,GOLF VII Estate (BA5),engine_type-pattern,1.4 TSI (corr.),NULL,DB-internal consistency (etype vs linked engine cc)
19645,Mercedes,G-CLASS (W463),engine_type-pattern,55 AMG (corr.),NULL,DB-internal consistency (etype vs linked engine cc)
19649,Volvo,V70 III (BW),engine_type-pattern,2.0 (corr.),NULL,DB-internal consistency (etype vs linked engine cc)
19681,Suzuki,"SWIFT III (MZ, EZ)",engine_type-pattern,1.5 (corr.),Make centre right seat functional,DB-internal consistency (etype vs linked engine cc)
19683,Chrysler,"RAM 1500 Pickup (DJ, DS)",engine_type-pattern,5.7 (corr.),5.7 V8 HEMI (VCT),DB-internal consistency (etype vs linked engine cc)
19684,Chevrolet,SILVERADO 1500,engine_type-pattern,4.8 (est.),NULL,DB-internal consistency (etype vs linked engine cc)
19690,Mercedes,"S-CLASS (W222, V222, X222)",engine_type-pattern,4.7 (est.),NULL,DB-internal consistency (etype vs linked engine cc)
19691,Mercedes,"S-CLASS (W222, V222, X222)",engine_type-pattern,4.7 (est.),NULL,DB-internal consistency (etype vs linked engine cc)
19731,Kia,SORENTO I (JC),engine_type-pattern,3.3 (est.),3.3,DB-internal consistency (etype vs linked engine cc)
19759,Renault,LAGUNA III (BT0/1),engine_type-pattern,2.0 dCi (corr.),NULL,DB-internal consistency (etype vs linked engine cc)
19760,Renault,LAGUNA III (BT0/1),engine_type-pattern,2.0 dCi (corr.),NULL,DB-internal consistency (etype vs linked engine cc)
19761,Renault,LAGUNA III (BT0/1),engine_type-pattern,2.0 dCi (corr.),NULL,DB-internal consistency (etype vs linked engine cc)
19765,Renault,LAGUNA Coupe (DT0/1),engine_type-pattern,3 (est.),NULL,DB-internal consistency (etype vs linked engine cc)
19766,Renault,LAGUNA Coupe (DT0/1),engine_type-pattern,3 (est.),NULL,DB-internal consistency (etype vs linked engine cc)
19788,Renault,LAGUNA Coupe (DT0/1),engine_type-pattern,3.5 (est.),NULL,DB-internal consistency (etype vs linked engine cc)
19845,Saab,9-3 Convertible (YS3F),engine_type-pattern,2.0 t (corr.),2.0 16v Turbo,DB-internal consistency (etype vs linked engine cc)
19847,Saab,9-3 (YS3F),engine_type-pattern,2.0 t (corr.),2.0 16v Turbo,DB-internal consistency (etype vs linked engine cc)
19858,Volvo,V70 III (BW),engine_type-pattern,2.5 T (corr.),2.5 20v Turbo Flex,DB-internal consistency (etype vs linked engine cc)
19862,BMW,"3 (F30, F35, F80)",engine_type-pattern,320 d (corr.),116d 2000 D,DB-internal consistency (etype vs linked engine cc)
19879,Chevrolet,TAHOE (GMT900),engine_type-pattern,2.2 S2 (corr.),5.3 V8 Vortec FlexFuel,DB-internal consistency (etype vs linked engine cc)
19880,Chevrolet,TAHOE (GMT900),engine_type-pattern,2.2 S2 (corr.),5.3 Flex-Fuel 4WD,DB-internal consistency (etype vs linked engine cc)
19888,Hummer,HUMMER H2,engine_type-pattern,6.2 (est.),6.2,DB-internal consistency (etype vs linked engine cc)
19892,Citroen,"JUMPY Platform/Chassis (BU_, BV_, BW_, BX_)",engine_type-pattern,"EVASION (22, U6)",2.0 HDI,DB-internal consistency (etype vs linked engine cc)
19900,Renault,CLIO II Box (SB0/1/2_),engine_type-spoof,1.3 XLI (EE101_),1.9 dTi (KC0U),DB-internal consistency (etype vs linked engine cc)
19910,Renault,ESPACE IV (JK0/1_),engine_type-pattern,2.0 16V (corr.),NULL,DB-internal consistency (etype vs linked engine cc)
19920,Ssangyong,REXTON (GAB_),engine_type-pattern,2.7 Xdi (corr.),NULL,DB-internal consistency (etype vs linked engine cc)
19921,Ssangyong,REXTON (GAB_),engine_type-pattern,2.7 Xdi (corr.),2.7,DB-internal consistency (etype vs linked engine cc)
19947,Volkswagen,"TRANSPORTER V Platform/Chassis (7JD, 7JE, 7JL, 7JY, 7JZ, 7FD",engine_type-spoof,2.7 D Rear Wheel Drive,2.0 TDI,DB-internal consistency (etype vs linked engine cc)
19954,Toyota,"YARIS (SCP9_, NSP9_, KSP9_, NCP9_, ZSP9_)",engine_type-spoof,1.8 VVTi,1.6 16v,DB-internal consistency (etype vs linked engine cc)
19973,Lancia,DELTA III (844),engine_type-pattern,1.9 JTD (corr.),NULL,DB-internal consistency (etype vs linked engine cc)
19981,Volvo,XC70 II,engine_type-pattern,D5 (corr.),2.4 20v D,DB-internal consistency (etype vs linked engine cc)
19982,Volvo,XC70 II,engine_type-pattern,D5 (corr.),2400 20V D5,DB-internal consistency (etype vs linked engine cc)
19983,Volvo,XC70 II,engine_type-pattern,D5 (corr.),2.4 20v D3,DB-internal consistency (etype vs linked engine cc)
19987,Opel,COMBO Box Body / Estate,engine_type-pattern,1.6 (corr.),1.6 16v FlexFuel,DB-internal consistency (etype vs linked engine cc)
19991,Mazda,6 Estate (GH),engine_type-pattern,1.8 (corr.),1.8,DB-internal consistency (etype vs linked engine cc)
19994,Mazda,6 Estate (GH),engine_type-pattern,2.5 (corr.),2.5 16v MZR,DB-internal consistency (etype vs linked engine cc)
19995,Mercedes,VITO Bus (W639),engine_type-spoof,1.3 XLI 16V (EE101_),NULL,DB-internal consistency (etype vs linked engine cc)
19998,Mercedes,VITO / MIXTO Box (W639),engine_type-pattern,111 CDI (corr.),CDI 2.2,DB-internal consistency (etype vs linked engine cc)
20002,Mercedes,VITO Bus (W639),engine_type-pattern,109 CDI (corr.),CDI 2.2,DB-internal consistency (etype vs linked engine cc)
20003,Mercedes,VITO Bus (W639),engine_type-pattern,109 CDI (corr.),CDI 2.2,DB-internal consistency (etype vs linked engine cc)
20004,Mercedes,VITO Bus (W639),engine_type-pattern,109 CDI (corr.),109 CDI,DB-internal consistency (etype vs linked engine cc)
20034,Holden,COMMODORE Saloon (VX),engine_type-pattern,3.8 (est.),NULL,DB-internal consistency (etype vs linked engine cc)
20054,Mercedes,GLK-CLASS (X204),engine_type-pattern,300 SL (corr.),C 280 4-matic (204.081),DB-internal consistency (etype vs linked engine cc)
20055,Mercedes,GLK-CLASS (X204),engine_type-pattern,350 (corr.),C 350 4-matic (204.087),DB-internal consistency (etype vs linked engine cc)
20056,Mercedes,GLK-CLASS (X204),engine_type-pattern,C 320 CDI (corr.),C 320 CDI 4-matic (204.089),DB-internal consistency (etype vs linked engine cc)
20081,Volvo,Xc60,engine_type-pattern,D5 (corr.),2.4 20v D5,DB-internal consistency (etype vs linked engine cc)
20108,Porsche,CAYMAN (987),engine_type-pattern,"S 3,4 Sport",3.4 24v,DB-internal consistency (etype vs linked engine cc)
20154,Subaru,"LEGACY III Estate (BE, BH)",engine_type-pattern,2.0 (corr.),NULL,DB-internal consistency (etype vs linked engine cc)
20159,Mini,"MINI (R50, R53)",engine_type-pattern,Cooper S (corr.),Cooper S,DB-internal consistency (etype vs linked engine cc)
20161,BMW,"7 (E65, E66, E67)",engine_type-pattern,330 i (corr.),NULL,DB-internal consistency (etype vs linked engine cc)
20162,Renault,VEL SATIS (BJ0_),engine_type-pattern,3.5 (est.),NULL,DB-internal consistency (etype vs linked engine cc)
20167,Mazda,RX 8 (SE17),engine_type-pattern,Turbo (corr.),1.3 MZR 16v,DB-internal consistency (etype vs linked engine cc)
20172,Volvo,S40 II (MS),engine_type-pattern,2.4 (corr.),2.4 20v,DB-internal consistency (etype vs linked engine cc)
20173,Volvo,V50 (MW),engine_type-pattern,2.4 (corr.),2.4 20v,DB-internal consistency (etype vs linked engine cc)
20174,BMW,3 (E90),engine_type-pattern,at Spring Eye (corr.),1M 3000 TwinTurbo,DB-internal consistency (etype vs linked engine cc)
20179,BMW,3 (E90),engine_type-pattern,at Spring Eye (corr.),1M 3000 TwinTurbo,DB-internal consistency (etype vs linked engine cc)
20180,BMW,3 (E90),engine_type-pattern,at Spring Eye (corr.),NULL,DB-internal consistency (etype vs linked engine cc)
20181,Hummer,HUMMER H3,engine_type-pattern,3.7 (est.),NULL,DB-internal consistency (etype vs linked engine cc)
20191,GWM,SAILING Platform/Chassis,engine_type-pattern,2.2 (corr.),2.2 DLX,DB-internal consistency (etype vs linked engine cc)
20199,Chrysler,CHARGER,engine_type-pattern,6.1 (est.),6.1 V8 16v HEMI SRT8 LC,DB-internal consistency (etype vs linked engine cc)
20200,Chrysler,CHARGER,engine_type-pattern,6.1 (est.),NULL,DB-internal consistency (etype vs linked engine cc)
20204,Chrysler,DURANGO,engine_type-pattern,4.7 (corr.),4.7 V8 4x4,DB-internal consistency (etype vs linked engine cc)
20213,Mercedes,VIANO (W639),engine_type-pattern,C 220 CDI (corr.),CDI 2.2,DB-internal consistency (etype vs linked engine cc)
20238,Volvo,S80 II (AS),engine_type-pattern,2 (est.),2.0 16v D,DB-internal consistency (etype vs linked engine cc)
20264,Infiniti,FX,engine_type-pattern,37 (corr.),EX37 3.7 V6 AWD Crossover,DB-internal consistency (etype vs linked engine cc)
20265,Infiniti,FX,engine_type-pattern,5 (est.),NULL,DB-internal consistency (etype vs linked engine cc)
20283,Mercedes,CLA Coupe (C117),engine_type-pattern,1.5 (est.),NULL,DB-internal consistency (etype vs linked engine cc)
20285,Audi,"A6 (4B2, C5)",engine_type-pattern,"1.0 i (SF310, AA44)",3.0,DB-internal consistency (etype vs linked engine cc)
20288,Renault,"CLIO II (BB0/1/2_, CB0/1/2_)",engine_type-pattern,1.9 dCi (corr.),NULL,DB-internal consistency (etype vs linked engine cc)
20289,Renault,"CLIO II (BB0/1/2_, CB0/1/2_)",engine_type-pattern,1.5 dCi (corr.),1.5 dCi (B/CB08),DB-internal consistency (etype vs linked engine cc)
20290,Renault,"CLIO II (BB0/1/2_, CB0/1/2_)",engine_type-pattern,1.5 dCi (corr.),1.5 dCi,DB-internal consistency (etype vs linked engine cc)
20291,Renault,"CLIO II (BB0/1/2_, CB0/1/2_)",engine_type-pattern,1.5 dCi (corr.),1.5 dCi,DB-internal consistency (etype vs linked engine cc)
20296,Mitsubishi,PAJERO SPORT (K90),engine_type-pattern,1.8 (corr.),2.0 16v GDI,DB-internal consistency (etype vs linked engine cc)
20303,Lancia,LYBRA (839AX),engine_type-pattern,2.4 (est.),2.4 20v,DB-internal consistency (etype vs linked engine cc)
20307,Renault,CLIO II Box (SB0/1/2_),engine_type-pattern,1.9 dCi (corr.),NULL,DB-internal consistency (etype vs linked engine cc)
20344,Ford,FAIRLANE Saloon (BA),engine_type-pattern,4.0 i (corr.),4.0 Ghia,DB-internal consistency (etype vs linked engine cc)
20346,Ford,FAIRLANE Saloon (BF),engine_type-pattern,4.0 i (corr.),NULL,DB-internal consistency (etype vs linked engine cc)
20347,Mercedes,E-CLASS (W212),engine_type-pattern,2 (est.),NULL,DB-internal consistency (etype vs linked engine cc)
20354,Volkswagen,PASSAT ALLTRACK (365),engine_type-pattern,2.0 (corr.),2.0 16v TFSI,DB-internal consistency (etype vs linked engine cc)
20356,Ford,FALCON Saloon (BA),engine_type-pattern,4.0 i (corr.),4.0 Ghia,DB-internal consistency (etype vs linked engine cc)
20357,Ford,FALCON Saloon (BA),engine_type-pattern,"TRANSIT CONNECT (P65_, P70_, P80_)",NULL,DB-internal consistency (etype vs linked engine cc)
20362,Ford,FALCON Pickup (BA),engine_type-pattern,4.0 i (corr.),4.0 Ghia,DB-internal consistency (etype vs linked engine cc)
20363,Ford,FALCON Pickup (BA),engine_type-pattern,"TRANSIT CONNECT (P65_, P70_, P80_)",NULL,DB-internal consistency (etype vs linked engine cc)
20373,Ford,FALCON Saloon (BF),engine_type-pattern,4.0 i (corr.),NULL,DB-internal consistency (etype vs linked engine cc)
20374,Ford,FALCON Saloon (BF),engine_type-pattern,"TRANSIT CONNECT (P65_, P70_, P80_)",NULL,DB-internal consistency (etype vs linked engine cc)
20378,Ford,FALCON Pickup (BF),engine_type-pattern,"TRANSIT CONNECT (P65_, P70_, P80_)",NULL,DB-internal consistency (etype vs linked engine cc)
20382,Opel,Adam,engine_type-spoof,3.8 Carrera,1.4 ecoFLEX,DB-internal consistency (etype vs linked engine cc)
20387,Ford,"TERRITORY (SX, SY)",engine_type-pattern,4.0 i (corr.),NULL,DB-internal consistency (etype vs linked engine cc)
20398,Mercedes,CLS (C219),engine_type-pattern,300 SL (corr.),E 280 (211.054),DB-internal consistency (etype vs linked engine cc)
20399,Nissan,X-TRAIL (T31),engine_type-pattern,2.0 (corr.),2.0,DB-internal consistency (etype vs linked engine cc)
20400,Toyota,"LAND CRUISER (VDJ20_, UZJ20_)",engine_type-pattern,4.7 (corr.),4.7,DB-internal consistency (etype vs linked engine cc)
20401,Toyota,"LAND CRUISER (VDJ20_, UZJ20_)",engine_type-pattern,SENATOR B (corr.),4.5 V8 D-4D,DB-internal consistency (etype vs linked engine cc)
20403,Toyota,"HILUX II Pickup (RN6_, RN5_, LN6_, YN6_, YN5_, LN5_)",engine_type-pattern,for vehicles without direct shift gear box,NULL,DB-internal consistency (etype vs linked engine cc)
20404,Lamborghini,GALLARDO SPYDER,engine_type-pattern,5.2 (est.),5.2 V10 40v FSI Quattro,DB-internal consistency (etype vs linked engine cc)
20405,Toyota,"VENZA (GGV1_, AGV1_)",engine_type-pattern,2.7 (est.),NEDCAR,DB-internal consistency (etype vs linked engine cc)
20409,Ford,FOCUS III,engine_type-pattern,1 (est.),1.0 EcoBoost,DB-internal consistency (etype vs linked engine cc)
20410,Ford,FOCUS III,engine_type-pattern,1 (est.),1.0 EcoBoost,DB-internal consistency (etype vs linked engine cc)
20413,Holden,STATESMAN Saloon (WK),engine_type-pattern,3.8 (est.),NULL,DB-internal consistency (etype vs linked engine cc)
20415,Mazda,TRIBUTE (EP),engine_type-pattern,2.3 (est.),2.3,DB-internal consistency (etype vs linked engine cc)
20420,Subaru,"IMPREZA Saloon (GD, GG)",engine_type-pattern,WINSTORM (corr.),WINSTORM,DB-internal consistency (etype vs linked engine cc)
20421,Subaru,"IMPREZA Saloon (GD, GG)",engine_type-pattern,2.0 WRX STi AWD (corr.),NULL,DB-internal consistency (etype vs linked engine cc)
20424,Toyota,"COROLLA (ZZE12_, NDE12_, ZDE12_)",engine_type-pattern,1.8 (corr.),1.6 16v,DB-internal consistency (etype vs linked engine cc)
20425,Toyota,"COROLLA Estate (_E12J_, _E12T_)",engine_type-pattern,1.8 (corr.),1.6 16v,DB-internal consistency (etype vs linked engine cc)
20433,Mitsubishi,"LANCER Saloon (CS_A, CT0)",engine_type-pattern,2.4 (corr.),2.4,DB-internal consistency (etype vs linked engine cc)
20437,Suzuki,GRAND VITARA II (JT),engine_type-pattern,1.6 (corr.),1.6,DB-internal consistency (etype vs linked engine cc)
20449,Holden,COMMODORE Saloon (VZ),engine_type-pattern,3.6 (est.),3.6 Petrol,DB-internal consistency (etype vs linked engine cc)
20450,Holden,COMMODORE Saloon (VZ),engine_type-pattern,3.6 (est.),3.6 Petrol,DB-internal consistency (etype vs linked engine cc)
20451,Holden,COMMODORE Saloon (VZ),engine_type-pattern,3.6 (est.),3.6 V6,DB-internal consistency (etype vs linked engine cc)
20452,Holden,COMMODORE Saloon (VZ),engine_type-pattern,3.6 (est.),NULL,DB-internal consistency (etype vs linked engine cc)
20454,Holden,COMMODORE Estate (VZ),engine_type-pattern,3.6 (est.),3.6 Petrol,DB-internal consistency (etype vs linked engine cc)
20455,Holden,COMMODORE Estate (VZ),engine_type-pattern,3.6 (est.),3.6 Petrol,DB-internal consistency (etype vs linked engine cc)
20456,Holden,COMMODORE Estate (VZ),engine_type-pattern,6 (est.),6.0 V8 Vortec MAX,DB-internal consistency (etype vs linked engine cc)
20457,Holden,COMMODORE Estate (VZ),engine_type-pattern,6 (est.),6.0,DB-internal consistency (etype vs linked engine cc)
20461,Holden,RODEO Pickup (RA),engine_type-pattern,3 (est.),3.0 DiTD 4x4,DB-internal consistency (etype vs linked engine cc)
20462,Volvo,V40 Hatchback,engine_type-pattern,2.0 (corr.),NULL,DB-internal consistency (etype vs linked engine cc)
20463,Seat,LEON ST (5F8),engine_type-pattern,1.2 (est.),1.2 TFSI (105),DB-internal consistency (etype vs linked engine cc)
20470,Mitsubishi,MAGNA Saloon (TJ),engine_type-pattern,3.5 (corr.),3.5 Petrol,DB-internal consistency (etype vs linked engine cc)
20474,Ford,FOCUS III,engine_type-pattern,1.6 Ti (corr.),1.6 Ti-VCT Flexifuel (120),DB-internal consistency (etype vs linked engine cc)
20477,Holden,COMMODORE Saloon (VX),engine_type-pattern,3.8 (est.),NULL,DB-internal consistency (etype vs linked engine cc)
20479,Seat,LEON ST (5F8),engine_type-pattern,1.2 (est.),1.2 16v TSI,DB-internal consistency (etype vs linked engine cc)
20481,Subaru,"IMPREZA Hatchback (GR, GH, G3)",engine_type-pattern,2.0 (corr.),NULL,DB-internal consistency (etype vs linked engine cc)
20483,Subaru,"IMPREZA Hatchback (GR, GH, G3)",engine_type-pattern,WINSTORM (corr.),2.5 Turbo WRX Sti,DB-internal consistency (etype vs linked engine cc)
20484,Cadillac,STS,engine_type-pattern,3.6 (corr.),3.6 V6 LS,DB-internal consistency (etype vs linked engine cc)
20498,HSV,SENATOR Saloon (VF),engine_type-pattern,6.2 (est.),6.2,DB-internal consistency (etype vs linked engine cc)
20511,Lotus,ELISE,engine_type-spoof,1.8,1.6 16v,DB-internal consistency (etype vs linked engine cc)
20515,Renault,GRAND SCÉNIC II (JM0/1_),engine_type-pattern,1.5 dCi (corr.),NULL,DB-internal consistency (etype vs linked engine cc)
20516,Renault,GRAND SCÉNIC II (JM0/1_),engine_type-pattern,1.5 dCi (corr.),1.5 dCi,DB-internal consistency (etype vs linked engine cc)
20527,Opel,Insignia,engine_type-pattern,Accessories - sunroof - add-on parts,2.0 BiTurbo CDTI,DB-internal consistency (etype vs linked engine cc)
20528,Opel,INSIGNIA Saloon,engine_type-pattern,Accessories - sunroof - add-on parts,2.0 BiTurbo CDTI,DB-internal consistency (etype vs linked engine cc)
20529,Opel,INSIGNIA Estate,engine_type-pattern,Accessories - sunroof - add-on parts,2.0 BiTurbo CDTI,DB-internal consistency (etype vs linked engine cc)
20542,BMW,1 Convertible (E88),engine_type-pattern,320 d (corr.),NULL,DB-internal consistency (etype vs linked engine cc)
20543,BMW,1 Convertible (E88),engine_type-pattern,320 d (corr.),116d 2000 D,DB-internal consistency (etype vs linked engine cc)
20544,BMW,1 Convertible (E88),engine_type-pattern,320 d (corr.),NULL,DB-internal consistency (etype vs linked engine cc)
20545,BMW,1 Convertible (E88),engine_type-pattern,320 d (corr.),NULL,DB-internal consistency (etype vs linked engine cc)
20546,BMW,"7 (F01, F02, F03, F04)",engine_type-pattern,at Spring Eye (corr.),1M 3000 TwinTurbo,DB-internal consistency (etype vs linked engine cc)
20547,BMW,"7 (F01, F02, F03, F04)",engine_type-pattern,Dismantle/assemble gear selector bearing/mounting body (corr.),NULL,DB-internal consistency (etype vs linked engine cc)
20549,Renault,KANGOO BE BOP (KW0/1_),engine_type-pattern,1.6 (corr.),NULL,DB-internal consistency (etype vs linked engine cc)
20550,Renault,KANGOO BE BOP (KW0/1_),engine_type-pattern,1.5 dCi (corr.),NULL,DB-internal consistency (etype vs linked engine cc)
20551,Renault,MEGANE III Hatchback (BZ0_),engine_type-pattern,1.6 (corr.),NULL,DB-internal consistency (etype vs linked engine cc)
20552,Renault,MEGANE III Hatchback (BZ0_),engine_type-pattern,2.0 16V (corr.),NULL,DB-internal consistency (etype vs linked engine cc)
20553,Renault,MEGANE III Hatchback (BZ0_),engine_type-pattern,Repair clutch slave cylinder *,NULL,DB-internal consistency (etype vs linked engine cc)
20554,Renault,MEGANE III Hatchback (BZ0_),engine_type-pattern,Repair clutch slave cylinder *,NULL,DB-internal consistency (etype vs linked engine cc)
20555,Renault,MEGANE III Hatchback (BZ0_),engine_type-pattern,1.4 (corr.),1.4 16v TCe,DB-internal consistency (etype vs linked engine cc)
20556,Renault,MEGANE III Hatchback (BZ0_),engine_type-pattern,1.5 dCi (corr.),NULL,DB-internal consistency (etype vs linked engine cc)
20557,Renault,MEGANE III Hatchback (BZ0_),engine_type-pattern,1.5 dCi (corr.),NULL,DB-internal consistency (etype vs linked engine cc)
20558,Renault,MEGANE III Hatchback (BZ0_),engine_type-pattern,1.5 dCi (corr.),NULL,DB-internal consistency (etype vs linked engine cc)
20559,Renault,MEGANE III Hatchback (BZ0_),engine_type-pattern,1.5 dCi (corr.),1.5 dCi,DB-internal consistency (etype vs linked engine cc)
20560,Renault,MEGANE III Hatchback (BZ0_),engine_type-pattern,1.5 dCi (corr.),1.5 dCi,DB-internal consistency (etype vs linked engine cc)
20561,Renault,MEGANE III Hatchback (BZ0_),engine_type-pattern,2.0 dCi (corr.),NULL,DB-internal consistency (etype vs linked engine cc)
20562,Renault,MEGANE III Coupe (DZ0/1_),engine_type-pattern,1.4 (corr.),1.4 16v TCe,DB-internal consistency (etype vs linked engine cc)
20563,Renault,MEGANE III Coupe (DZ0/1_),engine_type-pattern,1.6 (corr.),NULL,DB-internal consistency (etype vs linked engine cc)
20564,Renault,MEGANE III Coupe (DZ0/1_),engine_type-pattern,2.0 16V (corr.),NULL,DB-internal consistency (etype vs linked engine cc)
20565,Renault,MEGANE III Coupe (DZ0/1_),engine_type-pattern,1.5 dCi (corr.),NULL,DB-internal consistency (etype vs linked engine cc)
20566,Renault,MEGANE III Coupe (DZ0/1_),engine_type-pattern,1.5 dCi (corr.),NULL,DB-internal consistency (etype vs linked engine cc)
20567,Renault,MEGANE III Coupe (DZ0/1_),engine_type-pattern,1.5 dCi (corr.),1.5 dCi,DB-internal consistency (etype vs linked engine cc)
20568,Renault,MEGANE III Coupe (DZ0/1_),engine_type-pattern,2.0 dCi (corr.),NULL,DB-internal consistency (etype vs linked engine cc)
20570,Renault,LAGUNA Coupe (DT0/1),engine_type-pattern,2.0 dCi (corr.),NULL,DB-internal consistency (etype vs linked engine cc)
20571,Renault,LAGUNA Coupe (DT0/1),engine_type-pattern,2.0 dCi (corr.),Lubricate clutch pedal bearing *,DB-internal consistency (etype vs linked engine cc)
20572,Renault,LAGUNA Coupe (DT0/1),engine_type-pattern,2.0 dCi (corr.),Lubricate clutch pedal bearing *,DB-internal consistency (etype vs linked engine cc)
20573,Renault,LAGUNA Coupe (DT0/1),engine_type-pattern,2.0 dCi (corr.),BJ2020,DB-internal consistency (etype vs linked engine cc)
20574,Renault,LAGUNA Coupe (DT0/1),engine_type-pattern,2.0 dCi (corr.),NULL,DB-internal consistency (etype vs linked engine cc)
20575,Ford,TRANSIT Box,engine_type-pattern,"CORSA A Hatchback (93_, 94_, 98_, 99_)",2.4 TDCi V347,DB-internal consistency (etype vs linked engine cc)
20576,Ford,TRANSIT Platform/Chassis,engine_type-pattern,"CORSA A Hatchback (93_, 94_, 98_, 99_)",2.4 TDCi V347,DB-internal consistency (etype vs linked engine cc)
20608,Renault,"CLIO III (BR0/1, CR0/1)",engine_type-pattern,1.2 16V (corr.),NULL,DB-internal consistency (etype vs linked engine cc)
20609,Renault,"CLIO III (BR0/1, CR0/1)",engine_type-pattern,1.2 16V (corr.),NULL,DB-internal consistency (etype vs linked engine cc)
20629,Renault,"CLIO II (BB0/1/2_, CB0/1/2_)",engine_type-pattern,1.5 dCi (corr.),1.5 dCi,DB-internal consistency (etype vs linked engine cc)
20647,Toyota,"YARIS (SCP9_, NSP9_, KSP9_, NCP9_, ZSP9_)",engine_type-pattern,"CANTER Platform/Chassis (FB6_, FE5_, FE6_)",1.5 VVT-i,DB-internal consistency (etype vs linked engine cc)
20648,Peugeot,PARTNER Box,engine_type-pattern,1.6 HDi (corr.),1.6 HDI,DB-internal consistency (etype vs linked engine cc)
20649,Peugeot,PARTNER Box,engine_type-pattern,1.6 HDi (corr.),1.6 HDi,DB-internal consistency (etype vs linked engine cc)
20650,Renault,MEGANE I (BA0/1_),engine_type-pattern,1.9 dTi (corr.),1.9 CDTI,DB-internal consistency (etype vs linked engine cc)
20651,Renault,MEGANE I (BA0/1_),engine_type-pattern,1.9 dTi (corr.),1.9 CDTI,DB-internal consistency (etype vs linked engine cc)
20652,Renault,MEGANE I (BA0/1_),engine_type-pattern,1.9 dTi (corr.),1.9 DTI,DB-internal consistency (etype vs linked engine cc)
20653,Renault,MEGANE I (BA0/1_),engine_type-pattern,1.9 dTi (corr.),1.9 DI,DB-internal consistency (etype vs linked engine cc)
20663,Seat,LEON (1P1),engine_type-pattern,1.9 TDI (corr.),1.9 TDI (110),DB-internal consistency (etype vs linked engine cc)
20667,Chrysler,"RAM 2500 Pickup (D1, DC, DH, DM, DR)",engine_type-pattern,8 (est.),NULL,DB-internal consistency (etype vs linked engine cc)
20670,Chrysler,"RAM 1500 Pickup (D1, DC, DH, DM, DR)",engine_type-pattern,4.7 (corr.),4.7 V8 4x4,DB-internal consistency (etype vs linked engine cc)
20671,Chrysler,"RAM 2500 Pickup (D1, DC, DH, DM, DR)",engine_type-spoof,2.2 Vtec,5.9 I6 Cummins 24V Turbo Diesel,DB-internal consistency (etype vs linked engine cc)
20675,Chrysler,"RAM 1500 Pickup (D1, DC, DH, DM, DR)",engine_type-pattern,5.7 (corr.),5.7 R/T,DB-internal consistency (etype vs linked engine cc)
20695,BMW,5 SERIES (E60),engine_type-pattern,2.5 (est.),325Ci 2500 24v,DB-internal consistency (etype vs linked engine cc)
20702,Fiat,DUCATO Box (250),engine_type-pattern,"130 Multijet 2,3 D",2.3 Mjet,DB-internal consistency (etype vs linked engine cc)
20703,Fiat,DUCATO Box (250),engine_type-pattern,"130 Multijet 2,3 D",2.3 Mjet,DB-internal consistency (etype vs linked engine cc)
20715,Volkswagen,"GOLF PLUS (5M1, 521)",engine_type-pattern,1.6 (corr.),1.6 TDI (105),DB-internal consistency (etype vs linked engine cc)
20716,Volkswagen,"GOLF PLUS (5M1, 521)",engine_type-pattern,1.6 (corr.),1.6 8v LPG,DB-internal consistency (etype vs linked engine cc)
20717,Volkswagen,"GOLF PLUS (5M1, 521)",engine_type-pattern,1.6 (corr.),1.6 8v MultiFuel,DB-internal consistency (etype vs linked engine cc)
20722,Honda,LEGEND IV (KB_),engine_type-pattern,3.7 (est.),NULL,DB-internal consistency (etype vs linked engine cc)
20723,Honda,LEGEND IV (KB_),engine_type-pattern,3.7 (est.),3.7 Petrol,DB-internal consistency (etype vs linked engine cc)
20729,Mercedes,C-CLASS (W204),engine_type-pattern,1.6 (est.),NULL,DB-internal consistency (etype vs linked engine cc)
20734,Mercedes,C-CLASS (W204),engine_type-spoof,K2700 (K62W),NULL,DB-internal consistency (etype vs linked engine cc)
20735,Mercedes,C-CLASS T-Model (S204),engine_type-spoof,2.5 CD 4x4,NULL,DB-internal consistency (etype vs linked engine cc)
20754,Hummer,HUMMER H3,engine_type-pattern,5.3 (est.),NULL,DB-internal consistency (etype vs linked engine cc)
20757,Volkswagen,TIGUAN (5N_),engine_type-spoof,2.7 D Rear Wheel Drive,2.0 TDI (136),DB-internal consistency (etype vs linked engine cc)
20758,Volkswagen,TIGUAN (5N_),engine_type-spoof,2.7 D Rear Wheel Drive,2.0 TDI (136),DB-internal consistency (etype vs linked engine cc)
20759,Volkswagen,"TOUAREG (7LA, 7L6, 7L7)",engine_type-pattern,3.0 V6 TDI (corr.),3.0 V6 24v TDI,DB-internal consistency (etype vs linked engine cc)
20760,Volkswagen,"TOUAREG (7LA, 7L6, 7L7)",engine_type-pattern,3.0 V6 TDI (corr.),3.0 V6 24v TDI,DB-internal consistency (etype vs linked engine cc)
20761,Volkswagen,"TOUAREG (7LA, 7L6, 7L7)",engine_type-pattern,3.0 V6 TDI (corr.),NULL,DB-internal consistency (etype vs linked engine cc)
20793,Subaru,"LEGACY IV Estate (BL, BP, B13_)",engine_type-pattern,WINSTORM (corr.),2.5 Turbo WRX DBW,DB-internal consistency (etype vs linked engine cc)
20796,Subaru,"LEGACY IV Estate (BL, BP, B13_)",engine_type-pattern,2.0 D (corr.),2.0 16v D,DB-internal consistency (etype vs linked engine cc)
20799,Ford,FOCUS III Turnier,engine_type-pattern,1 (est.),1.0 EcoBoost,DB-internal consistency (etype vs linked engine cc)
20800,Ford,FOCUS III Turnier,engine_type-pattern,1.6 Ti (corr.),1.6 Ti-VCT Flexifuel (120),DB-internal consistency (etype vs linked engine cc)
20801,Skoda,OCTAVIA (1Z3),engine_type-pattern,1.6 (corr.),1.6 TDI (105),DB-internal consistency (etype vs linked engine cc)
20802,Skoda,OCTAVIA (1Z3),engine_type-pattern,1.6 (corr.),1.6 8v MultiFuel,DB-internal consistency (etype vs linked engine cc)
20803,Skoda,OCTAVIA Combi (1Z5),engine_type-pattern,1.6 (corr.),1.6 TDI (105),DB-internal consistency (etype vs linked engine cc)
20804,Skoda,OCTAVIA Combi (1Z5),engine_type-pattern,1.6 (corr.),1.6 8v MultiFuel,DB-internal consistency (etype vs linked engine cc)
20805,Toyota,"LAND CRUISER (VDJ20_, UZJ20_)",engine_type-pattern,SENATOR B (corr.),4.5 V8 D-4D,DB-internal consistency (etype vs linked engine cc)
20809,Fiat,DUCATO Platform/Chassis (250),engine_type-pattern,"130 Multijet 2,3 D",2.3 Mjet,DB-internal consistency (etype vs linked engine cc)
20810,Fiat,DUCATO Platform/Chassis (250),engine_type-pattern,"130 Multijet 2,3 D",2.3 Mjet,DB-internal consistency (etype vs linked engine cc)
20817,Ford,FOCUS III Turnier,engine_type-pattern,1 (est.),1.0 EcoBoost,DB-internal consistency (etype vs linked engine cc)
20819,Toyota,"HIACE IV Box (TRH2_, KDH2_)",engine_type-pattern,2.7 (corr.),2.7 VVT-i,DB-internal consistency (etype vs linked engine cc)
20822,BMW,1 (E81),engine_type-pattern,320 i (corr.),320 i,DB-internal consistency (etype vs linked engine cc)
20823,BMW,1 (E81),engine_type-pattern,320 i (corr.),318 i,DB-internal consistency (etype vs linked engine cc)
20824,BMW,1 (E81),engine_type-pattern,320 i (corr.),318 i,DB-internal consistency (etype vs linked engine cc)
20831,Holden,COMMODORE Estate (VZ),engine_type-pattern,3.6 (est.),3.6 Petrol,DB-internal consistency (etype vs linked engine cc)
20832,Holden,COMMODORE Estate (VZ),engine_type-pattern,3.6 (est.),3.6 Petrol,DB-internal consistency (etype vs linked engine cc)
20833,Holden,RODEO Platform/Chassis (RA),engine_type-pattern,2.4 (est.),NULL,DB-internal consistency (etype vs linked engine cc)
20834,Holden,RODEO Pickup (RA),engine_type-pattern,2.4 (est.),NULL,DB-internal consistency (etype vs linked engine cc)
20835,Holden,RODEO Platform/Chassis (RA),engine_type-pattern,3.5 (est.),3.5 V6 24V,DB-internal consistency (etype vs linked engine cc)
20836,Ssangyong,Stavic,engine_type-pattern,3.2 (corr.),NULL,DB-internal consistency (etype vs linked engine cc)
20837,Ssangyong,Stavic,engine_type-pattern,3.2 (corr.),3.2,DB-internal consistency (etype vs linked engine cc)
20845,Mitsubishi,"CANTER Platform/Chassis (FB_, FE_, FG_)",engine_type-pattern,3 (est.),NULL,DB-internal consistency (etype vs linked engine cc)
20852,Buick,RENDEZVOUZ,engine_type-pattern,3.4 (est.),3.4 V6,DB-internal consistency (etype vs linked engine cc)
20854,Suzuki,"GRAND VITARA I (FT, GT)",engine_type-spoof,0.8 1016,NULL,DB-internal consistency (etype vs linked engine cc)
20866,Ssangyong,ACTYON SPORTS I (QJ),engine_type-pattern,2.0 Xdi (corr.),2.0 Xdi,DB-internal consistency (etype vs linked engine cc)
20869,Toyota,COROLLA Saloon (E15_),engine_type-pattern,1.6 VVTi (corr.),1.6 16v VVT-i,DB-internal consistency (etype vs linked engine cc)
20878,Iveco,MASSIF Station Wagon,engine_type-pattern,1.6 e (corr.),3.0 HPI TurboDiesel,DB-internal consistency (etype vs linked engine cc)
20879,Iveco,MASSIF Station Wagon,engine_type-pattern,1.6 e (corr.),3.0 HPI TurboDiesel,DB-internal consistency (etype vs linked engine cc)
20880,Iveco,MASSIF Station Wagon,engine_type-spoof,1.6 e (EA0F),3.0 HPI TurboDiesel,DB-internal consistency (etype vs linked engine cc)
20881,Iveco,MASSIF Station Wagon,engine_type-spoof,1.6 e (EA0F),3.0 HPI TurboDiesel,DB-internal consistency (etype vs linked engine cc)
20882,Iveco,MASSIF Single Cab,engine_type-pattern,1.6 e (corr.),3.0 HPI TurboDiesel,DB-internal consistency (etype vs linked engine cc)
20883,Iveco,MASSIF Single Cab,engine_type-pattern,1.6 e (corr.),2.0 CDTI,DB-internal consistency (etype vs linked engine cc)
20884,Iveco,MASSIF Single Cab,engine_type-spoof,1.6 e (EA0F),3.0 HPI TurboDiesel,DB-internal consistency (etype vs linked engine cc)
20885,Iveco,MASSIF Single Cab,engine_type-spoof,1.6 e (EA0F),3.0 HPI TurboDiesel,DB-internal consistency (etype vs linked engine cc)
20886,Iveco,MASSIF Pickup,engine_type-pattern,1.6 e (corr.),3.0 HPI TurboDiesel,DB-internal consistency (etype vs linked engine cc)
20887,Iveco,MASSIF Pickup,engine_type-pattern,1.6 e (corr.),3.0 HPI TurboDiesel,DB-internal consistency (etype vs linked engine cc)
20888,Iveco,MASSIF Pickup,engine_type-spoof,1.6 e (EA0F),3.0 HPI TurboDiesel,DB-internal consistency (etype vs linked engine cc)
20889,Iveco,MASSIF Pickup,engine_type-spoof,1.6 e (EA0F),2.0 CDTI,DB-internal consistency (etype vs linked engine cc)
20892,Porsche,CAYENNE (955),engine_type-pattern,3.0 D (corr.),3.0 V6 TDI 6AT,DB-internal consistency (etype vs linked engine cc)
20897,Subaru,FORESTER (SH),engine_type-pattern,2.0 (corr.),2.0 16v,DB-internal consistency (etype vs linked engine cc)
20898,Subaru,FORESTER (SH),engine_type-pattern,2.0 D (corr.),2.0 16v D,DB-internal consistency (etype vs linked engine cc)
20900,Subaru,"LEGACY IV Estate (BL, BP, B13_)",engine_type-pattern,2.0 (corr.),NULL,DB-internal consistency (etype vs linked engine cc)
20906,Peugeot,3008,engine_type-pattern,1.6 16V (corr.),1.6 16v THP,DB-internal consistency (etype vs linked engine cc)
20913,Ford,FOCUS II (DA_),engine_type-spoof,3.0 24V (MCV20_),2.5 RS,DB-internal consistency (etype vs linked engine cc)
20915,Ford,KA (RU8),engine_type-pattern,1.2 (est.),1.3 16v TDCi,DB-internal consistency (etype vs linked engine cc)
20919,Toyota,"YARIS (SCP9_, NSP9_, KSP9_, NCP9_, ZSP9_)",engine_type-spoof,2.8 V6,1.33 VVT-i,DB-internal consistency (etype vs linked engine cc)
20921,Peugeot,308 SW,engine_type-pattern,2.0 16V (corr.),2.0 16v,DB-internal consistency (etype vs linked engine cc)
20922,Peugeot,407 SW (6E_),engine_type-pattern,2.0 16V (corr.),2.0 16v,DB-internal consistency (etype vs linked engine cc)
20923,Chrysler,CALIBER,engine_type-pattern,2.4 (corr.),NULL,DB-internal consistency (etype vs linked engine cc)
20930,Suzuki,GRAND VITARA II (JT),engine_type-pattern,3.2 (est.),NULL,DB-internal consistency (etype vs linked engine cc)
20936,Mercedes,C-CLASS (W204),engine_type-pattern,2.1 (est.),NULL,DB-internal consistency (etype vs linked engine cc)
20957,Subaru,"IMPREZA Hatchback (GR, GH, G3)",engine_type-pattern,2.0 D (corr.),2.0 16v D,DB-internal consistency (etype vs linked engine cc)
20964,BMW,X5 (E70),engine_type-pattern,330 i (corr.),NULL,DB-internal consistency (etype vs linked engine cc)
20965,BMW,X5 (E70),engine_type-pattern,4.8 (est.),4.8,DB-internal consistency (etype vs linked engine cc)
20966,BMW,X5 (E70),engine_type-pattern,3.0 d (corr.),330d 3000 D,DB-internal consistency (etype vs linked engine cc)
20967,BMW,X5 (E70),engine_type-pattern,3.0 d (corr.),3.0 sd,DB-internal consistency (etype vs linked engine cc)
20977,HSV,CLUBSPORT Saloon (VZ),engine_type-pattern,6 (est.),6.0,DB-internal consistency (etype vs linked engine cc)
20978,HSV,CLUBSPORT Saloon (VZ),engine_type-pattern,6 (est.),6.0,DB-internal consistency (etype vs linked engine cc)
20984,Opel,ASTRA H Saloon (L69),engine_type-spoof,1.8 i Syncro CAT,1.3 16v CDTI,DB-internal consistency (etype vs linked engine cc)
20986,Renault,"CLIO II (BB0/1/2_, CB0/1/2_)",engine_type-spoof,1.2 i CAT,1.5 dCi,DB-internal consistency (etype vs linked engine cc)
20988,Mercedes,"SPRINTER 3,5-t Platform/Chassis (906)",engine_type-pattern,2.1 (est.),NULL,DB-internal consistency (etype vs linked engine cc)
20989,Mercedes,"SPRINTER 3,5-t Bus (906)",engine_type-pattern,2.1 (est.),NULL,DB-internal consistency (etype vs linked engine cc)
20990,Mercedes,"SPRINTER 3,5-t Bus (906)",engine_type-pattern,2.1 (est.),NULL,DB-internal consistency (etype vs linked engine cc)
20991,Mercedes,"SPRINTER 3,5-t Box (906)",engine_type-pattern,2.1 (est.),NULL,DB-internal consistency (etype vs linked engine cc)
20992,Mercedes,SPRINTER 3-t Bus (906),engine_type-pattern,2.1 (est.),NULL,DB-internal consistency (etype vs linked engine cc)
20993,Mercedes,SPRINTER 3-t Box (906),engine_type-pattern,2.1 (est.),NULL,DB-internal consistency (etype vs linked engine cc)
20994,Renault,ESPACE III (JE0_),engine_type-spoof,3000 CAT,NULL,DB-internal consistency (etype vs linked engine cc)
21006,Volkswagen,GOLF VI (5K1),engine_type-spoof,3.1 TD,1.6 8v LPG,DB-internal consistency (etype vs linked engine cc)
21013,Volkswagen,"POLO (6R, 6C)",engine_type-pattern,1.6 (est.),1.6 16v TDI,DB-internal consistency (etype vs linked engine cc)
21014,Volkswagen,PASSAT (3C2),engine_type-pattern,1.4 TSI (corr.),1.4 16v TSI,DB-internal consistency (etype vs linked engine cc)
21015,Volkswagen,PASSAT Variant (3C5),engine_type-pattern,1.4 TSI (corr.),1.4 16v TSI,DB-internal consistency (etype vs linked engine cc)
21016,Volkswagen,"TOURAN (1T1, 1T2)",engine_type-pattern,1.4 TSI (corr.),1.4 16v TSI,DB-internal consistency (etype vs linked engine cc)
21047,BMW,"X6 (E71, E72)",engine_type-pattern,at Spring Eye (corr.),NULL,DB-internal consistency (etype vs linked engine cc)
21048,BMW,"X6 (E71, E72)",engine_type-pattern,530 d (corr.),330d 3000 D,DB-internal consistency (etype vs linked engine cc)
21049,BMW,X3 (E83),engine_type-pattern,320 i (corr.),318 i,DB-internal consistency (etype vs linked engine cc)
21050,BMW,X3 (E83),engine_type-pattern,523 i (corr.),523 i,DB-internal consistency (etype vs linked engine cc)
21051,BMW,X3 (E83),engine_type-pattern,330 i (corr.),NULL,DB-internal consistency (etype vs linked engine cc)
21052,BMW,X3 (E83),engine_type-pattern,2.0 d (corr.),NULL,DB-internal consistency (etype vs linked engine cc)
21054,BMW,X3 (E83),engine_type-pattern,3.0 d (corr.),NULL,DB-internal consistency (etype vs linked engine cc)
21055,BMW,X3 (E83),engine_type-pattern,3.0 d (corr.),3.0 sd,DB-internal consistency (etype vs linked engine cc)
21059,BMW,Z4 (E89),engine_type-pattern,330 i (corr.),NULL,DB-internal consistency (etype vs linked engine cc)
21060,BMW,Z4 (E89),engine_type-pattern,at Spring Eye (corr.),1M 3000 TwinTurbo,DB-internal consistency (etype vs linked engine cc)
21061,BMW,5 (E60),engine_type-pattern,530 i (corr.),325 i,DB-internal consistency (etype vs linked engine cc)
21062,BMW,5 (E60),engine_type-pattern,530 i (corr.),NULL,DB-internal consistency (etype vs linked engine cc)
21063,BMW,5 (E60),engine_type-pattern,530 i (corr.),325 i,DB-internal consistency (etype vs linked engine cc)
21064,BMW,5 (E60),engine_type-pattern,530 d (corr.),NULL,DB-internal consistency (etype vs linked engine cc)
21065,BMW,5 (E60),engine_type-pattern,530 d (corr.),NULL,DB-internal consistency (etype vs linked engine cc)
21066,BMW,5 Touring (E61),engine_type-pattern,530 i (corr.),325 i,DB-internal consistency (etype vs linked engine cc)
21067,BMW,5 Touring (E61),engine_type-pattern,530 i (corr.),NULL,DB-internal consistency (etype vs linked engine cc)
21068,BMW,5 Touring (E61),engine_type-pattern,530 i (corr.),325 i,DB-internal consistency (etype vs linked engine cc)
21069,BMW,5 Touring (E61),engine_type-pattern,530 d (corr.),NULL,DB-internal consistency (etype vs linked engine cc)
21070,BMW,5 Touring (E61),engine_type-pattern,530 d (corr.),NULL,DB-internal consistency (etype vs linked engine cc)
21071,BMW,3 (E90),engine_type-pattern,330 i (corr.),325 i,DB-internal consistency (etype vs linked engine cc)
21072,BMW,3 (E90),engine_type-pattern,330 i (corr.),325 i,DB-internal consistency (etype vs linked engine cc)
21073,BMW,3 (E90),engine_type-pattern,330 i (corr.),X1 xDrive28i 3000 24v,DB-internal consistency (etype vs linked engine cc)
21074,BMW,3 (E90),engine_type-pattern,at Spring Eye (corr.),1M 3000 TwinTurbo,DB-internal consistency (etype vs linked engine cc)
21075,BMW,3 (E90),engine_type-pattern,at Spring Eye (corr.),NULL,DB-internal consistency (etype vs linked engine cc)
21076,BMW,3 (E90),engine_type-pattern,320 d (corr.),116d 2000 D,DB-internal consistency (etype vs linked engine cc)
21077,BMW,3 Touring (E91),engine_type-pattern,325 i (corr.),325 i,DB-internal consistency (etype vs linked engine cc)
21078,BMW,3 Touring (E91),engine_type-pattern,325 i (corr.),325 i,DB-internal consistency (etype vs linked engine cc)
21079,BMW,3 Touring (E91),engine_type-pattern,at Spring Eye (corr.),1M 3000 TwinTurbo,DB-internal consistency (etype vs linked engine cc)
21080,BMW,3 Touring (E91),engine_type-pattern,at Spring Eye (corr.),NULL,DB-internal consistency (etype vs linked engine cc)
21081,BMW,3 Touring (E91),engine_type-pattern,320 d (corr.),116d 2000 D,DB-internal consistency (etype vs linked engine cc)
21082,BMW,3 Coupe (E92),engine_type-pattern,325 i (corr.),325 i,DB-internal consistency (etype vs linked engine cc)
21083,BMW,3 Coupe (E92),engine_type-pattern,325 i (corr.),325 i,DB-internal consistency (etype vs linked engine cc)
21084,BMW,3 Coupe (E92),engine_type-pattern,at Spring Eye (corr.),1M 3000 TwinTurbo,DB-internal consistency (etype vs linked engine cc)
21085,BMW,3 Coupe (E92),engine_type-pattern,at Spring Eye (corr.),NULL,DB-internal consistency (etype vs linked engine cc)
21086,BMW,3 Coupe (E92),engine_type-pattern,320 d (corr.),116d 2000 D,DB-internal consistency (etype vs linked engine cc)
21089,Mercedes,E-CLASS (W212),engine_type-pattern,350 (corr.),NULL,DB-internal consistency (etype vs linked engine cc)
21090,Mercedes,E-CLASS (W212),engine_type-pattern,350 (corr.),NULL,DB-internal consistency (etype vs linked engine cc)
21091,Mercedes,E-CLASS (W212),engine_type-spoof,1200 4WD (KAD-A),NULL,DB-internal consistency (etype vs linked engine cc)
21092,Mercedes,E-CLASS (W212),engine_type-pattern,GAZELLE (corr.),NULL,DB-internal consistency (etype vs linked engine cc)
21093,Mercedes,E-CLASS (W212),engine_type-pattern,GAZELLE (corr.),NULL,DB-internal consistency (etype vs linked engine cc)
21094,Mercedes,E-CLASS (W212),engine_type-pattern,2.1 (est.),NULL,DB-internal consistency (etype vs linked engine cc)
21095,Mercedes,E-CLASS (W212),engine_type-pattern,"1.2 i 4WD (E12, FA)",NULL,DB-internal consistency (etype vs linked engine cc)
21096,Mercedes,E-CLASS (W212),engine_type-pattern,Glass (corr.),NULL,DB-internal consistency (etype vs linked engine cc)
21104,Mercedes,A-CLASS (W169),engine_type-spoof,5.7,NULL,DB-internal consistency (etype vs linked engine cc)
21105,Mercedes,A-CLASS (W169),engine_type-pattern,1.7 (est.),NULL,DB-internal consistency (etype vs linked engine cc)
21108,Mercedes,CLS (C219),engine_type-pattern,300 SL (corr.),E 280 (211.054),DB-internal consistency (etype vs linked engine cc)
21109,Mercedes,CLS (C219),engine_type-pattern,C 320 CDI (corr.),E 280 CDI (211.020),DB-internal consistency (etype vs linked engine cc)
21110,Mercedes,CLS (C219),engine_type-pattern,350 (corr.),NULL,DB-internal consistency (etype vs linked engine cc)
21125,Mazda,3 (BL),engine_type-pattern,2.3 D (corr.),1.6 DI Turbo,DB-internal consistency (etype vs linked engine cc)
21126,Mazda,3 (BL),engine_type-pattern,C 280 (corr.),C 280 (202.029),DB-internal consistency (etype vs linked engine cc)
21127,Mazda,3 (BL),engine_type-pattern,C 280 (corr.),C 280 (202.029),DB-internal consistency (etype vs linked engine cc)
21141,Ford,FOCUS III Saloon,engine_type-pattern,1 (est.),1.0 EcoBoost,DB-internal consistency (etype vs linked engine cc)
21142,Ford,FOCUS III Saloon,engine_type-pattern,1 (est.),1.0 EcoBoost,DB-internal consistency (etype vs linked engine cc)
21146,Volkswagen,PHAETON (3D_),engine_type-pattern,3.6 FSI 4motion (corr.),3.6 V6 24v FSI,DB-internal consistency (etype vs linked engine cc)
21147,Volkswagen,PHAETON (3D_),engine_type-pattern,3.6 FSI 4motion (corr.),3.6 V6 24v FSI,DB-internal consistency (etype vs linked engine cc)
21152,Volkswagen,"EOS (1F7, 1F8)",engine_type-pattern,3.6 FSI 4motion (corr.),3.6 V6 24v FSI,DB-internal consistency (etype vs linked engine cc)
21163,Toyota,"AURIS (NRE15_, ZZE15_, ADE15_, ZRE15_, NDE15_)",engine_type-pattern,1.3 (corr.),1.33 VVT-i,DB-internal consistency (etype vs linked engine cc)
21172,Dacia,LOGAN EXPRESS (FS_),engine_type-pattern,1.5 dCi (corr.),NULL,DB-internal consistency (etype vs linked engine cc)
21173,Dacia,LOGAN EXPRESS (FS_),engine_type-pattern,1.5 dCi (corr.),1.5 dCi,DB-internal consistency (etype vs linked engine cc)
21175,Dacia,LOGAN Pickup (US_),engine_type-pattern,1.5 dCi (corr.),NULL,DB-internal consistency (etype vs linked engine cc)
21176,Dacia,LOGAN Pickup (US_),engine_type-pattern,1.5 dCi (corr.),1.5 dCi,DB-internal consistency (etype vs linked engine cc)
21181,Toyota,"RAV 4 III (ACA3_, ACE_, ALA3_, GSA3_, ZSA3_)",engine_type-pattern,2.2 D-4D (corr.),IS220d 2.2 16v D-CAT,DB-internal consistency (etype vs linked engine cc)
21182,Toyota,"RAV 4 III (ACA3_, ACE_, ALA3_, GSA3_, ZSA3_)",engine_type-pattern,2.2 D-4D (corr.),2.2 16v D-4D,DB-internal consistency (etype vs linked engine cc)
21196,Mercedes,"SPRINTER 3,5-t Box (906)",engine_type-pattern,C 220 CDI (corr.),NULL,DB-internal consistency (etype vs linked engine cc)
21197,Mercedes,"SPRINTER 3,5-t Box (906)",engine_type-pattern,C 220 CDI (corr.),NULL,DB-internal consistency (etype vs linked engine cc)
21198,Mercedes,"SPRINTER 3,5-t Platform/Chassis (906)",engine_type-pattern,C 220 CDI (corr.),NULL,DB-internal consistency (etype vs linked engine cc)
21199,Saab,9-3 (YS3F),engine_type-pattern,2.0 t (corr.),2.0 16v Turbo,DB-internal consistency (etype vs linked engine cc)
21201,Renault,MEGANE III Hatchback (BZ0_),engine_type-pattern,1.6 (corr.),NULL,DB-internal consistency (etype vs linked engine cc)
21202,Renault,MEGANE III Hatchback (BZ0_),engine_type-pattern,1.9 dCi (corr.),NULL,DB-internal consistency (etype vs linked engine cc)
21203,Renault,MEGANE III Hatchback (BZ0_),engine_type-pattern,1.9 dCi (corr.),NULL,DB-internal consistency (etype vs linked engine cc)
21204,Renault,MEGANE III Coupe (DZ0/1_),engine_type-pattern,1.9 dCi (corr.),NULL,DB-internal consistency (etype vs linked engine cc)
21205,Renault,MEGANE III Coupe (DZ0/1_),engine_type-pattern,1.9 dCi (corr.),NULL,DB-internal consistency (etype vs linked engine cc)
21206,Renault,MEGANE III Coupe (DZ0/1_),engine_type-pattern,1.6 (corr.),NULL,DB-internal consistency (etype vs linked engine cc)
21207,Renault,MEGANE III Coupe (DZ0/1_),engine_type-pattern,1.6 (corr.),NULL,DB-internal consistency (etype vs linked engine cc)
21225,Renault,MEGANE II Estate (KM0/1_),engine_type-spoof,1.9 dCi,NULL,DB-internal consistency (etype vs linked engine cc)
21228,Renault,LAGUNA III (BT0/1),engine_type-pattern,1.6 (corr.),NULL,DB-internal consistency (etype vs linked engine cc)
21229,Renault,"CLIO III (BR0/1, CR0/1)",engine_type-pattern,1.6 (corr.),NULL,DB-internal consistency (etype vs linked engine cc)
21236,Hyundai,Ix55,engine_type-pattern,3 (est.),3.0 V6 CRDi Automatic,DB-internal consistency (etype vs linked engine cc)
21241,Lada,111,engine_type-spoof,1.6,1.3,DB-internal consistency (etype vs linked engine cc)
21246,Lada,112,engine_type-spoof,1.6,1.3,DB-internal consistency (etype vs linked engine cc)
21251,Ford,FALCON Saloon (BA),engine_type-pattern,4 (est.),KALOS (KLAS),DB-internal consistency (etype vs linked engine cc)
21252,Ford,FALCON Saloon (BA),engine_type-pattern,5.4 (est.),NULL,DB-internal consistency (etype vs linked engine cc)
21253,Ford,FALCON Pickup (BA),engine_type-pattern,Repair rim on rim flange,KALOS (KLAS),DB-internal consistency (etype vs linked engine cc)
21254,Ford,FALCON Pickup (BF),engine_type-pattern,Repair rim on rim flange,KALOS (KLAS),DB-internal consistency (etype vs linked engine cc)
21255,Ford,FALCON Pickup (BF),engine_type-pattern,4 (est.),KALOS (KLAS),DB-internal consistency (etype vs linked engine cc)
21260,Jeep,CHEROKEE (KK),engine_type-pattern,2.8 (est.),2.8 CRD,DB-internal consistency (etype vs linked engine cc)
21263,Holden,STATESMAN Saloon (WL),engine_type-pattern,6 (est.),6.0 V8 Vortec MAX,DB-internal consistency (etype vs linked engine cc)
21264,Holden,STATESMAN Saloon (WL),engine_type-pattern,6 (est.),COO,DB-internal consistency (etype vs linked engine cc)
21266,Audi,A3 (8P1),engine_type-pattern,1.6 (est.),1.6 TDI (90),DB-internal consistency (etype vs linked engine cc)
21267,Audi,A3 (8P1),engine_type-pattern,1.6 (est.),1.6 TDI (105),DB-internal consistency (etype vs linked engine cc)
21268,Audi,A3 Sportback (8PA),engine_type-pattern,1.6 (est.),1.6 TDI (90),DB-internal consistency (etype vs linked engine cc)
21269,Audi,A3 Sportback (8PA),engine_type-pattern,1.6 (est.),1.6 TDI (105),DB-internal consistency (etype vs linked engine cc)
21270,Audi,A3 Convertible (8P7),engine_type-pattern,1.6 (est.),1.6 TDI (105),DB-internal consistency (etype vs linked engine cc)
21279,Volkswagen,GOLF VI (5K1),engine_type-pattern,1.6 (est.),1.6 TDI (105),DB-internal consistency (etype vs linked engine cc)
21305,Jaguar,"XF (_J05_, CC9)",engine_type-pattern,Incoming inspection - dialog acceptance,5.0 V8,DB-internal consistency (etype vs linked engine cc)
21308,Cadillac,Cts,engine_type-pattern,3.6 (corr.),3.6 V6 LS,DB-internal consistency (etype vs linked engine cc)
21309,Holden,COMMODORE Pickup (VU),engine_type-pattern,3.8 (est.),NULL,DB-internal consistency (etype vs linked engine cc)
21310,Seat,LEON ST (5F8),engine_type-pattern,1.6 (est.),1.6 16v TDI,DB-internal consistency (etype vs linked engine cc)
21313,Holden,COMMODORE Pickup (VZ),engine_type-pattern,3.6 (est.),3.6 Petrol,DB-internal consistency (etype vs linked engine cc)
21314,Holden,COMMODORE Pickup (VZ),engine_type-pattern,3.6 (est.),3.6 Petrol,DB-internal consistency (etype vs linked engine cc)
21315,Holden,COMMODORE Pickup (VZ),engine_type-pattern,3.6 (est.),3.6 Petrol,DB-internal consistency (etype vs linked engine cc)
21316,Seat,LEON ST (5F8),engine_type-pattern,1.6 (est.),1.6 TDI (105),DB-internal consistency (etype vs linked engine cc)
21323,Holden,COMMODORE Saloon (VE),engine_type-pattern,6 (est.),NULL,DB-internal consistency (etype vs linked engine cc)
21324,Holden,COMMODORE Saloon (VE),engine_type-pattern,6 (est.),6.0,DB-internal consistency (etype vs linked engine cc)
21338,Chevrolet,CORVETTE (C6),engine_type-pattern,6.2 (corr.),6.2,DB-internal consistency (etype vs linked engine cc)
21339,Mercedes,SL (R230),engine_type-pattern,CL 65 AMG (corr.),NULL,DB-internal consistency (etype vs linked engine cc)
21343,Holden,COMMODORE Saloon (VE),engine_type-pattern,3.6 (est.),NULL,DB-internal consistency (etype vs linked engine cc)
21344,Holden,COMMODORE Saloon (VE),engine_type-pattern,3.6 (est.),3.6 Petrol,DB-internal consistency (etype vs linked engine cc)
21345,Holden,COMMODORE Saloon (VE),engine_type-pattern,3.6 (est.),3.6 Petrol,DB-internal consistency (etype vs linked engine cc)
21354,HSV,GRANGE Saloon (WL),engine_type-pattern,6 (est.),6.0,DB-internal consistency (etype vs linked engine cc)
21355,HSV,GRANGE Saloon (WL),engine_type-pattern,6 (est.),6.0,DB-internal consistency (etype vs linked engine cc)
21361,GWM,TENGYI C50 Saloon,engine_type-pattern,1.5 (corr.),1.5 16v Turbo (petrol),DB-internal consistency (etype vs linked engine cc)
21374,Mercedes,"R-CLASS (W251, V251)",engine_type-pattern,C 320 CDI (corr.),NULL,DB-internal consistency (etype vs linked engine cc)
21375,Mercedes,"R-CLASS (W251, V251)",engine_type-pattern,C 320 CDI (corr.),3.0 TD,DB-internal consistency (etype vs linked engine cc)
21376,Mercedes,"R-CLASS (W251, V251)",engine_type-pattern,C 320 CDI (corr.),NULL,DB-internal consistency (etype vs linked engine cc)
21377,Mercedes,"R-CLASS (W251, V251)",engine_type-pattern,C 320 CDI (corr.),NULL,DB-internal consistency (etype vs linked engine cc)
21378,Mercedes,"R-CLASS (W251, V251)",engine_type-pattern,C 320 CDI (corr.),NULL,DB-internal consistency (etype vs linked engine cc)
21379,Mercedes,"R-CLASS (W251, V251)",engine_type-pattern,C 320 CDI (corr.),3.0 TD,DB-internal consistency (etype vs linked engine cc)
21380,Mercedes,"R-CLASS (W251, V251)",engine_type-spoof,1.6 i 4WD,NULL,DB-internal consistency (etype vs linked engine cc)
21397,Peugeot,3008,engine_type-pattern,1.6 16V (corr.),1.6 16v THP,DB-internal consistency (etype vs linked engine cc)
21401,Renault,LAGUNA III (BT0/1),engine_type-pattern,3 (est.),NULL,DB-internal consistency (etype vs linked engine cc)
21402,Renault,LAGUNA III (BT0/1),engine_type-pattern,3 (est.),NULL,DB-internal consistency (etype vs linked engine cc)
21403,Renault,LAGUNA III Grandtour (KT0/1),engine_type-pattern,1.6 (corr.),NULL,DB-internal consistency (etype vs linked engine cc)
21404,Renault,LAGUNA III Grandtour (KT0/1),engine_type-pattern,3 (est.),NULL,DB-internal consistency (etype vs linked engine cc)
21405,Renault,LAGUNA III Grandtour (KT0/1),engine_type-pattern,3 (est.),NULL,DB-internal consistency (etype vs linked engine cc)
21406,Renault,MEGANE III Grandtour (KZ0/1),engine_type-pattern,1.6 (corr.),NULL,DB-internal consistency (etype vs linked engine cc)
21407,Renault,MEGANE III Grandtour (KZ0/1),engine_type-spoof,2.0 RXE 4x4,NULL,DB-internal consistency (etype vs linked engine cc)
21410,Renault,MEGANE III Grandtour (KZ0/1),engine_type-pattern,1.4 (corr.),1.4 16v TCe,DB-internal consistency (etype vs linked engine cc)
21411,Renault,MEGANE III Grandtour (KZ0/1),engine_type-pattern,1.5 dCi (corr.),NULL,DB-internal consistency (etype vs linked engine cc)
21412,Renault,MEGANE III Grandtour (KZ0/1),engine_type-pattern,1.5 dCi (corr.),NULL,DB-internal consistency (etype vs linked engine cc)
21413,Renault,MEGANE III Grandtour (KZ0/1),engine_type-pattern,1.5 dCi (corr.),NULL,DB-internal consistency (etype vs linked engine cc)
21414,Renault,MEGANE III Grandtour (KZ0/1),engine_type-pattern,1.5 dCi (corr.),1.5 dCi,DB-internal consistency (etype vs linked engine cc)
21415,Renault,MEGANE III Grandtour (KZ0/1),engine_type-pattern,1.5 dCi (corr.),1.5 dCi,DB-internal consistency (etype vs linked engine cc)
21416,Renault,MEGANE III Grandtour (KZ0/1),engine_type-pattern,1.9 dCi (corr.),NULL,DB-internal consistency (etype vs linked engine cc)
21417,Renault,MEGANE III Grandtour (KZ0/1),engine_type-pattern,1.9 dCi (corr.),NULL,DB-internal consistency (etype vs linked engine cc)
21418,Renault,MEGANE III Coupe (DZ0/1_),engine_type-pattern,2 (est.),NULL,DB-internal consistency (etype vs linked engine cc)
21419,Renault,MEGANE III Coupe (DZ0/1_),engine_type-pattern,2 (est.),NULL,DB-internal consistency (etype vs linked engine cc)
21420,Renault,MEGANE III Grandtour (KZ0/1),engine_type-pattern,2.0 dCi (corr.),NULL,DB-internal consistency (etype vs linked engine cc)
21421,Renault,MEGANE III Grandtour (KZ0/1),engine_type-spoof,2.3 Limited,NULL,DB-internal consistency (etype vs linked engine cc)
21422,Renault,MEGANE III Grandtour (KZ0/1),engine_type-spoof,2.3 Limited,NULL,DB-internal consistency (etype vs linked engine cc)
21423,Renault,SCÉNIC III (JZ0/1_),engine_type-pattern,1.6 (corr.),NULL,DB-internal consistency (etype vs linked engine cc)
21424,Renault,SCÉNIC III (JZ0/1_),engine_type-pattern,1.4 (corr.),1.4 16v TCe,DB-internal consistency (etype vs linked engine cc)
21425,Renault,SCÉNIC III (JZ0/1_),engine_type-pattern,2 (est.),NULL,DB-internal consistency (etype vs linked engine cc)
21426,Renault,SCÉNIC III (JZ0/1_),engine_type-pattern,2 (est.),NULL,DB-internal consistency (etype vs linked engine cc)
21427,Renault,SCÉNIC III (JZ0/1_),engine_type-pattern,2 (est.),NULL,DB-internal consistency (etype vs linked engine cc)
21432,Renault,SCÉNIC III (JZ0/1_),engine_type-pattern,2.0 dCi (corr.),NULL,DB-internal consistency (etype vs linked engine cc)
21433,Renault,GRAND SCÉNIC III (JZ0/1_),engine_type-pattern,1.4 (corr.),1.4 16v TCe,DB-internal consistency (etype vs linked engine cc)
21434,Renault,GRAND SCÉNIC III (JZ0/1_),engine_type-pattern,1.6 (corr.),NULL,DB-internal consistency (etype vs linked engine cc)
21435,Renault,GRAND SCÉNIC III (JZ0/1_),engine_type-pattern,2 (est.),NULL,DB-internal consistency (etype vs linked engine cc)
21436,Renault,GRAND SCÉNIC III (JZ0/1_),engine_type-pattern,2 (est.),NULL,DB-internal consistency (etype vs linked engine cc)
21441,Renault,GRAND SCÉNIC III (JZ0/1_),engine_type-pattern,2.0 dCi (corr.),NULL,DB-internal consistency (etype vs linked engine cc)
21453,Mercedes,E-CLASS T-Model (S212),engine_type-pattern,2.1 (est.),2.0 RSK AWD,DB-internal consistency (etype vs linked engine cc)
21454,Mercedes,E-CLASS T-Model (S212),engine_type-pattern,2.1 (est.),NULL,DB-internal consistency (etype vs linked engine cc)
21455,Mercedes,E-CLASS T-Model (S212),engine_type-pattern,2.1 (est.),NULL,DB-internal consistency (etype vs linked engine cc)
21456,Mercedes,E-CLASS T-Model (S212),engine_type-pattern,C 320 CDI (corr.),NULL,DB-internal consistency (etype vs linked engine cc)
21457,Mercedes,E-CLASS T-Model (S212),engine_type-pattern,C 320 CDI (corr.),NULL,DB-internal consistency (etype vs linked engine cc)
21458,Mercedes,E-CLASS T-Model (S212),engine_type-spoof,5.0 Brougham,NULL,DB-internal consistency (etype vs linked engine cc)
21459,Mercedes,E-CLASS T-Model (S212),engine_type-pattern,C 180 Kompressor (corr.),LEMANS,DB-internal consistency (etype vs linked engine cc)
21460,Mercedes,E-CLASS T-Model (S212),engine_type-pattern,C 180 Kompressor (corr.),NULL,DB-internal consistency (etype vs linked engine cc)
21461,Mercedes,E-CLASS T-Model (S212),engine_type-pattern,C 180 Kompressor (corr.),LEMANS,DB-internal consistency (etype vs linked engine cc)
21462,Mercedes,E-CLASS T-Model (S212),engine_type-pattern,350 (corr.),NULL,DB-internal consistency (etype vs linked engine cc)
21463,Mercedes,E-CLASS T-Model (S212),engine_type-spoof,2.0 i 4WD,NULL,DB-internal consistency (etype vs linked engine cc)
21464,Mercedes,E-CLASS T-Model (S212),engine_type-spoof,2.2 i 4WD,NULL,DB-internal consistency (etype vs linked engine cc)
21468,Seat,LEON (1P1),engine_type-pattern,2.0 TFSI (corr.),2.0 TFSI Quattro,DB-internal consistency (etype vs linked engine cc)
21472,Skoda,OCTAVIA (1Z3),engine_type-pattern,Repair rear seat bench * (corr.),1.6 TDI (105),DB-internal consistency (etype vs linked engine cc)
21476,Volkswagen,PASSAT (3C2),engine_type-pattern,1.6 (est.),1.6 TDI (105),DB-internal consistency (etype vs linked engine cc)
21477,Volkswagen,PASSAT Variant (3C5),engine_type-pattern,1.6 (est.),1.6 TDI (105),DB-internal consistency (etype vs linked engine cc)
21484,Seat,IBIZA V (6J5),engine_type-pattern,1.6 (est.),1.6 TDI (90),DB-internal consistency (etype vs linked engine cc)
21490,Seat,IBIZA V SPORTCOUPE (6J1),engine_type-pattern,1.4 16V (corr.),1.4 16v TSI Cupra,DB-internal consistency (etype vs linked engine cc)
21491,Seat,IBIZA V SPORTCOUPE (6J1),engine_type-pattern,1.4 16V (corr.),1.4 16v TSI GTI,DB-internal consistency (etype vs linked engine cc)
21492,Seat,IBIZA V SPORTCOUPE (6J1),engine_type-pattern,1.4 16V (corr.),NULL,DB-internal consistency (etype vs linked engine cc)
21493,Seat,IBIZA V SPORTCOUPE (6J1),engine_type-pattern,1.6 (est.),1.6 TDI (90),DB-internal consistency (etype vs linked engine cc)
21494,Volkswagen,"GOLF PLUS (5M1, 521)",engine_type-pattern,1.6 (est.),1.6 TDI (105),DB-internal consistency (etype vs linked engine cc)
21495,Volkswagen,"POLO (6R, 6C)",engine_type-pattern,1.6 (est.),1.6 TDI (90),DB-internal consistency (etype vs linked engine cc)
21496,Volkswagen,"POLO (6R, 6C)",engine_type-pattern,1.6 (est.),1.6 TDI (105),DB-internal consistency (etype vs linked engine cc)
21497,Volkswagen,"POLO (6R, 6C)",engine_type-pattern,1.6 (est.),1.6 16v TDI,DB-internal consistency (etype vs linked engine cc)
21498,Fiat,DUCATO Bus (250),engine_type-pattern,3 (est.),NULL,DB-internal consistency (etype vs linked engine cc)
21500,BYD,F3,engine_type-pattern,1 (est.),NULL,DB-internal consistency (etype vs linked engine cc)
21505,Alfa Romeo,MITO (955),engine_type-pattern,1.2 (est.),1.3 JTDm (90),DB-internal consistency (etype vs linked engine cc)
21506,Holden,COMMODORE Saloon (VE),engine_type-pattern,3.6 (est.),3.6 Petrol,DB-internal consistency (etype vs linked engine cc)
21507,Holden,COMMODORE Saloon (VE),engine_type-pattern,3.6 (est.),NULL,DB-internal consistency (etype vs linked engine cc)
21508,Holden,COMMODORE Saloon (VE),engine_type-pattern,3.6 (est.),3.6 Petrol,DB-internal consistency (etype vs linked engine cc)
21509,Holden,COMMODORE Saloon (VE),engine_type-pattern,3.6 (est.),3.6 Petrol,DB-internal consistency (etype vs linked engine cc)
21510,BMW,1 (E81),engine_type-pattern,320 i (corr.),318 i,DB-internal consistency (etype vs linked engine cc)
21511,BMW,1 (E81),engine_type-pattern,320 d (corr.),NULL,DB-internal consistency (etype vs linked engine cc)
21512,BMW,1 (E81),engine_type-pattern,320 d (corr.),116d 2000 D,DB-internal consistency (etype vs linked engine cc)
21513,BMW,1 (E81),engine_type-pattern,330 i (corr.),NULL,DB-internal consistency (etype vs linked engine cc)
21514,BMW,1 (E81),engine_type-pattern,330 i (corr.),NULL,DB-internal consistency (etype vs linked engine cc)
21515,BMW,1 (E81),engine_type-pattern,330 i (corr.),NULL,DB-internal consistency (etype vs linked engine cc)
21517,Renault,MEGANE III Hatchback (BZ0_),engine_type-pattern,1.6 (corr.),NULL,DB-internal consistency (etype vs linked engine cc)
21518,Holden,CAPRICE Saloon (WH),engine_type-pattern,3.8 (est.),NULL,DB-internal consistency (etype vs linked engine cc)
21519,Renault,MEGANE III Grandtour (KZ0/1),engine_type-pattern,1.6 (corr.),NULL,DB-internal consistency (etype vs linked engine cc)
21521,Holden,CAPRICE Saloon (WL),engine_type-pattern,6 (est.),6.0,DB-internal consistency (etype vs linked engine cc)
21527,Seat,LEON (1P1),engine_type-pattern,1.6 (corr.),1.6 8v LPG,DB-internal consistency (etype vs linked engine cc)
21528,Lexus,"RX (GYL1_, GGL15, AGL10)",engine_type-pattern,3.5 (est.),NULL,DB-internal consistency (etype vs linked engine cc)
21532,Renault,MEGANE III Coupe (DZ0/1_),engine_type-pattern,2.0 dCi (corr.),NULL,DB-internal consistency (etype vs linked engine cc)
21533,Renault,CLIO Grandtour (KR0/1_),engine_type-pattern,1.6 (corr.),NULL,DB-internal consistency (etype vs linked engine cc)
21534,Renault,FLUENCE (L30_),engine_type-pattern,1.6 (corr.),1.6 16V,DB-internal consistency (etype vs linked engine cc)
21535,Renault,FLUENCE (L30_),engine_type-pattern,1.6 (corr.),NULL,DB-internal consistency (etype vs linked engine cc)
21536,Renault,FLUENCE (L30_),engine_type-pattern,2.0 16V (corr.),NULL,DB-internal consistency (etype vs linked engine cc)
21537,Renault,FLUENCE (L30_),engine_type-pattern,2.0 16V (corr.),NULL,DB-internal consistency (etype vs linked engine cc)
21538,Renault,FLUENCE (L30_),engine_type-pattern,1.5 dCi (corr.),NULL,DB-internal consistency (etype vs linked engine cc)
21539,Renault,FLUENCE (L30_),engine_type-pattern,1.5 dCi (corr.),NULL,DB-internal consistency (etype vs linked engine cc)
21540,Renault,FLUENCE (L30_),engine_type-pattern,1.5 dCi (corr.),1.5 dCi,DB-internal consistency (etype vs linked engine cc)
21542,Peugeot,407 Coupe (6C_),engine_type-pattern,3 (est.),3.0 TDV6,DB-internal consistency (etype vs linked engine cc)
21550,Citroen,C4 Picasso I (UD_),engine_type-pattern,2.0 HDi (corr.),2.0 HDI,DB-internal consistency (etype vs linked engine cc)
21551,Citroen,C4 Grand Picasso I (UA_),engine_type-pattern,2.0 HDi (corr.),2.0 HDI,DB-internal consistency (etype vs linked engine cc)
21552,Citroen,C4 Grand Picasso I (UA_),engine_type-pattern,2.0 HDi (corr.),2.0 HDI,DB-internal consistency (etype vs linked engine cc)
21553,Holden,COMMODORE Estate (VE),engine_type-pattern,3.6 (est.),3.6 Petrol,DB-internal consistency (etype vs linked engine cc)
21554,Holden,COMMODORE Estate (VE),engine_type-pattern,3.6 (est.),3.6 Petrol,DB-internal consistency (etype vs linked engine cc)
21555,Holden,COMMODORE Estate (VE),engine_type-pattern,3.6 (est.),3.6 V6,DB-internal consistency (etype vs linked engine cc)
21556,Holden,COMMODORE Estate (VE),engine_type-pattern,3.6 (est.),3.6 Petrol,DB-internal consistency (etype vs linked engine cc)
21557,Holden,COMMODORE Estate (VE),engine_type-pattern,3.6 (est.),3.6 Petrol,DB-internal consistency (etype vs linked engine cc)
21558,Holden,COMMODORE Estate (VE),engine_type-pattern,6 (est.),6.0,DB-internal consistency (etype vs linked engine cc)
21559,Holden,COMMODORE Estate (VE),engine_type-pattern,6 (est.),NULL,DB-internal consistency (etype vs linked engine cc)
21561,Holden,ASTRA Convertible (TS),engine_type-spoof,2.2 i,1.8 16v,DB-internal consistency (etype vs linked engine cc)
21624,Opel,Corsa D,engine_type-spoof,2.7 TD,1.2 TwinPort Ecotec,DB-internal consistency (etype vs linked engine cc)
21626,Volkswagen,PASSAT CC (357),engine_type-spoof,2.7 D Rear Wheel Drive,2.0 TDI (140),DB-internal consistency (etype vs linked engine cc)
21627,Volkswagen,PASSAT CC (357),engine_type-spoof,2.7 D Rear Wheel Drive,2.0 TDI (140),DB-internal consistency (etype vs linked engine cc)
21632,Vauxhall,ASTRA Mk V (H) Sport Hatch,engine_type-pattern,2.0 (corr.),2.0 Turbo OPC,DB-internal consistency (etype vs linked engine cc)
21633,Volkswagen,GOLF VI (5K1),engine_type-spoof,2.7 D Rear Wheel Drive,2.0 TDI (140),DB-internal consistency (etype vs linked engine cc)
21634,Volkswagen,GOLF VI (5K1),engine_type-spoof,2.7 D Rear Wheel Drive,2.0 TDI (140),DB-internal consistency (etype vs linked engine cc)
21648,Mini,MINI (R56),engine_type-pattern,Cooper S (corr.),NULL,DB-internal consistency (etype vs linked engine cc)
21649,Mini,MINI Convertible (R57),engine_type-pattern,Cooper (corr.),NULL,DB-internal consistency (etype vs linked engine cc)
21650,Mini,MINI CLUBMAN (R55),engine_type-pattern,Cooper S (corr.),NULL,DB-internal consistency (etype vs linked engine cc)
21651,Holden,COMMODORE Pickup (VE),engine_type-pattern,3.6 (est.),NULL,DB-internal consistency (etype vs linked engine cc)
21652,Holden,COMMODORE Pickup (VE),engine_type-pattern,3.6 (est.),3.6 Petrol,DB-internal consistency (etype vs linked engine cc)
21653,Holden,COMMODORE Pickup (VE),engine_type-pattern,3.6 (est.),NULL,DB-internal consistency (etype vs linked engine cc)
21654,Holden,COMMODORE Pickup (VE),engine_type-pattern,6 (est.),NULL,DB-internal consistency (etype vs linked engine cc)
21655,Holden,COMMODORE Pickup (VE),engine_type-pattern,6 (est.),6.0 V8 Vortec MAX,DB-internal consistency (etype vs linked engine cc)
21669,Citroen,DS3,engine_type-pattern,1.6 VTi 120 (corr.),1.6 16v THP 150,DB-internal consistency (etype vs linked engine cc)
21670,Citroen,DS3,engine_type-pattern,1.6 VTi 120 (corr.),1.6 16v THP,DB-internal consistency (etype vs linked engine cc)
21680,Kia,SORENTO II (XM),engine_type-spoof,1.6 SR,2.4 16v Automatic,DB-internal consistency (etype vs linked engine cc)
21682,Land Rover,DISCOVERY IV (LA),engine_type-pattern,3 (est.),NULL,DB-internal consistency (etype vs linked engine cc)
21685,Land Rover,RANGE ROVER SPORT (LS),engine_type-pattern,3 (est.),NULL,DB-internal consistency (etype vs linked engine cc)
21686,Lada,KALINA Estate (1117),engine_type-pattern,1.4 16V (corr.),1.4 16V,DB-internal consistency (etype vs linked engine cc)
21687,Lada,KALINA Saloon (1118),engine_type-pattern,1.4 16V (corr.),1.4 16V,DB-internal consistency (etype vs linked engine cc)
21688,Lada,KALINA Hatchback (1119),engine_type-pattern,1.4 16V (corr.),1.4 16V,DB-internal consistency (etype vs linked engine cc)
21689,Audi,R8,engine_type-pattern,5.2 (est.),5.2 V10 40v FSI Quattro,DB-internal consistency (etype vs linked engine cc)
21690,Audi,R8,engine_type-pattern,5.2 (est.),NULL,DB-internal consistency (etype vs linked engine cc)
21691,Audi,R8 Spyder,engine_type-pattern,5.2 (est.),5.2 V10 40v FSI Quattro,DB-internal consistency (etype vs linked engine cc)
21692,Audi,R8 Spyder,engine_type-pattern,5.2 (est.),NULL,DB-internal consistency (etype vs linked engine cc)
21695,Porsche,Panamera,engine_type-pattern,Dismantle/assemble rear axle (corr.),4.8 V8 6MT,DB-internal consistency (etype vs linked engine cc)
21696,Porsche,Panamera,engine_type-pattern,Dismantle/assemble rear axle (corr.),4.8 V8 7AT,DB-internal consistency (etype vs linked engine cc)
21697,Porsche,Panamera,engine_type-pattern,Dismantle/assemble rear axle (rear axle removed),4.8 V8 7AT,DB-internal consistency (etype vs linked engine cc)
21703,Suzuki,"SX4 (EY, GY)",engine_type-pattern,2 (est.),2.0 16v Mjet,DB-internal consistency (etype vs linked engine cc)
21727,Chrysler,JOURNEY,engine_type-pattern,2.4 (corr.),NULL,DB-internal consistency (etype vs linked engine cc)
21728,Ford,FOCUS Hatchback (LT),engine_type-pattern,2 (est.),2.0 TDCi,DB-internal consistency (etype vs linked engine cc)
21729,BMW,"7 (F01, F02, F03, F04)",engine_type-pattern,Dismantle/assemble gear selector bearing/mounting body (corr.),NULL,DB-internal consistency (etype vs linked engine cc)
21730,BMW,"7 (F01, F02, F03, F04)",engine_type-pattern,Dismantle/assemble gear selector bearing/mounting body (corr.),NULL,DB-internal consistency (etype vs linked engine cc)
21731,BMW,"7 (F01, F02, F03, F04)",engine_type-pattern,6 (est.),NULL,DB-internal consistency (etype vs linked engine cc)
21733,BMW,5 Gran Turismo (F07),engine_type-pattern,Dismantle/assemble gear selector bearing/mounting body (corr.),NULL,DB-internal consistency (etype vs linked engine cc)
21736,Mazda,CX-7 (ER),engine_type-pattern,2.3 (corr.),NULL,DB-internal consistency (etype vs linked engine cc)
21738,BMW,X1 (E84),engine_type-pattern,330 i (corr.),NULL,DB-internal consistency (etype vs linked engine cc)
21739,BMW,X1 (E84),engine_type-pattern,Balance road wheel (corr.),116d 2000 D,DB-internal consistency (etype vs linked engine cc)
21740,BMW,X1 (E84),engine_type-pattern,Balance road wheel (corr.),116d 2000 D,DB-internal consistency (etype vs linked engine cc)
21741,BMW,X1 (E84),engine_type-pattern,Balance road wheel (corr.),116d 2000 D,DB-internal consistency (etype vs linked engine cc)
21742,BMW,X1 (E84),engine_type-pattern,Balance road wheel (corr.),NULL,DB-internal consistency (etype vs linked engine cc)
21743,Volvo,Xc60,engine_type-pattern,D5 (corr.),2.4 20v D5,DB-internal consistency (etype vs linked engine cc)
21745,Volvo,Xc60,engine_type-pattern,3.2 (corr.),3.2 V6,DB-internal consistency (etype vs linked engine cc)
21748,Subaru,"OUTBACK (BM, BR)",engine_type-pattern,3.6 (est.),3.6,DB-internal consistency (etype vs linked engine cc)
21750,Subaru,"LEGACY V (BM, BR)",engine_type-pattern,WINSTORM (corr.),2.5 16v,DB-internal consistency (etype vs linked engine cc)
21751,Subaru,"LEGACY V (BM, BR)",engine_type-pattern,2.0 D (corr.),2.0 16v D,DB-internal consistency (etype vs linked engine cc)
21756,Ford,"MONDEO Saloon (MA, MB)",engine_type-pattern,2.3 (est.),2.3,DB-internal consistency (etype vs linked engine cc)
21757,Ford,"MONDEO Saloon (MA, MB)",engine_type-pattern,2 (est.),2.0 TDCi,DB-internal consistency (etype vs linked engine cc)
21758,Ford,"MONDEO Hatchback (MA, MB, MC)",engine_type-pattern,2.3 (est.),2.3,DB-internal consistency (etype vs linked engine cc)
21759,Ford,"MONDEO Hatchback (MA, MB, MC)",engine_type-pattern,2.5 (est.),2.5 Duratec ST,DB-internal consistency (etype vs linked engine cc)
21760,Ford,"MONDEO Hatchback (MA, MB, MC)",engine_type-pattern,2 (est.),2.0 TDCi,DB-internal consistency (etype vs linked engine cc)
21761,Ford,"MONDEO Estate (MB, MC)",engine_type-pattern,2.3 (est.),2.3,DB-internal consistency (etype vs linked engine cc)
21766,Chrysler,NITRO,engine_type-pattern,3.7 (corr.),NULL,DB-internal consistency (etype vs linked engine cc)
21767,Mitsubishi,"COLT VI (Z3_A, Z2_A)",engine_type-pattern,1.5 (corr.),1.5 16v Ralliart,DB-internal consistency (etype vs linked engine cc)
21778,Vauxhall,ASTRA Mk V (H) Sport Hatch,engine_type-spoof,1.8 i Syncro CAT,1.3 16v CDTI,DB-internal consistency (etype vs linked engine cc)
21787,Mercedes,E-CLASS (W212),engine_type-pattern,2.1 (est.),2.0 RSK AWD,DB-internal consistency (etype vs linked engine cc)
21788,Mercedes,E-CLASS (W212),engine_type-pattern,C 180 Kompressor (corr.),LEMANS,DB-internal consistency (etype vs linked engine cc)
21789,Mercedes,E-CLASS (W212),engine_type-pattern,C 180 Kompressor (corr.),NULL,DB-internal consistency (etype vs linked engine cc)
21791,Mercedes,GL-CLASS (X164),engine_type-pattern,4 (est.),NULL,DB-internal consistency (etype vs linked engine cc)
21792,Mercedes,M-CLASS (W164),engine_type-pattern,C 320 CDI (corr.),ML 280 CDI 4-matic (164.120),DB-internal consistency (etype vs linked engine cc)
21793,Mercedes,M-CLASS (W164),engine_type-pattern,C 320 CDI (corr.),ML 280 CDI 4-matic (164.120),DB-internal consistency (etype vs linked engine cc)
21794,Mercedes,M-CLASS (W164),engine_type-pattern,C 320 CDI (corr.),NULL,DB-internal consistency (etype vs linked engine cc)
21795,Mercedes,M-CLASS (W164),engine_type-pattern,"1.6 i (SF416, AH14)",NULL,DB-internal consistency (etype vs linked engine cc)
21796,BMW,1 (E81),engine_type-pattern,320 d (corr.),NULL,DB-internal consistency (etype vs linked engine cc)
21797,BMW,1 (E81),engine_type-pattern,320 d (corr.),116d 2000 D,DB-internal consistency (etype vs linked engine cc)
21798,BMW,1 (E81),engine_type-pattern,320 i (corr.),320 i,DB-internal consistency (etype vs linked engine cc)
21799,BMW,1 (E81),engine_type-pattern,320 i (corr.),318 i,DB-internal consistency (etype vs linked engine cc)
21800,BMW,1 (E81),engine_type-pattern,320 i (corr.),318 i,DB-internal consistency (etype vs linked engine cc)
21801,BMW,1 Convertible (E88),engine_type-pattern,320 i (corr.),318 i,DB-internal consistency (etype vs linked engine cc)
21802,BMW,1 Convertible (E88),engine_type-pattern,320 d (corr.),NULL,DB-internal consistency (etype vs linked engine cc)
21803,BMW,1 Convertible (E88),engine_type-pattern,320 d (corr.),116d 2000 D,DB-internal consistency (etype vs linked engine cc)
21804,BMW,1 Convertible (E88),engine_type-pattern,320 d (corr.),NULL,DB-internal consistency (etype vs linked engine cc)
21805,BMW,1 Convertible (E88),engine_type-pattern,320 d (corr.),116d 2000 D,DB-internal consistency (etype vs linked engine cc)
21806,BMW,1 Coupe (E82),engine_type-pattern,320 d (corr.),NULL,DB-internal consistency (etype vs linked engine cc)
21807,BMW,1 Coupe (E82),engine_type-pattern,320 d (corr.),116d 2000 D,DB-internal consistency (etype vs linked engine cc)
21808,Lexus,"RX (GYL1_, GGL15, AGL10)",engine_type-pattern,350 (corr.),RX350 3.5 V6 VVT-i,DB-internal consistency (etype vs linked engine cc)
21810,Holden,BARINA Hatchback (XC),engine_type-pattern,1.4 (est.),1.4TwinPort Ecotec,DB-internal consistency (etype vs linked engine cc)
21812,Holden,COMMODORE Estate (VX),engine_type-pattern,3.8 (est.),NULL,DB-internal consistency (etype vs linked engine cc)
21813,Holden,COMMODORE Pickup (VY),engine_type-pattern,3.8 (est.),NULL,DB-internal consistency (etype vs linked engine cc)
21814,Holden,COMMODORE Pickup (VY),engine_type-pattern,3.8 (est.),NULL,DB-internal consistency (etype vs linked engine cc)
21815,Holden,COMMODORE Saloon (VZ),engine_type-pattern,3.6 (est.),3.6 Petrol,DB-internal consistency (etype vs linked engine cc)
21816,Holden,COMMODORE Saloon (VZ),engine_type-pattern,3.6 (est.),3.6 Petrol,DB-internal consistency (etype vs linked engine cc)
21817,Holden,COMMODORE Saloon (VZ),engine_type-pattern,6 (est.),6.0 V8 Vortec MAX,DB-internal consistency (etype vs linked engine cc)
21818,Holden,COMMODORE Pickup (VZ),engine_type-pattern,3.6 (est.),3.6 Petrol,DB-internal consistency (etype vs linked engine cc)
21819,Holden,COMMODORE Pickup (VZ),engine_type-pattern,3.6 (est.),3.6 Petrol,DB-internal consistency (etype vs linked engine cc)
21820,Holden,COMMODORE Pickup (VZ),engine_type-pattern,6 (est.),6.0 V8 Vortec MAX,DB-internal consistency (etype vs linked engine cc)
21822,Holden,CREWMAN Pickup (VZ),engine_type-pattern,3.6 (est.),3.6 Petrol,DB-internal consistency (etype vs linked engine cc)
21823,Holden,CREWMAN Pickup (VZ),engine_type-pattern,3.6 (est.),3.6 Petrol,DB-internal consistency (etype vs linked engine cc)
21824,Holden,CREWMAN Pickup (VZ),engine_type-pattern,6 (est.),6.0 V8 Vortec MAX,DB-internal consistency (etype vs linked engine cc)
21825,Holden,CREWMAN Pickup (VY),engine_type-pattern,3.8 (est.),NULL,DB-internal consistency (etype vs linked engine cc)
21826,Holden,CREWMAN Pickup (VY),engine_type-pattern,3.8 (est.),NULL,DB-internal consistency (etype vs linked engine cc)
21827,Holden,CREWMAN Pickup (VZ),engine_type-pattern,6 (est.),NULL,DB-internal consistency (etype vs linked engine cc)
21829,Holden,STATESMAN Saloon (WH),engine_type-pattern,3.8 (est.),NULL,DB-internal consistency (etype vs linked engine cc)
21830,Holden,STATESMAN Saloon (WK),engine_type-pattern,3.8 (est.),NULL,DB-internal consistency (etype vs linked engine cc)
21858,Holden,RODEO Pickup (TF),engine_type-pattern,3 (est.),3.0 DiTD 4x4,DB-internal consistency (etype vs linked engine cc)
21861,Holden,COMMODORE Saloon (VY),engine_type-pattern,3.8 (est.),NULL,DB-internal consistency (etype vs linked engine cc)
21862,Holden,COMMODORE Pickup (VY),engine_type-pattern,3.8 (est.),NULL,DB-internal consistency (etype vs linked engine cc)
21863,Holden,COMMODORE Saloon (VE),engine_type-pattern,3.6 (est.),3.6 V6 LS,DB-internal consistency (etype vs linked engine cc)
21864,Holden,COMMODORE Saloon (VE),engine_type-pattern,3.6 (est.),NULL,DB-internal consistency (etype vs linked engine cc)
21866,Holden,COMMODORE Pickup (VE),engine_type-pattern,3.6 (est.),3.6 Petrol,DB-internal consistency (etype vs linked engine cc)
21867,Holden,COMMODORE Pickup (VE),engine_type-pattern,3.6 (est.),3.6 Petrol,DB-internal consistency (etype vs linked engine cc)
21869,Holden,COMMODORE Pickup (VE),engine_type-pattern,3.6 (est.),3.6 Petrol,DB-internal consistency (etype vs linked engine cc)
21870,Ford,COURIER Pickup (PH),engine_type-pattern,2.6 i (corr.),NULL,DB-internal consistency (etype vs linked engine cc)
21871,Ford,COURIER Pickup (PH),engine_type-pattern,4 (est.),NULL,DB-internal consistency (etype vs linked engine cc)
21873,Ford,COURIER Pickup (PG),engine_type-pattern,2.6 i (corr.),NULL,DB-internal consistency (etype vs linked engine cc)
21875,Holden,COMMODORE Estate (VE),engine_type-pattern,3.6 (est.),3.6 V6 LS,DB-internal consistency (etype vs linked engine cc)
21876,Holden,COMMODORE Estate (VE),engine_type-pattern,3.6 (est.),NULL,DB-internal consistency (etype vs linked engine cc)
21878,Ford,FIESTA Hatchback (WS),engine_type-pattern,1.6 (est.),1.6 TDCi,DB-internal consistency (etype vs linked engine cc)
21879,Holden,ONE TONNER Platform/Chassis (VY),engine_type-pattern,3.8 (est.),NULL,DB-internal consistency (etype vs linked engine cc)
21880,Holden,CAPRICE Saloon (WK),engine_type-pattern,3.8 (est.),NULL,DB-internal consistency (etype vs linked engine cc)
21881,Holden,CAPRICE Saloon (WM),engine_type-pattern,6 (est.),6.0 V8 Vortec MAX,DB-internal consistency (etype vs linked engine cc)
21882,Holden,CAPRICE Saloon (WM),engine_type-pattern,6 (est.),6.0,DB-internal consistency (etype vs linked engine cc)
21891,Zastava,10 (188),engine_type-pattern,1.2 (est.),1.2 8v,DB-internal consistency (etype vs linked engine cc)
21918,Ford,FOCUS Saloon (LV),engine_type-pattern,2 (est.),2.0 TDCi,DB-internal consistency (etype vs linked engine cc)
21937,Volkswagen,GOLF VI Variant (AJ5),engine_type-pattern,1.6 (est.),1.6 TDI (105),DB-internal consistency (etype vs linked engine cc)
21942,Volkswagen,GOLF VI Variant (AJ5),engine_type-pattern,1.2 (est.),1.2 TFSI,DB-internal consistency (etype vs linked engine cc)
21943,Volkswagen,GOLF VI (5K1),engine_type-pattern,1.2 (est.),1.2 TFSI,DB-internal consistency (etype vs linked engine cc)
21945,Volkswagen,JETTA III (1K2),engine_type-pattern,1.6 (est.),1.6 TDI (105),DB-internal consistency (etype vs linked engine cc)
21946,Volkswagen,"GOLF PLUS (5M1, 521)",engine_type-pattern,1.2 (est.),1.2 TFSI,DB-internal consistency (etype vs linked engine cc)
21954,BMW,1 Coupe (E82),engine_type-pattern,320 i (corr.),318 i,DB-internal consistency (etype vs linked engine cc)
21955,BMW,1 Coupe (E82),engine_type-pattern,320 i (corr.),318 i,DB-internal consistency (etype vs linked engine cc)
21956,BMW,1 Coupe (E82),engine_type-pattern,320 d (corr.),116d 2000 D,DB-internal consistency (etype vs linked engine cc)
21958,Mercedes,C-CLASS (W204),engine_type-pattern,C 320 CDI (corr.),NULL,DB-internal consistency (etype vs linked engine cc)
21962,Mercedes,E-CLASS T-Model (S212),engine_type-pattern,HHR (corr.),HHR,DB-internal consistency (etype vs linked engine cc)
21978,Toyota,"LAND CRUISER (VDJ20_, UZJ20_)",engine_type-pattern,4 (est.),4.0 V6 VVT-i,DB-internal consistency (etype vs linked engine cc)
21986,Alfa Romeo,MITO (955),engine_type-pattern,1.2 (est.),1.3 JTDm (95),DB-internal consistency (etype vs linked engine cc)
21987,Seat,ALTEA (5P1),engine_type-pattern,1.6 (est.),1.6 TDI (105),DB-internal consistency (etype vs linked engine cc)
21988,Seat,"ALTEA XL (5P5, 5P8)",engine_type-pattern,1.6 (est.),1.6 TDI (105),DB-internal consistency (etype vs linked engine cc)
21989,Seat,IBIZA V (6J5),engine_type-pattern,1.6 (est.),1.6 TDI (105),DB-internal consistency (etype vs linked engine cc)
21990,Seat,IBIZA V (6J5),engine_type-pattern,1.6 (est.),1.6 16v TDI,DB-internal consistency (etype vs linked engine cc)
21992,Seat,IBIZA V SPORTCOUPE (6J1),engine_type-pattern,1.6 (est.),1.6 TDI (105),DB-internal consistency (etype vs linked engine cc)
21993,Seat,IBIZA V SPORTCOUPE (6J1),engine_type-pattern,1.6 (est.),1.6 16v TDI,DB-internal consistency (etype vs linked engine cc)
21995,Skoda,YETI (5L),engine_type-pattern,1.2 (est.),1.2 TFSI,DB-internal consistency (etype vs linked engine cc)
22013,Volkswagen,PASSAT (3C2),engine_type-spoof,2.7 D Rear Wheel Drive,2.0 TDI (170),DB-internal consistency (etype vs linked engine cc)
22014,Volkswagen,PASSAT Variant (3C5),engine_type-spoof,2.7 D Rear Wheel Drive,2.0 TDI (170),DB-internal consistency (etype vs linked engine cc)
22015,Citroen,C5 III (RD_),engine_type-pattern,1.6 VTi 120 (corr.),1.6 16v THP,DB-internal consistency (etype vs linked engine cc)
22016,Citroen,C5 III (RD_),engine_type-pattern,1.6 VTi 120 (corr.),1.6 16v THP,DB-internal consistency (etype vs linked engine cc)
22017,Citroen,C5 III (RD_),engine_type-pattern,2.0 HDi (corr.),2.0 HDI,DB-internal consistency (etype vs linked engine cc)
22018,Citroen,C5 III Break (TD_),engine_type-pattern,1.6 VTi 120 (corr.),1.6 16v THP,DB-internal consistency (etype vs linked engine cc)
22019,Citroen,C5 III Break (TD_),engine_type-pattern,2.0 HDi (corr.),2.0 HDI,DB-internal consistency (etype vs linked engine cc)
22020,Volkswagen,PASSAT CC (357),engine_type-spoof,2.7 D Rear Wheel Drive,2.0 TDI (170),DB-internal consistency (etype vs linked engine cc)
22021,Volkswagen,PASSAT CC (357),engine_type-spoof,2.7 D Rear Wheel Drive,2.0 TDI (170),DB-internal consistency (etype vs linked engine cc)
22022,Mercedes,C-CLASS (W204),engine_type-spoof,2.2 Turbo Essex Limited S4,NULL,DB-internal consistency (etype vs linked engine cc)
22023,Mercedes,C-CLASS (W204),engine_type-pattern,C 180 Kompressor (corr.),NULL,DB-internal consistency (etype vs linked engine cc)
22032,Renault,KANGOO Express (FW0/1_),engine_type-pattern,1.5 dCi (corr.),NULL,DB-internal consistency (etype vs linked engine cc)
22037,Vauxhall,ASTRAVAN Mk V (H),engine_type-spoof,1.8 i Syncro CAT,1.3 16v CDTI,DB-internal consistency (etype vs linked engine cc)
22039,Volkswagen,"POLO (6R, 6C)",engine_type-pattern,1.2 (est.),1.2 TFSI,DB-internal consistency (etype vs linked engine cc)
22043,Smart,FORTWO Cabrio (451),engine_type-pattern,Repair seating frame * (seating frame exposed),NULL,DB-internal consistency (etype vs linked engine cc)
22046,Smart,FORTWO Coupe (451),engine_type-pattern,0.8 (est.),NULL,DB-internal consistency (etype vs linked engine cc)
22056,Mercedes,GLK-CLASS (X204),engine_type-pattern,Expose accident damage for inspection (corr.),NULL,DB-internal consistency (etype vs linked engine cc)
22057,Mercedes,GLK-CLASS (X204),engine_type-pattern,for vehicles with multifunction steering wheel,NULL,DB-internal consistency (etype vs linked engine cc)
22058,Mercedes,GLK-CLASS (X204),engine_type-pattern,for vehicles without multifunction steering wheel,NULL,DB-internal consistency (etype vs linked engine cc)
22059,Mercedes,GLK-CLASS (X204),engine_type-pattern,300 SL (corr.),C 280 4-matic (204.081),DB-internal consistency (etype vs linked engine cc)
22065,Volvo,V70 III (BW),engine_type-pattern,2.5 T (corr.),2.5 20v Turbo Flex,DB-internal consistency (etype vs linked engine cc)
22067,Volvo,XC70 II,engine_type-pattern,D5 (corr.),2.4 20v D5,DB-internal consistency (etype vs linked engine cc)
22069,Mercedes,SPRINTER 3-t Platform/Chassis (906),engine_type-pattern,2.1 (est.),NULL,DB-internal consistency (etype vs linked engine cc)
22070,Mercedes,SPRINTER 3-t Platform/Chassis (906),engine_type-pattern,2.1 (est.),NULL,DB-internal consistency (etype vs linked engine cc)
22071,Mercedes,SPRINTER 3-t Platform/Chassis (906),engine_type-pattern,2.1 (est.),without tensioner pulley damper,DB-internal consistency (etype vs linked engine cc)
22072,Mercedes,SPRINTER 3-t Platform/Chassis (906),engine_type-pattern,C 320 CDI (corr.),NULL,DB-internal consistency (etype vs linked engine cc)
22073,Mercedes,SPRINTER 3-t Platform/Chassis (906),engine_type-pattern,C 320 CDI (corr.),NULL,DB-internal consistency (etype vs linked engine cc)
22075,Mercedes,SPRINTER 3-t Bus (906),engine_type-pattern,C 180 Kompressor (corr.),CERATO,DB-internal consistency (etype vs linked engine cc)
22077,Mercedes,"SPRINTER 3,5-t Box (906)",engine_type-pattern,407 SW (corr.),CERATO,DB-internal consistency (etype vs linked engine cc)
22079,Mercedes,SPRINTER 3-t Box (906),engine_type-pattern,2.1 (est.),without tensioner pulley damper,DB-internal consistency (etype vs linked engine cc)
22080,Mercedes,SPRINTER 3-t Box (906),engine_type-pattern,C 320 CDI (corr.),NULL,DB-internal consistency (etype vs linked engine cc)
22081,Mercedes,SPRINTER 3-t Box (906),engine_type-pattern,C 320 CDI (corr.),NULL,DB-internal consistency (etype vs linked engine cc)
22082,Mercedes,SPRINTER 5-t Platform/Chassis (906),engine_type-pattern,C 180 Kompressor (corr.),CERATO,DB-internal consistency (etype vs linked engine cc)
22083,Mercedes,SPRINTER 5-t Platform/Chassis (906),engine_type-pattern,350 (corr.),NULL,DB-internal consistency (etype vs linked engine cc)
22084,Mercedes,SPRINTER 5-t Box (906),engine_type-pattern,350 (corr.),NULL,DB-internal consistency (etype vs linked engine cc)
22085,Mercedes,SPRINTER 5-t Box (906),engine_type-pattern,C 320 CDI (corr.),NULL,DB-internal consistency (etype vs linked engine cc)
22086,Mercedes,SPRINTER 5-t Box (906),engine_type-pattern,C 320 CDI (corr.),NULL,DB-internal consistency (etype vs linked engine cc)
22087,Mercedes,SPRINTER 5-t Box (906),engine_type-pattern,C 320 CDI (corr.),NULL,DB-internal consistency (etype vs linked engine cc)
22088,Mercedes,SPRINTER 5-t Platform/Chassis (906),engine_type-pattern,C 320 CDI (corr.),NULL,DB-internal consistency (etype vs linked engine cc)
22089,Mercedes,SPRINTER 5-t Platform/Chassis (906),engine_type-pattern,C 320 CDI (corr.),NULL,DB-internal consistency (etype vs linked engine cc)
22090,Mercedes,SPRINTER 5-t Platform/Chassis (906),engine_type-pattern,C 320 CDI (corr.),NULL,DB-internal consistency (etype vs linked engine cc)
22093,Mercedes,"SPRINTER 3,5-t Platform/Chassis (906)",engine_type-pattern,C 320 CDI (corr.),NULL,DB-internal consistency (etype vs linked engine cc)
22094,Mercedes,"SPRINTER 3,5-t Platform/Chassis (906)",engine_type-pattern,C 320 CDI (corr.),NULL,DB-internal consistency (etype vs linked engine cc)
22095,Mercedes,"SPRINTER 3,5-t Platform/Chassis (906)",engine_type-pattern,C 320 CDI (corr.),NULL,DB-internal consistency (etype vs linked engine cc)
22096,Mercedes,SPRINTER 5-t Platform/Chassis (906),engine_type-pattern,2.1 (est.),NULL,DB-internal consistency (etype vs linked engine cc)
22097,Mercedes,SPRINTER 5-t Platform/Chassis (906),engine_type-pattern,C 220 CDI (corr.),NULL,DB-internal consistency (etype vs linked engine cc)
22098,Mercedes,SPRINTER 5-t Platform/Chassis (906),engine_type-pattern,2.1 (est.),without tensioner pulley damper,DB-internal consistency (etype vs linked engine cc)
22099,Mercedes,SPRINTER 5-t Box (906),engine_type-pattern,2.1 (est.),without tensioner pulley damper,DB-internal consistency (etype vs linked engine cc)
22100,Mercedes,SPRINTER 5-t Box (906),engine_type-pattern,C 220 CDI (corr.),NULL,DB-internal consistency (etype vs linked engine cc)
22101,Mercedes,SPRINTER 5-t Box (906),engine_type-pattern,2.1 (est.),NULL,DB-internal consistency (etype vs linked engine cc)
22102,Mercedes,"SPRINTER 4,6-t Box (906)",engine_type-pattern,350 (corr.),NULL,DB-internal consistency (etype vs linked engine cc)
22103,Mercedes,"SPRINTER 4,6-t Box (906)",engine_type-pattern,C 220 CDI (corr.),NULL,DB-internal consistency (etype vs linked engine cc)
22104,Mercedes,"SPRINTER 4,6-t Box (906)",engine_type-pattern,2.1 (est.),without tensioner pulley damper,DB-internal consistency (etype vs linked engine cc)
22105,Mercedes,"SPRINTER 4,6-t Box (906)",engine_type-pattern,C 320 CDI (corr.),NULL,DB-internal consistency (etype vs linked engine cc)
22106,Mercedes,"SPRINTER 4,6-t Platform/Chassis (906)",engine_type-pattern,350 (corr.),NULL,DB-internal consistency (etype vs linked engine cc)
22107,Mercedes,"SPRINTER 4,6-t Platform/Chassis (906)",engine_type-pattern,C 220 CDI (corr.),NULL,DB-internal consistency (etype vs linked engine cc)
22108,Mercedes,"SPRINTER 4,6-t Platform/Chassis (906)",engine_type-pattern,2.1 (est.),without tensioner pulley damper,DB-internal consistency (etype vs linked engine cc)
22109,Mercedes,"SPRINTER 4,6-t Platform/Chassis (906)",engine_type-pattern,C 320 CDI (corr.),NULL,DB-internal consistency (etype vs linked engine cc)
22110,Mercedes,"SPRINTER 4,6-t Platform/Chassis (906)",engine_type-pattern,C 320 CDI (corr.),NULL,DB-internal consistency (etype vs linked engine cc)
22111,Mercedes,"SPRINTER 4,6-t Platform/Chassis (906)",engine_type-pattern,C 320 CDI (corr.),NULL,DB-internal consistency (etype vs linked engine cc)
22112,Mercedes,"SPRINTER 3,5-t Platform/Chassis (906)",engine_type-pattern,C 220 CDI (corr.),NULL,DB-internal consistency (etype vs linked engine cc)
22113,Mercedes,"SPRINTER 3,5-t Box (906)",engine_type-pattern,C 220 CDI (corr.),NULL,DB-internal consistency (etype vs linked engine cc)
22114,Mercedes,"SPRINTER 3,5-t Bus (906)",engine_type-pattern,C 220 CDI (corr.),NULL,DB-internal consistency (etype vs linked engine cc)
22115,Mercedes,"SPRINTER 3,5-t Bus (906)",engine_type-pattern,C 220 CDI (corr.),NULL,DB-internal consistency (etype vs linked engine cc)
22116,Mercedes,"SPRINTER 3,5-t Bus (906)",engine_type-pattern,C 220 CDI (corr.),NULL,DB-internal consistency (etype vs linked engine cc)
22117,Mercedes,"SPRINTER 3,5-t Box (906)",engine_type-pattern,Repair power steering cooling pipe *,NULL,DB-internal consistency (etype vs linked engine cc)
22118,Mercedes,"SPRINTER 3,5-t Box (906)",engine_type-pattern,Repair power steering cooling pipe *,NULL,DB-internal consistency (etype vs linked engine cc)
22119,Mercedes,"SPRINTER 3,5-t Platform/Chassis (906)",engine_type-pattern,Repair power steering cooling pipe,NULL,DB-internal consistency (etype vs linked engine cc)
22120,Mercedes,"SPRINTER 3,5-t Platform/Chassis (906)",engine_type-pattern,Repair power steering cooling pipe,NULL,DB-internal consistency (etype vs linked engine cc)
22122,Mercedes,"SPRINTER 3,5-t Platform/Chassis (906)",engine_type-pattern,C 320 CDI (corr.),NULL,DB-internal consistency (etype vs linked engine cc)
22123,Mercedes,"SPRINTER 3,5-t Platform/Chassis (906)",engine_type-pattern,C 320 CDI (corr.),NULL,DB-internal consistency (etype vs linked engine cc)
22124,Mercedes,"SPRINTER 3,5-t Platform/Chassis (906)",engine_type-pattern,C 320 CDI (corr.),NULL,DB-internal consistency (etype vs linked engine cc)
22125,Mercedes,"SPRINTER 3,5-t Box (906)",engine_type-pattern,C 320 CDI (corr.),NULL,DB-internal consistency (etype vs linked engine cc)
22126,Mercedes,"SPRINTER 3,5-t Box (906)",engine_type-pattern,C 320 CDI (corr.),NULL,DB-internal consistency (etype vs linked engine cc)
22127,Mercedes,"SPRINTER 3,5-t Box (906)",engine_type-pattern,C 320 CDI (corr.),NULL,DB-internal consistency (etype vs linked engine cc)
22128,Mercedes,"SPRINTER 3,5-t Platform/Chassis (906)",engine_type-pattern,2.1 (est.),NULL,DB-internal consistency (etype vs linked engine cc)
22129,Mercedes,"SPRINTER 3,5-t Box (906)",engine_type-pattern,2.1 (est.),NULL,DB-internal consistency (etype vs linked engine cc)
22130,Mercedes,"SPRINTER 4,6-t Platform/Chassis (906)",engine_type-pattern,C 220 CDI (corr.),NULL,DB-internal consistency (etype vs linked engine cc)
22131,Mercedes,"SPRINTER 4,6-t Platform/Chassis (906)",engine_type-pattern,C 220 CDI (corr.),NULL,DB-internal consistency (etype vs linked engine cc)
22132,Mercedes,"SPRINTER 4,6-t Platform/Chassis (906)",engine_type-pattern,C 320 CDI (corr.),NULL,DB-internal consistency (etype vs linked engine cc)
22133,Mercedes,"SPRINTER 4,6-t Platform/Chassis (906)",engine_type-pattern,C 320 CDI (corr.),NULL,DB-internal consistency (etype vs linked engine cc)
22134,Mercedes,"SPRINTER 4,6-t Platform/Chassis (906)",engine_type-pattern,C 320 CDI (corr.),NULL,DB-internal consistency (etype vs linked engine cc)
22138,Mercedes,E-CLASS (W212),engine_type-pattern,HHR (corr.),HHR,DB-internal consistency (etype vs linked engine cc)
22139,Mercedes,E-CLASS Convertible (A207),engine_type-pattern,2.1 (est.),NULL,DB-internal consistency (etype vs linked engine cc)
22140,Mercedes,E-CLASS Convertible (A207),engine_type-pattern,2.1 (est.),NULL,DB-internal consistency (etype vs linked engine cc)
22142,Mercedes,E-CLASS Convertible (A207),engine_type-pattern,C 180 Kompressor (corr.),LEMANS,DB-internal consistency (etype vs linked engine cc)
22143,Mercedes,E-CLASS Convertible (A207),engine_type-pattern,C 180 Kompressor (corr.),NULL,DB-internal consistency (etype vs linked engine cc)
22148,Renault,FLUENCE (L30_),engine_type-pattern,1.5 dCi (corr.),1.5 dCi,DB-internal consistency (etype vs linked engine cc)
22149,Renault,FLUENCE (L30_),engine_type-pattern,1.5 dCi (corr.),1.5 dCi,DB-internal consistency (etype vs linked engine cc)
22150,Mercedes,E-CLASS Coupe (C207),engine_type-pattern,2.1 (est.),NULL,DB-internal consistency (etype vs linked engine cc)
22154,Citroen,C6 (TD_),engine_type-pattern,3 (est.),3.0 TDV6,DB-internal consistency (etype vs linked engine cc)
22166,Mercedes,SLS AMG (C197),engine_type-pattern,HHR (corr.),6.2 Petrol,DB-internal consistency (etype vs linked engine cc)
22172,BMW,"5 (F10, F18)",engine_type-pattern,M5 (corr.),NULL,DB-internal consistency (etype vs linked engine cc)
22181,Mercedes,GLK-CLASS (X204),engine_type-pattern,C 320 CDI (corr.),NULL,DB-internal consistency (etype vs linked engine cc)
22186,Volkswagen,GOLF VI (5K1),engine_type-pattern,1.6 (est.),1.6 TDI (90),DB-internal consistency (etype vs linked engine cc)
22187,Volkswagen,GOLF VI Variant (AJ5),engine_type-pattern,1.6 (est.),1.6 TDI (90),DB-internal consistency (etype vs linked engine cc)
22193,Dacia,Duster,engine_type-pattern,1.5 dCi (corr.),NULL,DB-internal consistency (etype vs linked engine cc)
22194,Mercedes,M-CLASS (W164),engine_type-pattern,C 320 CDI (corr.),NULL,DB-internal consistency (etype vs linked engine cc)
22195,Mercedes,M-CLASS (W164),engine_type-pattern,C 320 CDI (corr.),NULL,DB-internal consistency (etype vs linked engine cc)
22196,Mercedes,M-CLASS (W164),engine_type-pattern,C 320 CDI (corr.),NULL,DB-internal consistency (etype vs linked engine cc)
22197,Mercedes,M-CLASS (W164),engine_type-pattern,C 320 CDI (corr.),NULL,DB-internal consistency (etype vs linked engine cc)
22198,Volkswagen,GOLF V (1K1),engine_type-pattern,1.6 (corr.),1.6 TDI (105),DB-internal consistency (etype vs linked engine cc)
22199,Volkswagen,JETTA III (1K2),engine_type-pattern,1.6 (corr.),1.6 TDI (105),DB-internal consistency (etype vs linked engine cc)
22200,Mercedes,E-CLASS (W212),engine_type-spoof,2.5 SE,NULL,DB-internal consistency (etype vs linked engine cc)
22201,Mercedes,E-CLASS (W212),engine_type-spoof,2.5 SE,NULL,DB-internal consistency (etype vs linked engine cc)
22207,Mercedes,E-CLASS T-Model (S212),engine_type-spoof,2.0 GTI-R 4x4,NULL,DB-internal consistency (etype vs linked engine cc)
22216,Mercedes,GL-CLASS (X164),engine_type-pattern,C 320 CDI (corr.),NULL,DB-internal consistency (etype vs linked engine cc)
22223,Fiat,PANDA (169),engine_type-spoof,2.7 TD,1.2 8v,DB-internal consistency (etype vs linked engine cc)
22232,Renault,LAGUNA II (BG0/1_),engine_type-pattern,1.8 16V (corr.),NULL,DB-internal consistency (etype vs linked engine cc)
22233,Renault,LAGUNA II (BG0/1_),engine_type-pattern,1.8 16V (corr.),NULL,DB-internal consistency (etype vs linked engine cc)
22238,Renault,WIND (E4M_),engine_type-pattern,1.2 16V (corr.),NULL,DB-internal consistency (etype vs linked engine cc)
22240,Renault,MEGANE CC (EZ0/1_),engine_type-pattern,1.4 (corr.),1.4 16v TCe,DB-internal consistency (etype vs linked engine cc)
22241,Renault,MEGANE CC (EZ0/1_),engine_type-pattern,1.5 dCi (corr.),NULL,DB-internal consistency (etype vs linked engine cc)
22242,Renault,MEGANE CC (EZ0/1_),engine_type-pattern,1.5 dCi (corr.),1.5 dCi,DB-internal consistency (etype vs linked engine cc)
22243,Renault,MEGANE CC (EZ0/1_),engine_type-spoof,1.6 GLI (AT190),NULL,DB-internal consistency (etype vs linked engine cc)
22244,Renault,MEGANE CC (EZ0/1_),engine_type-pattern,2.0 dCi (corr.),NULL,DB-internal consistency (etype vs linked engine cc)
22245,Mitsubishi,"L 200 (KB_T, KA_T)",engine_type-pattern,2.5 DI-D (corr.),2.5 DI-D,DB-internal consistency (etype vs linked engine cc)
22246,Mitsubishi,"L 200 (KB_T, KA_T)",engine_type-pattern,2.5 DI-D (corr.),2.5 DI-D,DB-internal consistency (etype vs linked engine cc)
22253,Mitsubishi,"L 200 (K7_T, K6_T)",engine_type-pattern,Repair coolant tank,2.8 TD,DB-internal consistency (etype vs linked engine cc)
22255,Renault,MODUS / GRAND MODUS (F/JP0_),engine_type-pattern,1.5 dCi (corr.),NULL,DB-internal consistency (etype vs linked engine cc)
22261,Skoda,Fabia,engine_type-pattern,1.2 (est.),1.2 TFSI,DB-internal consistency (etype vs linked engine cc)
22262,Skoda,FABIA Combi,engine_type-pattern,1.2 (est.),1.2 TFSI,DB-internal consistency (etype vs linked engine cc)
22263,Skoda,OCTAVIA (1Z3),engine_type-pattern,1.2 (est.),1.2 TFSI,DB-internal consistency (etype vs linked engine cc)
22264,Skoda,OCTAVIA Combi (1Z5),engine_type-pattern,1.2 (est.),1.2 TFSI,DB-internal consistency (etype vs linked engine cc)
22265,Skoda,ROOMSTER (5J),engine_type-pattern,1.2 (est.),1.2 TFSI,DB-internal consistency (etype vs linked engine cc)
22266,Seat,ALTEA (5P1),engine_type-pattern,1.2 (est.),1.2 TFSI,DB-internal consistency (etype vs linked engine cc)
22267,Seat,"ALTEA XL (5P5, 5P8)",engine_type-pattern,1.2 (est.),1.2 TFSI,DB-internal consistency (etype vs linked engine cc)
22268,Seat,LEON (1P1),engine_type-pattern,1.2 (est.),1.2 TFSI,DB-internal consistency (etype vs linked engine cc)
22269,Audi,A3 (8P1),engine_type-pattern,S6 4.2 quattro (corr.),1.2 TFSI,DB-internal consistency (etype vs linked engine cc)
22270,Audi,A3 Sportback (8PA),engine_type-pattern,S6 4.2 quattro (corr.),1.2 TFSI,DB-internal consistency (etype vs linked engine cc)
22286,Renault,KANGOO Express (FW0/1_),engine_type-pattern,1.6 (corr.),1.6 16V  Hi-Flex,DB-internal consistency (etype vs linked engine cc)
22287,Renault,MASTER III Box (FV),engine_type-pattern,840 i (corr.),NULL,DB-internal consistency (etype vs linked engine cc)
22288,Renault,MASTER III Box (FV),engine_type-pattern,840 i (corr.),NULL,DB-internal consistency (etype vs linked engine cc)
22289,Renault,MASTER III Box (FV),engine_type-pattern,840 i (corr.),NULL,DB-internal consistency (etype vs linked engine cc)
22290,Renault,MASTER III Box (FV),engine_type-pattern,840 i (corr.),NULL,DB-internal consistency (etype vs linked engine cc)
22291,Renault,MASTER III Box (FV),engine_type-pattern,840 i (corr.),NULL,DB-internal consistency (etype vs linked engine cc)
22292,Renault,MASTER III Box (FV),engine_type-pattern,840 i (corr.),2.3 Diesel,DB-internal consistency (etype vs linked engine cc)
22293,Renault,MASTER III Box (FV),engine_type-pattern,840 i (corr.),NULL,DB-internal consistency (etype vs linked engine cc)
22294,Renault,MASTER III Box (FV),engine_type-pattern,840 i (corr.),NULL,DB-internal consistency (etype vs linked engine cc)
22295,Renault,MASTER III Box (FV),engine_type-pattern,840 i (corr.),NULL,DB-internal consistency (etype vs linked engine cc)
22296,Renault,MASTER III Box (FV),engine_type-pattern,840 i (corr.),NULL,DB-internal consistency (etype vs linked engine cc)
22297,Renault,MASTER III Box (FV),engine_type-pattern,840 i (corr.),NULL,DB-internal consistency (etype vs linked engine cc)
22298,Renault,MASTER III Box (FV),engine_type-pattern,840 i (corr.),NULL,DB-internal consistency (etype vs linked engine cc)
22306,Mitsubishi,"L 300 Box (P0_W, P1_W)",engine_type-spoof,1300 Box,NULL,DB-internal consistency (etype vs linked engine cc)
22313,Audi,"A1 (8X1, 8XF)",engine_type-spoof,S6 4.2 quattro,1.2 TFSI,DB-internal consistency (etype vs linked engine cc)
22314,Audi,"A1 (8X1, 8XF)",engine_type-pattern,1.6 (est.),1.6 TDI (105),DB-internal consistency (etype vs linked engine cc)
22320,Volkswagen,TOUAREG (7P5),engine_type-pattern,4.1 (est.),4.2 V8 32v TDI,DB-internal consistency (etype vs linked engine cc)
22321,Volkswagen,TOUAREG (7P5),engine_type-pattern,3 (est.),NULL,DB-internal consistency (etype vs linked engine cc)
22322,Volkswagen,TOUAREG (7P5),engine_type-pattern,3 (est.),NULL,DB-internal consistency (etype vs linked engine cc)
22323,Skoda,Fabia,engine_type-pattern,1.2 (est.),1.2 TFSI,DB-internal consistency (etype vs linked engine cc)
22324,Skoda,FABIA Combi,engine_type-pattern,1.2 (est.),1.2 TFSI,DB-internal consistency (etype vs linked engine cc)
22325,Skoda,ROOMSTER (5J),engine_type-pattern,1.2 (est.),1.2 TFSI,DB-internal consistency (etype vs linked engine cc)
22326,Skoda,Fabia,engine_type-pattern,Repair rear seat bench * (corr.),1.6 TDI (90),DB-internal consistency (etype vs linked engine cc)
22327,Skoda,Fabia,engine_type-pattern,Repair rear seat bench * (corr.),1.6 TDI (105),DB-internal consistency (etype vs linked engine cc)
22328,Skoda,FABIA Combi,engine_type-pattern,Repair rear seat bench * (corr.),1.6 TDI (90),DB-internal consistency (etype vs linked engine cc)
22329,Skoda,FABIA Combi,engine_type-pattern,Repair rear seat bench * (corr.),1.6 TDI (105),DB-internal consistency (etype vs linked engine cc)
22330,Skoda,ROOMSTER (5J),engine_type-pattern,Repair rear seat bench * (corr.),1.6 TDI (90),DB-internal consistency (etype vs linked engine cc)
22331,Skoda,ROOMSTER (5J),engine_type-pattern,Repair rear seat bench * (corr.),1.6 TDI (105),DB-internal consistency (etype vs linked engine cc)
22335,Seat,IBIZA V ST (6J8),engine_type-pattern,1.2 (est.),1.2 TFSI,DB-internal consistency (etype vs linked engine cc)
22341,Seat,IBIZA V ST (6J8),engine_type-pattern,1.6 (est.),1.6 TDI (90),DB-internal consistency (etype vs linked engine cc)
22342,Seat,IBIZA V ST (6J8),engine_type-pattern,1.6 (est.),1.6 TDI (105),DB-internal consistency (etype vs linked engine cc)
22343,Seat,IBIZA V ST (6J8),engine_type-pattern,1.6 (est.),1.6 16v TDI,DB-internal consistency (etype vs linked engine cc)
22346,Ford,FIESTA VI,engine_type-spoof,3.8 Carrera,NULL,DB-internal consistency (etype vs linked engine cc)
22347,Ford,FIESTA VI,engine_type-spoof,3.8 Carrera,NULL,DB-internal consistency (etype vs linked engine cc)
22359,Ford,KUGA I,engine_type-spoof,1.0 i 12V,2.0 TDCi,DB-internal consistency (etype vs linked engine cc)
22364,Ford,FOCUS II Estate (DA_),engine_type-pattern,1.6 Ti (corr.),1.6 Ti,DB-internal consistency (etype vs linked engine cc)
22365,Ford,FOCUS II (DA_),engine_type-pattern,1.6 Ti (corr.),1.6 Ti,DB-internal consistency (etype vs linked engine cc)
22367,Ford,S-MAX (WA6),engine_type-pattern,2.0 (corr.),NULL,DB-internal consistency (etype vs linked engine cc)
22368,Ford,GALAXY (WA6),engine_type-pattern,2.0 (corr.),NULL,DB-internal consistency (etype vs linked engine cc)
22370,Ford,MONDEO IV (BA7),engine_type-spoof,3.8 Carrera 4,NULL,DB-internal consistency (etype vs linked engine cc)
22374,Ford,MONDEO IV Turnier (BA7),engine_type-spoof,3.8 Carrera 4,NULL,DB-internal consistency (etype vs linked engine cc)
22375,Dacia,LOGAN MCV (KS_),engine_type-pattern,1.6 16V (corr.),1.6,DB-internal consistency (etype vs linked engine cc)
22381,Audi,A3 Convertible (8P7),engine_type-spoof,S6 4.2 quattro,1.2 TFSI,DB-internal consistency (etype vs linked engine cc)
22382,Audi,"A4 (8K2, B8)",engine_type-spoof,3.8 Carrera RS,2.0 TFSI Flexible Fuel,DB-internal consistency (etype vs linked engine cc)
22383,Audi,"A4 Avant (8K5, B8)",engine_type-spoof,3.8 Carrera RS,2.0 TFSI Flexible Fuel,DB-internal consistency (etype vs linked engine cc)
22387,Fiat,QUBO (225),engine_type-spoof,1.9 TDI Syncro,1.4 8v,DB-internal consistency (etype vs linked engine cc)
22393,Volvo,S60 II,engine_type-pattern,3 (est.),NULL,DB-internal consistency (etype vs linked engine cc)
22398,Volvo,Xc60,engine_type-pattern,3.2 (corr.),NULL,DB-internal consistency (etype vs linked engine cc)
22399,Volvo,Xc60,engine_type-pattern,3 (est.),NULL,DB-internal consistency (etype vs linked engine cc)
22402,BMW,3 (E90),engine_type-pattern,320 d (corr.),116d 2000 D,DB-internal consistency (etype vs linked engine cc)
22405,BMW,3 Coupe (E92),engine_type-pattern,320 d (corr.),116d 2000 D,DB-internal consistency (etype vs linked engine cc)
22408,Citroen,C3 II,engine_type-spoof,1.6 16V,1.4 HDI,DB-internal consistency (etype vs linked engine cc)
22409,Citroen,C3 II,engine_type-spoof,1.6 16V,1.4 HDi,DB-internal consistency (etype vs linked engine cc)
22410,BMW,3 (E90),engine_type-pattern,330 d (corr.),330d 3000 D,DB-internal consistency (etype vs linked engine cc)
22421,Fiat,FIORINO Box Body / Estate (225),engine_type-spoof,1.9 TDI Syncro,1.4 8v,DB-internal consistency (etype vs linked engine cc)
22467,Mitsubishi,ASX (GA_W_),engine_type-pattern,1.8 (est.),1.8 16v DI-D 2WD,DB-internal consistency (etype vs linked engine cc)
22468,Mazda,3 (BL),engine_type-pattern,2.3 (corr.),NULL,DB-internal consistency (etype vs linked engine cc)
22469,Mazda,3 (BL),engine_type-pattern,2.3 (corr.),NULL,DB-internal consistency (etype vs linked engine cc)
22472,Mazda,3 Saloon (BL),engine_type-pattern,C 280 (corr.),C 280 (202.029),DB-internal consistency (etype vs linked engine cc)
22473,Mazda,3 Saloon (BL),engine_type-pattern,C 280 (corr.),C 280 (202.029),DB-internal consistency (etype vs linked engine cc)
22475,Mazda,"BT-50 Platform/Chassis (CD, UN)",engine_type-pattern,2.5 D 4WD (corr.),2.5 TDdi,DB-internal consistency (etype vs linked engine cc)
22476,Mazda,"BT-50 Platform/Chassis (CD, UN)",engine_type-spoof,1.6 16V 4WD (A111),NULL,DB-internal consistency (etype vs linked engine cc)
22478,Mazda,MX-5 II (NB),engine_type-pattern,1.8 16V (corr.),NULL,DB-internal consistency (etype vs linked engine cc)
22479,Mazda,CX-7 (ER),engine_type-pattern,2.3 (corr.),NULL,DB-internal consistency (etype vs linked engine cc)
22480,Renault,TWINGO II (CN0_),engine_type-pattern,1.2 16V (corr.),1.2 16V,DB-internal consistency (etype vs linked engine cc)
22481,Renault,TWINGO II (CN0_),engine_type-pattern,1.2 16V (corr.),NULL,DB-internal consistency (etype vs linked engine cc)
22482,Renault,TWINGO II (CN0_),engine_type-pattern,1.2 16V (corr.),NULL,DB-internal consistency (etype vs linked engine cc)
22483,Renault,TWINGO II (CN0_),engine_type-pattern,1.2 16V (corr.),NULL,DB-internal consistency (etype vs linked engine cc)
22486,Volkswagen,"POLO (6R, 6C)",engine_type-pattern,1.4 TSI (corr.),1.4 16v TSI Cupra,DB-internal consistency (etype vs linked engine cc)
22487,Volkswagen,"POLO (6R, 6C)",engine_type-pattern,1.4 TSI (corr.),1.4 16v TSI GTI,DB-internal consistency (etype vs linked engine cc)
22495,Saab,9-5 (YS3G),engine_type-pattern,2 (est.),2.0 CDTI,DB-internal consistency (etype vs linked engine cc)
22509,Infiniti,FX,engine_type-pattern,3 (est.),EX30d 3.0 V6 AWD Crossover,DB-internal consistency (etype vs linked engine cc)
22512,Nissan,NV200 Box,engine_type-pattern,1.5 dCi (corr.),NULL,DB-internal consistency (etype vs linked engine cc)
22513,Toyota,"LAND CRUISER 150 (KDJ15_, GRJ15_)",engine_type-pattern,4.0 (corr.),4.0 V6 VVT-i,DB-internal consistency (etype vs linked engine cc)
22515,Nissan,NV200 EVALIA,engine_type-pattern,1.5 dCi (corr.),NULL,DB-internal consistency (etype vs linked engine cc)
22516,Toyota,"LAND CRUISER 150 (KDJ15_, GRJ15_)",engine_type-pattern,4.0 (corr.),4.0 V6 VVT-i,DB-internal consistency (etype vs linked engine cc)
22517,Mercedes,E-CLASS (W212),engine_type-pattern,2 (est.),NULL,DB-internal consistency (etype vs linked engine cc)
22519,Lancia,PHEDRA (179),engine_type-pattern,2.2 (est.),NULL,DB-internal consistency (etype vs linked engine cc)
22520,Lancia,PHEDRA (179),engine_type-pattern,2.2 (est.),2.2 D Multijet,DB-internal consistency (etype vs linked engine cc)
22523,Kia,CARENS III (UN),engine_type-pattern,2.0 CRDi (corr.),2.0 CRDi 4WD,DB-internal consistency (etype vs linked engine cc)
22528,Daewoo,LANOS Saloon,engine_type-spoof,1.5,1.3,DB-internal consistency (etype vs linked engine cc)
22530,Daewoo,LANOS Saloon,engine_type-spoof,1.6 16V,1.3,DB-internal consistency (etype vs linked engine cc)
22533,Daewoo,LANOS Hatchback,engine_type-spoof,1.5,1.3,DB-internal consistency (etype vs linked engine cc)
22535,Daewoo,LANOS Hatchback,engine_type-spoof,1.6 16V,1.3,DB-internal consistency (etype vs linked engine cc)
22536,Peugeot,EXPERT Tepee (VF3V_),engine_type-pattern,2.0 HDi (corr.),2.0 HDI,DB-internal consistency (etype vs linked engine cc)
22537,Peugeot,"EXPERT Box (VF3A_, VF3U_, VF3X_)",engine_type-pattern,2.0 HDi (corr.),2.0 HDI,DB-internal consistency (etype vs linked engine cc)
22541,Volkswagen,TIGUAN (5N_),engine_type-pattern,2 (est.),2.0 16v TSI,DB-internal consistency (etype vs linked engine cc)
22542,Volkswagen,TIGUAN (5N_),engine_type-pattern,2 (est.),2.0 TFSI,DB-internal consistency (etype vs linked engine cc)
22548,Porsche,Cayenne,engine_type-pattern,Dismantle/assemble rear axle (corr.),4.8 V8 8AT,DB-internal consistency (etype vs linked engine cc)
22549,Porsche,Cayenne,engine_type-pattern,"Taper Screw, spring bolt",3.0 V6 8AT,DB-internal consistency (etype vs linked engine cc)
22550,Porsche,Cayenne,engine_type-pattern,"Taper Screw, spring bolt",3.0 V6 8AT,DB-internal consistency (etype vs linked engine cc)
22551,Porsche,Cayenne,engine_type-pattern,"Taper Screw, spring bolt",3.0 V6 8AT,DB-internal consistency (etype vs linked engine cc)
22552,Porsche,Cayenne,engine_type-pattern,"Taper Screw, spring bolt",3.0 V6 8AT,DB-internal consistency (etype vs linked engine cc)
22553,Cadillac,BLS Wagon,engine_type-pattern,2.0 T (corr.),2.0 16v Turbo Aero,DB-internal consistency (etype vs linked engine cc)
22559,Infiniti,G Saloon,engine_type-pattern,37 (corr.),EX37 3.7 V6 AWD Crossover,DB-internal consistency (etype vs linked engine cc)
22563,Seat,ALTEA (5P1),engine_type-pattern,1.6 (corr.),1.6 8v LPG,DB-internal consistency (etype vs linked engine cc)
22564,Seat,"ALTEA XL (5P5, 5P8)",engine_type-pattern,1.6 (corr.),1.6 8v LPG,DB-internal consistency (etype vs linked engine cc)
22565,Chrysler,CALIBER,engine_type-pattern,2.1 (est.),2.0 RSK AWD,DB-internal consistency (etype vs linked engine cc)
22566,Skoda,Fabia,engine_type-pattern,Repair rear seat bench * (corr.),1.6 16v TDI,DB-internal consistency (etype vs linked engine cc)
22567,Skoda,FABIA Combi,engine_type-pattern,Repair rear seat bench * (corr.),1.6 16v TDI,DB-internal consistency (etype vs linked engine cc)
22568,Skoda,Fabia,engine_type-pattern,1.4 16V (corr.),1.4 16v TSI Cupra,DB-internal consistency (etype vs linked engine cc)
22569,Skoda,Fabia,engine_type-pattern,1.4 16V (corr.),1.4 16v TSI GTI,DB-internal consistency (etype vs linked engine cc)
22570,Skoda,FABIA Combi,engine_type-pattern,1.4 16V (corr.),1.4 16v TSI Cupra,DB-internal consistency (etype vs linked engine cc)
22571,Skoda,FABIA Combi,engine_type-pattern,1.4 16V (corr.),1.4 16v TSI GTI,DB-internal consistency (etype vs linked engine cc)
22573,Jeep,CHEROKEE (KK),engine_type-pattern,3.7 (est.),NULL,DB-internal consistency (etype vs linked engine cc)
22576,Jeep,"GRAND CHEROKEE III (WH, WK)",engine_type-pattern,5.7 (est.),5.7 V8 HEMI (VCT),DB-internal consistency (etype vs linked engine cc)
22577,Jeep,"GRAND CHEROKEE III (WH, WK)",engine_type-pattern,5.7 (est.),5.7,DB-internal consistency (etype vs linked engine cc)
22578,Ssangyong,Kyron,engine_type-pattern,3.2 (corr.),3.2,DB-internal consistency (etype vs linked engine cc)
22579,Seat,IBIZA V (6J5),engine_type-pattern,1.2 (est.),1.2 TFSI,DB-internal consistency (etype vs linked engine cc)
22580,Seat,IBIZA V SPORTCOUPE (6J1),engine_type-pattern,1.2 (est.),1.2 TFSI,DB-internal consistency (etype vs linked engine cc)
22582,Subaru,"LEGACY V (BM, BR)",engine_type-pattern,WINSTORM (corr.),2.5 Turbo WRX,DB-internal consistency (etype vs linked engine cc)
22588,Renault,MASTER III Box (FV),engine_type-pattern,840 i (corr.),NULL,DB-internal consistency (etype vs linked engine cc)
22589,Renault,MASTER III Box (FV),engine_type-pattern,840 i (corr.),NULL,DB-internal consistency (etype vs linked engine cc)
22590,Renault,"MASTER III Platform/Chassis (EV, HV, UV)",engine_type-pattern,840 i (corr.),NULL,DB-internal consistency (etype vs linked engine cc)
22591,Renault,"MASTER III Platform/Chassis (EV, HV, UV)",engine_type-pattern,840 i (corr.),NULL,DB-internal consistency (etype vs linked engine cc)
22592,Renault,"MASTER III Platform/Chassis (EV, HV, UV)",engine_type-pattern,840 i (corr.),NULL,DB-internal consistency (etype vs linked engine cc)
22601,Renault,"MASTER III Platform/Chassis (EV, HV, UV)",engine_type-pattern,840 i (corr.),NULL,DB-internal consistency (etype vs linked engine cc)
22602,Renault,"MASTER III Platform/Chassis (EV, HV, UV)",engine_type-pattern,840 i (corr.),NULL,DB-internal consistency (etype vs linked engine cc)
22603,Renault,"MASTER III Platform/Chassis (EV, HV, UV)",engine_type-pattern,840 i (corr.),NULL,DB-internal consistency (etype vs linked engine cc)
22604,Renault,"MASTER III Platform/Chassis (EV, HV, UV)",engine_type-pattern,840 i (corr.),NULL,DB-internal consistency (etype vs linked engine cc)
22605,Renault,"MASTER III Platform/Chassis (EV, HV, UV)",engine_type-pattern,840 i (corr.),NULL,DB-internal consistency (etype vs linked engine cc)
22606,Renault,"MASTER III Platform/Chassis (EV, HV, UV)",engine_type-pattern,840 i (corr.),NULL,DB-internal consistency (etype vs linked engine cc)
22607,Renault,"MASTER III Platform/Chassis (EV, HV, UV)",engine_type-pattern,840 i (corr.),NULL,DB-internal consistency (etype vs linked engine cc)
22608,Renault,"MASTER III Platform/Chassis (EV, HV, UV)",engine_type-pattern,840 i (corr.),NULL,DB-internal consistency (etype vs linked engine cc)
22609,Renault,"MASTER III Platform/Chassis (EV, HV, UV)",engine_type-pattern,840 i (corr.),NULL,DB-internal consistency (etype vs linked engine cc)
22638,Vauxhall,INSIGNIA Saloon,engine_type-spoof,1.7 DTi,2.8 V6 BiTurbo OPC,DB-internal consistency (etype vs linked engine cc)
22639,Vauxhall,Insignia,engine_type-spoof,1.7 DTi,2.8 V6 BiTurbo OPC,DB-internal consistency (etype vs linked engine cc)
22640,Vauxhall,INSIGNIA Estate,engine_type-spoof,1.7 DTi,2.8 V6 BiTurbo OPC,DB-internal consistency (etype vs linked engine cc)
22641,Tata,XENON Pickup,engine_type-pattern,2.2 (est.),NULL,DB-internal consistency (etype vs linked engine cc)
22642,Vauxhall,VXR8 Saloon,engine_type-pattern,6.2 (corr.),6.2,DB-internal consistency (etype vs linked engine cc)
22648,Vauxhall,MOVANO Mk II (B) VAN,engine_type-pattern,2.0 GT3 (corr.),NULL,DB-internal consistency (etype vs linked engine cc)
22649,Vauxhall,MOVANO Mk II (B) VAN,engine_type-pattern,2.0 GT3 (corr.),NULL,DB-internal consistency (etype vs linked engine cc)
22650,Vauxhall,MOVANO Mk II (B) VAN,engine_type-pattern,2.0 GT3 (corr.),NULL,DB-internal consistency (etype vs linked engine cc)
22651,Vauxhall,MOVANO Mk II (B) VAN,engine_type-pattern,2.0 GT3 (corr.),NULL,DB-internal consistency (etype vs linked engine cc)
22652,Vauxhall,MOVANO Mk II (B) VAN,engine_type-pattern,2.0 GT3 (corr.),NULL,DB-internal consistency (etype vs linked engine cc)
22653,Vauxhall,MOVANO Mk II (B) VAN,engine_type-pattern,2.0 GT3 (corr.),NULL,DB-internal consistency (etype vs linked engine cc)
22654,Vauxhall,MOVANO Mk II (B) VAN,engine_type-pattern,2.0 GT3 (corr.),NULL,DB-internal consistency (etype vs linked engine cc)
22655,Vauxhall,MOVANO Mk II (B) VAN,engine_type-pattern,2.0 GT3 (corr.),NULL,DB-internal consistency (etype vs linked engine cc)
22656,Vauxhall,MOVANO Mk II (B) VAN,engine_type-pattern,2.0 GT3 (corr.),NULL,DB-internal consistency (etype vs linked engine cc)
22657,Vauxhall,MOVANO Mk II (B) VAN,engine_type-pattern,2.0 GT3 (corr.),NULL,DB-internal consistency (etype vs linked engine cc)
22658,Vauxhall,MOVANO Mk II (B) VAN,engine_type-pattern,2.0 GT3 (corr.),NULL,DB-internal consistency (etype vs linked engine cc)
22659,Vauxhall,MOVANO Mk II (B) VAN,engine_type-pattern,2.0 GT3 (corr.),NULL,DB-internal consistency (etype vs linked engine cc)
22660,Vauxhall,MOVANO Mk II (B) VAN,engine_type-pattern,2.0 GT3 (corr.),NULL,DB-internal consistency (etype vs linked engine cc)
22661,Vauxhall,MOVANO Mk II (B) VAN,engine_type-pattern,2.0 GT3 (corr.),NULL,DB-internal consistency (etype vs linked engine cc)
22662,Vauxhall,MOVANO Mk II (B) VAN,engine_type-pattern,2.0 GT3 (corr.),NULL,DB-internal consistency (etype vs linked engine cc)
22663,Vauxhall,MOVANO Mk II (B) VAN,engine_type-pattern,2.0 GT3 (corr.),NULL,DB-internal consistency (etype vs linked engine cc)
22664,Vauxhall,MOVANO Mk II (B) VAN,engine_type-pattern,2.0 GT3 (corr.),NULL,DB-internal consistency (etype vs linked engine cc)
22667,BMW,"5 (F10, F18)",engine_type-pattern,530 d (corr.),335d 3000 D,DB-internal consistency (etype vs linked engine cc)
22668,BMW,5 Gran Turismo (F07),engine_type-pattern,530 d (corr.),335d 3000 D,DB-internal consistency (etype vs linked engine cc)
22669,BMW,5 Gran Turismo (F07),engine_type-pattern,at Spring Eye (corr.),NULL,DB-internal consistency (etype vs linked engine cc)
22670,BMW,5 Gran Turismo (F07),engine_type-pattern,Dismantle/assemble gear selector bearing/mounting body (corr.),NULL,DB-internal consistency (etype vs linked engine cc)
22671,BMW,5 Gran Turismo (F07),engine_type-pattern,530 d (corr.),330d 3000 D,DB-internal consistency (etype vs linked engine cc)
22679,BMW,5 Touring (F11),engine_type-pattern,530 d (corr.),335d 3000 D,DB-internal consistency (etype vs linked engine cc)
22680,BMW,X3 (F25),engine_type-pattern,at Spring Eye (corr.),NULL,DB-internal consistency (etype vs linked engine cc)
22681,BMW,X3 (F25),engine_type-pattern,320 d (corr.),116d 2000 D,DB-internal consistency (etype vs linked engine cc)
22682,Citroen,BERLINGO (B9),engine_type-pattern,1.6 VTi 120 (corr.),1.6 16v VTI,DB-internal consistency (etype vs linked engine cc)
22685,Citroen,BERLINGO Box (B9),engine_type-pattern,1.6 VTi 120 (corr.),1.6 16v VTI,DB-internal consistency (etype vs linked engine cc)
22686,Citroen,C3 Picasso,engine_type-pattern,1.6 HDi (corr.),1.6 HDI,DB-internal consistency (etype vs linked engine cc)
22690,Citroen,JUMPER Box,engine_type-pattern,3.0 HDi 160 (corr.),3.0 HDI,DB-internal consistency (etype vs linked engine cc)
22691,Citroen,JUMPER Box,engine_type-pattern,3.0 HDi 160 (corr.),3.0 HDi 160,DB-internal consistency (etype vs linked engine cc)
22694,Citroen,JUMPER Platform/Chassis,engine_type-pattern,3.0 HDi 160 (corr.),3.0 HDI,DB-internal consistency (etype vs linked engine cc)
22695,Citroen,JUMPY,engine_type-pattern,2.0 HDi (corr.),2.0 HDI,DB-internal consistency (etype vs linked engine cc)
22696,Citroen,JUMPY Box,engine_type-pattern,2.0 HDi (corr.),2.0 HDI,DB-internal consistency (etype vs linked engine cc)
22698,Kia,VENGA (YN),engine_type-spoof,2.5 V6 24V,1.4 16v CRDi,DB-internal consistency (etype vs linked engine cc)
22704,Volvo,V50 (MW),engine_type-pattern,1.6 D (corr.),1.6 D2,DB-internal consistency (etype vs linked engine cc)
22721,Opel,Insignia,engine_type-pattern,2.0 CDTI (corr.),2.0 CDTI,DB-internal consistency (etype vs linked engine cc)
22722,Opel,INSIGNIA Saloon,engine_type-pattern,2.0 CDTI (corr.),2.0 CDTI,DB-internal consistency (etype vs linked engine cc)
22723,Opel,INSIGNIA Estate,engine_type-pattern,2.0 CDTI (corr.),2.0 CDTI,DB-internal consistency (etype vs linked engine cc)
22729,Smart,FORTWO Coupe (451),engine_type-pattern,1 (est.),1.0 Turbo (451.332),DB-internal consistency (etype vs linked engine cc)
22739,Jaguar,"XJ (X35_, _J12_, _J24_)",engine_type-pattern,Repair front right door,with safety cartridge,DB-internal consistency (etype vs linked engine cc)
22741,Honda,ACCORD VII (CP),engine_type-pattern,3.5 (corr.),NULL,DB-internal consistency (etype vs linked engine cc)
22742,Nissan,PATROL II (GU),engine_type-pattern,3.0 D (corr.),3.0 dCi,DB-internal consistency (etype vs linked engine cc)
22744,Renault Trucks,MASCOTT Platform/Chassis,engine_type-pattern,2.8 (est.),NULL,DB-internal consistency (etype vs linked engine cc)
22751,Iveco,DAILY III Platform/Chassis,engine_type-pattern,2.3 (est.),2.3 D,DB-internal consistency (etype vs linked engine cc)
22753,Iveco,DAILY III Platform/Chassis,engine_type-pattern,2.3 (est.),NULL,DB-internal consistency (etype vs linked engine cc)
22754,Iveco,DAILY III Box Body / Estate,engine_type-pattern,2.3 (est.),NULL,DB-internal consistency (etype vs linked engine cc)
22756,Iveco,DAILY III Box Body / Estate,engine_type-pattern,29 L 9 V (corr.),2.8 HDI,DB-internal consistency (etype vs linked engine cc)
22757,Renault Trucks,MASCOTT Platform/Chassis,engine_type-pattern,2.8 (est.),NULL,DB-internal consistency (etype vs linked engine cc)
22758,Renault Trucks,MASCOTT Box Body / Estate,engine_type-pattern,2.8 (est.),NULL,DB-internal consistency (etype vs linked engine cc)
22759,Renault Trucks,MASCOTT Platform/Chassis,engine_type-pattern,3 (est.),NULL,DB-internal consistency (etype vs linked engine cc)
22760,Renault Trucks,MASCOTT Platform/Chassis,engine_type-pattern,3 (est.),NULL,DB-internal consistency (etype vs linked engine cc)
22761,Renault Trucks,MASCOTT Box Body / Estate,engine_type-pattern,3 (est.),NULL,DB-internal consistency (etype vs linked engine cc)
22762,Renault Trucks,MASCOTT Box Body / Estate,engine_type-pattern,3 (est.),NULL,DB-internal consistency (etype vs linked engine cc)
22765,Renault Trucks,MASCOTT Box Body / Estate,engine_type-pattern,3 (est.),3.0 dCi 160,DB-internal consistency (etype vs linked engine cc)
22766,Renault Trucks,MASCOTT Box Body / Estate,engine_type-pattern,3 (est.),NULL,DB-internal consistency (etype vs linked engine cc)
22768,Mercedes,SPRINTER Dumptruck (905),engine_type-spoof,5.7 Tailgate,216 CDI,DB-internal consistency (etype vs linked engine cc)
22769,Iveco,DAILY III Platform/Chassis,engine_type-pattern,2.3 (est.),NULL,DB-internal consistency (etype vs linked engine cc)
22771,Iveco,DAILY IV Platform/Chassis,engine_type-pattern,1.6 e (corr.),3.0 HPI TurboDiesel,DB-internal consistency (etype vs linked engine cc)
22772,Iveco,DAILY IV Platform/Chassis,engine_type-spoof,2.0 i 16V (ST202/GT),NULL,DB-internal consistency (etype vs linked engine cc)
22773,Iveco,DAILY IV Platform/Chassis,engine_type-spoof,2.0 EX (CA5),NULL,DB-internal consistency (etype vs linked engine cc)
22774,Iveco,DAILY IV Platform/Chassis,engine_type-spoof,2.0 24V,NULL,DB-internal consistency (etype vs linked engine cc)
22775,Iveco,DAILY IV Platform/Chassis,engine_type-pattern,2.3 (est.),2.3 Diesel,DB-internal consistency (etype vs linked engine cc)
22777,Iveco,DAILY IV Box Body / Estate,engine_type-pattern,"29L14 C, 29L14 C/P, 29L14 V, 29L14 V/P",2.3 Diesel,DB-internal consistency (etype vs linked engine cc)
22778,Iveco,DAILY IV Box Body / Estate,engine_type-pattern,"29L12 V, 29L12 V/P",NULL,DB-internal consistency (etype vs linked engine cc)
22779,Iveco,DAILY IV Box Body / Estate,engine_type-pattern,"35C15 V, 35C15 V/P",3.0 HPI TurboDiesel,DB-internal consistency (etype vs linked engine cc)
22780,Iveco,DAILY IV Box Body / Estate,engine_type-pattern,"35C18 V, 35C18 V/P, 35S18 V, 35S18 V/P",3.0 HPI TurboDiesel,DB-internal consistency (etype vs linked engine cc)
22781,Iveco,DAILY IV Box Body / Estate,engine_type-spoof,2.0 i 16V (ST202/GT),NULL,DB-internal consistency (etype vs linked engine cc)
22782,Iveco,DAILY IV Dumptruck,engine_type-spoof,3.0 Turbo-D (KZN 130),NULL,DB-internal consistency (etype vs linked engine cc)
22783,Iveco,DAILY IV Dumptruck,engine_type-pattern,2.3 (est.),NULL,DB-internal consistency (etype vs linked engine cc)
22784,Iveco,DAILY IV Dumptruck,engine_type-spoof,2.0 i Turbo 4WD (ST205),3.0 HPI TurboDiesel,DB-internal consistency (etype vs linked engine cc)
22785,Iveco,DAILY IV Dumptruck,engine_type-spoof,1.6 i 12V,3.0 HPI TurboDiesel,DB-internal consistency (etype vs linked engine cc)
22786,Iveco,DAILY IV Dumptruck,engine_type-spoof,2.0 i 16V (ST202/GT),NULL,DB-internal consistency (etype vs linked engine cc)
22787,Mercedes,VARIO Platform/Chassis,engine_type-pattern,4.2 (est.),NULL,DB-internal consistency (etype vs linked engine cc)
22788,Mercedes,VARIO Platform/Chassis,engine_type-pattern,4.2 (est.),NULL,DB-internal consistency (etype vs linked engine cc)
22789,Mercedes,VARIO Dumptruck,engine_type-pattern,4.2 (est.),NULL,DB-internal consistency (etype vs linked engine cc)
22790,Mercedes,VARIO Dumptruck,engine_type-pattern,4.2 (est.),NULL,DB-internal consistency (etype vs linked engine cc)
22791,Mercedes,VARIO Box Body / Estate,engine_type-pattern,4.2 (est.),NULL,DB-internal consistency (etype vs linked engine cc)
22792,Mercedes,VARIO Box Body / Estate,engine_type-pattern,4.2 (est.),NULL,DB-internal consistency (etype vs linked engine cc)
22794,Iveco,DAILY III Box Body / Estate,engine_type-pattern,Additional work: exhaust-gas analysis (vehicle with standing rpm limiter),29 L 9,DB-internal consistency (etype vs linked engine cc)
22795,Iveco,DAILY III Box Body / Estate,engine_type-pattern,2.3 (est.),NULL,DB-internal consistency (etype vs linked engine cc)
22796,Iveco,DAILY III Box Body / Estate,engine_type-pattern,1.6 e (corr.),NULL,DB-internal consistency (etype vs linked engine cc)
22797,Iveco,DAILY III Platform/Chassis,engine_type-pattern,1.6 e (corr.),NULL,DB-internal consistency (etype vs linked engine cc)
22798,Iveco,DAILY III Box Body / Estate,engine_type-pattern,29 L 9 V (corr.),2.8 HDI,DB-internal consistency (etype vs linked engine cc)
22799,Iveco,DAILY III Box Body / Estate,engine_type-pattern,1.6 e (corr.),3.0 HPI TurboDiesel,DB-internal consistency (etype vs linked engine cc)
22800,Iveco,DAILY III Platform/Chassis,engine_type-pattern,1.6 e (corr.),3.0 HPI TurboDiesel,DB-internal consistency (etype vs linked engine cc)
22801,Iveco,DAILY III Box Body / Estate,engine_type-pattern,1.6 e (corr.),3.0 HPI TurboDiesel,DB-internal consistency (etype vs linked engine cc)
22802,Iveco,DAILY III Platform/Chassis,engine_type-pattern,1.6 e (corr.),3.0 HPI TurboDiesel,DB-internal consistency (etype vs linked engine cc)
22803,Iveco,DAILY IV Box Body / Estate,engine_type-pattern,3 (est.),NULL,DB-internal consistency (etype vs linked engine cc)
22804,Iveco,DAILY IV Box Body / Estate,engine_type-pattern,1.6 e (corr.),3.0 HPI TurboDiesel,DB-internal consistency (etype vs linked engine cc)
22805,Iveco,DAILY IV Box Body / Estate,engine_type-pattern,1.6 e (corr.),NULL,DB-internal consistency (etype vs linked engine cc)
22806,Iveco,DAILY IV Box Body / Estate,engine_type-pattern,2.3 (est.),NULL,DB-internal consistency (etype vs linked engine cc)
22807,Iveco,DAILY IV Box Body / Estate,engine_type-pattern,2.3 (est.),NULL,DB-internal consistency (etype vs linked engine cc)
22808,Iveco,DAILY IV Dumptruck,engine_type-pattern,1.6 e (corr.),3.0 HPI TurboDiesel,DB-internal consistency (etype vs linked engine cc)
22809,Iveco,DAILY IV Dumptruck,engine_type-pattern,2.3 (est.),2.3 Diesel,DB-internal consistency (etype vs linked engine cc)
22810,Iveco,DAILY IV Dumptruck,engine_type-pattern,2.3 (est.),NULL,DB-internal consistency (etype vs linked engine cc)
22811,Iveco,DAILY IV Dumptruck,engine_type-pattern,2.3 (est.),NULL,DB-internal consistency (etype vs linked engine cc)
22812,Iveco,DAILY IV Dumptruck,engine_type-pattern,1.6 e (corr.),NULL,DB-internal consistency (etype vs linked engine cc)
22813,Iveco,DAILY IV Platform/Chassis,engine_type-pattern,1.6 e (corr.),3.0 HPI TurboDiesel,DB-internal consistency (etype vs linked engine cc)
22814,Iveco,DAILY IV Platform/Chassis,engine_type-pattern,1.6 e (corr.),NULL,DB-internal consistency (etype vs linked engine cc)
22815,Iveco,DAILY IV Platform/Chassis,engine_type-pattern,2.3 (est.),NULL,DB-internal consistency (etype vs linked engine cc)
22816,Iveco,DAILY IV Platform/Chassis,engine_type-pattern,3 (est.),NULL,DB-internal consistency (etype vs linked engine cc)
22817,Iveco,DAILY IV Platform/Chassis,engine_type-pattern,2.3 (est.),NULL,DB-internal consistency (etype vs linked engine cc)
22819,Isuzu,D-MAX Platform/Chassis (8DH),engine_type-pattern,3 (est.),NLR 3.0 TD,DB-internal consistency (etype vs linked engine cc)
22821,HSV,CLUBSPORT Saloon (VE),engine_type-pattern,6 (est.),6.0,DB-internal consistency (etype vs linked engine cc)
22823,Suzuki,CARRY Pickup (FD),engine_type-pattern,1.3 (corr.),1.3,DB-internal consistency (etype vs linked engine cc)
22824,Mazda,E-SERIE Box (SG),engine_type-pattern,1.8 (corr.),1.8 i,DB-internal consistency (etype vs linked engine cc)
22826,Toyota,"HILUX III Pickup (TGN1_, GGN2_, GGN1_, KUN2_, KUN1_)",engine_type-pattern,3.0 D (corr.),3.0 D-4D,DB-internal consistency (etype vs linked engine cc)
22829,Toyota,"LAND CRUISER (PZJ7_, KZJ7_, HZJ7_, BJ7_, LJ7_, RJ7_)",engine_type-pattern,4.5 (est.),4.5 V8 D-4D,DB-internal consistency (etype vs linked engine cc)
22830,Toyota,"LAND CRUISER (VDJ20_, UZJ20_)",engine_type-pattern,4.7 (corr.),4.7,DB-internal consistency (etype vs linked engine cc)
22832,Nissan,JUKE (F15),engine_type-pattern,Retrofit front seat heating *,1.6 16v Turbo,DB-internal consistency (etype vs linked engine cc)
22835,Peugeot,3008,engine_type-pattern,2 (est.),2.0 HDI,DB-internal consistency (etype vs linked engine cc)
22836,Nissan,ELGRAND (E50),engine_type-pattern,3.5 (corr.),3.5 V6,DB-internal consistency (etype vs linked engine cc)
22838,Renault,KANGOO BE BOP (KW0/1_),engine_type-pattern,1.5 dCi (corr.),NULL,DB-internal consistency (etype vs linked engine cc)
22839,Renault,LATITUDE (L70_),engine_type-pattern,2.0 dCi (corr.),NULL,DB-internal consistency (etype vs linked engine cc)
22840,Renault,LATITUDE (L70_),engine_type-pattern,2.0 dCi (corr.),NULL,DB-internal consistency (etype vs linked engine cc)
22841,Renault,LATITUDE (L70_),engine_type-pattern,2.0 dCi (corr.),NULL,DB-internal consistency (etype vs linked engine cc)
22852,Renault,LAGUNA III Grandtour (KT0/1),engine_type-pattern,2 (est.),NULL,DB-internal consistency (etype vs linked engine cc)
22853,Renault,LAGUNA III (BT0/1),engine_type-pattern,2 (est.),NULL,DB-internal consistency (etype vs linked engine cc)
22861,Renault,MEGANE III Coupe (DZ0/1_),engine_type-pattern,1.5 dCi (corr.),1.5 dCi,DB-internal consistency (etype vs linked engine cc)
22862,Renault,MEGANE III Coupe (DZ0/1_),engine_type-pattern,1.5 dCi (corr.),NULL,DB-internal consistency (etype vs linked engine cc)
22864,BMW,3 Touring (E91),engine_type-pattern,330 d (corr.),330d 3000 D,DB-internal consistency (etype vs linked engine cc)
22865,BMW,3 Coupe (E92),engine_type-pattern,330 d (corr.),330d 3000 D,DB-internal consistency (etype vs linked engine cc)
22866,Mercedes,C-CLASS T-Model (S204),engine_type-pattern,2.1 (est.),NULL,DB-internal consistency (etype vs linked engine cc)
22872,Volkswagen,GOLF VI Variant (AJ5),engine_type-pattern,1.2 (est.),1.2 TFSI,DB-internal consistency (etype vs linked engine cc)
22876,Mitsubishi,"PAJERO III Canvas Top (V6_W, V7_W)",engine_type-pattern,3.2 DI-D (corr.),3.2 V6 TD,DB-internal consistency (etype vs linked engine cc)
22878,Hyundai,"i20 (PB, PBT)",engine_type-pattern,1.4 (est.),1.4 16v CRDi,DB-internal consistency (etype vs linked engine cc)
22890,Lotus,EXIGE (SCC_),engine_type-pattern,1.8 16V (corr.),1.8 16v,DB-internal consistency (etype vs linked engine cc)
22894,Rolls-Royce,GHOST,engine_type-pattern,6.6 (est.),NULL,DB-internal consistency (etype vs linked engine cc)
22895,Rolls-Royce,PHANTOM Drophead Coupe,engine_type-pattern,6.7 (est.),6.75,DB-internal consistency (etype vs linked engine cc)
22898,Mitsuoka,OROCHI,engine_type-pattern,3.3 (est.),NULL,DB-internal consistency (etype vs linked engine cc)
22901,Seat,ALTEA (5P1),engine_type-pattern,1.6 (est.),1.6 TDI (90),DB-internal consistency (etype vs linked engine cc)
22902,Morgan,ROADSTER Convertible,engine_type-pattern,Repair cavity strip,2.0 16v Duratec HE,DB-internal consistency (etype vs linked engine cc)
22907,Seat,"ALTEA XL (5P5, 5P8)",engine_type-pattern,1.6 (est.),1.6 TDI (90),DB-internal consistency (etype vs linked engine cc)
22918,Rolls-Royce,PHANTOM Coupe,engine_type-pattern,6.7 (est.),6.75,DB-internal consistency (etype vs linked engine cc)
22921,Vauxhall,MOVANO Mk II (B) VAN,engine_type-pattern,2.0 GT3 (corr.),NULL,DB-internal consistency (etype vs linked engine cc)
22922,Vauxhall,MOVANO Mk II (B) VAN,engine_type-pattern,2.0 GT3 (corr.),NULL,DB-internal consistency (etype vs linked engine cc)
22924,Opel,MOVANO B Box,engine_type-pattern,2.0 GT3 (corr.),NULL,DB-internal consistency (etype vs linked engine cc)
22925,Opel,MOVANO B Box,engine_type-pattern,2.0 GT3 (corr.),NULL,DB-internal consistency (etype vs linked engine cc)
22926,Opel,MOVANO B Box,engine_type-pattern,2.0 GT3 (corr.),NULL,DB-internal consistency (etype vs linked engine cc)
22927,Opel,MOVANO B Box,engine_type-pattern,2.0 GT3 (corr.),NULL,DB-internal consistency (etype vs linked engine cc)
22928,Opel,MOVANO B Box,engine_type-pattern,2.0 GT3 (corr.),NULL,DB-internal consistency (etype vs linked engine cc)
22929,Opel,MOVANO B Box,engine_type-pattern,2.0 GT3 (corr.),NULL,DB-internal consistency (etype vs linked engine cc)
22930,Opel,MOVANO B Box,engine_type-pattern,2.0 GT3 (corr.),NULL,DB-internal consistency (etype vs linked engine cc)
22931,Opel,MOVANO B Box,engine_type-pattern,2.0 GT3 (corr.),NULL,DB-internal consistency (etype vs linked engine cc)
22932,Opel,MOVANO B Box,engine_type-pattern,2.0 GT3 (corr.),NULL,DB-internal consistency (etype vs linked engine cc)
22933,Opel,MOVANO B Box,engine_type-pattern,2.0 GT3 (corr.),NULL,DB-internal consistency (etype vs linked engine cc)
22934,Opel,MOVANO B Box,engine_type-pattern,2.0 GT3 (corr.),NULL,DB-internal consistency (etype vs linked engine cc)
22935,Opel,MOVANO B Box,engine_type-pattern,2.0 GT3 (corr.),NULL,DB-internal consistency (etype vs linked engine cc)
22936,Opel,MOVANO B Box,engine_type-pattern,2.0 GT3 (corr.),NULL,DB-internal consistency (etype vs linked engine cc)
22937,Opel,MOVANO B Box,engine_type-pattern,2.0 GT3 (corr.),NULL,DB-internal consistency (etype vs linked engine cc)
22938,Opel,MOVANO B Box,engine_type-pattern,2.0 GT3 (corr.),NULL,DB-internal consistency (etype vs linked engine cc)
22939,Opel,MOVANO B Box,engine_type-pattern,2.0 GT3 (corr.),NULL,DB-internal consistency (etype vs linked engine cc)
22940,Opel,MOVANO B Platform/Chassis,engine_type-pattern,2.0 GT3 (corr.),NULL,DB-internal consistency (etype vs linked engine cc)
22941,Opel,MOVANO B Platform/Chassis,engine_type-pattern,2.0 GT3 (corr.),NULL,DB-internal consistency (etype vs linked engine cc)
22942,Opel,MOVANO B Platform/Chassis,engine_type-pattern,2.0 GT3 (corr.),NULL,DB-internal consistency (etype vs linked engine cc)
22943,Opel,MOVANO B Platform/Chassis,engine_type-pattern,2.0 GT3 (corr.),NULL,DB-internal consistency (etype vs linked engine cc)
22944,Opel,MOVANO B Platform/Chassis,engine_type-pattern,2.0 GT3 (corr.),NULL,DB-internal consistency (etype vs linked engine cc)
22945,Opel,MOVANO B Platform/Chassis,engine_type-pattern,2.0 GT3 (corr.),NULL,DB-internal consistency (etype vs linked engine cc)
22946,Opel,MOVANO B Platform/Chassis,engine_type-pattern,2.0 GT3 (corr.),NULL,DB-internal consistency (etype vs linked engine cc)
22947,Opel,MOVANO B Platform/Chassis,engine_type-pattern,2.0 GT3 (corr.),NULL,DB-internal consistency (etype vs linked engine cc)
22948,Opel,MOVANO B Platform/Chassis,engine_type-pattern,2.0 GT3 (corr.),NULL,DB-internal consistency (etype vs linked engine cc)
22949,Opel,MOVANO B Platform/Chassis,engine_type-pattern,2.0 GT3 (corr.),NULL,DB-internal consistency (etype vs linked engine cc)
22950,Opel,MOVANO B Platform/Chassis,engine_type-pattern,2.0 GT3 (corr.),NULL,DB-internal consistency (etype vs linked engine cc)
22951,Opel,MOVANO B Platform/Chassis,engine_type-pattern,2.0 GT3 (corr.),NULL,DB-internal consistency (etype vs linked engine cc)
22952,Opel,MOVANO B Platform/Chassis,engine_type-pattern,2.0 GT3 (corr.),NULL,DB-internal consistency (etype vs linked engine cc)
22953,Opel,MOVANO B Platform/Chassis,engine_type-pattern,2.0 GT3 (corr.),NULL,DB-internal consistency (etype vs linked engine cc)
22954,Opel,MOVANO B Platform/Chassis,engine_type-pattern,2.0 GT3 (corr.),NULL,DB-internal consistency (etype vs linked engine cc)
22955,Opel,MOVANO B Platform/Chassis,engine_type-pattern,2.0 GT3 (corr.),NULL,DB-internal consistency (etype vs linked engine cc)
22956,Opel,MOVANO B Platform/Chassis,engine_type-pattern,2.0 GT3 (corr.),NULL,DB-internal consistency (etype vs linked engine cc)
22968,Honda,CR-V III (RE),engine_type-pattern,2.2 i-DTEC (corr.),2.2 16v i-DTEC,DB-internal consistency (etype vs linked engine cc)
22969,Mitsubishi,LANCER Saloon (CY/Z_A),engine_type-pattern,2.0 (corr.),NULL,DB-internal consistency (etype vs linked engine cc)
22970,Mitsubishi,LANCER Saloon (CY/Z_A),engine_type-pattern,2.0 (corr.),NULL,DB-internal consistency (etype vs linked engine cc)
22982,BMW,3 Touring (E91),engine_type-pattern,320 d (corr.),116d 2000 D,DB-internal consistency (etype vs linked engine cc)
22983,Volkswagen,"CADDY III Estate (2KB, 2KJ, 2CB, 2CJ)",engine_type-pattern,1.2 (est.),1.2 TFSI,DB-internal consistency (etype vs linked engine cc)
22984,Volkswagen,"CADDY III Estate (2KB, 2KJ, 2CB, 2CJ)",engine_type-pattern,1.2 (est.),1.2 TFSI,DB-internal consistency (etype vs linked engine cc)
22986,Volkswagen,"CADDY III Estate (2KB, 2KJ, 2CB, 2CJ)",engine_type-pattern,1.6 (est.),1.6 16v TDI,DB-internal consistency (etype vs linked engine cc)
22987,Volkswagen,"CADDY III Estate (2KB, 2KJ, 2CB, 2CJ)",engine_type-pattern,1.6 (est.),1.6 16v TDI,DB-internal consistency (etype vs linked engine cc)
22988,Volkswagen,"CADDY III Estate (2KB, 2KJ, 2CB, 2CJ)",engine_type-spoof,2.7 D Rear Wheel Drive,2.0 16v TDI,DB-internal consistency (etype vs linked engine cc)
22989,Volkswagen,"CADDY III Box (2KA, 2KH, 2CA, 2CH)",engine_type-pattern,1.2 (est.),1.2 TFSI,DB-internal consistency (etype vs linked engine cc)
22990,Volkswagen,"CADDY III Box (2KA, 2KH, 2CA, 2CH)",engine_type-pattern,1.2 (est.),1.2 TFSI,DB-internal consistency (etype vs linked engine cc)
22991,Volkswagen,"CADDY III Box (2KA, 2KH, 2CA, 2CH)",engine_type-pattern,1.6 (est.),1.6 16v TDI,DB-internal consistency (etype vs linked engine cc)
22992,Volkswagen,"CADDY III Box (2KA, 2KH, 2CA, 2CH)",engine_type-spoof,2.7 D Rear Wheel Drive,2.0 16v TDI,DB-internal consistency (etype vs linked engine cc)
22994,Volkswagen,"CADDY III Box (2KA, 2KH, 2CA, 2CH)",engine_type-pattern,1.6 (est.),1.6 16v TDI,DB-internal consistency (etype vs linked engine cc)
22997,Citroen,JUMPER Bus,engine_type-pattern,3.0 HDi 160 (corr.),3.0 HDi 160,DB-internal consistency (etype vs linked engine cc)
22998,Audi,Q7 (4L),engine_type-pattern,3.0 TFSI quattro (corr.),NULL,DB-internal consistency (etype vs linked engine cc)
22999,Audi,Q7 (4L),engine_type-pattern,3.0 TFSI quattro (corr.),NULL,DB-internal consistency (etype vs linked engine cc)
23000,Audi,Q7 (4L),engine_type-pattern,3.0 TFSI quattro (corr.),NULL,DB-internal consistency (etype vs linked engine cc)
23001,Audi,Q7 (4L),engine_type-pattern,3.0 TFSI quattro (corr.),NULL,DB-internal consistency (etype vs linked engine cc)
23002,Audi,Q7 (4L),engine_type-pattern,3.0 TFSI quattro (corr.),NULL,DB-internal consistency (etype vs linked engine cc)
23003,Audi,Q7 (4L),engine_type-pattern,3.0 TFSI quattro (corr.),NULL,DB-internal consistency (etype vs linked engine cc)
23009,Chevrolet,"CAPTIVA (C100, C140)",engine_type-pattern,2.4 (est.),2.4 16v 2WD,DB-internal consistency (etype vs linked engine cc)
23013,Volkswagen,TOURAN (1T3),engine_type-pattern,1.6 (est.),1.6 TDI (90),DB-internal consistency (etype vs linked engine cc)
23014,Volkswagen,"AMAROK (2H_, S1B)",engine_type-spoof,2.7 D Rear Wheel Drive,2.0 TDI,DB-internal consistency (etype vs linked engine cc)
23015,Volkswagen,"AMAROK (2H_, S1B)",engine_type-spoof,2.7 D Rear Wheel Drive,2.0 TDI,DB-internal consistency (etype vs linked engine cc)
23017,Toyota,"AURIS (NRE15_, ZZE15_, ADE15_, ZRE15_, NDE15_)",engine_type-pattern,1.3 (corr.),1.33 VVT-i,DB-internal consistency (etype vs linked engine cc)
23018,Toyota,"YARIS (SCP9_, NSP9_, KSP9_, NCP9_, ZSP9_)",engine_type-pattern,1.0 (corr.),1.0 12v,DB-internal consistency (etype vs linked engine cc)
23019,Mitsubishi,LANCER SPORTBACK (CX_A),engine_type-pattern,1.8 (est.),1.8 16v DI-D 2WD,DB-internal consistency (etype vs linked engine cc)
23020,Mitsubishi,LANCER Saloon (CY/Z_A),engine_type-pattern,1.8 (est.),1.8 16v DI-D 2WD,DB-internal consistency (etype vs linked engine cc)
23021,BMW,Z4 (E89),engine_type-pattern,at Spring Eye (corr.),1M 3000 TwinTurbo,DB-internal consistency (etype vs linked engine cc)
23022,Porsche,911 (997),engine_type-pattern,3.8 (est.),3.6 24v 6MT,DB-internal consistency (etype vs linked engine cc)
23023,Porsche,911 (997),engine_type-pattern,3.8 (est.),3.8 24v 6MT,DB-internal consistency (etype vs linked engine cc)
23024,BMW,X1 (E84),engine_type-pattern,Balance road wheel (corr.),116d 2000 D,DB-internal consistency (etype vs linked engine cc)
23025,BMW,X1 (E84),engine_type-pattern,Balance road wheel (corr.),116d 2000 D,DB-internal consistency (etype vs linked engine cc)
23026,BMW,X1 (E84),engine_type-pattern,320 i (corr.),318 i,DB-internal consistency (etype vs linked engine cc)
23027,BMW,X1 (E84),engine_type-pattern,330 i (corr.),NULL,DB-internal consistency (etype vs linked engine cc)
23029,Mercedes,GLK-CLASS (X204),engine_type-pattern,Expose accident damage for inspection (corr.),NULL,DB-internal consistency (etype vs linked engine cc)
23030,Mercedes,GLK-CLASS (X204),engine_type-pattern,Expose accident damage for inspection (corr.),NULL,DB-internal consistency (etype vs linked engine cc)
23031,Mercedes,GLK-CLASS (X204),engine_type-pattern,Expose accident damage for inspection,NULL,DB-internal consistency (etype vs linked engine cc)
23032,Mercedes,GLK-CLASS (X204),engine_type-pattern,Expose accident damage for inspection,NULL,DB-internal consistency (etype vs linked engine cc)
23044,Cadillac,Escalade,engine_type-pattern,5.3 (est.),5.3 V8 Vortec,DB-internal consistency (etype vs linked engine cc)
23047,Cadillac,STS,engine_type-pattern,3.6 (corr.),3.6 V6 LS,DB-internal consistency (etype vs linked engine cc)
23051,Chevrolet,AVALANCHE Crew Cab Pickup,engine_type-spoof,2.2 S2,5.3 V8 Vortec FlexFuel,DB-internal consistency (etype vs linked engine cc)
23052,Chevrolet,AVALANCHE Crew Cab Pickup,engine_type-spoof,2.2 S2,5.3 Flex-Fuel 4WD,DB-internal consistency (etype vs linked engine cc)
23054,Chevrolet,AVALANCHE 1500 Crew Cab Pickup,engine_type-spoof,2.2 S2,5.3 V8 Vortec,DB-internal consistency (etype vs linked engine cc)
23055,Chevrolet,AVALANCHE 1500 Crew Cab Pickup,engine_type-spoof,2.2 S2,NULL,DB-internal consistency (etype vs linked engine cc)
23056,Chevrolet,AVALANCHE 2500 Crew Cab Pickup,engine_type-pattern,8.1 (corr.),8.1 V8 Vortec,DB-internal consistency (etype vs linked engine cc)
23057,Chevrolet,AVALANCHE 2500 Crew Cab Pickup,engine_type-pattern,8.1 (corr.),8.1 V8 Vortec,DB-internal consistency (etype vs linked engine cc)
23066,Chevrolet,SILVERADO 1500 Crew Cab Pickup,engine_type-spoof,2.2 S2,5.3 V8 Vortec FlexFuel,DB-internal consistency (etype vs linked engine cc)
23067,Chevrolet,SILVERADO 1500 Crew Cab Pickup,engine_type-spoof,2.2 S2,5.3 Flex-Fuel 4WD,DB-internal consistency (etype vs linked engine cc)
23068,Chevrolet,SILVERADO 1500 Extended Cab Pickup,engine_type-spoof,2.2 S2,5.3 V8 Vortec,DB-internal consistency (etype vs linked engine cc)
23069,Chevrolet,SILVERADO 2500 Cab & Chassis,engine_type-pattern,6.0 (corr.),6.0,DB-internal consistency (etype vs linked engine cc)
23070,Chevrolet,SILVERADO 2500 Extended Cab Pickup,engine_type-pattern,6.0 (corr.),6.0,DB-internal consistency (etype vs linked engine cc)
23071,Chevrolet,SILVERADO 2500 Extended Cab Pickup,engine_type-pattern,6.0 (corr.),6.0,DB-internal consistency (etype vs linked engine cc)
23075,Chevrolet,SILVERADO 2500 Cab & Chassis,engine_type-pattern,6.6 (est.),6.6 V8 D Duramax,DB-internal consistency (etype vs linked engine cc)
23076,Chevrolet,SILVERADO 2500 HD Crew Cab Pickup,engine_type-pattern,6.6 (est.),6.6 V8 D Duramax,DB-internal consistency (etype vs linked engine cc)
23080,Chevrolet,SILVERADO 2500 HD Standard Cab Pickup,engine_type-pattern,6.6 (est.),6.6 V8 D Duramax,DB-internal consistency (etype vs linked engine cc)
23083,Chevrolet,SILVERADO 3500 Cab & Chassis,engine_type-pattern,6.6 (est.),6.6 V8 D Duramax,DB-internal consistency (etype vs linked engine cc)
23084,Chevrolet,SILVERADO 3500 Crew Cab Pickup,engine_type-pattern,6.6 (est.),6.6 V8 D Duramax,DB-internal consistency (etype vs linked engine cc)
23087,Chevrolet,SUBURBAN 1500 Closed Off-Road Vehicle,engine_type-spoof,2.2 S2,5.3 V8 Vortec,DB-internal consistency (etype vs linked engine cc)
23088,Chevrolet,SUBURBAN 1500 Closed Off-Road Vehicle,engine_type-spoof,2.2 S2,NULL,DB-internal consistency (etype vs linked engine cc)
23093,Chevrolet,TAHOE (B2W),engine_type-spoof,2.2 S2,5.3 V8 Vortec,DB-internal consistency (etype vs linked engine cc)
23094,Chevrolet,TAHOE (B2W),engine_type-spoof,2.2 S2,NULL,DB-internal consistency (etype vs linked engine cc)
23095,Ford,Ecosport,engine_type-pattern,1 (est.),NULL,DB-internal consistency (etype vs linked engine cc)
23098,Skoda,RAPID Spaceback (NH1),engine_type-pattern,1.2 (est.),1.2 TFSI,DB-internal consistency (etype vs linked engine cc)
23099,Skoda,RAPID Spaceback (NH1),engine_type-pattern,1.2 (est.),1.2 TFSI,DB-internal consistency (etype vs linked engine cc)
23100,Skoda,RAPID Spaceback (NH1),engine_type-pattern,1.2 (est.),1.6 8v MultiFuel,DB-internal consistency (etype vs linked engine cc)
23101,Skoda,RAPID Spaceback (NH1),engine_type-pattern,Repair rear seat bench * (corr.),1.6 TDI (105),DB-internal consistency (etype vs linked engine cc)
23102,Skoda,RAPID Spaceback (NH1),engine_type-pattern,Repair rear seat bench * (corr.),1.6 16v TDI,DB-internal consistency (etype vs linked engine cc)
23105,Chrysler,RAM 1500 Crew Cab Pickup,engine_type-pattern,8.3 (est.),SRT-10,DB-internal consistency (etype vs linked engine cc)
23107,Ford,Ecosport,engine_type-pattern,1.5 (corr.),NULL,DB-internal consistency (etype vs linked engine cc)
23110,Ford,Ecosport,engine_type-pattern,1.5 (est.),NULL,DB-internal consistency (etype vs linked engine cc)
23111,Chrysler,RAM 2500 Extended Crew Cab Pickup,engine_type-spoof,2.5 TDiC AWD,5.9 I6 Cummins HO Turbo Diesel,DB-internal consistency (etype vs linked engine cc)
23113,Chrysler,RAM 3500 Cab & Chassis,engine_type-spoof,2.5 TDiC AWD,5.9 I6 Cummins 24V Turbo Diesel,DB-internal consistency (etype vs linked engine cc)
23114,Chrysler,RAM 3500 Cab & Chassis,engine_type-spoof,2.5 TDiC AWD,5.9 I6 Cummins 24V Turbo Diesel,DB-internal consistency (etype vs linked engine cc)
23115,Ford,FOCUS III Turnier,engine_type-spoof,1800 HL,1.6 EcoBoost,DB-internal consistency (etype vs linked engine cc)
23116,Ford,FOCUS III Turnier,engine_type-spoof,1800 HL,NULL,DB-internal consistency (etype vs linked engine cc)
23118,Chrysler,RAM 3500 Crew Cab Pickup,engine_type-spoof,2.5 TDiC AWD,5.9 I6 Cummins 24V Turbo Diesel,DB-internal consistency (etype vs linked engine cc)
23119,Ford,FOCUS III Saloon,engine_type-spoof,1800 HL,1.6 EcoBoost,DB-internal consistency (etype vs linked engine cc)
23120,Ford,FOCUS III Saloon,engine_type-spoof,1800 HL,NULL,DB-internal consistency (etype vs linked engine cc)
23123,Chrysler,RAM 3500 Crew Cab Pickup,engine_type-spoof,2.5 TDiC AWD,5.9 I6 Cummins 24V Turbo Diesel,DB-internal consistency (etype vs linked engine cc)
23135,Volkswagen,"GOLF VII (5G1, BE1)",engine_type-pattern,1.4 TSI (corr.),1.4 TFSI G-Tron,DB-internal consistency (etype vs linked engine cc)
23136,Volkswagen,"GOLF VII (5G1, BE1)",engine_type-pattern,1.4 TSI (corr.),NULL,DB-internal consistency (etype vs linked engine cc)
23163,Ford,TOURNEO CONNECT / GRAND TOURNEO CONNECT Kombi,engine_type-pattern,1.6 Ti (corr.),NULL,DB-internal consistency (etype vs linked engine cc)
23168,Chevrolet,SILVERADO 3500 HD Cab & Chassis,engine_type-pattern,6.6 (est.),6.6 V8 D LML HD,DB-internal consistency (etype vs linked engine cc)
23171,Chrysler,RAM 4000 Standard Cab Pickup,engine_type-spoof,2.5 TDiC AWD,5.9 I6 Cummins HO Turbo Diesel,DB-internal consistency (etype vs linked engine cc)
23173,GMC,SIERRA 3500 HD Standard Cab Pickup,engine_type-pattern,6.6 (est.),6.6 V8 D Duramax,DB-internal consistency (etype vs linked engine cc)
23180,Mazda,"CX-5 (KE, GH)",engine_type-pattern,2.0 (corr.),NULL,DB-internal consistency (etype vs linked engine cc)
23181,Mazda,"CX-5 (KE, GH)",engine_type-pattern,2.0 (corr.),NULL,DB-internal consistency (etype vs linked engine cc)
23189,Vauxhall,ASTRA GTC Mk VI (J),engine_type-pattern,2.0 (corr.),2.0 Turbo Ecotec OPC,DB-internal consistency (etype vs linked engine cc)
23193,Vauxhall,MERIVA Mk II (B),engine_type-spoof,3.8 Carrera,1.4 16v Turbo,DB-internal consistency (etype vs linked engine cc)
23194,Vauxhall,MERIVA Mk II (B),engine_type-spoof,3.8 Carrera,NULL,DB-internal consistency (etype vs linked engine cc)
23200,Chevrolet,AVALANCHE Crew Cab Pickup,engine_type-pattern,2.2 S2 (corr.),5.3 V8 Vortec FlexFuel,DB-internal consistency (etype vs linked engine cc)
23201,Cadillac,STS,engine_type-pattern,4.6 (corr.),NULL,DB-internal consistency (etype vs linked engine cc)
23202,Chrysler,RAM 1500 Crew Cab Pickup,engine_type-pattern,3.7 (corr.),NULL,DB-internal consistency (etype vs linked engine cc)
23206,GMC,SIERRA 1500 Crew Cab Pickup,engine_type-spoof,1.0 DVVT,4.8 V8 Vortec,DB-internal consistency (etype vs linked engine cc)
23207,GMC,SIERRA 1500 Crew Cab Pickup,engine_type-pattern,5.3 (corr.),5.3 Flex-Fuel,DB-internal consistency (etype vs linked engine cc)
23211,Cadillac,CTS Sport Wagon,engine_type-pattern,3.6 (corr.),3.6 V6 LS,DB-internal consistency (etype vs linked engine cc)
23212,GMC,SIERRA 1500 Extended Cab Pickup,engine_type-spoof,1.3 VVTi,6.0 V8 Vortec MAX,DB-internal consistency (etype vs linked engine cc)
23218,GMC,SIERRA 1500 Standard Cab Pickup,engine_type-spoof,1.3 VVTi,6.0 V8 Vortec MAX,DB-internal consistency (etype vs linked engine cc)
23221,GMC,SIERRA 2500 HD Crew Cab Pickup,engine_type-spoof,1.3 VVTi,6.0 V8 Vortec,DB-internal consistency (etype vs linked engine cc)
23222,GMC,SIERRA 3500 HD Crew Cab Pickup,engine_type-pattern,6.6 (est.),6.6 V8 D LML HD,DB-internal consistency (etype vs linked engine cc)
23223,GMC,SIERRA 3500 HD Crew Cab Pickup,engine_type-pattern,6.6 (est.),6.6 V8 D LML HD,DB-internal consistency (etype vs linked engine cc)
23225,Chevrolet,SILVERADO 1500 Standard Cab Pickup,engine_type-spoof,1.0 DVVT,4.8 V8 Vortec,DB-internal consistency (etype vs linked engine cc)
23226,Chevrolet,SILVERADO 1500 Crew Cab Pickup,engine_type-spoof,1.9 RND,5.3 V8 Vortec FlexFuel,DB-internal consistency (etype vs linked engine cc)
23227,Chevrolet,SILVERADO 1500 Crew Cab Pickup,engine_type-spoof,1.9 RND,5.3 Flex-Fuel 4WD,DB-internal consistency (etype vs linked engine cc)
23228,Chevrolet,SILVERADO 1500 Standard Cab Pickup,engine_type-pattern,5.3 (corr.),5.3 Flex-Fuel,DB-internal consistency (etype vs linked engine cc)
23229,Chevrolet,SILVERADO 1500 Crew Cab Pickup,engine_type-spoof,1.3 VVTi,6.0 V8 Vortec MAX,DB-internal consistency (etype vs linked engine cc)
23230,Chevrolet,SILVERADO 1500 Crew Cab Pickup,engine_type-pattern,4.3 (corr.),4.3,DB-internal consistency (etype vs linked engine cc)
23231,Chevrolet,SILVERADO 1500 Crew Cab Pickup,engine_type-pattern,6.2 (corr.),NULL,DB-internal consistency (etype vs linked engine cc)
23232,Chevrolet,SILVERADO 1500 Crew Cab Pickup,engine_type-spoof,1.3 DVVT Turbo,4.8 V8 Vortec,DB-internal consistency (etype vs linked engine cc)
23233,Chevrolet,SILVERADO 1500 Crew Cab Pickup,engine_type-pattern,6.0 (corr.),NULL,DB-internal consistency (etype vs linked engine cc)
23234,Chevrolet,SILVERADO 1500 Crew Cab Pickup,engine_type-spoof,2.0 D All-wheel Drive,6.0 V8 hybrid (two-mode),DB-internal consistency (etype vs linked engine cc)
23235,Chevrolet,SILVERADO 2500 HD Standard Cab Pickup,engine_type-spoof,2.4 LONG,6.0 V8 Vortec,DB-internal consistency (etype vs linked engine cc)
23236,Chevrolet,SILVERADO 2500 HD Standard Cab Pickup,engine_type-pattern,6.6 (est.),6.6 V8 D Duramax,DB-internal consistency (etype vs linked engine cc)
23237,Chevrolet,SILVERADO 2500 HD Standard Cab Pickup,engine_type-spoof,1.3 VVTi,6.0 V8 Vortec,DB-internal consistency (etype vs linked engine cc)
23238,Chrysler,RAM 2500 Standard Cab Pickup,engine_type-spoof,2.5 TDiC 4x4,5.9 I6 Cummins HO Turbo Diesel,DB-internal consistency (etype vs linked engine cc)
23239,Chrysler,RAM 3500 Standard Cab Pickup,engine_type-spoof,2.5 TDiC 4x4,5.9 I6 Cummins HO Turbo Diesel,DB-internal consistency (etype vs linked engine cc)
23240,Chevrolet,SILVERADO 3500 HD Crew Cab Pickup,engine_type-pattern,6.0 (corr.),6.0 V8 Vortec,DB-internal consistency (etype vs linked engine cc)
23241,Chevrolet,SILVERADO 3500 Extended Cab Pickup,engine_type-pattern,6.0 (corr.),6.0 V8 Vortec,DB-internal consistency (etype vs linked engine cc)
23243,Chevrolet,SILVERADO 3500 Standard Cab Pickup,engine_type-pattern,6.0 (corr.),6.0 V8 Vortec,DB-internal consistency (etype vs linked engine cc)
23244,Chevrolet,SILVERADO 3500 HD Standard Cab Pickup,engine_type-pattern,6.6 (est.),6.6 V8 D LML HD,DB-internal consistency (etype vs linked engine cc)
23245,Ford,FOCUS III Turnier,engine_type-pattern,2.0 (corr.),NULL,DB-internal consistency (etype vs linked engine cc)
23246,Chevrolet,SUBURBAN 1500 Closed Off-Road Vehicle,engine_type-pattern,5.3 (corr.),5.3 V8 Vortec FlexFuel,DB-internal consistency (etype vs linked engine cc)
23247,Chevrolet,SUBURBAN 1500 Closed Off-Road Vehicle,engine_type-spoof,1.3 VVTi,6.0 V8 Vortec MAX,DB-internal consistency (etype vs linked engine cc)
23249,Chevrolet,SUBURBAN 2500 Closed Off-Road Vehicle,engine_type-pattern,6.0 (corr.),6.0 V8 Vortec,DB-internal consistency (etype vs linked engine cc)
23250,Chevrolet,TAHOE (GMT900),engine_type-spoof,2.0 D All-wheel Drive,6.0 V8 hybrid (two-mode),DB-internal consistency (etype vs linked engine cc)
23251,Chevrolet,TAHOE (GMT900),engine_type-spoof,2.0 D All-wheel Drive,NULL,DB-internal consistency (etype vs linked engine cc)
23252,BMW,"4 Coupe (F32, F82)",engine_type-pattern,530 d (corr.),335d 3000 D,DB-internal consistency (etype vs linked engine cc)
23254,BMW,1 (E87),engine_type-pattern,1.6 (est.),NULL,DB-internal consistency (etype vs linked engine cc)
23257,Chrysler,RAM 1500 Standard Cab Pickup,engine_type-pattern,5.7 (corr.),5.7,DB-internal consistency (etype vs linked engine cc)
23258,Chrysler,RAM 2500 Crew Cab Pickup,engine_type-spoof,2.5 TDiC 4x4,5.9 I6 Cummins HO Turbo Diesel,DB-internal consistency (etype vs linked engine cc)
23259,Ford,FOCUS III,engine_type-spoof,1800 HL,1.6 EcoBoost,DB-internal consistency (etype vs linked engine cc)
23260,Ford,FOCUS III,engine_type-spoof,1800 HL,NULL,DB-internal consistency (etype vs linked engine cc)
23261,Chrysler,RAM 2500 Crew Cab Pickup,engine_type-spoof,3.6 FSI 4motion,6.7 I6 Cummins Turbo Diesel,DB-internal consistency (etype vs linked engine cc)
23262,Chrysler,RAM 2500 Standard Cab Pickup,engine_type-spoof,3.6 FSI 4motion,6.7 I6 Cummins Turbo Diesel,DB-internal consistency (etype vs linked engine cc)
23263,Chrysler,RAM 3500 Crew Cab Pickup,engine_type-pattern,3.6 FSI 4motion (corr.),6.7 I6 Cummins Turbo Diesel,DB-internal consistency (etype vs linked engine cc)
23265,Chevrolet,SILVERADO 3500 HD Cab & Chassis,engine_type-pattern,6.0 (corr.),6.0 V8 Vortec,DB-internal consistency (etype vs linked engine cc)
23266,BMW,X5 (E70),engine_type-pattern,at Spring Eye (corr.),NULL,DB-internal consistency (etype vs linked engine cc)
23267,Cadillac,CTS Sport Wagon,engine_type-pattern,3.6 (corr.),NULL,DB-internal consistency (etype vs linked engine cc)
23268,BMW,1 (F21),engine_type-pattern,320 d (corr.),116d 2000 D,DB-internal consistency (etype vs linked engine cc)
23273,Skoda,RAPID Spaceback (NH1),engine_type-pattern,Repair rear seat bench * (corr.),1.6 TDI (90),DB-internal consistency (etype vs linked engine cc)
23276,Peugeot,Rcz,engine_type-pattern,1.6 16V (corr.),NULL,DB-internal consistency (etype vs linked engine cc)
23280,Maserati,QUATTROPORTE VI,engine_type-pattern,3 (est.),NULL,DB-internal consistency (etype vs linked engine cc)
23295,BMW,"X6 (E71, E72)",engine_type-pattern,Dismantle/assemble gear selector bearing/mounting body (corr.),NULL,DB-internal consistency (etype vs linked engine cc)
23298,BMW,"3 (F30, F35, F80)",engine_type-pattern,530 d (corr.),335d 3000 D,DB-internal consistency (etype vs linked engine cc)
23299,BMW,"X6 (E71, E72)",engine_type-pattern,at Spring Eye (corr.),1M 3000 TwinTurbo,DB-internal consistency (etype vs linked engine cc)
23300,BMW,3 Convertible (E93),engine_type-pattern,330 d (corr.),NULL,DB-internal consistency (etype vs linked engine cc)
23301,BMW,3 Coupe (E92),engine_type-pattern,330 d (corr.),NULL,DB-internal consistency (etype vs linked engine cc)
23302,Mercedes,E-CLASS T-Model (S212),engine_type-pattern,2.1 (est.),NULL,DB-internal consistency (etype vs linked engine cc)
23305,Lamborghini,GALLARDO,engine_type-pattern,5.2 (est.),5.2 V10 40v FSI Quattro,DB-internal consistency (etype vs linked engine cc)
23307,Mini,MINI CLUBMAN (R55),engine_type-pattern,Cooper S (corr.),Cooper S,DB-internal consistency (etype vs linked engine cc)
23308,Maserati,Quattroporte V,engine_type-pattern,4.7 (corr.),NULL,DB-internal consistency (etype vs linked engine cc)
23309,Maserati,Quattroporte V,engine_type-pattern,4.7 (corr.),NULL,DB-internal consistency (etype vs linked engine cc)
23311,Peugeot,3008,engine_type-pattern,2 (est.),NULL,DB-internal consistency (etype vs linked engine cc)
23312,Peugeot,3008,engine_type-pattern,2 (est.),NULL,DB-internal consistency (etype vs linked engine cc)
23314,Citroen,C4 Grand Picasso II,engine_type-pattern,1.6 VTi 120 (corr.),1.6 16v THP,DB-internal consistency (etype vs linked engine cc)
23318,BMW,"3 (F30, F35, F80)",engine_type-pattern,320 d (corr.),116d 2000 D,DB-internal consistency (etype vs linked engine cc)
23319,Mini,MINI PACEMAN (R61),engine_type-spoof,2.3 SVT,2.0 Diesel,DB-internal consistency (etype vs linked engine cc)
23322,Mercedes,M-CLASS (W166),engine_type-pattern,300 SL (corr.),NULL,DB-internal consistency (etype vs linked engine cc)
23324,Mercedes,GL-CLASS (X166),engine_type-pattern,300 SL (corr.),NULL,DB-internal consistency (etype vs linked engine cc)
23325,Mercedes,GLK-CLASS (X204),engine_type-pattern,2 (est.),NULL,DB-internal consistency (etype vs linked engine cc)
23326,Citroen,C4 Grand Picasso II,engine_type-pattern,1.6 HDi (corr.),NULL,DB-internal consistency (etype vs linked engine cc)
23327,Citroen,C4 Picasso II,engine_type-pattern,2.0 HDi (corr.),2.0 HDI,DB-internal consistency (etype vs linked engine cc)
23328,Citroen,C4 Picasso II,engine_type-pattern,2.0 HDi (corr.),NULL,DB-internal consistency (etype vs linked engine cc)
23329,Citroen,C4 Picasso II,engine_type-pattern,2.0 HDi (corr.),NULL,DB-internal consistency (etype vs linked engine cc)
23330,Citroen,C4 Grand Picasso II,engine_type-pattern,2.0 HDi (corr.),2.0 HDI,DB-internal consistency (etype vs linked engine cc)
23331,Citroen,C4 Grand Picasso II,engine_type-pattern,2.0 HDi (corr.),2.0 HDI,DB-internal consistency (etype vs linked engine cc)
23332,Citroen,C4 Grand Picasso II,engine_type-pattern,2.0 HDi (corr.),NULL,DB-internal consistency (etype vs linked engine cc)
23333,Citroen,C3 II,engine_type-spoof,3.8 Carrera,218 TD,DB-internal consistency (etype vs linked engine cc)
23336,Kia,PICANTO (TA),engine_type-pattern,1 (est.),NULL,DB-internal consistency (etype vs linked engine cc)
23337,Audi,A3 Limousine (8VS),engine_type-spoof,S6 4.2 quattro,1.2 TFSI (105),DB-internal consistency (etype vs linked engine cc)
23340,Audi,A8 (4H_),engine_type-pattern,"A6 (4A, C4)",NULL,DB-internal consistency (etype vs linked engine cc)
23344,Ford,TOURNEO CONNECT / GRAND TOURNEO CONNECT Kombi,engine_type-pattern,1 (est.),NULL,DB-internal consistency (etype vs linked engine cc)
23346,Audi,A3 Limousine (8VS),engine_type-pattern,1.6 (est.),1.6 TDI (105),DB-internal consistency (etype vs linked engine cc)
23348,BMW,3 Gran Turismo (F34),engine_type-pattern,320 d (corr.),NULL,DB-internal consistency (etype vs linked engine cc)
23349,Opel,ASTRA GTC J,engine_type-pattern,1.6 (corr.),NULL,DB-internal consistency (etype vs linked engine cc)
23350,Opel,ZAFIRA TOURER C (P12),engine_type-pattern,1.6 (corr.),NULL,DB-internal consistency (etype vs linked engine cc)
23361,Ford,TRANSIT CONNECT Box,engine_type-pattern,1.6 Ti (corr.),NULL,DB-internal consistency (etype vs linked engine cc)
23363,Ford,TRANSIT CONNECT Box,engine_type-pattern,1 (est.),NULL,DB-internal consistency (etype vs linked engine cc)
23364,Nissan,JUKE (F15),engine_type-pattern,1.6 (est.),1.6 16v Turbo,DB-internal consistency (etype vs linked engine cc)
23365,BMW,"4 Coupe (F32, F82)",engine_type-pattern,320 d (corr.),116d 2000 D,DB-internal consistency (etype vs linked engine cc)
23370,BMW,1 (E81),engine_type-pattern,1.6 (est.),NULL,DB-internal consistency (etype vs linked engine cc)
23373,GMC,SIERRA 1500 Crew Cab Pickup,engine_type-pattern,4.3 (corr.),4.3,DB-internal consistency (etype vs linked engine cc)
23376,GMC,SIERRA 1500 Crew Cab Pickup,engine_type-pattern,6.0 (corr.),NULL,DB-internal consistency (etype vs linked engine cc)
23377,GMC,SIERRA 1500 Crew Cab Pickup,engine_type-pattern,AUSTER (corr.),NULL,DB-internal consistency (etype vs linked engine cc)
23378,GMC,SIERRA 1500 Crew Cab Pickup,engine_type-spoof,1.3 VVTi,6.0 V8 Vortec MAX,DB-internal consistency (etype vs linked engine cc)
23379,GMC,SIERRA 1500 Extended Cab Pickup,engine_type-pattern,4.3 (corr.),4.3,DB-internal consistency (etype vs linked engine cc)
23380,GMC,SIERRA 1500 Extended Cab Pickup,engine_type-spoof,1.3 DVVT Turbo,4.8 V8 Vortec,DB-internal consistency (etype vs linked engine cc)
23382,GMC,SIERRA 1500 Extended Cab Pickup,engine_type-pattern,5.3 (corr.),5.3 Flex-Fuel,DB-internal consistency (etype vs linked engine cc)
23385,GMC,SIERRA 1500 Standard Cab Pickup,engine_type-pattern,4.3 (corr.),4.3,DB-internal consistency (etype vs linked engine cc)
23386,GMC,SIERRA 1500 Standard Cab Pickup,engine_type-spoof,1.3 DVVT Turbo,4.8 V8 Vortec,DB-internal consistency (etype vs linked engine cc)
23387,GMC,SIERRA 1500 Standard Cab Pickup,engine_type-spoof,1.0 DVVT,4.8 V8 Vortec,DB-internal consistency (etype vs linked engine cc)
23389,GMC,SIERRA 1500 Standard Cab Pickup,engine_type-pattern,5.3 (corr.),5.3 Flex-Fuel,DB-internal consistency (etype vs linked engine cc)
23392,GMC,SIERRA 2500 HD Cab & Chassis,engine_type-spoof,1.3 VVTi,6.0 V8 Vortec,DB-internal consistency (etype vs linked engine cc)
23394,GMC,SIERRA 2500 HD Cab & Chassis,engine_type-pattern,6.6 (est.),6.6 V8 D LML HD,DB-internal consistency (etype vs linked engine cc)
23395,GMC,SIERRA 2500 HD Cab & Chassis,engine_type-pattern,6.6 (est.),6.6 V8 D Duramax,DB-internal consistency (etype vs linked engine cc)
23396,GMC,SIERRA 2500 HD Crew Cab Pickup,engine_type-spoof,1.3 VVTi,6.0 V8 Vortec,DB-internal consistency (etype vs linked engine cc)
23397,GMC,SIERRA 2500 HD Crew Cab Pickup,engine_type-pattern,6.6 (est.),6.6 V8 D LML HD,DB-internal consistency (etype vs linked engine cc)
23398,GMC,SIERRA 2500 HD Extended Cab Pickup,engine_type-spoof,1.3 VVTi,6.0 V8 Vortec,DB-internal consistency (etype vs linked engine cc)
23399,GMC,SIERRA 2500 HD Extended Cab Pickup,engine_type-pattern,6.6 (est.),6.6 V8 D LML HD,DB-internal consistency (etype vs linked engine cc)
23400,GMC,SIERRA 2500 HD Standard Cab Pickup,engine_type-spoof,1.3 VVTi,6.0 V8 Vortec,DB-internal consistency (etype vs linked engine cc)
23401,GMC,SIERRA 2500 HD Standard Cab Pickup,engine_type-pattern,6.6 (est.),6.6 V8 D Duramax,DB-internal consistency (etype vs linked engine cc)
23402,GMC,SIERRA 2500 HD Standard Cab Pickup,engine_type-pattern,6.6 (est.),6.6 V8 D LML HD,DB-internal consistency (etype vs linked engine cc)
23403,GMC,SIERRA 3500 HD Cab & Chassis,engine_type-spoof,1.3 VVTi,6.0 V8 Vortec,DB-internal consistency (etype vs linked engine cc)
23404,GMC,SIERRA 3500 HD Cab & Chassis,engine_type-pattern,6.6 (est.),6.6 V8 D Duramax,DB-internal consistency (etype vs linked engine cc)
23405,GMC,SIERRA 3500 HD Cab & Chassis,engine_type-pattern,6.6 (est.),6.6 V8 D Duramax,DB-internal consistency (etype vs linked engine cc)
23406,GMC,SIERRA 3500 HD Cab & Chassis,engine_type-pattern,6.6 (est.),6.6 V8 D LML HD,DB-internal consistency (etype vs linked engine cc)
23407,GMC,SIERRA 3500 HD Crew Cab Pickup,engine_type-pattern,6.6 (est.),6.6 V8 D Duramax,DB-internal consistency (etype vs linked engine cc)
23408,GMC,SIERRA 3500 HD Extended Cab Pickup,engine_type-spoof,1.3 VVTi,6.0 V8 Vortec,DB-internal consistency (etype vs linked engine cc)
23409,GMC,SIERRA 3500 HD Extended Cab Pickup,engine_type-pattern,6.6 (est.),6.6 V8 D Duramax,DB-internal consistency (etype vs linked engine cc)
23410,GMC,SIERRA 3500 HD Extended Cab Pickup,engine_type-pattern,6.6 (est.),6.6 V8 D LML HD,DB-internal consistency (etype vs linked engine cc)
23411,GMC,SIERRA 3500 HD Standard Cab Pickup,engine_type-spoof,1.3 VVTi,6.0 V8 Vortec,DB-internal consistency (etype vs linked engine cc)
23412,GMC,SIERRA 3500 HD Standard Cab Pickup,engine_type-pattern,6.6 (est.),6.6 V8 D LML HD,DB-internal consistency (etype vs linked engine cc)
23413,Chevrolet,CAMARO Convertible,engine_type-pattern,6.2 (corr.),NULL,DB-internal consistency (etype vs linked engine cc)
23414,BMW,"4 Coupe (F32, F82)",engine_type-pattern,530 d (corr.),330d 3000 D,DB-internal consistency (etype vs linked engine cc)
23416,Chevrolet,SILVERADO 1500 Extended Cab Pickup,engine_type-spoof,1.3 DVVT Turbo,4.8 V8 Vortec,DB-internal consistency (etype vs linked engine cc)
23417,Chevrolet,SILVERADO 1500 Extended Cab Pickup,engine_type-pattern,5.3 (corr.),5.3 V8 Vortec FlexFuel,DB-internal consistency (etype vs linked engine cc)
23418,Chevrolet,SILVERADO 1500 Extended Cab Pickup,engine_type-pattern,5.3 (corr.),5.3 Flex-Fuel 4WD,DB-internal consistency (etype vs linked engine cc)
23421,Chevrolet,SILVERADO 1500 Standard Cab Pickup,engine_type-pattern,5.3 (corr.),5.3 V8 Vortec FlexFuel,DB-internal consistency (etype vs linked engine cc)
23422,Chevrolet,SILVERADO 1500 Standard Cab Pickup,engine_type-pattern,5.3 (corr.),5.3 Flex-Fuel 4WD,DB-internal consistency (etype vs linked engine cc)
23424,Chevrolet,SILVERADO 2500 Crew Cab Pickup,engine_type-pattern,6.6 (est.),6.6 V8 D LML HD,DB-internal consistency (etype vs linked engine cc)
23425,Chevrolet,SILVERADO 2500 Extended Cab Pickup,engine_type-pattern,6.6 (est.),6.6 V8 D LML HD,DB-internal consistency (etype vs linked engine cc)
23426,Chevrolet,SILVERADO 2500 HD Standard Cab Pickup,engine_type-pattern,6.6 (est.),6.6 V8 D LML HD,DB-internal consistency (etype vs linked engine cc)
23427,Chevrolet,SILVERADO 3500 HD Crew Cab Pickup,engine_type-pattern,6.6 (est.),6.6 V8 D LML HD,DB-internal consistency (etype vs linked engine cc)
23428,Chevrolet,SILVERADO 3500 HD Extended Cab Pickup,engine_type-pattern,6.6 (est.),6.6 V8 D LML HD,DB-internal consistency (etype vs linked engine cc)
23430,Chrysler,RAM 1500 Extended Crew Cab Pickup,engine_type-pattern,5.7 (corr.),5.7,DB-internal consistency (etype vs linked engine cc)
23432,Chrysler,RAM 2500 Extended Crew Cab Pickup,engine_type-spoof,3.6 FSI 4motion,6.7 I6 Cummins Turbo Diesel,DB-internal consistency (etype vs linked engine cc)
23433,Chrysler,RAM 2500 Standard Cab Pickup,engine_type-pattern,5.7 (corr.),5.7 R/T,DB-internal consistency (etype vs linked engine cc)
23434,Chrysler,RAM 3500 Cab & Chassis,engine_type-spoof,3.6 FSI 4motion,6.7 I6 Cummins Turbo Diesel,DB-internal consistency (etype vs linked engine cc)
23435,Chrysler,RAM 3500 Standard Cab Pickup,engine_type-pattern,5.7 (corr.),5.7 R/T,DB-internal consistency (etype vs linked engine cc)
23436,Chrysler,RAM 3500 Standard Cab Pickup,engine_type-pattern,3.6 FSI 4motion (corr.),6.7 I6 Cummins Turbo Diesel,DB-internal consistency (etype vs linked engine cc)
23437,Chevrolet,Camaro,engine_type-pattern,6.2 (corr.),NULL,DB-internal consistency (etype vs linked engine cc)
23448,Cadillac,Cts,engine_type-pattern,3.6 (corr.),NULL,DB-internal consistency (etype vs linked engine cc)
23449,Cadillac,CTS Coupe,engine_type-spoof,1.5 dCi (CN0E),NULL,DB-internal consistency (etype vs linked engine cc)
23450,Cadillac,CTS Coupe,engine_type-pattern,3.6 (corr.),NULL,DB-internal consistency (etype vs linked engine cc)
23451,Cadillac,CTS Sport Wagon,engine_type-pattern,3.6 (corr.),NULL,DB-internal consistency (etype vs linked engine cc)
23452,Chrysler,RAM 3500 Extended Crew Cab Pickup,engine_type-pattern,5.7 (corr.),5.7 R/T,DB-internal consistency (etype vs linked engine cc)
23453,Cadillac,SRX,engine_type-spoof,1.5 dCi (CN0E),NULL,DB-internal consistency (etype vs linked engine cc)
23454,Chrysler,RAM 3500 Extended Crew Cab Pickup,engine_type-spoof,3.6 FSI 4motion,6.7 I6 Cummins Turbo Diesel,DB-internal consistency (etype vs linked engine cc)
23464,Chrysler,RAM 3500 Extended Crew Cab Pickup,engine_type-pattern,3.6 FSI 4motion (corr.),6.7 I6 Cummins Turbo Diesel,DB-internal consistency (etype vs linked engine cc)
23465,BMW,X3 (E83),engine_type-pattern,523 i (corr.),523 i,DB-internal consistency (etype vs linked engine cc)
23468,GMC,SIERRA 2500 HD Extended Cab Pickup,engine_type-pattern,6.0 (corr.),6.0 V8 Vortec,DB-internal consistency (etype vs linked engine cc)
23469,Chrysler,Ram 4500 Cab & Chassis,engine_type-pattern,6.7 (est.),6.7 I6 Cummins Turbo Diesel,DB-internal consistency (etype vs linked engine cc)
23470,Chrysler,Ram 5500 Cab & Chassis,engine_type-spoof,3.6 FSI 4motion,6.7 I6 Cummins Turbo Diesel,DB-internal consistency (etype vs linked engine cc)
23471,Mitsubishi,ASX (GA_W_),engine_type-pattern,2.0 i (corr.),2.0 16v Mivec 2WD,DB-internal consistency (etype vs linked engine cc)
23474,Mitsubishi,LANCER SPORTBACK (CX_A),engine_type-pattern,2.0 (corr.),NULL,DB-internal consistency (etype vs linked engine cc)
23476,Lexus,"GS (GRL1_, GWL1_)",engine_type-pattern,3.5 (est.),NULL,DB-internal consistency (etype vs linked engine cc)
23478,Seat,IBIZA V (6J5),engine_type-pattern,1.6 (est.),1.6 16v TDI,DB-internal consistency (etype vs linked engine cc)
23479,Seat,IBIZA V SPORTCOUPE (6J1),engine_type-pattern,1.6 (est.),1.6 16v TDI,DB-internal consistency (etype vs linked engine cc)
23480,Mazda,2 (DE),engine_type-pattern,1.3 (corr.),1.4,DB-internal consistency (etype vs linked engine cc)
23481,Mercedes,E-CLASS (W212),engine_type-pattern,Glass (corr.),NULL,DB-internal consistency (etype vs linked engine cc)
23497,Mercedes,CLS (C219),engine_type-pattern,C 320 CDI (corr.),E 280 CDI (211.020),DB-internal consistency (etype vs linked engine cc)
23500,BMW,3 Coupe (E92),engine_type-pattern,4.4 (est.),NULL,DB-internal consistency (etype vs linked engine cc)
23508,Mercedes,S-CLASS (W221),engine_type-pattern,C 320 CDI (corr.),TRACKER,DB-internal consistency (etype vs linked engine cc)
23510,Suzuki,VITARA (ET),engine_type-pattern,2 (est.),NULL,DB-internal consistency (etype vs linked engine cc)
23512,Mercedes,B-CLASS (W245),engine_type-pattern,2 (est.),2.0 Diesel,DB-internal consistency (etype vs linked engine cc)
23516,Alfa Romeo,156 Sportwagon (932),engine_type-pattern,1.6 16V T.S. (corr.),1.6 16V T.SPARK. (932A4),DB-internal consistency (etype vs linked engine cc)
23518,Vauxhall,CORSA Mk III (D) (L_8),engine_type-spoof,2.7 TD,1.2 16v Eco,DB-internal consistency (etype vs linked engine cc)
23520,Vauxhall,CORSA Mk III (D) (L_8),engine_type-spoof,2.7 TD,1.2 TwinPort Ecotec,DB-internal consistency (etype vs linked engine cc)
23521,Vauxhall,CORSA Mk III (D) (L_8),engine_type-spoof,2.7 TD,1.2 16v Eco,DB-internal consistency (etype vs linked engine cc)
23528,Kia,cee'd,engine_type-spoof,1.4 Mirafiori,1.6 16v GDI,DB-internal consistency (etype vs linked engine cc)
23532,Isuzu,D-Max,engine_type-pattern,Repair radiator support plate *,NULL,DB-internal consistency (etype vs linked engine cc)
23540,Volvo,V40 Hatchback,engine_type-pattern,1.6 (corr.),212 D,DB-internal consistency (etype vs linked engine cc)
23541,Volvo,V40 Hatchback,engine_type-pattern,1.6 (corr.),T4,DB-internal consistency (etype vs linked engine cc)
23548,Ford,B-Max,engine_type-pattern,1 (est.),1.0 EcoBoost,DB-internal consistency (etype vs linked engine cc)
23549,Ford,B-Max,engine_type-pattern,1 (est.),NULL,DB-internal consistency (etype vs linked engine cc)
23550,Ford,B-Max,engine_type-pattern,1 (est.),1.0 EcoBoost,DB-internal consistency (etype vs linked engine cc)
23558,Opel,Mokka,engine_type-spoof,1000 Pickup,1.4 16v Turbo,DB-internal consistency (etype vs linked engine cc)
23564,BMW,3 Touring (F31),engine_type-pattern,320 d (corr.),116d 2000 D,DB-internal consistency (etype vs linked engine cc)
23569,Peugeot,4008,engine_type-pattern,1.6 HDi (corr.),1.6 HDi,DB-internal consistency (etype vs linked engine cc)
23570,Peugeot,4008,engine_type-pattern,1.6 HDi (corr.),1.6 HDi 110,DB-internal consistency (etype vs linked engine cc)
23572,Citroen,C4 AIRCROSS,engine_type-pattern,1.6 HDi (corr.),1.6 HDi 110,DB-internal consistency (etype vs linked engine cc)
23573,Citroen,C4 AIRCROSS,engine_type-pattern,1.8 (est.),1.8 16v DI-D 2WD,DB-internal consistency (etype vs linked engine cc)
23574,Volvo,V60,engine_type-pattern,Brake Caliper Paint (corr.),D5,DB-internal consistency (etype vs linked engine cc)
23575,Volvo,V60,engine_type-pattern,Brake Caliper Paint (corr.),NULL,DB-internal consistency (etype vs linked engine cc)
23576,Chrysler,DART,engine_type-pattern,1.4 (est.),NULL,DB-internal consistency (etype vs linked engine cc)
23581,Chrysler,CHARGER,engine_type-pattern,6.4 (est.),6.4 V8 16v HEMI SRT8 LC,DB-internal consistency (etype vs linked engine cc)
23584,Chrysler,CHALLENGER Coupe,engine_type-pattern,6.1 (est.),6.1 V8 16v HEMI SRT8 LC,DB-internal consistency (etype vs linked engine cc)
23596,Chrysler,YPSILON,engine_type-pattern,0.9 (est.),0.9 TwinAir (85),DB-internal consistency (etype vs linked engine cc)
23598,Chrysler,YPSILON,engine_type-pattern,1.2 (est.),1.3 JTDm (95),DB-internal consistency (etype vs linked engine cc)
23599,Chrysler,YPSILON,engine_type-pattern,1.2 (est.),1.3 16v D,DB-internal consistency (etype vs linked engine cc)
23604,Honda,CR-V IV (RE),engine_type-pattern,2.4 (corr.),NULL,DB-internal consistency (etype vs linked engine cc)
23605,Honda,CR-V IV (RE),engine_type-pattern,2.4 (corr.),NULL,DB-internal consistency (etype vs linked engine cc)
23609,BMW,X3 (F25),engine_type-pattern,528 i (corr.),NULL,DB-internal consistency (etype vs linked engine cc)
23610,BMW,"X6 (E71, E72)",engine_type-pattern,at Spring Eye (corr.),NULL,DB-internal consistency (etype vs linked engine cc)
23616,Infiniti,FX,engine_type-pattern,35 (corr.),EX35 3.5 V6 AWD Crossover,DB-internal consistency (etype vs linked engine cc)
23618,Vauxhall,Mokka,engine_type-spoof,1000 Pickup,1.4 16v Turbo,DB-internal consistency (etype vs linked engine cc)
23630,Honda,ODYSSEY (RB_),engine_type-pattern,2.4 (corr.),2.4 16v i-VTEC,DB-internal consistency (etype vs linked engine cc)
23631,Mercedes,A-CLASS (W176),engine_type-pattern,1.6 (est.),NULL,DB-internal consistency (etype vs linked engine cc)
23632,Mercedes,A-CLASS (W176),engine_type-pattern,1.6 (est.),NULL,DB-internal consistency (etype vs linked engine cc)
23633,Mercedes,A-CLASS (W176),engine_type-pattern,2 (est.),NULL,DB-internal consistency (etype vs linked engine cc)
23635,Mercedes,A-CLASS (W176),engine_type-pattern,1.5 (est.),NULL,DB-internal consistency (etype vs linked engine cc)
23636,Mercedes,A-CLASS (W176),engine_type-pattern,1.8 (est.),F50 Coupe (W16_),DB-internal consistency (etype vs linked engine cc)
23637,Mercedes,A-CLASS (W176),engine_type-pattern,1.8 (est.),F50 Coupe (W16_),DB-internal consistency (etype vs linked engine cc)
23641,Honda,ELYSION,engine_type-pattern,2.4 (corr.),for engines without EGR,DB-internal consistency (etype vs linked engine cc)
23642,Honda,ELYSION,engine_type-pattern,3.0 (corr.),BASSARA,DB-internal consistency (etype vs linked engine cc)
23643,Honda,ELYSION,engine_type-pattern,3.5 (corr.),NULL,DB-internal consistency (etype vs linked engine cc)
23649,BMW,"7 (F01, F02, F03, F04)",engine_type-pattern,at Spring Eye (corr.),NULL,DB-internal consistency (etype vs linked engine cc)
23651,Mitsubishi,"L 200 Platform/Chassis (KA_T, KB_T)",engine_type-pattern,"SUP Platform/Chassis (BJ2_, BJ6_)",2.4,DB-internal consistency (etype vs linked engine cc)
23653,BMW,"7 (F01, F02, F03, F04)",engine_type-pattern,730 d (corr.),NULL,DB-internal consistency (etype vs linked engine cc)
23655,BMW,"7 (F01, F02, F03, F04)",engine_type-pattern,3 (est.),NULL,DB-internal consistency (etype vs linked engine cc)
23660,Nissan,LAFESTA,engine_type-pattern,2.0 (corr.),2.0,DB-internal consistency (etype vs linked engine cc)
23664,Proton,Satria Neo,engine_type-pattern,1.6 (corr.),1.6,DB-internal consistency (etype vs linked engine cc)
23666,Mercedes,GLK-CLASS (X204),engine_type-pattern,C 320 CDI (corr.),NULL,DB-internal consistency (etype vs linked engine cc)
23690,Chevrolet,CRUZE (J300),engine_type-pattern,1.8 (corr.),1.8,DB-internal consistency (etype vs linked engine cc)
23691,Chevrolet,CRUZE (J300),engine_type-pattern,1.8 (corr.),1.8,DB-internal consistency (etype vs linked engine cc)
23693,Mitsubishi,LANCER Saloon (CY/Z_A),engine_type-pattern,1.8 (corr.),1.8,DB-internal consistency (etype vs linked engine cc)
23694,Mitsubishi,LANCER SPORTBACK (CX_A),engine_type-pattern,1.8 (corr.),1.8,DB-internal consistency (etype vs linked engine cc)
23695,Mitsubishi,LANCER SPORTBACK (CX_A),engine_type-pattern,1.5 (corr.),1.5 16v,DB-internal consistency (etype vs linked engine cc)
23696,Mitsubishi,LANCER Saloon (CY/Z_A),engine_type-pattern,1.5 (corr.),1.5 16v,DB-internal consistency (etype vs linked engine cc)
23697,Ford,RANGER (TKE),engine_type-pattern,2.5 (est.),NULL,DB-internal consistency (etype vs linked engine cc)
23698,Ford,RANGER (TKE),engine_type-pattern,2.5 (est.),NULL,DB-internal consistency (etype vs linked engine cc)
23699,Ford,RANGER (TKE),engine_type-pattern,2.5 (est.),NULL,DB-internal consistency (etype vs linked engine cc)
23713,BMW,1 (F20),engine_type-pattern,1.6 (est.),NULL,DB-internal consistency (etype vs linked engine cc)
23721,Toyota,"PREVIA III (ACR5_, GSR5_)",engine_type-pattern,2.4 Hybrid (corr.),NULL,DB-internal consistency (etype vs linked engine cc)
23722,Toyota,"PREVIA III (ACR5_, GSR5_)",engine_type-pattern,2.4 Hybrid (corr.),NULL,DB-internal consistency (etype vs linked engine cc)
23723,Renault,TWINGO I (C06_),engine_type-spoof,2.7 TD,NULL,DB-internal consistency (etype vs linked engine cc)
23724,Renault,TWINGO I (C06_),engine_type-spoof,2.7 TD,NULL,DB-internal consistency (etype vs linked engine cc)
23725,Volkswagen,TOURAN (1T3),engine_type-pattern,1.6 (est.),1.6 TDI (105),DB-internal consistency (etype vs linked engine cc)
23728,Ford,FOCUS III Turnier,engine_type-pattern,1.6 TDCi (corr.),NULL,DB-internal consistency (etype vs linked engine cc)
23729,Ford,C-MAX II,engine_type-pattern,1.6 Ti (corr.),1.6 Ti-VCT Flexifuel (120),DB-internal consistency (etype vs linked engine cc)
23730,Volkswagen,TOURAN (1T3),engine_type-pattern,1.4 TSI (corr.),1.4 16v TSI,DB-internal consistency (etype vs linked engine cc)
23731,Ford,FOCUS III,engine_type-pattern,1.6 TDCi (corr.),NULL,DB-internal consistency (etype vs linked engine cc)
23735,Ford,B-Max,engine_type-pattern,1.5 (est.),NULL,DB-internal consistency (etype vs linked engine cc)
23737,BMW,6 Coupe (F13),engine_type-pattern,Dismantle/assemble gear selector bearing/mounting body (removed),NULL,DB-internal consistency (etype vs linked engine cc)
23744,Hyundai,i40 (VF),engine_type-spoof,1.4 Mirafiori,1.6 16v GDI,DB-internal consistency (etype vs linked engine cc)
23746,Hyundai,i40 (VF),engine_type-spoof,3.0 -24 V6 CS/CSE,1.7 16v CRDi 115,DB-internal consistency (etype vs linked engine cc)
23751,Mercedes,"B-CLASS (W246, W242)",engine_type-pattern,2 (est.),NULL,DB-internal consistency (etype vs linked engine cc)
23752,Toyota,"SIENNA (ASL3_, GSL3_)",engine_type-pattern,3.5 (corr.),RX350 3.5 V6 VVT-i,DB-internal consistency (etype vs linked engine cc)
23756,Audi,A3 (8V1),engine_type-pattern,1.6 (est.),1.6 TDI (105),DB-internal consistency (etype vs linked engine cc)
23774,Chevrolet,OPTRA Hatchback,engine_type-pattern,1.8 (corr.),1.8,DB-internal consistency (etype vs linked engine cc)
23779,Lada,GRANTA (2190),engine_type-spoof,1.6,1.3,DB-internal consistency (etype vs linked engine cc)
23786,BMW,1 Convertible (E88),engine_type-pattern,320 i (corr.),320 i,DB-internal consistency (etype vs linked engine cc)
23787,BMW,1 Convertible (E88),engine_type-pattern,320 i (corr.),318 i,DB-internal consistency (etype vs linked engine cc)
23788,BMW,1 Convertible (E88),engine_type-pattern,at Spring Eye (corr.),NULL,DB-internal consistency (etype vs linked engine cc)
23791,Hyundai,ACCENT IV Saloon (RB),engine_type-pattern,1.4 (est.),1.4 16v CRDi,DB-internal consistency (etype vs linked engine cc)
23794,BMW,1 Convertible (E88),engine_type-pattern,320 d (corr.),116d 2000 D,DB-internal consistency (etype vs linked engine cc)
23801,Kia,Cadenza,engine_type-pattern,2.7 (corr.),NULL,DB-internal consistency (etype vs linked engine cc)
23802,Kia,Cadenza,engine_type-pattern,3 (est.),NULL,DB-internal consistency (etype vs linked engine cc)
23803,Kia,Cadenza,engine_type-pattern,3 (est.),3.0 V6 GDI Lambda II,DB-internal consistency (etype vs linked engine cc)
23804,Kia,Cadenza,engine_type-pattern,3.3 (est.),3.3 V6 GDI Lambda II,DB-internal consistency (etype vs linked engine cc)
23805,Kia,Cadenza,engine_type-pattern,3.5 (est.),3.3 V6 GDI Lambda II,DB-internal consistency (etype vs linked engine cc)
23806,Isuzu,KB,engine_type-pattern,3 (est.),NLR 3.0 TD,DB-internal consistency (etype vs linked engine cc)
23808,Mercedes,A-CLASS (W176),engine_type-pattern,2.1 (est.),NULL,DB-internal consistency (etype vs linked engine cc)
23809,Hyundai,i30 (GD),engine_type-spoof,1.4 Mirafiori,1.6 16v,DB-internal consistency (etype vs linked engine cc)
23821,Mercedes,E-CLASS (W212),engine_type-pattern,350 (corr.),NULL,DB-internal consistency (etype vs linked engine cc)
23823,Mercedes,E-CLASS (W212),engine_type-pattern,2.1 (est.),NULL,DB-internal consistency (etype vs linked engine cc)
23824,Opel,ASTRA G Saloon (F69_),engine_type-pattern,1.6 (corr.),1.6 16v,DB-internal consistency (etype vs linked engine cc)
23825,Opel,"ASTRA G Hatchback (F48_, F08_)",engine_type-pattern,1.6 (corr.),1.6 16v,DB-internal consistency (etype vs linked engine cc)
23826,Jeep,CHEROKEE (KK),engine_type-pattern,2.8 (est.),2.8 CRD,DB-internal consistency (etype vs linked engine cc)
23831,BMW,1 (E81),engine_type-pattern,320 i (corr.),318 i,DB-internal consistency (etype vs linked engine cc)
23832,BMW,1 (E81),engine_type-pattern,320 i (corr.),318 i,DB-internal consistency (etype vs linked engine cc)
23833,Toyota,"LAND CRUISER (PZJ7_, KZJ7_, HZJ7_, BJ7_, LJ7_, RJ7_)",engine_type-pattern,4.2 TD (corr.),NULL,DB-internal consistency (etype vs linked engine cc)
23837,BMW,X5 (E70),engine_type-pattern,3.0 d (corr.),NULL,DB-internal consistency (etype vs linked engine cc)
23838,BMW,"X6 (E71, E72)",engine_type-pattern,530 d (corr.),NULL,DB-internal consistency (etype vs linked engine cc)
23839,Renault,MEGANE I (BA0/1_),engine_type-pattern,1.6 (corr.),NULL,DB-internal consistency (etype vs linked engine cc)
23851,Lexus,RX (MCU15),engine_type-pattern,3.0 (corr.),3.0 V6 24v DOHC VVT-i,DB-internal consistency (etype vs linked engine cc)
23852,Mitsubishi,SPACE STAR Hatchback (A0_A),engine_type-pattern,1 (est.),NULL,DB-internal consistency (etype vs linked engine cc)
23853,BMW,"3 (F30, F35, F80)",engine_type-pattern,528 i (corr.),NULL,DB-internal consistency (etype vs linked engine cc)
23854,Mitsubishi,SPACE STAR Hatchback (A0_A),engine_type-pattern,1.2 (est.),NULL,DB-internal consistency (etype vs linked engine cc)
23863,Kia,RIO III (UB),engine_type-spoof,2.6 Di,1.2 16v,DB-internal consistency (etype vs linked engine cc)
23865,Ferrari,360 (F131),engine_type-pattern,3.6 (est.),NULL,DB-internal consistency (etype vs linked engine cc)
23869,Audi,Q5 (8R),engine_type-pattern,3.0 TDI quattro (corr.),3.0 TDI (313) Quattro Tiptronic,DB-internal consistency (etype vs linked engine cc)
23878,Volkswagen,"GOLF VII (5G1, BE1)",engine_type-pattern,1.2 (est.),1.2 16v TSI,DB-internal consistency (etype vs linked engine cc)
23879,Volkswagen,"GOLF VII (5G1, BE1)",engine_type-pattern,1.2 (est.),NULL,DB-internal consistency (etype vs linked engine cc)
23882,Volkswagen,"GOLF VII (5G1, BE1)",engine_type-pattern,1.6 (est.),1.6 TDI (105),DB-internal consistency (etype vs linked engine cc)
23887,Mercedes,C-CLASS T-Model (S204),engine_type-pattern,C 320 CDI (corr.),IDEA,DB-internal consistency (etype vs linked engine cc)
23889,Skoda,RAPID (NH3),engine_type-pattern,1.2 (est.),1.2 TFSI,DB-internal consistency (etype vs linked engine cc)
23890,Skoda,RAPID (NH3),engine_type-pattern,1.2 (est.),1.2 TFSI,DB-internal consistency (etype vs linked engine cc)
23892,Skoda,RAPID (NH3),engine_type-pattern,Repair rear seat bench * (corr.),1.6 TDI (105),DB-internal consistency (etype vs linked engine cc)
23893,Skoda,RAPID (NH3),engine_type-pattern,Repair rear seat bench * (corr.),1.6 16v TDI,DB-internal consistency (etype vs linked engine cc)
23894,Mini,MINI COUNTRYMAN (R60),engine_type-pattern,6.5 D AWD (corr.),Cooper S,DB-internal consistency (etype vs linked engine cc)
23899,Maybach,MAYBACH (240_),engine_type-pattern,6 (est.),NULL,DB-internal consistency (etype vs linked engine cc)
23903,Subaru,IMPREZA Saloon (GR),engine_type-pattern,WINSTORM (corr.),2.5 Turbo WRX Sti,DB-internal consistency (etype vs linked engine cc)
23911,Volkswagen,"JETTA IV (162, 163)",engine_type-pattern,1.4 (est.),NULL,DB-internal consistency (etype vs linked engine cc)
23912,Volkswagen,"JETTA IV (162, 163)",engine_type-pattern,1.4 (est.),1.4 16v TSI Hybrid,DB-internal consistency (etype vs linked engine cc)
23913,Peugeot,508,engine_type-pattern,2.0 HDi (corr.),NULL,DB-internal consistency (etype vs linked engine cc)
23914,Citroen,BERLINGO (B9),engine_type-pattern,1.6 HDi 110 (corr.),1.6 HDI,DB-internal consistency (etype vs linked engine cc)
23915,Citroen,BERLINGO Box (B9),engine_type-pattern,1.6 HDi 110 (corr.),1.6 HDi 110,DB-internal consistency (etype vs linked engine cc)
23916,Citroen,C3 Picasso,engine_type-pattern,218 TD (corr.),218 TD,DB-internal consistency (etype vs linked engine cc)
23917,Citroen,C3 Picasso,engine_type-pattern,218 TD (corr.),218 TD,DB-internal consistency (etype vs linked engine cc)
23918,Citroen,C5 III (RD_),engine_type-pattern,1.6 HDi (corr.),1.6 HDI,DB-internal consistency (etype vs linked engine cc)
23919,Citroen,C5 III Break (TD_),engine_type-pattern,1.6 HDi (corr.),1.6 HDI,DB-internal consistency (etype vs linked engine cc)
23920,Fiat,PUNTO / GRANDE PUNTO (199),engine_type-spoof,2.7 TD,1.2 8v,DB-internal consistency (etype vs linked engine cc)
23923,Mitsubishi,"OUTLANDER III (GG_W, GF_W)",engine_type-pattern,2.4 (est.),NULL,DB-internal consistency (etype vs linked engine cc)
23925,Mitsubishi,"OUTLANDER III (GG_W, GF_W)",engine_type-pattern,2.3 (est.),2.2 16v DI-D 4WD Automatic,DB-internal consistency (etype vs linked engine cc)
23926,Chevrolet,SILVERADO 2500 Cab & Chassis,engine_type-pattern,6.0 (corr.),NULL,DB-internal consistency (etype vs linked engine cc)
23928,Chevrolet,SILVERADO 2500 HD Crew Cab Pickup,engine_type-pattern,5.3 (corr.),5.3 Flex-Fuel,DB-internal consistency (etype vs linked engine cc)
23929,Chevrolet,SILVERADO 2500 Extended Cab Pickup,engine_type-pattern,5.3 (corr.),5.3 Flex-Fuel,DB-internal consistency (etype vs linked engine cc)
23932,Chevrolet,SILVERADO 2500 HD Standard Cab Pickup,engine_type-pattern,6.0 (corr.),NULL,DB-internal consistency (etype vs linked engine cc)
23935,Chevrolet,SILVERADO 3500 HD Crew Cab Pickup,engine_type-spoof,1.3 VVTi,6.0 V8 Vortec,DB-internal consistency (etype vs linked engine cc)
23944,Vauxhall,INSIGNIA Estate,engine_type-spoof,3.8 Carrera,1.4 16v Turbo,DB-internal consistency (etype vs linked engine cc)
23945,Vauxhall,INSIGNIA Saloon,engine_type-spoof,3.8 Carrera,1.4 16v Turbo,DB-internal consistency (etype vs linked engine cc)
23946,Vauxhall,Insignia,engine_type-spoof,3.8 Carrera,1.4 16v Turbo,DB-internal consistency (etype vs linked engine cc)
23947,Iveco,DAILY V Platform/Chassis,engine_type-pattern,2.3 (est.),NULL,DB-internal consistency (etype vs linked engine cc)
23948,Iveco,DAILY V Platform/Chassis,engine_type-pattern,2.3 (est.),NULL,DB-internal consistency (etype vs linked engine cc)
23950,GMC,SIERRA 2500 HD Cab & Chassis,engine_type-pattern,6.0 (corr.),NULL,DB-internal consistency (etype vs linked engine cc)
23951,GMC,SIERRA 2500 HD Crew Cab Pickup,engine_type-pattern,1.3 VVTi (corr.),NULL,DB-internal consistency (etype vs linked engine cc)
23952,GMC,SIERRA 2500 HD Extended Cab Pickup,engine_type-pattern,6.0 (corr.),NULL,DB-internal consistency (etype vs linked engine cc)
23953,GMC,SIERRA 2500 HD Standard Cab Pickup,engine_type-pattern,6.0 (corr.),NULL,DB-internal consistency (etype vs linked engine cc)
23954,GMC,SIERRA 1500 Crew Cab Pickup,engine_type-pattern,5.3 (corr.),5.3 Flex-Fuel 4WD,DB-internal consistency (etype vs linked engine cc)
23955,GMC,SIERRA 1500 Extended Cab Pickup,engine_type-pattern,5.3 (corr.),5.3 Flex-Fuel 4WD,DB-internal consistency (etype vs linked engine cc)
23956,GMC,SIERRA 1500 Standard Cab Pickup,engine_type-pattern,5.3 (corr.),5.3 Flex-Fuel 4WD,DB-internal consistency (etype vs linked engine cc)
23957,Iveco,DAILY V Platform/Chassis,engine_type-pattern,1.6 e (corr.),NULL,DB-internal consistency (etype vs linked engine cc)
23958,Iveco,DAILY V Platform/Chassis,engine_type-pattern,1.6 e (corr.),NULL,DB-internal consistency (etype vs linked engine cc)
23959,Iveco,DAILY V Platform/Chassis,engine_type-pattern,1.6 e (corr.),NULL,DB-internal consistency (etype vs linked engine cc)
23960,Iveco,DAILY V Platform/Chassis,engine_type-pattern,1.6 e (corr.),NULL,DB-internal consistency (etype vs linked engine cc)
23965,Ford,FUSION (JU_),engine_type-spoof,3.8 Carrera,NULL,DB-internal consistency (etype vs linked engine cc)
23966,Iveco,DAILY V Platform/Chassis,engine_type-pattern,1.6 e (corr.),NULL,DB-internal consistency (etype vs linked engine cc)
23967,Hyundai,ACCENT IV Saloon (RB),engine_type-spoof,1.4 Mirafiori,1.6 16v GDI,DB-internal consistency (etype vs linked engine cc)
23968,Iveco,DAILY V Box Body / Estate,engine_type-pattern,1.6 e (corr.),NULL,DB-internal consistency (etype vs linked engine cc)
23972,BMW,1 (F20),engine_type-pattern,at Spring Eye (corr.),NULL,DB-internal consistency (etype vs linked engine cc)
23973,BMW,1 (F20),engine_type-pattern,at Spring Eye (corr.),NULL,DB-internal consistency (etype vs linked engine cc)
23974,Hyundai,VELOSTER (FS),engine_type-pattern,1.4 Mirafiori (corr.),1.6 16v Turbo,DB-internal consistency (etype vs linked engine cc)
23976,Mercedes,S-CLASS (W221),engine_type-pattern,300 SL (corr.),NULL,DB-internal consistency (etype vs linked engine cc)
23979,Mercedes,S-CLASS (W221),engine_type-pattern,C 320 CDI (corr.),NULL,DB-internal consistency (etype vs linked engine cc)
23984,Land Rover,DISCOVERY IV (LA),engine_type-pattern,3 (est.),NULL,DB-internal consistency (etype vs linked engine cc)
23985,Ford,C-MAX II,engine_type-pattern,1 (est.),1.0 EcoBoost,DB-internal consistency (etype vs linked engine cc)
23986,Ford,Grand C-MAX,engine_type-pattern,1 (est.),1.0 EcoBoost,DB-internal consistency (etype vs linked engine cc)
23988,Ford,C-MAX II,engine_type-pattern,1 (est.),1.0 EcoBoost,DB-internal consistency (etype vs linked engine cc)
23989,Ford,Grand C-MAX,engine_type-pattern,1 (est.),1.0 EcoBoost,DB-internal consistency (etype vs linked engine cc)
23990,Land Rover,RANGE ROVER IV (LG),engine_type-pattern,3 (est.),NULL,DB-internal consistency (etype vs linked engine cc)
23991,Honda,CR-V IV (RE),engine_type-pattern,2.0 (corr.),2.0,DB-internal consistency (etype vs linked engine cc)
23992,Land Rover,RANGE ROVER SPORT (LS),engine_type-pattern,3 (est.),NULL,DB-internal consistency (etype vs linked engine cc)
23994,BMW,6 Convertible (F12),engine_type-pattern,Dismantle/assemble gear selector bearing/mounting body (corr.),NULL,DB-internal consistency (etype vs linked engine cc)
23995,BMW,6 Convertible (F12),engine_type-pattern,Dismantle/assemble gear selector bearing/mounting body (corr.),NULL,DB-internal consistency (etype vs linked engine cc)
23999,Land Rover,RANGE ROVER IV (LG),engine_type-pattern,3 (est.),NULL,DB-internal consistency (etype vs linked engine cc)
24001,Seat,LEON (5F1),engine_type-pattern,1.6 (est.),1.6 TDI (105),DB-internal consistency (etype vs linked engine cc)
24002,Seat,LEON (5F1),engine_type-pattern,1.6 (est.),1.6 16v TDI,DB-internal consistency (etype vs linked engine cc)
24005,Iveco,DAILY V Dumptruck,engine_type-pattern,1.6 e (corr.),NULL,DB-internal consistency (etype vs linked engine cc)
24006,Iveco,DAILY V Dumptruck,engine_type-pattern,1.6 e (corr.),NULL,DB-internal consistency (etype vs linked engine cc)
24007,Iveco,DAILY V Dumptruck,engine_type-pattern,2.3 (est.),NULL,DB-internal consistency (etype vs linked engine cc)
24008,Volkswagen,BEETLE Convertible (5C7),engine_type-pattern,1.2 (est.),1.2 TFSI,DB-internal consistency (etype vs linked engine cc)
24013,Volkswagen,BEETLE Convertible (5C7),engine_type-pattern,1.6 (est.),1.6 TDI (105),DB-internal consistency (etype vs linked engine cc)
24014,Opel,INSIGNIA Estate,engine_type-spoof,3.8 Carrera,1.4 16v Turbo,DB-internal consistency (etype vs linked engine cc)
24015,Opel,Insignia,engine_type-spoof,3.8 Carrera,1.4 16v Turbo,DB-internal consistency (etype vs linked engine cc)
24016,Opel,INSIGNIA Saloon,engine_type-spoof,3.8 Carrera,1.4 16v Turbo,DB-internal consistency (etype vs linked engine cc)
24023,Iveco,DAILY V Dumptruck,engine_type-pattern,2.3 (est.),NULL,DB-internal consistency (etype vs linked engine cc)
24029,Hyundai,i30 CW (GD),engine_type-spoof,1.4 Mirafiori,1.6 16v GDI,DB-internal consistency (etype vs linked engine cc)
24030,Hyundai,i30 CW (GD),engine_type-pattern,1.4 (est.),1.4 16v CRDi,DB-internal consistency (etype vs linked engine cc)
24035,BMW,X3 (F25),engine_type-pattern,320 d (corr.),116d 2000 D,DB-internal consistency (etype vs linked engine cc)
24036,BMW,X3 (F25),engine_type-pattern,320 d (corr.),116d 2000 D,DB-internal consistency (etype vs linked engine cc)
24038,Iveco,DAILY V Dumptruck,engine_type-pattern,1.6 e (corr.),NULL,DB-internal consistency (etype vs linked engine cc)
24042,Kia,CEE`D Sportswagon,engine_type-spoof,1.4 Mirafiori,1.6 16v GDI,DB-internal consistency (etype vs linked engine cc)
24043,Kia,CEE`D Sportswagon,engine_type-pattern,1.4 (est.),1.4 16v CRDi,DB-internal consistency (etype vs linked engine cc)
24046,Kia,PRO CEE´D,engine_type-spoof,1.4 Mirafiori,1.6 16v GDI,DB-internal consistency (etype vs linked engine cc)
24048,Kia,PRO CEE´D,engine_type-pattern,1.4 (est.),1.4 16v CRDi,DB-internal consistency (etype vs linked engine cc)
24050,Opel,ASTRA J Sports Tourer,engine_type-pattern,1.6 (corr.),1.6 16v,DB-internal consistency (etype vs linked engine cc)
24051,Opel,ZAFIRA TOURER C (P12),engine_type-pattern,1.8 (corr.),1.8 16v,DB-internal consistency (etype vs linked engine cc)
24054,McLaren,MP4 SPIDER,engine_type-pattern,3.8 (corr.),3.8 V8 32v Turbo,DB-internal consistency (etype vs linked engine cc)
24056,Porsche,Cayenne,engine_type-pattern,4.1 (est.),4.2 V8 TDI 8AT,DB-internal consistency (etype vs linked engine cc)
24058,Luxgen,7 Closed Off-Road Vehicle,engine_type-pattern,2.2 (est.),NULL,DB-internal consistency (etype vs linked engine cc)
24059,Nissan,TIIDA Hatchback (C12),engine_type-pattern,1.6 (est.),NULL,DB-internal consistency (etype vs linked engine cc)
24071,Chevrolet,AVALANCHE Crew Cab Pickup,engine_type-spoof,2.2 S2,5.3 V8 Vortec FlexFuel,DB-internal consistency (etype vs linked engine cc)
24072,Chevrolet,AVALANCHE Crew Cab Pickup,engine_type-spoof,2.2 S2,5.3 Flex-Fuel 4WD,DB-internal consistency (etype vs linked engine cc)
24073,Chevrolet,TAHOE (GMT900),engine_type-spoof,2.2 S2,5.3 V8 Vortec FlexFuel,DB-internal consistency (etype vs linked engine cc)
24074,Chevrolet,TAHOE (GMT900),engine_type-spoof,2.2 S2,5.3 Flex-Fuel 4WD,DB-internal consistency (etype vs linked engine cc)
24075,Volvo,S60 II,engine_type-pattern,3 (est.),NULL,DB-internal consistency (etype vs linked engine cc)
24076,Volvo,S60 II,engine_type-pattern,3 (est.),NULL,DB-internal consistency (etype vs linked engine cc)
24084,Chevrolet,Trax,engine_type-pattern,1.4 (est.),1.4 Turbo,DB-internal consistency (etype vs linked engine cc)
24090,Dacia,LOGAN II,engine_type-spoof,2.7 TD,NULL,DB-internal consistency (etype vs linked engine cc)
24092,Mitsubishi,"PAJERO III (V7_W, V6_W)",engine_type-pattern,"Spacer Ring, torsion bar",3.2 V6 TD,DB-internal consistency (etype vs linked engine cc)
24093,Mitsubishi,"PAJERO III (V7_W, V6_W)",engine_type-pattern,"Spacer Ring, torsion bar",3.2 V6 TD,DB-internal consistency (etype vs linked engine cc)
24095,Mazda,"CX-5 (KE, GH)",engine_type-pattern,2.0 (corr.),2.0,DB-internal consistency (etype vs linked engine cc)
24096,Honda,CR-V III (RE),engine_type-pattern,SX4 Hatchback (corr.),2.4 Petrol,DB-internal consistency (etype vs linked engine cc)
24100,Audi,A5 Convertible (8F7),engine_type-pattern,4.2 FSI quattro (corr.),4.2 V8 32v FSI,DB-internal consistency (etype vs linked engine cc)
24103,Mercedes,CLS Shooting Brake (X218),engine_type-pattern,350 (corr.),NULL,DB-internal consistency (etype vs linked engine cc)
24104,Mercedes,CLS Shooting Brake (X218),engine_type-pattern,4.7 (est.),NULL,DB-internal consistency (etype vs linked engine cc)
24105,Mercedes,CLS Shooting Brake (X218),engine_type-pattern,GAZELLE (corr.),NULL,DB-internal consistency (etype vs linked engine cc)
24106,Mercedes,CLS Shooting Brake (X218),engine_type-pattern,2.1 (est.),NULL,DB-internal consistency (etype vs linked engine cc)
24107,Mercedes,CLS Shooting Brake (X218),engine_type-pattern,C 320 CDI (corr.),NULL,DB-internal consistency (etype vs linked engine cc)
24108,Mercedes,CLS Shooting Brake (X218),engine_type-pattern,C 320 CDI (corr.),NULL,DB-internal consistency (etype vs linked engine cc)
24109,BMW,X1 (E84),engine_type-pattern,Balance road wheel (corr.),NULL,DB-internal consistency (etype vs linked engine cc)
24110,Jeep,"GRAND CHEROKEE III (WH, WK)",engine_type-pattern,3.7 (est.),NULL,DB-internal consistency (etype vs linked engine cc)
24111,Mercedes,"B-CLASS (W246, W242)",engine_type-pattern,2 (est.),NULL,DB-internal consistency (etype vs linked engine cc)
24114,BMW,"7 (F01, F02, F03, F04)",engine_type-pattern,Dismantle/assemble gear selector bearing/mounting body (corr.),NULL,DB-internal consistency (etype vs linked engine cc)
24117,Renault,CLIO IV,engine_type-pattern,1.5 dCi (corr.),NULL,DB-internal consistency (etype vs linked engine cc)
24118,Renault,CLIO IV,engine_type-pattern,1.5 dCi (corr.),1.5 dCi,DB-internal consistency (etype vs linked engine cc)
24119,Mercedes,C-CLASS T-Model (S204),engine_type-pattern,C 180 Kompressor (corr.),LEMANS,DB-internal consistency (etype vs linked engine cc)
24120,Mercedes,C-CLASS T-Model (S204),engine_type-pattern,C 180 Kompressor (corr.),NULL,DB-internal consistency (etype vs linked engine cc)
24123,Mercedes,C-CLASS Coupe (C204),engine_type-pattern,C 180 Kompressor (corr.),NULL,DB-internal consistency (etype vs linked engine cc)
24124,Mercedes,"B-CLASS (W246, W242)",engine_type-pattern,2.1 (est.),NULL,DB-internal consistency (etype vs linked engine cc)
24125,Opel,ZAFIRA TOURER C (P12),engine_type-pattern,2.0 CDTi (corr.),2.0 BiTurbo CDTI,DB-internal consistency (etype vs linked engine cc)
24126,Renault,MEGANE III Coupe (DZ0/1_),engine_type-pattern,2.0 16V (corr.),NULL,DB-internal consistency (etype vs linked engine cc)
24128,BMW,5 Gran Turismo (F07),engine_type-pattern,Dismantle/assemble gear selector bearing/mounting body (corr.),NULL,DB-internal consistency (etype vs linked engine cc)
24131,Mercedes,SPRINTER 3-t Bus (906),engine_type-pattern,2.1 (est.),NULL,DB-internal consistency (etype vs linked engine cc)
24132,Mercedes,SPRINTER 3-t Bus (906),engine_type-pattern,2.1 (est.),NULL,DB-internal consistency (etype vs linked engine cc)
24133,Mercedes,SPRINTER 3-t Bus (906),engine_type-pattern,2.1 (est.),without tensioner pulley damper,DB-internal consistency (etype vs linked engine cc)
24134,Mercedes,SPRINTER 3-t Bus (906),engine_type-pattern,2.1 (est.),NULL,DB-internal consistency (etype vs linked engine cc)
24135,Mercedes,SPRINTER 5-t Box (906),engine_type-pattern,2.1 (est.),without tensioner pulley damper,DB-internal consistency (etype vs linked engine cc)
24136,Mercedes,SPRINTER 5-t Box (906),engine_type-pattern,2.1 (est.),NULL,DB-internal consistency (etype vs linked engine cc)
24137,Mercedes,SPRINTER 5-t Box (906),engine_type-pattern,2.1 (est.),NULL,DB-internal consistency (etype vs linked engine cc)
24138,Ford,FOCUS III,engine_type-pattern,2.0 (corr.),NULL,DB-internal consistency (etype vs linked engine cc)
24140,Mercedes,CITAN Box (415),engine_type-pattern,1.5 (est.),NULL,DB-internal consistency (etype vs linked engine cc)
24141,Mercedes,CITAN Box (415),engine_type-pattern,1.5 (est.),NULL,DB-internal consistency (etype vs linked engine cc)
24143,Mercedes,CITAN Combi (415),engine_type-pattern,1.5 (est.),NULL,DB-internal consistency (etype vs linked engine cc)
24144,Mercedes,CITAN Combi (415),engine_type-pattern,1.5 (est.),NULL,DB-internal consistency (etype vs linked engine cc)
24147,Mercedes,SPRINTER 5-t Platform/Chassis (906),engine_type-pattern,2.1 (est.),NULL,DB-internal consistency (etype vs linked engine cc)
24148,Mercedes,SPRINTER 5-t Platform/Chassis (906),engine_type-pattern,2.1 (est.),NULL,DB-internal consistency (etype vs linked engine cc)
24149,Mercedes,SPRINTER 3-t Box (906),engine_type-pattern,2.1 (est.),NULL,DB-internal consistency (etype vs linked engine cc)
24150,Mercedes,SPRINTER 3-t Box (906),engine_type-pattern,2.1 (est.),NULL,DB-internal consistency (etype vs linked engine cc)
24153,Chevrolet,AVEO Hatchback (T300),engine_type-spoof,2.7 TD,1.2 16v Eco,DB-internal consistency (etype vs linked engine cc)
24154,Chevrolet,AVEO Saloon (T300),engine_type-spoof,2.7 TD,1.2 16v Eco,DB-internal consistency (etype vs linked engine cc)
24155,Chevrolet,"AVEO Saloon (T250, T255)",engine_type-spoof,2.7 TD,1.2 16v,DB-internal consistency (etype vs linked engine cc)
24156,Chevrolet,"AVEO Saloon (T250, T255)",engine_type-spoof,2.7 TD,1.2,DB-internal consistency (etype vs linked engine cc)
24157,Opel,ASTRA GTC J,engine_type-pattern,2.0 CDTI (corr.),2.0 BiTurbo CDTI,DB-internal consistency (etype vs linked engine cc)
24158,Opel,Astra J,engine_type-pattern,2.0 CDTI (corr.),2.0 BiTurbo CDTI,DB-internal consistency (etype vs linked engine cc)
24159,Renault,SCÉNIC III (JZ0/1_),engine_type-pattern,1.2 (est.),NULL,DB-internal consistency (etype vs linked engine cc)
24160,Renault,GRAND SCÉNIC III (JZ0/1_),engine_type-pattern,1.2 (est.),NULL,DB-internal consistency (etype vs linked engine cc)
24161,Opel,ASTRA J Sports Tourer,engine_type-pattern,2.0 CDTI (corr.),2.0 BiTurbo CDTI,DB-internal consistency (etype vs linked engine cc)
24166,Dacia,Dokker,engine_type-pattern,1.2 (est.),NULL,DB-internal consistency (etype vs linked engine cc)
24168,Cadillac,SRX,engine_type-pattern,3.6 (corr.),NULL,DB-internal consistency (etype vs linked engine cc)
24169,Citroen,C-ELYSEE,engine_type-pattern,1.6 HDi (corr.),1.6 HDI,DB-internal consistency (etype vs linked engine cc)
24170,Citroen,C-ELYSEE,engine_type-pattern,1.6 HDi (corr.),1.6 HDI,DB-internal consistency (etype vs linked engine cc)
24171,Citroen,C-ELYSEE,engine_type-pattern,1.6 16V (corr.),NULL,DB-internal consistency (etype vs linked engine cc)
24176,Seat,IBIZA V (6J5),engine_type-pattern,1.2 (est.),1.2 TFSI,DB-internal consistency (etype vs linked engine cc)
24177,Seat,IBIZA V ST (6J8),engine_type-pattern,1.2 (est.),1.2 TFSI,DB-internal consistency (etype vs linked engine cc)
24180,Audi,A3 Sportback (8VA),engine_type-pattern,1.6 (est.),1.6 TDI (105),DB-internal consistency (etype vs linked engine cc)
24181,Opel,ZAFIRA TOURER C (P12),engine_type-pattern,1.6 (corr.),1.6 Turbo ecoFlex,DB-internal consistency (etype vs linked engine cc)
24182,Opel,Astra J,engine_type-pattern,1.6 (corr.),1.6 Turbo ecoFlex,DB-internal consistency (etype vs linked engine cc)
24183,Audi,A3 (8V1),engine_type-spoof,S6 4.2 quattro,1.2 TFSI (105),DB-internal consistency (etype vs linked engine cc)
24184,Opel,ASTRA GTC J,engine_type-pattern,1.6 (corr.),1.6 Turbo ecoFlex,DB-internal consistency (etype vs linked engine cc)
24185,Opel,ASTRA J Saloon,engine_type-pattern,1.6 (corr.),1.6 Turbo ecoFlex,DB-internal consistency (etype vs linked engine cc)
24186,Opel,ASTRA J Sports Tourer,engine_type-pattern,1.6 (corr.),1.6 Turbo ecoFlex,DB-internal consistency (etype vs linked engine cc)
24190,Dacia,Lodgy,engine_type-pattern,1.2 (est.),NULL,DB-internal consistency (etype vs linked engine cc)
24194,Dacia,LOGAN (LS_),engine_type-pattern,1.6 16V (corr.),NULL,DB-internal consistency (etype vs linked engine cc)
24195,Renault,Duster,engine_type-pattern,1.6 (corr.),NULL,DB-internal consistency (etype vs linked engine cc)
24196,Renault,Duster,engine_type-pattern,1.6 (corr.),1.3,DB-internal consistency (etype vs linked engine cc)
24197,Fiat,DUCATO Box (250),engine_type-pattern,3.0 TDCi 4x4 (corr.),3.0 Mjet,DB-internal consistency (etype vs linked engine cc)
24199,Fiat,DUCATO Platform/Chassis (250),engine_type-pattern,3.0 TDCi 4x4 (corr.),3.0 Mjet,DB-internal consistency (etype vs linked engine cc)
24203,Renault,CLIO Grandtour IV,engine_type-pattern,1.5 dCi (corr.),1.5 dCi,DB-internal consistency (etype vs linked engine cc)
24204,Renault,CLIO Grandtour IV,engine_type-pattern,1.5 dCi (corr.),NULL,DB-internal consistency (etype vs linked engine cc)
24206,Volkswagen,"GOLF VII (5G1, BE1)",engine_type-pattern,1.2 (est.),1.2 TFSI (105),DB-internal consistency (etype vs linked engine cc)
24212,Volkswagen,"GOLF VII (5G1, BE1)",engine_type-spoof,6.7 Turbo R,1.4 TSI,DB-internal consistency (etype vs linked engine cc)
24214,BMW,1 (F20),engine_type-pattern,1.6 (est.),NULL,DB-internal consistency (etype vs linked engine cc)
24216,BMW,1 (F20),engine_type-pattern,320 d (corr.),116d 2000 D,DB-internal consistency (etype vs linked engine cc)
24217,Kia,Optima,engine_type-pattern,2 (est.),NULL,DB-internal consistency (etype vs linked engine cc)
24218,Kia,Optima,engine_type-pattern,2 (est.),2.0 16v,DB-internal consistency (etype vs linked engine cc)
24219,Mitsubishi,"L 200 Platform/Chassis (KA_T, KB_T)",engine_type-pattern,2.5 TD (corr.),2.5 DI-D,DB-internal consistency (etype vs linked engine cc)
24222,Jaguar,"XF (_J05_, CC9)",engine_type-pattern,Incoming inspection - dialog acceptance (corr.),5.0 V8,DB-internal consistency (etype vs linked engine cc)
24225,Kia,cee'd,engine_type-pattern,100 Super 1.6 (corr.),1.6 16v CRDi VGT,DB-internal consistency (etype vs linked engine cc)
24234,Suzuki,KIZASHI (FR),engine_type-pattern,2.4 (corr.),2.4 VVT,DB-internal consistency (etype vs linked engine cc)
24246,Suzuki,Splash,engine_type-pattern,1.2 (corr.),1.2 ecoFLEX,DB-internal consistency (etype vs linked engine cc)
24248,Mitsubishi,SPACE STAR Hatchback (A0_A),engine_type-pattern,1.2 (est.),NULL,DB-internal consistency (etype vs linked engine cc)
24249,Volkswagen,TIGUAN (5N_),engine_type-spoof,2.7 D Rear Wheel Drive,2.0 16v TDI,DB-internal consistency (etype vs linked engine cc)
24250,Volkswagen,Up,engine_type-pattern,1.0 (corr.),1.0 12v MPI EcoFuel,DB-internal consistency (etype vs linked engine cc)
24258,Seat,TOLEDO IV (KG3),engine_type-pattern,1.2 (est.),1.2 TFSI,DB-internal consistency (etype vs linked engine cc)
24259,Seat,TOLEDO IV (KG3),engine_type-pattern,1.2 (est.),1.2 TFSI,DB-internal consistency (etype vs linked engine cc)
24261,Seat,TOLEDO IV (KG3),engine_type-pattern,1.6 (est.),1.6 TDI (105),DB-internal consistency (etype vs linked engine cc)
24262,Seat,TOLEDO IV (KG3),engine_type-pattern,1.6 (est.),1.6 16v TDI,DB-internal consistency (etype vs linked engine cc)
24264,Iveco,DAILY IV Box Body / Estate,engine_type-pattern,1.6 e (corr.),NULL,DB-internal consistency (etype vs linked engine cc)
24265,Iveco,DAILY IV Box Body / Estate,engine_type-pattern,1.6 e (corr.),NULL,DB-internal consistency (etype vs linked engine cc)
24266,Vauxhall,ASTRA GTC Mk VI (J),engine_type-pattern,2.0 CDTI (corr.),2.0 BiTurbo CDTI,DB-internal consistency (etype vs linked engine cc)
24267,BMW,X1 (E84),engine_type-pattern,Balance road wheel (corr.),116d 2000 D,DB-internal consistency (etype vs linked engine cc)
24268,BMW,X1 (E84),engine_type-pattern,Balance road wheel (corr.),116d 2000 D,DB-internal consistency (etype vs linked engine cc)
24270,BMW,"3 (F30, F35, F80)",engine_type-pattern,3 (est.),NULL,DB-internal consistency (etype vs linked engine cc)
24271,BMW,"3 (F30, F35, F80)",engine_type-pattern,at Spring Eye (corr.),NULL,DB-internal consistency (etype vs linked engine cc)
24272,Mini,MINI (R56),engine_type-pattern,Cooper S (corr.),NULL,DB-internal consistency (etype vs linked engine cc)
24274,Seat,LEON (5F1),engine_type-pattern,1.2 (est.),1.2 16v TSI,DB-internal consistency (etype vs linked engine cc)
24275,Seat,LEON (5F1),engine_type-pattern,1.2 (est.),1.2 TFSI (105),DB-internal consistency (etype vs linked engine cc)
24288,Seat,Mii (KF1_),engine_type-pattern,1.0 (corr.),1.0 12v MPI EcoFuel,DB-internal consistency (etype vs linked engine cc)
24291,Cadillac,Escalade,engine_type-pattern,6.2 (corr.),6.2,DB-internal consistency (etype vs linked engine cc)
24298,Fiat,DUCATO Platform/Chassis (250),engine_type-pattern,3 (est.),NULL,DB-internal consistency (etype vs linked engine cc)
24304,Kia,Borrego,engine_type-pattern,3 (est.),NULL,DB-internal consistency (etype vs linked engine cc)
24309,Iveco,DAILY V Box Body / Estate,engine_type-pattern,2.3 (est.),NULL,DB-internal consistency (etype vs linked engine cc)
24310,Iveco,DAILY V Box Body / Estate,engine_type-pattern,2.3 (est.),NULL,DB-internal consistency (etype vs linked engine cc)
24311,Iveco,DAILY V Box Body / Estate,engine_type-pattern,2.3 (est.),NULL,DB-internal consistency (etype vs linked engine cc)
24313,Fiat,DUCATO Box (250),engine_type-pattern,"130 Multijet 2,3 D",NULL,DB-internal consistency (etype vs linked engine cc)
24314,Iveco,DAILY V Box Body / Estate,engine_type-pattern,1.6 e (corr.),NULL,DB-internal consistency (etype vs linked engine cc)
24315,Iveco,DAILY V Box Body / Estate,engine_type-pattern,1.6 e (corr.),NULL,DB-internal consistency (etype vs linked engine cc)
24338,Mitsubishi,"OUTLANDER III (GG_W, GF_W)",engine_type-pattern,2.0 (corr.),2.0 16v Mivec 2WD,DB-internal consistency (etype vs linked engine cc)
24339,Mitsubishi,MINICAB Platform/Chassis (U6_T),engine_type-pattern,Completely renew sliding roof laminates,CITYROVER,DB-internal consistency (etype vs linked engine cc)
24340,Mitsubishi,MINICAB Bus (U6_V),engine_type-pattern,Completely renew sliding roof laminates,CITYROVER,DB-internal consistency (etype vs linked engine cc)
24356,BMW,1 (E87),engine_type-pattern,316 i (corr.),NULL,DB-internal consistency (etype vs linked engine cc)
24357,BMW,1 (E87),engine_type-pattern,316 i (corr.),NULL,DB-internal consistency (etype vs linked engine cc)
24358,BMW,1 (E87),engine_type-pattern,1.6 (est.),NULL,DB-internal consistency (etype vs linked engine cc)
24359,BMW,1 (E87),engine_type-pattern,1.6 (est.),NULL,DB-internal consistency (etype vs linked engine cc)
24364,BMW,1 (E87),engine_type-pattern,320 i (corr.),318 i,DB-internal consistency (etype vs linked engine cc)
24365,BMW,1 (E87),engine_type-pattern,320 i (corr.),318 i,DB-internal consistency (etype vs linked engine cc)
24366,BMW,1 (E87),engine_type-pattern,320 i (corr.),318 i,DB-internal consistency (etype vs linked engine cc)
24367,BMW,1 (E87),engine_type-pattern,320 i (corr.),318 i,DB-internal consistency (etype vs linked engine cc)
24368,BMW,1 (E87),engine_type-pattern,320 i (corr.),318 i,DB-internal consistency (etype vs linked engine cc)
24369,BMW,1 (E87),engine_type-pattern,320 i (corr.),320 i,DB-internal consistency (etype vs linked engine cc)
24370,BMW,1 (E87),engine_type-pattern,320 i (corr.),318 i,DB-internal consistency (etype vs linked engine cc)
24371,BMW,1 (E87),engine_type-pattern,320 i (corr.),318 i,DB-internal consistency (etype vs linked engine cc)
24372,BMW,1 (E87),engine_type-pattern,320 i (corr.),NULL,DB-internal consistency (etype vs linked engine cc)
24373,BMW,1 (E87),engine_type-pattern,320 i (corr.),NULL,DB-internal consistency (etype vs linked engine cc)
24379,BMW,1 (E87),engine_type-pattern,320 i (corr.),318 ti,DB-internal consistency (etype vs linked engine cc)
24380,BMW,1 (E87),engine_type-pattern,320 i (corr.),320 i,DB-internal consistency (etype vs linked engine cc)
24381,BMW,1 (E87),engine_type-pattern,320 i (corr.),318 i,DB-internal consistency (etype vs linked engine cc)
24382,BMW,1 (E87),engine_type-pattern,320 i (corr.),318 i,DB-internal consistency (etype vs linked engine cc)
24383,BMW,1 (E87),engine_type-pattern,320 i (corr.),NULL,DB-internal consistency (etype vs linked engine cc)
24384,BMW,1 (E87),engine_type-pattern,320 i (corr.),NULL,DB-internal consistency (etype vs linked engine cc)
24386,BMW,1 (E87),engine_type-pattern,320 i (corr.),320 i,DB-internal consistency (etype vs linked engine cc)
24387,BMW,1 (E87),engine_type-pattern,320 i (corr.),318 i,DB-internal consistency (etype vs linked engine cc)
24388,BMW,1 (E87),engine_type-pattern,320 i (corr.),318 i,DB-internal consistency (etype vs linked engine cc)
24389,BMW,1 (E87),engine_type-pattern,320 i (corr.),NULL,DB-internal consistency (etype vs linked engine cc)
24390,BMW,1 (E87),engine_type-pattern,320 i (corr.),NULL,DB-internal consistency (etype vs linked engine cc)
24391,BMW,1 (E87),engine_type-pattern,320 i (corr.),320 i,DB-internal consistency (etype vs linked engine cc)
24392,BMW,1 (E87),engine_type-pattern,320 i (corr.),318 i,DB-internal consistency (etype vs linked engine cc)
24393,BMW,1 (E87),engine_type-pattern,320 i (corr.),318 i,DB-internal consistency (etype vs linked engine cc)
24394,BMW,1 (E87),engine_type-pattern,320 i (corr.),NULL,DB-internal consistency (etype vs linked engine cc)
24395,BMW,1 (E87),engine_type-pattern,320 i (corr.),NULL,DB-internal consistency (etype vs linked engine cc)
24396,BMW,1 (E87),engine_type-pattern,330 i (corr.),NULL,DB-internal consistency (etype vs linked engine cc)
24397,BMW,1 (E87),engine_type-pattern,330 i (corr.),NULL,DB-internal consistency (etype vs linked engine cc)
24398,BMW,1 (E87),engine_type-pattern,330 i (corr.),NULL,DB-internal consistency (etype vs linked engine cc)
24399,BMW,1 (E87),engine_type-pattern,330 i (corr.),NULL,DB-internal consistency (etype vs linked engine cc)
24400,BMW,1 (E87),engine_type-pattern,330 i (corr.),NULL,DB-internal consistency (etype vs linked engine cc)
24401,BMW,1 (E87),engine_type-pattern,330 i (corr.),NULL,DB-internal consistency (etype vs linked engine cc)
24402,BMW,1 (E87),engine_type-pattern,330 i (corr.),NULL,DB-internal consistency (etype vs linked engine cc)
24403,BMW,1 (E87),engine_type-pattern,330 i (corr.),NULL,DB-internal consistency (etype vs linked engine cc)
24404,BMW,1 (E87),engine_type-pattern,320 d (corr.),NULL,DB-internal consistency (etype vs linked engine cc)
24405,BMW,1 (E87),engine_type-pattern,320 d (corr.),NULL,DB-internal consistency (etype vs linked engine cc)
24406,BMW,1 (E87),engine_type-pattern,320 d (corr.),116d 2000 D,DB-internal consistency (etype vs linked engine cc)
24407,BMW,1 (E87),engine_type-pattern,320 d (corr.),320 td,DB-internal consistency (etype vs linked engine cc)
24408,BMW,1 (E87),engine_type-pattern,320 d (corr.),NULL,DB-internal consistency (etype vs linked engine cc)
24409,BMW,1 (E87),engine_type-pattern,320 d (corr.),116d 2000 D,DB-internal consistency (etype vs linked engine cc)
24410,BMW,1 (E87),engine_type-pattern,320 d (corr.),320 td,DB-internal consistency (etype vs linked engine cc)
24412,BMW,1 (E87),engine_type-pattern,320 d (corr.),NULL,DB-internal consistency (etype vs linked engine cc)
24413,BMW,1 (E87),engine_type-pattern,320 d (corr.),116d 2000 D,DB-internal consistency (etype vs linked engine cc)
24414,BMW,1 (E87),engine_type-pattern,320 d (corr.),320 td,DB-internal consistency (etype vs linked engine cc)
24415,BMW,1 (E87),engine_type-pattern,320 d (corr.),NULL,DB-internal consistency (etype vs linked engine cc)
24416,BMW,1 (E87),engine_type-pattern,320 d (corr.),116d 2000 D,DB-internal consistency (etype vs linked engine cc)
24417,BMW,1 (E87),engine_type-pattern,320 d (corr.),320 td,DB-internal consistency (etype vs linked engine cc)
24418,BMW,2 Coupe (F22),engine_type-pattern,320 d (corr.),116d 2000 D,DB-internal consistency (etype vs linked engine cc)
24419,BMW,2 Coupe (F22),engine_type-pattern,528 i (corr.),420 i,DB-internal consistency (etype vs linked engine cc)
24421,BMW,2 Coupe (F22),engine_type-pattern,at Spring Eye (corr.),NULL,DB-internal consistency (etype vs linked engine cc)
24422,BMW,"4 Convertible (F33, F83)",engine_type-pattern,320 d (corr.),116d 2000 D,DB-internal consistency (etype vs linked engine cc)
24425,BMW,1 (E87),engine_type-pattern,320 d (corr.),NULL,DB-internal consistency (etype vs linked engine cc)
24426,BMW,1 (E87),engine_type-pattern,320 d (corr.),116d 2000 D,DB-internal consistency (etype vs linked engine cc)
24427,BMW,1 (E87),engine_type-pattern,320 d (corr.),320 td,DB-internal consistency (etype vs linked engine cc)
24428,BMW,1 (E87),engine_type-pattern,320 d (corr.),NULL,DB-internal consistency (etype vs linked engine cc)
24429,BMW,1 (E87),engine_type-pattern,320 d (corr.),116d 2000 D,DB-internal consistency (etype vs linked engine cc)
24430,BMW,1 (E87),engine_type-pattern,320 d (corr.),NULL,DB-internal consistency (etype vs linked engine cc)
24434,BMW,1 (F21),engine_type-pattern,1.6 (est.),NULL,DB-internal consistency (etype vs linked engine cc)
24437,BMW,1 (F21),engine_type-pattern,1.6 (est.),NULL,DB-internal consistency (etype vs linked engine cc)
24442,BMW,1 (F21),engine_type-pattern,1.6 (est.),NULL,DB-internal consistency (etype vs linked engine cc)
24443,BMW,1 (F21),engine_type-pattern,528 i (corr.),NULL,DB-internal consistency (etype vs linked engine cc)
24445,BMW,1 (F21),engine_type-pattern,at Spring Eye (corr.),NULL,DB-internal consistency (etype vs linked engine cc)
24447,BMW,1 (F21),engine_type-pattern,1.6 (est.),NULL,DB-internal consistency (etype vs linked engine cc)
24448,BMW,1 (F21),engine_type-pattern,at Spring Eye (corr.),NULL,DB-internal consistency (etype vs linked engine cc)
24451,BMW,1 (F21),engine_type-pattern,1.6 (est.),NULL,DB-internal consistency (etype vs linked engine cc)
24452,BMW,1 (F21),engine_type-pattern,320 d (corr.),116d 2000 D,DB-internal consistency (etype vs linked engine cc)
24455,BMW,1 (F21),engine_type-pattern,320 d (corr.),116d 2000 D,DB-internal consistency (etype vs linked engine cc)
24456,BMW,1 (F21),engine_type-pattern,320 d (corr.),116d 2000 D,DB-internal consistency (etype vs linked engine cc)
24457,BMW,1 (F21),engine_type-pattern,320 d (corr.),116d 2000 D,DB-internal consistency (etype vs linked engine cc)
24458,BMW,1 (F21),engine_type-pattern,320 d (corr.),116d 2000 D,DB-internal consistency (etype vs linked engine cc)
24459,BMW,1 (F21),engine_type-pattern,320 d (corr.),NULL,DB-internal consistency (etype vs linked engine cc)
24460,BMW,1 (F21),engine_type-pattern,320 d (corr.),NULL,DB-internal consistency (etype vs linked engine cc)
24461,Volkswagen,"POLO (6R, 6C)",engine_type-pattern,2.0 (corr.),NULL,DB-internal consistency (etype vs linked engine cc)
24462,Seat,"ALTEA XL (5P5, 5P8)",engine_type-pattern,2.0 TDI (corr.),2.0 16v TDI,DB-internal consistency (etype vs linked engine cc)
24463,BMW,6 Gran Coupe (F06),engine_type-pattern,at Spring Eye (corr.),NULL,DB-internal consistency (etype vs linked engine cc)
24464,BMW,6 Gran Coupe (F06),engine_type-pattern,Dismantle/assemble gear selector bearing/mounting body (removed),NULL,DB-internal consistency (etype vs linked engine cc)
24465,BMW,6 Gran Coupe (F06),engine_type-pattern,530 d (corr.),335d 3000 D,DB-internal consistency (etype vs linked engine cc)
24469,Mercedes,CLA Coupe (C117),engine_type-pattern,1.6 (est.),NULL,DB-internal consistency (etype vs linked engine cc)
24470,Mercedes,CLA Coupe (C117),engine_type-pattern,1.6 (est.),NULL,DB-internal consistency (etype vs linked engine cc)
24471,Chrysler,CHALLENGER Coupe,engine_type-pattern,6.4 (est.),6.4 V8 16v HEMI SRT8 LC,DB-internal consistency (etype vs linked engine cc)
24472,Mercedes,CLA Coupe (C117),engine_type-pattern,2.1 (est.),NULL,DB-internal consistency (etype vs linked engine cc)
24483,Volkswagen,PASSAT ALLTRACK (365),engine_type-spoof,2.7 D Rear Wheel Drive,2.0 TDI (140),DB-internal consistency (etype vs linked engine cc)
24484,Volkswagen,PASSAT ALLTRACK (365),engine_type-spoof,2.7 D Rear Wheel Drive,2.0 TDI (170),DB-internal consistency (etype vs linked engine cc)
24485,Volkswagen,PASSAT ALLTRACK (365),engine_type-spoof,2.7 D Rear Wheel Drive,2.0 16v TDI,DB-internal consistency (etype vs linked engine cc)
24506,Ford,KUGA II (DM2),engine_type-pattern,1.6 Ti (corr.),NULL,DB-internal consistency (etype vs linked engine cc)
24507,Ford,KUGA II (DM2),engine_type-pattern,1.6 Ti (corr.),NULL,DB-internal consistency (etype vs linked engine cc)
24508,Ford,KUGA II (DM2),engine_type-pattern,1.6 Ti (corr.),NULL,DB-internal consistency (etype vs linked engine cc)
24510,Ford,KUGA II (DM2),engine_type-spoof,1.0 i 12V,2.0 TDCi,DB-internal consistency (etype vs linked engine cc)
24511,Ford,KUGA II (DM2),engine_type-spoof,1.0 i 12V,NULL,DB-internal consistency (etype vs linked engine cc)
24513,Chrysler,"RAM 2500 Pickup (D1, DC, DH, DM, DR)",engine_type-pattern,5.7 (corr.),5.7 R/T,DB-internal consistency (etype vs linked engine cc)
24517,Mercedes,E-CLASS (W212),engine_type-pattern,GAZELLE (corr.),NULL,DB-internal consistency (etype vs linked engine cc)
24518,Mercedes,E-CLASS T-Model (S212),engine_type-pattern,GAZELLE (corr.),NULL,DB-internal consistency (etype vs linked engine cc)
24519,Citroen,DS3,engine_type-pattern,218 TD (corr.),NULL,DB-internal consistency (etype vs linked engine cc)
24520,Renault,LAGUNA II Grandtour (KG0/1_),engine_type-pattern,1.9 dCi (corr.),NULL,DB-internal consistency (etype vs linked engine cc)
24521,Renault,LAGUNA II Grandtour (KG0/1_),engine_type-pattern,1.9 dCi (corr.),NULL,DB-internal consistency (etype vs linked engine cc)
24541,Citroen,DS3,engine_type-pattern,218 TD (corr.),218 TD,DB-internal consistency (etype vs linked engine cc)
24543,Citroen,DS3,engine_type-pattern,1.6 HDi (corr.),1.6 HDi 110,DB-internal consistency (etype vs linked engine cc)
24545,Citroen,DS3 Convertible,engine_type-pattern,1.6 VTi 120 (corr.),1.6 16v THP 150,DB-internal consistency (etype vs linked engine cc)
24546,Citroen,DS3 Convertible,engine_type-pattern,1.6 VTi 120 (corr.),1.6 16v THP,DB-internal consistency (etype vs linked engine cc)
24548,Citroen,C3 Picasso,engine_type-pattern,1.6 HDi (corr.),1.6 HDi 110,DB-internal consistency (etype vs linked engine cc)
24549,Citroen,C3 Picasso,engine_type-pattern,1.6 HDi (corr.),NULL,DB-internal consistency (etype vs linked engine cc)
24556,Mazda,3 Saloon (BL),engine_type-pattern,2.3 D (corr.),1.6 DI Turbo,DB-internal consistency (etype vs linked engine cc)
24569,Renault,LAGUNA II Grandtour (KG0/1_),engine_type-spoof,1.9 dCi,NULL,DB-internal consistency (etype vs linked engine cc)
24570,BMW,X3 (F25),engine_type-pattern,320 d (corr.),116d 2000 D,DB-internal consistency (etype vs linked engine cc)
24573,Toyota,"RAV 4 IV (ZSA4_, ALA4_)",engine_type-pattern,2.0 D-4D (corr.),2.0 16v D-4D,DB-internal consistency (etype vs linked engine cc)
24578,Kia,CARENS IV,engine_type-spoof,3.0 -24 V6 CS/CSE,NULL,DB-internal consistency (etype vs linked engine cc)
24580,Toyota,"RAV 4 IV (ZSA4_, ALA4_)",engine_type-pattern,2.2 D-4D (corr.),IS220d 2.2 16v D-CAT,DB-internal consistency (etype vs linked engine cc)
24581,Toyota,"RAV 4 IV (ZSA4_, ALA4_)",engine_type-pattern,2.2 D-4D (corr.),2.2 16v D-4D,DB-internal consistency (etype vs linked engine cc)
24582,Peugeot,508,engine_type-pattern,2 (est.),2.0 HDI,DB-internal consistency (etype vs linked engine cc)
24583,Peugeot,508,engine_type-pattern,2 (est.),NULL,DB-internal consistency (etype vs linked engine cc)
24588,Kia,SORENTO II (XM),engine_type-spoof,1.6 SR,2.4,DB-internal consistency (etype vs linked engine cc)
24589,Citroen,C3 II,engine_type-pattern,1.6 HDi (corr.),1.6 HDi 110,DB-internal consistency (etype vs linked engine cc)
24590,Citroen,C3 II,engine_type-pattern,1.6 HDi (corr.),1.6 HDI,DB-internal consistency (etype vs linked engine cc)
24591,Citroen,C3 II,engine_type-pattern,1.6 HDi (corr.),NULL,DB-internal consistency (etype vs linked engine cc)
24592,Citroen,C4 II (B7),engine_type-pattern,1.6 HDi (corr.),1.6 HDI,DB-internal consistency (etype vs linked engine cc)
24596,Mercedes,C-CLASS Coupe (C204),engine_type-pattern,1.6 (est.),NULL,DB-internal consistency (etype vs linked engine cc)
24597,Citroen,DS4,engine_type-pattern,1.6 HDi (corr.),1.6 HDi 110,DB-internal consistency (etype vs linked engine cc)
24600,Citroen,C5 III Break (TD_),engine_type-pattern,2.2 HDi (corr.),2.2 HDi,DB-internal consistency (etype vs linked engine cc)
24604,Citroen,C5 III Break (TD_),engine_type-pattern,2.0 HDi (corr.),2.0 HDI,DB-internal consistency (etype vs linked engine cc)
24612,Opel,CASCADA (W13),engine_type-pattern,1.6 (corr.),1.6 Turbo ecoFlex,DB-internal consistency (etype vs linked engine cc)
24621,Vauxhall,ASTRA GTC Mk VI (J),engine_type-pattern,1.6 (corr.),1.6 Turbo ecoFlex,DB-internal consistency (etype vs linked engine cc)
24622,Vauxhall,ASTRA Mk VI (J),engine_type-pattern,1.6 (corr.),1.6 Turbo ecoFlex,DB-internal consistency (etype vs linked engine cc)
24623,Vauxhall,ASTRA Mk VI (J),engine_type-pattern,2.0 CDTi (corr.),2.0 BiTurbo CDTI,DB-internal consistency (etype vs linked engine cc)
24624,Vauxhall,ASTRA Mk VI (J) Sports Tourer,engine_type-pattern,2.0 CDTi (corr.),2.0 BiTurbo CDTI,DB-internal consistency (etype vs linked engine cc)
24625,Vauxhall,ASTRA Mk VI (J) Sports Tourer,engine_type-pattern,1.6 (corr.),1.6 Turbo ecoFlex,DB-internal consistency (etype vs linked engine cc)
24627,Vauxhall,ASTRA Mk VI (J) Saloon,engine_type-pattern,1.6 (corr.),1.6 Turbo ecoFlex,DB-internal consistency (etype vs linked engine cc)
24629,Vauxhall,ZAFIRA Mk III (P12),engine_type-pattern,2.0 CDTi (corr.),2.0 BiTurbo CDTI,DB-internal consistency (etype vs linked engine cc)
24630,Vauxhall,ASTRA Mk VI (J) Saloon,engine_type-pattern,2.0 CDTI (corr.),2.0 BiTurbo CDTI,DB-internal consistency (etype vs linked engine cc)
24638,Lexus,"ES (AVV6_, GSV6_, ASV6_)",engine_type-pattern,"Bulb, indicator-/marker light",2.5 Hybrid,DB-internal consistency (etype vs linked engine cc)
24643,Mercedes,GL-CLASS (X166),engine_type-pattern,GAZELLE (corr.),MERRIE,DB-internal consistency (etype vs linked engine cc)
24653,BMW,Z4 (E89),engine_type-pattern,528 i (corr.),NULL,DB-internal consistency (etype vs linked engine cc)
24654,Skoda,OCTAVIA (5E3),engine_type-pattern,1.2 (est.),1.2 16v TSI,DB-internal consistency (etype vs linked engine cc)
24655,Skoda,OCTAVIA (5E3),engine_type-pattern,1.2 (est.),1.2 TFSI (105),DB-internal consistency (etype vs linked engine cc)
24657,Skoda,OCTAVIA (5E3),engine_type-pattern,Repair rear seat bench * (corr.),1.6 TDI (105),DB-internal consistency (etype vs linked engine cc)
24660,Skoda,OCTAVIA Combi (5E5),engine_type-pattern,1.2 (est.),1.2 16v TSI,DB-internal consistency (etype vs linked engine cc)
24661,Skoda,OCTAVIA Combi (5E5),engine_type-pattern,1.2 (est.),1.2 TFSI (105),DB-internal consistency (etype vs linked engine cc)
24665,Skoda,OCTAVIA Combi (5E5),engine_type-pattern,Repair rear seat bench * (corr.),1.6 TDI (105),DB-internal consistency (etype vs linked engine cc)
24668,Peugeot,301,engine_type-pattern,1.6 (corr.),NULL,DB-internal consistency (etype vs linked engine cc)
24671,Fiat,500L,engine_type-pattern,"Seal, door puddle light",0.9 TwinAir (85),DB-internal consistency (etype vs linked engine cc)
24676,BMW,3 Gran Turismo (F34),engine_type-pattern,at Spring Eye (corr.),NULL,DB-internal consistency (etype vs linked engine cc)
24679,Skoda,Citigo,engine_type-pattern,1.0 (corr.),1.0 12v MPI EcoFuel,DB-internal consistency (etype vs linked engine cc)
24682,Vauxhall,MOVANO Mk II (B) Combi,engine_type-spoof,2.0 GT3,NULL,DB-internal consistency (etype vs linked engine cc)
24683,Vauxhall,MOVANO Mk II (B) VAN,engine_type-pattern,2.0 GT3 (corr.),NULL,DB-internal consistency (etype vs linked engine cc)
24686,Vauxhall,MOVANO Mk II (B) Chassis/Cab,engine_type-pattern,2.0 GT3 (corr.),NULL,DB-internal consistency (etype vs linked engine cc)
24687,Opel,MOVANO B Platform/Chassis,engine_type-pattern,2.0 GT3 (corr.),NULL,DB-internal consistency (etype vs linked engine cc)
24688,Opel,MOVANO B Platform/Chassis,engine_type-pattern,2.0 GT3 (corr.),NULL,DB-internal consistency (etype vs linked engine cc)
24689,Opel,MOVANO B Platform/Chassis,engine_type-pattern,2.0 GT3 (corr.),NULL,DB-internal consistency (etype vs linked engine cc)
24690,Opel,MOVANO B Platform/Chassis,engine_type-pattern,2.0 GT3 (corr.),NULL,DB-internal consistency (etype vs linked engine cc)
24691,Opel,MOVANO B Box,engine_type-pattern,2.0 GT3 (corr.),NULL,DB-internal consistency (etype vs linked engine cc)
24692,Opel,MOVANO B Box,engine_type-pattern,2.0 GT3 (corr.),NULL,DB-internal consistency (etype vs linked engine cc)
24693,Opel,MOVANO B Box,engine_type-pattern,2.0 GT3 (corr.),NULL,DB-internal consistency (etype vs linked engine cc)
24694,Opel,MOVANO B Box,engine_type-pattern,2.0 GT3 (corr.),NULL,DB-internal consistency (etype vs linked engine cc)
24695,Opel,MOVANO B Bus,engine_type-spoof,2.0 GT3,NULL,DB-internal consistency (etype vs linked engine cc)
24697,BMW,5 Gran Turismo (F07),engine_type-pattern,530 d (corr.),335d 3000 D,DB-internal consistency (etype vs linked engine cc)
24709,Mini,MINI PACEMAN (R61),engine_type-spoof,1.6 Trekking,2.0 Diesel,DB-internal consistency (etype vs linked engine cc)
24715,Mini,MINI PACEMAN (R61),engine_type-pattern,3.3 VVTi G (corr.),NULL,DB-internal consistency (etype vs linked engine cc)
24718,Kia,CARENS IV,engine_type-pattern,2 (est.),2.0 16v GDI Automatic,DB-internal consistency (etype vs linked engine cc)
24722,Mazda,5 (CW),engine_type-pattern,1.8 (corr.),1.8,DB-internal consistency (etype vs linked engine cc)
24726,Volkswagen,GOLF VII Estate (BA5),engine_type-pattern,1.2 (est.),1.2 16v TSI,DB-internal consistency (etype vs linked engine cc)
24727,Volkswagen,GOLF VII Estate (BA5),engine_type-pattern,1.2 (est.),NULL,DB-internal consistency (etype vs linked engine cc)
24728,Volkswagen,GOLF VII Estate (BA5),engine_type-pattern,1.2 (est.),1.2 TFSI (105),DB-internal consistency (etype vs linked engine cc)
24736,BMW,"5 (F10, F18)",engine_type-pattern,535 i (corr.),NULL,DB-internal consistency (etype vs linked engine cc)
24737,BMW,"7 (F01, F02, F03, F04)",engine_type-pattern,3 (est.),NULL,DB-internal consistency (etype vs linked engine cc)
24738,Mercedes,E-CLASS T-Model (S212),engine_type-pattern,2.1 (est.),NULL,DB-internal consistency (etype vs linked engine cc)
24739,BMW,1 (E81),engine_type-pattern,320 d (corr.),NULL,DB-internal consistency (etype vs linked engine cc)
24740,BMW,1 (E81),engine_type-pattern,320 d (corr.),116d 2000 D,DB-internal consistency (etype vs linked engine cc)
24741,BMW,1 (E81),engine_type-pattern,320 d (corr.),NULL,DB-internal consistency (etype vs linked engine cc)
24742,BMW,1 (E87),engine_type-pattern,320 d (corr.),116d 2000 D,DB-internal consistency (etype vs linked engine cc)
24746,Ford,FIESTA VI,engine_type-pattern,1.0 (corr.),1.0 EcoBoost,DB-internal consistency (etype vs linked engine cc)
24747,Ford,FIESTA VI,engine_type-pattern,1.0 (corr.),NULL,DB-internal consistency (etype vs linked engine cc)
24748,Ford,FIESTA VI,engine_type-pattern,1.0 (corr.),1.0 EcoBoost,DB-internal consistency (etype vs linked engine cc)
24752,Ford,FIESTA VI,engine_type-pattern,1.5 (est.),NULL,DB-internal consistency (etype vs linked engine cc)
24753,Ford,FIESTA VI,engine_type-spoof,3.8 Carrera,NULL,DB-internal consistency (etype vs linked engine cc)
24754,Ford,FIESTA VI,engine_type-spoof,3.8 Carrera,NULL,DB-internal consistency (etype vs linked engine cc)
24757,Nissan,370 Z (Z34),engine_type-pattern,3.7 (corr.),EX37 3.7 V6 AWD Crossover,DB-internal consistency (etype vs linked engine cc)
24760,Nissan,Note,engine_type-pattern,1.2 (corr.),NULL,DB-internal consistency (etype vs linked engine cc)
24762,Lexus,"IS III (GSE3_, AVE3_)",engine_type-pattern,"Bulb, indicator-/marker light",2.5 Hybrid,DB-internal consistency (etype vs linked engine cc)
24771,Land Rover,RANGE ROVER SPORT (LW),engine_type-pattern,3 (est.),NULL,DB-internal consistency (etype vs linked engine cc)
24772,Land Rover,RANGE ROVER SPORT (LW),engine_type-pattern,3 (est.),NULL,DB-internal consistency (etype vs linked engine cc)
24773,Land Rover,RANGE ROVER SPORT (LW),engine_type-pattern,3 (est.),NULL,DB-internal consistency (etype vs linked engine cc)
24774,Land Rover,RANGE ROVER SPORT (LW),engine_type-pattern,3 (est.),NULL,DB-internal consistency (etype vs linked engine cc)
24775,Renault,Captur,engine_type-pattern,1.5 dCi (corr.),NULL,DB-internal consistency (etype vs linked engine cc)
24776,Renault,Captur,engine_type-pattern,1.5 dCi (corr.),NULL,DB-internal consistency (etype vs linked engine cc)
24777,Renault,Captur,engine_type-pattern,1.5 dCi (corr.),NULL,DB-internal consistency (etype vs linked engine cc)
24778,Renault,Captur,engine_type-pattern,1.5 dCi (corr.),NULL,DB-internal consistency (etype vs linked engine cc)
24779,Renault,Captur,engine_type-pattern,1.5 dCi (corr.),1.5 dCi,DB-internal consistency (etype vs linked engine cc)
24788,Infiniti,FX,engine_type-pattern,5 (est.),NULL,DB-internal consistency (etype vs linked engine cc)
24789,Mercedes,CLS Shooting Brake (X218),engine_type-pattern,GAZELLE (corr.),NULL,DB-internal consistency (etype vs linked engine cc)
24790,Mercedes,CLS Shooting Brake (X218),engine_type-pattern,GAZELLE (corr.),NULL,DB-internal consistency (etype vs linked engine cc)
24791,Mercedes,CLS (C218),engine_type-pattern,GAZELLE (corr.),NULL,DB-internal consistency (etype vs linked engine cc)
24792,Mercedes,CLS (C218),engine_type-pattern,GAZELLE (corr.),NULL,DB-internal consistency (etype vs linked engine cc)
24795,Citroen,C4 Picasso II,engine_type-pattern,1.6 VTi 120 (corr.),1.6 16v THP,DB-internal consistency (etype vs linked engine cc)
24798,Citroen,C4 Picasso II,engine_type-pattern,1.6 HDi (corr.),NULL,DB-internal consistency (etype vs linked engine cc)
24801,Mercedes,E-CLASS Convertible (A207),engine_type-pattern,2 (est.),NULL,DB-internal consistency (etype vs linked engine cc)
24803,Toyota,"KLUGER (_MCU2_, _ACU2_)",engine_type-pattern,3.3 (corr.),NULL,DB-internal consistency (etype vs linked engine cc)
24805,Mercedes,E-CLASS Convertible (A207),engine_type-pattern,2 (est.),NULL,DB-internal consistency (etype vs linked engine cc)
24806,Mercedes,E-CLASS Convertible (A207),engine_type-pattern,300 SL (corr.),NULL,DB-internal consistency (etype vs linked engine cc)
24812,Mercedes,E-CLASS Coupe (C207),engine_type-pattern,"Bulb, switch",NULL,DB-internal consistency (etype vs linked engine cc)
24813,Mercedes,E-CLASS Coupe (C207),engine_type-pattern,2 (est.),NULL,DB-internal consistency (etype vs linked engine cc)
24814,Mercedes,E-CLASS Coupe (C207),engine_type-pattern,2 (est.),NULL,DB-internal consistency (etype vs linked engine cc)
24821,Seat,LEON (5F1),engine_type-pattern,1.6 (est.),1.6 TDI (110) Clean Diesel,DB-internal consistency (etype vs linked engine cc)
24826,Skoda,RAPID (NH3),engine_type-pattern,Repair rear seat bench * (corr.),1.6 TDI (90),DB-internal consistency (etype vs linked engine cc)
24831,Volkswagen,"GOLF VII (5G1, BE1)",engine_type-pattern,1.6 (est.),1.6 16v TDI,DB-internal consistency (etype vs linked engine cc)
24832,Volkswagen,"GOLF VII (5G1, BE1)",engine_type-pattern,1.6 (est.),1.6 16v TDI,DB-internal consistency (etype vs linked engine cc)
24833,Volkswagen,"GOLF VII (5G1, BE1)",engine_type-pattern,1.6 (est.),1.6 TDI (110) Clean Diesel,DB-internal consistency (etype vs linked engine cc)
24834,Volkswagen,"GOLF VII (5G1, BE1)",engine_type-pattern,1.6 (est.),NULL,DB-internal consistency (etype vs linked engine cc)
24840,Ford,FIESTA VI,engine_type-pattern,"Mounting Kit, exhaust manifold",NULL,DB-internal consistency (etype vs linked engine cc)
24841,Skoda,OCTAVIA (5E3),engine_type-pattern,Repair rear seat bench * (corr.),1.6 16v TDI,DB-internal consistency (etype vs linked engine cc)
24842,Skoda,OCTAVIA Combi (5E5),engine_type-pattern,Repair rear seat bench * (corr.),1.6 16v TDI,DB-internal consistency (etype vs linked engine cc)
24848,Mercedes,C-CLASS (W204),engine_type-pattern,Accessories - interior fittings (corr.),HHR,DB-internal consistency (etype vs linked engine cc)
24849,Mercedes,C-CLASS T-Model (S204),engine_type-pattern,3 SERIES (corr.),HHR,DB-internal consistency (etype vs linked engine cc)
24850,Renault,LOGAN EXPRESS,engine_type-spoof,1.6,1.3,DB-internal consistency (etype vs linked engine cc)
24864,Porsche,911 (991),engine_type-pattern,3.8 Carrera 4S (corr.),3.8 24v Turbo 7AT,DB-internal consistency (etype vs linked engine cc)
24867,Mercedes,A-CLASS (W176),engine_type-pattern,2 (est.),NULL,DB-internal consistency (etype vs linked engine cc)
24868,BMW,3 Touring (F31),engine_type-pattern,320 d (corr.),NULL,DB-internal consistency (etype vs linked engine cc)
24869,BMW,3 Touring (F31),engine_type-pattern,at Spring Eye (corr.),NULL,DB-internal consistency (etype vs linked engine cc)
24870,BMW,"3 (F30, F35, F80)",engine_type-pattern,530 d (corr.),330d 3000 D,DB-internal consistency (etype vs linked engine cc)
24871,BMW,"3 (F30, F35, F80)",engine_type-pattern,320 d (corr.),NULL,DB-internal consistency (etype vs linked engine cc)
24876,BMW,6 Gran Coupe (F06),engine_type-pattern,530 d (corr.),335d 3000 D,DB-internal consistency (etype vs linked engine cc)
24881,Audi,A3 Sportback (8VA),engine_type-spoof,S6 4.2 quattro,1.2 TFSI (105),DB-internal consistency (etype vs linked engine cc)
24884,Opel,Insignia,engine_type-pattern,1.6 (corr.),1.6 Turbo ecoFlex,DB-internal consistency (etype vs linked engine cc)
24885,Opel,INSIGNIA Saloon,engine_type-pattern,1.6 (corr.),1.6 Turbo ecoFlex,DB-internal consistency (etype vs linked engine cc)
24886,Opel,INSIGNIA Estate,engine_type-pattern,1.6 (corr.),1.6 Turbo ecoFlex,DB-internal consistency (etype vs linked engine cc)
24893,Opel,Vectra C,engine_type-pattern,"Shackle, spring bracket",2.8 V6 Turbo,DB-internal consistency (etype vs linked engine cc)
24905,BMW,1 Convertible (E88),engine_type-pattern,320 i (corr.),318 i,DB-internal consistency (etype vs linked engine cc)
24910,Kia,CARENS III (UN),engine_type-pattern,100 Super 1.6 (corr.),1.6 16v CRDi VGT,DB-internal consistency (etype vs linked engine cc)
24912,Kia,RIO III Saloon (UB),engine_type-spoof,2.6 Di,1.2 16v,DB-internal consistency (etype vs linked engine cc)
24918,Citroen,DS5,engine_type-pattern,1.6 HDi (corr.),1.6 HDi 110,DB-internal consistency (etype vs linked engine cc)
24919,Citroen,DS5,engine_type-pattern,1.6 HDi (corr.),1.6 HDI,DB-internal consistency (etype vs linked engine cc)
24920,Citroen,DS5,engine_type-pattern,1.6 HDi (corr.),NULL,DB-internal consistency (etype vs linked engine cc)
24921,BMW,1 Coupe (E82),engine_type-pattern,320 i (corr.),318 i,DB-internal consistency (etype vs linked engine cc)
24939,Dacia,DOKKER Express,engine_type-pattern,1.2 (est.),NULL,DB-internal consistency (etype vs linked engine cc)
24942,Hyundai,i30 Coupe,engine_type-spoof,1.4 Mirafiori,1.6 16v GDI,DB-internal consistency (etype vs linked engine cc)
24943,Hyundai,i30 Coupe,engine_type-pattern,1.4 (est.),1.4 16v CRDi,DB-internal consistency (etype vs linked engine cc)
24947,Peugeot,307 SW (3H),engine_type-spoof,1.6 16V,1.4 HDI,DB-internal consistency (etype vs linked engine cc)
24951,Lexus,LX (URJ201),engine_type-pattern,5.7 (est.),LX570 5.7 V8 VVT-i,DB-internal consistency (etype vs linked engine cc)
24953,Renault,MASTER III Bus (JV),engine_type-pattern,2.3 (est.),NULL,DB-internal consistency (etype vs linked engine cc)
24954,BMW,X5 (E70),engine_type-pattern,3.0 d (corr.),330d 3000 D,DB-internal consistency (etype vs linked engine cc)
24955,Renault,GRAND SCÉNIC III (JZ0/1_),engine_type-pattern,"Seal, auxiliary indicator",NULL,DB-internal consistency (etype vs linked engine cc)
24956,Renault,MEGANE CC (EZ0/1_),engine_type-pattern,"Seal,  stop light",NULL,DB-internal consistency (etype vs linked engine cc)
24957,Renault,MEGANE III Coupe (DZ0/1_),engine_type-pattern,"Seal, auxiliary stop light",NULL,DB-internal consistency (etype vs linked engine cc)
24958,Renault,MEGANE III Grandtour (KZ0/1),engine_type-pattern,"Seal, strobe-type beacon",NULL,DB-internal consistency (etype vs linked engine cc)
24959,Renault,MEGANE III Hatchback (BZ0_),engine_type-pattern,"Seal, rotating beacon",NULL,DB-internal consistency (etype vs linked engine cc)
24960,Renault,SCÉNIC III (JZ0/1_),engine_type-pattern,"Seal, auxiliary indicator",NULL,DB-internal consistency (etype vs linked engine cc)
24964,Volvo,V40 Hatchback,engine_type-pattern,1.6 (corr.),NULL,DB-internal consistency (etype vs linked engine cc)
24965,Mercedes,"B-CLASS (W246, W242)",engine_type-pattern,1.5 (est.),NULL,DB-internal consistency (etype vs linked engine cc)
24968,Volkswagen,PASSAT Variant (365),engine_type-spoof,2.7 D Rear Wheel Drive,2.0 16v TDI,DB-internal consistency (etype vs linked engine cc)
24970,Volkswagen,PASSAT (362),engine_type-spoof,2.7 D Rear Wheel Drive,2.0 16v TDI,DB-internal consistency (etype vs linked engine cc)
24972,Chrysler,CHALLENGER Coupe,engine_type-pattern,6.4 (est.),6.4 V8 HEMI SRT 392 (485hp),DB-internal consistency (etype vs linked engine cc)
24978,Hyundai,ix20 (JC),engine_type-spoof,2.5 RX Nato AWD,1.6 16v CRDi VGT,DB-internal consistency (etype vs linked engine cc)
24985,Mini,MINI (R56),engine_type-pattern,Cooper S (corr.),Cooper S,DB-internal consistency (etype vs linked engine cc)
24991,Subaru,"LEGACY V Estate (BM, BR)",engine_type-pattern,2.5 (est.),NULL,DB-internal consistency (etype vs linked engine cc)
24992,Subaru,"OUTBACK (BM, BR)",engine_type-pattern,2.5 (est.),NULL,DB-internal consistency (etype vs linked engine cc)
24995,Mercedes,E-CLASS (W212),engine_type-pattern,300 SL (corr.),NULL,DB-internal consistency (etype vs linked engine cc)
24999,Mercedes,C-CLASS (W204),engine_type-pattern,2.1 (est.),NULL,DB-internal consistency (etype vs linked engine cc)
25003,Mercedes,E-CLASS T-Model (S212),engine_type-pattern,"Bulb, switch",NULL,DB-internal consistency (etype vs linked engine cc)
25006,Mercedes,E-CLASS T-Model (S212),engine_type-pattern,2 (est.),NULL,DB-internal consistency (etype vs linked engine cc)
25007,Mercedes,"SPRINTER 4,6-t Box (906)",engine_type-pattern,"Central Joint, wishbone",NULL,DB-internal consistency (etype vs linked engine cc)
25008,Mercedes,"SPRINTER 4,6-t Platform/Chassis (906)",engine_type-pattern,C 220 CDI (corr.),NULL,DB-internal consistency (etype vs linked engine cc)
25009,Mercedes,E-CLASS T-Model (S212),engine_type-pattern,2 (est.),NULL,DB-internal consistency (etype vs linked engine cc)
25010,Mercedes,"SPRINTER 4,6-t Box (906)",engine_type-pattern,C 220 CDI (corr.),NULL,DB-internal consistency (etype vs linked engine cc)
25011,Mercedes,"SPRINTER 4,6-t Box (906)",engine_type-pattern,C 220 CDI (corr.),NULL,DB-internal consistency (etype vs linked engine cc)
25012,Mercedes,"SPRINTER 4,6-t Box (906)",engine_type-pattern,C 320 CDI (corr.),NULL,DB-internal consistency (etype vs linked engine cc)
25013,Mercedes,"SPRINTER 4,6-t Box (906)",engine_type-pattern,C 320 CDI (corr.),NULL,DB-internal consistency (etype vs linked engine cc)
25015,Mercedes,SLS AMG Convertible (A197),engine_type-pattern,HHR (corr.),6.2 Petrol,DB-internal consistency (etype vs linked engine cc)
25028,Mercedes,CLA Coupe (C117),engine_type-pattern,2.1 (est.),NULL,DB-internal consistency (etype vs linked engine cc)
25029,Mercedes,G-CLASS (W463),engine_type-spoof,3.0 TD 4WD,NULL,DB-internal consistency (etype vs linked engine cc)
25030,Mercedes,G-CLASS (W463),engine_type-pattern,"Belt Pulley, crankshaft",NULL,DB-internal consistency (etype vs linked engine cc)
25031,Mercedes,C-CLASS (W204),engine_type-pattern,1.6 (est.),NULL,DB-internal consistency (etype vs linked engine cc)
25037,Mercedes,CLS (C218),engine_type-pattern,C 320 CDI (corr.),NULL,DB-internal consistency (etype vs linked engine cc)
25038,Mercedes,CLS (C218),engine_type-pattern,C 320 CDI (corr.),NULL,DB-internal consistency (etype vs linked engine cc)
25042,Ford,B-Max,engine_type-pattern,1 (est.),1.0 EcoBoost,DB-internal consistency (etype vs linked engine cc)
25043,Ford,FIESTA Van,engine_type-pattern,1.5 (est.),NULL,DB-internal consistency (etype vs linked engine cc)
25044,Ford,GALAXY (WA6),engine_type-pattern,2.0 (corr.),NULL,DB-internal consistency (etype vs linked engine cc)
25045,Ford,S-MAX (WA6),engine_type-pattern,2.0 (corr.),NULL,DB-internal consistency (etype vs linked engine cc)
25061,Nissan,URVAN NV350 / CARAVAN (E26),engine_type-pattern,2.5 dCi 4WD (corr.),2.5 dCi,DB-internal consistency (etype vs linked engine cc)
25062,Nissan,URVAN NV350 / CARAVAN (E26),engine_type-pattern,2.5 dCi 4WD (corr.),2.5 dCi,DB-internal consistency (etype vs linked engine cc)
25063,Toyota,PROACE Box Body / Estate,engine_type-pattern,1.6 (est.),NULL,DB-internal consistency (etype vs linked engine cc)
25065,Porsche,Panamera,engine_type-pattern,"Taper Screw, spring bolt",3.0 V6 8AT,DB-internal consistency (etype vs linked engine cc)
25066,Porsche,Panamera,engine_type-pattern,"Taper Screw, spring bolt",3.0 V6 8AT,DB-internal consistency (etype vs linked engine cc)
25068,Porsche,Panamera,engine_type-pattern,"Taper Screw, spring bolt",3.0 V6 8AT,DB-internal consistency (etype vs linked engine cc)
25069,Porsche,Panamera,engine_type-pattern,"Taper Screw, spring bolt",3.0 V6 8AT,DB-internal consistency (etype vs linked engine cc)
25070,Mitsubishi,ASX (GA_W_),engine_type-pattern,2.3 (est.),2.2 16v DI-D 4WD Automatic,DB-internal consistency (etype vs linked engine cc)
25072,Porsche,Panamera,engine_type-pattern,Dismantle/assemble rear axle (rear axle removed),4.8 V8 7AT,DB-internal consistency (etype vs linked engine cc)
25076,Seat,LEON SC (5F5),engine_type-pattern,1.2 (est.),1.2 16v TSI,DB-internal consistency (etype vs linked engine cc)
25077,Seat,LEON SC (5F5),engine_type-pattern,1.2 (est.),1.2 TFSI (105),DB-internal consistency (etype vs linked engine cc)
25085,Seat,LEON SC (5F5),engine_type-pattern,1.6 (est.),1.6 16v TDI,DB-internal consistency (etype vs linked engine cc)
25087,Seat,LEON SC (5F5),engine_type-pattern,1.6 (est.),1.6 TDI (105),DB-internal consistency (etype vs linked engine cc)
25088,Seat,LEON SC (5F5),engine_type-pattern,1.6 (est.),1.6 TDI (110) Clean Diesel,DB-internal consistency (etype vs linked engine cc)
25117,Skoda,OCTAVIA (5E3),engine_type-pattern,"Bush, steering control arm",2.0 16v FSI RS,DB-internal consistency (etype vs linked engine cc)
25120,Skoda,OCTAVIA Combi (5E5),engine_type-pattern,"Bush, steering control arm",2.0 16v FSI RS,DB-internal consistency (etype vs linked engine cc)
25134,Ssangyong,RODIUS II,engine_type-pattern,2.0 Xdi (corr.),NULL,DB-internal consistency (etype vs linked engine cc)
25136,BMW,"5 (F10, F18)",engine_type-pattern,M5 (corr.),NULL,DB-internal consistency (etype vs linked engine cc)
25138,BMW,5 Touring (F11),engine_type-pattern,Dismantle/assemble gear selector bearing/mounting body (corr.),NULL,DB-internal consistency (etype vs linked engine cc)
25143,Iveco,DAILY IV Platform/Chassis,engine_type-pattern,1.6 e (corr.),3.0 HPI TurboDiesel,DB-internal consistency (etype vs linked engine cc)
25148,Maserati,QUATTROPORTE VI,engine_type-pattern,3.8 (est.),NULL,DB-internal consistency (etype vs linked engine cc)
25150,BMW,3 Gran Turismo (F34),engine_type-pattern,320 d (corr.),NULL,DB-internal consistency (etype vs linked engine cc)
25156,Mitsubishi,"L 200 Platform/Chassis (K6_T, K7_T)",engine_type-pattern,Repair coolant tank,2.8 TD,DB-internal consistency (etype vs linked engine cc)
25157,Fiat,DUCATO Bus (250),engine_type-pattern,3.0 TDCi 4x4 (corr.),3.0 HDI,DB-internal consistency (etype vs linked engine cc)
25161,Land Rover,RANGE ROVER IV (LG),engine_type-pattern,3 (est.),NULL,DB-internal consistency (etype vs linked engine cc)
25162,Land Rover,RANGE ROVER IV (LG),engine_type-pattern,3 (est.),NULL,DB-internal consistency (etype vs linked engine cc)
25163,Vauxhall,ZAFIRA Mk III (P12),engine_type-pattern,1.6 (corr.),NULL,DB-internal consistency (etype vs linked engine cc)
25164,Vauxhall,ZAFIRA Mk III (P12),engine_type-pattern,1.6 (corr.),NULL,DB-internal consistency (etype vs linked engine cc)
25165,Vauxhall,ASTRA GTC Mk VI (J),engine_type-pattern,1.6 (corr.),NULL,DB-internal consistency (etype vs linked engine cc)
25167,Lexus,"GS (GRL1_, GWL1_)",engine_type-pattern,"Bulb, indicator-/marker light",2.5 Hybrid,DB-internal consistency (etype vs linked engine cc)
25168,Seat,TOLEDO IV (KG3),engine_type-pattern,1.6 (est.),1.6 TDI (90),DB-internal consistency (etype vs linked engine cc)
25169,Seat,IBIZA V SPORTCOUPE (6J1),engine_type-pattern,1.2 (est.),1.2 TFSI,DB-internal consistency (etype vs linked engine cc)
25187,Audi,A3 (8V1),engine_type-pattern,1.6 (est.),1.6 TDI (110) Clean Diesel,DB-internal consistency (etype vs linked engine cc)
25188,Audi,A3 Sportback (8VA),engine_type-pattern,1.6 (est.),1.6 TDI (110) Clean Diesel,DB-internal consistency (etype vs linked engine cc)
25192,Audi,A3 Sportback (8VA),engine_type-pattern,1.4 TFSI (corr.),1.4 TFSI G-Tron,DB-internal consistency (etype vs linked engine cc)
25204,Audi,Q5 (8R),engine_type-pattern,3.0 TFSI quattro (corr.),NULL,DB-internal consistency (etype vs linked engine cc)
25205,Audi,Q5 (8R),engine_type-pattern,3.0 TFSI quattro (corr.),NULL,DB-internal consistency (etype vs linked engine cc)
25214,Ford,TRANSIT CONNECT Kombi,engine_type-pattern,1.6 Ti (corr.),NULL,DB-internal consistency (etype vs linked engine cc)
25223,Chrysler,JOURNEY,engine_type-pattern,3.6 (est.),NULL,DB-internal consistency (etype vs linked engine cc)
25224,Mercedes,CITAN Box (415),engine_type-pattern,1.2 (est.),NULL,DB-internal consistency (etype vs linked engine cc)
25225,Mercedes,CITAN Box (415),engine_type-pattern,1.5 (est.),NULL,DB-internal consistency (etype vs linked engine cc)
25226,Mercedes,CITAN Mixto (415),engine_type-pattern,1.5 (est.),NULL,DB-internal consistency (etype vs linked engine cc)
25227,Mercedes,CITAN Combi (415),engine_type-pattern,1.5 (est.),NULL,DB-internal consistency (etype vs linked engine cc)
25228,Mercedes,CITAN Combi (415),engine_type-pattern,1.2 (est.),NULL,DB-internal consistency (etype vs linked engine cc)
25229,Mercedes,CITAN Combi (415),engine_type-pattern,1.2 (est.),NULL,DB-internal consistency (etype vs linked engine cc)
25245,BMW,"X5 (F15, F85)",engine_type-pattern,at Spring Eye (corr.),NULL,DB-internal consistency (etype vs linked engine cc)
25246,BMW,"X5 (F15, F85)",engine_type-pattern,320 d (corr.),NULL,DB-internal consistency (etype vs linked engine cc)
25247,BMW,"X5 (F15, F85)",engine_type-pattern,530 d (corr.),335d 3000 D,DB-internal consistency (etype vs linked engine cc)
25248,Chevrolet,CORVETTE Convertible (C6),engine_type-pattern,6.2 (corr.),6.2,DB-internal consistency (etype vs linked engine cc)
25251,Volvo,"S80 I (TS, XY)",engine_type-pattern,2.4 (corr.),NULL,DB-internal consistency (etype vs linked engine cc)
25255,Mercedes,VARIO Cab with engine,engine_type-pattern,4.3 (est.),NULL,DB-internal consistency (etype vs linked engine cc)
25256,Mercedes,VARIO Cab with engine,engine_type-pattern,4.3 (est.),NULL,DB-internal consistency (etype vs linked engine cc)
25257,Mercedes,VARIO Cab with engine,engine_type-pattern,4.2 (est.),NULL,DB-internal consistency (etype vs linked engine cc)
25258,Mercedes,VARIO Bus,engine_type-pattern,4.3 (est.),NULL,DB-internal consistency (etype vs linked engine cc)
25259,Mercedes,VARIO Bus,engine_type-pattern,4.3 (est.),NULL,DB-internal consistency (etype vs linked engine cc)
25260,Mercedes,VARIO Bus,engine_type-pattern,4.2 (est.),NULL,DB-internal consistency (etype vs linked engine cc)
25263,Land Rover,RANGE ROVER SPORT (LW),engine_type-pattern,4.4 (est.),4.4 SDV8 Autobiography,DB-internal consistency (etype vs linked engine cc)
25264,Land Rover,RANGE ROVER SPORT (LW),engine_type-pattern,3 (est.),NULL,DB-internal consistency (etype vs linked engine cc)
25282,Dacia,Dokker,engine_type-pattern,1.6 16V (corr.),1.6,DB-internal consistency (etype vs linked engine cc)
25283,Dacia,Lodgy,engine_type-pattern,1.6 16V (corr.),1.6,DB-internal consistency (etype vs linked engine cc)
25284,Kia,SPORTAGE (SL),engine_type-spoof,2.9 VR6 Syncro (1HX1),2.0 16v GDI Automatic,DB-internal consistency (etype vs linked engine cc)
25290,Mercedes,GLA-CLASS (X156),engine_type-pattern,1.6 (est.),NULL,DB-internal consistency (etype vs linked engine cc)
25291,Mercedes,GLA-CLASS (X156),engine_type-pattern,2.1 (est.),NULL,DB-internal consistency (etype vs linked engine cc)
25292,Mercedes,GLA-CLASS (X156),engine_type-pattern,2.1 (est.),NULL,DB-internal consistency (etype vs linked engine cc)
25293,Mercedes,GLA-CLASS (X156),engine_type-pattern,2.1 (est.),NULL,DB-internal consistency (etype vs linked engine cc)
25294,Mercedes,GLA-CLASS (X156),engine_type-pattern,2 (est.),NULL,DB-internal consistency (etype vs linked engine cc)
25297,Toyota,"RAV 4 IV (ZSA4_, ALA4_)",engine_type-pattern,2.0 D-4D (corr.),2.0 16v D-4D,DB-internal consistency (etype vs linked engine cc)
25305,Rolls-Royce,GHOST,engine_type-pattern,6.6 (est.),NULL,DB-internal consistency (etype vs linked engine cc)
25309,Nissan,Qashqai,engine_type-spoof,1.8 Cup 240,1.6 16v dCi,DB-internal consistency (etype vs linked engine cc)
25311,Dacia,DOKKER Express,engine_type-pattern,1.6 16V (corr.),1.6,DB-internal consistency (etype vs linked engine cc)
25312,Dacia,Duster,engine_type-pattern,1.5 dCi (corr.),NULL,DB-internal consistency (etype vs linked engine cc)
25313,Dacia,Duster,engine_type-pattern,1.5 dCi (corr.),NULL,DB-internal consistency (etype vs linked engine cc)
25319,Honda,CITY Saloon,engine_type-pattern,1.5 (corr.),1.5 i,DB-internal consistency (etype vs linked engine cc)
25320,Mercedes,CLA Coupe (C117),engine_type-pattern,1.8 (est.),F50 Coupe (W16_),DB-internal consistency (etype vs linked engine cc)
25321,Mercedes,E-CLASS (W212),engine_type-pattern,2 (est.),NULL,DB-internal consistency (etype vs linked engine cc)
25323,Mercedes,E-CLASS Coupe (C207),engine_type-pattern,350 (corr.),NULL,DB-internal consistency (etype vs linked engine cc)
25327,Mercedes,"B-CLASS (W246, W242)",engine_type-pattern,2.1 (est.),NULL,DB-internal consistency (etype vs linked engine cc)
25328,Mercedes,C-CLASS (W205),engine_type-pattern,2 (est.),NULL,DB-internal consistency (etype vs linked engine cc)
25329,Suzuki,GRAND VITARA II (JT),engine_type-pattern,2 (est.),NULL,DB-internal consistency (etype vs linked engine cc)
25330,Mercedes,C-CLASS (W205),engine_type-pattern,2.1 (est.),C 220 CDI,DB-internal consistency (etype vs linked engine cc)
25342,Skoda,OCTAVIA (5E3),engine_type-pattern,Repair rear seat bench * (corr.),1.6 TDI (110) Clean Diesel,DB-internal consistency (etype vs linked engine cc)
25343,Skoda,OCTAVIA Combi (5E5),engine_type-pattern,Repair rear seat bench * (corr.),1.6 TDI (110) Clean Diesel,DB-internal consistency (etype vs linked engine cc)
25344,Porsche,911 Convertible (991),engine_type-pattern,3.8 Carrera 4S (corr.),3.8 24v Turbo 7AT,DB-internal consistency (etype vs linked engine cc)
25347,Porsche,Macan,engine_type-pattern,3.0 D (corr.),3.0 V6 Turbo 7AT,DB-internal consistency (etype vs linked engine cc)
25349,Citroen,DS3,engine_type-pattern,1.6 HDi (corr.),NULL,DB-internal consistency (etype vs linked engine cc)
25351,Peugeot,308 SW II,engine_type-pattern,1.6 16V (corr.),NULL,DB-internal consistency (etype vs linked engine cc)
25352,Peugeot,308 SW II,engine_type-pattern,1.6 16V (corr.),1.6 16v THP,DB-internal consistency (etype vs linked engine cc)
25353,Peugeot,308 SW II,engine_type-pattern,1.6 16V (corr.),1.6 16v THP 150,DB-internal consistency (etype vs linked engine cc)
25354,Peugeot,308 SW II,engine_type-pattern,1.6 HDi (corr.),1.6 HDI,DB-internal consistency (etype vs linked engine cc)
25355,Peugeot,308 SW II,engine_type-pattern,1.6 HDi (corr.),1.6 HDI,DB-internal consistency (etype vs linked engine cc)
25356,Peugeot,308 SW II,engine_type-pattern,1.6 HDi (corr.),1.6 HDi,DB-internal consistency (etype vs linked engine cc)
25357,Peugeot,308 SW II,engine_type-pattern,2.0 HDi (corr.),2.0 HDI,DB-internal consistency (etype vs linked engine cc)
25365,Ssangyong,ACTYON II,engine_type-pattern,2.0 Xdi (corr.),NULL,DB-internal consistency (etype vs linked engine cc)
25373,Mitsubishi,MAGNA Estate,engine_type-pattern,3.5 i (corr.),3.5 Petrol,DB-internal consistency (etype vs linked engine cc)
25382,Fiat,PUNTO Van (199),engine_type-pattern,0.9 (corr.),0.9 TwinAir (85),DB-internal consistency (etype vs linked engine cc)
25383,BMW,3 Touring (F31),engine_type-pattern,530 d (corr.),335d 3000 D,DB-internal consistency (etype vs linked engine cc)
25385,Vauxhall,VXR8 Saloon,engine_type-pattern,6.2 (corr.),6.2,DB-internal consistency (etype vs linked engine cc)
25386,Vauxhall,VXR8 Saloon,engine_type-pattern,6.2 (corr.),6.2,DB-internal consistency (etype vs linked engine cc)
25388,Infiniti,QX70,engine_type-pattern,3 (est.),EX30d 3.0 V6 AWD Crossover,DB-internal consistency (etype vs linked engine cc)
25389,Infiniti,QX70,engine_type-pattern,5 (est.),NULL,DB-internal consistency (etype vs linked engine cc)
25390,Infiniti,QX50,engine_type-pattern,3 (est.),EX30d 3.0 V6 AWD Crossover,DB-internal consistency (etype vs linked engine cc)
25391,Infiniti,QX50,engine_type-pattern,37 (corr.),EX37 3.7 V6 AWD Crossover,DB-internal consistency (etype vs linked engine cc)
25392,Lamborghini,AVENTADOR Coupe,engine_type-pattern,5.2 (est.),5.2 V10 40v FSI Quattro,DB-internal consistency (etype vs linked engine cc)
25396,Chevrolet,Trax,engine_type-spoof,3.8 Carrera,1.4 16v Turbo,DB-internal consistency (etype vs linked engine cc)
25397,Chevrolet,Trax,engine_type-spoof,3.8 Carrera,1.4,DB-internal consistency (etype vs linked engine cc)
25398,Mercedes,C-CLASS (W205),engine_type-pattern,1.6 (est.),NULL,DB-internal consistency (etype vs linked engine cc)
25399,Mercedes,C-CLASS (W205),engine_type-pattern,2.1 (est.),C 220 CDI,DB-internal consistency (etype vs linked engine cc)
25400,Mercedes,"S-CLASS (W222, V222, X222)",engine_type-pattern,2.1 (est.),C 220 CDI,DB-internal consistency (etype vs linked engine cc)
25401,Mercedes,"S-CLASS (W222, V222, X222)",engine_type-pattern,2.1 (est.),C 220 CDI,DB-internal consistency (etype vs linked engine cc)
25402,Mercedes,"S-CLASS (W222, V222, X222)",engine_type-pattern,C 320 CDI (corr.),NULL,DB-internal consistency (etype vs linked engine cc)
25403,Mercedes,"S-CLASS (W222, V222, X222)",engine_type-pattern,CL 65 AMG (corr.),NULL,DB-internal consistency (etype vs linked engine cc)
25404,Mercedes,"S-CLASS (W222, V222, X222)",engine_type-pattern,CL 65 AMG (corr.),NULL,DB-internal consistency (etype vs linked engine cc)
25407,Mercedes,"S-CLASS (W222, V222, X222)",engine_type-pattern,C 320 CDI (corr.),NULL,DB-internal consistency (etype vs linked engine cc)
25411,Toyota,"VERSO (_AUR2_, _ZGR2_)",engine_type-pattern,1.6 (est.),1.6 16v D-4D,DB-internal consistency (etype vs linked engine cc)
25424,Lancia,YPSILON (846),engine_type-spoof,1.4 TDi,0.9 TwinAir (85),DB-internal consistency (etype vs linked engine cc)
25426,Audi,"A1 (8X1, 8XF)",engine_type-pattern,2.0 TFSI (corr.),2.0 TFSI Quattro,DB-internal consistency (etype vs linked engine cc)
25427,Audi,"A1 Sportback (8XA, 8XK)",engine_type-pattern,2.0 TFSI (corr.),2.0 TFSI Quattro,DB-internal consistency (etype vs linked engine cc)
25429,Audi,A3 Convertible (8V7),engine_type-pattern,1.6 (est.),1.6 TDI (110) Clean Diesel,DB-internal consistency (etype vs linked engine cc)
25437,Alfa Romeo,MITO (955),engine_type-pattern,1.2 (est.),1.3 D Multijet,DB-internal consistency (etype vs linked engine cc)
25439,Seat,LEON (5F1),engine_type-pattern,2.0 TFSI (corr.),2.0 16v TSI Cupra,DB-internal consistency (etype vs linked engine cc)
25440,Seat,LEON (5F1),engine_type-pattern,2.0 TFSI (corr.),2.0 16v TSI Cupra,DB-internal consistency (etype vs linked engine cc)
25441,Seat,LEON (5F1),engine_type-pattern,1.4 TSI (corr.),1.4 TFSI G-Tron,DB-internal consistency (etype vs linked engine cc)
25442,Seat,LEON SC (5F5),engine_type-pattern,2.0 TFSI (corr.),2.0 16v TSI Cupra,DB-internal consistency (etype vs linked engine cc)
25443,Seat,LEON SC (5F5),engine_type-pattern,2.0 TFSI (corr.),2.0 16v TSI Cupra,DB-internal consistency (etype vs linked engine cc)
25444,Hyundai,i10 (IA),engine_type-pattern,1 (est.),NULL,DB-internal consistency (etype vs linked engine cc)
25445,Seat,LEON ST (5F8),engine_type-pattern,1.6 (est.),1.6 TDI (110) Clean Diesel,DB-internal consistency (etype vs linked engine cc)
25446,Seat,LEON ST (5F8),engine_type-pattern,1.4 TSI (corr.),1.4 TFSI G-Tron,DB-internal consistency (etype vs linked engine cc)
25449,Volkswagen,"POLO (6R, 6C)",engine_type-pattern,1.2 (est.),1.2 16v TSI,DB-internal consistency (etype vs linked engine cc)
25450,Volkswagen,Golf Sportsvan,engine_type-pattern,1.6 (est.),1.6 TDI (110) Clean Diesel,DB-internal consistency (etype vs linked engine cc)
25451,Volkswagen,Golf Sportsvan,engine_type-pattern,1.6 (est.),NULL,DB-internal consistency (etype vs linked engine cc)
25455,Hyundai,"ix35 (LM, EL, ELH)",engine_type-pattern,2 (est.),2.0 16v GDI Automatic,DB-internal consistency (etype vs linked engine cc)
25458,Mercedes,A-CLASS (W176),engine_type-pattern,2.1 (est.),NULL,DB-internal consistency (etype vs linked engine cc)
25459,BMW,3 Gran Turismo (F34),engine_type-pattern,530 d (corr.),330d 3000 D,DB-internal consistency (etype vs linked engine cc)
25461,BMW,"4 Coupe (F32, F82)",engine_type-pattern,320 d (corr.),NULL,DB-internal consistency (etype vs linked engine cc)
25462,BMW,"4 Coupe (F32, F82)",engine_type-pattern,at Spring Eye (corr.),M3,DB-internal consistency (etype vs linked engine cc)
25463,BMW,2 Coupe (F22),engine_type-pattern,320 d (corr.),116d 2000 D,DB-internal consistency (etype vs linked engine cc)
25464,BMW,2 Coupe (F22),engine_type-pattern,320 d (corr.),NULL,DB-internal consistency (etype vs linked engine cc)
25465,Mercedes,V-CLASS (W447),engine_type-pattern,2.1 (est.),C 220 CDI,DB-internal consistency (etype vs linked engine cc)
25466,BMW,3 Gran Turismo (F34),engine_type-pattern,530 d (corr.),335d 3000 D,DB-internal consistency (etype vs linked engine cc)
25467,Mercedes,V-CLASS (W447),engine_type-pattern,2.1 (est.),C 220 CDI,DB-internal consistency (etype vs linked engine cc)
25468,Mercedes,GLA-CLASS (X156),engine_type-pattern,2 (est.),NULL,DB-internal consistency (etype vs linked engine cc)
25469,Mercedes,V-CLASS (W447),engine_type-pattern,2.1 (est.),C 220 CDI,DB-internal consistency (etype vs linked engine cc)
25472,Peugeot,308 II,engine_type-pattern,1.2 (est.),NULL,DB-internal consistency (etype vs linked engine cc)
25473,Peugeot,308 II,engine_type-pattern,2.0 HDi (corr.),2.0 HDI,DB-internal consistency (etype vs linked engine cc)
25475,BMW,"3 (F30, F35, F80)",engine_type-pattern,320 d (corr.),116d 2000 D,DB-internal consistency (etype vs linked engine cc)
25477,BMW,4 Gran Coupe (F36),engine_type-pattern,320 d (corr.),116d 2000 D,DB-internal consistency (etype vs linked engine cc)
25479,Mercedes,C-CLASS (W205),engine_type-pattern,2.1 (est.),C 220 CDI,DB-internal consistency (etype vs linked engine cc)
25480,BMW,3 Gran Turismo (F34),engine_type-pattern,320 d (corr.),116d 2000 D,DB-internal consistency (etype vs linked engine cc)
25481,BMW,3 Touring (F31),engine_type-pattern,320 d (corr.),116d 2000 D,DB-internal consistency (etype vs linked engine cc)
25483,BMW,4 Gran Coupe (F36),engine_type-pattern,320 d (corr.),116d 2000 D,DB-internal consistency (etype vs linked engine cc)
25494,Isuzu,MU-X Closed Off-Road Vehicle,engine_type-pattern,3 (est.),NLR 3.0 TD,DB-internal consistency (etype vs linked engine cc)
25495,BMW,1 (F20),engine_type-pattern,320 d (corr.),116d 2000 D,DB-internal consistency (etype vs linked engine cc)
25496,BMW,1 (F20),engine_type-pattern,320 d (corr.),116d 2000 D,DB-internal consistency (etype vs linked engine cc)
25497,BMW,1 (F21),engine_type-pattern,320 d (corr.),116d 2000 D,DB-internal consistency (etype vs linked engine cc)
25498,BMW,1 (F20),engine_type-pattern,528 i (corr.),NULL,DB-internal consistency (etype vs linked engine cc)
25499,BMW,2 Coupe (F22),engine_type-pattern,320 d (corr.),116d 2000 D,DB-internal consistency (etype vs linked engine cc)
25500,BMW,1 (F21),engine_type-pattern,528 i (corr.),NULL,DB-internal consistency (etype vs linked engine cc)
25508,Citroen,C4 Coupe (LA_),engine_type-pattern,2.0 16V (corr.),2.0 16v HPI,DB-internal consistency (etype vs linked engine cc)
25509,Citroen,C4 Coupe (LA_),engine_type-pattern,2.0 16V (corr.),2.0 16v,DB-internal consistency (etype vs linked engine cc)
25510,Citroen,C4 Coupe (LA_),engine_type-pattern,2.0 16V (corr.),2.0 16v,DB-internal consistency (etype vs linked engine cc)
25511,BMW,X1 (E84),engine_type-pattern,1.6 (est.),NULL,DB-internal consistency (etype vs linked engine cc)
25512,Mercedes,C-CLASS (W205),engine_type-pattern,2 (est.),NULL,DB-internal consistency (etype vs linked engine cc)
25519,Mercedes,A-CLASS (W176),engine_type-pattern,2.1 (est.),NULL,DB-internal consistency (etype vs linked engine cc)
25520,Mercedes,C-CLASS Coupe (C204),engine_type-pattern,2.1 (est.),NULL,DB-internal consistency (etype vs linked engine cc)
25521,Mercedes,GLK-CLASS (X204),engine_type-pattern,Expose accident damage for inspection,NULL,DB-internal consistency (etype vs linked engine cc)
25522,Subaru,IMPREZA Saloon (GP),engine_type-pattern,WINSTORM (corr.),2.5 Turbo WRX Sti,DB-internal consistency (etype vs linked engine cc)
25525,Infiniti,Q70 (Y51),engine_type-pattern,3.5 (est.),EX35 3.5 V6 AWD Crossover,DB-internal consistency (etype vs linked engine cc)
25527,BMW,X3 (F25),engine_type-pattern,320 d (corr.),320 td,DB-internal consistency (etype vs linked engine cc)
25528,BMW,X3 (F25),engine_type-pattern,320 d (corr.),NULL,DB-internal consistency (etype vs linked engine cc)
25529,BMW,X3 (F25),engine_type-pattern,320 d (corr.),116d 2000 D,DB-internal consistency (etype vs linked engine cc)
25530,BMW,X3 (F25),engine_type-pattern,320 d (corr.),NULL,DB-internal consistency (etype vs linked engine cc)
25531,BMW,X3 (F25),engine_type-pattern,320 d (corr.),218d 2000 D,DB-internal consistency (etype vs linked engine cc)
25532,BMW,X3 (F25),engine_type-pattern,320 d (corr.),NULL,DB-internal consistency (etype vs linked engine cc)
25533,Alpina,XD3 (F25),engine_type-pattern,3 (est.),335d 3000 D,DB-internal consistency (etype vs linked engine cc)
25534,Alpina,D3 (F30),engine_type-pattern,3 (est.),335d 3000 D,DB-internal consistency (etype vs linked engine cc)
25535,Alpina,D3 Estate (F31),engine_type-pattern,3 (est.),335d 3000 D,DB-internal consistency (etype vs linked engine cc)
25539,Citroen,DS3 Convertible,engine_type-pattern,1.6 VTi 120 (corr.),NULL,DB-internal consistency (etype vs linked engine cc)
25540,Seat,LEON (5F1),engine_type-pattern,1.2 (est.),1.2 16v TSI,DB-internal consistency (etype vs linked engine cc)
25541,Jaguar,XF SPORTBRAKE (CC9),engine_type-pattern,5.0 V8 (corr.),5.0 V8,DB-internal consistency (etype vs linked engine cc)
25544,BMW,X3 (F25),engine_type-pattern,528 i (corr.),NULL,DB-internal consistency (etype vs linked engine cc)
25545,BMW,X4 (F26),engine_type-pattern,528 i (corr.),NULL,DB-internal consistency (etype vs linked engine cc)
25546,BMW,X4 (F26),engine_type-pattern,528 i (corr.),NULL,DB-internal consistency (etype vs linked engine cc)
25547,BMW,X4 (F26),engine_type-pattern,at Spring Eye (corr.),NULL,DB-internal consistency (etype vs linked engine cc)
25548,BMW,X4 (F26),engine_type-pattern,320 d (corr.),NULL,DB-internal consistency (etype vs linked engine cc)
25549,BMW,X4 (F26),engine_type-pattern,530 d (corr.),330d 3000 D,DB-internal consistency (etype vs linked engine cc)
25550,BMW,X4 (F26),engine_type-pattern,530 d (corr.),335d 3000 D,DB-internal consistency (etype vs linked engine cc)
25551,Mercedes,S-CLASS Coupe (C217),engine_type-pattern,4.7 (est.),NULL,DB-internal consistency (etype vs linked engine cc)
25552,Mercedes,S-CLASS Coupe (C217),engine_type-pattern,4.7 (est.),NULL,DB-internal consistency (etype vs linked engine cc)
25571,Ford,TRANSIT COURIER Kombi,engine_type-pattern,1.5 (est.),NULL,DB-internal consistency (etype vs linked engine cc)
25572,Ford,TRANSIT COURIER Box,engine_type-pattern,1.5 (est.),NULL,DB-internal consistency (etype vs linked engine cc)
25573,Ford,TRANSIT COURIER Kombi,engine_type-pattern,1 (est.),1.0 EcoBoost,DB-internal consistency (etype vs linked engine cc)
25574,Ford,TRANSIT COURIER Kombi,engine_type-pattern,1 (est.),NULL,DB-internal consistency (etype vs linked engine cc)
25575,Ford,TRANSIT COURIER Kombi,engine_type-pattern,1 (est.),1.0 EcoBoost,DB-internal consistency (etype vs linked engine cc)
25576,Ford,TRANSIT COURIER Kombi,engine_type-pattern,1 (est.),NULL,DB-internal consistency (etype vs linked engine cc)
25577,Ford,TRANSIT COURIER Kombi,engine_type-pattern,1 (est.),NULL,DB-internal consistency (etype vs linked engine cc)
25578,Ford,TRANSIT COURIER Kombi,engine_type-pattern,1 (est.),NULL,DB-internal consistency (etype vs linked engine cc)
25579,Ford,TRANSIT COURIER Box,engine_type-pattern,1 (est.),1.0 EcoBoost,DB-internal consistency (etype vs linked engine cc)
25580,Ford,TRANSIT COURIER Box,engine_type-pattern,1 (est.),NULL,DB-internal consistency (etype vs linked engine cc)
25581,Ford,TRANSIT COURIER Box,engine_type-pattern,1 (est.),1.0 EcoBoost,DB-internal consistency (etype vs linked engine cc)
25582,Ford,TRANSIT COURIER Box,engine_type-pattern,1 (est.),NULL,DB-internal consistency (etype vs linked engine cc)
25583,Ford,TRANSIT COURIER Box,engine_type-pattern,1 (est.),NULL,DB-internal consistency (etype vs linked engine cc)
25584,Ford,TRANSIT COURIER Box,engine_type-pattern,1 (est.),NULL,DB-internal consistency (etype vs linked engine cc)
25585,Mercedes,S-CLASS Coupe (C217),engine_type-pattern,GAZELLE (corr.),NULL,DB-internal consistency (etype vs linked engine cc)
25586,Mercedes,S-CLASS Coupe (C217),engine_type-pattern,GAZELLE (corr.),NULL,DB-internal consistency (etype vs linked engine cc)
25589,Ford,TOURNEO COURIER Kombi,engine_type-pattern,1 (est.),NULL,DB-internal consistency (etype vs linked engine cc)
25590,Ford,TOURNEO COURIER Kombi,engine_type-pattern,1 (est.),NULL,DB-internal consistency (etype vs linked engine cc)
25591,Ford,TOURNEO COURIER Kombi,engine_type-pattern,1.5 (est.),NULL,DB-internal consistency (etype vs linked engine cc)
25602,Ford,TRANSIT Box,engine_type-pattern,"A4 (8D2, B5)",2.2 TDCi,DB-internal consistency (etype vs linked engine cc)
25610,Ford,TRANSIT Box,engine_type-pattern,"A4 (8D2, B5)",NULL,DB-internal consistency (etype vs linked engine cc)
25611,Ford,TRANSIT Box,engine_type-pattern,"A4 (8D2, B5)",NULL,DB-internal consistency (etype vs linked engine cc)
25622,Ford,TRANSIT Platform/Chassis,engine_type-pattern,"A4 (8D2, B5)",NULL,DB-internal consistency (etype vs linked engine cc)
25623,Ford,TRANSIT Platform/Chassis,engine_type-pattern,"A4 (8D2, B5)",NULL,DB-internal consistency (etype vs linked engine cc)
25629,Ford,B-Max,engine_type-spoof,3.8 Carrera,NULL,DB-internal consistency (etype vs linked engine cc)
25630,Porsche,BOXSTER (981),engine_type-pattern,S 3.4 (corr.),3.4 24v 6MT,DB-internal consistency (etype vs linked engine cc)
25634,Volkswagen,Golf Sportsvan,engine_type-pattern,1.2 (est.),1.2 16v TSI,DB-internal consistency (etype vs linked engine cc)
25636,Maserati,QUATTROPORTE VI,engine_type-pattern,3.8 (est.),NULL,DB-internal consistency (etype vs linked engine cc)
25638,Lexus,"RC (GSC1_, USC1_)",engine_type-pattern,"Bulb, indicator-/marker light",2.5 Hybrid,DB-internal consistency (etype vs linked engine cc)
25642,Mercedes,SL (R231),engine_type-pattern,300 SL (corr.),NULL,DB-internal consistency (etype vs linked engine cc)
25663,Volkswagen,Golf Sportsvan,engine_type-pattern,1.2 (est.),NULL,DB-internal consistency (etype vs linked engine cc)
25664,Volkswagen,Golf Sportsvan,engine_type-pattern,1.6 (est.),1.6 16v TDI,DB-internal consistency (etype vs linked engine cc)
25668,Volkswagen,Golf Sportsvan,engine_type-spoof,6.7 Turbo R,NULL,DB-internal consistency (etype vs linked engine cc)
25671,Lada,KALINA Hatchback (2192),engine_type-spoof,1.6,1.3,DB-internal consistency (etype vs linked engine cc)
25673,Lada,KALINA Estate (2194),engine_type-spoof,1.6,1.3,DB-internal consistency (etype vs linked engine cc)
25676,Mercedes,M-CLASS (W166),engine_type-pattern,350 (corr.),NULL,DB-internal consistency (etype vs linked engine cc)
25678,Porsche,Macan,engine_type-pattern,3.0 D (corr.),3.0 V6 Turbo 7AT,DB-internal consistency (etype vs linked engine cc)
25679,Porsche,Macan,engine_type-pattern,3.0 D (corr.),3.0 V6 Turbo 7AT,DB-internal consistency (etype vs linked engine cc)
25690,Peugeot,308 SW II,engine_type-pattern,1.2 (est.),NULL,DB-internal consistency (etype vs linked engine cc)
25691,Peugeot,508,engine_type-pattern,2.0 HDi (corr.),2.0 HDI,DB-internal consistency (etype vs linked engine cc)
25692,Peugeot,508 SW,engine_type-pattern,2.0 HDi (corr.),2.0 HDI,DB-internal consistency (etype vs linked engine cc)
25697,BMW,2 Active Tourer (F45),engine_type-pattern,1.5 (est.),Cooper,DB-internal consistency (etype vs linked engine cc)
25698,GMC,SIERRA 1500 Extended Cab Pickup,engine_type-pattern,5.3 (corr.),NULL,DB-internal consistency (etype vs linked engine cc)
25699,GMC,SIERRA 1500 Extended Cab Pickup,engine_type-pattern,5.3 (corr.),5.3 V8 Vortec FlexFuel,DB-internal consistency (etype vs linked engine cc)
25701,BMW,"4 Convertible (F33, F83)",engine_type-pattern,at Spring Eye (corr.),M3,DB-internal consistency (etype vs linked engine cc)
25702,Volkswagen,"GOLF VII (5G1, BE1)",engine_type-pattern,1.2 (est.),1.2 16v TSI,DB-internal consistency (etype vs linked engine cc)
25713,Volkswagen,GOLF VII Estate (BA5),engine_type-pattern,1.2 (est.),1.2 16v TSI,DB-internal consistency (etype vs linked engine cc)
25714,BMW,"4 Convertible (F33, F83)",engine_type-pattern,320 d (corr.),NULL,DB-internal consistency (etype vs linked engine cc)
25717,BMW,"4 Convertible (F33, F83)",engine_type-pattern,530 d (corr.),330d 3000 D,DB-internal consistency (etype vs linked engine cc)
25718,BMW,"4 Convertible (F33, F83)",engine_type-pattern,530 d (corr.),335d 3000 D,DB-internal consistency (etype vs linked engine cc)
25719,BMW,4 Gran Coupe (F36),engine_type-pattern,530 d (corr.),330d 3000 D,DB-internal consistency (etype vs linked engine cc)
25720,BMW,4 Gran Coupe (F36),engine_type-pattern,530 d (corr.),335d 3000 D,DB-internal consistency (etype vs linked engine cc)
25725,BMW,3 (E90),engine_type-pattern,at Spring Eye (corr.),1M 3000 TwinTurbo,DB-internal consistency (etype vs linked engine cc)
25726,Ford,B-Max,engine_type-spoof,3.8 Carrera,NULL,DB-internal consistency (etype vs linked engine cc)
25727,BMW,5 Gran Turismo (F07),engine_type-pattern,Dismantle/assemble gear selector bearing/mounting body (corr.),NULL,DB-internal consistency (etype vs linked engine cc)
25728,BMW,6 Convertible (F12),engine_type-pattern,Dismantle/assemble gear selector bearing/mounting body (removed),NULL,DB-internal consistency (etype vs linked engine cc)
25729,BMW,6 Coupe (F13),engine_type-pattern,Dismantle/assemble gear selector bearing/mounting body (removed),NULL,DB-internal consistency (etype vs linked engine cc)
25730,BMW,6 Coupe (F13),engine_type-pattern,Dismantle/assemble gear selector bearing/mounting body (removed),4.4 V8 TwinTurbo,DB-internal consistency (etype vs linked engine cc)
25731,Ford,C-MAX II,engine_type-pattern,1.6 Ti (corr.),1.6 Ti-VCT Flexifuel (120),DB-internal consistency (etype vs linked engine cc)
25732,Mercedes,E-CLASS Convertible (A207),engine_type-pattern,4.7 (est.),NULL,DB-internal consistency (etype vs linked engine cc)
25734,Kia,SOUL II (PS),engine_type-spoof,1.4 Mirafiori,1.6 16v,DB-internal consistency (etype vs linked engine cc)
25736,Jeep,"GRAND CHEROKEE IV (WK, WK2)",engine_type-pattern,3 (est.),NULL,DB-internal consistency (etype vs linked engine cc)
25742,Volkswagen,"GOLF VII (5G1, BE1)",engine_type-pattern,1.4 TSI (corr.),NULL,DB-internal consistency (etype vs linked engine cc)
25750,Opel,MOVANO B Bus,engine_type-spoof,2.0 GT3,2.3 Diesel,DB-internal consistency (etype vs linked engine cc)
25751,Opel,MOVANO B Bus,engine_type-spoof,2.0 GT3,NULL,DB-internal consistency (etype vs linked engine cc)
25752,Opel,MOVANO B Bus,engine_type-spoof,2.0 GT3,NULL,DB-internal consistency (etype vs linked engine cc)
25753,Opel,MOVANO B Box,engine_type-pattern,2.0 GT3 (corr.),NULL,DB-internal consistency (etype vs linked engine cc)
25754,Opel,MOVANO B Box,engine_type-pattern,2.0 GT3 (corr.),NULL,DB-internal consistency (etype vs linked engine cc)
25755,Opel,MOVANO B Box,engine_type-pattern,2.0 GT3 (corr.),NULL,DB-internal consistency (etype vs linked engine cc)
25756,Opel,MOVANO B Box,engine_type-pattern,2.0 GT3 (corr.),NULL,DB-internal consistency (etype vs linked engine cc)
25757,Opel,MOVANO B Box,engine_type-pattern,2.0 GT3 (corr.),2.3 Diesel,DB-internal consistency (etype vs linked engine cc)
25758,Opel,MOVANO B Platform/Chassis,engine_type-pattern,2.0 GT3 (corr.),2.3 Diesel,DB-internal consistency (etype vs linked engine cc)
25759,Opel,MOVANO B Platform/Chassis,engine_type-pattern,2.0 GT3 (corr.),NULL,DB-internal consistency (etype vs linked engine cc)
25760,Opel,MOVANO B Platform/Chassis,engine_type-pattern,2.0 GT3 (corr.),NULL,DB-internal consistency (etype vs linked engine cc)
25762,Opel,MOVANO B Platform/Chassis,engine_type-pattern,2.0 GT3 (corr.),NULL,DB-internal consistency (etype vs linked engine cc)
25763,Opel,MOVANO B Platform/Chassis,engine_type-pattern,2.0 GT3 (corr.),NULL,DB-internal consistency (etype vs linked engine cc)
25776,Mercedes,C-CLASS (W205),engine_type-pattern,1.6 (est.),NULL,DB-internal consistency (etype vs linked engine cc)
25777,Mercedes,C-CLASS (W205),engine_type-pattern,1.6 (est.),NULL,DB-internal consistency (etype vs linked engine cc)
25778,Mercedes,C-CLASS (W205),engine_type-pattern,2.1 (est.),C 220 CDI,DB-internal consistency (etype vs linked engine cc)
25779,Mercedes,CLS (C218),engine_type-pattern,2.1 (est.),NULL,DB-internal consistency (etype vs linked engine cc)
25780,Mercedes,CLS (C218),engine_type-pattern,2.1 (est.),NULL,DB-internal consistency (etype vs linked engine cc)
25781,Mercedes,CLS (C218),engine_type-pattern,2.1 (est.),NULL,DB-internal consistency (etype vs linked engine cc)
25782,Mercedes,CLS (C218),engine_type-pattern,2.1 (est.),NULL,DB-internal consistency (etype vs linked engine cc)
25783,Mercedes,CLS (C218),engine_type-pattern,C 320 CDI (corr.),NULL,DB-internal consistency (etype vs linked engine cc)
25784,Mercedes,CLS (C218),engine_type-pattern,300 SL (corr.),NULL,DB-internal consistency (etype vs linked engine cc)
25785,Mercedes,CLS Shooting Brake (X218),engine_type-pattern,2.1 (est.),NULL,DB-internal consistency (etype vs linked engine cc)
25786,Mercedes,CLS Shooting Brake (X218),engine_type-pattern,2.1 (est.),NULL,DB-internal consistency (etype vs linked engine cc)
25787,Mercedes,CLS Shooting Brake (X218),engine_type-pattern,2.1 (est.),NULL,DB-internal consistency (etype vs linked engine cc)
25788,Mercedes,CLS Shooting Brake (X218),engine_type-pattern,2.1 (est.),NULL,DB-internal consistency (etype vs linked engine cc)
25789,Mercedes,CLS Shooting Brake (X218),engine_type-pattern,C 320 CDI (corr.),NULL,DB-internal consistency (etype vs linked engine cc)
25790,Mercedes,CLS Shooting Brake (X218),engine_type-pattern,C 320 CDI (corr.),NULL,DB-internal consistency (etype vs linked engine cc)
25791,Mercedes,CLS Shooting Brake (X218),engine_type-pattern,300 SL (corr.),NULL,DB-internal consistency (etype vs linked engine cc)
25792,Mercedes,E-CLASS (W212),engine_type-pattern,2.1 (est.),NULL,DB-internal consistency (etype vs linked engine cc)
25793,Mercedes,E-CLASS (W212),engine_type-pattern,Glass (corr.),NULL,DB-internal consistency (etype vs linked engine cc)
25795,Mercedes,E-CLASS Convertible (A207),engine_type-pattern,2.1 (est.),NULL,DB-internal consistency (etype vs linked engine cc)
25797,Mercedes,E-CLASS Coupe (C207),engine_type-pattern,2.1 (est.),NULL,DB-internal consistency (etype vs linked engine cc)
25798,Mercedes,E-CLASS Coupe (C207),engine_type-pattern,C 320 CDI (corr.),NULL,DB-internal consistency (etype vs linked engine cc)
25800,Volvo,S60 II,engine_type-pattern,3 (est.),NULL,DB-internal consistency (etype vs linked engine cc)
25801,Volvo,V60,engine_type-pattern,3 (est.),NULL,DB-internal consistency (etype vs linked engine cc)
25803,Audi,A3 (8V1),engine_type-spoof,S6 4.2 quattro,1.2 16v TSI,DB-internal consistency (etype vs linked engine cc)
25808,Audi,A3 Limousine (8VS),engine_type-spoof,S6 4.2 quattro,1.2 16v TSI,DB-internal consistency (etype vs linked engine cc)
25810,Audi,A3 Limousine (8VS),engine_type-pattern,1.6 (est.),1.6 TDI (110) Clean Diesel,DB-internal consistency (etype vs linked engine cc)
25812,Audi,A3 Sportback (8VA),engine_type-spoof,S6 4.2 quattro,1.2 16v TSI,DB-internal consistency (etype vs linked engine cc)
25815,Audi,A3 Sportback (8VA),engine_type-pattern,1.4 TFSI (corr.),NULL,DB-internal consistency (etype vs linked engine cc)
25819,Audi,R8,engine_type-pattern,5.2 (est.),NULL,DB-internal consistency (etype vs linked engine cc)
25822,Seat,LEON SC (5F5),engine_type-pattern,1.2 (est.),1.2 16v TSI,DB-internal consistency (etype vs linked engine cc)
25825,Seat,LEON ST (5F8),engine_type-pattern,1.2 (est.),1.2 16v TSI,DB-internal consistency (etype vs linked engine cc)
25828,BMW,"X6 (F16, F86)",engine_type-pattern,530 d (corr.),330d 3000 D,DB-internal consistency (etype vs linked engine cc)
25829,BMW,"X6 (F16, F86)",engine_type-pattern,Dismantle/assemble gear selector bearing/mounting body (corr.),NULL,DB-internal consistency (etype vs linked engine cc)
25830,BMW,"X6 (F16, F86)",engine_type-pattern,530 d (corr.),NULL,DB-internal consistency (etype vs linked engine cc)
25837,Toyota,"COROLLA Saloon (NRE18_, ZRE17_, ZRE18_, NDE18_)",engine_type-spoof,3.1 TD,1.6 16v VVT-i,DB-internal consistency (etype vs linked engine cc)
25838,Mercedes,C-CLASS T-Model (S205),engine_type-pattern,2.1 (est.),C 220 CDI,DB-internal consistency (etype vs linked engine cc)
25839,Mercedes,C-CLASS T-Model (S205),engine_type-pattern,2.1 (est.),C 220 CDI,DB-internal consistency (etype vs linked engine cc)
25840,Mercedes,C-CLASS T-Model (S205),engine_type-pattern,1.6 (est.),NULL,DB-internal consistency (etype vs linked engine cc)
25841,Mercedes,C-CLASS T-Model (S205),engine_type-pattern,2 (est.),NULL,DB-internal consistency (etype vs linked engine cc)
25842,Mercedes,C-CLASS T-Model (S205),engine_type-pattern,2 (est.),NULL,DB-internal consistency (etype vs linked engine cc)
25849,Nissan,X-TRAIL (T32),engine_type-spoof,1.8 Cup 240,1.6 16v dCi,DB-internal consistency (etype vs linked engine cc)
25855,Mini,MINI (F55),engine_type-spoof,1.6 Trekking,218d 2000 D,DB-internal consistency (etype vs linked engine cc)
25860,Mini,MINI (F56),engine_type-spoof,1.6 Trekking,218d 2000 D,DB-internal consistency (etype vs linked engine cc)
25861,Peugeot,508 SW,engine_type-spoof,3000 GT (Z16A),NULL,DB-internal consistency (etype vs linked engine cc)
25885,Skoda,OCTAVIA (5E3),engine_type-pattern,1.4 (est.),1.4 TFSI G-Tron,DB-internal consistency (etype vs linked engine cc)
25886,Skoda,OCTAVIA Combi (5E5),engine_type-pattern,1.4 (est.),1.4 TFSI G-Tron,DB-internal consistency (etype vs linked engine cc)
25897,Volkswagen,PASSAT (3G2),engine_type-spoof,2.7 D Rear Wheel Drive,NULL,DB-internal consistency (etype vs linked engine cc)
25898,Volkswagen,PASSAT Variant (3G5),engine_type-spoof,2.7 D Rear Wheel Drive,NULL,DB-internal consistency (etype vs linked engine cc)
25899,Volkswagen,"JETTA IV (162, 163)",engine_type-spoof,1.6,1.2 8v TSI,DB-internal consistency (etype vs linked engine cc)
25903,Lexus,NX (AYZ1_),engine_type-pattern,2 (est.),NULL,DB-internal consistency (etype vs linked engine cc)
25904,Lexus,NX (AYZ1_),engine_type-pattern,"Bulb, indicator-/marker light",2.5 Hybrid,DB-internal consistency (etype vs linked engine cc)
25905,Holden,CALAIS Saloon (VE),engine_type-pattern,3.6 (est.),3.6 V6 LS,DB-internal consistency (etype vs linked engine cc)
25906,Holden,CALAIS Saloon (VE),engine_type-pattern,6 (est.),6.0 V8 Vortec MAX,DB-internal consistency (etype vs linked engine cc)
25909,Daihatsu,SIRION (M1),engine_type-pattern,1.3 (corr.),NULL,DB-internal consistency (etype vs linked engine cc)
25910,Holden,CALAIS Saloon (VX),engine_type-pattern,3.8 (est.),NULL,DB-internal consistency (etype vs linked engine cc)
25911,Holden,CALAIS Saloon (VX),engine_type-pattern,3.8 (est.),NULL,DB-internal consistency (etype vs linked engine cc)
25912,Holden,CALAIS Saloon (VX),engine_type-pattern,3.8 (est.),NULL,DB-internal consistency (etype vs linked engine cc)
25913,Holden,CALAIS Saloon (VX),engine_type-pattern,3.8 (est.),NULL,DB-internal consistency (etype vs linked engine cc)
25914,Holden,CALAIS Saloon (VX),engine_type-pattern,3.8 (est.),NULL,DB-internal consistency (etype vs linked engine cc)
25915,Holden,CALAIS Saloon (VX),engine_type-pattern,3.8 (est.),NULL,DB-internal consistency (etype vs linked engine cc)
25917,Holden,CALAIS Saloon (VY),engine_type-pattern,3.8 (est.),NULL,DB-internal consistency (etype vs linked engine cc)
25918,Holden,CALAIS Saloon (VY),engine_type-pattern,3.8 (est.),NULL,DB-internal consistency (etype vs linked engine cc)
25920,Holden,CALAIS Saloon (VZ),engine_type-pattern,3.6 (est.),NULL,DB-internal consistency (etype vs linked engine cc)
25923,Holden,CALAIS Saloon (VZ),engine_type-pattern,6 (est.),6.0 V8 Vortec MAX,DB-internal consistency (etype vs linked engine cc)
25924,Holden,CALAIS Estate (VE),engine_type-pattern,3.6 (est.),3.6 V6 LS,DB-internal consistency (etype vs linked engine cc)
25925,Holden,CALAIS Estate (VE),engine_type-pattern,6 (est.),6.0 V8 Vortec MAX,DB-internal consistency (etype vs linked engine cc)
25929,HSV,GRANGE Saloon (VF),engine_type-pattern,6.2 (est.),6.2,DB-internal consistency (etype vs linked engine cc)
25936,Smart,FORTWO Coupe (453),engine_type-pattern,1 (est.),NULL,DB-internal consistency (etype vs linked engine cc)
25938,Lexus,LX (URJ201),engine_type-pattern,5.7 (est.),LX570 5.7 V8 VVT-i,DB-internal consistency (etype vs linked engine cc)
25947,Nissan,TEANA III (J33),engine_type-pattern,2.5 (corr.),2.5 16v DOHC,DB-internal consistency (etype vs linked engine cc)
25948,Volvo,V60,engine_type-pattern,3 (est.),NULL,DB-internal consistency (etype vs linked engine cc)
25949,Volvo,V60,engine_type-pattern,3 (est.),NULL,DB-internal consistency (etype vs linked engine cc)
25950,Peugeot,208,engine_type-pattern,1.2 (est.),NULL,DB-internal consistency (etype vs linked engine cc)
25952,Iveco,DAILY Platform/Chassis,engine_type-spoof,1.8 TURBO,NULL,DB-internal consistency (etype vs linked engine cc)
25953,Iveco,DAILY Platform/Chassis,engine_type-pattern,2.3 (est.),NULL,DB-internal consistency (etype vs linked engine cc)
25954,Iveco,DAILY Platform/Chassis,engine_type-pattern,1.6 e (corr.),NULL,DB-internal consistency (etype vs linked engine cc)
25955,Iveco,DAILY Platform/Chassis,engine_type-pattern,1.6 e (corr.),NULL,DB-internal consistency (etype vs linked engine cc)
25958,Iveco,DAILY Platform/Chassis,engine_type-spoof,1.4 D4d,NULL,DB-internal consistency (etype vs linked engine cc)
25959,Iveco,DAILY Platform/Chassis,engine_type-pattern,3 (est.),NULL,DB-internal consistency (etype vs linked engine cc)
25960,Iveco,DAILY Platform/Chassis,engine_type-pattern,3 (est.),NULL,DB-internal consistency (etype vs linked engine cc)
25961,Iveco,DAILY Platform/Chassis,engine_type-spoof,2.0 TURBO,NULL,DB-internal consistency (etype vs linked engine cc)
25962,Iveco,DAILY Box Body / Estate,engine_type-spoof,1.8 TURBO,NULL,DB-internal consistency (etype vs linked engine cc)
25963,Iveco,DAILY Box Body / Estate,engine_type-pattern,2.3 (est.),NULL,DB-internal consistency (etype vs linked engine cc)
25964,Iveco,DAILY Box Body / Estate,engine_type-spoof,2.0 TURBO,NULL,DB-internal consistency (etype vs linked engine cc)
25965,Iveco,DAILY Box Body / Estate,engine_type-pattern,1.6 e (corr.),NULL,DB-internal consistency (etype vs linked engine cc)
25966,Iveco,DAILY Box Body / Estate,engine_type-pattern,1.6 e (corr.),NULL,DB-internal consistency (etype vs linked engine cc)
25969,Iveco,DAILY Box Body / Estate,engine_type-spoof,1.4 D4d,NULL,DB-internal consistency (etype vs linked engine cc)
25970,Iveco,DAILY Box Body / Estate,engine_type-pattern,1.4 Abarth (corr.),NULL,DB-internal consistency (etype vs linked engine cc)
25971,Iveco,DAILY Box Body / Estate,engine_type-pattern,1.4 Abarth (corr.),NULL,DB-internal consistency (etype vs linked engine cc)
25974,Volvo,Xc60,engine_type-pattern,3 (est.),NULL,DB-internal consistency (etype vs linked engine cc)
25975,Volvo,Xc60,engine_type-pattern,D5 (corr.),D5,DB-internal consistency (etype vs linked engine cc)
25977,BMW,X4 (F26),engine_type-pattern,320 d (corr.),NULL,DB-internal consistency (etype vs linked engine cc)
25978,BMW,"X6 (F16, F86)",engine_type-pattern,530 d (corr.),330d 3000 D,DB-internal consistency (etype vs linked engine cc)
25979,Mercedes,C-CLASS T-Model (S205),engine_type-pattern,1.6 (est.),NULL,DB-internal consistency (etype vs linked engine cc)
25981,Mercedes,"S-CLASS (W222, V222, X222)",engine_type-pattern,3 (est.),NULL,DB-internal consistency (etype vs linked engine cc)
25982,Mercedes,S-CLASS Coupe (C217),engine_type-pattern,CL 65 AMG (corr.),NULL,DB-internal consistency (etype vs linked engine cc)
25987,Opel,ASTRA J Saloon,engine_type-spoof,3.8 Carrera,1.4 16v Turbo,DB-internal consistency (etype vs linked engine cc)
25992,Ferrari,599 SA,engine_type-pattern,6 (est.),6.0 V12 GTB Fiorano,DB-internal consistency (etype vs linked engine cc)
25993,Mercedes,CLA Coupe (C117),engine_type-pattern,2.1 (est.),NULL,DB-internal consistency (etype vs linked engine cc)
25994,Mercedes,E-CLASS Convertible (A207),engine_type-pattern,300 SL (corr.),NULL,DB-internal consistency (etype vs linked engine cc)
25995,Mercedes,E-CLASS Convertible (A207),engine_type-pattern,350 (corr.),NULL,DB-internal consistency (etype vs linked engine cc)
25998,Mercedes,VITO Box (W447),engine_type-pattern,1.6 (est.),NULL,DB-internal consistency (etype vs linked engine cc)
26000,Mercedes,VITO Box (W447),engine_type-pattern,1.6 (est.),NULL,DB-internal consistency (etype vs linked engine cc)
26003,Mercedes,VITO Box (W447),engine_type-pattern,2.1 (est.),C 220 CDI,DB-internal consistency (etype vs linked engine cc)
26006,Mercedes,VITO Box (W447),engine_type-pattern,2.1 (est.),C 220 CDI,DB-internal consistency (etype vs linked engine cc)
26007,Mercedes,VITO Mixto (W447),engine_type-pattern,1.6 (est.),NULL,DB-internal consistency (etype vs linked engine cc)
26008,Mercedes,VITO Mixto (W447),engine_type-pattern,1.6 (est.),NULL,DB-internal consistency (etype vs linked engine cc)
26009,Mercedes,VITO Mixto (W447),engine_type-pattern,2.1 (est.),C 220 CDI,DB-internal consistency (etype vs linked engine cc)
26010,Mercedes,VITO Mixto (W447),engine_type-pattern,2.1 (est.),C 220 CDI,DB-internal consistency (etype vs linked engine cc)
26011,Mercedes,VITO Mixto (W447),engine_type-pattern,2.1 (est.),C 220 CDI,DB-internal consistency (etype vs linked engine cc)
26012,Mercedes,VITO Tourer (W447),engine_type-pattern,1.6 (est.),NULL,DB-internal consistency (etype vs linked engine cc)
26013,Mercedes,VITO Tourer (W447),engine_type-pattern,1.6 (est.),NULL,DB-internal consistency (etype vs linked engine cc)
26014,Mercedes,VITO Tourer (W447),engine_type-pattern,2.1 (est.),C 220 CDI,DB-internal consistency (etype vs linked engine cc)
26015,Mercedes,VITO Tourer (W447),engine_type-pattern,2.1 (est.),C 220 CDI,DB-internal consistency (etype vs linked engine cc)
26016,Mercedes,VITO Tourer (W447),engine_type-pattern,2.1 (est.),C 220 CDI,DB-internal consistency (etype vs linked engine cc)
26022,Renault,FLUENCE (L30_),engine_type-spoof,1.8 Cup 240,NULL,DB-internal consistency (etype vs linked engine cc)
26023,Mercedes,E-CLASS T-Model (S212),engine_type-pattern,C 320 CDI (corr.),NULL,DB-internal consistency (etype vs linked engine cc)
26024,Mercedes,E-CLASS T-Model (S212),engine_type-pattern,C 320 CDI (corr.),NULL,DB-internal consistency (etype vs linked engine cc)
26025,Mercedes,E-CLASS T-Model (S212),engine_type-pattern,350 (corr.),NULL,DB-internal consistency (etype vs linked engine cc)
26026,Mercedes,E-CLASS Coupe (C207),engine_type-pattern,300 SL (corr.),NULL,DB-internal consistency (etype vs linked engine cc)
26027,Mercedes,E-CLASS Coupe (C207),engine_type-pattern,350 (corr.),NULL,DB-internal consistency (etype vs linked engine cc)
26028,Mercedes,GLA-CLASS (X156),engine_type-pattern,1.5 (est.),NULL,DB-internal consistency (etype vs linked engine cc)
26029,Porsche,Cayenne,engine_type-pattern,"Taper Screw, spring bolt",3.0 V6 8AT,DB-internal consistency (etype vs linked engine cc)
26030,Porsche,Cayenne,engine_type-pattern,"Taper Screw, spring bolt",3.0 V6 8AT,DB-internal consistency (etype vs linked engine cc)
26031,Porsche,Cayenne,engine_type-pattern,"Taper Screw, spring bolt",3.0 V6 8AT,DB-internal consistency (etype vs linked engine cc)
26032,Porsche,Cayenne,engine_type-pattern,"Taper Screw, spring bolt",3.0 V6 8AT,DB-internal consistency (etype vs linked engine cc)
26033,Porsche,Cayenne,engine_type-pattern,4.1 (est.),4.2 V8 TDI 8AT,DB-internal consistency (etype vs linked engine cc)
26035,Porsche,Cayenne,engine_type-pattern,Dismantle/assemble rear axle (rear axle removed),4.8 V8 Turbo 8AT,DB-internal consistency (etype vs linked engine cc)
26036,BMW,2 Active Tourer (F45),engine_type-pattern,320 d (corr.),218d 2000 D,DB-internal consistency (etype vs linked engine cc)
26041,Volvo,XC90 II,engine_type-pattern,T5 (corr.),NULL,DB-internal consistency (etype vs linked engine cc)
26042,Volvo,XC90 II,engine_type-pattern,D4 (corr.),NULL,DB-internal consistency (etype vs linked engine cc)
26052,Land Rover,DISCOVERY SPORT (LC),engine_type-pattern,2 (est.),2.0 16v T Si4,DB-internal consistency (etype vs linked engine cc)
26053,Mercedes,CLS (C218),engine_type-spoof,1.5 VVTi 4WD,NULL,DB-internal consistency (etype vs linked engine cc)
26054,Mercedes,CLS Shooting Brake (X218),engine_type-spoof,1.8 VVTi 4WD,NULL,DB-internal consistency (etype vs linked engine cc)
26057,Volkswagen,"POLO (6R, 6C)",engine_type-pattern,1.2 (est.),NULL,DB-internal consistency (etype vs linked engine cc)
26058,Ford,MONDEO V Hatchback,engine_type-pattern,1.5 (est.),NULL,DB-internal consistency (etype vs linked engine cc)
26059,Ford,MONDEO V Hatchback,engine_type-pattern,1.5 (est.),NULL,DB-internal consistency (etype vs linked engine cc)
26060,Ford,MONDEO V Hatchback,engine_type-pattern,1.5 (est.),NULL,DB-internal consistency (etype vs linked engine cc)
26061,Ford,MONDEO V Hatchback,engine_type-pattern,1.5 (est.),NULL,DB-internal consistency (etype vs linked engine cc)
26062,Ford,MONDEO V Hatchback,engine_type-pattern,2.0 (corr.),NULL,DB-internal consistency (etype vs linked engine cc)
26063,Ford,MONDEO V Hatchback,engine_type-pattern,2.0 (corr.),NULL,DB-internal consistency (etype vs linked engine cc)
26064,Ford,MONDEO V Hatchback,engine_type-pattern,2.0 (corr.),NULL,DB-internal consistency (etype vs linked engine cc)
26065,Ford,MONDEO V Hatchback,engine_type-pattern,2.0 (corr.),NULL,DB-internal consistency (etype vs linked engine cc)
26066,Ford,MONDEO V Hatchback,engine_type-pattern,2.0 (corr.),NULL,DB-internal consistency (etype vs linked engine cc)
26071,Ford,MONDEO V Turnier,engine_type-pattern,1.5 (est.),NULL,DB-internal consistency (etype vs linked engine cc)
26072,Ford,MONDEO V Turnier,engine_type-pattern,1.5 (est.),NULL,DB-internal consistency (etype vs linked engine cc)
26073,Ford,MONDEO V Turnier,engine_type-pattern,1.5 (est.),NULL,DB-internal consistency (etype vs linked engine cc)
26074,Ford,MONDEO V Turnier,engine_type-pattern,1.5 (est.),NULL,DB-internal consistency (etype vs linked engine cc)
26075,Ford,MONDEO V Turnier,engine_type-pattern,2.0 (corr.),NULL,DB-internal consistency (etype vs linked engine cc)
26076,Ford,MONDEO V Turnier,engine_type-pattern,2.0 (corr.),NULL,DB-internal consistency (etype vs linked engine cc)
26077,Ford,MONDEO V Turnier,engine_type-pattern,2.0 (corr.),NULL,DB-internal consistency (etype vs linked engine cc)
26078,Ford,MONDEO V Turnier,engine_type-pattern,2.0 (corr.),NULL,DB-internal consistency (etype vs linked engine cc)
26079,Ford,MONDEO V Turnier,engine_type-pattern,2.0 (corr.),NULL,DB-internal consistency (etype vs linked engine cc)
26098,Ford,TRANSIT Bus,engine_type-pattern,"A4 (8D2, B5)",NULL,DB-internal consistency (etype vs linked engine cc)
26099,Ford,TRANSIT Bus,engine_type-pattern,"A4 (8D2, B5)",NULL,DB-internal consistency (etype vs linked engine cc)
26104,Mini,MINI PACEMAN (R61),engine_type-spoof,3.3 VVTi G,Cooper,DB-internal consistency (etype vs linked engine cc)
26106,BMW,"3 (F30, F35, F80)",engine_type-pattern,at Spring Eye (corr.),NULL,DB-internal consistency (etype vs linked engine cc)
26107,BMW,"3 (F30, F35, F80)",engine_type-pattern,at Spring Eye (corr.),NULL,DB-internal consistency (etype vs linked engine cc)
26108,Ford,FOCUS III,engine_type-pattern,1.5 (est.),NULL,DB-internal consistency (etype vs linked engine cc)
26109,Ford,FOCUS III,engine_type-pattern,1.5 (est.),NULL,DB-internal consistency (etype vs linked engine cc)
26110,Ford,FOCUS III,engine_type-pattern,1.5 (est.),NULL,DB-internal consistency (etype vs linked engine cc)
26111,Ford,FOCUS III,engine_type-pattern,1.5 (est.),NULL,DB-internal consistency (etype vs linked engine cc)
26112,BMW,3 Touring (F31),engine_type-pattern,at Spring Eye (corr.),NULL,DB-internal consistency (etype vs linked engine cc)
26113,BMW,3 Touring (F31),engine_type-pattern,at Spring Eye (corr.),NULL,DB-internal consistency (etype vs linked engine cc)
26114,Mercedes,E-CLASS (W212),engine_type-spoof,2.4 VX,NULL,DB-internal consistency (etype vs linked engine cc)
26115,BMW,3 Gran Turismo (F34),engine_type-pattern,at Spring Eye (corr.),NULL,DB-internal consistency (etype vs linked engine cc)
26116,Ford,FOCUS III,engine_type-pattern,1.5 (est.),NULL,DB-internal consistency (etype vs linked engine cc)
26117,Ford,FOCUS III,engine_type-pattern,1.5 (est.),NULL,DB-internal consistency (etype vs linked engine cc)
26118,Ford,FOCUS III,engine_type-pattern,1.5 (est.),NULL,DB-internal consistency (etype vs linked engine cc)
26119,BMW,3 Gran Turismo (F34),engine_type-pattern,at Spring Eye (corr.),NULL,DB-internal consistency (etype vs linked engine cc)
26120,Ford,FOCUS III,engine_type-pattern,1.5 (est.),NULL,DB-internal consistency (etype vs linked engine cc)
26121,Ford,FOCUS III,engine_type-pattern,1.5 (est.),NULL,DB-internal consistency (etype vs linked engine cc)
26122,Ford,FOCUS III,engine_type-pattern,1.5 (est.),NULL,DB-internal consistency (etype vs linked engine cc)
26123,Ford,FOCUS III,engine_type-pattern,1.5 (est.),NULL,DB-internal consistency (etype vs linked engine cc)
26124,Ford,FOCUS III Turnier,engine_type-pattern,1.5 (est.),NULL,DB-internal consistency (etype vs linked engine cc)
26125,Ford,FOCUS III Turnier,engine_type-pattern,1.5 (est.),NULL,DB-internal consistency (etype vs linked engine cc)
26127,Ford,FOCUS III Turnier,engine_type-pattern,1.5 (est.),NULL,DB-internal consistency (etype vs linked engine cc)
26128,Ford,FOCUS III Turnier,engine_type-pattern,1.5 (est.),NULL,DB-internal consistency (etype vs linked engine cc)
26129,Ford,FOCUS III Turnier,engine_type-pattern,1.5 (est.),NULL,DB-internal consistency (etype vs linked engine cc)
26130,Ford,FOCUS III Turnier,engine_type-pattern,1.5 (est.),NULL,DB-internal consistency (etype vs linked engine cc)
26132,Ford,FOCUS III Turnier,engine_type-pattern,1.5 (est.),NULL,DB-internal consistency (etype vs linked engine cc)
26133,Ford,FOCUS III Turnier,engine_type-pattern,1.5 (est.),NULL,DB-internal consistency (etype vs linked engine cc)
26134,Ford,FOCUS III Turnier,engine_type-pattern,1.5 (est.),NULL,DB-internal consistency (etype vs linked engine cc)
26135,Ford,FOCUS III Turnier,engine_type-pattern,1.5 (est.),NULL,DB-internal consistency (etype vs linked engine cc)
26136,Ford,FOCUS III Turnier,engine_type-pattern,1.5 (est.),NULL,DB-internal consistency (etype vs linked engine cc)
26137,Mercedes,"B-CLASS (W246, W242)",engine_type-pattern,2 (est.),NULL,DB-internal consistency (etype vs linked engine cc)
26138,Mercedes,"B-CLASS (W246, W242)",engine_type-pattern,2.1 (est.),NULL,DB-internal consistency (etype vs linked engine cc)
26139,Mercedes,CLA Coupe (C117),engine_type-pattern,2.1 (est.),E 220 T CDI,DB-internal consistency (etype vs linked engine cc)
26141,BMW,"4 Coupe (F32, F82)",engine_type-pattern,530 d (corr.),330d 3000 D,DB-internal consistency (etype vs linked engine cc)
26142,BMW,"4 Convertible (F33, F83)",engine_type-pattern,530 d (corr.),330d 3000 D,DB-internal consistency (etype vs linked engine cc)
26143,BMW,4 Gran Coupe (F36),engine_type-pattern,530 d (corr.),330d 3000 D,DB-internal consistency (etype vs linked engine cc)
26144,BMW,"X5 (F15, F85)",engine_type-pattern,at Spring Eye (corr.),NULL,DB-internal consistency (etype vs linked engine cc)
26164,Mercedes,"B-CLASS (W246, W242)",engine_type-pattern,2.1 (est.),NULL,DB-internal consistency (etype vs linked engine cc)
26165,Citroen,JUMPY,engine_type-pattern,1.6 HDi (corr.),1.6 HDi,DB-internal consistency (etype vs linked engine cc)
26166,Peugeot,EXPERT Tepee (VF3V_),engine_type-pattern,1.6 HDi (corr.),NULL,DB-internal consistency (etype vs linked engine cc)
26167,Peugeot,EXPERT Tepee (VF3V_),engine_type-pattern,1.6 HDi (corr.),1.6 HDi,DB-internal consistency (etype vs linked engine cc)
26168,Peugeot,"EXPERT Box (VF3A_, VF3U_, VF3X_)",engine_type-pattern,1.6 HDi (corr.),NULL,DB-internal consistency (etype vs linked engine cc)
26169,Peugeot,"EXPERT Box (VF3A_, VF3U_, VF3X_)",engine_type-pattern,1.6 HDi (corr.),1.6 HDi,DB-internal consistency (etype vs linked engine cc)
26170,Citroen,JUMPY Box,engine_type-pattern,1.6 HDi (corr.),NULL,DB-internal consistency (etype vs linked engine cc)
26171,Citroen,JUMPY Box,engine_type-pattern,1.6 HDi (corr.),1.6 HDi,DB-internal consistency (etype vs linked engine cc)
26173,BMW,2 Coupe (F22),engine_type-pattern,320 d (corr.),NULL,DB-internal consistency (etype vs linked engine cc)
26174,Ford,KUGA II (DM2),engine_type-pattern,1.5 (est.),NULL,DB-internal consistency (etype vs linked engine cc)
26175,Ford,KUGA II (DM2),engine_type-pattern,1.5 (est.),NULL,DB-internal consistency (etype vs linked engine cc)
26176,Ford,KUGA II (DM2),engine_type-pattern,1.5 (est.),NULL,DB-internal consistency (etype vs linked engine cc)
26177,Ford,KUGA II (DM2),engine_type-pattern,1.5 (est.),NULL,DB-internal consistency (etype vs linked engine cc)
26182,Ford,KUGA II (DM2),engine_type-spoof,1.0 i 12V,NULL,DB-internal consistency (etype vs linked engine cc)
26183,Ford,KUGA II (DM2),engine_type-spoof,1.0 i 12V,NULL,DB-internal consistency (etype vs linked engine cc)
26184,BMW,2 Active Tourer (F45),engine_type-pattern,1.5 (est.),216d 1500 D,DB-internal consistency (etype vs linked engine cc)
26185,BMW,2 Active Tourer (F45),engine_type-pattern,320 d (corr.),NULL,DB-internal consistency (etype vs linked engine cc)
26186,BMW,2 Convertible (F23),engine_type-pattern,528 i (corr.),420 i,DB-internal consistency (etype vs linked engine cc)
26188,BMW,2 Convertible (F23),engine_type-pattern,at Spring Eye (corr.),NULL,DB-internal consistency (etype vs linked engine cc)
26189,BMW,2 Convertible (F23),engine_type-pattern,320 d (corr.),NULL,DB-internal consistency (etype vs linked engine cc)
26190,BMW,"X6 (F16, F86)",engine_type-pattern,at Spring Eye (corr.),NULL,DB-internal consistency (etype vs linked engine cc)
26191,Mercedes,C-CLASS (W205),engine_type-pattern,300 SL (corr.),NULL,DB-internal consistency (etype vs linked engine cc)
26194,Mercedes,C-CLASS T-Model (S205),engine_type-pattern,2.1 (est.),C 220 CDI,DB-internal consistency (etype vs linked engine cc)
26195,Mercedes,C-CLASS T-Model (S205),engine_type-pattern,2.1 (est.),NULL,DB-internal consistency (etype vs linked engine cc)
26196,Mercedes,C-CLASS T-Model (S205),engine_type-pattern,2.1 (est.),C 220 CDI,DB-internal consistency (etype vs linked engine cc)
26198,Mercedes,C-CLASS T-Model (S205),engine_type-pattern,for vehicles without compressor boost,for vehicles with compressor boost,DB-internal consistency (etype vs linked engine cc)
26202,Fiat,"PANDA (519, 319)",engine_type-pattern,0.9 (corr.),0.9 8v TwinAir Turbo 90,DB-internal consistency (etype vs linked engine cc)
26203,Fiat,"PANDA (519, 319)",engine_type-spoof,2.0 TDI (EA6A),NULL,DB-internal consistency (etype vs linked engine cc)
26204,Fiat,"PANDA (519, 319)",engine_type-spoof,2.0 TDI (EA6A),1.7 CDTI,DB-internal consistency (etype vs linked engine cc)
26207,Citroen,DS5,engine_type-spoof,1.5 dCi (KR0H),NULL,DB-internal consistency (etype vs linked engine cc)
26210,Mercedes,AMG GT / GT S (C190),engine_type-spoof,1.8 DT 4x4,4.0 Bi-Turbo AMG,DB-internal consistency (etype vs linked engine cc)
26211,Mercedes,AMG GT / GT S (C190),engine_type-spoof,2.5 DT,4.0 Bi-Turbo AMG,DB-internal consistency (etype vs linked engine cc)
26214,Chevrolet,SPARK (M300),engine_type-pattern,1.0 (corr.),1.0 16v,DB-internal consistency (etype vs linked engine cc)
26215,Volkswagen,XL1,engine_type-spoof,1.6 CRDi,NULL,DB-internal consistency (etype vs linked engine cc)
26222,Citroen,C4 Picasso II,engine_type-pattern,1.6 VTi 120 (corr.),1.6,DB-internal consistency (etype vs linked engine cc)
26225,Citroen,C4 Grand Picasso II,engine_type-pattern,1.6 VTi 120 (corr.),1.6,DB-internal consistency (etype vs linked engine cc)
26228,Audi,"A1 (8X1, 8XF)",engine_type-pattern,1.6 (est.),NULL,DB-internal consistency (etype vs linked engine cc)
26229,Audi,"A1 Sportback (8XA, 8XK)",engine_type-pattern,1.6 (est.),NULL,DB-internal consistency (etype vs linked engine cc)
26232,Honda,Mobilio,engine_type-pattern,1.5 (corr.),1.5 i,DB-internal consistency (etype vs linked engine cc)
26233,BMW,2 Active Tourer (F45),engine_type-pattern,2 (est.),Cooper S,DB-internal consistency (etype vs linked engine cc)
26237,Ford,"MONDEO Estate (MB, MC)",engine_type-pattern,2 (est.),2.0 TDCi,DB-internal consistency (etype vs linked engine cc)
26242,Vauxhall,CORSA Mk IV (E),engine_type-spoof,1.8 i Syncro CAT,1.3 CDTI,DB-internal consistency (etype vs linked engine cc)
26243,Vauxhall,CORSA Mk IV (E),engine_type-spoof,1.8 i Syncro CAT,1.3 CDTI,DB-internal consistency (etype vs linked engine cc)
26244,Iveco,DAILY V Platform/Chassis,engine_type-pattern,2.3 (est.),NULL,DB-internal consistency (etype vs linked engine cc)
26245,BMW,"X6 (F16, F86)",engine_type-pattern,530 d (corr.),335d 3000 D,DB-internal consistency (etype vs linked engine cc)
26246,HSV,CLUBSPORT Estate (VF),engine_type-pattern,6.2 (est.),6.2,DB-internal consistency (etype vs linked engine cc)
26247,HSV,CLUBSPORT Saloon (VF),engine_type-pattern,6.2 (est.),6.2,DB-internal consistency (etype vs linked engine cc)
26263,Fiat,500X,engine_type-pattern,2.0 D Multijet (corr.),2.0 16v Multijet II 140,DB-internal consistency (etype vs linked engine cc)
26264,Fiat,500X,engine_type-pattern,2.0 D Multijet (corr.),2.0 JTDm 16v 150,DB-internal consistency (etype vs linked engine cc)
26272,Suzuki,FARMWORKER Pickup,engine_type-pattern,1.3 (corr.),1.3,DB-internal consistency (etype vs linked engine cc)
26273,Suzuki,FARMWORKER Platform/Chassis,engine_type-pattern,1.3 (corr.),1.3,DB-internal consistency (etype vs linked engine cc)
26284,Nissan,FUGA,engine_type-pattern,3.5 (est.),EX35 3.5 V6 AWD Crossover,DB-internal consistency (etype vs linked engine cc)
26285,Nissan,FUGA,engine_type-pattern,3.5 (est.),NULL,DB-internal consistency (etype vs linked engine cc)
26317,Renault,KANGOO / GRAND KANGOO (KW0/1_),engine_type-pattern,1.5 dCi (corr.),1.5 dCi,DB-internal consistency (etype vs linked engine cc)
26318,Holden,CAPTIVA 5 (CG),engine_type-pattern,2.2 (est.),2.2 16v D 163 2WD,DB-internal consistency (etype vs linked engine cc)
26320,Fiat,500X,engine_type-pattern,2.0 D Multijet (corr.),2.0 16v Multijet II 140,DB-internal consistency (etype vs linked engine cc)
26337,Ford,FOCUS III Saloon,engine_type-pattern,1.5 (est.),NULL,DB-internal consistency (etype vs linked engine cc)
26338,Ford,FOCUS III Saloon,engine_type-pattern,1.5 (est.),NULL,DB-internal consistency (etype vs linked engine cc)
26339,Ford,FOCUS III Saloon,engine_type-pattern,1.5 (est.),NULL,DB-internal consistency (etype vs linked engine cc)
26340,Ford,FOCUS III Saloon,engine_type-pattern,1.5 (est.),NULL,DB-internal consistency (etype vs linked engine cc)
26342,Ford,FOCUS III Saloon,engine_type-pattern,1.5 (est.),NULL,DB-internal consistency (etype vs linked engine cc)
26343,Ford,FOCUS III Saloon,engine_type-pattern,1.5 (est.),NULL,DB-internal consistency (etype vs linked engine cc)
26344,Nissan,Navara,engine_type-pattern,2.5 dCi (corr.),2.5 dCi,DB-internal consistency (etype vs linked engine cc)
26345,Ford,FOCUS III Saloon,engine_type-pattern,1.5 (est.),NULL,DB-internal consistency (etype vs linked engine cc)
26346,Ford,FOCUS III Saloon,engine_type-pattern,1.5 (est.),NULL,DB-internal consistency (etype vs linked engine cc)
26347,Ford,FOCUS III Saloon,engine_type-pattern,1.5 (est.),NULL,DB-internal consistency (etype vs linked engine cc)
26348,Ford,FOCUS III Saloon,engine_type-pattern,1.5 (est.),NULL,DB-internal consistency (etype vs linked engine cc)
26349,Ford,FOCUS III Saloon,engine_type-pattern,1.5 (est.),NULL,DB-internal consistency (etype vs linked engine cc)
26375,BMW,"X5 (F15, F85)",engine_type-pattern,530 d (corr.),330d 3000 D,DB-internal consistency (etype vs linked engine cc)
26376,Mercedes,C-CLASS T-Model (S205),engine_type-pattern,2.1 (est.),C 220 CDI,DB-internal consistency (etype vs linked engine cc)
26379,Volkswagen,PASSAT (3G2),engine_type-pattern,1.6 (est.),1.6 16v TDI,DB-internal consistency (etype vs linked engine cc)
26384,Mini,MINI COUNTRYMAN (R60),engine_type-spoof,3.3 VVTi G,Cooper,DB-internal consistency (etype vs linked engine cc)
26387,Volkswagen,PASSAT Variant (3G5),engine_type-pattern,1.6 (est.),1.6 16v TDI,DB-internal consistency (etype vs linked engine cc)
26389,Mitsubishi,DELICA D5 (CV_W),engine_type-pattern,2.3 (est.),2.2 16v DI-D 4WD Automatic,DB-internal consistency (etype vs linked engine cc)
26390,Seat,LEON ST (5F8),engine_type-pattern,1.6 (est.),1.6 TDI (110) Clean Diesel,DB-internal consistency (etype vs linked engine cc)
26391,Seat,LEON ST (5F8),engine_type-pattern,2.0 TDI (corr.),2.0 TDI (184),DB-internal consistency (etype vs linked engine cc)
26393,Seat,LEON ST (5F8),engine_type-pattern,2.0 TFSI (corr.),2.0 16v TSI Cupra,DB-internal consistency (etype vs linked engine cc)
26394,Seat,LEON ST (5F8),engine_type-pattern,2.0 TFSI (corr.),2.0 16v TSI Cupra,DB-internal consistency (etype vs linked engine cc)
26398,Skoda,OCTAVIA (5E3),engine_type-pattern,Repair rear seat bench *,1.6 TDI (105),DB-internal consistency (etype vs linked engine cc)
26403,Skoda,FABIA (NJ3),engine_type-pattern,1.2 (est.),NULL,DB-internal consistency (etype vs linked engine cc)
26404,Skoda,FABIA (NJ3),engine_type-pattern,1.2 (est.),1.2 16v TSI,DB-internal consistency (etype vs linked engine cc)
26408,Skoda,FABIA Estate (NJ5),engine_type-pattern,1.2 (est.),NULL,DB-internal consistency (etype vs linked engine cc)
26409,Skoda,FABIA Estate (NJ5),engine_type-pattern,1.2 (est.),1.2 16v TSI,DB-internal consistency (etype vs linked engine cc)
26421,Smart,FORTWO Coupe (453),engine_type-pattern,for vehicles with brake-power regulator,NULL,DB-internal consistency (etype vs linked engine cc)
26422,Ford,KUGA II Van,engine_type-pattern,1.5 (est.),NULL,DB-internal consistency (etype vs linked engine cc)
26423,Ford,KUGA II Van,engine_type-pattern,1.5 (est.),NULL,DB-internal consistency (etype vs linked engine cc)
26424,Ford,KUGA II Van,engine_type-pattern,1.5 (est.),NULL,DB-internal consistency (etype vs linked engine cc)
26425,Ford,KUGA II Van,engine_type-pattern,1.5 (est.),NULL,DB-internal consistency (etype vs linked engine cc)
26428,Ford,KUGA II Van,engine_type-spoof,1.0 i 12V,NULL,DB-internal consistency (etype vs linked engine cc)
26429,Ford,KUGA II Van,engine_type-spoof,1.0 i 12V,NULL,DB-internal consistency (etype vs linked engine cc)
26432,Ford,GRAND C-MAX Van,engine_type-pattern,1 (est.),1.0 EcoBoost,DB-internal consistency (etype vs linked engine cc)
26433,Ford,GRAND C-MAX Van,engine_type-pattern,1 (est.),1.0 EcoBoost,DB-internal consistency (etype vs linked engine cc)
26434,Ford,GRAND C-MAX Van,engine_type-pattern,1.6 Ti (corr.),1.6 EcoBoost,DB-internal consistency (etype vs linked engine cc)
26435,Ford,GRAND C-MAX Van,engine_type-pattern,1.6 Ti (corr.),NULL,DB-internal consistency (etype vs linked engine cc)
26443,Ford,C-MAX II Van,engine_type-pattern,1 (est.),1.0 EcoBoost,DB-internal consistency (etype vs linked engine cc)
26444,Ford,C-MAX II Van,engine_type-pattern,1 (est.),1.0 EcoBoost,DB-internal consistency (etype vs linked engine cc)
26445,Ford,C-MAX II Van,engine_type-pattern,1.6 Ti (corr.),1.6 EcoBoost,DB-internal consistency (etype vs linked engine cc)
26446,Ford,C-MAX II Van,engine_type-pattern,1.6 Ti (corr.),NULL,DB-internal consistency (etype vs linked engine cc)
26447,Ford,B-MAX Van,engine_type-pattern,1 (est.),1.0 EcoBoost,DB-internal consistency (etype vs linked engine cc)
26448,Ford,B-MAX Van,engine_type-pattern,1 (est.),NULL,DB-internal consistency (etype vs linked engine cc)
26450,Ford,B-MAX Van,engine_type-pattern,1 (est.),1.0 EcoBoost,DB-internal consistency (etype vs linked engine cc)
26453,Ford,B-MAX Van,engine_type-pattern,1.5 (est.),NULL,DB-internal consistency (etype vs linked engine cc)
26458,Ford,FIESTA Van,engine_type-pattern,1 (est.),1.0 EcoBoost,DB-internal consistency (etype vs linked engine cc)
26460,Hyundai,i20 (GB),engine_type-pattern,1.4 (est.),1.4 16v CRDi,DB-internal consistency (etype vs linked engine cc)
26461,Ford,FIESTA Van,engine_type-pattern,1 (est.),1.0,DB-internal consistency (etype vs linked engine cc)
26462,Ford,FIESTA Van,engine_type-pattern,1 (est.),1.0,DB-internal consistency (etype vs linked engine cc)
26463,Ford,FIESTA Van,engine_type-pattern,1 (est.),1.0 EcoBoost,DB-internal consistency (etype vs linked engine cc)
26464,Ford,FIESTA Van,engine_type-pattern,1 (est.),NULL,DB-internal consistency (etype vs linked engine cc)
26469,Ford,C-MAX II Van,engine_type-spoof,1.6 TDCi,2.0 TDCi (115) PowerShift,DB-internal consistency (etype vs linked engine cc)
26472,Ford,FIESTA Van,engine_type-pattern,"Mounting Kit, exhaust manifold",NULL,DB-internal consistency (etype vs linked engine cc)
26473,Land Rover,RANGE ROVER SPORT (LW),engine_type-pattern,3 (est.),NULL,DB-internal consistency (etype vs linked engine cc)
26474,Subaru,IMPREZA Saloon (GP),engine_type-pattern,WINSTORM (corr.),2.5 Turbo WRX Sti,DB-internal consistency (etype vs linked engine cc)
26475,Subaru,IMPREZA Hatchback (GP),engine_type-pattern,WINSTORM (corr.),2.5 Turbo WRX Sti,DB-internal consistency (etype vs linked engine cc)
26478,Citroen,DS5,engine_type-pattern,2.0 HDi (corr.),2.0 HDI,DB-internal consistency (etype vs linked engine cc)
26479,Citroen,DS5,engine_type-pattern,2.0 HDi (corr.),2.0 HDI,DB-internal consistency (etype vs linked engine cc)
26480,Citroen,DS5,engine_type-pattern,2.0 HDi (corr.),NULL,DB-internal consistency (etype vs linked engine cc)
26485,BMW,"X6 (E71, E72)",engine_type-pattern,4.4 (est.),NULL,DB-internal consistency (etype vs linked engine cc)
26489,Mercedes,CLA Coupe (C117),engine_type-pattern,2.1 (est.),NULL,DB-internal consistency (etype vs linked engine cc)
26490,Vauxhall,MOVANO Mk II (B) VAN,engine_type-pattern,2.0 GT3 (corr.),NULL,DB-internal consistency (etype vs linked engine cc)
26491,Vauxhall,MOVANO Mk II (B) VAN,engine_type-pattern,2.0 GT3 (corr.),NULL,DB-internal consistency (etype vs linked engine cc)
26492,Vauxhall,MOVANO Mk II (B) VAN,engine_type-pattern,2.0 GT3 (corr.),NULL,DB-internal consistency (etype vs linked engine cc)
26493,Vauxhall,MOVANO Mk II (B) VAN,engine_type-pattern,2.0 GT3 (corr.),2.3 Diesel,DB-internal consistency (etype vs linked engine cc)
26501,Citroen,DS3,engine_type-pattern,1.6 VTi 120 (corr.),1.6,DB-internal consistency (etype vs linked engine cc)
26503,Opel,INSIGNIA Saloon,engine_type-pattern,2.0 CDTI (corr.),2.0 CDTI,DB-internal consistency (etype vs linked engine cc)
26509,Porsche,Cayenne,engine_type-pattern,3.0 D (corr.),NULL,DB-internal consistency (etype vs linked engine cc)
26510,Citroen,DS3 Convertible,engine_type-pattern,1.6 VTi 120 (corr.),1.6,DB-internal consistency (etype vs linked engine cc)
26512,Citroen,DS4,engine_type-pattern,2.0 HDi (corr.),NULL,DB-internal consistency (etype vs linked engine cc)
26514,Renault,KANGOO Express (FW0/1_),engine_type-pattern,1.5 dCi (corr.),NULL,DB-internal consistency (etype vs linked engine cc)
26515,Renault,KANGOO Express (FW0/1_),engine_type-pattern,1.5 dCi (corr.),1.5 dCi,DB-internal consistency (etype vs linked engine cc)
26516,Renault,KANGOO Express (FW0/1_),engine_type-pattern,1.5 dCi (corr.),1.5 dCi,DB-internal consistency (etype vs linked engine cc)
26517,Renault,KANGOO Express (FW0/1_),engine_type-pattern,1.5 dCi (corr.),NULL,DB-internal consistency (etype vs linked engine cc)
26518,Renault,KANGOO Express (FW0/1_),engine_type-pattern,1.5 dCi (corr.),NULL,DB-internal consistency (etype vs linked engine cc)
26519,Renault,KANGOO Express (FW0/1_),engine_type-pattern,1.5 dCi (corr.),NULL,DB-internal consistency (etype vs linked engine cc)
26520,Renault,KANGOO Express (FW0/1_),engine_type-pattern,1.5 dCi (corr.),not for 6 speed manual transmission,DB-internal consistency (etype vs linked engine cc)
26522,Vauxhall,MERIVA Mk II (B),engine_type-pattern,DEDRA (corr.),MALIBU,DB-internal consistency (etype vs linked engine cc)
26525,Jaguar,F-TYPE Coupe,engine_type-pattern,5.0 V8 (corr.),5.0 V8,DB-internal consistency (etype vs linked engine cc)
26526,Jaguar,F-TYPE Coupe,engine_type-pattern,5.0 V8 (corr.),5.0,DB-internal consistency (etype vs linked engine cc)
26529,Jaguar,F-TYPE Convertible,engine_type-pattern,5.0 (corr.),5.0 V8,DB-internal consistency (etype vs linked engine cc)
26530,Jaguar,F-TYPE Convertible,engine_type-pattern,5.0 (corr.),5.0,DB-internal consistency (etype vs linked engine cc)
26539,Mercedes,CLA Shooting Brake (X117),engine_type-pattern,for vehicles without activated carbon filter,NULL,DB-internal consistency (etype vs linked engine cc)
26541,Mercedes,CLA Shooting Brake (X117),engine_type-pattern,2.1 (est.),NULL,DB-internal consistency (etype vs linked engine cc)
26561,BMW,2 Coupe (F22),engine_type-pattern,1.5 (est.),NULL,DB-internal consistency (etype vs linked engine cc)
26562,BMW,2 Convertible (F23),engine_type-pattern,1.5 (est.),NULL,DB-internal consistency (etype vs linked engine cc)
26567,Vauxhall,CORSAVAN Mk IV (E),engine_type-spoof,1.8 i Syncro CAT,1.3 CDTI,DB-internal consistency (etype vs linked engine cc)
26568,Vauxhall,CORSAVAN Mk IV (E),engine_type-spoof,1.8 i Syncro CAT,1.3 CDTI,DB-internal consistency (etype vs linked engine cc)
26591,Mitsubishi,"PAJERO SPORT II (KG_, KH_)",engine_type-pattern,for engines without dual-mass flywheel,2.5 DI-D,DB-internal consistency (etype vs linked engine cc)
26597,Citroen,JUMPY Box,engine_type-pattern,2.0 HDi (corr.),2.0 HDI,DB-internal consistency (etype vs linked engine cc)
26598,Peugeot,"EXPERT Box (VF3A_, VF3U_, VF3X_)",engine_type-pattern,2.0 HDi (corr.),2.0 HDI,DB-internal consistency (etype vs linked engine cc)
26599,Peugeot,"EXPERT Box (VF3A_, VF3U_, VF3X_)",engine_type-pattern,for vehicles with increased spring tension,NULL,DB-internal consistency (etype vs linked engine cc)
26604,Volkswagen,GOLF ALLTRACK (BA5),engine_type-pattern,1.6 (est.),1.6 TDI (110) Clean Diesel,DB-internal consistency (etype vs linked engine cc)
26605,Volkswagen,GOLF ALLTRACK (BA5),engine_type-pattern,1.6 (est.),NULL,DB-internal consistency (etype vs linked engine cc)
26606,Volkswagen,GOLF ALLTRACK (BA5),engine_type-spoof,2.7 D Rear Wheel Drive,2.0 TDI (150),DB-internal consistency (etype vs linked engine cc)
26607,Volkswagen,GOLF ALLTRACK (BA5),engine_type-spoof,2.7 D Rear Wheel Drive,2.0 TDI (150),DB-internal consistency (etype vs linked engine cc)
26611,Nissan,PULSAR Hatchback (C13),engine_type-pattern,1.6 (est.),1.6 16v Turbo,DB-internal consistency (etype vs linked engine cc)
26612,Hyundai,VELOSTER (FS),engine_type-spoof,1.4 Mirafiori,1.6 16v,DB-internal consistency (etype vs linked engine cc)
26618,Kia,CERATO Hatchback,engine_type-spoof,1.4 Mirafiori,1.6 16v GDI,DB-internal consistency (etype vs linked engine cc)
26619,Kia,CERATO Saloon,engine_type-spoof,1.4 Mirafiori,1.6 16v GDI,DB-internal consistency (etype vs linked engine cc)
26621,Kia,CERATO KOUP Coupe,engine_type-spoof,1.4 Mirafiori,1.6 16v GDI,DB-internal consistency (etype vs linked engine cc)
26622,Kia,CERATO KOUP Coupe,engine_type-pattern,1.6 (corr.),1.6 16v Turbo,DB-internal consistency (etype vs linked engine cc)
26626,Fiat,PANDA Van (169),engine_type-pattern,"1800 Super 4WD (AM, AJ)",1.2 8v,DB-internal consistency (etype vs linked engine cc)
26627,Fiat,PANDA Van (169),engine_type-spoof,2.7 TD,1.2 8v,DB-internal consistency (etype vs linked engine cc)
26632,BMW,"4 Coupe (F32, F82)",engine_type-pattern,320 d (corr.),NULL,DB-internal consistency (etype vs linked engine cc)
26633,BMW,"4 Coupe (F32, F82)",engine_type-pattern,320 d (corr.),NULL,DB-internal consistency (etype vs linked engine cc)
26634,BMW,4 Gran Coupe (F36),engine_type-pattern,320 d (corr.),NULL,DB-internal consistency (etype vs linked engine cc)
26652,BMW,1 (F21),engine_type-pattern,1.5 (est.),NULL,DB-internal consistency (etype vs linked engine cc)
26653,BMW,1 (F21),engine_type-pattern,1.6 (est.),NULL,DB-internal consistency (etype vs linked engine cc)
26654,BMW,1 (F21),engine_type-pattern,1.6 (est.),NULL,DB-internal consistency (etype vs linked engine cc)
26655,BMW,1 (F21),engine_type-pattern,at Spring Eye (corr.),NULL,DB-internal consistency (etype vs linked engine cc)
26656,BMW,1 (F21),engine_type-pattern,1.5 (est.),NULL,DB-internal consistency (etype vs linked engine cc)
26657,BMW,1 (F21),engine_type-pattern,320 d (corr.),NULL,DB-internal consistency (etype vs linked engine cc)
26658,BMW,1 (F21),engine_type-pattern,320 d (corr.),NULL,DB-internal consistency (etype vs linked engine cc)
26659,BMW,1 (F21),engine_type-pattern,320 d (corr.),NULL,DB-internal consistency (etype vs linked engine cc)
26660,BMW,1 (F20),engine_type-pattern,1.5 (est.),NULL,DB-internal consistency (etype vs linked engine cc)
26661,BMW,1 (F20),engine_type-pattern,1.6 (est.),NULL,DB-internal consistency (etype vs linked engine cc)
26662,BMW,1 (F20),engine_type-pattern,1.6 (est.),NULL,DB-internal consistency (etype vs linked engine cc)
26663,BMW,1 (F20),engine_type-pattern,at Spring Eye (corr.),NULL,DB-internal consistency (etype vs linked engine cc)
26664,BMW,1 (F20),engine_type-pattern,1.5 (est.),NULL,DB-internal consistency (etype vs linked engine cc)
26665,BMW,1 (F20),engine_type-pattern,320 d (corr.),NULL,DB-internal consistency (etype vs linked engine cc)
26666,BMW,1 (F20),engine_type-pattern,320 d (corr.),NULL,DB-internal consistency (etype vs linked engine cc)
26667,BMW,1 (F20),engine_type-pattern,320 d (corr.),NULL,DB-internal consistency (etype vs linked engine cc)
26686,Renault,LOGAN II,engine_type-spoof,1.6,1.3,DB-internal consistency (etype vs linked engine cc)
26689,Renault,LOGAN II Estate,engine_type-spoof,1.2 16V,NULL,DB-internal consistency (etype vs linked engine cc)
26694,Renault,SANDERO/STEPWAY II,engine_type-spoof,1.2 16V,NULL,DB-internal consistency (etype vs linked engine cc)
26917,Chevrolet,Colorado,engine_type-pattern,3.6 (corr.),NULL,DB-internal consistency (etype vs linked engine cc)
26928,Chevrolet,Express,engine_type-pattern,6.0 (corr.),NULL,DB-internal consistency (etype vs linked engine cc)
26948,Chevrolet,Silverado,engine_type-pattern,6.0 (corr.),NULL,DB-internal consistency (etype vs linked engine cc)
26991,Chrysler,300,engine_type-pattern,5.7 (est.),5.7 V8 HEMI (VCT),DB-internal consistency (etype vs linked engine cc)
26997,Ram,1500,engine_type-pattern,5.7 (est.),5.7 V8 HEMI (VCT),DB-internal consistency (etype vs linked engine cc)
26999,Ram,1500,engine_type-pattern,5.7 (est.),5.7 V8 HEMI (VCT),DB-internal consistency (etype vs linked engine cc)
27001,Ram,2500,engine_type-pattern,5.7 (est.),5.7 V8 HEMI (VCT),DB-internal consistency (etype vs linked engine cc)
27005,Ram,2500,engine_type-pattern,5.7 (est.),5.7 V8 HEMI (VCT),DB-internal consistency (etype vs linked engine cc)
27007,Ram,3500,engine_type-pattern,5.7 (est.),5.7 V8 HEMI (VCT),DB-internal consistency (etype vs linked engine cc)
27019,Dodge,Charger,engine_type-pattern,5.7 (est.),5.7 V8 HEMI (VCT),DB-internal consistency (etype vs linked engine cc)
27020,Dodge,Charger,engine_type-pattern,5.7 (est.),5.7 V8 HEMI (VCT),DB-internal consistency (etype vs linked engine cc)
27021,Dodge,Charger,engine_type-pattern,6.4 (est.),6.4 V8 HEMI SRT 392 (485hp),DB-internal consistency (etype vs linked engine cc)
27032,Dodge,Durango,engine_type-pattern,5.7 (est.),5.7 V8 HEMI (VCT),DB-internal consistency (etype vs linked engine cc)
27033,Dodge,Durango,engine_type-pattern,5.7 (est.),5.7 V8 HEMI (VCT),DB-internal consistency (etype vs linked engine cc)
27040,Dodge,ProMaster,engine_type-pattern,3 (est.),3.0 V6 EcoDiesel (VM A630),DB-internal consistency (etype vs linked engine cc)
27149,GMC,Canyon,engine_type-pattern,3.6 (corr.),NULL,DB-internal consistency (etype vs linked engine cc)
27152,GMC,Savana,engine_type-pattern,6.0 (corr.),NULL,DB-internal consistency (etype vs linked engine cc)
27162,GMC,Sierra,engine_type-pattern,6.0 (corr.),NULL,DB-internal consistency (etype vs linked engine cc)
27319,Jeep,Grand Cherokee,engine_type-pattern,5.7 (est.),5.7 V8 HEMI (VCT),DB-internal consistency (etype vs linked engine cc)
27320,Jeep,Grand Cherokee,engine_type-pattern,6.4 (est.),6.4 V8 HEMI SRT 392 (485hp),DB-internal consistency (etype vs linked engine cc)
28085,Chevrolet,Colorado,engine_type-pattern,3.6 (corr.),NULL,DB-internal consistency (etype vs linked engine cc)
28096,Chevrolet,Express,engine_type-pattern,6.0 (corr.),NULL,DB-internal consistency (etype vs linked engine cc)
28120,Chevrolet,Silverado,engine_type-pattern,6.0 (corr.),NULL,DB-internal consistency (etype vs linked engine cc)
28153,Chevrolet,Express,engine_type-pattern,6.0 (corr.),NULL,DB-internal consistency (etype vs linked engine cc)
28169,Chevrolet,Silverado,engine_type-pattern,6.0 (corr.),NULL,DB-internal consistency (etype vs linked engine cc)
28184,Chrysler,300,engine_type-pattern,5.7 (est.),5.7 V8 HEMI (VCT),DB-internal consistency (etype vs linked engine cc)
28191,Chrysler,300,engine_type-pattern,5.7 (est.),5.7 V8 HEMI (VCT),DB-internal consistency (etype vs linked engine cc)
28197,Ram,1500,engine_type-pattern,5.7 (est.),5.7 V8 HEMI (VCT),DB-internal consistency (etype vs linked engine cc)
28201,Ram,1500,engine_type-pattern,5.7 (est.),5.7 V8 HEMI (VCT),DB-internal consistency (etype vs linked engine cc)
28202,Ram,2500,engine_type-pattern,5.7 (est.),5.7 V8 HEMI (VCT),DB-internal consistency (etype vs linked engine cc)
28206,Ram,2500,engine_type-pattern,5.7 (est.),5.7 V8 HEMI (VCT),DB-internal consistency (etype vs linked engine cc)
28207,Ram,3500,engine_type-pattern,5.7 (est.),5.7 V8 HEMI (VCT),DB-internal consistency (etype vs linked engine cc)
28217,Dodge,Charger,engine_type-pattern,5.7 (est.),5.7 V8 HEMI (VCT),DB-internal consistency (etype vs linked engine cc)
28218,Dodge,Charger,engine_type-pattern,5.7 (est.),5.7 V8 HEMI (VCT),DB-internal consistency (etype vs linked engine cc)
28219,Dodge,Charger,engine_type-pattern,6.4 (est.),6.4 V8 HEMI SRT 392 (485hp),DB-internal consistency (etype vs linked engine cc)
28229,Dodge,Durango,engine_type-pattern,5.7 (est.),5.7 V8 HEMI (VCT),DB-internal consistency (etype vs linked engine cc)
28231,Dodge,Durango,engine_type-pattern,5.7 (est.),5.7 V8 HEMI (VCT),DB-internal consistency (etype vs linked engine cc)
28236,Dodge,ProMaster,engine_type-pattern,3 (est.),3.0 V6 EcoDiesel (VM A630),DB-internal consistency (etype vs linked engine cc)
28240,Ram,1500,engine_type-pattern,5.7 (est.),5.7 V8 HEMI (VCT),DB-internal consistency (etype vs linked engine cc)
28245,Ram,1500,engine_type-pattern,5.7 (est.),5.7 V8 HEMI (VCT),DB-internal consistency (etype vs linked engine cc)
28246,Ram,2500,engine_type-pattern,5.7 (est.),5.7 V8 HEMI (VCT),DB-internal consistency (etype vs linked engine cc)
28250,Ram,2500,engine_type-pattern,5.7 (est.),5.7 V8 HEMI (VCT),DB-internal consistency (etype vs linked engine cc)
28251,Ram,3500,engine_type-pattern,5.7 (est.),5.7 V8 HEMI (VCT),DB-internal consistency (etype vs linked engine cc)
28260,Dodge,Charger,engine_type-pattern,5.7 (est.),5.7 V8 HEMI (VCT),DB-internal consistency (etype vs linked engine cc)
28261,Dodge,Charger,engine_type-pattern,6.4 (est.),6.4 V8 HEMI SRT 392 (485hp),DB-internal consistency (etype vs linked engine cc)
28263,Dodge,Charger,engine_type-pattern,5.7 (est.),5.7 V8 HEMI (VCT),DB-internal consistency (etype vs linked engine cc)
28267,Dodge,Durango,engine_type-pattern,5.7 (est.),5.7 V8 HEMI (VCT),DB-internal consistency (etype vs linked engine cc)
28269,Dodge,Durango,engine_type-pattern,5.7 (est.),5.7 V8 HEMI (VCT),DB-internal consistency (etype vs linked engine cc)
28274,Dodge,ProMaster,engine_type-pattern,3 (est.),3.0 V6 EcoDiesel (VM A630),DB-internal consistency (etype vs linked engine cc)
28435,GMC,Canyon,engine_type-pattern,3.6 (corr.),NULL,DB-internal consistency (etype vs linked engine cc)
28439,GMC,Savana,engine_type-pattern,6.0 (corr.),NULL,DB-internal consistency (etype vs linked engine cc)
28448,GMC,Sierra,engine_type-pattern,6.0 (corr.),NULL,DB-internal consistency (etype vs linked engine cc)
28464,GMC,Savana,engine_type-pattern,6.0 (corr.),NULL,DB-internal consistency (etype vs linked engine cc)
28471,GMC,Sierra,engine_type-pattern,6.0 (corr.),NULL,DB-internal consistency (etype vs linked engine cc)
28621,Jeep,Grand Cherokee,engine_type-pattern,5.7 (est.),5.7 V8 HEMI (VCT),DB-internal consistency (etype vs linked engine cc)
28622,Jeep,Grand Cherokee,engine_type-pattern,6.4 (est.),6.4 V8 HEMI SRT 392 (485hp),DB-internal consistency (etype vs linked engine cc)
28641,Jeep,Grand Cherokee,engine_type-pattern,5.7 (est.),5.7 V8 HEMI (VCT),DB-internal consistency (etype vs linked engine cc)
28642,Jeep,Grand Cherokee,engine_type-pattern,6.4 (est.),6.4 V8 HEMI SRT 392 (485hp),DB-internal consistency (etype vs linked engine cc)
29348,Cadillac,Escalade,engine_type-pattern,6 (est.),NULL,DB-internal consistency (etype vs linked engine cc)
29353,Cadillac,Escalade,engine_type-pattern,6 (est.),NULL,DB-internal consistency (etype vs linked engine cc)
29363,Cadillac,Escalade,engine_type-pattern,6 (est.),NULL,DB-internal consistency (etype vs linked engine cc)
29420,Chevrolet,Cab,engine_type-pattern,6.6 (est.),NULL,DB-internal consistency (etype vs linked engine cc)
29451,Chevrolet,Silverado,engine_type-pattern,6.6 (est.),NULL,DB-internal consistency (etype vs linked engine cc)
29468,Chevrolet,Cab,engine_type-pattern,6.6 (est.),NULL,DB-internal consistency (etype vs linked engine cc)
29499,Chevrolet,Silverado,engine_type-pattern,6.6 (est.),NULL,DB-internal consistency (etype vs linked engine cc)
29515,Chevrolet,Cab,engine_type-pattern,6.6 (est.),NULL,DB-internal consistency (etype vs linked engine cc)
29537,Chevrolet,Silverado,engine_type-pattern,6.6 (est.),NULL,DB-internal consistency (etype vs linked engine cc)
29555,Chevrolet,Cab,engine_type-pattern,6.6 (est.),NULL,DB-internal consistency (etype vs linked engine cc)
29583,Chevrolet,Silverado,engine_type-pattern,6.6 (est.),NULL,DB-internal consistency (etype vs linked engine cc)
29723,Dodge,Pickup,engine_type-pattern,3.7 (est.),NULL,DB-internal consistency (etype vs linked engine cc)
29745,Dodge,Pickup,engine_type-pattern,3.7 (est.),NULL,DB-internal consistency (etype vs linked engine cc)
29767,Dodge,Durango,engine_type-pattern,3.7 (est.),NULL,DB-internal consistency (etype vs linked engine cc)
29773,Dodge,Pickup,engine_type-pattern,3.7 (est.),NULL,DB-internal consistency (etype vs linked engine cc)
30050,GMC,Cab,engine_type-pattern,6.6 (est.),NULL,DB-internal consistency (etype vs linked engine cc)
30063,GMC,Sierra,engine_type-pattern,6.6 (est.),NULL,DB-internal consistency (etype vs linked engine cc)
30074,GMC,Cab,engine_type-pattern,6.6 (est.),NULL,DB-internal consistency (etype vs linked engine cc)
30088,GMC,Sierra,engine_type-pattern,6.6 (est.),NULL,DB-internal consistency (etype vs linked engine cc)
30097,GMC,Cab,engine_type-pattern,6.6 (est.),NULL,DB-internal consistency (etype vs linked engine cc)
30113,GMC,Sierra,engine_type-pattern,6.6 (est.),NULL,DB-internal consistency (etype vs linked engine cc)
30122,GMC,Cab,engine_type-pattern,6.6 (est.),NULL,DB-internal consistency (etype vs linked engine cc)
30139,GMC,Sierra,engine_type-pattern,6.6 (est.),NULL,DB-internal consistency (etype vs linked engine cc)
30329,Jeep,Liberty,engine_type-pattern,3.7 (est.),NULL,DB-internal consistency (etype vs linked engine cc)
30335,Jeep,Liberty,engine_type-pattern,3.7 (est.),NULL,DB-internal consistency (etype vs linked engine cc)
30341,Jeep,Liberty,engine_type-pattern,3.7 (est.),NULL,DB-internal consistency (etype vs linked engine cc)
30934,Cadillac,Escalade,engine_type-pattern,6 (est.),NULL,DB-internal consistency (etype vs linked engine cc)
31104,Chevrolet,Colorado,engine_type-pattern,3.7 (est.),NULL,DB-internal consistency (etype vs linked engine cc)
31106,Chevrolet,Cutaway,engine_type-pattern,4.8 (est.),NULL,DB-internal consistency (etype vs linked engine cc)
31124,Chevrolet,RV,engine_type-pattern,4.8 (est.),NULL,DB-internal consistency (etype vs linked engine cc)
31128,Chevrolet,Silverado,engine_type-pattern,4.8 (est.),NULL,DB-internal consistency (etype vs linked engine cc)
31135,Chevrolet,Tahoe,engine_type-pattern,4.8 (est.),NULL,DB-internal consistency (etype vs linked engine cc)
31155,Chevrolet,Colorado,engine_type-pattern,3.7 (est.),NULL,DB-internal consistency (etype vs linked engine cc)
31161,Chevrolet,Cutaway,engine_type-pattern,4.8 (est.),NULL,DB-internal consistency (etype vs linked engine cc)
31175,Chevrolet,RV,engine_type-pattern,4.8 (est.),NULL,DB-internal consistency (etype vs linked engine cc)
31179,Chevrolet,Silverado,engine_type-pattern,4.8 (est.),NULL,DB-internal consistency (etype vs linked engine cc)
31185,Chevrolet,Tahoe,engine_type-pattern,4.8 (est.),NULL,DB-internal consistency (etype vs linked engine cc)
31206,Chevrolet,Colorado,engine_type-pattern,3.7 (est.),NULL,DB-internal consistency (etype vs linked engine cc)
31207,Chevrolet,Colorado,engine_type-pattern,5.3 (est.),NULL,DB-internal consistency (etype vs linked engine cc)
31211,Chevrolet,Cutaway,engine_type-pattern,4.8 (est.),NULL,DB-internal consistency (etype vs linked engine cc)
31225,Chevrolet,RV,engine_type-pattern,4.8 (est.),NULL,DB-internal consistency (etype vs linked engine cc)
31228,Chevrolet,Silverado,engine_type-pattern,4.8 (est.),NULL,DB-internal consistency (etype vs linked engine cc)
31236,Chevrolet,Tahoe,engine_type-pattern,4.8 (est.),NULL,DB-internal consistency (etype vs linked engine cc)
31245,Chrysler,300,engine_type-pattern,"5.7 V8 HEMI (LX, pre-VCT)",NULL,DB-internal consistency (etype vs linked engine cc)
31257,Chrysler,300,engine_type-pattern,"5.7 V8 HEMI (LX, pre-VCT)",NULL,DB-internal consistency (etype vs linked engine cc)
31268,Chrysler,300,engine_type-pattern,"5.7 V8 HEMI (LX, pre-VCT)",NULL,DB-internal consistency (etype vs linked engine cc)
31284,Chrysler,300,engine_type-pattern,"5.7 V8 HEMI (LX, pre-VCT)",NULL,DB-internal consistency (etype vs linked engine cc)
31298,Chrysler,300,engine_type-pattern,5.7 (est.),5.7 V8 HEMI (VCT),DB-internal consistency (etype vs linked engine cc)
31314,Dodge,Dakota,engine_type-pattern,3.7 (est.),NULL,DB-internal consistency (etype vs linked engine cc)
31319,Dodge,Durango,engine_type-pattern,3.7 (est.),NULL,DB-internal consistency (etype vs linked engine cc)
31320,Dodge,Magnum,engine_type-pattern,"5.7 V8 HEMI (LX, pre-VCT)",NULL,DB-internal consistency (etype vs linked engine cc)
31324,Dodge,Pickup,engine_type-pattern,3.7 (est.),NULL,DB-internal consistency (etype vs linked engine cc)
31340,Dodge,Charger,engine_type-pattern,"5.7 V8 HEMI (LX, pre-VCT)",NULL,DB-internal consistency (etype vs linked engine cc)
31341,Dodge,Dakota,engine_type-pattern,3.7 (est.),NULL,DB-internal consistency (etype vs linked engine cc)
31344,Dodge,Durango,engine_type-pattern,3.7 (est.),NULL,DB-internal consistency (etype vs linked engine cc)
31349,Dodge,Magnum,engine_type-pattern,"5.7 V8 HEMI (LX, pre-VCT)",NULL,DB-internal consistency (etype vs linked engine cc)
31352,Dodge,Pickup,engine_type-pattern,3.7 (est.),NULL,DB-internal consistency (etype vs linked engine cc)
31366,Dodge,Charger,engine_type-pattern,"5.7 V8 HEMI (LX, pre-VCT)",NULL,DB-internal consistency (etype vs linked engine cc)
31369,Dodge,Dakota,engine_type-pattern,3.7 (est.),NULL,DB-internal consistency (etype vs linked engine cc)
31371,Dodge,Durango,engine_type-pattern,3.7 (est.),NULL,DB-internal consistency (etype vs linked engine cc)
31375,Dodge,Magnum,engine_type-pattern,"5.7 V8 HEMI (LX, pre-VCT)",NULL,DB-internal consistency (etype vs linked engine cc)
31380,Dodge,Nitro,engine_type-pattern,3.7 (est.),NULL,DB-internal consistency (etype vs linked engine cc)
31381,Dodge,Pickup,engine_type-pattern,3.7 (est.),NULL,DB-internal consistency (etype vs linked engine cc)
31395,Dodge,Charger,engine_type-pattern,"5.7 V8 HEMI (LX, pre-VCT)",NULL,DB-internal consistency (etype vs linked engine cc)
31399,Dodge,Dakota,engine_type-pattern,3.7 (est.),NULL,DB-internal consistency (etype vs linked engine cc)
31401,Dodge,Durango,engine_type-pattern,3.7 (est.),NULL,DB-internal consistency (etype vs linked engine cc)
31408,Dodge,Magnum,engine_type-pattern,"5.7 V8 HEMI (LX, pre-VCT)",NULL,DB-internal consistency (etype vs linked engine cc)
31411,Dodge,Nitro,engine_type-pattern,3.7 (est.),NULL,DB-internal consistency (etype vs linked engine cc)
31413,Dodge,Pickup,engine_type-pattern,3.7 (est.),NULL,DB-internal consistency (etype vs linked engine cc)
31423,Dodge,Cab,engine_type-pattern,5.7 (est.),5.7 V8 HEMI (VCT),DB-internal consistency (etype vs linked engine cc)
31428,Dodge,Challenger,engine_type-pattern,5.7 (est.),5.7 V8 HEMI (VCT),DB-internal consistency (etype vs linked engine cc)
31432,Dodge,Charger,engine_type-pattern,5.7 (est.),5.7 V8 HEMI (VCT),DB-internal consistency (etype vs linked engine cc)
31435,Dodge,Dakota,engine_type-pattern,3.7 (est.),NULL,DB-internal consistency (etype vs linked engine cc)
31437,Dodge,Durango,engine_type-pattern,3.7 (est.),NULL,DB-internal consistency (etype vs linked engine cc)
31439,Dodge,Durango,engine_type-pattern,5.7 (est.),5.7 V8 HEMI (VCT),DB-internal consistency (etype vs linked engine cc)
31445,Dodge,Nitro,engine_type-pattern,3.7 (est.),NULL,DB-internal consistency (etype vs linked engine cc)
31446,Dodge,Pickup,engine_type-pattern,3.7 (est.),NULL,DB-internal consistency (etype vs linked engine cc)
31448,Dodge,Pickup,engine_type-pattern,5.7 (est.),5.7 V8 HEMI (VCT),DB-internal consistency (etype vs linked engine cc)
31725,GMC,Canyon,engine_type-pattern,3.7 (est.),NULL,DB-internal consistency (etype vs linked engine cc)
31732,GMC,Savana,engine_type-pattern,4.8 (est.),NULL,DB-internal consistency (etype vs linked engine cc)
31734,GMC,Sierra,engine_type-pattern,4.8 (est.),NULL,DB-internal consistency (etype vs linked engine cc)
31740,GMC,Yukon,engine_type-pattern,4.8 (est.),NULL,DB-internal consistency (etype vs linked engine cc)
31748,GMC,Canyon,engine_type-pattern,3.7 (est.),NULL,DB-internal consistency (etype vs linked engine cc)
31751,GMC,Savana,engine_type-spoof,5.3 V8 Vortec (van 1500),NULL,DB-internal consistency (etype vs linked engine cc)
31755,GMC,Savana,engine_type-pattern,4.8 (est.),NULL,DB-internal consistency (etype vs linked engine cc)
31757,GMC,Sierra,engine_type-pattern,4.8 (est.),NULL,DB-internal consistency (etype vs linked engine cc)
31762,GMC,Yukon,engine_type-pattern,4.8 (est.),NULL,DB-internal consistency (etype vs linked engine cc)
31770,GMC,Canyon,engine_type-pattern,3.7 (est.),NULL,DB-internal consistency (etype vs linked engine cc)
31771,GMC,Canyon,engine_type-pattern,5.3 (est.),NULL,DB-internal consistency (etype vs linked engine cc)
31775,GMC,Savana,engine_type-spoof,5.3 V8 Vortec (van 1500),NULL,DB-internal consistency (etype vs linked engine cc)
31778,GMC,Savana,engine_type-pattern,4.8 (est.),NULL,DB-internal consistency (etype vs linked engine cc)
31780,GMC,Sierra,engine_type-pattern,4.8 (est.),NULL,DB-internal consistency (etype vs linked engine cc)
31786,GMC,Yukon,engine_type-pattern,4.8 (est.),NULL,DB-internal consistency (etype vs linked engine cc)
31984,Jeep,Grand Cherokee,engine_type-pattern,3.7 (est.),NULL,DB-internal consistency (etype vs linked engine cc)
31988,Jeep,Liberty,engine_type-pattern,3.7 (est.),NULL,DB-internal consistency (etype vs linked engine cc)
31992,Jeep,Commander,engine_type-pattern,3.7 (est.),NULL,DB-internal consistency (etype vs linked engine cc)
31996,Jeep,Grand Cherokee,engine_type-pattern,3.7 (est.),NULL,DB-internal consistency (etype vs linked engine cc)
31998,Jeep,Liberty,engine_type-pattern,3.7 (est.),NULL,DB-internal consistency (etype vs linked engine cc)
32003,Jeep,Commander,engine_type-pattern,3.7 (est.),NULL,DB-internal consistency (etype vs linked engine cc)
32007,Jeep,Grand Cherokee,engine_type-pattern,3.0 V6 CRD turbodiesel (Mercedes OM642),NULL,DB-internal consistency (etype vs linked engine cc)
32008,Jeep,Grand Cherokee,engine_type-pattern,3.7 (est.),NULL,DB-internal consistency (etype vs linked engine cc)
32012,Jeep,Liberty,engine_type-pattern,3.7 (est.),NULL,DB-internal consistency (etype vs linked engine cc)
32016,Jeep,Commander,engine_type-pattern,3.7 (est.),NULL,DB-internal consistency (etype vs linked engine cc)
32019,Jeep,Grand Cherokee,engine_type-pattern,3.0 V6 CRD turbodiesel (Mercedes OM642),NULL,DB-internal consistency (etype vs linked engine cc)
32020,Jeep,Grand Cherokee,engine_type-pattern,3.7 (est.),NULL,DB-internal consistency (etype vs linked engine cc)
32024,Jeep,Liberty,engine_type-pattern,3.7 (est.),NULL,DB-internal consistency (etype vs linked engine cc)
32027,Jeep,Commander,engine_type-pattern,5.7 (est.),5.7 V8 HEMI (VCT),DB-internal consistency (etype vs linked engine cc)
32028,Jeep,Commander,engine_type-pattern,3.7 (est.),NULL,DB-internal consistency (etype vs linked engine cc)
32031,Jeep,Grand Cherokee,engine_type-pattern,3.0 V6 CRD turbodiesel (Mercedes OM642),NULL,DB-internal consistency (etype vs linked engine cc)
32032,Jeep,Grand Cherokee,engine_type-pattern,3.7 (est.),NULL,DB-internal consistency (etype vs linked engine cc)
32034,Jeep,Grand Cherokee,engine_type-pattern,5.7 (est.),5.7 V8 HEMI (VCT),DB-internal consistency (etype vs linked engine cc)
32036,Jeep,Liberty,engine_type-pattern,3.7 (est.),NULL,DB-internal consistency (etype vs linked engine cc)
33555,Cadillac,Escalade,engine_type-pattern,6.2 (corr.),NULL,DB-internal consistency (etype vs linked engine cc)
33556,Cadillac,Escalade,engine_type-pattern,6.2 (corr.),NULL,DB-internal consistency (etype vs linked engine cc)
33557,Cadillac,Escalade,engine_type-pattern,6 (est.),NULL,DB-internal consistency (etype vs linked engine cc)
33566,Cadillac,Escalade,engine_type-pattern,6.2 (corr.),NULL,DB-internal consistency (etype vs linked engine cc)
33567,Cadillac,Escalade,engine_type-pattern,6 (est.),NULL,DB-internal consistency (etype vs linked engine cc)
33568,Cadillac,Escalade,engine_type-pattern,6.2 (corr.),NULL,DB-internal consistency (etype vs linked engine cc)
33576,Cadillac,Escalade,engine_type-pattern,6.2 (corr.),NULL,DB-internal consistency (etype vs linked engine cc)
33577,Cadillac,Escalade,engine_type-pattern,6 (est.),NULL,DB-internal consistency (etype vs linked engine cc)
33578,Cadillac,Escalade,engine_type-pattern,6.2 (corr.),NULL,DB-internal consistency (etype vs linked engine cc)
33587,Cadillac,Escalade,engine_type-pattern,6.2 (corr.),NULL,DB-internal consistency (etype vs linked engine cc)
33588,Cadillac,Escalade,engine_type-pattern,6 (est.),NULL,DB-internal consistency (etype vs linked engine cc)
33589,Cadillac,Escalade,engine_type-pattern,6.2 (corr.),NULL,DB-internal consistency (etype vs linked engine cc)
33618,Chevrolet,Colorado,engine_type-pattern,3.7 (est.),NULL,DB-internal consistency (etype vs linked engine cc)
33642,Chevrolet,Silverado,engine_type-pattern,6.2 (corr.),NULL,DB-internal consistency (etype vs linked engine cc)
33649,Chevrolet,Tahoe,engine_type-pattern,6 (est.),NULL,DB-internal consistency (etype vs linked engine cc)
33663,Chevrolet,Colorado,engine_type-pattern,3.7 (est.),NULL,DB-internal consistency (etype vs linked engine cc)
33687,Chevrolet,Silverado,engine_type-pattern,6.2 (corr.),NULL,DB-internal consistency (etype vs linked engine cc)
33693,Chevrolet,Tahoe,engine_type-pattern,6 (est.),NULL,DB-internal consistency (etype vs linked engine cc)
33716,Chevrolet,Colorado,engine_type-pattern,3.7 (est.),NULL,DB-internal consistency (etype vs linked engine cc)
33725,Chevrolet,Cutaway,engine_type-pattern,6.0 (corr.),NULL,DB-internal consistency (etype vs linked engine cc)
33735,Chevrolet,RV,engine_type-pattern,6.0 (corr.),NULL,DB-internal consistency (etype vs linked engine cc)
33743,Chevrolet,Silverado,engine_type-pattern,6.2 (corr.),NULL,DB-internal consistency (etype vs linked engine cc)
33754,Chevrolet,Tahoe,engine_type-pattern,6 (est.),NULL,DB-internal consistency (etype vs linked engine cc)
33773,Chevrolet,Cutaway,engine_type-pattern,6.0 (corr.),NULL,DB-internal consistency (etype vs linked engine cc)
33780,Chevrolet,Express,engine_type-spoof,5.3 V8 Vortec (van 1500),NULL,DB-internal consistency (etype vs linked engine cc)
33781,Chevrolet,Express,engine_type-spoof,5.3 V8 Vortec (van 1500),NULL,DB-internal consistency (etype vs linked engine cc)
33785,Chevrolet,Express,engine_type-pattern,6.0 (corr.),NULL,DB-internal consistency (etype vs linked engine cc)
33792,Chevrolet,RV,engine_type-pattern,6.0 (corr.),NULL,DB-internal consistency (etype vs linked engine cc)
33795,Chevrolet,Silverado,engine_type-pattern,6 (est.),NULL,DB-internal consistency (etype vs linked engine cc)
33800,Chevrolet,Silverado,engine_type-pattern,6.2 (corr.),NULL,DB-internal consistency (etype vs linked engine cc)
33805,Chevrolet,Silverado,engine_type-pattern,6.0 (corr.),NULL,DB-internal consistency (etype vs linked engine cc)
33813,Chevrolet,Tahoe,engine_type-pattern,6 (est.),NULL,DB-internal consistency (etype vs linked engine cc)
33837,Chevrolet,Express,engine_type-spoof,5.3 V8 Vortec (van 1500),NULL,DB-internal consistency (etype vs linked engine cc)
33838,Chevrolet,Express,engine_type-spoof,5.3 V8 Vortec (van 1500),NULL,DB-internal consistency (etype vs linked engine cc)
33841,Chevrolet,Express,engine_type-pattern,6.0 (corr.),NULL,DB-internal consistency (etype vs linked engine cc)
33857,Chevrolet,Silverado,engine_type-pattern,6.0 (corr.),NULL,DB-internal consistency (etype vs linked engine cc)
33870,Chrysler,300,engine_type-pattern,5.7 (est.),5.7 V8 HEMI (VCT),DB-internal consistency (etype vs linked engine cc)
33884,Chrysler,300,engine_type-pattern,5.7 (est.),5.7 V8 HEMI (VCT),DB-internal consistency (etype vs linked engine cc)
33891,Chrysler,300,engine_type-pattern,5.7 (est.),5.7 V8 HEMI (VCT),DB-internal consistency (etype vs linked engine cc)
33893,Chrysler,300,engine_type-pattern,5.7 (est.),5.7 V8 HEMI (VCT),DB-internal consistency (etype vs linked engine cc)
33902,Chrysler,300,engine_type-pattern,5.7 (est.),5.7 V8 HEMI (VCT),DB-internal consistency (etype vs linked engine cc)
33912,Chrysler,300,engine_type-pattern,5.7 (est.),5.7 V8 HEMI (VCT),DB-internal consistency (etype vs linked engine cc)
33921,Dodge,Challenger,engine_type-pattern,5.7 (est.),5.7 V8 HEMI (VCT),DB-internal consistency (etype vs linked engine cc)
33925,Dodge,Charger,engine_type-pattern,5.7 (est.),5.7 V8 HEMI (VCT),DB-internal consistency (etype vs linked engine cc)
33929,Dodge,Dakota,engine_type-pattern,3.7 (est.),NULL,DB-internal consistency (etype vs linked engine cc)
33935,Dodge,Nitro,engine_type-pattern,3.7 (est.),NULL,DB-internal consistency (etype vs linked engine cc)
33936,Dodge,Pickup,engine_type-pattern,3.7 (est.),NULL,DB-internal consistency (etype vs linked engine cc)
33938,Dodge,Pickup,engine_type-pattern,5.7 (est.),5.7 V8 HEMI (VCT),DB-internal consistency (etype vs linked engine cc)
33943,Dodge,Cab,engine_type-pattern,5.7 (est.),5.7 V8 HEMI (VCT),DB-internal consistency (etype vs linked engine cc)
33946,Dodge,Challenger,engine_type-pattern,5.7 (est.),5.7 V8 HEMI (VCT),DB-internal consistency (etype vs linked engine cc)
33950,Dodge,Charger,engine_type-pattern,5.7 (est.),5.7 V8 HEMI (VCT),DB-internal consistency (etype vs linked engine cc)
33951,Dodge,Dakota,engine_type-pattern,3.7 (est.),NULL,DB-internal consistency (etype vs linked engine cc)
33954,Dodge,Durango,engine_type-pattern,5.7 (est.),5.7 V8 HEMI (VCT),DB-internal consistency (etype vs linked engine cc)
33958,Dodge,Nitro,engine_type-pattern,3.7 (est.),NULL,DB-internal consistency (etype vs linked engine cc)
33960,Dodge,Pickup,engine_type-pattern,3.7 (est.),NULL,DB-internal consistency (etype vs linked engine cc)
33961,Dodge,Pickup,engine_type-pattern,5.7 (est.),5.7 V8 HEMI (VCT),DB-internal consistency (etype vs linked engine cc)
33968,Dodge,Cab,engine_type-pattern,5.7 (est.),5.7 V8 HEMI (VCT),DB-internal consistency (etype vs linked engine cc)
33977,Dodge,Charger,engine_type-pattern,5.7 (est.),5.7 V8 HEMI (VCT),DB-internal consistency (etype vs linked engine cc)
33978,Dodge,Charger,engine_type-pattern,5.7 (est.),5.7 V8 HEMI (VCT),DB-internal consistency (etype vs linked engine cc)
33982,Dodge,Durango,engine_type-pattern,5.7 (est.),5.7 V8 HEMI (VCT),DB-internal consistency (etype vs linked engine cc)
33983,Dodge,Durango,engine_type-pattern,5.7 (est.),5.7 V8 HEMI (VCT),DB-internal consistency (etype vs linked engine cc)
33989,Dodge,Pickup,engine_type-pattern,3.7 (est.),NULL,DB-internal consistency (etype vs linked engine cc)
33990,Dodge,Pickup,engine_type-pattern,5.7 (est.),5.7 V8 HEMI (VCT),DB-internal consistency (etype vs linked engine cc)
33992,Dodge,Pickup,engine_type-pattern,5.7 (est.),5.7 V8 HEMI (VCT),DB-internal consistency (etype vs linked engine cc)
33994,Ram,1500,engine_type-pattern,5.7 (est.),5.7 V8 HEMI (VCT),DB-internal consistency (etype vs linked engine cc)
33996,Ram,1500,engine_type-pattern,5.7 (est.),5.7 V8 HEMI (VCT),DB-internal consistency (etype vs linked engine cc)
33998,Ram,2500,engine_type-pattern,5.7 (est.),5.7 V8 HEMI (VCT),DB-internal consistency (etype vs linked engine cc)
34000,Ram,2500,engine_type-pattern,5.7 (est.),5.7 V8 HEMI (VCT),DB-internal consistency (etype vs linked engine cc)
34001,Ram,2500,engine_type-pattern,5.7 (est.),5.7 V8 HEMI (VCT),DB-internal consistency (etype vs linked engine cc)
34002,Ram,3500,engine_type-pattern,5.7 (est.),5.7 V8 HEMI (VCT),DB-internal consistency (etype vs linked engine cc)
34015,Dodge,Charger,engine_type-pattern,5.7 (est.),5.7 V8 HEMI (VCT),DB-internal consistency (etype vs linked engine cc)
34016,Dodge,Charger,engine_type-pattern,5.7 (est.),5.7 V8 HEMI (VCT),DB-internal consistency (etype vs linked engine cc)
34025,Dodge,Durango,engine_type-pattern,5.7 (est.),5.7 V8 HEMI (VCT),DB-internal consistency (etype vs linked engine cc)
34026,Dodge,Durango,engine_type-pattern,5.7 (est.),5.7 V8 HEMI (VCT),DB-internal consistency (etype vs linked engine cc)
34036,Ram,1500,engine_type-pattern,5.7 (est.),5.7 V8 HEMI (VCT),DB-internal consistency (etype vs linked engine cc)
34037,Ram,1500,engine_type-pattern,5.7 (est.),5.7 V8 HEMI (VCT),DB-internal consistency (etype vs linked engine cc)
34038,Ram,2500,engine_type-pattern,5.7 (est.),5.7 V8 HEMI (VCT),DB-internal consistency (etype vs linked engine cc)
34042,Ram,2500,engine_type-pattern,5.7 (est.),5.7 V8 HEMI (VCT),DB-internal consistency (etype vs linked engine cc)
34043,Ram,3500,engine_type-pattern,5.7 (est.),5.7 V8 HEMI (VCT),DB-internal consistency (etype vs linked engine cc)
34059,Dodge,Charger,engine_type-pattern,5.7 (est.),5.7 V8 HEMI (VCT),DB-internal consistency (etype vs linked engine cc)
34060,Dodge,Charger,engine_type-pattern,5.7 (est.),5.7 V8 HEMI (VCT),DB-internal consistency (etype vs linked engine cc)
34069,Dodge,Durango,engine_type-pattern,5.7 (est.),5.7 V8 HEMI (VCT),DB-internal consistency (etype vs linked engine cc)
34070,Dodge,Durango,engine_type-pattern,5.7 (est.),5.7 V8 HEMI (VCT),DB-internal consistency (etype vs linked engine cc)
34076,Dodge,ProMaster,engine_type-pattern,3 (est.),3.0 V6 EcoDiesel (VM A630),DB-internal consistency (etype vs linked engine cc)
34340,GMC,Canyon,engine_type-pattern,3.7 (est.),NULL,DB-internal consistency (etype vs linked engine cc)
34343,GMC,Savana,engine_type-spoof,5.3 V8 Vortec (van 1500),NULL,DB-internal consistency (etype vs linked engine cc)
34350,GMC,Sierra,engine_type-pattern,6.2 (corr.),NULL,DB-internal consistency (etype vs linked engine cc)
34357,GMC,Yukon,engine_type-pattern,6.2 (corr.),NULL,DB-internal consistency (etype vs linked engine cc)
34358,GMC,Yukon,engine_type-pattern,6 (est.),NULL,DB-internal consistency (etype vs linked engine cc)
34363,GMC,Canyon,engine_type-pattern,3.7 (est.),NULL,DB-internal consistency (etype vs linked engine cc)
34366,GMC,Savana,engine_type-spoof,5.3 V8 Vortec (van 1500),NULL,DB-internal consistency (etype vs linked engine cc)
34373,GMC,Sierra,engine_type-pattern,6.2 (corr.),NULL,DB-internal consistency (etype vs linked engine cc)
34379,GMC,Yukon,engine_type-pattern,6.2 (corr.),NULL,DB-internal consistency (etype vs linked engine cc)
34380,GMC,Yukon,engine_type-pattern,6 (est.),NULL,DB-internal consistency (etype vs linked engine cc)
34385,GMC,Canyon,engine_type-pattern,3.7 (est.),NULL,DB-internal consistency (etype vs linked engine cc)
34390,GMC,Cutaway,engine_type-pattern,6.0 (corr.),NULL,DB-internal consistency (etype vs linked engine cc)
34393,GMC,RV,engine_type-pattern,6.0 (corr.),NULL,DB-internal consistency (etype vs linked engine cc)
34395,GMC,Savana,engine_type-spoof,5.3 V8 Vortec (van 1500),NULL,DB-internal consistency (etype vs linked engine cc)
34396,GMC,Savana,engine_type-spoof,5.3 V8 Vortec (van 1500),NULL,DB-internal consistency (etype vs linked engine cc)
34401,GMC,Savana,engine_type-pattern,6.0 (corr.),NULL,DB-internal consistency (etype vs linked engine cc)
34406,GMC,Sierra,engine_type-pattern,6.2 (corr.),NULL,DB-internal consistency (etype vs linked engine cc)
34414,GMC,Yukon,engine_type-pattern,6.2 (corr.),NULL,DB-internal consistency (etype vs linked engine cc)
34415,GMC,Yukon,engine_type-pattern,6 (est.),NULL,DB-internal consistency (etype vs linked engine cc)
34418,GMC,Yukon,engine_type-pattern,6.2 (corr.),NULL,DB-internal consistency (etype vs linked engine cc)
34422,GMC,Cutaway,engine_type-pattern,6.0 (corr.),NULL,DB-internal consistency (etype vs linked engine cc)
34425,GMC,RV,engine_type-pattern,6.0 (corr.),NULL,DB-internal consistency (etype vs linked engine cc)
34428,GMC,Savana,engine_type-spoof,5.3 V8 Vortec (van 1500),NULL,DB-internal consistency (etype vs linked engine cc)
34431,GMC,Savana,engine_type-spoof,5.3 V8 Vortec (van 1500),NULL,DB-internal consistency (etype vs linked engine cc)
34434,GMC,Savana,engine_type-pattern,6.0 (corr.),NULL,DB-internal consistency (etype vs linked engine cc)
34435,GMC,Sierra,engine_type-pattern,6.2 (corr.),NULL,DB-internal consistency (etype vs linked engine cc)
34436,GMC,Sierra,engine_type-pattern,6 (est.),NULL,DB-internal consistency (etype vs linked engine cc)
34441,GMC,Sierra,engine_type-pattern,6.2 (corr.),NULL,DB-internal consistency (etype vs linked engine cc)
34446,GMC,Sierra,engine_type-pattern,6.0 (corr.),NULL,DB-internal consistency (etype vs linked engine cc)
34450,GMC,Yukon,engine_type-pattern,6.2 (corr.),NULL,DB-internal consistency (etype vs linked engine cc)
34451,GMC,Yukon,engine_type-pattern,6 (est.),NULL,DB-internal consistency (etype vs linked engine cc)
34453,GMC,Yukon,engine_type-pattern,6.2 (corr.),NULL,DB-internal consistency (etype vs linked engine cc)
34457,GMC,Savana,engine_type-spoof,5.3 V8 Vortec (van 1500),NULL,DB-internal consistency (etype vs linked engine cc)
34458,GMC,Savana,engine_type-spoof,5.3 V8 Vortec (van 1500),NULL,DB-internal consistency (etype vs linked engine cc)
34460,GMC,Savana,engine_type-pattern,6.0 (corr.),NULL,DB-internal consistency (etype vs linked engine cc)
34466,GMC,Sierra,engine_type-pattern,6.0 (corr.),NULL,DB-internal consistency (etype vs linked engine cc)
34472,GMC,Yukon,engine_type-pattern,6.2 (corr.),NULL,DB-internal consistency (etype vs linked engine cc)
34476,GMC,Yukon,engine_type-pattern,6.2 (corr.),NULL,DB-internal consistency (etype vs linked engine cc)
34729,Jeep,Commander,engine_type-pattern,5.7 (est.),5.7 V8 HEMI (VCT),DB-internal consistency (etype vs linked engine cc)
34731,Jeep,Commander,engine_type-pattern,3.7 (est.),NULL,DB-internal consistency (etype vs linked engine cc)
34732,Jeep,Grand Cherokee,engine_type-pattern,3.7 (est.),NULL,DB-internal consistency (etype vs linked engine cc)
34733,Jeep,Grand Cherokee,engine_type-pattern,5.7 (est.),5.7 V8 HEMI (VCT),DB-internal consistency (etype vs linked engine cc)
34735,Jeep,Liberty,engine_type-pattern,3.7 (est.),NULL,DB-internal consistency (etype vs linked engine cc)
34740,Jeep,Grand Cherokee,engine_type-pattern,5.7 (est.),5.7 V8 HEMI (VCT),DB-internal consistency (etype vs linked engine cc)
34741,Jeep,Liberty,engine_type-pattern,3.7 (est.),NULL,DB-internal consistency (etype vs linked engine cc)
34747,Jeep,Grand Cherokee,engine_type-pattern,5.7 (est.),5.7 V8 HEMI (VCT),DB-internal consistency (etype vs linked engine cc)
34749,Jeep,Liberty,engine_type-pattern,3.7 (est.),NULL,DB-internal consistency (etype vs linked engine cc)
34756,Jeep,Grand Cherokee,engine_type-pattern,5.7 (est.),5.7 V8 HEMI (VCT),DB-internal consistency (etype vs linked engine cc)
34772,Jeep,Grand Cherokee,engine_type-pattern,5.7 (est.),5.7 V8 HEMI (VCT),DB-internal consistency (etype vs linked engine cc)
36434,Chevrolet,Silverado,engine_type-pattern,6.0 (corr.),NULL,DB-internal consistency (etype vs linked engine cc)
36491,Chevrolet,Silverado,engine_type-pattern,6.0 (corr.),NULL,DB-internal consistency (etype vs linked engine cc)
36758,Chrysler,300,engine_type-pattern,5.7 (est.),5.7 V8 HEMI (VCT),DB-internal consistency (etype vs linked engine cc)
36759,Chrysler,300,engine_type-pattern,5.7 (est.),5.7 V8 HEMI (VCT),DB-internal consistency (etype vs linked engine cc)
36761,Chrysler,300,engine_type-pattern,5.7 (est.),5.7 V8 HEMI (VCT),DB-internal consistency (etype vs linked engine cc)
36764,Chrysler,300,engine_type-pattern,5.7 (est.),5.7 V8 HEMI (VCT),DB-internal consistency (etype vs linked engine cc)
36767,Chrysler,300,engine_type-pattern,5.7 (est.),5.7 V8 HEMI (VCT),DB-internal consistency (etype vs linked engine cc)
36769,Chrysler,300,engine_type-pattern,5.7 (est.),5.7 V8 HEMI (VCT),DB-internal consistency (etype vs linked engine cc)
36774,Chrysler,300,engine_type-pattern,5.7 (est.),5.7 V8 HEMI (VCT),DB-internal consistency (etype vs linked engine cc)
36778,Chrysler,300,engine_type-pattern,5.7 (est.),5.7 V8 HEMI (VCT),DB-internal consistency (etype vs linked engine cc)
36784,Chrysler,300,engine_type-pattern,6.4 (est.),6.4 V8 HEMI SRT 392 (485hp),DB-internal consistency (etype vs linked engine cc)
36785,Chrysler,300,engine_type-pattern,5.7 (est.),5.7 V8 HEMI (VCT),DB-internal consistency (etype vs linked engine cc)
36793,Ram,1500,engine_type-pattern,5.7 (est.),5.7 V8 HEMI (VCT),DB-internal consistency (etype vs linked engine cc)
36796,Ram,1500,engine_type-pattern,5.7 (est.),5.7 V8 HEMI (VCT),DB-internal consistency (etype vs linked engine cc)
36797,Ram,2500,engine_type-pattern,5.7 (est.),5.7 V8 HEMI (VCT),DB-internal consistency (etype vs linked engine cc)
36800,Ram,2500,engine_type-pattern,5.7 (est.),5.7 V8 HEMI (VCT),DB-internal consistency (etype vs linked engine cc)
36802,Ram,3500,engine_type-pattern,5.7 (est.),5.7 V8 HEMI (VCT),DB-internal consistency (etype vs linked engine cc)
36811,Dodge,Charger,engine_type-pattern,6.4 (est.),6.4 V8 HEMI SRT 392 (485hp),DB-internal consistency (etype vs linked engine cc)
36812,Dodge,Charger,engine_type-pattern,5.7 (est.),5.7 V8 HEMI (VCT),DB-internal consistency (etype vs linked engine cc)
36815,Dodge,Charger,engine_type-pattern,5.7 (est.),5.7 V8 HEMI (VCT),DB-internal consistency (etype vs linked engine cc)
36818,Dodge,Durango,engine_type-pattern,5.7 (est.),5.7 V8 HEMI (VCT),DB-internal consistency (etype vs linked engine cc)
36820,Dodge,Durango,engine_type-pattern,5.7 (est.),5.7 V8 HEMI (VCT),DB-internal consistency (etype vs linked engine cc)
36821,Dodge,Durango,engine_type-pattern,6.4 (est.),6.4 V8 HEMI SRT 392 (485hp),DB-internal consistency (etype vs linked engine cc)
36832,Ram,1500,engine_type-pattern,5.7 (est.),5.7 V8 HEMI (VCT),DB-internal consistency (etype vs linked engine cc)
36834,Ram,1500,engine_type-pattern,5.7 (est.),5.7 V8 HEMI (VCT),DB-internal consistency (etype vs linked engine cc)
36851,Dodge,Charger,engine_type-pattern,5.7 (est.),5.7 V8 HEMI (VCT),DB-internal consistency (etype vs linked engine cc)
36852,Dodge,Charger,engine_type-pattern,5.7 (est.),5.7 V8 HEMI (VCT),DB-internal consistency (etype vs linked engine cc)
36854,Dodge,Charger,engine_type-pattern,6.4 (est.),6.4 V8 HEMI SRT 392 (485hp),DB-internal consistency (etype vs linked engine cc)
36856,Dodge,Durango,engine_type-pattern,5.7 (est.),5.7 V8 HEMI (VCT),DB-internal consistency (etype vs linked engine cc)
36858,Dodge,Durango,engine_type-pattern,5.7 (est.),5.7 V8 HEMI (VCT),DB-internal consistency (etype vs linked engine cc)
36859,Dodge,Durango,engine_type-pattern,6.4 (est.),6.4 V8 HEMI SRT 392 (485hp),DB-internal consistency (etype vs linked engine cc)
36870,Ram,1500,engine_type-pattern,5.7 (est.),5.7 V8 HEMI (VCT),DB-internal consistency (etype vs linked engine cc)
36871,Ram,1500,engine_type-pattern,5.7 (est.),5.7 V8 HEMI (VCT),DB-internal consistency (etype vs linked engine cc)
36887,Dodge,Charger,engine_type-pattern,5.7 (est.),5.7 V8 HEMI (VCT),DB-internal consistency (etype vs linked engine cc)
36888,Dodge,Charger,engine_type-pattern,5.7 (est.),5.7 V8 HEMI (VCT),DB-internal consistency (etype vs linked engine cc)
36891,Dodge,Charger,engine_type-pattern,6.4 (est.),6.4 V8 HEMI SRT 392 (485hp),DB-internal consistency (etype vs linked engine cc)
36893,Dodge,Durango,engine_type-pattern,5.7 (est.),5.7 V8 HEMI (VCT),DB-internal consistency (etype vs linked engine cc)
36895,Dodge,Durango,engine_type-pattern,5.7 (est.),5.7 V8 HEMI (VCT),DB-internal consistency (etype vs linked engine cc)
36896,Dodge,Durango,engine_type-pattern,6.4 (est.),6.4 V8 HEMI SRT 392 (485hp),DB-internal consistency (etype vs linked engine cc)
36906,Ram,1500,engine_type-pattern,5.7 (est.),5.7 V8 HEMI (VCT),DB-internal consistency (etype vs linked engine cc)
36907,Ram,1500,engine_type-pattern,5.7 (est.),5.7 V8 HEMI (VCT),DB-internal consistency (etype vs linked engine cc)
36924,Dodge,Charger,engine_type-pattern,5.7 (est.),5.7 V8 HEMI (VCT),DB-internal consistency (etype vs linked engine cc)
36925,Dodge,Charger,engine_type-pattern,5.7 (est.),5.7 V8 HEMI (VCT),DB-internal consistency (etype vs linked engine cc)
36927,Dodge,Durango,engine_type-pattern,5.7 (est.),5.7 V8 HEMI (VCT),DB-internal consistency (etype vs linked engine cc)
36928,Dodge,Charger,engine_type-pattern,6.4 (est.),6.4 V8 HEMI SRT 392 (485hp),DB-internal consistency (etype vs linked engine cc)
36930,Dodge,Durango,engine_type-pattern,5.7 (est.),5.7 V8 HEMI (VCT),DB-internal consistency (etype vs linked engine cc)
36931,Dodge,Durango,engine_type-pattern,6.4 (est.),6.4 V8 HEMI SRT 392 (485hp),DB-internal consistency (etype vs linked engine cc)
36941,Ram,1500,engine_type-pattern,5.7 (est.),5.7 V8 HEMI (VCT),DB-internal consistency (etype vs linked engine cc)
36942,Ram,1500,engine_type-pattern,5.7 (est.),5.7 V8 HEMI (VCT),DB-internal consistency (etype vs linked engine cc)
36958,Dodge,Charger,engine_type-pattern,5.7 (est.),5.7 V8 HEMI (VCT),DB-internal consistency (etype vs linked engine cc)
36959,Dodge,Charger,engine_type-pattern,5.7 (est.),5.7 V8 HEMI (VCT),DB-internal consistency (etype vs linked engine cc)
36961,Dodge,Charger,engine_type-pattern,6.4 (est.),6.4 V8 HEMI SRT 392 (485hp),DB-internal consistency (etype vs linked engine cc)
36962,Dodge,Durango,engine_type-pattern,5.7 (est.),5.7 V8 HEMI (VCT),DB-internal consistency (etype vs linked engine cc)
36965,Dodge,Durango,engine_type-pattern,5.7 (est.),5.7 V8 HEMI (VCT),DB-internal consistency (etype vs linked engine cc)
36966,Dodge,Durango,engine_type-pattern,6.4 (est.),6.4 V8 HEMI SRT 392 (485hp),DB-internal consistency (etype vs linked engine cc)
36977,Ram,1500,engine_type-pattern,5.7 (est.),5.7 V8 HEMI (VCT),DB-internal consistency (etype vs linked engine cc)
36978,Ram,1500,engine_type-pattern,5.7 (est.),5.7 V8 HEMI (VCT),DB-internal consistency (etype vs linked engine cc)
36994,Dodge,Charger,engine_type-pattern,5.7 (est.),5.7 V8 HEMI (VCT),DB-internal consistency (etype vs linked engine cc)
36996,Dodge,Charger,engine_type-pattern,5.7 (est.),5.7 V8 HEMI (VCT),DB-internal consistency (etype vs linked engine cc)
36997,Dodge,Charger,engine_type-pattern,6.4 (est.),6.4 V8 HEMI SRT 392 (485hp),DB-internal consistency (etype vs linked engine cc)
37000,Dodge,Durango,engine_type-pattern,5.7 (est.),5.7 V8 HEMI (VCT),DB-internal consistency (etype vs linked engine cc)
37001,Dodge,Durango,engine_type-pattern,5.7 (est.),5.7 V8 HEMI (VCT),DB-internal consistency (etype vs linked engine cc)
37002,Dodge,Durango,engine_type-pattern,6.4 (est.),6.4 V8 HEMI SRT 392 (485hp),DB-internal consistency (etype vs linked engine cc)
37007,Ram,1500,engine_type-pattern,5.7 (est.),5.7 V8 HEMI (VCT),DB-internal consistency (etype vs linked engine cc)
37010,Ram,1500,engine_type-pattern,5.7 (est.),5.7 V8 HEMI (VCT),DB-internal consistency (etype vs linked engine cc)
37019,Dodge,Durango,engine_type-pattern,5.7 (est.),5.7 V8 HEMI (VCT),DB-internal consistency (etype vs linked engine cc)
37021,Dodge,Durango,engine_type-pattern,5.7 (est.),5.7 V8 HEMI (VCT),DB-internal consistency (etype vs linked engine cc)
37022,Dodge,Durango,engine_type-pattern,6.4 (est.),6.4 V8 HEMI SRT 392 (485hp),DB-internal consistency (etype vs linked engine cc)
37040,Dodge,Durango,engine_type-pattern,5.7 (est.),5.7 V8 HEMI (VCT),DB-internal consistency (etype vs linked engine cc)
37041,Dodge,Durango,engine_type-pattern,5.7 (est.),5.7 V8 HEMI (VCT),DB-internal consistency (etype vs linked engine cc)
37537,GMC,Sierra,engine_type-pattern,6.0 (corr.),NULL,DB-internal consistency (etype vs linked engine cc)
37566,GMC,Sierra,engine_type-pattern,6.0 (corr.),NULL,DB-internal consistency (etype vs linked engine cc)
38195,Jeep,Grand Cherokee,engine_type-pattern,5.7 (est.),5.7 V8 HEMI (VCT),DB-internal consistency (etype vs linked engine cc)
38196,Jeep,Grand Cherokee,engine_type-pattern,6.4 (est.),6.4 V8 HEMI SRT 392 (485hp),DB-internal consistency (etype vs linked engine cc)
38215,Jeep,Grand Cherokee,engine_type-pattern,5.7 (est.),5.7 V8 HEMI (VCT),DB-internal consistency (etype vs linked engine cc)
38216,Jeep,Grand Cherokee,engine_type-pattern,6.4 (est.),6.4 V8 HEMI SRT 392 (485hp),DB-internal consistency (etype vs linked engine cc)
38234,Jeep,Grand Cherokee,engine_type-pattern,5.7 (est.),5.7 V8 HEMI (VCT),DB-internal consistency (etype vs linked engine cc)
38235,Jeep,Grand Cherokee,engine_type-pattern,6.4 (est.),6.4 V8 HEMI SRT 392 (485hp),DB-internal consistency (etype vs linked engine cc)
38256,Jeep,Grand Cherokee,engine_type-pattern,5.7 (est.),5.7 V8 HEMI (VCT),DB-internal consistency (etype vs linked engine cc)
38258,Jeep,Grand Cherokee,engine_type-pattern,6.4 (est.),6.4 V8 HEMI SRT 392 (485hp),DB-internal consistency (etype vs linked engine cc)
38280,Jeep,Grand Cherokee,engine_type-pattern,5.7 (est.),5.7 V8 HEMI (VCT),DB-internal consistency (etype vs linked engine cc)
38303,Jeep,Grand Cherokee,engine_type-pattern,5.7 (est.),5.7 V8 HEMI (VCT),DB-internal consistency (etype vs linked engine cc)
38326,Jeep,Grand Cherokee,engine_type-pattern,5.7 (est.),5.7 V8 HEMI (VCT),DB-internal consistency (etype vs linked engine cc)
