variant_id,brand,model,year,old_engine_code,new_engine_code,fuel_fix,evidence
27462,Mercedes,B250,2015,LEMON_MERCEDES_B250_2015_B2504MATIC,M270.920,,B250 W242 = M270 2.0T 208hp [WIKIM274][DBSIB]
27463,Mercedes,C300,2015,LEMON_MERCEDES_C300_2015_C3004MATIC,M274.920,,W205 C300 = M274 2.0T 241hp [FCPW205]
27465,Mercedes,C300,2015,LEMON_MERCEDES_C300_2015_C300BASE,M274.920,,W205 C300 = M274 2.0T 241hp [FCPW205]
27466,Mercedes,C250,2015,LEMON_MERCEDES_C250_2015_C250,M271.860,,W204 C250 = M271 EVO 1.8T 201hp [FCPEURO_E][DBSIB]
27467,Mercedes,B250,2015,LEMON_MERCEDES_B250_2015_B250BASE,M270.920,,B250 W242 = M270 2.0T 208hp [WIKIM274][DBSIB]
27468,Mercedes,B,2015,LEMON_MERCEDES_B_2015_BELECTRICDRI,W242 Electric (B250e),,B-Class Electric Drive W242 [DBSIB]
27469,Mercedes,C63,2015,LEMON_MERCEDES_C63_6300CC_2015,M177.980,,W205 C63 = M177 4.0TT 469-503hp [FCPW205][DBSIB]
27470,Mercedes,C63,2015,LEMON_MERCEDES_C63_4000CC_2015,M177.980,,W205 C63 = M177 4.0TT 469-503hp [FCPW205][DBSIB]
27471,Mercedes,C63,2015,LEMON_MERCEDES_C63_2015_C63SAMG,M177.980,,W205 C63 = M177 4.0TT 469-503hp [FCPW205][DBSIB]
27472,Mercedes,C400,2015,LEMON_MERCEDES_C400_2015_C400,M276.820,,W205 C400 = M276 3.0TT 329hp [FCPW205 family]
27473,Mercedes,CLA250,2015,LEMON_MERCEDES_CLA250_2015_CLA2504MATIC,M270.920,,W117 CLA250 = M270 2.0T 208hp [M260GUIDE family]
27474,Mercedes,CLA250,2015,LEMON_MERCEDES_CLA250_2015_CLA250BASE,M270.920,,W117 CLA250 = M270 2.0T 208hp [M260GUIDE family]
27475,Mercedes,CLA45,2015,LEMON_MERCEDES_CLA45_2015_CLA45AMG,M133.980,,W117 CLA45 = M133 2.0T 355-375hp [M260GUIDE][DBSIB]
27476,Mercedes,CLS400,2015,LEMON_MERCEDES_CLS400_2015_CLS400BASE,M276.820,,CLS400 = M276 3.0TT 329hp [DBSIB CLS family]
27477,Mercedes,CLS400,2015,LEMON_MERCEDES_CLS400_2015_CLS4004MATIC,M276.820,,CLS400 = M276 3.0TT 329hp [DBSIB CLS family]
27478,Mercedes,CLS550,2015,LEMON_MERCEDES_CLS550_2015_CLS550BASE,M278.922,,CLS550 '12-'18 = M278 4.7TT 402hp [WIKIVIN CLS550 4Matic '12-'18 M278]
27479,Mercedes,CLS63,2015,LEMON_MERCEDES_CLS63_2015_CLS63SAMG,M157.980,,CLS63 S '14-'18 = M157 5.5TT 577hp [WIKIVIN CLS63 S '14-'18 M157]
27480,Mercedes,CLS550,2015,LEMON_MERCEDES_CLS550_2015_CLS5504MATIC,M278.922,,CLS550 '12-'18 = M278 4.7TT 402hp [WIKIVIN CLS550 4Matic '12-'18 M278]
27481,Mercedes,E250,2015,LEMON_MERCEDES_E250_2015_E250BLUETEC,OM651.924,Diesel,E250 Bluetec = OM651 2.1 diesel 195hp [DBSIB][MOTOREV]
27482,Mercedes,E250,2015,LEMON_MERCEDES_E250_2015_E250BLUETEC4,OM651.924,Diesel,E250 Bluetec = OM651 2.1 diesel 195hp [DBSIB][MOTOREV]
27483,Mercedes,E350,2015,LEMON_MERCEDES_E350_2015_E3504MATIC4D,M276.957,,E350 3.5 M276 302hp (W212 2012+) [HAGERTY212][DBSIB]
27484,Mercedes,E350,2015,LEMON_MERCEDES_E350_2015_E350BASE,M276.957,,E350 3.5 M276 302hp (W212 2012+) [HAGERTY212][DBSIB]
27485,Mercedes,E400,2015,LEMON_MERCEDES_E400_2015_E4004MATIC2D,M276.820,,E400 = M276 3.0TT 329hp (NA-only model; W212/W213) [HAGERTY212][HANDW213]
27486,Mercedes,E400,2015,LEMON_MERCEDES_E400_2015_E400BASE2DCO,M276.820,,E400 = M276 3.0TT 329hp (NA-only model; W212/W213) [HAGERTY212][HANDW213]
27487,Mercedes,E400,2015,LEMON_MERCEDES_E400_2015_E4004MATIC4D,M276.820,,E400 = M276 3.0TT 329hp (NA-only model; W212/W213) [HAGERTY212][HANDW213]
27488,Mercedes,E400,2015,LEMON_MERCEDES_E400_2015_E400BASE4DSE,M276.820,,E400 = M276 3.0TT 329hp (NA-only model; W212/W213) [HAGERTY212][HANDW213]
27489,Mercedes,E550,2015,LEMON_MERCEDES_E550_2015_E5502DCOUPE,M278.922,,W212 E550 2012+ = M278 4.7TT 402hp [HAGERTY212][DBSIB]
27490,Mercedes,E550,2015,LEMON_MERCEDES_E550_2015_E5502DCONVER,M278.922,,W212 E550 2012+ = M278 4.7TT 402hp [HAGERTY212][DBSIB]
27491,Mercedes,E63,2015,LEMON_MERCEDES_E63_2015_E63AMG,M157.981,,W212 E63 2012+ = M157 5.5TT 550hp [HAGERTY212][DBSIB]
27492,Mercedes,E400,2015,LEMON_MERCEDES_E400_2015_E400HYBRID,M276.960,Hybrid,E400 Hybrid = M276 3.5 NA + 27hp motor [HAGERTY212][DBSIB M276.960]
27493,Mercedes,E63,2015,LEMON_MERCEDES_E63_2015_E63SAMG4DSED,M157.981,,W212 E63 2012+ = M157 5.5TT 550hp [HAGERTY212][DBSIB]
27494,Mercedes,G550,2015,LEMON_MERCEDES_G550_2015_G550,M273.965,,G550 (G500 NA name) = M273 5.5 382hp [EXPEDG]
27495,Mercedes,E63,2015,LEMON_MERCEDES_E63_2015_E63SAMG4DWAG,M157.981,,W212 E63 2012+ = M157 5.5TT 550hp [HAGERTY212][DBSIB]
27496,Mercedes,GL450,2015,LEMON_MERCEDES_GL450_2015_GL450,M276.823,,X166 GL450 2015+ = M276 3.0TT 362hp [MBWORLDGL]
27497,Mercedes,GL350,2015,LEMON_MERCEDES_GL350_2015_GL350,OM642.940,Diesel,X164 GL350 Bluetec = OM642 3.0 210hp [MOTOREV][WIKIX164]
27498,Mercedes,GL550,2015,LEMON_MERCEDES_GL550_2015_GL550,M278.929,,X166 GL550 = M278 4.7TT 429hp [MBWORLDGL]
27499,Mercedes,G63,2015,LEMON_MERCEDES_G63_2015_G63AMG,M157.985,,G63 = M157 5.5TT 563hp [NAMUG][DBSIB]
27500,Mercedes,GL63,2015,LEMON_MERCEDES_GL63_2015_GL63AMG,M157.981,,X166 GL63 = M157 5.5TT 550hp [DBSIB family]
27501,Mercedes,GLA250,2015,LEMON_MERCEDES_GLA250_2015_GLA2504MATIC,M270.920,,X156 GLA250 = M270 2.0T 208hp [M260GUIDE family]
27502,Mercedes,GLA45,2015,LEMON_MERCEDES_GLA45_2015_GLA45AMG,M133.980,,X156 GLA45 = M133 2.0T 355-375hp [M260GUIDE][DBSIB]
27503,Mercedes,GLA250,2015,LEMON_MERCEDES_GLA250_2015_GLA250BASE,M270.920,,X156 GLA250 = M270 2.0T 208hp [M260GUIDE family]
27504,Mercedes,GLK350,2015,LEMON_MERCEDES_GLK350_2015_GLK350BASE,M272E35,,GLK350 = M272 3.5 268hp [BAVDISM GLK X204][DBSIB Glk]
27505,Mercedes,ML250,2015,LEMON_MERCEDES_ML250_2015_ML250,OM651.924,Diesel,ML250 Bluetec = OM651 2.1 200hp [WIKIGLE]
27506,Mercedes,GLK350,2015,LEMON_MERCEDES_GLK350_2015_GLK3504MATIC,M272E35,,GLK350 = M272 3.5 268hp [BAVDISM GLK X204][DBSIB Glk]
27507,Mercedes,GLK250,2015,LEMON_MERCEDES_GLK250_2015_GLK250,OM651.924,Diesel,GLK250 Bluetec = OM651 2.1 200hp [DBSIB GLK]
27508,Mercedes,ML350,2015,LEMON_MERCEDES_ML350_2015_ML3504MATIC,M276.957,,W166 ML350 = M276 3.5 302hp [MOTOREV][DBSIB]
27509,Mercedes,ML350,2015,LEMON_MERCEDES_ML350_2015_ML350BASE,M276.957,,W166 ML350 = M276 3.5 302hp [MOTOREV][DBSIB]
27510,Mercedes,ML400,2015,LEMON_MERCEDES_ML400_2015_ML400,M276.820,,ML400 = M276 3.0TT 329hp [MOTOREV ML400]
27511,Mercedes,ML63,2015,LEMON_MERCEDES_ML63_2015_ML63AMG,M157.981,,W166 ML63 = M157 5.5TT 518-550hp [DBSIB family]
27512,Mercedes,S550,2015,LEMON_MERCEDES_S550_2015_S5504MATIC2D,M278.929,,S550 2010+ = M278 4.7TT 429hp [CARBUZZS][ALIBABA221]
27513,Mercedes,S550,2015,LEMON_MERCEDES_S550_2015_S5504MATIC4D,M278.929,,S550 2010+ = M278 4.7TT 429hp [CARBUZZS][ALIBABA221]
27514,Mercedes,S550e,2015,LEMON_MERCEDES_S550E_2015_S550E,M276 3.0 PHEV,,S550e = M276 3.0TT PHEV 329+108hp [HANDW222]
27515,Mercedes,S550,2015,LEMON_MERCEDES_S550_2015_S550BASE,M278.929,,S550 2010+ = M278 4.7TT 429hp [CARBUZZS][ALIBABA221]
27516,Mercedes,S600,2015,LEMON_MERCEDES_S600_2015_S600,M277.980,,W222 S600 = M277 6.0 V12 TT 523hp [HANDW222][DBSIB]
27517,Mercedes,S63,2015,LEMON_MERCEDES_S63_2015_S63AMG2DCOUP,M157.980,,W222 S63 = M157 577hp [HANDW222][DBSIB]
27518,Mercedes,S63,2015,LEMON_MERCEDES_S63_2015_S63AMG4DSEDA,M157.980,,W222 S63 = M157 577hp [HANDW222][DBSIB]
27519,Mercedes,S65,2015,LEMON_MERCEDES_S65_2015_S65AMG2DCOUP,M279.980,,W222 S65 = M279 6.0 V12 TT 621hp [HANDW222][DBSIB]
27520,Mercedes,S65,2015,LEMON_MERCEDES_S65_2015_S65AMG4DSEDA,M279.980,,W222 S65 = M279 6.0 V12 TT 621hp [HANDW222][DBSIB]
27521,Mercedes,SL400,2015,LEMON_MERCEDES_SL400_2015_SL400,M276.820,,R231 SL400 = M276 3.0TT 329hp [DBSIB]
27522,Mercedes,SL550,2015,LEMON_MERCEDES_SL550_2015_SL550,M278.922,,R231 FL SL550 = M278 4.7TT 429hp [FCPCHASSIS family]
27523,Mercedes,SL63,2015,LEMON_MERCEDES_SL63_2015_SL63AMG,M157.980,,R231 SL63 = M157 5.5TT 530-577hp [FCPCHASSIS][DBSIB]
27524,Mercedes,SL65,2015,LEMON_MERCEDES_SL65_2015_SL65AMG,M275KE60LA,,SL65 = M275 6.0 V12 TT 604-621hp [DBSIB CL65 row]
27525,Mercedes,SLK250,2015,LEMON_MERCEDES_SLK250_2015_SLK250AUTOMA,M271.860,,R172 SLK250 = M271 EVO 1.8T 201hp [AUTOEVSLK][DBSIB]
27526,Mercedes,SLK250,2015,LEMON_MERCEDES_SLK250_2015_SLK250STANDA,M271.860,,R172 SLK250 = M271 EVO 1.8T 201hp [AUTOEVSLK][DBSIB]
27527,Mercedes,SLS,2015,LEMON_MERCEDES_SLS_2015_SLSAMG2DCONV,M159.980,,SLS AMG = M159 6.2 563-622hp [DBSIB M159.980]
27528,Mercedes,SLS,2015,LEMON_MERCEDES_SLS_2015_SLSAMG2DCOUP,M159.980,,SLS AMG = M159 6.2 563-622hp [DBSIB M159.980]
27529,Mercedes,SLK350,2015,LEMON_MERCEDES_SLK350_2015_SLK350,M276.957,,R172 SLK350 = M276 3.5 302hp [AUTOEVSLK][DBSIB]
27530,Mercedes,SLK55,2015,LEMON_MERCEDES_SLK55_2015_SLK55AMG,M152 5.5 V8 NA,,R172 SLK55 = M152 5.5 NA 415hp [FCPCHASSIS][AUTOEVSLK]
27531,Mercedes,Sprinter,2015,LEMON_MERCEDES_SPRINTER_2100CC_2015,OM651.955,Diesel,Sprinter 2.1 = OM651 4cyl diesel 161hp [WIKISPR OM651 until 2022][DBSIB]
27532,Mercedes,Sprinter,2015,LEMON_MERCEDES_SPRINTER_3000CC_2015,OM642.992,Diesel,Sprinter 3.0 = OM642 V6 diesel 188hp [WIKISPR][DBSIB Sprinter rows]
27533,Mercedes,Sprinter,2015,LEMON_MERCEDES_SPRINTER_2015_SPRINTER3500,OM642.992,Diesel,Sprinter 3500 = OM642 3.0 diesel 188hp (2010-2022) [WIKISPR]
28777,Mercedes,C350e,2016,LEMON_MERCEDES_C350E_2016,M274 PHEV (C350e),,C350e = M274 PHEV 275hp combined [FCPW205]
28778,Mercedes,B250,2016,LEMON_MERCEDES_B250_2016,M270.920,,B250 W242 = M270 2.0T 208hp [WIKIM274][DBSIB]
28779,Mercedes,C300,2016,LEMON_MERCEDES_C300_2016,M274.920,,W205 C300 = M274 2.0T 241hp [FCPW205]
28780,Mercedes,C63,2016,LEMON_MERCEDES_C63_2016,M177.980,,W205 C63 = M177 4.0TT 469-503hp [FCPW205][DBSIB]
28781,Mercedes,C450,2016,LEMON_MERCEDES_C450_2016,M276.823,,C450 AMG = M276 3.0TT 362hp [FCPW205 family]
28782,Mercedes,B250e,2016,LEMON_MERCEDES_B250E_2016,W242 Electric (B250e),,B250e = W242 electric (Tesla motor 177hp) [DBSIB EV row pattern]
28783,Mercedes,CLA250,2016,LEMON_MERCEDES_CLA250_2016,M270.920,,W117 CLA250 = M270 2.0T 208hp [M260GUIDE family]
28784,Mercedes,CLS400,2016,LEMON_MERCEDES_CLS400_2016,M276.820,,CLS400 = M276 3.0TT 329hp [DBSIB CLS family]
28785,Mercedes,CLA45,2016,LEMON_MERCEDES_CLA45_2016,M133.980,,W117 CLA45 = M133 2.0T 355-375hp [M260GUIDE][DBSIB]
28786,Mercedes,CLS550,2016,LEMON_MERCEDES_CLS550_2016,M278.922,,CLS550 '12-'18 = M278 4.7TT 402hp [WIKIVIN CLS550 4Matic '12-'18 M278]
28787,Mercedes,CLS63,2016,LEMON_MERCEDES_CLS63_2016,M157.980,,CLS63 S '14-'18 = M157 5.5TT 577hp [WIKIVIN CLS63 S '14-'18 M157]
28788,Mercedes,E250,2016,LEMON_MERCEDES_E250_2016,OM651.924,Diesel,E250 Bluetec = OM651 2.1 diesel 195hp [DBSIB][MOTOREV]
28789,Mercedes,E350,2016,LEMON_MERCEDES_E350_2016,M276.957,,E350 3.5 M276 302hp (W212 2012+) [HAGERTY212][DBSIB]
28790,Mercedes,E400,2016,LEMON_MERCEDES_E400_2016,M276.820,,E400 = M276 3.0TT 329hp (NA-only model; W212/W213) [HAGERTY212][HANDW213]
28791,Mercedes,E550,2016,LEMON_MERCEDES_E550_2016,M278.922,,W212 E550 2012+ = M278 4.7TT 402hp [HAGERTY212][DBSIB]
28792,Mercedes,E63,2016,LEMON_MERCEDES_E63_2016,M157.981,,W212 E63 2012+ = M157 5.5TT 550hp [HAGERTY212][DBSIB]
28793,Mercedes,G65,2016,LEMON_MERCEDES_G65_2016,M275KE60LA,,G65 = M275 6.0 V12 TT 621hp [DBSIB family]
28794,Mercedes,G63,2016,LEMON_MERCEDES_G63_2016,M157.985,,G63 = M157 5.5TT 563hp [NAMUG][DBSIB]
28795,Mercedes,G550,2016,LEMON_MERCEDES_G550_2016,M273.965,,G550 (G500 NA name) = M273 5.5 382hp [EXPEDG]
28796,Mercedes,GL63,2016,LEMON_MERCEDES_GL63_2016,M157.981,,X166 GL63 = M157 5.5TT 550hp [DBSIB family]
28797,Mercedes,GL550,2016,LEMON_MERCEDES_GL550_2016,M278.929,,X166 GL550 = M278 4.7TT 429hp [MBWORLDGL]
28798,Mercedes,GL450,2016,LEMON_MERCEDES_GL450_2016,M276.823,,X166 GL450 2015+ = M276 3.0TT 362hp [MBWORLDGL]
28799,Mercedes,GLA250,2016,LEMON_MERCEDES_GLA250_2016,M270.920,,X156 GLA250 = M270 2.0T 208hp [M260GUIDE family]
28800,Mercedes,GL350,2016,LEMON_MERCEDES_GL350_2016,OM642.940,Diesel,X164 GL350 Bluetec = OM642 3.0 210hp [MOTOREV][WIKIX164]
28801,Mercedes,GLA45,2016,LEMON_MERCEDES_GLA45_2016,M133.980,,X156 GLA45 = M133 2.0T 355-375hp [M260GUIDE][DBSIB]
28802,Mercedes,GLE300d,2016,LEMON_MERCEDES_GLE300D_2016,OM642.872,Diesel,GLE300d = OM642 3.0 240hp [WIKIGLE family]
28803,Mercedes,GLC300,2016,LEMON_MERCEDES_GLC300_2016,M274.920,,X253 GLC300 = M274 2.0T 241hp [BAVDISM GLC][DBSIB]
28804,Mercedes,GLE350,2016,LEMON_MERCEDES_GLE350_2016,M276.957,,W166 GLE350 = M276 3.5 302hp [MOTOREV family]
28806,Mercedes,GLE400,2016,LEMON_MERCEDES_GLE400_2016,M276.820,,W166 GLE400 = M276 3.0TT 329hp [DBSIB family]
28807,Mercedes,GLE63,2016,LEMON_MERCEDES_GLE63_2016,M157.980,,W166 GLE63 = M157 5.5TT 577hp [DBSIB family]
28808,Mercedes,GLE550e,2016,LEMON_MERCEDES_GLE550E_2016,M276 3.0 PHEV,Hybrid,GLE550e = M276 3.0TT PHEV 436hp [WIKIGLE]
28809,Mercedes,Metris,2016,LEMON_MERCEDES_METRIS_2016,M274.920,,Metris = M274 2.0T 208hp [CDMETRIS][WIKIM274]
28810,Mercedes,S550,2016,LEMON_MERCEDES_S550_2016,M278.929,,S550 2010+ = M278 4.7TT 429hp [CARBUZZS][ALIBABA221]
28811,Mercedes,Gt,2016,LEMON_MERCEDES_GT_2016,M178 4.0 V8 BiTurbo (GT),,AMG GT C190 = M178 4.0TT 456-523hp [WIKIAMGGT][EXOTICGT]
28812,Mercedes,S600,2016,LEMON_MERCEDES_S600_2016,M277.980,,W222 S600 = M277 6.0 V12 TT 523hp [HANDW222][DBSIB]
28813,Mercedes,S550e,2016,LEMON_MERCEDES_S550E_2016,M276 3.0 PHEV,,S550e = M276 3.0TT PHEV 329+108hp [HANDW222]
28814,Mercedes,S63,2016,LEMON_MERCEDES_S63_2016,M157.980,,W222 S63 = M157 577hp [HANDW222][DBSIB]
28815,Mercedes,S65,2016,LEMON_MERCEDES_S65_2016,M279.980,,W222 S65 = M279 6.0 V12 TT 621hp [HANDW222][DBSIB]
28816,Mercedes,SL400,2016,LEMON_MERCEDES_SL400_2016,M276.820,,R231 SL400 = M276 3.0TT 329hp [DBSIB]
28817,Mercedes,SL550,2016,LEMON_MERCEDES_SL550_2016,M278.922,,R231 FL SL550 = M278 4.7TT 429hp [FCPCHASSIS family]
28819,Mercedes,SL65,2016,LEMON_MERCEDES_SL65_2016,M275KE60LA,,SL65 = M275 6.0 V12 TT 604-621hp [DBSIB CL65 row]
28820,Mercedes,SL63,2016,LEMON_MERCEDES_SL63_2016,M157.980,,R231 SL63 = M157 5.5TT 530-577hp [FCPCHASSIS][DBSIB]
28821,Mercedes,SLK350,2016,LEMON_MERCEDES_SLK350_2016,M276.957,,R172 SLK350 = M276 3.5 302hp [AUTOEVSLK][DBSIB]
28823,Mercedes,Sprinter,2016,LEMON_MERCEDES_SPRINTER_2100CC_2016,OM651.955,Diesel,Sprinter 2.1 = OM651 4cyl diesel 161hp [WIKISPR OM651 until 2022][DBSIB]
28824,Mercedes,Sprinter,2016,LEMON_MERCEDES_SPRINTER_3000CC_2016,OM642.992,Diesel,Sprinter 3.0 = OM642 V6 diesel 188hp [WIKISPR][DBSIB Sprinter rows]
28826,Mercedes,C300,2017,LEMON_MERCEDES_C300_2017,M274.920,,W205 C300 = M274 2.0T 241hp [FCPW205]
28827,Mercedes,B250e,2017,LEMON_MERCEDES_B250E_2017,W242 Electric (B250e),,B250e = W242 electric (Tesla motor 177hp) [DBSIB EV row pattern]
28828,Mercedes,C43,2017,LEMON_MERCEDES_C43_2017,M276.823,,W205 C43 = M276 3.0TT 385hp [FCPW205]
28829,Mercedes,C350e,2017,LEMON_MERCEDES_C350E_2017,M274 PHEV (C350e),,C350e = M274 PHEV 275hp combined [FCPW205]
28830,Mercedes,C63,2017,LEMON_MERCEDES_C63_2017,M177.980,,W205 C63 = M177 4.0TT 469-503hp [FCPW205][DBSIB]
28831,Mercedes,CLA250,2017,LEMON_MERCEDES_CLA250_2017,M270.920,,W117 CLA250 = M270 2.0T 208hp [M260GUIDE family]
28832,Mercedes,CLA45,2017,LEMON_MERCEDES_CLA45_2017,M133.980,,W117 CLA45 = M133 2.0T 355-375hp [M260GUIDE][DBSIB]
28833,Mercedes,CLS400,2017,LEMON_MERCEDES_CLS400_2017,M276.820,,CLS400 = M276 3.0TT 329hp [DBSIB CLS family]
28834,Mercedes,CLS550,2017,LEMON_MERCEDES_CLS550_2017,M278.922,,CLS550 '12-'18 = M278 4.7TT 402hp [WIKIVIN CLS550 4Matic '12-'18 M278]
28835,Mercedes,CLS63,2017,LEMON_MERCEDES_CLS63_2017,M157.980,,CLS63 S '14-'18 = M157 5.5TT 577hp [WIKIVIN CLS63 S '14-'18 M157]
28836,Mercedes,E300,2017,LEMON_MERCEDES_E300_2017,M274.920,,W213 E300 = M274 2.0T 241hp [MBW264]
28837,Mercedes,E400,2017,LEMON_MERCEDES_E400_2017,M276.820,,E400 = M276 3.0TT 329hp (NA-only model; W212/W213) [HAGERTY212][HANDW213]
28838,Mercedes,E43,2017,LEMON_MERCEDES_E43_2017,M276.823,,W213 E43 = M276 3.0TT 396hp [HANDW213 family]
28840,Mercedes,G550,2017,LEMON_MERCEDES_G550_2017,M176 4.0 V8 BiTurbo,,G550 2017+ = M176 4.0TT 416hp [WIKIG][NAMUG]
28841,Mercedes,G65,2017,LEMON_MERCEDES_G65_2017,M275KE60LA,,G65 = M275 6.0 V12 TT 621hp [DBSIB family]
28842,Mercedes,G63,2017,LEMON_MERCEDES_G63_2017,M157.985,,G63 = M157 5.5TT 563hp [NAMUG][DBSIB]
28843,Mercedes,GLA250,2017,LEMON_MERCEDES_GLA250_2017,M270.920,,X156 GLA250 = M270 2.0T 208hp [M260GUIDE family]
28844,Mercedes,GLA45,2017,LEMON_MERCEDES_GLA45_2017,M133.980,,X156 GLA45 = M133 2.0T 355-375hp [M260GUIDE][DBSIB]
28845,Mercedes,GLC300,2017,LEMON_MERCEDES_GLC300_2017,M274.920,,X253 GLC300 = M274 2.0T 241hp [BAVDISM GLC][DBSIB]
28846,Mercedes,GLC43,2017,LEMON_MERCEDES_GLC43_2017,M276.823,,GLC43 = M276 3.0TT 385hp [BAVDISM][DBSIB]
28847,Mercedes,GLE350,2017,LEMON_MERCEDES_GLE350_2017,M276.957,,W166 GLE350 = M276 3.5 302hp [MOTOREV family]
28848,Mercedes,GLE400,2017,LEMON_MERCEDES_GLE400_2017,M276.820,,W166 GLE400 = M276 3.0TT 329hp [DBSIB family]
28849,Mercedes,GLE43,2017,LEMON_MERCEDES_GLE43_2017,M276.823,,GLE43 = M276 3.0TT 390hp [DBSIB family]
28850,Mercedes,GLE63,2017,LEMON_MERCEDES_GLE63_2017,M157.980,,W166 GLE63 = M157 5.5TT 577hp [DBSIB family]
28851,Mercedes,GLE550e,2017,LEMON_MERCEDES_GLE550E_2017,M276 3.0 PHEV,Hybrid,GLE550e = M276 3.0TT PHEV 436hp [WIKIGLE]
28852,Mercedes,GLS350d,2017,LEMON_MERCEDES_GLS350D_2017,OM642.868,Diesel,X166 GLS350d = OM642 3.0 255hp [DBSIB family]
28853,Mercedes,GLS450,2017,LEMON_MERCEDES_GLS450_2017,M276.823,,X166 GLS450 = M276 3.0TT 362hp [MBWORLDGL family]
28854,Mercedes,GLS550,2017,LEMON_MERCEDES_GLS550_2017,M278.929,,X166 GLS550 = M278 4.7TT 449hp [MBWORLDGL family]
28855,Mercedes,GLS63,2017,LEMON_MERCEDES_GLS63_2017,M157.980,,X166 GLS63 = M157 577hp [DBSIB family]
28856,Mercedes,Gt,2017,LEMON_MERCEDES_GT_2017,M178 4.0 V8 BiTurbo (GT),,AMG GT C190 = M178 4.0TT 456-523hp [WIKIAMGGT][EXOTICGT]
28857,Mercedes,Metris,2017,LEMON_MERCEDES_METRIS_2017,M274.920,,Metris = M274 2.0T 208hp [CDMETRIS][WIKIM274]
28858,Mercedes,S550,2017,LEMON_MERCEDES_S550_2017,M278.929,,S550 2010+ = M278 4.7TT 429hp [CARBUZZS][ALIBABA221]
28859,Mercedes,S550e,2017,LEMON_MERCEDES_S550E_2017,M276 3.0 PHEV,,S550e = M276 3.0TT PHEV 329+108hp [HANDW222]
28860,Mercedes,S63,2017,LEMON_MERCEDES_S63_2017,M157.980,,W222 S63 = M157 577hp [HANDW222][DBSIB]
28861,Mercedes,S600,2017,LEMON_MERCEDES_S600_2017,M277.980,,W222 S600 = M277 6.0 V12 TT 523hp [HANDW222][DBSIB]
28862,Mercedes,S65,2017,LEMON_MERCEDES_S65_2017,M279.980,,W222 S65 = M279 6.0 V12 TT 621hp [HANDW222][DBSIB]
28863,Mercedes,SL550,2017,LEMON_MERCEDES_SL550_2017,M278.922,,R231 FL SL550 = M278 4.7TT 429hp [FCPCHASSIS family]
28864,Mercedes,SL450,2017,LEMON_MERCEDES_SL450_2017,M276.820,,R231 FL SL450 = M276 3.0TT 362hp [DBSIB family]
28865,Mercedes,SL63,2017,LEMON_MERCEDES_SL63_2017,M157.980,,R231 SL63 = M157 5.5TT 530-577hp [FCPCHASSIS][DBSIB]
28866,Mercedes,SL65,2017,LEMON_MERCEDES_SL65_2017,M275KE60LA,,SL65 = M275 6.0 V12 TT 604-621hp [DBSIB CL65 row]
28867,Mercedes,SLC300,2017,LEMON_MERCEDES_SLC300_2017,M274.920,,SLC300 = M274 2.0T 241hp [FCPCHASSIS]
28868,Mercedes,Sprinter,2017,LEMON_MERCEDES_SPRINTER_2100CC_2017,OM651.955,Diesel,Sprinter 2.1 = OM651 4cyl diesel 161hp [WIKISPR OM651 until 2022][DBSIB]
28869,Mercedes,Sprinter,2017,LEMON_MERCEDES_SPRINTER_3000CC_2017,OM642.992,Diesel,Sprinter 3.0 = OM642 V6 diesel 188hp [WIKISPR][DBSIB Sprinter rows]
28870,Mercedes,SLC43,2017,LEMON_MERCEDES_SLC43_2017,M276.823,,SLC43 = M276 3.0TT 362-385hp [FCPCHASSIS]
30507,Mercedes,CLK430,2000,LEMON_MERCEDES_CLK430_2000,M113.968,,CLK430 = M113 4.3 275hp [WIKIVIN][AUTOFOMCLK family]
30510,Mercedes,CLK320,2000,LEMON_MERCEDES_CLK320_2000,M112.955,,CLK320 = M112 3.2 215hp [WIKIVIN][DBSIB]
30511,Mercedes,CL500,2000,LEMON_MERCEDES_CL500_2000,M113E50,,C215 CL500 = M113 5.0 302hp [WIKIC215][DBSIB]
30512,Mercedes,C43,2000,LEMON_MERCEDES_C43_2000,M113.943 4.3 V8,,W202 C43 AMG = M113 4.3 V8 302hp [DBSIB AMG family]
30513,Mercedes,E320,2000,LEMON_MERCEDES_E320_2000,M112E32,,W210 E320 = M112 3.2 215hp [FCPEURO_E][DBSIB]
30514,Mercedes,E430,2000,LEMON_MERCEDES_E430_2000,M113.943 4.3 V8,,W210 E430 = M113 4.3 275hp [FCPEURO_E family]
30515,Mercedes,E55,2000,LEMON_MERCEDES_E55_2000,M113E55,,W210 E55 = M113 5.4 NA 342hp [DBSIB C55/E55 family]
30516,Mercedes,ML320,2000,LEMON_MERCEDES_ML320_2000,M112E32,,W163 ML320 = M112 3.2 215hp [DBSIB]
30517,Mercedes,ML430,2000,LEMON_MERCEDES_ML430_2000,M113.943 4.3 V8,,ML430 = M113 4.3 270hp [DBSIB family]
30518,Mercedes,S430,2000,LEMON_MERCEDES_S430_2000,M113.943 4.3 V8,,W220 S430 = M113 4.3 275hp [REDDITW220]
30519,Mercedes,ML55,2000,LEMON_MERCEDES_ML55_2000,M113E55,,ML55 AMG = M113 5.4 NA 342hp [DBSIB family]
30520,Mercedes,SL600,2000,LEMON_MERCEDES_SL600_2000,M137 5.8 V12 NA,,R230 SL600 pre-FL = M137 5.5 NA 360hp [DBSIB family]
30521,Mercedes,SL500,2000,LEMON_MERCEDES_SL500_2000,M113.963,,R230 SL500 = M113 5.0 302hp [DBSIB 500 (230.475)]
30522,Mercedes,S500,2000,LEMON_MERCEDES_S500_2000,M113.963,,W220 S500 = M113 5.0 302hp [REDDITW220][DBSIB]
30523,Mercedes,SLK230,2000,LEMON_MERCEDES_SLK230_2000,M271E18ML,,R170 SLK230K = M111 2.3 SC 185-197hp (DB compact M271 row used; family M111 kompressor) [DBSIB]
30524,Mercedes,CLK320,2001,LEMON_MERCEDES_CLK320_2001,M112.955,,CLK320 = M112 3.2 215hp [WIKIVIN][DBSIB]
30525,Mercedes,C240,2001,LEMON_MERCEDES_C240_2001,M112.912,,W203 C240 = M112 2.6 V6 170hp [DBSIB]
30526,Mercedes,C320,2001,LEMON_MERCEDES_C320_2001,M112.946,,W203 C320 = M112 3.2 V6 215hp [DBSIB]
30527,Mercedes,CL500,2001,LEMON_MERCEDES_CL500_2001,M113E50,,C215 CL500 = M113 5.0 302hp [WIKIC215][DBSIB]
30528,Mercedes,CL55,2001,LEMON_MERCEDES_CL55_2001,M113E55,,C215 CL55 2000-02 = M113 5.4 NA 355hp [WIKIC215]
30529,Mercedes,CL600,2001,LEMON_MERCEDES_CL600_2001,M137 5.8 V12 NA,,C215 CL600 2000 = M137 5.8 NA 362hp [WIKIC215]
30530,Mercedes,CLK430,2001,LEMON_MERCEDES_CLK430_2001,M113.968,,CLK430 = M113 4.3 275hp [WIKIVIN][AUTOFOMCLK family]
30531,Mercedes,CLK55,2001,LEMON_MERCEDES_CLK55_2001,M113.987,,CLK55 = M113 5.4 NA 362hp [WIKIVIN][DBSIB]
30532,Mercedes,E320,2001,LEMON_MERCEDES_E320_2001,M112E32,,W210 E320 = M112 3.2 215hp [FCPEURO_E][DBSIB]
30533,Mercedes,E430,2001,LEMON_MERCEDES_E430_2001,M113.943 4.3 V8,,W210 E430 = M113 4.3 275hp [FCPEURO_E family]
30534,Mercedes,ML430,2001,LEMON_MERCEDES_ML430_2001,M113.943 4.3 V8,,ML430 = M113 4.3 270hp [DBSIB family]
30535,Mercedes,S430,2001,LEMON_MERCEDES_S430_2001,M113.943 4.3 V8,,W220 S430 = M113 4.3 275hp [REDDITW220]
30536,Mercedes,S500,2001,LEMON_MERCEDES_S500_2001,M113.963,,W220 S500 = M113 5.0 302hp [REDDITW220][DBSIB]
30537,Mercedes,ML320,2001,LEMON_MERCEDES_ML320_2001,M112E32,,W163 ML320 = M112 3.2 215hp [DBSIB]
30538,Mercedes,ML55,2001,LEMON_MERCEDES_ML55_2001,M113E55,,ML55 AMG = M113 5.4 NA 342hp [DBSIB family]
30539,Mercedes,E55,2001,LEMON_MERCEDES_E55_2001,M113E55,,W210 E55 = M113 5.4 NA 342hp [DBSIB C55/E55 family]
30540,Mercedes,S55,2001,LEMON_MERCEDES_S55_2001,M113E55ML,,W220 S55 AMG = M113K 5.5 SC 493hp [DBSIB CL55 row]
30541,Mercedes,S600,2001,LEMON_MERCEDES_S600_2001,M137 5.8 V12 NA,,W220 S600 pre-facelift = M137 5.8 NA 360hp [WIKIC215 family]
30542,Mercedes,SL500,2001,LEMON_MERCEDES_SL500_2001,M113.963,,R230 SL500 = M113 5.0 302hp [DBSIB 500 (230.475)]
30543,Mercedes,SLK320,2001,LEMON_MERCEDES_SLK320_2001,M112E32,,R170 SLK320 = M112 3.2 215hp [DBSIB]
30544,Mercedes,SLK230,2001,LEMON_MERCEDES_SLK230_2001,M271E18ML,,R170 SLK230K = M111 2.3 SC 185-197hp (DB compact M271 row used; family M111 kompressor) [DBSIB]
30545,Mercedes,SL600,2001,LEMON_MERCEDES_SL600_2001,M137 5.8 V12 NA,,R230 SL600 pre-FL = M137 5.5 NA 360hp [DBSIB family]
30547,Mercedes,C320,2002,LEMON_MERCEDES_C320_2002,M112.946,,W203 C320 = M112 3.2 V6 215hp [DBSIB]
30548,Mercedes,C240,2002,LEMON_MERCEDES_C240_2002,M112.912,,W203 C240 = M112 2.6 V6 170hp [DBSIB]
30549,Mercedes,C32,2002,LEMON_MERCEDES_C32_2002,M112.961,,C32 AMG = M112 3.2 SC 349hp [DBSIB C 32 AMG row]
30550,Mercedes,CL500,2002,LEMON_MERCEDES_CL500_2002,M113E50,,C215 CL500 = M113 5.0 302hp [WIKIC215][DBSIB]
30551,Mercedes,CLK320,2002,LEMON_MERCEDES_CLK320_2002,M112.955,,CLK320 = M112 3.2 215hp [WIKIVIN][DBSIB]
30552,Mercedes,CL55,2002,LEMON_MERCEDES_CL55_2002,M113E55,,C215 CL55 2000-02 = M113 5.4 NA 355hp [WIKIC215]
30553,Mercedes,CLK55,2002,LEMON_MERCEDES_CLK55_2002,M113.987,,CLK55 = M113 5.4 NA 362hp [WIKIVIN][DBSIB]
30554,Mercedes,CLK430,2002,LEMON_MERCEDES_CLK430_2002,M113.968,,CLK430 = M113 4.3 275hp [WIKIVIN][AUTOFOMCLK family]
30555,Mercedes,CL600,2002,LEMON_MERCEDES_CL600_2002,M137 5.8 V12 NA,,C215 CL600 2000 = M137 5.8 NA 362hp [WIKIC215]
30556,Mercedes,E320,2002,LEMON_MERCEDES_E320_2002,M112E32,,W210 E320 = M112 3.2 215hp [FCPEURO_E][DBSIB]
30557,Mercedes,E430,2002,LEMON_MERCEDES_E430_2002,M113.943 4.3 V8,,W210 E430 = M113 4.3 275hp [FCPEURO_E family]
30558,Mercedes,E55,2002,LEMON_MERCEDES_E55_2002,M113E55,,W210 E55 = M113 5.4 NA 342hp [DBSIB C55/E55 family]
30559,Mercedes,G500,2002,LEMON_MERCEDES_G500_2002,M113.964,,G500 = M113 5.0 292hp [EXPEDG][DBSIB]
30560,Mercedes,ML320,2002,LEMON_MERCEDES_ML320_2002,M112E32,,W163 ML320 = M112 3.2 215hp [DBSIB]
30561,Mercedes,ML55,2002,LEMON_MERCEDES_ML55_2002,M113E55,,ML55 AMG = M113 5.4 NA 342hp [DBSIB family]
30562,Mercedes,ML500,2002,LEMON_MERCEDES_ML500_2002,M113.964,,ML500 = M113 5.0 288-292hp [DBSIB]
30563,Mercedes,S430,2002,LEMON_MERCEDES_S430_2002,M113.943 4.3 V8,,W220 S430 = M113 4.3 275hp [REDDITW220]
30564,Mercedes,S500,2002,LEMON_MERCEDES_S500_2002,M113.963,,W220 S500 = M113 5.0 302hp [REDDITW220][DBSIB]
30565,Mercedes,S55,2002,LEMON_MERCEDES_S55_2002,M113E55ML,,W220 S55 AMG = M113K 5.5 SC 493hp [DBSIB CL55 row]
30566,Mercedes,S600,2002,LEMON_MERCEDES_S600_2002,M137 5.8 V12 NA,,W220 S600 pre-facelift = M137 5.8 NA 360hp [WIKIC215 family]
30567,Mercedes,SL500,2002,LEMON_MERCEDES_SL500_2002,M113.963,,R230 SL500 = M113 5.0 302hp [DBSIB 500 (230.475)]
30568,Mercedes,SL600,2002,LEMON_MERCEDES_SL600_2002,M137 5.8 V12 NA,,R230 SL600 pre-FL = M137 5.5 NA 360hp [DBSIB family]
30569,Mercedes,SLK230,2002,LEMON_MERCEDES_SLK230_2002,M271E18ML,,R170 SLK230K = M111 2.3 SC 185-197hp (DB compact M271 row used; family M111 kompressor) [DBSIB]
30570,Mercedes,SLK32,2002,LEMON_MERCEDES_SLK32_2002,M112.961,,SLK32 AMG = M112 3.2 SC 349hp [DBSIB C32 row]
30571,Mercedes,SLK320,2002,LEMON_MERCEDES_SLK320_2002,M112E32,,R170 SLK320 = M112 3.2 215hp [DBSIB]
30572,Mercedes,C230,2003,LEMON_MERCEDES_C230_2003,M271.940,,W203 C230 Kompressor = M271 1.8 SC 189hp [DBSIB W203]
30573,Mercedes,C240,2003,LEMON_MERCEDES_C240_2003,M112.912,,W203 C240 = M112 2.6 V6 170hp [DBSIB]
30574,Mercedes,C32,2003,LEMON_MERCEDES_C32_2003,M112.961,,C32 AMG = M112 3.2 SC 349hp [DBSIB C 32 AMG row]
30575,Mercedes,C320,2003,LEMON_MERCEDES_C320_2003,M112.946,,W203 C320 = M112 3.2 V6 215hp [DBSIB]
30576,Mercedes,CL500,2003,LEMON_MERCEDES_CL500_2003,M113E50,,C215 CL500 = M113 5.0 302hp [WIKIC215][DBSIB]
30577,Mercedes,CL600,2003,LEMON_MERCEDES_CL600_2003,M275KE55LA,,CL600 2003+ = M275 5.5 V12 TT 493-510hp [WIKIC215][ALIBABA221]
30578,Mercedes,CL55,2003,LEMON_MERCEDES_CL55_2003,M113E55ML,,C215 CL55 2003+ = M113K SC 493hp [WIKIC215][DBSIB]
30579,Mercedes,CLK320,2003,LEMON_MERCEDES_CLK320_2003,M112.955,,CLK320 = M112 3.2 215hp [WIKIVIN][DBSIB]
30580,Mercedes,CLK430,2003,LEMON_MERCEDES_CLK430_2003,M113.968,,CLK430 = M113 4.3 275hp [WIKIVIN][AUTOFOMCLK family]
30581,Mercedes,CLK55,2003,LEMON_MERCEDES_CLK55_2003,M113.987,,CLK55 = M113 5.4 NA 362hp [WIKIVIN][DBSIB]
30582,Mercedes,CLK500,2003,LEMON_MERCEDES_CLK500_2003,M113.968,,CLK500 '03-'06 = M113 5.0 302hp [WIKIVIN][AUTOFOMCLK]
30583,Mercedes,E320,2003,LEMON_MERCEDES_E320_2003,M112.949,,W211 E320 = M112 3.2 224hp [DBSIB E 320]
30584,Mercedes,E500,2003,LEMON_MERCEDES_E500_2003,M113.967,,W211 E500 = M113 5.0 302hp [FCPEURO_E][DBSIB]
30585,Mercedes,E55,2003,LEMON_MERCEDES_E55_2003,M113.990,,W211 E55 AMG Kompressor = M113K 469hp [DBSIB E 55 AMG K row]
30586,Mercedes,G55,2003,LEMON_MERCEDES_G55_2003,M113E55,,G55 2003 = M113 5.4 NA 349hp [EXPEDG]
30587,Mercedes,G500,2003,LEMON_MERCEDES_G500_2003,M113.964,,G500 = M113 5.0 292hp [EXPEDG][DBSIB]
30588,Mercedes,ML500,2003,LEMON_MERCEDES_ML500_2003,M113.964,,ML500 = M113 5.0 288-292hp [DBSIB]
30589,Mercedes,ML350,2003,LEMON_MERCEDES_ML350_2003,M112E37,,W163 ML350 = M112 3.7 232hp [DBSIB M112E37]
30590,Mercedes,S430,2003,LEMON_MERCEDES_S430_2003,M113.943 4.3 V8,,W220 S430 = M113 4.3 275hp [REDDITW220]
30591,Mercedes,ML55,2003,LEMON_MERCEDES_ML55_2003,M113E55,,ML55 AMG = M113 5.4 NA 342hp [DBSIB family]
30592,Mercedes,ML320,2003,LEMON_MERCEDES_ML320_2003,M112E32,,W163 ML320 = M112 3.2 215hp [DBSIB]
30593,Mercedes,S55,2003,LEMON_MERCEDES_S55_2003,M113E55ML,,W220 S55 AMG = M113K 5.5 SC 493hp [DBSIB CL55 row]
30594,Mercedes,S500,2003,LEMON_MERCEDES_S500_2003,M113.963,,W220 S500 = M113 5.0 302hp [REDDITW220][DBSIB]
30595,Mercedes,SL500,2003,LEMON_MERCEDES_SL500_2003,M113.963,,R230 SL500 = M113 5.0 302hp [DBSIB 500 (230.475)]
30596,Mercedes,SL55,2003,LEMON_MERCEDES_SL55_2003,M113E55ML,,R230 SL55 AMG = M113K SC 493hp [FCPCHASSIS][DBSIB]
30597,Mercedes,SLK230,2003,LEMON_MERCEDES_SLK230_2003,M271E18ML,,R170 SLK230K = M111 2.3 SC 185-197hp (DB compact M271 row used; family M111 kompressor) [DBSIB]
30598,Mercedes,S600,2003,LEMON_MERCEDES_S600_2003,M275KE55LA,,S600 = M275 5.5 V12 TT 493-510hp (W220 03+/W221) [ALIBABA221][DBSIB]
30599,Mercedes,SLK32,2003,LEMON_MERCEDES_SLK32_2003,M112.961,,SLK32 AMG = M112 3.2 SC 349hp [DBSIB C32 row]
30600,Mercedes,SLK320,2003,LEMON_MERCEDES_SLK320_2003,M112E32,,R170 SLK320 = M112 3.2 215hp [DBSIB]
30601,Mercedes,C230,2004,LEMON_MERCEDES_C230_2004,M271.940,,W203 C230 Kompressor = M271 1.8 SC 189hp [DBSIB W203]
30602,Mercedes,C240,2004,LEMON_MERCEDES_C240_2004,M112.912,,W203 C240 = M112 2.6 V6 170hp [DBSIB]
30603,Mercedes,C320,2004,LEMON_MERCEDES_C320_2004,M112.946,,W203 C320 = M112 3.2 V6 215hp [DBSIB]
30604,Mercedes,C32,2004,LEMON_MERCEDES_C32_2004,M112.961,,C32 AMG = M112 3.2 SC 349hp [DBSIB C 32 AMG row]
30605,Mercedes,CL55,2004,LEMON_MERCEDES_CL55_2004,M113E55ML,,C215 CL55 2003+ = M113K SC 493hp [WIKIC215][DBSIB]
30606,Mercedes,CL600,2004,LEMON_MERCEDES_CL600_2004,M275KE55LA,,CL600 2003+ = M275 5.5 V12 TT 493-510hp [WIKIC215][ALIBABA221]
30607,Mercedes,CLK320,2004,LEMON_MERCEDES_CLK320_2004,M112.955,,CLK320 = M112 3.2 215hp [WIKIVIN][DBSIB]
30608,Mercedes,CLK500,2004,LEMON_MERCEDES_CLK500_2004,M113.968,,CLK500 '03-'06 = M113 5.0 302hp [WIKIVIN][AUTOFOMCLK]
30609,Mercedes,CLK55,2004,LEMON_MERCEDES_CLK55_2004,M113.987,,CLK55 = M113 5.4 NA 362hp [WIKIVIN][DBSIB]
30610,Mercedes,CL500,2004,LEMON_MERCEDES_CL500_2004,M113E50,,C215 CL500 = M113 5.0 302hp [WIKIC215][DBSIB]
30611,Mercedes,E320,2004,LEMON_MERCEDES_E320_2004,M112.949,,W211 E320 = M112 3.2 224hp [DBSIB E 320]
30612,Mercedes,E500,2004,LEMON_MERCEDES_E500_2004,M113.967,,W211 E500 = M113 5.0 302hp [FCPEURO_E][DBSIB]
30613,Mercedes,G500,2004,LEMON_MERCEDES_G500_2004,M113.964,,G500 = M113 5.0 292hp [EXPEDG][DBSIB]
30614,Mercedes,G55,2004,LEMON_MERCEDES_G55_2004,M113E55ML,,G55 2004+ = M113K SC 469-500hp [EXPEDG][DBSIB]
30615,Mercedes,ML350,2004,LEMON_MERCEDES_ML350_2004,M112E37,,W163 ML350 = M112 3.7 232hp [DBSIB M112E37]
30616,Mercedes,E55,2004,LEMON_MERCEDES_E55_2004,M113.990,,W211 E55 AMG Kompressor = M113K 469hp [DBSIB E 55 AMG K row]
30617,Mercedes,S430,2004,LEMON_MERCEDES_S430_2004,M113.943 4.3 V8,,W220 S430 = M113 4.3 275hp [REDDITW220]
30618,Mercedes,S500,2004,LEMON_MERCEDES_S500_2004,M113.963,,W220 S500 = M113 5.0 302hp [REDDITW220][DBSIB]
30619,Mercedes,ML500,2004,LEMON_MERCEDES_ML500_2004,M113.964,,ML500 = M113 5.0 288-292hp [DBSIB]
30620,Mercedes,S55,2004,LEMON_MERCEDES_S55_2004,M113E55ML,,W220 S55 AMG = M113K 5.5 SC 493hp [DBSIB CL55 row]
30621,Mercedes,SL500,2004,LEMON_MERCEDES_SL500_2004,M113.963,,R230 SL500 = M113 5.0 302hp [DBSIB 500 (230.475)]
30622,Mercedes,S600,2004,LEMON_MERCEDES_S600_2004,M275KE55LA,,S600 = M275 5.5 V12 TT 493-510hp (W220 03+/W221) [ALIBABA221][DBSIB]
30623,Mercedes,SL55,2004,LEMON_MERCEDES_SL55_2004,M113E55ML,,R230 SL55 AMG = M113K SC 493hp [FCPCHASSIS][DBSIB]
30624,Mercedes,SL600,2004,LEMON_MERCEDES_SL600_2004,M275KE55LA,,R230 SL600 2003+ = M275 5.5TT 493hp [DBSIB CL600 family]
30625,Mercedes,SLK230,2004,LEMON_MERCEDES_SLK230_2004,M271E18ML,,R170 SLK230K = M111 2.3 SC 185-197hp (DB compact M271 row used; family M111 kompressor) [DBSIB]
30626,Mercedes,SLK32,2004,LEMON_MERCEDES_SLK32_2004,M112.961,,SLK32 AMG = M112 3.2 SC 349hp [DBSIB C32 row]
30627,Mercedes,SLK320,2004,LEMON_MERCEDES_SLK320_2004,M112E32,,R170 SLK320 = M112 3.2 215hp [DBSIB]
32244,Mercedes,C230,2005,LEMON_MERCEDES_C230_2005,M271.940,,W203 C230 Kompressor = M271 1.8 SC 189hp [DBSIB W203]
32245,Mercedes,C240,2005,LEMON_MERCEDES_C240_2005,M112.912,,W203 C240 = M112 2.6 V6 170hp [DBSIB]
32246,Mercedes,C320,2005,LEMON_MERCEDES_C320_2005,M112.946,,W203 C320 = M112 3.2 V6 215hp [DBSIB]
32247,Mercedes,C55,2005,LEMON_MERCEDES_C55_2005,M113E55,,C55 AMG = M113 5.4 NA 362hp [DBSIB C55 row]
32248,Mercedes,CL55,2005,LEMON_MERCEDES_CL55_2005,M113E55ML,,C215 CL55 2003+ = M113K SC 493hp [WIKIC215][DBSIB]
32249,Mercedes,CL65,2005,LEMON_MERCEDES_CL65_2005,M275KE60LA,,CL65 = M275 6.0 V12 TT 604-621hp [WIKIC215][DBSIB]
32250,Mercedes,CL600,2005,LEMON_MERCEDES_CL600_2005,M275KE55LA,,CL600 2003+ = M275 5.5 V12 TT 493-510hp [WIKIC215][ALIBABA221]
32251,Mercedes,CLK500,2005,LEMON_MERCEDES_CLK500_2005,M113.968,,CLK500 '03-'06 = M113 5.0 302hp [WIKIVIN][AUTOFOMCLK]
32252,Mercedes,CL500,2005,LEMON_MERCEDES_CL500_2005,M113E50,,C215 CL500 = M113 5.0 302hp [WIKIC215][DBSIB]
32253,Mercedes,CLK320,2005,LEMON_MERCEDES_CLK320_2005,M112.955,,CLK320 = M112 3.2 215hp [WIKIVIN][DBSIB]
32254,Mercedes,CLK55,2005,LEMON_MERCEDES_CLK55_2005,M113.987,,CLK55 = M113 5.4 NA 362hp [WIKIVIN][DBSIB]
32255,Mercedes,E320,2005,LEMON_MERCEDES_E320_2005,M112.949,,W211 E320 = M112 3.2 224hp [DBSIB E 320]
32256,Mercedes,E500,2005,LEMON_MERCEDES_E500_2005,M113.967,,W211 E500 = M113 5.0 302hp [FCPEURO_E][DBSIB]
32257,Mercedes,E55,2005,LEMON_MERCEDES_E55_2005,M113.990,,W211 E55 AMG Kompressor = M113K 469hp [DBSIB E 55 AMG K row]
32258,Mercedes,G55,2005,LEMON_MERCEDES_G55_2005,M113E55ML,,G55 2004+ = M113K SC 469-500hp [EXPEDG][DBSIB]
32259,Mercedes,ML350,2005,LEMON_MERCEDES_ML350_2005,M112E37,,W163 ML350 = M112 3.7 232hp [DBSIB M112E37]
32260,Mercedes,ML500,2005,LEMON_MERCEDES_ML500_2005,M113.964,,ML500 = M113 5.0 288-292hp [DBSIB]
32261,Mercedes,S430,2005,LEMON_MERCEDES_S430_2005,M113.943 4.3 V8,,W220 S430 = M113 4.3 275hp [REDDITW220]
32262,Mercedes,G500,2005,LEMON_MERCEDES_G500_2005,M113.964,,G500 = M113 5.0 292hp [EXPEDG][DBSIB]
32263,Mercedes,S500,2005,LEMON_MERCEDES_S500_2005,M113.963,,W220 S500 = M113 5.0 302hp [REDDITW220][DBSIB]
32264,Mercedes,S55,2005,LEMON_MERCEDES_S55_2005,M113E55ML,,W220 S55 AMG = M113K 5.5 SC 493hp [DBSIB CL55 row]
32265,Mercedes,S600,2005,LEMON_MERCEDES_S600_2005,M275KE55LA,,S600 = M275 5.5 V12 TT 493-510hp (W220 03+/W221) [ALIBABA221][DBSIB]
32266,Mercedes,SL500,2005,LEMON_MERCEDES_SL500_2005,M113.963,,R230 SL500 = M113 5.0 302hp [DBSIB 500 (230.475)]
32267,Mercedes,SL55,2005,LEMON_MERCEDES_SL55_2005,M113E55ML,,R230 SL55 AMG = M113K SC 493hp [FCPCHASSIS][DBSIB]
32268,Mercedes,SLK350,2005,LEMON_MERCEDES_SLK350_2005,M272E35,,R171 SLK350 = M272 3.5 268-301hp [AUTOEVSLK][DBSIB]
32269,Mercedes,SL65,2005,LEMON_MERCEDES_SL65_2005,M275KE60LA,,SL65 = M275 6.0 V12 TT 604-621hp [DBSIB CL65 row]
32270,Mercedes,SL600,2005,LEMON_MERCEDES_SL600_2005,M275KE55LA,,R230 SL600 2003+ = M275 5.5TT 493hp [DBSIB CL600 family]
32271,Mercedes,SLR,2005,LEMON_MERCEDES_SLR_2005,M155 5.4 V8 SC (SLR),,SLR McLaren = M155 5.4 SC 617hp [DBSIB AMG family]
32272,Mercedes,SLK55,2005,LEMON_MERCEDES_SLK55_2005,M113E55,,R171 SLK55 = M113 5.4 NA 355hp [AUTOEVSLK][DBSIB]
32273,Mercedes,C280,2006,LEMON_MERCEDES_C280_2006,M272.947,,W203 C280 = M272 3.0 228hp [DBSIB]
32274,Mercedes,B200,2006,LEMON_MERCEDES_B200_2006,M266E20,,B200 W245 = M266 2.0 NA [DBSIB B-CLASS/A rows]
32275,Mercedes,C230,2006,LEMON_MERCEDES_C230_2006,M272.911,,W204 (US C230 2007) / W203 C230 2.5 V6 = M272 2.5 201hp [DBSIB]
32276,Mercedes,C350,2006,LEMON_MERCEDES_C350_2006,M272E35,,W203 C350 = M272 3.5 268hp [DBSIB C 350 row]
32277,Mercedes,C55,2006,LEMON_MERCEDES_C55_2006,M113E55,,C55 AMG = M113 5.4 NA 362hp [DBSIB C55 row]
32278,Mercedes,CL500,2006,LEMON_MERCEDES_CL500_2006,M113E50,,C215 CL500 = M113 5.0 302hp [WIKIC215][DBSIB]
32279,Mercedes,CL55,2006,LEMON_MERCEDES_CL55_2006,M113E55ML,,C215 CL55 2003+ = M113K SC 493hp [WIKIC215][DBSIB]
32280,Mercedes,CL65,2006,LEMON_MERCEDES_CL65_2006,M275KE60LA,,CL65 = M275 6.0 V12 TT 604-621hp [WIKIC215][DBSIB]
32281,Mercedes,CL600,2006,LEMON_MERCEDES_CL600_2006,M275KE55LA,,CL600 2003+ = M275 5.5 V12 TT 493-510hp [WIKIC215][ALIBABA221]
32282,Mercedes,CLK350,2006,LEMON_MERCEDES_CLK350_2006,M272E35,,CLK350 '06-'09 = M272 3.5 268hp [WIKIVIN][DBSIB]
32283,Mercedes,CLK500,2006,LEMON_MERCEDES_CLK500_2006,M113.968,,CLK500 '03-'06 = M113 5.0 302hp [WIKIVIN][AUTOFOMCLK]
32284,Mercedes,CLK55,2006,LEMON_MERCEDES_CLK55_2006,M113.987,,CLK55 = M113 5.4 NA 362hp [WIKIVIN][DBSIB]
32285,Mercedes,E320,2006,LEMON_MERCEDES_E320_2006,OM642.920,Diesel,W211 E320 Bluetec = OM642 3.0 diesel 210hp [MOTOREV][DBSIB]
32286,Mercedes,CLS500,2006,LEMON_MERCEDES_CLS500_2006,M113.967,,C219 CLS500 = M113 5.0 302hp [DBSIB E 500 family]
32287,Mercedes,E350,2006,LEMON_MERCEDES_E350_2006,M272.980,,E350 3.5 M272 268hp (W211/W212 pre-2012) [HAGERTY212][DBSIB]
32288,Mercedes,CLS55,2006,LEMON_MERCEDES_CLS55_2006,M113.990,,C219 CLS55 = M113K 469hp [WIKIVIN CLS55 '06 M113K]
32289,Mercedes,E500,2006,LEMON_MERCEDES_E500_2006,M113.967,,W211 E500 = M113 5.0 302hp [FCPEURO_E][DBSIB]
32290,Mercedes,E55,2006,LEMON_MERCEDES_E55_2006,M113.990,,W211 E55 AMG Kompressor = M113K 469hp [DBSIB E 55 AMG K row]
32291,Mercedes,G500,2006,LEMON_MERCEDES_G500_2006,M113.964,,G500 = M113 5.0 292hp [EXPEDG][DBSIB]
32292,Mercedes,ML350,2006,LEMON_MERCEDES_ML350_2006,M272.967,,W164 ML350 = M272 3.5 268-272hp [MOTOREV][DBSIB]
32293,Mercedes,G55,2006,LEMON_MERCEDES_G55_2006,M113E55ML,,G55 2004+ = M113K SC 469-500hp [EXPEDG][DBSIB]
32294,Mercedes,R500,2006,LEMON_MERCEDES_R500_2006,M113.971,,R500 = M113 5.0 302hp [DBSIB R 500 row]
32295,Mercedes,ML500,2006,LEMON_MERCEDES_ML500_2006,M113.964,,ML500 = M113 5.0 288-292hp [DBSIB]
32297,Mercedes,S430,2006,LEMON_MERCEDES_S430_2006,M113.943 4.3 V8,,W220 S430 = M113 4.3 275hp [REDDITW220]
32298,Mercedes,R350,2006,LEMON_MERCEDES_R350_2006,M272.967,,W251 R350 = M272 3.5 268hp [DBSIB]
32300,Mercedes,S55,2006,LEMON_MERCEDES_S55_2006,M113E55ML,,W220 S55 AMG = M113K 5.5 SC 493hp [DBSIB CL55 row]
32301,Mercedes,S600,2006,LEMON_MERCEDES_S600_2006,M275KE55LA,,S600 = M275 5.5 V12 TT 493-510hp (W220 03+/W221) [ALIBABA221][DBSIB]
32302,Mercedes,S65,2006,LEMON_MERCEDES_S65_2006,M275KE60LA,,S65 = M275 6.0 V12 TT 604-621hp (W220 06/W221) [DBSIB CL65 row]
32303,Mercedes,SL600,2006,LEMON_MERCEDES_SL600_2006,M275KE55LA,,R230 SL600 2003+ = M275 5.5TT 493hp [DBSIB CL600 family]
32304,Mercedes,SL65,2006,LEMON_MERCEDES_SL65_2006,M275KE60LA,,SL65 = M275 6.0 V12 TT 604-621hp [DBSIB CL65 row]
32305,Mercedes,SLK280,2006,LEMON_MERCEDES_SLK280_2006,M272.943,,R171 SLK280 = M272 3.0 228hp [AUTOEVSLK][DBSIB]
32306,Mercedes,SL500,2006,LEMON_MERCEDES_SL500_2006,M113.963,,R230 SL500 = M113 5.0 302hp [DBSIB 500 (230.475)]
32307,Mercedes,SL55,2006,LEMON_MERCEDES_SL55_2006,M113E55ML,,R230 SL55 AMG = M113K SC 493hp [FCPCHASSIS][DBSIB]
32308,Mercedes,SLK350,2006,LEMON_MERCEDES_SLK350_2006,M272E35,,R171 SLK350 = M272 3.5 268-301hp [AUTOEVSLK][DBSIB]
32309,Mercedes,SLR,2006,LEMON_MERCEDES_SLR_2006,M155 5.4 V8 SC (SLR),,SLR McLaren = M155 5.4 SC 617hp [DBSIB AMG family]
32310,Mercedes,SLK55,2006,LEMON_MERCEDES_SLK55_2006,M113E55,,R171 SLK55 = M113 5.4 NA 355hp [AUTOEVSLK][DBSIB]
32311,Mercedes,B200,2007,LEMON_MERCEDES_B200_2007,M266E20,,B200 W245 = M266 2.0 NA [DBSIB B-CLASS/A rows]
32312,Mercedes,C230,2007,LEMON_MERCEDES_C230_2007,M272.911,,W204 (US C230 2007) / W203 C230 2.5 V6 = M272 2.5 201hp [DBSIB]
32313,Mercedes,C280,2007,LEMON_MERCEDES_C280_2007,M272.947,,W203 C280 = M272 3.0 228hp [DBSIB]
32314,Mercedes,C350,2007,LEMON_MERCEDES_C350_2007,M272E35,,W203 C350 = M272 3.5 268hp [DBSIB C 350 row]
32315,Mercedes,CLK350,2007,LEMON_MERCEDES_CLK350_2007,M272E35,,CLK350 '06-'09 = M272 3.5 268hp [WIKIVIN][DBSIB]
32316,Mercedes,CL550,2007,LEMON_MERCEDES_CL550_2007,M273.965,,C216 CL550 = M273 5.5 382hp [WIKIC215 family]
32317,Mercedes,CL600,2007,LEMON_MERCEDES_CL600_2007,M275KE55LA,,CL600 2003+ = M275 5.5 V12 TT 493-510hp [WIKIC215][ALIBABA221]
32318,Mercedes,CLK550,2007,LEMON_MERCEDES_CLK550_2007,M273.965,,CLK550 '07-'09 = M273 5.5 382hp [WIKIVIN][AUTOFOMCLK]
32319,Mercedes,CLK63,2007,LEMON_MERCEDES_CLK63_2007,M156.980,,CLK63 = M156 6.2 475-500hp [AUTOFOMCLK][DBSIB]
32320,Mercedes,CLS550,2007,LEMON_MERCEDES_CLS550_2007,M273.965,,CLS550 '07-'11 = M273 5.5 [WIKIVIN CLS550 '10-'11 M273]
32321,Mercedes,CLS63,2007,LEMON_MERCEDES_CLS63_2007,M156.983,,CLS63 '07-'10 = M156 6.2 514hp [DBSIB CLS63 row]
32322,Mercedes,E350,2007,LEMON_MERCEDES_E350_2007,M272.980,,E350 3.5 M272 268hp (W211/W212 pre-2012) [HAGERTY212][DBSIB]
32323,Mercedes,E320,2007,LEMON_MERCEDES_E320_2007,OM642.920,Diesel,W211 E320 Bluetec = OM642 3.0 diesel 210hp [MOTOREV][DBSIB]
32324,Mercedes,E550,2007,LEMON_MERCEDES_E550_2007,M273.965,,E550 = M273 5.5 382hp (W211 07-09 / W212 10-11) [HAGERTY212][DBSIB]
32325,Mercedes,E63,2007,LEMON_MERCEDES_E63_2007,M156.980,,"E63 = M156 6.2 507hp (W211 07-09, W212 10-11) [FCPEURO_E][DBSIB]"
32326,Mercedes,G500,2007,LEMON_MERCEDES_G500_2007,M113.964,,G500 = M113 5.0 292hp [EXPEDG][DBSIB]
32327,Mercedes,GL320,2007,LEMON_MERCEDES_GL320_2007,OM642.940,Diesel,X164 GL320 CDI/Bluetec = OM642 210-221hp [WIKIX164]
32328,Mercedes,G55,2007,LEMON_MERCEDES_G55_2007,M113E55ML,,G55 2004+ = M113K SC 469-500hp [EXPEDG][DBSIB]
32329,Mercedes,GL450,2007,LEMON_MERCEDES_GL450_2007,M273 4.6 V8 (GL450),,X164 GL450 = M273 4.6 335hp [WIKIX164 M273]
32330,Mercedes,ML350,2007,LEMON_MERCEDES_ML350_2007,M272.967,,W164 ML350 = M272 3.5 268-272hp [MOTOREV][DBSIB]
32331,Mercedes,ML500,2007,LEMON_MERCEDES_ML500_2007,M113.964,,ML500 = M113 5.0 288-292hp [DBSIB]
32332,Mercedes,R320,2007,LEMON_MERCEDES_R320_2007,OM642.940,Diesel,R320 Bluetec = OM642 3.0 210hp [MOTOREV family]
32333,Mercedes,R350,2007,LEMON_MERCEDES_R350_2007,M272.967,,W251 R350 = M272 3.5 268hp [DBSIB]
32334,Mercedes,ML320,2007,LEMON_MERCEDES_ML320_2007,OM642.940,Diesel,ML320 CDI/Bluetec = OM642 3.0 210-215hp [MOTOREV][DBSIB]
32335,Mercedes,R63,2007,LEMON_MERCEDES_R63_2007,M156.980,,R63 AMG = M156 6.2 503hp [DBSIB family]
32336,Mercedes,S550,2007,LEMON_MERCEDES_S550_2007,M273.965,,W221 S550 = M273 5.5 382hp [ALIBABA221][CARBUZZS]
32337,Mercedes,ML63,2007,LEMON_MERCEDES_ML63_2007,M156.980,,W164 ML63 = M156 6.2 503hp [DBSIB ML 63 AMG row]
32338,Mercedes,R500,2007,LEMON_MERCEDES_R500_2007,M113.971,,R500 = M113 5.0 302hp [DBSIB R 500 row]
32339,Mercedes,S600,2007,LEMON_MERCEDES_S600_2007,M275KE55LA,,S600 = M275 5.5 V12 TT 493-510hp (W220 03+/W221) [ALIBABA221][DBSIB]
32340,Mercedes,SL550,2007,LEMON_MERCEDES_SL550_2007,M273.965,,R230 FL SL550 = M273 5.5 382hp [FCPCHASSIS][DBSIB]
32341,Mercedes,SL600,2007,LEMON_MERCEDES_SL600_2007,M275KE55LA,,R230 SL600 2003+ = M275 5.5TT 493hp [DBSIB CL600 family]
32342,Mercedes,SLK280,2007,LEMON_MERCEDES_SLK280_2007,M272.943,,R171 SLK280 = M272 3.0 228hp [AUTOEVSLK][DBSIB]
32343,Mercedes,S65,2007,LEMON_MERCEDES_S65_2007,M275KE60LA,,S65 = M275 6.0 V12 TT 604-621hp (W220 06/W221) [DBSIB CL65 row]
32344,Mercedes,SL55,2007,LEMON_MERCEDES_SL55_2007,M113E55ML,,R230 SL55 AMG = M113K SC 493hp [FCPCHASSIS][DBSIB]
32345,Mercedes,SLK350,2007,LEMON_MERCEDES_SLK350_2007,M272E35,,R171 SLK350 = M272 3.5 268-301hp [AUTOEVSLK][DBSIB]
32346,Mercedes,SL65,2007,LEMON_MERCEDES_SL65_2007,M275KE60LA,,SL65 = M275 6.0 V12 TT 604-621hp [DBSIB CL65 row]
32347,Mercedes,SLK55,2007,LEMON_MERCEDES_SLK55_2007,M113E55,,R171 SLK55 = M113 5.4 NA 355hp [AUTOEVSLK][DBSIB]
32348,Mercedes,SLR,2007,LEMON_MERCEDES_SLR_2007,M155 5.4 V8 SC (SLR),,SLR McLaren = M155 5.4 SC 617hp [DBSIB AMG family]
32349,Mercedes,B200,2008,LEMON_MERCEDES_B200_2008,M266E20,,B200 W245 = M266 2.0 NA [DBSIB B-CLASS/A rows]
32350,Mercedes,C300,2008,LEMON_MERCEDES_C300_2008,M272.947,,W204 C300 = M272 3.0 V6 228hp [BAVDISM][DBSIB C-CLASS (W204) M272.947]
32351,Mercedes,C63,2008,LEMON_MERCEDES_C63_2008,M156.985,,W204 C63 = M156 6.2 V8 451-487hp [BAVDISM][DBSIB]
32352,Mercedes,C350,2008,LEMON_MERCEDES_C350_2008,M272.971,,W204 C350 = M272 3.5 268hp [BAVDISM][DBSIB]
32353,Mercedes,CL550,2008,LEMON_MERCEDES_CL550_2008,M273.965,,C216 CL550 = M273 5.5 382hp [WIKIC215 family]
32354,Mercedes,CL63,2008,LEMON_MERCEDES_CL63_2008,M156.980,,C216 CL63 = M156 6.2 510hp [WIKIVIN CL63 '10 M156]
32355,Mercedes,CL600,2008,LEMON_MERCEDES_CL600_2008,M275KE55LA,,CL600 2003+ = M275 5.5 V12 TT 493-510hp [WIKIC215][ALIBABA221]
32356,Mercedes,CL65,2008,LEMON_MERCEDES_CL65_2008,M275KE60LA,,CL65 = M275 6.0 V12 TT 604-621hp [WIKIC215][DBSIB]
32357,Mercedes,CLK350,2008,LEMON_MERCEDES_CLK350_2008,M272E35,,CLK350 '06-'09 = M272 3.5 268hp [WIKIVIN][DBSIB]
32358,Mercedes,CLK550,2008,LEMON_MERCEDES_CLK550_2008,M273.965,,CLK550 '07-'09 = M273 5.5 382hp [WIKIVIN][AUTOFOMCLK]
32359,Mercedes,CLK63,2008,LEMON_MERCEDES_CLK63_2008,M156.980,,CLK63 = M156 6.2 475-500hp [AUTOFOMCLK][DBSIB]
32360,Mercedes,CLS63,2008,LEMON_MERCEDES_CLS63_2008,M156.983,,CLS63 '07-'10 = M156 6.2 514hp [DBSIB CLS63 row]
32361,Mercedes,CLS550,2008,LEMON_MERCEDES_CLS550_2008,M273.965,,CLS550 '07-'11 = M273 5.5 [WIKIVIN CLS550 '10-'11 M273]
32362,Mercedes,E320,2008,LEMON_MERCEDES_E320_2008,OM642.920,Diesel,W211 E320 Bluetec = OM642 3.0 diesel 210hp [MOTOREV][DBSIB]
32363,Mercedes,E550,2008,LEMON_MERCEDES_E550_2008,M273.965,,E550 = M273 5.5 382hp (W211 07-09 / W212 10-11) [HAGERTY212][DBSIB]
32364,Mercedes,E350,2008,LEMON_MERCEDES_E350_2008,M272.980,,E350 3.5 M272 268hp (W211/W212 pre-2012) [HAGERTY212][DBSIB]
32365,Mercedes,G500,2008,LEMON_MERCEDES_G500_2008,M113.964,,G500 = M113 5.0 292hp [EXPEDG][DBSIB]
32366,Mercedes,E63,2008,LEMON_MERCEDES_E63_2008,M156.980,,"E63 = M156 6.2 507hp (W211 07-09, W212 10-11) [FCPEURO_E][DBSIB]"
32367,Mercedes,G55,2008,LEMON_MERCEDES_G55_2008,M113E55ML,,G55 2004+ = M113K SC 469-500hp [EXPEDG][DBSIB]
32368,Mercedes,GL320,2008,LEMON_MERCEDES_GL320_2008,OM642.940,Diesel,X164 GL320 CDI/Bluetec = OM642 210-221hp [WIKIX164]
32369,Mercedes,GL450,2008,LEMON_MERCEDES_GL450_2008,M273 4.6 V8 (GL450),,X164 GL450 = M273 4.6 335hp [WIKIX164 M273]
32370,Mercedes,GL550,2008,LEMON_MERCEDES_GL550_2008,M273.963,,X164 GL550 = M273 5.5 382hp [WIKIX164 family]
32371,Mercedes,ML320,2008,LEMON_MERCEDES_ML320_2008,OM642.940,Diesel,ML320 CDI/Bluetec = OM642 3.0 210-215hp [MOTOREV][DBSIB]
32372,Mercedes,ML350,2008,LEMON_MERCEDES_ML350_2008,M272.967,,W164 ML350 = M272 3.5 268-272hp [MOTOREV][DBSIB]
32373,Mercedes,ML550,2008,LEMON_MERCEDES_ML550_2008,M273.963,,W164 ML550 = M273 5.5 382hp [MOTOREV][DBSIB]
32374,Mercedes,ML63,2008,LEMON_MERCEDES_ML63_2008,M156.980,,W164 ML63 = M156 6.2 503hp [DBSIB ML 63 AMG row]
32375,Mercedes,R320,2008,LEMON_MERCEDES_R320_2008,OM642.940,Diesel,R320 Bluetec = OM642 3.0 210hp [MOTOREV family]
32377,Mercedes,S550,2008,LEMON_MERCEDES_S550_2008,M273.965,,W221 S550 = M273 5.5 382hp [ALIBABA221][CARBUZZS]
32378,Mercedes,S600,2008,LEMON_MERCEDES_S600_2008,M275KE55LA,,S600 = M275 5.5 V12 TT 493-510hp (W220 03+/W221) [ALIBABA221][DBSIB]
32379,Mercedes,S63,2008,LEMON_MERCEDES_S63_2008,M156.980,,W221 S63 2008-2011 = M156 6.2 518hp [DBSIB S-CLASS (W221)]
32380,Mercedes,S65,2008,LEMON_MERCEDES_S65_2008,M275KE60LA,,S65 = M275 6.0 V12 TT 604-621hp (W220 06/W221) [DBSIB CL65 row]
32381,Mercedes,SL55,2008,LEMON_MERCEDES_SL55_2008,M113E55ML,,R230 SL55 AMG = M113K SC 493hp [FCPCHASSIS][DBSIB]
32382,Mercedes,SL65,2008,LEMON_MERCEDES_SL65_2008,M275KE60LA,,SL65 = M275 6.0 V12 TT 604-621hp [DBSIB CL65 row]
32383,Mercedes,SL600,2008,LEMON_MERCEDES_SL600_2008,M275KE55LA,,R230 SL600 2003+ = M275 5.5TT 493hp [DBSIB CL600 family]
32384,Mercedes,SLK280,2008,LEMON_MERCEDES_SLK280_2008,M272.943,,R171 SLK280 = M272 3.0 228hp [AUTOEVSLK][DBSIB]
32385,Mercedes,SLK350,2008,LEMON_MERCEDES_SLK350_2008,M272E35,,R171 SLK350 = M272 3.5 268-301hp [AUTOEVSLK][DBSIB]
32386,Mercedes,SL550,2008,LEMON_MERCEDES_SL550_2008,M273.965,,R230 FL SL550 = M273 5.5 382hp [FCPCHASSIS][DBSIB]
32387,Mercedes,SLK55,2008,LEMON_MERCEDES_SLK55_2008,M113E55,,R171 SLK55 = M113 5.4 NA 355hp [AUTOEVSLK][DBSIB]
32388,Mercedes,SLR,2008,LEMON_MERCEDES_SLR_2008,M155 5.4 V8 SC (SLR),,SLR McLaren = M155 5.4 SC 617hp [DBSIB AMG family]
32389,Mercedes,B200,2009,LEMON_MERCEDES_B200_2009,M266E20,,B200 W245 = M266 2.0 NA [DBSIB B-CLASS/A rows]
32390,Mercedes,C300,2009,LEMON_MERCEDES_C300_2009,M272.947,,W204 C300 = M272 3.0 V6 228hp [BAVDISM][DBSIB C-CLASS (W204) M272.947]
32391,Mercedes,C63,2009,LEMON_MERCEDES_C63_2009,M156.985,,W204 C63 = M156 6.2 V8 451-487hp [BAVDISM][DBSIB]
32392,Mercedes,C350,2009,LEMON_MERCEDES_C350_2009,M272.971,,W204 C350 = M272 3.5 268hp [BAVDISM][DBSIB]
32393,Mercedes,CL600,2009,LEMON_MERCEDES_CL600_2009,M275KE55LA,,CL600 2003+ = M275 5.5 V12 TT 493-510hp [WIKIC215][ALIBABA221]
32394,Mercedes,CLK350,2009,LEMON_MERCEDES_CLK350_2009,M272E35,,CLK350 '06-'09 = M272 3.5 268hp [WIKIVIN][DBSIB]
32395,Mercedes,CL550,2009,LEMON_MERCEDES_CL550_2009,M273.965,,C216 CL550 = M273 5.5 382hp [WIKIC215 family]
32396,Mercedes,CLK550,2009,LEMON_MERCEDES_CLK550_2009,M273.965,,CLK550 '07-'09 = M273 5.5 382hp [WIKIVIN][AUTOFOMCLK]
32397,Mercedes,CL63,2009,LEMON_MERCEDES_CL63_2009,M156.980,,C216 CL63 = M156 6.2 510hp [WIKIVIN CL63 '10 M156]
32398,Mercedes,CL65,2009,LEMON_MERCEDES_CL65_2009,M275KE60LA,,CL65 = M275 6.0 V12 TT 604-621hp [WIKIC215][DBSIB]
32399,Mercedes,CLS550,2009,LEMON_MERCEDES_CLS550_2009,M273.965,,CLS550 '07-'11 = M273 5.5 [WIKIVIN CLS550 '10-'11 M273]
32400,Mercedes,CLS63,2009,LEMON_MERCEDES_CLS63_2009,M156.983,,CLS63 '07-'10 = M156 6.2 514hp [DBSIB CLS63 row]
32401,Mercedes,E320,2009,LEMON_MERCEDES_E320_2009,OM642.920,Diesel,W211 E320 Bluetec = OM642 3.0 diesel 210hp [MOTOREV][DBSIB]
32402,Mercedes,E350,2009,LEMON_MERCEDES_E350_2009,M272.980,,E350 3.5 M272 268hp (W211/W212 pre-2012) [HAGERTY212][DBSIB]
32403,Mercedes,E550,2009,LEMON_MERCEDES_E550_2009,M273.965,,E550 = M273 5.5 382hp (W211 07-09 / W212 10-11) [HAGERTY212][DBSIB]
32404,Mercedes,E63,2009,LEMON_MERCEDES_E63_2009,M156.980,,"E63 = M156 6.2 507hp (W211 07-09, W212 10-11) [FCPEURO_E][DBSIB]"
32405,Mercedes,G550,2009,LEMON_MERCEDES_G550_2009,M273.965,,G550 (G500 NA name) = M273 5.5 382hp [EXPEDG]
32406,Mercedes,G55,2009,LEMON_MERCEDES_G55_2009,M113E55ML,,G55 2004+ = M113K SC 469-500hp [EXPEDG][DBSIB]
32407,Mercedes,GL320,2009,LEMON_MERCEDES_GL320_2009,OM642.940,Diesel,X164 GL320 CDI/Bluetec = OM642 210-221hp [WIKIX164]
32408,Mercedes,ML320,2009,LEMON_MERCEDES_ML320_2009,OM642.940,Diesel,ML320 CDI/Bluetec = OM642 3.0 210-215hp [MOTOREV][DBSIB]
32409,Mercedes,GL450,2009,LEMON_MERCEDES_GL450_2009,M273 4.6 V8 (GL450),,X164 GL450 = M273 4.6 335hp [WIKIX164 M273]
32410,Mercedes,GL550,2009,LEMON_MERCEDES_GL550_2009,M273.963,,X164 GL550 = M273 5.5 382hp [WIKIX164 family]
32411,Mercedes,ML350,2009,LEMON_MERCEDES_ML350_2009,M272.967,,W164 ML350 = M272 3.5 268-272hp [MOTOREV][DBSIB]
32412,Mercedes,ML550,2009,LEMON_MERCEDES_ML550_2009,M273.963,,W164 ML550 = M273 5.5 382hp [MOTOREV][DBSIB]
32413,Mercedes,ML63,2009,LEMON_MERCEDES_ML63_2009,M156.980,,W164 ML63 = M156 6.2 503hp [DBSIB ML 63 AMG row]
32414,Mercedes,R350,2009,LEMON_MERCEDES_R350_2009,OM642.940,Diesel,R350 Bluetec = OM642 210hp [MOTOREV family]
32415,Mercedes,S600,2009,LEMON_MERCEDES_S600_2009,M275KE55LA,,S600 = M275 5.5 V12 TT 493-510hp (W220 03+/W221) [ALIBABA221][DBSIB]
32416,Mercedes,S550,2009,LEMON_MERCEDES_S550_2009,M273.965,,W221 S550 = M273 5.5 382hp [ALIBABA221][CARBUZZS]
32417,Mercedes,R320,2009,LEMON_MERCEDES_R320_2009,OM642.940,Diesel,R320 Bluetec = OM642 3.0 210hp [MOTOREV family]
32418,Mercedes,S63,2009,LEMON_MERCEDES_S63_2009,M156.980,,W221 S63 2008-2011 = M156 6.2 518hp [DBSIB S-CLASS (W221)]
32419,Mercedes,SL600,2009,LEMON_MERCEDES_SL600_2009,M275KE55LA,,R230 SL600 2003+ = M275 5.5TT 493hp [DBSIB CL600 family]
32420,Mercedes,SL65,2009,LEMON_MERCEDES_SL65_2009,M275KE60LA,,SL65 = M275 6.0 V12 TT 604-621hp [DBSIB CL65 row]
32421,Mercedes,SL63,2009,LEMON_MERCEDES_SL63_2009,M156.980,,R230 FL SL63 = M156 6.2 518hp [FCPCHASSIS][DBSIB]
32422,Mercedes,SLK300,2009,LEMON_MERCEDES_SLK300_2009,M272.943,,R171 SLK300 2009 = M272 3.0 228hp [MBPARTSSLK][AUTOEVSLK]
32423,Mercedes,S65,2009,LEMON_MERCEDES_S65_2009,M275KE60LA,,S65 = M275 6.0 V12 TT 604-621hp (W220 06/W221) [DBSIB CL65 row]
32424,Mercedes,SL550,2009,LEMON_MERCEDES_SL550_2009,M273.965,,R230 FL SL550 = M273 5.5 382hp [FCPCHASSIS][DBSIB]
32425,Mercedes,SLK350,2009,LEMON_MERCEDES_SLK350_2009,M272E35,,R171 SLK350 = M272 3.5 268-301hp [AUTOEVSLK][DBSIB]
32426,Mercedes,SLK55,2009,LEMON_MERCEDES_SLK55_2009,M113E55,,R171 SLK55 = M113 5.4 NA 355hp [AUTOEVSLK][DBSIB]
32427,Mercedes,SLR,2009,LEMON_MERCEDES_SLR_2009,M155 5.4 V8 SC (SLR),,SLR McLaren = M155 5.4 SC 617hp [DBSIB AMG family]
35037,Mercedes,B200,2010,LEMON_MERCEDES_B200_2010,M266E20,,B200 W245 = M266 2.0 NA [DBSIB B-CLASS/A rows]
35038,Mercedes,C300,2010,LEMON_MERCEDES_C300_2010,M272.947,,W204 C300 = M272 3.0 V6 228hp [BAVDISM][DBSIB C-CLASS (W204) M272.947]
35039,Mercedes,C350,2010,LEMON_MERCEDES_C350_2010,M272.971,,W204 C350 = M272 3.5 268hp [BAVDISM][DBSIB]
35040,Mercedes,C63,2010,LEMON_MERCEDES_C63_2010,M156.985,,W204 C63 = M156 6.2 V8 451-487hp [BAVDISM][DBSIB]
35041,Mercedes,CL600,2010,LEMON_MERCEDES_CL600_2010,M275KE55LA,,CL600 2003+ = M275 5.5 V12 TT 493-510hp [WIKIC215][ALIBABA221]
35042,Mercedes,CL550,2010,LEMON_MERCEDES_CL550_2010,M273.965,,C216 CL550 = M273 5.5 382hp [WIKIC215 family]
35043,Mercedes,CL63,2010,LEMON_MERCEDES_CL63_2010,M156.980,,C216 CL63 = M156 6.2 510hp [WIKIVIN CL63 '10 M156]
35044,Mercedes,CLS63,2010,LEMON_MERCEDES_CLS63_2010,M156.983,,CLS63 '07-'10 = M156 6.2 514hp [DBSIB CLS63 row]
35045,Mercedes,CL65,2010,LEMON_MERCEDES_CL65_2010,M275KE60LA,,CL65 = M275 6.0 V12 TT 604-621hp [WIKIC215][DBSIB]
35046,Mercedes,E350,2010,LEMON_MERCEDES_E350_2010,M272.980,,E350 3.5 M272 268hp (W211/W212 pre-2012) [HAGERTY212][DBSIB]
35047,Mercedes,CLS550,2010,LEMON_MERCEDES_CLS550_2010,M273.965,,CLS550 '07-'11 = M273 5.5 [WIKIVIN CLS550 '10-'11 M273]
35048,Mercedes,E550,2010,LEMON_MERCEDES_E550_2010,M273.965,,E550 = M273 5.5 382hp (W211 07-09 / W212 10-11) [HAGERTY212][DBSIB]
35049,Mercedes,E63,2010,LEMON_MERCEDES_E63_2010,M156.980,,"E63 = M156 6.2 507hp (W211 07-09, W212 10-11) [FCPEURO_E][DBSIB]"
35050,Mercedes,G55,2010,LEMON_MERCEDES_G55_2010,M113E55ML,,G55 2004+ = M113K SC 469-500hp [EXPEDG][DBSIB]
35051,Mercedes,GL350,2010,LEMON_MERCEDES_GL350_2010,OM642.940,Diesel,X164 GL350 Bluetec = OM642 3.0 210hp [MOTOREV][WIKIX164]
35052,Mercedes,G550,2010,LEMON_MERCEDES_G550_2010,M273.965,,G550 (G500 NA name) = M273 5.5 382hp [EXPEDG]
35053,Mercedes,GL550,2010,LEMON_MERCEDES_GL550_2010,M273.963,,X164 GL550 = M273 5.5 382hp [WIKIX164 family]
35054,Mercedes,GL450,2010,LEMON_MERCEDES_GL450_2010,M273 4.6 V8 (GL450),,X164 GL450 = M273 4.6 335hp [WIKIX164 M273]
35055,Mercedes,GLK350,2010,LEMON_MERCEDES_GLK350_2010,M272E35,,GLK350 = M272 3.5 268hp [BAVDISM GLK X204][DBSIB Glk]
35056,Mercedes,ML350,2010,LEMON_MERCEDES_ML350_2010,M272.967,,W164 ML350 = M272 3.5 268-272hp [MOTOREV][DBSIB]
35057,Mercedes,ML450,2010,LEMON_MERCEDES_ML450_2010,M272.974,Hybrid,ML450 Hybrid = M272 3.5 + 2 motors [WIKIGLE]
35058,Mercedes,ML63,2010,LEMON_MERCEDES_ML63_2010,M156.980,,W164 ML63 = M156 6.2 503hp [DBSIB ML 63 AMG row]
35059,Mercedes,ML550,2010,LEMON_MERCEDES_ML550_2010,M273.963,,W164 ML550 = M273 5.5 382hp [MOTOREV][DBSIB]
35060,Mercedes,R350,2010,LEMON_MERCEDES_R350_2010,OM642.940,Diesel,R350 Bluetec = OM642 210hp [MOTOREV family]
35061,Mercedes,S400,2010,LEMON_MERCEDES_S400_2010,M272.974,,W221 S400 Hybrid = M272 3.5 + motor [DBSIB Hybrid row]
35062,Mercedes,S550,2010,LEMON_MERCEDES_S550_2010,M278.929,,S550 2010+ = M278 4.7TT 429hp [CARBUZZS][ALIBABA221]
35063,Mercedes,S600,2010,LEMON_MERCEDES_S600_2010,M275KE55LA,,S600 = M275 5.5 V12 TT 493-510hp (W220 03+/W221) [ALIBABA221][DBSIB]
35064,Mercedes,S63,2010,LEMON_MERCEDES_S63_2010,M156.980,,W221 S63 2008-2011 = M156 6.2 518hp [DBSIB S-CLASS (W221)]
35065,Mercedes,S65,2010,LEMON_MERCEDES_S65_2010,M275KE60LA,,S65 = M275 6.0 V12 TT 604-621hp (W220 06/W221) [DBSIB CL65 row]
35066,Mercedes,SLK300,2010,LEMON_MERCEDES_SLK300_2010,M272.943,,R171 SLK300 2009 = M272 3.0 228hp [MBPARTSSLK][AUTOEVSLK]
35067,Mercedes,SLK350,2010,LEMON_MERCEDES_SLK350_2010,M272E35,,R171 SLK350 = M272 3.5 268-301hp [AUTOEVSLK][DBSIB]
35068,Mercedes,SLK55,2010,LEMON_MERCEDES_SLK55_2010,M113E55,,R171 SLK55 = M113 5.4 NA 355hp [AUTOEVSLK][DBSIB]
35070,Mercedes,B200,2011,LEMON_MERCEDES_B200_2011,M266E20,,B200 W245 = M266 2.0 NA [DBSIB B-CLASS/A rows]
35071,Mercedes,C300,2011,LEMON_MERCEDES_C300_2011,M272.947,,W204 C300 = M272 3.0 V6 228hp [BAVDISM][DBSIB C-CLASS (W204) M272.947]
35072,Mercedes,C350,2011,LEMON_MERCEDES_C350_2011,M272.971,,W204 C350 = M272 3.5 268hp [BAVDISM][DBSIB]
35073,Mercedes,C63,2011,LEMON_MERCEDES_C63_2011,M156.985,,W204 C63 = M156 6.2 V8 451-487hp [BAVDISM][DBSIB]
35074,Mercedes,CL600,2011,LEMON_MERCEDES_CL600_2011,M275KE55LA,,CL600 2003+ = M275 5.5 V12 TT 493-510hp [WIKIC215][ALIBABA221]
35075,Mercedes,CL550,2011,LEMON_MERCEDES_CL550_2011,M278.929,,C216 CL550 FL = M278 4.7TT [WIKIC215 family]
35076,Mercedes,E350,2011,LEMON_MERCEDES_E350_2011,M272.980,,E350 3.5 M272 268hp (W211/W212 pre-2012) [HAGERTY212][DBSIB]
35077,Mercedes,CLS63,2011,LEMON_MERCEDES_CLS63_2011,M157.981,,CLS63 '11-'14 = M157 5.5TT [WIKIVIN CLS63 '11-'14 M157]
35078,Mercedes,CL63,2011,LEMON_MERCEDES_CL63_2011,M157.981,,C216 CL63 2011+ = M157 5.5TT [WIKIVIN CL63 '11-'14 M157]
35079,Mercedes,CL65,2011,LEMON_MERCEDES_CL65_2011,M275KE60LA,,CL65 = M275 6.0 V12 TT 604-621hp [WIKIC215][DBSIB]
35080,Mercedes,CLS550,2011,LEMON_MERCEDES_CLS550_2011,M273.965,,CLS550 '07-'11 = M273 5.5 [WIKIVIN CLS550 '10-'11 M273]
35081,Mercedes,E550,2011,LEMON_MERCEDES_E550_2011,M273.965,,E550 = M273 5.5 382hp (W211 07-09 / W212 10-11) [HAGERTY212][DBSIB]
35082,Mercedes,E63,2011,LEMON_MERCEDES_E63_2011,M156.980,,"E63 = M156 6.2 507hp (W211 07-09, W212 10-11) [FCPEURO_E][DBSIB]"
35083,Mercedes,G550,2011,LEMON_MERCEDES_G550_2011,M273.965,,G550 (G500 NA name) = M273 5.5 382hp [EXPEDG]
35084,Mercedes,GL450,2011,LEMON_MERCEDES_GL450_2011,M273 4.6 V8 (GL450),,X164 GL450 = M273 4.6 335hp [WIKIX164 M273]
35085,Mercedes,GL350,2011,LEMON_MERCEDES_GL350_2011,OM642.940,Diesel,X164 GL350 Bluetec = OM642 3.0 210hp [MOTOREV][WIKIX164]
35086,Mercedes,G55,2011,LEMON_MERCEDES_G55_2011,M113E55ML,,G55 2004+ = M113K SC 469-500hp [EXPEDG][DBSIB]
35087,Mercedes,GLK350,2011,LEMON_MERCEDES_GLK350_2011,M272E35,,GLK350 = M272 3.5 268hp [BAVDISM GLK X204][DBSIB Glk]
35088,Mercedes,GL550,2011,LEMON_MERCEDES_GL550_2011,M273.963,,X164 GL550 = M273 5.5 382hp [WIKIX164 family]
35089,Mercedes,ML350,2011,LEMON_MERCEDES_ML350_2011,M272.967,,W164 ML350 = M272 3.5 268-272hp [MOTOREV][DBSIB]
35090,Mercedes,ML450,2011,LEMON_MERCEDES_ML450_2011,M272.974,Hybrid,ML450 Hybrid = M272 3.5 + 2 motors [WIKIGLE]
35091,Mercedes,ML550,2011,LEMON_MERCEDES_ML550_2011,M273.963,,W164 ML550 = M273 5.5 382hp [MOTOREV][DBSIB]
35092,Mercedes,R350,2011,LEMON_MERCEDES_R350_2011,OM642.940,Diesel,R350 Bluetec = OM642 210hp [MOTOREV family]
35093,Mercedes,ML63,2011,LEMON_MERCEDES_ML63_2011,M156.980,,W164 ML63 = M156 6.2 503hp [DBSIB ML 63 AMG row]
35094,Mercedes,S400,2011,LEMON_MERCEDES_S400_2011,M272.974,,W221 S400 Hybrid = M272 3.5 + motor [DBSIB Hybrid row]
35095,Mercedes,S550,2011,LEMON_MERCEDES_S550_2011,M278.929,,S550 2010+ = M278 4.7TT 429hp [CARBUZZS][ALIBABA221]
35096,Mercedes,S600,2011,LEMON_MERCEDES_S600_2011,M275KE55LA,,S600 = M275 5.5 V12 TT 493-510hp (W220 03+/W221) [ALIBABA221][DBSIB]
35097,Mercedes,S65,2011,LEMON_MERCEDES_S65_2011,M275KE60LA,,S65 = M275 6.0 V12 TT 604-621hp (W220 06/W221) [DBSIB CL65 row]
35098,Mercedes,S63,2011,LEMON_MERCEDES_S63_2011,M156.980,,W221 S63 2008-2011 = M156 6.2 518hp [DBSIB S-CLASS (W221)]
35099,Mercedes,SL550,2011,LEMON_MERCEDES_SL550_2011,M273.965,,R230 FL SL550 = M273 5.5 382hp [FCPCHASSIS][DBSIB]
35100,Mercedes,SL65,2011,LEMON_MERCEDES_SL65_2011,M275KE60LA,,SL65 = M275 6.0 V12 TT 604-621hp [DBSIB CL65 row]
35101,Mercedes,SL63,2011,LEMON_MERCEDES_SL63_2011,M156.980,,R230 FL SL63 = M156 6.2 518hp [FCPCHASSIS][DBSIB]
35102,Mercedes,SLK300,2011,LEMON_MERCEDES_SLK300_2011,M272.943,,R171 SLK300 2009 = M272 3.0 228hp [MBPARTSSLK][AUTOEVSLK]
35103,Mercedes,SLK350,2011,LEMON_MERCEDES_SLK350_2011,M272E35,,R171 SLK350 = M272 3.5 268-301hp [AUTOEVSLK][DBSIB]
35104,Mercedes,SLS,2011,LEMON_MERCEDES_SLS_2011,M159.980,,SLS AMG = M159 6.2 563-622hp [DBSIB M159.980]
35106,Mercedes,C250,2012,LEMON_MERCEDES_C250_2012,M271.860,,W204 C250 = M271 EVO 1.8T 201hp [FCPEURO_E][DBSIB]
35107,Mercedes,C350,2012,LEMON_MERCEDES_C350_2012,M272.971,,W204 C350 = M272 3.5 268hp [BAVDISM][DBSIB]
35108,Mercedes,C300,2012,LEMON_MERCEDES_C300_2012,M272.947,,W204 C300 = M272 3.0 V6 228hp [BAVDISM][DBSIB C-CLASS (W204) M272.947]
35109,Mercedes,CL600,2012,LEMON_MERCEDES_CL600_2012,M275KE55LA,,CL600 2003+ = M275 5.5 V12 TT 493-510hp [WIKIC215][ALIBABA221]
35110,Mercedes,C63,2012,LEMON_MERCEDES_C63_2012,M156.985,,W204 C63 = M156 6.2 V8 451-487hp [BAVDISM][DBSIB]
35111,Mercedes,CL550,2012,LEMON_MERCEDES_CL550_2012,M278.929,,C216 CL550 FL = M278 4.7TT [WIKIC215 family]
35112,Mercedes,CL65,2012,LEMON_MERCEDES_CL65_2012,M275KE60LA,,CL65 = M275 6.0 V12 TT 604-621hp [WIKIC215][DBSIB]
35113,Mercedes,CL63,2012,LEMON_MERCEDES_CL63_2012,M157.981,,C216 CL63 2011+ = M157 5.5TT [WIKIVIN CL63 '11-'14 M157]
35114,Mercedes,CLS550,2012,LEMON_MERCEDES_CLS550_2012,M278.922,,CLS550 '12-'18 = M278 4.7TT 402hp [WIKIVIN CLS550 4Matic '12-'18 M278]
35115,Mercedes,CLS63,2012,LEMON_MERCEDES_CLS63_2012,M157.981,,CLS63 '11-'14 = M157 5.5TT [WIKIVIN CLS63 '11-'14 M157]
35116,Mercedes,E350,2012,LEMON_MERCEDES_E350_2012,M276.957,,E350 3.5 M276 302hp (W212 2012+) [HAGERTY212][DBSIB]
35117,Mercedes,E550,2012,LEMON_MERCEDES_E550_2012,M278.922,,W212 E550 2012+ = M278 4.7TT 402hp [HAGERTY212][DBSIB]
35118,Mercedes,E63,2012,LEMON_MERCEDES_E63_2012,M157.981,,W212 E63 2012+ = M157 5.5TT 550hp [HAGERTY212][DBSIB]
35119,Mercedes,G550,2012,LEMON_MERCEDES_G550_2012,M273.965,,G550 (G500 NA name) = M273 5.5 382hp [EXPEDG]
35120,Mercedes,GL350,2012,LEMON_MERCEDES_GL350_2012,OM642.940,Diesel,X164 GL350 Bluetec = OM642 3.0 210hp [MOTOREV][WIKIX164]
35121,Mercedes,GL450,2012,LEMON_MERCEDES_GL450_2012,M273 4.6 V8 (GL450),,X164 GL450 = M273 4.6 335hp [WIKIX164 M273]
35122,Mercedes,GL550,2012,LEMON_MERCEDES_GL550_2012,M273.963,,X164 GL550 = M273 5.5 382hp [WIKIX164 family]
35123,Mercedes,GLK350,2012,LEMON_MERCEDES_GLK350_2012,M272E35,,GLK350 = M272 3.5 268hp [BAVDISM GLK X204][DBSIB Glk]
35124,Mercedes,ML350,2012,LEMON_MERCEDES_ML350_2012,M276.957,,W166 ML350 = M276 3.5 302hp [MOTOREV][DBSIB]
35125,Mercedes,ML550,2012,LEMON_MERCEDES_ML550_2012,M278.922,,W166 ML550 = M278 4.7TT 402hp [MOTOREV family]
35126,Mercedes,ML63,2012,LEMON_MERCEDES_ML63_2012,M157.981,,W166 ML63 = M157 5.5TT 518-550hp [DBSIB family]
35127,Mercedes,R350,2012,LEMON_MERCEDES_R350_2012,OM642.940,Diesel,R350 Bluetec = OM642 210hp [MOTOREV family]
35128,Mercedes,S400,2012,LEMON_MERCEDES_S400_2012,M272.974,,W221 S400 Hybrid = M272 3.5 + motor [DBSIB Hybrid row]
35129,Mercedes,S350,2012,LEMON_MERCEDES_S350_2012,OM642.868,Diesel,W221 S350 Bluetec = OM642 3.0 240hp [DBSIB S-CLASS (W221)]
35130,Mercedes,S550,2012,LEMON_MERCEDES_S550_2012,M278.929,,S550 2010+ = M278 4.7TT 429hp [CARBUZZS][ALIBABA221]
35131,Mercedes,S600,2012,LEMON_MERCEDES_S600_2012,M275KE55LA,,S600 = M275 5.5 V12 TT 493-510hp (W220 03+/W221) [ALIBABA221][DBSIB]
35132,Mercedes,S63,2012,LEMON_MERCEDES_S63_2012,M157.981,,W221 S63 2012+ = M157 5.5TT [DBSIB M157.980 W221]
35133,Mercedes,SL550,2012,LEMON_MERCEDES_SL550_2012,M273.965,,R230 FL SL550 = M273 5.5 382hp [FCPCHASSIS][DBSIB]
35134,Mercedes,SLK250,2012,LEMON_MERCEDES_SLK250_2012,M271.860,,R172 SLK250 = M271 EVO 1.8T 201hp [AUTOEVSLK][DBSIB]
35135,Mercedes,S65,2012,LEMON_MERCEDES_S65_2012,M275KE60LA,,S65 = M275 6.0 V12 TT 604-621hp (W220 06/W221) [DBSIB CL65 row]
35136,Mercedes,SL63,2012,LEMON_MERCEDES_SL63_2012,M157.980,,R231 SL63 = M157 5.5TT 530-577hp [FCPCHASSIS][DBSIB]
35137,Mercedes,SLK350,2012,LEMON_MERCEDES_SLK350_2012,M276.957,,R172 SLK350 = M276 3.5 302hp [AUTOEVSLK][DBSIB]
35138,Mercedes,SLS,2012,LEMON_MERCEDES_SLS_2012,M159.980,,SLS AMG = M159 6.2 563-622hp [DBSIB M159.980]
35139,Mercedes,SLK55,2012,LEMON_MERCEDES_SLK55_2012,M152 5.5 V8 NA,,R172 SLK55 = M152 5.5 NA 415hp [FCPCHASSIS][AUTOEVSLK]
35141,Mercedes,C300,2013,LEMON_MERCEDES_C300_2013,M272.947,,W204 C300 = M272 3.0 V6 228hp [BAVDISM][DBSIB C-CLASS (W204) M272.947]
35142,Mercedes,C250,2013,LEMON_MERCEDES_C250_2013,M271.860,,W204 C250 = M271 EVO 1.8T 201hp [FCPEURO_E][DBSIB]
35143,Mercedes,B250,2013,LEMON_MERCEDES_B250_2013,M270.920,,B250 W242 = M270 2.0T 208hp [WIKIM274][DBSIB]
35144,Mercedes,C350,2013,LEMON_MERCEDES_C350_2013,M272.971,,W204 C350 = M272 3.5 268hp [BAVDISM][DBSIB]
35145,Mercedes,CL63,2013,LEMON_MERCEDES_CL63_2013,M157.981,,C216 CL63 2011+ = M157 5.5TT [WIKIVIN CL63 '11-'14 M157]
35146,Mercedes,C63,2013,LEMON_MERCEDES_C63_2013,M156.985,,W204 C63 = M156 6.2 V8 451-487hp [BAVDISM][DBSIB]
35147,Mercedes,CL550,2013,LEMON_MERCEDES_CL550_2013,M278.929,,C216 CL550 FL = M278 4.7TT [WIKIC215 family]
35148,Mercedes,CL600,2013,LEMON_MERCEDES_CL600_2013,M275KE55LA,,CL600 2003+ = M275 5.5 V12 TT 493-510hp [WIKIC215][ALIBABA221]
35149,Mercedes,CLS550,2013,LEMON_MERCEDES_CLS550_2013,M278.922,,CLS550 '12-'18 = M278 4.7TT 402hp [WIKIVIN CLS550 4Matic '12-'18 M278]
35150,Mercedes,CL65,2013,LEMON_MERCEDES_CL65_2013,M275KE60LA,,CL65 = M275 6.0 V12 TT 604-621hp [WIKIC215][DBSIB]
35151,Mercedes,CLS63,2013,LEMON_MERCEDES_CLS63_2013,M157.981,,CLS63 '11-'14 = M157 5.5TT [WIKIVIN CLS63 '11-'14 M157]
35152,Mercedes,E350,2013,LEMON_MERCEDES_E350_2013,M276.957,,E350 3.5 M276 302hp (W212 2012+) [HAGERTY212][DBSIB]
35153,Mercedes,E400,2013,LEMON_MERCEDES_E400_2013,M276.820,,E400 = M276 3.0TT 329hp (NA-only model; W212/W213) [HAGERTY212][HANDW213]
35154,Mercedes,E550,2013,LEMON_MERCEDES_E550_2013,M278.922,,W212 E550 2012+ = M278 4.7TT 402hp [HAGERTY212][DBSIB]
35155,Mercedes,E63,2013,LEMON_MERCEDES_E63_2013,M157.981,,W212 E63 2012+ = M157 5.5TT 550hp [HAGERTY212][DBSIB]
35156,Mercedes,G63,2013,LEMON_MERCEDES_G63_2013,M157.985,,G63 = M157 5.5TT 563hp [NAMUG][DBSIB]
35157,Mercedes,GL350,2013,LEMON_MERCEDES_GL350_2013,OM642.940,Diesel,X164 GL350 Bluetec = OM642 3.0 210hp [MOTOREV][WIKIX164]
35158,Mercedes,G550,2013,LEMON_MERCEDES_G550_2013,M273.965,,G550 (G500 NA name) = M273 5.5 382hp [EXPEDG]
35159,Mercedes,GL450,2013,LEMON_MERCEDES_GL450_2013,M278.922,,X166 GL450 2013-14 = M278 4.7TT 362hp [MBWORLDGL]
35160,Mercedes,GL550,2013,LEMON_MERCEDES_GL550_2013,M278.929,,X166 GL550 = M278 4.7TT 429hp [MBWORLDGL]
35161,Mercedes,GLK350,2013,LEMON_MERCEDES_GLK350_2013,M272E35,,GLK350 = M272 3.5 268hp [BAVDISM GLK X204][DBSIB Glk]
35162,Mercedes,GLK250,2013,LEMON_MERCEDES_GLK250_2013,OM651.924,Diesel,GLK250 Bluetec = OM651 2.1 200hp [DBSIB GLK]
35163,Mercedes,ML350,2013,LEMON_MERCEDES_ML350_2013,M276.957,,W166 ML350 = M276 3.5 302hp [MOTOREV][DBSIB]
35164,Mercedes,ML550,2013,LEMON_MERCEDES_ML550_2013,M278.922,,W166 ML550 = M278 4.7TT 402hp [MOTOREV family]
35165,Mercedes,ML63,2013,LEMON_MERCEDES_ML63_2013,M157.981,,W166 ML63 = M157 5.5TT 518-550hp [DBSIB family]
35166,Mercedes,S350,2013,LEMON_MERCEDES_S350_2013,OM642.868,Diesel,W221 S350 Bluetec = OM642 3.0 240hp [DBSIB S-CLASS (W221)]
35167,Mercedes,S550,2013,LEMON_MERCEDES_S550_2013,M278.929,,S550 2010+ = M278 4.7TT 429hp [CARBUZZS][ALIBABA221]
35168,Mercedes,S400,2013,LEMON_MERCEDES_S400_2013,M272.974,,W221 S400 Hybrid = M272 3.5 + motor [DBSIB Hybrid row]
35169,Mercedes,S600,2013,LEMON_MERCEDES_S600_2013,M275KE55LA,,S600 = M275 5.5 V12 TT 493-510hp (W220 03+/W221) [ALIBABA221][DBSIB]
35170,Mercedes,S63,2013,LEMON_MERCEDES_S63_2013,M157.981,,W221 S63 2012+ = M157 5.5TT [DBSIB M157.980 W221]
35171,Mercedes,S65,2013,LEMON_MERCEDES_S65_2013,M275KE60LA,,S65 = M275 6.0 V12 TT 604-621hp (W220 06/W221) [DBSIB CL65 row]
35172,Mercedes,SL550,2013,LEMON_MERCEDES_SL550_2013,M278.922,,R231 FL SL550 = M278 4.7TT 429hp [FCPCHASSIS family]
35173,Mercedes,SL63,2013,LEMON_MERCEDES_SL63_2013,M157.980,,R231 SL63 = M157 5.5TT 530-577hp [FCPCHASSIS][DBSIB]
35174,Mercedes,SL65,2013,LEMON_MERCEDES_SL65_2013,M275KE60LA,,SL65 = M275 6.0 V12 TT 604-621hp [DBSIB CL65 row]
35175,Mercedes,SLK250,2013,LEMON_MERCEDES_SLK250_2013,M271.860,,R172 SLK250 = M271 EVO 1.8T 201hp [AUTOEVSLK][DBSIB]
35176,Mercedes,SLS,2013,LEMON_MERCEDES_SLS_2013,M159.980,,SLS AMG = M159 6.2 563-622hp [DBSIB M159.980]
35177,Mercedes,SLK350,2013,LEMON_MERCEDES_SLK350_2013,M276.957,,R172 SLK350 = M276 3.5 302hp [AUTOEVSLK][DBSIB]
35178,Mercedes,SLK55,2013,LEMON_MERCEDES_SLK55_2013,M152 5.5 V8 NA,,R172 SLK55 = M152 5.5 NA 415hp [FCPCHASSIS][AUTOEVSLK]
35180,Mercedes,C350,2014,LEMON_MERCEDES_C350_2014,M272.971,,W204 C350 = M272 3.5 268hp [BAVDISM][DBSIB]
35181,Mercedes,C250,2014,LEMON_MERCEDES_C250_2014,M271.860,,W204 C250 = M271 EVO 1.8T 201hp [FCPEURO_E][DBSIB]
35182,Mercedes,C300,2014,LEMON_MERCEDES_C300_2014,M272.947,,W204 C300 = M272 3.0 V6 228hp [BAVDISM][DBSIB C-CLASS (W204) M272.947]
35183,Mercedes,B,2014,LEMON_MERCEDES_B_2014,W242 Electric (B250e),,B-Class Electric Drive W242 [DBSIB]
35184,Mercedes,B250,2014,LEMON_MERCEDES_B250_2014,M270.920,,B250 W242 = M270 2.0T 208hp [WIKIM274][DBSIB]
35185,Mercedes,C63,2014,LEMON_MERCEDES_C63_2014,M156.985,,W204 C63 = M156 6.2 V8 451-487hp [BAVDISM][DBSIB]
35186,Mercedes,CL550,2014,LEMON_MERCEDES_CL550_2014,M278.929,,C216 CL550 FL = M278 4.7TT [WIKIC215 family]
35187,Mercedes,CL600,2014,LEMON_MERCEDES_CL600_2014,M275KE55LA,,CL600 2003+ = M275 5.5 V12 TT 493-510hp [WIKIC215][ALIBABA221]
35188,Mercedes,CL63,2014,LEMON_MERCEDES_CL63_2014,M157.981,,C216 CL63 2011+ = M157 5.5TT [WIKIVIN CL63 '11-'14 M157]
35189,Mercedes,CL65,2014,LEMON_MERCEDES_CL65_2014,M275KE60LA,,CL65 = M275 6.0 V12 TT 604-621hp [WIKIC215][DBSIB]
35190,Mercedes,CLA45,2014,LEMON_MERCEDES_CLA45_2014,M133.980,,W117 CLA45 = M133 2.0T 355-375hp [M260GUIDE][DBSIB]
35191,Mercedes,CLA250,2014,LEMON_MERCEDES_CLA250_2014,M270.920,,W117 CLA250 = M270 2.0T 208hp [M260GUIDE family]
35192,Mercedes,CLS550,2014,LEMON_MERCEDES_CLS550_2014,M278.922,,CLS550 '12-'18 = M278 4.7TT 402hp [WIKIVIN CLS550 4Matic '12-'18 M278]
35193,Mercedes,CLS63,2014,LEMON_MERCEDES_CLS63_2014,M157.981,,CLS63 '11-'14 = M157 5.5TT [WIKIVIN CLS63 '11-'14 M157]
35194,Mercedes,E250,2014,LEMON_MERCEDES_E250_2014,OM651.924,Diesel,E250 Bluetec = OM651 2.1 diesel 195hp [DBSIB][MOTOREV]
35195,Mercedes,E350,2014,LEMON_MERCEDES_E350_2014,M276.957,,E350 3.5 M276 302hp (W212 2012+) [HAGERTY212][DBSIB]
35197,Mercedes,E550,2014,LEMON_MERCEDES_E550_2014,M278.922,,W212 E550 2012+ = M278 4.7TT 402hp [HAGERTY212][DBSIB]
35198,Mercedes,E400,2014,LEMON_MERCEDES_E400_2014,M276.820,,E400 = M276 3.0TT 329hp (NA-only model; W212/W213) [HAGERTY212][HANDW213]
35199,Mercedes,E63,2014,LEMON_MERCEDES_E63_2014,M157.981,,W212 E63 2012+ = M157 5.5TT 550hp [HAGERTY212][DBSIB]
35200,Mercedes,GL350,2014,LEMON_MERCEDES_GL350_2014,OM642.940,Diesel,X164 GL350 Bluetec = OM642 3.0 210hp [MOTOREV][WIKIX164]
35201,Mercedes,G550,2014,LEMON_MERCEDES_G550_2014,M273.965,,G550 (G500 NA name) = M273 5.5 382hp [EXPEDG]
35202,Mercedes,GL550,2014,LEMON_MERCEDES_GL550_2014,M278.929,,X166 GL550 = M278 4.7TT 429hp [MBWORLDGL]
35203,Mercedes,GL450,2014,LEMON_MERCEDES_GL450_2014,M278.922,,X166 GL450 2013-14 = M278 4.7TT 362hp [MBWORLDGL]
35204,Mercedes,G63,2014,LEMON_MERCEDES_G63_2014,M157.985,,G63 = M157 5.5TT 563hp [NAMUG][DBSIB]
35205,Mercedes,GL63,2014,LEMON_MERCEDES_GL63_2014,M157.981,,X166 GL63 = M157 5.5TT 550hp [DBSIB family]
35206,Mercedes,GLK250,2014,LEMON_MERCEDES_GLK250_2014,OM651.924,Diesel,GLK250 Bluetec = OM651 2.1 200hp [DBSIB GLK]
35207,Mercedes,GLK350,2014,LEMON_MERCEDES_GLK350_2014,M272E35,,GLK350 = M272 3.5 268hp [BAVDISM GLK X204][DBSIB Glk]
35208,Mercedes,ML350,2014,LEMON_MERCEDES_ML350_2014,M276.957,,W166 ML350 = M276 3.5 302hp [MOTOREV][DBSIB]
35209,Mercedes,ML550,2014,LEMON_MERCEDES_ML550_2014,M278.922,,W166 ML550 = M278 4.7TT 402hp [MOTOREV family]
35210,Mercedes,ML63,2014,LEMON_MERCEDES_ML63_2014,M157.981,,W166 ML63 = M157 5.5TT 518-550hp [DBSIB family]
35211,Mercedes,S550,2014,LEMON_MERCEDES_S550_2014,M278.929,,S550 2010+ = M278 4.7TT 429hp [CARBUZZS][ALIBABA221]
35212,Mercedes,SL63,2014,LEMON_MERCEDES_SL63_2014,M157.980,,R231 SL63 = M157 5.5TT 530-577hp [FCPCHASSIS][DBSIB]
35213,Mercedes,SL550,2014,LEMON_MERCEDES_SL550_2014,M278.922,,R231 FL SL550 = M278 4.7TT 429hp [FCPCHASSIS family]
35214,Mercedes,S63,2014,LEMON_MERCEDES_S63_2014,M157.980,,W222 S63 = M157 577hp [HANDW222][DBSIB]
35215,Mercedes,SLK250,2014,LEMON_MERCEDES_SLK250_2014,M271.860,,R172 SLK250 = M271 EVO 1.8T 201hp [AUTOEVSLK][DBSIB]
35216,Mercedes,SL65,2014,LEMON_MERCEDES_SL65_2014,M275KE60LA,,SL65 = M275 6.0 V12 TT 604-621hp [DBSIB CL65 row]
35217,Mercedes,SLK350,2014,LEMON_MERCEDES_SLK350_2014,M276.957,,R172 SLK350 = M276 3.5 302hp [AUTOEVSLK][DBSIB]
35218,Mercedes,SLK55,2014,LEMON_MERCEDES_SLK55_2014,M152 5.5 V8 NA,,R172 SLK55 = M152 5.5 NA 415hp [FCPCHASSIS][AUTOEVSLK]
35219,Mercedes,SLS,2014,LEMON_MERCEDES_SLS_2014,M159.980,,SLS AMG = M159 6.2 563-622hp [DBSIB M159.980]
35220,Mercedes,Sprinter,2014,LEMON_MERCEDES_SPRINTER_2100CC_2014,OM651.955,Diesel,Sprinter 2.1 = OM651 4cyl diesel 161hp [WIKISPR OM651 until 2022][DBSIB]
35221,Mercedes,Sprinter,2014,LEMON_MERCEDES_SPRINTER_3000CC_2014,OM642.992,Diesel,Sprinter 3.0 = OM642 V6 diesel 188hp [WIKISPR][DBSIB Sprinter rows]
38895,Mercedes,C300,2018,LEMON_MERCEDES_C300_2018,M274.920,,W205 C300 = M274 2.0T 241hp [FCPW205]
38896,Mercedes,C43,2018,LEMON_MERCEDES_C43_2018,M276.823,,W205 C43 = M276 3.0TT 385hp [FCPW205]
38897,Mercedes,C350e,2018,LEMON_MERCEDES_C350E_2018,M274 PHEV (C350e),,C350e = M274 PHEV 275hp combined [FCPW205]
38898,Mercedes,C63,2018,LEMON_MERCEDES_C63_2018,M177.980,,W205 C63 = M177 4.0TT 469-503hp [FCPW205][DBSIB]
38899,Mercedes,CLA250,2018,LEMON_MERCEDES_CLA250_2018,M270.920,,W117 CLA250 = M270 2.0T 208hp [M260GUIDE family]
38900,Mercedes,CLA45,2018,LEMON_MERCEDES_CLA45_2018,M133.980,,W117 CLA45 = M133 2.0T 355-375hp [M260GUIDE][DBSIB]
38901,Mercedes,CLS550,2018,LEMON_MERCEDES_CLS550_2018,M278.922,,CLS550 '12-'18 = M278 4.7TT 402hp [WIKIVIN CLS550 4Matic '12-'18 M278]
38902,Mercedes,CLS63,2018,LEMON_MERCEDES_CLS63_2018,M157.980,,CLS63 S '14-'18 = M157 5.5TT 577hp [WIKIVIN CLS63 S '14-'18 M157]
38903,Mercedes,E300,2018,LEMON_MERCEDES_E300_2018,M274.920,,W213 E300 = M274 2.0T 241hp [MBW264]
38904,Mercedes,E400,2018,LEMON_MERCEDES_E400_2018,M276.820,,E400 = M276 3.0TT 329hp (NA-only model; W212/W213) [HAGERTY212][HANDW213]
38905,Mercedes,E43,2018,LEMON_MERCEDES_E43_2018,M276.823,,W213 E43 = M276 3.0TT 396hp [HANDW213 family]
38906,Mercedes,E63,2018,LEMON_MERCEDES_E63_2018,M177.980,,W213 E63 = M177 4.0TT 563-603hp [FCPW205 family][DBSIB]
38907,Mercedes,G550,2018,LEMON_MERCEDES_G550_2018,M176 4.0 V8 BiTurbo,,G550 2017+ = M176 4.0TT 416hp [WIKIG][NAMUG]
38908,Mercedes,G65,2018,LEMON_MERCEDES_G65_2018,M275KE60LA,,G65 = M275 6.0 V12 TT 621hp [DBSIB family]
38909,Mercedes,G63,2018,LEMON_MERCEDES_G63_2018,M157.985,,G63 = M157 5.5TT 563hp [NAMUG][DBSIB]
38910,Mercedes,GLA250,2018,LEMON_MERCEDES_GLA250_2018,M270.920,,X156 GLA250 = M270 2.0T 208hp [M260GUIDE family]
38911,Mercedes,GLA45,2018,LEMON_MERCEDES_GLA45_2018,M133.980,,X156 GLA45 = M133 2.0T 355-375hp [M260GUIDE][DBSIB]
38912,Mercedes,GLC300,2018,LEMON_MERCEDES_GLC300_2018,M274.920,,X253 GLC300 = M274 2.0T 241hp [BAVDISM GLC][DBSIB]
38913,Mercedes,GLC43,2018,LEMON_MERCEDES_GLC43_2018,M276.823,,GLC43 = M276 3.0TT 385hp [BAVDISM][DBSIB]
38914,Mercedes,GLC350e,2018,LEMON_MERCEDES_GLC350E_2018,M274 PHEV (C350e),Hybrid,GLC350e = M274 PHEV [DBSIB family]
38915,Mercedes,GLC63,2018,LEMON_MERCEDES_GLC63_2018,M177.980,,GLC63 = M177 4.0TT 469-503hp [BAVDISM][DBSIB]
38916,Mercedes,GLE350,2018,LEMON_MERCEDES_GLE350_2018,M276.957,,W166 GLE350 = M276 3.5 302hp [MOTOREV family]
38917,Mercedes,GLE43,2018,LEMON_MERCEDES_GLE43_2018,M276.823,,GLE43 = M276 3.0TT 390hp [DBSIB family]
38918,Mercedes,GLE550e,2018,LEMON_MERCEDES_GLE550E_2018,M276 3.0 PHEV,Hybrid,GLE550e = M276 3.0TT PHEV 436hp [WIKIGLE]
38919,Mercedes,GLE63,2018,LEMON_MERCEDES_GLE63_2018,M157.980,,W166 GLE63 = M157 5.5TT 577hp [DBSIB family]
38920,Mercedes,GLS550,2018,LEMON_MERCEDES_GLS550_2018,M278.929,,X166 GLS550 = M278 4.7TT 449hp [MBWORLDGL family]
38921,Mercedes,GLS450,2018,LEMON_MERCEDES_GLS450_2018,M276.823,,X166 GLS450 = M276 3.0TT 362hp [MBWORLDGL family]
38922,Mercedes,GLS63,2018,LEMON_MERCEDES_GLS63_2018,M157.980,,X166 GLS63 = M157 577hp [DBSIB family]
38923,Mercedes,Gt,2018,LEMON_MERCEDES_GT_2018,M178 4.0 V8 BiTurbo (GT),,AMG GT C190 = M178 4.0TT 456-523hp [WIKIAMGGT][EXOTICGT]
38924,Mercedes,Metris,2018,LEMON_MERCEDES_METRIS_2018,M274.920,,Metris = M274 2.0T 208hp [CDMETRIS][WIKIM274]
38925,Mercedes,S450,2018,LEMON_MERCEDES_S450_2018,M256 3.0 I6 Turbo,,W222 FL S450 = M256 I6 362hp [CARBUZZS][HANDW222]
38926,Mercedes,S560,2018,LEMON_MERCEDES_S560_2018,M176 4.0 V8 BiTurbo,,W222 FL S560 = M176 4.0TT 463hp [CARBUZZS][HANDW222]
38927,Mercedes,S63,2018,LEMON_MERCEDES_S63_2018,M177.980,,W222 FL S63 = M177 4.0TT 603hp [CARBUZZS family]
38928,Mercedes,S65,2018,LEMON_MERCEDES_S65_2018,M279.980,,W222 S65 = M279 6.0 V12 TT 621hp [HANDW222][DBSIB]
38929,Mercedes,SL450,2018,LEMON_MERCEDES_SL450_2018,M276.820,,R231 FL SL450 = M276 3.0TT 362hp [DBSIB family]
38930,Mercedes,SL550,2018,LEMON_MERCEDES_SL550_2018,M278.922,,R231 FL SL550 = M278 4.7TT 429hp [FCPCHASSIS family]
38931,Mercedes,SL63,2018,LEMON_MERCEDES_SL63_2018,M157.980,,R231 SL63 = M157 5.5TT 530-577hp [FCPCHASSIS][DBSIB]
38932,Mercedes,SL65,2018,LEMON_MERCEDES_SL65_2018,M275KE60LA,,SL65 = M275 6.0 V12 TT 604-621hp [DBSIB CL65 row]
38933,Mercedes,SLC300,2018,LEMON_MERCEDES_SLC300_2018,M274.920,,SLC300 = M274 2.0T 241hp [FCPCHASSIS]
38935,Mercedes,SLC43,2018,LEMON_MERCEDES_SLC43_2018,M276.823,,SLC43 = M276 3.0TT 362-385hp [FCPCHASSIS]
38936,Mercedes,A220,2019,LEMON_MERCEDES_A220_2019,M260 2.0T,,A220 W177 = M260 2.0T 188hp [M260GUIDE]
38937,Mercedes,C300,2019,LEMON_MERCEDES_C300_2019,M274.920,,W205 C300 = M274 2.0T 241hp [FCPW205]
38938,Mercedes,C43,2019,LEMON_MERCEDES_C43_2019,M276.823,,W205 C43 = M276 3.0TT 385hp [FCPW205]
38939,Mercedes,C63,2019,LEMON_MERCEDES_C63_2019,M177.980,,W205 C63 = M177 4.0TT 469-503hp [FCPW205][DBSIB]
38940,Mercedes,CLA250,2019,LEMON_MERCEDES_CLA250_2019,M260 2.0T,,C118 CLA250 = M260 2.0T 221hp [M260GUIDE]
38942,Mercedes,E300,2019,LEMON_MERCEDES_E300_2019,M274.920,,W213 E300 = M274 2.0T 241hp [MBW264]
38943,Mercedes,CLS450,2019,LEMON_MERCEDES_CLS450_2019,M256 3.0 I6 Turbo,,CLS450 = M256 I6 362hp [MOTOREV]
38944,Mercedes,CLS53,2019,LEMON_MERCEDES_CLS53_2019,M256 AMG (53),,CLS53 = M256 429hp [MOTOREV]
38945,Mercedes,E450,2019,LEMON_MERCEDES_E450_2019,M256 3.0 I6 Turbo,,W213 E450 = M256 I6 TT 362hp [HANDW213]
38946,Mercedes,E53,2019,LEMON_MERCEDES_E53_2019,M256 AMG (53),,W213 E53 = M256 429hp [MOTOREV]
38947,Mercedes,E63,2019,LEMON_MERCEDES_E63_2019,M177.980,,W213 E63 = M177 4.0TT 563-603hp [FCPW205 family][DBSIB]
38948,Mercedes,G63,2019,LEMON_MERCEDES_G63_2019,M157.985,,G63 = M157 5.5TT 563hp [NAMUG][DBSIB]
38949,Mercedes,GLA250,2019,LEMON_MERCEDES_GLA250_2019,M270.920,,X156 GLA250 = M270 2.0T 208hp [M260GUIDE family]
38950,Mercedes,G550,2019,LEMON_MERCEDES_G550_2019,M176 4.0 V8 BiTurbo,,G550 2017+ = M176 4.0TT 416hp [WIKIG][NAMUG]
38951,Mercedes,GLA45,2019,LEMON_MERCEDES_GLA45_2019,M133.980,,X156 GLA45 = M133 2.0T 355-375hp [M260GUIDE][DBSIB]
38952,Mercedes,GLC300,2019,LEMON_MERCEDES_GLC300_2019,M274.920,,X253 GLC300 = M274 2.0T 241hp [BAVDISM GLC][DBSIB]
38953,Mercedes,GLC43,2019,LEMON_MERCEDES_GLC43_2019,M276.823,,GLC43 = M276 3.0TT 385hp [BAVDISM][DBSIB]
38954,Mercedes,GLC350e,2019,LEMON_MERCEDES_GLC350E_2019,M274 PHEV (C350e),Hybrid,GLC350e = M274 PHEV [DBSIB family]
38955,Mercedes,GLC63,2019,LEMON_MERCEDES_GLC63_2019,M177.980,,GLC63 = M177 4.0TT 469-503hp [BAVDISM][DBSIB]
38956,Mercedes,GLE400,2019,LEMON_MERCEDES_GLE400_2019,M276.820,,W166 GLE400 = M276 3.0TT 329hp [DBSIB family]
38957,Mercedes,GLE43,2019,LEMON_MERCEDES_GLE43_2019,M276.823,,GLE43 = M276 3.0TT 390hp [DBSIB family]
38958,Mercedes,GLE63,2019,LEMON_MERCEDES_GLE63_2019,M157.980,,W166 GLE63 = M157 5.5TT 577hp [DBSIB family]
38959,Mercedes,GLS450,2019,LEMON_MERCEDES_GLS450_2019,M276.823,,X166 GLS450 = M276 3.0TT 362hp [MBWORLDGL family]
38960,Mercedes,GLS550,2019,LEMON_MERCEDES_GLS550_2019,M278.929,,X166 GLS550 = M278 4.7TT 449hp [MBWORLDGL family]
38961,Mercedes,Gt,2019,LEMON_MERCEDES_GT_2019,M178 4.0 V8 BiTurbo (GT),,AMG GT C190 = M178 4.0TT 456-523hp [WIKIAMGGT][EXOTICGT]
38962,Mercedes,GLS63,2019,LEMON_MERCEDES_GLS63_2019,M157.980,,X166 GLS63 = M157 577hp [DBSIB family]
38963,Mercedes,Metris,2019,LEMON_MERCEDES_METRIS_2019,M274.920,,Metris = M274 2.0T 208hp [CDMETRIS][WIKIM274]
38964,Mercedes,S450,2019,LEMON_MERCEDES_S450_2019,M256 3.0 I6 Turbo,,W222 FL S450 = M256 I6 362hp [CARBUZZS][HANDW222]
38965,Mercedes,S560,2019,LEMON_MERCEDES_S560_2019,M176 4.0 V8 BiTurbo,,W222 FL S560 = M176 4.0TT 463hp [CARBUZZS][HANDW222]
38966,Mercedes,S560e,2019,LEMON_MERCEDES_S560E_2019,M276.824,,W222 FL S560e = M276 3.0TT PHEV [HANDW222][DBSIB M276.824]
38967,Mercedes,S63,2019,LEMON_MERCEDES_S63_2019,M177.980,,W222 FL S63 = M177 4.0TT 603hp [CARBUZZS family]
38968,Mercedes,S65,2019,LEMON_MERCEDES_S65_2019,M279.980,,W222 S65 = M279 6.0 V12 TT 621hp [HANDW222][DBSIB]
38969,Mercedes,SL63,2019,LEMON_MERCEDES_SL63_2019,M157.980,,R231 SL63 = M157 5.5TT 530-577hp [FCPCHASSIS][DBSIB]
38970,Mercedes,SL450,2019,LEMON_MERCEDES_SL450_2019,M276.820,,R231 FL SL450 = M276 3.0TT 362hp [DBSIB family]
38971,Mercedes,SL550,2019,LEMON_MERCEDES_SL550_2019,M278.922,,R231 FL SL550 = M278 4.7TT 429hp [FCPCHASSIS family]
38972,Mercedes,SLC300,2019,LEMON_MERCEDES_SLC300_2019,M274.920,,SLC300 = M274 2.0T 241hp [FCPCHASSIS]
38973,Mercedes,SLC43,2019,LEMON_MERCEDES_SLC43_2019,M276.823,,SLC43 = M276 3.0TT 362-385hp [FCPCHASSIS]
38974,Mercedes,Sprinter,2019,LEMON_MERCEDES_SPRINTER_3000CC_2019,OM642.992,Diesel,Sprinter 3.0 = OM642 V6 diesel 188hp [WIKISPR][DBSIB Sprinter rows]
38977,Mercedes,C300,2020,LEMON_MERCEDES_C300_2020,M274.920,,W205 C300 = M274 2.0T 241hp [FCPW205]
38978,Mercedes,A220,2020,LEMON_MERCEDES_A220_2020,M260 2.0T,,A220 W177 = M260 2.0T 188hp [M260GUIDE]
38979,Mercedes,A35,2020,LEMON_MERCEDES_A35_2020,M260 AMG (35),,AMG A35 = M260 AMG 302hp [M260GUIDE]
38980,Mercedes,C43,2020,LEMON_MERCEDES_C43_2020,M276.823,,W205 C43 = M276 3.0TT 385hp [FCPW205]
38981,Mercedes,C63,2020,LEMON_MERCEDES_C63_2020,M177.980,,W205 C63 = M177 4.0TT 469-503hp [FCPW205][DBSIB]
38982,Mercedes,CLA250,2020,LEMON_MERCEDES_CLA250_2020,M260 2.0T,,C118 CLA250 = M260 2.0T 221hp [M260GUIDE]
38983,Mercedes,CLA35,2020,LEMON_MERCEDES_CLA35_2020,M260 AMG (35),,CLA35 = M260 AMG 302hp [M260GUIDE]
38984,Mercedes,CLA45,2020,LEMON_MERCEDES_CLA45_2020,M139 AMG (45),,C118 CLA45 = M139 382hp [M260GUIDE]
38985,Mercedes,CLS450,2020,LEMON_MERCEDES_CLS450_2020,M256 3.0 I6 Turbo,,CLS450 = M256 I6 362hp [MOTOREV]
38986,Mercedes,E350,2020,LEMON_MERCEDES_E350_2020,M264 2.0T,,W213 E350 2018+ = M264 2.0T 255hp [HANDW213][MBW264]
38987,Mercedes,CLS53,2020,LEMON_MERCEDES_CLS53_2020,M256 AMG (53),,CLS53 = M256 429hp [MOTOREV]
38988,Mercedes,E450,2020,LEMON_MERCEDES_E450_2020,M256 3.0 I6 Turbo,,W213 E450 = M256 I6 TT 362hp [HANDW213]
38989,Mercedes,E53,2020,LEMON_MERCEDES_E53_2020,M256 AMG (53),,W213 E53 = M256 429hp [MOTOREV]
38990,Mercedes,E63,2020,LEMON_MERCEDES_E63_2020,M177.980,,W213 E63 = M177 4.0TT 563-603hp [FCPW205 family][DBSIB]
38991,Mercedes,G550,2020,LEMON_MERCEDES_G550_2020,M176 4.0 V8 BiTurbo,,G550 2017+ = M176 4.0TT 416hp [WIKIG][NAMUG]
38993,Mercedes,G63,2020,LEMON_MERCEDES_G63_2020,M177.980,,G63 2020+ = M177 4.0TT 577hp [WIKIG]
38994,Mercedes,GLB250,2020,LEMON_MERCEDES_GLB250_2020,M260 2.0T,,X247 GLB250 = M260 2.0T 221hp [M260GUIDE]
38995,Mercedes,GLC300,2020,LEMON_MERCEDES_GLC300_2020,M254 2.0T,,X254 GLC300 = M254 2.0T 255hp [BAVDISM family]
38996,Mercedes,GLC43,2020,LEMON_MERCEDES_GLC43_2020,M276.823,,GLC43 = M276 3.0TT 385hp [BAVDISM][DBSIB]
38997,Mercedes,GLC63,2020,LEMON_MERCEDES_GLC63_2020,M177.980,,GLC63 = M177 4.0TT 469-503hp [BAVDISM][DBSIB]
38998,Mercedes,GLC350e,2020,LEMON_MERCEDES_GLC350E_2020,M274 PHEV (C350e),Hybrid,GLC350e = M274 PHEV [DBSIB family]
38999,Mercedes,GLE350,2020,LEMON_MERCEDES_GLE350_2020,M264 2.0T,,W167 GLE350 = M264 2.0T 255hp [WIKIGLE W167]
39000,Mercedes,GLE450,2020,LEMON_MERCEDES_GLE450_2020,M256 3.0 I6 Turbo,,W167 GLE450 = M256 I6 362hp [MOTOREV]
39001,Mercedes,GLE580,2020,LEMON_MERCEDES_GLE580_2020,M176 4.0 V8 BiTurbo,,W167 GLE580 = M176 4.0TT 510hp [WIKIG family]
39002,Mercedes,GLS450,2020,LEMON_MERCEDES_GLS450_2020,M256 3.0 I6 Turbo,,X167 GLS450 = M256 362hp [WIKIGLE family]
39003,Mercedes,Gt,2020,LEMON_MERCEDES_GT_2020,M178 4.0 V8 BiTurbo (GT),,AMG GT C190 = M178 4.0TT 456-523hp [WIKIAMGGT][EXOTICGT]
39004,Mercedes,GLS580,2020,LEMON_MERCEDES_GLS580_2020,M176 4.0 V8 BiTurbo,,X167 GLS580 = M176 4.0TT [WIKIG family]
39005,Mercedes,Metris,2020,LEMON_MERCEDES_METRIS_2020,M274.920,,Metris = M274 2.0T 208hp [CDMETRIS][WIKIM274]
39006,Mercedes,S450,2020,LEMON_MERCEDES_S450_2020,M256 3.0 I6 Turbo,,W222 FL S450 = M256 I6 362hp [CARBUZZS][HANDW222]
39007,Mercedes,S560,2020,LEMON_MERCEDES_S560_2020,M176 4.0 V8 BiTurbo,,W222 FL S560 = M176 4.0TT 463hp [CARBUZZS][HANDW222]
39008,Mercedes,S560e,2020,LEMON_MERCEDES_S560E_2020,M276.824,,W222 FL S560e = M276 3.0TT PHEV [HANDW222][DBSIB M276.824]
39009,Mercedes,S63,2020,LEMON_MERCEDES_S63_2020,M177.980,,W222 FL S63 = M177 4.0TT 603hp [CARBUZZS family]
39010,Mercedes,S65,2020,LEMON_MERCEDES_S65_2020,M279.980,,W222 S65 = M279 6.0 V12 TT 621hp [HANDW222][DBSIB]
39011,Mercedes,SL450,2020,LEMON_MERCEDES_SL450_2020,M276.820,,R231 FL SL450 = M276 3.0TT 362hp [DBSIB family]
39013,Mercedes,SLC300,2020,LEMON_MERCEDES_SLC300_2020,M274.920,,SLC300 = M274 2.0T 241hp [FCPCHASSIS]
39014,Mercedes,SLC43,2020,LEMON_MERCEDES_SLC43_2020,M276.823,,SLC43 = M276 3.0TT 362-385hp [FCPCHASSIS]
39016,Mercedes,Sprinter,2020,LEMON_MERCEDES_SPRINTER_2100CC_2020,OM651.955,Diesel,Sprinter 2.1 = OM651 4cyl diesel 161hp [WIKISPR OM651 until 2022][DBSIB]
39017,Mercedes,Sprinter,2020,LEMON_MERCEDES_SPRINTER_3000CC_2020,OM642.992,Diesel,Sprinter 3.0 = OM642 V6 diesel 188hp [WIKISPR][DBSIB Sprinter rows]
39019,Mercedes,A220,2021,LEMON_MERCEDES_A220_2021,M260 2.0T,,A220 W177 = M260 2.0T 188hp [M260GUIDE]
39020,Mercedes,A35,2021,LEMON_MERCEDES_A35_2021,M260 AMG (35),,AMG A35 = M260 AMG 302hp [M260GUIDE]
39021,Mercedes,C300,2021,LEMON_MERCEDES_C300_2021,M274.920,,W205 C300 = M274 2.0T 241hp [FCPW205]
39022,Mercedes,C43,2021,LEMON_MERCEDES_C43_2021,M276.823,,W205 C43 = M276 3.0TT 385hp [FCPW205]
39023,Mercedes,C63,2021,LEMON_MERCEDES_C63_2021,M177.980,,W205 C63 = M177 4.0TT 469-503hp [FCPW205][DBSIB]
39024,Mercedes,CLA250,2021,LEMON_MERCEDES_CLA250_2021,M260 2.0T,,C118 CLA250 = M260 2.0T 221hp [M260GUIDE]
39025,Mercedes,CLA35,2021,LEMON_MERCEDES_CLA35_2021,M260 AMG (35),,CLA35 = M260 AMG 302hp [M260GUIDE]
39026,Mercedes,CLS450,2021,LEMON_MERCEDES_CLS450_2021,M256 3.0 I6 Turbo,,CLS450 = M256 I6 362hp [MOTOREV]
39027,Mercedes,CLA45,2021,LEMON_MERCEDES_CLA45_2021,M139 AMG (45),,C118 CLA45 = M139 382hp [M260GUIDE]
39028,Mercedes,CLS53,2021,LEMON_MERCEDES_CLS53_2021,M256 AMG (53),,CLS53 = M256 429hp [MOTOREV]
39029,Mercedes,E350,2021,LEMON_MERCEDES_E350_2021,M264 2.0T,,W213 E350 2018+ = M264 2.0T 255hp [HANDW213][MBW264]
39030,Mercedes,E450,2021,LEMON_MERCEDES_E450_2021,M256 3.0 I6 Turbo,,W213 E450 = M256 I6 TT 362hp [HANDW213]
39031,Mercedes,E53,2021,LEMON_MERCEDES_E53_2021,M256 AMG (53),,W213 E53 = M256 429hp [MOTOREV]
39032,Mercedes,E63,2021,LEMON_MERCEDES_E63_2021,M177.980,,W213 E63 = M177 4.0TT 563-603hp [FCPW205 family][DBSIB]
39033,Mercedes,G550,2021,LEMON_MERCEDES_G550_2021,M176 4.0 V8 BiTurbo,,G550 2017+ = M176 4.0TT 416hp [WIKIG][NAMUG]
39034,Mercedes,G63,2021,LEMON_MERCEDES_G63_2021,M177.980,,G63 2020+ = M177 4.0TT 577hp [WIKIG]
39035,Mercedes,GLA250,2021,LEMON_MERCEDES_GLA250_2021,M260 2.0T,,H247 GLA250 = M260 2.0T 221hp [M260GUIDE]
39036,Mercedes,GLA45,2021,LEMON_MERCEDES_GLA45_2021,M139 AMG (45),,H247 GLA45 = M139 382hp [M260GUIDE]
39037,Mercedes,GLB250,2021,LEMON_MERCEDES_GLB250_2021,M260 2.0T,,X247 GLB250 = M260 2.0T 221hp [M260GUIDE]
39038,Mercedes,GLA35,2021,LEMON_MERCEDES_GLA35_2021,M260 AMG (35),,GLA35 = M260 AMG 302hp [M260GUIDE]
39039,Mercedes,GLB35,2021,LEMON_MERCEDES_GLB35_2021,M260 AMG (35),,GLB35 = M260 AMG 302hp [M260GUIDE]
39040,Mercedes,GLC300,2021,LEMON_MERCEDES_GLC300_2021,M254 2.0T,,X254 GLC300 = M254 2.0T 255hp [BAVDISM family]
39041,Mercedes,GLC43,2021,LEMON_MERCEDES_GLC43_2021,M276.823,,GLC43 = M276 3.0TT 385hp [BAVDISM][DBSIB]
39042,Mercedes,GLC63,2021,LEMON_MERCEDES_GLC63_2021,M177.980,,GLC63 = M177 4.0TT 469-503hp [BAVDISM][DBSIB]
39043,Mercedes,GLE350,2021,LEMON_MERCEDES_GLE350_2021,M264 2.0T,,W167 GLE350 = M264 2.0T 255hp [WIKIGLE W167]
39044,Mercedes,GLE53,2021,LEMON_MERCEDES_GLE53_2021,M256 AMG (53),,W167 GLE53 = M256 429hp [MOTOREV]
39045,Mercedes,GLE580,2021,LEMON_MERCEDES_GLE580_2021,M176 4.0 V8 BiTurbo,,W167 GLE580 = M176 4.0TT 510hp [WIKIG family]
39046,Mercedes,GLE450,2021,LEMON_MERCEDES_GLE450_2021,M256 3.0 I6 Turbo,,W167 GLE450 = M256 I6 362hp [MOTOREV]
39047,Mercedes,GLE63,2021,LEMON_MERCEDES_GLE63_2021,M177.980,,W167 GLE63 = M177 4.0TT [WIKIGLE family]
39048,Mercedes,GLS580,2021,LEMON_MERCEDES_GLS580_2021,M176 4.0 V8 BiTurbo,,X167 GLS580 = M176 4.0TT [WIKIG family]
39049,Mercedes,GLS63,2021,LEMON_MERCEDES_GLS63_2021,M177.980,,X167 GLS63 = M177 4.0TT [WIKIG family]
39050,Mercedes,Gt,2021,LEMON_MERCEDES_GT_2021,M178 4.0 V8 BiTurbo (GT),,AMG GT C190 = M178 4.0TT 456-523hp [WIKIAMGGT][EXOTICGT]
39051,Mercedes,GLS450,2021,LEMON_MERCEDES_GLS450_2021,M256 3.0 I6 Turbo,,X167 GLS450 = M256 362hp [WIKIGLE family]
39053,Mercedes,Metris,2021,LEMON_MERCEDES_METRIS_2021,M274.920,,Metris = M274 2.0T 208hp [CDMETRIS][WIKIM274]
39054,Mercedes,S560,2021,LEMON_MERCEDES_S560_2021,M176 4.0 V8 BiTurbo,,W222 FL S560 = M176 4.0TT 463hp [CARBUZZS][HANDW222]
39055,Mercedes,S500,2021,LEMON_MERCEDES_S500_2021,M256 AMG (53),,W223 S500 = M256 I6 TT 429hp [CARBUZZS]
39056,Mercedes,S63,2021,LEMON_MERCEDES_S63_2021,M177.980,,W222 FL S63 = M177 4.0TT 603hp [CARBUZZS family]
39057,Mercedes,S580,2021,LEMON_MERCEDES_S580_2021,M176 4.0 V8 BiTurbo,,W223 S580 = M176 4.0TT 496hp [CARBUZZS]
39059,Mercedes,Sprinter,2021,LEMON_MERCEDES_SPRINTER_3000CC_2021,OM642.992,Diesel,Sprinter 3.0 = OM642 V6 diesel 188hp [WIKISPR][DBSIB Sprinter rows]
39060,Mercedes,Sprinter,2021,LEMON_MERCEDES_SPRINTER_2100CC_2021,OM651.955,Diesel,Sprinter 2.1 = OM651 4cyl diesel 161hp [WIKISPR OM651 until 2022][DBSIB]
39062,Mercedes,C300,2022,LEMON_MERCEDES_C300_2022,M254 2.0T,,W206 C300 = M254 2.0T 255hp [HANDW206]
39063,Mercedes,A220,2022,LEMON_MERCEDES_A220_2022,M260 2.0T,,A220 W177 = M260 2.0T 188hp [M260GUIDE]
39064,Mercedes,C43,2022,LEMON_MERCEDES_C43_2022,M139 43-series,,W206 C43 = M139 e-turbo 402hp [HANDW206]
39065,Mercedes,CLA250,2022,LEMON_MERCEDES_CLA250_2022,M260 2.0T,,C118 CLA250 = M260 2.0T 221hp [M260GUIDE]
39066,Mercedes,CLA35,2022,LEMON_MERCEDES_CLA35_2022,M260 AMG (35),,CLA35 = M260 AMG 302hp [M260GUIDE]
39067,Mercedes,CLS450,2022,LEMON_MERCEDES_CLS450_2022,M256 3.0 I6 Turbo,,CLS450 = M256 I6 362hp [MOTOREV]
39068,Mercedes,E350,2022,LEMON_MERCEDES_E350_2022,M264 2.0T,,W213 E350 2018+ = M264 2.0T 255hp [HANDW213][MBW264]
39069,Mercedes,CLA45,2022,LEMON_MERCEDES_CLA45_2022,M139 AMG (45),,C118 CLA45 = M139 382hp [M260GUIDE]
39070,Mercedes,E450,2022,LEMON_MERCEDES_E450_2022,M256 3.0 I6 Turbo,,W213 E450 = M256 I6 TT 362hp [HANDW213]
39071,Mercedes,E53,2022,LEMON_MERCEDES_E53_2022,M256 AMG (53),,W213 E53 = M256 429hp [MOTOREV]
39072,Mercedes,EQB300,2022,LEMON_MERCEDES_EQB300_2022,EQB300 Electric,Electric,EQB300 = 225hp dual motor [CDEQB]
39073,Mercedes,EQB350,2022,LEMON_MERCEDES_EQB350_2022,EQB350 Electric,Electric,EQB350 = 288hp dual motor [CDEQB]
39074,Mercedes,G550,2022,LEMON_MERCEDES_G550_2022,M176 4.0 V8 BiTurbo,,G550 2017+ = M176 4.0TT 416hp [WIKIG][NAMUG]
39075,Mercedes,G63,2022,LEMON_MERCEDES_G63_2022,M177.980,,G63 2020+ = M177 4.0TT 577hp [WIKIG]
39076,Mercedes,GLA250,2022,LEMON_MERCEDES_GLA250_2022,M260 2.0T,,H247 GLA250 = M260 2.0T 221hp [M260GUIDE]
39077,Mercedes,GLA35,2022,LEMON_MERCEDES_GLA35_2022,M260 AMG (35),,GLA35 = M260 AMG 302hp [M260GUIDE]
39078,Mercedes,GLB35,2022,LEMON_MERCEDES_GLB35_2022,M260 AMG (35),,GLB35 = M260 AMG 302hp [M260GUIDE]
39079,Mercedes,GLA45,2022,LEMON_MERCEDES_GLA45_2022,M139 AMG (45),,H247 GLA45 = M139 382hp [M260GUIDE]
39080,Mercedes,GLB250,2022,LEMON_MERCEDES_GLB250_2022,M260 2.0T,,X247 GLB250 = M260 2.0T 221hp [M260GUIDE]
39081,Mercedes,GLC300,2022,LEMON_MERCEDES_GLC300_2022,M254 2.0T,,X254 GLC300 = M254 2.0T 255hp [BAVDISM family]
39082,Mercedes,GLC43,2022,LEMON_MERCEDES_GLC43_2022,M276.823,,GLC43 = M276 3.0TT 385hp [BAVDISM][DBSIB]
39083,Mercedes,GLE350,2022,LEMON_MERCEDES_GLE350_2022,M264 2.0T,,W167 GLE350 = M264 2.0T 255hp [WIKIGLE W167]
39084,Mercedes,GLE450,2022,LEMON_MERCEDES_GLE450_2022,M256 3.0 I6 Turbo,,W167 GLE450 = M256 I6 362hp [MOTOREV]
39085,Mercedes,GLE53,2022,LEMON_MERCEDES_GLE53_2022,M256 AMG (53),,W167 GLE53 = M256 429hp [MOTOREV]
39086,Mercedes,GLE580,2022,LEMON_MERCEDES_GLE580_2022,M176 4.0 V8 BiTurbo,,W167 GLE580 = M176 4.0TT 510hp [WIKIG family]
39087,Mercedes,GLE63,2022,LEMON_MERCEDES_GLE63_2022,M177.980,,W167 GLE63 = M177 4.0TT [WIKIGLE family]
39088,Mercedes,GLS580,2022,LEMON_MERCEDES_GLS580_2022,M176 4.0 V8 BiTurbo,,X167 GLS580 = M176 4.0TT [WIKIG family]
39089,Mercedes,GLS63,2022,LEMON_MERCEDES_GLS63_2022,M177.980,,X167 GLS63 = M177 4.0TT [WIKIG family]
39090,Mercedes,GLS450,2022,LEMON_MERCEDES_GLS450_2022,M256 3.0 I6 Turbo,,X167 GLS450 = M256 362hp [WIKIGLE family]
39091,Mercedes,Gt,2022,LEMON_MERCEDES_GT_2022,M178 4.0 V8 BiTurbo (GT),,AMG GT C190 = M178 4.0TT 456-523hp [WIKIAMGGT][EXOTICGT]
39093,Mercedes,Metris,2022,LEMON_MERCEDES_METRIS_2022,M274.920,,Metris = M274 2.0T 208hp [CDMETRIS][WIKIM274]
39094,Mercedes,S500,2022,LEMON_MERCEDES_S500_2022,M256 AMG (53),,W223 S500 = M256 I6 TT 429hp [CARBUZZS]
39095,Mercedes,S580,2022,LEMON_MERCEDES_S580_2022,M176 4.0 V8 BiTurbo,,W223 S580 = M176 4.0TT 496hp [CARBUZZS]
39096,Mercedes,SL55,2022,LEMON_MERCEDES_SL55_2022,M177.980,,R232 SL55 = M177 4.0TT 469hp [WIKIAMGGT family]
39098,Mercedes,SL63,2022,LEMON_MERCEDES_SL63_2022,M177.980,,R232 SL63 = M177 4.0TT 577hp [WIKIAMGGT family]
39099,Mercedes,Sprinter,2022,LEMON_MERCEDES_SPRINTER_3000CC_2022,OM642.992,Diesel,Sprinter 3.0 = OM642 V6 diesel 188hp [WIKISPR][DBSIB Sprinter rows]
39100,Mercedes,Sprinter,2022,LEMON_MERCEDES_SPRINTER_2100CC_2022,OM651.955,Diesel,Sprinter 2.1 = OM651 4cyl diesel 161hp [WIKISPR OM651 until 2022][DBSIB]
39102,Mercedes,C43,2023,LEMON_MERCEDES_C43_3000CC_2023,M139 43-series,,W206 C43 = M139 e-turbo 402hp [HANDW206]
39103,Mercedes,C300,2023,LEMON_MERCEDES_C300_2023,M254 2.0T,,W206 C300 = M254 2.0T 255hp [HANDW206]
39104,Mercedes,C63,2023,LEMON_MERCEDES_C63_2023,M139 PHEV (C63),,W206 C63 S E-Performance = M139 PHEV 671hp [HANDW206]
39105,Mercedes,CLA250,2023,LEMON_MERCEDES_CLA250_2023,M260 2.0T,,C118 CLA250 = M260 2.0T 221hp [M260GUIDE]
39106,Mercedes,C43,2023,LEMON_MERCEDES_C43_2000CC_2023,M139 43-series,,W206 C43 = M139 e-turbo 402hp [HANDW206]
39107,Mercedes,CLA45,2023,LEMON_MERCEDES_CLA45_2023,M139 AMG (45),,C118 CLA45 = M139 382hp [M260GUIDE]
39108,Mercedes,CLS450,2023,LEMON_MERCEDES_CLS450_2023,M256 3.0 I6 Turbo,,CLS450 = M256 I6 362hp [MOTOREV]
39109,Mercedes,CLA35,2023,LEMON_MERCEDES_CLA35_2023,M260 AMG (35),,CLA35 = M260 AMG 302hp [M260GUIDE]
39110,Mercedes,E350,2023,LEMON_MERCEDES_E350_2023,M264 2.0T,,W213 E350 2018+ = M264 2.0T 255hp [HANDW213][MBW264]
39111,Mercedes,E450,2023,LEMON_MERCEDES_E450_2023,M256 3.0 I6 Turbo,,W213 E450 = M256 I6 TT 362hp [HANDW213]
39112,Mercedes,E53,2023,LEMON_MERCEDES_E53_2023,M256 AMG (53),,W213 E53 = M256 429hp [MOTOREV]
39113,Mercedes,EQB250+,2023,LEMON_MERCEDES_EQB250+_2023,EQB250+ Electric,Electric,EQB250+ = 190hp single motor FWD [CDEQB]
39114,Mercedes,E63,2023,LEMON_MERCEDES_E63_2023,M177.980,,W213 E63 = M177 4.0TT 563-603hp [FCPW205 family][DBSIB]
39115,Mercedes,EQB300,2023,LEMON_MERCEDES_EQB300_2023,EQB300 Electric,Electric,EQB300 = 225hp dual motor [CDEQB]
39116,Mercedes,EQB350,2023,LEMON_MERCEDES_EQB350_2023,EQB350 Electric,Electric,EQB350 = 288hp dual motor [CDEQB]
39117,Mercedes,EQS450+,2023,LEMON_MERCEDES_EQS450+_2023,EQS450+ Electric,Electric,EQS450+ = rear PSM electric [MBUSAEQS]
39118,Mercedes,G550,2023,LEMON_MERCEDES_G550_2023,M176 4.0 V8 BiTurbo,,G550 2017+ = M176 4.0TT 416hp [WIKIG][NAMUG]
39119,Mercedes,GLA250,2023,LEMON_MERCEDES_GLA250_2023,M260 2.0T,,H247 GLA250 = M260 2.0T 221hp [M260GUIDE]
39120,Mercedes,G63,2023,LEMON_MERCEDES_G63_2023,M177.980,,G63 2020+ = M177 4.0TT 577hp [WIKIG]
39121,Mercedes,GLA45,2023,LEMON_MERCEDES_GLA45_2023,M139 AMG (45),,H247 GLA45 = M139 382hp [M260GUIDE]
39122,Mercedes,GLA35,2023,LEMON_MERCEDES_GLA35_2023,M260 AMG (35),,GLA35 = M260 AMG 302hp [M260GUIDE]
39123,Mercedes,GLB250,2023,LEMON_MERCEDES_GLB250_2023,M260 2.0T,,X247 GLB250 = M260 2.0T 221hp [M260GUIDE]
39124,Mercedes,GLC300,2023,LEMON_MERCEDES_GLC300_2023,M254 2.0T,,X254 GLC300 = M254 2.0T 255hp [BAVDISM family]
39125,Mercedes,GLB35,2023,LEMON_MERCEDES_GLB35_2023,M260 AMG (35),,GLB35 = M260 AMG 302hp [M260GUIDE]
39126,Mercedes,GLC43,2023,LEMON_MERCEDES_GLC43_2023,M276.823,,GLC43 = M276 3.0TT 385hp [BAVDISM][DBSIB]
39127,Mercedes,GLE350,2023,LEMON_MERCEDES_GLE350_2023,M264 2.0T,,W167 GLE350 = M264 2.0T 255hp [WIKIGLE W167]
39128,Mercedes,GLE53,2023,LEMON_MERCEDES_GLE53_2023,M256 AMG (53),,W167 GLE53 = M256 429hp [MOTOREV]
39129,Mercedes,GLE450,2023,LEMON_MERCEDES_GLE450_2023,M256 3.0 I6 Turbo,,W167 GLE450 = M256 I6 362hp [MOTOREV]
39130,Mercedes,GLE580,2023,LEMON_MERCEDES_GLE580_2023,M176 4.0 V8 BiTurbo,,W167 GLE580 = M176 4.0TT 510hp [WIKIG family]
39131,Mercedes,GLE63,2023,LEMON_MERCEDES_GLE63_2023,M177.980,,W167 GLE63 = M177 4.0TT [WIKIGLE family]
39132,Mercedes,GLS450,2023,LEMON_MERCEDES_GLS450_2023,M256 3.0 I6 Turbo,,X167 GLS450 = M256 362hp [WIKIGLE family]
39133,Mercedes,GLS580,2023,LEMON_MERCEDES_GLS580_2023,M176 4.0 V8 BiTurbo,,X167 GLS580 = M176 4.0TT [WIKIG family]
39134,Mercedes,GLS63,2023,LEMON_MERCEDES_GLS63_2023,M177.980,,X167 GLS63 = M177 4.0TT [WIKIG family]
39135,Mercedes,Gt,2023,LEMON_MERCEDES_GT_2023,M178 4.0 V8 BiTurbo (GT),,AMG GT C190 = M178 4.0TT 456-523hp [WIKIAMGGT][EXOTICGT]
39137,Mercedes,Metris,2023,LEMON_MERCEDES_METRIS_2023,M274.920,,Metris = M274 2.0T 208hp [CDMETRIS][WIKIM274]
39138,Mercedes,S500,2023,LEMON_MERCEDES_S500_2023,M256 AMG (53),,W223 S500 = M256 I6 TT 429hp [CARBUZZS]
39139,Mercedes,S580,2023,LEMON_MERCEDES_S580_2023,M176 4.0 V8 BiTurbo,,W223 S580 = M176 4.0TT 496hp [CARBUZZS]
39140,Mercedes,SL43,2023,LEMON_MERCEDES_SL43_2023,M139 43-series,,R232 SL43 = M139 e-turbo 375hp [WIKIAMGGT family]
39141,Mercedes,S580e,2023,LEMON_MERCEDES_S580E_2023,M256 3.0 I6 Turbo,Hybrid,"W223 S580e = M256 PHEV (mapped to M256 family, PHEV tune) [HANDW222 family]"
39142,Mercedes,SL63,2023,LEMON_MERCEDES_SL63_2023,M177.980,,R232 SL63 = M177 4.0TT 577hp [WIKIAMGGT family]
39143,Mercedes,SL55,2023,LEMON_MERCEDES_SL55_2023,M177.980,,R232 SL55 = M177 4.0TT 469hp [WIKIAMGGT family]
39147,Mercedes,C43,2024,LEMON_MERCEDES_C43_2024,M139 43-series,,W206 C43 = M139 e-turbo 402hp [HANDW206]
39148,Mercedes,C300,2024,LEMON_MERCEDES_C300_2024,M254 2.0T,,W206 C300 = M254 2.0T 255hp [HANDW206]
39149,Mercedes,CLA35,2024,LEMON_MERCEDES_CLA35_2024,M260 AMG (35),,CLA35 = M260 AMG 302hp [M260GUIDE]
39150,Mercedes,CLA250,2024,LEMON_MERCEDES_CLA250_2024,M260 2.0T,,C118 CLA250 = M260 2.0T 221hp [M260GUIDE]
39151,Mercedes,E350,2024,LEMON_MERCEDES_E350_2024,M254 2.0T,,W214 E350 = M254 2.0T [HANDW206 family]
39152,Mercedes,EQB250+,2024,LEMON_MERCEDES_EQB250+_2024,EQB250+ Electric,Electric,EQB250+ = 190hp single motor FWD [CDEQB]
39153,Mercedes,E450,2024,LEMON_MERCEDES_E450_2024,M256 3.0 I6 Turbo,,W213 E450 = M256 I6 TT 362hp [HANDW213]
39154,Mercedes,EQB350,2024,LEMON_MERCEDES_EQB350_2024,EQB350 Electric,Electric,EQB350 = 288hp dual motor [CDEQB]
39155,Mercedes,EQB300,2024,LEMON_MERCEDES_EQB300_2024,EQB300 Electric,Electric,EQB300 = 225hp dual motor [CDEQB]
39156,Mercedes,G550,2024,LEMON_MERCEDES_G550_2024,M176 4.0 V8 BiTurbo,,G550 2017+ = M176 4.0TT 416hp [WIKIG][NAMUG]
39157,Mercedes,G63,2024,LEMON_MERCEDES_G63_2024,M177.980,,G63 2020+ = M177 4.0TT 577hp [WIKIG]
39158,Mercedes,GLA250,2024,LEMON_MERCEDES_GLA250_2024,M260 2.0T,,H247 GLA250 = M260 2.0T 221hp [M260GUIDE]
39159,Mercedes,GLB250,2024,LEMON_MERCEDES_GLB250_2024,M260 2.0T,,X247 GLB250 = M260 2.0T 221hp [M260GUIDE]
39160,Mercedes,GLA35,2024,LEMON_MERCEDES_GLA35_2024,M260 AMG (35),,GLA35 = M260 AMG 302hp [M260GUIDE]
39161,Mercedes,GLC300,2024,LEMON_MERCEDES_GLC300_2024,M254 2.0T,,X254 GLC300 = M254 2.0T 255hp [BAVDISM family]
39162,Mercedes,GLB35,2024,LEMON_MERCEDES_GLB35_2024,M260 AMG (35),,GLB35 = M260 AMG 302hp [M260GUIDE]
39163,Mercedes,GLE450,2024,LEMON_MERCEDES_GLE450_2024,M256 3.0 I6 Turbo,,W167 GLE450 = M256 I6 362hp [MOTOREV]
39164,Mercedes,GLE350,2024,LEMON_MERCEDES_GLE350_2024,M264 2.0T,,W167 GLE350 = M264 2.0T 255hp [WIKIGLE W167]
39165,Mercedes,GLE53,2024,LEMON_MERCEDES_GLE53_2024,M256 AMG (53),,W167 GLE53 = M256 429hp [MOTOREV]
39166,Mercedes,GLE63,2024,LEMON_MERCEDES_GLE63_2024,M177.980,,W167 GLE63 = M177 4.0TT [WIKIGLE family]
39167,Mercedes,GLE580,2024,LEMON_MERCEDES_GLE580_2024,M176 4.0 V8 BiTurbo,,W167 GLE580 = M176 4.0TT 510hp [WIKIG family]
39168,Mercedes,GLS580,2024,LEMON_MERCEDES_GLS580_2024,M176 4.0 V8 BiTurbo,,X167 GLS580 = M176 4.0TT [WIKIG family]
39169,Mercedes,GLS450,2024,LEMON_MERCEDES_GLS450_2024,M256 3.0 I6 Turbo,,X167 GLS450 = M256 362hp [WIKIGLE family]
39171,Mercedes,GLS63,2024,LEMON_MERCEDES_GLS63_2024,M177.980,,X167 GLS63 = M177 4.0TT [WIKIG family]
39172,Mercedes,S580,2024,LEMON_MERCEDES_S580_2024,M176 4.0 V8 BiTurbo,,W223 S580 = M176 4.0TT 496hp [CARBUZZS]
39173,Mercedes,S500,2024,LEMON_MERCEDES_S500_2024,M256 AMG (53),,W223 S500 = M256 I6 TT 429hp [CARBUZZS]
39174,Mercedes,S580e,2024,LEMON_MERCEDES_S580E_2024,M256 3.0 I6 Turbo,Hybrid,"W223 S580e = M256 PHEV (mapped to M256 family, PHEV tune) [HANDW222 family]"
39175,Mercedes,SL43,2024,LEMON_MERCEDES_SL43_2024,M139 43-series,,R232 SL43 = M139 e-turbo 375hp [WIKIAMGGT family]
39176,Mercedes,SL63,2024,LEMON_MERCEDES_SL63_2024,M177.980,,R232 SL63 = M177 4.0TT 577hp [WIKIAMGGT family]
39178,Mercedes,SL55,2024,LEMON_MERCEDES_SL55_2024,M177.980,,R232 SL55 = M177 4.0TT 469hp [WIKIAMGGT family]
39179,Mercedes,C300,2025,LEMON_MERCEDES_C300_2025,M254 2.0T,,W206 C300 = M254 2.0T 255hp [HANDW206]
39180,Mercedes,CLA35,2025,LEMON_MERCEDES_CLA35_2025,M260 AMG (35),,CLA35 = M260 AMG 302hp [M260GUIDE]
39181,Mercedes,CLA250,2025,LEMON_MERCEDES_CLA250_2025,M260 2.0T,,C118 CLA250 = M260 2.0T 221hp [M260GUIDE]
39182,Mercedes,C43,2025,LEMON_MERCEDES_C43_2025,M139 43-series,,W206 C43 = M139 e-turbo 402hp [HANDW206]
39183,Mercedes,E450,2025,LEMON_MERCEDES_E450_2025,M256 3.0 I6 Turbo,,W213 E450 = M256 I6 TT 362hp [HANDW213]
39184,Mercedes,EQB300,2025,LEMON_MERCEDES_EQB300_2025,EQB300 Electric,Electric,EQB300 = 225hp dual motor [CDEQB]
39185,Mercedes,EQB350,2025,LEMON_MERCEDES_EQB350_2025,EQB350 Electric,Electric,EQB350 = 288hp dual motor [CDEQB]
39186,Mercedes,EQB250+,2025,LEMON_MERCEDES_EQB250+_2025,EQB250+ Electric,Electric,EQB250+ = 190hp single motor FWD [CDEQB]
39187,Mercedes,G63,2025,LEMON_MERCEDES_G63_2025,M177.980,,G63 2020+ = M177 4.0TT 577hp [WIKIG]
39188,Mercedes,GLA250,2025,LEMON_MERCEDES_GLA250_2025,M260 2.0T,,H247 GLA250 = M260 2.0T 221hp [M260GUIDE]
39189,Mercedes,GLA35,2025,LEMON_MERCEDES_GLA35_2025,M260 AMG (35),,GLA35 = M260 AMG 302hp [M260GUIDE]
39190,Mercedes,GLB35,2025,LEMON_MERCEDES_GLB35_2025,M260 AMG (35),,GLB35 = M260 AMG 302hp [M260GUIDE]
39191,Mercedes,GLB250,2025,LEMON_MERCEDES_GLB250_2025,M260 2.0T,,X247 GLB250 = M260 2.0T 221hp [M260GUIDE]
39192,Mercedes,GLC300,2025,LEMON_MERCEDES_GLC300_2025,M254 2.0T,,X254 GLC300 = M254 2.0T 255hp [BAVDISM family]
39193,Mercedes,GLE350,2025,LEMON_MERCEDES_GLE350_2025,M264 2.0T,,W167 GLE350 = M264 2.0T 255hp [WIKIGLE W167]
39194,Mercedes,GLE450,2025,LEMON_MERCEDES_GLE450_2025,M256 3.0 I6 Turbo,,W167 GLE450 = M256 I6 362hp [MOTOREV]
39195,Mercedes,GLE580,2025,LEMON_MERCEDES_GLE580_2025,M176 4.0 V8 BiTurbo,,W167 GLE580 = M176 4.0TT 510hp [WIKIG family]
39196,Mercedes,GLE53,2025,LEMON_MERCEDES_GLE53_2025,M256 AMG (53),,W167 GLE53 = M256 429hp [MOTOREV]
39197,Mercedes,GLE63,2025,LEMON_MERCEDES_GLE63_2025,M177.980,,W167 GLE63 = M177 4.0TT [WIKIGLE family]
39198,Mercedes,GLS63,2025,LEMON_MERCEDES_GLS63_2025,M177.980,,X167 GLS63 = M177 4.0TT [WIKIG family]
39199,Mercedes,GLS450,2025,LEMON_MERCEDES_GLS450_2025,M256 3.0 I6 Turbo,,X167 GLS450 = M256 362hp [WIKIGLE family]
39200,Mercedes,GLS580,2025,LEMON_MERCEDES_GLS580_2025,M176 4.0 V8 BiTurbo,,X167 GLS580 = M176 4.0TT [WIKIG family]
39201,Mercedes,S500,2025,LEMON_MERCEDES_S500_2025,M256 AMG (53),,W223 S500 = M256 I6 TT 429hp [CARBUZZS]
39202,Mercedes,S580,2025,LEMON_MERCEDES_S580_2025,M176 4.0 V8 BiTurbo,,W223 S580 = M176 4.0TT 496hp [CARBUZZS]
39203,Mercedes,SL43,2025,LEMON_MERCEDES_SL43_2025,M139 43-series,,R232 SL43 = M139 e-turbo 375hp [WIKIAMGGT family]
39204,Mercedes,S580e,2025,LEMON_MERCEDES_S580E_2025,M256 3.0 I6 Turbo,Hybrid,"W223 S580e = M256 PHEV (mapped to M256 family, PHEV tune) [HANDW222 family]"
39205,Mercedes,SL63,2025,LEMON_MERCEDES_SL63_2025,M177.980,,R232 SL63 = M177 4.0TT 577hp [WIKIAMGGT family]
39206,Mercedes,SL55,2025,LEMON_MERCEDES_SL55_2025,M177.980,,R232 SL55 = M177 4.0TT 469hp [WIKIAMGGT family]
