table,ref,action,old,new,note
engines,F4R874,STRIP_MARKER,2.0 16V (corr.),2.0 16V,provenance stays in data_confidence=OEM_VERIFIED
engines,K4M866,STRIP_MARKER,1.6 (corr.),1.6,provenance stays in data_confidence=OEM_VERIFIED
engines,K4M858,STRIP_MARKER,1.6 (corr.),1.6,provenance stays in data_confidence=OEM_VERIFIED
engines,M4R711,REBUILD,2 (est.),2.0 L Petrol,descriptor carried no engine information
engines,M4RF713,REBUILD,2 (est.),2.0 L Petrol,descriptor carried no engine information
engines,M4R713,REBUILD,2 (est.),2.0 L Petrol,descriptor carried no engine information
engines,JQDB,STRIP_MARKER,1.6 Ti (corr.),1.6 Ti,provenance stays in data_confidence=TRUSTED_AFTERMARKET
engines,JTDA,STRIP_MARKER,1.6 Ti (corr.),1.6 Ti,provenance stays in data_confidence=ESTIMATE
engines,JTDB,STRIP_MARKER,1.6 Ti (corr.),1.6 Ti,provenance stays in data_confidence=ESTIMATE
engines,K9KG832,STRIP_MARKER,1.5 dCi (corr.),1.5 dCi,provenance stays in data_confidence=TRUSTED_AFTERMARKET
engines,K9K836,STRIP_MARKER,1.5 dCi (corr.),1.5 dCi,provenance stays in data_confidence=TRUSTED_AFTERMARKET
engines,K9K846,STRIP_MARKER,1.5 dCi (corr.),1.5 dCi,provenance stays in data_confidence=TRUSTED_AFTERMARKET
engines,F8CV,STRIP_MARKER,0.8 (corr.),0.8,provenance stays in data_confidence=ESTIMATE
engines,B10S1,STRIP_MARKER,1.0 (corr.),1.0,provenance stays in data_confidence=TRUSTED_AFTERMARKET
engines,EP6CDT,STRIP_MARKER,1.6 VTi (corr.),1.6 VTi,provenance stays in data_confidence=ESTIMATE
engines,5ZR-FXE,STRIP_MARKER,1.8 (est.),1.8,provenance stays in data_confidence=ESTIMATE
engines,30DDTX,REBUILD,3 (est.),3.0 L Diesel,descriptor carried no engine information
engines,M15A,REBUILD,Make centre right seat functional,1.5 L Petrol,descriptor carried no engine information
engines,Y4F1,SKIP_NO_DATA,"Permanent-magnet synchronous traction motor (i-MiEV: 47 kW/64PS JDM, 49 kW/66hp US), 16 kWh pack",,"no displacement recorded, so nothing factual to build from"
engines,M57 D30 (306D3),STRIP_MARKER,530 d (corr.),530 d,provenance stays in data_confidence=OEM_VERIFIED
engines,WLAA,STRIP_MARKER,2.5 D (corr.),2.5 D,provenance stays in data_confidence=ESTIMATE
engines,WEAT,REBUILD,3 (est.),3.0 L Diesel,descriptor carried no engine information
engines,F1CE0441A,REBUILD,3 (est.),3.0 L Petrol,descriptor carried no engine information
engines,MCN.RB,STRIP_MARKER,3.0 D (corr.),3.0 D,provenance stays in data_confidence=TRUSTED_AFTERMARKET
engines,G6BA-Y,STRIP_MARKER,2.7 V6 (corr.),2.7 V6,provenance stays in data_confidence=TRUSTED_AFTERMARKET
engines,DW12BTED4,STRIP_MARKER,2.2 TD4 4x4 (corr.),2.2 TD4 4x4,provenance stays in data_confidence=TRUSTED_AFTERMARKET
engines,N47C16A,REBUILD,One D,1.6 L Diesel (One D),kept the brand's own badge
engines,1AR-FE,REBUILD,NEDCAR,2.7 L Petrol,descriptor carried no engine information
engines,M276.952,STRIP_MARKER,350 (corr.),350,provenance stays in data_confidence=TRUSTED_AFTERMARKET
engines,OM642.853,STRIP_MARKER,C 320 CDI (corr.),C 320 CDI,provenance stays in data_confidence=TRUSTED_AFTERMARKET
engines,N18B16A,REBUILD,Cooper S,1.6 L Petrol (Cooper S),kept the brand's own badge
engines,M271.860,REBUILD,LEMANS,1.8 L Petrol,descriptor carried no engine information
engines,OM642.884,STRIP_MARKER,C 320 CDI (corr.),C 320 CDI,provenance stays in data_confidence=TRUSTED_AFTERMARKET
engines,M113.993,REBUILD,55 AMG (corr.),5.4 L Petrol (55 AMG),kept the brand's own badge
engines,K7J714,STRIP_MARKER,1.4 (corr.),1.4,provenance stays in data_confidence=ESTIMATE
engines,ERB,STRIP_MARKER,3.6 (est.),3.6,provenance stays in data_confidence=ESTIMATE
engines,G4FA-L,REBUILD,Make front left seat functional,1.4 L Petrol,descriptor carried no engine information
engines,M139S,STRIP_MARKER,4.7 (corr.),4.7,provenance stays in data_confidence=TRUSTED_AFTERMARKET
engines,M139L,STRIP_MARKER,4.7 (corr.),4.7,provenance stays in data_confidence=TRUSTED_AFTERMARKET
engines,5FU(EP6CDTX),STRIP_MARKER,1.6 VTi 120 (corr.),1.6 VTi 120,provenance stays in data_confidence=TRUSTED_AFTERMARKET
engines,LDW702,STRIP_MARKER,0.7 (est.),0.7,provenance stays in data_confidence=ESTIMATE
engines,K9K770,STRIP_MARKER,1.5 dCi (corr.),1.5 dCi,provenance stays in data_confidence=TRUSTED_AFTERMARKET
engines,K9K750,STRIP_MARKER,1.5 dCi (corr.),1.5 dCi,provenance stays in data_confidence=TRUSTED_AFTERMARKET
engines,K9K820,STRIP_MARKER,1.5 dCi (corr.),1.5 dCi,provenance stays in data_confidence=TRUSTED_AFTERMARKET
engines,M9R615,STRIP_MARKER,2.0 dCi (corr.),2.0 dCi,provenance stays in data_confidence=TRUSTED_AFTERMARKET
engines,F4R870,STRIP_MARKER,2.0 16V (corr.),2.0 16V,provenance stays in data_confidence=TRUSTED_AFTERMARKET
engines,F4R872,STRIP_MARKER,2.0 16V (corr.),2.0 16V,provenance stays in data_confidence=TRUSTED_AFTERMARKET
engines,N12B16A,REBUILD,Cooper,1.6 L Petrol (Cooper),kept the brand's own badge
engines,K9K894,STRIP_MARKER,1.5 dCi (corr.),1.5 dCi,provenance stays in data_confidence=TRUSTED_AFTERMARKET
engines,K9K898,STRIP_MARKER,1.5 dCi (corr.),1.5 dCi,provenance stays in data_confidence=TRUSTED_AFTERMARKET
engines,CRZA,REBUILD,X3 (E83),2.0 L Petrol,descriptor carried no engine information
engines,OM642.992,STRIP_MARKER,C 320 CDI (corr.),C 320 CDI,provenance stays in data_confidence=TRUSTED_AFTERMARKET
engines,OM642.993,STRIP_MARKER,C 320 CDI (corr.),C 320 CDI,provenance stays in data_confidence=TRUSTED_AFTERMARKET
engines,OM642.896,STRIP_MARKER,C 320 CDI (corr.),C 320 CDI,provenance stays in data_confidence=TRUSTED_AFTERMARKET
engines,OM642.898,STRIP_MARKER,C 320 CDI (corr.),C 320 CDI,provenance stays in data_confidence=TRUSTED_AFTERMARKET
engines,OM651.955,STRIP_MARKER,2.1 (est.),2.1,provenance stays in data_confidence=TRUSTED_AFTERMARKET
engines,OM651.956,STRIP_MARKER,2.1 (est.),2.1,provenance stays in data_confidence=TRUSTED_AFTERMARKET
engines,2NZ-FE,REBUILD,MATERIA (M4_),1.3 L Petrol,descriptor carried no engine information
engines,A22DM,STRIP_MARKER,2.2 (est.),2.2,provenance stays in data_confidence=ESTIMATE
engines,A22DMH,STRIP_MARKER,2.2 (est.),2.2,provenance stays in data_confidence=ESTIMATE
engines,OM642.872,STRIP_MARKER,C 320 CDI (corr.),C 320 CDI,provenance stays in data_confidence=TRUSTED_AFTERMARKET
engines,4HP,STRIP_MARKER,2.2 (est.),2.2,provenance stays in data_confidence=ESTIMATE
engines,4HR,STRIP_MARKER,2.2 (est.),2.2,provenance stays in data_confidence=ESTIMATE
engines,844A2.000,REBUILD,Rear wheelhouse - wheel arch,2.0 L Diesel,descriptor carried no engine information
engines,M9T676,STRIP_MARKER,2.0 GT3 (corr.),2.0 GT3,provenance stays in data_confidence=TRUSTED_AFTERMARKET
engines,M9T670,STRIP_MARKER,2.0 GT3 (corr.),2.0 GT3,provenance stays in data_confidence=TRUSTED_AFTERMARKET
engines,M9T672,STRIP_MARKER,2.0 GT3 (corr.),2.0 GT3,provenance stays in data_confidence=TRUSTED_AFTERMARKET
engines,M9T680,STRIP_MARKER,2.0 GT3 (corr.),2.0 GT3,provenance stays in data_confidence=TRUSTED_AFTERMARKET
engines,M9T678,STRIP_MARKER,2.0 GT3 (corr.),2.0 GT3,provenance stays in data_confidence=TRUSTED_AFTERMARKET
engines,D5204T2,REBUILD,for heater,2.0 L Diesel,descriptor carried no engine information
engines,B4164T,REBUILD,T4,1.6 L Petrol (T4),kept the brand's own badge
engines,B4204T7,REBUILD,T5,2.0 L Petrol (T5),kept the brand's own badge
engines,B6304T4,REBUILD,3 (est.),3.0 L Petrol,descriptor carried no engine information
engines,D5204T5,REBUILD,D3,2.0 L Diesel (D3),kept the brand's own badge
engines,D20DTF,STRIP_MARKER,2.0 Xdi (corr.),2.0 Xdi,provenance stays in data_confidence=TRUSTED_AFTERMARKET
engines,EP6CDTX,STRIP_MARKER,1.6 16V (corr.),1.6 16V,provenance stays in data_confidence=ESTIMATE
engines,K7M800,STRIP_MARKER,1.6 16V (corr.),1.6 16V,provenance stays in data_confidence=ESTIMATE
engines,JTWA,STRIP_MARKER,1.6 Ti (corr.),1.6 Ti,provenance stays in data_confidence=ESTIMATE
engines,JTWB,STRIP_MARKER,1.6 Ti (corr.),1.6 Ti,provenance stays in data_confidence=ESTIMATE
engines,TPWA,STRIP_MARKER,2.0 (corr.),2.0,provenance stays in data_confidence=ESTIMATE
engines,M276.957,STRIP_MARKER,350 (corr.),350,provenance stays in data_confidence=TRUSTED_AFTERMARKET
engines,M276.958,STRIP_MARKER,350 (corr.),350,provenance stays in data_confidence=TRUSTED_AFTERMARKET
engines,JTBA,STRIP_MARKER,1.6 Ti (corr.),1.6 Ti,provenance stays in data_confidence=TRUSTED_AFTERMARKET
engines,HR12DDR,STRIP_MARKER,1.2 (corr.),1.2,provenance stays in data_confidence=ESTIMATE
engines,B3LA,REBUILD,1 (est.),1.0 L Petrol,descriptor carried no engine information
engines,M9R824,REBUILD,Lubricate clutch cable *,2.0 L Diesel,descriptor carried no engine information
engines,M9R846,REBUILD,Lubricate clutch cable *,2.0 L Diesel,descriptor carried no engine information
engines,V9X891,REBUILD,3 (est.),3.0 L Diesel,descriptor carried no engine information
engines,K4M694,STRIP_MARKER,1.6 16V (corr.),1.6 16V,provenance stays in data_confidence=TRUSTED_AFTERMARKET
engines,940A7.000,REBUILD,Rear wheelhouse - wheel arch,2.0 L Diesel,descriptor carried no engine information
engines,EF-VE,STRIP_MARKER,0.7 (est.),0.7,provenance stays in data_confidence=ESTIMATE
engines,M157.980,REBUILD,GAZELLE (corr.),5.5 L Petrol,descriptor carried no engine information
engines,M278.928,STRIP_MARKER,4.7 (est.),4.7,provenance stays in data_confidence=TRUSTED_AFTERMARKET
engines,M157.981,REBUILD,GAZELLE (corr.),5.5 L Petrol,descriptor carried no engine information
engines,M278.922,STRIP_MARKER,4.7 (est.),4.7,provenance stays in data_confidence=TRUSTED_AFTERMARKET
engines,M271.861,STRIP_MARKER,C 180 Kompressor (corr.),C 180 Kompressor,provenance stays in data_confidence=TRUSTED_AFTERMARKET
engines,OM651.912,STRIP_MARKER,2.1 (est.),2.1,provenance stays in data_confidence=TRUSTED_AFTERMARKET
engines,OM642.832,STRIP_MARKER,C 320 CDI (corr.),C 320 CDI,provenance stays in data_confidence=TRUSTED_AFTERMARKET
engines,LK9,STRIP_MARKER,2.0 T (corr.),2.0 T,provenance stays in data_confidence=ESTIMATE
engines,K24A3,STRIP_MARKER,2.4 (corr.),2.4,provenance stays in data_confidence=TRUSTED_AFTERMARKET
engines,CJTA,REBUILD,3 (est.),3.0 L Petrol,descriptor carried no engine information
engines,V4Y713,STRIP_MARKER,3.5 (est.),3.5,provenance stays in data_confidence=ESTIMATE
engines,M278.920,STRIP_MARKER,4.7 (est.),4.7,provenance stays in data_confidence=TRUSTED_AFTERMARKET
engines,LNP,REBUILD,Water tap,2.0 L Diesel,descriptor carried no engine information
engines,M156.985,REBUILD,HHR,6.2 L Petrol,descriptor carried no engine information
engines,LDA3,REBUILD,Rear side wall (corr.),1.3 L Hybrid,descriptor carried no engine information
engines,K10B,STRIP_MARKER,1.0 (corr.),1.0,provenance stays in data_confidence=ESTIMATE
engines,D4F780,REBUILD,BENBEN,1.1 L Petrol,descriptor carried no engine information
engines,D4F782,STRIP_MARKER,1.2 16V (corr.),1.2 16V,provenance stays in data_confidence=TRUSTED_AFTERMARKET
engines,M276.956,REBUILD,MONDEO,3.5 L Petrol,descriptor carried no engine information
engines,D4F712,STRIP_MARKER,1.2 16V (corr.),1.2 16V,provenance stays in data_confidence=TRUSTED_AFTERMARKET
engines,D4F728,STRIP_MARKER,1.2 16V (corr.),1.2 16V,provenance stays in data_confidence=TRUSTED_AFTERMARKET
engines,M157.983,REBUILD,GAZELLE,5.5 L Petrol,descriptor carried no engine information
engines,M278.927,REBUILD,SWIFT,4.7 L Petrol,descriptor carried no engine information
engines,EDG,STRIP_MARKER,2.4 (est.),2.4,provenance stays in data_confidence=ESTIMATE
engines,178F1.011,STRIP_MARKER,1000 (corr.),1000,provenance stays in data_confidence=TRUSTED_AFTERMARKET
engines,178E9.011,REBUILD,"LITEACE Box (CM3_V, KM3_V)",1.2 L Petrol,descriptor carried no engine information
engines,LH2,STRIP_MARKER,4.6 (corr.),4.6,provenance stays in data_confidence=ESTIMATE
engines,B6324S5,STRIP_MARKER,3.2 (corr.),3.2,provenance stays in data_confidence=TRUSTED_AFTERMARKET
engines,FB20,REBUILD,2 (est.),2.0 L Petrol,descriptor carried no engine information
engines,3G83T(SOHC12V),REBUILD,CITY,0.7 L Petrol,descriptor carried no engine information
engines,N52B30BF,STRIP_MARKER,330 i (corr.),330 i,provenance stays in data_confidence=TRUSTED_AFTERMARKET
engines,OM651.961,STRIP_MARKER,2.1 (est.),2.1,provenance stays in data_confidence=TRUSTED_AFTERMARKET
engines,OM642.862,STRIP_MARKER,C 320 CDI (corr.),C 320 CDI,provenance stays in data_confidence=TRUSTED_AFTERMARKET
engines,OM642.868,STRIP_MARKER,C 320 CDI (corr.),C 320 CDI,provenance stays in data_confidence=TRUSTED_AFTERMARKET
engines,M276.950,STRIP_MARKER,350 (corr.),350,provenance stays in data_confidence=TRUSTED_AFTERMARKET
engines,M278.932,REBUILD,CIVIC,4.7 L Petrol,descriptor carried no engine information
engines,G4JS,STRIP_MARKER,2.4 (corr.),2.4,provenance stays in data_confidence=TRUSTED_AFTERMARKET
engines,OM642.850,REBUILD,Glass (corr.),3.0 L Diesel,descriptor carried no engine information
engines,OM642.852,REBUILD,Glass (corr.),3.0 L Diesel,descriptor carried no engine information
engines,M271.820,STRIP_MARKER,C 180 Kompressor (corr.),C 180 Kompressor,provenance stays in data_confidence=TRUSTED_AFTERMARKET
engines,M9T690,STRIP_MARKER,2.0 GT3 (corr.),2.0 GT3,provenance stays in data_confidence=TRUSTED_AFTERMARKET
engines,M9T692,STRIP_MARKER,2.0 GT3 (corr.),2.0 GT3,provenance stays in data_confidence=TRUSTED_AFTERMARKET
engines,M9T698,STRIP_MARKER,2.0 GT3 (corr.),2.0 GT3,provenance stays in data_confidence=TRUSTED_AFTERMARKET
engines,M9T696,STRIP_MARKER,2.0 GT3 (corr.),2.0 GT3,provenance stays in data_confidence=TRUSTED_AFTERMARKET
engines,M9T686,STRIP_MARKER,2.0 GT3 (corr.),2.0 GT3,provenance stays in data_confidence=TRUSTED_AFTERMARKET
engines,M9T694,STRIP_MARKER,2.0 GT3 (corr.),2.0 GT3,provenance stays in data_confidence=TRUSTED_AFTERMARKET
engines,D5244T11,REBUILD,D5,2.4 L Diesel (D5),kept the brand's own badge
engines,D5244T15,REBUILD,D5,2.4 L Diesel (D5),kept the brand's own badge
engines,KFW(TU3A),STRIP_MARKER,1.4 (corr.),1.4,provenance stays in data_confidence=TRUSTED_AFTERMARKET
engines,L15A3,STRIP_MARKER,1.5 (est.),1.5,provenance stays in data_confidence=ESTIMATE
engines,OM651.911,STRIP_MARKER,2.1 (est.),2.1,provenance stays in data_confidence=TRUSTED_AFTERMARKET
engines,OM642.838,STRIP_MARKER,C 320 CDI (corr.),C 320 CDI,provenance stays in data_confidence=TRUSTED_AFTERMARKET
engines,R9M402,STRIP_MARKER,1.6 (est.),1.6,provenance stays in data_confidence=TRUSTED_AFTERMARKET
engines,R9M404,STRIP_MARKER,1.6 (est.),1.6,provenance stays in data_confidence=TRUSTED_AFTERMARKET
engines,4B11T/C,STRIP_MARKER,2.0 (corr.),2.0,provenance stays in data_confidence=TRUSTED_AFTERMARKET
engines,D4FC-M,STRIP_MARKER,1.4 (est.),1.4,provenance stays in data_confidence=TRUSTED_AFTERMARKET
engines,K9K276,STRIP_MARKER,1.5 dCi (corr.),1.5 dCi,provenance stays in data_confidence=TRUSTED_AFTERMARKET
engines,K9K608,STRIP_MARKER,1.5 dCi (corr.),1.5 dCi,provenance stays in data_confidence=TRUSTED_AFTERMARKET
engines,940A8.000,REBUILD,Rear wheelhouse - wheel arch,2.0 L Diesel,descriptor carried no engine information
engines,940B6.000,REBUILD,Rear wheelhouse - wheel arch,2.0 L Diesel,descriptor carried no engine information
engines,K9K800,STRIP_MARKER,1.5 dCi (corr.),1.5 dCi,provenance stays in data_confidence=TRUSTED_AFTERMARKET
engines,K9K808,STRIP_MARKER,1.5 dCi (corr.),1.5 dCi,provenance stays in data_confidence=TRUSTED_AFTERMARKET
engines,K9K802,STRIP_MARKER,1.5 dCi (corr.),1.5 dCi,provenance stays in data_confidence=TRUSTED_AFTERMARKET
engines,M157.985,REBUILD,GAZELLE (corr.),5.5 L Petrol,descriptor carried no engine information
engines,K7M718,STRIP_MARKER,1.6 16V (corr.),1.6 16V,provenance stays in data_confidence=ESTIMATE
engines,K4M696,STRIP_MARKER,1.6 16V (corr.),1.6 16V,provenance stays in data_confidence=TRUSTED_AFTERMARKET
engines,CEPB,REBUILD,Lubrication,2.5 L Petrol,descriptor carried no engine information
engines,D27DTP,STRIP_MARKER,2.7 Xdi (corr.),2.7 Xdi,provenance stays in data_confidence=ESTIMATE
engines,OM642.854,STRIP_MARKER,C 320 CDI (corr.),C 320 CDI,provenance stays in data_confidence=TRUSTED_AFTERMARKET
engines,EXF,REBUILD,3 (est.),3.0 L Diesel,descriptor carried no engine information
engines,N14B16C,REBUILD,Cooper S (corr.),1.6 L Petrol (Cooper S),kept the brand's own badge
engines,KF-DET,REBUILD,CITY,0.7 L Petrol,descriptor carried no engine information
engines,MCR.CB,STRIP_MARKER,3.0 D (corr.),3.0 D,provenance stays in data_confidence=TRUSTED_AFTERMARKET
engines,CMAA,STRIP_MARKER,1.4 TSI (corr.),1.4 TSI,provenance stays in data_confidence=ESTIMATE
engines,CYRB,REBUILD,"A4 (8D2, B5)",2.2 L Diesel,descriptor carried no engine information
engines,CYRC,REBUILD,"A4 (8D2, B5)",2.2 L Diesel,descriptor carried no engine information
engines,A14FC,STRIP_MARKER,1.4 (est.),1.4,provenance stays in data_confidence=TRUSTED_AFTERMARKET
engines,CEUA,REBUILD,"A6 (4A, C4)",4.0 L Petrol,descriptor carried no engine information
engines,CJWE,STRIP_MARKER,3.0 TFSI quattro (corr.),3.0 TFSI quattro,provenance stays in data_confidence=ESTIMATE
engines,CTWB,STRIP_MARKER,3.0 TFSI quattro (corr.),3.0 TFSI quattro,provenance stays in data_confidence=TRUSTED_LEMON
engines,RHK,STRIP_MARKER,2.0 D Multijet (corr.),2.0 D Multijet,provenance stays in data_confidence=TRUSTED_AFTERMARKET
engines,M270.910,STRIP_MARKER,1.6 (est.),1.6,provenance stays in data_confidence=TRUSTED_AFTERMARKET
engines,OM651.901,REBUILD,F50 Coupe (W16_),1.8 L Diesel,descriptor carried no engine information
engines,OM651.960,STRIP_MARKER,2.1 (est.),2.1,provenance stays in data_confidence=TRUSTED_AFTERMARKET
engines,OM642.826,STRIP_MARKER,C 320 CDI (corr.),C 320 CDI,provenance stays in data_confidence=TRUSTED_AFTERMARKET
engines,M276.955,STRIP_MARKER,350 (corr.),350,provenance stays in data_confidence=TRUSTED_AFTERMARKET
engines,OM642.886,STRIP_MARKER,C 320 CDI (corr.),C 320 CDI,provenance stays in data_confidence=TRUSTED_AFTERMARKET
engines,OM642.822,STRIP_MARKER,C 320 CDI (corr.),C 320 CDI,provenance stays in data_confidence=TRUSTED_AFTERMARKET
engines,EYPC,STRIP_MARKER,1.8 16V (corr.),1.8 16V,provenance stays in data_confidence=ESTIMATE
engines,B4164T2,STRIP_MARKER,1.6 (corr.),1.6,provenance stays in data_confidence=TRUSTED_AFTERMARKET
engines,GW25TCI,REBUILD,Tooth System,2.5 L Diesel,descriptor carried no engine information
engines,4G69S4N,REBUILD,FAMILY II,2.4 L Petrol,descriptor carried no engine information
engines,M4R746,REBUILD,2 (est.),2.0 L Petrol,descriptor carried no engine information
engines,OM651.980,REBUILD,COLORADO,2.1 L Diesel,descriptor carried no engine information
engines,LLW,REBUILD,Water tap,2.0 L Diesel,descriptor carried no engine information
engines,L13Z4,REBUILD,KADETT,1.3 L Petrol,descriptor carried no engine information
engines,4G93(DOHC),STRIP_MARKER,1.8 (corr.),1.8,provenance stays in data_confidence=TRUSTED_AFTERMARKET
engines,M272.988,STRIP_MARKER,350 (corr.),350,provenance stays in data_confidence=TRUSTED_AFTERMARKET
engines,OM642.930,REBUILD,TRACKER,3.0 L Diesel,descriptor carried no engine information
engines,448PN,REBUILD,3 - Earthed Electrode,4.4 L Petrol,descriptor carried no engine information
engines,L67,STRIP_MARKER,3.8 (est.),3.8,provenance stays in data_confidence=ESTIMATE
engines,CTPA,STRIP_MARKER,5.2 (est.),5.2,provenance stays in data_confidence=ESTIMATE
engines,YF,REBUILD,2 (est.),2.0 L Petrol,descriptor carried no engine information
engines,M113.985,REBUILD,55 AMG,5.4 L Petrol (55 AMG),kept the brand's own badge
engines,M9T890,STRIP_MARKER,840 i (corr.),840 i,provenance stays in data_confidence=TRUSTED_AFTERMARKET
engines,K3-VE2,STRIP_MARKER,1.3 (corr.),1.3,provenance stays in data_confidence=ESTIMATE
engines,F9Q1,STRIP_MARKER,1.9 DI-D (corr.),1.9 DI-D,provenance stays in data_confidence=TRUSTED_AFTERMARKET
engines,204D3,REBUILD,Plug Housing,2.0 L Diesel,descriptor carried no engine information
engines,M47,REBUILD,Plug Housing,2.0 L Diesel,descriptor carried no engine information
engines,EJ16,REBUILD,VERSAILLES,1.6 L Petrol,descriptor carried no engine information
engines,F4P770,STRIP_MARKER,1.8 16V (corr.),1.8 16V,provenance stays in data_confidence=TRUSTED_AFTERMARKET
engines,F4P774,STRIP_MARKER,1.8 16V (corr.),1.8 16V,provenance stays in data_confidence=TRUSTED_AFTERMARKET
engines,F4P772,STRIP_MARKER,1.8 16V (corr.),1.8 16V,provenance stays in data_confidence=TRUSTED_AFTERMARKET
engines,L7X731,STRIP_MARKER,2.9 (est.),2.9,provenance stays in data_confidence=ESTIMATE
engines,4G93(GDI),STRIP_MARKER,1.8 (corr.),1.8,provenance stays in data_confidence=TRUSTED_AFTERMARKET
engines,H5F400,STRIP_MARKER,1.2 (est.),1.2,provenance stays in data_confidence=ESTIMATE
engines,AJ-V6,STRIP_MARKER,3.0 (corr.),3.0,provenance stays in data_confidence=ESTIMATE
engines,B5254T4,REBUILD,WINSTORM,2.5 L Petrol,descriptor carried no engine information
engines,OM660DE8LA,REBUILD,ZEPHYR,0.8 L Diesel,descriptor carried no engine information
engines,OM660.940,REBUILD,ZEPHYR,0.8 L Diesel,descriptor carried no engine information
engines,M160E6ALB05,REBUILD,GRAND MARQUIS,0.6 L Petrol,descriptor carried no engine information
engines,F4R722,STRIP_MARKER,2.0 16V (corr.),2.0 16V,provenance stays in data_confidence=TRUSTED_AFTERMARKET
engines,F23A1,REBUILD,G6,2.3 L Petrol,descriptor carried no engine information
engines,F23Z5,REBUILD,G6,2.3 L Petrol,descriptor carried no engine information
engines,W10B16A,REBUILD,One,1.6 L Petrol (One),kept the brand's own badge
engines,F1AE3481G,STRIP_MARKER,"120 Multijet 2,3 D (corr.)","120 Multijet 2,3 D",provenance stays in data_confidence=TRUSTED_AFTERMARKET
engines,RHW,REBUILD,2 (est.),2.0 L Diesel,descriptor carried no engine information
engines,B5244SG2,STRIP_MARKER,2.4 (corr.),2.4,provenance stays in data_confidence=TRUSTED_AFTERMARKET
engines,B5244SG,STRIP_MARKER,2.4 (corr.),2.4,provenance stays in data_confidence=TRUSTED_AFTERMARKET
engines,D17A6,REBUILD,ODYSSEY (RA_),1.7 L Petrol,descriptor carried no engine information
engines,D4F714,STRIP_MARKER,1.2 16V (corr.),1.2 16V,provenance stays in data_confidence=TRUSTED_AFTERMARKET
engines,D4F722,STRIP_MARKER,1.2 16V (corr.),1.2 16V,provenance stays in data_confidence=TRUSTED_AFTERMARKET
engines,M166.961,STRIP_MARKER,1.6 (est.),1.6,provenance stays in data_confidence=TRUSTED_AFTERMARKET
engines,ED1,STRIP_MARKER,2.4 (est.),2.4,provenance stays in data_confidence=ESTIMATE
engines,M166.990,REBUILD,SILVIA Coupe,1.9 L Petrol,descriptor carried no engine information
engines,M137.980,REBUILD,S 63 AMG,6.3 L Petrol (S 63 AMG),kept the brand's own badge
engines,V4Y701,STRIP_MARKER,3.5 (est.),3.5,provenance stays in data_confidence=ESTIMATE
engines,V4Y711,STRIP_MARKER,3.5 (est.),3.5,provenance stays in data_confidence=ESTIMATE
engines,G9T703,STRIP_MARKER,2.2 dCi (corr.),2.2 dCi,provenance stays in data_confidence=TRUSTED_AFTERMARKET
engines,4G63(DOHC16V),STRIP_MARKER,2.0 (corr.),2.0,provenance stays in data_confidence=TRUSTED_AFTERMARKET
engines,4G63(SOHC16V),STRIP_MARKER,2.0 (corr.),2.0,provenance stays in data_confidence=TRUSTED_AFTERMARKET
engines,306D1,REBUILD,Release Fork,2.9 L Diesel,descriptor carried no engine information
engines,OM651.957,REBUILD,without tensioner pulley damper,2.1 L Diesel,descriptor carried no engine information
engines,F9Q754,STRIP_MARKER,1.9 dCi (corr.),1.9 dCi,provenance stays in data_confidence=TRUSTED_AFTERMARKET
engines,W11B16A,REBUILD,Cooper S,1.6 L Petrol (Cooper S),kept the brand's own badge
engines,N14B16A,REBUILD,Cooper S,1.6 L Petrol (Cooper S),kept the brand's own badge
engines,M160.910,STRIP_MARKER,0.6 (est.),0.6,provenance stays in data_confidence=TRUSTED_AFTERMARKET
engines,M285.950,STRIP_MARKER,5.5 (est.),5.5,provenance stays in data_confidence=ESTIMATE
engines,F4R794,STRIP_MARKER,2.0 16V (corr.),2.0 16V,provenance stays in data_confidence=TRUSTED_AFTERMARKET
engines,F4R795,STRIP_MARKER,2.0 16V (corr.),2.0 16V,provenance stays in data_confidence=TRUSTED_AFTERMARKET
engines,F4R797,STRIP_MARKER,2.0 16V (corr.),2.0 16V,provenance stays in data_confidence=TRUSTED_AFTERMARKET
engines,F4R796,STRIP_MARKER,2.0 16V (corr.),2.0 16V,provenance stays in data_confidence=TRUSTED_AFTERMARKET
engines,G9T742,STRIP_MARKER,2.2 dCi (corr.),2.2 dCi,provenance stays in data_confidence=TRUSTED_AFTERMARKET
engines,G9T743,STRIP_MARKER,2.2 dCi (corr.),2.2 dCi,provenance stays in data_confidence=TRUSTED_AFTERMARKET
engines,4D56T,STRIP_MARKER,2.5 TD (corr.),2.5 TD,provenance stays in data_confidence=TRUSTED_AFTERMARKET
engines,P7PA,REBUILD,Fording Ability,1.8 L Diesel,descriptor carried no engine information
engines,P7PB,REBUILD,Fording Ability,1.8 L Diesel,descriptor carried no engine information
engines,R2PA,REBUILD,Fording Ability,1.8 L Diesel,descriptor carried no engine information
engines,M157.982,REBUILD,MERRIE,5.5 L Petrol,descriptor carried no engine information
engines,V4Y715,STRIP_MARKER,3.5 (est.),3.5,provenance stays in data_confidence=ESTIMATE
engines,P9X715,REBUILD,3 (est.),3.0 L Diesel,descriptor carried no engine information
engines,F4R790,STRIP_MARKER,2.0 16V (corr.),2.0 16V,provenance stays in data_confidence=TRUSTED_AFTERMARKET
engines,F4R792,STRIP_MARKER,2.0 16V (corr.),2.0 16V,provenance stays in data_confidence=TRUSTED_AFTERMARKET
engines,M160.922,REBUILD,EASTAR A6,0.7 L Petrol,descriptor carried no engine information
engines,M276.954,STRIP_MARKER,350 (corr.),350,provenance stays in data_confidence=TRUSTED_AFTERMARKET
engines,D20DTR,STRIP_MARKER,2.0 Xdi (corr.),2.0 Xdi,provenance stays in data_confidence=TRUSTED_AFTERMARKET
engines,K20A6,REBUILD,QQ6,2.0 L Petrol,descriptor carried no engine information
engines,L7X762,STRIP_MARKER,2.9 (est.),2.9,provenance stays in data_confidence=ESTIMATE
engines,1ND,REBUILD,One D,1.4 L Diesel (One D),kept the brand's own badge
engines,M160.921,REBUILD,YAKU,0.7 L Petrol,descriptor carried no engine information
engines,F4R771,REBUILD,Repair clutch master cylinder *,2.0 L Petrol,descriptor carried no engine information
engines,K4M761,STRIP_MARKER,1.6 (corr.),1.6,provenance stays in data_confidence=TRUSTED_AFTERMARKET
engines,K4M782,STRIP_MARKER,1.6 (corr.),1.6,provenance stays in data_confidence=TRUSTED_AFTERMARKET
engines,K4J770,STRIP_MARKER,1.4 (corr.),1.4,provenance stays in data_confidence=ESTIMATE
engines,JB,STRIP_MARKER,0.7 (corr.),0.7,provenance stays in data_confidence=ESTIMATE
engines,JB-DET,STRIP_MARKER,0.7 (corr.),0.7,provenance stays in data_confidence=ESTIMATE
engines,LDA2,REBUILD,Rear side wall,1.3 L Hybrid,descriptor carried no engine information
engines,M135.950,STRIP_MARKER,1.5 (est.),1.5,provenance stays in data_confidence=TRUSTED_AFTERMARKET
engines,B5254T3,REBUILD,T5,2.5 L Petrol (T5),kept the brand's own badge
engines,EWC,REBUILD,SRT-10,8.3 L Petrol,descriptor carried no engine information
engines,BAT,REBUILD,FUTURA (BA_D),4.2 L Petrol,descriptor carried no engine information
engines,N45B16A,STRIP_MARKER,316 i (corr.),316 i,provenance stays in data_confidence=TRUSTED_AFTERMARKET
engines,N43B16A,STRIP_MARKER,316 i (corr.),316 i,provenance stays in data_confidence=TRUSTED_AFTERMARKET
engines,N47D20A,STRIP_MARKER,320 d (corr.),320 d,provenance stays in data_confidence=TRUSTED_AFTERMARKET
engines,M272.964,STRIP_MARKER,350 (corr.),350,provenance stays in data_confidence=TRUSTED_AFTERMARKET
engines,M155.980,REBUILD,WUNDERFUL RICH,5.4 L Petrol,descriptor carried no engine information
engines,F9Q664,STRIP_MARKER,1.9 dCi (corr.),1.9 dCi,provenance stays in data_confidence=TRUSTED_AFTERMARKET
engines,S85B50A,REBUILD,M,5.0 L Petrol,descriptor carried no engine information
engines,M57D30(306D4),STRIP_MARKER,530 d (corr.),530 d,provenance stays in data_confidence=TRUSTED_AFTERMARKET
engines,D4F740,STRIP_MARKER,1.2 16V (corr.),1.2 16V,provenance stays in data_confidence=TRUSTED_AFTERMARKET
engines,K4M794,REBUILD,Repair fuel distributor/rail *,1.6 L Petrol,descriptor carried no engine information
engines,K4M800,REBUILD,Repair fuel distributor/rail,1.6 L Petrol,descriptor carried no engine information
engines,K4M801,REBUILD,Repair fuel distributor/rail,1.6 L Petrol,descriptor carried no engine information
engines,K4M790,REBUILD,Repair fuel distributor/rail,1.6 L Petrol,descriptor carried no engine information
engines,K4M791,REBUILD,Repair fuel distributor/rail,1.6 L Petrol,descriptor carried no engine information
engines,K9K768,STRIP_MARKER,1.5 dCi (corr.),1.5 dCi,provenance stays in data_confidence=TRUSTED_AFTERMARKET
engines,K9K762,STRIP_MARKER,1.5 dCi (corr.),1.5 dCi,provenance stays in data_confidence=TRUSTED_AFTERMARKET
engines,K9K766,STRIP_MARKER,1.5 dCi (corr.),1.5 dCi,provenance stays in data_confidence=TRUSTED_AFTERMARKET
engines,K9K760,STRIP_MARKER,1.5 dCi (corr.),1.5 dCi,provenance stays in data_confidence=TRUSTED_AFTERMARKET
engines,G9T600,STRIP_MARKER,2.2 dCi (corr.),2.2 dCi,provenance stays in data_confidence=TRUSTED_AFTERMARKET
engines,G9T606,STRIP_MARKER,2.2 dCi (corr.),2.2 dCi,provenance stays in data_confidence=TRUSTED_AFTERMARKET
engines,G9T607,STRIP_MARKER,2.2 dCi (corr.),2.2 dCi,provenance stays in data_confidence=TRUSTED_AFTERMARKET
engines,6G72(DOHC24V),STRIP_MARKER,3.0 (corr.),3.0,provenance stays in data_confidence=TRUSTED_AFTERMARKET
engines,K4J780,REBUILD,MINI WAGON,1.4 L Petrol,descriptor carried no engine information
engines,N52B30B,STRIP_MARKER,330 i (corr.),330 i,provenance stays in data_confidence=TRUSTED_AFTERMARKET
engines,F9Q758,STRIP_MARKER,1.9 dCi (corr.),1.9 dCi,provenance stays in data_confidence=TRUSTED_AFTERMARKET
engines,4G63T(DOHC16V),REBUILD,5 SERIES (corr.),2.0 L Petrol,descriptor carried no engine information
engines,F9Q759,STRIP_MARKER,1.9 dCi (corr.),1.9 dCi,provenance stays in data_confidence=TRUSTED_AFTERMARKET
engines,F4R897,REBUILD,Repair clutch master cylinder,2.0 L Petrol,descriptor carried no engine information
engines,F4R896,REBUILD,Repair clutch master cylinder,2.0 L Petrol,descriptor carried no engine information
engines,K4M716,STRIP_MARKER,1.6 (corr.),1.6,provenance stays in data_confidence=TRUSTED_AFTERMARKET
engines,M272.940,STRIP_MARKER,300 SL (corr.),300 SL,provenance stays in data_confidence=TRUSTED_AFTERMARKET
engines,K9K724,STRIP_MARKER,1.5 dCi (corr.),1.5 dCi,provenance stays in data_confidence=TRUSTED_AFTERMARKET
engines,K9KP732,STRIP_MARKER,1.5 dCi (corr.),1.5 dCi,provenance stays in data_confidence=TRUSTED_AFTERMARKET
engines,K9K732,STRIP_MARKER,1.5 dCi (corr.),1.5 dCi,provenance stays in data_confidence=TRUSTED_AFTERMARKET
engines,F9QJ803,STRIP_MARKER,1.9 dCi (corr.),1.9 dCi,provenance stays in data_confidence=TRUSTED_AFTERMARKET
engines,F9Q804,STRIP_MARKER,1.9 dCi (corr.),1.9 dCi,provenance stays in data_confidence=TRUSTED_AFTERMARKET
engines,F9Q816,STRIP_MARKER,1.9 dCi (corr.),1.9 dCi,provenance stays in data_confidence=TRUSTED_AFTERMARKET
engines,K9K790,STRIP_MARKER,1.5 dCi (corr.),1.5 dCi,provenance stays in data_confidence=TRUSTED_AFTERMARKET
engines,F9QE804,STRIP_MARKER,1.9 dCi (corr.),1.9 dCi,provenance stays in data_confidence=TRUSTED_AFTERMARKET
engines,F9QEE804,STRIP_MARKER,1.9 dCi (corr.),1.9 dCi,provenance stays in data_confidence=TRUSTED_AFTERMARKET
engines,M9R740,STRIP_MARKER,2.0 dCi (corr.),2.0 dCi,provenance stays in data_confidence=TRUSTED_AFTERMARKET
engines,M9R700,STRIP_MARKER,2.0 dCi (corr.),2.0 dCi,provenance stays in data_confidence=TRUSTED_AFTERMARKET
engines,K4M804,STRIP_MARKER,1.6 (corr.),1.6,provenance stays in data_confidence=TRUSTED_AFTERMARKET
engines,OM642.950,STRIP_MARKER,C 320 CDI (corr.),C 320 CDI,provenance stays in data_confidence=TRUSTED_AFTERMARKET
engines,EJ204,STRIP_MARKER,2.0 WRX STi AWD (corr.),2.0 WRX STi AWD,provenance stays in data_confidence=TRUSTED_AFTERMARKET
engines,L3KG,STRIP_MARKER,2.3 (corr.),2.3,provenance stays in data_confidence=ESTIMATE
engines,M134.911,REBUILD,XINKAPIKA,1.1 L Petrol,descriptor carried no engine information
engines,M273.923,STRIP_MARKER,4.7 (est.),4.7,provenance stays in data_confidence=TRUSTED_AFTERMARKET
engines,M273.963,REBUILD,GAZELLE (corr.),5.5 L Petrol,descriptor carried no engine information
engines,OM629.912,REBUILD,4 (est.),4.0 L Diesel,descriptor carried no engine information
engines,M9R760,STRIP_MARKER,2.0 dCi (corr.),2.0 dCi,provenance stays in data_confidence=TRUSTED_AFTERMARKET
engines,M9R750,STRIP_MARKER,2.0 dCi (corr.),2.0 dCi,provenance stays in data_confidence=TRUSTED_AFTERMARKET
engines,M9R815,STRIP_MARKER,2.0 dCi (corr.),2.0 dCi,provenance stays in data_confidence=TRUSTED_AFTERMARKET
engines,841P.000,STRIP_MARKER,2.4 JTD (corr.),2.4 JTD,provenance stays in data_confidence=ESTIMATE
engines,M113.995,REBUILD,55 AMG,5.4 L Petrol (55 AMG),kept the brand's own badge
engines,M9R722,STRIP_MARKER,2.0 dCi (corr.),2.0 dCi,provenance stays in data_confidence=TRUSTED_AFTERMARKET
engines,M272.979,STRIP_MARKER,350 (corr.),350,provenance stays in data_confidence=TRUSTED_AFTERMARKET
engines,OM646.984,STRIP_MARKER,C 220 CDI (corr.),C 220 CDI,provenance stays in data_confidence=TRUSTED_AFTERMARKET
engines,OM646.985,STRIP_MARKER,C 220 CDI (corr.),C 220 CDI,provenance stays in data_confidence=TRUSTED_AFTERMARKET
engines,OM646.986,STRIP_MARKER,C 220 CDI (corr.),C 220 CDI,provenance stays in data_confidence=TRUSTED_AFTERMARKET
engines,OM646.990,STRIP_MARKER,C 220 CDI (corr.),C 220 CDI,provenance stays in data_confidence=TRUSTED_AFTERMARKET
engines,OM646.989,STRIP_MARKER,C 220 CDI (corr.),C 220 CDI,provenance stays in data_confidence=TRUSTED_AFTERMARKET
engines,G9T645,STRIP_MARKER,2.2 dCi (corr.),2.2 dCi,provenance stays in data_confidence=TRUSTED_AFTERMARKET
engines,10HM,REBUILD,CONTOUR,3.2 L Petrol,descriptor carried no engine information
engines,M273.922,REBUILD,JMC JEEP Pickup,4.7 L Petrol,descriptor carried no engine information
engines,M272.985,STRIP_MARKER,350 (corr.),350,provenance stays in data_confidence=TRUSTED_AFTERMARKET
engines,M273.960,REBUILD,GAZELLE (corr.),5.5 L Petrol,descriptor carried no engine information
engines,M156.983,REBUILD,HHR (corr.),6.2 L Petrol,descriptor carried no engine information
engines,RHJ(DW10BTED4),STRIP_MARKER,2.0 HDi (corr.),2.0 HDi,provenance stays in data_confidence=ESTIMATE
engines,ERZ,STRIP_MARKER,2.4 (est.),2.4,provenance stays in data_confidence=ESTIMATE
engines,ECE,REBUILD,2 (est.),2.0 L Diesel,descriptor carried no engine information
engines,3CG401,SKIP_NO_DATA,80,,"no displacement recorded, so nothing factual to build from"
engines,OM642.932,STRIP_MARKER,C 320 CDI (corr.),C 320 CDI,provenance stays in data_confidence=TRUSTED_AFTERMARKET
engines,OM629.911,REBUILD,BJ20,4.0 L Diesel,descriptor carried no engine information
engines,M273.968,REBUILD,GAZELLE (corr.),5.5 L Petrol,descriptor carried no engine information
engines,M9R782,STRIP_MARKER,2.0 dCi (corr.),2.0 dCi,provenance stays in data_confidence=TRUSTED_AFTERMARKET
engines,M9R780,STRIP_MARKER,2.0 dCi (corr.),2.0 dCi,provenance stays in data_confidence=TRUSTED_AFTERMARKET
engines,M9R786,STRIP_MARKER,2.0 dCi (corr.),2.0 dCi,provenance stays in data_confidence=TRUSTED_AFTERMARKET
engines,M9R692,STRIP_MARKER,2.0 dCi (corr.),2.0 dCi,provenance stays in data_confidence=TRUSTED_AFTERMARKET
engines,M9R630,STRIP_MARKER,2.0 dCi (corr.),2.0 dCi,provenance stays in data_confidence=TRUSTED_AFTERMARKET
engines,K9K792,STRIP_MARKER,2.0 -16 (corr.),2.0 -16,provenance stays in data_confidence=TRUSTED_AFTERMARKET
engines,M156.984,REBUILD,SPEEDY,6.2 L Petrol,descriptor carried no engine information
engines,9HM(DV6UC),STRIP_MARKER,1.6 HDi (corr.),1.6 HDi,provenance stays in data_confidence=ESTIMATE
engines,C35A8,STRIP_MARKER,3.5 (corr.),3.5,provenance stays in data_confidence=ESTIMATE
engines,OM642.970,STRIP_MARKER,C 320 CDI (corr.),C 320 CDI,provenance stays in data_confidence=TRUSTED_AFTERMARKET
engines,S50B32(326S4),REBUILD,M,3.2 L Petrol,descriptor carried no engine information
engines,K24A2,STRIP_MARKER,2.4 (corr.),2.4,provenance stays in data_confidence=TRUSTED_AFTERMARKET
engines,J30A2,STRIP_MARKER,3.0 (corr.),3.0,provenance stays in data_confidence=ESTIMATE
engines,EJ205P,STRIP_MARKER,2.0 (corr.),2.0,provenance stays in data_confidence=TRUSTED_AFTERMARKET
engines,LFZ(XU7JP),STRIP_MARKER,1.8 i (corr.),1.8 i,provenance stays in data_confidence=TRUSTED_AFTERMARKET
engines,D16AA,REBUILD,Sandblast Cabinet,1.6 L Diesel,descriptor carried no engine information
engines,B5234T7,STRIP_MARKER,2.3 (corr.),2.3,provenance stays in data_confidence=TRUSTED_AFTERMARKET
engines,B5234T8,STRIP_MARKER,2.3 (corr.),2.3,provenance stays in data_confidence=TRUSTED_AFTERMARKET
engines,A16SMS,STRIP_MARKER,1.6 16V (corr.),1.6 16V,provenance stays in data_confidence=TRUSTED_AFTERMARKET
engines,L59,STRIP_MARKER,5.3 (corr.),5.3,provenance stays in data_confidence=ESTIMATE
engines,M161.974,STRIP_MARKER,2.3 (corr.),2.3,provenance stays in data_confidence=TRUSTED_AFTERMARKET
engines,FE(8V),STRIP_MARKER,2.0 (corr.),2.0,provenance stays in data_confidence=ESTIMATE
engines,FET,STRIP_MARKER,2.0 (corr.),2.0,provenance stays in data_confidence=ESTIMATE
engines,SHY1,STRIP_MARKER,2.2 D (corr.),2.2 D,provenance stays in data_confidence=ESTIMATE
engines,PEY7,STRIP_MARKER,2.0 (corr.),2.0,provenance stays in data_confidence=ESTIMATE
engines,PEY6,STRIP_MARKER,2.0 (corr.),2.0,provenance stays in data_confidence=ESTIMATE
engines,ZM40,STRIP_MARKER,1.6 (corr.),1.6,provenance stays in data_confidence=ESTIMATE
engines,ZM39,STRIP_MARKER,1.6 (corr.),1.6,provenance stays in data_confidence=ESTIMATE
engines,FPE5,STRIP_MARKER,1.8 (corr.),1.8,provenance stays in data_confidence=ESTIMATE
engines,FS7T,STRIP_MARKER,2.0 (corr.),2.0,provenance stays in data_confidence=ESTIMATE
engines,4YE,STRIP_MARKER,2.2 (corr.),2.2,provenance stays in data_confidence=ESTIMATE
engines,U25/673,STRIP_MARKER,2.5 D (corr.),2.5 D,provenance stays in data_confidence=ESTIMATE
engines,491QE,STRIP_MARKER,2.2 (corr.),2.2,provenance stays in data_confidence=ESTIMATE
engines,4D28,STRIP_MARKER,2.8 D (corr.),2.8 D,provenance stays in data_confidence=ESTIMATE
engines,4GZ4,REBUILD,FAMILY II,2.4 L Petrol,descriptor carried no engine information
engines,LN3,STRIP_MARKER,3.8 (est.),3.8,provenance stays in data_confidence=ESTIMATE
engines,GW28TC2,STRIP_MARKER,2.8 (est.),2.8,provenance stays in data_confidence=TRUSTED_AFTERMARKET
engines,E07Z,STRIP_MARKER,0.7 (corr.),0.7,provenance stays in data_confidence=ESTIMATE
engines,KA20A,STRIP_MARKER,2.0 (corr.),2.0,provenance stays in data_confidence=TRUSTED_AFTERMARKET
engines,KA24A,STRIP_MARKER,2.4 (est.),2.4,provenance stays in data_confidence=TRUSTED_AFTERMARKET
engines,J35A1,REBUILD,CORVETTE (corr.),3.5 L Petrol,descriptor carried no engine information
engines,K20A,REBUILD,2 (est.),2.0 L Petrol,descriptor carried no engine information
engines,SZ26DI,STRIP_MARKER,2.6 (est.),2.6,provenance stays in data_confidence=ESTIMATE
engines,LB7,STRIP_MARKER,6.6 (est.),6.6,provenance stays in data_confidence=ESTIMATE
engines,M270.920,REBUILD,2 (est.),2.0 L Petrol,descriptor carried no engine information
engines,N12B14A,REBUILD,One,1.4 L Petrol (One),kept the brand's own badge
engines,M9R802,STRIP_MARKER,2.0 dCi (corr.),2.0 dCi,provenance stays in data_confidence=TRUSTED_AFTERMARKET
engines,N54B30B,REBUILD,at Spring Eye (corr.),3.0 L Petrol,descriptor carried no engine information
engines,M4R700,REBUILD,2 (est.),2.0 L Petrol,descriptor carried no engine information
engines,M4R701,REBUILD,2 (est.),2.0 L Petrol,descriptor carried no engine information
engines,S65B40A,REBUILD,M,4.0 L Petrol,descriptor carried no engine information
engines,D4F784,STRIP_MARKER,1.2 16V (corr.),1.2 16V,provenance stays in data_confidence=TRUSTED_AFTERMARKET
engines,M273.967,REBUILD,GAZELLE (corr.),5.5 L Petrol,descriptor carried no engine information
engines,L3-VDT,STRIP_MARKER,2.3 (corr.),2.3,provenance stays in data_confidence=TRUSTED_AFTERMARKET
engines,L3N9,STRIP_MARKER,2.3 (corr.),2.3,provenance stays in data_confidence=ESTIMATE
engines,G13BA,STRIP_MARKER,1.3 (corr.),1.3,provenance stays in data_confidence=ESTIMATE
engines,M4R704,STRIP_MARKER,2.0 16V (corr.),2.0 16V,provenance stays in data_confidence=TRUSTED_AFTERMARKET
engines,K9K780,STRIP_MARKER,1.5 dCi (corr.),1.5 dCi,provenance stays in data_confidence=TRUSTED_AFTERMARKET
engines,M9R742,STRIP_MARKER,2.0 dCi (corr.),2.0 dCi,provenance stays in data_confidence=TRUSTED_AFTERMARKET
engines,M9R744,STRIP_MARKER,2.0 dCi (corr.),2.0 dCi,provenance stays in data_confidence=TRUSTED_AFTERMARKET
engines,M9R805,REBUILD,Lubricate clutch pedal bearing *,2.0 L Diesel,descriptor carried no engine information
engines,M9R814,REBUILD,Lubricate clutch pedal bearing *,2.0 L Diesel,descriptor carried no engine information
engines,N47D20B,STRIP_MARKER,320 d (corr.),320 d,provenance stays in data_confidence=TRUSTED_AFTERMARKET
engines,K4M830,STRIP_MARKER,1.6 (corr.),1.6,provenance stays in data_confidence=TRUSTED_AFTERMARKET
engines,K4M831,STRIP_MARKER,1.6 (corr.),1.6,provenance stays in data_confidence=TRUSTED_AFTERMARKET
engines,D4F772,STRIP_MARKER,1.2 16V (corr.),1.2 16V,provenance stays in data_confidence=TRUSTED_AFTERMARKET
engines,110TI,REBUILD,4 (est.),4.0 L Diesel,descriptor carried no engine information
engines,YZ4105ZLQ,STRIP_MARKER,4.1 (est.),4.1,provenance stays in data_confidence=ESTIMATE
engines,4100QB,STRIP_MARKER,3.3 (est.),3.3,provenance stays in data_confidence=ESTIMATE
engines,1ZZ-GE,STRIP_MARKER,1.8 (corr.),1.8,provenance stays in data_confidence=TRUSTED_AFTERMARKET
engines,2UR-FSE,REBUILD,5 (est.),5.0 L Hybrid,descriptor carried no engine information
engines,940B5.000,REBUILD,Rear wheelhouse - wheel arch,2.0 L Diesel,descriptor carried no engine information
engines,EJ251,REBUILD,WINSTORM,2.5 L Petrol,descriptor carried no engine information
engines,M272.922,STRIP_MARKER,C 230 (corr.),C 230,provenance stays in data_confidence=TRUSTED_AFTERMARKET
engines,7K-E,STRIP_MARKER,1.8 (corr.),1.8,provenance stays in data_confidence=ESTIMATE
engines,3S-GTE,STRIP_MARKER,2.0 (corr.),2.0,provenance stays in data_confidence=ESTIMATE
engines,M271.957,STRIP_MARKER,C 180 Kompressor (corr.),C 180 Kompressor,provenance stays in data_confidence=TRUSTED_AFTERMARKET
engines,M272.975,STRIP_MARKER,350 (corr.),350,provenance stays in data_confidence=TRUSTED_AFTERMARKET
engines,M156.981,REBUILD,HHR (corr.),6.2 L Petrol,descriptor carried no engine information
engines,4HN,STRIP_MARKER,2.2 (est.),2.2,provenance stays in data_confidence=TRUSTED_AFTERMARKET
engines,4HK,STRIP_MARKER,2.2 (est.),2.2,provenance stays in data_confidence=TRUSTED_AFTERMARKET
engines,M9R820,STRIP_MARKER,2.0 dCi (corr.),2.0 dCi,provenance stays in data_confidence=TRUSTED_AFTERMARKET
engines,K4M854,STRIP_MARKER,1.6 (corr.),1.6,provenance stays in data_confidence=TRUSTED_AFTERMARKET
engines,M9R832,STRIP_MARKER,2.0 dCi (corr.),2.0 dCi,provenance stays in data_confidence=TRUSTED_AFTERMARKET
engines,M9R855,STRIP_MARKER,2.0 dCi (corr.),2.0 dCi,provenance stays in data_confidence=TRUSTED_AFTERMARKET
engines,M9R856,STRIP_MARKER,2.0 dCi (corr.),2.0 dCi,provenance stays in data_confidence=TRUSTED_AFTERMARKET
engines,M9R865,STRIP_MARKER,2.0 dCi (corr.),2.0 dCi,provenance stays in data_confidence=TRUSTED_AFTERMARKET
engines,M9R866,STRIP_MARKER,2.0 dCi (corr.),2.0 dCi,provenance stays in data_confidence=TRUSTED_AFTERMARKET
engines,M9R862,STRIP_MARKER,2.0 dCi (corr.),2.0 dCi,provenance stays in data_confidence=TRUSTED_AFTERMARKET
engines,L9H,STRIP_MARKER,6.2 (corr.),6.2,provenance stays in data_confidence=ESTIMATE
engines,2ZV604,STRIP_MARKER,2.5 (est.),2.5,provenance stays in data_confidence=ESTIMATE
engines,ED4,REBUILD,Radiator grille touch-up paint (stage 3),2.4 L Petrol,descriptor carried no engine information
engines,L539C,STRIP_MARKER,6.5 (est.),6.5,provenance stays in data_confidence=ESTIMATE
engines,CXXB,STRIP_MARKER,1.6 (est.),1.6,provenance stays in data_confidence=ESTIMATE
engines,CZBA,STRIP_MARKER,1.4 TSI (corr.),1.4 TSI,provenance stays in data_confidence=ESTIMATE
engines,B5204T9,STRIP_MARKER,2.0 (corr.),2.0,provenance stays in data_confidence=TRUSTED_AFTERMARKET
engines,LY2,STRIP_MARKER,4.8 (est.),4.8,provenance stays in data_confidence=ESTIMATE
engines,M278.929,STRIP_MARKER,4.7 (est.),4.7,provenance stays in data_confidence=TRUSTED_AFTERMARKET
engines,M9R800,STRIP_MARKER,2.0 dCi (corr.),2.0 dCi,provenance stays in data_confidence=TRUSTED_AFTERMARKET
engines,M9R809,STRIP_MARKER,2.0 dCi (corr.),2.0 dCi,provenance stays in data_confidence=TRUSTED_AFTERMARKET
engines,V9X791,REBUILD,3 (est.),3.0 L Diesel,descriptor carried no engine information
engines,2TR702,REBUILD,SONICA,2.5 L Petrol,descriptor carried no engine information
engines,2TR700,REBUILD,SONICA,2.5 L Petrol,descriptor carried no engine information
engines,2TR703,REBUILD,SONICA,2.5 L Petrol,descriptor carried no engine information
engines,4G13(12V),REBUILD,GOLF,1.3 L Petrol,descriptor carried no engine information
engines,D5244T9,REBUILD,D5,2.4 L Diesel (D5),kept the brand's own badge
engines,844A1.000,STRIP_MARKER,1.9 JTD (corr.),1.9 JTD,provenance stays in data_confidence=ESTIMATE
engines,BZC,REBUILD,S3 quattro,2.0 L Petrol,descriptor carried no engine information
engines,CDMA,REBUILD,Outer Thread,2.0 L Petrol,descriptor carried no engine information
engines,OM607.951,STRIP_MARKER,1.5 (est.),1.5,provenance stays in data_confidence=TRUSTED_AFTERMARKET
engines,F8Q632,STRIP_MARKER,1.9 dCi (corr.),1.9 dCi,provenance stays in data_confidence=ESTIMATE
engines,BARRA190,STRIP_MARKER,4.0 i (corr.),4.0 i,provenance stays in data_confidence=TRUSTED_AFTERMARKET
engines,BARRA240T,REBUILD,"TRANSIT CONNECT (P65_, P70_, P80_)",4.0 L Petrol,descriptor carried no engine information
engines,BOSS260,REBUILD,KALOS (KLAS),5.4 L Petrol,descriptor carried no engine information
engines,BARRA245T,REBUILD,"TRANSIT CONNECT (P65_, P70_, P80_)",4.0 L Petrol,descriptor carried no engine information
engines,1KZ-T,REBUILD,for vehicles without direct shift gear box,3.0 L Diesel,descriptor carried no engine information
engines,HV,STRIP_MARKER,3.6 (est.),3.6,provenance stays in data_confidence=ESTIMATE
engines,B5204T8,STRIP_MARKER,2.0 (corr.),2.0,provenance stays in data_confidence=TRUSTED_AFTERMARKET
engines,3UR-FBE,REBUILD,with air compressor,5.7 L Petrol,descriptor carried no engine information
engines,EJ201,REBUILD,for vehicles with parking heater,2.0 L Petrol,descriptor carried no engine information
engines,K4M848,STRIP_MARKER,1.6 (corr.),1.6,provenance stays in data_confidence=TRUSTED_AFTERMARKET
engines,K9KH834,STRIP_MARKER,1.5 dCi (corr.),1.5 dCi,provenance stays in data_confidence=TRUSTED_AFTERMARKET
engines,M9R610,STRIP_MARKER,2.0 dCi (corr.),2.0 dCi,provenance stays in data_confidence=TRUSTED_AFTERMARKET
engines,K9KJ836,STRIP_MARKER,1.5 dCi (corr.),1.5 dCi,provenance stays in data_confidence=TRUSTED_AFTERMARKET
engines,244DT,REBUILD,Off-set Right [mm],2.4 L Diesel,descriptor carried no engine information
engines,D4F742,STRIP_MARKER,1.2 16V (corr.),1.2 16V,provenance stays in data_confidence=TRUSTED_AFTERMARKET
engines,EWA,REBUILD,8 (est.),8.0 L Petrol,descriptor carried no engine information
engines,J37A3,STRIP_MARKER,3.7 (est.),3.7,provenance stays in data_confidence=ESTIMATE
engines,M271.910,STRIP_MARKER,1.6 (est.),1.6,provenance stays in data_confidence=TRUSTED_AFTERMARKET
engines,C24SE,STRIP_MARKER,2.4 (est.),2.4,provenance stays in data_confidence=ESTIMATE
engines,M104.992,STRIP_MARKER,3.2 (corr.),3.2,provenance stays in data_confidence=ESTIMATE
engines,4M42-0AT,REBUILD,3 (est.),3.0 L Diesel,descriptor carried no engine information
engines,M272.983,STRIP_MARKER,350 (corr.),350,provenance stays in data_confidence=TRUSTED_AFTERMARKET
engines,M273.971,REBUILD,GAZELLE (corr.),5.5 L Petrol,descriptor carried no engine information
engines,M273.970,REBUILD,GAZELLE (corr.),5.5 L Petrol,descriptor carried no engine information
engines,M272.984,REBUILD,GOLF V (1K1),3.5 L Petrol,descriptor carried no engine information
engines,M273.966,REBUILD,OUTLANDER,5.5 L Petrol,descriptor carried no engine information
engines,OM642.836,REBUILD,GALLARDO,3.0 L Diesel,descriptor carried no engine information
engines,5DC700,SKIP_NO_DATA,Various checks,,"no displacement recorded, so nothing factual to build from"
engines,M271.911,REBUILD,Finishing touches,1.6 L Petrol,descriptor carried no engine information
engines,F9Q872,STRIP_MARKER,1.9 dCi (corr.),1.9 dCi,provenance stays in data_confidence=TRUSTED_AFTERMARKET
engines,F9Q870,STRIP_MARKER,1.9 dCi (corr.),1.9 dCi,provenance stays in data_confidence=TRUSTED_AFTERMARKET
engines,K4M824,STRIP_MARKER,1.6 (corr.),1.6,provenance stays in data_confidence=TRUSTED_AFTERMARKET
engines,K4M862,STRIP_MARKER,1.6 (corr.),1.6,provenance stays in data_confidence=TRUSTED_AFTERMARKET
engines,939B3.000,REBUILD,Rear wheelhouse - wheel arch,2.0 L Diesel,descriptor carried no engine information
engines,L98,REBUILD,6 (est.),6.0 L Petrol,descriptor carried no engine information
engines,M275.983,REBUILD,CL 65 AMG (corr.),6.0 L Petrol (CL 65 AMG),kept the brand's own badge
engines,Z20S1,REBUILD,Water tap,2.0 L Diesel,descriptor carried no engine information
engines,K9K834,STRIP_MARKER,1.5 dCi (corr.),1.5 dCi,provenance stays in data_confidence=TRUSTED_AFTERMARKET
engines,M4R710,REBUILD,2 (est.),2.0 L Petrol,descriptor carried no engine information
engines,CTJC,STRIP_MARKER,1.4 16V (corr.),1.4 16V,provenance stays in data_confidence=ESTIMATE
engines,BYD371QA,REBUILD,1 (est.),1.0 L Hybrid,descriptor carried no engine information
engines,LW2,STRIP_MARKER,3.6 (est.),3.6,provenance stays in data_confidence=ESTIMATE
engines,X20S1,REBUILD,TD,2.0 L Diesel,descriptor carried no engine information
engines,K4M839,STRIP_MARKER,1.6 (corr.),1.6,provenance stays in data_confidence=TRUSTED_AFTERMARKET
engines,M4R714,STRIP_MARKER,2.0 16V (corr.),2.0 16V,provenance stays in data_confidence=TRUSTED_AFTERMARKET
engines,M4R751,STRIP_MARKER,2.0 16V (corr.),2.0 16V,provenance stays in data_confidence=TRUSTED_AFTERMARKET
engines,CTYA,STRIP_MARKER,5.2 (est.),5.2,provenance stays in data_confidence=ESTIMATE
engines,BOSS290,REBUILD,KALOS (KLAS),5.4 L Petrol,descriptor carried no engine information
engines,N47SD20D,REBUILD,Balance road wheel (corr.),2.0 L Diesel,descriptor carried no engine information
engines,OM642.820,STRIP_MARKER,C 320 CDI (corr.),C 320 CDI,provenance stays in data_confidence=TRUSTED_AFTERMARKET
engines,G6,STRIP_MARKER,2.6 i (corr.),2.6 i,provenance stays in data_confidence=TRUSTED_AFTERMARKET
engines,1V,REBUILD,4 (est.),4.0 L Petrol,descriptor carried no engine information
engines,OM642.830,REBUILD,IDEA,3.0 L Diesel,descriptor carried no engine information
engines,OM660.951,REBUILD,Repair seating frame * (seating frame exposed),0.8 L Diesel,descriptor carried no engine information
engines,OM651.916,REBUILD,Expose accident damage for inspection (corr.),2.1 L Diesel,descriptor carried no engine information
engines,M271.951,REBUILD,CERATO,1.8 L Petrol,descriptor carried no engine information
engines,M9T896,STRIP_MARKER,840 i (corr.),840 i,provenance stays in data_confidence=TRUSTED_AFTERMARKET
engines,CGFA,REBUILD,3 (est.),3.0 L Hybrid,descriptor carried no engine information
engines,CGEA,REBUILD,3 (est.),3.0 L Hybrid,descriptor carried no engine information
engines,TNWA,STRIP_MARKER,2.0 (corr.),2.0,provenance stays in data_confidence=ESTIMATE
engines,BPTURBO,STRIP_MARKER,1.8 16V (corr.),1.8 16V,provenance stays in data_confidence=ESTIMATE
engines,D4F770,STRIP_MARKER,1.2 16V (corr.),1.2 16V,provenance stays in data_confidence=TRUSTED_AFTERMARKET
engines,M46.40,REBUILD,VANETTE Box,3.6 L Petrol,descriptor carried no engine information
engines,4HT,STRIP_MARKER,2.2 (est.),2.2,provenance stays in data_confidence=TRUSTED_AFTERMARKET
engines,939B4.000,REBUILD,Rear wheelhouse - wheel arch,2.0 L Diesel,descriptor carried no engine information
engines,G16A(16V),REBUILD,Terminal/Clamp,1.6 L Petrol,descriptor carried no engine information
engines,8140-43K,STRIP_MARKER,2.8 (est.),2.8,provenance stays in data_confidence=TRUSTED_AFTERMARKET
engines,8140.43.C.2586,REBUILD,90,2.8 L Diesel,descriptor carried no engine information
engines,8140.43.B.3586,REBUILD,90,2.8 L Diesel,descriptor carried no engine information
engines,8140.43.B.3588,REBUILD,90,2.8 L Diesel,descriptor carried no engine information
engines,F1AE0481B,STRIP_MARKER,2.3 (est.),2.3,provenance stays in data_confidence=TRUSTED_AFTERMARKET
engines,8140.43N.3585,STRIP_MARKER,2.8 (est.),2.8,provenance stays in data_confidence=TRUSTED_AFTERMARKET
engines,ZD3A600,REBUILD,3 (est.),3.0 L Diesel,descriptor carried no engine information
engines,DXI3,REBUILD,3 (est.),3.0 L Diesel,descriptor carried no engine information
engines,F1AE0481M,STRIP_MARKER,2.3 (est.),2.3,provenance stays in data_confidence=TRUSTED_AFTERMARKET
engines,OM904.964,STRIP_MARKER,4.2 (est.),4.2,provenance stays in data_confidence=ESTIMATE
engines,OM900.919,STRIP_MARKER,4.2 (est.),4.2,provenance stays in data_confidence=ESTIMATE
engines,8140.43R,REBUILD,29 L 9,2.8 L Diesel,descriptor carried no engine information
engines,F1CE0481A,STRIP_MARKER,1.6 e (corr.),1.6 e,provenance stays in data_confidence=TRUSTED_AFTERMARKET
engines,F1CE3481LC,STRIP_MARKER,1.6 e (corr.),1.6 e,provenance stays in data_confidence=TRUSTED_AFTERMARKET
engines,M9R804,STRIP_MARKER,2.0 dCi (corr.),2.0 dCi,provenance stays in data_confidence=TRUSTED_AFTERMARKET
engines,M9R817,STRIP_MARKER,2.0 dCi (corr.),2.0 dCi,provenance stays in data_confidence=TRUSTED_AFTERMARKET
engines,M9R844,STRIP_MARKER,2.0 dCi (corr.),2.0 dCi,provenance stays in data_confidence=TRUSTED_AFTERMARKET
engines,M4R726,REBUILD,2 (est.),2.0 L Petrol,descriptor carried no engine information
engines,4B11FQ30,STRIP_MARKER,2.0 (corr.),2.0,provenance stays in data_confidence=TRUSTED_AFTERMARKET
engines,4B11FQ60,STRIP_MARKER,2.0 (corr.),2.0,provenance stays in data_confidence=TRUSTED_AFTERMARKET
engines,CJTC,STRIP_MARKER,3.0 TFSI quattro (corr.),3.0 TFSI quattro,provenance stays in data_confidence=ESTIMATE
engines,CJWC,STRIP_MARKER,3.0 TFSI quattro (corr.),3.0 TFSI quattro,provenance stays in data_confidence=ESTIMATE
engines,CJTB,STRIP_MARKER,3.0 TFSI quattro (corr.),3.0 TFSI quattro,provenance stays in data_confidence=ESTIMATE
engines,CJWB,STRIP_MARKER,3.0 TFSI quattro (corr.),3.0 TFSI quattro,provenance stays in data_confidence=ESTIMATE
engines,CNAA,STRIP_MARKER,3.0 TFSI quattro (corr.),3.0 TFSI quattro,provenance stays in data_confidence=ESTIMATE
engines,M1JC,REBUILD,1 (est.),1.0 L Petrol,descriptor carried no engine information
engines,UEJB,STRIP_MARKER,1.5 (corr.),1.5,provenance stays in data_confidence=TRUSTED_AFTERMARKET
engines,UGJE,STRIP_MARKER,1.5 (est.),1.5,provenance stays in data_confidence=TRUSTED_AFTERMARKET
engines,JQGA,STRIP_MARKER,1.6 Ti (corr.),1.6 Ti,provenance stays in data_confidence=ESTIMATE
engines,AHW(DW10FC),REBUILD,for vehicles with reinforced brakes,2.0 L Diesel,descriptor carried no engine information
engines,MGDA,STRIP_MARKER,2.0 (corr.),2.0,provenance stays in data_confidence=ESTIMATE
engines,5FG(EP6CDTR),STRIP_MARKER,1.6 16V (corr.),1.6 16V,provenance stays in data_confidence=ESTIMATE
engines,M156B,REBUILD,3 (est.),3.0 L Petrol,descriptor carried no engine information
engines,M145S,STRIP_MARKER,4.7 (corr.),4.7,provenance stays in data_confidence=TRUSTED_AFTERMARKET
engines,M145T,STRIP_MARKER,4.7 (corr.),4.7,provenance stays in data_confidence=TRUSTED_AFTERMARKET
engines,M276.821,STRIP_MARKER,300 SL (corr.),300 SL,provenance stays in data_confidence=TRUSTED_AFTERMARKET
engines,BHX(DV6FC),STRIP_MARKER,1.6 HDi (corr.),1.6 HDi,provenance stays in data_confidence=TRUSTED_AFTERMARKET
engines,AHX(DW10FD),STRIP_MARKER,2.0 HDi (corr.),2.0 HDi,provenance stays in data_confidence=ESTIMATE
engines,M2GA,REBUILD,1 (est.),1.0 L Petrol,descriptor carried no engine information
engines,A16SHT,STRIP_MARKER,1.6 (corr.),1.6,provenance stays in data_confidence=TRUSTED_AFTERMARKET
engines,S65B44A,STRIP_MARKER,4.4 (est.),4.4,provenance stays in data_confidence=TRUSTED_AFTERMARKET
engines,RHP(DW10TD),REBUILD,2 (est.),2.0 L Diesel,descriptor carried no engine information
engines,4JK1E5S-L,REBUILD,Repair radiator support plate *,2.5 L Diesel,descriptor carried no engine information
engines,D5204T4,REBUILD,D4,2.0 L Diesel (D4),kept the brand's own badge
engines,SFJB,REBUILD,1 (est.),1.0 L Petrol,descriptor carried no engine information
engines,D82PHEV,REBUILD,Brake Caliper Paint (corr.),2.4 L Diesel,descriptor carried no engine information
engines,EAF,STRIP_MARKER,1.4 (est.),1.4,provenance stays in data_confidence=ESTIMATE
engines,EWE,REBUILD,SRT-10,8.4 L Petrol,descriptor carried no engine information
engines,K24Z6,STRIP_MARKER,2.4 (corr.),2.4,provenance stays in data_confidence=TRUSTED_AFTERMARKET
engines,OM642.835,STRIP_MARKER,C 320 CDI (corr.),C 320 CDI,provenance stays in data_confidence=TRUSTED_AFTERMARKET
engines,GBVAF,STRIP_MARKER,2.5 (est.),2.5,provenance stays in data_confidence=TRUSTED_AFTERMARKET
engines,GBVAL,STRIP_MARKER,2.5 (est.),2.5,provenance stays in data_confidence=TRUSTED_AFTERMARKET
engines,GBVAK,STRIP_MARKER,2.5 (est.),2.5,provenance stays in data_confidence=TRUSTED_AFTERMARKET
engines,NGDA,STRIP_MARKER,1.6 TDCi (corr.),1.6 TDCi,provenance stays in data_confidence=TRUSTED_AFTERMARKET
engines,UGJC,STRIP_MARKER,1.5 (est.),1.5,provenance stays in data_confidence=TRUSTED_AFTERMARKET
engines,G6HA,STRIP_MARKER,2.7 (corr.),2.7,provenance stays in data_confidence=ESTIMATE
engines,L6DB,REBUILD,3 (est.),3.0 L Petrol,descriptor carried no engine information
engines,OM651.930,STRIP_MARKER,2.1 (est.),2.1,provenance stays in data_confidence=TRUSTED_AFTERMARKET
engines,1HD-FTE,STRIP_MARKER,4.2 TD (corr.),4.2 TD,provenance stays in data_confidence=ESTIMATE
engines,K4M704,STRIP_MARKER,1.6 (corr.),1.6,provenance stays in data_confidence=TRUSTED_AFTERMARKET
engines,3A90,REBUILD,1 (est.),1.0 L Petrol,descriptor carried no engine information
engines,F131B44,STRIP_MARKER,3.6 (est.),3.6,provenance stays in data_confidence=TRUSTED_AFTERMARKET
engines,CYVA,STRIP_MARKER,1.2 (est.),1.2,provenance stays in data_confidence=TRUSTED_AFTERMARKET
engines,CNLA,STRIP_MARKER,1.4 (est.),1.4,provenance stays in data_confidence=ESTIMATE
engines,4J12,STRIP_MARKER,2.4 (est.),2.4,provenance stays in data_confidence=TRUSTED_AFTERMARKET
engines,F1AE3481A,STRIP_MARKER,2.3 (est.),2.3,provenance stays in data_confidence=TRUSTED_AFTERMARKET
engines,F1AE3481B,STRIP_MARKER,2.3 (est.),2.3,provenance stays in data_confidence=TRUSTED_AFTERMARKET
engines,F1CE3481L,STRIP_MARKER,1.6 e (corr.),1.6 e,provenance stays in data_confidence=TRUSTED_AFTERMARKET
engines,F1CE3481J,STRIP_MARKER,1.6 e (corr.),1.6 e,provenance stays in data_confidence=TRUSTED_AFTERMARKET
engines,F1CE3481C,STRIP_MARKER,1.6 e (corr.),1.6 e,provenance stays in data_confidence=TRUSTED_AFTERMARKET
engines,F1CE3481K,STRIP_MARKER,1.6 e (corr.),1.6 e,provenance stays in data_confidence=TRUSTED_AFTERMARKET
engines,F1CE3481D,STRIP_MARKER,1.6 e (corr.),1.6 e,provenance stays in data_confidence=TRUSTED_AFTERMARKET
engines,M272.946,STRIP_MARKER,300 SL (corr.),300 SL,provenance stays in data_confidence=TRUSTED_AFTERMARKET
engines,G22T,STRIP_MARKER,2.2 (est.),2.2,provenance stays in data_confidence=ESTIMATE
engines,MR16,STRIP_MARKER,1.6 (est.),1.6,provenance stays in data_confidence=TRUSTED_AFTERMARKET
engines,B6304T3,REBUILD,3 (est.),3.0 L Petrol,descriptor carried no engine information
engines,H5F402,STRIP_MARKER,1.2 (est.),1.2,provenance stays in data_confidence=ESTIMATE
engines,NFP(EC5),STRIP_MARKER,1.6 16V (corr.),1.6 16V,provenance stays in data_confidence=ESTIMATE
engines,K4M616,STRIP_MARKER,1.6 (corr.),1.6,provenance stays in data_confidence=TRUSTED_AFTERMARKET
engines,B5254T12,REBUILD,T5,2.5 L Petrol (T5),kept the brand's own badge
engines,F1CE0481L,STRIP_MARKER,1.6 e (corr.),1.6 e,provenance stays in data_confidence=TRUSTED_AFTERMARKET
engines,N18B16B,REBUILD,Cooper S (corr.),1.6 L Petrol (Cooper S),kept the brand's own badge
engines,G6EN,REBUILD,3 (est.),3.0 L Diesel,descriptor carried no engine information
engines,F1AE3481C,STRIP_MARKER,2.3 (est.),2.3,provenance stays in data_confidence=TRUSTED_AFTERMARKET
engines,N46B20CC,STRIP_MARKER,320 i (corr.),320 i,provenance stays in data_confidence=TRUSTED_AFTERMARKET
engines,N46B20BD,STRIP_MARKER,320 i (corr.),320 i,provenance stays in data_confidence=TRUSTED_AFTERMARKET
engines,N52B30AF,STRIP_MARKER,330 i (corr.),330 i,provenance stays in data_confidence=TRUSTED_AFTERMARKET
engines,CDLJ,STRIP_MARKER,2.0 (corr.),2.0,provenance stays in data_confidence=TRUSTED_AFTERMARKET
engines,JQMA,STRIP_MARKER,1.6 Ti (corr.),1.6 Ti,provenance stays in data_confidence=ESTIMATE
engines,JQMB,STRIP_MARKER,1.6 Ti (corr.),1.6 Ti,provenance stays in data_confidence=ESTIMATE
engines,JTMA,STRIP_MARKER,1.6 Ti (corr.),1.6 Ti,provenance stays in data_confidence=ESTIMATE
engines,8FR(EP3),STRIP_MARKER,218 TD (corr.),218 TD,provenance stays in data_confidence=ESTIMATE
engines,9HD(DV6C),STRIP_MARKER,1.6 HDi (corr.),1.6 HDi,provenance stays in data_confidence=TRUSTED_AFTERMARKET
engines,M274.910,STRIP_MARKER,1.6 (est.),1.6,provenance stays in data_confidence=TRUSTED_AFTERMARKET
engines,M9T880,STRIP_MARKER,2.0 GT3 (corr.),2.0 GT3,provenance stays in data_confidence=TRUSTED_AFTERMARKET
engines,DV6ATED4,REBUILD,Phosphatized,1.6 L Diesel,descriptor carried no engine information
engines,N18B16C,STRIP_MARKER,3.3 VVTi G (corr.),3.3 VVTi G,provenance stays in data_confidence=TRUSTED_AFTERMARKET
engines,OM642.861,REBUILD,Shackle at brake shoe,3.0 L Diesel,descriptor carried no engine information
engines,M276.960,REBUILD,at release fork,3.5 L Hybrid,descriptor carried no engine information
engines,M276.820,STRIP_MARKER,300 SL (corr.),300 SL,provenance stays in data_confidence=TRUSTED_AFTERMARKET
engines,CPAA,REBUILD,Form Plate at Spring Eye,2.5 L Petrol,descriptor carried no engine information
engines,JTJA,REBUILD,"Mounting Kit, exhaust manifold",1.6 L Petrol,descriptor carried no engine information
engines,M279.981,REBUILD,for cabin light,6.0 L Petrol,descriptor carried no engine information
engines,H5F404,REBUILD,"Seal, auxiliary indicator",1.2 L Petrol,descriptor carried no engine information
engines,K9K782,REBUILD,not for 6 speed manual transmission,1.5 L Diesel,descriptor carried no engine information
engines,B4164T4,STRIP_MARKER,1.6 (corr.),1.6,provenance stays in data_confidence=TRUSTED_AFTERMARKET
engines,M279.982,REBUILD,"Belt Pulley, crankshaft",6.0 L Petrol,descriptor carried no engine information
engines,OM612.966,REBUILD,Strainer,2.7 L Diesel,descriptor carried no engine information
engines,TNWB,STRIP_MARKER,2.0 (corr.),2.0,provenance stays in data_confidence=ESTIMATE
engines,3WZ-TV,STRIP_MARKER,1.6 (est.),1.6,provenance stays in data_confidence=ESTIMATE
engines,MCX.PA,REBUILD,STREAM,4.8 L Petrol,descriptor carried no engine information
engines,MCX.RA,REBUILD,STREAM,4.8 L Petrol,descriptor carried no engine information
engines,AMU,REBUILD,4,1.8 L Petrol,descriptor carried no engine information
engines,M156A,STRIP_MARKER,3.8 (est.),3.8,provenance stays in data_confidence=TRUSTED_AFTERMARKET
engines,CTUD,STRIP_MARKER,3.0 TFSI quattro (corr.),3.0 TFSI quattro,provenance stays in data_confidence=TRUSTED_AFTERMARKET
engines,CTXA,STRIP_MARKER,3.0 TFSI quattro (corr.),3.0 TFSI quattro,provenance stays in data_confidence=ESTIMATE
engines,M200.711,STRIP_MARKER,1.2 (est.),1.2,provenance stays in data_confidence=ESTIMATE
engines,OM900.917,STRIP_MARKER,4.3 (est.),4.3,provenance stays in data_confidence=ESTIMATE
engines,OM900.918,STRIP_MARKER,4.3 (est.),4.3,provenance stays in data_confidence=ESTIMATE
engines,D4204T5,REBUILD,D4,2.0 L Diesel (D4),kept the brand's own badge
engines,B4204T11,REBUILD,T5,2.0 L Petrol (T5),kept the brand's own badge
engines,B4204T9,REBUILD,T6,2.0 L Petrol (T6),kept the brand's own badge
engines,B16DTL,REBUILD,MALIBU,1.6 L Diesel,descriptor carried no engine information
engines,B16DTE,REBUILD,MALIBU,1.6 L Diesel,descriptor carried no engine information
engines,B16DTN,REBUILD,MALIBU,1.6 L Diesel,descriptor carried no engine information
engines,K9K858,STRIP_MARKER,1.5 dCi (corr.),1.5 dCi,provenance stays in data_confidence=TRUSTED_AFTERMARKET
engines,OM642.867,STRIP_MARKER,C 320 CDI (corr.),C 320 CDI,provenance stays in data_confidence=TRUSTED_AFTERMARKET
engines,M277.980,REBUILD,CL 65 AMG (corr.),6.0 L Petrol (CL 65 AMG),kept the brand's own badge
engines,S55B30A,REBUILD,M3,3.0 L Petrol,descriptor carried no engine information
engines,HNZ(EB2DT),STRIP_MARKER,1.2 (est.),1.2,provenance stays in data_confidence=ESTIMATE
engines,B16DTC,REBUILD,MALIBU,1.6 L Diesel,descriptor carried no engine information
engines,B38A12A,REBUILD,One,1.2 L Petrol (One),kept the brand's own badge
engines,N20B16A,STRIP_MARKER,1.6 (est.),1.6,provenance stays in data_confidence=TRUSTED_AFTERMARKET
engines,SFCA,REBUILD,1 (est.),1.0 L Petrol,descriptor carried no engine information
engines,SFCB,REBUILD,1 (est.),1.0 L Petrol,descriptor carried no engine information
engines,CYR5,REBUILD,"A4 (8D2, B5)",2.2 L Diesel,descriptor carried no engine information
engines,CY24,REBUILD,"A4 (8D2, B5)",2.2 L Diesel,descriptor carried no engine information
engines,M276.825,STRIP_MARKER,300 SL (corr.),300 SL,provenance stays in data_confidence=TRUSTED_AFTERMARKET
engines,CUKB,STRIP_MARKER,1.4 TSI (corr.),1.4 TSI,provenance stays in data_confidence=ESTIMATE
engines,CJXD,REBUILD,X3 (E83),2.0 L Petrol,descriptor carried no engine information
engines,M9T700,STRIP_MARKER,2.0 GT3 (corr.),2.0 GT3,provenance stays in data_confidence=TRUSTED_AFTERMARKET
engines,D4204T14,REBUILD,D4,2.0 L Diesel (D4),kept the brand's own badge
engines,OM626.951,STRIP_MARKER,1.6 (est.),1.6,provenance stays in data_confidence=TRUSTED_AFTERMARKET
engines,B6304T5,REBUILD,3 (est.),3.0 L Petrol,descriptor carried no engine information
engines,CTPB,STRIP_MARKER,5.2 (est.),5.2,provenance stays in data_confidence=ESTIMATE
engines,HCE,REBUILD,MATERIA (M4_),1.3 L Petrol,descriptor carried no engine information
engines,M281.920,REBUILD,1 (est.),1.0 L Petrol,descriptor carried no engine information
engines,F1AFL411B,STRIP_MARKER,2.3 (est.),2.3,provenance stays in data_confidence=TRUSTED_AFTERMARKET
engines,F1CFL411J,STRIP_MARKER,1.6 e (corr.),1.6 e,provenance stays in data_confidence=TRUSTED_AFTERMARKET
engines,F1CFL411E,STRIP_MARKER,1.6 e (corr.),1.6 e,provenance stays in data_confidence=TRUSTED_AFTERMARKET
engines,F1CFL411H,REBUILD,without lubricating pipe connection,3.0 L Diesel,descriptor carried no engine information
engines,F1CFL411F,REBUILD,without lubricating pipe connection,3.0 L Diesel,descriptor carried no engine information
engines,F1CFA401A,REBUILD,3 (est.),3.0 L Petrol,descriptor carried no engine information
engines,F1CFA401B,REBUILD,3 (est.),3.0 L Petrol,descriptor carried no engine information
engines,D5244T23,REBUILD,D5,2.4 L Diesel (D5),kept the brand's own badge
engines,M276.850,STRIP_MARKER,350 (corr.),350,provenance stays in data_confidence=TRUSTED_AFTERMARKET
engines,OM622.951,STRIP_MARKER,1.6 (est.),1.6,provenance stays in data_confidence=TRUSTED_AFTERMARKET
engines,D4204T11,REBUILD,D4 (corr.),2.0 L Diesel (D4),kept the brand's own badge
engines,CJZC,STRIP_MARKER,1.2 (est.),1.2,provenance stays in data_confidence=TRUSTED_AFTERMARKET
engines,UNCA,STRIP_MARKER,1.5 (est.),1.5,provenance stays in data_confidence=ESTIMATE
engines,UNCB,STRIP_MARKER,1.5 (est.),1.5,provenance stays in data_confidence=ESTIMATE
engines,UNCE,STRIP_MARKER,1.5 (est.),1.5,provenance stays in data_confidence=ESTIMATE
engines,UNCF,STRIP_MARKER,1.5 (est.),1.5,provenance stays in data_confidence=ESTIMATE
engines,TNCD,STRIP_MARKER,2.0 (corr.),2.0,provenance stays in data_confidence=ESTIMATE
engines,TNCF,STRIP_MARKER,2.0 (corr.),2.0,provenance stays in data_confidence=ESTIMATE
engines,R9CB,STRIP_MARKER,2.0 (corr.),2.0,provenance stays in data_confidence=ESTIMATE
engines,R9CF,STRIP_MARKER,2.0 (corr.),2.0,provenance stays in data_confidence=ESTIMATE
engines,R9CH,STRIP_MARKER,2.0 (corr.),2.0,provenance stays in data_confidence=ESTIMATE
engines,M8DA,STRIP_MARKER,1.5 (est.),1.5,provenance stays in data_confidence=ESTIMATE
engines,M8DB,STRIP_MARKER,1.5 (est.),1.5,provenance stays in data_confidence=ESTIMATE
engines,M9DA,STRIP_MARKER,1.5 (est.),1.5,provenance stays in data_confidence=ESTIMATE
engines,M9DB,STRIP_MARKER,1.5 (est.),1.5,provenance stays in data_confidence=ESTIMATE
engines,XXDA,STRIP_MARKER,1.5 (est.),1.5,provenance stays in data_confidence=TRUSTED_AFTERMARKET
engines,XXDC,STRIP_MARKER,1.5 (est.),1.5,provenance stays in data_confidence=TRUSTED_AFTERMARKET
engines,XXDB,STRIP_MARKER,1.5 (est.),1.5,provenance stays in data_confidence=TRUSTED_AFTERMARKET
engines,XWDA,STRIP_MARKER,1.5 (est.),1.5,provenance stays in data_confidence=TRUSTED_AFTERMARKET
engines,XWDB,STRIP_MARKER,1.5 (est.),1.5,provenance stays in data_confidence=TRUSTED_AFTERMARKET
engines,XWDC,STRIP_MARKER,1.5 (est.),1.5,provenance stays in data_confidence=TRUSTED_AFTERMARKET
engines,XWDD,STRIP_MARKER,1.5 (est.),1.5,provenance stays in data_confidence=TRUSTED_AFTERMARKET
engines,M276.823,STRIP_MARKER,300 SL (corr.),300 SL,provenance stays in data_confidence=TRUSTED_AFTERMARKET
engines,CXMA,STRIP_MARKER,1.6 (est.),1.6,provenance stays in data_confidence=ESTIMATE
engines,K14B,REBUILD,UNIQUE,1.4 L Petrol,descriptor carried no engine information
engines,HM34,STRIP_MARKER,3.5 (est.),3.5,provenance stays in data_confidence=ESTIMATE
engines,CJXG,REBUILD,Inner Thread,2.0 L Petrol,descriptor carried no engine information
engines,B5254T14,REBUILD,T5,2.5 L Petrol (T5),kept the brand's own badge
engines,M157.984,REBUILD,without oil temperature gauge,5.5 L Petrol,descriptor carried no engine information
engines,MCV.VB,STRIP_MARKER,3.0 D (corr.),3.0 D,provenance stays in data_confidence=TRUSTED_AFTERMARKET
engines,CHZC,REBUILD,for vehicles with brake booster,1.0 L Petrol,descriptor carried no engine information
engines,B38B15A,STRIP_MARKER,1.5 (est.),1.5,provenance stays in data_confidence=TRUSTED_AFTERMARKET
engines,B37D15A,STRIP_MARKER,1.5 (est.),1.5,provenance stays in data_confidence=TRUSTED_AFTERMARKET
engines,B47D20B,STRIP_MARKER,320 d (corr.),320 d,provenance stays in data_confidence=TRUSTED_AFTERMARKET
engines,MCX.ZA,REBUILD,without bypass regulator,3.6 L Petrol,descriptor carried no engine information
vehicle_variants,9540,REBUILD,Make centre right seat functional,1.5 L Petrol,variant repeated its engine row's junk descriptor
vehicle_variants,9655,REBUILD,One D,1.6 L Diesel (One D),variant repeated its engine row's junk descriptor
vehicle_variants,9661,REBUILD,NEDCAR,2.7 L Petrol,variant repeated its engine row's junk descriptor
vehicle_variants,9690,REBUILD,Cooper S,1.6 L Petrol (Cooper S),variant repeated its engine row's junk descriptor
vehicle_variants,9691,REBUILD,Cooper S,1.6 L Petrol (Cooper S),variant repeated its engine row's junk descriptor
vehicle_variants,9703,REBUILD,Cooper S,1.6 L Petrol (Cooper S),variant repeated its engine row's junk descriptor
vehicle_variants,9705,REBUILD,LEMANS,1.8 L Petrol,variant repeated its engine row's junk descriptor
vehicle_variants,9739,REBUILD,Make front left seat functional,1.4 L Petrol,variant repeated its engine row's junk descriptor
vehicle_variants,9786,REBUILD,Cooper,1.6 L Petrol (Cooper),variant repeated its engine row's junk descriptor
vehicle_variants,9796,REBUILD,X3 (E83),2.0 L Petrol,variant repeated its engine row's junk descriptor
vehicle_variants,9856,REBUILD,MATERIA (M4_),1.3 L Petrol,variant repeated its engine row's junk descriptor
vehicle_variants,9887,REBUILD,MATERIA (M4_),1.3 L Petrol,variant repeated its engine row's junk descriptor
vehicle_variants,9907,REBUILD,Rear wheelhouse - wheel arch,2.0 L Diesel,variant repeated its engine row's junk descriptor
vehicle_variants,9908,REBUILD,Rear wheelhouse - wheel arch,2.0 L Diesel,variant repeated its engine row's junk descriptor
vehicle_variants,9924,REBUILD,Make front left seat functional,1.4 L Petrol,variant repeated its engine row's junk descriptor
vehicle_variants,9946,REBUILD,for heater,2.0 L Diesel,variant repeated its engine row's junk descriptor
vehicle_variants,9952,REBUILD,T4,1.6 L Petrol (T4),variant repeated its engine row's junk descriptor
vehicle_variants,9953,REBUILD,T5,2.0 L Petrol (T5),variant repeated its engine row's junk descriptor
vehicle_variants,9955,REBUILD,T4,1.6 L Petrol (T4),variant repeated its engine row's junk descriptor
vehicle_variants,9956,REBUILD,T5,2.0 L Petrol (T5),variant repeated its engine row's junk descriptor
vehicle_variants,9958,REBUILD,D3,2.0 L Diesel (D3),variant repeated its engine row's junk descriptor
vehicle_variants,9960,REBUILD,D3,2.0 L Diesel (D3),variant repeated its engine row's junk descriptor
vehicle_variants,9962,REBUILD,T4,1.6 L Petrol (T4),variant repeated its engine row's junk descriptor
vehicle_variants,9963,REBUILD,T5,2.0 L Petrol (T5),variant repeated its engine row's junk descriptor
vehicle_variants,10062,REBUILD,Cooper S,1.6 L Petrol (Cooper S),variant repeated its engine row's junk descriptor
vehicle_variants,10064,REBUILD,D3,2.0 L Diesel (D3),variant repeated its engine row's junk descriptor
vehicle_variants,10067,REBUILD,Lubricate clutch cable *,2.0 L Diesel,variant repeated its engine row's junk descriptor
vehicle_variants,10068,REBUILD,Lubricate clutch cable *,2.0 L Diesel,variant repeated its engine row's junk descriptor
vehicle_variants,10071,REBUILD,D3,2.0 L Diesel (D3),variant repeated its engine row's junk descriptor
vehicle_variants,10082,REBUILD,Rear wheelhouse - wheel arch,2.0 L Diesel,variant repeated its engine row's junk descriptor
vehicle_variants,10108,REBUILD,Cooper S,1.6 L Petrol (Cooper S),variant repeated its engine row's junk descriptor
vehicle_variants,10110,REBUILD,Cooper S,1.6 L Petrol (Cooper S),variant repeated its engine row's junk descriptor
vehicle_variants,10119,REBUILD,LEMANS,1.8 L Petrol,variant repeated its engine row's junk descriptor
vehicle_variants,10279,REBUILD,Water tap,2.0 L Diesel,variant repeated its engine row's junk descriptor
vehicle_variants,10296,REBUILD,HHR,6.2 L Petrol,variant repeated its engine row's junk descriptor
vehicle_variants,10297,REBUILD,HHR,6.2 L Petrol,variant repeated its engine row's junk descriptor
vehicle_variants,10321,REBUILD,Rear wheelhouse - wheel arch,2.0 L Diesel,variant repeated its engine row's junk descriptor
vehicle_variants,10322,REBUILD,Rear wheelhouse - wheel arch,2.0 L Diesel,variant repeated its engine row's junk descriptor
vehicle_variants,10354,REBUILD,BENBEN,1.1 L Petrol,variant repeated its engine row's junk descriptor
vehicle_variants,10355,REBUILD,BENBEN,1.1 L Petrol,variant repeated its engine row's junk descriptor
vehicle_variants,10382,REBUILD,MONDEO,3.5 L Petrol,variant repeated its engine row's junk descriptor
vehicle_variants,10434,REBUILD,GAZELLE,5.5 L Petrol,variant repeated its engine row's junk descriptor
vehicle_variants,10435,REBUILD,SWIFT,4.7 L Petrol,variant repeated its engine row's junk descriptor
vehicle_variants,10440,REBUILD,Cooper S,1.6 L Petrol (Cooper S),variant repeated its engine row's junk descriptor
vehicle_variants,10537,REBUILD,for heater,2.0 L Diesel,variant repeated its engine row's junk descriptor
vehicle_variants,10543,REBUILD,T5,2.0 L Petrol (T5),variant repeated its engine row's junk descriptor
vehicle_variants,10586,REBUILD,CITY,0.7 L Petrol,variant repeated its engine row's junk descriptor
vehicle_variants,10602,REBUILD,CIVIC,4.7 L Petrol,variant repeated its engine row's junk descriptor
vehicle_variants,10673,REBUILD,for heater,2.0 L Diesel,variant repeated its engine row's junk descriptor
vehicle_variants,10778,REBUILD,D5,2.4 L Diesel (D5),variant repeated its engine row's junk descriptor
vehicle_variants,10779,REBUILD,D5,2.4 L Diesel (D5),variant repeated its engine row's junk descriptor
vehicle_variants,10783,REBUILD,D5,2.4 L Diesel (D5),variant repeated its engine row's junk descriptor
vehicle_variants,10784,REBUILD,D5,2.4 L Diesel (D5),variant repeated its engine row's junk descriptor
vehicle_variants,10790,REBUILD,D5,2.4 L Diesel (D5),variant repeated its engine row's junk descriptor
vehicle_variants,10791,REBUILD,D5,2.4 L Diesel (D5),variant repeated its engine row's junk descriptor
vehicle_variants,10793,REBUILD,D5,2.4 L Diesel (D5),variant repeated its engine row's junk descriptor
vehicle_variants,10794,REBUILD,D5,2.4 L Diesel (D5),variant repeated its engine row's junk descriptor
vehicle_variants,10796,REBUILD,D5,2.4 L Diesel (D5),variant repeated its engine row's junk descriptor
vehicle_variants,10797,REBUILD,D5,2.4 L Diesel (D5),variant repeated its engine row's junk descriptor
vehicle_variants,10834,REBUILD,HHR,6.2 L Petrol,variant repeated its engine row's junk descriptor
vehicle_variants,11051,REBUILD,Rear wheelhouse - wheel arch,2.0 L Diesel,variant repeated its engine row's junk descriptor
vehicle_variants,11052,REBUILD,Rear wheelhouse - wheel arch,2.0 L Diesel,variant repeated its engine row's junk descriptor
vehicle_variants,11108,REBUILD,Lubrication,2.5 L Petrol,variant repeated its engine row's junk descriptor
vehicle_variants,11246,REBUILD,Cooper S,1.6 L Petrol (Cooper S),variant repeated its engine row's junk descriptor
vehicle_variants,11267,REBUILD,CITY,0.7 L Petrol,variant repeated its engine row's junk descriptor
vehicle_variants,11329,REBUILD,Cooper S,1.6 L Petrol (Cooper S),variant repeated its engine row's junk descriptor
vehicle_variants,11550,REBUILD,F50 Coupe (W16_),1.8 L Diesel,variant repeated its engine row's junk descriptor
vehicle_variants,11726,REBUILD,Tooth System,2.5 L Diesel,variant repeated its engine row's junk descriptor
vehicle_variants,11732,REBUILD,FAMILY II,2.4 L Petrol,variant repeated its engine row's junk descriptor
vehicle_variants,11787,REBUILD,COLORADO,2.1 L Diesel,variant repeated its engine row's junk descriptor
vehicle_variants,11809,REBUILD,Water tap,2.0 L Diesel,variant repeated its engine row's junk descriptor
vehicle_variants,11815,REBUILD,KADETT,1.3 L Petrol,variant repeated its engine row's junk descriptor
vehicle_variants,11863,REBUILD,TRACKER,3.0 L Diesel,variant repeated its engine row's junk descriptor
vehicle_variants,11879,REBUILD,3 - Earthed Electrode,4.4 L Petrol,variant repeated its engine row's junk descriptor
vehicle_variants,11903,REBUILD,HHR,6.2 L Petrol,variant repeated its engine row's junk descriptor
vehicle_variants,12026,REBUILD,Lubrication,2.5 L Petrol,variant repeated its engine row's junk descriptor
vehicle_variants,12162,REBUILD,55 AMG,5.4 L Petrol (55 AMG),variant repeated its engine row's junk descriptor
vehicle_variants,12281,REBUILD,Cooper S,1.6 L Petrol (Cooper S),variant repeated its engine row's junk descriptor
vehicle_variants,12379,REBUILD,Plug Housing,2.0 L Diesel,variant repeated its engine row's junk descriptor
vehicle_variants,12380,REBUILD,Plug Housing,2.0 L Diesel,variant repeated its engine row's junk descriptor
vehicle_variants,12383,REBUILD,VERSAILLES,1.6 L Petrol,variant repeated its engine row's junk descriptor
vehicle_variants,12384,REBUILD,VERSAILLES,1.6 L Petrol,variant repeated its engine row's junk descriptor
vehicle_variants,12616,REBUILD,WINSTORM,2.5 L Petrol,variant repeated its engine row's junk descriptor
vehicle_variants,12646,REBUILD,ZEPHYR,0.8 L Diesel,variant repeated its engine row's junk descriptor
vehicle_variants,12647,REBUILD,ZEPHYR,0.8 L Diesel,variant repeated its engine row's junk descriptor
vehicle_variants,12648,REBUILD,GRAND MARQUIS,0.6 L Petrol,variant repeated its engine row's junk descriptor
vehicle_variants,12774,REBUILD,G6,2.3 L Petrol,variant repeated its engine row's junk descriptor
vehicle_variants,12775,REBUILD,G6,2.3 L Petrol,variant repeated its engine row's junk descriptor
vehicle_variants,12818,REBUILD,One,1.6 L Petrol (One),variant repeated its engine row's junk descriptor
vehicle_variants,12820,REBUILD,Cooper,1.6 L Petrol (Cooper),variant repeated its engine row's junk descriptor
vehicle_variants,13014,REBUILD,ODYSSEY (RA_),1.7 L Petrol,variant repeated its engine row's junk descriptor
vehicle_variants,13137,REBUILD,SILVIA Coupe,1.9 L Petrol,variant repeated its engine row's junk descriptor
vehicle_variants,13143,REBUILD,S 63 AMG,6.3 L Petrol (S 63 AMG),variant repeated its engine row's junk descriptor
vehicle_variants,13144,REBUILD,S 63 AMG,6.3 L Petrol (S 63 AMG),variant repeated its engine row's junk descriptor
vehicle_variants,13387,REBUILD,Release Fork,2.9 L Diesel,variant repeated its engine row's junk descriptor
vehicle_variants,13455,REBUILD,without tensioner pulley damper,2.1 L Diesel,variant repeated its engine row's junk descriptor
vehicle_variants,13456,REBUILD,without tensioner pulley damper,2.1 L Diesel,variant repeated its engine row's junk descriptor
vehicle_variants,13484,REBUILD,Cooper S,1.6 L Petrol (Cooper S),variant repeated its engine row's junk descriptor
vehicle_variants,13485,REBUILD,Cooper S,1.6 L Petrol (Cooper S),variant repeated its engine row's junk descriptor
vehicle_variants,13486,REBUILD,Cooper S,1.6 L Petrol (Cooper S),variant repeated its engine row's junk descriptor
vehicle_variants,13764,REBUILD,WINSTORM,2.5 L Petrol,variant repeated its engine row's junk descriptor
vehicle_variants,13774,REBUILD,Fording Ability,1.8 L Diesel,variant repeated its engine row's junk descriptor
vehicle_variants,13775,REBUILD,Fording Ability,1.8 L Diesel,variant repeated its engine row's junk descriptor
vehicle_variants,13776,REBUILD,Fording Ability,1.8 L Diesel,variant repeated its engine row's junk descriptor
vehicle_variants,13863,REBUILD,MERRIE,5.5 L Petrol,variant repeated its engine row's junk descriptor
vehicle_variants,13906,REBUILD,EASTAR A6,0.7 L Petrol,variant repeated its engine row's junk descriptor
vehicle_variants,13907,REBUILD,EASTAR A6,0.7 L Petrol,variant repeated its engine row's junk descriptor
vehicle_variants,13927,REBUILD,QQ6,2.0 L Petrol,variant repeated its engine row's junk descriptor
vehicle_variants,13935,REBUILD,WINSTORM,2.5 L Petrol,variant repeated its engine row's junk descriptor
vehicle_variants,13980,REBUILD,One D,1.4 L Diesel (One D),variant repeated its engine row's junk descriptor
vehicle_variants,14036,REBUILD,YAKU,0.7 L Petrol,variant repeated its engine row's junk descriptor
vehicle_variants,14108,REBUILD,QQ6,2.0 L Petrol,variant repeated its engine row's junk descriptor
vehicle_variants,14111,REBUILD,GAZELLE,5.5 L Petrol,variant repeated its engine row's junk descriptor
vehicle_variants,14172,REBUILD,Plug Housing,2.0 L Diesel,variant repeated its engine row's junk descriptor
vehicle_variants,14173,REBUILD,Plug Housing,2.0 L Diesel,variant repeated its engine row's junk descriptor
vehicle_variants,14286,REBUILD,Cooper S,1.6 L Petrol (Cooper S),variant repeated its engine row's junk descriptor
vehicle_variants,14362,REBUILD,Rear side wall,1.3 L Hybrid,variant repeated its engine row's junk descriptor
vehicle_variants,14660,REBUILD,One,1.6 L Petrol (One),variant repeated its engine row's junk descriptor
vehicle_variants,14662,REBUILD,Cooper S,1.6 L Petrol (Cooper S),variant repeated its engine row's junk descriptor
vehicle_variants,14669,REBUILD,T5,2.5 L Petrol (T5),variant repeated its engine row's junk descriptor
vehicle_variants,14670,REBUILD,T5,2.5 L Petrol (T5),variant repeated its engine row's junk descriptor
vehicle_variants,14673,REBUILD,SRT-10,8.3 L Petrol,variant repeated its engine row's junk descriptor
vehicle_variants,14740,REBUILD,FUTURA (BA_D),4.2 L Petrol,variant repeated its engine row's junk descriptor
vehicle_variants,14818,REBUILD,WUNDERFUL RICH,5.4 L Petrol,variant repeated its engine row's junk descriptor
vehicle_variants,15122,REBUILD,3 - Earthed Electrode,4.4 L Petrol,variant repeated its engine row's junk descriptor
vehicle_variants,15146,REBUILD,M,5.0 L Petrol,variant repeated its engine row's junk descriptor
vehicle_variants,15147,REBUILD,M,5.0 L Petrol,variant repeated its engine row's junk descriptor
vehicle_variants,15210,REBUILD,Cooper S,1.6 L Petrol (Cooper S),variant repeated its engine row's junk descriptor
vehicle_variants,15371,REBUILD,FUTURA (BA_D),4.2 L Petrol,variant repeated its engine row's junk descriptor
vehicle_variants,15526,REBUILD,MINI WAGON,1.4 L Petrol,variant repeated its engine row's junk descriptor
vehicle_variants,15550,REBUILD,3 - Earthed Electrode,4.4 L Petrol,variant repeated its engine row's junk descriptor
vehicle_variants,15833,REBUILD,3 - Earthed Electrode,4.4 L Petrol,variant repeated its engine row's junk descriptor
vehicle_variants,16249,REBUILD,M,5.0 L Petrol,variant repeated its engine row's junk descriptor
vehicle_variants,16366,REBUILD,Rear side wall,1.3 L Hybrid,variant repeated its engine row's junk descriptor
vehicle_variants,16367,REBUILD,Cooper S,1.6 L Petrol (Cooper S),variant repeated its engine row's junk descriptor
vehicle_variants,16389,REBUILD,XINKAPIKA,1.1 L Petrol,variant repeated its engine row's junk descriptor
vehicle_variants,16466,REBUILD,55 AMG,5.4 L Petrol (55 AMG),variant repeated its engine row's junk descriptor
vehicle_variants,16679,REBUILD,T5,2.5 L Petrol (T5),variant repeated its engine row's junk descriptor
vehicle_variants,16844,REBUILD,CONTOUR,3.2 L Petrol,variant repeated its engine row's junk descriptor
vehicle_variants,16853,REBUILD,TRACKER,3.0 L Diesel,variant repeated its engine row's junk descriptor
vehicle_variants,16855,REBUILD,JMC JEEP Pickup,4.7 L Petrol,variant repeated its engine row's junk descriptor
vehicle_variants,16924,REBUILD,HHR,6.2 L Petrol,variant repeated its engine row's junk descriptor
vehicle_variants,16970,REBUILD,T5,2.5 L Petrol (T5),variant repeated its engine row's junk descriptor
vehicle_variants,17008,REBUILD,TRACKER,3.0 L Diesel,variant repeated its engine row's junk descriptor
vehicle_variants,17010,REBUILD,BJ20,4.0 L Diesel,variant repeated its engine row's junk descriptor
vehicle_variants,17020,REBUILD,Cooper,1.6 L Petrol (Cooper),variant repeated its engine row's junk descriptor
vehicle_variants,17028,REBUILD,Cooper S,1.6 L Petrol (Cooper S),variant repeated its engine row's junk descriptor
vehicle_variants,17036,REBUILD,BENBEN,1.1 L Petrol,variant repeated its engine row's junk descriptor
vehicle_variants,17083,REBUILD,M,5.0 L Petrol,variant repeated its engine row's junk descriptor
vehicle_variants,17202,REBUILD,SPEEDY,6.2 L Petrol,variant repeated its engine row's junk descriptor
vehicle_variants,17373,REBUILD,M,3.2 L Petrol,variant repeated its engine row's junk descriptor
vehicle_variants,17415,REBUILD,Sandblast Cabinet,1.6 L Diesel,variant repeated its engine row's junk descriptor
vehicle_variants,17547,REBUILD,Cooper S,1.6 L Petrol (Cooper S),variant repeated its engine row's junk descriptor
vehicle_variants,17693,REBUILD,FAMILY II,2.4 L Petrol,variant repeated its engine row's junk descriptor
vehicle_variants,17714,REBUILD,Make centre right seat functional,1.5 L Petrol,variant repeated its engine row's junk descriptor
vehicle_variants,17905,REBUILD,One,1.4 L Petrol (One),variant repeated its engine row's junk descriptor
vehicle_variants,18104,REBUILD,M,5.0 L Petrol,variant repeated its engine row's junk descriptor
vehicle_variants,18142,REBUILD,M,4.0 L Petrol,variant repeated its engine row's junk descriptor
vehicle_variants,18412,REBUILD,YAKU,0.7 L Petrol,variant repeated its engine row's junk descriptor
vehicle_variants,18472,REBUILD,Lubricate clutch pedal bearing *,2.0 L Diesel,variant repeated its engine row's junk descriptor
vehicle_variants,18473,REBUILD,Lubricate clutch pedal bearing *,2.0 L Diesel,variant repeated its engine row's junk descriptor
vehicle_variants,18544,REBUILD,Cooper S,1.6 L Petrol (Cooper S),variant repeated its engine row's junk descriptor
vehicle_variants,18545,REBUILD,Cooper S,1.6 L Petrol (Cooper S),variant repeated its engine row's junk descriptor
vehicle_variants,18546,REBUILD,Cooper,1.6 L Petrol (Cooper),variant repeated its engine row's junk descriptor
vehicle_variants,18630,REBUILD,Make front left seat functional,1.4 L Petrol,variant repeated its engine row's junk descriptor
vehicle_variants,18923,REBUILD,Rear wheelhouse - wheel arch,2.0 L Diesel,variant repeated its engine row's junk descriptor
vehicle_variants,18926,REBUILD,WINSTORM,2.5 L Petrol,variant repeated its engine row's junk descriptor
vehicle_variants,19223,REBUILD,KADETT,1.3 L Petrol,variant repeated its engine row's junk descriptor
vehicle_variants,19393,REBUILD,M,4.0 L Petrol,variant repeated its engine row's junk descriptor
vehicle_variants,19562,REBUILD,ODYSSEY (RA_),1.7 L Petrol,variant repeated its engine row's junk descriptor
vehicle_variants,19681,REBUILD,Make centre right seat functional,1.5 L Petrol,variant repeated its engine row's junk descriptor
vehicle_variants,19785,REBUILD,SONICA,2.5 L Petrol,variant repeated its engine row's junk descriptor
vehicle_variants,19786,REBUILD,SONICA,2.5 L Petrol,variant repeated its engine row's junk descriptor
vehicle_variants,19787,REBUILD,SONICA,2.5 L Petrol,variant repeated its engine row's junk descriptor
vehicle_variants,19870,REBUILD,GOLF,1.3 L Petrol,variant repeated its engine row's junk descriptor
vehicle_variants,19943,REBUILD,D5,2.4 L Diesel (D5),variant repeated its engine row's junk descriptor
vehicle_variants,19955,REBUILD,Make front left seat functional,1.4 L Petrol,variant repeated its engine row's junk descriptor
vehicle_variants,20012,REBUILD,S3 quattro,2.0 L Petrol,variant repeated its engine row's junk descriptor
vehicle_variants,20159,REBUILD,Cooper S,1.6 L Petrol (Cooper S),variant repeated its engine row's junk descriptor
vehicle_variants,20185,REBUILD,Outer Thread,2.0 L Petrol,variant repeated its engine row's junk descriptor
vehicle_variants,20329,REBUILD,Outer Thread,2.0 L Petrol,variant repeated its engine row's junk descriptor
vehicle_variants,20359,REBUILD,KALOS (KLAS),5.4 L Petrol,variant repeated its engine row's junk descriptor
vehicle_variants,20369,REBUILD,KALOS (KLAS),5.4 L Petrol,variant repeated its engine row's junk descriptor
vehicle_variants,20375,REBUILD,KALOS (KLAS),5.4 L Petrol,variant repeated its engine row's junk descriptor
vehicle_variants,20379,REBUILD,KALOS (KLAS),5.4 L Petrol,variant repeated its engine row's junk descriptor
vehicle_variants,20405,REBUILD,NEDCAR,2.7 L Petrol,variant repeated its engine row's junk descriptor
vehicle_variants,20420,REBUILD,WINSTORM,2.5 L Petrol,variant repeated its engine row's junk descriptor
vehicle_variants,20488,REBUILD,with air compressor,5.7 L Petrol,variant repeated its engine row's junk descriptor
vehicle_variants,20490,REBUILD,for vehicles with parking heater,2.0 L Petrol,variant repeated its engine row's junk descriptor
vehicle_variants,20571,REBUILD,Lubricate clutch pedal bearing *,2.0 L Diesel,variant repeated its engine row's junk descriptor
vehicle_variants,20572,REBUILD,Lubricate clutch pedal bearing *,2.0 L Diesel,variant repeated its engine row's junk descriptor
vehicle_variants,20603,REBUILD,Off-set Right [mm],2.4 L Diesel,variant repeated its engine row's junk descriptor
vehicle_variants,20604,REBUILD,Off-set Right [mm],2.4 L Diesel,variant repeated its engine row's junk descriptor
vehicle_variants,20605,REBUILD,Off-set Right [mm],2.4 L Diesel,variant repeated its engine row's junk descriptor
vehicle_variants,21098,REBUILD,GOLF V (1K1),3.5 L Petrol,variant repeated its engine row's junk descriptor
vehicle_variants,21100,REBUILD,OUTLANDER,5.5 L Petrol,variant repeated its engine row's junk descriptor
vehicle_variants,21102,REBUILD,GALLARDO,3.0 L Diesel,variant repeated its engine row's junk descriptor
vehicle_variants,21158,REBUILD,One,1.4 L Petrol (One),variant repeated its engine row's junk descriptor
vehicle_variants,21183,REBUILD,Cooper,1.6 L Petrol (Cooper),variant repeated its engine row's junk descriptor
vehicle_variants,21184,REBUILD,Cooper S,1.6 L Petrol (Cooper S),variant repeated its engine row's junk descriptor
vehicle_variants,21195,REBUILD,Finishing touches,1.6 L Petrol,variant repeated its engine row's junk descriptor
vehicle_variants,21251,REBUILD,KALOS (KLAS),5.4 L Petrol,variant repeated its engine row's junk descriptor
vehicle_variants,21253,REBUILD,KALOS (KLAS),5.4 L Petrol,variant repeated its engine row's junk descriptor
vehicle_variants,21254,REBUILD,KALOS (KLAS),5.4 L Petrol,variant repeated its engine row's junk descriptor
vehicle_variants,21255,REBUILD,KALOS (KLAS),5.4 L Petrol,variant repeated its engine row's junk descriptor
vehicle_variants,21292,REBUILD,Rear wheelhouse - wheel arch,2.0 L Diesel,variant repeated its engine row's junk descriptor
vehicle_variants,21294,REBUILD,Rear wheelhouse - wheel arch,2.0 L Diesel,variant repeated its engine row's junk descriptor
vehicle_variants,21296,REBUILD,Rear wheelhouse - wheel arch,2.0 L Diesel,variant repeated its engine row's junk descriptor
vehicle_variants,21298,REBUILD,Rear wheelhouse - wheel arch,2.0 L Diesel,variant repeated its engine row's junk descriptor
vehicle_variants,21365,REBUILD,Water tap,2.0 L Diesel,variant repeated its engine row's junk descriptor
vehicle_variants,21459,REBUILD,LEMANS,1.8 L Petrol,variant repeated its engine row's junk descriptor
vehicle_variants,21461,REBUILD,LEMANS,1.8 L Petrol,variant repeated its engine row's junk descriptor
vehicle_variants,21526,REBUILD,TD,2.0 L Diesel,variant repeated its engine row's junk descriptor
vehicle_variants,21623,REBUILD,Water tap,2.0 L Diesel,variant repeated its engine row's junk descriptor
vehicle_variants,21676,REBUILD,Make front left seat functional,1.4 L Petrol,variant repeated its engine row's junk descriptor
vehicle_variants,21723,REBUILD,KALOS (KLAS),5.4 L Petrol,variant repeated its engine row's junk descriptor
vehicle_variants,21788,REBUILD,LEMANS,1.8 L Petrol,variant repeated its engine row's junk descriptor
vehicle_variants,21913,REBUILD,KALOS (KLAS),5.4 L Petrol,variant repeated its engine row's junk descriptor
vehicle_variants,21957,REBUILD,IDEA,3.0 L Diesel,variant repeated its engine row's junk descriptor
vehicle_variants,21962,REBUILD,HHR,6.2 L Petrol,variant repeated its engine row's junk descriptor
vehicle_variants,22068,REBUILD,CERATO,1.8 L Petrol,variant repeated its engine row's junk descriptor
vehicle_variants,22071,REBUILD,without tensioner pulley damper,2.1 L Diesel,variant repeated its engine row's junk descriptor
vehicle_variants,22075,REBUILD,CERATO,1.8 L Petrol,variant repeated its engine row's junk descriptor
vehicle_variants,22077,REBUILD,CERATO,1.8 L Petrol,variant repeated its engine row's junk descriptor
vehicle_variants,22079,REBUILD,without tensioner pulley damper,2.1 L Diesel,variant repeated its engine row's junk descriptor
vehicle_variants,22082,REBUILD,CERATO,1.8 L Petrol,variant repeated its engine row's junk descriptor
vehicle_variants,22098,REBUILD,without tensioner pulley damper,2.1 L Diesel,variant repeated its engine row's junk descriptor
vehicle_variants,22099,REBUILD,without tensioner pulley damper,2.1 L Diesel,variant repeated its engine row's junk descriptor
vehicle_variants,22104,REBUILD,without tensioner pulley damper,2.1 L Diesel,variant repeated its engine row's junk descriptor
vehicle_variants,22108,REBUILD,without tensioner pulley damper,2.1 L Diesel,variant repeated its engine row's junk descriptor
vehicle_variants,22138,REBUILD,HHR,6.2 L Petrol,variant repeated its engine row's junk descriptor
vehicle_variants,22142,REBUILD,LEMANS,1.8 L Petrol,variant repeated its engine row's junk descriptor
vehicle_variants,22206,REBUILD,Cooper S,1.6 L Petrol (Cooper S),variant repeated its engine row's junk descriptor
vehicle_variants,22227,REBUILD,Cooper S,1.6 L Petrol (Cooper S),variant repeated its engine row's junk descriptor
vehicle_variants,22230,REBUILD,Cooper S,1.6 L Petrol (Cooper S),variant repeated its engine row's junk descriptor
vehicle_variants,22390,REBUILD,T4,1.6 L Petrol (T4),variant repeated its engine row's junk descriptor
vehicle_variants,22392,REBUILD,T5,2.0 L Petrol (T5),variant repeated its engine row's junk descriptor
vehicle_variants,22400,REBUILD,for heater,2.0 L Diesel,variant repeated its engine row's junk descriptor
vehicle_variants,22489,REBUILD,VANETTE Box,3.6 L Petrol,variant repeated its engine row's junk descriptor
vehicle_variants,22574,REBUILD,Rear wheelhouse - wheel arch,2.0 L Diesel,variant repeated its engine row's junk descriptor
vehicle_variants,22575,REBUILD,Rear wheelhouse - wheel arch,2.0 L Diesel,variant repeated its engine row's junk descriptor
vehicle_variants,22743,REBUILD,Terminal/Clamp,1.6 L Petrol,variant repeated its engine row's junk descriptor
vehicle_variants,22746,REBUILD,90,2.8 L Diesel,variant repeated its engine row's junk descriptor
vehicle_variants,22747,REBUILD,90,2.8 L Diesel,variant repeated its engine row's junk descriptor
vehicle_variants,22748,REBUILD,90,2.8 L Diesel,variant repeated its engine row's junk descriptor
vehicle_variants,22793,REBUILD,29 L 9,2.8 L Diesel,variant repeated its engine row's junk descriptor
vehicle_variants,22794,REBUILD,29 L 9,2.8 L Diesel,variant repeated its engine row's junk descriptor
vehicle_variants,22958,REBUILD,One D,1.6 L Diesel (One D),variant repeated its engine row's junk descriptor
vehicle_variants,22962,REBUILD,One D,1.6 L Diesel (One D),variant repeated its engine row's junk descriptor
vehicle_variants,22965,REBUILD,Cooper S,1.6 L Petrol (Cooper S),variant repeated its engine row's junk descriptor
vehicle_variants,23010,REBUILD,Water tap,2.0 L Diesel,variant repeated its engine row's junk descriptor
vehicle_variants,23028,REBUILD,One,1.4 L Petrol (One),variant repeated its engine row's junk descriptor
vehicle_variants,23105,REBUILD,SRT-10,8.3 L Petrol,variant repeated its engine row's junk descriptor
vehicle_variants,23167,REBUILD,for vehicles with reinforced brakes,2.0 L Diesel,variant repeated its engine row's junk descriptor
vehicle_variants,23307,REBUILD,Cooper S,1.6 L Petrol (Cooper S),variant repeated its engine row's junk descriptor
vehicle_variants,23316,REBUILD,HHR,6.2 L Petrol,variant repeated its engine row's junk descriptor
vehicle_variants,23508,REBUILD,TRACKER,3.0 L Diesel,variant repeated its engine row's junk descriptor
vehicle_variants,23541,REBUILD,T4,1.6 L Petrol (T4),variant repeated its engine row's junk descriptor
vehicle_variants,23545,REBUILD,D4,2.0 L Diesel (D4),variant repeated its engine row's junk descriptor
vehicle_variants,23574,REBUILD,D5,2.4 L Diesel (D5),variant repeated its engine row's junk descriptor
vehicle_variants,23593,REBUILD,SRT-10,8.3 L Petrol,variant repeated its engine row's junk descriptor
vehicle_variants,23594,REBUILD,SRT-10,8.4 L Petrol,variant repeated its engine row's junk descriptor
vehicle_variants,23636,REBUILD,F50 Coupe (W16_),1.8 L Diesel,variant repeated its engine row's junk descriptor
vehicle_variants,23637,REBUILD,F50 Coupe (W16_),1.8 L Diesel,variant repeated its engine row's junk descriptor
vehicle_variants,23887,REBUILD,IDEA,3.0 L Diesel,variant repeated its engine row's junk descriptor
vehicle_variants,23894,REBUILD,Cooper S,1.6 L Petrol (Cooper S),variant repeated its engine row's junk descriptor
vehicle_variants,24119,REBUILD,LEMANS,1.8 L Petrol,variant repeated its engine row's junk descriptor
vehicle_variants,24133,REBUILD,without tensioner pulley damper,2.1 L Diesel,variant repeated its engine row's junk descriptor
vehicle_variants,24135,REBUILD,without tensioner pulley damper,2.1 L Diesel,variant repeated its engine row's junk descriptor
vehicle_variants,24235,REBUILD,T5,2.5 L Petrol (T5),variant repeated its engine row's junk descriptor
vehicle_variants,24643,REBUILD,MERRIE,5.5 L Petrol,variant repeated its engine row's junk descriptor
vehicle_variants,24698,REBUILD,Phosphatized,1.6 L Diesel,variant repeated its engine row's junk descriptor
vehicle_variants,24701,REBUILD,Cooper S,1.6 L Petrol (Cooper S),variant repeated its engine row's junk descriptor
vehicle_variants,24786,REBUILD,Shackle at brake shoe,3.0 L Diesel,variant repeated its engine row's junk descriptor
vehicle_variants,24787,REBUILD,at release fork,3.5 L Hybrid,variant repeated its engine row's junk descriptor
vehicle_variants,24839,REBUILD,Form Plate at Spring Eye,2.5 L Petrol,variant repeated its engine row's junk descriptor
vehicle_variants,24847,REBUILD,for cabin light,6.0 L Petrol,variant repeated its engine row's junk descriptor
vehicle_variants,24848,REBUILD,HHR,6.2 L Petrol,variant repeated its engine row's junk descriptor
vehicle_variants,24849,REBUILD,HHR,6.2 L Petrol,variant repeated its engine row's junk descriptor
vehicle_variants,24963,REBUILD,not for 6 speed manual transmission,1.5 L Diesel,variant repeated its engine row's junk descriptor
vehicle_variants,24985,REBUILD,Cooper S,1.6 L Petrol (Cooper S),variant repeated its engine row's junk descriptor
vehicle_variants,25039,REBUILD,Strainer,2.7 L Diesel,variant repeated its engine row's junk descriptor
vehicle_variants,25073,REBUILD,STREAM,4.8 L Petrol,variant repeated its engine row's junk descriptor
vehicle_variants,25074,REBUILD,STREAM,4.8 L Petrol,variant repeated its engine row's junk descriptor
vehicle_variants,25123,REBUILD,4,1.8 L Petrol,variant repeated its engine row's junk descriptor
vehicle_variants,25268,REBUILD,D4,2.0 L Diesel (D4),variant repeated its engine row's junk descriptor
vehicle_variants,25271,REBUILD,T5,2.0 L Petrol (T5),variant repeated its engine row's junk descriptor
vehicle_variants,25272,REBUILD,T6,2.0 L Petrol (T6),variant repeated its engine row's junk descriptor
vehicle_variants,25273,REBUILD,D4,2.0 L Diesel (D4),variant repeated its engine row's junk descriptor
vehicle_variants,25275,REBUILD,T5,2.0 L Petrol (T5),variant repeated its engine row's junk descriptor
vehicle_variants,25276,REBUILD,D4,2.0 L Diesel (D4),variant repeated its engine row's junk descriptor
vehicle_variants,25277,REBUILD,T5,2.0 L Petrol (T5),variant repeated its engine row's junk descriptor
vehicle_variants,25278,REBUILD,T6,2.0 L Petrol (T6),variant repeated its engine row's junk descriptor
vehicle_variants,25279,REBUILD,D4,2.0 L Diesel (D4),variant repeated its engine row's junk descriptor
vehicle_variants,25280,REBUILD,T5,2.0 L Petrol (T5),variant repeated its engine row's junk descriptor
vehicle_variants,25302,REBUILD,MALIBU,1.6 L Diesel,variant repeated its engine row's junk descriptor
vehicle_variants,25303,REBUILD,MALIBU,1.6 L Diesel,variant repeated its engine row's junk descriptor
vehicle_variants,25304,REBUILD,MALIBU,1.6 L Diesel,variant repeated its engine row's junk descriptor
vehicle_variants,25314,REBUILD,D4,2.0 L Diesel (D4),variant repeated its engine row's junk descriptor
vehicle_variants,25315,REBUILD,T5,2.0 L Petrol (T5),variant repeated its engine row's junk descriptor
vehicle_variants,25316,REBUILD,T6,2.0 L Petrol (T6),variant repeated its engine row's junk descriptor
vehicle_variants,25317,REBUILD,T5,2.0 L Petrol (T5),variant repeated its engine row's junk descriptor
vehicle_variants,25318,REBUILD,D4,2.0 L Diesel (D4),variant repeated its engine row's junk descriptor
vehicle_variants,25320,REBUILD,F50 Coupe (W16_),1.8 L Diesel,variant repeated its engine row's junk descriptor
vehicle_variants,25460,REBUILD,M3,3.0 L Petrol,variant repeated its engine row's junk descriptor
vehicle_variants,25462,REBUILD,M3,3.0 L Petrol,variant repeated its engine row's junk descriptor
vehicle_variants,25488,REBUILD,MALIBU,1.6 L Diesel,variant repeated its engine row's junk descriptor
vehicle_variants,25506,REBUILD,One,1.2 L Petrol (One),variant repeated its engine row's junk descriptor
vehicle_variants,25587,REBUILD,GAZELLE,5.5 L Petrol,variant repeated its engine row's junk descriptor
vehicle_variants,25643,REBUILD,T5,2.0 L Petrol (T5),variant repeated its engine row's junk descriptor
vehicle_variants,25701,REBUILD,M3,3.0 L Petrol,variant repeated its engine row's junk descriptor
vehicle_variants,25744,REBUILD,X3 (E83),2.0 L Petrol,variant repeated its engine row's junk descriptor
vehicle_variants,25771,REBUILD,D4,2.0 L Diesel (D4),variant repeated its engine row's junk descriptor
vehicle_variants,25772,REBUILD,T5,2.0 L Petrol (T5),variant repeated its engine row's junk descriptor
vehicle_variants,25773,REBUILD,Cooper S,1.6 L Petrol (Cooper S),variant repeated its engine row's junk descriptor
vehicle_variants,25774,REBUILD,Cooper S,1.6 L Petrol (Cooper S),variant repeated its engine row's junk descriptor
vehicle_variants,25902,REBUILD,MATERIA (M4_),1.3 L Petrol,variant repeated its engine row's junk descriptor
vehicle_variants,25956,REBUILD,without lubricating pipe connection,3.0 L Diesel,variant repeated its engine row's junk descriptor
vehicle_variants,25957,REBUILD,without lubricating pipe connection,3.0 L Diesel,variant repeated its engine row's junk descriptor
vehicle_variants,25967,REBUILD,without lubricating pipe connection,3.0 L Diesel,variant repeated its engine row's junk descriptor
vehicle_variants,25968,REBUILD,without lubricating pipe connection,3.0 L Diesel,variant repeated its engine row's junk descriptor
vehicle_variants,25972,REBUILD,D5,2.4 L Diesel (D5),variant repeated its engine row's junk descriptor
vehicle_variants,25973,REBUILD,D5,2.4 L Diesel (D5),variant repeated its engine row's junk descriptor
vehicle_variants,25975,REBUILD,D5,2.4 L Diesel (D5),variant repeated its engine row's junk descriptor
vehicle_variants,25985,REBUILD,MALIBU,1.6 L Diesel,variant repeated its engine row's junk descriptor
vehicle_variants,26200,REBUILD,One,1.2 L Petrol (One),variant repeated its engine row's junk descriptor
vehicle_variants,26271,REBUILD,UNIQUE,1.4 L Petrol,variant repeated its engine row's junk descriptor
vehicle_variants,26292,REBUILD,Inner Thread,2.0 L Petrol,variant repeated its engine row's junk descriptor
vehicle_variants,26293,REBUILD,Inner Thread,2.0 L Petrol,variant repeated its engine row's junk descriptor
vehicle_variants,26319,REBUILD,T5,2.5 L Petrol (T5),variant repeated its engine row's junk descriptor
vehicle_variants,26508,REBUILD,without oil temperature gauge,5.5 L Petrol,variant repeated its engine row's junk descriptor
vehicle_variants,26511,REBUILD,for vehicles with reinforced brakes,2.0 L Diesel,variant repeated its engine row's junk descriptor
vehicle_variants,26520,REBUILD,not for 6 speed manual transmission,1.5 L Diesel,variant repeated its engine row's junk descriptor
vehicle_variants,26522,REBUILD,MALIBU,1.6 L Diesel,variant repeated its engine row's junk descriptor
vehicle_variants,26560,REBUILD,for vehicles with brake booster,1.0 L Petrol,variant repeated its engine row's junk descriptor
vehicle_variants,26651,REBUILD,Sandblast Cabinet,1.6 L Diesel,variant repeated its engine row's junk descriptor
vehicle_variants,26677,REBUILD,without bypass regulator,3.6 L Petrol,variant repeated its engine row's junk descriptor
vehicle_variants,26749,STRIP_MARKER,3.0 TFSI quattro (corr.),3.0 TFSI quattro,provenance stays in data_confidence
vehicle_variants,26765,STRIP_MARKER,3.0 TFSI quattro (corr.),3.0 TFSI quattro,provenance stays in data_confidence
vehicle_variants,26768,STRIP_MARKER,3.0 TFSI quattro (corr.),3.0 TFSI quattro,provenance stays in data_confidence
vehicle_variants,26771,STRIP_MARKER,3.0 TFSI quattro (corr.),3.0 TFSI quattro,provenance stays in data_confidence
vehicle_variants,26871,STRIP_MARKER,3.6 (corr.),3.6,provenance stays in data_confidence
vehicle_variants,26876,STRIP_MARKER,3.6 (corr.),3.6,provenance stays in data_confidence
vehicle_variants,26887,STRIP_MARKER,3.6 (corr.),3.6,provenance stays in data_confidence
vehicle_variants,26911,STRIP_MARKER,3.6 (corr.),3.6,provenance stays in data_confidence
vehicle_variants,26926,STRIP_MARKER,3.6 (corr.),3.6,provenance stays in data_confidence
vehicle_variants,26933,STRIP_MARKER,3.6 (corr.),3.6,provenance stays in data_confidence
vehicle_variants,27036,STRIP_MARKER,2.4 (est.),2.4,provenance stays in data_confidence
vehicle_variants,27314,STRIP_MARKER,2.4 (est.),2.4,provenance stays in data_confidence
vehicle_variants,27322,STRIP_MARKER,2.4 (est.),2.4,provenance stays in data_confidence
vehicle_variants,27462,REBUILD,2 (est.),2.0 L Petrol,variant repeated its engine row's junk descriptor
vehicle_variants,27466,REBUILD,LEMANS,1.8 L Petrol,variant repeated its engine row's junk descriptor
vehicle_variants,27472,STRIP_MARKER,300 SL (corr.),300 SL,provenance stays in data_confidence
vehicle_variants,27473,REBUILD,2 (est.),2.0 L Petrol,variant repeated its engine row's junk descriptor
vehicle_variants,27475,STRIP_MARKER,2 (est.),2,provenance stays in data_confidence
vehicle_variants,27476,STRIP_MARKER,300 SL (corr.),300 SL,provenance stays in data_confidence
vehicle_variants,27478,STRIP_MARKER,4.7 (est.),4.7,provenance stays in data_confidence
vehicle_variants,27479,REBUILD,GAZELLE (corr.),5.5 L Petrol,variant repeated its engine row's junk descriptor
vehicle_variants,27481,STRIP_MARKER,2.1 (est.),2.1,provenance stays in data_confidence
vehicle_variants,27483,STRIP_MARKER,350 (corr.),350,provenance stays in data_confidence
vehicle_variants,27485,STRIP_MARKER,300 SL (corr.),300 SL,provenance stays in data_confidence
vehicle_variants,27489,STRIP_MARKER,4.7 (est.),4.7,provenance stays in data_confidence
vehicle_variants,27491,REBUILD,GAZELLE (corr.),5.5 L Petrol,variant repeated its engine row's junk descriptor
vehicle_variants,27492,REBUILD,at release fork,3.5 L Hybrid,variant repeated its engine row's junk descriptor
vehicle_variants,27496,STRIP_MARKER,300 SL (corr.),300 SL,provenance stays in data_confidence
vehicle_variants,27498,STRIP_MARKER,4.7 (est.),4.7,provenance stays in data_confidence
vehicle_variants,27499,REBUILD,GAZELLE (corr.),5.5 L Petrol,variant repeated its engine row's junk descriptor
vehicle_variants,27500,REBUILD,GAZELLE (corr.),5.5 L Petrol,variant repeated its engine row's junk descriptor
vehicle_variants,27501,REBUILD,2 (est.),2.0 L Petrol,variant repeated its engine row's junk descriptor
vehicle_variants,27502,STRIP_MARKER,2 (est.),2,provenance stays in data_confidence
vehicle_variants,27505,STRIP_MARKER,2.1 (est.),2.1,provenance stays in data_confidence
vehicle_variants,27507,STRIP_MARKER,2.1 (est.),2.1,provenance stays in data_confidence
vehicle_variants,27508,STRIP_MARKER,350 (corr.),350,provenance stays in data_confidence
vehicle_variants,27510,STRIP_MARKER,300 SL (corr.),300 SL,provenance stays in data_confidence
vehicle_variants,27511,REBUILD,GAZELLE (corr.),5.5 L Petrol,variant repeated its engine row's junk descriptor
vehicle_variants,27512,STRIP_MARKER,4.7 (est.),4.7,provenance stays in data_confidence
vehicle_variants,27516,REBUILD,CL 65 AMG (corr.),6.0 L Petrol (CL 65 AMG),variant repeated its engine row's junk descriptor
vehicle_variants,27517,REBUILD,GAZELLE (corr.),5.5 L Petrol,variant repeated its engine row's junk descriptor
vehicle_variants,27519,STRIP_MARKER,CL 65 AMG (corr.),CL 65 AMG,provenance stays in data_confidence
vehicle_variants,27521,STRIP_MARKER,300 SL (corr.),300 SL,provenance stays in data_confidence
vehicle_variants,27522,STRIP_MARKER,4.7 (est.),4.7,provenance stays in data_confidence
vehicle_variants,27523,REBUILD,GAZELLE (corr.),5.5 L Petrol,variant repeated its engine row's junk descriptor
vehicle_variants,27525,REBUILD,LEMANS,1.8 L Petrol,variant repeated its engine row's junk descriptor
vehicle_variants,27529,STRIP_MARKER,350 (corr.),350,provenance stays in data_confidence
vehicle_variants,27531,STRIP_MARKER,2.1 (est.),2.1,provenance stays in data_confidence
vehicle_variants,27532,STRIP_MARKER,C 320 CDI (corr.),C 320 CDI,provenance stays in data_confidence
vehicle_variants,27729,REBUILD,NEDCAR,2.7 L Petrol,variant repeated its engine row's junk descriptor
vehicle_variants,27771,REBUILD,NEDCAR,2.7 L Petrol,variant repeated its engine row's junk descriptor
vehicle_variants,27825,REBUILD,T6,2.0 L Petrol (T6),variant repeated its engine row's junk descriptor
vehicle_variants,27826,REBUILD,3 (est.),3.0 L Petrol,variant repeated its engine row's junk descriptor
vehicle_variants,27827,REBUILD,T5,2.0 L Petrol (T5),variant repeated its engine row's junk descriptor
vehicle_variants,27828,REBUILD,T5,2.0 L Petrol (T5),variant repeated its engine row's junk descriptor
vehicle_variants,27830,REBUILD,T5,2.5 L Petrol (T5),variant repeated its engine row's junk descriptor
vehicle_variants,27833,REBUILD,T5,2.0 L Petrol (T5),variant repeated its engine row's junk descriptor
vehicle_variants,27834,REBUILD,3 (est.),3.0 L Petrol,variant repeated its engine row's junk descriptor
vehicle_variants,27836,REBUILD,T5,2.5 L Petrol (T5),variant repeated its engine row's junk descriptor
vehicle_variants,27837,REBUILD,3 (est.),3.0 L Petrol,variant repeated its engine row's junk descriptor
vehicle_variants,27839,REBUILD,T5,2.0 L Petrol (T5),variant repeated its engine row's junk descriptor
vehicle_variants,27840,STRIP_MARKER,3.2 (corr.),3.2,provenance stays in data_confidence
vehicle_variants,27842,REBUILD,T5,2.5 L Petrol (T5),variant repeated its engine row's junk descriptor
vehicle_variants,27843,REBUILD,3 (est.),3.0 L Petrol,variant repeated its engine row's junk descriptor
vehicle_variants,27845,REBUILD,T6,2.0 L Petrol (T6),variant repeated its engine row's junk descriptor
vehicle_variants,27847,STRIP_MARKER,3.2 (corr.),3.2,provenance stays in data_confidence
vehicle_variants,27848,REBUILD,T5,2.0 L Petrol (T5),variant repeated its engine row's junk descriptor
vehicle_variants,27851,REBUILD,3 (est.),3.0 L Petrol,variant repeated its engine row's junk descriptor
vehicle_variants,27879,STRIP_MARKER,3.0 TFSI quattro (corr.),3.0 TFSI quattro,provenance stays in data_confidence
vehicle_variants,27892,STRIP_MARKER,3.0 TFSI quattro (corr.),3.0 TFSI quattro,provenance stays in data_confidence
vehicle_variants,27896,STRIP_MARKER,3.0 TFSI quattro (corr.),3.0 TFSI quattro,provenance stays in data_confidence
vehicle_variants,27897,STRIP_MARKER,3.0 TFSI quattro (corr.),3.0 TFSI quattro,provenance stays in data_confidence
vehicle_variants,27901,STRIP_MARKER,3.0 TFSI quattro (corr.),3.0 TFSI quattro,provenance stays in data_confidence
vehicle_variants,27910,STRIP_MARKER,3.0 TFSI quattro (corr.),3.0 TFSI quattro,provenance stays in data_confidence
vehicle_variants,27917,STRIP_MARKER,3.0 TFSI quattro (corr.),3.0 TFSI quattro,provenance stays in data_confidence
vehicle_variants,27921,STRIP_MARKER,3.0 TFSI quattro (corr.),3.0 TFSI quattro,provenance stays in data_confidence
vehicle_variants,27932,STRIP_MARKER,3.0 TFSI quattro (corr.),3.0 TFSI quattro,provenance stays in data_confidence
vehicle_variants,28018,STRIP_MARKER,3.6 (corr.),3.6,provenance stays in data_confidence
vehicle_variants,28024,STRIP_MARKER,3.6 (corr.),3.6,provenance stays in data_confidence
vehicle_variants,28032,STRIP_MARKER,3.6 (corr.),3.6,provenance stays in data_confidence
vehicle_variants,28047,STRIP_MARKER,3.6 (corr.),3.6,provenance stays in data_confidence
vehicle_variants,28063,STRIP_MARKER,3.6 (corr.),3.6,provenance stays in data_confidence
vehicle_variants,28074,STRIP_MARKER,3.6 (corr.),3.6,provenance stays in data_confidence
vehicle_variants,28080,STRIP_MARKER,3.6 (corr.),3.6,provenance stays in data_confidence
vehicle_variants,28095,STRIP_MARKER,3.6 (corr.),3.6,provenance stays in data_confidence
vehicle_variants,28101,STRIP_MARKER,3.6 (corr.),3.6,provenance stays in data_confidence
vehicle_variants,28137,STRIP_MARKER,3.6 (corr.),3.6,provenance stays in data_confidence
vehicle_variants,28151,STRIP_MARKER,3.6 (corr.),3.6,provenance stays in data_confidence
vehicle_variants,28156,STRIP_MARKER,3.6 (corr.),3.6,provenance stays in data_confidence
vehicle_variants,28233,STRIP_MARKER,2.4 (est.),2.4,provenance stays in data_confidence
vehicle_variants,28271,STRIP_MARKER,2.4 (est.),2.4,provenance stays in data_confidence
vehicle_variants,28617,STRIP_MARKER,2.4 (est.),2.4,provenance stays in data_confidence
vehicle_variants,28625,STRIP_MARKER,2.4 (est.),2.4,provenance stays in data_confidence
vehicle_variants,28644,STRIP_MARKER,2.4 (est.),2.4,provenance stays in data_confidence
vehicle_variants,28778,REBUILD,2 (est.),2.0 L Petrol,variant repeated its engine row's junk descriptor
vehicle_variants,28781,STRIP_MARKER,300 SL (corr.),300 SL,provenance stays in data_confidence
vehicle_variants,28783,REBUILD,2 (est.),2.0 L Petrol,variant repeated its engine row's junk descriptor
vehicle_variants,28784,STRIP_MARKER,300 SL (corr.),300 SL,provenance stays in data_confidence
vehicle_variants,28785,STRIP_MARKER,2 (est.),2,provenance stays in data_confidence
vehicle_variants,28786,STRIP_MARKER,4.7 (est.),4.7,provenance stays in data_confidence
vehicle_variants,28787,REBUILD,GAZELLE (corr.),5.5 L Petrol,variant repeated its engine row's junk descriptor
vehicle_variants,28788,STRIP_MARKER,2.1 (est.),2.1,provenance stays in data_confidence
vehicle_variants,28789,STRIP_MARKER,350 (corr.),350,provenance stays in data_confidence
vehicle_variants,28790,STRIP_MARKER,300 SL (corr.),300 SL,provenance stays in data_confidence
vehicle_variants,28791,STRIP_MARKER,4.7 (est.),4.7,provenance stays in data_confidence
vehicle_variants,28792,REBUILD,GAZELLE (corr.),5.5 L Petrol,variant repeated its engine row's junk descriptor
vehicle_variants,28794,REBUILD,GAZELLE (corr.),5.5 L Petrol,variant repeated its engine row's junk descriptor
vehicle_variants,28796,REBUILD,GAZELLE (corr.),5.5 L Petrol,variant repeated its engine row's junk descriptor
vehicle_variants,28797,STRIP_MARKER,4.7 (est.),4.7,provenance stays in data_confidence
vehicle_variants,28798,STRIP_MARKER,300 SL (corr.),300 SL,provenance stays in data_confidence
vehicle_variants,28799,REBUILD,2 (est.),2.0 L Petrol,variant repeated its engine row's junk descriptor
vehicle_variants,28801,STRIP_MARKER,2 (est.),2,provenance stays in data_confidence
vehicle_variants,28802,STRIP_MARKER,C 320 CDI (corr.),C 320 CDI,provenance stays in data_confidence
vehicle_variants,28804,STRIP_MARKER,350 (corr.),350,provenance stays in data_confidence
vehicle_variants,28806,STRIP_MARKER,300 SL (corr.),300 SL,provenance stays in data_confidence
vehicle_variants,28807,REBUILD,GAZELLE (corr.),5.5 L Petrol,variant repeated its engine row's junk descriptor
vehicle_variants,28810,STRIP_MARKER,4.7 (est.),4.7,provenance stays in data_confidence
vehicle_variants,28812,REBUILD,CL 65 AMG (corr.),6.0 L Petrol (CL 65 AMG),variant repeated its engine row's junk descriptor
vehicle_variants,28814,REBUILD,GAZELLE (corr.),5.5 L Petrol,variant repeated its engine row's junk descriptor
vehicle_variants,28815,STRIP_MARKER,CL 65 AMG (corr.),CL 65 AMG,provenance stays in data_confidence
vehicle_variants,28816,STRIP_MARKER,300 SL (corr.),300 SL,provenance stays in data_confidence
vehicle_variants,28817,STRIP_MARKER,4.7 (est.),4.7,provenance stays in data_confidence
vehicle_variants,28820,REBUILD,GAZELLE (corr.),5.5 L Petrol,variant repeated its engine row's junk descriptor
vehicle_variants,28821,STRIP_MARKER,350 (corr.),350,provenance stays in data_confidence
vehicle_variants,28823,STRIP_MARKER,2.1 (est.),2.1,provenance stays in data_confidence
vehicle_variants,28824,STRIP_MARKER,C 320 CDI (corr.),C 320 CDI,provenance stays in data_confidence
vehicle_variants,28828,STRIP_MARKER,300 SL (corr.),300 SL,provenance stays in data_confidence
vehicle_variants,28831,REBUILD,2 (est.),2.0 L Petrol,variant repeated its engine row's junk descriptor
vehicle_variants,28832,STRIP_MARKER,2 (est.),2,provenance stays in data_confidence
vehicle_variants,28833,STRIP_MARKER,300 SL (corr.),300 SL,provenance stays in data_confidence
vehicle_variants,28834,STRIP_MARKER,4.7 (est.),4.7,provenance stays in data_confidence
vehicle_variants,28835,REBUILD,GAZELLE (corr.),5.5 L Petrol,variant repeated its engine row's junk descriptor
vehicle_variants,28837,STRIP_MARKER,300 SL (corr.),300 SL,provenance stays in data_confidence
vehicle_variants,28838,STRIP_MARKER,300 SL (corr.),300 SL,provenance stays in data_confidence
vehicle_variants,28842,REBUILD,GAZELLE (corr.),5.5 L Petrol,variant repeated its engine row's junk descriptor
vehicle_variants,28843,REBUILD,2 (est.),2.0 L Petrol,variant repeated its engine row's junk descriptor
vehicle_variants,28844,STRIP_MARKER,2 (est.),2,provenance stays in data_confidence
vehicle_variants,28846,STRIP_MARKER,300 SL (corr.),300 SL,provenance stays in data_confidence
vehicle_variants,28847,STRIP_MARKER,350 (corr.),350,provenance stays in data_confidence
vehicle_variants,28848,STRIP_MARKER,300 SL (corr.),300 SL,provenance stays in data_confidence
vehicle_variants,28849,STRIP_MARKER,300 SL (corr.),300 SL,provenance stays in data_confidence
vehicle_variants,28850,REBUILD,GAZELLE (corr.),5.5 L Petrol,variant repeated its engine row's junk descriptor
vehicle_variants,28852,STRIP_MARKER,C 320 CDI (corr.),C 320 CDI,provenance stays in data_confidence
vehicle_variants,28853,STRIP_MARKER,300 SL (corr.),300 SL,provenance stays in data_confidence
vehicle_variants,28854,STRIP_MARKER,4.7 (est.),4.7,provenance stays in data_confidence
vehicle_variants,28855,REBUILD,GAZELLE (corr.),5.5 L Petrol,variant repeated its engine row's junk descriptor
vehicle_variants,28858,STRIP_MARKER,4.7 (est.),4.7,provenance stays in data_confidence
vehicle_variants,28860,REBUILD,GAZELLE (corr.),5.5 L Petrol,variant repeated its engine row's junk descriptor
vehicle_variants,28861,REBUILD,CL 65 AMG (corr.),6.0 L Petrol (CL 65 AMG),variant repeated its engine row's junk descriptor
vehicle_variants,28862,STRIP_MARKER,CL 65 AMG (corr.),CL 65 AMG,provenance stays in data_confidence
vehicle_variants,28863,STRIP_MARKER,4.7 (est.),4.7,provenance stays in data_confidence
vehicle_variants,28864,STRIP_MARKER,300 SL (corr.),300 SL,provenance stays in data_confidence
vehicle_variants,28865,REBUILD,GAZELLE (corr.),5.5 L Petrol,variant repeated its engine row's junk descriptor
vehicle_variants,28868,STRIP_MARKER,2.1 (est.),2.1,provenance stays in data_confidence
vehicle_variants,28869,STRIP_MARKER,C 320 CDI (corr.),C 320 CDI,provenance stays in data_confidence
vehicle_variants,28870,STRIP_MARKER,300 SL (corr.),300 SL,provenance stays in data_confidence
vehicle_variants,29010,REBUILD,NEDCAR,2.7 L Petrol,variant repeated its engine row's junk descriptor
vehicle_variants,29024,REBUILD,NEDCAR,2.7 L Petrol,variant repeated its engine row's junk descriptor
vehicle_variants,29037,REBUILD,NEDCAR,2.7 L Petrol,variant repeated its engine row's junk descriptor
vehicle_variants,29097,REBUILD,T5,2.5 L Petrol (T5),variant repeated its engine row's junk descriptor
vehicle_variants,29098,REBUILD,T5,2.0 L Petrol (T5),variant repeated its engine row's junk descriptor
vehicle_variants,29101,REBUILD,3 (est.),3.0 L Petrol,variant repeated its engine row's junk descriptor
vehicle_variants,29102,REBUILD,T6,2.0 L Petrol (T6),variant repeated its engine row's junk descriptor
vehicle_variants,29105,REBUILD,T5,2.0 L Petrol (T5),variant repeated its engine row's junk descriptor
vehicle_variants,29106,REBUILD,T5,2.0 L Petrol (T5),variant repeated its engine row's junk descriptor
vehicle_variants,29108,REBUILD,T5,2.5 L Petrol (T5),variant repeated its engine row's junk descriptor
vehicle_variants,29109,REBUILD,3 (est.),3.0 L Petrol,variant repeated its engine row's junk descriptor
vehicle_variants,29111,REBUILD,T6,2.0 L Petrol (T6),variant repeated its engine row's junk descriptor
vehicle_variants,29112,REBUILD,T5,2.0 L Petrol (T5),variant repeated its engine row's junk descriptor
vehicle_variants,29114,REBUILD,T5,2.5 L Petrol (T5),variant repeated its engine row's junk descriptor
vehicle_variants,29115,REBUILD,T6,2.0 L Petrol (T6),variant repeated its engine row's junk descriptor
vehicle_variants,29116,REBUILD,3 (est.),3.0 L Petrol,variant repeated its engine row's junk descriptor
vehicle_variants,29118,REBUILD,T5,2.0 L Petrol (T5),variant repeated its engine row's junk descriptor
vehicle_variants,29119,REBUILD,T5,2.5 L Petrol (T5),variant repeated its engine row's junk descriptor
vehicle_variants,29121,REBUILD,T5,2.0 L Petrol (T5),variant repeated its engine row's junk descriptor
vehicle_variants,29125,REBUILD,T5,2.0 L Petrol (T5),variant repeated its engine row's junk descriptor
vehicle_variants,29127,REBUILD,T5,2.0 L Petrol (T5),variant repeated its engine row's junk descriptor
vehicle_variants,29163,STRIP_MARKER,2.4 (corr.),2.4,provenance stays in data_confidence
vehicle_variants,29310,STRIP_MARKER,3.8 (est.),3.8,provenance stays in data_confidence
vehicle_variants,29311,STRIP_MARKER,3.8 (est.),3.8,provenance stays in data_confidence
vehicle_variants,29313,STRIP_MARKER,3.8 (est.),3.8,provenance stays in data_confidence
vehicle_variants,29314,STRIP_MARKER,3.8 (est.),3.8,provenance stays in data_confidence
vehicle_variants,29315,STRIP_MARKER,3.8 (est.),3.8,provenance stays in data_confidence
vehicle_variants,29317,STRIP_MARKER,3.8 (est.),3.8,provenance stays in data_confidence
vehicle_variants,29318,STRIP_MARKER,3.8 (est.),3.8,provenance stays in data_confidence
vehicle_variants,29320,STRIP_MARKER,3.8 (est.),3.8,provenance stays in data_confidence
vehicle_variants,29321,STRIP_MARKER,3.8 (est.),3.8,provenance stays in data_confidence
vehicle_variants,29323,STRIP_MARKER,3.8 (est.),3.8,provenance stays in data_confidence
vehicle_variants,29325,STRIP_MARKER,3.8 (est.),3.8,provenance stays in data_confidence
vehicle_variants,29326,STRIP_MARKER,3.8 (est.),3.8,provenance stays in data_confidence
vehicle_variants,29328,STRIP_MARKER,3.8 (est.),3.8,provenance stays in data_confidence
vehicle_variants,29330,STRIP_MARKER,3.8 (est.),3.8,provenance stays in data_confidence
vehicle_variants,29332,STRIP_MARKER,3.8 (est.),3.8,provenance stays in data_confidence
vehicle_variants,29364,STRIP_MARKER,4.6 (corr.),4.6,provenance stays in data_confidence
vehicle_variants,29367,STRIP_MARKER,4.6 (corr.),4.6,provenance stays in data_confidence
vehicle_variants,29375,STRIP_MARKER,3.8 (est.),3.8,provenance stays in data_confidence
vehicle_variants,29386,STRIP_MARKER,3.8 (est.),3.8,provenance stays in data_confidence
vehicle_variants,29393,STRIP_MARKER,3.8 (est.),3.8,provenance stays in data_confidence
vehicle_variants,29422,STRIP_MARKER,3.8 (est.),3.8,provenance stays in data_confidence
vehicle_variants,29434,STRIP_MARKER,3.8 (est.),3.8,provenance stays in data_confidence
vehicle_variants,29439,STRIP_MARKER,3.8 (est.),3.8,provenance stays in data_confidence
vehicle_variants,29470,STRIP_MARKER,3.8 (est.),3.8,provenance stays in data_confidence
vehicle_variants,29485,STRIP_MARKER,3.8 (est.),3.8,provenance stays in data_confidence
vehicle_variants,29488,STRIP_MARKER,3.8 (est.),3.8,provenance stays in data_confidence
vehicle_variants,29525,STRIP_MARKER,3.8 (est.),3.8,provenance stays in data_confidence
vehicle_variants,29527,STRIP_MARKER,3.8 (est.),3.8,provenance stays in data_confidence
vehicle_variants,29560,STRIP_MARKER,4.8 (est.),4.8,provenance stays in data_confidence
vehicle_variants,29569,STRIP_MARKER,3.8 (est.),3.8,provenance stays in data_confidence
vehicle_variants,29573,STRIP_MARKER,3.8 (est.),3.8,provenance stays in data_confidence
vehicle_variants,29764,STRIP_MARKER,3.7 (est.),3.7,provenance stays in data_confidence
vehicle_variants,30160,STRIP_MARKER,1.7 (est.),1.7,provenance stays in data_confidence
vehicle_variants,30172,STRIP_MARKER,1.7 (est.),1.7,provenance stays in data_confidence
vehicle_variants,30179,STRIP_MARKER,1.7 (est.),1.7,provenance stays in data_confidence
vehicle_variants,30187,STRIP_MARKER,1.7 (est.),1.7,provenance stays in data_confidence
vehicle_variants,30197,STRIP_MARKER,2.4 (corr.),2.4,provenance stays in data_confidence
vehicle_variants,30203,STRIP_MARKER,2.4 (corr.),2.4,provenance stays in data_confidence
vehicle_variants,30205,STRIP_MARKER,2.4 (corr.),2.4,provenance stays in data_confidence
vehicle_variants,30212,STRIP_MARKER,2.4 (corr.),2.4,provenance stays in data_confidence
vehicle_variants,30214,STRIP_MARKER,2.4 (corr.),2.4,provenance stays in data_confidence
vehicle_variants,30219,STRIP_MARKER,2.4 (corr.),2.4,provenance stays in data_confidence
vehicle_variants,30222,STRIP_MARKER,2.4 (corr.),2.4,provenance stays in data_confidence
vehicle_variants,30229,STRIP_MARKER,2.4 (corr.),2.4,provenance stays in data_confidence
vehicle_variants,30232,STRIP_MARKER,2.4 (corr.),2.4,provenance stays in data_confidence
vehicle_variants,30353,STRIP_MARKER,2.4 (corr.),2.4,provenance stays in data_confidence
vehicle_variants,30359,STRIP_MARKER,2.4 (corr.),2.4,provenance stays in data_confidence
vehicle_variants,30367,STRIP_MARKER,2.4 (corr.),2.4,provenance stays in data_confidence
vehicle_variants,30416,STRIP_MARKER,3.3 (corr.),3.3,provenance stays in data_confidence
vehicle_variants,30418,STRIP_MARKER,3.3 (corr.),3.3,provenance stays in data_confidence
vehicle_variants,30641,STRIP_MARKER,2.4 (corr.),2.4,provenance stays in data_confidence
vehicle_variants,30647,STRIP_MARKER,2.4 (corr.),2.4,provenance stays in data_confidence
vehicle_variants,30654,STRIP_MARKER,2.4 (corr.),2.4,provenance stays in data_confidence
vehicle_variants,30660,STRIP_MARKER,2.4 (corr.),2.4,provenance stays in data_confidence
vehicle_variants,30743,STRIP_MARKER,3.0 TFSI quattro (corr.),3.0 TFSI quattro,provenance stays in data_confidence
vehicle_variants,30775,STRIP_MARKER,330 i (corr.),330 i,provenance stays in data_confidence
vehicle_variants,30776,STRIP_MARKER,330 i (corr.),330 i,provenance stays in data_confidence
vehicle_variants,30780,STRIP_MARKER,330 i (corr.),330 i,provenance stays in data_confidence
vehicle_variants,30789,REBUILD,M,5.0 L Petrol,variant repeated its engine row's junk descriptor
vehicle_variants,30790,REBUILD,M,5.0 L Petrol,variant repeated its engine row's junk descriptor
vehicle_variants,30806,STRIP_MARKER,330 i (corr.),330 i,provenance stays in data_confidence
vehicle_variants,30814,REBUILD,M,5.0 L Petrol,variant repeated its engine row's junk descriptor
vehicle_variants,30815,REBUILD,M,5.0 L Petrol,variant repeated its engine row's junk descriptor
vehicle_variants,30841,REBUILD,M,4.0 L Petrol,variant repeated its engine row's junk descriptor
vehicle_variants,30842,REBUILD,M,5.0 L Petrol,variant repeated its engine row's junk descriptor
vehicle_variants,30843,REBUILD,M,5.0 L Petrol,variant repeated its engine row's junk descriptor
vehicle_variants,30869,REBUILD,M,4.0 L Petrol,variant repeated its engine row's junk descriptor
vehicle_variants,30870,REBUILD,M,5.0 L Petrol,variant repeated its engine row's junk descriptor
vehicle_variants,30871,REBUILD,M,5.0 L Petrol,variant repeated its engine row's junk descriptor
vehicle_variants,30884,STRIP_MARKER,3.8 (est.),3.8,provenance stays in data_confidence
vehicle_variants,30885,STRIP_MARKER,3.8 (est.),3.8,provenance stays in data_confidence
vehicle_variants,30938,STRIP_MARKER,4.6 (corr.),4.6,provenance stays in data_confidence
vehicle_variants,30939,STRIP_MARKER,4.6 (corr.),4.6,provenance stays in data_confidence
vehicle_variants,30940,STRIP_MARKER,4.6 (corr.),4.6,provenance stays in data_confidence
vehicle_variants,30947,STRIP_MARKER,4.6 (corr.),4.6,provenance stays in data_confidence
vehicle_variants,30949,STRIP_MARKER,4.6 (corr.),4.6,provenance stays in data_confidence
vehicle_variants,30951,STRIP_MARKER,4.6 (corr.),4.6,provenance stays in data_confidence
vehicle_variants,30958,STRIP_MARKER,4.6 (corr.),4.6,provenance stays in data_confidence
vehicle_variants,30961,STRIP_MARKER,4.6 (corr.),4.6,provenance stays in data_confidence
vehicle_variants,30964,STRIP_MARKER,4.6 (corr.),4.6,provenance stays in data_confidence
vehicle_variants,30969,STRIP_MARKER,4.6 (corr.),4.6,provenance stays in data_confidence
vehicle_variants,30972,STRIP_MARKER,4.6 (corr.),4.6,provenance stays in data_confidence
vehicle_variants,30973,STRIP_MARKER,4.6 (corr.),4.6,provenance stays in data_confidence
vehicle_variants,30982,STRIP_MARKER,4.6 (corr.),4.6,provenance stays in data_confidence
vehicle_variants,30984,STRIP_MARKER,4.6 (corr.),4.6,provenance stays in data_confidence
vehicle_variants,30985,STRIP_MARKER,4.6 (corr.),4.6,provenance stays in data_confidence
vehicle_variants,30999,STRIP_MARKER,4.8 (est.),4.8,provenance stays in data_confidence
vehicle_variants,31011,STRIP_MARKER,3.8 (est.),3.8,provenance stays in data_confidence
vehicle_variants,31015,STRIP_MARKER,3.8 (est.),3.8,provenance stays in data_confidence
vehicle_variants,31042,STRIP_MARKER,4.8 (est.),4.8,provenance stays in data_confidence
vehicle_variants,31277,STRIP_MARKER,2.4 (est.),2.4,provenance stays in data_confidence
vehicle_variants,31279,STRIP_MARKER,3.5 (corr.),3.5,provenance stays in data_confidence
vehicle_variants,31291,STRIP_MARKER,2.4 (est.),2.4,provenance stays in data_confidence
vehicle_variants,31293,STRIP_MARKER,3.5 (corr.),3.5,provenance stays in data_confidence
vehicle_variants,31304,STRIP_MARKER,2.4 (est.),2.4,provenance stays in data_confidence
vehicle_variants,31306,STRIP_MARKER,3.5 (corr.),3.5,provenance stays in data_confidence
vehicle_variants,31388,STRIP_MARKER,3.5 (corr.),3.5,provenance stays in data_confidence
vehicle_variants,31389,STRIP_MARKER,2.4 (est.),2.4,provenance stays in data_confidence
vehicle_variants,31391,STRIP_MARKER,2.4 (est.),2.4,provenance stays in data_confidence
vehicle_variants,31420,STRIP_MARKER,2.4 (est.),2.4,provenance stays in data_confidence
vehicle_variants,31422,STRIP_MARKER,3.5 (corr.),3.5,provenance stays in data_confidence
vehicle_variants,31425,STRIP_MARKER,2.4 (est.),2.4,provenance stays in data_confidence
vehicle_variants,31791,STRIP_MARKER,1.7 (est.),1.7,provenance stays in data_confidence
vehicle_variants,31850,STRIP_MARKER,2.4 (corr.),2.4,provenance stays in data_confidence
vehicle_variants,32040,STRIP_MARKER,2.4 (corr.),2.4,provenance stays in data_confidence
vehicle_variants,32124,STRIP_MARKER,3.3 (corr.),3.3,provenance stays in data_confidence
vehicle_variants,32126,STRIP_MARKER,3.3 (corr.),3.3,provenance stays in data_confidence
vehicle_variants,32132,STRIP_MARKER,3.3 (corr.),3.3,provenance stays in data_confidence
vehicle_variants,32134,STRIP_MARKER,3.3 (corr.),3.3,provenance stays in data_confidence
vehicle_variants,32287,STRIP_MARKER,350 (corr.),350,provenance stays in data_confidence
vehicle_variants,32321,REBUILD,HHR (corr.),6.2 L Petrol,variant repeated its engine row's junk descriptor
vehicle_variants,32322,STRIP_MARKER,350 (corr.),350,provenance stays in data_confidence
vehicle_variants,32351,REBUILD,HHR,6.2 L Petrol,variant repeated its engine row's junk descriptor
vehicle_variants,32360,REBUILD,HHR (corr.),6.2 L Petrol,variant repeated its engine row's junk descriptor
vehicle_variants,32364,STRIP_MARKER,350 (corr.),350,provenance stays in data_confidence
vehicle_variants,32370,REBUILD,GAZELLE (corr.),5.5 L Petrol,variant repeated its engine row's junk descriptor
vehicle_variants,32373,REBUILD,GAZELLE (corr.),5.5 L Petrol,variant repeated its engine row's junk descriptor
vehicle_variants,32391,REBUILD,HHR,6.2 L Petrol,variant repeated its engine row's junk descriptor
vehicle_variants,32400,REBUILD,HHR (corr.),6.2 L Petrol,variant repeated its engine row's junk descriptor
vehicle_variants,32402,STRIP_MARKER,350 (corr.),350,provenance stays in data_confidence
vehicle_variants,32410,REBUILD,GAZELLE (corr.),5.5 L Petrol,variant repeated its engine row's junk descriptor
vehicle_variants,32412,REBUILD,GAZELLE (corr.),5.5 L Petrol,variant repeated its engine row's junk descriptor
vehicle_variants,32855,STRIP_MARKER,3.3 (corr.),3.3,provenance stays in data_confidence
vehicle_variants,32860,STRIP_MARKER,3.3 (corr.),3.3,provenance stays in data_confidence
vehicle_variants,32867,STRIP_MARKER,3.3 (corr.),3.3,provenance stays in data_confidence
vehicle_variants,32877,STRIP_MARKER,3.3 (corr.),3.3,provenance stays in data_confidence
vehicle_variants,32880,STRIP_MARKER,3.3 (corr.),3.3,provenance stays in data_confidence
vehicle_variants,32887,STRIP_MARKER,3.3 (corr.),3.3,provenance stays in data_confidence
vehicle_variants,32897,STRIP_MARKER,3.3 (corr.),3.3,provenance stays in data_confidence
vehicle_variants,32901,STRIP_MARKER,3.3 (corr.),3.3,provenance stays in data_confidence
vehicle_variants,32920,STRIP_MARKER,3.3 (corr.),3.3,provenance stays in data_confidence
vehicle_variants,32924,STRIP_MARKER,3.3 (corr.),3.3,provenance stays in data_confidence
vehicle_variants,32947,REBUILD,NEDCAR,2.7 L Petrol,variant repeated its engine row's junk descriptor
vehicle_variants,32949,STRIP_MARKER,3.3 (corr.),3.3,provenance stays in data_confidence
vehicle_variants,32964,REBUILD,NEDCAR,2.7 L Petrol,variant repeated its engine row's junk descriptor
vehicle_variants,33061,REBUILD,T5,2.5 L Petrol (T5),variant repeated its engine row's junk descriptor
vehicle_variants,33069,REBUILD,T5,2.5 L Petrol (T5),variant repeated its engine row's junk descriptor
vehicle_variants,33157,STRIP_MARKER,3.0 TFSI quattro (corr.),3.0 TFSI quattro,provenance stays in data_confidence
vehicle_variants,33159,STRIP_MARKER,3.0 TFSI quattro (corr.),3.0 TFSI quattro,provenance stays in data_confidence
vehicle_variants,33175,STRIP_MARKER,3.0 TFSI quattro (corr.),3.0 TFSI quattro,provenance stays in data_confidence
vehicle_variants,33176,STRIP_MARKER,3.0 TFSI quattro (corr.),3.0 TFSI quattro,provenance stays in data_confidence
vehicle_variants,33199,STRIP_MARKER,3.0 TFSI quattro (corr.),3.0 TFSI quattro,provenance stays in data_confidence
vehicle_variants,33202,STRIP_MARKER,3.0 TFSI quattro (corr.),3.0 TFSI quattro,provenance stays in data_confidence
vehicle_variants,33229,STRIP_MARKER,3.0 TFSI quattro (corr.),3.0 TFSI quattro,provenance stays in data_confidence
vehicle_variants,33231,STRIP_MARKER,3.0 TFSI quattro (corr.),3.0 TFSI quattro,provenance stays in data_confidence
vehicle_variants,33256,STRIP_MARKER,3.0 TFSI quattro (corr.),3.0 TFSI quattro,provenance stays in data_confidence
vehicle_variants,33263,STRIP_MARKER,3.0 TFSI quattro (corr.),3.0 TFSI quattro,provenance stays in data_confidence
vehicle_variants,33264,STRIP_MARKER,3.0 TFSI quattro (corr.),3.0 TFSI quattro,provenance stays in data_confidence
vehicle_variants,33268,STRIP_MARKER,3.0 TFSI quattro (corr.),3.0 TFSI quattro,provenance stays in data_confidence
vehicle_variants,33295,REBUILD,M,4.0 L Petrol,variant repeated its engine row's junk descriptor
vehicle_variants,33296,REBUILD,M,5.0 L Petrol,variant repeated its engine row's junk descriptor
vehicle_variants,33297,REBUILD,M,5.0 L Petrol,variant repeated its engine row's junk descriptor
vehicle_variants,33333,REBUILD,M,4.0 L Petrol,variant repeated its engine row's junk descriptor
vehicle_variants,33392,REBUILD,M,4.0 L Petrol,variant repeated its engine row's junk descriptor
vehicle_variants,33442,REBUILD,M,4.0 L Petrol,variant repeated its engine row's junk descriptor
vehicle_variants,33527,STRIP_MARKER,3.6 (corr.),3.6,provenance stays in data_confidence
vehicle_variants,33537,STRIP_MARKER,3.6 (corr.),3.6,provenance stays in data_confidence
vehicle_variants,33540,STRIP_MARKER,3.6 (corr.),3.6,provenance stays in data_confidence
vehicle_variants,33552,STRIP_MARKER,3.6 (corr.),3.6,provenance stays in data_confidence
vehicle_variants,33560,STRIP_MARKER,4.6 (corr.),4.6,provenance stays in data_confidence
vehicle_variants,33562,STRIP_MARKER,3.6 (corr.),3.6,provenance stays in data_confidence
vehicle_variants,33573,STRIP_MARKER,3.6 (corr.),3.6,provenance stays in data_confidence
vehicle_variants,33580,STRIP_MARKER,3.6 (corr.),3.6,provenance stays in data_confidence
vehicle_variants,33583,STRIP_MARKER,3.6 (corr.),3.6,provenance stays in data_confidence
vehicle_variants,33591,STRIP_MARKER,3.6 (corr.),3.6,provenance stays in data_confidence
vehicle_variants,33594,STRIP_MARKER,3.6 (corr.),3.6,provenance stays in data_confidence
vehicle_variants,33601,STRIP_MARKER,6.2 (corr.),6.2,provenance stays in data_confidence
vehicle_variants,33703,STRIP_MARKER,3.6 (corr.),3.6,provenance stays in data_confidence
vehicle_variants,33730,STRIP_MARKER,3.6 (corr.),3.6,provenance stays in data_confidence
vehicle_variants,33762,STRIP_MARKER,3.6 (corr.),3.6,provenance stays in data_confidence
vehicle_variants,33778,STRIP_MARKER,3.6 (corr.),3.6,provenance stays in data_confidence
vehicle_variants,33786,STRIP_MARKER,3.6 (corr.),3.6,provenance stays in data_confidence
vehicle_variants,33817,STRIP_MARKER,3.6 (corr.),3.6,provenance stays in data_confidence
vehicle_variants,33824,STRIP_MARKER,3.6 (corr.),3.6,provenance stays in data_confidence
vehicle_variants,33833,STRIP_MARKER,3.6 (corr.),3.6,provenance stays in data_confidence
vehicle_variants,33844,STRIP_MARKER,3.6 (corr.),3.6,provenance stays in data_confidence
vehicle_variants,33874,STRIP_MARKER,2.4 (est.),2.4,provenance stays in data_confidence
vehicle_variants,33877,STRIP_MARKER,3.5 (corr.),3.5,provenance stays in data_confidence
vehicle_variants,33881,STRIP_MARKER,2.4 (est.),2.4,provenance stays in data_confidence
vehicle_variants,33909,STRIP_MARKER,2.4 (est.),2.4,provenance stays in data_confidence
vehicle_variants,33915,STRIP_MARKER,2.4 (est.),2.4,provenance stays in data_confidence
vehicle_variants,33917,STRIP_MARKER,3.5 (corr.),3.5,provenance stays in data_confidence
vehicle_variants,33920,STRIP_MARKER,2.4 (est.),2.4,provenance stays in data_confidence
vehicle_variants,33942,STRIP_MARKER,2.4 (est.),2.4,provenance stays in data_confidence
vehicle_variants,33986,STRIP_MARKER,2.4 (est.),2.4,provenance stays in data_confidence
vehicle_variants,34029,STRIP_MARKER,2.4 (est.),2.4,provenance stays in data_confidence
vehicle_variants,34073,STRIP_MARKER,2.4 (est.),2.4,provenance stays in data_confidence
vehicle_variants,34754,STRIP_MARKER,2.4 (est.),2.4,provenance stays in data_confidence
vehicle_variants,34760,STRIP_MARKER,2.4 (est.),2.4,provenance stays in data_confidence
vehicle_variants,34767,STRIP_MARKER,2.4 (est.),2.4,provenance stays in data_confidence
vehicle_variants,34775,STRIP_MARKER,2.4 (est.),2.4,provenance stays in data_confidence
vehicle_variants,35040,REBUILD,HHR,6.2 L Petrol,variant repeated its engine row's junk descriptor
vehicle_variants,35044,REBUILD,HHR (corr.),6.2 L Petrol,variant repeated its engine row's junk descriptor
vehicle_variants,35046,STRIP_MARKER,350 (corr.),350,provenance stays in data_confidence
vehicle_variants,35053,REBUILD,GAZELLE (corr.),5.5 L Petrol,variant repeated its engine row's junk descriptor
vehicle_variants,35059,REBUILD,GAZELLE (corr.),5.5 L Petrol,variant repeated its engine row's junk descriptor
vehicle_variants,35062,STRIP_MARKER,4.7 (est.),4.7,provenance stays in data_confidence
vehicle_variants,35073,REBUILD,HHR,6.2 L Petrol,variant repeated its engine row's junk descriptor
vehicle_variants,35075,STRIP_MARKER,4.7 (est.),4.7,provenance stays in data_confidence
vehicle_variants,35076,STRIP_MARKER,350 (corr.),350,provenance stays in data_confidence
vehicle_variants,35077,REBUILD,GAZELLE (corr.),5.5 L Petrol,variant repeated its engine row's junk descriptor
vehicle_variants,35078,REBUILD,GAZELLE (corr.),5.5 L Petrol,variant repeated its engine row's junk descriptor
vehicle_variants,35088,REBUILD,GAZELLE (corr.),5.5 L Petrol,variant repeated its engine row's junk descriptor
vehicle_variants,35091,REBUILD,GAZELLE (corr.),5.5 L Petrol,variant repeated its engine row's junk descriptor
vehicle_variants,35095,STRIP_MARKER,4.7 (est.),4.7,provenance stays in data_confidence
vehicle_variants,35106,REBUILD,LEMANS,1.8 L Petrol,variant repeated its engine row's junk descriptor
vehicle_variants,35110,REBUILD,HHR,6.2 L Petrol,variant repeated its engine row's junk descriptor
vehicle_variants,35111,STRIP_MARKER,4.7 (est.),4.7,provenance stays in data_confidence
vehicle_variants,35113,REBUILD,GAZELLE (corr.),5.5 L Petrol,variant repeated its engine row's junk descriptor
vehicle_variants,35114,STRIP_MARKER,4.7 (est.),4.7,provenance stays in data_confidence
vehicle_variants,35115,REBUILD,GAZELLE (corr.),5.5 L Petrol,variant repeated its engine row's junk descriptor
vehicle_variants,35116,STRIP_MARKER,350 (corr.),350,provenance stays in data_confidence
vehicle_variants,35117,STRIP_MARKER,4.7 (est.),4.7,provenance stays in data_confidence
vehicle_variants,35118,REBUILD,GAZELLE (corr.),5.5 L Petrol,variant repeated its engine row's junk descriptor
vehicle_variants,35122,REBUILD,GAZELLE (corr.),5.5 L Petrol,variant repeated its engine row's junk descriptor
vehicle_variants,35124,STRIP_MARKER,350 (corr.),350,provenance stays in data_confidence
vehicle_variants,35125,STRIP_MARKER,4.7 (est.),4.7,provenance stays in data_confidence
vehicle_variants,35126,REBUILD,GAZELLE (corr.),5.5 L Petrol,variant repeated its engine row's junk descriptor
vehicle_variants,35129,STRIP_MARKER,C 320 CDI (corr.),C 320 CDI,provenance stays in data_confidence
vehicle_variants,35130,STRIP_MARKER,4.7 (est.),4.7,provenance stays in data_confidence
vehicle_variants,35132,REBUILD,GAZELLE (corr.),5.5 L Petrol,variant repeated its engine row's junk descriptor
vehicle_variants,35134,REBUILD,LEMANS,1.8 L Petrol,variant repeated its engine row's junk descriptor
vehicle_variants,35136,REBUILD,GAZELLE (corr.),5.5 L Petrol,variant repeated its engine row's junk descriptor
vehicle_variants,35137,STRIP_MARKER,350 (corr.),350,provenance stays in data_confidence
vehicle_variants,35142,REBUILD,LEMANS,1.8 L Petrol,variant repeated its engine row's junk descriptor
vehicle_variants,35143,REBUILD,2 (est.),2.0 L Petrol,variant repeated its engine row's junk descriptor
vehicle_variants,35145,REBUILD,GAZELLE (corr.),5.5 L Petrol,variant repeated its engine row's junk descriptor
vehicle_variants,35146,REBUILD,HHR,6.2 L Petrol,variant repeated its engine row's junk descriptor
vehicle_variants,35147,STRIP_MARKER,4.7 (est.),4.7,provenance stays in data_confidence
vehicle_variants,35149,STRIP_MARKER,4.7 (est.),4.7,provenance stays in data_confidence
vehicle_variants,35151,REBUILD,GAZELLE (corr.),5.5 L Petrol,variant repeated its engine row's junk descriptor
vehicle_variants,35152,STRIP_MARKER,350 (corr.),350,provenance stays in data_confidence
vehicle_variants,35153,STRIP_MARKER,300 SL (corr.),300 SL,provenance stays in data_confidence
vehicle_variants,35154,STRIP_MARKER,4.7 (est.),4.7,provenance stays in data_confidence
vehicle_variants,35155,REBUILD,GAZELLE (corr.),5.5 L Petrol,variant repeated its engine row's junk descriptor
vehicle_variants,35156,REBUILD,GAZELLE (corr.),5.5 L Petrol,variant repeated its engine row's junk descriptor
vehicle_variants,35159,STRIP_MARKER,4.7 (est.),4.7,provenance stays in data_confidence
vehicle_variants,35160,STRIP_MARKER,4.7 (est.),4.7,provenance stays in data_confidence
vehicle_variants,35162,STRIP_MARKER,2.1 (est.),2.1,provenance stays in data_confidence
vehicle_variants,35163,STRIP_MARKER,350 (corr.),350,provenance stays in data_confidence
vehicle_variants,35164,STRIP_MARKER,4.7 (est.),4.7,provenance stays in data_confidence
vehicle_variants,35165,REBUILD,GAZELLE (corr.),5.5 L Petrol,variant repeated its engine row's junk descriptor
vehicle_variants,35166,STRIP_MARKER,C 320 CDI (corr.),C 320 CDI,provenance stays in data_confidence
vehicle_variants,35167,STRIP_MARKER,4.7 (est.),4.7,provenance stays in data_confidence
vehicle_variants,35170,REBUILD,GAZELLE (corr.),5.5 L Petrol,variant repeated its engine row's junk descriptor
vehicle_variants,35172,STRIP_MARKER,4.7 (est.),4.7,provenance stays in data_confidence
vehicle_variants,35173,REBUILD,GAZELLE (corr.),5.5 L Petrol,variant repeated its engine row's junk descriptor
vehicle_variants,35175,REBUILD,LEMANS,1.8 L Petrol,variant repeated its engine row's junk descriptor
vehicle_variants,35177,STRIP_MARKER,350 (corr.),350,provenance stays in data_confidence
vehicle_variants,35181,REBUILD,LEMANS,1.8 L Petrol,variant repeated its engine row's junk descriptor
vehicle_variants,35184,REBUILD,2 (est.),2.0 L Petrol,variant repeated its engine row's junk descriptor
vehicle_variants,35185,REBUILD,HHR,6.2 L Petrol,variant repeated its engine row's junk descriptor
vehicle_variants,35186,STRIP_MARKER,4.7 (est.),4.7,provenance stays in data_confidence
vehicle_variants,35188,REBUILD,GAZELLE (corr.),5.5 L Petrol,variant repeated its engine row's junk descriptor
vehicle_variants,35190,STRIP_MARKER,2 (est.),2,provenance stays in data_confidence
vehicle_variants,35191,REBUILD,2 (est.),2.0 L Petrol,variant repeated its engine row's junk descriptor
vehicle_variants,35192,STRIP_MARKER,4.7 (est.),4.7,provenance stays in data_confidence
vehicle_variants,35193,REBUILD,GAZELLE (corr.),5.5 L Petrol,variant repeated its engine row's junk descriptor
vehicle_variants,35194,STRIP_MARKER,2.1 (est.),2.1,provenance stays in data_confidence
vehicle_variants,35195,STRIP_MARKER,350 (corr.),350,provenance stays in data_confidence
vehicle_variants,35197,STRIP_MARKER,4.7 (est.),4.7,provenance stays in data_confidence
vehicle_variants,35198,STRIP_MARKER,300 SL (corr.),300 SL,provenance stays in data_confidence
vehicle_variants,35199,REBUILD,GAZELLE (corr.),5.5 L Petrol,variant repeated its engine row's junk descriptor
vehicle_variants,35202,STRIP_MARKER,4.7 (est.),4.7,provenance stays in data_confidence
vehicle_variants,35203,STRIP_MARKER,4.7 (est.),4.7,provenance stays in data_confidence
vehicle_variants,35204,REBUILD,GAZELLE (corr.),5.5 L Petrol,variant repeated its engine row's junk descriptor
vehicle_variants,35205,REBUILD,GAZELLE (corr.),5.5 L Petrol,variant repeated its engine row's junk descriptor
vehicle_variants,35206,STRIP_MARKER,2.1 (est.),2.1,provenance stays in data_confidence
vehicle_variants,35208,STRIP_MARKER,350 (corr.),350,provenance stays in data_confidence
vehicle_variants,35209,STRIP_MARKER,4.7 (est.),4.7,provenance stays in data_confidence
vehicle_variants,35210,REBUILD,GAZELLE (corr.),5.5 L Petrol,variant repeated its engine row's junk descriptor
vehicle_variants,35211,STRIP_MARKER,4.7 (est.),4.7,provenance stays in data_confidence
vehicle_variants,35212,REBUILD,GAZELLE (corr.),5.5 L Petrol,variant repeated its engine row's junk descriptor
vehicle_variants,35213,STRIP_MARKER,4.7 (est.),4.7,provenance stays in data_confidence
vehicle_variants,35214,REBUILD,GAZELLE (corr.),5.5 L Petrol,variant repeated its engine row's junk descriptor
vehicle_variants,35215,REBUILD,LEMANS,1.8 L Petrol,variant repeated its engine row's junk descriptor
vehicle_variants,35217,STRIP_MARKER,350 (corr.),350,provenance stays in data_confidence
vehicle_variants,35220,STRIP_MARKER,2.1 (est.),2.1,provenance stays in data_confidence
vehicle_variants,35221,STRIP_MARKER,C 320 CDI (corr.),C 320 CDI,provenance stays in data_confidence
vehicle_variants,35642,STRIP_MARKER,3.0 TFSI quattro (corr.),3.0 TFSI quattro,provenance stays in data_confidence
vehicle_variants,35644,STRIP_MARKER,3.0 TFSI quattro (corr.),3.0 TFSI quattro,provenance stays in data_confidence
vehicle_variants,35645,STRIP_MARKER,3.0 TFSI quattro (corr.),3.0 TFSI quattro,provenance stays in data_confidence
vehicle_variants,35654,STRIP_MARKER,3.0 TFSI quattro (corr.),3.0 TFSI quattro,provenance stays in data_confidence
vehicle_variants,35656,STRIP_MARKER,3.0 TFSI quattro (corr.),3.0 TFSI quattro,provenance stays in data_confidence
vehicle_variants,35660,STRIP_MARKER,3.0 TFSI quattro (corr.),3.0 TFSI quattro,provenance stays in data_confidence
vehicle_variants,35667,STRIP_MARKER,3.0 TFSI quattro (corr.),3.0 TFSI quattro,provenance stays in data_confidence
vehicle_variants,35669,STRIP_MARKER,3.0 TFSI quattro (corr.),3.0 TFSI quattro,provenance stays in data_confidence
vehicle_variants,35670,STRIP_MARKER,3.0 TFSI quattro (corr.),3.0 TFSI quattro,provenance stays in data_confidence
vehicle_variants,35677,STRIP_MARKER,3.0 TFSI quattro (corr.),3.0 TFSI quattro,provenance stays in data_confidence
vehicle_variants,35680,STRIP_MARKER,3.0 TFSI quattro (corr.),3.0 TFSI quattro,provenance stays in data_confidence
vehicle_variants,35681,STRIP_MARKER,3.0 TFSI quattro (corr.),3.0 TFSI quattro,provenance stays in data_confidence
vehicle_variants,35682,STRIP_MARKER,3.0 TFSI quattro (corr.),3.0 TFSI quattro,provenance stays in data_confidence
vehicle_variants,35690,STRIP_MARKER,3.0 TFSI quattro (corr.),3.0 TFSI quattro,provenance stays in data_confidence
vehicle_variants,35694,STRIP_MARKER,3.0 TFSI quattro (corr.),3.0 TFSI quattro,provenance stays in data_confidence
vehicle_variants,35695,STRIP_MARKER,3.0 TFSI quattro (corr.),3.0 TFSI quattro,provenance stays in data_confidence
vehicle_variants,35702,STRIP_MARKER,3.0 TFSI quattro (corr.),3.0 TFSI quattro,provenance stays in data_confidence
vehicle_variants,35706,STRIP_MARKER,3.0 TFSI quattro (corr.),3.0 TFSI quattro,provenance stays in data_confidence
vehicle_variants,35707,STRIP_MARKER,3.0 TFSI quattro (corr.),3.0 TFSI quattro,provenance stays in data_confidence
vehicle_variants,35711,STRIP_MARKER,3.0 TFSI quattro (corr.),3.0 TFSI quattro,provenance stays in data_confidence
vehicle_variants,35725,STRIP_MARKER,3.0 TFSI quattro (corr.),3.0 TFSI quattro,provenance stays in data_confidence
vehicle_variants,35729,STRIP_MARKER,3.0 TFSI quattro (corr.),3.0 TFSI quattro,provenance stays in data_confidence
vehicle_variants,35730,STRIP_MARKER,3.0 TFSI quattro (corr.),3.0 TFSI quattro,provenance stays in data_confidence
vehicle_variants,35738,STRIP_MARKER,3.0 TFSI quattro (corr.),3.0 TFSI quattro,provenance stays in data_confidence
vehicle_variants,35743,STRIP_MARKER,3.0 TFSI quattro (corr.),3.0 TFSI quattro,provenance stays in data_confidence
vehicle_variants,35744,STRIP_MARKER,3.0 TFSI quattro (corr.),3.0 TFSI quattro,provenance stays in data_confidence
vehicle_variants,35748,STRIP_MARKER,3.0 TFSI quattro (corr.),3.0 TFSI quattro,provenance stays in data_confidence
vehicle_variants,35763,STRIP_MARKER,3.0 TFSI quattro (corr.),3.0 TFSI quattro,provenance stays in data_confidence
vehicle_variants,35766,STRIP_MARKER,3.0 TFSI quattro (corr.),3.0 TFSI quattro,provenance stays in data_confidence
vehicle_variants,35767,STRIP_MARKER,3.0 TFSI quattro (corr.),3.0 TFSI quattro,provenance stays in data_confidence
vehicle_variants,35774,STRIP_MARKER,3.0 TFSI quattro (corr.),3.0 TFSI quattro,provenance stays in data_confidence
vehicle_variants,35777,STRIP_MARKER,3.0 TFSI quattro (corr.),3.0 TFSI quattro,provenance stays in data_confidence
vehicle_variants,35778,STRIP_MARKER,3.0 TFSI quattro (corr.),3.0 TFSI quattro,provenance stays in data_confidence
vehicle_variants,35781,STRIP_MARKER,3.0 TFSI quattro (corr.),3.0 TFSI quattro,provenance stays in data_confidence
vehicle_variants,35796,STRIP_MARKER,3.0 TFSI quattro (corr.),3.0 TFSI quattro,provenance stays in data_confidence
vehicle_variants,35800,STRIP_MARKER,3.0 TFSI quattro (corr.),3.0 TFSI quattro,provenance stays in data_confidence
vehicle_variants,35802,STRIP_MARKER,3.0 TFSI quattro (corr.),3.0 TFSI quattro,provenance stays in data_confidence
vehicle_variants,35810,STRIP_MARKER,3.0 TFSI quattro (corr.),3.0 TFSI quattro,provenance stays in data_confidence
vehicle_variants,35814,STRIP_MARKER,3.0 TFSI quattro (corr.),3.0 TFSI quattro,provenance stays in data_confidence
vehicle_variants,35815,STRIP_MARKER,3.0 TFSI quattro (corr.),3.0 TFSI quattro,provenance stays in data_confidence
vehicle_variants,35819,STRIP_MARKER,3.0 TFSI quattro (corr.),3.0 TFSI quattro,provenance stays in data_confidence
vehicle_variants,35832,STRIP_MARKER,3.0 TFSI quattro (corr.),3.0 TFSI quattro,provenance stays in data_confidence
vehicle_variants,35836,STRIP_MARKER,3.0 TFSI quattro (corr.),3.0 TFSI quattro,provenance stays in data_confidence
vehicle_variants,35838,STRIP_MARKER,3.0 TFSI quattro (corr.),3.0 TFSI quattro,provenance stays in data_confidence
vehicle_variants,35846,STRIP_MARKER,3.0 TFSI quattro (corr.),3.0 TFSI quattro,provenance stays in data_confidence
vehicle_variants,35850,STRIP_MARKER,3.0 TFSI quattro (corr.),3.0 TFSI quattro,provenance stays in data_confidence
vehicle_variants,35851,STRIP_MARKER,3.0 TFSI quattro (corr.),3.0 TFSI quattro,provenance stays in data_confidence
vehicle_variants,35855,STRIP_MARKER,3.0 TFSI quattro (corr.),3.0 TFSI quattro,provenance stays in data_confidence
vehicle_variants,35862,STRIP_MARKER,3.0 TFSI quattro (corr.),3.0 TFSI quattro,provenance stays in data_confidence
vehicle_variants,35866,STRIP_MARKER,3.0 TFSI quattro (corr.),3.0 TFSI quattro,provenance stays in data_confidence
vehicle_variants,35867,STRIP_MARKER,3.0 TFSI quattro (corr.),3.0 TFSI quattro,provenance stays in data_confidence
vehicle_variants,35875,STRIP_MARKER,3.0 TFSI quattro (corr.),3.0 TFSI quattro,provenance stays in data_confidence
vehicle_variants,35879,STRIP_MARKER,3.0 TFSI quattro (corr.),3.0 TFSI quattro,provenance stays in data_confidence
vehicle_variants,35880,STRIP_MARKER,3.0 TFSI quattro (corr.),3.0 TFSI quattro,provenance stays in data_confidence
vehicle_variants,35883,STRIP_MARKER,3.0 TFSI quattro (corr.),3.0 TFSI quattro,provenance stays in data_confidence
vehicle_variants,36250,STRIP_MARKER,3.6 (corr.),3.6,provenance stays in data_confidence
vehicle_variants,36262,STRIP_MARKER,3.6 (corr.),3.6,provenance stays in data_confidence
vehicle_variants,36280,STRIP_MARKER,3.6 (corr.),3.6,provenance stays in data_confidence
vehicle_variants,36823,STRIP_MARKER,2.4 (est.),2.4,provenance stays in data_confidence
vehicle_variants,36861,STRIP_MARKER,2.4 (est.),2.4,provenance stays in data_confidence
vehicle_variants,36898,STRIP_MARKER,2.4 (est.),2.4,provenance stays in data_confidence
vehicle_variants,38896,STRIP_MARKER,300 SL (corr.),300 SL,provenance stays in data_confidence
vehicle_variants,38899,REBUILD,2 (est.),2.0 L Petrol,variant repeated its engine row's junk descriptor
vehicle_variants,38900,STRIP_MARKER,2 (est.),2,provenance stays in data_confidence
vehicle_variants,38901,STRIP_MARKER,4.7 (est.),4.7,provenance stays in data_confidence
vehicle_variants,38902,REBUILD,GAZELLE (corr.),5.5 L Petrol,variant repeated its engine row's junk descriptor
vehicle_variants,38904,STRIP_MARKER,300 SL (corr.),300 SL,provenance stays in data_confidence
vehicle_variants,38905,STRIP_MARKER,300 SL (corr.),300 SL,provenance stays in data_confidence
vehicle_variants,38909,REBUILD,GAZELLE (corr.),5.5 L Petrol,variant repeated its engine row's junk descriptor
vehicle_variants,38910,REBUILD,2 (est.),2.0 L Petrol,variant repeated its engine row's junk descriptor
vehicle_variants,38911,STRIP_MARKER,2 (est.),2,provenance stays in data_confidence
vehicle_variants,38913,STRIP_MARKER,300 SL (corr.),300 SL,provenance stays in data_confidence
vehicle_variants,38916,STRIP_MARKER,350 (corr.),350,provenance stays in data_confidence
vehicle_variants,38917,STRIP_MARKER,300 SL (corr.),300 SL,provenance stays in data_confidence
vehicle_variants,38919,REBUILD,GAZELLE (corr.),5.5 L Petrol,variant repeated its engine row's junk descriptor
vehicle_variants,38920,STRIP_MARKER,4.7 (est.),4.7,provenance stays in data_confidence
vehicle_variants,38921,STRIP_MARKER,300 SL (corr.),300 SL,provenance stays in data_confidence
vehicle_variants,38922,REBUILD,GAZELLE (corr.),5.5 L Petrol,variant repeated its engine row's junk descriptor
vehicle_variants,38928,STRIP_MARKER,CL 65 AMG (corr.),CL 65 AMG,provenance stays in data_confidence
vehicle_variants,38929,STRIP_MARKER,300 SL (corr.),300 SL,provenance stays in data_confidence
vehicle_variants,38930,STRIP_MARKER,4.7 (est.),4.7,provenance stays in data_confidence
vehicle_variants,38931,REBUILD,GAZELLE (corr.),5.5 L Petrol,variant repeated its engine row's junk descriptor
vehicle_variants,38935,STRIP_MARKER,300 SL (corr.),300 SL,provenance stays in data_confidence
vehicle_variants,38938,STRIP_MARKER,300 SL (corr.),300 SL,provenance stays in data_confidence
vehicle_variants,38948,REBUILD,GAZELLE (corr.),5.5 L Petrol,variant repeated its engine row's junk descriptor
vehicle_variants,38949,REBUILD,2 (est.),2.0 L Petrol,variant repeated its engine row's junk descriptor
vehicle_variants,38951,STRIP_MARKER,2 (est.),2,provenance stays in data_confidence
vehicle_variants,38953,STRIP_MARKER,300 SL (corr.),300 SL,provenance stays in data_confidence
vehicle_variants,38956,STRIP_MARKER,300 SL (corr.),300 SL,provenance stays in data_confidence
vehicle_variants,38957,STRIP_MARKER,300 SL (corr.),300 SL,provenance stays in data_confidence
vehicle_variants,38958,REBUILD,GAZELLE (corr.),5.5 L Petrol,variant repeated its engine row's junk descriptor
vehicle_variants,38959,STRIP_MARKER,300 SL (corr.),300 SL,provenance stays in data_confidence
vehicle_variants,38960,STRIP_MARKER,4.7 (est.),4.7,provenance stays in data_confidence
vehicle_variants,38962,REBUILD,GAZELLE (corr.),5.5 L Petrol,variant repeated its engine row's junk descriptor
vehicle_variants,38968,STRIP_MARKER,CL 65 AMG (corr.),CL 65 AMG,provenance stays in data_confidence
vehicle_variants,38969,REBUILD,GAZELLE (corr.),5.5 L Petrol,variant repeated its engine row's junk descriptor
vehicle_variants,38970,STRIP_MARKER,300 SL (corr.),300 SL,provenance stays in data_confidence
vehicle_variants,38971,STRIP_MARKER,4.7 (est.),4.7,provenance stays in data_confidence
vehicle_variants,38973,STRIP_MARKER,300 SL (corr.),300 SL,provenance stays in data_confidence
vehicle_variants,38974,STRIP_MARKER,C 320 CDI (corr.),C 320 CDI,provenance stays in data_confidence
vehicle_variants,38980,STRIP_MARKER,300 SL (corr.),300 SL,provenance stays in data_confidence
vehicle_variants,38996,STRIP_MARKER,300 SL (corr.),300 SL,provenance stays in data_confidence
vehicle_variants,39010,STRIP_MARKER,CL 65 AMG (corr.),CL 65 AMG,provenance stays in data_confidence
vehicle_variants,39011,STRIP_MARKER,300 SL (corr.),300 SL,provenance stays in data_confidence
vehicle_variants,39014,STRIP_MARKER,300 SL (corr.),300 SL,provenance stays in data_confidence
vehicle_variants,39016,STRIP_MARKER,2.1 (est.),2.1,provenance stays in data_confidence
vehicle_variants,39017,STRIP_MARKER,C 320 CDI (corr.),C 320 CDI,provenance stays in data_confidence
vehicle_variants,39022,STRIP_MARKER,300 SL (corr.),300 SL,provenance stays in data_confidence
vehicle_variants,39041,STRIP_MARKER,300 SL (corr.),300 SL,provenance stays in data_confidence
vehicle_variants,39059,STRIP_MARKER,C 320 CDI (corr.),C 320 CDI,provenance stays in data_confidence
vehicle_variants,39060,STRIP_MARKER,2.1 (est.),2.1,provenance stays in data_confidence
vehicle_variants,39082,STRIP_MARKER,300 SL (corr.),300 SL,provenance stays in data_confidence
vehicle_variants,39099,STRIP_MARKER,C 320 CDI (corr.),C 320 CDI,provenance stays in data_confidence
vehicle_variants,39100,STRIP_MARKER,2.1 (est.),2.1,provenance stays in data_confidence
vehicle_variants,39126,STRIP_MARKER,300 SL (corr.),300 SL,provenance stays in data_confidence
vehicle_variants,39615,REBUILD,NEDCAR,2.7 L Petrol,variant repeated its engine row's junk descriptor
vehicle_variants,39644,REBUILD,NEDCAR,2.7 L Petrol,variant repeated its engine row's junk descriptor
vehicle_variants,39955,REBUILD,T5,2.0 L Petrol (T5),variant repeated its engine row's junk descriptor
vehicle_variants,39962,REBUILD,T5,2.0 L Petrol (T5),variant repeated its engine row's junk descriptor
