model_id,brand_name,model_name,years_span,image_url,image_source_page,image_match_name,image_match_score,image_match_method,image_source,image_credit,image_license
131,Aston Martin,AR1,,https://commons.wikimedia.org/wiki/Special:FilePath/Aston%20Martin%20DB%20AR1.jpg?width=1024,http://www.wikidata.org/entity/Q223599,DB AR1,0.58,family,wikidata,,
134,Aston Martin,DB AR1,2003-2004,https://commons.wikimedia.org/wiki/Special:FilePath/Aston%20Martin%20DB%20AR1.jpg?width=1024,http://www.wikidata.org/entity/Q223599,DB AR1,1.0,exact,wikidata,,
138,Aston Martin,DB12,2023-2026,https://commons.wikimedia.org/wiki/Special:FilePath/DB2-Vantage-Seite-Vorn.jpg?width=1024,http://www.wikidata.org/entity/Q283346,DB2,0.514,fuzzy,wikidata,,
140,Aston Martin,DB2,,https://commons.wikimedia.org/wiki/Special:FilePath/DB2-Vantage-Seite-Vorn.jpg?width=1024,http://www.wikidata.org/entity/Q283346,DB2,1.0,exact,wikidata,,
141,Aston Martin,DB2/4,,https://commons.wikimedia.org/wiki/Special:FilePath/DB2-Vantage-Seite-Vorn.jpg?width=1024,http://www.wikidata.org/entity/Q283346,DB2,0.77,family,wikidata,,
143,Aston Martin,DB3S,,https://commons.wikimedia.org/wiki/Special:FilePath/AstonMartinDB-S-1969-avant.jpg?width=1024,http://www.wikidata.org/entity/Q181496,DBS,0.514,fuzzy,wikidata,,
144,Aston Martin,DB4,,https://commons.wikimedia.org/wiki/Special:FilePath/Aston%20Martin%20DB%204%2C%20Bj.%201960%20%282008-06-28%29.JPG?width=1024,http://www.wikidata.org/entity/Q290857,DB4,1.0,exact,wikidata,,
148,Aston Martin,DB7,1993-2004,https://commons.wikimedia.org/wiki/Special:FilePath/1997%20Aston%20Martin%20DB7%20Auto%202.jpg?width=1024,http://www.wikidata.org/entity/Q507385,DB7,1.0,exact,wikidata,,
5944,Aston Martin,DB7 COUPE,2002,https://commons.wikimedia.org/wiki/Special:FilePath/1997%20Aston%20Martin%20DB7%20Auto%202.jpg?width=1024,http://www.wikidata.org/entity/Q507385,DB7,0.92,family,wikidata,,
149,Aston Martin,DB7 VANTAGE,,https://commons.wikimedia.org/wiki/Special:FilePath/1997%20Aston%20Martin%20DB7%20Auto%202.jpg?width=1024,http://www.wikidata.org/entity/Q507385,DB7,0.6,family,wikidata,,
150,Aston Martin,DB7 VOLANTE,1996-2003,https://commons.wikimedia.org/wiki/Special:FilePath/1997%20Aston%20Martin%20DB7%20Auto%202.jpg?width=1024,http://www.wikidata.org/entity/Q507385,DB7,0.6,family,wikidata,,
151,Aston Martin,DB7 ZAGATO,,https://commons.wikimedia.org/wiki/Special:FilePath/1997%20Aston%20Martin%20DB7%20Auto%202.jpg?width=1024,http://www.wikidata.org/entity/Q507385,DB7,0.6,family,wikidata,,
154,Aston Martin,DBS,2007-2011,https://commons.wikimedia.org/wiki/Special:FilePath/AstonMartinDB-S-1969-avant.jpg?width=1024,http://www.wikidata.org/entity/Q181496,DBS,1.0,exact,wikidata,,
155,Aston Martin,DBS (2007–2012),,https://commons.wikimedia.org/wiki/Special:FilePath/AstonMartinDB-S-1969-avant.jpg?width=1024,http://www.wikidata.org/entity/Q181496,DBS,0.6,family,wikidata,,
156,Aston Martin,DBS (CLASSIC),,https://commons.wikimedia.org/wiki/Special:FilePath/AstonMartinDB-S-1969-avant.jpg?width=1024,http://www.wikidata.org/entity/Q181496,DBS,0.6,family,wikidata,,
6141,Aston Martin,DBS COUPE,2006,https://commons.wikimedia.org/wiki/Special:FilePath/AstonMartinDB-S-1969-avant.jpg?width=1024,http://www.wikidata.org/entity/Q181496,DBS,0.92,family,wikidata,,
157,Aston Martin,DBS SUPERLEGGERA,,https://commons.wikimedia.org/wiki/Special:FilePath/AstonMartinDB-S-1969-avant.jpg?width=1024,http://www.wikidata.org/entity/Q181496,DBS,0.6,family,wikidata,,
158,Aston Martin,DBS VOLANTE,2009-2012,https://commons.wikimedia.org/wiki/Special:FilePath/AstonMartinDB-S-1969-avant.jpg?width=1024,http://www.wikidata.org/entity/Q181496,DBS,0.6,family,wikidata,,
161,Aston Martin,LAGONDA TARAF,,https://commons.wikimedia.org/wiki/Special:FilePath/Rapide%2002.jpg?width=1024,http://www.wikidata.org/entity/Q1410060,Lagonda Rapide,0.6,family,wikidata,,
162,Aston Martin,LAGONDA VISION CONCEPT,,https://commons.wikimedia.org/wiki/Special:FilePath/Rapide%2002.jpg?width=1024,http://www.wikidata.org/entity/Q1410060,Lagonda Rapide,0.6,family,wikidata,,
164,Aston Martin,RAPIDE,2010,https://commons.wikimedia.org/wiki/Special:FilePath/Rapide%2002.jpg?width=1024,http://www.wikidata.org/entity/Q1410060,Lagonda Rapide,0.54,family,wikidata,,
168,Aston Martin,V12 SPEEDSTER,2020-2022,https://commons.wikimedia.org/wiki/Special:FilePath/2008%20Aston%20Martin%20DBS%20V12%20Coupe%20%2825819693093%29.jpg?width=1024,http://www.wikidata.org/entity/Q204633,DBS V12,0.46,code,wikidata,,
169,Aston Martin,V12 VANTAGE,2009-2013,https://commons.wikimedia.org/wiki/Special:FilePath/2008%20Aston%20Martin%20DBS%20V12%20Coupe%20%2825819693093%29.jpg?width=1024,http://www.wikidata.org/entity/Q204633,DBS V12,0.48,code,wikidata,,
172,Aston Martin,V12 VANTAGE S,2013,https://commons.wikimedia.org/wiki/Special:FilePath/2008%20Aston%20Martin%20DBS%20V12%20Coupe%20%2825819693093%29.jpg?width=1024,http://www.wikidata.org/entity/Q204633,DBS V12,0.46,code,wikidata,,
174,Aston Martin,V12 ZAGATO,2012,https://commons.wikimedia.org/wiki/Special:FilePath/2008%20Aston%20Martin%20DBS%20V12%20Coupe%20%2825819693093%29.jpg?width=1024,http://www.wikidata.org/entity/Q204633,DBS V12,0.492,code,wikidata,,
176,Aston Martin,V8 VANTAGE,2005-2014,https://commons.wikimedia.org/wiki/Special:FilePath/1978%20Aston%20Martin%20V8%20%28Series%203%29%205340%20cc%20at%20Horsham%20English%20Festival%202018%20a.jpg?width=1024,http://www.wikidata.org/entity/Q510849,V8,0.6,family,wikidata,,
177,Aston Martin,V8 VANTAGE (1977–1989),,https://commons.wikimedia.org/wiki/Special:FilePath/1978%20Aston%20Martin%20V8%20%28Series%203%29%205340%20cc%20at%20Horsham%20English%20Festival%202018%20a.jpg?width=1024,http://www.wikidata.org/entity/Q510849,V8,0.6,family,wikidata,,
178,Aston Martin,V8 VANTAGE (2005–2017),,https://commons.wikimedia.org/wiki/Special:FilePath/1978%20Aston%20Martin%20V8%20%28Series%203%29%205340%20cc%20at%20Horsham%20English%20Festival%202018%20a.jpg?width=1024,http://www.wikidata.org/entity/Q510849,V8,0.6,family,wikidata,,
179,Aston Martin,V8 VANTAGE (2018–),,https://commons.wikimedia.org/wiki/Special:FilePath/1978%20Aston%20Martin%20V8%20%28Series%203%29%205340%20cc%20at%20Horsham%20English%20Festival%202018%20a.jpg?width=1024,http://www.wikidata.org/entity/Q510849,V8,0.6,family,wikidata,,
180,Aston Martin,V8 VANTAGE ROADSTER,2006-2014,https://commons.wikimedia.org/wiki/Special:FilePath/1978%20Aston%20Martin%20V8%20%28Series%203%29%205340%20cc%20at%20Horsham%20English%20Festival%202018%20a.jpg?width=1024,http://www.wikidata.org/entity/Q510849,V8,0.6,family,wikidata,,
181,Aston Martin,V8 VANTAGE S,2011-2012,https://commons.wikimedia.org/wiki/Special:FilePath/1978%20Aston%20Martin%20V8%20%28Series%203%29%205340%20cc%20at%20Horsham%20English%20Festival%202018%20a.jpg?width=1024,http://www.wikidata.org/entity/Q510849,V8,0.6,family,wikidata,,
182,Aston Martin,V8 VANTAGE S ROADSTER,2011,https://commons.wikimedia.org/wiki/Special:FilePath/1978%20Aston%20Martin%20V8%20%28Series%203%29%205340%20cc%20at%20Horsham%20English%20Festival%202018%20a.jpg?width=1024,http://www.wikidata.org/entity/Q510849,V8,0.6,family,wikidata,,
183,Aston Martin,V8 VOLANTE,1978-2014,https://commons.wikimedia.org/wiki/Special:FilePath/1978%20Aston%20Martin%20V8%20%28Series%203%29%205340%20cc%20at%20Horsham%20English%20Festival%202018%20a.jpg?width=1024,http://www.wikidata.org/entity/Q510849,V8,0.6,family,wikidata,,
204,Audi,100 C1,,https://img.7zap.com/images/oem/models/Audi_100_C4_Typ_4A.webp,https://7zap.com/en/catalog/cars/audi/100-c4-typ-4a-facelift-parts-catalog/,100 C4 (Typ 4A) Facelift (1994),0.614,family,,,
205,Audi,100 C2,,https://img.7zap.com/images/oem/models/Audi_100_C4_Typ_4A.webp,https://7zap.com/en/catalog/cars/audi/100-c4-typ-4a-facelift-parts-catalog/,100 C4 (Typ 4A) Facelift (1994),0.614,family,,,
206,Audi,100 C3,,https://img.7zap.com/images/oem/models/Audi_100_C3_Typ_44.webp,https://7zap.com/en/catalog/cars/audi/100-c3-typ-44-parts-catalog/,100 C3 (Typ 44) (1989),0.809,family,,,
207,Audi,100 C4,,https://img.7zap.com/images/oem/models/Audi_100_C4_Typ_4A.webp,https://7zap.com/en/catalog/cars/audi/100-c4-typ-4a-facelift-parts-catalog/,100 C4 (Typ 4A) Facelift (1994),0.814,family,,,
211,Audi,200 C2,,https://img.7zap.com/images/oem/models/Audi_200_C3_Typ_44.webp,https://7zap.com/en/catalog/cars/audi/200-c3-typ-44-parts-catalog/,200 C3 (Typ 44) (1989 - 1991),0.609,family,,,
212,Audi,200 C3,,https://img.7zap.com/images/oem/models/Audi_200_C3_Typ_44.webp,https://7zap.com/en/catalog/cars/audi/200-c3-typ-44-parts-catalog/,200 C3 (Typ 44) (1989 - 1991),0.809,family,,,
221,Audi,80 B1,,https://img.7zap.com/images/oem/models/Audi_90_B4.webp,https://7zap.com/en/catalog/cars/audi/80-90-b4-typ-8c-parts-catalog/,80/90 B4 (Typ 8C) (1988 - 1995),0.608,family,,,
222,Audi,80 B2,,https://img.7zap.com/images/oem/models/Audi_90_B4.webp,https://7zap.com/en/catalog/cars/audi/80-90-b4-typ-8c-parts-catalog/,80/90 B4 (Typ 8C) (1988 - 1995),0.608,family,,,
223,Audi,80 B3,,https://img.7zap.com/images/oem/models/Audi_90_B4.webp,https://7zap.com/en/catalog/cars/audi/80-90-b4-typ-8c-parts-catalog/,80/90 B4 (Typ 8C) (1988 - 1995),0.608,family,,,
224,Audi,80 B4,,https://img.7zap.com/images/oem/models/Audi_90_B4.webp,https://7zap.com/en/catalog/cars/audi/80-90-b4-typ-8c-parts-catalog/,80/90 B4 (Typ 8C) (1988 - 1995),0.703,family,,,
229,Audi,90 B2,,https://img.7zap.com/images/oem/models/Audi_Coupe_B2.webp,https://7zap.com/en/catalog/cars/audi/coupe-b2-facelift-parts-catalog/,Coupe B2 Facelift (1984 - 1987),0.477,family,,,
230,Audi,90 B3,,https://img.7zap.com/images/oem/models/Audi_Coupe_B3_8B.webp,https://7zap.com/en/catalog/cars/audi/coupe-b3-parts-catalog/,Coupe B3 (1990 - 1998),0.483,family,,,
238,Audi,A3,1996-2014,https://img.7zap.com/images/oem/models/Audi_A3_8P.webp,https://7zap.com/en/catalog/cars/audi/a3-s3-typ-8p-facelift-parts-catalog/,A3/S3 (Typ 8P) Facelift (2008 - 2013),0.74,family,,,
5066,Audi,A3 (8L1),2000-2001,https://img.7zap.com/images/oem/models/Audi_A3_8P.webp,https://7zap.com/en/catalog/cars/audi/a3-s3-typ-8p-parts-catalog/,A3/S3 (Typ 8P) (2005 - 2007),0.52,family,,,
4501,Audi,A3 (8P1),2003-2010,https://img.7zap.com/images/oem/models/Audi_A3_8P.webp,https://7zap.com/en/catalog/cars/audi/a3-s3-typ-8p-parts-catalog/,A3/S3 (Typ 8P) (2005 - 2007),0.68,family,,,
6248,Audi,A3 (8V1),2011-2012,https://img.7zap.com/images/oem/models/Audi_A3_8P.webp,https://7zap.com/en/catalog/cars/audi/a3-s3-typ-8p-facelift-parts-catalog/,A3/S3 (Typ 8P) Facelift (2008 - 2013),0.66,family,,,
239,Audi,A3 8L,,https://img.7zap.com/images/oem/models/Audi_A3_8V_Facelift.webp,https://7zap.com/en/catalog/cars/audi/a3-typ-8v-facelift-parts-catalog/,A3 (Typ 8V) Facelift (2017 - 2021),0.657,family,,,
240,Audi,A3 8P,,https://img.7zap.com/images/oem/models/Audi_A3_8P.webp,https://7zap.com/en/catalog/cars/audi/a3-s3-typ-8p-parts-catalog/,A3/S3 (Typ 8P) (2005 - 2007),1.0,code,,,
241,Audi,A3 8V,,https://img.7zap.com/images/oem/models/Audi_A3_8V.webp,https://7zap.com/en/catalog/cars/audi/a3-typ-8v-parts-catalog/,A3 (Typ 8V) (2015 - 2016),1.0,code,,,
242,Audi,A3 8Y,,https://img.7zap.com/images/oem/models/Audi_A3_8Y.webp,https://7zap.com/en/catalog/cars/audi/a3-s3-typ-8y-parts-catalog/,A3/S3 (Typ 8Y) (2022 - 2023),1.0,code,,,
243,Audi,A3 ALLSTREET,2024-2026,https://img.7zap.com/images/oem/models/Audi_A3_8Y_Facelift.webp,https://7zap.com/en/catalog/cars/audi/a3-s3-rs3-typ-8y-facelift-parts-catalog/,A3/S3/RS3 (Typ 8Y) Facelift (2024 - 2027),0.68,family,,,
244,Audi,A3 CABRIOLET,,https://img.7zap.com/images/oem/models/Audi_A3_8V_Facelift.webp,https://7zap.com/en/catalog/cars/audi/a3-typ-8v-facelift-parts-catalog/,A3 (Typ 8V) Facelift (2017 - 2021),0.7,family,,,
4806,Audi,A3 CONVERTIBLE (8P7),2007-2010,https://img.7zap.com/images/oem/models/Audi_A3_8P.webp,https://7zap.com/en/catalog/cars/audi/a3-s3-typ-8p-facelift-parts-catalog/,A3/S3 (Typ 8P) Facelift (2008 - 2013),0.68,family,,,
6406,Audi,A3 CONVERTIBLE (8V7),2012,https://img.7zap.com/images/oem/models/Audi_A3_8P.webp,https://7zap.com/en/catalog/cars/audi/a3-s3-typ-8p-facelift-parts-catalog/,A3/S3 (Typ 8P) Facelift (2008 - 2013),0.64,family,,,
6161,Audi,A3 LIMOUSINE (8VS),2012,https://img.7zap.com/images/oem/models/Audi_A3_8P.webp,https://7zap.com/en/catalog/cars/audi/a3-s3-typ-8p-facelift-parts-catalog/,A3/S3 (Typ 8P) Facelift (2008 - 2013),0.64,family,,,
245,Audi,A3 SEDAN,2013-2014,https://img.7zap.com/images/oem/models/Audi_A3_8V.webp,https://7zap.com/en/catalog/cars/audi/a3-typ-8v-parts-catalog/,A3 (Typ 8V) (2015 - 2016),0.643,family,,,
246,Audi,A3 SPORTBACK,2004-2014,https://img.7zap.com/images/oem/models/Audi_A3_8P.webp,https://7zap.com/en/catalog/cars/audi/a3-s3-typ-8p-facelift-parts-catalog/,A3/S3 (Typ 8P) Facelift (2008 - 2013),0.74,family,,,
4502,Audi,A3 SPORTBACK (8PA),2003-2010,https://img.7zap.com/images/oem/models/Audi_A3_8P.webp,https://7zap.com/en/catalog/cars/audi/a3-s3-typ-8p-parts-catalog/,A3/S3 (Typ 8P) (2005 - 2007),0.68,family,,,
6228,Audi,A3 SPORTBACK (8VA),2011-2012,https://img.7zap.com/images/oem/models/Audi_A3_8P.webp,https://7zap.com/en/catalog/cars/audi/a3-s3-typ-8p-facelift-parts-catalog/,A3/S3 (Typ 8P) Facelift (2008 - 2013),0.66,family,,,
247,Audi,A4,1996-2014,https://img.7zap.com/images/oem/models/Audi_A4_B7_8E_8H.webp,https://7zap.com/en/catalog/cars/audi/a4-s4-b6-typ-8e-8h-parts-catalog/,A4/S4 B6 (Typ 8E/8H) (2002 - 2009),0.78,family,,,
4833,Audi,"A4 (8D2, B5)",2000,https://img.7zap.com/images/oem/models/Audi_A4_B5_8D.webp,https://7zap.com/en/catalog/cars/audi/a4-b5-typ-8d-facelift-parts-catalog/,A4 B5 (Typ 8D) Facelift (1999 - 2002),0.64,family,,,
5119,Audi,"A4 (8E2, B6)",2000-2003,https://img.7zap.com/images/oem/models/Audi_A4_B5_8D.webp,https://7zap.com/en/catalog/cars/audi/a4-b5-typ-8d-facelift-parts-catalog/,A4 B5 (Typ 8D) Facelift (1999 - 2002),0.68,family,,,
5477,Audi,"A4 (8EC, B7)",2003-2005,https://img.7zap.com/images/oem/models/Audi_A4_B6_8E_8H.webp,https://7zap.com/en/catalog/cars/audi/a4-b6-typ-8e-8h-parts-catalog/,A4 B6 (Typ 8E/8H) (2002 - 2005),0.68,family,,,
5230,Audi,"A4 (8K2, B8)",2006-2012,https://img.7zap.com/images/oem/models/Audi_A4_B8_8K.webp,https://7zap.com/en/catalog/cars/audi/a4-b8-typ-8k-parts-catalog/,A4 B8 (Typ 8K) (2009 - 2012),0.7,family,,,
248,Audi,A4 ALLROAD,2009-2025,https://img.7zap.com/images/oem/models/Audi_A4_B9_8W.webp,https://7zap.com/en/catalog/cars/audi/a4-b9-typ-8w-facelift-parts-catalog/,A4 B9 (Typ 8W) Facelift (2019 - 2025),0.76,family,,,
5222,Audi,"A4 ALLROAD (8KH, B8)",2008-2012,https://img.7zap.com/images/oem/models/Audi_A4_B8_8K.webp,https://7zap.com/en/catalog/cars/audi/a4-b8-typ-8k-parts-catalog/,A4 B8 (Typ 8K) (2009 - 2012),0.7,family,,,
249,Audi,A4 ALLROAD B8,,https://img.7zap.com/images/oem/models/Audi_A4_B8_8K.webp,https://7zap.com/en/catalog/cars/audi/a4-b8-typ-8k-facelift-parts-catalog/,A4 B8 (Typ 8K) Facelift (2012 - 2016),0.814,family,,,
250,Audi,A4 ALLROAD B9,,https://img.7zap.com/images/oem/models/Audi_A4_B9_8W.webp,https://7zap.com/en/catalog/cars/audi/a4-b9-typ-8w-facelift-parts-catalog/,A4 B9 (Typ 8W) Facelift (2019 - 2025),0.821,family,,,
251,Audi,A4 AVANT,1996-2025,https://img.7zap.com/images/oem/models/Audi_A4_B7_8E_8H.webp,https://7zap.com/en/catalog/cars/audi/a4-s4-b6-typ-8e-8h-parts-catalog/,A4/S4 B6 (Typ 8E/8H) (2002 - 2009),0.78,family,,,
4834,Audi,"A4 AVANT (8D5, B5)",2000,https://img.7zap.com/images/oem/models/Audi_A4_B5_8D.webp,https://7zap.com/en/catalog/cars/audi/a4-b5-typ-8d-facelift-parts-catalog/,A4 B5 (Typ 8D) Facelift (1999 - 2002),0.64,family,,,
5231,Audi,"A4 AVANT (8E5, B6)",2000-2003,https://img.7zap.com/images/oem/models/Audi_A4_B5_8D.webp,https://7zap.com/en/catalog/cars/audi/a4-b5-typ-8d-facelift-parts-catalog/,A4 B5 (Typ 8D) Facelift (1999 - 2002),0.68,family,,,
5479,Audi,"A4 AVANT (8ED, B7)",2003-2005,https://img.7zap.com/images/oem/models/Audi_A4_B6_8E_8H.webp,https://7zap.com/en/catalog/cars/audi/a4-b6-typ-8e-8h-parts-catalog/,A4 B6 (Typ 8E/8H) (2002 - 2005),0.68,family,,,
5529,Audi,"A4 AVANT (8K5, B8)",2006-2012,https://img.7zap.com/images/oem/models/Audi_A4_B8_8K.webp,https://7zap.com/en/catalog/cars/audi/a4-b8-typ-8k-parts-catalog/,A4 B8 (Typ 8K) (2009 - 2012),0.7,family,,,
252,Audi,A4 AVANT B5,,https://img.7zap.com/images/oem/models/Audi_A4_B5_8D.webp,https://7zap.com/en/catalog/cars/audi/a4-b5-typ-8d-facelift-parts-catalog/,A4 B5 (Typ 8D) Facelift (1999 - 2002),0.801,family,,,
253,Audi,A4 AVANT B6,,https://img.7zap.com/images/oem/models/Audi_A4_B6_8E_8H.webp,https://7zap.com/en/catalog/cars/audi/a4-b6-typ-8e-8h-parts-catalog/,A4 B6 (Typ 8E/8H) (2002 - 2005),0.717,family,,,
254,Audi,A4 AVANT B7,,https://img.7zap.com/images/oem/models/Audi_A4_B7_8E_8H.webp,https://7zap.com/en/catalog/cars/audi/a4-b7-typ-8e-8h-parts-catalog/,A4 B7 (Typ 8E/8H) (2005 - 2008),0.72,family,,,
255,Audi,A4 AVANT B8,,https://img.7zap.com/images/oem/models/Audi_A4_B8_8K.webp,https://7zap.com/en/catalog/cars/audi/a4-b8-typ-8k-facelift-parts-catalog/,A4 B8 (Typ 8K) Facelift (2012 - 2016),0.814,family,,,
256,Audi,A4 AVANT B9,,https://img.7zap.com/images/oem/models/Audi_A4_B9_8W.webp,https://7zap.com/en/catalog/cars/audi/a4-b9-typ-8w-facelift-parts-catalog/,A4 B9 (Typ 8W) Facelift (2019 - 2025),0.821,family,,,
257,Audi,A4 B5,,https://img.7zap.com/images/oem/models/Audi_A4_B5_8D.webp,https://7zap.com/en/catalog/cars/audi/a4-b5-typ-8d-facelift-parts-catalog/,A4 B5 (Typ 8D) Facelift (1999 - 2002),0.801,family,,,
258,Audi,A4 B6,,https://img.7zap.com/images/oem/models/Audi_A4_B6_8E_8H.webp,https://7zap.com/en/catalog/cars/audi/a4-b6-typ-8e-8h-parts-catalog/,A4 B6 (Typ 8E/8H) (2002 - 2005),0.717,family,,,
259,Audi,A4 B7,,https://img.7zap.com/images/oem/models/Audi_A4_B7_8E_8H.webp,https://7zap.com/en/catalog/cars/audi/a4-b7-typ-8e-8h-parts-catalog/,A4 B7 (Typ 8E/8H) (2005 - 2008),0.72,family,,,
260,Audi,A4 B8,,https://img.7zap.com/images/oem/models/Audi_A4_B8_8K.webp,https://7zap.com/en/catalog/cars/audi/a4-b8-typ-8k-facelift-parts-catalog/,A4 B8 (Typ 8K) Facelift (2012 - 2016),0.814,family,,,
261,Audi,A4 B9,,https://img.7zap.com/images/oem/models/Audi_A4_B9_8W.webp,https://7zap.com/en/catalog/cars/audi/a4-b9-typ-8w-facelift-parts-catalog/,A4 B9 (Typ 8W) Facelift (2019 - 2025),0.821,family,,,
262,Audi,A4 CABRIOLET B6,,https://img.7zap.com/images/oem/models/Audi_A4_B6_8E_8H.webp,https://7zap.com/en/catalog/cars/audi/a4-b6-typ-8e-8h-parts-catalog/,A4 B6 (Typ 8E/8H) (2002 - 2005),0.717,family,,,
263,Audi,A4 CABRIOLET B7,,https://img.7zap.com/images/oem/models/Audi_A4_B7_8E_8H.webp,https://7zap.com/en/catalog/cars/audi/a4-b7-typ-8e-8h-parts-catalog/,A4 B7 (Typ 8E/8H) (2005 - 2008),0.72,family,,,
5275,Audi,"A4 CONVERTIBLE (8H7, B6, 8HE, B7)",2002-2005,https://img.7zap.com/images/oem/models/Audi_A4_B6_8E_8H.webp,https://7zap.com/en/catalog/cars/audi/a4-b6-typ-8e-8h-parts-catalog/,A4 B6 (Typ 8E/8H) (2002 - 2005),0.7,family,,,
264,Audi,A4 DTM EDITION,2005-2007,https://img.7zap.com/images/oem/models/Audi_A4_B7_8E_8H.webp,https://7zap.com/en/catalog/cars/audi/a4-b7-typ-8e-8h-parts-catalog/,A4 B7 (Typ 8E/8H) (2005 - 2008),0.68,family,,,
265,Audi,A5,2007-2013,https://img.7zap.com/images/oem/models/Audi_A5_8T.webp,https://7zap.com/en/catalog/cars/audi/a5-s5-8t-parts-catalog/,A5/S5 (8T) (2008 - 2011),0.7,family,,,
4621,Audi,A5 (8T3),2006-2012,https://img.7zap.com/images/oem/models/Audi_A5_8T.webp,https://7zap.com/en/catalog/cars/audi/a5-s5-8t-parts-catalog/,A5/S5 (8T) (2008 - 2011),0.7,family,,,
266,Audi,A5 8T,,https://img.7zap.com/images/oem/models/Audi_A5_8T.webp,https://7zap.com/en/catalog/cars/audi/a5-s5-8t-parts-catalog/,A5/S5 (8T) (2008 - 2011),1.0,code,,,
267,Audi,A5 AVANT,2024-2026,https://img.7zap.com/images/oem/models/Audi_A5_F5.webp,https://7zap.com/en/catalog/cars/audi/a5-s5-f5-facelift-parts-catalog/,A5/S5 (F5) Facelift (2019 - 2025),0.66,family,,,
268,Audi,A5 CABRIOLET,2009-2015,https://img.7zap.com/images/oem/models/Audi_A5_8T_Facelift.webp,https://7zap.com/en/catalog/cars/audi/a5-s5-8t-facelift-parts-catalog/,A5/S5 (8T) Facelift (2012 - 2017),0.7,family,,,
269,Audi,A5 CABRIOLET 8F,,https://img.7zap.com/images/oem/models/Audi_A5_F5.webp,https://7zap.com/en/catalog/cars/audi/a5-s5-f5-facelift-parts-catalog/,A5/S5 (F5) Facelift (2019 - 2025),0.639,family,,,
270,Audi,A5 CABRIOLET F5,,https://img.7zap.com/images/oem/models/Audi_A5_F5.webp,https://7zap.com/en/catalog/cars/audi/a5-s5-f5-facelift-parts-catalog/,A5/S5 (F5) Facelift (2019 - 2025),0.821,family,,,
4874,Audi,A5 CONVERTIBLE (8F7),2008-2012,https://img.7zap.com/images/oem/models/Audi_A5_8T.webp,https://7zap.com/en/catalog/cars/audi/a5-s5-8t-parts-catalog/,A5/S5 (8T) (2008 - 2011),0.7,family,,,
271,Audi,A5 F5,,https://img.7zap.com/images/oem/models/Audi_A5_F5.webp,https://7zap.com/en/catalog/cars/audi/a5-s5-f5-facelift-parts-catalog/,A5/S5 (F5) Facelift (2019 - 2025),0.821,family,,,
272,Audi,A5 SPORTBACK,2009-2014,https://img.7zap.com/images/oem/models/Audi_A5_8T.webp,https://7zap.com/en/catalog/cars/audi/a5-s5-8t-parts-catalog/,A5/S5 (8T) (2008 - 2011),0.7,family,,,
4873,Audi,A5 SPORTBACK (8TA),2008-2012,https://img.7zap.com/images/oem/models/Audi_A5_8T.webp,https://7zap.com/en/catalog/cars/audi/a5-s5-8t-parts-catalog/,A5/S5 (8T) (2008 - 2011),0.7,family,,,
273,Audi,A5 SPORTBACK 8TA,,https://img.7zap.com/images/oem/models/Audi_A5_F5.webp,https://7zap.com/en/catalog/cars/audi/a5-s5-f5-facelift-parts-catalog/,A5/S5 (F5) Facelift (2019 - 2025),0.639,family,,,
274,Audi,A5 SPORTBACK F5,,https://img.7zap.com/images/oem/models/Audi_A5_F5.webp,https://7zap.com/en/catalog/cars/audi/a5-s5-f5-facelift-parts-catalog/,A5/S5 (F5) Facelift (2019 - 2025),0.821,family,,,
275,Audi,A6,1997-2016,https://img.7zap.com/images/oem/models/Audi_A6_C5.webp,https://7zap.com/en/catalog/cars/audi/a6-c5-typ-4b-facelift-parts-catalog/,A6 C5 (Typ 4B) Facelift (2001 - 2005),0.72,family,,,
4989,Audi,"A6 (4B2, C5)",2000-2003,https://img.7zap.com/images/oem/models/Audi_A6_C5.webp,https://7zap.com/en/catalog/cars/audi/a6-c5-typ-4b-facelift-parts-catalog/,A6 C5 (Typ 4B) Facelift (2001 - 2005),0.68,family,,,
4890,Audi,"A6 (4F2, C6)",2003-2008,https://img.7zap.com/images/oem/models/Audi_A6_C6.webp,https://7zap.com/en/catalog/cars/audi/a6-c6-typ-4f-parts-catalog/,A6 C6 (Typ 4F) (2005 - 2008),0.7,family,,,
4561,Audi,"A6 (4G2, C7, 4GC)",2009-2013,https://img.7zap.com/images/oem/models/Audi_A6_C6.webp,https://7zap.com/en/catalog/cars/audi/a6-c6-typ-4f-facelift-parts-catalog/,A6 C6 (Typ 4F) Facelift (2009 - 2011),0.68,family,,,
276,Audi,A6 ALLROAD,2000-2016,https://img.7zap.com/images/oem/models/Audi_A6_C5.webp,https://7zap.com/en/catalog/cars/audi/a6-c5-typ-4b-facelift-parts-catalog/,A6 C5 (Typ 4B) Facelift (2001 - 2005),0.72,family,,,
5547,Audi,"A6 ALLROAD (4FH, C6)",2005-2007,https://img.7zap.com/images/oem/models/Audi_A6_C6.webp,https://7zap.com/en/catalog/cars/audi/a6-c6-typ-4f-parts-catalog/,A6 C6 (Typ 4F) (2005 - 2008),0.68,family,,,
5952,Audi,"A6 ALLROAD (4GH, 4GJ)",2011-2012,https://img.7zap.com/images/oem/models/Audi_A6_C6.webp,https://7zap.com/en/catalog/cars/audi/a6-c6-typ-4f-facelift-parts-catalog/,A6 C6 (Typ 4F) Facelift (2009 - 2011),0.64,family,,,
277,Audi,A6 ALLROAD C5,,https://img.7zap.com/images/oem/models/Audi_A6_C5.webp,https://7zap.com/en/catalog/cars/audi/a6-c5-typ-4b-facelift-parts-catalog/,A6 C5 (Typ 4B) Facelift (2001 - 2005),0.803,family,,,
278,Audi,A6 ALLROAD C6,,https://img.7zap.com/images/oem/models/Audi_A6_C6.webp,https://7zap.com/en/catalog/cars/audi/a6-c6-typ-4f-facelift-parts-catalog/,A6 C6 (Typ 4F) Facelift (2009 - 2011),0.811,family,,,
279,Audi,A6 ALLROAD C7,,https://img.7zap.com/images/oem/models/Audi_A6_C7.webp,https://7zap.com/en/catalog/cars/audi/a6-c7-typ-4g-facelift-parts-catalog/,A6 C7 (Typ 4G) Facelift (2016 - 2018),0.818,family,,,
280,Audi,A6 ALLROAD C8,,https://img.7zap.com/images/oem/models/Audi_A6_C8.webp,https://7zap.com/en/catalog/cars/audi/a6-c8-typ-4k-facelift-parts-catalog/,A6 C8 (Typ 4K) Facelift (2023 - 2026),0.825,family,,,
281,Audi,A6 AVANT,1994-2026,https://img.7zap.com/images/oem/models/Audi_A6_C5.webp,https://7zap.com/en/catalog/cars/audi/a6-c5-typ-4b-facelift-parts-catalog/,A6 C5 (Typ 4B) Facelift (2001 - 2005),0.72,family,,,
4990,Audi,"A6 AVANT (4B5, C5)",2000-2003,https://img.7zap.com/images/oem/models/Audi_A6_C5.webp,https://7zap.com/en/catalog/cars/audi/a6-c5-typ-4b-facelift-parts-catalog/,A6 C5 (Typ 4B) Facelift (2001 - 2005),0.68,family,,,
4891,Audi,"A6 AVANT (4F5, C6)",2004-2008,https://img.7zap.com/images/oem/models/Audi_A6_C6.webp,https://7zap.com/en/catalog/cars/audi/a6-c6-typ-4f-parts-catalog/,A6 C6 (Typ 4F) (2005 - 2008),0.7,family,,,
4751,Audi,"A6 AVANT (4G5, C7, 4GD)",2010-2013,https://img.7zap.com/images/oem/models/Audi_A6_C6.webp,https://7zap.com/en/catalog/cars/audi/a6-c6-typ-4f-facelift-parts-catalog/,A6 C6 (Typ 4F) Facelift (2009 - 2011),0.66,family,,,
282,Audi,A6 AVANT C4,,https://img.7zap.com/images/oem/models/Audi_A6_C4.webp,https://7zap.com/en/catalog/cars/audi/a6-c4-typ-4a-parts-catalog/,A6 C4 (Typ 4A) (1995 - 1998),0.797,family,,,
283,Audi,A6 AVANT C5,,https://img.7zap.com/images/oem/models/Audi_A6_C5.webp,https://7zap.com/en/catalog/cars/audi/a6-c5-typ-4b-facelift-parts-catalog/,A6 C5 (Typ 4B) Facelift (2001 - 2005),0.803,family,,,
284,Audi,A6 AVANT C6,,https://img.7zap.com/images/oem/models/Audi_A6_C6.webp,https://7zap.com/en/catalog/cars/audi/a6-c6-typ-4f-facelift-parts-catalog/,A6 C6 (Typ 4F) Facelift (2009 - 2011),0.811,family,,,
285,Audi,A6 AVANT C7,,https://img.7zap.com/images/oem/models/Audi_A6_C7.webp,https://7zap.com/en/catalog/cars/audi/a6-c7-typ-4g-facelift-parts-catalog/,A6 C7 (Typ 4G) Facelift (2016 - 2018),0.818,family,,,
286,Audi,A6 AVANT C8,,https://img.7zap.com/images/oem/models/Audi_A6_C8.webp,https://7zap.com/en/catalog/cars/audi/a6-c8-typ-4k-facelift-parts-catalog/,A6 C8 (Typ 4K) Facelift (2023 - 2026),0.825,family,,,
287,Audi,A6 C4,,https://img.7zap.com/images/oem/models/Audi_A6_C4.webp,https://7zap.com/en/catalog/cars/audi/a6-c4-typ-4a-parts-catalog/,A6 C4 (Typ 4A) (1995 - 1998),0.797,family,,,
288,Audi,A6 C5,,https://img.7zap.com/images/oem/models/Audi_A6_C5.webp,https://7zap.com/en/catalog/cars/audi/a6-c5-typ-4b-facelift-parts-catalog/,A6 C5 (Typ 4B) Facelift (2001 - 2005),0.803,family,,,
289,Audi,A6 C6,,https://img.7zap.com/images/oem/models/Audi_A6_C6.webp,https://7zap.com/en/catalog/cars/audi/a6-c6-typ-4f-facelift-parts-catalog/,A6 C6 (Typ 4F) Facelift (2009 - 2011),0.811,family,,,
290,Audi,A6 C7,,https://img.7zap.com/images/oem/models/Audi_A6_C7.webp,https://7zap.com/en/catalog/cars/audi/a6-c7-typ-4g-facelift-parts-catalog/,A6 C7 (Typ 4G) Facelift (2016 - 2018),0.818,family,,,
291,Audi,A6 C8,,https://img.7zap.com/images/oem/models/Audi_A6_C8.webp,https://7zap.com/en/catalog/cars/audi/a6-c8-typ-4k-facelift-parts-catalog/,A6 C8 (Typ 4K) Facelift (2023 - 2026),0.825,family,,,
292,Audi,A7,2010-2014,https://img.7zap.com/images/oem/models/Audi_A7_4G.webp,https://7zap.com/en/catalog/cars/audi/a7-sportback-c7-type-4g8-parts-catalog/,A7 Sportback C7 (Type 4G8) (2011 - 2014),0.7,family,,,
293,Audi,A7 4G8,,https://img.7zap.com/images/oem/models/Audi_A7_4G.webp,https://7zap.com/en/catalog/cars/audi/a7-sportback-c7-type-4g8-parts-catalog/,A7 Sportback C7 (Type 4G8) (2011 - 2014),1.0,code,,,
294,Audi,A7 4K8,,https://img.7zap.com/images/oem/models/Audi_A7_4K.webp,https://7zap.com/en/catalog/cars/audi/a7-sportback-c8-type-4k8-parts-catalog/,A7 Sportback C8 (Type 4K8) (2019 - 2022),1.0,code,,,
295,Audi,A7 E,2021-2022,https://img.7zap.com/images/oem/models/Audi_A7_4K.webp,https://7zap.com/en/catalog/cars/audi/a7-sportback-c8-type-4k8-parts-catalog/,A7 Sportback C8 (Type 4K8) (2019 - 2022),0.66,family,,,
4364,Audi,"A7 SPORTBACK (4GA, 4GF)",2009-2012,https://img.7zap.com/images/oem/models/Audi_A7_4G.webp,https://7zap.com/en/catalog/cars/audi/a7-sportback-c7-type-4g8-parts-catalog/,A7 Sportback C7 (Type 4G8) (2011 - 2014),0.66,family,,,
296,Audi,A7 SPORTBACK 4G8,,https://img.7zap.com/images/oem/models/Audi_A7_4G.webp,https://7zap.com/en/catalog/cars/audi/a7-sportback-c7-type-4g8-parts-catalog/,A7 Sportback C7 (Type 4G8) (2011 - 2014),1.0,code,,,
297,Audi,A7 SPORTBACK 4K8,,https://img.7zap.com/images/oem/models/Audi_A7_4K.webp,https://7zap.com/en/catalog/cars/audi/a7-sportback-c8-type-4k8-parts-catalog/,A7 Sportback C8 (Type 4K8) (2019 - 2022),1.0,code,,,
298,Audi,A8,1995-2011,https://img.7zap.com/images/oem/models/Audi_A8_D3.webp,https://7zap.com/en/catalog/cars/audi/a8-s8-d3-typ-4e-parts-catalog/,A8/S8 D3 (Typ 4E) (2003 - 2007),0.72,family,,,
4883,Audi,"A8 (4D2, 4D8)",2000-2001,https://img.7zap.com/images/oem/models/Audi_A8_D2.webp,https://7zap.com/en/catalog/cars/audi/a8-s8-d2-typ-4d-facelift-parts-catalog/,A8/S8 D2 (Typ 4D) Facelift (2000 - 2003),0.66,family,,,
5342,Audi,A8 (4E_),2002-2006,https://img.7zap.com/images/oem/models/Audi_A8_D3.webp,https://7zap.com/en/catalog/cars/audi/a8-s8-d3-typ-4e-parts-catalog/,A8/S8 D3 (Typ 4E) (2003 - 2007),1.0,code,,,
4623,Audi,A8 (4H_),2008-2012,https://img.7zap.com/images/oem/models/Audi_A8_D4.webp,https://7zap.com/en/catalog/cars/audi/a8-s8-d4-typ-4h-parts-catalog/,A8/S8 D4 (Typ 4H) (2010 - 2013),1.0,code,,,
299,Audi,A8 D2,,https://img.7zap.com/images/oem/models/Audi_A8_D2.webp,https://7zap.com/en/catalog/cars/audi/a8-d2-typ-4d-parts-catalog/,A8 D2 (Typ 4D) (1997 - 1999),0.799,family,,,
300,Audi,A8 D3,,https://img.7zap.com/images/oem/models/Audi_A8_D3.webp,https://7zap.com/en/catalog/cars/audi/a8-s8-d3-typ-4e-facelift-parts-catalog/,A8/S8 D3 (Typ 4E) Facelift (2008 - 2010),0.723,family,,,
301,Audi,A8 D4,,https://img.7zap.com/images/oem/models/Audi_A8_D4_Facelift.webp,https://7zap.com/en/catalog/cars/audi/a8-s8-d4-typ-4h-facelift-parts-catalog/,A8/S8 D4 (Typ 4H) Facelift (2015 - 2017),0.73,family,,,
302,Audi,A8 D5,,https://img.7zap.com/images/oem/models/Audi_A8_D5_Faceift.webp,https://7zap.com/en/catalog/cars/audi/a8-s8-d5-typ-4n-facelift-parts-catalog/,A8/S8 D5 (Typ 4N) Facelift (2021 - 2027),0.736,family,,,
303,Audi,A8 E,2020-2020,https://img.7zap.com/images/oem/models/Audi_A8_D5.webp,https://7zap.com/en/catalog/cars/audi/a8-s8-d5-typ-4n-parts-catalog/,A8/S8 D5 (Typ 4N) (2019 - 2020),0.64,family,,,
304,Audi,A8 L,2021-2027,https://img.7zap.com/images/oem/models/Audi_A8_D5_Faceift.webp,https://7zap.com/en/catalog/cars/audi/a8-s8-d5-typ-4n-facelift-parts-catalog/,A8/S8 D5 (Typ 4N) Facelift (2021 - 2027),0.76,family,,,
305,Audi,A8 L D4,,https://img.7zap.com/images/oem/models/Audi_A8_D5_Faceift.webp,https://7zap.com/en/catalog/cars/audi/a8-s8-d5-typ-4n-facelift-parts-catalog/,A8/S8 D5 (Typ 4N) Facelift (2021 - 2027),0.641,family,,,
306,Audi,A8 L D5,,https://img.7zap.com/images/oem/models/Audi_A8_D5_Faceift.webp,https://7zap.com/en/catalog/cars/audi/a8-s8-d5-typ-4n-facelift-parts-catalog/,A8/S8 D5 (Typ 4N) Facelift (2021 - 2027),0.641,family,,,
307,Audi,A8 L E,2021-2021,https://img.7zap.com/images/oem/models/Audi_A8_D5_Faceift.webp,https://7zap.com/en/catalog/cars/audi/a8-s8-d5-typ-4n-facelift-parts-catalog/,A8/S8 D5 (Typ 4N) Facelift (2021 - 2027),0.64,family,,,
313,Audi,COUPé,,https://img.7zap.com/images/oem/models/Audi_Coupe_B3_8B.webp,https://7zap.com/en/catalog/cars/audi/coupe-b3-parts-catalog/,Coupe B3 (1990 - 1998),0.472,fuzzy,,,
314,Audi,E-TRON,2019-2026,https://img.7zap.com/images/oem/models/Audi_e-tron.webp,https://7zap.com/en/catalog/cars/audi/e-tron-parts-catalog/,e-tron (2019 - 2023),1.0,exact,,,
315,Audi,E-TRON GT,2021-2026,https://img.7zap.com/images/oem/models/Audi_e-tron_GT.webp,https://7zap.com/en/catalog/cars/audi/e-tron-gt-parts-catalog/,e-tron GT (2022 - 2023),1.0,exact,,,
316,Audi,E-TRON S,,https://img.7zap.com/images/oem/models/Audi_e-tron.webp,https://7zap.com/en/catalog/cars/audi/e-tron-parts-catalog/,e-tron (2019 - 2023),0.873,family,,,
317,Audi,E-TRON SPORTBACK,2020-2022,https://img.7zap.com/images/oem/models/Audi_e-tron.webp,https://7zap.com/en/catalog/cars/audi/e-tron-parts-catalog/,e-tron (2019 - 2023),1.0,family,,,
322,Audi,Q3,2011-2013,https://img.7zap.com/images/oem/models/Audi_Q3_8U_Facelift.webp,https://7zap.com/en/catalog/cars/audi/q3-typ-8u-facelift-parts-catalog/,Q3 (Typ 8U) Facelift (2015 - 2018),0.623,family,,,
4853,Audi,Q3 (8U),2010-2013,https://img.7zap.com/images/oem/models/Audi_Q3_8U_Facelift.webp,https://7zap.com/en/catalog/cars/audi/q3-typ-8u-facelift-parts-catalog/,Q3 (Typ 8U) Facelift (2015 - 2018),1.0,code,,,
323,Audi,Q3 8U,,https://img.7zap.com/images/oem/models/Audi_Q3_8U_Facelift.webp,https://7zap.com/en/catalog/cars/audi/q3-typ-8u-facelift-parts-catalog/,Q3 (Typ 8U) Facelift (2015 - 2018),1.0,code,,,
324,Audi,Q3 F3,,https://img.7zap.com/images/oem/models/Audi_Q3_F3.webp,https://7zap.com/en/catalog/cars/audi/q3-typ-f3-facelift-parts-catalog/,Q3 (Typ F3) Facelift (2024 - 2026),0.964,family,,,
325,Audi,Q3 RS,2013-2015,https://img.7zap.com/images/oem/models/Audi_Q3_8U_Facelift.webp,https://7zap.com/en/catalog/cars/audi/q3-typ-8u-facelift-parts-catalog/,Q3 (Typ 8U) Facelift (2015 - 2018),0.64,family,,,
326,Audi,Q3 SPORTBACK F3,,https://img.7zap.com/images/oem/models/Audi_Q3_F3.webp,https://7zap.com/en/catalog/cars/audi/q3-typ-f3-facelift-parts-catalog/,Q3 (Typ F3) Facelift (2024 - 2026),0.964,family,,,
327,Audi,Q4,2021-2026,https://img.7zap.com/images/oem/models/Audi_Q4_e-tron_F4.webp,https://7zap.com/en/catalog/cars/audi/q4-e-tron-typ-f4-parts-catalog/,Q4 e-tron (Typ F4) (2022 - 2027),0.72,family,,,
328,Audi,Q4 E-TRON,2021-2026,https://img.7zap.com/images/oem/models/Audi_Q4_e-tron_F4.webp,https://7zap.com/en/catalog/cars/audi/q4-e-tron-typ-f4-parts-catalog/,Q4 e-tron (Typ F4) (2022 - 2027),0.954,family,,,
329,Audi,Q4 E-TRON FZ,,https://img.7zap.com/images/oem/models/Audi_Q4_e-tron_F4.webp,https://7zap.com/en/catalog/cars/audi/q4-e-tron-typ-f4-parts-catalog/,Q4 e-tron (Typ F4) (2022 - 2027),0.732,family,,,
330,Audi,Q4 SPORTBACK E-TRON FZ,,https://img.7zap.com/images/oem/models/Audi_Q4_e-tron_F4.webp,https://7zap.com/en/catalog/cars/audi/q4-e-tron-typ-f4-parts-catalog/,Q4 e-tron (Typ F4) (2022 - 2027),0.732,family,,,
331,Audi,Q5,2008-2015,https://img.7zap.com/images/oem/models/Audi_Q5_8R.webp,https://7zap.com/en/catalog/cars/audi/q5-typ-8r-parts-catalog/,Q5 (Typ 8R) (2009 - 2012),0.763,family,,,
4807,Audi,Q5 (8R),2007-2012,https://img.7zap.com/images/oem/models/Audi_Q5_8R.webp,https://7zap.com/en/catalog/cars/audi/q5-typ-8r-parts-catalog/,Q5 (Typ 8R) (2009 - 2012),1.0,code,,,
332,Audi,Q5 8R,,https://img.7zap.com/images/oem/models/Audi_Q5_8R.webp,https://7zap.com/en/catalog/cars/audi/q5-typ-8r-parts-catalog/,Q5 (Typ 8R) (2009 - 2012),1.0,code,,,
333,Audi,Q5 E,2020-2025,https://img.7zap.com/images/oem/models/Audi_Q5_FY_Facelift.webp,https://7zap.com/en/catalog/cars/audi/q5-typ-fy-facelift-parts-catalog/,Q5 (Typ FY) Facelift (2021 - 2025),0.72,family,,,
334,Audi,Q5 FY,,https://img.7zap.com/images/oem/models/Audi_Q5_FY_Facelift.webp,https://7zap.com/en/catalog/cars/audi/q5-typ-fy-facelift-parts-catalog/,Q5 (Typ FY) Facelift (2021 - 2025),0.961,family,,,
335,Audi,Q5 SPORTBACK FY,,https://img.7zap.com/images/oem/models/Audi_Q5_FY_Facelift.webp,https://7zap.com/en/catalog/cars/audi/q5-typ-fy-facelift-parts-catalog/,Q5 (Typ FY) Facelift (2021 - 2025),0.961,family,,,
337,Audi,Q6,2024-2026,https://img.7zap.com/images/oem/models/Audi_Q6_e-tron.webp,https://7zap.com/en/catalog/cars/audi/q6-e-tron-parts-catalog/,Q6 e-tron (2025 - 2027),0.66,family,,,
338,Audi,Q6 E-TRON,,https://img.7zap.com/images/oem/models/Audi_Q6_e-tron.webp,https://7zap.com/en/catalog/cars/audi/q6-e-tron-parts-catalog/,Q6 e-tron (2025 - 2027),1.0,exact,,,
339,Audi,Q7,2006-2010,https://img.7zap.com/images/oem/models/Audi_Q7_4L_Facelift.webp,https://7zap.com/en/catalog/cars/audi/q7-typ-4l-parts-catalog/,Q7 (Typ 4L) (2007 - 2009),0.743,family,,,
4625,Audi,Q7 (4L),2005-2010,https://img.7zap.com/images/oem/models/Audi_Q7_4L_Facelift.webp,https://7zap.com/en/catalog/cars/audi/q7-typ-4l-parts-catalog/,Q7 (Typ 4L) (2007 - 2009),1.0,code,,,
340,Audi,Q7 4L,,https://img.7zap.com/images/oem/models/Audi_Q7_4L_Facelift.webp,https://7zap.com/en/catalog/cars/audi/q7-typ-4l-parts-catalog/,Q7 (Typ 4L) (2007 - 2009),1.0,code,,,
341,Audi,Q7 4M,,https://img.7zap.com/images/oem/models/Audi_Q7_4M.webp,https://7zap.com/en/catalog/cars/audi/q7-typ-4m-parts-catalog/,Q7 (Typ 4M) (2016 - 2019),1.0,code,,,
342,Audi,Q8,2018-2026,https://img.7zap.com/images/oem/models/Audi_Q8.webp,https://7zap.com/en/catalog/cars/audi/q8-typ-4m-parts-catalog/,Q8 (Typ 4M) (2019 - 2023),0.783,family,,,
343,Audi,Q8 4M,,https://img.7zap.com/images/oem/models/Audi_Q8.webp,https://7zap.com/en/catalog/cars/audi/q8-typ-4m-parts-catalog/,Q8 (Typ 4M) (2019 - 2023),1.0,code,,,
344,Audi,Q8 E-TRON,2022-2026,https://img.7zap.com/images/oem/models/Audi_Q8_Facelift.webp,https://7zap.com/en/catalog/cars/audi/q8-e-tron-typ-4m-facelift-parts-catalog/,Q8 e-tron (Typ 4M) Facelift (2024 - 2025),0.894,family,,,
346,Audi,QUATTRO (UR-QUATTRO),,https://img.7zap.com/images/oem/models/Audi_Quattro_B2.webp,https://7zap.com/en/catalog/cars/audi/quattro-typ-85-parts-catalog/,Quattro (Typ 85) (1982 - 1987),0.602,family,,,
347,Audi,R8,2007-2010,https://img.7zap.com/images/oem/models/Audi_R8_Type_42.webp,https://7zap.com/en/catalog/cars/audi/r8-spyder-typ-42-parts-catalog/,R8/Spyder (Typ 42) (2008 - 2012),0.68,family,,,
348,Audi,R8 42,,https://img.7zap.com/images/oem/models/Audi_R8_Type_42.webp,https://7zap.com/en/catalog/cars/audi/r8-spyder-typ-42-facelift-parts-catalog/,R8/Spyder (Typ 42) Facelift (2013 - 2015),0.706,family,,,
349,Audi,R8 4S,,https://img.7zap.com/images/oem/models/Audi_R8_Type_4S_Facelift.webp,https://7zap.com/en/catalog/cars/audi/r8-spyder-typ-4s-facelift-parts-catalog/,R8/Spyder (Typ 4S) Facelift (2019 - 2024),0.992,code,,,
350,Audi,R8 GT,2010-2024,https://img.7zap.com/images/oem/models/Audi_R8_Type_4S_Facelift.webp,https://7zap.com/en/catalog/cars/audi/r8-spyder-typ-4s-facelift-parts-catalog/,R8/Spyder (Typ 4S) Facelift (2019 - 2024),0.74,family,,,
351,Audi,R8 SPYDER,,https://img.7zap.com/images/oem/models/Audi_R8_Type_4S_Facelift.webp,https://7zap.com/en/catalog/cars/audi/r8-spyder-typ-4s-facelift-parts-catalog/,R8/Spyder (Typ 4S) Facelift (2019 - 2024),0.873,family,,,
352,Audi,R8 V10,,https://img.7zap.com/images/oem/models/Audi_R8_Type_4S_Facelift.webp,https://7zap.com/en/catalog/cars/audi/r8-spyder-typ-4s-facelift-parts-catalog/,R8/Spyder (Typ 4S) Facelift (2019 - 2024),0.639,family,,,
6571,Audi,RS,2015,https://img.7zap.com/images/oem/models/Audi_RS5_8T.webp,https://7zap.com/en/catalog/cars/audi/rs-5-8t-parts-catalog/,RS 5 (8T) (2013 - 2016),0.487,family,,,
353,Audi,RS 3,2010-2026,https://img.7zap.com/images/oem/models/Audi_RS3_8V.webp,https://7zap.com/en/catalog/cars/audi/rs-3-8v-facelift-parts-catalog/,RS 3 (8P) Facelift (2017 - 2021),0.876,family,,,
354,Audi,RS 4,2005-2009,https://img.7zap.com/images/oem/models/Audi_RS4_B7.webp,https://7zap.com/en/catalog/cars/audi/rs-4-b7-parts-catalog/,RS 4 B7 (2006 - 2009),0.856,family,,,
355,Audi,RS 4 AVANT,2000-2025,https://img.7zap.com/images/oem/models/Audi_RS4_B7.webp,https://7zap.com/en/catalog/cars/audi/rs-4-b7-parts-catalog/,RS 4 B7 (2006 - 2009),0.856,family,,,
356,Audi,RS 5,2010-2026,https://img.7zap.com/images/oem/models/Audi_RS5_8T.webp,https://7zap.com/en/catalog/cars/audi/rs-5-8t-parts-catalog/,RS 5 (8T) (2013 - 2016),0.856,family,,,
357,Audi,RS 6,2003-2004,https://img.7zap.com/images/oem/models/Audi_RS6_C5.webp,https://7zap.com/en/catalog/cars/audi/rs-6-c5-parts-catalog/,RS 6 C5 (2003 - 2004),0.816,family,,,
358,Audi,RS 6 AVANT,2021-2026,https://img.7zap.com/images/oem/models/Audi_RS6_C8.webp,https://7zap.com/en/catalog/cars/audi/rs-6-c8-parts-catalog/,RS 6 C8 (2021 - 2023),0.836,family,,,
359,Audi,RS 7,2014-2027,https://img.7zap.com/images/oem/models/Audi_RS7_4G_Facelift.webp,https://7zap.com/en/catalog/cars/audi/rs-7-c7-typ-4g-parts-catalog/,RS 7 C7 (Typ 4G) (2014 - 2018),0.783,family,,,
360,Audi,RS E-TRON GT,,https://img.7zap.com/images/oem/models/Audi_e-tron_GT_Facelift.webp,https://7zap.com/en/catalog/cars/audi/e-tron-gt-facelift-parts-catalog/,e-tron GT Facelift (2024 - 2027),0.738,family,,,
362,Audi,RS Q3 8U,,https://img.7zap.com/images/oem/models/Audi_Q3_8U_Facelift.webp,https://7zap.com/en/catalog/cars/audi/q3-typ-8u-facelift-parts-catalog/,Q3 (Typ 8U) Facelift (2015 - 2018),0.957,code,,,
363,Audi,RS Q3 F3,,https://img.7zap.com/images/oem/models/Audi_Q3_F3.webp,https://7zap.com/en/catalog/cars/audi/q3-typ-f3-facelift-parts-catalog/,Q3 (Typ F3) Facelift (2024 - 2026),0.686,family,,,
364,Audi,RS Q5 FY,,https://img.7zap.com/images/oem/models/Audi_Q5_FY_Facelift.webp,https://7zap.com/en/catalog/cars/audi/q5-typ-fy-facelift-parts-catalog/,Q5 (Typ FY) Facelift (2021 - 2025),0.683,family,,,
365,Audi,RS Q8,2019-2026,https://img.7zap.com/images/oem/models/Audi_Q8_Facelift.webp,https://7zap.com/en/catalog/cars/audi/rs-q8-typ-4m-facelift-parts-catalog/,RS Q8 (Typ 4M) Facelift (2024 - 2027),0.862,family,,,
366,Audi,RS Q8 4M,,https://img.7zap.com/images/oem/models/Audi_Q8_Facelift.webp,https://7zap.com/en/catalog/cars/audi/rs-q8-typ-4m-facelift-parts-catalog/,RS Q8 (Typ 4M) Facelift (2024 - 2027),1.0,code,,,
368,Audi,RS3,2011-2015,https://img.7zap.com/images/oem/models/Audi_RS3_8V.webp,https://7zap.com/en/catalog/cars/audi/rs-3-8v-facelift-parts-catalog/,RS 3 (8P) Facelift (2017 - 2021),0.51,family,,,
369,Audi,RS3 8P,,https://img.7zap.com/images/oem/models/Audi_RS3_8V.webp,https://7zap.com/en/catalog/cars/audi/rs-3-8v-facelift-parts-catalog/,RS 3 (8P) Facelift (2017 - 2021),0.961,code,,,
370,Audi,RS3 8V,,https://img.7zap.com/images/oem/models/Audi_A3_8V_Facelift.webp,https://7zap.com/en/catalog/cars/audi/a3-typ-8v-facelift-parts-catalog/,A3 (Typ 8V) Facelift (2017 - 2021),0.753,code,,,
371,Audi,RS3 8Y,,https://img.7zap.com/images/oem/models/Audi_A3_8Y_Facelift.webp,https://7zap.com/en/catalog/cars/audi/a3-s3-rs3-typ-8y-facelift-parts-catalog/,A3/S3/RS3 (Typ 8Y) Facelift (2024 - 2027),0.904,code,,,
372,Audi,RS4,2000-2005,https://img.7zap.com/images/oem/models/Audi_RS4_B7.webp,https://7zap.com/en/catalog/cars/audi/rs-4-b7-parts-catalog/,RS 4 B7 (2006 - 2009),0.53,family,,,
373,Audi,RS4 AVANT B5,,https://img.7zap.com/images/oem/models/Audi_RS4_B7.webp,https://7zap.com/en/catalog/cars/audi/rs-4-b7-parts-catalog/,RS 4 B7 (2006 - 2009),0.578,family,,,
374,Audi,RS4 AVANT B7,,https://img.7zap.com/images/oem/models/Audi_RS4_B7.webp,https://7zap.com/en/catalog/cars/audi/rs-4-b7-parts-catalog/,RS 4 B7 (2006 - 2009),0.67,family,,,
375,Audi,RS4 AVANT B8,,https://img.7zap.com/images/oem/models/Audi_RS4_B7.webp,https://7zap.com/en/catalog/cars/audi/rs-4-b7-parts-catalog/,RS 4 B7 (2006 - 2009),0.578,family,,,
376,Audi,RS4 AVANT B9,,https://img.7zap.com/images/oem/models/Audi_RS4_B7.webp,https://7zap.com/en/catalog/cars/audi/rs-4-b7-parts-catalog/,RS 4 B7 (2006 - 2009),0.578,family,,,
377,Audi,RS5,2010,https://img.7zap.com/images/oem/models/Audi_RS5_8T.webp,https://7zap.com/en/catalog/cars/audi/rs-5-8t-parts-catalog/,RS 5 (8T) (2013 - 2016),0.49,family,,,
378,Audi,RS5 8T,,https://img.7zap.com/images/oem/models/Audi_RS5_8T.webp,https://7zap.com/en/catalog/cars/audi/rs-5-8t-parts-catalog/,RS 5 (8T) (2013 - 2016),0.957,code,,,
380,Audi,RS5 F5,,https://img.7zap.com/images/oem/models/Audi_RS5_F5.webp,https://7zap.com/en/catalog/cars/audi/rs-5-f5-parts-catalog/,RS 5 (F5) (2018 - 2019),0.682,family,,,
381,Audi,RS5 SPORTBACK F5,,https://img.7zap.com/images/oem/models/Audi_RS5_F5.webp,https://7zap.com/en/catalog/cars/audi/rs-5-f5-parts-catalog/,RS 5 (F5) (2018 - 2019),0.682,family,,,
382,Audi,RS6,2002-2015,https://img.7zap.com/images/oem/models/Audi_RS6_C5.webp,https://7zap.com/en/catalog/cars/audi/rs-6-c5-parts-catalog/,RS 6 C5 (2003 - 2004),0.61,family,,,
383,Audi,RS6 AVANT,2002-2026,https://img.7zap.com/images/oem/models/Audi_RS6_C8.webp,https://7zap.com/en/catalog/cars/audi/rs6-c8-facelift-parts-catalog/,RS6 C8 Facelift (2024 - 2026),0.8,family,,,
384,Audi,RS6 AVANT C5,,https://img.7zap.com/images/oem/models/Audi_RS6_C8.webp,https://7zap.com/en/catalog/cars/audi/rs6-c8-facelift-parts-catalog/,RS6 C8 Facelift (2024 - 2026),0.684,family,,,
385,Audi,RS6 AVANT C6,,https://img.7zap.com/images/oem/models/Audi_RS6_C8.webp,https://7zap.com/en/catalog/cars/audi/rs6-c8-facelift-parts-catalog/,RS6 C8 Facelift (2024 - 2026),0.684,family,,,
386,Audi,RS6 AVANT C7,,https://img.7zap.com/images/oem/models/Audi_RS6_C8.webp,https://7zap.com/en/catalog/cars/audi/rs6-c8-facelift-parts-catalog/,RS6 C8 Facelift (2024 - 2026),0.684,family,,,
387,Audi,RS6 AVANT C8,,https://img.7zap.com/images/oem/models/Audi_RS6_C8.webp,https://7zap.com/en/catalog/cars/audi/rs6-c8-facelift-parts-catalog/,RS6 C8 Facelift (2024 - 2026),0.964,family,,,
388,Audi,RS7,2013,https://img.7zap.com/images/oem/models/Audi_RS7_4G_Facelift.webp,https://7zap.com/en/catalog/cars/audi/rs-7-c7-typ-4g-parts-catalog/,RS 7 C7 (Typ 4G) (2014 - 2018),0.53,family,,,
389,Audi,RS7 4G8,,https://img.7zap.com/images/oem/models/Audi_A7_4G_Facelift.webp,https://7zap.com/en/catalog/cars/audi/a7-sportback-c7-type-4g8-facelift-parts-catalog/,A7 Sportback C7 (Type 4G8) Facelift (2016 - 2018),0.691,code,,,
390,Audi,RS7 4K8,,https://img.7zap.com/images/oem/models/Audi_A7_4K.webp,https://7zap.com/en/catalog/cars/audi/a7-sportback-c8-type-4k8-facelift-parts-catalog/,A7 Sportback C8 (Type 4K8) Facelift (2023 - 2026),0.698,code,,,
391,Audi,RS7 AVANT,,https://img.7zap.com/images/oem/models/Audi_RS7_C8_4K.webp,https://7zap.com/en/catalog/cars/audi/rs-7-c8-typ-4k-facelift-parts-catalog/,RS 7 C8 (Typ 4K) Facelift (2024 - 2026),0.594,family,,,
392,Audi,S E-TRON GT,2025-2027,https://img.7zap.com/images/oem/models/Audi_e-tron_GT_Facelift.webp,https://7zap.com/en/catalog/cars/audi/e-tron-gt-facelift-parts-catalog/,e-tron GT Facelift (2024 - 2027),0.8,family,,,
397,Audi,S3,1998-2014,https://img.7zap.com/images/oem/models/Audi_A3_8P.webp,https://7zap.com/en/catalog/cars/audi/a3-s3-typ-8p-facelift-parts-catalog/,A3/S3 (Typ 8P) Facelift (2008 - 2013),0.56,family,,,
399,Audi,S3 8P,,https://img.7zap.com/images/oem/models/Audi_A3_8P.webp,https://7zap.com/en/catalog/cars/audi/a3-s3-typ-8p-facelift-parts-catalog/,A3/S3 (Typ 8P) Facelift (2008 - 2013),0.95,code,,,
400,Audi,S3 8V,,https://img.7zap.com/images/oem/models/Audi_A3_8V_Facelift.webp,https://7zap.com/en/catalog/cars/audi/a3-s3-typ-8v-facelift-parts-catalog/,A3/S3 (Typ 8V) Facelift (2017 - 2020),0.959,code,,,
401,Audi,S3 8Y,,https://img.7zap.com/images/oem/models/Audi_A3_8Y.webp,https://7zap.com/en/catalog/cars/audi/a3-s3-typ-8y-parts-catalog/,A3/S3 (Typ 8Y) (2022 - 2023),0.964,code,,,
402,Audi,S4,1997-2014,https://img.7zap.com/images/oem/models/Audi_A4_B7_8E_8H.webp,https://7zap.com/en/catalog/cars/audi/a4-s4-b6-typ-8e-8h-parts-catalog/,A4/S4 B6 (Typ 8E/8H) (2002 - 2009),0.51,family,,,
403,Audi,S4 AVANT,1997-2023,https://img.7zap.com/images/oem/models/Audi_A4_B7_8E_8H.webp,https://7zap.com/en/catalog/cars/audi/a4-s4-b6-typ-8e-8h-parts-catalog/,A4/S4 B6 (Typ 8E/8H) (2002 - 2009),0.545,family,,,
404,Audi,S4 B5,,https://img.7zap.com/images/oem/models/Audi_A4_B5_8D.webp,https://7zap.com/en/catalog/cars/audi/a4-s4-b5-typ-8d-facelift-parts-catalog/,A4/S4 B5 (Typ 8D) Facelift (1999 - 2002),0.574,family,,,
405,Audi,S4 B6,,https://img.7zap.com/images/oem/models/Audi_A4_B7_8E_8H.webp,https://7zap.com/en/catalog/cars/audi/a4-s4-b6-typ-8e-8h-parts-catalog/,A4/S4 B6 (Typ 8E/8H) (2002 - 2009),0.518,family,,,
406,Audi,S4 B7,,https://img.7zap.com/images/oem/models/Audi_RS4_B7.webp,https://7zap.com/en/catalog/cars/audi/rs-4-b7-parts-catalog/,RS 4 B7 (2006 - 2009),0.476,fuzzy,,,
407,Audi,S4 B8,,https://img.7zap.com/images/oem/models/Audi_A4_B8_8K.webp,https://7zap.com/en/catalog/cars/audi/a4-s4-b8-typ-8k-facelift-parts-catalog/,A4/S4 B8 (Typ 8K) Facelift (2013 - 2015),0.588,family,,,
408,Audi,S4 B9,,https://img.7zap.com/images/oem/models/Audi_A4_B9_8W.webp,https://7zap.com/en/catalog/cars/audi/a4-s4-b9-typ-8w-facelift-parts-catalog/,A4/S4 B9 (Typ 8W) Facelift (2019 - 2025),0.594,family,,,
409,Audi,S5,2007-2014,https://img.7zap.com/images/oem/models/Audi_A5_8T.webp,https://7zap.com/en/catalog/cars/audi/a5-s5-8t-parts-catalog/,A5/S5 (8T) (2008 - 2011),0.52,family,,,
410,Audi,S5 8T,,https://img.7zap.com/images/oem/models/Audi_A5_8T_Facelift.webp,https://7zap.com/en/catalog/cars/audi/a5-s5-8t-facelift-parts-catalog/,A5/S5 (8T) Facelift (2012 - 2017),0.954,code,,,
411,Audi,S5 AVANT,2024-2026,https://img.7zap.com/images/oem/models/Audi_A5_F5.webp,https://7zap.com/en/catalog/cars/audi/a5-s5-f5-facelift-parts-catalog/,A5/S5 (F5) Facelift (2019 - 2025),0.48,family,,,
412,Audi,S5 F5,,https://img.7zap.com/images/oem/models/Audi_A5_F5.webp,https://7zap.com/en/catalog/cars/audi/a5-s5-f5-facelift-parts-catalog/,A5/S5 (F5) Facelift (2019 - 2025),0.681,family,,,
413,Audi,S5 SPORTBACK F5,,https://img.7zap.com/images/oem/models/Audi_A5_F5.webp,https://7zap.com/en/catalog/cars/audi/a5-s5-f5-facelift-parts-catalog/,A5/S5 (F5) Facelift (2019 - 2025),0.681,family,,,
414,Audi,S6,1999-2015,https://img.7zap.com/images/oem/models/Audi_A6_C6.webp,https://7zap.com/en/catalog/cars/audi/a6-s6-c6-typ-4f-parts-catalog/,A6/S6 C6 (Typ 4F) (2005 - 2008),0.465,family,,,
415,Audi,S6 AVANT,1994-2026,https://img.7zap.com/images/oem/models/Audi_A6_C4.webp,https://7zap.com/en/catalog/cars/audi/a6-s6-c4-typ-4a-parts-catalog/,A6/S6 C4 (Typ 4A) (1995 - 1998),0.489,family,,,
416,Audi,S6 C4,,https://img.7zap.com/images/oem/models/Audi_A6_C4.webp,https://7zap.com/en/catalog/cars/audi/a6-s6-c4-typ-4a-parts-catalog/,A6/S6 C4 (Typ 4A) (1995 - 1998),0.57,family,,,
417,Audi,S6 C5,,https://img.7zap.com/images/oem/models/Audi_A6_C5.webp,https://7zap.com/en/catalog/cars/audi/a6-s6-c5-typ-4b-facelift-parts-catalog/,A6/S6 C5 (Typ 4B) Facelift (2002 - 2004),0.577,family,,,
418,Audi,S6 C6,,https://img.7zap.com/images/oem/models/Audi_A6_C6.webp,https://7zap.com/en/catalog/cars/audi/a6-s6-c6-typ-4f-facelift-parts-catalog/,A6/S6 C6 (Typ 4F) Facelift (2009 - 2011),0.584,family,,,
419,Audi,S6 C7,,https://img.7zap.com/images/oem/models/Audi_A6_C7.webp,https://7zap.com/en/catalog/cars/audi/a6-s6-c7-typ-4g-facelift-parts-catalog/,A6/S6 C7 (Typ 4G) Facelift (2016 - 2018),0.591,family,,,
420,Audi,S6 C8,,https://img.7zap.com/images/oem/models/Audi_A6_C8.webp,https://7zap.com/en/catalog/cars/audi/a6-s6-c8-typ-4k-facelift-parts-catalog/,A6/S6 C8 (Typ 4K) Facelift (2023 - 2026),0.598,family,,,
422,Audi,S7 4G8,,https://img.7zap.com/images/oem/models/Audi_A7_4G_Facelift.webp,https://7zap.com/en/catalog/cars/audi/a7-sportback-c7-type-4g8-facelift-parts-catalog/,A7 Sportback C7 (Type 4G8) Facelift (2016 - 2018),0.716,code,,,
423,Audi,S7 4K8,,https://img.7zap.com/images/oem/models/Audi_A7_4K.webp,https://7zap.com/en/catalog/cars/audi/a7-sportback-c8-type-4k8-facelift-parts-catalog/,A7 Sportback C8 (Type 4K8) Facelift (2023 - 2026),0.723,code,,,
424,Audi,S8,1999-2013,https://img.7zap.com/images/oem/models/Audi_A8_D3.webp,https://7zap.com/en/catalog/cars/audi/a8-s8-d3-typ-4e-parts-catalog/,A8/S8 D3 (Typ 4E) (2003 - 2007),0.485,family,,,
425,Audi,S8 D2,,https://img.7zap.com/images/oem/models/Audi_A8_D2.webp,https://7zap.com/en/catalog/cars/audi/a8-s8-d2-typ-4d-facelift-parts-catalog/,A8/S8 D2 (Typ 4D) Facelift (2000 - 2003),0.575,family,,,
426,Audi,S8 D3,,https://img.7zap.com/images/oem/models/Audi_A8_D3.webp,https://7zap.com/en/catalog/cars/audi/a8-s8-d3-typ-4e-facelift-parts-catalog/,A8/S8 D3 (Typ 4E) Facelift (2008 - 2010),0.583,family,,,
427,Audi,S8 D4,,https://img.7zap.com/images/oem/models/Audi_A8_D4_Facelift.webp,https://7zap.com/en/catalog/cars/audi/a8-s8-d4-typ-4h-facelift-parts-catalog/,A8/S8 D4 (Typ 4H) Facelift (2015 - 2017),0.59,family,,,
428,Audi,S8 D5,,https://img.7zap.com/images/oem/models/Audi_A8_D5_Faceift.webp,https://7zap.com/en/catalog/cars/audi/a8-s8-d5-typ-4n-facelift-parts-catalog/,A8/S8 D5 (Typ 4N) Facelift (2021 - 2027),0.596,family,,,
432,Audi,SQ5 8R,,https://img.7zap.com/images/oem/models/Audi_Q5_8R_Facelift.webp,https://7zap.com/en/catalog/cars/audi/q5-typ-8r-facelift-parts-catalog/,Q5 (Typ 8R) Facelift (2013 - 2017),0.858,code,,,
433,Audi,SQ5 FY,,https://img.7zap.com/images/oem/models/Audi_Q5_FY_Facelift.webp,https://7zap.com/en/catalog/cars/audi/q5-typ-fy-facelift-parts-catalog/,Q5 (Typ FY) Facelift (2021 - 2025),0.586,fuzzy,,,
436,Audi,SQ7 4M,,https://img.7zap.com/images/oem/models/Audi_Q7_4M.webp,https://7zap.com/en/catalog/cars/audi/q7-typ-4m-parts-catalog/,Q7 (Typ 4M) (2016 - 2019),0.861,code,,,
438,Audi,SQ8 4M,,https://img.7zap.com/images/oem/models/Audi_Q8_Facelift.webp,https://7zap.com/en/catalog/cars/audi/q8-typ-4m-facelift-parts-catalog/,Q8 (Typ 4M) Facelift (2024 - 2027),0.869,code,,,
439,Audi,SQ8 E-TRON,2023-2026,https://img.7zap.com/images/oem/models/Audi_e-tron.webp,https://7zap.com/en/catalog/cars/audi/e-tron-parts-catalog/,e-tron (2019 - 2023),0.67,family,,,
440,Audi,TT,1998-2013,https://img.7zap.com/images/oem/models/Audi_TT_8J_Facelift.webp,https://7zap.com/en/catalog/cars/audi/tt-type-8j-parts-catalog/,TT (Type 8J) (2007 - 2010),0.763,family,,,
4517,Audi,TT (8J3),2005-2010,https://img.7zap.com/images/oem/models/Audi_TT_8J_Facelift.webp,https://7zap.com/en/catalog/cars/audi/tt-type-8j-parts-catalog/,TT (Type 8J) (2007 - 2010),0.785,family,,,
5364,Audi,TT (8N3),2002-2004,https://img.7zap.com/images/oem/models/Audi_TT_8N.webp,https://7zap.com/en/catalog/cars/audi/tt-type-8n-facelift-parts-catalog/,TT (Type 8N) Facelift (2003 - 2006),0.745,family,,,
6464,Audi,TT (FV3),2012-2013,https://img.7zap.com/images/oem/models/Audi_TT_8J_Facelift.webp,https://7zap.com/en/catalog/cars/audi/tt-type-8j-facelift-parts-catalog/,TT (Type 8J) Facelift (2011 - 2014),0.66,family,,,
441,Audi,TT 8J,,https://img.7zap.com/images/oem/models/Audi_TT_8J_Facelift.webp,https://7zap.com/en/catalog/cars/audi/tt-type-8j-parts-catalog/,TT (Type 8J) (2007 - 2010),1.0,code,,,
442,Audi,TT 8N,,https://img.7zap.com/images/oem/models/Audi_TT_8N.webp,https://7zap.com/en/catalog/cars/audi/tt-type-8n-parts-catalog/,TT (Type 8N) (1999 - 2002),1.0,code,,,
443,Audi,TT FV/8S,,https://img.7zap.com/images/oem/models/Audi_TT_8S.webp,https://7zap.com/en/catalog/cars/audi/tt-type-8s-parts-catalog/,TT (Type 8S) (2016 - 2018),1.0,code,,,
4518,Audi,TT ROADSTER (8J9),2006-2011,https://img.7zap.com/images/oem/models/Audi_TT_8J_Facelift.webp,https://7zap.com/en/catalog/cars/audi/tt-type-8j-parts-catalog/,TT (Type 8J) (2007 - 2010),0.7,family,,,
4837,Audi,TT ROADSTER (8N9),2000-2004,https://img.7zap.com/images/oem/models/Audi_TT_8N.webp,https://7zap.com/en/catalog/cars/audi/tt-type-8n-parts-catalog/,TT (Type 8N) (1999 - 2002),0.68,family,,,
6517,Audi,TT ROADSTER (FV9),2013,https://img.7zap.com/images/oem/models/Audi_TT_8J_Facelift.webp,https://7zap.com/en/catalog/cars/audi/tt-type-8j-facelift-parts-catalog/,TT (Type 8J) Facelift (2011 - 2014),0.64,family,,,
444,Audi,TT ROADSTER 8J,,https://img.7zap.com/images/oem/models/Audi_TT_8J_Facelift.webp,https://7zap.com/en/catalog/cars/audi/tt-type-8j-parts-catalog/,TT (Type 8J) (2007 - 2010),1.0,code,,,
445,Audi,TT ROADSTER 8N,,https://img.7zap.com/images/oem/models/Audi_TT_8N.webp,https://7zap.com/en/catalog/cars/audi/tt-type-8n-parts-catalog/,TT (Type 8N) (1999 - 2002),1.0,code,,,
446,Audi,TT ROADSTER FV/8S,,https://img.7zap.com/images/oem/models/Audi_TT_8S.webp,https://7zap.com/en/catalog/cars/audi/tt-type-8s-parts-catalog/,TT (Type 8S) (2016 - 2018),0.992,code,,,
447,Audi,TT RS,2009,https://img.7zap.com/images/oem/models/Audi_TT_8J_Facelift.webp,https://7zap.com/en/catalog/cars/audi/tt-rs-type-8j-facelift-parts-catalog/,TT RS (Type 8J) Facelift (2012 - 2014),0.722,family,,,
448,Audi,TT RS 8J,,https://img.7zap.com/images/oem/models/Audi_TT_8J_Facelift.webp,https://7zap.com/en/catalog/cars/audi/tt-type-8j-parts-catalog/,TT (Type 8J) (2007 - 2010),1.0,code,,,
449,Audi,TT RS FV/8S,,https://img.7zap.com/images/oem/models/Audi_TT_8S.webp,https://7zap.com/en/catalog/cars/audi/tt-type-8s-parts-catalog/,TT (Type 8S) (2016 - 2018),1.0,code,,,
5439,BMW,1 (E81),2005-2010,https://img.7zap.com/images/oem/models/BMW_1-series_E82.webp,https://7zap.com/en/catalog/cars/bmw/1-series-e82-parts-catalog/,1' E82 (2007 - 2011),0.72,family,,,
6217,BMW,1 (E87),2003-2010,https://img.7zap.com/images/oem/models/BMW_1-series_E82.webp,https://7zap.com/en/catalog/cars/bmw/1-series-e82-parts-catalog/,1' E82 (2007 - 2011),0.72,family,,,
4386,BMW,1 (F20),2009-2013,https://img.7zap.com/images/oem/models/BMW_1-series_E82.webp,https://7zap.com/en/catalog/cars/bmw/1-series-e82-parts-catalog/,1' E82 (2007 - 2011),0.68,family,,,
6218,BMW,1 (F21),2010-2013,https://img.7zap.com/images/oem/models/BMW_1-series_E82.webp,https://7zap.com/en/catalog/cars/bmw/1-series-e82-parts-catalog/,1' E82 (2007 - 2011),0.66,family,,,
5788,BMW,1 CONVERTIBLE (E88),2007,https://img.7zap.com/images/oem/models/BMW_1-series_E88.webp,https://7zap.com/en/catalog/cars/bmw/1-series-e88-parts-catalog/,1' E88 (2007 - 2010),1.0,code,,,
4688,BMW,1 COUPE (E82),2006-2010,https://img.7zap.com/images/oem/models/BMW_1-series_E82.webp,https://7zap.com/en/catalog/cars/bmw/1-series-e82-parts-catalog/,1' E82 (2007 - 2011),1.0,code,,,
497,BMW,1 SERIES,2002-2015,https://img.7zap.com/images/oem/models/BMW_1-series_E82.webp,https://7zap.com/en/catalog/cars/bmw/1-series-e82-parts-catalog/,1' E82 (2007 - 2011),0.72,family,,,
498,BMW,1 SERIES M,2010-2012,https://img.7zap.com/images/oem/models/BMW_1-series_E82.webp,https://7zap.com/en/catalog/cars/bmw/1-series-e82-parts-catalog/,1' E82 (2007 - 2011),0.66,family,,,
499,BMW,1 SERIES M COUPé (E82),,https://img.7zap.com/images/oem/models/BMW_1-series_E82.webp,https://7zap.com/en/catalog/cars/bmw/1-series-e82-parts-catalog/,1' E82 (2007 - 2011),1.0,code,,,
500,BMW,1 SERIES – E81/E82/E87/E88,,https://img.7zap.com/images/oem/models/BMW_1-series_E82.webp,https://7zap.com/en/catalog/cars/bmw/1-series-e82-parts-catalog/,1' E82 (2007 - 2011),0.9,code,,,
501,BMW,1 SERIES – F20/F21,,https://img.7zap.com/images/oem/models/BMW_1-series_E82.webp,https://7zap.com/en/catalog/cars/bmw/1-series-e82-parts-catalog/,1' E82 (2007 - 2011),0.627,family,,,
502,BMW,1 SERIES – F40,,https://img.7zap.com/images/oem/models/BMW_1-series_E82.webp,https://7zap.com/en/catalog/cars/bmw/1-series-e82-parts-catalog/,1' E82 (2007 - 2011),0.627,family,,,
503,BMW,114I,,https://img.7zap.com/images/oem/models/BMW_1-series_E82.webp,https://7zap.com/en/catalog/cars/bmw/1-series-e82-parts-catalog/,1' E82 (2007 - 2011),0.627,family,,,
504,BMW,116D,,https://img.7zap.com/images/oem/models/BMW_1-series_E82.webp,https://7zap.com/en/catalog/cars/bmw/1-series-e82-parts-catalog/,1' E82 (2007 - 2011),0.627,family,,,
505,BMW,116I,,https://img.7zap.com/images/oem/models/BMW_1-series_E82.webp,https://7zap.com/en/catalog/cars/bmw/1-series-e82-parts-catalog/,1' E82 (2007 - 2011),0.627,family,,,
506,BMW,118D,,https://img.7zap.com/images/oem/models/BMW_1-series_E82.webp,https://7zap.com/en/catalog/cars/bmw/1-series-e82-parts-catalog/,1' E82 (2007 - 2011),0.627,family,,,
507,BMW,118I,,https://img.7zap.com/images/oem/models/BMW_1-series_E82.webp,https://7zap.com/en/catalog/cars/bmw/1-series-e82-parts-catalog/,1' E82 (2007 - 2011),0.627,family,,,
508,BMW,120D,,https://img.7zap.com/images/oem/models/BMW_1-series_E82.webp,https://7zap.com/en/catalog/cars/bmw/1-series-e82-parts-catalog/,1' E82 (2007 - 2011),0.627,family,,,
509,BMW,120I,,https://img.7zap.com/images/oem/models/BMW_1-series_E82.webp,https://7zap.com/en/catalog/cars/bmw/1-series-e82-parts-catalog/,1' E82 (2007 - 2011),0.627,family,,,
510,BMW,123D,,https://img.7zap.com/images/oem/models/BMW_1-series_E82.webp,https://7zap.com/en/catalog/cars/bmw/1-series-e82-parts-catalog/,1' E82 (2007 - 2011),0.627,family,,,
511,BMW,125D,,https://img.7zap.com/images/oem/models/BMW_1-series_E82.webp,https://7zap.com/en/catalog/cars/bmw/1-series-e82-parts-catalog/,1' E82 (2007 - 2011),0.627,family,,,
512,BMW,125I,,https://img.7zap.com/images/oem/models/BMW_1-series_E82.webp,https://7zap.com/en/catalog/cars/bmw/1-series-e82-parts-catalog/,1' E82 (2007 - 2011),0.627,family,,,
513,BMW,128I,,https://img.7zap.com/images/oem/models/BMW_1-series_E82.webp,https://7zap.com/en/catalog/cars/bmw/1-series-e82-parts-catalog/,1' E82 (2007 - 2011),0.627,family,,,
514,BMW,128TI,,https://img.7zap.com/images/oem/models/BMW_1-series_E82.webp,https://7zap.com/en/catalog/cars/bmw/1-series-e82-parts-catalog/,1' E82 (2007 - 2011),0.627,family,,,
515,BMW,130I,,https://img.7zap.com/images/oem/models/BMW_1-series_E82.webp,https://7zap.com/en/catalog/cars/bmw/1-series-e82-parts-catalog/,1' E82 (2007 - 2011),0.627,family,,,
516,BMW,135I,,https://img.7zap.com/images/oem/models/BMW_1-series_E82.webp,https://7zap.com/en/catalog/cars/bmw/1-series-e82-parts-catalog/,1' E82 (2007 - 2011),0.627,family,,,
6805,BMW,135IS,2013,https://img.7zap.com/images/oem/models/BMW_1-series_E82.webp,https://7zap.com/en/catalog/cars/bmw/1-series-e82-parts-catalog/,1' E82 (2007 - 2011),0.56,family,,,
6452,BMW,2 ACTIVE TOURER (F45),2012-2013,https://img.7zap.com/images/oem/models/BMW_2-series_F22.webp,https://7zap.com/en/catalog/cars/bmw/2-series-f22-parts-catalog/,2' F22 (2013 - 2016),0.64,family,,,
6496,BMW,2 CONVERTIBLE (F23),2013,https://img.7zap.com/images/oem/models/BMW_2-series_F23.webp,https://7zap.com/en/catalog/cars/bmw/2-series-f23-parts-catalog/,2' F23 (2014 - 2016),1.0,code,,,
6359,BMW,2 COUPE (F22),2012-2013,https://img.7zap.com/images/oem/models/BMW_2-series_F22.webp,https://7zap.com/en/catalog/cars/bmw/2-series-f22-parts-catalog/,2' F22 (2013 - 2016),1.0,code,,,
520,BMW,2 SERIES,2014-2015,https://img.7zap.com/images/oem/models/BMW_2-series_F22.webp,https://7zap.com/en/catalog/cars/bmw/2-series-f22-parts-catalog/,2' F22 (2013 - 2016),0.66,family,,,
521,BMW,2 SERIES ACTIVE TOURER,2014-2026,https://img.7zap.com/images/oem/models/BMW_2-series_F22.webp,https://7zap.com/en/catalog/cars/bmw/2-series-f22-parts-catalog/,2' F22 (2013 - 2016),0.68,family,,,
522,BMW,2 SERIES GRAN,2019-2026,https://img.7zap.com/images/oem/models/BMW_2-series_F44_Gran_Coupe.webp,https://7zap.com/en/catalog/cars/bmw/2-series-f44-gran-coupe-parts-catalog/,2' F44 Gran Coupe (2019 - 2020),0.78,family,,,
523,BMW,2 SERIES GRAN COUPé – F44,,https://img.7zap.com/images/oem/models/BMW_2-series_F44_Gran_Coupe.webp,https://7zap.com/en/catalog/cars/bmw/2-series-f44-gran-coupe-parts-catalog/,2' F44 Gran Coupe (2019 - 2020),1.0,code,,,
524,BMW,2 SERIES GRAN TOURER,2015-2021,https://img.7zap.com/images/oem/models/BMW_2-series_F44_Gran_Coupe.webp,https://7zap.com/en/catalog/cars/bmw/2-series-f44-gran-coupe-parts-catalog/,2' F44 Gran Coupe (2019 - 2020),0.78,family,,,
525,BMW,2 SERIES – F22/F23,,https://img.7zap.com/images/oem/models/BMW_2-series_F22.webp,https://7zap.com/en/catalog/cars/bmw/2-series-f22-parts-catalog/,2' F22 (2013 - 2016),1.0,code,,,
526,BMW,2 SERIES – F45/F46 (ACTIVE/GRAN TOURER),,https://img.7zap.com/images/oem/models/BMW_2-Series_G42.webp,https://7zap.com/en/catalog/cars/bmw/2-series-g42-parts-catalog/,2' G42 (2021 - 2022),0.641,family,,,
527,BMW,2 SERIES – G42,,https://img.7zap.com/images/oem/models/BMW_2-Series_G42.webp,https://7zap.com/en/catalog/cars/bmw/2-series-g42-parts-catalog/,2' G42 (2021 - 2022),1.0,code,,,
529,BMW,218D,,https://img.7zap.com/images/oem/models/BMW_2-Series_G42.webp,https://7zap.com/en/catalog/cars/bmw/2-series-g42-parts-catalog/,2' G42 (2021 - 2022),0.641,family,,,
530,BMW,218I,,https://img.7zap.com/images/oem/models/BMW_2-Series_G42.webp,https://7zap.com/en/catalog/cars/bmw/2-series-g42-parts-catalog/,2' G42 (2021 - 2022),0.641,family,,,
531,BMW,220D,,https://img.7zap.com/images/oem/models/BMW_2-Series_G42.webp,https://7zap.com/en/catalog/cars/bmw/2-series-g42-parts-catalog/,2' G42 (2021 - 2022),0.641,family,,,
532,BMW,220I,,https://img.7zap.com/images/oem/models/BMW_2-Series_G42.webp,https://7zap.com/en/catalog/cars/bmw/2-series-g42-parts-catalog/,2' G42 (2021 - 2022),0.641,family,,,
533,BMW,225D,,https://img.7zap.com/images/oem/models/BMW_2-Series_G42.webp,https://7zap.com/en/catalog/cars/bmw/2-series-g42-parts-catalog/,2' G42 (2021 - 2022),0.641,family,,,
534,BMW,225I,,https://img.7zap.com/images/oem/models/BMW_2-Series_G42.webp,https://7zap.com/en/catalog/cars/bmw/2-series-g42-parts-catalog/,2' G42 (2021 - 2022),0.641,family,,,
535,BMW,228,2026-2027,https://img.7zap.com/images/oem/models/BMW_2-Series_G42.webp,https://7zap.com/en/catalog/cars/bmw/2-series-g42-parts-catalog/,2' G42 (2021 - 2022),0.52,family,,,
536,BMW,228I,,https://img.7zap.com/images/oem/models/BMW_2-Series_G42.webp,https://7zap.com/en/catalog/cars/bmw/2-series-g42-parts-catalog/,2' G42 (2021 - 2022),0.641,family,,,
537,BMW,228I XDRIVE,,https://img.7zap.com/images/oem/models/BMW_2-Series_G42.webp,https://7zap.com/en/catalog/cars/bmw/2-series-g42-parts-catalog/,2' G42 (2021 - 2022),0.641,family,,,
538,BMW,230I,,https://img.7zap.com/images/oem/models/BMW_2-Series_G42.webp,https://7zap.com/en/catalog/cars/bmw/2-series-g42-parts-catalog/,2' G42 (2021 - 2022),0.641,family,,,
5029,BMW,3 (E46),2000-2002,https://img.7zap.com/images/oem/models/BMW_3-series_E46.webp,https://7zap.com/en/catalog/cars/bmw/3-series-e46-parts-catalog/,3' E46 (1998 - 2003),1.0,exact,,,
4454,BMW,3 (E90),2004-2010,https://img.7zap.com/images/oem/models/BMW_3-series_E90.webp,https://7zap.com/en/catalog/cars/bmw/3-series-e90-parts-catalog/,3' E90 (2005 - 2008),1.0,exact,,,
4915,BMW,"3 (F30, F35, F80)",2010-2012,https://img.7zap.com/images/oem/models/BMW_3-series_F30.webp,https://7zap.com/en/catalog/cars/bmw/3-series-f30-parts-catalog/,3' F30 (2011 - 2013),0.993,code,,,
5204,BMW,3 COMPACT (E46),2001-2002,https://img.7zap.com/images/oem/models/BMW_3-series_E46.webp,https://7zap.com/en/catalog/cars/bmw/3-series-e46-parts-catalog/,3' E46 (1998 - 2003),0.993,code,,,
4976,BMW,3 CONVERTIBLE (E46),2000-2005,https://img.7zap.com/images/oem/models/BMW_3-series_E46.webp,https://7zap.com/en/catalog/cars/bmw/3-series-e46-parts-catalog/,3' E46 (1998 - 2003),1.0,code,,,
4918,BMW,3 CONVERTIBLE (E93),2005-2009,https://img.7zap.com/images/oem/models/BMW_3-series_E93.webp,https://7zap.com/en/catalog/cars/bmw/3-series-e93-parts-catalog/,3' E93 (2006 - 2008),1.0,code,,,
5030,BMW,3 COUPE (E46),2000-2004,https://img.7zap.com/images/oem/models/BMW_3-series_E46.webp,https://7zap.com/en/catalog/cars/bmw/3-series-e46-parts-catalog/,3' E46 (1998 - 2003),1.0,code,,,
4917,BMW,3 COUPE (E92),2005-2009,https://img.7zap.com/images/oem/models/BMW_3-series_E92.webp,https://7zap.com/en/catalog/cars/bmw/3-series-e92-parts-catalog/,3' E92 (2006 - 2007),1.0,code,,,
6229,BMW,3 GRAN TURISMO (F34),2012,https://img.7zap.com/images/oem/models/BMW_3-series_F30.webp,https://7zap.com/en/catalog/cars/bmw/3-series-f30-parts-catalog/,3' F30 (2011 - 2013),0.64,family,,,
540,BMW,3 SERIES,1992-2015,https://img.7zap.com/images/oem/models/BMW_3-series_E36.webp,https://7zap.com/en/catalog/cars/bmw/3-series-e36-parts-catalog/,3' E36 (1990 - 1998),0.76,family,,,
541,BMW,3 SERIES COMPACT,1994-2005,https://img.7zap.com/images/oem/models/BMW_3-series_E46.webp,https://7zap.com/en/catalog/cars/bmw/3-series-e46-parts-catalog/,3' E46 (1998 - 2003),0.74,family,,,
542,BMW,3 SERIES GRAN TURISMO,2013-2020,https://img.7zap.com/images/oem/models/BMW_3-series_G20.webp,https://7zap.com/en/catalog/cars/bmw/3-series-g20-saloon-parts-catalog/,3' G20 Saloon (2018 - 2020),0.68,family,,,
543,BMW,3 SERIES – E21,,https://img.7zap.com/images/oem/models/BMW_3-Series_E21.webp,https://7zap.com/en/catalog/cars/bmw/3-series-e21-parts-catalog/,3' E21 (1976 - 1979),1.0,code,,,
544,BMW,3 SERIES – E30,,https://img.7zap.com/images/oem/models/BMW_3-series_E30.webp,https://7zap.com/en/catalog/cars/bmw/3-series-e30-parts-catalog/,3' E30 (1982 - 1990),1.0,code,,,
545,BMW,3 SERIES – E36,,https://img.7zap.com/images/oem/models/BMW_3-series_E36.webp,https://7zap.com/en/catalog/cars/bmw/3-series-e36-parts-catalog/,3' E36 (1990 - 1998),1.0,code,,,
546,BMW,3 SERIES – E46,,https://img.7zap.com/images/oem/models/BMW_3-series_E46.webp,https://7zap.com/en/catalog/cars/bmw/3-series-e46-parts-catalog/,3' E46 (1998 - 2003),1.0,code,,,
547,BMW,3 SERIES – E90/E91/E92/E93,,https://img.7zap.com/images/oem/models/BMW_3-series_E92_LCI.webp,https://7zap.com/en/catalog/cars/bmw/3-series-e92-lci-parts-catalog/,3' E92 LCI (2010),0.903,code,,,
548,BMW,3 SERIES – F30/F31/F34/F35,,https://img.7zap.com/images/oem/models/BMW_3-series_F30_LCI.webp,https://7zap.com/en/catalog/cars/bmw/3-series-f30-lci-parts-catalog/,3' F30 LCI (2015 - 2016),0.908,code,,,
549,BMW,3 SERIES – G20/G21/G28,,https://img.7zap.com/images/oem/models/BMW_3-series_G20_LCI.webp,https://7zap.com/en/catalog/cars/bmw/3-series-g20-saloon-lci-parts-catalog/,3' G20 Saloon LCI (2022 - 2024),0.975,code,,,
4884,BMW,3 TOURING (E46),2000-2002,https://img.7zap.com/images/oem/models/BMW_3-series_E46.webp,https://7zap.com/en/catalog/cars/bmw/3-series-e46-parts-catalog/,3' E46 (1998 - 2003),1.0,code,,,
4388,BMW,3 TOURING (E91),2004-2011,https://img.7zap.com/images/oem/models/BMW_3-series_E91.webp,https://7zap.com/en/catalog/cars/bmw/3-series-e91-parts-catalog/,3' E91 (2005 - 2006),1.0,code,,,
6250,BMW,3 TOURING (F31),2010-2012,https://img.7zap.com/images/oem/models/BMW_3-series_F31.webp,https://7zap.com/en/catalog/cars/bmw/3-series-f31-parts-catalog/,3' F31 (2012 - 2013),1.0,code,,,
552,BMW,316D,,https://img.7zap.com/images/oem/models/BMW_3-series_G20_LCI.webp,https://7zap.com/en/catalog/cars/bmw/3-series-g20-saloon-lci-parts-catalog/,3' G20 Saloon LCI (2022 - 2024),0.642,family,,,
553,BMW,316I,,https://img.7zap.com/images/oem/models/BMW_3-series_G20_LCI.webp,https://7zap.com/en/catalog/cars/bmw/3-series-g20-saloon-lci-parts-catalog/,3' G20 Saloon LCI (2022 - 2024),0.642,family,,,
554,BMW,318D,,https://img.7zap.com/images/oem/models/BMW_3-series_G20_LCI.webp,https://7zap.com/en/catalog/cars/bmw/3-series-g20-saloon-lci-parts-catalog/,3' G20 Saloon LCI (2022 - 2024),0.642,family,,,
555,BMW,318I,,https://img.7zap.com/images/oem/models/BMW_3-series_G20_LCI.webp,https://7zap.com/en/catalog/cars/bmw/3-series-g20-saloon-lci-parts-catalog/,3' G20 Saloon LCI (2022 - 2024),0.642,family,,,
558,BMW,318TI,1981-2000,https://img.7zap.com/images/oem/models/BMW_3-series_E30.webp,https://7zap.com/en/catalog/cars/bmw/3-series-e30-parts-catalog/,3' E30 (1982 - 1990),0.78,family,,,
560,BMW,320D,,https://img.7zap.com/images/oem/models/BMW_3-series_G20_LCI.webp,https://7zap.com/en/catalog/cars/bmw/3-series-g20-saloon-lci-parts-catalog/,3' G20 Saloon LCI (2022 - 2024),0.642,family,,,
561,BMW,320E,,https://img.7zap.com/images/oem/models/BMW_3-series_G20_LCI.webp,https://7zap.com/en/catalog/cars/bmw/3-series-g20-saloon-lci-parts-catalog/,3' G20 Saloon LCI (2022 - 2024),0.642,family,,,
562,BMW,320I,,https://img.7zap.com/images/oem/models/BMW_3-series_G20_LCI.webp,https://7zap.com/en/catalog/cars/bmw/3-series-g20-saloon-lci-parts-catalog/,3' G20 Saloon LCI (2022 - 2024),0.642,family,,,
6806,BMW,320XI,2013,https://img.7zap.com/images/oem/models/BMW_3-series_F30.webp,https://7zap.com/en/catalog/cars/bmw/3-series-f30-parts-catalog/,3' F30 (2011 - 2013),0.64,family,,,
6673,BMW,323CI,2000,https://img.7zap.com/images/oem/models/BMW_3-series_E46.webp,https://7zap.com/en/catalog/cars/bmw/3-series-e46-parts-catalog/,3' E46 (1998 - 2003),0.64,family,,,
563,BMW,323I,,https://img.7zap.com/images/oem/models/BMW_3-series_G20_LCI.webp,https://7zap.com/en/catalog/cars/bmw/3-series-g20-saloon-lci-parts-catalog/,3' G20 Saloon LCI (2022 - 2024),0.642,family,,,
564,BMW,323IC,1998-2000,https://img.7zap.com/images/oem/models/BMW_3-series_E46.webp,https://7zap.com/en/catalog/cars/bmw/3-series-e46-parts-catalog/,3' E46 (1998 - 2003),0.68,family,,,
565,BMW,323IS,1998-2000,https://img.7zap.com/images/oem/models/BMW_3-series_E46.webp,https://7zap.com/en/catalog/cars/bmw/3-series-e46-parts-catalog/,3' E46 (1998 - 2003),0.68,family,,,
568,BMW,325CI,2000-2006,https://img.7zap.com/images/oem/models/BMW_3-series_E46.webp,https://7zap.com/en/catalog/cars/bmw/3-series-e46-parts-catalog/,3' E46 (1998 - 2003),0.7,family,,,
569,BMW,325D,,https://img.7zap.com/images/oem/models/BMW_3-series_G20_LCI.webp,https://7zap.com/en/catalog/cars/bmw/3-series-g20-saloon-lci-parts-catalog/,3' G20 Saloon LCI (2022 - 2024),0.642,family,,,
570,BMW,325I,,https://img.7zap.com/images/oem/models/BMW_3-series_G20_LCI.webp,https://7zap.com/en/catalog/cars/bmw/3-series-g20-saloon-lci-parts-catalog/,3' G20 Saloon LCI (2022 - 2024),0.642,family,,,
575,BMW,325XI,2002-2006,https://img.7zap.com/images/oem/models/BMW_3-series_E46.webp,https://7zap.com/en/catalog/cars/bmw/3-series-e46-parts-catalog/,3' E46 (1998 - 2003),0.66,family,,,
576,BMW,328CI,1999-2000,https://img.7zap.com/images/oem/models/BMW_3-series_E46.webp,https://7zap.com/en/catalog/cars/bmw/3-series-e46-parts-catalog/,3' E46 (1998 - 2003),0.66,family,,,
577,BMW,328D,2014-2018,https://img.7zap.com/images/oem/models/BMW_3-series_F30_LCI.webp,https://7zap.com/en/catalog/cars/bmw/3-series-f30-lci-parts-catalog/,3' F30 LCI (2015 - 2016),0.66,family,,,
578,BMW,328I,,https://img.7zap.com/images/oem/models/BMW_3-series_G20_LCI.webp,https://7zap.com/en/catalog/cars/bmw/3-series-g20-saloon-lci-parts-catalog/,3' G20 Saloon LCI (2022 - 2024),0.642,family,,,
579,BMW,328IC,1996-2000,https://img.7zap.com/images/oem/models/BMW_3-series_E36.webp,https://7zap.com/en/catalog/cars/bmw/3-series-e36-parts-catalog/,3' E36 (1990 - 1998),0.68,family,,,
580,BMW,328IS,1996-2000,https://img.7zap.com/images/oem/models/BMW_3-series_E36.webp,https://7zap.com/en/catalog/cars/bmw/3-series-e36-parts-catalog/,3' E36 (1990 - 1998),0.68,family,,,
581,BMW,328XI,2007-2008,https://img.7zap.com/images/oem/models/BMW_3-series_E90.webp,https://7zap.com/en/catalog/cars/bmw/3-series-e90-parts-catalog/,3' E90 (2005 - 2008),0.66,family,,,
582,BMW,330CI,2001-2006,https://img.7zap.com/images/oem/models/BMW_3-series_E46.webp,https://7zap.com/en/catalog/cars/bmw/3-series-e46-parts-catalog/,3' E46 (1998 - 2003),0.68,family,,,
583,BMW,330D,,https://img.7zap.com/images/oem/models/BMW_3-series_G20_LCI.webp,https://7zap.com/en/catalog/cars/bmw/3-series-g20-saloon-lci-parts-catalog/,3' G20 Saloon LCI (2022 - 2024),0.642,family,,,
584,BMW,330E,,https://img.7zap.com/images/oem/models/BMW_3-series_G20_LCI.webp,https://7zap.com/en/catalog/cars/bmw/3-series-g20-saloon-lci-parts-catalog/,3' G20 Saloon LCI (2022 - 2024),0.642,family,,,
585,BMW,330I,,https://img.7zap.com/images/oem/models/BMW_3-series_G20_LCI.webp,https://7zap.com/en/catalog/cars/bmw/3-series-g20-saloon-lci-parts-catalog/,3' G20 Saloon LCI (2022 - 2024),0.642,family,,,
586,BMW,330XI,2002-2006,https://img.7zap.com/images/oem/models/BMW_3-series_E46.webp,https://7zap.com/en/catalog/cars/bmw/3-series-e46-parts-catalog/,3' E46 (1998 - 2003),0.66,family,,,
587,BMW,335,2014-2014,https://img.7zap.com/images/oem/models/BMW_3-series_F34_GT.webp,https://7zap.com/en/catalog/cars/bmw/3-series-f34-gt-parts-catalog/,3' F34 GT (2013 - 2014),0.59,family,,,
588,BMW,335D,,https://img.7zap.com/images/oem/models/BMW_3-series_G20_LCI.webp,https://7zap.com/en/catalog/cars/bmw/3-series-g20-saloon-lci-parts-catalog/,3' G20 Saloon LCI (2022 - 2024),0.642,family,,,
589,BMW,335I,,https://img.7zap.com/images/oem/models/BMW_3-series_G20_LCI.webp,https://7zap.com/en/catalog/cars/bmw/3-series-g20-saloon-lci-parts-catalog/,3' G20 Saloon LCI (2022 - 2024),0.642,family,,,
590,BMW,335IS,2011-2015,https://img.7zap.com/images/oem/models/BMW_3-series_F30.webp,https://7zap.com/en/catalog/cars/bmw/3-series-f30-parts-catalog/,3' F30 (2011 - 2013),0.68,family,,,
591,BMW,335XI,2007-2008,https://img.7zap.com/images/oem/models/BMW_3-series_E90.webp,https://7zap.com/en/catalog/cars/bmw/3-series-e90-parts-catalog/,3' E90 (2005 - 2008),0.66,family,,,
592,BMW,340D,,https://img.7zap.com/images/oem/models/BMW_3-series_G20_LCI.webp,https://7zap.com/en/catalog/cars/bmw/3-series-g20-saloon-lci-parts-catalog/,3' G20 Saloon LCI (2022 - 2024),0.642,family,,,
593,BMW,340I,,https://img.7zap.com/images/oem/models/BMW_3-series_G20_LCI.webp,https://7zap.com/en/catalog/cars/bmw/3-series-g20-saloon-lci-parts-catalog/,3' G20 Saloon LCI (2022 - 2024),0.642,family,,,
6360,BMW,"4 CONVERTIBLE (F33, F83)",2012,https://img.7zap.com/images/oem/models/BMW_4-series_F33.webp,https://7zap.com/en/catalog/cars/bmw/4-series-f33-parts-catalog/,4' F33 (2013 - 2016),1.0,code,,,
6195,BMW,"4 COUPE (F32, F82)",2012-2013,https://img.7zap.com/images/oem/models/BMW_4-series_F32.webp,https://7zap.com/en/catalog/cars/bmw/4-series-f32-parts-catalog/,4' F32 (2013 - 2016),1.0,code,,,
6431,BMW,4 GRAN COUPE (F36),2012-2013,https://img.7zap.com/images/oem/models/BMW_4-series_F36_Gran_Coupe.webp,https://7zap.com/en/catalog/cars/bmw/4-series-f36-gran-coupe-parts-catalog/,4' F36 Gran Coupe (2014 - 2016),1.0,code,,,
594,BMW,4 SERIES,2013-2014,https://img.7zap.com/images/oem/models/BMW_4-series_F32.webp,https://7zap.com/en/catalog/cars/bmw/4-series-f32-parts-catalog/,4' F32 (2013 - 2016),0.66,family,,,
595,BMW,4 SERIES GRAN,2014-2026,https://img.7zap.com/images/oem/models/BMW_4-series_F36_Gran_Coupe.webp,https://7zap.com/en/catalog/cars/bmw/4-series-f36-gran-coupe-parts-catalog/,4' F36 Gran Coupe (2014 - 2016),0.8,family,,,
596,BMW,4 SERIES – F32/F33/F36,,https://img.7zap.com/images/oem/models/BMW_4-series_F32_LCI.webp,https://7zap.com/en/catalog/cars/bmw/4-series-f32-lci-parts-catalog/,4' F32 LCI (2017),0.97,code,,,
597,BMW,4 SERIES – G22/G23/G26,,https://img.7zap.com/images/oem/models/BMW_4-series_G22_Coupe_LCI.webp,https://7zap.com/en/catalog/cars/bmw/4-series-g22-coupe-lci-parts-catalog/,4' G22 Coupe LCI (2024),0.927,code,,,
598,BMW,418D,,https://img.7zap.com/images/oem/models/BMW_4-series_F32_LCI.webp,https://7zap.com/en/catalog/cars/bmw/4-series-f32-lci-parts-catalog/,4' F32 LCI (2017),0.637,family,,,
599,BMW,418I,,https://img.7zap.com/images/oem/models/BMW_4-series_F32_LCI.webp,https://7zap.com/en/catalog/cars/bmw/4-series-f32-lci-parts-catalog/,4' F32 LCI (2017),0.637,family,,,
600,BMW,420D,,https://img.7zap.com/images/oem/models/BMW_4-series_F32_LCI.webp,https://7zap.com/en/catalog/cars/bmw/4-series-f32-lci-parts-catalog/,4' F32 LCI (2017),0.637,family,,,
601,BMW,420I,,https://img.7zap.com/images/oem/models/BMW_4-series_F32_LCI.webp,https://7zap.com/en/catalog/cars/bmw/4-series-f32-lci-parts-catalog/,4' F32 LCI (2017),0.637,family,,,
602,BMW,425D,,https://img.7zap.com/images/oem/models/BMW_4-series_F32_LCI.webp,https://7zap.com/en/catalog/cars/bmw/4-series-f32-lci-parts-catalog/,4' F32 LCI (2017),0.637,family,,,
603,BMW,425I,,https://img.7zap.com/images/oem/models/BMW_4-series_F32_LCI.webp,https://7zap.com/en/catalog/cars/bmw/4-series-f32-lci-parts-catalog/,4' F32 LCI (2017),0.637,family,,,
604,BMW,428I,,https://img.7zap.com/images/oem/models/BMW_4-series_F32_LCI.webp,https://7zap.com/en/catalog/cars/bmw/4-series-f32-lci-parts-catalog/,4' F32 LCI (2017),0.637,family,,,
605,BMW,430D,,https://img.7zap.com/images/oem/models/BMW_4-series_F32_LCI.webp,https://7zap.com/en/catalog/cars/bmw/4-series-f32-lci-parts-catalog/,4' F32 LCI (2017),0.637,family,,,
606,BMW,430I,,https://img.7zap.com/images/oem/models/BMW_4-series_F32_LCI.webp,https://7zap.com/en/catalog/cars/bmw/4-series-f32-lci-parts-catalog/,4' F32 LCI (2017),0.637,family,,,
607,BMW,435D,,https://img.7zap.com/images/oem/models/BMW_4-series_F32_LCI.webp,https://7zap.com/en/catalog/cars/bmw/4-series-f32-lci-parts-catalog/,4' F32 LCI (2017),0.637,family,,,
608,BMW,435I,,https://img.7zap.com/images/oem/models/BMW_4-series_F32_LCI.webp,https://7zap.com/en/catalog/cars/bmw/4-series-f32-lci-parts-catalog/,4' F32 LCI (2017),0.637,family,,,
609,BMW,440D,,https://img.7zap.com/images/oem/models/BMW_4-series_F32_LCI.webp,https://7zap.com/en/catalog/cars/bmw/4-series-f32-lci-parts-catalog/,4' F32 LCI (2017),0.637,family,,,
610,BMW,440I,,https://img.7zap.com/images/oem/models/BMW_4-series_F32_LCI.webp,https://7zap.com/en/catalog/cars/bmw/4-series-f32-lci-parts-catalog/,4' F32 LCI (2017),0.637,family,,,
4995,BMW,5 (E39),2000,https://img.7zap.com/images/oem/models/BMW_5-series_E39.webp,https://7zap.com/en/catalog/cars/bmw/5-series-e39-parts-catalog/,5' E39 (1996 - 2000),1.0,exact,,,
5381,BMW,5 (E60),2003-2007,https://img.7zap.com/images/oem/models/BMW_5-Series_E60.webp,https://7zap.com/en/catalog/cars/bmw/5-series-e60-parts-catalog/,5' E60 (2003 - 2005),1.0,exact,,,
4404,BMW,"5 (F10, F18)",2009-2012,https://img.7zap.com/images/oem/models/BMW_5-series_F10.webp,https://7zap.com/en/catalog/cars/bmw/5-series-f10-parts-catalog/,5' F10 (2010 - 2012),1.0,code,,,
4779,BMW,5 GRAN TURISMO (F07),2008-2012,https://img.7zap.com/images/oem/models/BMW_5-series_F07_GT.webp,https://7zap.com/en/catalog/cars/bmw/5-series-f07-gt-parts-catalog/,5' F07 GT (2009 - 2012),0.701,code,,,
611,BMW,5 SERIES,1995-2014,https://img.7zap.com/images/oem/models/BMW_5-series_E39.webp,https://7zap.com/en/catalog/cars/bmw/5-series-e39-parts-catalog/,5' E39 (1996 - 2000),0.72,family,,,
5989,BMW,5 SERIES (E60),2003,https://img.7zap.com/images/oem/models/BMW_5-Series_E60.webp,https://7zap.com/en/catalog/cars/bmw/5-series-e60-parts-catalog/,5' E60 (2003 - 2005),1.0,code,,,
612,BMW,5 SERIES GRAN TURISMO,2009-2017,https://img.7zap.com/images/oem/models/BMW_5-series_F10.webp,https://7zap.com/en/catalog/cars/bmw/5-series-f10-parts-catalog/,5' F10 (2010 - 2012),0.68,family,,,
613,BMW,5 SERIES – E12,,https://img.7zap.com/images/oem/models/BMW_5-Series_E12.webp,https://7zap.com/en/catalog/cars/bmw/5-series-e12-parts-catalog/,5' E12 (1974 - 1979),1.0,code,,,
614,BMW,5 SERIES – E28,,https://img.7zap.com/images/oem/models/BMW_5-Series_E28.webp,https://7zap.com/en/catalog/cars/bmw/5-series-e28-parts-catalog/,5' E28 (1981 - 1986),1.0,code,,,
615,BMW,5 SERIES – E34,,https://img.7zap.com/images/oem/models/BMW_5-series_E34.webp,https://7zap.com/en/catalog/cars/bmw/5-series-e34-parts-catalog/,5' E34 (1988 - 1994),1.0,code,,,
616,BMW,5 SERIES – E39,,https://img.7zap.com/images/oem/models/BMW_5-series_E39.webp,https://7zap.com/en/catalog/cars/bmw/5-series-e39-parts-catalog/,5' E39 (1996 - 2000),1.0,code,,,
617,BMW,5 SERIES – E60/E61,,https://img.7zap.com/images/oem/models/BMW_5-Series_E60.webp,https://7zap.com/en/catalog/cars/bmw/5-series-e60-parts-catalog/,5' E60 (2003 - 2005),1.0,code,,,
618,BMW,5 SERIES – F10/F11/F07,,https://img.7zap.com/images/oem/models/BMW_5-series_F10_LCI.webp,https://7zap.com/en/catalog/cars/bmw/5-series-f10-lci-parts-catalog/,5' F10 LCI (2013),0.966,code,,,
619,BMW,5 SERIES – G30/G31/G38,,https://img.7zap.com/images/oem/models/BMW_5-series_G30_LCI.webp,https://7zap.com/en/catalog/cars/bmw/5-series-g30-lci-parts-catalog/,5' G30 LCI (2020),0.973,code,,,
4996,BMW,5 TOURING (E39),2000,https://img.7zap.com/images/oem/models/BMW_5-series_E39.webp,https://7zap.com/en/catalog/cars/bmw/5-series-e39-parts-catalog/,5' E39 (1996 - 2000),1.0,code,,,
5427,BMW,5 TOURING (E61),2003-2007,https://img.7zap.com/images/oem/models/BMW_5-Series_E61.webp,https://7zap.com/en/catalog/cars/bmw/5-series-e61-parts-catalog/,5' E61 (2005),1.0,code,,,
4525,BMW,5 TOURING (F11),2009-2012,https://img.7zap.com/images/oem/models/BMW_5-series_F10.webp,https://7zap.com/en/catalog/cars/bmw/5-series-f10-parts-catalog/,5' F10 (2010 - 2012),0.7,family,,,
620,BMW,503,,https://img.7zap.com/images/oem/models/BMW_5-Series_G60_Saloon.webp,https://7zap.com/en/catalog/cars/bmw/5-series-g60-saloon-parts-catalog/,5' G60 Saloon (2023 - 2025),0.643,family,,,
621,BMW,507,,https://img.7zap.com/images/oem/models/BMW_5-Series_G60_Saloon.webp,https://7zap.com/en/catalog/cars/bmw/5-series-g60-saloon-parts-catalog/,5' G60 Saloon (2023 - 2025),0.643,family,,,
622,BMW,518D,,https://img.7zap.com/images/oem/models/BMW_5-Series_G60_Saloon.webp,https://7zap.com/en/catalog/cars/bmw/5-series-g60-saloon-parts-catalog/,5' G60 Saloon (2023 - 2025),0.643,family,,,
623,BMW,520D,,https://img.7zap.com/images/oem/models/BMW_5-Series_G60_Saloon.webp,https://7zap.com/en/catalog/cars/bmw/5-series-g60-saloon-parts-catalog/,5' G60 Saloon (2023 - 2025),0.643,family,,,
624,BMW,520I,,https://img.7zap.com/images/oem/models/BMW_5-Series_G60_Saloon.webp,https://7zap.com/en/catalog/cars/bmw/5-series-g60-saloon-parts-catalog/,5' G60 Saloon (2023 - 2025),0.643,family,,,
625,BMW,523I,,https://img.7zap.com/images/oem/models/BMW_5-Series_G60_Saloon.webp,https://7zap.com/en/catalog/cars/bmw/5-series-g60-saloon-parts-catalog/,5' G60 Saloon (2023 - 2025),0.643,family,,,
627,BMW,525D,,https://img.7zap.com/images/oem/models/BMW_5-Series_G60_Saloon.webp,https://7zap.com/en/catalog/cars/bmw/5-series-g60-saloon-parts-catalog/,5' G60 Saloon (2023 - 2025),0.643,family,,,
628,BMW,525I,,https://img.7zap.com/images/oem/models/BMW_5-Series_G60_Saloon.webp,https://7zap.com/en/catalog/cars/bmw/5-series-g60-saloon-parts-catalog/,5' G60 Saloon (2023 - 2025),0.643,family,,,
629,BMW,525IA,2003-2003,https://img.7zap.com/images/oem/models/BMW_5-Series_E60.webp,https://7zap.com/en/catalog/cars/bmw/5-series-e60-parts-catalog/,5' E60 (2003 - 2005),0.64,family,,,
630,BMW,525XI,2006-2007,https://img.7zap.com/images/oem/models/BMW_5-Series_E60_LCI.webp,https://7zap.com/en/catalog/cars/bmw/5-series-e60-lci-parts-catalog/,5' E60 LCI (2007),0.64,family,,,
632,BMW,528I,,https://img.7zap.com/images/oem/models/BMW_5-Series_G60_Saloon.webp,https://7zap.com/en/catalog/cars/bmw/5-series-g60-saloon-parts-catalog/,5' G60 Saloon (2023 - 2025),0.643,family,,,
633,BMW,528XI,2008-2013,https://img.7zap.com/images/oem/models/BMW_5-series_F10.webp,https://7zap.com/en/catalog/cars/bmw/5-series-f10-parts-catalog/,5' F10 (2010 - 2012),0.68,family,,,
634,BMW,530D,,https://img.7zap.com/images/oem/models/BMW_5-Series_G60_Saloon.webp,https://7zap.com/en/catalog/cars/bmw/5-series-g60-saloon-parts-catalog/,5' G60 Saloon (2023 - 2025),0.643,family,,,
635,BMW,530E,,https://img.7zap.com/images/oem/models/BMW_5-Series_G60_Saloon.webp,https://7zap.com/en/catalog/cars/bmw/5-series-g60-saloon-parts-catalog/,5' G60 Saloon (2023 - 2025),0.643,family,,,
636,BMW,530I,,https://img.7zap.com/images/oem/models/BMW_5-Series_G60_Saloon.webp,https://7zap.com/en/catalog/cars/bmw/5-series-g60-saloon-parts-catalog/,5' G60 Saloon (2023 - 2025),0.643,family,,,
637,BMW,530IA,2003-2003,https://img.7zap.com/images/oem/models/BMW_5-Series_E60.webp,https://7zap.com/en/catalog/cars/bmw/5-series-e60-parts-catalog/,5' E60 (2003 - 2005),0.64,family,,,
638,BMW,530XI,2006-2007,https://img.7zap.com/images/oem/models/BMW_5-Series_E60_LCI.webp,https://7zap.com/en/catalog/cars/bmw/5-series-e60-lci-parts-catalog/,5' E60 LCI (2007),0.64,family,,,
640,BMW,535D,,https://img.7zap.com/images/oem/models/BMW_5-Series_G60_Saloon.webp,https://7zap.com/en/catalog/cars/bmw/5-series-g60-saloon-parts-catalog/,5' G60 Saloon (2023 - 2025),0.643,family,,,
641,BMW,535I,,https://img.7zap.com/images/oem/models/BMW_5-Series_G60_Saloon.webp,https://7zap.com/en/catalog/cars/bmw/5-series-g60-saloon-parts-catalog/,5' G60 Saloon (2023 - 2025),0.643,family,,,
643,BMW,535XI,2008-2008,https://img.7zap.com/images/oem/models/BMW_5-Series_E60_LCI.webp,https://7zap.com/en/catalog/cars/bmw/5-series-e60-lci-parts-catalog/,5' E60 LCI (2007),0.58,family,,,
644,BMW,540D,,https://img.7zap.com/images/oem/models/BMW_5-Series_G60_Saloon.webp,https://7zap.com/en/catalog/cars/bmw/5-series-g60-saloon-parts-catalog/,5' G60 Saloon (2023 - 2025),0.643,family,,,
645,BMW,540I,,https://img.7zap.com/images/oem/models/BMW_5-Series_G60_Saloon.webp,https://7zap.com/en/catalog/cars/bmw/5-series-g60-saloon-parts-catalog/,5' G60 Saloon (2023 - 2025),0.643,family,,,
646,BMW,540IA,2003-2003,https://img.7zap.com/images/oem/models/BMW_5-Series_E60.webp,https://7zap.com/en/catalog/cars/bmw/5-series-e60-parts-catalog/,5' E60 (2003 - 2005),0.64,family,,,
647,BMW,545E,,https://img.7zap.com/images/oem/models/BMW_5-Series_G60_Saloon.webp,https://7zap.com/en/catalog/cars/bmw/5-series-g60-saloon-parts-catalog/,5' G60 Saloon (2023 - 2025),0.643,family,,,
648,BMW,545I,2004-2005,https://img.7zap.com/images/oem/models/BMW_5-Series_E60.webp,https://7zap.com/en/catalog/cars/bmw/5-series-e60-parts-catalog/,5' E60 (2003 - 2005),0.66,family,,,
649,BMW,550D,,https://img.7zap.com/images/oem/models/BMW_5-Series_G60_Saloon.webp,https://7zap.com/en/catalog/cars/bmw/5-series-g60-saloon-parts-catalog/,5' G60 Saloon (2023 - 2025),0.643,family,,,
650,BMW,550E,2025-2027,https://img.7zap.com/images/oem/models/BMW_5-Series_G60_Saloon.webp,https://7zap.com/en/catalog/cars/bmw/5-series-g60-saloon-parts-catalog/,5' G60 Saloon (2023 - 2025),0.64,family,,,
651,BMW,550I,,https://img.7zap.com/images/oem/models/BMW_5-Series_G60_Saloon.webp,https://7zap.com/en/catalog/cars/bmw/5-series-g60-saloon-parts-catalog/,5' G60 Saloon (2023 - 2025),0.643,family,,,
6804,BMW,550XI,2010,https://img.7zap.com/images/oem/models/BMW_5-series_F10.webp,https://7zap.com/en/catalog/cars/bmw/5-series-f10-parts-catalog/,5' F10 (2010 - 2012),0.64,family,,,
5428,BMW,6 (E63),2003-2006,https://img.7zap.com/images/oem/models/BMW_6-series_E63.webp,https://7zap.com/en/catalog/cars/bmw/6-series-e63-parts-catalog/,6' E63 (2003 - 2006),1.0,exact,,,
5429,BMW,6 CONVERTIBLE (E64),2003-2006,https://img.7zap.com/images/oem/models/BMW_6-series_E64.webp,https://7zap.com/en/catalog/cars/bmw/6-series-e64-parts-catalog/,6' E64 (2003 - 2006),1.0,code,,,
4414,BMW,6 CONVERTIBLE (F12),2010-2012,https://img.7zap.com/images/oem/models/BMW_6-series_F12.webp,https://7zap.com/en/catalog/cars/bmw/6-series-f12-parts-catalog/,6' F12 (2011 - 2013),1.0,code,,,
4407,BMW,6 COUPE (F13),2009-2012,https://img.7zap.com/images/oem/models/BMW_6-series_F13.webp,https://7zap.com/en/catalog/cars/bmw/6-series-f13-parts-catalog/,6' F13 (2011 - 2013),1.0,code,,,
6363,BMW,6 GRAN COUPE (F06),2010-2012,https://img.7zap.com/images/oem/models/BMW_6-series_F06_Gran_Coupe.webp,https://7zap.com/en/catalog/cars/bmw/6-series-f06-gran-coupe-parts-catalog/,6' F06 Gran Coupe (2012 - 2014),1.0,code,,,
652,BMW,6 SERIES,2002-2013,https://img.7zap.com/images/oem/models/BMW_6-series_E63.webp,https://7zap.com/en/catalog/cars/bmw/6-series-e63-parts-catalog/,6' E63 (2003 - 2006),0.7,family,,,
653,BMW,6 SERIES GRAN,2012-2018,https://img.7zap.com/images/oem/models/BMW_6-series_F06_Gran_Coupe.webp,https://7zap.com/en/catalog/cars/bmw/6-series-f06-gran-coupe-parts-catalog/,6' F06 Gran Coupe (2012 - 2014),0.8,family,,,
654,BMW,6 SERIES GRAN TURISMO,2017-2026,https://img.7zap.com/images/oem/models/BMW_6-series_G32_GT.webp,https://7zap.com/en/catalog/cars/bmw/6-series-g32-gt-parts-catalog/,6' G32 GT (2017 - 2019),0.63,family,,,
655,BMW,6 SERIES – E24,,https://img.7zap.com/images/oem/models/BMW_6-series_E24.webp,https://7zap.com/en/catalog/cars/bmw/6-series-e24-parts-catalog/,6' E24 (1976 - 1986),1.0,code,,,
656,BMW,6 SERIES – E63/E64,,https://img.7zap.com/images/oem/models/BMW_6-series_E63.webp,https://7zap.com/en/catalog/cars/bmw/6-series-e63-parts-catalog/,6' E63 (2003 - 2006),1.0,code,,,
657,BMW,6 SERIES – F06/F12/F13,,https://img.7zap.com/images/oem/models/BMW_6-series_F12_LCI.webp,https://7zap.com/en/catalog/cars/bmw/6-series-f12-lci-parts-catalog/,6' F12 LCI (2015),0.968,code,,,
658,BMW,600,,https://img.7zap.com/images/oem/models/BMW_6-series_F12_LCI.webp,https://7zap.com/en/catalog/cars/bmw/6-series-f12-lci-parts-catalog/,6' F12 LCI (2015),0.635,family,,,
659,BMW,630D,,https://img.7zap.com/images/oem/models/BMW_6-series_F12_LCI.webp,https://7zap.com/en/catalog/cars/bmw/6-series-f12-lci-parts-catalog/,6' F12 LCI (2015),0.635,family,,,
660,BMW,630I,,https://img.7zap.com/images/oem/models/BMW_6-series_F12_LCI.webp,https://7zap.com/en/catalog/cars/bmw/6-series-f12-lci-parts-catalog/,6' F12 LCI (2015),0.635,family,,,
663,BMW,635D,,https://img.7zap.com/images/oem/models/BMW_6-series_F12_LCI.webp,https://7zap.com/en/catalog/cars/bmw/6-series-f12-lci-parts-catalog/,6' F12 LCI (2015),0.635,family,,,
664,BMW,635I,,https://img.7zap.com/images/oem/models/BMW_6-series_F12_LCI.webp,https://7zap.com/en/catalog/cars/bmw/6-series-f12-lci-parts-catalog/,6' F12 LCI (2015),0.635,family,,,
665,BMW,640D,,https://img.7zap.com/images/oem/models/BMW_6-series_F12_LCI.webp,https://7zap.com/en/catalog/cars/bmw/6-series-f12-lci-parts-catalog/,6' F12 LCI (2015),0.635,family,,,
666,BMW,640I,,https://img.7zap.com/images/oem/models/BMW_6-series_F12_LCI.webp,https://7zap.com/en/catalog/cars/bmw/6-series-f12-lci-parts-catalog/,6' F12 LCI (2015),0.635,family,,,
667,BMW,640XI,2018-2019,https://img.7zap.com/images/oem/models/BMW_6-series_G32_GT.webp,https://7zap.com/en/catalog/cars/bmw/6-series-g32-gt-parts-catalog/,6' G32 GT (2017 - 2019),0.61,family,,,
668,BMW,645CI,,https://img.7zap.com/images/oem/models/BMW_6-series_F12_LCI.webp,https://7zap.com/en/catalog/cars/bmw/6-series-f12-lci-parts-catalog/,6' F12 LCI (2015),0.635,family,,,
669,BMW,645I,2004-2004,https://img.7zap.com/images/oem/models/BMW_6-series_E63.webp,https://7zap.com/en/catalog/cars/bmw/6-series-e63-parts-catalog/,6' E63 (2003 - 2006),0.64,family,,,
670,BMW,650I,,https://img.7zap.com/images/oem/models/BMW_6-series_F12_LCI.webp,https://7zap.com/en/catalog/cars/bmw/6-series-f12-lci-parts-catalog/,6' F12 LCI (2015),0.635,family,,,
671,BMW,"650I, ALPINA B6",2015-2016,https://img.7zap.com/images/oem/models/BMW_6-series_F12_LCI.webp,https://7zap.com/en/catalog/cars/bmw/6-series-f12-lci-parts-catalog/,6' F12 LCI (2015),0.64,family,,,
672,BMW,"650I, B6",2017-2019,https://img.7zap.com/images/oem/models/BMW_6-series_G32_GT.webp,https://7zap.com/en/catalog/cars/bmw/6-series-g32-gt-parts-catalog/,6' G32 GT (2017 - 2019),0.63,family,,,
673,BMW,650XI,2012-2015,https://img.7zap.com/images/oem/models/BMW_6-series_F12.webp,https://7zap.com/en/catalog/cars/bmw/6-series-f12-parts-catalog/,6' F12 (2011 - 2013),0.66,family,,,
5037,BMW,7 (E38),2000,https://img.7zap.com/images/oem/models/BMW_7-series_E38.webp,https://7zap.com/en/catalog/cars/bmw/7-series-e38-parts-catalog/,7' E38 (1994 - 1999),0.98,exact,,,
4778,BMW,"7 (E65, E66, E67)",2001-2004,https://img.7zap.com/images/oem/models/BMW_7-series_E65.webp,https://7zap.com/en/catalog/cars/bmw/7-series-e65-parts-catalog/,7' E65 (2001 - 2006),1.0,code,,,
4452,BMW,"7 (F01, F02, F03, F04)",2007-2011,https://img.7zap.com/images/oem/models/BMW_7-series_F01.webp,https://7zap.com/en/catalog/cars/bmw/7-series-f01-parts-catalog/,7' F01 (2008 - 2010),0.953,code,,,
674,BMW,7 SERIES,1995-2012,https://img.7zap.com/images/oem/models/BMW_7-series_E65.webp,https://7zap.com/en/catalog/cars/bmw/7-series-e65-parts-catalog/,7' E65 (2001 - 2006),0.74,family,,,
675,BMW,7 SERIES – E23,,https://img.7zap.com/images/oem/models/BMW_7-series_E23.webp,https://7zap.com/en/catalog/cars/bmw/7-series-e23-parts-catalog/,7' E23 (1977 - 1985),1.0,code,,,
676,BMW,7 SERIES – E32,,https://img.7zap.com/images/oem/models/BMW_7-series_E32.webp,https://7zap.com/en/catalog/cars/bmw/7-series-e32-parts-catalog/,7' E32 (1986 - 1992),1.0,code,,,
677,BMW,7 SERIES – E38,,https://img.7zap.com/images/oem/models/BMW_7-series_E38.webp,https://7zap.com/en/catalog/cars/bmw/7-series-e38-parts-catalog/,7' E38 (1994 - 1999),1.0,code,,,
678,BMW,7 SERIES – E65/E66/E67/E68,,https://img.7zap.com/images/oem/models/BMW_7-series_E66.webp,https://7zap.com/en/catalog/cars/bmw/7-series-e66-parts-catalog/,7' E66 (2002 - 2005),0.895,code,,,
679,BMW,7 SERIES – F01/F02/F03/F04,,https://img.7zap.com/images/oem/models/BMW_7-series_F01_LCI.webp,https://7zap.com/en/catalog/cars/bmw/7-series-f01-lci-parts-catalog/,7' F01 LCI (2012),0.905,code,,,
680,BMW,7 SERIES – G11/G12,,https://img.7zap.com/images/oem/models/BMW_7-series_G11.webp,https://7zap.com/en/catalog/cars/bmw/7-series-g11-parts-catalog/,7' G11 (2015),1.0,code,,,
681,BMW,7 SERIES – G70,,https://img.7zap.com/images/oem/models/BMW_7-Series_G70.webp,https://7zap.com/en/catalog/cars/bmw/7-series-g70-parts-catalog/,7' G70 (2022 - 2023),1.0,code,,,
682,BMW,700,,https://img.7zap.com/images/oem/models/BMW_700.webp,https://7zap.com/en/catalog/cars/bmw/700-parts-catalog/,700 (1960 - 1962),1.0,exact,,,
683,BMW,730D,,https://img.7zap.com/images/oem/models/BMW_7-Series_G70.webp,https://7zap.com/en/catalog/cars/bmw/7-series-g70-parts-catalog/,7' G70 (2022 - 2023),0.642,family,,,
684,BMW,730I,,https://img.7zap.com/images/oem/models/BMW_7-Series_G70.webp,https://7zap.com/en/catalog/cars/bmw/7-series-g70-parts-catalog/,7' G70 (2022 - 2023),0.642,family,,,
688,BMW,740D,,https://img.7zap.com/images/oem/models/BMW_7-Series_G70.webp,https://7zap.com/en/catalog/cars/bmw/7-series-g70-parts-catalog/,7' G70 (2022 - 2023),0.642,family,,,
689,BMW,740E,,https://img.7zap.com/images/oem/models/BMW_7-Series_G70.webp,https://7zap.com/en/catalog/cars/bmw/7-series-g70-parts-catalog/,7' G70 (2022 - 2023),0.642,family,,,
690,BMW,740I,,https://img.7zap.com/images/oem/models/BMW_7-Series_G70.webp,https://7zap.com/en/catalog/cars/bmw/7-series-g70-parts-catalog/,7' G70 (2022 - 2023),0.642,family,,,
691,BMW,740IL,1993-2001,https://img.7zap.com/images/oem/models/BMW_7-series_E38.webp,https://7zap.com/en/catalog/cars/bmw/7-series-e38-parts-catalog/,7' E38 (1994 - 1999),0.74,family,,,
6572,BMW,740LD,2015,https://img.7zap.com/images/oem/models/BMW_7-series_G11.webp,https://7zap.com/en/catalog/cars/bmw/7-series-g11-parts-catalog/,7' G11 (2015),0.64,family,,,
692,BMW,740LI,2011-2022,https://img.7zap.com/images/oem/models/BMW_7-series_F02_LCI.webp,https://7zap.com/en/catalog/cars/bmw/7-series-f02-lci-parts-catalog/,7' F02 LCI (2012 - 2014),0.68,family,,,
6807,BMW,740LXI,2013,https://img.7zap.com/images/oem/models/BMW_7-series_F02_LCI.webp,https://7zap.com/en/catalog/cars/bmw/7-series-f02-lci-parts-catalog/,7' F02 LCI (2012 - 2014),0.64,family,,,
693,BMW,745E,,https://img.7zap.com/images/oem/models/BMW_7-Series_G70.webp,https://7zap.com/en/catalog/cars/bmw/7-series-g70-parts-catalog/,7' G70 (2022 - 2023),0.642,family,,,
694,BMW,745I,2002-2005,https://img.7zap.com/images/oem/models/BMW_7-series_E65.webp,https://7zap.com/en/catalog/cars/bmw/7-series-e65-parts-catalog/,7' E65 (2001 - 2006),0.7,family,,,
695,BMW,745LE,2022-2022,https://img.7zap.com/images/oem/models/BMW_7-Series_G70.webp,https://7zap.com/en/catalog/cars/bmw/7-series-g70-parts-catalog/,7' G70 (2022 - 2023),0.64,family,,,
696,BMW,745LI,2002-2005,https://img.7zap.com/images/oem/models/BMW_7-series_E65.webp,https://7zap.com/en/catalog/cars/bmw/7-series-e65-parts-catalog/,7' E65 (2001 - 2006),0.7,family,,,
697,BMW,750D,,https://img.7zap.com/images/oem/models/BMW_7-Series_G70.webp,https://7zap.com/en/catalog/cars/bmw/7-series-g70-parts-catalog/,7' G70 (2022 - 2023),0.642,family,,,
698,BMW,750E,2024-2026,https://img.7zap.com/images/oem/models/BMW_7-Series_G70.webp,https://7zap.com/en/catalog/cars/bmw/7-series-g70-parts-catalog/,7' G70 (2022 - 2023),0.58,family,,,
699,BMW,750I,,https://img.7zap.com/images/oem/models/BMW_7-Series_G70.webp,https://7zap.com/en/catalog/cars/bmw/7-series-g70-parts-catalog/,7' G70 (2022 - 2023),0.642,family,,,
700,BMW,"750I, ALPINA B7",2012-2015,https://img.7zap.com/images/oem/models/BMW_7-series_F02_LCI.webp,https://7zap.com/en/catalog/cars/bmw/7-series-f02-lci-parts-catalog/,7' F02 LCI (2012 - 2014),0.68,family,,,
701,BMW,"750I, B7",2017-2019,https://img.7zap.com/images/oem/models/BMW_7-series_G11_LCI.webp,https://7zap.com/en/catalog/cars/bmw/7-series-g11-lci-parts-catalog/,7' G11 LCI (2019),0.64,family,,,
6674,BMW,750IL,2000,https://img.7zap.com/images/oem/models/BMW_7-series_E38.webp,https://7zap.com/en/catalog/cars/bmw/7-series-e38-parts-catalog/,7' E38 (1994 - 1999),0.58,family,,,
703,BMW,750LI,2000-2022,https://img.7zap.com/images/oem/models/BMW_7-series_E65.webp,https://7zap.com/en/catalog/cars/bmw/7-series-e65-parts-catalog/,7' E65 (2001 - 2006),0.74,family,,,
704,BMW,"750LI, ALPINA B7",2012-2015,https://img.7zap.com/images/oem/models/BMW_7-series_F02_LCI.webp,https://7zap.com/en/catalog/cars/bmw/7-series-f02-lci-parts-catalog/,7' F02 LCI (2012 - 2014),0.68,family,,,
705,BMW,750LXI,2010-2015,https://img.7zap.com/images/oem/models/BMW_7-series_F02_LCI.webp,https://7zap.com/en/catalog/cars/bmw/7-series-f02-lci-parts-catalog/,7' F02 LCI (2012 - 2014),0.68,family,,,
706,BMW,"750LXI, ALPINA B7",2012-2012,https://img.7zap.com/images/oem/models/BMW_7-series_F01_LCI.webp,https://7zap.com/en/catalog/cars/bmw/7-series-f01-lci-parts-catalog/,7' F01 LCI (2012),0.64,family,,,
707,BMW,750XI,2010-2015,https://img.7zap.com/images/oem/models/BMW_7-series_F02_LCI.webp,https://7zap.com/en/catalog/cars/bmw/7-series-f02-lci-parts-catalog/,7' F02 LCI (2012 - 2014),0.68,family,,,
708,BMW,"750XI, ALPINA B7",2012-2012,https://img.7zap.com/images/oem/models/BMW_7-series_F01_LCI.webp,https://7zap.com/en/catalog/cars/bmw/7-series-f01-lci-parts-catalog/,7' F01 LCI (2012),0.64,family,,,
709,BMW,760I,,https://img.7zap.com/images/oem/models/BMW_7-Series_G70.webp,https://7zap.com/en/catalog/cars/bmw/7-series-g70-parts-catalog/,7' G70 (2022 - 2023),0.642,family,,,
710,BMW,760LI,2003-2015,https://img.7zap.com/images/oem/models/BMW_7-series_E65.webp,https://7zap.com/en/catalog/cars/bmw/7-series-e65-parts-catalog/,7' E65 (2001 - 2006),0.7,family,,,
711,BMW,8 SERIES,1989-2026,https://img.7zap.com/images/oem/models/BMW_8-series_E31.webp,https://7zap.com/en/catalog/cars/bmw/8-series-e31-parts-catalog/,8' E31 (1989 - 1996),0.78,family,,,
712,BMW,8 SERIES GRAN,2019-2022,https://img.7zap.com/images/oem/models/BMW_8-series_G16_Gran_Coupe.webp,https://7zap.com/en/catalog/cars/bmw/8-series-g16-gran-coupe-parts-catalog/,8' G16 Gran Coupe (2019 - 2021),0.8,family,,,
713,BMW,8 SERIES – E31,,https://img.7zap.com/images/oem/models/BMW_8-series_E31.webp,https://7zap.com/en/catalog/cars/bmw/8-series-e31-parts-catalog/,8' E31 (1989 - 1996),1.0,code,,,
714,BMW,8 SERIES – G14/G15/G16,,https://img.7zap.com/images/oem/models/BMW_8-series_G14_Convertible.webp,https://7zap.com/en/catalog/cars/bmw/8-series-g14-convertible-parts-catalog/,8' G14 Convertible (2018 - 2019),0.921,code,,,
716,BMW,840D,,https://img.7zap.com/images/oem/models/BMW_8-series_E31.webp,https://7zap.com/en/catalog/cars/bmw/8-series-e31-parts-catalog/,8' E31 (1989 - 1996),0.609,family,,,
717,BMW,840I,,https://img.7zap.com/images/oem/models/BMW_8-series_E31.webp,https://7zap.com/en/catalog/cars/bmw/8-series-e31-parts-catalog/,8' E31 (1989 - 1996),0.609,family,,,
720,BMW,850I,,https://img.7zap.com/images/oem/models/BMW_8-series_E31.webp,https://7zap.com/en/catalog/cars/bmw/8-series-e31-parts-catalog/,8' E31 (1989 - 1996),0.609,family,,,
728,BMW,I3,2013-2026,https://img.7zap.com/images/oem/models/BMW_i3_I01.webp,https://7zap.com/en/catalog/cars/bmw/i3-i01-parts-catalog/,i3 I01 (2014 - 2016),0.7,family,,,
729,BMW,I3S,,https://img.7zap.com/images/oem/models/BMW_i3_I01_LCI.webp,https://7zap.com/en/catalog/cars/bmw/i3-i01-lci-parts-catalog/,i3 I01 LCI (2017 - 2018),0.637,family,,,
730,BMW,I4,2021-2026,https://img.7zap.com/images/oem/models/BMW_i4_G26_Gran_Coupe.webp,https://7zap.com/en/catalog/cars/bmw/i4-g26-gran-coupe-parts-catalog/,i4 G26 Gran Coupe (2021 - 2023),0.58,family,,,
731,BMW,I4 M50,,https://img.7zap.com/images/oem/models/BMW_i4_G26_Gran_Coupe_LCI.webp,https://7zap.com/en/catalog/cars/bmw/i4-g26-gran-coupe-lci-parts-catalog/,i4 G26 Gran Coupe LCI (2024),0.544,family,,,
732,BMW,I5,2023-2026,https://img.7zap.com/images/oem/models/BMW_5-Series_G60_Saloon.webp,https://7zap.com/en/catalog/cars/bmw/5-series-g60-saloon-parts-catalog/,5' G60 Saloon (2023 - 2025),0.58,family,,,
733,BMW,I5 M60 XDRIVE,,https://img.7zap.com/images/oem/models/BMW_5-Series_G60_Saloon.webp,https://7zap.com/en/catalog/cars/bmw/5-series-g60-saloon-parts-catalog/,5' G60 Saloon (2023 - 2025),0.543,family,,,
734,BMW,I7,2022-2026,https://img.7zap.com/images/oem/models/BMW_7-Series_G70.webp,https://7zap.com/en/catalog/cars/bmw/7-series-g70-parts-catalog/,7' G70 (2022 - 2023),0.56,family,,,
735,BMW,I7 M70,,https://img.7zap.com/images/oem/models/BMW_7-Series_G70.webp,https://7zap.com/en/catalog/cars/bmw/7-series-g70-parts-catalog/,7' G70 (2022 - 2023),0.578,family,,,
736,BMW,I8,2014-2020,https://img.7zap.com/images/oem/models/BMW_i8_I12.webp,https://7zap.com/en/catalog/cars/bmw/i8-i12-parts-catalog/,i8 I12 (2014),0.66,family,,,
737,BMW,ISETTA,,https://img.7zap.com/images/oem/models/BMW_Isetta.webp,https://7zap.com/en/catalog/cars/bmw/isetta-parts-catalog/,Isetta (1956 - 1958),1.0,exact,,,
738,BMW,IX,2021-2026,https://img.7zap.com/images/oem/models/BMW_iX_I20.webp,https://7zap.com/en/catalog/cars/bmw/ix-i20-parts-catalog/,iX I20 (2021 - 2022),0.68,family,,,
739,BMW,IX M,2022-2025,https://img.7zap.com/images/oem/models/BMW_iX_I20.webp,https://7zap.com/en/catalog/cars/bmw/ix-i20-parts-catalog/,iX I20 (2021 - 2022),0.64,family,,,
740,BMW,IX M60,,https://img.7zap.com/images/oem/models/BMW_iX_I20.webp,https://7zap.com/en/catalog/cars/bmw/ix-i20-parts-catalog/,iX I20 (2021 - 2022),0.641,family,,,
741,BMW,IX1,2022-2026,https://img.7zap.com/images/oem/models/BMW_X1_U11.webp,https://7zap.com/en/catalog/cars/bmw/x1-u11-parts-catalog/,X1 U11 (2022 - 2023),0.66,family,,,
742,BMW,IX2,2023-2026,https://img.7zap.com/images/oem/models/BMW_X2_U10.webp,https://7zap.com/en/catalog/cars/bmw/x2-u10-parts-catalog/,X2 U10 (2023),0.64,family,,,
743,BMW,IX3,2020-2026,https://img.7zap.com/images/oem/models/BMW_X3_G01.webp,https://7zap.com/en/catalog/cars/bmw/x3-g01-parts-catalog/,X3 G01 (2017 - 2020),0.64,family,,,
747,BMW,M135I,,https://img.7zap.com/images/oem/models/BMW_1-series_E82.webp,https://7zap.com/en/catalog/cars/bmw/1-series-e82-parts-catalog/,1' E82 (2007 - 2011),0.627,family,,,
748,BMW,M135I XDRIVE,,https://img.7zap.com/images/oem/models/BMW_1-series_E82.webp,https://7zap.com/en/catalog/cars/bmw/1-series-e82-parts-catalog/,1' E82 (2007 - 2011),0.627,family,,,
749,BMW,M140I,,https://img.7zap.com/images/oem/models/BMW_1-series_E82.webp,https://7zap.com/en/catalog/cars/bmw/1-series-e82-parts-catalog/,1' E82 (2007 - 2011),0.627,family,,,
750,BMW,M140I XDRIVE,,https://img.7zap.com/images/oem/models/BMW_1-series_E82.webp,https://7zap.com/en/catalog/cars/bmw/1-series-e82-parts-catalog/,1' E82 (2007 - 2011),0.627,family,,,
751,BMW,M2,2015-2026,https://img.7zap.com/images/oem/models/BMW_2-series_F87_M2_LCI.webp,https://7zap.com/en/catalog/cars/bmw/2-series-f87-m2-lci-parts-catalog/,2' F87 M2 LCI (2017 - 2020),0.7,family,,,
752,BMW,M2 COMPETITION,,https://img.7zap.com/images/oem/models/BMW_2-Series_G87_M2.webp,https://7zap.com/en/catalog/cars/bmw/2-series-g87-m2-parts-catalog/,2' G87 M2 (2022 - 2024),0.642,family,,,
753,BMW,M2 CS,2019-2026,https://img.7zap.com/images/oem/models/BMW_2-Series_G87_M2.webp,https://7zap.com/en/catalog/cars/bmw/2-series-g87-m2-parts-catalog/,2' G87 M2 (2022 - 2024),0.68,family,,,
754,BMW,M235,2025-2027,https://img.7zap.com/images/oem/models/BMW_2-Series_F74_Gran_Coupe.webp,https://7zap.com/en/catalog/cars/bmw/2-series-f74-gran-coupe-parts-catalog/,2' F74 Gran Coupe (2024 - 2025),0.54,family,,,
755,BMW,M235I,,https://img.7zap.com/images/oem/models/BMW_2-Series_G42.webp,https://7zap.com/en/catalog/cars/bmw/2-series-g42-parts-catalog/,2' G42 (2021 - 2022),0.641,family,,,
756,BMW,M235I XDRIVE,,https://img.7zap.com/images/oem/models/BMW_2-Series_G42.webp,https://7zap.com/en/catalog/cars/bmw/2-series-g42-parts-catalog/,2' G42 (2021 - 2022),0.641,family,,,
757,BMW,M240I,,https://img.7zap.com/images/oem/models/BMW_2-Series_G42.webp,https://7zap.com/en/catalog/cars/bmw/2-series-g42-parts-catalog/,2' G42 (2021 - 2022),0.641,family,,,
758,BMW,M240I XDRIVE,,https://img.7zap.com/images/oem/models/BMW_2-Series_G42.webp,https://7zap.com/en/catalog/cars/bmw/2-series-g42-parts-catalog/,2' G42 (2021 - 2022),0.641,family,,,
759,BMW,M3,1986-2026,https://img.7zap.com/images/oem/models/BMW_3-series_E36.webp,https://7zap.com/en/catalog/cars/bmw/3-series-e36-parts-catalog/,3' E36 (1990 - 1998),0.78,family,,,
760,BMW,M3 COMPETITION,,https://img.7zap.com/images/oem/models/BMW_3-series_G80_M3_LCI.webp,https://7zap.com/en/catalog/cars/bmw/3-series-g80-m3-lci-parts-catalog/,3' G80 M3 LCI (2024),0.644,family,,,
761,BMW,M3 CS,2025-2026,https://img.7zap.com/images/oem/models/BMW_3-series_G20_LCI.webp,https://7zap.com/en/catalog/cars/bmw/3-series-g20-saloon-lci-parts-catalog/,3' G20 Saloon LCI (2022 - 2024),0.58,family,,,
762,BMW,M3 TOURING,,https://img.7zap.com/images/oem/models/BMW_3-series_G80_M3_LCI.webp,https://7zap.com/en/catalog/cars/bmw/3-series-g80-m3-lci-parts-catalog/,3' G80 M3 LCI (2024),0.644,family,,,
763,BMW,M340I,2020-2026,https://img.7zap.com/images/oem/models/BMW_3-series_G20_LCI.webp,https://7zap.com/en/catalog/cars/bmw/3-series-g20-saloon-lci-parts-catalog/,3' G20 Saloon LCI (2022 - 2024),0.68,family,,,
764,BMW,M3CI,2001-2006,https://img.7zap.com/images/oem/models/BMW_3-series_E46.webp,https://7zap.com/en/catalog/cars/bmw/3-series-e46-parts-catalog/,3' E46 (1998 - 2003),0.68,family,,,
765,BMW,M4,2014-2026,https://img.7zap.com/images/oem/models/BMW_4-series_F32.webp,https://7zap.com/en/catalog/cars/bmw/4-series-f32-parts-catalog/,4' F32 (2013 - 2016),0.68,family,,,
766,BMW,M4 COMPETITION,,https://img.7zap.com/images/oem/models/BMW_4-series_F32_LCI.webp,https://7zap.com/en/catalog/cars/bmw/4-series-f32-lci-parts-catalog/,4' F32 LCI (2017),0.637,family,,,
767,BMW,M4 CONVERTIBLE,,https://img.7zap.com/images/oem/models/BMW_4-series_G83_M4_Convertible.webp,https://7zap.com/en/catalog/cars/bmw/4-series-g83-m4-convertible-parts-catalog/,4' G83 M4 Convertible (2021),0.855,family,,,
768,BMW,M4 CS,2017-2026,https://img.7zap.com/images/oem/models/BMW_4-series_F32_LCI.webp,https://7zap.com/en/catalog/cars/bmw/4-series-f32-lci-parts-catalog/,4' F32 LCI (2017),0.64,family,,,
769,BMW,M4 CSL,,https://img.7zap.com/images/oem/models/BMW_4-series_F32_LCI.webp,https://7zap.com/en/catalog/cars/bmw/4-series-f32-lci-parts-catalog/,4' F32 LCI (2017),0.637,family,,,
770,BMW,M4 GTS,2015-2016,https://img.7zap.com/images/oem/models/BMW_4-series_F32.webp,https://7zap.com/en/catalog/cars/bmw/4-series-f32-parts-catalog/,4' F32 (2013 - 2016),0.66,family,,,
771,BMW,M440I,2021-2027,https://img.7zap.com/images/oem/models/BMW_4-series_G22_Coupe.webp,https://7zap.com/en/catalog/cars/bmw/4-series-g22-coupe-parts-catalog/,4' G22 Coupe (2020 - 2021),0.59,family,,,
772,BMW,M5,1979-2026,https://img.7zap.com/images/oem/models/BMW_5-series_E34.webp,https://7zap.com/en/catalog/cars/bmw/5-series-e34-parts-catalog/,5' E34 (1988 - 1994),0.76,family,,,
773,BMW,M5 COMPETITION,,https://img.7zap.com/images/oem/models/BMW_5-series_G90_M5.webp,https://7zap.com/en/catalog/cars/bmw/5-series-g90-m5-parts-catalog/,5' G90 M5 (2024),0.644,family,,,
774,BMW,M5 CS,,https://img.7zap.com/images/oem/models/BMW_5-series_G90_M5.webp,https://7zap.com/en/catalog/cars/bmw/5-series-g90-m5-parts-catalog/,5' G90 M5 (2024),0.644,family,,,
775,BMW,M5 TOURING,,https://img.7zap.com/images/oem/models/BMW_5-series_G99_M5_Touring.webp,https://7zap.com/en/catalog/cars/bmw/5-series-g99-m5-touring-parts-catalog/,5' G99 M5 Touring (2024),0.826,family,,,
776,BMW,M550I,2018-2023,https://img.7zap.com/images/oem/models/BMW_5-series_G30.webp,https://7zap.com/en/catalog/cars/bmw/5-series-g30-parts-catalog/,5' G30 (2016 - 2019),0.66,family,,,
777,BMW,M6,1984-2018,https://img.7zap.com/images/oem/models/BMW_6-series_E63.webp,https://7zap.com/en/catalog/cars/bmw/6-series-e63-parts-catalog/,6' E63 (2003 - 2006),0.7,family,,,
778,BMW,M6 CABRIO,2006-2018,https://img.7zap.com/images/oem/models/BMW_6-series_F12.webp,https://7zap.com/en/catalog/cars/bmw/6-series-f12-parts-catalog/,6' F12 (2011 - 2013),0.68,family,,,
779,BMW,M6 CONVERTIBLE,,https://img.7zap.com/images/oem/models/BMW_6-series_F12_LCI.webp,https://7zap.com/en/catalog/cars/bmw/6-series-f12-lci-parts-catalog/,6' F12 LCI (2015),0.635,family,,,
780,BMW,M6 GRAN,2013-2018,https://img.7zap.com/images/oem/models/BMW_6-series_F12.webp,https://7zap.com/en/catalog/cars/bmw/6-series-f12-parts-catalog/,6' F12 (2011 - 2013),0.64,family,,,
781,BMW,M6 GRAN COUPé,,https://img.7zap.com/images/oem/models/BMW_6-series_F06_Gran_Coupe.webp,https://7zap.com/en/catalog/cars/bmw/6-series-f06-gran-coupe-parts-catalog/,6' F06 Gran Coupe (2012 - 2014),0.669,family,,,
782,BMW,M760E,,https://img.7zap.com/images/oem/models/BMW_7-Series_G70.webp,https://7zap.com/en/catalog/cars/bmw/7-series-g70-parts-catalog/,7' G70 (2022 - 2023),0.642,family,,,
783,BMW,M760I,2017-2021,https://img.7zap.com/images/oem/models/BMW_7-series_G11_LCI.webp,https://7zap.com/en/catalog/cars/bmw/7-series-g11-lci-parts-catalog/,7' G11 LCI (2019),0.64,family,,,
784,BMW,M760LI,,https://img.7zap.com/images/oem/models/BMW_7-Series_G70.webp,https://7zap.com/en/catalog/cars/bmw/7-series-g70-parts-catalog/,7' G70 (2022 - 2023),0.642,family,,,
785,BMW,M8,2019-2026,https://img.7zap.com/images/oem/models/BMW_8-series_F91_M8_Convertible.webp,https://7zap.com/en/catalog/cars/bmw/8-series-f91-m8-convertible-parts-catalog/,8' F91 M8 Convertible (2019),0.59,family,,,
786,BMW,M8 COMPETITION CONVERTIBLE,,https://img.7zap.com/images/oem/models/BMW_8-series_F91_M8_Convertible.webp,https://7zap.com/en/catalog/cars/bmw/8-series-f91-m8-convertible-parts-catalog/,8' F91 M8 Convertible (2019),0.639,family,,,
787,BMW,M8 COMPETITION COUPé,,https://img.7zap.com/images/oem/models/BMW_8-series_F92_M8_Coupe.webp,https://7zap.com/en/catalog/cars/bmw/8-series-f92-m8-coupe-parts-catalog/,8' F92 M8 Coupe (2019),0.639,family,,,
788,BMW,M8 COMPETITION GRAN COUPé,,https://img.7zap.com/images/oem/models/BMW_8-series_F92_M8_Coupe.webp,https://7zap.com/en/catalog/cars/bmw/8-series-f92-m8-coupe-parts-catalog/,8' F92 M8 Coupe (2019),0.639,family,,,
789,BMW,M8 GRAN,2022-2026,https://img.7zap.com/images/oem/models/BMW_8-series_F93_M8_Gran_Coupe.webp,https://7zap.com/en/catalog/cars/bmw/8-series-f93-m8-gran-coupe-parts-catalog/,8' F93 M8 Gran Coupe (2019),0.63,family,,,
790,BMW,M850I,2020-2026,https://img.7zap.com/images/oem/models/BMW_8-series_G16_Gran_Coupe.webp,https://7zap.com/en/catalog/cars/bmw/8-series-g16-gran-coupe-parts-catalog/,8' G16 Gran Coupe (2019 - 2021),0.56,family,,,
793,BMW,X1,2009-2026,https://img.7zap.com/images/oem/models/BMW_X1_E84.webp,https://7zap.com/en/catalog/cars/bmw/x1-e84-parts-catalog/,X1 E84 (2011 - 2012),0.68,family,,,
4698,BMW,X1 (E84),2008-2012,https://img.7zap.com/images/oem/models/BMW_X1_E84.webp,https://7zap.com/en/catalog/cars/bmw/x1-e84-parts-catalog/,X1 E84 (2011 - 2012),1.0,exact,,,
794,BMW,X1 M35I XDRIVE,,https://img.7zap.com/images/oem/models/BMW_X1_U11.webp,https://7zap.com/en/catalog/cars/bmw/x1-u11-parts-catalog/,X1 U11 (2022 - 2023),0.642,family,,,
795,BMW,X1 – E84,,https://img.7zap.com/images/oem/models/BMW_X1_E84.webp,https://7zap.com/en/catalog/cars/bmw/x1-e84-parts-catalog/,X1 E84 (2011 - 2012),1.0,exact,,,
796,BMW,X1 – F48,,https://img.7zap.com/images/oem/models/BMW_X1_F48.webp,https://7zap.com/en/catalog/cars/bmw/x1-f48-parts-catalog/,X1 F48 (2015 - 2016),1.0,exact,,,
797,BMW,X1 – U11,,https://img.7zap.com/images/oem/models/BMW_X1_U11.webp,https://7zap.com/en/catalog/cars/bmw/x1-u11-parts-catalog/,X1 U11 (2022 - 2023),1.0,exact,,,
798,BMW,X2,2018-2026,https://img.7zap.com/images/oem/models/BMW_X2_F39.webp,https://7zap.com/en/catalog/cars/bmw/x2-f39-parts-catalog/,X2 F39 (2017 - 2019),0.68,family,,,
799,BMW,X2 M35I XDRIVE,,https://img.7zap.com/images/oem/models/BMW_X2_U10.webp,https://7zap.com/en/catalog/cars/bmw/x2-u10-parts-catalog/,X2 U10 (2023),0.643,family,,,
800,BMW,X2 – F39,,https://img.7zap.com/images/oem/models/BMW_X2_F39.webp,https://7zap.com/en/catalog/cars/bmw/x2-f39-parts-catalog/,X2 F39 (2017 - 2019),1.0,exact,,,
801,BMW,X2 – U10,,https://img.7zap.com/images/oem/models/BMW_X2_U10.webp,https://7zap.com/en/catalog/cars/bmw/x2-u10-parts-catalog/,X2 U10 (2023),1.0,exact,,,
802,BMW,X3,2004-2026,https://img.7zap.com/images/oem/models/BMW_X3_F25.webp,https://7zap.com/en/catalog/cars/bmw/x3-f25-parts-catalog/,X3 F25 (2010 - 2014),0.74,family,,,
4777,BMW,X3 (E83),2003-2008,https://img.7zap.com/images/oem/models/BMW_X3_E83.webp,https://7zap.com/en/catalog/cars/bmw/x3-e83-parts-catalog/,X3 E83 (2003 - 2004),1.0,exact,,,
4699,BMW,X3 (F25),2009-2012,https://img.7zap.com/images/oem/models/BMW_X3_F25.webp,https://7zap.com/en/catalog/cars/bmw/x3-f25-parts-catalog/,X3 F25 (2010 - 2014),1.0,exact,,,
803,BMW,X3 M,2019-2026,https://img.7zap.com/images/oem/models/BMW_X3_M_F97.webp,https://7zap.com/en/catalog/cars/bmw/x3-m-f97-parts-catalog/,X3 M F97 (2019),0.76,family,,,
804,BMW,X3 M40I,,https://img.7zap.com/images/oem/models/BMW_X3_G45.webp,https://7zap.com/en/catalog/cars/bmw/x3-g45-parts-catalog/,X3 G45 (2024),0.644,family,,,
805,BMW,X3 – E83,,https://img.7zap.com/images/oem/models/BMW_X3_E83.webp,https://7zap.com/en/catalog/cars/bmw/x3-e83-parts-catalog/,X3 E83 (2003 - 2004),1.0,exact,,,
806,BMW,X3 – F25,,https://img.7zap.com/images/oem/models/BMW_X3_F25.webp,https://7zap.com/en/catalog/cars/bmw/x3-f25-parts-catalog/,X3 F25 (2010 - 2014),1.0,exact,,,
807,BMW,X3 – G01,,https://img.7zap.com/images/oem/models/BMW_X3_G01.webp,https://7zap.com/en/catalog/cars/bmw/x3-g01-parts-catalog/,X3 G01 (2017 - 2020),1.0,exact,,,
808,BMW,X4,2014-2026,https://img.7zap.com/images/oem/models/BMW_X4_F26.webp,https://7zap.com/en/catalog/cars/bmw/x4-f26-parts-catalog/,X4 F26 (2014 - 2015),0.68,family,,,
6440,BMW,X4 (F26),2012,https://img.7zap.com/images/oem/models/BMW_X4_F26.webp,https://7zap.com/en/catalog/cars/bmw/x4-f26-parts-catalog/,X4 F26 (2014 - 2015),0.96,exact,,,
809,BMW,X4 M,2019-2026,https://img.7zap.com/images/oem/models/BMW_X4_M_F98.webp,https://7zap.com/en/catalog/cars/bmw/x4-m-f98-parts-catalog/,X4 M F98 (2019),0.76,family,,,
810,BMW,X4 M40I,,https://img.7zap.com/images/oem/models/BMW_X4_G02_LCI.webp,https://7zap.com/en/catalog/cars/bmw/x4-g02-lci-parts-catalog/,X4 G02 LCI (2021),0.641,family,,,
811,BMW,X4 – F26,,https://img.7zap.com/images/oem/models/BMW_X4_F26.webp,https://7zap.com/en/catalog/cars/bmw/x4-f26-parts-catalog/,X4 F26 (2014 - 2015),1.0,exact,,,
812,BMW,X4 – G02,,https://img.7zap.com/images/oem/models/BMW_X4_G02.webp,https://7zap.com/en/catalog/cars/bmw/x4-g02-parts-catalog/,X4 G02 (2018 - 2019),1.0,exact,,,
813,BMW,X5,2000-2026,https://img.7zap.com/images/oem/models/BMW_X5_E53.webp,https://7zap.com/en/catalog/cars/bmw/x5-e53-parts-catalog/,X5 E53 (1999 - 2004),0.74,family,,,
4941,BMW,X5 (E53),2000-2003,https://img.7zap.com/images/oem/models/BMW_X5_E53.webp,https://7zap.com/en/catalog/cars/bmw/x5-e53-parts-catalog/,X5 E53 (1999 - 2004),1.0,exact,,,
4338,BMW,X5 (E70),2006-2011,https://img.7zap.com/images/oem/models/BMW_X5_E70.webp,https://7zap.com/en/catalog/cars/bmw/x5-e70-parts-catalog/,X5 E70 (2006 - 2009),1.0,exact,,,
5600,BMW,"X5 (F15, F85)",2011-2013,https://img.7zap.com/images/oem/models/BMW_X5_F15_M.webp,https://7zap.com/en/catalog/cars/bmw/x5-f15-parts-catalog/,X5 F15 (2013 - 2015),1.0,code,,,
814,BMW,X5 M,2009-2026,https://img.7zap.com/images/oem/models/BMW_X5_M_F85.webp,https://7zap.com/en/catalog/cars/bmw/x5-m-f85-parts-catalog/,X5 M F85 (2014),0.76,family,,,
815,BMW,X5 M50I,,https://img.7zap.com/images/oem/models/BMW_X5_G05_LCI.webp,https://7zap.com/en/catalog/cars/bmw/x5-g05-lci-parts-catalog/,X5 G05 LCI (2023),0.643,family,,,
816,BMW,X5 – E53,,https://img.7zap.com/images/oem/models/BMW_X5_E53.webp,https://7zap.com/en/catalog/cars/bmw/x5-e53-parts-catalog/,X5 E53 (1999 - 2004),1.0,exact,,,
817,BMW,X5 – E70,,https://img.7zap.com/images/oem/models/BMW_X5_E70.webp,https://7zap.com/en/catalog/cars/bmw/x5-e70-parts-catalog/,X5 E70 (2006 - 2009),1.0,exact,,,
818,BMW,X5 – F15/F85,,https://img.7zap.com/images/oem/models/BMW_X5_F15_M.webp,https://7zap.com/en/catalog/cars/bmw/x5-f15-parts-catalog/,X5 F15 (2013 - 2015),1.0,code,,,
819,BMW,X5 – G05/G18,,https://img.7zap.com/images/oem/models/BMW_X5_G05.webp,https://7zap.com/en/catalog/cars/bmw/x5-g05-parts-catalog/,X5 G05 (2018 - 2020),1.0,code,,,
820,BMW,X6,2008-2026,https://img.7zap.com/images/oem/models/BMW_X6_E71.webp,https://7zap.com/en/catalog/cars/bmw/x6-e71-parts-catalog/,X6 E71 (2008 - 2010),0.7,family,,,
4339,BMW,"X6 (E71, E72)",2007-2011,https://img.7zap.com/images/oem/models/BMW_X6_E71.webp,https://7zap.com/en/catalog/cars/bmw/x6-e71-parts-catalog/,X6 E71 (2008 - 2010),1.0,code,,,
6459,BMW,"X6 (F16, F86)",2012-2013,https://img.7zap.com/images/oem/models/BMW_X6_F16_M.webp,https://7zap.com/en/catalog/cars/bmw/x6-f16-parts-catalog/,X6 F16 (2014),1.0,code,,,
821,BMW,X6 M,2009-2026,https://img.7zap.com/images/oem/models/BMW_X6_M_F86.webp,https://7zap.com/en/catalog/cars/bmw/x6-m-f86-parts-catalog/,X6 M F86 (2014),0.76,family,,,
822,BMW,X6 M50I,,https://img.7zap.com/images/oem/models/BMW_X6_G06_LCI.webp,https://7zap.com/en/catalog/cars/bmw/x6-g06-lci-parts-catalog/,X6 G06 LCI (2023),0.643,family,,,
823,BMW,X6 – E71/E72,,https://img.7zap.com/images/oem/models/BMW_X6_E71.webp,https://7zap.com/en/catalog/cars/bmw/x6-e71-parts-catalog/,X6 E71 (2008 - 2010),1.0,code,,,
824,BMW,X6 – F16/F86,,https://img.7zap.com/images/oem/models/BMW_X6_F16_M.webp,https://7zap.com/en/catalog/cars/bmw/x6-f16-parts-catalog/,X6 F16 (2014),1.0,code,,,
825,BMW,X6 – G06,,https://img.7zap.com/images/oem/models/BMW_X6_G06.webp,https://7zap.com/en/catalog/cars/bmw/x6-g06-parts-catalog/,X6 G06 (2019),1.0,exact,,,
826,BMW,X7,2018-2026,https://img.7zap.com/images/oem/models/BMW_X7_G07.webp,https://7zap.com/en/catalog/cars/bmw/x7-g07-parts-catalog/,X7 G07 (2018 - 2020),0.7,family,,,
827,BMW,X7 M60I,,https://img.7zap.com/images/oem/models/BMW_X7_G07_LCI.webp,https://7zap.com/en/catalog/cars/bmw/x7-g07-lci-parts-catalog/,X7 G07 LCI (2022),0.642,family,,,
828,BMW,X7 – G07,,https://img.7zap.com/images/oem/models/BMW_X7_G07.webp,https://7zap.com/en/catalog/cars/bmw/x7-g07-parts-catalog/,X7 G07 (2018 - 2020),1.0,exact,,,
829,BMW,XM,2022-2026,https://img.7zap.com/images/oem/models/BMW_XM_G09.webp,https://7zap.com/en/catalog/cars/bmw/xm-g09-parts-catalog/,XM G09 (2022 - 2023),0.68,family,,,
832,BMW,Z3,1996-2003,https://img.7zap.com/images/oem/models/BMW_Z3_E36.webp,https://7zap.com/en/catalog/cars/bmw/z3-e36-parts-catalog/,Z3 E36 (1996 - 2001),0.76,family,,,
5055,BMW,Z3 (E36),2000-2001,https://img.7zap.com/images/oem/models/BMW_Z3_E36.webp,https://7zap.com/en/catalog/cars/bmw/z3-e36-parts-catalog/,Z3 E36 (1996 - 2001),1.0,exact,,,
5056,BMW,Z3 COUPE (E36),2000-2001,https://img.7zap.com/images/oem/models/BMW_Z3_E36.webp,https://7zap.com/en/catalog/cars/bmw/z3-e36-parts-catalog/,Z3 E36 (1996 - 2001),1.0,code,,,
833,BMW,Z3 M,,https://img.7zap.com/images/oem/models/BMW_Z3_E36.webp,https://7zap.com/en/catalog/cars/bmw/z3-e36-parts-catalog/,Z3 E36 (1996 - 2001),0.616,family,,,
834,BMW,Z4,2002-2026,https://img.7zap.com/images/oem/models/BMW_Z4_E85.webp,https://7zap.com/en/catalog/cars/bmw/z4-e85-parts-catalog/,Z4 E85 (2002 - 2006),0.74,family,,,
5336,BMW,Z4 (E85),2002-2005,https://img.7zap.com/images/oem/models/BMW_Z4_E85.webp,https://7zap.com/en/catalog/cars/bmw/z4-e85-parts-catalog/,Z4 E85 (2002 - 2006),1.0,exact,,,
4858,BMW,Z4 (E89),2008-2012,https://img.7zap.com/images/oem/models/BMW_Z4_E89.webp,https://7zap.com/en/catalog/cars/bmw/z4-e89-parts-catalog/,Z4 E89 (2009 - 2011),1.0,exact,,,
5540,BMW,Z4 COUPE (E86),2005,https://img.7zap.com/images/oem/models/BMW_Z4_E86.webp,https://7zap.com/en/catalog/cars/bmw/z4-e86-parts-catalog/,Z4 E86 (2006),1.0,code,,,
835,BMW,Z4 M40I,,https://img.7zap.com/images/oem/models/BMW_Z4_G29.webp,https://7zap.com/en/catalog/cars/bmw/z4-g29-parts-catalog/,Z4 G29 (2018 - 2019),0.638,family,,,
836,BMW,Z4 – E85/E86,,https://img.7zap.com/images/oem/models/BMW_Z4_E85.webp,https://7zap.com/en/catalog/cars/bmw/z4-e85-parts-catalog/,Z4 E85 (2002 - 2006),1.0,code,,,
837,BMW,Z4 – E89,,https://img.7zap.com/images/oem/models/BMW_Z4_E89.webp,https://7zap.com/en/catalog/cars/bmw/z4-e89-parts-catalog/,Z4 E89 (2009 - 2011),1.0,exact,,,
838,BMW,Z4 – G29,,https://img.7zap.com/images/oem/models/BMW_Z4_G29.webp,https://7zap.com/en/catalog/cars/bmw/z4-g29-parts-catalog/,Z4 G29 (2018 - 2019),1.0,exact,,,
839,BMW,Z8,2000-2003,https://img.7zap.com/images/oem/models/BMW_Z8_E52.webp,https://7zap.com/en/catalog/cars/bmw/z8-e52-parts-catalog/,Z8 E52 (2000 - 2002),0.7,family,,,
4934,BMW,Z8 (E52),2000,https://img.7zap.com/images/oem/models/BMW_Z8_E52.webp,https://7zap.com/en/catalog/cars/bmw/z8-e52-parts-catalog/,Z8 E52 (2000 - 2002),1.0,exact,,,
453,Bentley,4½ LITRE,,https://commons.wikimedia.org/wiki/Special:FilePath/Bentley%204%C2%BD%20Litre%20-%2020090924.jpg?width=1024,http://www.wikidata.org/entity/Q2453030,4½ Litre,1.0,exact,wikidata,,
454,Bentley,6½ LITRE,,https://commons.wikimedia.org/wiki/Special:FilePath/Bentley%204%C2%BD%20Litre%20-%2020090924.jpg?width=1024,http://www.wikidata.org/entity/Q2453030,4½ Litre,0.54,fuzzy,wikidata,,
466,Bentley,CONTINENTAL,2003-2010,https://commons.wikimedia.org/wiki/Special:FilePath/Bentley%20Continental%20GTC%20Speed%20%283rd%20gen.%29%20IMG%200006.jpg?width=1024,http://www.wikidata.org/entity/Q503691,Continental GTC,0.828,family,wikidata,,
4865,Bentley,CONTINENTAL CONVERTIBLE,2005-2012,https://commons.wikimedia.org/wiki/Special:FilePath/Bentley%20Continental%20GTC%20Speed%20%283rd%20gen.%29%20IMG%200006.jpg?width=1024,http://www.wikidata.org/entity/Q503691,Continental GTC,0.828,family,wikidata,,
4605,Bentley,CONTINENTAL COUPE,2003-2013,https://commons.wikimedia.org/wiki/Special:FilePath/Bentley%20Continental%20GTC%20Speed%20%283rd%20gen.%29%20IMG%200006.jpg?width=1024,http://www.wikidata.org/entity/Q503691,Continental GTC,0.828,family,wikidata,,
467,Bentley,CONTINENTAL FLYING SPUR,2004-2012,https://commons.wikimedia.org/wiki/Special:FilePath/Bentley%20Continental%20GTC%20Speed%20%283rd%20gen.%29%20IMG%200006.jpg?width=1024,http://www.wikidata.org/entity/Q503691,Continental GTC,0.6,family,wikidata,,
468,Bentley,CONTINENTAL GT,2011-2026,https://commons.wikimedia.org/wiki/Special:FilePath/Bentley%20Continental%20GTC%20Speed%20%283rd%20gen.%29%20IMG%200006.jpg?width=1024,http://www.wikidata.org/entity/Q503691,Continental GTC,0.719,family,wikidata,,
469,Bentley,CONTINENTAL GT SPEED,,https://commons.wikimedia.org/wiki/Special:FilePath/Bentley%20Continental%20GTC%20Speed%20%283rd%20gen.%29%20IMG%200006.jpg?width=1024,http://www.wikidata.org/entity/Q503691,Continental GTC,0.62,family,wikidata,,
470,Bentley,CONTINENTAL GTC,2006-2026,https://commons.wikimedia.org/wiki/Special:FilePath/Bentley%20Continental%20GTC%20Speed%20%283rd%20gen.%29%20IMG%200006.jpg?width=1024,http://www.wikidata.org/entity/Q503691,Continental GTC,1.0,exact,wikidata,,
471,Bentley,CONTINENTAL R,,https://commons.wikimedia.org/wiki/Special:FilePath/Bentley%20Continental%20GTC%20Speed%20%283rd%20gen.%29%20IMG%200006.jpg?width=1024,http://www.wikidata.org/entity/Q503691,Continental GTC,0.654,family,wikidata,,
472,Bentley,CONTINENTAL S,,https://commons.wikimedia.org/wiki/Special:FilePath/Bentley%20Continental%20GTC%20Speed%20%283rd%20gen.%29%20IMG%200006.jpg?width=1024,http://www.wikidata.org/entity/Q503691,Continental GTC,0.654,family,wikidata,,
473,Bentley,CONTINENTAL SUPERSPORTS,,https://commons.wikimedia.org/wiki/Special:FilePath/Bentley%20Continental%20GTC%20Speed%20%283rd%20gen.%29%20IMG%200006.jpg?width=1024,http://www.wikidata.org/entity/Q503691,Continental GTC,0.6,family,wikidata,,
474,Bentley,CONTINENTAL T,,https://commons.wikimedia.org/wiki/Special:FilePath/Bentley%20Continental%20GTC%20Speed%20%283rd%20gen.%29%20IMG%200006.jpg?width=1024,http://www.wikidata.org/entity/Q503691,Continental GTC,0.697,family,wikidata,,
901,Bugatti,TYPE 101,,https://commons.wikimedia.org/wiki/Special:FilePath/Bugatti%20Type%20101.jpg?width=1024,http://www.wikidata.org/entity/Q263618,type 101,1.0,exact,wikidata,,
902,Bugatti,TYPE 101 ANTEM,,https://commons.wikimedia.org/wiki/Special:FilePath/Bugatti%20Type%20101.jpg?width=1024,http://www.wikidata.org/entity/Q263618,type 101,0.756,family,wikidata,,
903,Bugatti,TYPE 13,,https://commons.wikimedia.org/wiki/Special:FilePath/Bugatti%20Typ%2013%20Brescia%20Sport-Racing%201922.jpg?width=1024,http://www.wikidata.org/entity/Q1002352,Type 13,1.0,exact,wikidata,,
904,Bugatti,TYPE 17,,https://commons.wikimedia.org/wiki/Special:FilePath/Bugatti%20Typ%2013%20Brescia%20Sport-Racing%201922.jpg?width=1024,http://www.wikidata.org/entity/Q1002352,Type 13,0.514,fuzzy,wikidata,,
905,Bugatti,TYPE 18,,https://commons.wikimedia.org/wiki/Special:FilePath/Bugatti%20Typ%2013%20Brescia%20Sport-Racing%201922.jpg?width=1024,http://www.wikidata.org/entity/Q1002352,Type 13,0.514,fuzzy,wikidata,,
907,Bugatti,TYPE 23,,https://commons.wikimedia.org/wiki/Special:FilePath/Bugatti%20Typ%2013%20Brescia%20Sport-Racing%201922.jpg?width=1024,http://www.wikidata.org/entity/Q1002352,Type 13,0.514,fuzzy,wikidata,,
908,Bugatti,TYPE 251,,https://commons.wikimedia.org/wiki/Special:FilePath/Bugatti%20Typ%2013%20Brescia%20Sport-Racing%201922.jpg?width=1024,http://www.wikidata.org/entity/Q1002352,Type 13,0.48,fuzzy,wikidata,,
909,Bugatti,TYPE 30,,https://commons.wikimedia.org/wiki/Special:FilePath/Bugatti%20Typ%2013%20Brescia%20Sport-Racing%201922.jpg?width=1024,http://www.wikidata.org/entity/Q1002352,Type 13,0.514,fuzzy,wikidata,,
910,Bugatti,TYPE 32,,https://commons.wikimedia.org/wiki/Special:FilePath/Bugatti%20Typ%2013%20Brescia%20Sport-Racing%201922.jpg?width=1024,http://www.wikidata.org/entity/Q1002352,Type 13,0.514,fuzzy,wikidata,,
911,Bugatti,TYPE 35,,https://commons.wikimedia.org/wiki/Special:FilePath/Bugatti%20Type%2035A%201926%20%28Volante%29%20jm21658.jpg?width=1024,http://www.wikidata.org/entity/Q1377378,Type 35,1.0,exact,wikidata,,
912,Bugatti,TYPE 37,,https://commons.wikimedia.org/wiki/Special:FilePath/Bugatti%20Typ%2013%20Brescia%20Sport-Racing%201922.jpg?width=1024,http://www.wikidata.org/entity/Q1002352,Type 13,0.514,fuzzy,wikidata,,
913,Bugatti,TYPE 41 ROYALE,,https://commons.wikimedia.org/wiki/Special:FilePath/1931%20Bugatti%2041%20Royale%20by%20G%20Wingrove.jpg?width=1024,http://www.wikidata.org/entity/Q1002399,Type 41,0.72,family,wikidata,,
914,Bugatti,TYPE 43,,https://commons.wikimedia.org/wiki/Special:FilePath/Bugatti%20Typ%2013%20Brescia%20Sport-Racing%201922.jpg?width=1024,http://www.wikidata.org/entity/Q1002352,Type 13,0.514,fuzzy,wikidata,,
915,Bugatti,TYPE 44,,https://commons.wikimedia.org/wiki/Special:FilePath/Bugatti%20Typ%2040%201929.jpg?width=1024,http://www.wikidata.org/entity/Q1002373,Type 40,0.514,fuzzy,wikidata,,
916,Bugatti,TYPE 46,,https://commons.wikimedia.org/wiki/Special:FilePath/Bugatti%20Typ%2040%201929.jpg?width=1024,http://www.wikidata.org/entity/Q1002373,Type 40,0.514,fuzzy,wikidata,,
917,Bugatti,TYPE 49,,https://commons.wikimedia.org/wiki/Special:FilePath/Bugatti%20Typ%2040%201929.jpg?width=1024,http://www.wikidata.org/entity/Q1002373,Type 40,0.514,fuzzy,wikidata,,
918,Bugatti,TYPE 50,,https://commons.wikimedia.org/wiki/Special:FilePath/R%C3%A9tromobile%202018%20-%20Bugatti%20Type%2050%20-%201931%20-%20004%20noBG.jpg?width=1024,http://www.wikidata.org/entity/Q328666,Type 50,1.0,exact,wikidata,,
919,Bugatti,TYPE 51,,https://commons.wikimedia.org/wiki/Special:FilePath/Bugatti%20Typ%2013%20Brescia%20Sport-Racing%201922.jpg?width=1024,http://www.wikidata.org/entity/Q1002352,Type 13,0.514,fuzzy,wikidata,,
920,Bugatti,TYPE 52,,https://commons.wikimedia.org/wiki/Special:FilePath/Bugatti%20Type%2035A%201926%20%28Volante%29%20jm21658.jpg?width=1024,http://www.wikidata.org/entity/Q1377378,Type 35,0.514,fuzzy,wikidata,,
921,Bugatti,TYPE 53,,https://commons.wikimedia.org/wiki/Special:FilePath/R%C3%A9tromobile%202015%20-%20Bugatti%20Type%2053%204Wheel%20Drive%20Race%20Car%20-%201931%20-%20001.jpg?width=1024,http://www.wikidata.org/entity/Q651021,Type 53,1.0,exact,wikidata,,
922,Bugatti,TYPE 54,,https://commons.wikimedia.org/wiki/Special:FilePath/Bugatti%20Type%2035A%201926%20%28Volante%29%20jm21658.jpg?width=1024,http://www.wikidata.org/entity/Q1377378,Type 35,0.514,fuzzy,wikidata,,
923,Bugatti,TYPE 55,,https://commons.wikimedia.org/wiki/Special:FilePath/Bugatti%20Type%2055.jpg?width=1024,http://www.wikidata.org/entity/Q328386,Type 55,1.0,exact,wikidata,,
924,Bugatti,TYPE 56,,https://commons.wikimedia.org/wiki/Special:FilePath/Bugatti%20Type%2035A%201926%20%28Volante%29%20jm21658.jpg?width=1024,http://www.wikidata.org/entity/Q1377378,Type 35,0.514,fuzzy,wikidata,,
925,Bugatti,TYPE 57,,https://commons.wikimedia.org/wiki/Special:FilePath/Paris%20-%20Retromobile%202012%20-%20Bugatti%20type%2057SC%20Atlantic%20-%201936%20-%20001.jpg?width=1024,http://www.wikidata.org/entity/Q1002464,Type 57,1.0,exact,wikidata,,
926,Bugatti,TYPE 57 ATLANTIC,,https://commons.wikimedia.org/wiki/Special:FilePath/Paris%20-%20Retromobile%202012%20-%20Bugatti%20type%2057SC%20Atlantic%20-%201936%20-%20001.jpg?width=1024,http://www.wikidata.org/entity/Q1002464,Type 57,0.685,family,wikidata,,
927,Bugatti,TYPE 57C,,https://commons.wikimedia.org/wiki/Special:FilePath/Paris%20-%20Retromobile%202012%20-%20Bugatti%20type%2057SC%20Atlantic%20-%201936%20-%20001.jpg?width=1024,http://www.wikidata.org/entity/Q1002464,Type 57,0.56,fuzzy,wikidata,,
928,Bugatti,TYPE 57S,,https://commons.wikimedia.org/wiki/Special:FilePath/Paris%20-%20Retromobile%202012%20-%20Bugatti%20type%2057SC%20Atlantic%20-%201936%20-%20001.jpg?width=1024,http://www.wikidata.org/entity/Q1002464,Type 57,0.56,fuzzy,wikidata,,
930,Bugatti,TYPE 59,,https://commons.wikimedia.org/wiki/Special:FilePath/Bugatti%20Type%2035A%201926%20%28Volante%29%20jm21658.jpg?width=1024,http://www.wikidata.org/entity/Q1377378,Type 35,0.514,fuzzy,wikidata,,
931,Bugatti,VEYRON,2005-2015,https://commons.wikimedia.org/wiki/Special:FilePath/Bugatti%20Veyron%2016.4%20%E2%80%93%20Frontansicht%20%283%29%2C%205.%20April%202012%2C%20D%C3%BCsseldorf.jpg?width=1024,http://www.wikidata.org/entity/Q172610,Veyron,1.0,exact,wikidata,,
932,Bugatti,VEYRON 16.4,2005,https://commons.wikimedia.org/wiki/Special:FilePath/Bugatti%20Veyron%2016.4%20%E2%80%93%20Frontansicht%20%283%29%2C%205.%20April%202012%2C%20D%C3%BCsseldorf.jpg?width=1024,http://www.wikidata.org/entity/Q172610,Veyron,0.744,family,wikidata,,
933,Bugatti,VEYRON 16.4 GRAND SPORT,,https://commons.wikimedia.org/wiki/Special:FilePath/Bugatti%20Veyron%2016.4%20%E2%80%93%20Frontansicht%20%283%29%2C%205.%20April%202012%2C%20D%C3%BCsseldorf.jpg?width=1024,http://www.wikidata.org/entity/Q172610,Veyron,0.6,family,wikidata,,
934,Bugatti,VEYRON 16.4 SUPER SPORT,,https://commons.wikimedia.org/wiki/Special:FilePath/Bugatti%20Veyron%2016.4%20%E2%80%93%20Frontansicht%20%283%29%2C%205.%20April%202012%2C%20D%C3%BCsseldorf.jpg?width=1024,http://www.wikidata.org/entity/Q172610,Veyron,0.6,family,wikidata,,
5229,Bugatti,VEYRON EB 16.4,2003-2009,https://commons.wikimedia.org/wiki/Special:FilePath/Bugatti%20Veyron%2016.4%20%E2%80%93%20Frontansicht%20%283%29%2C%205.%20April%202012%2C%20D%C3%BCsseldorf.jpg?width=1024,http://www.wikidata.org/entity/Q172610,Veyron,0.68,family,wikidata,,
5495,Bugatti,VEYRON GRAND SPORT EB 16.4,2008-2009,https://commons.wikimedia.org/wiki/Special:FilePath/Bugatti%20Veyron%2016.4%20%E2%80%93%20Frontansicht%20%283%29%2C%205.%20April%202012%2C%20D%C3%BCsseldorf.jpg?width=1024,http://www.wikidata.org/entity/Q172610,Veyron,0.6,family,wikidata,,
935,Bugatti,VEYRON GRAND SPORT VITESSE,,https://commons.wikimedia.org/wiki/Special:FilePath/Bugatti%20Veyron%2016.4%20%E2%80%93%20Frontansicht%20%283%29%2C%205.%20April%202012%2C%20D%C3%BCsseldorf.jpg?width=1024,http://www.wikidata.org/entity/Q172610,Veyron,0.6,family,wikidata,,
1503,Ferrari,125 S,,https://commons.wikimedia.org/wiki/Special:FilePath/Ferrari%20225%201.jpg?width=1024,http://www.wikidata.org/entity/Q1407622,225 S,0.48,fuzzy,wikidata,,
1505,Ferrari,166 INTER,,https://commons.wikimedia.org/wiki/Special:FilePath/Ferrari%20166%20MM%20front.jpg?width=1024,http://www.wikidata.org/entity/Q1407609,166,0.62,family,wikidata,,
1506,Ferrari,195 INTER,,https://commons.wikimedia.org/wiki/Special:FilePath/SC06%201951%20Ferrari%20195%20Inter.jpg?width=1024,http://www.wikidata.org/entity/Q1407615,195 Inter,1.0,exact,wikidata,,
1510,Ferrari,212 INTER,,https://commons.wikimedia.org/wiki/Special:FilePath/SC06%201951%20Ferrari%20195%20Inter.jpg?width=1024,http://www.wikidata.org/entity/Q1407615,195 Inter,0.467,fuzzy,wikidata,,
1511,Ferrari,250 EUROPA,,https://commons.wikimedia.org/wiki/Special:FilePath/1962%20Ferrari%20250%20GTO%20SP25.jpg?width=1024,http://www.wikidata.org/entity/Q277339,250 GTO,0.6,family,wikidata,,
1512,Ferrari,250 GT,,https://commons.wikimedia.org/wiki/Special:FilePath/1962%20Ferrari%20250%20GTO%20SP25.jpg?width=1024,http://www.wikidata.org/entity/Q277339,250 GTO,0.694,family,wikidata,,
1513,Ferrari,250 GT CALIFORNIA,,https://commons.wikimedia.org/wiki/Special:FilePath/1962%20Ferrari%20250%20GTO%20SP25.jpg?width=1024,http://www.wikidata.org/entity/Q277339,250 GTO,0.6,family,wikidata,,
1514,Ferrari,250 GTE,,https://commons.wikimedia.org/wiki/Special:FilePath/1962%20Ferrari%20250%20GTO%20SP25.jpg?width=1024,http://www.wikidata.org/entity/Q277339,250 GTO,0.654,family,wikidata,,
1515,Ferrari,250 GTO,,https://commons.wikimedia.org/wiki/Special:FilePath/1962%20Ferrari%20250%20GTO%20SP25.jpg?width=1024,http://www.wikidata.org/entity/Q277339,250 GTO,1.0,exact,wikidata,,
1516,Ferrari,275 GTB,,https://commons.wikimedia.org/wiki/Special:FilePath/R%C3%A9tromobile%202011%20-%20Ferrari%20275%20GTB%20-%20006.jpg?width=1024,http://www.wikidata.org/entity/Q1407637,275,0.68,family,wikidata,,
1517,Ferrari,288 GTO,,https://commons.wikimedia.org/wiki/Special:FilePath/FerrariGTO.jpg?width=1024,http://www.wikidata.org/entity/Q176152,288 GTO,1.0,exact,wikidata,,
1518,Ferrari,288 GTO/F40/F50/ENZO/LAFERRARI,1984-2015,https://commons.wikimedia.org/wiki/Special:FilePath/FerrariGTO.jpg?width=1024,http://www.wikidata.org/entity/Q176152,288 GTO,0.6,family,wikidata,,
1526,Ferrari,308 GTB,,https://commons.wikimedia.org/wiki/Special:FilePath/Ferrari%20308GTB%20Lightweight%20%281976%29%20-%2014453314104%20%28cropped%29.jpg?width=1024,http://www.wikidata.org/entity/Q1407659,308,0.68,family,wikidata,,
1528,Ferrari,308 GTS,,https://commons.wikimedia.org/wiki/Special:FilePath/Ferrari%20308GTB%20Lightweight%20%281976%29%20-%2014453314104%20%28cropped%29.jpg?width=1024,http://www.wikidata.org/entity/Q1407659,308,0.68,family,wikidata,,
1552,Ferrari,365 GTB/4 DAYTONA,,https://commons.wikimedia.org/wiki/Special:FilePath/Ferrari%20365%20GT4.jpg?width=1024,http://www.wikidata.org/entity/Q1407683,365 GT4 2+2,0.6,family,wikidata,,
1553,Ferrari,365 GTC,,https://commons.wikimedia.org/wiki/Special:FilePath/Ferrari%20365%20GT4.jpg?width=1024,http://www.wikidata.org/entity/Q1407683,365 GT4 2+2,0.6,family,wikidata,,
1554,Ferrari,365 GTS,,https://commons.wikimedia.org/wiki/Special:FilePath/Ferrari%20365%20GT4.jpg?width=1024,http://www.wikidata.org/entity/Q1407683,365 GT4 2+2,0.6,family,wikidata,,
1557,Ferrari,430,2007-2009,https://commons.wikimedia.org/wiki/Special:FilePath/Ferrari%20F430%202.jpg?width=1024,http://www.wikidata.org/entity/Q239793,F430,0.514,fuzzy,wikidata,,
1562,Ferrari,458,2011-2015,https://commons.wikimedia.org/wiki/Special:FilePath/2011%20Ferrari%20458%20Italia%206.jpg?width=1024,http://www.wikidata.org/entity/Q276396,458 (2009 - ),0.96,exact,wikidata,,
1563,Ferrari,458 ITALIA,2010-2014,https://commons.wikimedia.org/wiki/Special:FilePath/2011%20Ferrari%20458%20Italia%206.jpg?width=1024,http://www.wikidata.org/entity/Q276396,458 (2009 - ),0.58,family,wikidata,,
1564,Ferrari,458 SPECIALE,2013-2015,https://commons.wikimedia.org/wiki/Special:FilePath/2011%20Ferrari%20458%20Italia%206.jpg?width=1024,http://www.wikidata.org/entity/Q276396,458 (2009 - ),0.52,family,wikidata,,
1565,Ferrari,458 SPECIALE A,2014-2015,https://commons.wikimedia.org/wiki/Special:FilePath/2011%20Ferrari%20458%20Italia%206.jpg?width=1024,http://www.wikidata.org/entity/Q276396,458 (2009 - ),0.5,family,wikidata,,
1566,Ferrari,458 SPIDER,,https://commons.wikimedia.org/wiki/Special:FilePath/2011%20Ferrari%20458%20Italia%206.jpg?width=1024,http://www.wikidata.org/entity/Q276396,458 (2009 - ),0.629,family,wikidata,,
1574,Ferrari,550 BARCHETTA,2001-2001,https://commons.wikimedia.org/wiki/Special:FilePath/Ferrari%20550%20Maranello%20-%20Flick%20-%20Concorso%20Italiano%202005.jpg?width=1024,http://www.wikidata.org/entity/Q1324461,550,0.6,family,wikidata,,
1575,Ferrari,550 BARCHETTA/575M SUPERAMERICA,2000-2006,https://commons.wikimedia.org/wiki/Special:FilePath/Ferrari%20550%20Maranello%20-%20Flick%20-%20Concorso%20Italiano%202005.jpg?width=1024,http://www.wikidata.org/entity/Q1324461,550,0.6,family,wikidata,,
1576,Ferrari,550 MARANELLO,,https://commons.wikimedia.org/wiki/Special:FilePath/Ferrari%20550%20Maranello%20-%20Flick%20-%20Concorso%20Italiano%202005.jpg?width=1024,http://www.wikidata.org/entity/Q1324461,550,0.6,family,wikidata,,
1577,Ferrari,550/575M MARANELLO,1996-2006,https://commons.wikimedia.org/wiki/Special:FilePath/Ferrari%20575M%20Maranello.jpg?width=1024,http://www.wikidata.org/entity/Q1249123,575M Maranello,0.705,family,wikidata,,
1578,Ferrari,575 MARANELLO,2001-2006,https://commons.wikimedia.org/wiki/Special:FilePath/Ferrari%20575M%20Maranello.jpg?width=1024,http://www.wikidata.org/entity/Q1249123,575M Maranello,0.578,fuzzy,wikidata,,
1579,Ferrari,575M MARANELLO,,https://commons.wikimedia.org/wiki/Special:FilePath/Ferrari%20575M%20Maranello.jpg?width=1024,http://www.wikidata.org/entity/Q1249123,575M Maranello,1.0,exact,wikidata,,
1580,Ferrari,599,2006-2012,https://commons.wikimedia.org/wiki/Special:FilePath/Ferrari599%20A6%201.JPG?width=1024,http://www.wikidata.org/entity/Q385268,599 GTB Fiorano,0.6,family,wikidata,,
1581,Ferrari,599 FIORANO,2006-2009,https://commons.wikimedia.org/wiki/Special:FilePath/Ferrari599%20A6%201.JPG?width=1024,http://www.wikidata.org/entity/Q385268,599 GTB Fiorano,0.828,family,wikidata,,
1582,Ferrari,599 GTB FIORANO,,https://commons.wikimedia.org/wiki/Special:FilePath/Ferrari599%20A6%201.JPG?width=1024,http://www.wikidata.org/entity/Q385268,599 GTB Fiorano,1.0,exact,wikidata,,
5553,Ferrari,599 GTB/GTO,2005-2009,https://commons.wikimedia.org/wiki/Special:FilePath/Ferrari599%20A6%201.JPG?width=1024,http://www.wikidata.org/entity/Q385268,599 GTB Fiorano,0.6,family,wikidata,,
1583,Ferrari,599 GTO,2010,https://commons.wikimedia.org/wiki/Special:FilePath/Ferrari599%20A6%201.JPG?width=1024,http://www.wikidata.org/entity/Q385268,599 GTB Fiorano,0.6,family,wikidata,,
6485,Ferrari,599 SA,2009,https://commons.wikimedia.org/wiki/Special:FilePath/Ferrari599%20A6%201.JPG?width=1024,http://www.wikidata.org/entity/Q385268,599 GTB Fiorano,0.6,family,wikidata,,
1584,Ferrari,612 SCAGLIETTI,2004-2006,https://commons.wikimedia.org/wiki/Special:FilePath/Blue%20silver%20Scaglietti.jpg?width=1024,http://www.wikidata.org/entity/Q951004,612 Scaglietti,1.0,exact,wikidata,,
1593,Ferrari,DAYTONA,2021-2026,https://commons.wikimedia.org/wiki/Special:FilePath/1971%20Ferrari%20GTB4%20Daytona.jpg?width=1024,http://www.wikidata.org/entity/Q2035537,Daytona (1968 - ),0.75,exact,wikidata,,
1594,Ferrari,DAYTONA SP3,2023-2025,https://commons.wikimedia.org/wiki/Special:FilePath/1971%20Ferrari%20GTB4%20Daytona.jpg?width=1024,http://www.wikidata.org/entity/Q2035537,Daytona (1968 - ),0.537,family,wikidata,,
1596,Ferrari,DINO 206 GT,,https://commons.wikimedia.org/wiki/Special:FilePath/Ferrari%20Dino%20F2%20-%20Derek%20Bell%201969-04-26.jpg?width=1024,http://www.wikidata.org/entity/Q1407744,Dino 166 F2,0.6,family,wikidata,,
1597,Ferrari,DINO 246 GT,,https://commons.wikimedia.org/wiki/Special:FilePath/Ferrari%20Dino%20F2%20-%20Derek%20Bell%201969-04-26.jpg?width=1024,http://www.wikidata.org/entity/Q1407744,Dino 166 F2,0.6,family,wikidata,,
1606,Ferrari,F40,,https://commons.wikimedia.org/wiki/Special:FilePath/Ferrari%20F40%207.jpg?width=1024,http://www.wikidata.org/entity/Q463627,F40,1.0,exact,wikidata,,
1607,Ferrari,F430,2004-2009,https://commons.wikimedia.org/wiki/Special:FilePath/Ferrari%20F430%202.jpg?width=1024,http://www.wikidata.org/entity/Q239793,F430,1.0,exact,wikidata,,
5490,Ferrari,F430 SPIDER,2004-2007,https://commons.wikimedia.org/wiki/Special:FilePath/Ferrari%20F430%202.jpg?width=1024,http://www.wikidata.org/entity/Q239793,F430,0.92,code,wikidata,,
1614,Ferrari,FF,2011,https://commons.wikimedia.org/wiki/Special:FilePath/2013%20Ferrari%20FF%2C%20Blu%20TdF%2C%20front%20left.jpg?width=1024,http://www.wikidata.org/entity/Q943299,FF,1.0,exact,wikidata,,
1624,Ferrari,MONZA,2018-2022,https://commons.wikimedia.org/wiki/Special:FilePath/Ferrari%20Monza%20750%20Bj.%201955%20-%20KF%20Bl%C3%B6chle%20am%201981-08-15.jpg?width=1024,http://www.wikidata.org/entity/Q1126922,Monza,1.0,exact,wikidata,,
1625,Ferrari,MONZA SP1,,https://commons.wikimedia.org/wiki/Special:FilePath/Ferrari%20Monza%20750%20Bj.%201955%20-%20KF%20Bl%C3%B6chle%20am%201981-08-15.jpg?width=1024,http://www.wikidata.org/entity/Q1126922,Monza,0.749,family,wikidata,,
1626,Ferrari,MONZA SP1/SP2,2023-2023,https://commons.wikimedia.org/wiki/Special:FilePath/Ferrari%20Monza%20750%20Bj.%201955%20-%20KF%20Bl%C3%B6chle%20am%201981-08-15.jpg?width=1024,http://www.wikidata.org/entity/Q1126922,Monza,0.653,family,wikidata,,
1627,Ferrari,MONZA SP2,,https://commons.wikimedia.org/wiki/Special:FilePath/Ferrari%20Monza%20750%20Bj.%201955%20-%20KF%20Bl%C3%B6chle%20am%201981-08-15.jpg?width=1024,http://www.wikidata.org/entity/Q1126922,Monza,0.749,family,wikidata,,
1628,Ferrari,P4/5 BY PININFARINA,2006,https://commons.wikimedia.org/wiki/Special:FilePath/Ferrari%20P45%20front%20right.jpg?width=1024,http://www.wikidata.org/entity/Q1000739,P4/5 by Pininfarina (2005 - ),0.98,exact,wikidata,,
2368,Jaguar,C-X16,2011,https://commons.wikimedia.org/wiki/Special:FilePath/Jaguar%20C-Type.JPG?width=1024,http://www.wikidata.org/entity/Q1484575,C-Type,0.6,family,wikidata,,
2369,Jaguar,E-PACE,2017-2024,https://commons.wikimedia.org/wiki/Special:FilePath/Ol%20car06a.JPG?width=1024,http://www.wikidata.org/entity/Q249303,E-Type (1961 - ),0.47,family,wikidata,,
2372,Jaguar,F-TYPE,2013-2014,https://commons.wikimedia.org/wiki/Special:FilePath/Jaguar%20C-Type.JPG?width=1024,http://www.wikidata.org/entity/Q1484575,C-Type,0.5,fuzzy,wikidata,,
2375,Jaguar,S-TYPE,2001-2007,https://commons.wikimedia.org/wiki/Special:FilePath/1966-Jaguar-S-type.jpg?width=1024,http://www.wikidata.org/entity/Q1291757,S-Type,1.0,exact,wikidata,,
5325,Jaguar,S-TYPE (CCX),2001-2003,https://commons.wikimedia.org/wiki/Special:FilePath/1966-Jaguar-S-type.jpg?width=1024,http://www.wikidata.org/entity/Q1291757,S-Type,0.77,family,wikidata,,
2376,Jaguar,S-TYPE R,2002-2007,https://commons.wikimedia.org/wiki/Special:FilePath/1966-Jaguar-S-type.jpg?width=1024,http://www.wikidata.org/entity/Q1291757,S-Type,0.834,family,wikidata,,
2378,Jaguar,X-TYPE,2001-2007,https://commons.wikimedia.org/wiki/Special:FilePath/Jaguar%20X-Type.jpg?width=1024,http://www.wikidata.org/entity/Q475753,X-Type,1.0,exact,wikidata,,
4797,Jaguar,X-TYPE (CF1),2001-2006,https://commons.wikimedia.org/wiki/Special:FilePath/Jaguar%20X-Type.jpg?width=1024,http://www.wikidata.org/entity/Q475753,X-Type,0.77,family,wikidata,,
4798,Jaguar,X-TYPE ESTATE,2003-2006,https://commons.wikimedia.org/wiki/Special:FilePath/Jaguar%20X-Type.jpg?width=1024,http://www.wikidata.org/entity/Q475753,X-Type,0.92,family,wikidata,,
2384,Jaguar,XJ,2003-2015,https://commons.wikimedia.org/wiki/Special:FilePath/Jaguar%20XJ6.jpg?width=1024,http://www.wikidata.org/entity/Q1299383,XJ (X300),0.6,family,wikidata,,
5370,Jaguar,"XJ (X350, X358)",2003-2004,https://commons.wikimedia.org/wiki/Special:FilePath/Jaguar%20XJ6.jpg?width=1024,http://www.wikidata.org/entity/Q1299383,XJ (X300),0.6,family,wikidata,,
4332,Jaguar,"XJ (X35_, _J12_, _J24_)",2008-2012,https://commons.wikimedia.org/wiki/Special:FilePath/Jaguar%20XJ6.jpg?width=1024,http://www.wikidata.org/entity/Q1299383,XJ (X300),0.6,family,wikidata,,
2391,Jaguar,XK,2002-2013,https://commons.wikimedia.org/wiki/Special:FilePath/Jaguar%20X150%20front%2020080223.jpg?width=1024,http://www.wikidata.org/entity/Q1474162,XK,1.0,exact,wikidata,,
5350,Jaguar,XK 8 CONVERTIBLE (QDV),2002,https://commons.wikimedia.org/wiki/Special:FilePath/Jaguar%20X150%20front%2020080223.jpg?width=1024,http://www.wikidata.org/entity/Q1474162,XK,0.6,family,wikidata,,
5349,Jaguar,XK 8 COUPE (QEV),2002,https://commons.wikimedia.org/wiki/Special:FilePath/Jaguar%20X150%20front%2020080223.jpg?width=1024,http://www.wikidata.org/entity/Q1474162,XK,0.6,family,wikidata,,
4827,Jaguar,XK CONVERTIBLE (_J43_),2005-2010,https://commons.wikimedia.org/wiki/Special:FilePath/Jaguar%20X150%20front%2020080223.jpg?width=1024,http://www.wikidata.org/entity/Q1474162,XK,0.62,family,wikidata,,
4624,Jaguar,XK COUPE (_J43_),2005-2010,https://commons.wikimedia.org/wiki/Special:FilePath/Jaguar%20X150%20front%2020080223.jpg?width=1024,http://www.wikidata.org/entity/Q1474162,XK,0.62,family,wikidata,,
2392,Jaguar,XK8,1997-2004,https://commons.wikimedia.org/wiki/Special:FilePath/Jaguar%20X150%20front%2020080223.jpg?width=1024,http://www.wikidata.org/entity/Q1474162,XK,0.48,fuzzy,wikidata,,
2393,Jaguar,XKR,1998-2014,https://commons.wikimedia.org/wiki/Special:FilePath/Jaguar%20X150%20front%2020080223.jpg?width=1024,http://www.wikidata.org/entity/Q1474162,XK,0.48,fuzzy,wikidata,,
2569,Land Rover,FREELANDER,2006-2011,https://commons.wikimedia.org/wiki/Special:FilePath/Land%20Rover%20Freelander%20L359%20China%202012-05-12.jpg?width=1024,http://www.wikidata.org/entity/Q1130052,Freelander,1.0,exact,wikidata,,
5106,Land Rover,FREELANDER (LN),2000-2001,https://commons.wikimedia.org/wiki/Special:FilePath/Land%20Rover%20Freelander%20L359%20China%202012-05-12.jpg?width=1024,http://www.wikidata.org/entity/Q1130052,Freelander,0.842,family,wikidata,,
4367,Land Rover,FREELANDER 2 (FA_),2005-2010,https://commons.wikimedia.org/wiki/Special:FilePath/Land%20Rover%20Freelander%20L359%20China%202012-05-12.jpg?width=1024,http://www.wikidata.org/entity/Q1130052,Freelander,0.8,family,wikidata,,
6143,Lotus,2 ELEVEN,2006-2015,https://commons.wikimedia.org/wiki/Special:FilePath/Lotus%202-Eleven%20Zolder.jpg?width=1024,http://www.wikidata.org/entity/Q644770,2-Eleven,1.0,exact,wikidata,,
2620,Lotus,2-ELEVEN,2008-2012,https://commons.wikimedia.org/wiki/Special:FilePath/Lotus%202-Eleven%20Zolder.jpg?width=1024,http://www.wikidata.org/entity/Q644770,2-Eleven,1.0,exact,wikidata,,
2621,Lotus,3 ELEVEN,2018-2018,https://commons.wikimedia.org/wiki/Special:FilePath/Lotus%20XI%20LeMans.JPG?width=1024,http://www.wikidata.org/entity/Q507192,Eleven,0.694,family,wikidata,,
2628,Lotus,ELEVEN,,https://commons.wikimedia.org/wiki/Special:FilePath/Lotus%20XI%20LeMans.JPG?width=1024,http://www.wikidata.org/entity/Q507192,Eleven,1.0,exact,wikidata,,
2629,Lotus,ELISE,1999-2011,https://commons.wikimedia.org/wiki/Special:FilePath/Lotus%20Elise%20Sport%20220%2C%20Paris%20Motor%20Show%202018%2C%20IMG%200277.jpg?width=1024,http://www.wikidata.org/entity/Q1131622,Elise,1.0,exact,wikidata,,
5005,Lotus,ELISE 340 R,2000,https://commons.wikimedia.org/wiki/Special:FilePath/Lotus%20Elise%20Sport%20220%2C%20Paris%20Motor%20Show%202018%2C%20IMG%200277.jpg?width=1024,http://www.wikidata.org/entity/Q1131622,Elise,0.695,family,wikidata,,
2633,Lotus,ESPRIT,1976-2004,https://commons.wikimedia.org/wiki/Special:FilePath/Schaffen%20Lotus%20Esprit%2001.JPG?width=1024,http://www.wikidata.org/entity/Q1420047,Esprit,1.0,exact,wikidata,,
2642,Lotus,SEVEN,,https://commons.wikimedia.org/wiki/Special:FilePath/1965LotusSevenSeriesII.jpg?width=1024,http://www.wikidata.org/entity/Q1424429,Seven,1.0,exact,wikidata,,
2644,Lotus,TURBO ESPRIT,1981-2000,https://commons.wikimedia.org/wiki/Special:FilePath/Schaffen%20Lotus%20Esprit%2001.JPG?width=1024,http://www.wikidata.org/entity/Q1420047,Esprit,0.58,family,wikidata,,
2704,Maserati,3200 GT,,https://commons.wikimedia.org/wiki/Special:FilePath/Maserati%203200%20GT%20-%20Flickr%20-%20Alexandre%20Pr%C3%A9vot%20%283%29.jpg?width=1024,http://www.wikidata.org/entity/Q1322630,3200 GT,1.0,exact,wikidata,,
2705,Maserati,3200 GTA,,https://commons.wikimedia.org/wiki/Special:FilePath/Maserati%203200%20GT%20-%20Flickr%20-%20Alexandre%20Pr%C3%A9vot%20%283%29.jpg?width=1024,http://www.wikidata.org/entity/Q1322630,3200 GT,0.65,family,wikidata,,
2709,Maserati,COUPE,1998-2004,https://commons.wikimedia.org/wiki/Special:FilePath/Maserati%20Coup%C3%A9%201X7A2558.jpg?width=1024,http://www.wikidata.org/entity/Q1322659,Coupé,1.0,exact,wikidata,,
2710,Maserati,COUPE (4200 GT),2002,https://commons.wikimedia.org/wiki/Special:FilePath/Maserati%203200%20GT%20-%20Flickr%20-%20Alexandre%20Pr%C3%A9vot%20%283%29.jpg?width=1024,http://www.wikidata.org/entity/Q1322630,3200 GT,0.514,fuzzy,wikidata,,
2711,Maserati,COUPé,,https://commons.wikimedia.org/wiki/Special:FilePath/Maserati%20Coup%C3%A9%201X7A2558.jpg?width=1024,http://www.wikidata.org/entity/Q1322659,Coupé,1.0,exact,wikidata,,
5942,Maserati,GRAN TURISMO,2007-2012,https://commons.wikimedia.org/wiki/Special:FilePath/2024%20Maserati%20GranTurismo%20Trofeo%20in%20Grigio%20Cangiante%2C%20front%20right.jpg?width=1024,http://www.wikidata.org/entity/Q123038,GranTurismo,0.574,fuzzy,wikidata,,
2718,Maserati,GRANSPORT,2004-2006,https://commons.wikimedia.org/wiki/Special:FilePath/Maserati%204200%20Coupe%20GranSport%20-%20Flickr%20-%20The%20Car%20Spy%20%2820%29.jpg?width=1024,http://www.wikidata.org/entity/Q646355,GranSport,1.0,exact,wikidata,,
5651,Maserati,GRANSPORT CONVERTIBLE,2003,https://commons.wikimedia.org/wiki/Special:FilePath/Maserati%204200%20Coupe%20GranSport%20-%20Flickr%20-%20The%20Car%20Spy%20%2820%29.jpg?width=1024,http://www.wikidata.org/entity/Q646355,GranSport,0.92,family,wikidata,,
5650,Maserati,GRANSPORT COUPE,2003,https://commons.wikimedia.org/wiki/Special:FilePath/Maserati%204200%20Coupe%20GranSport%20-%20Flickr%20-%20The%20Car%20Spy%20%2820%29.jpg?width=1024,http://www.wikidata.org/entity/Q646355,GranSport,0.92,family,wikidata,,
2719,Maserati,GRANSPORT SPYDER,,https://commons.wikimedia.org/wiki/Special:FilePath/Maserati%204200%20Coupe%20GranSport%20-%20Flickr%20-%20The%20Car%20Spy%20%2820%29.jpg?width=1024,http://www.wikidata.org/entity/Q646355,GranSport,0.752,family,wikidata,,
2720,Maserati,GRANTURISMO,2007-2012,https://commons.wikimedia.org/wiki/Special:FilePath/2024%20Maserati%20GranTurismo%20Trofeo%20in%20Grigio%20Cangiante%2C%20front%20right.jpg?width=1024,http://www.wikidata.org/entity/Q123038,GranTurismo,1.0,exact,wikidata,,
2721,Maserati,GRANTURISMO II,,https://commons.wikimedia.org/wiki/Special:FilePath/2024%20Maserati%20GranTurismo%20Trofeo%20in%20Grigio%20Cangiante%2C%20front%20right.jpg?width=1024,http://www.wikidata.org/entity/Q123038,GranTurismo,0.848,family,wikidata,,
2722,Maserati,GRANTURISMO S,,https://commons.wikimedia.org/wiki/Special:FilePath/2024%20Maserati%20GranTurismo%20Trofeo%20in%20Grigio%20Cangiante%2C%20front%20right.jpg?width=1024,http://www.wikidata.org/entity/Q123038,GranTurismo,0.87,family,wikidata,,
2727,Maserati,LEVANTE,2016-2026,https://commons.wikimedia.org/wiki/Special:FilePath/2020%20Maserati%20Levante%20V6%20GranSport%20S%20Q4%203.0%20Front.jpg?width=1024,http://www.wikidata.org/entity/Q80862,Levante,1.0,exact,wikidata,,
2728,Maserati,LEVANTE HYBRID,,https://commons.wikimedia.org/wiki/Special:FilePath/2020%20Maserati%20Levante%20V6%20GranSport%20S%20Q4%203.0%20Front.jpg?width=1024,http://www.wikidata.org/entity/Q80862,Levante,0.72,family,wikidata,,
2729,Maserati,MC 12,2004-2005,https://commons.wikimedia.org/wiki/Special:FilePath/Maserati.MC12.JPG?width=1024,http://www.wikidata.org/entity/Q389575,MC12,0.533,fuzzy,wikidata,,
2730,Maserati,MC12,,https://commons.wikimedia.org/wiki/Special:FilePath/Maserati.MC12.JPG?width=1024,http://www.wikidata.org/entity/Q389575,MC12,1.0,exact,wikidata,,
